sample,timestamp_s,lintasan,run_ke,gps_x,gps_y,ekf_x,ekf_y,ekf_vx,ekf_vy,ekf_yaw_deg,ekf_yaw_rate,imu_yaw_deg,imu_yaw_rate_rads,gt_x,gt_y,gt_yaw_deg,error_ekf_m,error_gps_m,error_ekf_x,error_ekf_y,error_gps_x,error_gps_y
1,0.000,B,1,-0.169592,-25.483912,-0.138946,-25.945469,0.133924,0.184154,-0.8985,-0.002016,-0.9096,0.004308,-0.766904,-25.339292,-0.9085,0.872801,0.614571,0.627958,-0.606177,0.597313,-0.144620
2,0.089,B,1,-0.396017,-26.189896,-0.125788,-25.927946,0.121062,0.166459,-0.8793,0.000776,-0.8747,-0.003386,-0.766059,-25.333916,-0.8805,0.873395,0.932541,0.640272,-0.594029,0.370043,-0.855980
3,0.218,B,1,-0.310572,-25.987395,-0.189380,-25.985275,0.063772,0.104877,-0.8660,0.001243,-0.8514,0.001398,-0.764326,-25.328551,-0.8529,0.872840,0.799980,0.574946,-0.656725,0.453754,-0.658844
4,0.343,B,1,-0.633061,-27.399900,-0.214903,-25.975849,0.040659,0.094250,-0.8823,-0.001041,-0.8654,-0.005640,-0.763585,-25.330229,-0.8605,0.847277,2.073782,0.548683,-0.645620,0.130525,-2.069671
5,0.485,B,1,-0.139655,-27.313031,-0.314286,-26.318135,-0.009549,-0.082601,-0.9078,-0.003013,-0.9122,-0.011404,-0.765048,-25.339159,-0.9036,1.077766,2.070576,0.450762,-0.978976,0.625393,-1.973872
6,0.609,B,1,-0.041176,-26.513318,-0.274465,-26.558150,0.010408,-0.174006,-0.9484,-0.004898,-0.9624,-0.001492,-0.769923,-25.351532,-0.9640,1.304379,1.371430,0.495459,-1.206618,0.728747,-1.161786
7,0.733,B,1,-0.283600,-27.006497,-0.221131,-26.567015,0.028721,-0.149730,-0.9795,-0.004230,-0.9829,0.000373,-0.775190,-25.355374,-0.9828,1.332312,1.722749,0.554059,-1.211640,0.491590,-1.651122
8,0.866,B,1,0.583968,-25.702174,-0.232031,-26.677071,0.021935,-0.167230,-0.9727,-0.001658,-0.9635,0.001272,-0.779369,-25.351513,-0.9621,1.434114,1.407712,0.547338,-1.325558,1.363337,-0.350661
9,1.005,B,1,-0.669647,-25.552291,-0.059646,-26.488674,0.071447,-0.087468,-0.9344,0.002070,-0.9253,0.007770,-0.780808,-25.345791,-0.9312,1.351391,0.234518,0.721162,-1.142883,0.111161,-0.206500
10,1.136,B,1,-0.098834,-25.380520,-0.176632,-26.307274,0.028674,-0.025822,-0.9071,0.003177,-0.9037,-0.002573,-0.779776,-25.341071,-0.9048,1.139004,0.682083,0.603144,-0.966203,0.680942,-0.039449
11,1.256,B,1,-0.271468,-24.565926,-0.158518,-26.126349,0.029224,0.025364,-0.9045,0.001951,-0.9187,-0.008517,-0.776181,-25.343332,-0.9140,0.997308,0.926874,0.617662,-0.783017,0.504713,0.777407
12,1.381,B,1,0.569440,-26.825599,-0.178009,-25.823284,0.020112,0.100751,-0.9349,-0.001196,-0.9575,-0.006982,-0.771330,-25.351367,-0.9510,0.758113,1.992743,0.593321,-0.471917,1.340769,-1.474233
13,1.508,B,1,0.801025,-26.110108,-0.033042,-26.003376,0.052654,0.043943,-0.9762,-0.003305,-0.9876,-0.000401,-0.766694,-25.359180,-0.9846,0.976337,1.738285,0.733652,-0.644196,1.567719,-0.750928
14,1.628,B,1,0.064787,-25.726078,0.128976,-26.019314,0.083839,0.035679,-0.9743,-0.001586,-0.9846,0.001451,-0.763575,-25.360969,-0.9876,1.109083,0.905256,0.892551,-0.658345,0.828362,-0.365109
15,1.751,B,1,0.067542,-26.321329,0.125149,-25.961485,0.072915,0.044408,-0.9416,0.001525,-0.9610,-0.019627,-0.762603,-25.355439,-0.9563,1.074892,1.273610,0.887751,-0.606045,0.830145,-0.965889
16,1.871,B,1,-0.182352,-25.839377,0.121644,-26.023715,0.063819,0.025611,-1.4078,-0.035631,-1.5134,-0.077908,-0.763553,-25.342004,-1.4297,1.117275,0.764967,0.885197,-0.681711,0.581201,-0.497373
17,1.997,B,1,-0.082503,-25.509467,0.072241,-25.987677,0.045635,0.030179,-1.4942,-0.023027,-1.4950,0.085804,-0.760867,-25.335051,-1.5597,1.058296,0.700428,0.833108,-0.652626,0.678364,-0.174416
18,2.130,B,1,-0.117988,-26.028280,0.048566,-25.897930,0.034941,0.045557,-1.4395,-0.012508,-1.4834,-0.104927,-0.752548,-25.336181,-1.4031,0.978440,0.938971,0.801114,-0.561749,0.634559,-0.692099
19,2.253,B,1,-0.343988,-25.002087,0.021948,-25.917271,0.025371,0.036111,-2.1080,-0.056284,-2.1833,-0.058727,-0.745575,-25.334833,-2.1191,0.963496,0.521529,0.767523,-0.582438,0.401587,0.332746
20,2.376,B,1,-0.252815,-26.944113,-0.041416,-25.748877,0.008444,0.066572,-2.2280,-0.040491,-2.2780,-0.064193,-0.730964,-25.336184,-2.2292,0.803612,1.677517,0.689548,-0.412693,0.478150,-1.607929
21,2.500,B,1,-0.904214,-26.690113,-0.078374,-25.957357,0.000977,0.015645,-2.9268,-0.076058,-3.0128,-0.096573,-0.717959,-25.326043,-2.9150,0.898680,1.376727,0.639585,-0.631314,-0.186255,-1.364069
22,2.617,B,1,1.101557,-25.702080,-0.226369,-26.087199,-0.028682,-0.013789,-3.3161,-0.072791,-3.4075,-0.133128,-0.701549,-25.311408,-3.2974,0.909752,1.844944,0.475181,-0.775791,1.803107,-0.390672
23,2.733,B,1,-0.664413,-25.949482,0.008556,-26.019540,0.022189,0.003433,-3.9700,-0.088964,-4.0611,-0.113525,-0.686752,-25.291997,-3.9572,1.006365,0.657864,0.695308,-0.727542,0.022339,-0.657485
24,2.855,B,1,-0.601120,-26.186131,-0.109587,-26.006765,-0.004607,0.004588,-4.6893,-0.104447,-4.7991,-0.138668,-0.672462,-25.275747,-4.6763,0.922614,0.913174,0.562875,-0.731018,0.071341,-0.910383
25,2.975,B,1,-0.327340,-26.336994,-0.197792,-26.038260,-0.021703,-0.003294,-5.0738,-0.085609,-5.1216,-0.051220,-0.654928,-25.267224,-5.0896,0.896364,1.118804,0.457136,-0.771035,0.327588,-1.069770
26,3.093,B,1,0.128254,-26.494605,-0.223060,-26.091664,-0.023665,-0.014090,-5.7926,-0.105385,-5.9123,-0.223993,-0.630888,-25.261619,-5.7204,0.924823,1.447947,0.407828,-0.830045,0.759142,-1.232986
27,3.223,B,1,-0.528542,-25.512159,-0.162896,-26.164659,-0.007686,-0.026445,-6.8668,-0.137424,-6.9717,-0.108981,-0.596097,-25.252672,-6.8717,1.009645,0.268137,0.433201,-0.911987,0.067555,-0.259488
28,3.359,B,1,-0.072328,-25.101101,-0.228991,-26.050747,-0.022017,-0.001388,-7.2163,-0.104257,-7.2729,-0.096498,-0.555589,-25.244285,-7.1913,0.870085,0.504027,0.326598,-0.806462,0.483262,0.143183
29,3.489,B,1,0.048209,-24.271861,-0.203037,-25.881421,-0.017336,0.033484,-8.1053,-0.126905,-8.1938,-0.134942,-0.506741,-25.225453,-8.0604,0.722863,1.103316,0.303704,-0.655968,0.554950,0.953592
30,3.775,B,1,0.966083,-25.466824,-0.159225,-25.591358,-0.012475,0.089112,-8.5225,-0.102100,-8.4059,-0.062507,-0.465073,-25.213192,-8.4549,0.486367,1.453457,0.305848,-0.378166,1.431156,-0.253632
31,3.777,B,1,0.431335,-26.584261,0.037763,-25.567795,0.031084,0.097100,-8.6444,-0.102469,-8.4485,-0.029901,-0.443600,-25.208393,-8.6009,0.600732,1.630498,0.481362,-0.359401,0.874935,-1.375868
32,3.851,B,1,0.206251,-26.011671,0.114733,-25.734979,0.044435,0.045947,-9.8197,-0.107443,-9.8860,-0.126456,-0.337370,-25.196802,-9.7707,0.702874,0.979559,0.452103,-0.538177,0.543621,-0.814869
33,3.980,B,1,0.351710,-25.506332,0.135959,-25.780648,0.044774,0.032058,-10.4148,-0.105615,-10.4657,-0.101659,-0.271741,-25.198454,-10.3729,0.710753,0.695327,0.407700,-0.582195,0.623451,-0.307879
34,4.097,B,1,-0.187237,-26.045515,0.179212,-25.729606,0.046767,0.039910,-10.9643,-0.101168,-11.0226,-0.093624,-0.198405,-25.199055,-10.9366,0.651214,0.846534,0.377618,-0.530551,0.011169,-0.846460
35,4.220,B,1,0.264524,-25.854825,0.119084,-25.782888,0.030947,0.022758,-11.4977,-0.097216,-11.5327,-0.078634,-0.115859,-25.195184,-11.4540,0.632926,0.761458,0.234943,-0.587704,0.380383,-0.659641
36,4.352,B,1,0.415708,-25.570647,0.148315,-25.794170,0.033584,0.018870,-11.9758,-0.091181,-12.0072,-0.078711,-0.024538,-25.188371,-11.9326,0.629977,0.583054,0.172853,-0.605799,0.440246,-0.382277
37,4.502,B,1,1.368363,-26.100076,0.199476,-25.753328,0.038471,0.026693,-12.4531,-0.087599,-12.4710,-0.085282,0.073455,-25.183885,-12.3965,0.583221,1.586251,0.126021,-0.569443,1.294909,-0.916191
38,4.692,B,1,0.288969,-26.373443,0.411649,-25.813512,0.078614,0.019549,-12.9300,-0.085664,-12.9427,-0.080872,0.196480,-25.187864,-12.9618,0.661614,1.189181,0.215170,-0.625647,0.092489,-1.185579
39,4.849,B,1,0.646205,-25.821203,0.397520,-25.913042,0.070601,-0.003046,-13.4171,-0.085453,-13.4211,-0.088056,0.302101,-25.198752,-13.4401,0.720635,0.711234,0.095419,-0.714290,0.344105,-0.622451
40,4.981,B,1,1.309255,-26.539519,0.446882,-25.898305,0.073427,0.002355,-13.8072,-0.085332,-13.8877,-0.080601,0.388925,-25.209191,-13.8148,0.691547,1.617646,0.057957,-0.689114,0.920330,-1.330328
41,5.137,B,1,1.007520,-25.899282,0.608700,-26.014498,0.100705,-0.014195,-14.3789,-0.082821,-14.3211,-0.071087,0.525025,-25.221582,-14.3375,0.797319,0.831913,0.083676,-0.792917,0.482495,-0.677701
42,5.282,B,1,0.591639,-25.952157,0.686358,-25.996960,0.106431,-0.005666,-14.6729,-0.077514,-14.7134,-0.063689,0.620923,-25.226395,-14.6531,0.773339,0.726353,0.065435,-0.770566,-0.029283,-0.725762
43,5.424,B,1,1.678596,-26.701674,0.678896,-25.992003,0.092305,-0.004291,-15.0444,-0.072074,-15.0777,-0.069167,0.747184,-25.231180,-15.0203,0.763881,1.740655,-0.068288,-0.760823,0.931412,-1.470494
44,5.569,B,1,1.336118,-27.056768,0.866334,-26.121458,0.122679,-0.020206,-15.4855,-0.068155,-15.4386,-0.067636,0.879888,-25.239719,-15.3802,0.881844,1.873449,-0.013555,-0.881739,0.456229,-1.817049
45,5.740,B,1,1.952404,-25.917679,0.961108,-26.293255,0.135475,-0.046891,-15.8783,-0.067222,-15.8126,-0.055694,1.017840,-25.255922,-15.7518,1.038883,1.145134,-0.056731,-1.037333,0.934564,-0.661757
46,5.896,B,1,2.252696,-25.497329,1.148451,-26.234084,0.154044,-0.020130,-16.2398,-0.066923,-16.1934,-0.068292,1.160410,-25.279094,-16.1329,0.955065,1.113874,-0.011958,-0.954991,1.092286,-0.218235
47,6.041,B,1,1.430702,-26.028208,1.358613,-26.109193,0.170917,0.017631,-16.6116,-0.066036,-16.5582,-0.070573,1.307793,-25.304564,-16.5019,0.806232,0.734008,0.050820,-0.804629,0.122909,-0.723644
48,6.192,B,1,2.039714,-25.950963,1.387676,-26.097889,0.156237,0.019436,-16.9373,-0.062047,-16.8867,-0.052181,1.460274,-25.327435,-16.8369,0.773867,0.851198,-0.072599,-0.770454,0.579439,-0.623528
49,6.335,B,1,2.009354,-26.020874,1.518595,-26.074413,0.162457,0.028999,-17.2348,-0.057706,-17.1771,-0.050072,1.617540,-25.346252,-17.1326,0.734852,0.780150,-0.098945,-0.728161,0.391814,-0.674622
50,6.491,B,1,2.520251,-26.827367,1.621650,-26.066904,0.163352,0.032945,-17.4998,-0.052859,-17.4468,-0.042523,1.778721,-25.364032,-17.4040,0.720209,1.640492,-0.157072,-0.702872,0.741530,-1.463335
51,6.631,B,1,1.881563,-25.760470,1.797398,-26.204019,0.186533,0.012533,-17.7767,-0.051114,-17.7198,-0.047826,1.943081,-25.385753,-17.6752,0.831133,0.379733,-0.145683,-0.818265,-0.061518,-0.374717
52,6.782,B,1,2.175685,-26.137802,1.829853,-26.129451,0.166934,0.027560,-18.0582,-0.050364,-18.0070,-0.053627,2.110774,-25.414413,-17.9603,0.768243,0.726296,-0.280921,-0.715039,0.064911,-0.723390
53,6.943,B,1,3.099577,-26.012604,1.907478,-26.133453,0.162940,0.028269,-18.3470,-0.050445,-18.2971,-0.050804,2.283085,-25.448845,-18.2515,0.780877,0.992211,-0.375607,-0.684608,0.816492,-0.563759
54,7.104,B,1,2.821331,-27.333470,2.135381,-26.114408,0.187140,0.042517,-18.6072,-0.048278,-18.5650,-0.045291,2.461739,-25.484835,-18.5246,0.709134,1.883284,-0.326358,-0.629573,0.359592,-1.848635
55,7.245,B,1,3.656811,-26.324379,2.275737,-26.333322,0.206104,0.003902,-18.8483,-0.045570,-18.7929,-0.032996,2.647549,-25.518621,-18.7592,0.895534,1.291455,-0.371812,-0.814701,1.009262,-0.805758
56,7.396,B,1,3.304235,-26.296183,2.540415,-26.337864,0.233727,0.019144,-19.0287,-0.039630,-18.9851,-0.039804,2.839520,-25.549784,-18.9560,0.842932,0.879245,-0.299105,-0.788080,0.464715,-0.746399
57,7.547,B,1,4.069799,-26.055300,2.698218,-26.336089,0.237052,0.027328,-19.2075,-0.036026,-19.1636,-0.032139,3.035210,-25.581272,-19.1349,0.826627,1.138014,-0.336992,-0.754817,1.034589,-0.474028
58,7.696,B,1,3.439474,-26.222565,2.964760,-26.291230,0.258144,0.049969,-19.3972,-0.034938,-19.3500,-0.035868,3.232260,-25.616860,-19.3192,0.725487,0.640169,-0.267500,-0.674370,0.207214,-0.605705
59,7.852,B,1,4.528616,-25.369368,3.074312,-26.282783,0.248818,0.052997,-19.5955,-0.034970,-19.5492,-0.044762,3.430062,-25.658020,-19.5169,0.718949,1.135844,-0.355750,-0.624764,1.098554,0.288652
60,8.010,B,1,3.575773,-26.387816,3.357492,-26.123523,0.264008,0.096107,-19.7970,-0.035113,-19.7458,-0.039030,3.630154,-25.702792,-19.7155,0.501357,0.687179,-0.272662,-0.420731,-0.054381,-0.685024
61,8.164,B,1,4.421771,-27.251989,3.423349,-26.170510,0.249216,0.080416,-19.9824,-0.033930,-19.9162,-0.028550,3.835063,-25.747518,-19.8915,0.590280,1.614825,-0.411714,-0.422991,0.586708,-1.504471
62,8.323,B,1,4.276668,-26.833755,3.626162,-26.363985,0.272231,0.047683,-20.1169,-0.029327,-20.0480,-0.010815,4.046611,-25.789896,-20.0294,0.711587,1.068910,-0.420449,-0.574090,0.230057,-1.043859
63,8.461,B,1,5.315730,-26.058220,3.768068,-26.452310,0.273909,0.034916,-20.2136,-0.024181,-20.1502,-0.016906,4.264782,-25.830932,-20.1349,0.795509,1.075245,-0.496713,-0.621378,1.050948,-0.227288
64,8.606,B,1,5.032051,-27.723333,4.069423,-26.388170,0.295523,0.063784,-20.3181,-0.021975,-20.2453,-0.018860,4.487818,-25.874066,-20.2296,0.662841,1.927687,-0.418395,-0.514104,0.544233,-1.849267
65,8.747,B,1,5.132016,-27.249232,4.269524,-26.630007,0.316240,0.023998,-20.4324,-0.021396,-20.3509,-0.013829,4.713418,-25.922264,-20.3331,0.835429,1.391427,-0.443894,-0.707743,0.418598,-1.326968
66,8.899,B,1,5.570609,-26.930418,4.452330,-26.748743,0.322806,0.011273,-20.5564,-0.021727,-20.4662,-0.025466,4.940185,-25.975555,-20.4477,0.914233,1.144201,-0.487856,-0.773188,0.630423,-0.954863
67,9.050,B,1,4.786335,-26.434877,4.680831,-26.791015,0.332024,0.017894,-20.6635,-0.020516,-20.5742,-0.015003,5.168350,-26.030930,-20.5583,0.902997,0.555975,-0.487519,-0.760085,-0.382015,-0.403947
68,9.203,B,1,6.591327,-27.417259,4.730105,-26.737269,0.299256,0.029574,-20.7421,-0.017577,-20.6565,-0.007330,5.399233,-26.084737,-20.6455,0.934628,1.787932,-0.669127,-0.652533,1.192094,-1.332522
69,9.382,B,1,5.799439,-27.617896,5.089326,-26.865882,0.342147,0.027055,-20.7983,-0.014488,-20.7076,-0.006006,5.634032,-26.135538,-20.7012,0.911102,1.491558,-0.544706,-0.730344,0.165407,-1.482358
70,9.556,B,1,6.475227,-26.749899,5.247403,-27.008991,0.342826,0.007941,-20.8315,-0.011149,-20.7389,-0.005065,5.873032,-26.185221,-20.7344,1.034412,0.825531,-0.625628,-0.823770,0.602196,-0.564678
71,9.760,B,1,6.167838,-26.734483,5.497063,-26.973883,0.348176,0.031517,-20.8584,-0.008661,-20.7700,-0.007637,6.164607,-26.248698,-20.7715,0.985652,0.485796,-0.667544,-0.725186,0.003232,-0.485785
72,9.933,B,1,6.689071,-27.305432,5.650173,-26.940701,0.334377,0.045124,-20.9265,-0.010263,-20.8130,-0.007754,6.410864,-26.307700,-20.8150,0.989617,1.035793,-0.760691,-0.633001,0.278207,-0.997732
73,10.109,B,1,7.360799,-26.889391,5.865496,-27.012813,0.342459,0.041724,-20.9747,-0.009986,-20.8626,-0.011425,6.659991,-26.371229,-20.8645,1.021202,0.871564,-0.794495,-0.641585,0.700808,-0.518163
74,10.271,B,1,7.847324,-27.860097,6.165198,-26.999201,0.358446,0.060993,-21.0252,-0.009491,-20.9024,-0.011643,6.912211,-26.435709,-20.9036,0.935709,1.703913,-0.747013,-0.563492,0.935114,-1.424388
75,10.441,B,1,7.485435,-26.587004,6.497604,-27.159136,0.392541,0.047573,-21.0527,-0.007896,-20.9193,-0.003555,7.167513,-26.497898,-20.9194,0.941283,0.330173,-0.669909,-0.661238,0.317922,-0.089106
76,10.621,B,1,8.619733,-26.879956,6.702397,-27.065250,0.388537,0.076496,-21.0541,-0.005498,-20.9137,0.003601,7.425326,-26.557340,-20.9131,0.883515,1.237211,-0.722929,-0.507910,1.194408,-0.322616
77,10.813,B,1,8.016132,-26.850760,7.088459,-27.039843,0.407326,0.099270,-21.0156,-0.000541,-20.8987,0.008279,7.632741,-26.604544,-20.9010,0.696943,0.455644,-0.544282,-0.435300,0.383391,-0.246217
78,10.992,B,1,9.120083,-26.349525,7.291940,-27.010677,0.397228,0.108193,-20.5804,0.034272,-20.3988,0.122573,7.886612,-26.667924,-20.5241,0.686378,1.273903,-0.594672,-0.342753,1.233471,0.318399
79,11.155,B,1,9.124942,-28.102301,7.656435,-26.896621,0.411969,0.143455,-20.3279,0.034964,-20.2016,-0.045976,8.132242,-26.731177,-20.1697,0.503751,1.692759,-0.475808,-0.165445,0.992700,-1.371124
80,11.330,B,1,9.889846,-27.175816,7.959540,-27.112187,0.437205,0.107860,-20.5145,0.008370,-20.3865,0.058603,8.381242,-26.796661,-20.4256,0.526677,1.555521,-0.421702,-0.315526,1.508605,-0.379155
81,11.473,B,1,8.472062,-27.348725,8.345965,-27.127773,0.461084,0.119943,-19.8614,0.052913,-19.7006,0.086111,8.617984,-26.865013,-19.7907,0.378203,0.505244,-0.272020,-0.262760,-0.145922,-0.483713
82,11.643,B,1,9.263781,-27.387559,8.413988,-27.171296,0.423843,0.102554,-19.6689,0.043266,-19.5291,0.053985,8.862229,-26.929397,-19.5678,0.509348,0.609226,-0.448241,-0.241898,0.401552,-0.458161
83,11.813,B,1,8.807907,-27.253071,8.606912,-27.213600,0.414605,0.096049,-18.9841,0.076398,-18.7976,0.113095,9.101965,-26.992891,-18.9156,0.542024,0.392637,-0.495053,-0.220709,-0.294058,-0.260180
84,11.980,B,1,9.402923,-27.591990,8.683477,-27.224602,0.382080,0.087972,-18.4390,0.083968,-18.2462,0.130795,9.341684,-27.055550,-18.3598,0.679570,0.539924,-0.658207,-0.169052,0.061239,-0.536440
85,12.144,B,1,9.620869,-27.931672,8.849152,-27.293102,0.374315,0.075811,-17.6888,0.102893,-17.5021,0.103351,9.573760,-27.120738,-17.5989,0.744826,0.812302,-0.724607,-0.172364,0.047110,-0.810934
86,12.295,B,1,10.984155,-28.019371,9.023155,-27.410308,0.372293,0.055990,-16.9104,0.116723,-16.7105,0.149854,9.798619,-27.188460,-16.8432,0.806573,1.447725,-0.775463,-0.221848,1.185536,-0.830911
87,12.454,B,1,10.653861,-27.293614,9.408159,-27.523315,0.410661,0.052655,-16.0464,0.130731,-15.8450,0.158619,10.014812,-27.257620,-15.9886,0.662285,0.640062,-0.606653,-0.265695,0.639049,-0.035994
88,12.616,B,1,11.241940,-27.851467,9.669180,-27.488273,0.411332,0.069562,-15.5206,0.111211,-15.3820,0.058761,10.230074,-27.324924,-15.4250,0.584196,1.140667,-0.560894,-0.163349,1.011866,-0.526543
89,12.774,B,1,11.284827,-27.977904,9.989049,-27.556451,0.429928,0.067582,-14.7195,0.125773,-14.5168,0.237815,10.446551,-27.390004,-14.7211,0.486839,1.023882,-0.457502,-0.166446,0.838276,-0.587900
90,12.945,B,1,10.874920,-28.634647,10.261418,-27.634655,0.437853,0.060222,-13.4869,0.160512,-13.3016,0.124355,10.667332,-27.456022,-13.4301,0.443481,1.196766,-0.405914,-0.178633,0.207588,-1.178625
91,13.117,B,1,11.772922,-27.876109,10.413096,-27.816887,0.427202,0.025960,-13.0152,0.126907,-12.8589,0.116106,10.896304,-27.517709,-12.9572,0.568328,0.947054,-0.483208,-0.299178,0.876619,-0.358400
92,13.272,B,1,12.478359,-29.450060,10.695752,-27.833456,0.434065,0.034557,-11.9945,0.149512,-11.8074,0.160587,11.125732,-27.588415,-11.9689,0.494902,2.301157,-0.429980,-0.245041,1.352627,-1.861646
93,13.434,B,1,12.565094,-28.164768,11.054831,-28.126266,0.469561,-0.008803,-11.4217,0.126378,-11.2984,0.100870,11.357939,-27.659358,-11.3804,0.556667,1.308687,-0.303108,-0.466908,1.207155,-0.505410
94,13.599,B,1,11.847207,-28.140353,11.367781,-28.142265,0.477730,0.003908,-10.6092,0.132585,-10.4851,0.082341,11.589374,-27.734116,-10.5816,0.464423,0.481151,-0.221593,-0.408149,0.257833,-0.406237
95,13.762,B,1,11.493684,-27.453887,11.498338,-28.149843,0.448675,0.007576,-9.9956,0.122587,-9.8674,0.119004,11.822160,-27.804050,-9.9781,0.473744,0.480115,-0.323822,-0.345793,-0.328476,0.350163
96,13.908,B,1,12.940577,-28.251510,11.539984,-28.032592,0.399940,0.031353,-9.3508,0.117877,-9.2282,0.107306,12.056008,-27.870338,-9.3299,0.540932,0.963200,-0.516024,-0.162254,0.884569,-0.381172
97,14.063,B,1,12.229320,-28.612001,11.827701,-28.074433,0.412679,0.030974,-8.7308,0.113301,-8.6082,0.103143,12.339983,-27.946932,-8.5840,0.527911,0.674213,-0.512283,-0.127501,-0.110663,-0.665070
98,14.186,B,1,13.195852,-28.680214,11.938956,-28.172989,0.391029,0.011734,-8.1443,0.108281,-8.0226,0.099962,12.532191,-27.999217,-8.1136,0.618163,0.950895,-0.593236,-0.173772,0.663660,-0.680997
99,14.320,B,1,13.324017,-28.527262,12.200131,-28.267153,0.401464,0.000832,-7.5903,0.102820,-7.4779,0.092423,12.776472,-28.068230,-7.5624,0.609704,0.714504,-0.576340,-0.198923,0.547545,-0.459032
100,14.486,B,1,13.084453,-28.354801,12.438524,-28.318201,0.404520,-0.001583,-7.0777,0.096877,-6.9686,0.089922,13.075838,-28.155229,-6.9487,0.657822,0.199758,-0.637315,-0.162972,0.008615,-0.199572
101,14.633,B,1,13.474223,-29.103524,12.593668,-28.329631,0.388904,0.000995,-6.5515,0.092740,-6.4806,0.082821,13.278717,-28.213088,-6.5578,0.694892,0.911646,-0.685049,-0.116544,0.195506,-0.890436
102,14.772,B,1,13.441251,-28.566319,12.786229,-28.471258,0.387546,-0.022232,-6.0807,0.089569,-6.0028,0.080435,13.534758,-28.282206,-6.0788,0.772034,0.299104,-0.748529,-0.189051,-0.093507,-0.284112
103,14.936,B,1,14.393793,-28.966325,12.941113,-28.494272,0.374186,-0.020185,-5.5805,0.086880,-5.5339,0.082819,13.792018,-28.346966,-5.6080,0.863561,0.863562,-0.850905,-0.147307,0.601775,-0.619359
104,15.103,B,1,14.455313,-28.421548,13.235574,-28.583529,0.393006,-0.028418,-5.1315,0.083173,-5.0823,0.071049,14.100970,-28.421963,-5.0648,0.880348,0.354344,-0.865395,-0.161565,0.354344,0.000416
105,15.238,B,1,14.550211,-29.099075,13.490175,-28.560505,0.398627,-0.014454,-4.7058,0.079241,-4.6592,0.072358,14.358762,-28.486026,-4.6430,0.871774,0.642248,-0.868586,-0.074479,0.191450,-0.613049
106,15.383,B,1,15.227224,-29.264412,13.717021,-28.660758,0.400841,-0.028198,-4.3113,0.074778,-4.2693,0.061129,14.618102,-28.553171,-4.2543,0.907480,0.936426,-0.901080,-0.107587,0.609122,-0.711241
107,15.514,B,1,15.238408,-28.363702,14.013990,-28.771859,0.427760,-0.042447,-4.0244,0.071585,-3.9058,0.058040,14.827878,-28.608166,-3.9628,0.830186,0.477805,-0.813888,-0.163692,0.410530,0.244465
108,15.657,B,1,16.015086,-29.419101,14.280135,-28.707130,0.421405,-0.018542,-3.5782,0.067028,-3.5542,0.055667,15.094280,-28.675810,-3.6102,0.814747,1.183370,-0.814145,-0.031320,0.920806,-0.743291
109,15.809,B,1,16.364318,-29.324228,14.627504,-28.837674,0.445966,-0.036936,-3.2427,0.064409,-3.2028,0.058586,15.365822,-28.739788,-3.2591,0.744779,1.156963,-0.738318,-0.097885,0.998496,-0.584440
110,15.956,B,1,16.395850,-28.515185,14.978860,-28.929849,0.466750,-0.045724,-2.8910,0.063103,-2.8529,0.058581,15.641729,-28.799906,-2.9084,0.675486,0.806080,-0.662869,-0.129943,0.754121,0.284721
111,16.105,B,1,16.317963,-29.537952,15.265731,-28.861643,0.481291,-0.023102,-2.6257,0.061053,-2.5160,0.060290,15.920277,-28.858495,-2.5684,0.654553,0.787284,-0.654546,-0.003148,0.397686,-0.679457
112,16.267,B,1,17.027743,-28.968136,15.505987,-28.986672,0.465505,-0.042210,-2.2382,0.058713,-2.2042,0.043967,16.199726,-28.918440,-2.2521,0.697086,0.829507,-0.693739,-0.068232,0.828017,-0.049696
113,16.405,B,1,16.962923,-30.014474,15.821318,-28.988999,0.475556,-0.034115,-1.9512,0.055180,-1.9197,0.039356,16.479173,-28.980768,-1.9637,0.657906,1.141299,-0.657855,-0.008230,0.483751,-1.033706
114,16.538,B,1,17.242805,-29.507713,16.070064,-29.176133,0.473051,-0.065514,-1.6907,0.051014,-1.6534,0.042654,16.758824,-29.043870,-1.6954,0.701344,0.670364,-0.688760,-0.132263,0.483981,-0.463843
115,16.671,B,1,17.371408,-28.826867,16.314487,-29.240940,0.480101,-0.070497,-1.4708,0.049872,-1.3906,0.048701,17.039784,-29.104819,-1.4329,0.737960,0.432703,-0.725297,-0.136121,0.331625,0.277952
116,16.810,B,1,19.128225,-30.516646,16.555467,-29.176221,0.462438,-0.045783,-1.1483,0.048317,-1.1222,0.049806,17.323588,-29.161714,-1.1655,0.768257,2.256670,-0.768120,-0.014507,1.804637,-1.354932
117,16.942,B,1,18.753643,-29.602769,17.057808,-29.419787,0.512778,-0.086202,-0.8820,0.047445,-0.8519,0.047577,17.611529,-29.215198,-0.8947,0.590308,1.206082,-0.553721,-0.204589,1.142113,-0.387571
118,17.079,B,1,18.039474,-29.762201,17.408917,-29.461209,0.524990,-0.082484,-0.6231,0.046236,-0.5933,0.042549,17.904042,-29.267872,-0.6333,0.531533,0.512545,-0.495125,-0.193337,0.135432,-0.494329
119,17.224,B,1,18.620878,-29.654022,17.571572,-29.523155,0.497630,-0.084783,-0.3862,0.044014,-0.3578,0.041879,18.200505,-29.322172,-0.3938,0.660266,0.535572,-0.628934,-0.200983,0.420372,-0.331850
120,17.362,B,1,19.418669,-30.260072,17.806152,-29.554807,0.487836,-0.080474,-0.1684,0.041332,-0.1444,0.031679,18.499584,-29.378392,-0.1775,0.715521,1.273607,-0.693432,-0.176414,0.919085,-0.881679
121,17.494,B,1,19.460221,-30.164163,18.140106,-29.688074,0.499715,-0.097126,0.0321,0.038729,0.0595,0.029016,18.799866,-29.434435,0.0269,0.706836,0.984160,-0.659760,-0.253639,0.660355,-0.729728
122,17.643,B,1,19.170650,-30.621603,18.423181,-29.781987,0.499662,-0.104309,0.2411,0.037919,0.2679,0.038324,19.100433,-29.487553,0.2339,0.738486,1.136222,-0.677252,-0.294434,0.070217,-1.134050
123,17.786,B,1,20.600796,-31.215713,18.604382,-29.941150,0.478987,-0.124357,0.4543,0.037496,0.4856,0.037663,19.401151,-29.536535,0.4503,0.893619,2.063683,-0.796769,-0.404615,1.199645,-1.679178
124,17.931,B,1,20.116545,-30.142524,19.005947,-30.179416,0.505423,-0.158031,0.6672,0.037353,0.7048,0.043668,19.702736,-29.582610,0.6702,0.917438,0.696234,-0.696789,-0.596806,0.413809,-0.559914
125,18.075,B,1,20.761358,-29.626295,19.252378,-30.187346,0.497018,-0.141423,0.8626,0.035694,0.9112,0.024114,20.006505,-29.628439,0.8795,0.938661,0.754856,-0.754126,-0.558907,0.754853,0.002144
126,18.211,B,1,20.660221,-30.051521,19.568998,-30.100216,0.503872,-0.107635,1.0598,0.035094,1.0961,0.023868,20.313763,-29.675924,1.0679,0.857146,0.510986,-0.744766,-0.424292,0.346457,-0.375598
127,18.347,B,1,21.396906,-31.215109,19.811839,-30.100894,0.494923,-0.095745,1.2335,0.032992,1.2642,0.031154,20.625144,-29.724700,1.2379,0.896095,1.678373,-0.813305,-0.376194,0.771762,-1.490409
128,18.518,B,1,21.684129,-31.139882,20.143905,-30.307747,0.504328,-0.127353,1.4196,0.032260,1.4304,0.027603,21.003663,-29.781693,1.4373,1.007927,1.519115,-0.859759,-0.526054,0.680465,-1.358189
129,18.654,B,1,21.724423,-29.053045,20.465068,-30.466438,0.511755,-0.146224,1.5928,0.031871,1.6073,0.038759,21.257990,-29.816931,1.5781,1.024980,0.895032,-0.792922,-0.649507,0.466433,0.763886
130,18.787,B,1,21.856785,-30.372181,20.738747,-30.227456,0.508846,-0.081889,1.8007,0.033922,1.8364,0.082347,21.576794,-29.857577,1.7706,0.916043,0.585843,-0.838048,-0.369879,0.279990,-0.514604
131,18.925,B,1,22.229822,-30.921127,20.986993,-30.258674,0.500208,-0.080033,2.5774,0.077217,2.6434,0.091214,21.885447,-29.901608,2.5427,0.966807,1.076110,-0.898454,-0.357066,0.344375,-1.019519
132,19.083,B,1,23.153099,-30.447376,21.256600,-30.382185,0.496445,-0.097339,2.7272,0.052754,2.6921,-0.036172,22.252294,-29.950477,2.7088,1.085255,1.028765,-0.995694,-0.431708,0.900805,-0.496899
133,19.224,B,1,22.773957,-30.835654,21.642212,-30.400746,0.517156,-0.092373,2.9417,0.049844,3.0103,0.150451,22.549266,-29.995334,3.0466,0.993533,0.869842,-0.907055,-0.405413,0.224691,-0.840321
134,19.352,B,1,22.902145,-28.913821,21.893844,-30.483628,0.507807,-0.100618,3.7161,0.083628,3.7779,0.062394,22.840457,-30.044432,3.7902,1.043537,1.132293,-0.946614,-0.439195,0.061688,1.130612
135,19.494,B,1,23.448348,-31.194251,22.122499,-30.210626,0.497734,-0.035722,4.0592,0.075164,4.1380,0.145185,23.136480,-30.088996,4.1728,1.021250,1.148412,-1.013981,-0.121630,0.311868,-1.105255
136,19.618,B,1,24.125616,-30.031910,22.406557,-30.384920,0.496119,-0.070073,4.9001,0.103935,4.9962,0.107344,23.369350,-30.126472,4.8988,0.996878,0.762154,-0.962793,-0.258448,0.756265,0.094563
137,19.767,B,1,25.464271,-30.147788,22.750066,-30.324055,0.521650,-0.055117,5.4736,0.111840,5.7565,0.161471,23.662018,-30.169347,5.6099,0.924981,1.802381,-0.911952,-0.154708,1.802252,0.021559
138,19.922,B,1,25.375025,-30.403901,23.291212,-30.292097,0.561011,-0.048759,6.5243,0.130666,6.6531,0.175398,23.949669,-30.213164,6.4934,0.663171,1.438062,-0.658457,-0.078934,1.425357,-0.190737
139,20.067,B,1,24.919777,-30.659170,23.704201,-30.310035,0.593682,-0.054802,7.2895,0.143307,7.6091,0.164150,24.285838,-30.269006,7.6488,0.583082,0.744384,-0.581637,-0.041029,0.633940,-0.390163
140,20.208,B,1,25.366442,-30.772192,23.986233,-30.368859,0.568451,-0.065061,8.5021,0.159135,8.6312,0.186865,24.503596,-30.308667,8.4633,0.520853,0.979469,-0.517363,-0.060192,0.862846,-0.463525
141,20.351,B,1,24.841519,-31.436175,24.286751,-30.437821,0.561892,-0.078225,9.5810,0.171184,9.7204,0.195776,24.768990,-30.360005,9.5413,0.488477,1.078612,-0.482239,-0.077817,0.072529,-1.076171
142,20.488,B,1,25.496148,-30.666393,24.440139,-30.613079,0.523691,-0.108773,10.7438,0.184292,10.8831,0.210841,25.028656,-30.411411,10.6920,0.622111,0.532508,-0.588517,-0.201667,0.467492,-0.254982
143,20.634,B,1,26.014928,-31.477064,24.679400,-30.622564,0.510918,-0.105170,11.9722,0.196633,12.1210,0.222782,25.285322,-30.461466,11.9181,0.626973,1.250505,-0.605923,-0.161099,0.729605,-1.015598
144,20.768,B,1,26.164902,-30.013359,24.967384,-30.773273,0.505018,-0.132643,13.2863,0.209966,13.4266,0.230949,25.541500,-30.510246,13.2136,0.631500,0.797200,-0.574116,-0.263026,0.623402,0.496888
145,20.896,B,1,26.445417,-30.863773,25.219951,-30.638955,0.513924,-0.101986,14.3673,0.218542,14.7877,0.238129,25.798405,-30.559009,14.5666,0.583953,0.715196,-0.578454,-0.079946,0.647012,-0.304764
146,21.039,B,1,26.700661,-30.529608,25.495898,-30.674507,0.496877,-0.106402,16.0492,0.230678,16.1955,0.245215,26.055395,-30.609065,15.9672,0.563311,0.650140,-0.559497,-0.065442,0.645266,0.079457
147,21.188,B,1,27.975959,-31.326224,25.758851,-30.644361,0.492774,-0.099926,17.4856,0.238578,17.6496,0.255101,26.310164,-30.660814,17.4137,0.551559,1.793780,-0.551313,0.016453,1.665796,-0.665410
148,21.340,B,1,26.978905,-30.600698,26.201576,-30.759206,0.517873,-0.132317,18.9916,0.248265,19.1547,0.272032,26.559797,-30.713614,18.9102,0.361111,0.434053,-0.358221,-0.045592,0.419108,0.112916
149,21.495,B,1,27.670468,-30.786716,26.390974,-30.725847,0.496705,-0.120998,20.5629,0.258609,20.7136,0.281615,26.802282,-30.766563,20.4606,0.413318,0.868420,-0.411307,0.040716,0.868186,-0.020154
150,21.644,B,1,28.106447,-31.058631,26.667334,-30.729636,0.492833,-0.123953,22.1817,0.268327,22.3238,0.282438,27.037549,-30.819401,22.0630,0.380943,1.095341,-0.370216,0.089765,1.068897,-0.239230
151,21.797,B,1,27.888748,-30.779432,26.971746,-30.780455,0.491616,-0.138632,23.5357,0.251580,23.6090,0.148817,27.270533,-30.870265,23.4717,0.311993,0.624852,-0.298787,0.089810,0.618215,0.090833
152,21.947,B,1,27.259170,-30.720377,27.183565,-30.772972,0.475758,-0.135785,24.8490,0.244793,24.9845,0.316668,27.505251,-30.917753,24.7014,0.352765,0.315458,-0.321686,0.144782,-0.246081,0.197377
153,22.092,B,1,28.629278,-30.661862,27.243822,-30.755129,0.433253,-0.121899,26.7675,0.281269,26.8976,0.267740,27.747572,-30.965640,26.6450,0.545966,0.932570,-0.503750,0.210511,0.881706,0.303778
154,22.240,B,1,28.532240,-31.526043,27.532691,-30.729743,0.439359,-0.125270,27.9002,0.243291,27.9595,0.184349,27.994392,-31.003818,27.7946,0.536922,0.749666,-0.461701,0.274075,0.537848,-0.522225
155,22.395,B,1,28.940100,-31.505448,27.753640,-30.861383,0.419193,-0.153689,29.3736,0.251112,29.4803,0.277847,28.244429,-31.041268,29.2126,0.522716,0.836314,-0.490788,0.179884,0.695671,-0.464181
156,22.540,B,1,28.836139,-30.577360,28.007219,-30.968507,0.408355,-0.177686,30.4956,0.224490,30.5465,0.152889,28.492114,-31.071483,30.4165,0.495708,0.602090,-0.484894,0.102976,0.344026,0.494124
157,22.694,B,1,29.301012,-31.159245,28.197010,-30.893107,0.402173,-0.160872,31.7411,0.222581,31.8091,0.201883,28.738634,-31.098507,31.6112,0.579263,0.565648,-0.541624,0.205400,0.562378,-0.060738
158,22.843,B,1,29.606535,-30.994635,28.434503,-30.932734,0.394629,-0.172058,32.8058,0.207402,32.8682,0.205306,28.982909,-31.120245,32.6804,0.579577,0.636151,-0.548406,0.187512,0.623626,0.125610
159,23.006,B,1,30.742980,-30.480022,28.683818,-30.936472,0.392849,-0.177546,33.8941,0.199580,33.9252,0.183982,29.227272,-31.138953,33.7599,0.579949,1.652743,-0.543454,0.202481,1.515708,0.658931
160,23.172,B,1,30.047751,-30.325050,29.090804,-30.847546,0.427812,-0.182826,34.9097,0.189814,34.9324,0.172643,29.473761,-31.154111,34.7745,0.490549,1.008368,-0.382957,0.306566,0.573990,0.829061
161,23.345,B,1,30.119416,-31.510962,29.304587,-30.744984,0.426008,-0.166731,35.8864,0.181319,35.8908,0.165495,29.719322,-31.169069,35.7406,0.593173,0.526276,-0.414735,0.424085,0.400094,-0.341893
162,23.507,B,1,30.925157,-31.513908,29.492290,-30.869795,0.395418,-0.189722,36.8198,0.173387,36.8056,0.150532,29.960704,-31.185333,36.6618,0.564780,1.018888,-0.468414,0.315538,0.964453,-0.328575
163,23.682,B,1,30.663907,-31.486175,29.788674,-30.975640,0.388118,-0.219168,37.7070,0.165484,37.6864,0.157757,30.198707,-31.200203,37.5475,0.467499,0.546069,-0.410033,0.224563,0.465201,-0.285972
164,23.873,B,1,30.502770,-31.370159,29.986908,-31.059906,0.366675,-0.231084,38.5634,0.158724,38.5397,0.144570,30.433371,-31.212010,38.4050,0.471661,0.172706,-0.446462,0.152104,0.069400,-0.158149
165,24.061,B,1,30.359773,-30.826701,30.120168,-31.110191,0.340249,-0.228756,39.3953,0.152998,39.3655,0.135288,30.664338,-31.221113,39.2354,0.555359,0.498317,-0.544169,0.110922,-0.304564,0.394412
166,24.250,B,1,31.393776,-31.324149,30.201962,-31.055783,0.320579,-0.203592,40.1778,0.145914,40.1591,0.135262,30.891108,-31.229609,40.0345,0.710731,0.511481,-0.689147,0.173826,0.502667,-0.094540
167,24.438,B,1,31.822239,-32.107025,30.450249,-31.098187,0.318333,-0.217662,40.9413,0.140452,40.9165,0.130618,31.113013,-31.239965,40.7978,0.677759,1.120176,-0.662764,0.141778,0.709225,-0.867060
168,24.616,B,1,31.826872,-30.881487,30.731426,-31.273009,0.304503,-0.255928,41.6747,0.135012,41.6375,0.120920,31.329160,-31.253616,41.5245,0.598048,0.621447,-0.597734,-0.019393,0.497711,0.372129
169,24.801,B,1,32.013121,-31.560956,30.964501,-31.201892,0.314963,-0.245055,42.3674,0.128826,42.3272,0.112726,31.540955,-31.268221,42.2186,0.580257,0.555549,-0.576454,0.066330,0.472166,-0.292735
170,24.992,B,1,31.918074,-31.122916,31.189387,-31.262442,0.305656,-0.255626,43.0418,0.124217,42.9935,0.113227,31.796861,-31.277244,43.0197,0.607654,0.196239,-0.607474,0.014801,0.121212,0.154328
171,25.172,B,1,31.964067,-32.217854,31.357281,-31.235249,0.299625,-0.244261,43.6905,0.119550,43.6397,0.116540,32.011285,-31.276843,43.6651,0.655326,0.942195,-0.654004,0.041595,-0.047218,-0.941011
172,25.336,B,1,32.668260,-30.637726,31.502465,-31.406954,0.264035,-0.261961,44.3250,0.115729,44.2640,0.111376,32.226738,-31.270210,44.2885,0.737068,0.771348,-0.724272,-0.136744,0.441522,0.632484
173,25.508,B,1,32.643900,-31.423579,31.747060,-31.269897,0.288607,-0.244157,44.9568,0.111491,44.8624,0.102408,32.443997,-31.258438,44.8857,0.697031,0.259293,-0.696937,-0.011459,0.199903,-0.165142
174,25.681,B,1,32.706804,-30.936549,31.943028,-31.294056,0.281221,-0.246975,45.5292,0.106685,45.4324,0.104623,32.621387,-31.243834,45.3431,0.680215,0.318936,-0.678359,-0.050222,0.085417,0.307285
175,25.830,B,1,34.103432,-30.945278,32.114815,-31.227481,0.283421,-0.232804,46.0732,0.101733,45.9754,0.096941,32.847442,-31.219058,45.8902,0.732675,1.285482,-0.732627,-0.008423,1.255990,0.273779
176,25.978,B,1,33.551672,-29.846075,32.494120,-31.174033,0.321959,-0.258340,46.4767,0.098719,46.4960,0.090779,33.076857,-31.187064,46.4140,0.582882,1.422568,-0.582737,0.013031,0.474815,1.340988
177,26.125,B,1,34.569511,-31.199911,32.727229,-30.931432,0.345617,-0.221193,47.0721,0.092918,46.9987,0.085409,33.308310,-31.147483,46.9194,0.619946,1.262290,-0.581081,0.216051,1.261201,-0.052427
178,26.280,B,1,34.078470,-31.860271,33.093113,-30.968966,0.352483,-0.253744,47.5627,0.089948,47.4852,0.084099,33.541465,-31.100048,47.4085,0.467121,0.930760,-0.448351,0.131082,0.537005,-0.760223
179,26.440,B,1,34.279984,-29.810729,33.309373,-31.118714,0.320515,-0.277241,48.0495,0.087978,47.9532,0.083020,33.777175,-31.044819,47.8798,0.473602,1.332590,-0.467802,-0.073894,0.502810,1.234090
180,26.597,B,1,34.182319,-30.178515,33.522293,-30.880715,0.348024,-0.243160,48.4853,0.083089,48.3987,0.077366,34.016917,-30.981967,48.3291,0.504880,0.820301,-0.494624,0.101251,0.165402,0.803452
181,26.744,B,1,35.109999,-30.559232,33.679306,-30.746058,0.349379,-0.219735,48.9059,0.078927,48.8196,0.072743,34.261746,-30.911422,48.7538,0.605460,0.918461,-0.582440,0.165363,0.848253,0.352190
182,26.894,B,1,34.602422,-30.294720,33.971810,-30.701146,0.355883,-0.231931,49.3117,0.075670,49.2183,0.066736,34.511533,-30.832825,49.1558,0.555554,0.545727,-0.539723,0.131679,0.090888,0.538105
183,27.036,B,1,35.551887,-30.158810,34.123146,-30.617282,0.347894,-0.216595,49.6979,0.072257,49.6000,0.057889,34.765055,-30.745842,49.5399,0.654656,0.981689,-0.641909,0.128560,0.786833,0.587032
184,27.180,B,1,35.362002,-30.627189,34.414854,-30.523425,0.361288,-0.223166,50.0711,0.069627,49.9690,0.050604,35.020836,-30.650584,49.9107,0.619179,0.341968,-0.605981,0.127159,0.341166,0.023395
185,27.323,B,1,35.676788,-31.182855,34.622132,-30.528878,0.346429,-0.229868,50.4223,0.066351,50.3247,0.060808,35.278089,-30.547792,50.2688,0.656230,0.749844,-0.655957,0.018914,0.398699,-0.635063
186,27.471,B,1,35.960803,-30.766903,34.848151,-30.633517,0.320340,-0.252069,50.7591,0.063255,50.6632,0.061461,35.537039,-30.438572,50.6104,0.715940,0.536076,-0.688888,-0.194945,0.423764,-0.328331
187,27.617,B,1,36.469962,-30.148199,35.084450,-30.648576,0.312097,-0.261521,51.0769,0.060140,50.9795,0.044974,35.798510,-30.323786,50.9305,0.784456,0.694030,-0.714060,-0.324790,0.671452,0.175587
188,27.781,B,1,37.051283,-30.448771,35.369389,-30.551808,0.328284,-0.262941,51.3665,0.056300,51.2724,0.045270,36.063210,-30.203448,51.2270,0.776365,1.018073,-0.693821,-0.348360,0.988073,-0.245323
189,27.921,B,1,36.671942,-30.529765,35.708160,-30.524431,0.338602,-0.281960,51.6275,0.051957,51.5422,0.036535,36.331108,-30.076760,51.5018,0.767121,0.566906,-0.622948,-0.447672,0.340834,-0.453005
190,28.071,B,1,36.717592,-29.692452,35.921209,-30.516591,0.328113,-0.281872,51.8569,0.047097,51.7886,0.046385,36.600544,-29.943770,51.7499,0.888605,0.277239,-0.679335,-0.572820,0.117049,0.251319
191,28.220,B,1,36.524963,-29.019712,36.103700,-30.361720,0.337879,-0.258253,52.0896,0.044345,52.0258,0.042887,36.872585,-29.801922,51.9884,0.951082,0.855975,-0.768885,-0.559798,-0.347622,0.782210
192,28.365,B,1,37.438850,-29.771615,36.218242,-30.112739,0.352733,-0.214801,51.9565,0.013212,51.8300,-0.104111,37.141104,-29.653057,51.9271,1.031010,0.320482,-0.922862,-0.459682,0.297746,-0.118557
193,28.510,B,1,38.176968,-29.621925,36.472731,-30.038157,0.356053,-0.220899,51.8559,0.003272,51.7927,0.071328,37.400937,-29.511566,51.7358,1.067175,0.783839,-0.928205,-0.526591,0.776031,-0.110358
194,28.657,B,1,38.206390,-28.560036,36.813749,-29.949777,0.372008,-0.238486,52.3003,0.033330,52.2474,-0.004265,37.661026,-29.372178,52.2345,1.025426,0.978262,-0.847277,-0.577599,0.545364,0.812142
195,28.793,B,1,38.461576,-28.715660,37.101823,-29.688612,0.406932,-0.223842,51.9005,-0.011529,51.8157,-0.058851,37.910151,-29.236255,51.8785,0.926294,0.758346,-0.808328,-0.452357,0.551425,0.520595
196,28.944,B,1,38.769437,-29.425193,37.384880,-29.497849,0.425907,-0.219156,51.9204,-0.003363,51.8690,-0.001262,38.162389,-29.099897,51.8573,0.873434,0.688712,-0.777509,-0.397952,0.607048,-0.325296
197,29.101,B,1,38.702752,-29.151164,37.673340,-29.466127,0.418037,-0.235807,51.4984,-0.034285,51.4253,-0.073318,38.409929,-28.960981,51.5010,0.893161,0.349163,-0.736589,-0.505146,0.292822,-0.190183
198,29.250,B,1,39.262236,-29.104116,37.899402,-29.392849,0.409869,-0.235345,51.2638,-0.036982,51.1880,-0.078362,38.656225,-28.818368,51.2571,0.950162,0.670001,-0.756823,-0.574481,0.606012,-0.285748
199,29.388,B,1,38.988940,-29.122872,38.184460,-29.325265,0.409253,-0.244917,50.8019,-0.054984,50.7185,-0.048254,38.895989,-28.674223,50.7773,0.964432,0.458177,-0.711529,-0.651042,0.092951,-0.448649
200,29.534,B,1,39.378520,-28.999071,38.370899,-29.273938,0.393771,-0.239596,50.3339,-0.066443,50.2182,-0.096017,39.131057,-28.531739,50.3067,1.062403,0.528807,-0.760158,-0.742199,0.247462,-0.467332
201,29.670,B,1,39.476867,-28.037629,38.592307,-29.210974,0.386488,-0.238781,49.7581,-0.080897,49.6212,-0.109800,39.360004,-28.394163,49.7226,1.120955,0.375198,-0.767697,-0.816811,0.116863,0.356534
202,29.816,B,1,40.596745,-27.240255,38.791548,-28.989036,0.402456,-0.213967,49.0726,-0.097097,48.9379,-0.131029,39.583187,-28.262507,49.0527,1.074493,1.439549,-0.791639,-0.726529,1.013559,1.022252
203,29.973,B,1,40.069731,-27.699998,39.144874,-28.666726,0.463343,-0.207847,48.4706,-0.109040,48.1775,-0.134456,39.800805,-28.135092,48.3038,0.844322,0.511496,-0.655930,-0.531634,0.268927,0.435094
204,30.129,B,1,40.528390,-29.149487,39.351756,-28.476501,0.468169,-0.191008,47.6631,-0.122612,47.3533,-0.145689,40.055437,-27.982908,47.3192,0.859535,1.258806,-0.703680,-0.493594,0.472953,-1.166579
205,30.280,B,1,40.486602,-26.693529,39.611755,-28.572949,0.423441,-0.217110,46.6191,-0.136293,46.4750,-0.158878,40.263686,-27.853079,46.4388,0.971199,1.180783,-0.651931,-0.719870,0.222916,1.159550
206,30.454,B,1,42.214105,-28.078205,39.811015,-28.223839,0.454676,-0.175503,45.6987,-0.146199,45.5428,-0.164692,40.470121,-27.719617,45.5043,0.829857,1.780467,-0.659107,-0.504223,1.743983,-0.358588
207,30.626,B,1,40.616700,-27.422286,40.281419,-28.179344,0.472709,-0.219895,44.7094,-0.156981,44.5492,-0.175205,40.634752,-27.611309,44.7126,0.668960,0.189883,-0.353332,-0.568035,-0.018052,0.189023
208,30.791,B,1,41.637061,-27.215471,40.388557,-28.028239,0.455645,-0.189213,43.6671,-0.167127,43.4880,-0.182873,40.839728,-27.476423,43.6624,0.712780,0.838949,-0.451171,-0.551815,0.797333,0.260952
209,30.959,B,1,41.556700,-26.944850,40.655317,-27.867310,0.464191,-0.183697,42.5526,-0.178287,42.3614,-0.202523,41.042099,-27.344461,42.5457,0.650363,0.651539,-0.386782,-0.522849,0.514601,0.399611
210,31.117,B,1,41.538100,-27.643907,40.851590,-27.690477,0.475719,-0.169539,41.6117,-0.187288,41.1797,-0.210390,41.239167,-27.216368,41.3720,0.612369,0.521681,-0.387577,-0.474109,0.298933,-0.427539
211,31.302,B,1,42.194281,-26.968780,41.025680,-27.662264,0.439986,-0.166455,40.1397,-0.199681,39.9550,-0.223544,41.428900,-27.091258,40.1534,0.699023,0.775120,-0.403220,-0.571006,0.765382,0.122479
212,31.471,B,1,42.607290,-27.638821,41.278380,-27.524054,0.445419,-0.161596,38.8308,-0.207651,38.6943,-0.222650,41.611277,-26.967370,38.8983,0.648628,1.201203,-0.332897,-0.556684,0.996013,-0.671451
213,31.630,B,1,42.288214,-26.506226,41.556408,-27.531170,0.435366,-0.181989,37.5953,-0.214101,37.3970,-0.226286,41.788497,-26.843246,37.6073,0.726019,0.602743,-0.232088,-0.687924,0.499717,0.337020
214,31.807,B,1,43.180981,-26.177639,41.730818,-27.337987,0.437748,-0.154428,36.2412,-0.222845,36.0567,-0.231284,41.963894,-26.718325,36.2743,0.662046,1.331782,-0.233076,-0.619662,1.217088,0.540687
215,31.949,B,1,42.775013,-26.639178,42.031966,-27.119683,0.462580,-0.141690,34.8647,-0.229762,34.6684,-0.243747,42.140102,-26.592760,34.8937,0.537905,0.636605,-0.108136,-0.526923,0.634911,-0.046418
216,32.092,B,1,42.117749,-26.796142,42.208732,-27.020758,0.449837,-0.131601,33.4428,-0.237071,33.2343,-0.262596,42.317626,-26.466893,33.4665,0.564468,0.385170,-0.108894,-0.553865,-0.199876,-0.329250
217,32.240,B,1,42.412670,-26.420096,42.235862,-26.968044,0.409020,-0.110545,31.9677,-0.245060,31.7628,-0.264862,42.494691,-26.340974,32.0004,0.678387,0.113963,-0.258829,-0.627070,-0.082020,-0.079122
218,32.381,B,1,42.979594,-26.857066,42.306679,-26.859321,0.386639,-0.087877,30.4607,-0.252110,30.2623,-0.261755,42.668272,-26.215261,30.5041,0.738623,0.713327,-0.361593,-0.644061,0.311322,-0.641805
219,32.542,B,1,44.221184,-26.330479,42.462844,-26.848066,0.369335,-0.093384,28.9252,-0.258296,28.7359,-0.260499,42.835759,-26.090260,28.9819,0.844592,1.406097,-0.372915,-0.757806,1.385426,-0.240219
220,32.693,B,1,43.598139,-26.375919,42.811291,-26.747809,0.396869,-0.104301,27.3680,-0.263459,27.1815,-0.273391,42.996296,-25.966725,27.4322,0.802695,0.727774,-0.185005,-0.781084,0.601843,-0.409194
221,32.838,B,1,43.463951,-26.512591,42.989990,-26.673817,0.389878,-0.098202,25.7842,-0.268459,25.5953,-0.279101,43.150939,-25.845265,25.8513,0.844040,0.737090,-0.160949,-0.828552,0.313013,-0.667326
222,32.984,B,1,44.124408,-26.275100,43.112315,-26.638014,0.370064,-0.092585,24.1677,-0.273739,23.9755,-0.278418,43.301915,-25.725792,24.2369,0.931717,0.989057,-0.189600,-0.912222,0.822493,-0.549308
223,33.130,B,1,44.820408,-25.560929,43.328657,-26.567898,0.372712,-0.090278,22.5302,-0.278269,22.3252,-0.285708,43.451631,-25.607223,22.5911,0.968514,1.369559,-0.122974,-0.960675,1.368776,0.046293
224,33.269,B,1,43.926460,-24.905222,43.630950,-26.384198,0.401432,-0.074782,20.8350,-0.284999,20.6508,-0.288561,43.601712,-25.487933,20.9200,0.896742,0.667093,0.029238,-0.896265,0.324748,0.582711
225,33.401,B,1,44.534392,-25.702479,43.722850,-26.114790,0.396119,-0.024612,19.1332,-0.289646,18.9575,-0.302500,43.752435,-25.366825,19.2296,0.748549,0.850953,-0.029585,-0.747964,0.781957,-0.335654
226,33.539,B,1,44.704299,-26.023044,43.904213,-26.032068,0.390836,-0.021038,17.4060,-0.294108,17.2454,-0.296967,43.902735,-25.244148,17.5208,0.787921,1.117669,0.001478,-0.787919,0.801564,-0.778896
227,33.688,B,1,44.809616,-24.633034,44.083047,-26.021985,0.379915,-0.030070,15.6733,-0.297199,15.5102,-0.308451,44.050642,-25.121453,15.7896,0.901115,0.902548,0.032405,-0.900532,0.758973,0.488419
228,33.823,B,1,44.546987,-25.114693,44.248905,-25.768729,0.386156,0.009771,13.9069,-0.301276,13.7475,-0.308124,44.194127,-25.000626,14.0315,0.770054,0.370838,0.054777,-0.768103,0.352859,-0.114067
229,33.955,B,1,44.978631,-25.004098,44.338122,-25.643241,0.367169,0.027354,12.1093,-0.306084,11.9572,-0.308911,44.331980,-24.882600,12.2454,0.760665,0.657966,0.006142,-0.760640,0.646651,-0.121498
230,34.110,B,1,44.959829,-24.403423,44.486374,-25.520392,0.361006,0.039422,10.2967,-0.309939,10.1430,-0.314906,44.490139,-24.743747,10.0700,0.776654,0.580025,-0.003765,-0.776645,0.469690,0.340324
231,34.245,B,1,45.518065,-24.698332,44.604680,-25.312541,0.354077,0.069423,8.4648,-0.313611,8.3113,-0.316590,44.592296,-24.651526,8.6053,0.661131,0.926952,0.012384,-0.661015,0.925769,-0.046806
232,34.395,B,1,45.310288,-25.609595,44.800187,-25.192612,0.357504,0.075824,6.6214,-0.316479,6.4672,-0.327926,44.743596,-24.511812,6.3932,0.683148,1.235422,0.056591,-0.680800,0.566692,-1.097783
233,34.530,B,1,45.090139,-24.478355,44.924117,-25.256265,0.337713,0.049796,4.7546,-0.319847,4.6114,-0.321680,44.870339,-24.393937,4.5369,0.864003,0.235453,0.053778,-0.862327,0.219800,-0.084417
234,34.668,B,1,44.989313,-23.730198,44.987317,-25.110666,0.316540,0.071368,2.8118,-0.322017,2.7400,-0.330732,44.998666,-24.275993,2.6648,0.834751,0.545874,-0.011349,-0.834674,-0.009353,0.545794
235,34.794,B,1,46.074169,-25.201602,45.011260,-24.859921,0.300274,0.116431,1.3597,-0.325507,0.8480,-0.324449,45.101891,-24.182683,1.1523,0.683276,1.408375,-0.090631,-0.677239,0.972278,-1.018919
236,34.933,B,1,45.029382,-23.547332,45.233103,-24.908207,0.302411,0.085784,-0.9380,-0.329044,-1.0669,-0.336123,45.229800,-24.068148,-0.7590,0.840065,0.558048,0.003303,-0.840059,-0.200418,0.520816
237,35.072,B,1,45.121095,-24.450236,45.221233,-24.661330,0.276400,0.129474,-2.4892,-0.332003,-3.0023,-0.334078,45.378563,-23.933220,-3.0801,0.744913,0.577577,-0.157330,-0.728110,-0.257468,-0.517016
238,35.211,B,1,45.465513,-24.711952,45.235783,-24.610977,0.241460,0.122497,-4.8992,-0.334928,-4.9530,-0.342507,45.497087,-23.821260,-5.0313,0.831825,0.891252,-0.261304,-0.789718,-0.031574,-0.890692
239,35.329,B,1,46.469713,-24.336155,45.299824,-24.620037,0.226466,0.106813,-6.7958,-0.338339,-6.9142,-0.343538,45.588509,-23.731104,-6.5998,0.934633,1.068928,-0.288684,-0.888932,0.881205,-0.605050
240,35.457,B,1,45.556795,-23.677990,45.530657,-24.562927,0.246626,0.106755,-8.7693,-0.340339,-8.8838,-0.338237,45.699873,-23.617523,-8.5680,0.960428,0.155331,-0.169216,-0.945404,-0.143078,-0.060467
241,35.595,B,1,46.308308,-24.597165,45.560824,-24.399611,0.222777,0.128272,-10.7587,-0.342721,-10.8635,-0.343713,45.810150,-23.503907,-10.5459,0.929758,1.201405,-0.249326,-0.895704,0.498158,-1.093257
242,35.742,B,1,45.870888,-24.188533,45.717955,-24.427078,0.228640,0.110704,-12.8428,-0.345293,-12.8574,-0.349420,45.943947,-23.369678,-12.9375,1.081281,0.822108,-0.225992,-1.057401,-0.073058,-0.818855
243,35.883,B,1,45.986948,-24.185623,45.763416,-24.380884,0.215612,0.111491,-14.3706,-0.346854,-14.8678,-0.362515,46.034804,-23.282275,-14.5450,1.131633,0.904615,-0.271387,-1.098609,-0.047856,-0.903348
244,36.019,B,1,46.343317,-23.283939,45.829391,-24.340791,0.197854,0.106818,-16.8193,-0.350634,-16.8938,-0.352398,46.149856,-23.175250,-16.5687,1.208794,0.221902,-0.320465,-1.165541,0.193460,-0.108689
245,36.155,B,1,46.954007,-23.917743,45.942450,-24.149377,0.190544,0.137007,-18.8731,-0.353535,-18.9325,-0.355864,46.265174,-23.069671,-18.6056,1.126905,1.092574,-0.322724,-1.079706,0.688833,-0.848072
246,36.290,B,1,45.681867,-24.167224,46.143918,-24.102548,0.206049,0.139401,-20.9249,-0.355107,-20.9811,-0.358887,46.378989,-22.964246,-20.6527,1.162321,1.390372,-0.235071,-1.138302,-0.697122,-1.202978
247,36.426,B,1,47.916763,-23.352681,46.085169,-24.108703,0.170701,0.119796,-22.9935,-0.357208,-23.0394,-0.361703,46.489974,-22.858275,-22.7093,1.314320,1.510022,-0.404805,-1.250428,1.426790,-0.494405
248,36.564,B,1,47.106379,-23.720805,46.430577,-23.971378,0.210176,0.152382,-24.8943,-0.343994,-24.8834,-0.242696,46.597615,-22.753373,-24.6536,1.229406,1.093053,-0.167038,-1.218005,0.508764,-0.967432
249,36.703,B,1,47.576457,-23.810199,46.575258,-23.922511,0.210333,0.153764,-26.4685,-0.317069,-26.4522,-0.356594,46.696125,-22.652867,-26.1362,1.275385,1.454099,-0.120868,-1.269645,0.880332,-1.157333
250,36.839,B,1,47.277462,-23.588444,46.777997,-23.899466,0.222627,0.154985,-28.7876,-0.354610,-28.8031,-0.375111,46.799942,-22.544629,-28.4498,1.355014,1.147856,-0.021945,-1.354837,0.477519,-1.043815
251,36.983,B,1,47.213045,-22.957887,46.892851,-23.841818,0.213778,0.157141,-30.4224,-0.321593,-30.3469,-0.210721,46.898525,-22.444218,-30.1603,1.397611,0.602311,-0.005675,-1.397599,0.314520,-0.513669
252,37.132,B,1,47.369308,-23.622771,46.975578,-23.682493,0.190998,0.175783,-32.1173,-0.313662,-32.1067,-0.388055,46.997796,-22.347229,-31.7577,1.335448,1.328544,-0.022219,-1.335264,0.371512,-1.275542
253,37.300,B,1,47.372477,-22.955694,47.070166,-23.667762,0.184496,0.166949,-33.8057,-0.301859,-33.7281,-0.198172,47.101369,-22.250568,-33.5452,1.417537,0.755448,-0.031204,-1.417194,0.271108,-0.705126
254,37.457,B,1,47.662919,-23.198109,47.147922,-23.538057,0.164623,0.178662,-35.3807,-0.292809,-35.3301,-0.291527,47.206528,-22.161535,-35.0528,1.377769,1.132598,-0.058606,-1.376522,0.456391,-1.036574
255,37.619,B,1,47.862202,-22.180638,47.262469,-23.473141,0.159020,0.181220,-36.8008,-0.273736,-36.7322,-0.277588,47.318572,-22.080272,-36.4783,1.393998,0.552816,-0.056103,-1.392868,0.543629,-0.100365
256,37.802,B,1,47.752377,-22.882731,47.392363,-23.239009,0.138363,0.214839,-38.2324,-0.263323,-38.1259,-0.230805,47.434555,-22.003711,-37.9076,1.236018,0.934712,-0.042192,-1.235297,0.317822,-0.879020
257,37.979,B,1,47.797596,-22.942670,47.479813,-23.167949,0.129096,0.211987,-39.5596,-0.249937,-39.4551,-0.226444,47.550491,-21.930735,-39.2465,1.239231,1.041669,-0.070678,-1.237214,0.247105,-1.011935
258,38.167,B,1,47.180177,-22.730128,47.558998,-23.120337,0.121617,0.204755,-40.8279,-0.237746,-40.7240,-0.218861,47.666104,-21.860165,-40.5251,1.264715,0.996474,-0.107106,-1.260172,-0.485927,-0.869962
259,38.354,B,1,48.236608,-23.833272,47.513544,-23.043676,0.090652,0.188557,-42.0354,-0.226198,-41.9306,-0.201258,47.783237,-21.792539,-41.7419,1.279875,2.090488,-0.269693,-1.251137,0.453372,-2.040733
260,38.544,B,1,48.264939,-21.483794,47.660489,-23.176797,0.119888,0.163446,-43.1603,-0.213479,-43.0724,-0.187686,47.904968,-21.729799,-42.8941,1.467506,0.436001,-0.244479,-1.446998,0.359971,0.246004
261,38.722,B,1,49.095950,-22.785289,47.787714,-22.872442,0.087489,0.209089,-44.2434,-0.203243,-44.1493,-0.178408,48.034091,-21.674745,-43.9812,1.222776,1.536507,-0.246376,-1.197698,1.061859,-1.110544
262,38.899,B,1,48.436369,-22.380129,48.040522,-22.848912,0.113351,0.221590,-45.2647,-0.192660,-45.1655,-0.168920,48.171739,-21.629762,-45.0068,1.226191,0.795663,-0.131217,-1.219150,0.264630,-0.750367
263,39.083,B,1,48.848308,-22.463107,48.133934,-22.758495,0.102148,0.222426,-46.2499,-0.183998,-46.1271,-0.165402,48.316949,-21.595428,-45.9767,1.177378,1.017452,-0.183016,-1.163066,0.531359,-0.867679
264,39.257,B,1,48.892767,-22.507417,48.283389,-22.698549,0.104278,0.226249,-47.1877,-0.175479,-47.0386,-0.160427,48.467264,-21.569999,-46.8960,1.143431,1.029468,-0.183875,-1.128550,0.425502,-0.937418
265,39.421,B,1,48.572871,-22.101828,48.414668,-22.657367,0.105529,0.224602,-48.0741,-0.166695,-47.9024,-0.151760,48.619886,-21.550152,-47.7674,1.126072,0.553676,-0.205218,-1.107215,-0.047015,-0.551676
266,39.578,B,1,49.492153,-22.402959,48.465811,-22.551774,0.085457,0.221335,-48.9010,-0.157225,-48.7197,-0.141966,48.772913,-21.532795,-48.5920,1.064251,1.128934,-0.307102,-1.018979,0.719241,-0.870164
267,39.722,B,1,49.533001,-22.386609,48.669881,-22.517819,0.099436,0.230215,-49.6643,-0.147139,-49.4915,-0.128983,48.925929,-21.516673,-49.3710,1.033370,1.060813,-0.256048,-1.001146,0.607072,-0.869936
268,39.869,B,1,49.418104,-22.261332,48.846531,-22.487703,0.107963,0.233922,-50.3835,-0.138164,-50.2197,-0.117780,49.079724,-21.502669,-50.1060,1.012261,0.830705,-0.233193,-0.985035,0.338380,-0.758663
269,40.030,B,1,50.352968,-21.655373,48.967205,-22.442592,0.107749,0.236899,-50.9304,-0.131644,-50.9072,-0.114989,49.267452,-21.492296,-50.9338,0.996599,1.097697,-0.300247,-0.950295,1.085516,-0.163076
270,40.177,B,1,49.073496,-22.476127,49.243052,-22.295148,0.107759,0.267045,-51.7501,-0.123970,-51.5564,-0.106850,49.428577,-21.492720,-51.5816,0.823596,1.045549,-0.185524,-0.802428,-0.355081,-0.983407
271,40.320,B,1,49.041915,-22.442302,49.240299,-22.319416,0.098324,0.232417,-52.3857,-0.116784,-52.1688,-0.106754,49.595244,-21.503496,-52.1926,0.889782,1.089739,-0.354945,-0.815920,-0.553329,-0.938806
272,40.455,B,1,49.245702,-23.130065,49.227331,-22.335460,0.087617,0.201614,-52.9535,-0.111521,-52.7446,-0.101202,49.767466,-21.524223,-52.7669,0.974604,1.688481,-0.540135,-0.811237,-0.521764,-1.605842
273,40.586,B,1,50.385212,-22.123689,49.246215,-22.472422,0.103907,0.167773,-53.3827,-0.107332,-53.2846,-0.093714,49.908406,-21.546355,-53.2005,1.138463,0.748772,-0.662191,-0.926067,0.476806,-0.577335
274,40.735,B,1,50.120113,-22.259324,49.470416,-22.408857,0.107883,0.188163,-54.0071,-0.099519,-53.7927,-0.088729,50.086663,-21.578229,-53.7133,1.034265,0.681916,-0.616247,-0.830628,0.033451,-0.681095
275,40.884,B,1,50.393915,-21.509774,49.602215,-22.380667,0.109950,0.195675,-54.3946,-0.094472,-54.2749,-0.076832,50.265062,-21.612466,-54.1992,1.014643,0.164768,-0.662847,-0.768201,0.128853,0.102692
276,41.029,B,1,50.637394,-22.522776,49.767807,-22.223293,0.089877,0.214908,-54.9613,-0.089297,-54.7361,-0.071240,50.442154,-21.648224,-54.6636,0.886255,0.896080,-0.674347,-0.575068,0.195240,-0.874552
277,41.193,B,1,50.720955,-22.950442,49.944318,-22.271920,0.108735,0.212777,-55.4092,-0.084969,-55.1789,-0.070554,50.617863,-21.686209,-55.1093,0.892591,1.268430,-0.673544,-0.585711,0.103092,-1.264233
278,41.328,B,1,50.727439,-23.247512,50.105152,-22.389736,0.134618,0.200303,-55.8213,-0.079797,-55.6025,-0.070895,50.793526,-21.728224,-55.5361,0.954702,1.520725,-0.688374,-0.661511,-0.066087,-1.519288
279,41.479,B,1,51.316865,-22.709608,50.238972,-22.542342,0.159929,0.181055,-56.2274,-0.076506,-56.0042,-0.070114,50.971447,-21.776664,-55.9415,1.059614,0.994835,-0.732475,-0.765677,0.345418,-0.932943
280,41.627,B,1,51.030846,-23.267678,50.453750,-22.575368,0.172061,0.191843,-56.6092,-0.072734,-56.3823,-0.063753,51.153645,-21.833522,-56.3234,1.019896,1.439404,-0.699894,-0.741846,-0.122799,-1.434156
281,41.779,B,1,51.227576,-23.476510,50.580832,-22.702465,0.187966,0.176141,-57.2185,-0.090156,-57.0674,-0.199451,51.341681,-21.896811,-56.8864,1.108138,1.583815,-0.760849,-0.805654,-0.114105,-1.579700
282,41.913,B,1,51.746646,-23.501279,50.719760,-22.846551,0.206185,0.162611,-57.9731,-0.105098,-57.7922,-0.037264,51.527663,-21.957730,-57.7421,1.201129,1.559005,-0.807903,-0.888821,0.218983,-1.543549
283,42.055,B,1,51.839983,-22.874110,50.926293,-22.971482,0.226743,0.164523,-58.0320,-0.066011,-57.8431,-0.069735,51.711187,-22.025206,-57.7942,1.229430,0.858618,-0.784894,-0.946276,0.128796,-0.848904
284,42.203,B,1,51.785514,-23.812805,51.113750,-22.964729,0.220252,0.178190,-58.8666,-0.102924,-58.7547,-0.177461,51.892318,-22.083914,-58.5847,1.175586,1.732187,-0.778568,-0.880815,-0.106804,-1.728891
285,42.353,B,1,52.336008,-22.915766,51.258773,-23.125122,0.238018,0.164716,-59.4268,-0.097872,-59.2578,-0.034873,52.068947,-22.142284,-59.2345,1.273716,0.818288,-0.810174,-0.982838,0.267061,-0.773482
286,42.503,B,1,51.301025,-22.918680,51.475732,-23.099836,0.229673,0.185796,-60.1220,-0.111559,-60.0427,-0.221547,52.242660,-22.199418,-59.8435,1.182764,1.184911,-0.766928,-0.900418,-0.941635,-0.719263
287,42.649,B,1,52.881435,-23.378298,51.471050,-23.078030,0.198710,0.166052,-60.9162,-0.120231,-60.7985,-0.096767,52.415879,-22.253081,-60.7163,1.254290,1.217726,-0.944829,-0.824949,0.465555,-1.125217
288,42.793,B,1,51.531759,-23.372046,51.745146,-23.140876,0.215387,0.188019,-61.8107,-0.136358,-61.7172,-0.128842,52.588589,-22.306957,-61.5917,1.186093,1.500434,-0.843443,-0.833919,-1.056830,-1.065089
289,42.952,B,1,53.371103,-23.201964,51.732748,-23.191878,0.197950,0.159057,-62.6874,-0.144140,-62.6249,-0.168815,52.761022,-22.362405,-62.4704,1.321126,1.037814,-1.028274,-0.829473,0.610081,-0.839559
290,43.105,B,1,53.458139,-22.950569,52.046563,-23.204112,0.208809,0.194928,-63.6613,-0.155361,-63.6178,-0.178799,52.932763,-22.418798,-63.4545,1.184089,0.747530,-0.886199,-0.785314,0.525376,-0.531771
291,43.237,B,1,52.975116,-24.082836,52.323460,-23.169218,0.205611,0.225223,-64.6903,-0.165679,-64.6756,-0.187035,53.102639,-22.476023,-64.5021,1.042899,1.611865,-0.779179,-0.693195,-0.127523,-1.606813
292,43.381,B,1,52.476034,-22.310068,52.467160,-23.340883,0.226096,0.208641,-65.8034,-0.177834,-65.7949,-0.201771,53.269965,-22.532708,-65.6119,1.139141,0.824557,-0.802805,-0.808175,-0.793931,0.222640
293,43.527,B,1,52.687333,-23.419708,52.496066,-23.169319,0.171467,0.206052,-66.9654,-0.188475,-66.9699,-0.203095,53.434799,-22.587482,-66.7784,1.104425,1.118617,-0.938733,-0.581837,-0.747466,-0.832226
294,43.675,B,1,53.817614,-23.107352,52.554615,-23.221620,0.166172,0.188404,-68.1923,-0.199260,-68.1953,-0.211213,53.597661,-22.639661,-67.9960,1.194412,0.516831,-1.043046,-0.581958,0.219953,-0.467691
295,43.819,B,1,53.551177,-23.936100,52.802041,-23.210003,0.166118,0.213276,-69.4741,-0.209666,-69.4677,-0.234833,53.791090,-22.699310,-69.5196,1.113116,1.259845,-0.989049,-0.510694,-0.239913,-1.236790
296,43.956,B,1,53.826498,-24.543058,52.959844,-23.347484,0.185235,0.206587,-70.8034,-0.219139,-70.7869,-0.239188,53.918914,-22.738266,-70.5726,1.136204,1.807157,-0.959069,-0.609218,-0.092416,-1.804792
297,44.095,B,1,53.550735,-23.910857,53.132945,-23.568057,0.223958,0.202466,-71.8993,-0.226047,-72.1535,-0.248558,54.077363,-22.787542,-71.9316,1.225206,1.240635,-0.944417,-0.780515,-0.526628,-1.123316
298,44.229,B,1,54.045977,-24.258623,53.235829,-23.646160,0.215497,0.188620,-73.6049,-0.236541,-73.5671,-0.255438,54.234314,-22.838603,-73.3379,1.284180,1.432455,-0.998484,-0.807557,-0.188336,-1.420020
299,44.387,B,1,54.633133,-24.346713,53.403768,-23.771071,0.225808,0.189909,-75.1021,-0.242765,-75.0254,-0.251336,54.420820,-22.902472,-75.0846,1.337483,1.459763,-1.017052,-0.868599,0.212313,-1.444241
300,44.517,B,1,54.545854,-24.152534,53.644494,-23.889827,0.238838,0.206848,-76.5315,-0.249548,-76.5241,-0.264668,54.574900,-22.956802,-76.5849,1.317646,1.196085,-0.930406,-0.933025,-0.029046,-1.195732
301,44.650,B,1,54.492186,-24.064061,53.829120,-23.954848,0.235024,0.214813,-78.0543,-0.256395,-78.0599,-0.271001,54.697337,-23.000005,-77.8118,1.290553,1.083652,-0.868217,-0.954843,-0.205151,-1.064056
302,44.799,B,1,54.432430,-24.222446,53.973793,-23.993956,0.223136,0.215880,-79.4975,-0.243708,-79.3343,-0.135391,54.878370,-23.066641,-79.3640,1.295443,1.238849,-0.904577,-0.927315,-0.445940,-1.155805
303,44.937,B,1,55.810218,-24.066892,54.072714,-24.047102,0.218646,0.213436,-80.2641,-0.226773,-80.5680,-0.298643,54.997145,-23.112955,-80.3056,1.314232,1.253429,-0.924431,-0.934148,0.813072,-0.953938
304,45.082,B,1,54.137024,-24.756081,54.402815,-24.068100,0.213805,0.254961,-82.0993,-0.267244,-82.4568,-0.270615,55.147969,-23.178633,-82.1962,1.160347,1.873593,-0.745154,-0.889467,-1.010945,-1.577448
305,45.210,B,1,54.695649,-24.533833,54.381400,-24.206259,0.215724,0.215074,-83.3926,-0.246306,-83.5238,-0.173479,55.290726,-23.248096,-83.3769,1.320966,1.416770,-0.909326,-0.958163,-0.595077,-1.285737
306,45.346,B,1,55.056578,-24.427663,54.463291,-24.285765,0.204658,0.199125,-84.9516,-0.240455,-85.0053,-0.301085,55.434702,-23.321906,-84.7151,1.368453,1.168622,-0.971411,-0.963859,-0.378124,-1.105757
307,45.485,B,1,55.457776,-25.011243,54.589302,-24.329259,0.193688,0.200107,-86.2499,-0.230659,-86.1869,-0.144414,55.577884,-23.401266,-86.0579,1.355900,1.614451,-0.988582,-0.927993,-0.120108,-1.609977
308,45.619,B,1,56.125045,-24.810213,55.001581,-24.528449,0.224411,0.260751,-87.5543,-0.227724,-87.4693,-0.229749,55.719302,-23.486685,-87.2497,1.265068,1.384324,-0.717721,-1.041764,0.405743,-1.323527
309,45.762,B,1,55.870116,-24.442193,55.026413,-24.548205,0.202851,0.235697,-88.6245,-0.214385,-88.5796,-0.212849,55.858157,-23.579040,-88.3849,1.277137,0.863235,-0.831744,-0.969165,0.011959,-0.863153
310,45.904,B,1,55.566418,-24.272904,55.199401,-24.548709,0.182689,0.243610,-89.7360,-0.205513,-89.6774,-0.188258,55.994637,-23.678775,-89.5042,1.178637,0.732366,-0.795235,-0.869934,-0.428218,-0.594129
311,46.060,B,1,55.278072,-24.098300,55.288150,-24.517374,0.156310,0.234173,-90.7903,-0.196337,-90.7318,-0.170495,56.128169,-23.785609,-90.5665,1.114053,0.905782,-0.840020,-0.731765,-0.850097,-0.312691
312,46.204,B,1,56.117025,-24.722961,55.308705,-24.458293,0.126202,0.212211,-91.7928,-0.187350,-91.7359,-0.168480,56.259531,-23.898727,-91.5787,1.103260,0.836462,-0.950826,-0.559565,-0.142505,-0.824233
313,46.340,B,1,55.584187,-24.821781,55.472304,-24.518435,0.124755,0.220567,-92.7482,-0.178413,-92.6883,-0.159972,56.389468,-24.017056,-92.5394,1.045261,1.138446,-0.917164,-0.501379,-0.805282,-0.804724
314,46.484,B,1,56.877416,-25.392064,55.512656,-24.585485,0.123790,0.203195,-93.6528,-0.169543,-93.5906,-0.158188,56.518183,-24.139879,-93.4494,1.099841,1.302695,-1.005527,-0.445606,0.359233,-1.252185
315,46.619,B,1,56.354600,-25.028510,55.773848,-24.742498,0.141052,0.232908,-94.5226,-0.161961,-94.4469,-0.150591,56.645170,-24.267085,-94.3128,0.992582,0.814984,-0.871322,-0.475413,-0.290570,-0.761425
316,46.754,B,1,56.209053,-26.442859,55.898275,-24.808895,0.137469,0.231674,-95.3567,-0.154971,-95.2614,-0.138594,56.769671,-24.398955,-95.1338,0.963006,2.119395,-0.871396,-0.409939,-0.560618,-2.043904
317,46.890,B,1,56.785760,-25.878707,55.974038,-25.114948,0.182849,0.222651,-96.1371,-0.147016,-96.0362,-0.133082,56.891269,-24.535965,-95.9149,1.084682,1.346881,-0.917231,-0.578983,-0.105509,-1.342742
318,47.029,B,1,56.652856,-25.775591,56.137619,-25.270849,0.191352,0.231940,-96.8751,-0.139242,-96.7703,-0.123157,57.010157,-24.678718,-96.6557,1.054486,1.153601,-0.872537,-0.592132,-0.357301,-1.096873
319,47.162,B,1,57.612485,-25.718443,56.249037,-25.381750,0.189930,0.229433,-97.5803,-0.132499,-97.4615,-0.109934,57.126920,-24.827674,-97.3538,1.038113,1.014516,-0.877883,-0.554076,0.485565,-0.890770
320,47.294,B,1,56.533203,-26.895311,56.510961,-25.462987,0.179817,0.257479,-98.2306,-0.124692,-98.1092,-0.116095,57.242061,-24.982744,-98.0084,0.874724,2.039704,-0.731100,-0.480243,-0.708859,-1.912567
321,47.429,B,1,56.956972,-25.947638,56.536615,-25.738571,0.213997,0.238462,-98.8427,-0.117215,-98.7159,-0.108561,57.355624,-25.143173,-98.6214,1.012558,0.897824,-0.819008,-0.595398,-0.398651,-0.804466
322,47.577,B,1,57.434076,-25.900795,56.630820,-25.799751,0.199304,0.231470,-99.4220,-0.110575,-99.2865,-0.093798,57.467137,-25.307924,-99.1974,0.970216,0.593792,-0.836317,-0.491827,-0.033061,-0.592871
323,47.721,B,1,57.790968,-26.947828,56.792508,-25.840444,0.180274,0.238485,-99.9701,-0.104450,-99.8257,-0.091595,57.575996,-25.476249,-99.7414,0.863997,1.487198,-0.783488,-0.364195,0.214972,-1.471579
324,47.860,B,1,56.875154,-26.742191,56.989542,-26.058745,0.197840,0.256653,-100.4827,-0.098210,-100.3354,-0.084125,57.682000,-25.647938,-100.2558,0.805146,1.359555,-0.692458,-0.410807,-0.806846,-1.094253
325,48.000,B,1,57.141738,-27.866564,56.989825,-26.203570,0.203881,0.231455,-100.9671,-0.092703,-100.8145,-0.082669,57.785532,-25.823256,-100.7400,0.881923,2.142330,-0.795707,-0.380314,-0.643794,-2.043308
326,48.131,B,1,57.552670,-27.078290,57.034699,-26.523065,0.242857,0.223925,-101.4144,-0.086654,-101.2612,-0.074726,57.887185,-26.002826,-101.1920,0.998689,1.126287,-0.852486,-0.520239,-0.334514,-1.075464
327,48.262,B,1,57.411422,-27.080604,57.143251,-26.649100,0.236252,0.224178,-101.8219,-0.080282,-101.6750,-0.066944,57.987167,-26.187383,-101.6109,0.961964,1.062698,-0.843915,-0.461717,-0.575745,-0.893221
328,48.393,B,1,57.755098,-28.282495,57.207354,-26.752626,0.227239,0.214893,-102.2086,-0.075099,-102.0587,-0.067707,58.085085,-26.377328,-101.9991,0.954600,1.933534,-0.877731,-0.375298,-0.329988,-1.905167
329,48.555,B,1,58.326436,-28.503099,57.320214,-27.050739,0.256179,0.223783,-102.5643,-0.069777,-102.4170,-0.062884,58.198913,-26.611986,-102.4309,0.982149,1.895408,-0.878699,-0.438753,0.127523,-1.891113
330,48.688,B,1,58.176248,-28.193932,57.514776,-27.338135,0.276191,0.247971,-102.9086,-0.065953,-102.7542,-0.050216,58.290210,-26.812231,-102.7672,0.936948,1.386393,-0.775433,-0.525904,-0.113962,-1.381701
331,48.831,B,1,57.787120,-28.509672,57.645935,-27.515121,0.280866,0.258867,-103.1640,-0.062606,-103.0718,-0.053170,58.378424,-27.015948,-103.0841,0.886405,1.606503,-0.732489,-0.499173,-0.591304,-1.493724
332,48.969,B,1,58.025159,-29.216340,57.691625,-27.728890,0.283041,0.241580,-103.5199,-0.057774,-103.3693,-0.050141,58.464151,-27.222770,-103.3808,0.923556,2.041332,-0.772527,-0.506120,-0.438993,-1.993571
333,49.083,B,1,57.841546,-28.682280,57.767015,-28.025470,0.305760,0.241468,-103.8004,-0.054199,-103.6454,-0.043701,58.531346,-27.390434,-103.6027,0.993716,1.464476,-0.764331,-0.635036,-0.689800,-1.291846
334,49.217,B,1,57.592150,-29.404725,57.795746,-28.176446,0.298947,0.226050,-104.0446,-0.049568,-103.9003,-0.039222,58.613737,-27.602928,-103.8609,0.999016,2.071259,-0.817991,-0.573518,-1.021587,-1.801797
335,49.353,B,1,58.713276,-28.996659,57.773493,-28.428148,0.315112,0.207065,-104.2827,-0.046394,-104.1370,-0.041411,58.693884,-27.819018,-104.1002,1.103702,1.177800,-0.920391,-0.609129,0.019392,-1.177640
336,49.493,B,1,58.158156,-28.920260,57.949543,-28.556633,0.303138,0.229515,-104.4697,-0.044681,-104.3597,-0.032785,58.770915,-28.039180,-104.3249,0.970778,1.073208,-0.821373,-0.517453,-0.612759,-0.881080
337,49.619,B,1,57.612751,-29.450118,58.003303,-28.661337,0.279398,0.213626,-104.7366,-0.041480,-104.5718,-0.034187,58.858348,-28.309174,-104.5801,0.924727,1.689161,-0.855045,-0.352163,-1.245597,-1.140944
338,49.748,B,1,59.154821,-29.831360,57.944010,-28.825106,0.289673,0.189925,-104.8710,-0.038150,-104.7740,-0.041089,58.913619,-28.492655,-104.7424,1.025020,1.360261,-0.969609,-0.332452,0.241202,-1.338706
339,49.887,B,1,59.137301,-29.279737,58.168652,-29.033802,0.286927,0.224214,-105.0641,-0.036457,-104.9651,-0.040484,58.992756,-28.772650,-104.9725,0.864493,0.527286,-0.824104,-0.261153,0.144545,-0.507088
340,50.020,B,1,58.447486,-29.900877,58.353365,-29.108265,0.259078,0.239555,-105.2443,-0.034597,-105.1440,-0.035674,59.043483,-28.962124,-105.1162,0.705422,1.111967,-0.690118,-0.146141,-0.595997,-0.938753
341,50.159,B,1,58.338085,-30.878456,58.387987,-29.283777,0.256305,0.222528,-105.4434,-0.032093,-105.3115,-0.035485,59.104819,-29.201652,-105.2854,0.721521,1.843787,-0.716832,-0.082125,-0.766734,-1.676804
342,50.292,B,1,58.406696,-30.169501,58.393074,-29.596759,0.287580,0.213973,-105.6114,-0.031281,-105.4709,-0.020658,59.163569,-29.443733,-105.4458,0.785544,1.048616,-0.770495,-0.153026,-0.756873,-0.725768
343,50.426,B,1,58.203253,-30.499094,58.407830,-29.730753,0.279750,0.199194,-105.7532,-0.028695,-105.6257,-0.028050,59.219142,-29.688164,-105.6011,0.812429,1.299860,-0.811312,-0.042589,-1.015889,-0.810930
344,50.554,B,1,58.470683,-31.282725,58.382517,-29.898468,0.281540,0.180153,-105.8980,-0.027402,-105.7779,-0.024759,59.271054,-29.935205,-105.7537,0.889297,1.567292,-0.888538,0.036737,-0.800371,-1.347520
345,50.687,B,1,58.421277,-31.911431,58.407368,-30.175505,0.301844,0.179084,-106.0402,-0.026563,-105.9269,-0.023255,59.319262,-30.185468,-105.9033,0.911948,1.945591,-0.911894,0.009963,-0.897985,-1.725963
346,50.823,B,1,59.060697,-30.964681,58.418290,-30.517014,0.333130,0.179066,-106.1683,-0.024758,-106.0409,0.021889,59.364119,-30.439491,-106.0460,0.949001,0.606539,-0.945829,-0.077522,-0.303422,-0.525190
347,50.959,B,1,59.264221,-32.438608,58.540704,-30.632161,0.310453,0.188557,-105.7209,0.019529,-105.5578,0.052909,59.403787,-30.686519,-105.6150,0.864793,1.757640,-0.863083,0.054358,-0.139566,-1.752090
348,51.091,B,1,58.589116,-32.933220,58.678673,-30.987364,0.336381,0.213262,-105.8352,-0.000105,-105.7452,-0.113600,59.444960,-30.934161,-105.6514,0.768132,2.174559,-0.766287,-0.053203,-0.855844,-1.999059
349,51.233,B,1,58.787415,-33.828108,58.673507,-31.370383,0.372611,0.208694,-105.9304,-0.003663,-105.7740,0.094215,59.485265,-31.180202,-105.8513,0.833739,2.738321,-0.811758,-0.190180,-0.697850,-2.647906
350,51.379,B,1,58.594916,-33.318454,58.703846,-31.847628,0.421185,0.216746,-105.3890,0.035481,-105.2403,0.015011,59.519509,-31.414794,-105.2701,0.923390,2.116315,-0.815663,-0.432833,-0.924592,-1.903659
351,51.518,B,1,58.955689,-32.930198,58.693773,-32.154055,0.432964,0.206544,-105.3117,0.027048,-105.1549,0.098551,59.553356,-31.655553,-105.2268,0.993674,1.407809,-0.859583,-0.498503,-0.597667,-1.274645
352,51.637,B,1,59.662036,-32.434400,58.749176,-32.337443,0.415830,0.203367,-104.6877,0.060334,-104.5498,0.065961,59.581596,-31.887439,-104.6067,0.946270,0.552844,-0.832420,-0.450004,0.080440,-0.546960
353,51.779,B,1,58.519423,-33.665812,58.920695,-32.398226,0.370453,0.216565,-104.2162,0.070355,-104.0640,0.123486,59.608528,-32.119778,-104.1684,0.742056,1.891130,-0.687833,-0.278448,-1.089105,-1.546034
354,51.914,B,1,58.670799,-33.301113,58.861153,-32.663407,0.382895,0.193790,-103.5989,0.085224,-103.4415,0.122366,59.633188,-32.346779,-103.5478,0.834440,1.355340,-0.772034,-0.316628,-0.962388,-0.954335
355,52.064,B,1,58.038484,-33.545673,58.837181,-32.817048,0.370166,0.174439,-102.8808,0.101776,-102.7040,0.132450,59.660860,-32.611968,-102.6733,0.848826,1.871874,-0.823679,-0.205080,-1.622376,-0.933706
356,52.180,B,1,59.385451,-33.359821,58.703882,-32.985209,0.367330,0.136306,-102.0992,0.116041,-101.8979,0.151267,59.678140,-32.784284,-102.0323,0.994762,0.645686,-0.974259,-0.200926,-0.292689,-0.575537
357,52.314,B,1,60.048156,-34.218269,58.831059,-33.089007,0.339223,0.150381,-101.2215,0.131191,-101.0137,0.152110,59.697955,-32.994924,-101.1602,0.871987,1.272483,-0.866896,-0.094082,0.350201,-1.223345
358,52.445,B,1,59.461654,-34.191142,59.056116,-33.324555,0.336131,0.188183,-100.2728,0.145092,-100.0815,0.135836,59.715379,-33.201402,-100.2154,0.670667,1.021745,-0.659263,-0.123153,-0.253725,-0.989740
359,52.576,B,1,58.832071,-34.645118,59.140389,-33.513758,0.331142,0.191304,-99.7938,0.117889,-99.6332,0.117876,59.732376,-33.412295,-99.7267,0.600619,1.526566,-0.591987,-0.101463,-0.900306,-1.232823
360,52.728,B,1,59.018390,-35.176957,59.098953,-33.749506,0.341643,0.170580,-98.7098,0.149874,-98.4829,0.284387,59.746822,-33.669742,-98.4198,0.652761,1.674010,-0.647869,-0.079764,-0.728432,-1.507215
361,52.862,B,1,59.307663,-35.526371,59.096627,-34.038427,0.359967,0.161515,-97.5916,0.164953,-97.4431,0.090236,59.756584,-33.844410,-97.5368,0.687885,1.740840,-0.659957,-0.194017,-0.448922,-1.681961
362,53.004,B,1,60.094727,-35.324900,59.142847,-34.331564,0.384511,0.166683,-97.2058,0.136460,-96.9054,0.158181,59.771645,-34.067672,-97.0489,0.681928,1.298077,-0.628798,-0.263892,0.323081,-1.257228
363,53.142,B,1,59.008574,-35.808850,59.326116,-34.552393,0.370135,0.187861,-95.9509,0.158322,-95.8118,0.124032,59.781700,-34.333767,-95.7845,0.505325,1.665410,-0.455584,-0.218626,-0.773125,-1.475083
364,53.281,B,1,59.353183,-35.105197,59.284587,-34.814917,0.381098,0.165559,-95.3723,0.132040,-95.2644,0.150138,59.793414,-34.556391,-95.2276,0.570737,0.703557,-0.508827,-0.258527,-0.440232,-0.548807
365,53.419,B,1,58.993736,-36.264311,59.309021,-34.902903,0.354604,0.153615,-94.5832,0.134420,-94.4616,0.089095,59.802518,-34.778446,-94.4409,0.508949,1.691722,-0.493497,-0.124457,-0.808783,-1.485865
366,53.549,B,1,59.764362,-36.479642,59.265786,-35.181790,0.370612,0.133875,-93.8560,0.128839,-93.7589,0.122591,59.812668,-35.003058,-93.7306,0.575348,1.477374,-0.546882,-0.178732,-0.048306,-1.476584
367,53.672,B,1,60.217901,-36.321915,59.362440,-35.439676,0.387634,0.147392,-93.3389,0.124981,-93.0868,0.110753,59.821245,-35.186145,-93.1925,0.524194,1.203042,-0.458804,-0.253532,0.396657,-1.135770
368,53.808,B,1,59.861082,-36.011809,59.529381,-35.641554,0.371829,0.164621,-92.5344,0.118812,-92.4430,0.109001,59.833721,-35.468244,-92.4178,0.350228,0.544253,-0.304340,-0.173310,0.027361,-0.543565
369,53.949,B,1,59.437289,-37.594560,59.602840,-35.743651,0.348439,0.161997,-91.8992,0.114891,-91.8288,0.106850,59.843012,-35.710344,-91.8049,0.242471,1.927403,-0.240172,-0.033307,-0.405723,-1.884216
370,54.085,B,1,59.133148,-36.747586,59.587659,-36.105508,0.382445,0.145558,-91.3138,0.110914,-91.2438,0.099960,59.851283,-35.957479,-91.2209,0.302342,1.067702,-0.263624,-0.148029,-0.718136,-0.790107
371,54.218,B,1,59.463379,-37.086540,59.520216,-36.256736,0.369779,0.116764,-90.7558,0.105002,-90.6841,0.098278,59.857672,-36.157356,-90.7721,0.351785,1.009381,-0.337456,-0.099381,-0.394293,-0.929184
372,54.344,B,1,59.334773,-37.449868,59.519000,-36.432472,0.371621,0.107230,-90.3224,0.101095,-90.1455,0.093411,59.866217,-36.408102,-90.2304,0.348070,1.169491,-0.347216,-0.024369,-0.531444,-1.041766
373,54.471,B,1,60.307023,-38.311196,59.499452,-36.651350,0.364379,0.090203,-89.6890,0.096361,-89.6254,0.082637,59.875929,-36.658684,-89.7074,0.376548,1.707817,-0.376477,0.007335,0.431094,-1.652512
374,54.607,B,1,59.690583,-37.507852,59.651142,-36.976016,0.396845,0.115138,-89.2721,0.094300,-89.1242,0.087541,59.888795,-36.959514,-89.1045,0.238225,0.583062,-0.237652,-0.016502,-0.198212,-0.548337
375,54.743,B,1,60.135702,-37.383675,59.671657,-37.114723,0.370681,0.103730,-88.6873,0.089666,-88.6442,0.078943,59.897436,-37.161393,-88.7195,0.230553,0.325852,-0.225780,0.046671,0.238266,-0.222281
376,54.881,B,1,59.630274,-39.293074,59.765456,-37.198081,0.344608,0.110661,-88.2300,0.085296,-88.1876,0.076264,59.907604,-37.417154,-88.2591,0.261150,1.896309,-0.142148,0.219073,-0.277330,-1.875920
377,55.016,B,1,59.858936,-38.568479,59.753365,-37.604712,0.387249,0.095280,-87.7844,0.082028,-87.7535,0.077202,59.916964,-37.678368,-87.8216,0.179415,0.892001,-0.163598,0.073656,-0.058027,-0.890111
378,55.148,B,1,59.518831,-39.606333,59.782977,-37.813333,0.384890,0.089688,-87.3645,0.078058,-87.3372,0.075880,59.926160,-37.945714,-87.4028,0.195003,1.709846,-0.143183,0.132381,-0.407329,-1.660619
379,55.296,B,1,59.433943,-39.732610,59.746528,-38.169420,0.412538,0.070493,-86.9553,0.075156,-86.9337,0.073207,59.936123,-38.218408,-86.9976,0.195821,1.595303,-0.189595,0.048988,-0.502180,-1.514202
380,55.436,B,1,59.698507,-39.691411,59.699998,-38.487139,0.429091,0.051057,-86.5588,0.072552,-86.5408,0.061074,59.947354,-38.494528,-86.6029,0.247467,1.222479,-0.247357,0.007389,-0.248848,-1.196883
381,55.574,B,1,59.010790,-40.640363,59.707336,-38.742474,0.431353,0.044692,-86.1730,0.070425,-86.1604,0.062066,59.959549,-38.771909,-86.2203,0.253925,2.095535,-0.252213,0.029435,-0.948759,-1.868455
382,55.715,B,1,60.159115,-39.993727,59.590645,-39.121566,0.457426,0.012507,-85.8183,0.066851,-85.7961,0.057565,59.971860,-39.049181,-85.8532,0.388026,0.962929,-0.381215,-0.072385,0.187255,-0.944547
383,55.842,B,1,59.496507,-41.508647,59.696407,-39.320555,0.445932,0.030330,-85.4931,0.062393,-85.4505,0.062993,59.983580,-39.326332,-85.5045,0.287232,2.236009,-0.287174,0.005777,-0.487073,-2.182315
384,55.989,B,1,59.313533,-39.620733,59.667394,-39.752565,0.481652,0.015898,-85.1617,0.060201,-85.1223,0.060766,59.994698,-39.604563,-85.1738,0.359211,0.681357,-0.327304,-0.148002,-0.681165,-0.016170
385,56.130,B,1,59.413142,-40.386617,59.609894,-39.775106,0.429837,0.001893,-84.8480,0.057700,-84.8070,0.055962,60.005935,-39.885694,-84.8568,0.411191,0.776098,-0.396041,0.110588,-0.592793,-0.500923
386,56.312,B,1,60.192148,-42.328343,59.578894,-39.925117,0.410119,-0.006883,-84.5412,0.055724,-84.4992,0.055277,60.018260,-40.171397,-84.5481,0.503683,2.163944,-0.439367,0.246280,0.173888,-2.156946
387,56.452,B,1,58.693888,-41.977430,59.691450,-40.392200,0.459007,0.009479,-84.2326,0.054648,-84.1959,0.050815,60.032219,-40.462429,-84.2442,0.347930,2.021474,-0.340769,0.070229,-1.338331,-1.515001
388,56.614,B,1,59.632661,-41.709904,59.519434,-40.718282,0.469148,-0.031946,-83.9364,0.053243,-83.8984,0.050176,60.050792,-40.817841,-83.8866,0.540605,0.985196,-0.531358,0.099558,-0.418131,-0.892063
389,56.743,B,1,59.399723,-42.512828,59.541457,-40.939930,0.460136,-0.027866,-83.6526,0.051561,-83.6095,0.044898,60.063690,-41.057165,-83.6550,0.535231,1.599940,-0.522234,0.117235,-0.663967,-1.455663
390,56.888,B,1,60.033148,-40.748764,59.518658,-41.264228,0.472093,-0.035477,-83.3769,0.050065,-83.3315,0.040733,60.079821,-41.357180,-83.3753,0.568810,0.610204,-0.561163,0.092953,-0.046674,0.608416
391,57.040,B,1,60.456381,-42.230446,59.612122,-41.217877,0.409986,-0.011762,-83.1057,0.048803,-83.0636,0.044812,60.099177,-41.716659,-83.0530,0.697141,0.625758,-0.487055,0.498782,0.357204,-0.513788
392,57.173,B,1,60.067211,-43.322464,59.766160,-41.437320,0.410122,0.016007,-82.8372,0.047841,-82.8026,0.043244,60.115963,-42.015522,-82.7922,0.675782,1.307851,-0.349804,0.578202,-0.048752,-1.306942
393,57.294,B,1,59.599820,-43.881392,59.826402,-41.811862,0.439649,0.018004,-82.5845,0.046162,-82.5452,0.046959,60.130337,-42.254802,-82.5862,0.537189,1.710919,-0.303935,0.442940,-0.530517,-1.626590
394,57.420,B,1,60.159122,-43.072636,59.793483,-42.222043,0.470809,-0.000227,-82.3177,0.046181,-82.2896,0.042809,60.149823,-42.555523,-82.3303,0.488044,0.517197,-0.356340,0.333479,0.009299,-0.517113
395,57.550,B,1,60.037740,-44.994976,59.864739,-42.418294,0.457631,0.009326,-82.0621,0.045385,-82.0361,0.044544,60.170939,-42.859635,-82.0765,0.537159,2.139492,-0.306200,0.441340,-0.133199,-2.135341
396,57.703,B,1,60.002871,-44.158807,59.903064,-42.922445,0.506828,0.003327,-81.7974,0.044788,-81.7864,0.034837,60.197975,-43.230324,-81.7765,0.426335,0.948760,-0.294911,0.307879,-0.195104,-0.928483
397,57.848,B,1,59.807237,-43.824241,59.927959,-43.188877,0.503369,0.000921,-81.5648,0.043819,-81.5409,0.038299,60.221663,-43.543499,-81.5312,0.460455,0.500564,-0.293704,0.354621,-0.414425,-0.280743
398,57.989,B,1,60.758033,-44.108895,59.913789,-43.349800,0.477156,-0.006480,-81.3168,0.043622,-81.2988,0.032702,60.246491,-43.858816,-81.2892,0.608102,0.569398,-0.332703,0.509016,0.511541,-0.250079
399,58.116,B,1,59.922710,-45.732343,60.070451,-43.530267,0.462575,0.020627,-81.0810,0.042688,-81.0298,0.045390,60.272706,-44.174333,-81.0490,0.675077,1.596837,-0.202255,0.644066,-0.349996,-1.558009
400,58.242,B,1,60.690233,-45.865171,60.053553,-43.967735,0.496119,0.002263,-80.8316,0.042360,-80.8197,0.044045,60.300411,-44.488757,-80.8101,0.576544,1.430551,-0.246858,0.521022,0.389822,-1.376414
401,58.368,B,1,59.979985,-46.353391,60.174627,-44.350702,0.520336,0.015063,-80.6035,0.041871,-80.5829,0.037212,60.329424,-44.801903,-80.5735,0.477016,1.590353,-0.154797,0.451201,-0.349438,-1.551488
402,58.497,B,1,60.018538,-46.547410,60.148037,-44.745194,0.551781,-0.004117,-80.4157,0.041456,-80.3499,0.042343,60.359402,-45.114680,-80.3407,0.425670,1.472720,-0.211365,0.369486,-0.340863,-1.432730
403,58.617,B,1,60.633018,-47.271639,60.135186,-45.128249,0.552553,-0.018352,-80.1182,0.041555,-80.1221,0.036297,60.383944,-45.365712,-80.1582,0.343903,1.922133,-0.248758,0.237462,0.249074,-1.905927
404,58.751,B,1,60.463119,-46.834089,60.231081,-45.560266,0.579414,-0.010922,-79.9056,0.040268,-79.8991,0.039333,60.415466,-45.681898,-79.9345,0.220890,1.153176,-0.184385,0.121632,0.047653,-1.152191
405,58.886,B,1,59.840287,-46.878453,60.281167,-45.841792,0.570358,-0.009001,-79.7275,0.036110,-79.7384,0.000588,60.447579,-46.000066,-79.7500,0.229659,1.067879,-0.166411,0.158274,-0.607291,-0.878387
406,59.023,B,1,60.565067,-47.709005,60.210951,-46.080396,0.549805,-0.029961,-80.1345,-0.010482,-80.2047,-0.075352,60.483665,-46.312080,-80.1273,0.357841,1.399294,-0.272714,0.231684,0.081402,-1.396925
407,59.168,B,1,60.250060,-48.000040,60.278694,-46.411374,0.568437,-0.024809,-80.1892,-0.009663,-80.1224,0.097501,60.517747,-46.619543,-80.1997,0.316987,1.406211,-0.239053,0.208170,-0.267687,-1.380497
408,59.318,B,1,60.663261,-48.291063,60.282156,-46.756381,0.559524,-0.032640,-79.8749,0.013344,-79.9285,-0.070710,60.551370,-46.924787,-79.8808,0.317548,1.370850,-0.269214,0.168405,0.111891,-1.366276
409,59.454,B,1,61.026340,-48.131025,60.355554,-47.083030,0.562762,-0.025343,-80.3918,-0.029180,-80.4662,-0.036245,60.590589,-47.218871,-80.4237,0.271467,1.010893,-0.235035,0.135842,0.435752,-0.912154
410,59.584,B,1,60.622702,-49.196540,60.481994,-47.323284,0.550153,-0.005457,-80.1764,0.002097,-80.1693,0.114632,60.624960,-47.514883,-80.2823,0.239059,1.681659,-0.142965,0.191599,-0.002258,-1.681657
411,59.725,B,1,60.520068,-49.012089,60.515792,-47.708813,0.564888,-0.011407,-80.0069,0.010557,-80.0515,-0.062741,60.655617,-47.806634,-80.0052,0.170646,1.213053,-0.139825,0.097821,-0.135549,-1.205456
412,59.858,B,1,60.355399,-49.518386,60.522563,-47.983309,0.568444,-0.018553,-80.5240,-0.034094,-80.8259,-0.143614,60.688909,-48.105826,-80.6807,0.206595,1.451397,-0.166346,0.122517,-0.333509,-1.412559
413,60.000,B,1,59.936440,-50.532756,60.500477,-48.318958,0.556816,-0.031780,-81.0779,-0.051092,-81.1184,0.028958,60.723003,-48.399536,-81.1377,0.236666,2.273612,-0.222526,0.080578,-0.786564,-2.133220
414,60.130,B,1,60.856685,-50.376554,60.406086,-48.766226,0.578863,-0.062191,-80.7075,-0.001844,-80.7027,0.020413,60.758331,-48.692670,-80.7329,0.359842,1.686754,-0.352244,-0.073556,0.098355,-1.683884
415,60.270,B,1,61.125608,-50.509324,60.488921,-49.108800,0.583385,-0.049729,-81.0265,-0.027377,-81.0952,-0.159607,60.797196,-48.984239,-80.9634,0.332488,1.560045,-0.308275,-0.124561,0.328412,-1.525085
416,60.411,B,1,59.845050,-50.419609,60.605761,-49.414319,0.581072,-0.030501,-81.4479,-0.043658,-81.4621,0.017396,60.833349,-49.274973,-81.4717,0.266858,1.512258,-0.227588,-0.139346,-0.988299,-1.144635
417,60.555,B,1,60.654586,-49.845935,60.476274,-49.648837,0.556716,-0.060562,-81.2351,-0.010292,-81.2186,-0.022447,60.860405,-49.566709,-81.2105,0.392812,0.346884,-0.384131,-0.082129,-0.205819,-0.279226
418,60.703,B,1,60.921467,-50.687450,60.509849,-49.737708,0.511288,-0.049496,-81.6976,-0.041307,-81.7155,-0.067585,60.892210,-49.861383,-81.6448,0.401865,0.826585,-0.382361,0.123675,0.029257,-0.826067
419,60.835,B,1,60.777747,-51.151867,60.585729,-49.956108,0.498419,-0.035384,-81.6574,-0.018575,-81.6224,0.022990,60.921539,-50.158816,-81.6534,0.392249,1.003408,-0.335810,0.202708,-0.143792,-0.993052
420,60.963,B,1,60.726460,-52.031626,60.623235,-50.216899,0.494334,-0.031732,-81.9218,-0.031960,-81.9150,-0.041787,60.957343,-50.459511,-81.8679,0.412903,1.588978,-0.334108,0.242612,-0.230883,-1.572115
421,61.099,B,1,61.183697,-52.411587,60.645352,-50.587383,0.512281,-0.034873,-81.9300,-0.019305,-81.9228,-0.058243,60.992845,-50.763077,-81.8816,0.389384,1.659521,-0.347493,0.175694,0.190853,-1.648510
422,61.232,B,1,60.522231,-51.635340,60.744626,-50.961331,0.531199,-0.022036,-82.0754,-0.021155,-82.0735,-0.038081,61.029036,-51.068757,-82.0316,0.304021,0.760176,-0.284410,0.107426,-0.506805,-0.566583
423,61.353,B,1,60.876658,-52.628457,60.709919,-51.132189,0.503111,-0.031431,-82.1941,-0.021030,-82.1960,-0.018194,61.061574,-51.375475,-82.1745,0.427609,1.266554,-0.351655,0.243286,-0.184916,-1.252982
424,61.496,B,1,60.523747,-52.773484,60.743062,-51.446851,0.509195,-0.030212,-82.3318,-0.022357,-82.3333,-0.027455,61.090622,-51.682439,-82.3113,0.419882,1.229522,-0.347561,0.235589,-0.566875,-1.091044
425,61.644,B,1,61.006928,-53.447144,60.707553,-51.731872,0.506657,-0.041945,-82.4840,-0.024144,-82.4663,-0.028401,61.124661,-52.050817,-82.4713,0.525076,1.401282,-0.417108,0.318945,-0.117733,-1.396327
426,61.781,B,1,60.580518,-52.682432,60.763139,-52.086045,0.520932,-0.035820,-82.6020,-0.022526,-82.5828,-0.022777,61.155591,-52.358646,-82.5871,0.477839,0.659959,-0.392453,0.272600,-0.575073,-0.323786
427,61.918,B,1,60.870263,-54.384591,60.733644,-52.242280,0.491347,-0.041872,-82.6939,-0.019748,-82.6803,-0.026170,61.182618,-52.606452,-82.6658,0.578100,1.805366,-0.448974,0.364173,-0.312356,-1.778139
428,62.054,B,1,61.541628,-54.567791,60.759896,-52.671060,0.521594,-0.043382,-82.7923,-0.018563,-82.7672,-0.009367,61.217853,-52.919234,-82.7534,0.520879,1.680051,-0.457957,0.248173,0.323774,-1.648558
429,62.201,B,1,60.781804,-54.580093,60.901156,-53.059017,0.543205,-0.020287,-82.8737,-0.016855,-82.8553,-0.016414,61.258734,-53.299656,-82.8590,0.431009,1.366375,-0.357578,0.240639,-0.476930,-1.280436
430,62.328,B,1,61.155328,-53.873362,60.884378,-53.381817,0.544977,-0.029800,-82.9678,-0.016791,-82.9546,-0.015750,61.284191,-53.555261,-82.9379,0.435813,0.343211,-0.399812,0.173444,-0.128862,-0.318101
431,62.461,B,1,62.388075,-55.829053,60.936121,-53.521644,0.511507,-0.019509,-83.0720,-0.017464,-83.0562,-0.008742,61.315023,-53.875467,-83.0406,0.518419,2.228887,-0.378902,0.353823,1.073051,-1.953586
432,62.608,B,1,60.659665,-55.905288,61.198931,-53.983654,0.551814,0.023857,-83.1676,-0.017021,-83.1436,-0.011021,61.353262,-54.260130,-83.1466,0.316634,1.785391,-0.154331,0.276476,-0.693597,-1.645158
433,62.743,B,1,61.226426,-55.759323,61.109807,-54.364692,0.577558,-0.006917,-83.2210,-0.015388,-83.2084,-0.007191,61.381219,-54.515889,-83.1996,0.310685,1.253031,-0.271412,0.151198,-0.154793,-1.243434
434,62.874,B,1,60.780683,-56.383588,61.137302,-54.676230,0.562128,-0.008182,-83.2821,-0.012377,-83.2525,-0.003868,61.418995,-54.834805,-83.2465,0.323260,1.675163,-0.281693,0.158575,-0.638312,-1.548783
435,63.009,B,1,60.679378,-57.274240,61.079381,-55.033691,0.567645,-0.027671,-83.3199,-0.009885,-83.2855,0.004248,61.458067,-55.153968,-83.2805,0.397328,2.258740,-0.378686,0.120277,-0.778689,-2.120271
436,63.157,B,1,61.876530,-56.192529,61.011984,-55.489212,0.591630,-0.049103,-83.3466,-0.007572,-83.3173,-0.001211,61.503555,-55.539542,-83.3186,0.494141,0.751999,-0.491571,0.050330,0.372975,-0.652987
437,63.293,B,1,60.792839,-56.965828,61.166770,-55.657680,0.575545,-0.016466,-83.3626,-0.006431,-83.3492,-0.011871,61.532542,-55.799036,-83.3444,0.392136,1.381508,-0.365772,0.141356,-0.739703,-1.166792
438,63.430,B,1,61.080170,-57.588984,61.105767,-55.953827,0.554658,-0.033553,-83.4028,-0.006089,-83.3723,0.008358,61.568698,-56.126253,-83.3697,0.494000,1.542155,-0.462930,0.172427,-0.488527,-1.462731
439,63.558,B,1,60.864612,-57.692705,61.104163,-56.298045,0.559858,-0.038197,-83.3954,-0.002983,-83.3747,0.004005,61.607159,-56.455868,-83.3760,0.527175,1.442616,-0.502996,0.157822,-0.742547,-1.236837
440,63.682,B,1,61.652842,-58.121419,61.064126,-56.600047,0.555077,-0.049016,-83.3683,0.000358,-83.3518,0.011755,61.649456,-56.786589,-83.3570,0.614336,1.334834,-0.585330,0.186542,0.003386,-1.334830
441,63.817,B,1,62.329545,-59.214778,61.170425,-56.924285,0.558827,-0.029590,-83.3224,0.003590,-83.3093,0.018343,61.694936,-57.117167,-83.3169,0.558852,2.191506,-0.524511,0.192882,0.634609,-2.097611
442,63.964,B,1,61.199896,-59.067313,61.380181,-57.385551,0.592253,0.005228,-83.2688,0.005820,-83.2588,0.004833,61.741299,-57.446909,-83.2670,0.366294,1.708458,-0.361118,0.061358,-0.541404,-1.620404
443,64.099,B,1,61.342677,-58.686548,61.354060,-57.729224,0.607133,-0.009016,-83.2232,0.007240,-83.2093,0.015279,61.786415,-57.775986,-83.2170,0.434877,1.012930,-0.432355,0.046762,-0.443739,-0.910562
444,64.233,B,1,61.725779,-59.446991,61.359049,-57.966398,0.571725,-0.012435,-83.1388,0.009559,-83.1605,0.007531,61.830025,-58.105261,-83.1685,0.491021,1.345774,-0.470976,0.138864,-0.104245,-1.341730
445,64.372,B,1,61.913707,-61.003644,61.429738,-58.284651,0.571540,-0.004349,-83.0838,0.009638,-83.1036,0.008684,61.873897,-58.435769,-83.1137,0.469163,2.568184,-0.444159,0.151118,0.039809,-2.567875
446,64.522,B,1,61.336641,-60.464206,61.522158,-58.823175,0.616351,0.001850,-83.0097,0.011182,-83.0286,0.015721,61.920393,-58.768286,-83.0421,0.402000,1.793576,-0.398235,-0.054890,-0.583752,-1.695921
447,64.661,B,1,62.281956,-60.837976,61.496601,-59.174082,0.615279,-0.012039,-82.9255,0.012651,-82.9328,0.018130,61.970568,-59.103153,-82.9493,0.479244,1.762547,-0.473967,-0.070929,0.311388,-1.734823
448,64.794,B,1,61.347538,-60.727890,61.642653,-59.529103,0.619311,0.010118,-82.8162,0.015331,-82.8236,0.018577,62.023321,-59.440208,-82.8415,0.390910,1.454237,-0.380669,-0.088895,-0.675783,-1.287682
449,64.930,B,1,62.455146,-61.605735,61.598636,-59.801509,0.601557,-0.006684,-82.7006,0.017321,-82.7134,0.012644,62.076276,-59.778771,-82.7307,0.478181,1.865835,-0.477640,-0.022737,0.378870,-1.826964
450,65.069,B,1,61.193779,-60.467107,61.757901,-60.180069,0.612280,0.016728,-82.5946,0.017972,-82.6101,0.018862,62.127561,-60.117834,-82.6261,0.374862,0.996966,-0.369660,-0.062235,-0.933782,-0.349273
451,65.210,B,1,62.493522,-61.548884,61.666694,-60.289301,0.561234,-0.006403,-82.4979,0.017671,-82.5122,0.015877,62.177143,-60.456509,-82.5278,0.537137,1.137268,-0.510449,0.167208,0.316379,-1.092374
452,65.352,B,1,61.900167,-62.366769,61.820364,-60.567079,0.556249,0.018185,-82.4086,0.016770,-82.4115,0.014948,62.226699,-60.794499,-82.4282,0.465648,1.605819,-0.406334,0.227421,-0.326532,-1.572270
453,65.490,B,1,61.677196,-62.113249,61.843443,-60.940224,0.567731,0.011062,-82.3157,0.016530,-82.3002,0.021919,62.278132,-61.132232,-82.3188,0.475208,1.150443,-0.434690,0.192008,-0.600937,-0.981017
454,65.627,B,1,61.519237,-62.950741,61.822307,-61.202941,0.554482,-0.001399,-82.1878,0.018876,-82.1776,0.013716,62.332016,-61.470678,-82.1977,0.575749,1.688548,-0.509709,0.267737,-0.812779,-1.480062
455,65.771,B,1,62.134435,-62.253874,61.775567,-61.566908,0.562463,-0.020340,-82.0725,0.019373,-82.0519,0.018486,62.387116,-61.811003,-82.0718,0.658464,0.509885,-0.611549,0.244094,-0.252681,-0.442871
456,65.909,B,1,62.723380,-63.440420,61.845030,-61.742974,0.534757,-0.008791,-81.9615,0.019231,-81.9342,0.018591,62.441360,-62.154066,-81.9522,0.724297,1.316906,-0.596330,0.411092,0.282020,-1.286354
457,66.042,B,1,62.292509,-63.803112,62.007833,-62.096139,0.548463,0.015347,-81.8489,0.019270,-81.8301,0.013692,62.493453,-62.499948,-81.8459,0.631576,1.318566,-0.485619,0.403809,-0.200944,-1.303164
458,66.177,B,1,61.706170,-64.052025,62.067488,-62.451943,0.558325,0.015724,-81.7692,0.016935,-81.7361,0.018725,62.543767,-62.847820,-81.7508,0.619322,1.466860,-0.476279,0.395876,-0.837597,-1.204205
459,66.315,B,1,62.315340,-64.293862,62.012401,-62.789651,0.560220,-0.006664,-81.6896,0.015621,-81.6436,0.021005,62.593892,-63.196341,-81.6586,0.709597,1.132318,-0.581491,0.406689,-0.278551,-1.097521
460,66.468,B,1,62.020798,-64.841026,62.073038,-63.110873,0.561803,-0.002717,-81.9805,-0.015540,-82.0036,-0.105097,62.659491,-63.607547,-82.0276,0.768512,1.389028,-0.586452,0.496674,-0.638693,-1.233479
461,66.594,B,1,62.562586,-65.610936,62.070834,-63.472415,0.569525,-0.013068,-82.1568,-0.019033,-82.1243,0.054436,62.701179,-63.873993,-82.1684,0.747395,1.742464,-0.630345,0.401578,-0.138594,-1.736943
462,66.740,B,1,62.537828,-64.994758,62.165184,-63.907453,0.593867,-0.004963,-81.8304,0.011157,-81.7982,-0.030629,62.761400,-64.270530,-81.8060,0.698068,0.757951,-0.596216,0.363077,-0.223572,-0.724228
463,66.878,B,1,62.704711,-65.419161,62.238365,-64.157710,0.577622,0.003383,-82.3490,-0.033094,-82.3468,-0.070836,62.814286,-64.590625,-82.3617,0.720486,0.835750,-0.575920,0.432915,-0.109575,-0.828536
464,67.009,B,1,62.974149,-66.026197,62.329162,-64.437219,0.569639,0.013418,-82.4083,-0.021643,-82.3759,-0.021840,62.860992,-64.914569,-82.3815,0.714637,1.117372,-0.531829,0.477350,0.113157,-1.111628
465,67.149,B,1,62.099498,-66.261557,62.451882,-64.774257,0.575034,0.027351,-82.9044,-0.051020,-82.9262,-0.094816,62.910366,-65.233717,-82.9470,0.649085,1.309184,-0.458484,0.459460,-0.810868,-1.027840
466,67.286,B,1,63.031759,-66.542206,62.396854,-65.081949,0.583030,0.004929,-83.1738,-0.053052,-83.2838,-0.088910,62.949042,-65.489598,-83.2047,0.686359,1.055854,-0.552188,0.407648,0.082717,-1.052609
467,67.424,B,1,62.388855,-67.250768,62.517859,-65.408163,0.571913,0.020374,-83.7939,-0.069469,-83.8252,-0.097761,63.010476,-65.866359,-83.8478,0.672767,1.517564,-0.492617,0.458196,-0.621621,-1.384409
468,67.551,B,1,63.123740,-67.780844,62.500620,-65.776693,0.594922,0.005356,-84.2440,-0.080813,-84.4255,-0.111524,63.052370,-66.111920,-84.3255,0.645605,1.670450,-0.551750,0.335227,0.071370,-1.668925
469,67.692,B,1,62.626941,-66.764306,62.618163,-66.201202,0.601004,0.018314,-85.0324,-0.095537,-85.0952,-0.124835,63.104256,-66.411172,-84.9828,0.529503,0.593745,-0.486093,0.209970,-0.477315,-0.353134
470,67.819,B,1,62.604794,-68.222289,62.624511,-66.345059,0.575193,0.014843,-85.5989,-0.107055,-85.8431,-0.135816,63.154351,-66.701985,-85.7182,0.638848,1.616582,-0.529840,0.356926,-0.549557,-1.520304
471,67.953,B,1,63.204874,-68.242264,62.625727,-66.730540,0.588684,0.005354,-86.4109,-0.121529,-86.6663,-0.149554,63.202621,-66.985962,-86.5299,0.630910,1.256305,-0.576895,0.255422,0.002253,-1.256303
472,68.079,B,1,63.529557,-68.132354,62.732418,-67.064462,0.577211,0.020281,-87.4639,-0.136755,-87.5547,-0.159101,63.250574,-67.265588,-87.4087,0.555821,0.910557,-0.518156,0.201126,0.278984,-0.866766
473,68.217,B,1,63.755207,-68.411522,62.877874,-67.309941,0.562540,0.043684,-88.4039,-0.148120,-88.4962,-0.163357,63.300230,-67.543303,-88.3424,0.482538,0.980208,-0.422356,0.233363,0.454976,-0.868219
474,68.357,B,1,62.545598,-68.893793,63.038910,-67.560068,0.550419,0.068147,-89.3867,-0.157916,-89.4837,-0.167534,63.352609,-67.820438,-89.3226,0.407676,1.342891,-0.313699,0.260370,-0.807011,-1.073355
475,68.501,B,1,63.825604,-69.981325,62.957492,-67.850093,0.544505,0.040969,-90.3976,-0.165489,-90.5187,-0.192157,63.407041,-68.096605,-90.3497,0.512701,1.930638,-0.449549,0.246512,0.418563,-1.884719
476,68.642,B,1,62.742273,-69.637581,63.114469,-68.281925,0.570468,0.064856,-91.4938,-0.176014,-91.6075,-0.186526,63.461785,-68.369831,-91.4295,0.358267,1.457700,-0.347315,0.087906,-0.719512,-1.267751
477,68.776,B,1,63.010301,-70.323841,63.052149,-68.578028,0.564165,0.043733,-92.6268,-0.184820,-92.7539,-0.204411,63.515426,-68.637466,-92.5667,0.467075,1.760401,-0.463278,0.059439,-0.505125,-1.686374
478,68.901,B,1,62.903280,-70.726272,63.045331,-68.943038,0.572973,0.037169,-93.8420,-0.195608,-93.9548,-0.208836,63.568092,-68.897597,-93.7593,0.524732,1.945772,-0.522761,-0.045441,-0.664812,-1.828675
479,69.037,B,1,63.806185,-70.497714,63.018840,-69.315442,0.582330,0.028718,-95.0753,-0.203624,-95.2019,-0.231186,63.621364,-69.149962,-94.9997,0.624835,1.360365,-0.602524,-0.165480,0.184822,-1.347752
480,69.167,B,1,63.012210,-70.950333,63.155755,-69.581972,0.568439,0.055339,-96.3567,-0.211554,-96.4860,-0.230788,63.677066,-69.395970,-96.2784,0.553500,1.690586,-0.521311,-0.186002,-0.664856,-1.554363
481,69.297,B,1,63.241305,-71.187671,63.128409,-69.880291,0.563418,0.046896,-97.6810,-0.219495,-97.8019,-0.237427,63.735884,-69.638113,-97.5892,0.653969,1.626573,-0.607474,-0.242178,-0.494579,-1.549558
482,69.433,B,1,63.519821,-71.732175,63.144701,-70.167292,0.556155,0.049367,-99.0351,-0.226304,-99.1507,-0.244900,63.796777,-69.878876,-98.9325,0.713013,1.873879,-0.652076,-0.288415,-0.276957,-1.853299
483,69.571,B,1,62.808026,-70.375004,63.206607,-70.499364,0.557885,0.062766,-100.4228,-0.232454,-100.5375,-0.252144,63.857806,-70.119539,-100.3129,0.753875,1.080417,-0.651199,-0.379825,-1.049780,-0.255464
484,69.704,B,1,63.285782,-71.975239,63.131320,-70.530910,0.501313,0.041976,-101.8559,-0.239405,-101.9655,-0.253524,63.917630,-70.359674,-101.7343,0.804739,1.734729,-0.786309,-0.171236,-0.631848,-1.615566
485,69.839,B,1,64.030244,-71.089133,63.151750,-70.835806,0.504139,0.050051,-103.3337,-0.247007,-103.4328,-0.263566,63.976482,-70.597519,-103.1956,0.858465,0.494544,-0.824732,-0.238287,0.053763,-0.491613
486,69.982,B,1,64.344564,-72.005040,63.300824,-70.929424,0.460016,0.077960,-104.8591,-0.254692,-104.9337,-0.264864,64.035987,-70.830987,-104.6915,0.741724,1.213928,-0.735163,-0.098438,0.308577,-1.174053
487,70.123,B,1,63.596831,-72.050682,63.481481,-71.165820,0.447533,0.114256,-106.3726,-0.258228,-106.4629,-0.269162,64.097928,-71.058702,-106.2165,0.625684,1.111360,-0.616447,-0.107118,-0.501097,-0.991980
488,70.274,B,1,63.527413,-73.487651,63.499538,-71.367630,0.434997,0.113641,-107.9209,-0.262967,-108.0182,-0.269523,64.163001,-71.280441,-107.7676,0.669167,2.296900,-0.663462,-0.087190,-0.635587,-2.207211
489,70.410,B,1,63.433396,-73.367625,63.500663,-71.787869,0.467523,0.120626,-109.5017,-0.267911,-109.6003,-0.275523,64.230419,-71.497038,-109.3453,0.785574,2.033308,-0.729756,-0.290831,-0.797023,-1.870587
490,70.536,B,1,63.293641,-73.024349,63.483418,-72.114983,0.478400,0.120719,-111.1120,-0.273094,-111.2115,-0.288637,64.298423,-71.710144,-110.9517,0.910015,1.654304,-0.815004,-0.404839,-1.004782,-1.314205
491,70.695,B,1,63.621354,-73.118204,63.442939,-72.323663,0.465852,0.111447,-112.7648,-0.279248,-112.8529,-0.286540,64.378584,-71.964020,-112.9191,1.002384,1.380412,-0.935644,-0.359643,-0.757230,-1.154184
492,70.812,B,1,63.703331,-73.214505,63.466298,-72.510400,0.446532,0.115404,-114.4379,-0.284299,-114.5217,-0.296491,64.430752,-72.133338,-114.2531,1.035542,1.303098,-0.964454,-0.377062,-0.727421,-1.081167
493,70.943,B,1,64.906019,-72.625219,63.499925,-72.679300,0.424886,0.120613,-116.1330,-0.288691,-116.2137,-0.290182,64.495086,-72.345403,-115.9416,1.049682,0.497156,-0.995161,-0.333898,0.410933,-0.279817
494,71.091,B,1,64.093653,-73.201862,63.742503,-72.703866,0.371967,0.159014,-117.5070,-0.292435,-117.9260,-0.310300,64.572418,-72.599194,-117.9949,0.836490,0.769691,-0.829915,-0.104673,-0.478765,-0.602668
495,71.220,B,1,63.023425,-73.472695,63.800564,-72.837120,0.341102,0.159260,-119.6104,-0.298348,-119.6594,-0.300938,64.624662,-72.766498,-119.3806,0.827119,1.750050,-0.824098,-0.070622,-1.601237,-0.706197
496,71.385,B,1,63.594821,-74.145358,63.658730,-72.985807,0.340577,0.127539,-121.3641,-0.301260,-121.4170,-0.312173,64.704186,-73.012279,-121.4879,1.045791,1.585736,-1.045456,0.026471,-1.109365,-1.133079
497,71.511,B,1,64.008918,-73.787054,63.639813,-73.226190,0.346599,0.131145,-123.1503,-0.305277,-123.2009,-0.311466,64.757740,-73.172020,-122.9137,1.119238,0.969021,-1.117927,-0.054170,-0.748822,-0.615034
498,71.644,B,1,64.951554,-74.034894,63.697056,-73.360748,0.325230,0.139607,-124.9548,-0.309045,-125.0102,-0.324480,64.824932,-73.367559,-124.7191,1.127897,0.679241,-1.127876,0.006812,0.126622,-0.667334
499,71.791,B,1,64.145274,-75.024566,63.912430,-73.514384,0.293460,0.177531,-126.7854,-0.313147,-126.8403,-0.328127,64.891986,-73.560351,-126.5463,0.980634,1.643625,-0.979556,0.045968,-0.746712,-1.464215
500,71.949,B,1,63.954443,-74.067635,63.949293,-73.817225,0.307856,0.195399,-128.7107,-0.317131,-128.6860,-0.316839,64.971363,-73.791523,-128.7601,1.022393,1.053739,-1.022070,-0.025702,-1.016920,-0.276113
501,72.095,B,1,64.212148,-75.451048,63.945972,-73.895105,0.285873,0.181675,-130.4898,-0.319400,-130.5447,-0.325699,65.035584,-73.985803,-130.6193,1.093381,1.680770,-1.089612,0.090697,-0.823436,-1.465245
502,72.232,B,1,63.868565,-75.498460,63.987331,-74.205391,0.299353,0.203551,-132.4474,-0.323169,-132.4191,-0.334414,65.097210,-74.181304,-132.4945,1.110140,1.801241,-1.109879,-0.024087,-1.228645,-1.317156
503,72.375,B,1,64.565509,-75.431235,63.960390,-74.468271,0.311150,0.208144,-134.2667,-0.325910,-134.3148,-0.338924,65.156066,-74.376281,-134.3911,1.199209,1.209002,-1.195676,-0.091990,-0.590557,-1.054954
504,72.530,B,1,63.893835,-75.680404,64.060752,-74.674985,0.295282,0.226519,-135.7860,-0.297190,-135.7580,-0.221457,65.197784,-74.531573,-135.5617,1.146040,1.737842,-1.137031,-0.143411,-1.303948,-1.148831
505,72.696,B,1,63.742203,-76.001210,64.026469,-74.881408,0.304682,0.227721,-137.1100,-0.295594,-137.5517,-0.390628,65.246168,-74.725408,-137.2022,1.229635,1.972202,-1.219699,-0.156000,-1.503964,-1.275802
506,72.860,B,1,64.160624,-76.624020,63.966792,-75.121455,0.306661,0.220521,-139.6412,-0.327797,-139.6449,-0.270953,65.289537,-74.922755,-139.3790,1.337585,2.041751,-1.322744,-0.198700,-1.128913,-1.701265
507,73.037,B,1,64.624542,-75.441273,63.991867,-75.423806,0.311876,0.241412,-140.9536,-0.285506,-140.9274,-0.256631,65.326688,-75.114567,-140.6967,1.370174,0.774432,-1.334821,-0.309239,-0.702146,-0.326706
508,73.205,B,1,64.581142,-76.412877,64.095069,-75.463979,0.266267,0.234791,-142.7682,-0.299704,-142.7722,-0.306746,65.363627,-75.312382,-142.4906,1.277584,1.350323,-1.268558,-0.151596,-0.782485,-1.100495
509,73.364,B,1,64.314850,-76.023877,64.174270,-75.666315,0.251417,0.249092,-144.0919,-0.269487,-144.0448,-0.236079,65.393873,-75.507987,-143.8337,1.229837,1.196007,-1.219603,-0.158328,-1.079023,-0.515890
510,73.527,B,1,64.530450,-76.731691,64.194328,-75.756761,0.236774,0.243005,-145.3582,-0.272589,-145.6063,-0.215137,65.417714,-75.708424,-145.3996,1.224341,1.354368,-1.223386,-0.048337,-0.887264,-1.023267
511,73.691,B,1,64.398968,-76.533659,64.247225,-75.967126,0.222949,0.250116,-146.9678,-0.254656,-146.9382,-0.241660,65.430161,-75.908336,-146.7151,1.184396,1.205980,-1.182936,-0.058790,-1.031193,-0.625323
512,73.842,B,1,63.730236,-76.784519,64.268915,-76.099673,0.209933,0.245426,-148.2731,-0.243011,-148.2336,-0.222867,65.431875,-76.110556,-148.0282,1.163011,1.830246,-1.162960,0.010883,-1.701639,-0.673963
513,73.987,B,1,64.276248,-77.153285,64.167948,-76.251863,0.220075,0.229883,-149.5338,-0.233099,-149.4813,-0.222210,65.423908,-76.314940,-149.2860,1.257542,1.421248,-1.255959,0.063077,-1.147659,-0.838345
514,74.138,B,1,64.997244,-77.261186,64.179669,-76.441898,0.214608,0.236485,-150.7372,-0.223066,-150.6643,-0.207173,65.408795,-76.521458,-150.4793,1.231699,0.846506,-1.229126,0.079560,-0.411552,-0.739728
515,74.277,B,1,63.795998,-77.362735,64.317722,-76.617717,0.186148,0.254719,-151.8561,-0.211077,-151.7852,-0.187623,65.388913,-76.729229,-151.6097,1.076979,1.714266,-1.071191,0.111512,-1.592915,-0.633506
516,74.423,B,1,65.008879,-78.002480,64.220326,-76.780042,0.198614,0.242655,-152.9286,-0.200916,-152.8528,-0.178523,65.365318,-76.936646,-152.6851,1.155652,1.123855,-1.144992,0.156604,-0.356439,-1.065834
517,74.570,B,1,63.444569,-77.863028,64.353637,-77.027126,0.178301,0.271785,-153.9663,-0.192543,-153.8764,-0.176142,65.337534,-77.142290,-153.7153,0.990613,2.025531,-0.983896,0.115164,-1.892965,-0.720738
518,74.709,B,1,64.672367,-77.841258,64.187615,-77.206478,0.204688,0.255194,-154.9673,-0.185017,-154.8604,-0.174076,65.304197,-77.345898,-154.7056,1.125253,0.802864,-1.116583,0.139420,-0.631830,-0.495360
519,74.858,B,1,64.614090,-77.748251,64.266077,-77.350028,0.180870,0.259197,-155.9072,-0.176161,-155.8024,-0.164493,65.263857,-77.548663,-155.6547,1.017359,0.679729,-0.997779,0.198635,-0.649766,-0.199587
520,75.014,B,1,64.079781,-79.369196,64.322046,-77.450814,0.159137,0.252882,-156.8068,-0.168123,-156.6966,-0.156483,65.215489,-77.752533,-156.5569,0.943014,1.975711,-0.893443,0.301718,-1.135708,-1.616663
521,75.161,B,1,63.964782,-78.739775,64.273845,-77.820366,0.182967,0.286387,-157.6591,-0.159963,-157.5403,-0.141603,65.158799,-77.958781,-157.4086,0.895714,1.426755,-0.884954,0.138415,-1.194017,-0.780993
522,75.308,B,1,64.250601,-78.636728,64.212701,-78.016023,0.189915,0.283874,-158.4719,-0.152619,-158.3379,-0.132865,65.094365,-78.166978,-158.2131,0.894494,0.965713,-0.881664,0.150955,-0.843764,-0.469750
523,75.452,B,1,63.478079,-78.552948,64.212218,-78.158567,0.179862,0.277501,-159.2400,-0.145034,-159.0984,-0.131719,65.023567,-78.375146,-158.9788,0.839758,1.555682,-0.811349,0.216579,-1.545488,-0.177802
524,75.603,B,1,63.641879,-79.565306,64.074687,-78.259630,0.192583,0.253082,-159.9747,-0.138062,-159.8298,-0.124891,64.948172,-78.581012,-159.7146,0.930732,1.635615,-0.873485,0.321381,-1.306293,-0.984295
525,75.755,B,1,64.236912,-79.661926,63.988231,-78.521012,0.206938,0.266008,-160.6896,-0.132663,-160.5347,-0.118119,64.869651,-78.783504,-160.4237,0.919675,1.082583,-0.881420,0.262491,-0.632739,-0.878423
526,75.924,B,1,63.706470,-79.831245,64.021844,-78.754741,0.194335,0.281993,-161.3599,-0.126327,-161.2104,-0.110148,64.772165,-79.023078,-161.2368,0.796861,1.337475,-0.750322,0.268337,-1.065695,-0.808167
527,76.049,B,1,64.004504,-80.577658,63.956369,-78.977874,0.200481,0.286944,-162.0184,-0.122077,-161.8938,-0.165289,64.704938,-79.182154,-161.7582,0.775942,1.561421,-0.748569,0.204281,-0.700434,-1.395503
528,76.191,B,1,64.320307,-80.506066,63.954230,-79.294599,0.199977,0.314079,-163.1993,-0.157987,-163.1148,-0.160782,64.610793,-79.422979,-163.1519,0.668996,1.121365,-0.656562,0.128380,-0.290486,-1.083087
529,76.330,B,1,64.198203,-80.597517,64.009205,-79.546231,0.183180,0.329563,-163.7658,-0.128239,-163.5743,-0.011793,64.528287,-79.619737,-163.5781,0.524260,1.031993,-0.519082,0.073505,-0.330084,-0.977781
530,76.485,B,1,63.224676,-80.488449,64.036498,-79.759806,0.175046,0.343301,-164.1148,-0.114116,-164.2265,-0.207512,64.447228,-79.815002,-164.2770,0.414422,1.395766,-0.410729,0.055196,-1.222551,-0.673447
531,76.610,B,1,63.523928,-80.571704,63.882939,-79.930951,0.190970,0.319645,-165.4563,-0.151544,-165.3607,-0.119544,64.383462,-79.971560,-165.2387,0.502167,1.048318,-0.500523,0.040610,-0.859534,-0.600144
532,76.756,B,1,63.629775,-81.039292,63.808911,-80.079211,0.191928,0.307096,-166.0683,-0.133938,-165.9846,-0.182362,64.295437,-80.162166,-165.8300,0.493548,1.101116,-0.486526,0.082954,-0.665662,-0.877126
533,76.902,B,1,63.351236,-80.930370,63.765548,-80.282908,0.189630,0.308942,-167.2055,-0.160168,-167.1357,-0.137114,64.194253,-80.391200,-167.1659,0.442171,1.000691,-0.428705,0.108292,-0.843017,-0.539170
534,77.032,B,1,63.410728,-80.902107,63.680268,-80.430916,0.192193,0.297669,-168.1503,-0.164050,-168.1118,-0.208507,64.127374,-80.541745,-167.9210,0.460637,0.802148,-0.447105,0.110829,-0.716645,-0.360362
535,77.171,B,1,63.863302,-82.296262,63.622367,-80.539963,0.191361,0.288772,-168.9907,-0.170615,-169.1635,-0.188787,64.049045,-80.729650,-168.9919,0.466942,1.577585,-0.426678,0.189686,-0.185744,-1.566613
536,77.303,B,1,63.004065,-81.699680,63.650480,-80.874007,0.179955,0.322914,-170.0952,-0.179996,-170.3063,-0.193349,63.976090,-80.916192,-170.1219,0.328331,1.248474,-0.325610,0.042185,-0.972025,-0.783488
537,77.439,B,1,62.307123,-81.237687,63.520308,-81.060450,0.189082,0.309827,-171.4912,-0.191105,-171.4911,-0.212010,63.906911,-81.100404,-171.2978,0.388662,1.605668,-0.386603,0.039954,-1.599789,-0.137283
538,77.571,B,1,63.455540,-82.637068,63.289146,-81.123847,0.215397,0.277097,-172.7182,-0.200632,-172.7314,-0.222354,63.838923,-81.281982,-172.5293,0.572068,1.408276,-0.549777,0.158135,-0.383383,-1.355086
539,77.717,B,1,63.196340,-82.878543,63.304317,-81.416552,0.203391,0.311726,-173.7484,-0.208956,-174.0232,-0.229037,63.769287,-81.461473,-173.8133,0.467135,1.528514,-0.464970,0.044921,-0.572948,-1.417070
540,77.849,B,1,63.059424,-81.750516,63.265589,-81.713915,0.193093,0.327864,-175.3413,-0.219830,-175.3586,-0.233077,63.696168,-81.640085,-175.1424,0.436863,0.646249,-0.430579,-0.073830,-0.636744,-0.110431
541,77.988,B,1,63.092983,-82.712919,63.212504,-81.753118,0.182093,0.296528,-176.7150,-0.227989,-176.7206,-0.214048,63.619375,-81.818792,-176.5089,0.412137,1.037570,-0.406871,0.065675,-0.526392,-0.894127
542,78.132,B,1,62.356014,-82.106930,63.175111,-81.953552,0.173468,0.301784,-177.6065,-0.195731,-177.5723,-0.166122,63.536028,-81.995031,-177.4315,0.363292,1.185308,-0.360917,0.041479,-1.180014,-0.111899
543,78.262,B,1,62.655367,-82.298153,63.013368,-82.010060,0.186780,0.274975,-178.9749,-0.216571,-179.0123,-0.330864,63.446299,-82.171582,-178.7176,0.462080,0.800995,-0.432930,0.161522,-0.790931,-0.126572
544,78.401,B,1,62.822343,-82.961605,62.931608,-82.087723,0.182645,0.257723,179.4998,-0.233672,179.5101,-0.171364,63.351847,-82.345978,179.6731,0.493250,0.812018,-0.420239,0.258255,-0.529505,-0.615628
545,78.541,B,1,62.611913,-83.315483,62.894192,-82.267896,0.171234,0.264123,178.6446,-0.198885,178.6624,-0.210657,63.257364,-82.511044,178.8470,0.437052,1.031372,-0.363172,0.243148,-0.645450,-0.804439
546,78.682,B,1,62.732131,-82.417840,62.826208,-82.478943,0.166793,0.275992,177.2283,-0.218989,177.2253,-0.194443,63.160383,-82.679473,177.4178,0.389725,0.501848,-0.334175,0.200531,-0.428252,0.261633
547,78.830,B,1,62.744916,-82.755228,62.792208,-82.493791,0.154100,0.247176,176.3625,-0.189990,176.3783,-0.187666,63.061923,-82.841197,176.5437,0.439815,0.328457,-0.269715,0.347407,-0.317007,0.085969
548,78.971,B,1,62.610613,-83.556864,62.767205,-82.562916,0.141064,0.232850,175.2053,-0.193727,175.2418,-0.121784,62.956124,-83.005582,175.3676,0.481293,0.650607,-0.188919,0.442665,-0.345511,-0.551282
549,79.111,B,1,61.889907,-83.159590,62.723599,-82.760838,0.132690,0.246414,174.2635,-0.182058,174.3094,-0.148388,62.841110,-83.165395,174.4431,0.421278,0.951221,-0.117511,0.404557,-0.951204,0.005805
550,79.255,B,1,60.900143,-83.347048,62.560010,-82.853791,0.149543,0.238099,173.3516,-0.172272,173.3901,-0.157508,62.714370,-83.321636,173.5339,0.492652,1.814406,-0.154361,0.467845,-1.814228,-0.025412
551,79.403,B,1,62.055409,-83.516698,62.247511,-82.962125,0.194091,0.236072,172.4631,-0.164875,172.5138,-0.150679,62.576513,-83.473125,172.6515,0.607752,0.522923,-0.329002,0.510999,-0.521104,-0.043574
552,79.540,B,1,61.677398,-84.127685,62.191632,-83.080718,0.180974,0.233834,171.6211,-0.157041,171.6755,-0.142994,62.430369,-83.619920,171.8070,0.589690,0.908180,-0.238737,0.539202,-0.752971,-0.507765
553,79.676,B,1,61.097740,-83.790096,62.079310,-83.286507,0.178810,0.250619,170.8172,-0.149790,170.8766,-0.137984,62.279621,-83.763274,171.0017,0.517138,1.182185,-0.200311,0.476768,-1.181881,-0.026822
554,79.815,B,1,60.983290,-83.784936,61.883662,-83.396832,0.195005,0.248269,170.0512,-0.142892,170.1181,-0.128578,62.127120,-83.904506,170.2368,0.563032,1.150063,-0.243457,0.507675,-1.143830,0.119570
555,79.946,B,1,60.487082,-85.505714,61.700725,-83.485861,0.206892,0.242191,169.3161,-0.136734,169.3982,-0.119972,61.973799,-84.044069,169.5110,0.621423,2.084883,-0.273074,0.558208,-1.486717,-1.461645
556,80.096,B,1,61.476330,-84.830311,61.460437,-83.864110,0.220706,0.297097,168.6285,-0.129731,168.7130,-0.117690,61.818676,-84.181312,168.8205,0.478489,0.733758,-0.358239,0.317202,-0.342345,-0.648999
557,80.231,B,1,60.790774,-83.981455,61.436574,-84.059759,0.193765,0.302995,167.9629,-0.123972,168.0574,-0.117135,61.659339,-84.314848,168.1605,0.338666,0.930353,-0.222765,0.255089,-0.868565,0.333393
558,80.372,B,1,59.983521,-84.777601,61.297258,-84.070276,0.198641,0.274864,167.3258,-0.118684,167.4278,-0.111236,61.492873,-84.443343,167.5268,0.421242,1.545921,-0.195615,0.373068,-1.509352,-0.334257
559,80.537,B,1,60.836991,-85.077174,61.038833,-84.217435,0.221819,0.281902,166.7203,-0.113009,166.8241,-0.102026,61.281004,-84.590261,166.8005,0.444574,0.658963,-0.242171,0.372826,-0.444013,-0.486913
560,80.652,B,1,60.146419,-85.271137,60.975746,-84.391803,0.201860,0.286690,166.1542,-0.107159,166.2482,-0.099582,61.132518,-84.684233,166.3384,0.331802,1.147539,-0.156772,0.292430,-0.986099,-0.586904
561,80.775,B,1,59.746855,-85.151615,60.802508,-84.570215,0.205516,0.296247,165.6114,-0.101908,165.7001,-0.098237,60.940815,-84.798177,165.7860,0.266638,1.245174,-0.138307,0.227962,-1.193960,-0.353438
562,80.907,B,1,60.490179,-84.341664,60.588258,-84.696128,0.218653,0.296341,165.0793,-0.098060,165.1770,-0.091227,60.745586,-84.909001,165.2592,0.264702,0.622177,-0.157328,0.212874,-0.255407,0.567337
563,81.131,B,1,59.480948,-85.083123,60.542098,-84.655854,0.203933,0.256157,164.5533,-0.093989,164.6740,-0.087044,60.510825,-85.038166,164.6543,0.383588,1.030858,0.031273,0.382312,-1.029877,-0.044956
564,81.250,B,1,59.756924,-85.804507,60.328580,-84.749504,0.218432,0.255690,164.0848,-0.090639,164.1877,-0.089832,60.355061,-85.121737,164.2644,0.373174,0.907713,-0.026480,0.372233,-0.598136,-0.682770
565,81.399,B,1,59.398143,-86.287323,60.199760,-84.954936,0.208302,0.273025,163.6103,-0.087431,163.7169,-0.083558,60.160599,-85.223009,163.7911,0.270918,1.309238,0.039160,0.268073,-0.762456,-1.064314
566,81.547,B,1,59.267103,-85.376502,60.027995,-85.213275,0.204283,0.300599,163.1585,-0.080644,163.3187,-0.020359,59.925365,-85.338930,163.3167,0.162241,0.659333,0.102630,0.125655,-0.658261,-0.037572
567,81.693,B,1,58.774725,-85.147878,59.866576,-85.263626,0.210184,0.284799,163.3229,-0.036736,163.5061,-0.017051,59.737200,-85.430864,163.5016,0.211439,1.003214,0.129376,0.167238,-0.962475,0.282986
568,81.839,B,1,58.546009,-86.071094,59.644823,-85.263036,0.229376,0.263947,162.8376,-0.059592,162.9671,-0.148767,59.539270,-85.521599,162.9354,0.279277,1.135127,0.105553,0.258562,-0.993261,-0.549495
569,81.973,B,1,58.301346,-85.490052,59.428128,-85.419675,0.242616,0.283379,162.5441,-0.060503,162.7625,0.066751,59.383059,-85.592172,162.7126,0.178288,1.086523,0.045069,0.172497,-1.081713,0.102120
570,82.120,B,1,58.233365,-85.346090,59.193114,-85.454284,0.253306,0.264642,162.8283,-0.013824,162.9925,-0.042987,59.192736,-85.674490,163.0152,0.220206,1.014021,0.000378,0.220205,-0.959371,0.328400
571,82.255,B,1,58.213788,-85.224654,58.991713,-85.452032,0.263155,0.245245,162.6709,-0.017978,162.8734,0.061766,58.995203,-85.755443,162.8254,0.303431,0.944641,-0.003490,0.303411,-0.781415,0.530789
572,82.395,B,1,58.325994,-86.032037,58.822420,-85.426891,0.267062,0.221857,163.0247,0.013905,163.2200,0.015661,58.807893,-85.831018,163.2030,0.404388,0.522145,0.014527,0.404127,-0.481899,-0.201019
573,82.536,B,1,58.379524,-87.171107,58.709657,-85.544596,0.257400,0.231219,163.2004,0.022837,163.5024,0.082082,58.623763,-85.905498,163.4316,0.370983,1.288960,0.085894,0.360903,-0.244238,-1.265609
574,82.672,B,1,58.270114,-85.743410,58.616578,-85.850630,0.222190,0.264863,163.6543,0.042255,163.9062,0.094935,58.448062,-85.978543,163.8266,0.211564,0.294879,0.168515,0.127913,-0.177949,0.235133
575,82.807,B,1,57.224042,-85.965693,58.527449,-85.850270,0.213917,0.239301,164.1916,0.062917,164.4278,0.102445,58.279469,-86.050595,164.3396,0.318786,1.058836,0.247980,0.200325,-1.055427,0.084903
576,82.957,B,1,56.997111,-87.133724,58.269675,-85.887657,0.237246,0.233692,164.7761,0.078940,165.0324,0.111125,58.115005,-86.121190,164.9295,0.280108,1.508281,0.154670,0.233533,-1.117894,-1.012534
577,83.096,B,1,57.208096,-86.316926,58.015628,-86.125430,0.245920,0.267291,165.4681,0.096046,165.7256,0.134768,57.951862,-86.189045,165.6089,0.090071,0.754680,0.063765,0.063615,-0.743766,-0.127881
578,83.237,B,1,57.250011,-86.703112,57.842831,-86.178811,0.248437,0.256265,166.2341,0.111408,166.5032,0.147147,57.787752,-86.253161,166.3733,0.092529,0.701157,0.055078,0.074351,-0.537742,-0.449950
579,83.373,B,1,56.953251,-86.060344,57.708543,-86.290744,0.240151,0.255615,167.0947,0.127071,167.3616,0.145647,57.621992,-86.313380,167.2189,0.089462,0.715011,0.086551,0.022636,-0.668741,0.253036
580,83.510,B,1,56.566345,-86.217276,57.546170,-86.268766,0.245600,0.230054,167.7414,0.117789,167.9637,0.020803,57.452275,-86.370622,167.9340,0.138531,0.899104,0.093895,0.101856,-0.885930,0.153346
581,83.645,B,1,56.144109,-86.666291,57.344065,-86.276444,0.256768,0.214929,168.3526,0.115525,168.6288,0.190709,57.278317,-86.427666,168.4560,0.164896,1.159039,0.065747,0.151221,-1.134209,-0.238625
582,83.790,B,1,55.723214,-87.286706,57.102557,-86.361900,0.270864,0.218285,169.6419,0.160488,169.9264,0.160812,57.102926,-86.479948,169.7646,0.118048,1.598268,-0.000369,0.118047,-1.379711,-0.806758
583,83.922,B,1,56.656521,-87.472976,56.827842,-86.542624,0.285828,0.241146,170.1742,0.129170,170.4120,0.082845,56.925653,-86.537100,170.3468,0.097967,0.973805,-0.097811,-0.005524,-0.269132,-0.935876
584,84.066,B,1,55.461631,-86.682857,56.766674,-86.726689,0.257233,0.252144,171.0967,0.144611,171.3776,0.196386,56.751570,-86.589502,171.1808,0.138016,1.293313,0.015104,-0.137187,-1.289940,-0.093355
585,84.194,B,1,55.385948,-86.644933,56.506273,-86.739347,0.279040,0.235859,171.7743,0.130090,171.9960,0.066522,56.577355,-86.640551,171.9423,0.121710,1.191416,-0.071082,-0.098796,-1.191407,-0.004383
586,84.331,B,1,54.918181,-86.973013,56.277161,-86.741583,0.292636,0.217462,172.5706,0.135115,172.8121,0.133321,56.399946,-86.688973,172.6805,0.133581,1.508743,-0.122785,-0.052610,-1.481765,-0.284040
587,84.477,B,1,54.707844,-87.500899,56.004794,-86.800177,0.311386,0.213414,173.1946,0.124021,173.4115,0.135933,56.214933,-86.737585,173.2833,0.219263,1.689368,-0.210139,-0.062591,-1.507089,-0.763313
588,84.621,B,1,55.017726,-88.072518,55.741986,-86.942112,0.323587,0.225520,173.8626,0.119568,174.0730,0.119527,56.020560,-86.784249,173.9660,0.320194,1.632578,-0.278575,-0.157862,-1.002834,-1.288268
589,84.760,B,1,55.228894,-87.099802,55.580115,-87.161800,0.312224,0.248155,174.5060,0.115834,174.7038,0.107355,55.816402,-86.830039,174.6052,0.407304,0.646482,-0.236288,-0.331760,-0.587509,-0.269763
590,84.916,B,1,55.026734,-87.181638,55.485505,-87.171828,0.295106,0.223845,175.1243,0.111845,175.3708,0.100281,55.562153,-86.882601,175.3245,0.299211,0.613268,-0.076648,-0.289227,-0.535420,-0.299037
591,85.061,B,1,54.698636,-86.396312,55.373837,-87.192764,0.283152,0.204782,175.6953,0.106030,175.8650,0.096559,55.347116,-86.923925,175.8869,0.270163,0.836004,0.026721,-0.268838,-0.648481,0.527613
592,85.206,B,1,54.487970,-86.234283,55.224983,-87.068791,0.283496,0.159316,176.2355,0.100601,176.3969,0.089187,55.132486,-86.963568,176.4176,0.140099,0.973271,0.092497,-0.105223,-0.644516,0.729284
593,85.334,B,1,53.452269,-88.057139,55.065513,-86.933965,0.285891,0.116772,176.7548,0.095996,176.9026,0.088180,54.961717,-86.994792,176.8232,0.120306,1.845810,0.103796,0.060827,-1.509448,-1.062347
594,85.488,B,1,53.744480,-87.504152,54.750504,-87.143837,0.312695,0.151409,177.2402,0.090746,177.3873,0.083597,54.705718,-87.041753,177.4063,0.111477,1.066674,0.044786,-0.102085,-0.961238,-0.462400
595,85.634,B,1,53.482374,-87.055312,54.547447,-87.218440,0.324292,0.155982,177.6257,0.088015,177.8530,0.081775,54.533203,-87.073070,177.7799,0.146067,1.050979,0.014244,-0.145371,-1.050828,0.017758
596,85.786,B,1,53.200966,-87.106724,54.321416,-87.205300,0.326226,0.134928,178.1585,0.082293,178.2966,0.071444,54.267533,-87.118731,178.3139,0.101969,1.066634,0.053884,-0.086570,-1.066566,0.012007
597,85.908,B,1,53.440160,-88.084207,54.090334,-87.199937,0.335462,0.121007,178.5860,0.078580,178.7137,0.071783,54.084002,-87.147416,178.6488,0.052902,1.136710,0.006332,-0.052521,-0.643841,-0.936792
598,86.060,B,1,52.477628,-88.270590,53.948962,-87.365481,0.331540,0.145467,178.9112,0.075557,179.1033,0.068448,53.798619,-87.187398,179.1184,0.233060,1.708310,0.150343,-0.178084,-1.320991,-1.083192
599,86.189,B,1,51.860079,-87.277148,53.650295,-87.542264,0.345516,0.164221,179.3753,0.071058,179.4703,0.058743,53.603092,-87.212612,179.4128,0.333015,1.744208,0.047203,-0.329653,-1.743013,-0.064536
600,86.339,B,1,52.114932,-87.543582,53.298440,-87.510764,0.377199,0.141390,179.7155,0.065926,179.8213,0.064777,53.306191,-87.250007,179.8351,0.260872,1.226901,-0.007751,-0.260757,-1.191259,-0.293575
601,86.479,B,1,51.813139,-88.449336,53.051600,-87.530210,0.383616,0.130316,-179.9377,0.063273,-179.8396,0.058222,53.108186,-87.275365,-179.8931,0.261051,1.747957,-0.056586,-0.254845,-1.295047,-1.173971
602,86.609,B,1,52.757943,-87.020131,52.794518,-87.706506,0.390684,0.152045,-179.6087,0.060472,-179.5134,0.058297,52.861987,-87.307451,-179.5645,0.404718,0.305578,-0.067469,-0.399055,-0.104044,0.287320
603,86.748,B,1,51.800918,-88.423510,52.757749,-87.596926,0.362133,0.114959,-179.3571,0.058351,-179.2042,0.056873,52.616839,-87.338999,-179.2524,0.293908,1.357163,0.140911,-0.257927,-0.815920,-1.084511
604,86.893,B,1,51.405303,-87.993889,52.547731,-87.757416,0.355114,0.132265,-179.0001,0.054851,-178.9162,0.041460,52.370693,-87.368857,-178.9608,0.426990,1.150063,0.177038,-0.388559,-0.965390,-0.625032
605,87.037,B,1,50.461120,-86.836684,52.310592,-87.812939,0.362175,0.128256,-178.7341,0.051091,-178.6486,0.039921,52.120440,-87.396736,-178.6903,0.457583,1.751285,0.190151,-0.416203,-1.659320,0.560052
606,87.190,B,1,51.149396,-87.955674,51.946933,-87.652518,0.394072,0.080574,-178.4795,0.048155,-178.3943,0.048688,51.863313,-87.423605,-178.4345,0.243708,0.890380,0.083620,-0.228913,-0.713918,-0.532070
607,87.332,B,1,50.014110,-89.062716,51.767383,-87.715344,0.385098,0.083567,-178.2150,0.047063,-178.1441,0.040131,51.598326,-87.451006,-178.1841,0.313775,2.259944,0.169057,-0.264338,-1.584216,-1.611710
608,87.462,B,1,50.754404,-88.104362,51.418729,-87.964494,0.412056,0.123404,-177.9672,0.045199,-177.8930,0.047912,51.326737,-87.479967,-177.9332,0.493182,0.847014,0.091992,-0.484527,-0.572332,-0.624395
609,87.599,B,1,50.229162,-88.790424,51.261389,-88.002754,0.396558,0.116171,-177.7185,0.044241,-177.6436,0.041062,51.051423,-87.510281,-177.6831,0.535366,1.521473,0.209966,-0.492474,-0.822261,-1.280143
610,87.748,B,1,49.438632,-87.826463,51.040136,-88.155756,0.396410,0.132623,-177.4632,0.044112,-177.4023,0.038012,50.775435,-87.540717,-177.4402,0.669581,1.367001,0.264701,-0.615038,-1.336803,-0.285745
611,87.885,B,1,49.347630,-88.168993,50.717613,-88.111725,0.415883,0.106382,-177.2316,0.042318,-177.1740,0.035597,50.500624,-87.570099,-177.2096,0.583475,1.299258,0.216988,-0.541626,-1.152994,-0.598894
612,88.023,B,1,48.931753,-87.904592,50.434381,-88.134205,0.425514,0.096634,-177.0030,0.041211,-176.9580,0.042743,50.227147,-87.598239,-176.9919,0.574635,1.331126,0.207233,-0.535966,-1.295394,-0.306352
613,88.154,B,1,48.691598,-88.138312,50.126547,-88.104899,0.438642,0.077055,-176.7878,0.039490,-176.7488,0.037070,49.953490,-87.626132,-176.7822,0.509084,1.361874,0.173057,-0.478767,-1.261893,-0.512180
614,88.292,B,1,48.401619,-88.565431,49.829442,-88.120747,0.448402,0.068729,-176.5793,0.038114,-176.5387,0.033430,49.676958,-87.655293,-176.5726,0.489795,1.566793,0.152484,-0.465454,-1.275339,-0.910138
615,88.437,B,1,48.562394,-88.813561,49.532643,-88.209227,0.457629,0.075855,-176.3685,0.037434,-176.3231,0.038998,49.394921,-87.686650,-176.3579,0.540419,1.401081,0.137721,-0.522576,-0.832527,-1.126910
616,88.571,B,1,48.520355,-88.437327,49.316562,-88.326981,0.449770,0.088659,-176.1611,0.036675,-176.1040,0.025644,49.106193,-87.719936,-176.1390,0.642463,0.926205,0.210370,-0.607045,-0.585838,-0.717391
617,88.707,B,1,48.147953,-87.799175,49.132311,-88.358121,0.435519,0.082592,-175.9576,0.036020,-175.8872,0.039761,48.811642,-87.753987,-175.9215,0.683964,0.665225,0.320669,-0.604134,-0.663689,-0.045188
618,88.848,B,1,48.634890,-89.144839,48.915896,-88.269604,0.428065,0.052442,-175.7593,0.035164,-175.6775,0.036401,48.513818,-87.787650,-175.7105,0.627652,1.362579,0.402078,-0.481954,0.121072,-1.357189
619,88.977,B,1,47.486200,-89.530903,48.825259,-88.433538,0.399009,0.078382,-175.5731,0.033683,-175.4751,0.030671,48.215740,-87.820664,-175.5071,0.864365,1.859340,0.609519,-0.612873,-0.729540,-1.710238
620,89.109,B,1,46.615562,-88.178289,48.549333,-88.639475,0.411560,0.107329,-175.3799,0.033411,-175.2768,0.028510,47.919607,-87.853767,-175.3084,1.006923,1.343818,0.629727,-0.785708,-1.304045,-0.324522
621,89.247,B,1,46.547122,-88.346398,48.166453,-88.571032,0.440668,0.075611,-175.1811,0.033798,-175.0789,0.028215,47.626072,-87.887993,-175.1106,0.870951,1.172292,0.540381,-0.683040,-1.078950,-0.458406
622,89.378,B,1,46.576391,-88.642293,47.836620,-88.541992,0.456148,0.056052,-174.9842,0.034009,-174.8801,0.026853,47.334021,-87.923828,-174.9119,0.796701,1.044124,0.502600,-0.618163,-0.757630,-0.718464
623,89.527,B,1,46.307475,-88.721829,47.569123,-88.569173,0.458042,0.050859,-174.7908,0.033705,-174.6823,0.032233,47.040951,-87.960816,-174.7137,0.805645,1.056943,0.528171,-0.608357,-0.733476,-0.761013
624,89.662,B,1,45.372938,-88.407759,47.301144,-88.605344,0.459960,0.047889,-174.6016,0.033065,-174.4897,0.025631,46.744201,-87.997949,-174.5200,0.824084,1.431190,0.556943,-0.607395,-1.371263,-0.409810
625,89.808,B,1,45.661083,-88.288995,46.914304,-88.579073,0.484681,0.030446,-174.4194,0.032341,-174.3053,0.031523,46.442345,-88.034483,-174.3343,0.720641,0.821673,0.471959,-0.544590,-0.781262,-0.254513
626,89.940,B,1,45.248279,-88.470488,46.645111,-88.534994,0.482371,0.013197,-174.2500,0.030841,-174.1283,0.032044,46.135882,-88.070465,-174.1562,0.689276,0.973580,0.509229,-0.464529,-0.887603,-0.400023
627,90.086,B,1,45.206448,-88.319925,46.350440,-88.529550,0.486127,0.005123,-174.0768,0.030305,-173.9346,0.032951,45.765117,-88.113940,-173.9483,0.717868,0.595433,0.585323,-0.415610,-0.558669,-0.205985
628,90.218,B,1,43.819256,-88.502637,46.100391,-88.497668,0.479913,-0.006722,-173.9008,0.030113,-173.7835,0.028394,45.518278,-88.143651,-173.8109,0.681310,1.736533,0.582113,-0.354017,-1.699022,-0.358986
629,90.341,B,1,44.756481,-87.985729,45.648469,-88.503447,0.515940,-0.013751,-173.3465,0.061037,-173.1799,0.169127,45.215422,-88.177856,-173.3431,0.541793,0.497533,0.433047,-0.325591,-0.458941,0.192127
630,90.482,B,1,44.445921,-88.639315,45.440291,-88.416134,0.496623,-0.034263,-172.8413,0.069157,-172.7327,-0.011596,44.869165,-88.217742,-172.7345,0.604602,0.597377,0.571126,-0.198392,-0.423244,-0.421572
631,90.623,B,1,44.477939,-89.269643,45.225426,-88.457499,0.495436,-0.027238,-172.9574,0.035663,-172.7892,0.069335,44.639649,-88.246024,-172.8395,0.622782,1.036313,0.585777,-0.211475,-0.161710,-1.023619
632,90.766,B,1,43.229386,-89.439194,45.035856,-88.606908,0.468599,0.002127,-172.1156,0.079267,-171.9652,0.125854,44.310283,-88.276179,-171.9378,0.797394,1.587748,0.725573,-0.330729,-1.080897,-1.163015
633,90.911,B,1,43.174012,-89.103210,44.669423,-88.761873,0.492651,0.024578,-171.7752,0.068509,-171.6468,0.053818,44.030314,-88.303877,-171.6315,0.786270,1.171403,0.639109,-0.457996,-0.856302,-0.799333
634,91.045,B,1,43.469863,-88.404925,44.368621,-88.829880,0.511194,0.028541,-171.2193,0.089407,-170.8387,0.150480,43.808570,-88.321669,-170.9857,0.756264,0.348789,0.560051,-0.508211,-0.338707,-0.083256
635,91.176,B,1,41.847377,-88.988165,44.153353,-88.766448,0.482643,0.005914,-170.5940,0.084795,-170.4664,0.001717,43.526400,-88.346289,-170.4676,0.754721,1.797532,0.626953,-0.420159,-1.679023,-0.641875
636,91.310,B,1,41.402935,-89.328535,43.697469,-88.814298,0.519778,0.001965,-170.2349,0.078051,-170.0702,0.151382,43.241681,-88.373925,-170.2008,0.633775,2.071779,0.455788,-0.440373,-1.838746,-0.954611
637,91.440,B,1,41.947722,-88.515563,43.251359,-88.913386,0.565799,0.008444,-169.3465,0.119274,-168.9139,0.188657,42.955800,-88.399875,-169.1008,0.592494,1.014694,0.295559,-0.513511,-1.008077,-0.115687
638,91.567,B,1,42.491764,-89.103446,42.969216,-88.853847,0.556649,-0.014454,-168.5137,0.127017,-168.3425,0.018741,42.674649,-88.426744,-168.3635,0.518832,0.700979,0.294567,-0.427102,-0.182886,-0.676701
639,91.710,B,1,41.159644,-88.902197,42.823612,-88.908710,0.511152,-0.006727,-168.1681,0.091949,-168.0199,0.133263,42.397644,-88.452867,-168.1312,0.623892,1.317020,0.425968,-0.455842,-1.238000,-0.449329
640,91.849,B,1,41.741011,-88.919762,42.479469,-88.917907,0.521144,-0.016679,-167.2674,0.118851,-167.0973,0.125376,42.124376,-88.472000,-167.2244,0.570020,0.589457,0.355092,-0.445907,-0.383365,-0.447762
641,91.981,B,1,40.341242,-89.624051,42.298858,-88.927657,0.497295,-0.019879,-166.9282,0.091476,-166.7967,0.039847,41.851353,-88.496177,-166.8236,0.621640,1.884817,0.447505,-0.431481,-1.510110,-1.127874
642,92.123,B,1,40.005261,-89.139393,41.903728,-89.061116,0.523744,-0.006926,-166.2882,0.101931,-166.1152,0.155194,41.573495,-88.521207,-166.2534,0.632894,1.685678,0.330233,-0.539909,-1.568234,-0.618186
643,92.264,B,1,40.088231,-89.554897,41.516892,-89.086662,0.541176,-0.017370,-165.8413,0.088998,-165.7237,0.050719,41.286901,-88.551405,-165.7598,0.582577,1.563268,0.229991,-0.535257,-1.198670,-1.003492
644,92.412,B,1,40.291136,-89.505945,41.211924,-89.181612,0.543233,-0.010120,-165.2371,0.096255,-165.0973,0.087132,40.989925,-88.583773,-165.1770,0.637727,1.157025,0.222000,-0.597839,-0.698789,-0.922172
645,92.551,B,1,39.771625,-89.028748,40.997400,-89.251875,0.526090,-0.005086,-164.8006,0.088554,-164.6795,0.091181,40.684514,-88.619958,-164.7679,0.705136,1.000237,0.312886,-0.631917,-0.912889,-0.408790
646,92.693,B,1,38.530680,-89.922695,40.730300,-89.225236,0.516807,-0.022664,-164.3487,0.084167,-164.2412,0.074545,40.375044,-88.655765,-164.3111,0.671196,2.237586,0.355256,-0.569471,-1.844364,-1.266930
647,92.823,B,1,39.395577,-89.247883,40.290495,-89.361093,0.550393,-0.015040,-163.9047,0.080989,-163.8142,0.075939,40.066607,-88.691719,-163.8815,0.705823,0.871550,0.223888,-0.669373,-0.671030,-0.556163
648,92.953,B,1,38.767651,-88.662849,40.079976,-89.354447,0.527839,-0.025580,-163.4931,0.076753,-163.3999,0.059945,39.762283,-88.728355,-163.4655,0.702083,0.996786,0.317693,-0.626092,-0.994632,0.065507
649,93.091,B,1,38.121406,-88.403775,39.797027,-89.243692,0.516582,-0.059435,-163.0782,0.074875,-162.9953,0.072111,39.462100,-88.766431,-163.0594,0.583056,1.388878,0.334927,-0.477261,-1.340694,0.362656
650,93.225,B,1,38.309522,-89.526831,39.449479,-89.103509,0.517374,-0.099004,-162.6761,0.072629,-162.6021,0.074142,39.163291,-88.806291,-162.6641,0.412604,1.117184,0.286188,-0.297218,-0.853769,-0.720540
651,93.368,B,1,37.931421,-89.057418,39.196306,-89.184815,0.511474,-0.085954,-162.3013,0.069219,-162.2241,0.062970,38.861288,-88.848027,-162.2835,0.475041,0.953151,0.335018,-0.336788,-0.929867,-0.209391
652,93.547,B,1,37.775270,-90.014668,38.921794,-89.169453,0.504955,-0.094866,-161.9424,0.066076,-161.8622,0.059043,38.552034,-88.892002,-161.9192,0.462278,1.365189,0.369760,-0.277450,-0.776764,-1.122665
653,93.706,B,1,38.161005,-88.967497,38.668871,-89.326485,0.504884,-0.068324,-161.5986,0.063199,-161.5116,0.058921,38.234343,-88.938965,-161.5673,0.582226,0.078692,0.434529,-0.387520,-0.073337,-0.028533
654,93.855,B,1,37.018733,-89.753866,38.530322,-89.271848,0.470136,-0.079546,-161.2451,0.062332,-161.1652,0.057600,37.910557,-88.989537,-161.2206,0.681034,1.174542,0.619765,-0.282311,-0.891823,-0.764329
655,94.004,B,1,36.036111,-89.698971,38.216100,-89.365169,0.482325,-0.071619,-160.9160,0.059978,-160.8198,0.063846,37.585484,-89.043486,-160.8749,0.707924,1.682325,0.630616,-0.321683,-1.549374,-0.655485
656,94.145,B,1,37.133472,-89.744832,37.782045,-89.433569,0.514734,-0.077316,-160.5724,0.059695,-160.4782,0.056156,37.263894,-89.099439,-160.5323,0.616541,0.658439,0.518151,-0.334130,-0.130422,-0.645393
657,94.285,B,1,36.381125,-89.315250,37.617407,-89.498125,0.491069,-0.066496,-160.6353,0.026505,-160.6085,-0.079465,36.952337,-89.157816,-160.5290,0.747080,0.592510,0.665070,-0.340309,-0.571211,-0.157434
658,94.430,B,1,35.441604,-90.423905,37.350649,-89.475184,0.484189,-0.080535,-160.5869,0.021524,-160.5217,0.093698,36.656343,-89.210128,-160.5984,0.743180,1.717220,0.694306,-0.265057,-1.214739,-1.213777
659,94.577,B,1,35.408890,-90.185600,36.964510,-89.652915,0.514037,-0.062420,-160.0464,0.050321,-160.0005,0.008717,36.364574,-89.258297,-160.0190,0.718085,1.331624,0.599936,-0.394618,-0.955685,-0.927303
660,94.719,B,1,34.629000,-90.906121,36.638982,-89.758434,0.524098,-0.056463,-160.3453,0.006058,-160.3634,-0.036173,36.084951,-89.309722,-160.3188,0.712946,2.160621,0.554030,-0.448712,-1.455951,-1.596399
661,94.863,B,1,34.307342,-89.286873,36.232031,-89.974777,0.556002,-0.035688,-160.1967,0.016252,-160.1920,0.025235,35.800987,-89.361347,-160.2217,0.749730,1.495501,0.431044,-0.613430,-1.493645,0.074474
662,95.006,B,1,34.048705,-90.227916,35.837774,-89.866796,0.560058,-0.078726,-160.4953,-0.014379,-160.5386,-0.071095,35.518100,-89.418900,-160.4723,0.550274,1.677388,0.319674,-0.447896,-1.469395,-0.809016
663,95.189,B,1,34.903623,-89.534894,35.465977,-89.941773,0.571593,-0.080315,-160.6679,-0.020775,-160.7009,-0.062205,35.177322,-89.492168,-160.7154,0.534290,0.277014,0.288655,-0.449605,-0.273699,-0.042725
664,95.326,B,1,33.739594,-89.852058,35.311425,-89.879841,0.530968,-0.093218,-161.0403,-0.039122,-161.1125,-0.073851,34.899259,-89.554272,-161.0802,0.525239,1.197289,0.412166,-0.325569,-1.159665,-0.297786
665,95.463,B,1,33.107155,-90.788214,34.980373,-89.882598,0.533258,-0.104020,-161.4666,-0.053931,-161.5085,-0.074983,34.683855,-89.602157,-161.4328,0.408130,1.972997,0.296518,-0.280441,-1.576701,-1.186057
666,95.598,B,1,33.583756,-90.610297,34.592802,-90.050515,0.556759,-0.085352,-161.9803,-0.067927,-162.0311,-0.098124,34.375757,-89.669650,-162.0537,0.438369,1.229668,0.217045,-0.380865,-0.792000,-0.940648
667,95.728,B,1,33.789659,-89.794824,34.361750,-90.158162,0.544781,-0.069777,-162.5415,-0.081827,-162.6333,-0.111857,34.180468,-89.712521,-162.5320,0.481102,0.399381,0.181282,-0.445641,-0.390809,-0.082303
668,95.861,B,1,32.933815,-91.135385,34.207969,-90.102329,0.507809,-0.082099,-163.2024,-0.095823,-163.3059,-0.124824,33.945401,-89.765728,-163.1939,0.426898,1.702724,0.262568,-0.336601,-1.011587,-1.369658
669,95.997,B,1,33.194229,-89.748586,33.932017,-90.292136,0.514424,-0.053213,-163.9372,-0.109197,-164.0409,-0.132426,33.715675,-89.820768,-163.9193,0.518645,0.526418,0.216343,-0.471368,-0.521446,0.072183
670,96.138,B,1,33.114712,-90.238821,33.761754,-90.202507,0.494248,-0.076474,-164.5726,-0.119495,-164.8359,-0.143911,33.485646,-89.878961,-164.7046,0.425344,0.516809,0.276107,-0.323546,-0.370935,-0.359860
671,96.277,B,1,31.993357,-91.006116,33.601018,-90.213791,0.469580,-0.074862,-165.4156,-0.130705,-165.6943,-0.148618,33.251740,-89.939934,-165.5525,0.443838,1.649324,0.349278,-0.273857,-1.258383,-1.066182
672,96.425,B,1,31.493432,-90.693981,33.262386,-90.359083,0.480089,-0.055339,-166.5221,-0.145108,-166.6206,-0.168955,33.013749,-90.002198,-166.4678,0.434957,1.670308,0.248637,-0.356885,-1.520317,-0.691783
673,96.561,B,1,31.942554,-90.853190,32.901325,-90.423474,0.498614,-0.055996,-167.5025,-0.155989,-167.6152,-0.174279,32.774734,-90.064164,-167.4517,0.380957,1.146772,0.126590,-0.359309,-0.832181,-0.789025
674,96.706,B,1,32.327067,-90.798608,32.682613,-90.504358,0.488142,-0.044760,-168.5488,-0.166952,-168.6717,-0.188296,32.539831,-90.125177,-168.4989,0.405173,0.706242,0.142782,-0.379181,-0.212764,-0.673431
675,96.838,B,1,31.078147,-90.278414,32.572372,-90.561231,0.456313,-0.033372,-169.6604,-0.178173,-169.7811,-0.201402,32.313438,-90.185790,-169.6003,0.456073,1.238759,0.258934,-0.375441,-1.235291,-0.092624
676,96.975,B,1,30.696537,-90.892401,32.262786,-90.514790,0.462494,-0.052727,-170.8114,-0.187437,-170.9368,-0.206532,32.097012,-90.246941,-170.7489,0.314999,1.542060,0.165774,-0.267849,-1.400475,-0.645459
677,97.114,B,1,31.403228,-91.361600,31.939270,-90.583160,0.476202,-0.046709,-172.0277,-0.197646,-172.1373,-0.213768,31.888811,-90.309095,-171.9421,0.278671,1.159119,0.050459,-0.274065,-0.485583,-1.052505
678,97.253,B,1,30.866080,-91.193202,31.797684,-90.722912,0.455063,-0.018590,-173.2807,-0.206166,-173.3853,-0.222432,31.684439,-90.372069,-173.1823,0.368667,1.159297,0.113245,-0.350843,-0.818358,-0.821132
679,97.399,B,1,30.721032,-91.443987,31.588128,-90.809175,0.447512,-0.006272,-174.5654,-0.213267,-174.6831,-0.224339,31.478488,-90.435517,-174.4722,0.389411,1.261250,0.109640,-0.373658,-0.757456,-1.008470
680,97.538,B,1,30.090914,-90.763221,31.390693,-90.924853,0.439160,0.011806,-175.8915,-0.220676,-176.0271,-0.228548,31.267240,-90.499460,-175.8093,0.442945,1.205535,0.123452,-0.425394,-1.176327,-0.263761
681,97.688,B,1,30.082552,-91.156369,31.117441,-90.899355,0.442546,-0.001857,-177.2515,-0.227307,-177.4090,-0.243470,31.050141,-90.564276,-177.1857,0.341771,1.134373,0.067300,-0.335080,-0.967589,-0.592093
682,97.823,B,1,29.877150,-92.535655,30.890740,-90.946087,0.438243,0.002929,-178.6631,-0.234672,-178.8220,-0.258514,30.829775,-90.630319,-178.5939,0.321599,2.130211,0.060965,-0.315768,-0.952625,-1.905336
683,97.967,B,1,29.878632,-90.001280,30.667762,-91.229505,0.438371,0.056025,-179.9029,-0.224375,-179.9985,-0.120964,30.609091,-90.697019,-179.8750,0.535709,1.008772,0.058671,-0.532487,-0.730459,0.695738
684,98.105,B,1,29.158714,-90.446452,30.485638,-91.016075,0.421125,0.004193,179.0465,-0.209236,178.9356,-0.271316,30.390400,-90.761199,179.1708,0.272089,1.271265,0.095239,-0.254876,-1.231686,0.314747
685,98.233,B,1,30.201788,-90.975756,30.209241,-90.913104,0.427285,-0.019516,177.2970,-0.249374,177.1752,-0.257263,30.170500,-90.828340,177.4216,0.093197,0.150700,0.038740,-0.084763,0.031288,-0.147416
686,98.373,B,1,28.918002,-91.646396,30.166953,-90.920429,0.386582,-0.015386,176.2785,-0.215883,176.2203,-0.143099,29.955669,-90.888694,176.3388,0.213654,1.284861,0.211284,-0.031735,-1.037667,-0.757703
687,98.510,B,1,28.243132,-92.427027,29.907528,-91.044952,0.394834,0.011706,175.0262,-0.219571,174.9074,-0.287093,29.742248,-90.950557,175.1776,0.190337,2.104118,0.165280,-0.094395,-1.499116,-1.476470
688,98.652,B,1,28.927423,-91.148454,29.573069,-91.287871,0.416491,0.060969,173.8810,-0.207596,173.8323,-0.114282,29.525352,-91.013396,173.9363,0.278593,0.612992,0.047718,-0.274476,-0.597929,-0.135058
689,98.800,B,1,28.122350,-91.556330,29.417799,-91.264184,0.399909,0.050808,172.7765,-0.203495,172.7077,-0.218775,29.301428,-91.074445,172.9157,0.222583,1.273750,0.116370,-0.189739,-1.179079,-0.481886
690,98.947,B,1,28.608121,-91.448893,29.148453,-91.315654,0.407612,0.058880,171.8146,-0.187992,171.7612,-0.187244,29.067779,-91.133053,171.9371,0.199628,0.557710,0.080674,-0.182601,-0.459658,-0.315839
691,99.082,B,1,28.566908,-91.797191,29.012685,-91.339017,0.387541,0.059430,170.8352,-0.180028,170.7875,-0.161070,28.825143,-91.188641,170.9389,0.240385,0.661074,0.187542,-0.150376,-0.258235,-0.608550
692,99.217,B,1,27.545477,-92.388523,28.895584,-91.419940,0.364803,0.071661,169.9145,-0.171592,169.8620,-0.155393,28.577713,-91.239669,170.0076,0.365431,1.544467,0.317871,-0.180271,-1.032236,-1.148854
693,99.358,B,1,26.337974,-90.845391,28.627287,-91.591702,0.381956,0.107056,169.2142,-0.164756,168.9735,-0.153921,28.330033,-91.287754,169.1131,0.425141,2.040584,0.297255,-0.303948,-1.992058,0.442363
694,99.500,B,1,27.532061,-91.692638,28.176316,-91.461660,0.424323,0.078563,168.1753,-0.157447,168.1242,-0.144543,28.037258,-91.344244,168.0910,0.181999,0.613680,0.139058,-0.117416,-0.505197,-0.348394
695,99.631,B,1,26.115182,-92.158159,28.028666,-91.501566,0.413578,0.084319,167.5174,-0.152316,167.3148,-0.138763,27.845641,-91.382125,167.4416,0.218551,1.896502,0.183025,-0.119441,-1.730459,-0.776034
696,99.769,B,1,26.001759,-91.893752,27.641483,-91.616867,0.430312,0.109211,166.5830,-0.143951,166.5441,-0.130274,27.561455,-91.438655,166.5140,0.195356,1.624735,0.080028,-0.178212,-1.559695,-0.455098
697,99.900,B,1,26.990440,-91.712661,27.307084,-91.666191,0.445415,0.119088,165.8350,-0.138148,165.8079,-0.130864,27.323613,-91.483318,165.7791,0.183619,0.404478,-0.016529,-0.182873,-0.333173,-0.229343
698,100.023,B,1,25.609896,-92.107915,27.206410,-91.674833,0.413514,0.111501,165.1043,-0.133472,165.1014,-0.121103,27.129936,-91.515886,165.2126,0.176387,1.631263,0.076474,-0.158947,-1.520040,-0.592029
699,100.165,B,1,26.310223,-92.497777,26.890220,-91.751345,0.435650,0.130664,164.5576,-0.128395,164.4221,-0.116969,26.831123,-91.558320,164.3955,0.201869,1.074206,0.059096,-0.193025,-0.520901,-0.939458
700,100.315,B,1,25.702591,-92.177095,26.736785,-91.885019,0.400130,0.146910,163.7666,-0.121762,163.7715,-0.110307,26.574811,-91.588600,163.7461,0.337787,1.052185,0.161975,-0.296419,-0.872219,-0.588495
701,100.458,B,1,25.618680,-91.625109,26.520523,-91.938822,0.403546,0.154875,163.2853,-0.115629,163.1523,-0.107936,26.314568,-91.616190,163.1282,0.382765,0.695945,0.205956,-0.322632,-0.695888,-0.008919
702,100.598,B,1,25.966736,-92.739192,26.321191,-91.885860,0.400105,0.136826,162.6890,-0.110541,162.5644,-0.100511,26.106041,-91.637484,162.6565,0.328604,1.110480,0.215150,-0.248376,-0.139305,-1.101708
703,100.746,B,1,24.711560,-91.983270,26.219416,-92.037979,0.365798,0.157538,162.1195,-0.105741,162.0044,-0.101038,25.796526,-91.668905,161.9825,0.561295,1.129591,0.422890,-0.369074,-1.084966,-0.314365
704,100.883,B,1,24.990934,-91.571531,25.907531,-92.031961,0.376976,0.152328,161.4534,-0.101327,161.4673,-0.089926,25.593391,-91.689130,161.5519,0.464991,0.613828,0.314140,-0.342831,-0.602458,0.117599
705,101.017,B,1,24.314904,-92.579572,25.705649,-91.952231,0.377016,0.131065,160.9354,-0.096518,160.9492,-0.088594,25.342167,-91.712579,161.0309,0.435376,1.344227,0.363482,-0.239653,-1.027263,-0.866994
706,101.153,B,1,24.510251,-91.283749,25.428309,-92.063157,0.389896,0.157806,160.5457,-0.092367,160.4499,-0.086107,25.090957,-91.733041,160.5283,0.471999,0.734223,0.337352,-0.330116,-0.580706,0.449292
707,101.289,B,1,23.075264,-92.698977,25.218649,-91.926350,0.385102,0.122868,159.9660,-0.088388,159.9745,-0.074114,24.835630,-91.750113,160.0486,0.421620,1.999807,0.383020,-0.176237,-1.760366,-0.948863
708,101.437,B,1,23.449946,-91.686816,24.807518,-92.061662,0.421356,0.164845,159.6198,-0.083818,159.5310,-0.068853,24.572761,-91.763976,159.5996,0.379115,1.125463,0.234757,-0.297686,-1.122815,0.077160
709,101.586,B,1,22.835304,-91.092477,24.516075,-91.995489,0.424149,0.148767,159.1327,-0.077526,159.1240,-0.065579,24.301211,-91.774977,159.1867,0.307884,1.617000,0.214865,-0.220512,-1.465907,0.682501
710,101.738,B,1,23.356199,-92.001732,24.174038,-91.833446,0.451277,0.123578,158.7583,-0.072237,158.7504,-0.057454,24.022593,-91.783347,158.8082,0.159517,0.701266,0.151445,-0.050099,-0.666394,-0.218385
711,101.874,B,1,23.010277,-92.219331,23.983791,-91.858591,0.433667,0.127319,158.4158,-0.066931,158.4021,-0.060423,23.740485,-91.789243,158.4565,0.252996,0.847454,0.243306,-0.069348,-0.730208,-0.430087
712,102.017,B,1,23.102471,-91.754298,23.767277,-91.918655,0.420538,0.139363,158.0896,-0.062640,158.0718,-0.056481,23.458626,-91.792993,158.1236,0.333251,0.358250,0.308651,-0.125662,-0.356154,0.038695
713,102.154,B,1,23.148676,-92.702602,23.606490,-91.886621,0.404696,0.128810,157.7710,-0.059607,157.7579,-0.048222,23.178928,-91.795239,157.8069,0.437219,0.907867,0.427563,-0.091382,-0.030252,-0.907363
714,102.295,B,1,22.046334,-92.722548,23.484275,-92.028475,0.370764,0.149864,157.4782,-0.055876,157.4651,-0.045101,22.900666,-91.796766,157.5102,0.627924,1.259744,0.583609,-0.231709,-0.854331,-0.925783
715,102.425,B,1,21.157612,-92.372514,23.189868,-92.151492,0.374486,0.177673,157.2223,-0.051048,157.2014,-0.036333,22.621072,-91.797986,157.2413,0.669698,1.572194,0.568796,-0.353506,-1.463459,-0.574527
716,102.567,B,1,22.500101,-91.891603,22.788352,-92.192444,0.403863,0.195062,156.9885,-0.046674,156.9719,-0.034148,22.336618,-91.798306,157.0063,0.599507,0.188231,0.451734,-0.394138,0.163483,-0.093296
717,102.714,B,1,21.281077,-92.011199,22.693926,-92.140952,0.378786,0.170122,156.7870,-0.041691,156.7735,-0.021772,22.044648,-91.796011,156.8035,0.735218,0.793314,0.649278,-0.344941,-0.763571,-0.215188
718,102.865,B,1,20.911610,-91.483563,22.402533,-92.118431,0.391425,0.168734,156.6107,-0.037165,156.5964,-0.033515,21.744650,-91.789227,156.6238,0.735654,0.887348,0.657883,-0.329205,-0.833040,0.305664
719,103.009,B,1,19.555580,-92.616956,22.096213,-92.005254,0.412375,0.151926,156.4320,-0.034419,156.4314,-0.028160,21.438388,-91.777226,156.4572,0.696226,2.061581,0.657825,-0.228028,-1.882809,-0.839730
720,103.154,B,1,20.126943,-91.457782,21.601768,-92.111509,0.448906,0.193199,156.2785,-0.031100,156.2754,-0.019844,21.129066,-91.761079,156.2997,0.588429,1.047014,0.472702,-0.350430,-1.002123,0.303297
721,103.286,B,1,19.129309,-91.633203,21.292294,-91.994684,0.464078,0.173671,156.1307,-0.028716,156.1313,-0.023452,20.819866,-91.743156,156.1534,0.535214,1.694129,0.472428,-0.251528,-1.690558,0.109953
722,103.425,B,1,19.877731,-91.339256,20.859732,-91.927438,0.496514,0.175731,156.0063,-0.025663,156.0026,-0.016875,20.512588,-91.725609,156.0221,0.401551,0.743178,0.347144,-0.201828,-0.634857,0.386354
723,103.563,B,1,19.485203,-92.989008,20.634471,-91.818705,0.489829,0.153400,155.8911,-0.023305,155.8899,-0.014954,20.207323,-91.709059,155.9070,0.440997,1.469601,0.427148,-0.109645,-0.722120,-1.279949
724,103.703,B,1,18.707634,-91.851402,20.380873,-92.021212,0.463971,0.194036,155.7981,-0.020352,155.7890,-0.006393,19.902891,-91.692247,155.8046,0.580245,1.205806,0.477982,-0.328965,-1.195257,-0.159155
725,103.836,B,1,18.052318,-92.583948,20.034739,-91.989645,0.477270,0.194074,155.7070,-0.018393,155.6926,-0.016696,19.597308,-91.672584,155.7080,0.540252,1.793761,0.437431,-0.317060,-1.544990,-0.911364
726,103.971,B,1,18.503998,-91.453254,19.632381,-92.093476,0.488323,0.224053,155.6155,-0.017372,155.5949,-0.023359,19.288480,-91.647640,155.6107,0.563061,0.808206,0.343901,-0.445836,-0.784482,0.194386
727,104.115,B,1,18.699028,-91.866389,19.379927,-91.979687,0.488110,0.197933,155.5239,-0.016590,155.4953,-0.019316,18.975237,-91.616668,155.5112,0.543651,0.372360,0.404690,-0.363019,-0.276209,-0.249721
728,104.264,B,1,18.426361,-92.500938,19.208167,-91.957346,0.465375,0.185222,155.4332,-0.016173,155.3977,-0.010700,18.658092,-91.580903,155.4130,0.666553,0.948770,0.550076,-0.376443,-0.231731,-0.920035
729,104.406,B,1,17.568269,-92.797625,19.020882,-92.051660,0.438409,0.196956,155.3491,-0.015593,155.3060,-0.017914,18.339239,-91.542662,155.3202,0.850716,1.472863,0.681644,-0.508998,-0.770969,-1.254963
730,104.560,B,1,17.403820,-92.557500,18.714078,-92.184121,0.433083,0.224242,155.2701,-0.014498,155.2203,-0.009655,17.958487,-91.496101,155.2169,1.021905,1.197591,0.755591,-0.688020,-0.554667,-1.061399
731,104.698,B,1,16.789195,-91.735550,18.433780,-92.252794,0.429442,0.234896,155.1908,-0.014193,155.1372,-0.020030,17.707615,-91.464955,155.1505,1.071451,0.957452,0.726166,-0.787839,-0.918419,-0.270595
732,104.846,B,1,16.859412,-91.776269,18.093872,-92.163661,0.450587,0.220020,155.0890,-0.015494,155.0527,-0.006640,17.336685,-91.416894,155.0492,1.063481,0.597445,0.757186,-0.746767,-0.477273,-0.359375
733,104.991,B,1,16.665672,-91.896995,17.825890,-92.095751,0.454052,0.204751,155.2116,0.002231,155.2299,0.113236,17.036201,-91.372763,155.2589,1.070664,0.641958,0.789690,-0.722988,-0.370528,-0.524231
734,105.129,B,1,16.718545,-91.301783,17.573499,-92.060445,0.451815,0.196107,155.6080,0.027743,155.6114,-0.013404,16.746763,-91.330265,155.6070,1.103021,0.040093,0.826736,-0.730180,-0.028218,0.028482
735,105.266,B,1,16.133574,-91.014184,17.383868,-91.925050,0.456881,0.168641,155.3347,-0.004107,155.2651,-0.021074,16.510261,-91.294452,155.2918,1.077424,0.469514,0.873607,-0.630598,-0.376687,0.280268
736,105.411,B,1,15.145198,-92.017995,17.107754,-91.759327,0.459033,0.138184,155.6887,0.028286,155.7597,0.123521,16.224914,-91.247508,155.6363,1.020474,1.326438,0.882841,-0.511819,-1.079716,-0.770487
737,105.565,B,1,14.823492,-91.950192,16.712975,-91.799545,0.475432,0.162860,155.9682,0.034020,155.9859,-0.019624,15.938108,-91.199416,156.0020,0.980088,1.343887,0.774866,-0.600129,-1.114616,-0.750776
738,105.705,B,1,15.023668,-91.903963,16.339346,-91.822962,0.499590,0.184111,156.2261,0.043712,156.4620,0.144580,15.650525,-91.149958,156.3337,0.963020,0.980547,0.688821,-0.673004,-0.626857,-0.754005
739,105.844,B,1,15.064857,-92.471118,16.046394,-91.834437,0.484312,0.185197,156.8933,0.066591,156.9633,0.079896,15.369340,-91.098723,156.8969,0.999839,1.405767,0.677054,-0.735714,-0.304483,-1.372396
740,105.985,B,1,14.175900,-90.858800,15.821942,-91.946370,0.460779,0.202876,157.5222,0.084753,157.6403,0.117930,15.096092,-91.047247,157.5264,1.155543,0.939289,0.725850,-0.899123,-0.920191,0.188448
741,106.124,B,1,14.369909,-91.566665,15.480488,-91.754524,0.486797,0.171373,158.2318,0.101443,158.3347,0.132892,14.833045,-90.996562,158.2166,0.996839,0.734515,0.647442,-0.757962,-0.463136,-0.570103
742,106.268,B,1,14.329488,-91.648014,15.233252,-91.719612,0.479572,0.164583,158.9942,0.114567,159.1228,0.159049,14.580221,-90.947472,158.9902,1.011261,0.744061,0.653031,-0.772140,-0.250734,-0.700542
743,106.410,B,1,13.934974,-90.470920,15.023693,-91.705787,0.464609,0.159074,159.8956,0.131936,159.9998,0.167187,14.335016,-90.899920,159.8538,1.060046,0.586578,0.688677,-0.805867,-0.400041,0.429000
744,106.548,B,1,12.985910,-91.690715,14.782526,-91.485720,0.473333,0.117404,160.8661,0.147600,160.9605,0.178857,14.093360,-90.852857,160.8012,0.935663,1.388687,0.689166,-0.632863,-1.107450,-0.837858
745,106.692,B,1,12.322760,-91.347392,14.416067,-91.518822,0.485516,0.136954,161.9096,0.162030,162.0020,0.191904,13.851636,-90.804636,161.8302,0.910298,1.622359,0.564430,-0.714186,-1.528877,-0.542756
746,106.837,B,1,12.448333,-91.301375,13.994980,-91.487254,0.511782,0.144975,162.9590,0.169921,163.0297,0.122378,13.607613,-90.754110,162.9057,0.829189,1.281963,0.387367,-0.733144,-1.159280,-0.547265
747,106.983,B,1,13.228639,-91.648233,13.668607,-91.452832,0.517422,0.143913,163.2104,0.113835,163.2142,0.039501,13.359107,-90.708845,163.1943,0.805795,0.948405,0.309500,-0.743987,-0.130468,-0.939388
748,107.128,B,1,12.070205,-91.525646,13.538701,-91.487051,0.480390,0.141999,164.0615,0.129568,164.1075,0.161704,13.115998,-90.657586,163.9580,0.930962,1.359122,0.422703,-0.829465,-1.045794,-0.868060
749,107.270,B,1,12.360651,-91.317138,13.229191,-91.495108,0.484106,0.146563,164.9608,0.140635,165.0037,0.156197,12.875145,-90.610702,164.8647,0.952640,0.873932,0.354046,-0.884406,-0.514494,-0.706436
750,107.410,B,1,11.444314,-91.077174,13.026017,-91.465459,0.469444,0.135946,165.7972,0.142424,165.8329,0.134789,12.641945,-90.569752,165.7049,0.974577,1.300691,0.384072,-0.895706,-1.197631,-0.507422
751,107.560,B,1,11.035552,-90.352617,12.697482,-91.398487,0.483111,0.126181,166.5614,0.138252,166.5920,0.125420,12.417443,-90.533601,166.4753,0.909092,1.393692,0.280039,-0.864886,-1.381891,0.180985
752,107.705,B,1,11.562520,-90.294985,12.353543,-91.213859,0.504917,0.094538,167.2667,0.131531,167.2795,0.119173,12.200183,-90.500533,167.1742,0.729625,0.669973,0.153360,-0.713326,-0.637663,0.205548
753,107.840,B,1,10.890279,-91.370927,12.163221,-91.048763,0.492804,0.061055,167.9025,0.122619,167.8992,0.101431,11.986879,-90.469363,167.8043,0.605641,1.419631,0.176342,-0.579400,-1.096601,-0.901564
754,107.976,B,1,10.277317,-90.164367,11.889204,-91.102221,0.487002,0.078118,168.4727,0.112700,168.4592,0.089177,11.773842,-90.439963,168.3732,0.672231,1.521690,0.115362,-0.662258,-1.496525,0.275597
755,108.134,B,1,10.599575,-91.230693,11.554803,-90.934016,0.504935,0.051790,169.2841,0.127291,169.3304,0.190920,11.511627,-90.405191,169.3742,0.530585,1.230159,0.043176,-0.528825,-0.912052,-0.825502
756,108.264,B,1,9.594236,-90.554409,11.336216,-90.982955,0.487568,0.065180,169.8713,0.113407,169.8336,-0.028983,11.336956,-90.382701,169.8361,0.600254,1.751159,-0.000740,-0.600254,-1.742720,-0.171707
757,108.398,B,1,10.332584,-90.681876,10.978957,-90.904081,0.505548,0.057499,169.6977,0.054236,169.6503,0.033002,11.120460,-90.362476,169.6303,0.559784,0.850155,-0.141503,-0.541605,-0.787875,-0.319399
758,108.535,B,1,10.093309,-92.133571,10.815051,-90.861677,0.481502,0.048972,170.1898,0.068829,170.1729,0.070656,10.903154,-90.338235,170.1010,0.530804,1.969538,-0.088103,-0.523441,-0.809845,-1.795336
759,108.678,B,1,10.574816,-90.934077,10.640284,-91.084431,0.451628,0.094533,170.0793,0.028910,169.9864,-0.054929,10.695578,-90.319667,170.0514,0.766760,0.626165,-0.055294,-0.764764,-0.120762,-0.614410
760,108.815,B,1,9.787256,-91.328452,10.582600,-91.059073,0.411603,0.080580,170.1250,0.022055,170.0663,0.025140,10.456176,-90.298031,170.0697,0.771471,1.228503,0.126424,-0.761042,-0.668920,-1.030420
761,108.959,B,1,9.311443,-89.575303,10.400648,-91.107605,0.398748,0.087952,169.8516,-0.008406,169.7624,-0.046024,10.303080,-90.286894,169.8105,0.826491,1.220535,0.097568,-0.820712,-0.991637,0.711590
762,109.098,B,1,8.724075,-90.834822,10.167366,-90.835929,0.409753,0.031897,169.6702,-0.018527,169.5786,-0.066433,10.076107,-90.269480,169.5630,0.573754,1.465470,0.091259,-0.566450,-1.352033,-0.565342
763,109.231,B,1,9.759610,-90.780665,9.872777,-90.831573,0.422055,0.038382,169.3192,-0.036523,169.2071,-0.083442,9.887490,-90.256771,169.1898,0.574990,0.539276,-0.014713,-0.574802,-0.127879,-0.523894
764,109.360,B,1,9.290924,-90.459294,9.819969,-90.819195,0.393718,0.034327,168.9770,-0.049713,168.7669,-0.082496,9.735038,-90.246982,168.8432,0.578482,0.492254,0.084931,-0.572213,-0.444114,-0.212313
765,109.510,B,1,9.062212,-90.044204,9.682623,-90.750153,0.369777,0.021054,168.3717,-0.068189,168.2412,-0.088962,9.504263,-90.232753,168.2184,0.547280,0.480583,0.178361,-0.517400,-0.442051,0.188549
766,109.638,B,1,8.799711,-90.987186,9.537176,-90.619089,0.360955,-0.001749,167.7724,-0.083608,167.6327,-0.114834,9.350830,-90.223477,167.7356,0.437303,0.941797,0.186346,-0.395612,-0.551119,-0.763709
767,109.779,B,1,8.185279,-91.839036,9.372141,-90.676682,0.349821,0.016557,167.0933,-0.098169,166.9440,-0.125890,9.162693,-90.212458,167.0594,0.509286,1.897655,0.209448,-0.464224,-0.977415,-1.626578
768,109.912,B,1,8.422249,-90.772168,9.127800,-90.877056,0.349864,0.064574,166.3345,-0.112341,166.1797,-0.132755,8.981275,-90.202850,166.3068,0.689945,0.797892,0.146525,-0.674207,-0.559025,-0.569318
769,110.047,B,1,7.805587,-90.268910,8.968183,-90.856062,0.341960,0.059924,165.5066,-0.125595,165.3453,-0.152892,8.807468,-90.195442,165.4833,0.679889,1.004571,0.160715,-0.660620,-1.001881,-0.073469
770,110.191,B,1,8.225344,-90.713882,8.728170,-90.748421,0.354689,0.042506,164.6060,-0.138626,164.4457,-0.160706,8.640160,-90.190471,164.5938,0.564848,0.667856,0.088010,-0.557950,-0.414816,-0.523411
771,110.326,B,1,7.985665,-90.471021,8.611682,-90.737862,0.345500,0.042160,163.8278,-0.149406,163.4838,-0.165954,8.476785,-90.187367,163.6418,0.566781,0.567150,0.134897,-0.550494,-0.491120,-0.283654
772,110.465,B,1,7.549376,-90.655490,8.462387,-90.683623,0.330076,0.033349,162.6083,-0.162649,162.4615,-0.181921,8.314127,-90.184957,162.6290,0.520239,0.897912,0.148260,-0.498666,-0.764751,-0.470533
773,110.610,B,1,7.283097,-90.041060,8.268736,-90.671663,0.330554,0.037445,161.5324,-0.173086,161.3805,-0.195726,8.149682,-90.182139,161.5573,0.503793,0.877994,0.119053,-0.489524,-0.866585,0.141079
774,110.761,B,1,6.676406,-90.309397,8.062266,-90.552222,0.339173,0.021323,160.4045,-0.182841,160.2436,-0.208933,7.982779,-90.178535,160.4291,0.382047,1.312912,0.079486,-0.373687,-1.306374,-0.130862
775,110.906,B,1,6.836876,-90.542795,7.784418,-90.499311,0.357103,0.024892,159.2205,-0.192419,159.0544,-0.211467,7.814724,-90.174683,159.2481,0.326040,1.044842,-0.030306,-0.324628,-0.977848,-0.368113
776,111.054,B,1,7.194996,-90.819108,7.582977,-90.496489,0.355022,0.034157,157.9900,-0.201439,157.8161,-0.216430,7.648107,-90.171768,158.0175,0.331189,0.790163,-0.065130,-0.324721,-0.453111,-0.647340
777,111.196,B,1,6.332078,-90.098647,7.481020,-90.543647,0.330567,0.046346,156.7030,-0.210733,156.5306,-0.230086,7.485424,-90.170958,156.7394,0.372715,1.155611,-0.004404,-0.372689,-1.153346,0.072311
778,111.341,B,1,7.219716,-91.030233,7.245878,-90.455278,0.343267,0.040490,155.3706,-0.219477,155.1989,-0.237644,7.327869,-90.172810,155.4150,0.294127,0.864217,-0.081992,-0.282467,-0.108153,-0.857423
779,111.486,B,1,5.675729,-90.722719,7.209563,-90.546983,0.303900,0.056384,153.9943,-0.227633,153.8220,-0.245617,7.175001,-90.177151,154.0453,0.371443,1.595450,0.034561,-0.369831,-1.499272,-0.545567
780,111.626,B,1,6.449081,-89.975010,6.908056,-90.569466,0.323817,0.077343,152.5882,-0.234644,152.4027,-0.247100,7.024843,-90.183237,152.6324,0.403500,0.612258,-0.116787,-0.386229,-0.575762,0.208226
781,111.765,B,1,6.464286,-90.627363,6.795659,-90.455437,0.316326,0.056614,151.1360,-0.241926,150.9459,-0.253553,6.874420,-90.190029,151.1812,0.276847,0.599559,-0.078761,-0.265408,-0.410135,-0.437334
782,111.930,B,1,5.244560,-90.504197,6.707529,-90.475627,0.294295,0.061752,149.6434,-0.249140,149.4579,-0.268854,6.721071,-90.196600,149.6978,0.279356,1.508211,-0.013542,-0.279028,-1.476511,-0.307598
783,112.093,B,1,6.151003,-91.178532,6.419953,-90.470668,0.313216,0.079545,148.1377,-0.254275,147.9430,-0.279975,6.563711,-90.202485,148.1871,0.304284,1.059715,-0.143758,-0.268183,-0.412708,-0.976047
784,112.269,B,1,6.056467,-89.663950,6.342350,-90.586710,0.280201,0.099081,146.5851,-0.260543,146.4017,-0.277899,6.403246,-90.207835,146.6502,0.383738,0.645032,-0.060896,-0.378875,-0.346779,0.543885
785,112.434,B,1,4.989075,-89.940761,6.264178,-90.415212,0.278165,0.065168,145.0147,-0.265596,144.8310,-0.278327,6.242147,-90.213370,145.0845,0.203040,1.282383,0.022031,-0.201841,-1.253073,0.272610
786,112.604,B,1,5.375828,-89.851684,6.012174,-90.319777,0.299843,0.066918,143.3963,-0.272333,143.2281,-0.290123,6.083146,-90.220149,143.4868,0.122323,0.797537,-0.070973,-0.099628,-0.707318,0.368465
787,112.790,B,1,5.434873,-90.010700,5.872349,-90.223880,0.299405,0.057987,141.7511,-0.277954,141.5933,-0.295463,5.927792,-90.229237,141.8569,0.055701,0.539191,-0.055443,0.005357,-0.492918,0.218537
788,112.991,B,1,4.486808,-90.319559,5.768763,-90.172009,0.288057,0.054508,140.0841,-0.282933,139.9309,-0.287457,5.775848,-90.241331,140.1985,0.069682,1.291412,-0.007085,0.069321,-1.289041,-0.078228
789,113.153,B,1,4.978545,-91.220844,5.516298,-90.183660,0.295528,0.079760,138.4105,-0.286164,138.2472,-0.285490,5.625498,-90.256245,138.5178,0.131122,1.161464,-0.109200,0.072585,-0.646952,-0.964599
790,113.333,B,1,5.317973,-91.025011,5.394078,-90.354423,0.260871,0.113759,136.7107,-0.290143,136.5467,-0.288933,5.474246,-90.272565,136.8198,0.114576,0.768503,-0.080168,-0.081857,-0.156273,-0.752446
791,113.507,B,1,4.343052,-91.713483,5.354620,-90.464072,0.223240,0.123675,134.9990,-0.293289,134.8293,-0.301297,5.320305,-90.288135,135.1054,0.179253,1.728190,0.034315,-0.175937,-0.977253,-1.425349
792,113.673,B,1,4.370327,-90.271936,5.150696,-90.678730,0.201586,0.169748,133.2581,-0.297315,133.0909,-0.304366,5.163506,-90.301182,133.3707,0.377765,0.793718,-0.012810,-0.377548,-0.793179,0.029246
793,113.834,B,1,4.738116,-89.708899,4.986983,-90.602764,0.213080,0.160751,131.4770,-0.302504,131.3264,-0.310972,5.005238,-90.311292,131.6106,0.292043,0.658962,-0.018255,-0.291471,-0.267122,0.602393
794,113.978,B,1,4.593178,-89.769098,4.918054,-90.438240,0.220989,0.127640,129.6727,-0.307243,129.5334,-0.323397,4.847600,-90.319713,129.8222,0.137885,0.606554,0.070453,-0.118527,-0.254423,0.550615
795,114.118,B,1,4.573333,-90.213200,4.837699,-90.310263,0.224960,0.106278,127.8434,-0.311805,127.7140,-0.321968,4.692269,-90.328723,128.0067,0.146596,0.165805,0.145429,0.018460,-0.118936,0.115522
796,114.265,B,1,3.653877,-90.205297,4.773786,-90.284061,0.216812,0.102540,126.3713,-0.314660,125.8724,-0.323663,4.509735,-90.343156,125.7983,0.270583,0.866890,0.264051,0.059095,-0.855858,0.137859
797,114.410,B,1,3.588611,-90.658106,4.551551,-90.256613,0.221361,0.119044,124.1277,-0.319787,124.0124,-0.326697,4.390122,-90.355538,124.3111,0.189329,0.856719,0.161429,0.098925,-0.801511,-0.302569
798,114.557,B,1,3.429199,-91.243789,4.363763,-90.318096,0.215903,0.146242,122.6319,-0.321728,122.1354,-0.328320,4.212755,-90.376677,122.0600,0.161973,1.168693,0.151008,0.058581,-0.783556,-0.867112
799,114.702,B,1,4.453993,-89.158252,4.169978,-90.470472,0.185811,0.177438,120.2789,-0.325977,120.2398,-0.329903,4.065886,-90.393705,120.1635,0.129338,1.294979,0.104092,-0.076767,0.388107,1.235453
800,114.846,B,1,3.638507,-90.374490,4.198441,-90.230469,0.199855,0.123701,118.4186,-0.330442,118.3224,-0.340712,3.919300,-90.407397,118.2452,0.330489,0.282715,0.279140,0.176928,-0.280794,0.032907
801,114.978,B,1,3.837981,-89.966788,4.083629,-90.246471,0.191763,0.133883,116.8621,-0.333408,116.3814,-0.341924,3.802188,-90.415072,116.6936,0.328078,0.449711,0.281441,0.168601,0.035793,0.448284
802,115.111,B,1,2.413453,-88.909370,4.021369,-90.186389,0.186673,0.122880,114.9122,-0.335727,114.4176,-0.345712,3.656258,-90.420965,114.7333,0.433972,1.956907,0.365111,0.234576,-1.242805,1.511595
803,115.250,B,1,2.717474,-89.959691,3.715456,-89.945268,0.235011,0.134729,112.5424,-0.339542,112.4388,-0.326787,3.511400,-90.424519,112.7521,0.520884,0.919991,0.204056,0.479251,-0.793926,0.464828
804,115.383,B,1,2.375254,-90.834520,3.517646,-89.931406,0.229498,0.153243,111.0553,-0.303294,111.0190,-0.248538,3.374275,-90.426111,111.2388,0.515060,1.079278,0.143370,0.494704,-0.999021,-0.408409
805,115.514,B,1,3.505391,-91.137212,3.292834,-90.075679,0.197566,0.189861,109.2225,-0.312007,109.0568,-0.426314,3.237860,-90.434376,109.4375,0.362885,0.752031,0.054974,0.358697,0.267531,-0.702835
806,115.650,B,1,2.959561,-91.127035,3.306881,-90.251922,0.140886,0.181237,107.0429,-0.336251,106.9913,-0.262197,3.099704,-90.446873,107.2441,0.284479,0.694449,0.207177,0.194951,-0.140142,-0.680162
807,115.787,B,1,3.213366,-90.612695,3.224109,-90.399424,0.103572,0.187918,105.6782,-0.295315,105.6605,-0.305145,2.976538,-90.459291,105.9180,0.254707,0.282170,0.247571,0.059868,0.236828,-0.153403
808,115.930,B,1,2.988191,-90.592246,3.202122,-90.432249,0.086645,0.173086,103.7300,-0.314349,103.7189,-0.289805,2.848085,-90.472334,103.9971,0.356300,0.184415,0.354038,0.040084,0.140107,-0.119912
809,116.076,B,1,3.075633,-89.700977,3.145904,-90.456428,0.075563,0.165669,102.3823,-0.279965,102.4021,-0.266268,2.728465,-90.482235,102.6351,0.418236,0.854922,0.417439,0.025807,0.347169,0.781259
810,116.214,B,1,1.748401,-90.584116,3.116688,-90.318255,0.094915,0.143586,100.7687,-0.279388,100.8085,-0.209259,2.605780,-90.488635,101.0106,0.538569,0.862679,0.510908,0.170380,-0.857379,-0.095481
811,116.341,B,1,2.770326,-91.051106,2.858128,-90.358466,0.090758,0.179757,99.3870,-0.263959,99.4279,-0.234604,2.486746,-90.490593,99.6387,0.394185,0.628166,0.371382,0.132127,0.283580,-0.560513
812,116.469,B,1,2.117194,-90.840217,2.823799,-90.475643,0.058758,0.172016,98.0166,-0.253422,98.0792,-0.225592,2.367660,-90.481469,98.2906,0.456177,0.437530,0.456139,0.005826,-0.250466,-0.358747
813,116.606,B,1,2.388516,-90.535463,2.680879,-90.536794,0.046266,0.183311,96.7261,-0.241458,96.7875,-0.225447,2.250240,-90.463422,96.9908,0.436845,0.155917,0.430639,-0.073372,0.138276,-0.072040
814,116.737,B,1,2.144309,-90.897276,2.610899,-90.533984,0.044050,0.175998,95.4776,-0.231399,95.5452,-0.215926,2.135671,-90.441007,95.7407,0.484238,0.456351,0.475228,-0.092977,0.008637,-0.456269
815,116.881,B,1,1.517522,-90.241353,2.510565,-90.595710,0.030004,0.178017,94.2700,-0.222544,94.3521,-0.202660,2.023735,-90.417001,94.5396,0.518594,0.535821,0.486830,-0.178708,-0.506213,0.175648
816,117.025,B,1,1.657094,-89.516406,2.316814,-90.530648,0.045403,0.194253,93.1247,-0.212941,93.2114,-0.195807,1.913182,-90.391552,93.3902,0.426928,0.911845,0.403633,-0.139096,-0.256088,0.875146
817,117.162,B,1,1.114771,-90.136070,2.180951,-90.346607,0.080499,0.194228,92.0409,-0.202683,92.1268,-0.185056,1.802601,-90.362323,92.2964,0.378676,0.724086,0.378350,0.015716,-0.687830,0.226253
818,117.304,B,1,1.309240,-90.130435,1.972499,-90.301668,0.084647,0.212925,91.0138,-0.192660,91.1003,-0.177771,1.691398,-90.325299,91.2607,0.282093,0.428972,0.281101,0.023631,-0.382158,0.194864
819,117.444,B,1,1.733515,-90.444549,1.834000,-90.263136,0.084856,0.215738,90.0272,-0.184038,90.1297,-0.165750,1.580234,-90.276568,90.2815,0.254121,0.227404,0.253766,0.013432,0.153281,-0.167981
820,117.587,B,1,0.980757,-90.677266,1.795358,-90.287145,0.070432,0.199092,89.0968,-0.174790,89.2097,-0.158355,1.470455,-90.214355,89.3537,0.332957,0.673862,0.324904,-0.072789,-0.489698,-0.462910
821,117.741,B,1,1.483468,-90.162214,1.631347,-90.349170,0.051118,0.210051,88.1954,-0.167533,88.3361,-0.146821,1.341837,-90.123872,88.3021,0.366846,0.146729,0.289510,-0.225299,0.141631,-0.038342
822,117.871,B,1,1.013821,-89.357796,1.585059,-90.310243,0.053131,0.194984,87.3413,-0.159879,87.5076,-0.144634,1.257842,-90.057024,87.6371,0.413752,0.740585,0.327218,-0.253218,-0.244020,0.699228
823,118.031,B,1,1.415716,-89.550257,1.465213,-90.134611,0.082719,0.196351,86.5312,-0.152239,86.7239,-0.131981,1.133047,-89.952578,86.6935,0.378775,0.491695,0.332166,-0.182034,0.282669,0.402321
824,118.156,B,1,1.242829,-89.526869,1.438209,-90.021502,0.095874,0.179314,85.7836,-0.143265,85.9846,-0.131547,1.049814,-89.882281,86.0999,0.412593,0.404440,0.388395,-0.139221,0.193015,0.355412
825,118.302,B,1,0.339165,-89.306112,1.386408,-89.922473,0.104398,0.169464,85.0681,-0.133471,85.2876,-0.114726,0.924478,-89.776362,85.2605,0.484487,0.750817,0.461930,-0.146111,-0.585313,0.470250
826,118.443,B,1,1.180549,-89.623925,1.185320,-89.801542,0.115554,0.192135,84.4571,-0.124509,84.6303,-0.107589,0.820319,-89.685545,84.6048,0.382991,0.365462,0.365002,-0.115997,0.360230,0.061619
827,118.572,B,1,1.392079,-90.320518,1.167219,-89.757066,0.110841,0.174151,83.8503,-0.116861,84.0094,-0.102760,0.717800,-89.588647,83.9853,0.479940,0.995132,0.449419,-0.168419,0.674279,-0.731871
828,118.707,B,1,0.840840,-89.424912,1.191645,-89.844937,0.080403,0.148079,83.2770,-0.109933,83.4227,-0.102488,0.618024,-89.481987,83.3999,0.678803,0.230009,0.573621,-0.362950,0.222815,0.057076
829,118.849,B,1,0.142386,-88.708095,1.118863,-89.762901,0.088638,0.150611,82.8277,-0.105926,82.8701,-0.102567,0.540321,-89.388267,82.9562,0.689247,0.788027,0.578542,-0.374634,-0.397935,0.680172
830,118.991,B,1,0.712536,-89.671465,0.933202,-89.565963,0.115689,0.175211,82.2951,-0.100567,82.3526,-0.083401,0.445256,-89.261121,82.4331,0.575343,0.489715,0.487945,-0.304843,0.267280,-0.410344
831,119.124,B,1,0.161372,-88.809095,0.876479,-89.569372,0.097829,0.162648,81.6931,-0.094691,81.8688,-0.086907,0.351540,-89.125675,81.9441,0.687334,0.369306,0.524939,-0.443697,-0.190169,0.316579
832,119.263,B,1,0.857127,-88.587962,0.735257,-89.422396,0.112961,0.175675,81.2284,-0.089248,81.4134,-0.075128,0.258637,-88.986057,81.4846,0.646187,0.718798,0.476620,-0.436339,0.598490,0.398095
833,119.400,B,1,0.342592,-89.352835,0.744801,-89.263769,0.135289,0.161202,80.8887,-0.084192,80.9798,-0.068244,0.166871,-88.845628,81.0479,0.713334,0.536785,0.577930,-0.418141,0.175722,-0.507207
834,119.526,B,1,-0.222802,-88.311614,0.657487,-89.261488,0.114623,0.156814,80.3779,-0.078509,80.5632,-0.070472,0.077036,-88.705672,80.6288,0.803651,0.495161,0.580451,-0.555816,-0.299838,0.394058
835,119.653,B,1,0.453990,-87.606081,0.491516,-89.082715,0.136257,0.181906,80.0846,-0.075044,80.1619,-0.074530,-0.010192,-88.565134,80.2250,0.720834,1.065481,0.501709,-0.517581,0.464182,0.959054
836,119.797,B,1,0.481068,-88.320450,0.467829,-88.801693,0.173060,0.170047,79.6238,-0.071361,79.7780,-0.068637,-0.094576,-88.420924,79.8381,0.679179,0.584347,0.562405,-0.380768,0.575645,0.100475
837,119.936,B,1,0.195972,-88.901850,0.457194,-88.696767,0.173660,0.155886,79.2581,-0.068473,79.4148,-0.061497,-0.176208,-88.269146,79.4714,0.764237,0.734052,0.633402,-0.427621,0.372180,-0.632704
838,120.079,B,1,-0.061976,-87.265808,0.399107,-88.714013,0.148158,0.149028,78.9159,-0.065042,79.0736,-0.063688,-0.255137,-88.107110,79.1268,0.892393,0.863192,0.654243,-0.606902,0.193161,0.841302
839,120.215,B,1,0.004333,-87.321294,0.305888,-88.439497,0.182693,0.159884,78.5904,-0.061876,78.7505,-0.060483,-0.331125,-87.934741,78.8013,0.812751,0.699177,0.637013,-0.504756,0.335458,0.613447
840,120.345,B,1,-0.500903,-87.619628,0.240753,-88.220183,0.202998,0.162280,78.2788,-0.058981,78.4381,-0.047167,-0.403731,-87.754613,78.4877,0.795057,0.166323,0.644484,-0.465570,-0.097172,0.134986
841,120.476,B,1,0.166996,-87.212238,0.097532,-88.090941,0.199981,0.176947,77.9803,-0.056300,78.1301,-0.047754,-0.472686,-87.570668,78.1792,0.771902,0.733257,0.570218,-0.520273,0.639683,0.358429
842,120.608,B,1,0.187815,-87.171366,0.097371,-87.912191,0.212417,0.163416,77.6768,-0.055245,77.8246,-0.049621,-0.538267,-87.386221,77.8732,0.825034,0.757204,0.635638,-0.525971,0.726082,0.214854
843,120.740,B,1,-0.881821,-86.680670,0.102574,-87.757025,0.218903,0.149671,77.3810,-0.054077,77.5242,-0.045683,-0.601220,-87.202603,77.5718,0.895941,0.592580,0.703794,-0.554422,-0.280601,0.521933
844,120.873,B,1,-1.116465,-86.968280,-0.081938,-87.541694,0.228926,0.177879,77.0865,-0.053230,77.2329,-0.059179,-0.662236,-87.018900,77.2787,0.781063,0.457041,0.580298,-0.522794,-0.454229,0.050621
845,121.008,B,1,-1.097126,-87.254026,-0.277715,-87.414274,0.219589,0.201630,76.7874,-0.053223,76.9532,-0.047697,-0.721334,-86.832358,76.9972,0.731726,0.564821,0.443618,-0.581916,-0.375792,-0.421668
846,121.146,B,1,-0.249315,-86.501527,-0.437557,-87.360704,0.197948,0.212441,76.5156,-0.051098,76.6840,-0.051991,-0.777621,-86.639559,76.7265,0.797304,0.546040,0.340064,-0.721145,0.528306,0.138032
847,121.286,B,1,-0.929737,-86.110911,-0.419374,-87.184524,0.210742,0.192057,76.2494,-0.049459,76.4206,-0.047853,-0.829778,-86.438117,76.4625,0.851796,0.342134,0.410405,-0.746407,-0.099959,0.327206
848,121.424,B,1,-0.832600,-84.966910,-0.523221,-86.969326,0.224318,0.200154,75.9947,-0.047739,76.1588,-0.041930,-0.876926,-86.227818,76.2007,0.821548,1.261688,0.353705,-0.741507,0.044326,1.260909
849,121.557,B,1,-0.296804,-85.879378,-0.591588,-86.587255,0.270833,0.208120,75.7551,-0.045506,75.8979,-0.038685,-0.919250,-86.010653,75.9395,0.663199,0.636138,0.327662,-0.576603,0.622446,0.131274
850,121.696,B,1,-0.437150,-85.241105,-0.552012,-86.431115,0.272174,0.183626,75.5178,-0.044164,75.6409,-0.041920,-0.958004,-85.789839,75.6816,0.758990,0.756569,0.405992,-0.641277,0.520854,0.548733
851,121.828,B,1,-0.723714,-85.830278,-0.542000,-86.189528,0.288839,0.172023,75.2825,-0.042958,75.3916,-0.037440,-0.994776,-85.568316,75.4308,0.768707,0.376960,0.452775,-0.621213,0.271062,-0.261962
852,121.965,B,1,-0.836791,-86.140539,-0.583231,-86.094493,0.272137,0.164976,75.0535,-0.041814,75.1518,-0.052917,-1.030552,-85.347598,75.1895,0.870602,0.816271,0.447321,-0.746895,0.193760,-0.792941
853,122.098,B,1,-0.238316,-84.628484,-0.636903,-86.073286,0.242149,0.157613,74.8122,-0.042022,74.9209,-0.038501,-1.065231,-85.127389,74.9573,1.038358,0.965761,0.428328,-0.945898,0.826915,0.498905
854,122.233,B,1,-0.458576,-84.256843,-0.574352,-85.789672,0.273065,0.141417,74.5838,-0.041349,74.6963,-0.034287,-1.097760,-84.905716,74.7319,1.027294,0.910820,0.523407,-0.883956,0.639184,0.648874
855,122.364,B,1,-1.095000,-85.124981,-0.559740,-85.487915,0.301523,0.137706,74.3630,-0.040456,74.4763,-0.037874,-1.126795,-84.679676,74.5112,0.987320,0.446438,0.567054,-0.808238,0.031794,-0.445304
856,122.516,B,1,-0.633486,-84.259901,-0.659904,-85.391784,0.280301,0.146540,74.1497,-0.039377,74.2621,-0.038319,-1.155987,-84.399232,74.2537,1.109620,0.540760,0.496083,-0.992551,0.522502,0.139331
857,122.648,B,1,-1.262203,-84.170965,-0.661296,-85.160547,0.293147,0.142150,73.9438,-0.038271,74.0576,-0.031663,-1.172210,-84.206063,74.0895,1.082623,0.096595,0.510913,-0.954484,-0.089993,0.035098
858,122.797,B,1,-1.334283,-83.480567,-0.773809,-84.952185,0.293792,0.158876,73.7486,-0.036126,73.8664,-0.031688,-1.192964,-83.908744,73.8591,1.124482,0.450896,0.419154,-1.043441,-0.141319,0.428177
859,122.932,B,1,-1.500551,-84.376925,-0.880050,-84.659887,0.311922,0.177707,73.5803,-0.034055,73.6895,-0.026544,-1.208240,-83.657223,73.6827,1.055009,0.776799,0.328190,-1.002664,-0.292311,-0.719702
860,123.066,B,1,-1.283301,-83.737020,-0.998352,-84.575897,0.285731,0.184954,73.4147,-0.032028,73.5249,-0.023361,-1.222469,-83.405461,73.5185,1.191701,0.337093,0.224117,-1.170437,-0.060832,-0.331559
861,123.203,B,1,-0.465888,-82.794109,-1.058197,-84.395209,0.284595,0.185372,73.2517,-0.030849,73.3696,-0.024165,-1.235817,-83.155160,73.3636,1.252705,0.850381,0.177620,-1.240049,0.769929,0.361050
862,123.330,B,1,-0.814446,-82.790629,-0.961890,-84.078983,0.318763,0.163023,73.1194,-0.027726,73.2224,-0.025569,-1.248088,-82.906149,73.2167,1.207249,0.448765,0.286199,-1.172834,0.433642,0.115520
863,123.458,B,1,-1.621244,-82.219707,-0.940627,-83.823294,0.341155,0.158453,73.0029,-0.026966,73.0843,-0.032182,-1.256890,-82.706600,73.1057,1.160615,0.608127,0.316264,-1.116694,-0.364354,0.486893
864,123.594,B,1,-1.071123,-81.994973,-1.066061,-83.504553,0.358219,0.184337,72.8736,-0.025348,72.9583,-0.024704,-1.266262,-82.454298,72.9775,1.069166,0.499058,0.200201,-1.050255,0.195139,0.459326
865,123.727,B,1,-0.896127,-81.541712,-1.073407,-83.200402,0.377242,0.182687,72.7627,-0.023008,72.8476,-0.012767,-1.273415,-82.196321,72.8642,1.023807,0.755553,0.200008,-1.004080,0.377288,0.654609
866,123.865,B,1,-0.649207,-81.666755,-1.047757,-82.868222,0.401006,0.176332,72.6639,-0.020881,72.7535,-0.019701,-1.278042,-81.931446,72.7675,0.964667,0.682271,0.230285,-0.936777,0.628835,0.264690
867,124.006,B,1,-0.899400,-81.491518,-0.981549,-82.615159,0.409185,0.158032,72.5706,-0.019061,72.6744,-0.022087,-1.280145,-81.660502,72.6862,1.000265,0.416561,0.298596,-0.954657,0.380746,0.168983
868,124.145,B,1,-0.562201,-81.249675,-0.969988,-82.367001,0.402098,0.148962,72.4689,-0.017286,72.6077,-0.008362,-1.280179,-81.385970,72.6176,1.028902,0.730801,0.310191,-0.981030,0.717978,0.136296
869,124.279,B,1,-1.294530,-79.864458,-0.899467,-82.127130,0.406225,0.132466,72.4057,-0.014971,72.5511,-0.008022,-1.278989,-81.110785,72.5595,1.084893,1.246424,0.379521,-1.016345,-0.015541,1.246327
870,124.414,B,1,-1.366706,-81.087549,-0.970047,-81.683582,0.440859,0.157496,72.3637,-0.011925,72.5038,0.000236,-1.277497,-80.836983,72.5107,0.900697,0.265973,0.307449,-0.846599,-0.089209,-0.250566
871,124.553,B,1,-1.370644,-79.717492,-1.042228,-81.532594,0.414764,0.162423,72.3430,-0.008722,72.4663,-0.004062,-1.276279,-80.564955,72.4716,0.995543,0.852700,0.234051,-0.967640,-0.094365,0.847463
872,124.690,B,1,-1.583019,-80.181223,-1.103459,-81.166913,0.433897,0.177735,72.3386,-0.005604,72.4396,0.000666,-1.275230,-80.293445,72.4431,0.890198,0.327608,0.171772,-0.873468,-0.307788,0.112221
873,124.829,B,1,-1.021341,-80.319807,-1.192418,-80.946615,0.420969,0.187866,72.3228,-0.004641,72.4242,-0.002271,-1.273487,-80.020096,72.4259,0.930059,0.391669,0.081070,-0.926519,0.252147,-0.299711
874,124.960,B,1,-1.353963,-79.712337,-1.166901,-80.791060,0.403987,0.170737,72.3119,-0.003891,72.4195,0.003367,-1.269817,-79.742457,72.4196,1.053641,0.089374,0.102916,-1.048603,-0.084146,0.030120
875,125.088,B,1,-1.435749,-78.976475,-1.204037,-80.557123,0.400315,0.172544,72.3044,-0.003129,72.4243,-0.007436,-1.263351,-79.459105,72.4232,1.099619,0.512496,0.059314,-1.098018,-0.172398,0.482630
876,125.300,B,1,-0.862229,-79.194228,-1.249392,-80.234128,0.413812,0.181227,72.3054,-0.001986,72.4334,0.000947,-1.254562,-79.171972,72.4334,1.062169,0.392964,0.005170,-1.062156,0.392333,-0.022256
877,125.465,B,1,-0.762351,-77.873384,-1.184972,-80.005836,0.414144,0.161850,72.2768,-0.003685,72.4048,-0.008496,-1.242150,-78.882446,72.4120,1.124845,1.117324,0.057179,-1.123390,0.479799,1.009061
878,125.633,B,1,-0.668059,-78.627916,-1.112409,-79.583558,0.452486,0.155102,72.2307,-0.005720,72.3510,-0.013907,-1.228020,-78.593458,72.3598,0.996826,0.561020,0.115611,-0.990100,0.559961,-0.034458
879,125.801,B,1,-1.028577,-77.314208,-1.034203,-79.367505,0.446811,0.135375,72.1784,-0.007252,72.3004,-0.007234,-1.215629,-78.307563,72.3080,1.075357,1.010813,0.181425,-1.059942,0.187052,0.993355
880,125.973,B,1,-0.378243,-78.489435,-1.032414,-78.957164,0.474686,0.144748,72.1291,-0.008197,72.2471,-0.006230,-1.203248,-77.970901,72.2447,1.000949,0.974428,0.170834,-0.986263,0.825005,-0.518534
881,126.127,B,1,-0.562431,-77.719987,-0.915179,-78.826202,0.452402,0.113455,72.0677,-0.009542,72.1767,-0.008698,-1.194799,-77.750551,72.1894,1.111401,0.633106,0.279620,-1.075651,0.632368,0.030564
882,126.286,B,1,-0.857811,-77.674686,-0.849318,-78.584544,0.450929,0.102618,71.9864,-0.011802,72.0837,-0.018218,-1.182254,-77.478324,72.1001,1.155235,0.379237,0.332935,-1.106220,0.324443,-0.196361
883,126.432,B,1,-1.132022,-77.149967,-0.846733,-78.378336,0.438835,0.103121,71.8763,-0.015137,71.9750,-0.014386,-1.166652,-77.206644,71.9923,1.214583,0.066419,0.319919,-1.171693,0.034630,0.056677
884,126.578,B,1,-1.110594,-75.981127,-0.893771,-78.116485,0.435786,0.116675,71.7858,-0.015627,71.8750,-0.006504,-1.148725,-76.931362,71.8899,1.212237,0.951000,0.254954,-1.185123,0.038131,0.950235
885,126.727,B,1,-0.198582,-77.332744,-0.929892,-77.693049,0.464964,0.136729,71.7181,-0.014194,71.7914,-0.019583,-1.129051,-76.649854,71.8037,1.062036,1.154172,0.199159,-1.043195,0.930470,-0.682890
886,126.862,B,1,-0.816746,-76.303429,-0.798142,-77.582386,0.440865,0.102475,71.6370,-0.014321,71.7225,-0.009999,-1.107612,-76.361838,71.7328,1.259170,0.296672,0.309469,-1.220548,0.290865,0.058409
887,127.020,B,1,-0.989382,-76.332486,-0.798204,-77.320676,0.451293,0.109835,71.5940,-0.012758,71.6641,-0.011323,-1.084293,-76.069625,71.6729,1.283345,0.279471,0.286089,-1.251051,0.094910,-0.262861
888,127.164,B,1,-1.121119,-75.737355,-0.828037,-77.093721,0.431512,0.115100,71.5284,-0.011420,71.6103,-0.011392,-1.053955,-75.718823,71.6082,1.393336,0.069674,0.225918,-1.374899,-0.067164,-0.018533
889,127.308,B,1,-0.477391,-75.884347,-0.877531,-76.809523,0.433252,0.129414,71.4823,-0.010162,71.5535,-0.005217,-1.032355,-75.487031,71.5641,1.331524,0.682528,0.154824,-1.322492,0.554964,-0.397316
890,127.451,B,1,-0.397809,-74.998870,-0.804855,-76.601429,0.427897,0.113750,71.4173,-0.010832,71.4838,-0.012777,-1.003769,-75.200604,71.4953,1.414877,0.638658,0.198913,-1.400825,0.605960,0.201735
891,127.606,B,1,-0.662275,-74.365374,-0.729612,-76.273702,0.446376,0.107103,71.3442,-0.011781,71.4163,-0.016637,-0.974809,-74.916691,71.4268,1.378985,0.633741,0.245197,-1.357011,0.312534,0.551317
892,127.761,B,1,-0.084281,-74.020344,-0.714372,-75.899978,0.479256,0.118671,71.2309,-0.017202,71.1504,-0.130561,-0.947061,-74.633204,71.2558,1.287968,1.058294,0.232689,-1.266775,0.862780,0.612860
893,127.917,B,1,-0.863565,-73.838287,-0.596771,-75.511123,0.495852,0.105013,70.5344,-0.055359,70.5869,-0.017519,-0.924769,-74.356808,70.6154,1.200011,0.522120,0.327998,-1.154315,0.061204,0.518521
894,128.066,B,1,-0.792967,-72.934779,-0.639251,-75.175553,0.512668,0.125953,70.6720,-0.024164,70.8104,0.014418,-0.896524,-74.078575,70.7852,1.126744,1.148474,0.257274,-1.096979,0.103558,1.143796
895,128.203,B,1,-0.587324,-73.726808,-0.660629,-74.718630,0.529354,0.143243,70.2758,-0.046484,70.2892,-0.162791,-0.870851,-73.803488,70.4396,0.938977,0.293713,0.210222,-0.915141,0.283527,0.076681
896,128.340,B,1,-0.751800,-73.790047,-0.643871,-74.500473,0.523680,0.141470,69.8614,-0.060350,69.9036,0.009893,-0.844434,-73.528851,69.9013,0.992107,0.277137,0.200564,-0.971622,0.092634,-0.261197
897,128.482,B,1,0.209477,-72.203709,-0.657742,-74.314287,0.486460,0.137358,69.5373,-0.058228,69.5083,-0.157637,-0.813662,-73.253861,69.6494,1.071828,1.466162,0.155920,-1.060427,1.023139,1.050151
898,128.616,B,1,-0.836158,-71.996207,-0.500249,-73.901243,0.532730,0.122530,68.9618,-0.080520,68.8962,-0.033893,-0.787995,-72.984134,68.9341,0.961190,0.989100,0.287746,-0.917109,-0.048162,0.987927
899,128.757,B,1,-0.778098,-72.578772,-0.551210,-73.502420,0.532725,0.143601,68.4100,-0.081443,68.3932,-0.044555,-0.762253,-72.719019,68.4423,0.811330,0.141140,0.211043,-0.783401,-0.015845,0.140248
900,128.891,B,1,-0.684442,-73.156810,-0.586666,-73.296175,0.520403,0.152033,68.2574,-0.064952,68.1139,-0.123026,-0.736054,-72.457534,68.2162,0.851843,0.701178,0.149388,-0.838642,0.051613,-0.699276
901,129.025,B,1,-0.544053,-71.578191,-0.597400,-73.212099,0.464039,0.139695,67.1899,-0.110000,67.1347,-0.128748,-0.712919,-72.193047,67.2624,1.025579,0.637623,0.115519,-1.019053,0.168865,0.614856
902,129.174,B,1,-1.451138,-71.599224,-0.582835,-72.875113,0.475140,0.145595,66.7801,-0.092591,66.7748,-0.076590,-0.682561,-71.932421,66.8383,0.947952,0.837694,0.099727,-0.942692,-0.768577,0.333198
903,129.319,B,1,0.301267,-71.931453,-0.731567,-72.600585,0.460831,0.177630,66.0365,-0.108978,66.0213,-0.101136,-0.652228,-71.668986,66.1218,0.934971,0.988959,-0.079339,-0.931599,0.953494,-0.262467
904,129.458,B,1,0.225467,-70.716142,-0.545731,-72.434202,0.452933,0.135049,65.9344,-0.067916,66.0083,0.047617,-0.616400,-71.411958,65.9689,1.024684,1.092199,0.070669,-1.022245,0.841867,0.695816
905,129.593,B,1,0.464054,-71.045907,-0.402581,-72.083449,0.477400,0.120107,65.7727,-0.054933,65.7903,-0.133644,-0.583052,-71.161203,65.9037,0.939738,1.053434,0.180471,-0.922246,1.047106,0.115296
906,129.736,B,1,0.224579,-71.599600,-0.239366,-71.852450,0.478227,0.094324,65.0583,-0.082462,65.1000,-0.033856,-0.551121,-70.902068,65.1430,1.000209,1.043198,0.311755,-0.950382,0.775700,-0.697533
907,129.867,B,1,0.179875,-70.924067,-0.146289,-71.761860,0.447310,0.073480,65.3107,-0.026985,65.4169,0.073262,-0.515956,-70.654568,65.3387,1.167369,0.746197,0.369667,-1.107292,0.695831,-0.269498
908,130.004,B,1,0.272039,-70.755770,-0.076801,-71.570747,0.436802,0.067793,65.3160,-0.018291,65.3596,-0.082371,-0.478913,-70.408216,65.4303,1.230111,0.827479,0.402112,-1.162531,0.750951,-0.347553
909,130.142,B,1,-0.905911,-69.852078,-0.003053,-71.384871,0.426885,0.061705,65.2391,-0.013007,65.3407,0.089418,-0.439436,-70.161212,65.2646,1.299143,0.559610,0.436383,-1.223659,-0.466476,0.309134
910,130.284,B,1,-0.258468,-69.922444,-0.152404,-71.072137,0.423096,0.108240,65.6528,0.020577,65.7421,-0.006269,-0.396640,-69.926508,65.7351,1.171374,0.138232,0.244236,-1.145630,0.138172,0.004064
911,130.427,B,1,0.107917,-69.992157,-0.164116,-70.826117,0.418785,0.118402,65.8633,0.029914,65.9850,0.121300,-0.354644,-69.691825,65.8759,1.150182,0.551509,0.190528,-1.134292,0.462561,-0.300332
912,130.571,B,1,0.317522,-69.075075,-0.109968,-70.636209,0.410087,0.110438,66.2911,0.046986,66.4017,0.085159,-0.314103,-69.465688,66.3361,1.188187,0.742650,0.204136,-1.170520,0.631625,0.390613
913,130.704,B,1,-0.217231,-69.274210,-0.028192,-70.317824,0.428520,0.108822,66.8484,0.067458,66.9765,0.101558,-0.275435,-69.244579,66.8912,1.101356,0.065312,0.247243,-1.073245,0.058203,-0.029631
914,130.836,B,1,-0.582945,-69.017885,-0.055731,-70.090042,0.419044,0.119934,67.4827,0.085406,67.6247,0.112053,-0.236852,-69.027554,67.5165,1.077815,0.346227,0.181122,-1.062488,-0.346092,0.009669
915,130.971,B,1,0.179584,-68.662318,-0.145286,-69.857490,0.406625,0.141437,68.1915,0.100952,68.3475,0.133215,-0.196028,-68.814194,68.2266,1.044529,0.405155,0.050742,-1.043296,0.375612,0.151877
916,131.108,B,1,-0.235497,-68.420595,-0.086107,-69.603319,0.411870,0.134153,68.9854,0.116534,69.1474,0.154716,-0.151908,-68.603528,69.0142,1.001955,0.201125,0.065801,-0.999792,-0.083589,0.182932
917,131.235,B,1,-0.635156,-68.823716,-0.111133,-69.351230,0.409593,0.142824,69.8552,0.131055,70.0264,0.159345,-0.105296,-68.394802,69.8802,0.956446,0.681702,-0.005837,-0.956428,-0.529859,-0.428914
918,131.373,B,1,0.390933,-68.053458,-0.204253,-69.215641,0.380705,0.153849,70.7931,0.144168,70.9875,0.171797,-0.057675,-68.188683,70.8283,1.037366,0.468545,-0.146578,-1.026958,0.448607,0.135225
919,131.503,B,1,-0.379485,-67.364951,-0.100903,-68.969169,0.391085,0.134554,71.8214,0.158427,72.0320,0.184464,-0.010720,-67.986480,71.8593,0.986819,0.722694,-0.090183,-0.982689,-0.368766,0.621529
920,131.658,B,1,0.031242,-66.867061,-0.151866,-68.643930,0.404033,0.151686,72.9318,0.172809,73.1543,0.205284,0.042509,-67.749200,73.2006,0.915600,0.882211,-0.194376,-0.894730,-0.011267,0.882139
921,131.781,B,1,0.279793,-67.950588,-0.122745,-68.286287,0.427746,0.152938,74.1209,0.186758,74.3402,0.211094,0.077138,-67.595541,74.1465,0.719085,0.408812,-0.199883,-0.690746,0.202655,-0.355047
922,131.940,B,1,0.428751,-67.932913,-0.054614,-68.182890,0.402884,0.128491,75.3694,0.199489,75.7349,0.219179,0.130590,-67.371610,75.6330,0.832150,0.635580,-0.185203,-0.811279,0.298161,-0.561303
923,132.051,B,1,0.020203,-67.414343,0.028669,-68.097693,0.378213,0.102377,76.6681,0.210388,76.8765,0.227609,0.167957,-67.225639,76.6659,0.883107,0.239668,-0.139288,-0.872053,-0.147755,-0.188704
924,132.194,B,1,1.425459,-66.618673,0.025302,-67.938453,0.365364,0.100108,78.0169,0.220367,78.2249,0.240665,0.225888,-67.009535,78.2800,0.950328,1.261643,-0.200586,-0.928918,1.199571,0.390862
925,132.329,B,1,0.577706,-65.744904,0.271451,-67.666837,0.390034,0.055077,79.4200,0.230224,79.6321,0.254557,0.274265,-66.830474,79.6897,0.836368,1.127181,-0.002814,-0.836364,0.303441,1.085569
926,132.473,B,1,0.055012,-65.529575,0.326484,-67.286948,0.422456,0.056897,80.8915,0.240955,81.1003,0.266738,0.321542,-66.651961,81.1602,0.635006,1.153598,0.004942,-0.634987,-0.266530,1.122386
927,132.606,B,1,-0.168142,-66.302784,0.278057,-66.933428,0.441219,0.075889,82.4127,0.250556,82.6250,0.275866,0.367785,-66.474922,82.6871,0.467204,0.562893,-0.089728,-0.458507,-0.535927,0.172137
928,132.737,B,1,0.061588,-66.371232,0.197121,-66.787107,0.426159,0.091002,83.6724,0.258542,84.1975,0.271399,0.404722,-66.335419,83.9431,0.497111,0.344997,-0.207601,-0.451687,-0.343133,-0.035813
929,132.874,B,1,0.711782,-65.471600,0.168421,-66.673581,0.399087,0.090015,85.2716,0.266756,85.8089,0.278757,0.451850,-66.164887,85.5486,0.582324,0.740413,-0.283429,-0.508694,0.259933,0.693287
930,133.008,B,1,0.187649,-66.146558,0.257356,-66.413279,0.399180,0.067508,87.3018,0.275588,87.4554,0.291975,0.510395,-65.966422,87.5220,0.513527,0.369613,-0.253040,-0.446856,-0.322746,-0.180136
931,133.150,B,1,1.366606,-65.540101,0.239857,-66.328860,0.370090,0.064876,88.9267,0.283077,89.1387,0.298232,0.550142,-65.837362,88.8667,0.581246,0.868894,-0.310285,-0.491498,0.816464,0.297261
932,133.301,B,1,0.549984,-65.393450,0.433760,-66.152591,0.367326,0.021611,90.6503,0.289660,90.8269,0.258855,0.599564,-65.678497,90.5789,0.502251,0.289328,-0.165805,-0.474094,-0.049580,0.285048
933,133.439,B,1,-0.203324,-65.665772,0.451616,-65.982323,0.359612,0.017727,91.8667,0.256000,92.0129,0.241544,0.644440,-65.514354,91.7963,0.506138,0.861180,-0.192824,-0.467969,-0.847764,-0.151419
934,133.578,B,1,0.819953,-65.672508,0.331561,-65.891867,0.335033,0.040236,93.6865,0.283763,93.9131,0.393133,0.689765,-65.345187,93.5476,0.653582,0.352261,-0.358204,-0.546680,0.130187,-0.327321
935,133.727,B,1,0.850127,-65.146543,0.411890,-65.820848,0.311322,0.019037,95.4252,0.287939,95.5899,0.204143,0.733453,-65.170695,95.3965,0.725328,0.119147,-0.321563,-0.650152,0.116674,0.024152
936,133.856,B,1,0.295319,-64.933571,0.484879,-65.671155,0.305774,0.001534,96.6331,0.256912,96.7929,0.282140,0.772141,-64.990497,96.5423,0.738793,0.480209,-0.287262,-0.680658,-0.476822,0.056926
937,133.994,B,1,1.215014,-65.203546,0.446846,-65.510958,0.303114,0.007614,98.3406,0.272460,98.4852,0.230776,0.817278,-64.808717,98.2696,0.793953,0.560431,-0.370432,-0.702241,0.397735,-0.394829
938,134.128,B,1,1.596213,-65.385740,0.578339,-65.427296,0.283689,-0.021312,99.5034,0.243548,99.6255,0.257925,0.856209,-64.625682,99.3962,0.848408,1.060799,-0.277870,-0.801614,0.740004,-0.760058
939,134.260,B,1,0.934206,-64.222421,0.756576,-65.392301,0.255155,-0.055967,100.8815,0.239766,100.9769,0.190822,0.896038,-64.441860,100.8034,0.960618,0.222734,-0.139463,-0.950441,0.038168,0.219440
940,134.396,B,1,0.615995,-64.589860,0.788203,-65.159104,0.271950,-0.061227,102.1551,0.232420,102.2358,0.187410,0.930433,-64.255630,102.0438,0.914601,0.458891,-0.142230,-0.903474,-0.314438,-0.334230
941,134.534,B,1,0.529732,-62.884176,0.757481,-65.031129,0.266968,-0.051768,103.3222,0.220266,103.4056,0.203529,0.961008,-64.064759,103.2200,0.987570,1.256891,-0.203527,-0.966370,-0.431277,1.180583
942,134.681,B,1,0.795251,-63.515895,0.715020,-64.623252,0.319106,-0.050234,104.4544,0.210187,104.5290,0.191439,0.989698,-63.867141,104.3536,0.804457,0.401476,-0.274678,-0.756111,-0.194446,0.351246
943,134.825,B,1,0.826344,-63.812382,0.725789,-64.395398,0.327296,-0.055129,105.5191,0.199443,105.5880,0.185379,1.017406,-63.661905,105.4228,0.789336,0.243203,-0.291617,-0.733492,-0.191062,-0.150476
944,134.957,B,1,0.470536,-63.597959,0.740015,-64.259942,0.315786,-0.057469,106.5432,0.190279,106.5875,0.166520,1.043869,-63.450037,106.4311,0.865028,0.592108,-0.303854,-0.809905,-0.573333,-0.147921
945,135.083,B,1,1.930117,-63.398781,0.688402,-64.111602,0.310863,-0.047570,107.4975,0.179750,107.5379,0.153336,1.067800,-63.234064,107.3887,0.956042,0.877909,-0.379397,-0.877538,0.862318,-0.164717
946,135.213,B,1,1.459743,-62.039118,0.904327,-63.954578,0.295526,-0.092588,108.4220,0.171838,108.4478,0.158664,1.088083,-63.016768,108.3048,0.955644,1.045911,-0.183755,-0.937810,0.371661,0.977649
947,135.346,B,1,0.977091,-63.089393,1.001951,-63.583891,0.328966,-0.120549,109.3020,0.163915,109.3189,0.144651,1.104798,-62.799606,109.1823,0.791000,0.316680,-0.102847,-0.784286,-0.127707,-0.289788
948,135.479,B,1,1.233592,-62.085842,0.997761,-63.462206,0.314789,-0.112928,110.1233,0.154943,110.1466,0.137530,1.119226,-62.582044,110.0174,0.888503,0.509211,-0.121465,-0.880162,0.114366,0.496202
949,135.623,B,1,0.520424,-61.635469,1.039051,-63.185108,0.329691,-0.124491,110.8979,0.146176,110.9244,0.121447,1.132846,-62.362163,110.8035,0.828272,0.950339,-0.093795,-0.822945,-0.612421,0.726694
950,135.761,B,1,1.580600,-62.805389,0.946178,-62.875622,0.357002,-0.111631,111.6250,0.137821,111.6501,0.123410,1.146048,-62.137786,111.5373,0.764427,0.796573,-0.199870,-0.737835,0.434552,-0.667603
951,135.904,B,1,1.547404,-61.303351,1.056272,-62.827154,0.317826,-0.123431,112.3087,0.129858,112.3295,0.111527,1.157506,-61.907555,112.2234,0.925154,0.719084,-0.101234,-0.919599,0.389897,0.604204
952,136.050,B,1,1.291286,-60.981317,1.142632,-62.523163,0.333323,-0.146575,112.9541,0.122460,112.9736,0.110486,1.165039,-61.671553,112.8725,0.851905,0.701686,-0.022406,-0.851610,0.126247,0.690236
953,136.183,B,1,1.252333,-61.000294,1.169149,-62.213794,0.351732,-0.156762,113.5791,0.116634,113.5905,0.115276,1.167336,-61.431112,113.4936,0.782683,0.439123,0.001813,-0.782681,0.084997,0.430818
954,136.331,B,1,1.481420,-60.853148,1.183881,-61.967176,0.365123,-0.163463,114.0896,0.112484,114.1803,0.104344,1.164204,-61.139244,114.2033,0.828166,0.427173,0.019677,-0.827932,0.317215,0.286096
955,136.483,B,1,0.800819,-61.312558,1.236484,-61.725942,0.356659,-0.169577,114.7640,0.106994,114.7373,0.091576,1.159305,-60.894734,114.7588,0.834783,0.550535,0.077179,-0.831207,-0.358486,-0.417824
956,136.610,B,1,1.743045,-60.477154,1.159243,-61.614476,0.342202,-0.144411,115.2896,0.100285,115.2562,0.086780,1.155348,-60.698550,115.1758,0.915935,0.628015,0.003896,-0.915926,0.587697,0.221395
957,136.760,B,1,1.491425,-59.283259,1.261412,-61.376324,0.338896,-0.166034,115.7589,0.092487,115.7370,0.087992,1.149744,-60.402941,115.7555,0.979768,1.170655,0.111668,-0.973383,0.341681,1.119682
958,136.891,B,1,1.562218,-59.643821,1.302083,-60.976041,0.379906,-0.191890,116.1133,0.087009,116.1859,0.075765,1.145193,-60.204559,116.1158,0.787273,0.698811,0.156890,-0.771482,0.417025,0.560738
959,137.035,B,1,1.144849,-60.382094,1.348673,-60.691871,0.376667,-0.198477,116.6312,0.081587,116.6121,0.077874,1.134188,-59.904044,116.6288,0.816502,0.478169,0.214485,-0.787827,0.010661,-0.478050
960,137.165,B,1,0.807713,-59.689738,1.313150,-60.603958,0.360926,-0.181032,116.9650,0.078404,117.0226,0.072357,1.122720,-59.701032,116.9579,0.922789,0.315210,0.190430,-0.902926,-0.315007,0.011294
961,137.303,B,1,0.580297,-59.492098,1.222637,-60.396816,0.357433,-0.157800,117.4640,0.075444,117.4172,0.066671,1.103553,-59.443530,117.3553,0.960695,0.525505,0.119084,-0.953286,-0.523256,-0.048568
962,137.456,B,1,1.205318,-59.279940,1.106809,-60.206305,0.369932,-0.138740,117.7570,0.071353,117.7909,0.069253,1.080346,-59.181706,117.7328,1.024941,0.158958,0.026463,-1.024599,0.124972,-0.098234
963,137.599,B,1,0.440627,-58.320813,1.119587,-60.006026,0.363336,-0.143821,118.1153,0.067489,118.1393,0.061794,1.049825,-58.862909,118.1527,1.145243,0.815469,0.069762,-1.143117,-0.609198,0.542096
964,137.742,B,1,0.820496,-57.753123,0.993575,-59.663426,0.387454,-0.132757,118.5252,0.063616,118.4637,0.064652,1.023263,-58.595271,118.4763,1.068568,0.866214,-0.029688,-1.068156,-0.202766,0.842148
965,137.873,B,1,0.660237,-58.172412,0.957429,-59.293792,0.422745,-0.148749,118.7870,0.061416,118.7711,0.053438,1.000913,-58.381076,118.7227,0.913751,0.399501,-0.043484,-0.912716,-0.340676,0.208664
966,138.014,B,1,1.110545,-58.085089,0.895985,-59.043839,0.415338,-0.140904,119.1449,0.056082,119.0691,0.045863,0.964044,-58.060738,119.0809,0.985455,0.148511,-0.068059,-0.983102,0.146501,-0.024351
967,138.146,B,1,0.337481,-57.703644,0.926462,-58.831743,0.402620,-0.150574,119.4462,0.054725,119.3617,0.053428,0.936503,-57.847588,119.3153,0.984206,0.616074,-0.010041,-0.984155,-0.599022,0.143943
968,138.277,B,1,-0.250364,-57.856560,0.817070,-58.600610,0.418576,-0.139424,119.6632,0.053141,119.6472,0.049754,0.898519,-57.580197,119.6022,1.023659,1.181655,-0.081448,-1.020414,-1.148883,-0.276363
969,138.419,B,1,0.012329,-57.287566,0.617538,-58.420704,0.412719,-0.102250,119.9828,0.049848,119.9209,0.043723,0.856890,-57.309748,119.8781,1.136447,0.844852,-0.239352,-1.110956,-0.844560,0.022182
970,138.569,B,1,0.593064,-57.822083,0.498510,-58.180036,0.419238,-0.093043,120.2261,0.046828,120.1785,0.039858,0.811929,-57.034821,120.1398,1.187329,0.817119,-0.313418,-1.145215,-0.218865,-0.787262
971,138.708,B,1,-0.091723,-57.422779,0.503132,-58.076892,0.388550,-0.093351,120.0102,0.010073,119.8630,-0.063455,0.762251,-56.762373,119.9273,1.339815,1.079540,-0.259119,-1.314519,-0.853974,-0.660406
972,138.846,B,1,0.686601,-56.233146,0.386448,-57.923718,0.382280,-0.077281,120.0141,0.009001,120.0282,0.101960,0.715655,-56.493452,119.9380,1.467665,0.261922,-0.329207,-1.430267,-0.029053,0.260306
973,138.986,B,1,-0.105955,-55.750458,0.427445,-57.587542,0.393260,-0.109352,120.4355,0.032651,120.3747,-0.034383,0.668193,-56.226183,120.3965,1.382482,0.908637,-0.240748,-1.361359,-0.774149,0.475725
974,139.130,B,1,0.827492,-55.878962,0.322926,-57.222637,0.422601,-0.115017,120.0324,-0.010403,119.9454,-0.015678,0.616057,-55.972375,119.9750,1.284165,0.231151,-0.293131,-1.250262,0.211435,0.093414
975,139.266,B,1,-0.840914,-56.372992,0.401739,-56.942829,0.415012,-0.143926,120.1699,0.004930,120.0989,-0.019998,0.563954,-55.717046,120.1021,1.236470,1.550458,-0.162215,-1.225783,-1.404868,-0.655946
976,139.404,B,1,-0.063549,-55.289267,0.172990,-56.799858,0.415364,-0.101454,119.7232,-0.030920,119.6213,-0.060313,0.509245,-55.470033,119.6844,1.371679,0.600640,-0.336255,-1.329825,-0.572794,0.180766
977,139.545,B,1,-0.390386,-55.137056,0.119686,-56.491467,0.427023,-0.111524,119.5050,-0.034231,119.3997,-0.096789,0.454696,-55.222819,119.4824,1.312135,0.849423,-0.335010,-1.268648,-0.845082,0.085763
978,139.689,B,1,-0.444693,-55.087602,0.018418,-56.209322,0.437626,-0.109179,119.0435,-0.052964,118.9417,-0.088660,0.398550,-54.980653,119.0239,1.286129,0.849999,-0.380132,-1.228669,-0.843243,-0.106949
979,139.835,B,1,-0.188876,-54.870939,-0.074876,-55.967676,0.439102,-0.104235,118.5300,-0.068359,118.4358,-0.089918,0.340850,-54.742419,118.5218,1.293864,0.545094,-0.415726,-1.225258,-0.529726,-0.128521
980,139.982,B,1,-0.581130,-54.593205,-0.106192,-55.730509,0.433463,-0.110139,118.0185,-0.076209,117.9532,-0.037526,0.280795,-54.509003,117.9911,1.281341,0.866029,-0.386988,-1.221505,-0.861926,-0.084202
981,140.124,B,1,0.123936,-54.230423,-0.201096,-55.486325,0.436089,-0.104613,117.9116,-0.052759,117.8738,-0.082394,0.219576,-54.275541,117.9370,1.281782,0.105748,-0.420673,-1.210784,-0.095640,0.045118
982,140.265,B,1,0.022232,-54.076606,-0.153204,-55.220920,0.428271,-0.126778,117.0697,-0.094691,116.9656,-0.178059,0.150428,-54.040643,117.1383,1.218706,0.133145,-0.303632,-1.180277,-0.128196,-0.035963
983,140.390,B,1,-0.347470,-53.130206,-0.129574,-54.975010,0.420443,-0.139940,116.5484,-0.089638,116.5200,0.013449,0.082161,-53.804743,116.5196,1.189266,0.799739,-0.211735,-1.170266,-0.429631,0.674537
984,140.520,B,1,0.479475,-53.080939,-0.174288,-54.604410,0.442599,-0.150967,116.2490,-0.076504,116.2077,-0.135312,0.015192,-53.567680,116.3257,1.053904,0.672663,-0.189481,-1.036731,0.464283,0.486741
985,140.664,B,1,-0.814720,-52.960465,-0.063106,-54.288696,0.437848,-0.182975,115.5635,-0.092174,115.5612,-0.027728,-0.058879,-53.331415,115.5972,0.957290,0.841961,-0.004227,-0.957281,-0.755841,0.370950
986,140.790,B,1,-0.592653,-53.150007,-0.199185,-54.006586,0.450910,-0.163220,115.2983,-0.074847,115.2776,-0.122766,-0.130895,-53.093561,115.3847,0.915575,0.465196,-0.068290,-0.913025,-0.461758,-0.056446
987,140.912,B,1,-0.754929,-52.894769,-0.273345,-53.808190,0.441633,-0.148805,114.8968,-0.070692,114.8918,-0.052423,-0.208381,-52.854827,114.9336,0.955574,0.548005,-0.064964,-0.953364,-0.546548,-0.039942
988,141.053,B,1,-0.722718,-52.526769,-0.363760,-53.601035,0.436521,-0.133576,114.5160,-0.068469,114.5079,-0.049292,-0.287868,-52.613082,114.5493,0.990864,0.443333,-0.075892,-0.987953,-0.434850,0.086313
989,141.217,B,1,-0.964915,-52.524450,-0.433199,-53.366292,0.435188,-0.126074,114.1714,-0.064917,114.1657,-0.064000,-0.385389,-52.317826,114.1524,1.049555,0.615259,-0.047810,-1.048466,-0.579526,-0.206624
990,141.349,B,1,-0.844964,-52.193066,-0.533770,-53.173244,0.429138,-0.109747,113.8442,-0.061532,113.8420,-0.053123,-0.468618,-52.067829,113.8294,1.107334,0.396637,-0.065152,-1.105415,-0.376346,-0.125237
991,141.484,B,1,0.223082,-52.663774,-0.596054,-52.956726,0.424770,-0.104095,113.5465,-0.057518,113.5351,-0.045603,-0.553432,-51.815247,113.5232,1.142274,1.150205,-0.042622,-1.141479,0.776514,-0.848526
992,141.613,B,1,-0.339090,-51.700232,-0.457302,-52.863237,0.381147,-0.125422,113.2578,-0.054446,113.2454,-0.052114,-0.639770,-51.561300,113.2342,1.314662,0.331226,0.182468,-1.301938,0.300680,-0.138933
993,141.750,B,1,-0.820826,-51.074704,-0.439601,-52.616183,0.381041,-0.134677,112.9695,-0.051669,112.9721,-0.042584,-0.727330,-51.306786,112.9614,1.340638,0.250207,0.287729,-1.309397,-0.093496,0.232082
994,141.873,B,1,-0.555590,-50.833020,-0.509766,-52.302643,0.401534,-0.132036,112.7086,-0.049018,112.7123,-0.043588,-0.815587,-51.051709,112.7022,1.287774,0.339740,0.305821,-1.250933,0.259997,0.218689
995,142.003,B,1,-0.986957,-50.105766,-0.521072,-51.998558,0.412659,-0.139447,112.4513,-0.046467,112.4627,-0.047614,-0.904081,-50.795323,112.4529,1.262723,0.694520,0.383009,-1.203235,-0.082876,0.689558
996,142.130,B,1,-1.197535,-49.844408,-0.605615,-51.632410,0.452756,-0.140903,112.2770,-0.045040,112.2206,-0.043075,-0.974983,-50.588553,112.2589,1.107280,0.776713,0.369368,-1.043856,-0.222552,0.744146
997,142.273,B,1,-1.585361,-49.970089,-0.715422,-51.260200,0.468178,-0.130500,111.9796,-0.043283,111.9855,-0.034818,-1.081963,-50.274587,111.9762,1.051564,0.588326,0.366542,-0.985613,-0.503397,0.304498
998,142.401,B,1,-1.481154,-49.937020,-0.873506,-50.995935,0.488496,-0.109298,111.8079,-0.041998,111.7585,-0.039463,-1.172317,-50.009115,111.7496,1.031068,0.317140,0.298811,-0.986820,-0.308837,0.072095
999,142.544,B,1,-1.816888,-49.316624,-0.988463,-50.762998,0.486430,-0.092954,111.5829,-0.040818,111.5409,-0.035001,-1.245629,-49.794427,111.5751,1.002130,0.744736,0.257166,-0.968571,-0.571259,0.477803
1000,142.682,B,1,-1.643792,-49.012078,-1.145810,-50.452161,0.490407,-0.074489,111.3214,-0.039616,111.3321,-0.038719,-1.338351,-49.523770,111.3650,0.948146,0.595922,0.192540,-0.928391,-0.305442,0.511691
1001,142.815,B,1,-1.151950,-49.020893,-1.244654,-50.149665,0.497899,-0.070295,111.1224,-0.037573,111.1299,-0.039230,-1.431578,-49.251318,111.1619,0.917587,0.362336,0.186924,-0.898346,0.279628,0.230425
1002,142.944,B,1,-2.136221,-48.940938,-1.239025,-49.901822,0.486469,-0.081802,110.9245,-0.036326,110.9317,-0.036717,-1.524468,-48.977704,110.9632,0.967198,0.612857,0.285443,-0.924118,-0.611753,0.036766
1003,143.072,B,1,-1.837795,-48.134212,-1.407802,-49.684387,0.483814,-0.056735,110.7133,-0.036604,110.7365,-0.031427,-1.616600,-48.703165,110.7675,1.003192,0.610437,0.208798,-0.981222,-0.221194,0.568952
1004,143.216,B,1,-1.657918,-47.997362,-1.494947,-49.363059,0.494994,-0.057328,110.0552,-0.072259,110.0356,-0.140355,-1.710633,-48.432754,110.1808,0.954981,0.438571,0.215686,-0.930306,0.052715,0.435392
1005,143.354,B,1,-2.347086,-47.118401,-1.534788,-49.073458,0.495490,-0.064173,109.6210,-0.071507,109.7086,0.020490,-1.799425,-48.169165,109.6971,0.942220,1.184921,0.264637,-0.904293,-0.547661,1.050765
1006,143.491,B,1,-1.808085,-48.049076,-1.689794,-48.678764,0.524273,-0.055762,109.6891,-0.039582,109.7150,-0.091592,-1.886320,-47.904818,109.7843,0.798508,0.164107,0.196527,-0.773946,0.078235,-0.144258
1007,143.636,B,1,-2.073524,-47.205481,-1.721954,-48.517258,0.496697,-0.054396,108.8940,-0.081858,108.8984,-0.105664,-1.977457,-47.649792,109.0014,0.904311,0.454579,0.255503,-0.867465,-0.096067,0.444312
1008,143.778,B,1,-1.885156,-47.126958,-1.795013,-48.236936,0.497840,-0.053673,108.6476,-0.063921,108.6676,-0.064320,-2.066409,-47.390110,108.7146,0.889252,0.319534,0.271396,-0.846825,0.181253,0.263153
1009,143.930,B,1,-2.068738,-46.434715,-1.820759,-47.992294,0.488837,-0.059095,107.8817,-0.094928,107.8578,-0.134531,-2.157550,-47.134706,107.9888,0.921349,0.705603,0.336792,-0.857587,0.088812,0.699991
1010,144.060,B,1,-1.638235,-46.961927,-1.873563,-47.668547,0.497944,-0.063753,107.3495,-0.093696,107.3262,-0.139507,-2.247121,-46.879164,107.4452,0.873311,0.614485,0.373558,-0.789383,0.608886,-0.082763
1011,144.198,B,1,-2.279066,-46.181181,-1.839530,-47.495199,0.471479,-0.073991,106.5655,-0.110603,106.5403,-0.131819,-2.336837,-46.630006,106.6492,0.997935,0.452528,0.497307,-0.865193,0.057771,0.448825
1012,144.333,B,1,-2.304747,-46.610129,-1.923259,-47.215718,0.476268,-0.066887,105.7531,-0.123811,105.7230,-0.156321,-2.425158,-46.387016,105.8600,0.968839,0.253531,0.501899,-0.828702,0.120411,-0.223113
1013,144.473,B,1,-2.575711,-45.064240,-1.996875,-47.062027,0.455581,-0.054073,104.8792,-0.135980,104.8484,-0.156198,-2.512889,-46.151780,104.9922,1.046337,1.089353,0.516014,-0.910247,-0.062822,1.087540
1014,144.610,B,1,-2.784122,-45.892673,-2.105635,-46.662663,0.486991,-0.050345,104.2044,-0.125869,104.2142,-0.021880,-2.600397,-45.920980,104.2502,0.891562,0.185893,0.494762,-0.741683,-0.183725,0.028307
1015,144.754,B,1,-2.702754,-44.736508,-2.233022,-46.478915,0.473878,-0.029954,103.6383,-0.117346,103.6020,-0.195513,-2.686690,-45.689660,103.7658,0.910350,0.953287,0.453668,-0.789255,-0.016063,0.953152
1016,144.898,B,1,-3.651066,-45.381961,-2.323326,-46.123633,0.493568,-0.028048,102.3690,-0.160896,102.3219,-0.172056,-2.779049,-45.451319,102.4860,0.812213,0.874770,0.455723,-0.672314,-0.872016,0.069357
1017,145.038,B,1,-2.991968,-45.242967,-2.567150,-45.944500,0.484609,0.013925,101.8374,-0.130014,101.8529,-0.074025,-2.866601,-45.208235,101.9051,0.794831,0.130089,0.299451,-0.736265,-0.125367,-0.034731
1018,145.185,B,1,-3.090698,-44.509645,-2.653150,-45.774151,0.466436,0.021137,100.9879,-0.140561,100.9580,-0.205787,-2.958251,-44.961715,101.1552,0.867836,0.471073,0.305101,-0.812436,-0.132447,0.452070
1019,145.335,B,1,-3.104620,-43.845929,-2.741188,-45.505381,0.469772,0.023646,100.3097,-0.127695,100.3497,-0.050583,-3.051414,-44.713033,100.3879,0.850914,0.868735,0.310227,-0.792347,-0.053206,0.867104
1020,145.474,B,1,-2.744301,-43.811081,-2.815687,-45.165896,0.486040,0.020756,99.6028,-0.127890,99.6270,-0.126496,-3.144591,-44.464202,99.7576,0.774953,0.766028,0.328904,-0.701694,0.400290,0.653121
1021,145.605,B,1,-3.476968,-43.277979,-2.812435,-44.879026,0.486656,0.005887,99.0216,-0.116974,99.0623,-0.128129,-3.236926,-44.215795,99.1732,0.787443,0.968050,0.424490,-0.663231,-0.240043,0.937817
1022,145.743,B,1,-3.564286,-45.390908,-2.938198,-44.547808,0.501383,0.017327,98.4301,-0.111050,98.4925,-0.099866,-3.329178,-43.967235,98.5818,0.699950,1.442955,0.390980,-0.580573,-0.235107,-1.423673
1023,145.903,B,1,-3.347117,-43.505728,-3.058392,-44.650291,0.427525,0.043594,97.8827,-0.104535,97.9551,-0.091966,-3.439710,-43.666632,97.9344,1.054983,0.185644,0.381318,-0.983659,0.092593,0.160905
1024,146.039,B,1,-4.146331,-43.765955,-3.119325,-44.406374,0.429001,0.042385,97.3831,-0.097279,97.4569,-0.091410,-3.533028,-43.412153,97.4378,1.076858,0.708037,0.413702,-0.994221,-0.613304,-0.353801
1025,146.166,B,1,-3.580102,-43.226745,-3.311291,-44.251870,0.416748,0.071080,96.9182,-0.090566,96.9991,-0.080504,-3.608913,-43.205038,97.0697,1.088318,0.036073,0.297622,-1.046832,0.028811,-0.021706
1026,146.298,B,1,-4.130377,-43.265618,-3.370546,-44.030406,0.414821,0.068090,96.4837,-0.084300,96.5789,-0.073313,-3.705058,-42.941509,96.6439,1.139120,0.534736,0.334511,-1.088897,-0.425319,-0.324109
1027,146.455,B,1,-4.071642,-42.579482,-3.516629,-43.855310,0.406317,0.084686,96.0763,-0.078771,96.2200,-0.070177,-3.801713,-42.673720,96.2503,1.215495,0.285906,0.285084,-1.181590,-0.269929,0.094238
1028,146.610,B,1,-4.712895,-42.165012,-3.627963,-43.588505,0.415715,0.090115,95.6658,-0.074685,95.8259,-0.071475,-3.916925,-42.349397,95.8118,1.272355,0.817047,0.288962,-1.239108,-0.795970,0.184385
1029,146.758,B,1,-4.458384,-41.868397,-3.829930,-43.306054,0.441232,0.116427,95.4018,-0.070150,95.4838,-0.053879,-4.011807,-42.078856,95.4705,1.240602,0.493684,0.181877,-1.227198,-0.446576,0.210459
1030,146.915,B,1,-4.498638,-41.644029,-4.053564,-42.764514,0.501995,0.134906,95.0034,-0.063350,95.1639,-0.051642,-4.106069,-41.808983,95.1516,0.956972,0.425817,0.052505,-0.955531,-0.392569,0.164954
1031,147.069,B,1,-4.570552,-41.470796,-4.070589,-42.717734,0.453765,0.121940,94.7034,-0.058932,94.8681,-0.051736,-4.200400,-41.539303,94.8568,1.185560,0.376438,0.129811,-1.178432,-0.370151,0.068506
1032,147.212,B,1,-4.653040,-40.675126,-4.174065,-42.455020,0.457187,0.123508,94.4442,-0.054409,94.5969,-0.046935,-4.276161,-41.322763,94.6387,1.136851,0.749313,0.102096,-1.132257,-0.376879,0.647636
1033,147.354,B,1,-4.037281,-41.144647,-4.274292,-42.095616,0.478689,0.122413,94.1959,-0.049892,94.3481,-0.047278,-4.370983,-41.049558,94.3866,1.050517,0.346985,0.096691,-1.046057,0.333701,-0.095088
1034,147.488,B,1,-4.957033,-40.765058,-4.244462,-41.890805,0.475524,0.100964,94.0118,-0.046593,94.1166,-0.041364,-4.465204,-40.772067,94.1527,1.140308,0.491879,0.220742,-1.118738,-0.491829,0.007009
1035,147.639,B,1,-4.733503,-39.766047,-4.385920,-41.638781,0.463597,0.111394,93.7572,-0.042280,93.8980,-0.028110,-4.558092,-40.489684,93.9322,1.161923,0.744594,0.172172,-1.149096,-0.175411,0.723638
1036,147.793,B,1,-4.209259,-40.311216,-4.461207,-41.261800,0.487447,0.107591,93.5487,-0.040202,93.6902,-0.036878,-4.649434,-40.203178,93.7227,1.075225,0.453239,0.188227,-1.058622,0.440174,-0.108038
1037,147.945,B,1,-5.047563,-40.166534,-4.427204,-41.056048,0.483798,0.087246,93.3888,-0.038573,93.4939,-0.030653,-4.739553,-39.914321,93.5245,1.183681,0.398097,0.312349,-1.141726,-0.308010,-0.252212
1038,148.085,B,1,-4.930876,-38.880097,-4.550316,-40.844835,0.461905,0.097198,93.1752,-0.035490,93.3101,-0.028133,-4.828901,-39.624950,93.3387,1.251291,0.751801,0.278584,-1.219885,-0.101975,0.744853
1039,148.224,B,1,-5.561804,-39.892243,-4.629705,-40.451373,0.489286,0.096634,93.0133,-0.032870,93.1381,-0.034402,-4.917559,-39.336055,93.1649,1.151866,0.851115,0.287855,-1.115318,-0.644245,-0.556188
1040,148.368,B,1,-4.509111,-38.945232,-4.807276,-40.305311,0.464655,0.119632,92.8349,-0.032441,92.9752,-0.035803,-5.005077,-39.047487,93.0008,1.273282,0.506398,0.197801,-1.257824,0.495966,0.102255
1041,148.515,B,1,-4.876182,-38.286638,-4.767811,-40.019194,0.468411,0.094327,92.6686,-0.031243,92.8179,-0.025255,-5.090757,-38.758133,92.8429,1.301756,0.518025,0.322946,-1.261061,0.214575,0.471495
1042,148.656,B,1,-4.805930,-37.775644,-4.798179,-39.666157,0.486160,0.085502,92.5178,-0.029452,92.6637,-0.028941,-5.174186,-38.466325,92.6882,1.257370,0.782722,0.376008,-1.199832,0.368257,0.690681
1043,148.796,B,1,-5.098423,-37.092281,-4.809706,-39.283294,0.507675,0.073787,92.3614,-0.028655,92.5130,-0.036792,-5.255579,-38.170544,92.5368,1.198755,1.089655,0.445872,-1.112750,0.157156,1.078263
1044,148.950,B,1,-4.961518,-37.302318,-4.870072,-38.844792,0.538518,0.072987,92.2109,-0.027807,92.3681,-0.021161,-5.335570,-37.870188,92.3908,1.080065,0.679994,0.465498,-0.974604,0.374052,0.567870
1045,149.104,B,1,-6.295456,-36.607346,-4.895286,-38.518703,0.542626,0.066535,92.0730,-0.026665,92.2306,-0.020524,-5.414671,-37.565875,92.2522,1.085192,1.301753,0.519385,-0.952827,-0.880785,0.958529
1046,149.260,B,1,-5.444420,-36.553203,-5.152716,-38.126505,0.561830,0.107494,91.9438,-0.025334,92.0996,-0.012604,-5.492839,-37.259111,92.1203,0.931695,0.707566,0.340124,-0.867394,0.048419,0.705908
1047,149.409,B,1,-5.403663,-36.555624,-5.216727,-37.792844,0.565120,0.105224,91.8257,-0.023853,91.9721,-0.024365,-5.569510,-36.951513,91.9924,0.912302,0.429224,0.352783,-0.841332,0.165847,0.395888
1048,149.554,B,1,-5.755382,-36.335243,-5.261787,-37.518571,0.555796,0.100036,91.7001,-0.023370,91.8453,-0.015898,-5.644049,-36.644096,91.8656,0.954374,0.328307,0.382262,-0.874474,-0.111333,0.308853
1049,149.693,B,1,-5.539058,-36.075661,-5.360792,-37.254723,0.545823,0.106608,91.5713,-0.023333,91.7186,-0.020140,-5.716240,-36.336969,91.7388,0.984182,0.315714,0.355448,-0.917754,0.177182,0.261308
1050,149.837,B,1,-5.213567,-35.884685,-5.404143,-36.992641,0.536197,0.101267,91.4440,-0.023208,91.5940,-0.021392,-5.786467,-36.029320,91.6136,1.036417,0.590876,0.382324,-0.963321,0.572900,0.144636
1051,149.991,B,1,-5.697566,-35.284449,-5.381202,-36.744122,0.524473,0.083305,91.3283,-0.022275,91.4751,-0.022137,-5.855482,-35.719690,91.4936,1.128895,0.463004,0.474281,-1.024432,0.157916,0.435242
1052,150.142,B,1,-6.297404,-35.405228,-5.446624,-36.434042,0.527177,0.085078,91.2078,-0.022164,91.3645,-0.016234,-5.923864,-35.406625,91.3816,1.132848,0.373543,0.477240,-1.027417,-0.373540,0.001397
1053,150.310,B,1,-5.843975,-35.609634,-5.607306,-36.200374,0.514593,0.106561,91.1199,-0.019740,91.2621,-0.018717,-5.991622,-35.089416,91.2780,1.175554,0.540764,0.384315,-1.110958,0.147647,-0.520218
1054,150.455,B,1,-6.653016,-34.220706,-5.660629,-36.045981,0.486730,0.104296,91.0350,-0.017981,91.1654,-0.012839,-6.058252,-34.768451,91.1806,1.337979,0.808560,0.397623,-1.277531,-0.594765,0.547744
1055,150.596,B,1,-6.619736,-34.120018,-5.848115,-35.674388,0.506841,0.128503,90.9496,-0.017143,91.0762,-0.019839,-6.123025,-34.449532,91.0898,1.255327,0.596071,0.274910,-1.224855,-0.496711,0.329514
1056,150.751,B,1,-6.384085,-33.964587,-5.998599,-35.349146,0.514964,0.142744,90.8724,-0.015889,90.9967,-0.014427,-6.185553,-34.140875,91.0087,1.222649,0.265503,0.186954,-1.208271,-0.198531,0.176288
1057,150.905,B,1,-5.585203,-33.591179,-6.081676,-35.053370,0.515826,0.141893,90.8071,-0.014224,90.9290,-0.004771,-6.246528,-33.841365,90.9389,1.223165,0.707067,0.164852,-1.212005,0.661325,0.250185
1058,151.031,B,1,-5.856706,-33.895680,-6.007620,-34.743695,0.518767,0.109274,90.7506,-0.012607,90.8761,-0.009198,-6.306862,-33.548672,90.8835,1.231920,0.568379,0.299242,-1.195023,0.450156,-0.347008
1059,151.193,B,1,-5.953561,-33.176497,-5.991931,-34.543010,0.499480,0.092760,90.7167,-0.009996,90.8396,-0.013897,-6.367056,-33.260284,90.8444,1.336452,0.421899,0.375125,-1.282726,0.413496,0.083787
1060,151.379,B,1,-5.906537,-32.579989,-5.994624,-34.251850,0.500866,0.081625,90.6889,-0.007996,90.8157,-0.005217,-6.438758,-32.917611,90.8169,1.406218,0.630276,0.444133,-1.334239,0.532221,0.337621
1061,151.513,B,1,-6.680629,-33.387758,-5.987672,-33.904137,0.513132,0.069646,90.6637,-0.006605,90.8062,0.001744,-6.497297,-32.634882,90.8059,1.367745,0.774875,0.509625,-1.269255,-0.183332,-0.752875
1062,151.655,B,1,-6.681890,-32.282133,-6.118896,-33.761039,0.483068,0.087986,90.6674,-0.003903,90.8025,-0.009895,-6.554296,-32.356407,90.8025,1.470566,0.147637,0.435400,-1.404632,-0.127594,0.074274
1063,151.796,B,1,-7.124846,-32.453591,-6.227503,-33.454978,0.491425,0.099507,90.6618,-0.003097,90.8059,-0.003982,-6.610026,-32.084571,90.8062,1.422793,0.633417,0.382522,-1.370407,-0.514821,-0.369021
1064,151.924,B,1,-5.614159,-31.798156,-6.394613,-33.239566,0.490474,0.124223,90.6610,-0.002315,90.8179,0.005285,-6.654231,-31.873225,90.8154,1.390787,1.042777,0.259618,-1.366341,1.040071,0.075069
1065,152.052,B,1,-6.466652,-31.346070,-6.270001,-32.929216,0.486156,0.080842,90.6751,-0.000645,90.8397,0.006417,-6.720840,-31.567110,90.8408,1.434778,0.336853,0.450839,-1.362106,0.254188,0.221040
