sample,timestamp_s,lintasan,run_ke,gps_x,gps_y,ekf_x,ekf_y,ekf_vx,ekf_vy,ekf_yaw_deg,ekf_yaw_rate,imu_yaw_deg,imu_yaw_rate_rads,gt_x,gt_y,gt_yaw_deg,error_ekf_m,error_gps_m,error_ekf_x,error_ekf_y,error_gps_x,error_gps_y
1,0.000,B,4,-1.507119,-24.299071,-1.395364,-24.641431,0.000422,0.037833,-3.4926,-0.053212,-3.5210,-0.110338,-0.608216,-25.282242,-3.4219,1.015008,1.332161,-0.787148,0.640811,-0.898904,0.983171
2,0.158,B,4,-1.120937,-24.943295,-1.415158,-24.576192,-0.004328,0.046765,-3.9748,-0.065078,-3.9908,-0.033933,-0.568490,-25.276447,-3.9556,1.098728,0.645127,-0.846667,0.700255,-0.552447,0.333152
3,0.321,B,4,-1.463284,-24.265614,-1.362482,-24.637596,0.007613,0.029243,-4.2466,-0.057759,-4.2609,-0.055782,-0.529641,-25.281548,-4.2059,1.052757,1.379786,-0.832840,0.643952,-0.933642,1.015933
4,0.477,B,4,-1.050583,-24.980617,-1.379672,-24.569011,0.002491,0.040699,-4.5753,-0.063408,-4.7332,-0.088351,-0.487554,-25.289796,-4.6401,1.146911,0.642334,-0.892118,0.720785,-0.563029,0.309179
5,0.641,B,4,-1.304245,-24.031882,-1.320196,-24.638200,0.015131,0.021707,-4.9872,-0.059622,-4.9946,-0.063805,-0.437935,-25.296853,-4.9467,1.101003,1.533181,-0.882260,0.658653,-0.866310,1.264971
6,0.806,B,4,-0.747445,-24.231515,-1.315655,-24.527921,0.012798,0.041724,-5.3315,-0.058763,-5.3223,-0.040754,-0.375967,-25.295961,-5.2900,1.213630,1.127405,-0.939688,0.768040,-0.371479,1.064446
7,0.970,B,4,-0.585352,-24.496642,-1.212598,-24.471181,0.031411,0.049960,-5.6104,-0.054135,-5.5919,-0.046587,-0.300790,-25.290198,-5.5513,1.225635,0.843034,-0.911808,0.819016,-0.284562,0.793556
8,1.119,B,4,-1.246546,-24.896439,-1.097232,-24.471292,0.051175,0.046009,-5.8665,-0.050274,-5.8501,-0.052655,-0.214140,-25.285709,-5.8075,1.201302,1.103356,-0.883092,0.814416,-1.032406,0.389270
9,1.285,B,4,-0.919207,-25.463412,-1.118533,-24.543190,0.042145,0.025772,-6.1493,-0.049974,-6.1327,-0.053212,-0.119906,-25.288624,-6.0856,1.246165,0.818189,-0.998626,0.745434,-0.799301,-0.174788
10,1.430,B,4,-0.675955,-25.077371,-1.078788,-24.705184,0.048242,-0.009277,-6.4643,-0.052110,-6.4372,-0.060108,-0.022031,-25.299427,-6.3879,1.212378,0.690598,-1.056758,0.594243,-0.653924,0.222056
11,1.602,B,4,-1.167293,-24.563001,-1.002544,-24.772941,0.059398,-0.020438,-6.7573,-0.051609,-6.7376,-0.042538,0.096793,-25.315221,-6.7491,1.225810,1.470969,-1.099337,0.542280,-1.264086,0.752220
12,1.755,B,4,-0.069807,-24.270258,-1.026255,-24.738232,0.047003,-0.011503,-7.0273,-0.048701,-7.0040,-0.042763,0.197356,-25.322799,-7.0136,1.356076,1.085919,-1.223611,0.584567,-0.267163,1.052542
13,1.916,B,4,-0.434461,-24.306258,-0.851275,-24.656468,0.075480,0.010273,-7.2304,-0.042879,-7.2235,-0.036587,0.302349,-25.323010,-7.2314,1.332339,1.255658,-1.153624,0.666542,-0.736811,1.016753
14,2.064,B,4,0.063045,-24.392812,-0.769293,-24.593938,0.081949,0.023650,-7.4312,-0.038859,-7.4104,-0.025546,0.414936,-25.320052,-7.4177,1.389115,0.991768,-1.184229,0.726114,-0.351891,0.927241
15,2.206,B,4,-0.435650,-24.057742,-0.613501,-24.557011,0.103666,0.032223,-7.6055,-0.036615,-7.5981,-0.022655,0.511832,-25.320190,-7.5666,1.359712,1.578448,-1.125333,0.763179,-0.947481,1.262449
16,2.355,B,4,0.309882,-24.767547,-0.571136,-24.466364,0.097939,0.047702,-7.8292,-0.037260,-7.8109,-0.037943,0.641980,-25.327892,-7.7751,1.487911,0.651364,-1.213115,0.861528,-0.332097,0.560345
17,2.507,B,4,-0.481123,-24.734013,-0.407357,-24.517305,0.124162,0.036894,-8.0054,-0.038346,-8.0405,-0.036038,0.781538,-25.343308,-8.0039,1.447671,1.401982,-1.188895,0.826002,-1.262662,0.609294
18,2.656,B,4,-0.100741,-24.544189,-0.408656,-24.553957,0.110421,0.024997,-8.2271,-0.038380,-8.2547,-0.037919,0.928741,-25.360650,-8.2227,1.561852,1.313941,-1.337396,0.806693,-1.029482,0.816461
19,2.812,B,4,0.804055,-24.989563,-0.341451,-24.551270,0.108764,0.023930,-8.4632,-0.036170,-8.4279,-0.032100,1.080841,-25.373413,-8.4033,1.642813,0.473235,-1.422292,0.822143,-0.276785,0.383850
20,2.963,B,4,0.710213,-24.308641,-0.127149,-24.628509,0.141227,0.011526,-8.6016,-0.031092,-8.5594,-0.022012,1.234971,-25.379130,-8.5404,1.555250,1.192190,-1.362120,0.750621,-0.524758,1.070489
21,3.116,B,4,1.058910,-24.808431,0.035358,-24.572600,0.155936,0.025967,-8.7113,-0.026034,-8.6719,-0.021168,1.389701,-25.381300,-8.6540,1.577416,0.661515,-1.354343,0.808700,-0.330791,0.572869
22,3.266,B,4,0.368978,-24.458218,0.232593,-24.614399,0.178677,0.020245,-8.8375,-0.024491,-8.7938,-0.027426,1.545712,-25.386288,-8.7728,1.523186,1.498672,-1.313120,0.771889,-1.176735,0.928070
23,3.416,B,4,1.240765,-24.585484,0.274136,-24.587351,0.165570,0.024582,-8.9721,-0.024326,-8.9399,-0.034670,1.705232,-25.398334,-8.9150,1.644910,0.936192,-1.431096,0.810983,-0.464468,0.812850
24,3.574,B,4,1.176247,-24.875025,0.462193,-24.587234,0.184171,0.027395,-9.1412,-0.026655,-9.0981,-0.031499,1.871343,-25.416561,-9.0732,1.635079,0.881146,-1.409149,0.829327,-0.695095,0.541536
25,3.737,B,4,1.880583,-24.142531,0.607140,-24.638696,0.193534,0.018329,-9.2804,-0.025646,-9.2368,-0.026936,2.046813,-25.435738,-9.2172,1.645581,1.303848,-1.439674,0.797042,-0.166231,1.293208
26,3.884,B,4,1.036333,-24.790261,0.852424,-24.551720,0.217700,0.041276,-9.4046,-0.024050,-9.3331,-0.010886,2.232376,-25.450842,-9.3207,1.647024,1.366340,-1.379952,0.899123,-1.196042,0.660581
27,4.036,B,4,1.571291,-24.816516,0.906447,-24.593668,0.204682,0.029818,-9.4756,-0.019124,-9.3922,-0.004731,2.425974,-25.460909,-9.3843,1.749592,1.070386,-1.519528,0.867242,-0.854683,0.644393
28,4.171,B,4,1.414021,-24.156391,1.044673,-24.633745,0.210015,0.022765,-9.5242,-0.014938,-9.4408,-0.008549,2.623504,-25.469396,-9.4324,1.786343,1.785171,-1.578831,0.835651,-1.209484,1.313006
29,4.328,B,4,2.367121,-24.516554,1.130705,-24.549965,0.200277,0.039730,-9.5763,-0.012657,-9.5051,-0.020636,2.820964,-25.481456,-9.4932,1.929935,1.066306,-1.690259,0.931492,-0.453843,0.964902
30,4.481,B,4,2.920151,-24.373249,1.370407,-24.543489,0.224953,0.044282,-9.6427,-0.012307,-9.5923,-0.011621,3.016947,-25.499563,-9.5772,1.903988,1.130465,-1.646540,0.956074,-0.096796,1.126314
31,4.640,B,4,3.073621,-24.485445,1.668324,-24.512666,0.257624,0.055185,-9.7325,-0.013905,-9.6883,-0.016979,3.212969,-25.521631,-9.6733,1.844977,1.045515,-1.544645,1.008965,-0.139349,1.036187
32,4.791,B,4,2.877421,-25.787811,1.943813,-24.506821,0.282818,0.059167,-9.8106,-0.013733,-9.7684,-0.010532,3.412097,-25.542914,-9.7576,1.797039,0.588093,-1.468285,1.036093,-0.534677,-0.244897
33,4.935,B,4,2.878544,-25.152958,2.137766,-24.733894,0.296568,0.013399,-9.8627,-0.011850,-9.8151,-0.008848,3.617627,-25.559743,-9.8100,1.694702,0.843634,-1.479861,0.825849,-0.739084,0.406785
34,5.082,B,4,3.119578,-24.312890,2.297943,-24.812101,0.296990,0.001639,-9.8849,-0.008377,-9.8336,-0.000049,3.831607,-25.572814,-9.8317,1.711961,1.447202,-1.533665,0.760713,-0.712029,1.259924
35,5.240,B,4,3.240066,-24.626370,2.472396,-24.727984,0.294700,0.024248,-9.9026,-0.006276,-9.8474,-0.004477,4.053734,-25.586515,-9.8445,1.799362,1.258543,-1.581337,0.858531,-0.813667,0.960144
36,5.388,B,4,3.371435,-25.631749,2.637393,-24.712479,0.293108,0.030219,-9.9265,-0.005566,-9.8775,-0.010663,4.281511,-25.605242,-9.8712,1.870869,0.910462,-1.644118,0.892763,-0.910076,-0.026507
37,5.527,B,4,3.654848,-24.860526,2.796311,-24.878141,0.296719,-0.000919,-9.9754,-0.006829,-9.9268,-0.001359,4.511525,-25.630054,-9.9181,1.872788,1.151551,-1.715214,0.751913,-0.856677,0.769528
38,5.689,B,4,3.275345,-25.175061,2.977247,-24.880051,0.298674,0.005084,-10.0105,-0.006642,-9.9801,-0.009844,4.741419,-25.657632,-9.9721,1.927935,1.543453,-1.764172,0.777581,-1.466074,0.482571
39,5.860,B,4,3.690363,-25.574563,3.058650,-24.937089,0.282415,-0.004063,-10.0578,-0.007226,-10.0190,-0.006751,4.970897,-25.683026,-10.0142,2.052586,1.285120,-1.912247,0.745937,-1.280534,0.108463
40,6.011,B,4,4.615566,-24.642963,3.197765,-25.055682,0.281740,-0.022447,-10.0685,-0.004997,-10.0350,-0.005547,5.200959,-25.703506,-10.0339,2.105342,1.211378,-2.003194,0.647824,-0.585393,1.060543
41,6.162,B,4,4.352339,-25.180182,3.476471,-24.989077,0.302580,0.003254,-10.0696,-0.003229,-10.0346,-0.002472,5.433089,-25.720440,-10.0351,2.088839,1.208263,-1.956618,0.731363,-1.080750,0.540259
42,6.305,B,4,4.545375,-25.072454,3.661085,-25.027880,0.305884,0.001620,-10.0847,-0.003061,-10.0360,-0.009495,5.669073,-25.738538,-10.0349,2.130036,1.306279,-2.007988,0.710659,-1.123699,0.666084
43,6.446,B,4,4.943382,-24.978380,3.847455,-25.040817,0.308254,0.005427,-10.1065,-0.003341,-10.0540,-0.006910,5.910555,-25.762145,-10.0499,2.185565,1.244874,-2.063099,0.721329,-0.967173,0.783766
44,6.592,B,4,5.800939,-25.447751,4.073093,-25.034577,0.317267,0.014025,-10.1366,-0.004147,-10.0872,-0.008858,6.208449,-25.798192,-10.0886,2.267786,0.537469,-2.135356,0.763614,-0.407510,0.350441
45,6.739,B,4,5.438112,-25.274292,4.411314,-25.112297,0.351569,0.008829,-10.1736,-0.005240,-10.1197,-0.011280,6.462410,-25.830392,-10.1207,2.173168,1.165519,-2.051097,0.718095,-1.024298,0.556100
46,6.884,B,4,6.220170,-25.884157,4.627605,-25.146413,0.355690,0.008715,-10.3457,-0.017713,-10.2876,-0.104904,6.718404,-25.857503,-10.3128,2.208413,0.498947,-2.090799,0.711089,-0.498234,-0.026654
47,7.027,B,4,5.377534,-25.510489,5.021743,-25.323475,0.402217,-0.014328,-10.8589,-0.045565,-10.8429,-0.028366,6.963941,-25.876706,-10.8468,2.019455,1.628129,-1.942198,0.553231,-1.586407,0.366217
48,7.173,B,4,6.060208,-24.746637,5.049115,-25.329466,0.370992,-0.013222,-10.6928,-0.016362,-10.5730,0.035286,7.159435,-25.892804,-10.6239,2.184217,1.588080,-2.110320,0.563338,-1.099228,1.146167
49,7.314,B,4,6.761298,-25.735234,5.270275,-25.235115,0.360600,0.015702,-10.9247,-0.030286,-10.9513,-0.156635,7.439587,-25.912866,-10.9860,2.272722,0.701163,-2.169313,0.677751,-0.678289,0.177632
50,7.458,B,4,6.166366,-25.173799,5.569860,-25.329607,0.382449,0.006170,-11.3904,-0.048594,-11.3499,0.011975,7.669099,-25.933684,-11.3460,2.184425,1.683933,-2.099239,0.604076,-1.502733,0.759884
51,7.584,B,4,6.901998,-24.945729,5.712108,-25.308610,0.365931,0.015130,-11.6625,-0.051165,-11.6748,-0.144326,7.898887,-25.957661,-11.7083,2.281068,1.420491,-2.186779,0.649051,-0.996889,1.011933
52,7.732,B,4,7.614426,-26.126009,5.957047,-25.249913,0.370691,0.034736,-12.2199,-0.068984,-12.2107,-0.006452,8.083977,-25.974221,-12.1891,2.246877,0.493476,-2.126930,0.724308,-0.469552,-0.151788
53,7.888,B,4,7.323534,-25.574516,6.287137,-25.409684,0.399528,0.012013,-12.1521,-0.035842,-12.1414,-0.053835,8.321599,-25.995562,-12.1070,2.117141,1.083242,-2.034462,0.585878,-0.998064,0.421047
54,8.043,B,4,7.126586,-25.186132,6.509084,-25.446514,0.398857,0.012406,-12.8321,-0.073033,-12.8943,-0.180212,8.566192,-26.013212,-12.7221,2.133738,1.660278,-2.057107,0.566698,-1.439605,0.827079
55,8.217,B,4,7.624100,-26.060314,6.656453,-25.408113,0.380426,0.024900,-13.6385,-0.099220,-13.6499,-0.057116,8.810656,-26.029817,-13.5925,2.242121,1.186949,-2.154203,0.621704,-1.186557,-0.030497
56,8.394,B,4,7.965488,-26.496321,6.864670,-25.530145,0.382920,0.006789,-13.6556,-0.058303,-13.6551,-0.036752,9.049894,-26.051267,-13.6361,2.246502,1.172181,-2.185224,0.521122,-1.084406,-0.445054
57,8.569,B,4,9.266759,-26.145163,7.096261,-25.710500,0.392442,-0.019349,-14.2502,-0.079426,-14.2963,-0.137495,9.285339,-26.070862,-14.1671,2.218541,0.076590,-2.189078,0.360362,-0.018580,-0.074302
58,8.752,B,4,8.779688,-25.431706,7.518457,-25.799315,0.434643,-0.015412,-14.7306,-0.078671,-14.7333,-0.027690,9.517078,-26.093705,-14.7060,2.020187,0.990953,-1.998622,0.294391,-0.737390,0.661999
59,8.941,B,4,9.192980,-25.443954,7.782955,-25.746112,0.434189,0.009427,-15.0771,-0.072534,-15.0931,-0.081414,9.748789,-26.118479,-15.0127,2.000789,0.874018,-1.965834,0.372367,-0.555809,0.674525
60,9.117,B,4,9.182978,-25.733079,8.074421,-25.702622,0.439407,0.031148,-15.5168,-0.073737,-15.5122,-0.062420,9.986835,-26.141865,-15.4535,1.962208,0.901827,-1.912414,0.439243,-0.803857,0.408786
61,9.285,B,4,9.594542,-26.040080,8.313210,-25.716610,0.436318,0.036816,-15.8581,-0.068176,-15.8604,-0.098443,10.233786,-26.166291,-15.7741,1.972517,0.651585,-1.920576,0.449681,-0.639245,0.126211
62,9.458,B,4,9.407376,-26.181116,8.582538,-25.782421,0.442160,0.033519,-16.1892,-0.063418,-16.1801,-0.069389,10.490183,-26.192323,-16.1148,1.951186,1.082865,-1.907645,0.409902,-1.082807,0.011207
63,9.631,B,4,10.329435,-26.517420,8.771023,-25.862277,0.432189,0.024008,-16.5061,-0.059876,-16.5049,-0.057776,10.752636,-26.222265,-16.4532,2.014046,0.515961,-1.981613,0.359988,-0.423201,-0.295155
64,9.802,B,4,10.576946,-25.562794,9.088822,-25.988692,0.451238,0.013638,-16.8205,-0.057571,-16.8271,-0.053700,11.016234,-26.256675,-16.7758,1.945953,0.821246,-1.927413,0.267983,-0.439288,0.693881
65,9.964,B,4,10.526455,-26.482540,9.395661,-25.924414,0.455567,0.041603,-17.1412,-0.056876,-17.1416,-0.052411,11.277626,-26.293364,-17.0922,1.917790,0.774627,-1.881965,0.368950,-0.751171,-0.189176
66,10.137,B,4,10.854812,-25.732622,9.639918,-26.033010,0.456630,0.029422,-17.4336,-0.054340,-17.4381,-0.044981,11.535938,-26.329332,-17.3923,1.919035,0.905536,-1.896019,0.296322,-0.681125,0.596710
67,10.320,B,4,11.438182,-25.366708,9.898956,-25.990168,0.451870,0.049314,-17.7169,-0.052353,-17.7085,-0.053908,11.792323,-26.362578,-17.6671,1.929645,1.056964,-1.893367,0.372410,-0.354141,0.995870
68,10.504,B,4,11.322694,-24.833774,10.215788,-25.888024,0.455330,0.082044,-17.9445,-0.046428,-17.8974,0.018931,12.049317,-26.393779,-17.9031,1.902003,1.720929,-1.833529,0.505755,-0.726623,1.560005
69,10.673,B,4,11.190817,-25.806478,10.457003,-25.705786,0.438793,0.122244,-17.5792,-0.000132,-17.5045,0.022173,12.298367,-26.427622,-17.5338,1.977794,1.269838,-1.841364,0.721836,-1.107550,0.621144
70,10.845,B,4,12.251820,-25.163635,10.631371,-25.725575,0.423064,0.114823,-17.8670,-0.024110,-17.8558,-0.111785,12.552945,-26.462260,-17.7430,2.057948,1.333080,-1.921574,0.736685,-0.301125,1.298625
71,11.020,B,4,12.738661,-25.670070,10.962025,-25.627616,0.432350,0.140570,-17.9784,-0.018438,-17.8940,0.098173,12.808399,-26.501037,-17.9694,2.042537,0.833887,-1.846373,0.873420,-0.069737,0.830966
72,11.200,B,4,12.231970,-25.916110,11.322052,-25.634636,0.452532,0.144829,-17.5766,0.016491,-17.5066,-0.009642,13.057554,-26.546532,-17.5095,1.960489,1.038759,-1.735502,0.911895,-0.825584,0.630421
73,11.360,B,4,12.510457,-26.109116,11.529711,-25.685134,0.443466,0.131106,-17.9693,-0.022059,-17.9468,-0.077700,13.318245,-26.591556,-17.8735,2.005107,0.940888,-1.788534,0.906422,-0.807788,0.482441
74,11.530,B,4,13.171340,-25.761802,11.748739,-25.761619,0.439276,0.114596,-17.8940,-0.003801,-17.7896,0.103245,13.575907,-26.633840,-17.8789,2.024675,0.961314,-1.827168,0.872220,-0.404567,0.872038
75,11.677,B,4,12.974811,-25.367709,12.045634,-25.763215,0.446074,0.119175,-17.0990,0.055678,-16.9595,0.102155,13.832500,-26.674597,-17.0608,2.005868,1.563197,-1.786866,0.911382,-0.857690,1.306887
76,11.875,B,4,13.394734,-25.881080,12.255388,-25.694525,0.430894,0.131506,-16.9718,0.038128,-16.9106,-0.078615,14.083462,-26.713024,-16.8478,2.092653,1.080036,-1.828075,1.018499,-0.688729,0.831944
77,12.069,B,4,13.847370,-26.078520,12.503312,-25.728136,0.430796,0.124801,-17.1634,0.010508,-17.1181,0.048293,14.377162,-26.762063,-17.1062,2.140168,0.864819,-1.873850,1.033927,-0.529792,0.683544
78,12.238,B,4,14.387899,-27.046145,12.784071,-25.790669,0.440086,0.115260,-16.5958,0.049578,-16.5129,0.090661,14.617958,-26.808888,-16.4930,2.097596,0.330482,-1.833887,1.018219,-0.230059,-0.237257
79,12.393,B,4,14.073617,-26.068276,13.115114,-26.015805,0.466528,0.078094,-16.4930,0.032651,-16.4891,-0.051943,14.865904,-26.851063,-16.5021,1.939825,1.113766,-1.750790,0.835258,-0.792287,0.782787
80,12.562,B,4,14.027986,-26.409887,13.330921,-26.030740,0.455699,0.079030,-16.4373,0.026066,-16.3843,0.103483,15.121974,-26.894220,-16.3604,1.988333,1.196406,-1.791053,0.863480,-1.093988,0.484333
81,12.726,B,4,14.397441,-26.367655,13.488394,-26.101554,0.449223,0.066955,-16.0709,0.044872,-16.0178,-0.013542,15.333361,-26.930502,-16.0155,2.022636,1.092127,-1.844967,0.828947,-0.935920,0.562846
82,12.890,B,4,14.374176,-26.753401,13.699712,-26.155643,0.432021,0.059516,-16.0074,0.029572,-15.9353,0.087007,15.606807,-26.974413,-16.0064,2.075426,1.252288,-1.907095,0.818769,-1.232631,0.221011
83,13.064,B,4,14.724096,-24.919842,13.852712,-26.266135,0.428493,0.040926,-15.7609,0.036891,-15.7321,-0.021709,15.882186,-27.024867,-15.7221,2.166665,2.402562,-2.029474,0.758731,-1.158091,2.105025
84,13.243,B,4,16.185719,-27.117087,14.056159,-26.035255,0.395694,0.091643,-15.5989,0.031212,-15.5421,-0.015527,16.211047,-27.087731,-15.5433,2.398176,0.038772,-2.154887,1.052476,-0.025328,-0.029356
85,13.416,B,4,15.698966,-26.714122,14.472747,-26.229437,0.443220,0.066667,-15.4655,0.028673,-15.3932,0.033462,16.426952,-27.129617,-15.4195,2.151567,0.838212,-1.954205,0.900180,-0.727986,0.415495
86,13.598,B,4,15.581922,-26.920142,14.733660,-26.320696,0.447917,0.055704,-15.2774,0.030192,-15.2309,0.031120,16.693878,-27.179380,-15.2577,2.140046,1.141775,-1.960218,0.858685,-1.111956,0.259239
87,13.791,B,4,16.308891,-26.646534,14.927553,-26.433404,0.440220,0.037936,-15.0894,0.031276,-15.0555,0.034829,16.960448,-27.225691,-15.0844,2.181830,0.871751,-2.032895,0.792287,-0.651558,0.579157
88,13.968,B,4,16.278858,-26.608904,15.215152,-26.478696,0.447992,0.040388,-14.9048,0.031562,-14.8718,0.031250,17.230460,-27.270726,-14.9012,2.165358,1.159119,-2.015308,0.792030,-0.951602,0.661823
89,14.138,B,4,16.994124,-27.113744,15.447064,-26.509089,0.443211,0.042264,-14.7270,0.031286,-14.6936,0.038383,17.507112,-27.318305,-14.7212,2.213285,0.552270,-2.060048,0.809216,-0.512988,0.204561
90,14.308,B,4,16.986914,-27.351634,15.764613,-26.623465,0.460297,0.031943,-14.5553,0.030467,-14.5308,0.028643,17.791823,-27.371121,-14.5558,2.160687,0.805144,-2.027210,0.747656,-0.804908,0.019487
91,14.473,B,4,17.361692,-26.968110,16.025788,-26.761113,0.465595,0.015042,-14.3988,0.029160,-14.3792,0.017558,18.083716,-27.428688,-14.4032,2.163498,0.856418,-2.057928,0.667575,-0.722024,0.460578
92,14.625,B,4,17.794902,-27.006572,16.307245,-26.807585,0.469438,0.018872,-14.2493,0.027953,-14.2253,0.027827,18.379912,-27.487708,-14.2506,2.181403,0.757449,-2.072667,0.680123,-0.585011,0.481136
93,14.779,B,4,17.684430,-26.840516,16.616239,-26.852232,0.478174,0.023878,-14.0851,0.028240,-14.0594,0.032608,18.676551,-27.544347,-14.0868,2.173456,1.216422,-2.060313,0.692114,-0.992121,0.703831
94,14.931,B,4,18.566728,-27.444066,16.851535,-26.858998,0.469488,0.031775,-13.9130,0.028960,-13.8832,0.027686,18.970566,-27.597021,-13.9117,2.243873,0.431834,-2.119030,0.738023,-0.403838,0.152955
95,15.087,B,4,18.344858,-26.668034,17.201428,-26.970880,0.489719,0.023774,-13.7314,0.029985,-13.7067,0.038152,19.261035,-27.647294,-13.7344,2.167837,1.341019,-2.059607,0.676414,-0.916177,0.979261
96,15.243,B,4,18.772917,-27.028520,17.451202,-26.925811,0.480012,0.042334,-13.5572,0.029880,-13.5414,0.025632,19.549218,-27.698346,-13.5668,2.235728,1.025334,-2.098016,0.772535,-0.776301,0.669826
97,15.398,B,4,19.681642,-27.480851,17.732300,-26.950868,0.481150,0.046360,-13.4094,0.028120,-13.3929,0.029126,19.838161,-27.752750,-13.4157,2.253367,0.313731,-2.105860,0.801882,-0.156519,0.271899
98,15.548,B,4,19.658262,-28.333119,18.125404,-27.051486,0.507957,0.040357,-13.2595,0.027390,-13.2541,0.019611,20.131832,-27.810729,-13.2762,2.145275,0.705095,-2.006428,0.759244,-0.473570,-0.522389
99,15.702,B,4,19.357063,-27.190316,18.446831,-27.286586,0.524038,0.004737,-12.8123,0.051749,-12.7442,0.179495,20.429746,-27.872187,-12.9007,2.067578,1.271061,-1.982915,0.585600,-1.072683,0.681871
100,15.842,B,4,19.777249,-27.421087,18.658181,-27.279665,0.504845,0.015420,-12.2535,0.068010,-12.2303,0.009458,20.722871,-27.930847,-12.2498,2.164944,1.074270,-2.064690,0.651182,-0.945622,0.509760
101,15.986,B,4,20.394970,-27.733837,18.905024,-27.314049,0.496882,0.018315,-12.3312,0.034173,-12.3065,0.055354,21.023752,-27.985068,-12.3432,2.222448,0.677115,-2.118728,0.671020,-0.628782,0.251232
102,16.136,B,4,20.275376,-27.337763,19.217458,-27.396424,0.505056,0.013975,-11.5828,0.076859,-11.4975,0.141679,21.310177,-28.041082,-11.6389,2.189763,1.251188,-2.092720,0.644659,-1.034801,0.703320
103,16.287,B,4,20.786843,-27.351380,19.453635,-27.394187,0.493358,0.023185,-11.1732,0.071797,-11.1335,0.039226,21.593105,-28.096019,-11.1590,2.251644,1.097518,-2.139470,0.701832,-0.806262,0.744639
104,16.423,B,4,20.727073,-27.112250,19.737950,-27.392960,0.492691,0.032857,-10.4774,0.095037,-10.3835,0.161681,21.866832,-28.153935,-10.5386,2.260801,1.544072,-2.128882,0.760975,-1.139759,1.041685
105,16.579,B,4,21.533851,-27.527827,19.951401,-27.347309,0.487970,0.048054,-9.9319,0.102424,-9.7255,0.126458,22.185794,-28.226217,-9.6971,2.401039,0.955394,-2.234393,0.878907,-0.651943,0.698390
106,16.705,B,4,21.733777,-27.974173,20.287113,-27.382699,0.490307,0.047656,-8.9455,0.123158,-8.8770,0.131809,22.393392,-28.274741,-9.0032,2.287390,0.724868,-2.106279,0.892042,-0.659615,0.300568
107,16.860,B,4,21.009056,-27.726016,20.591820,-27.490059,0.498402,0.032144,-8.0825,0.135507,-7.9989,0.155637,22.702484,-28.344920,-7.9626,2.277212,1.802982,-2.110665,0.854861,-1.693429,0.618904
108,17.012,B,4,22.927344,-27.719749,20.713968,-27.535116,0.466847,0.023402,-7.0948,0.150863,-7.0098,0.175504,22.957762,-28.402035,-6.9686,2.405443,0.682963,-2.243793,0.866919,-0.030418,0.682285
109,17.149,B,4,22.697047,-28.084715,21.152627,-27.570333,0.501824,0.028055,-6.0465,0.164363,-5.9474,0.188401,23.211273,-28.459595,-5.9036,2.242500,0.636367,-2.058646,0.889262,-0.514226,0.374880
110,17.291,B,4,22.627981,-27.955671,21.465339,-27.662783,0.521995,0.015993,-5.1603,0.174434,-4.8217,0.195883,23.411906,-28.507266,-5.0058,2.121856,0.958537,-1.946567,0.844483,-0.783925,0.551594
111,17.432,B,4,22.040737,-27.831787,21.729962,-27.717255,0.505078,0.009557,-3.7505,0.188994,-3.6386,0.219616,23.658494,-28.569430,-3.8317,2.108420,1.777991,-1.928532,0.852174,-1.617757,0.737642
112,17.589,B,4,22.719011,-28.884871,21.835704,-27.739292,0.468203,0.005924,-2.4483,0.201373,-2.3964,0.219032,23.946475,-28.646203,-2.3454,2.297356,1.250452,-2.110771,0.906911,-1.227464,-0.238668
113,17.734,B,4,23.962507,-28.108901,22.027052,-27.942963,0.469108,-0.033452,-1.4624,0.209675,-1.0913,0.235245,24.133223,-28.697080,-1.3044,2.237108,0.612453,-2.106171,0.754118,-0.170716,0.588179
114,17.873,B,4,23.779494,-28.572179,22.413259,-27.975560,0.495814,-0.030054,-0.0996,0.221163,0.2777,0.242308,24.361014,-28.759138,0.0545,2.099463,0.610834,-1.947755,0.783578,-0.581519,0.186959
115,18.016,B,4,23.795658,-27.775887,22.711222,-28.083900,0.489833,-0.044889,1.5979,0.233308,1.7057,0.248645,24.583650,-28.819902,1.4736,2.011886,1.308014,-1.872428,0.736002,-0.787993,1.044015
116,18.151,B,4,24.734479,-28.100912,22.941308,-28.031113,0.490982,-0.028214,2.7764,0.241313,3.1835,0.263081,24.803029,-28.881218,2.9441,2.046627,0.783310,-1.861721,0.850105,-0.068550,0.780305
117,18.297,B,4,23.905287,-28.596815,23.314524,-28.042556,0.499717,-0.025898,4.5943,0.252040,4.7029,0.267779,25.020945,-28.944856,4.4572,1.930290,1.168686,-1.706422,0.902299,-1.115658,0.348041
118,18.446,B,4,24.781357,-28.513205,23.467807,-28.138864,0.472989,-0.043264,6.1564,0.260338,6.2619,0.277469,25.238139,-29.011105,6.0097,1.973544,0.675687,-1.770331,0.872240,-0.456781,0.497899
119,18.582,B,4,25.253223,-29.053885,23.747143,-28.203561,0.474487,-0.053567,7.7659,0.268471,7.8642,0.281346,25.453910,-29.078578,7.6047,1.917996,0.202201,-1.706767,0.875017,-0.200687,0.024693
120,18.735,B,4,24.939739,-27.329285,24.061111,-28.352456,0.481619,-0.081478,9.4207,0.276698,9.5144,0.292762,25.666541,-29.145298,9.2471,1.790532,1.956053,-1.605430,0.792842,-0.726803,1.816013
121,18.884,B,4,24.717527,-28.221520,24.263850,-28.169931,0.469535,-0.039191,10.9081,0.266810,10.9428,0.173436,25.876782,-29.209316,10.7789,1.918820,1.523027,-1.612932,1.039385,-1.159255,0.987796
122,19.040,B,4,25.666565,-28.469265,24.389512,-28.173900,0.440502,-0.038877,12.1942,0.251415,12.2592,0.307631,26.086542,-29.268046,11.9846,2.019175,0.902458,-1.697030,1.094147,-0.419977,0.798781
123,19.187,B,4,25.039956,-28.225061,24.658765,-28.219597,0.442538,-0.051389,14.1811,0.291288,14.2563,0.291433,26.298017,-29.329268,13.9733,1.979525,1.673914,-1.639252,1.109671,-1.258061,1.104207
124,19.346,B,4,25.801630,-28.476019,24.769008,-28.214744,0.413574,-0.048704,15.4105,0.255813,15.4271,0.176078,26.510532,-29.385103,15.2753,2.098248,1.152812,-1.741524,1.170359,-0.708902,0.909083
125,19.500,B,4,26.403521,-28.257271,24.992256,-28.254371,0.408813,-0.059853,16.8657,0.257636,16.9411,0.322415,26.725004,-29.443693,16.6392,2.101643,1.229207,-1.732749,1.189322,-0.321484,1.186423
126,19.654,B,4,25.875915,-29.219351,25.282470,-28.248173,0.419341,-0.064457,18.1964,0.243179,18.2140,0.154895,26.942513,-29.501949,18.0780,2.080312,1.103401,-1.660044,1.253776,-1.066599,0.282598
127,19.815,B,4,25.823924,-28.999319,25.428523,-28.413676,0.391948,-0.097211,19.4995,0.238800,19.5329,0.250958,27.163199,-29.554603,19.2974,2.076251,1.449827,-1.734676,1.140928,-1.339276,0.555284
128,19.960,B,4,25.982043,-28.775034,25.537649,-28.513726,0.362800,-0.111891,20.6850,0.225126,20.6958,0.224046,27.386980,-29.600804,20.4916,2.145173,1.629645,-1.849332,1.087078,-1.404937,0.825769
129,20.121,B,4,26.117834,-28.634397,25.653198,-28.557561,0.340777,-0.114600,21.8658,0.216617,21.8709,0.197744,27.614472,-29.641446,21.6803,2.240849,1.803905,-1.961274,1.083885,-1.496638,1.007050
130,20.283,B,4,26.766812,-28.435129,25.770396,-28.568905,0.323223,-0.111205,22.9829,0.207222,22.9769,0.189598,27.845958,-29.678107,22.8037,2.353357,1.646071,-2.075563,1.109202,-1.079147,1.242978
131,20.441,B,4,28.205166,-27.926307,25.980363,-28.542336,0.327778,-0.107364,24.0380,0.197165,24.0234,0.174778,28.081327,-29.713180,23.8601,2.405188,1.791159,-2.100965,1.170844,0.123838,1.786873
132,20.588,B,4,28.039185,-28.988527,26.408861,-28.428512,0.379328,-0.103271,25.0369,0.187347,25.0103,0.169131,28.319638,-29.747419,24.8560,2.321764,0.809056,-1.910777,1.318908,-0.280453,0.758892
133,20.742,B,4,28.119776,-28.730026,26.736222,-28.521057,0.390605,-0.133256,25.9789,0.177545,25.9484,0.158156,28.559566,-29.779335,25.8011,2.215365,1.137745,-1.823343,1.258277,-0.439790,1.049309
134,20.901,B,4,27.704219,-29.431706,27.021757,-28.552721,0.396524,-0.146218,26.9035,0.170580,26.8500,0.155765,28.800206,-29.806587,26.7078,2.176020,1.158328,-1.778449,1.253866,-1.095987,0.374881
135,21.057,B,4,28.791321,-29.278678,27.183717,-28.704034,0.368598,-0.171035,27.7758,0.162753,27.7205,0.152426,29.041635,-29.827906,27.5834,2.171393,0.603579,-1.857918,1.123872,-0.250314,0.549228
136,21.210,B,4,28.789579,-28.656428,27.508891,-28.803727,0.377631,-0.197328,28.6202,0.156313,28.5560,0.141002,29.285044,-29.843889,28.4250,2.058314,1.286682,-1.776152,1.040163,-0.495465,1.187461
137,21.356,B,4,29.540429,-28.941344,27.777679,-28.776308,0.385465,-0.193240,29.4234,0.149405,29.3506,0.132906,29.527149,-29.859165,29.2264,2.057480,0.917916,-1.749470,1.082857,0.013280,0.917820
138,21.507,B,4,28.495241,-28.657205,28.132807,-28.803088,0.402954,-0.208072,30.1853,0.142580,30.1016,0.128034,29.764642,-29.877682,29.9843,1.953878,1.760950,-1.631835,1.074594,-1.269401,1.220477
139,21.670,B,4,29.798576,-28.773184,28.240775,-28.774733,0.378291,-0.189339,30.8985,0.134977,30.8139,0.117871,29.999217,-29.897994,30.7021,2.086584,1.142565,-1.758441,1.123261,-0.200640,1.124810
140,21.826,B,4,29.807892,-28.816189,28.558562,-28.770936,0.391694,-0.197440,31.5907,0.129151,31.5001,0.120031,30.231275,-29.917446,31.3915,2.027918,1.179839,-1.672713,1.146509,-0.423383,1.101257
141,21.981,B,4,29.509807,-28.399527,28.822869,-28.775033,0.392837,-0.201595,32.2672,0.124656,32.1715,0.116489,30.460261,-29.933903,32.0648,2.005999,1.804902,-1.637393,1.158869,-0.950455,1.534376
142,22.150,B,4,29.537405,-28.473843,28.987276,-28.704170,0.383374,-0.182653,32.9156,0.119994,32.8292,0.121306,30.685454,-29.947293,32.7252,2.104558,1.867906,-1.698178,1.243123,-1.148049,1.473450
143,22.331,B,4,30.002165,-29.570333,29.127231,-28.657390,0.367905,-0.167942,33.5878,0.116930,33.4646,0.111904,30.950125,-29.962311,33.4894,2.241820,1.025804,-1.822894,1.304920,-0.947960,0.391977
144,22.486,B,4,29.732259,-28.624449,29.320018,-28.813880,0.342735,-0.196833,34.1693,0.112409,34.0668,0.103957,31.165813,-29.977217,34.0901,2.181814,1.971055,-1.845795,1.163337,-1.433554,1.352768
145,22.641,B,4,30.361721,-28.406045,29.423622,-28.777910,0.332699,-0.183598,34.6336,0.108665,34.6321,0.087740,31.376784,-29.995786,34.6540,2.301752,1.886168,-1.953162,1.217876,-1.015063,1.589741
146,22.807,B,4,30.877278,-28.403829,29.632066,-28.707207,0.330879,-0.169441,35.2825,0.101918,35.1673,0.081530,31.582757,-30.016875,35.1882,2.349558,1.760573,-1.950690,1.309668,-0.705478,1.613046
147,22.981,B,4,31.678703,-29.036612,29.888776,-28.647916,0.342583,-0.168434,35.7950,0.096883,35.6849,0.088393,31.743951,-30.033830,35.6028,2.315693,0.999351,-1.855175,1.385914,-0.065248,0.997218
148,23.157,B,4,31.842912,-28.023272,30.243299,-28.710549,0.355570,-0.199642,36.3049,0.093770,36.1893,0.088452,31.945534,-30.050191,36.1098,2.166159,2.029516,-1.702235,1.339642,-0.102623,2.026919
149,23.333,B,4,31.894102,-28.573858,30.566585,-28.583205,0.383038,-0.192446,36.7976,0.090646,36.6724,0.088048,32.157218,-30.053686,36.5970,2.166201,1.503037,-1.590634,1.470480,-0.263116,1.479827
150,23.511,B,4,32.061766,-29.295739,30.834542,-28.575500,0.393634,-0.205145,37.1752,0.087908,37.1228,0.070923,32.378337,-30.046940,37.0534,2.132706,0.815181,-1.543794,1.471440,-0.316571,0.751201
151,23.693,B,4,32.129868,-28.945325,31.101296,-28.695300,0.369627,-0.228901,37.6830,0.081222,37.5318,0.071392,32.606497,-30.034139,37.4692,2.014478,1.188566,-1.505201,1.338839,-0.476629,1.088813
152,23.874,B,4,31.790560,-28.427680,31.325868,-28.735294,0.358868,-0.235942,38.0691,0.075741,37.9010,0.052423,32.838623,-30.018189,37.8443,1.983494,1.904772,-1.512755,1.282895,-1.048064,1.590509
153,24.058,B,4,31.834633,-28.900124,31.441429,-28.678009,0.351498,-0.218652,38.3317,0.069609,38.2397,0.058145,33.071938,-29.999714,38.1871,2.098919,1.655301,-1.630509,1.321704,-1.237305,1.099590
154,24.258,B,4,32.167662,-28.112485,31.556931,-28.712283,0.317668,-0.208461,38.7205,0.063707,38.5596,0.054048,33.305361,-29.977129,38.5093,2.157972,2.184321,-1.748430,1.264847,-1.137699,1.864645
155,24.456,B,4,32.620872,-29.006464,31.701912,-28.602024,0.317814,-0.184546,38.9992,0.057864,38.8679,0.056962,33.540508,-29.947658,38.8193,2.278413,1.315894,-1.838596,1.345633,-0.919636,0.941194
156,24.643,B,4,32.885547,-28.511619,31.900393,-28.668431,0.304633,-0.198657,39.2903,0.055142,39.1628,0.050342,33.781049,-29.909013,39.1168,2.252978,1.659709,-1.880656,1.240582,-0.895502,1.397394
157,24.810,B,4,32.878593,-29.067435,32.110466,-28.636639,0.306893,-0.197033,39.5638,0.052241,39.4351,0.043422,34.030726,-29.860446,39.3935,2.277082,1.398669,-1.920259,1.223807,-1.152132,0.793011
158,24.985,B,4,33.417605,-28.927991,32.282023,-28.709022,0.289505,-0.207535,39.8274,0.049849,39.6781,0.042719,34.291284,-29.802588,39.6412,2.287578,1.236218,-2.009261,1.093566,-0.873680,0.874596
159,25.169,B,4,32.998084,-29.553460,32.518313,-28.745389,0.288773,-0.219430,40.0589,0.046223,39.8951,0.040041,34.561291,-29.736677,39.8617,2.270773,1.573908,-2.042978,0.991288,-1.563208,0.183218
160,25.358,B,4,33.377246,-28.295221,32.638600,-28.887465,0.256120,-0.231955,40.2565,0.041502,40.0797,0.021130,34.836453,-29.664348,40.0580,2.331117,2.000948,-2.197853,0.776883,-1.459207,1.369127
161,25.544,B,4,34.129910,-27.863567,32.803213,-28.783147,0.265737,-0.210007,40.3964,0.034708,40.2155,0.021647,35.110534,-29.588838,40.1937,2.443945,1.984485,-2.307321,0.805690,-0.980624,1.725271
162,25.727,B,4,34.931115,-28.456812,33.071850,-28.618227,0.298370,-0.194733,40.5323,0.030530,40.3525,0.021319,35.383100,-29.508745,40.3306,2.476873,1.144925,-2.311250,0.890518,-0.451984,1.051933
163,25.908,B,4,34.826307,-28.479829,33.436794,-28.584992,0.325108,-0.214545,40.6568,0.027242,40.4856,0.033879,35.654675,-29.424737,40.4649,2.371532,1.256600,-2.217881,0.839744,-0.828368,0.944908
164,26.085,B,4,35.105535,-28.327890,33.721288,-28.561497,0.334807,-0.223287,40.7720,0.024455,40.6068,0.023354,35.928260,-29.336750,40.5884,2.339176,1.301797,-2.206972,0.775253,-0.822725,1.008860
165,26.255,B,4,35.051200,-28.900926,34.006117,-28.515097,0.346331,-0.227650,40.8720,0.021745,40.7111,0.024430,36.207460,-29.243684,40.6955,2.318782,1.205994,-2.201343,0.728587,-1.156260,0.342758
166,26.441,B,4,36.716956,-28.310930,34.231674,-28.578509,0.332831,-0.240849,40.9645,0.019694,40.8023,0.013654,36.494582,-29.143516,40.7882,2.332377,0.861771,-2.262907,0.565007,0.222374,0.832585
167,26.628,B,4,35.056051,-27.800144,34.713421,-28.527329,0.375469,-0.268656,41.0269,0.015952,40.8501,-0.042038,36.789501,-29.034235,40.8708,2.137068,2.127870,-2.076080,0.506906,-1.733451,1.234090
168,26.814,B,4,36.292091,-26.956395,34.818628,-28.394287,0.365912,-0.230938,40.5358,-0.026962,40.3331,-0.048201,37.078304,-28.919292,40.3867,2.319864,2.114497,-2.259676,0.525005,-0.786213,1.962897
169,26.999,B,4,35.984166,-27.808806,35.122008,-28.132100,0.405048,-0.204000,40.6867,-0.001337,40.5519,0.098753,37.364448,-28.806414,40.4540,2.341631,1.703057,-2.242440,0.674315,-1.380282,0.997609
170,27.181,B,4,36.960936,-28.434864,35.317744,-28.063975,0.397411,-0.195828,40.7349,-0.000477,40.5509,-0.096142,37.644088,-28.696167,40.6320,2.410714,0.731421,-2.326344,0.632192,-0.683152,0.261304
171,27.355,B,4,36.647795,-27.298811,35.651611,-28.119909,0.395576,-0.225911,40.2296,-0.034629,40.0585,-0.014485,37.910974,-28.587279,40.0791,2.307196,1.804375,-2.259363,0.467370,-1.263179,1.288467
172,27.541,B,4,36.614048,-27.499217,35.872008,-27.965679,0.404253,-0.205106,40.1906,-0.024045,40.0054,-0.081222,38.180061,-28.481105,40.0745,2.364905,1.848378,-2.308053,0.515426,-1.566013,0.981888
173,27.718,B,4,37.390167,-27.055001,36.046696,-27.873148,0.396779,-0.189998,39.6362,-0.053304,39.4449,-0.058451,38.440544,-28.374856,39.4953,2.445858,1.686804,-2.393848,0.501708,-1.050376,1.319855
174,27.908,B,4,37.724164,-27.927702,36.326953,-27.717533,0.414825,-0.180652,39.2271,-0.061528,39.0170,-0.116620,38.700668,-28.267734,39.1120,2.436646,1.034012,-2.373715,0.550201,-0.976504,0.340032
175,28.093,B,4,38.004467,-26.819391,36.617630,-27.743627,0.408702,-0.201664,38.6663,-0.076030,38.4562,-0.100498,38.955699,-28.158202,38.5473,2.374540,1.642333,-2.338069,0.414575,-0.951232,1.338810
176,28.307,B,4,38.461758,-26.371229,36.909321,-27.569690,0.429352,-0.188744,38.0275,-0.089159,37.8356,-0.115464,39.255654,-28.024691,37.8093,2.390042,1.834178,-2.346332,0.455001,-0.793896,1.653462
177,28.491,B,4,37.954680,-26.214460,37.227965,-27.346041,0.459707,-0.172839,37.3599,-0.101902,37.1436,-0.120768,39.499666,-27.913930,37.1144,2.341608,2.296777,-2.271702,0.567890,-1.544987,1.699470
178,28.678,B,4,39.181460,-27.092769,37.393446,-27.134861,0.471053,-0.143902,36.7658,-0.111463,36.3779,-0.135139,39.737935,-27.805716,36.3458,2.438581,0.904411,-2.344489,0.670855,-0.556476,0.712948
179,28.853,B,4,39.302941,-25.895296,37.753335,-27.112613,0.477963,-0.169772,35.9375,-0.124916,35.5403,-0.153583,39.970252,-27.700640,35.5054,2.293578,1.924727,-2.216917,0.588027,-0.667312,1.805344
180,29.027,B,4,39.556644,-26.250179,38.083209,-26.880949,0.494911,-0.149931,34.8620,-0.139779,34.6376,-0.165686,40.151834,-27.618091,34.7861,2.196039,1.491788,-2.068625,0.737142,-0.595189,1.367912
181,29.207,B,4,39.163967,-26.525675,38.392846,-26.754124,0.503419,-0.149618,33.9028,-0.150969,33.6788,-0.163550,40.373853,-27.515020,33.8357,2.122110,1.562891,-1.981007,0.760896,-1.209886,0.989346
182,29.374,B,4,39.995247,-27.655634,38.578385,-26.699055,0.482317,-0.145193,32.9104,-0.159865,32.6703,-0.179574,40.591259,-27.410396,32.8349,2.134869,0.644493,-2.012874,0.711341,-0.596011,-0.245238
183,29.525,B,4,39.777546,-26.686301,38.876876,-26.856593,0.457281,-0.189165,31.8391,-0.170728,31.6133,-0.188717,40.805295,-27.303706,31.7858,1.979573,1.198940,-1.928419,0.447112,-1.027749,0.617405
184,29.677,B,4,40.270331,-25.914394,39.074497,-26.820656,0.452590,-0.188338,30.9523,-0.178323,30.5050,-0.204817,41.016948,-27.195918,30.6859,1.978368,1.483152,-1.942451,0.375262,-0.746617,1.281524
185,29.833,B,4,40.660893,-25.536621,39.341243,-26.652511,0.454719,-0.163723,29.5752,-0.188230,29.3428,-0.209953,41.226289,-27.088661,29.5324,1.934845,1.651818,-1.885046,0.436150,-0.565396,1.552040
186,29.986,B,4,41.133735,-26.475971,39.622239,-26.446960,0.472977,-0.140216,28.3457,-0.198561,28.1280,-0.211215,41.432247,-26.983099,28.3257,1.887742,0.588463,-1.810007,0.536139,-0.298512,0.507129
187,30.139,B,4,41.233642,-25.838072,39.937671,-26.443361,0.473251,-0.156591,27.0849,-0.207001,26.8661,-0.222885,41.633111,-26.879292,27.0709,1.750586,1.115219,-1.695440,0.435932,-0.399469,1.041220
188,30.290,B,4,41.035697,-26.776492,40.215855,-26.329288,0.479172,-0.146883,25.7819,-0.214962,25.5635,-0.228341,41.827562,-26.776382,25.7744,1.672570,0.791864,-1.611707,0.447094,-0.791864,-0.000110
189,30.438,B,4,41.252365,-26.018953,40.409303,-26.402341,0.450783,-0.161508,24.4443,-0.222100,24.2247,-0.242514,42.015568,-26.673389,24.4413,1.628974,1.005369,-1.606266,0.271048,-0.763204,0.654437
190,30.589,B,4,41.116530,-25.653294,40.605362,-26.331151,0.440829,-0.148441,23.0624,-0.229331,22.8509,-0.240010,42.198474,-26.569965,23.0731,1.610912,1.418058,-1.593112,0.238814,-1.081944,0.916671
191,30.735,B,4,41.587637,-24.894902,40.741170,-26.207783,0.426136,-0.120963,21.6420,-0.236804,21.4401,-0.254518,42.378288,-26.466493,21.6684,1.657434,1.759269,-1.637118,0.258710,-0.790651,1.571591
192,30.893,B,4,41.720736,-25.742512,40.934646,-25.970710,0.433527,-0.080295,20.1911,-0.243068,19.9904,-0.258205,42.556680,-26.363554,20.2249,1.668928,1.041391,-1.622034,0.392844,-0.835944,0.621042
193,31.039,B,4,42.269581,-25.035527,41.116450,-25.923768,0.421076,-0.077035,18.7068,-0.249110,18.5030,-0.258644,42.734201,-26.261277,18.7434,1.652582,1.310853,-1.617750,0.337509,-0.464620,1.225750
194,31.190,B,4,41.862379,-25.793572,41.362673,-25.760719,0.431564,-0.056855,17.1931,-0.254802,16.9823,-0.269559,42.910125,-26.159210,17.2276,1.597937,1.109713,-1.547452,0.398492,-1.047746,0.365638
195,31.334,B,4,42.332951,-24.981815,41.492897,-25.760223,0.406356,-0.059277,15.6516,-0.260197,15.4328,-0.274810,43.082969,-26.056798,15.6825,1.617494,1.310769,-1.590072,0.296575,-0.750018,1.074983
196,31.483,B,4,42.837895,-26.035765,41.681885,-25.617535,0.405599,-0.038035,14.0668,-0.266386,13.8567,-0.274841,43.251335,-25.953981,14.1107,1.605107,0.421452,-1.569450,0.336446,-0.413440,-0.081784
197,31.625,B,4,42.345938,-25.453016,41.926108,-25.686953,0.401002,-0.062365,12.4656,-0.271172,12.2532,-0.283730,43.414651,-25.851379,12.5117,1.497596,1.140544,-1.488542,0.164426,-1.068713,0.398364
198,31.764,B,4,42.528690,-25.277171,42.039885,-25.643561,0.379470,-0.052952,10.8239,-0.276971,10.6201,-0.285686,43.573377,-25.749855,10.8834,1.537171,1.146648,-1.533492,0.106294,-1.044687,0.472683
199,31.906,B,4,43.305515,-25.091127,42.163794,-25.577233,0.363627,-0.040110,9.1587,-0.282206,8.9565,-0.289403,43.728690,-25.649805,9.2247,1.566578,0.700856,-1.564896,0.072572,-0.423176,0.558678
200,32.064,B,4,42.623920,-24.683472,42.402178,-25.489972,0.372944,-0.029747,7.4690,-0.286920,7.2648,-0.295238,43.912561,-25.530981,7.1966,1.510939,1.542357,-1.510383,0.041009,-1.288641,0.847508
201,32.216,B,4,43.878123,-24.737034,42.477907,-25.345300,0.351497,-0.000379,5.7496,-0.291936,5.5501,-0.306795,44.065087,-25.431741,5.4811,1.589532,0.719425,-1.587180,0.086441,-0.186964,0.694706
202,32.375,B,4,43.348310,-24.848177,42.760852,-25.234845,0.371554,0.011086,4.0095,-0.296065,3.8165,-0.302170,44.217538,-25.331529,3.7468,1.459891,0.994578,-1.456686,0.096684,-0.869228,0.483352
203,32.506,B,4,43.836443,-24.155338,42.901100,-25.163267,0.359100,0.020133,2.2479,-0.300229,2.0642,-0.303153,44.339226,-25.250821,2.3460,1.440789,1.205352,-1.438127,0.087554,-0.502783,1.095482
204,32.659,B,4,43.876465,-24.036488,43.094914,-24.982738,0.370541,0.050360,0.8303,-0.303001,0.2895,-0.318847,44.490131,-25.150141,0.5752,1.405224,1.271538,-1.395217,0.167403,-0.613666,1.113653
205,32.800,B,4,44.116921,-24.818192,43.267859,-24.810672,0.367397,0.077199,-0.9869,-0.308202,-1.5119,-0.313899,44.638504,-25.050726,-1.2218,1.391508,0.571070,-1.370646,0.240054,-0.521583,0.232534
206,32.947,B,4,44.125880,-24.288636,43.576836,-24.715161,0.383556,0.084864,-3.2573,-0.313144,-3.3405,-0.318905,44.812051,-24.933516,-3.4142,1.254366,0.941648,-1.235215,0.218355,-0.686172,0.644880
207,33.087,B,4,44.624148,-23.871629,43.612615,-24.709850,0.346705,0.076717,-5.0364,-0.316875,-5.1922,-0.320179,44.953087,-24.836683,-5.2667,1.346458,1.019574,-1.340472,0.126833,-0.328939,0.965054
208,33.231,B,4,44.912873,-24.115117,44.016966,-24.480264,0.393670,0.116812,-6.9891,-0.320959,-7.0604,-0.328952,45.064336,-24.758929,-6.7607,1.083808,0.661389,-1.047371,0.278666,-0.151463,0.643813
209,33.376,B,4,43.756809,-24.948341,44.054334,-24.474501,0.355846,0.105595,-8.7961,-0.323585,-8.9404,-0.330407,45.202745,-24.660867,-8.6389,1.163434,1.474236,-1.148411,0.186366,-1.445936,-0.287474
210,33.520,B,4,45.045104,-23.760993,44.030121,-24.554646,0.318053,0.079629,-10.3135,-0.325701,-10.8327,-0.343850,45.341716,-24.562269,-10.5289,1.311617,0.854413,-1.311595,0.007623,-0.296613,0.801276
211,33.664,B,4,44.297118,-23.887756,44.240214,-24.412966,0.322494,0.104039,-12.2134,-0.327636,-12.7419,-0.340426,45.481834,-24.464368,-12.4350,1.242684,1.317587,-1.241620,0.051402,-1.184716,0.576612
212,33.809,B,4,44.744115,-24.144356,44.287746,-24.316631,0.285415,0.111256,-14.5289,-0.331431,-14.6726,-0.341030,45.622663,-24.368297,-14.3621,1.335916,0.906640,-1.334917,0.051666,-0.878547,0.223942
213,33.955,B,4,45.333966,-23.201306,44.398147,-24.283236,0.273338,0.108936,-16.4895,-0.335419,-16.6248,-0.337107,45.763114,-24.274212,-16.3111,1.364997,1.155550,-1.364967,-0.009023,-0.429149,1.072906
214,34.105,B,4,45.205719,-23.836314,44.594318,-24.089173,0.273552,0.142446,-18.5332,-0.338093,-18.5936,-0.338757,45.902143,-24.181142,-18.2777,1.311054,0.777118,-1.307825,0.091969,-0.696424,0.344828
215,34.255,B,4,45.074906,-22.468710,44.725126,-24.041339,0.272565,0.145181,-20.0382,-0.340266,-20.5724,-0.348984,46.039288,-24.087709,-20.2553,1.314979,1.884460,-1.314161,0.046370,-0.964382,1.618999
216,34.405,B,4,45.765819,-23.820410,44.821798,-23.757874,0.240017,0.186891,-22.4245,-0.343052,-22.5579,-0.347063,46.174754,-23.993142,-22.2398,1.373260,0.443919,-1.352956,0.235268,-0.408935,0.172732
217,34.547,B,4,45.437280,-24.404340,45.011592,-23.763244,0.255244,0.179445,-24.0186,-0.344242,-24.5511,-0.347252,46.309173,-23.897828,-24.2315,1.304542,1.008341,-1.297581,0.134584,-0.871893,-0.506512
218,34.695,B,4,45.264088,-23.400968,45.120897,-23.871310,0.247385,0.141532,-26.4376,-0.347307,-26.5562,-0.352660,46.443323,-23.803065,-26.2345,1.324185,1.245904,-1.322425,-0.068245,-1.179234,0.402097
219,34.843,B,4,45.572239,-23.291072,45.173955,-23.786647,0.222829,0.145562,-28.4632,-0.349597,-28.5762,-0.357258,46.577923,-23.710199,-28.2520,1.406048,1.089526,-1.403968,-0.076448,-1.005684,0.419128
220,34.996,B,4,46.202079,-23.217978,45.270481,-23.697116,0.208215,0.153375,-30.5091,-0.352170,-30.5994,-0.335805,46.713476,-23.619761,-30.2836,1.445067,0.650351,-1.442995,-0.077355,-0.511397,0.401782
221,35.150,B,4,45.827439,-23.645765,45.460946,-23.609972,0.212062,0.167767,-32.0434,-0.314468,-32.0827,-0.277515,46.852222,-23.535745,-31.8430,1.393255,1.030673,-1.391277,-0.074227,-1.024784,-0.110021
222,35.308,B,4,46.505875,-23.081978,45.551910,-23.614095,0.204140,0.156142,-34.0275,-0.330173,-34.1156,-0.435238,46.997750,-23.455148,-33.7291,1.454551,0.617412,-1.445840,-0.158947,-0.491875,0.373170
223,35.498,B,4,45.997949,-22.780361,45.746409,-23.519024,0.206242,0.173897,-36.1194,-0.341409,-36.1416,-0.261367,47.149218,-23.378528,-35.8939,1.409827,1.297391,-1.402809,-0.140496,-1.151269,0.598167
224,35.687,B,4,46.551345,-23.221072,45.817317,-23.386049,0.181340,0.184793,-37.5076,-0.300166,-37.5108,-0.298117,47.298790,-23.308968,-37.2440,1.483477,0.752595,-1.481473,-0.077081,-0.747445,0.087895
225,35.871,B,4,46.918287,-23.271320,45.972550,-23.354000,0.183461,0.185775,-39.3936,-0.311752,-39.4050,-0.273872,47.454010,-23.238251,-39.1473,1.485975,0.536743,-1.481460,-0.115749,-0.535723,-0.033069
226,36.069,B,4,46.746279,-22.173875,46.165675,-23.337165,0.192783,0.188937,-40.7585,-0.281103,-40.7459,-0.283578,47.605782,-23.174489,-40.4906,1.449266,1.319081,-1.440107,-0.162676,-0.859503,1.000614
227,36.273,B,4,46.417088,-22.756205,46.295310,-23.129235,0.167600,0.217104,-42.3000,-0.273715,-42.2598,-0.230038,47.761835,-23.113844,-42.0648,1.466606,1.391492,-1.466525,-0.015391,-1.344747,0.357639
228,36.466,B,4,47.229024,-23.338543,46.343098,-23.058574,0.147053,0.209656,-43.7232,-0.262670,-43.6771,-0.248803,47.920321,-23.060816,-43.4519,1.577224,0.744999,-1.577223,0.002241,-0.691297,-0.277727
229,36.675,B,4,47.054405,-22.646776,46.524682,-23.104051,0.164270,0.201244,-45.0536,-0.249679,-44.9976,-0.221181,48.084696,-23.015392,-44.7912,1.562530,1.094247,-1.560013,-0.088659,-1.030291,0.368615
230,36.852,B,4,47.309381,-22.476862,46.643931,-23.020604,0.152679,0.206765,-46.3218,-0.237641,-46.2465,-0.219455,48.255500,-22.977985,-46.0513,1.612132,1.070638,-1.611569,-0.042619,-0.946119,0.501123
231,37.034,B,4,47.088226,-23.762628,46.786993,-22.921189,0.143183,0.217419,-47.5312,-0.226255,-47.4294,-0.207799,48.431873,-22.947974,-47.2442,1.645098,1.571321,-1.644879,0.026784,-1.343647,-0.814654
232,37.209,B,4,47.506205,-22.485194,46.864995,-23.067092,0.157934,0.181544,-48.6785,-0.215083,-48.5562,-0.193438,48.611419,-22.924352,-48.3793,1.752247,1.189267,-1.746423,-0.142741,-1.105214,0.439158
233,37.388,B,4,47.296032,-22.398348,47.002339,-22.963816,0.144846,0.195243,-49.7671,-0.204479,-49.6359,-0.177303,48.791505,-22.905984,-49.4661,1.790100,1.579282,-1.789166,-0.057832,-1.495473,0.507635
234,37.548,B,4,47.379172,-22.656448,47.078070,-22.861957,0.123901,0.198362,-50.8012,-0.194410,-50.6727,-0.177308,48.970601,-22.891893,-50.5097,1.892768,1.608751,-1.892531,0.029936,-1.591429,0.235445
235,37.714,B,4,47.849275,-22.137135,47.153993,-22.822787,0.114096,0.192289,-51.8075,-0.186462,-51.6659,-0.171223,49.148888,-22.881573,-51.5100,1.995761,1.497726,-1.994895,0.058786,-1.299613,0.744438
236,37.874,B,4,49.048014,-22.723034,47.299196,-22.698318,0.101719,0.209032,-52.7655,-0.178390,-52.6127,-0.176149,49.327938,-22.875335,-52.4644,2.036450,0.318674,-2.028742,0.177017,-0.279924,0.152301
237,38.024,B,4,47.917361,-21.750896,47.632246,-22.698924,0.134171,0.235890,-53.6816,-0.170606,-53.5118,-0.156256,49.509708,-22.874463,-53.3711,1.885651,1.948838,-1.877463,0.175540,-1.592347,1.123567
238,38.176,B,4,48.309804,-22.737040,47.709152,-22.527392,0.101723,0.243128,-54.5325,-0.161422,-54.3662,-0.150727,49.695371,-22.880789,-54.2322,2.017413,1.393004,-1.986219,0.353397,-1.385567,0.143749
239,38.329,B,4,49.330637,-22.735470,47.840675,-22.559335,0.111487,0.231843,-55.3471,-0.153367,-55.1829,-0.147771,49.884698,-22.895759,-55.0544,2.071524,0.576780,-2.044023,0.336424,-0.554061,0.160289
240,38.481,B,4,48.893695,-22.758343,48.130145,-22.587272,0.138948,0.248019,-56.1370,-0.146889,-55.9696,-0.131310,50.076334,-22.919556,-55.8456,1.974352,1.193576,-1.946189,0.332284,-1.182639,0.161213
241,38.646,B,4,49.046206,-23.514509,48.287428,-22.616000,0.150173,0.247407,-56.7425,-0.141948,-56.7303,-0.129243,50.307062,-22.957817,-56.7602,2.048355,1.378283,-2.019634,0.341817,-1.260856,-0.556692
242,38.808,B,4,48.427796,-22.434467,48.455315,-22.775329,0.175706,0.221948,-57.6453,-0.134871,-57.4648,-0.124372,50.498774,-22.995144,-57.4936,2.055248,2.145533,-2.043459,0.219816,-2.070979,0.560677
243,38.951,B,4,48.534089,-22.746000,48.471236,-22.717117,0.151137,0.211209,-58.1794,-0.130906,-58.1709,-0.120949,50.689790,-23.035415,-58.1985,2.241270,2.175042,-2.218553,0.318298,-2.155701,0.289415
244,39.097,B,4,48.661372,-23.940651,48.511850,-22.724358,0.135906,0.188207,-59.0320,-0.125612,-58.8475,-0.119891,50.880441,-23.078135,-58.8740,2.394866,2.380798,-2.368591,0.353778,-2.219069,-0.862516
245,39.239,B,4,49.924097,-23.069193,48.560381,-22.942966,0.162641,0.150107,-59.6953,-0.121610,-59.4961,-0.107491,51.071145,-23.124403,-59.5216,2.517312,1.148376,-2.510764,0.181437,-1.147048,0.055211
246,39.378,B,4,50.169575,-23.534365,48.822396,-22.971939,0.177807,0.174759,-60.7529,-0.153464,-60.6304,-0.232932,51.225472,-23.159843,-60.4170,2.410410,1.120350,-2.403075,0.187904,-1.055896,-0.374522
247,39.522,B,4,50.802253,-22.180887,49.084693,-23.079017,0.203623,0.188166,-61.5827,-0.147018,-61.3766,-0.042745,51.411887,-23.204915,-61.3216,2.330598,1.191758,-2.327195,0.125898,-0.609634,1.024028
248,39.668,B,4,49.879505,-24.041081,49.415477,-22.928129,0.188612,0.239698,-61.9635,-0.115917,-61.7776,-0.156518,51.633134,-23.267479,-61.8158,2.243471,1.916683,-2.217657,0.339350,-1.753629,-0.773602
249,39.814,B,4,51.413606,-22.388296,49.526523,-23.131787,0.213531,0.210656,-63.1362,-0.153576,-62.9958,-0.173910,51.782528,-23.305840,-62.8285,2.262709,0.988934,-2.256005,0.174053,-0.368922,0.917544
250,39.955,B,4,50.586862,-22.771618,49.882990,-23.007796,0.207730,0.268164,-63.6574,-0.138604,-63.6066,-0.124152,51.967058,-23.362652,-63.5046,2.114063,1.501420,-2.084068,0.354856,-1.380196,0.591033
251,40.118,B,4,51.136917,-22.886086,50.044951,-22.973825,0.188715,0.263712,-64.8882,-0.161967,-64.7747,-0.190068,52.152170,-23.417166,-64.5839,2.153352,1.145768,-2.107219,0.443342,-1.015253,0.531081
252,40.269,B,4,51.062562,-23.051941,50.269841,-22.964250,0.186403,0.274616,-65.7247,-0.154777,-65.6255,-0.187685,52.334361,-23.473300,-65.4624,2.126352,1.339782,-2.064519,0.509050,-1.271798,0.421360
253,40.411,B,4,51.437494,-23.666092,50.442196,-22.985907,0.184439,0.272218,-66.8613,-0.171837,-66.7613,-0.151058,52.514344,-23.523732,-66.6242,2.140807,1.086219,-2.072148,0.537825,-1.076850,-0.142360
254,40.551,B,4,51.718606,-22.930713,50.650115,-23.113515,0.204713,0.267342,-67.9843,-0.182363,-67.9096,-0.225742,52.689598,-23.571412,-67.7190,2.090254,1.163323,-2.039483,0.457897,-0.970992,0.640699
255,40.696,B,4,51.126417,-23.466390,50.871368,-23.090222,0.195670,0.279335,-69.1854,-0.193870,-69.1051,-0.221374,52.861376,-23.615430,-68.9105,2.058148,1.741348,-1.990007,0.525208,-1.734958,0.149040
256,40.827,B,4,51.144487,-22.846339,50.948318,-23.165618,0.193051,0.255260,-70.4463,-0.204883,-70.3336,-0.187944,53.031033,-23.658258,-70.1480,2.140187,2.053843,-2.082716,0.492640,-1.886546,0.811919
257,40.979,B,4,51.746630,-24.107076,51.012665,-23.118075,0.166735,0.241814,-71.2185,-0.174354,-71.0639,-0.156938,53.199053,-23.707332,-70.9340,2.264403,1.506430,-2.186389,0.589258,-1.452424,-0.399743
258,41.114,B,4,51.939685,-24.262646,51.170048,-23.302329,0.193833,0.229519,-72.5189,-0.199033,-72.4389,-0.319773,53.371099,-23.765706,-72.1538,2.249299,1.515221,-2.201051,0.463377,-1.431414,-0.496940
259,41.259,B,4,51.934056,-23.512106,51.333222,-23.484970,0.217617,0.220759,-73.9000,-0.213197,-73.7751,-0.139805,53.544873,-23.834244,-73.6346,2.239061,1.642713,-2.211651,0.349274,-1.610817,0.322139
260,41.413,B,4,51.440008,-23.131718,51.466338,-23.504074,0.205111,0.219566,-74.6498,-0.179937,-74.5415,-0.197580,53.712489,-23.910407,-74.3652,2.282607,2.402192,-2.246150,0.406333,-2.272480,0.778689
261,41.558,B,4,52.915349,-23.236170,51.487147,-23.451614,0.172386,0.201969,-75.9792,-0.201538,-75.8878,-0.178132,53.884388,-23.989999,-75.7150,2.456953,1.227719,-2.397240,0.538384,-0.969039,0.753829
262,41.700,B,4,52.801323,-23.987641,51.764223,-23.425028,0.164349,0.234006,-76.7734,-0.175252,-76.6700,-0.187817,54.048225,-24.070901,-76.5075,2.373566,1.249679,-2.284002,0.645873,-1.246902,0.083260
263,41.843,B,4,52.695227,-24.250965,51.974031,-23.535873,0.178876,0.241431,-77.8425,-0.178712,-77.7240,-0.134614,54.213254,-24.152502,-77.6018,2.322574,1.521217,-2.239223,0.616629,-1.518027,-0.098463
264,41.981,B,4,53.207551,-23.953634,52.128429,-23.675335,0.193632,0.236223,-78.7530,-0.170829,-78.6409,-0.150118,54.374617,-24.236938,-78.5038,2.315332,1.200960,-2.246189,0.561603,-1.167067,0.283304
265,42.123,B,4,52.612568,-24.027805,52.346213,-23.739078,0.194711,0.248612,-79.6433,-0.164313,-79.5254,-0.149425,54.535538,-24.327358,-79.3874,2.266984,1.946162,-2.189325,0.588279,-1.922971,0.299553
266,42.259,B,4,53.018799,-24.543288,52.420382,-23.804754,0.188425,0.231569,-80.4869,-0.157181,-80.3622,-0.144365,54.696571,-24.426989,-80.2313,2.359706,1.681798,-2.276189,0.622234,-1.677772,-0.116300
267,42.414,B,4,52.982958,-24.816483,52.551565,-23.950577,0.201120,0.224441,-81.2884,-0.149840,-81.1557,-0.128921,54.889836,-24.560932,-81.1866,2.416618,1.923925,-2.338270,0.610355,-1.906878,-0.255551
268,42.563,B,4,54.281939,-24.015678,52.652354,-24.120693,0.215612,0.211651,-82.0502,-0.142957,-81.9084,-0.123502,55.050068,-24.683463,-81.9377,2.462872,1.017820,-2.397714,0.562769,-0.768129,0.667784
269,42.702,B,4,53.860554,-23.904666,52.965320,-24.120158,0.202445,0.249786,-82.7739,-0.136225,-82.6234,-0.121012,55.177088,-24.786468,-82.5114,2.309954,1.584561,-2.211768,0.666310,-1.316533,0.881802
270,42.854,B,4,53.541234,-24.715705,53.150901,-24.098368,0.181055,0.258978,-83.4610,-0.129567,-83.3031,-0.120251,55.365105,-24.944847,-83.3296,2.370491,1.838209,-2.214205,0.846479,-1.823871,0.229142
271,42.999,B,4,53.773356,-25.670514,53.246921,-24.222832,0.187954,0.244374,-84.1105,-0.122800,-83.9488,-0.108235,55.519607,-25.077644,-83.9739,2.428127,1.844149,-2.272685,0.854813,-1.746251,-0.592869
272,43.138,B,4,53.842798,-25.124586,53.365512,-24.496180,0.224439,0.231889,-84.7252,-0.116469,-84.5604,-0.099439,55.672646,-25.210863,-84.5842,2.415292,1.831881,-2.307134,0.714683,-1.829848,0.086277
273,43.280,B,4,54.364419,-25.420713,53.474459,-24.627566,0.227717,0.223590,-85.2947,-0.109391,-85.1374,-0.093929,55.824706,-25.346317,-85.1597,2.457695,1.462180,-2.350247,0.718752,-1.460287,-0.074395
274,43.420,B,4,54.189414,-25.441530,53.650803,-24.784458,0.243134,0.235161,-85.7200,-0.103732,-85.6793,-0.092547,55.975955,-25.487052,-85.7003,2.428985,1.787121,-2.325152,0.702594,-1.786541,0.045522
275,43.564,B,4,54.874904,-26.961742,53.775401,-24.927348,0.240990,0.224820,-86.3467,-0.096346,-86.1865,-0.081313,56.126204,-25.636064,-86.2060,2.455311,1.822957,-2.350803,0.708716,-1.251300,-1.325678
276,43.697,B,4,54.681835,-24.845704,53.987821,-25.304978,0.301866,0.240453,-86.7024,-0.091568,-86.6597,-0.080229,56.245474,-25.762288,-86.5862,2.303504,1.812482,-2.257653,0.457310,-1.563639,0.916584
277,43.837,B,4,55.469267,-25.705381,54.140705,-25.255977,0.252766,0.239520,-87.2803,-0.086959,-87.0997,-0.076613,56.422673,-25.962402,-87.1166,2.388810,0.987443,-2.281967,0.706425,-0.953406,0.257021
278,43.976,B,4,54.999030,-25.265064,54.394667,-25.353550,0.253799,0.268761,-87.6102,-0.083565,-87.5079,-0.071681,56.539739,-26.100980,-87.4446,2.271560,1.752866,-2.145072,0.747430,-1.540709,0.835916
279,44.117,B,4,55.012969,-26.932259,54.527426,-25.360224,0.227525,0.265312,-87.9970,-0.077084,-87.8866,-0.075286,56.713918,-26.312228,-87.9012,2.384756,1.810433,-2.186492,0.952004,-1.700950,-0.620031
280,44.263,B,4,55.068841,-26.025815,54.643659,-25.664080,0.259491,0.248792,-88.4351,-0.070673,-88.2392,-0.063270,56.829077,-26.453454,-88.1844,2.323610,1.811438,-2.185418,0.789374,-1.760237,0.427639
281,44.409,B,4,55.868829,-27.603089,54.738780,-25.747793,0.253462,0.244313,-88.6980,-0.066234,-88.5684,-0.048329,56.971799,-26.629800,-88.5172,2.400898,1.470998,-2.233019,0.882008,-1.102970,-0.973289
282,44.547,B,4,55.240477,-26.107193,54.967196,-26.105260,0.293003,0.253700,-89.0264,-0.057686,-88.8754,-0.054170,57.113016,-26.807010,-88.8278,2.257653,1.999036,-2.145820,0.701749,-1.872539,0.699817
283,44.689,B,4,55.870597,-27.069670,55.040670,-26.133427,0.265324,0.239161,-89.3049,-0.054069,-89.1599,-0.047722,57.252686,-26.987554,-89.1160,2.371192,1.384527,-2.212016,0.854128,-1.382089,-0.082115
284,44.831,B,4,56.231543,-26.717311,55.211531,-26.325320,0.274603,0.244940,-89.5652,-0.050601,-89.4207,-0.041764,57.390879,-27.174390,-89.3806,2.338905,1.246187,-2.179348,0.849070,-1.159336,0.457079
285,44.976,B,4,56.006617,-27.166194,55.416698,-26.421356,0.263395,0.257794,-89.7951,-0.046435,-89.6570,-0.037947,57.527714,-27.369520,-89.6208,2.314174,1.534627,-2.111016,0.948164,-1.521097,0.203326
286,45.108,B,4,55.738968,-26.914371,55.546453,-26.579157,0.265461,0.253714,-90.0130,-0.043216,-89.8700,-0.039932,57.663270,-27.572953,-89.8374,2.338492,2.033880,-2.116817,0.993796,-1.924302,0.658582
287,45.257,B,4,56.935809,-28.262686,55.605045,-26.664341,0.252189,0.236080,-90.2191,-0.040411,-90.0631,-0.025015,57.797484,-27.782685,-90.0334,2.461196,0.986349,-2.192439,1.118345,-0.861676,-0.480000
288,45.394,B,4,56.149445,-28.078808,55.864346,-26.973181,0.286339,0.260772,-90.3997,-0.037109,-90.2408,-0.037629,57.930117,-27.995679,-90.2132,2.304975,1.782611,-2.065771,1.022498,-1.780672,-0.083129
289,45.537,B,4,56.568706,-28.133758,55.939868,-27.197659,0.298893,0.245699,-90.5769,-0.034634,-90.4066,-0.021770,58.060899,-28.209355,-90.3808,2.349959,1.494107,-2.121032,1.011697,-1.492193,0.075597
290,45.686,B,4,56.581772,-27.670683,56.075094,-27.393302,0.304126,0.244700,-90.7274,-0.031443,-90.5620,-0.024216,58.189754,-28.422616,-90.5379,2.351866,1.775109,-2.114660,1.029315,-1.607982,0.751934
291,45.824,B,4,56.109056,-28.808107,56.188452,-27.472254,0.284941,0.239504,-90.8547,-0.027976,-90.7064,-0.019723,58.316837,-28.636052,-90.6841,2.425789,2.214475,-2.128386,1.163798,-2.207781,-0.172055
292,45.954,B,4,56.558310,-28.803101,56.196858,-27.737751,0.305863,0.213779,-90.9782,-0.025490,-90.8383,-0.022633,58.442345,-28.851729,-90.8181,2.506623,1.884663,-2.245487,1.113977,-1.884035,0.048627
293,46.093,B,4,56.836260,-28.759050,56.281178,-27.957135,0.314914,0.206554,-91.1013,-0.024070,-90.9576,-0.018925,58.566265,-29.072421,-90.9393,2.542732,1.758158,-2.285087,1.115285,-1.730005,0.313371
294,46.218,B,4,56.759113,-29.915553,56.399231,-28.130555,0.313473,0.207051,-91.2070,-0.021980,-91.0662,-0.017850,58.688321,-29.300275,-91.0494,2.570638,2.024947,-2.289090,1.169720,-1.929208,-0.615278
295,46.354,B,4,56.894362,-30.044763,56.482489,-28.478865,0.347748,0.200945,-91.3146,-0.020981,-91.1674,-0.024181,58.808143,-29.535735,-91.1516,2.554533,1.980320,-2.325654,1.056870,-1.913781,-0.509027
296,46.487,B,4,57.266070,-28.941849,56.574302,-28.791494,0.370741,0.197348,-91.4090,-0.019353,-91.2645,-0.012310,58.925492,-29.777345,-91.2491,2.549509,1.857885,-2.351190,0.985851,-1.659422,0.835496
297,46.628,B,4,57.882159,-28.728613,56.715540,-28.854380,0.340139,0.203485,-91.4908,-0.017432,-91.3590,-0.018204,59.040404,-30.022471,-91.3440,2.601812,1.736548,-2.324864,1.168090,-1.158245,1.293857
298,46.769,B,4,57.622698,-30.486209,56.941905,-28.865205,0.302117,0.226019,-91.5758,-0.016741,-91.4510,-0.015706,59.153141,-30.268563,-91.4364,2.618964,1.545841,-2.211235,1.403358,-1.530443,-0.217646
299,46.915,B,4,57.901512,-30.004068,57.083943,-29.183394,0.331190,0.230139,-91.6695,-0.016799,-91.5398,-0.012851,59.263966,-30.514196,-91.5258,2.554121,1.454823,-2.180023,1.330802,-1.362454,0.510128
300,47.046,B,4,57.882116,-31.659187,57.250640,-29.361984,0.328377,0.238263,-91.7579,-0.016567,-91.6232,-0.010542,59.372936,-30.757685,-91.6106,2.540103,1.742197,-2.122296,1.395702,-1.490820,-0.901502
301,47.192,B,4,57.700126,-29.742543,57.384925,-29.803193,0.379327,0.240234,-91.8330,-0.015305,-91.6951,-0.013451,59.479793,-30.991931,-91.6844,2.408645,2.174438,-2.094868,1.188738,-1.779666,1.249388
302,47.338,B,4,57.537563,-31.222113,57.462963,-29.829596,0.340393,0.228487,-91.9009,-0.014230,-91.7561,-0.015115,59.604730,-31.265570,-91.7583,2.578602,2.067624,-2.141767,1.435974,-2.067167,0.043457
303,47.470,B,4,58.099892,-31.567619,57.497892,-30.112417,0.357950,0.210625,-91.9744,-0.013629,-91.8070,-0.006391,59.705877,-31.492973,-91.8089,2.604061,1.607719,-2.207985,1.380556,-1.605985,-0.074647
304,47.612,B,4,57.738752,-31.834500,57.623407,-30.405312,0.376054,0.213925,-92.0105,-0.011087,-91.8486,-0.005520,59.804384,-31.722643,-91.8500,2.547945,2.068659,-2.180978,1.317331,-2.065633,-0.111857
305,47.740,B,4,58.158651,-32.034133,57.663220,-30.696453,0.391346,0.199106,-92.0251,-0.007801,-91.8810,0.002861,59.881454,-31.907733,-91.8764,2.527402,1.727434,-2.218234,1.211280,-1.722803,-0.126400
306,47.905,B,4,58.361213,-31.367234,57.769197,-30.972741,0.401461,0.199388,-92.0245,-0.004796,-91.9048,0.001485,59.994504,-32.183695,-91.9056,2.533456,1.825992,-2.225307,1.210954,-1.633290,0.816461
307,48.051,B,4,58.242876,-31.627042,57.893139,-31.083724,0.376440,0.202071,-92.0162,-0.002289,-91.9210,0.006213,60.086540,-32.407019,-91.9215,2.561664,2.001865,-2.193402,1.323295,-1.843664,0.779977
308,48.201,B,4,58.549209,-32.602585,57.972821,-31.215790,0.359678,0.196080,-92.0150,-0.001362,-91.9310,-0.009795,60.176583,-32.620153,-91.9313,2.613198,1.627469,-2.203762,1.404363,-1.627374,0.017568
309,48.333,B,4,59.014999,-32.419780,58.089186,-31.489988,0.382076,0.203792,-92.0280,-0.001981,-91.9359,0.008633,60.247108,-32.782433,-91.9355,2.515362,1.284371,-2.157923,1.292445,-1.232109,0.362653
310,48.478,B,4,57.931510,-32.227950,58.274952,-31.698464,0.370592,0.214930,-92.0428,-0.002555,-91.9363,0.003061,60.333325,-32.976428,-91.9366,2.422827,2.515738,-2.058373,1.277964,-2.401816,0.748478
311,48.613,B,4,58.955505,-33.074089,58.233208,-31.829002,0.354533,0.182537,-92.0552,-0.002674,-91.9320,-0.004304,60.417416,-33.164257,-91.9330,2.560014,1.464689,-2.184208,1.335255,-1.461911,0.090168
312,48.749,B,4,58.515341,-33.018368,58.378070,-32.085241,0.364537,0.192651,-92.0520,-0.001619,-91.9221,-0.002863,60.499504,-33.350531,-91.9241,2.470110,2.011774,-2.121434,1.265290,-1.984163,0.332163
313,48.894,B,4,58.265910,-33.724609,58.420473,-32.288497,0.363058,0.180281,-92.0294,0.000507,-91.9056,0.007799,60.595590,-33.576603,-91.9048,2.527913,2.334376,-2.175116,1.288105,-2.329680,-0.148006
314,49.021,B,4,59.164557,-32.654963,58.405423,-32.570447,0.388573,0.162409,-91.9929,0.002955,-91.8821,0.003085,60.658280,-33.729271,-91.8863,2.533424,1.839931,-2.252857,1.158823,-1.493724,1.074307
315,49.157,B,4,59.168848,-34.502568,58.557044,-32.628826,0.345984,0.171488,-91.9289,0.005748,-91.8523,0.004927,60.735168,-33.920154,-91.8574,2.532144,1.671096,-2.178124,1.291328,-1.566320,-0.582413
316,49.297,B,4,58.348122,-33.340692,58.681288,-32.995940,0.379442,0.179394,-91.8696,0.007548,-91.8179,0.006636,60.810447,-34.107096,-91.8236,2.401663,2.578841,-2.129159,1.111156,-2.462325,0.766404
317,49.440,B,4,58.504261,-33.415722,58.638068,-33.094271,0.355825,0.150577,-91.8273,0.007396,-91.7806,0.009929,60.884189,-34.285890,-91.7867,2.542640,2.534018,-2.246121,1.191619,-2.379928,0.870168
318,49.571,B,4,59.610694,-34.709884,58.627650,-33.186123,0.333399,0.131676,-91.7915,0.006834,-91.7418,0.013062,60.956564,-34.454485,-91.7481,2.651902,1.369889,-2.328914,1.268362,-1.345871,-0.255399
319,49.699,B,4,59.167011,-35.279626,58.814255,-33.489659,0.355179,0.156337,-91.7411,0.007547,-91.7015,0.005605,61.027805,-34.613752,-91.7080,2.482618,1.976346,-2.213551,1.124093,-1.860794,-0.665874
320,49.837,B,4,59.075083,-34.843387,58.891053,-33.842780,0.385281,0.156171,-91.6929,0.008013,-91.6589,0.012973,61.098093,-34.766841,-91.6659,2.392679,2.024457,-2.207040,0.924061,-2.023009,-0.076546
321,49.969,B,4,58.853383,-35.046195,58.937752,-34.058323,0.384194,0.148972,-91.6402,0.008415,-91.6126,0.009652,61.167460,-34.917974,-91.6203,2.389685,2.317626,-2.229708,0.859651,-2.314076,-0.128221
322,50.109,B,4,60.448632,-35.291840,58.936038,-34.271476,0.383066,0.132728,-91.5762,0.009487,-91.5616,0.009951,61.235787,-35.070659,-91.5701,2.434654,0.817639,-2.299749,0.799184,-0.787155,-0.221180
323,50.246,B,4,60.471038,-35.049416,59.217035,-34.490238,0.381463,0.175753,-91.5250,0.009126,-91.5056,0.009408,61.302951,-35.226027,-91.5149,2.211884,0.850453,-2.085916,0.735790,-0.831912,0.176612
324,50.386,B,4,60.544748,-34.814307,59.456188,-34.626899,0.363675,0.204779,-91.4843,0.008111,-91.4449,0.008862,61.368973,-35.382415,-91.4549,2.056587,1.001046,-1.912785,0.755516,-0.824225,0.568107
325,50.535,B,4,60.477165,-35.611912,59.668764,-34.695696,0.334372,0.224626,-91.4229,0.009007,-91.3813,0.007771,61.434038,-35.539469,-91.3916,1.956565,0.959611,-1.765274,0.843773,-0.956873,-0.072442
326,50.680,B,4,60.055913,-35.901366,59.833486,-34.891446,0.334535,0.233178,-91.3703,0.008963,-91.3162,0.007092,61.498473,-35.700947,-91.3266,1.851344,1.456415,-1.664987,0.809501,-1.442560,-0.200418
327,50.824,B,4,59.593350,-35.476861,59.894762,-35.103892,0.338671,0.219798,-91.3077,0.009804,-91.2517,0.009627,61.562461,-35.862799,-91.2619,1.832255,2.006575,-1.667699,0.758907,-1.969111,0.385938
328,50.962,B,4,60.332784,-36.514016,59.861514,-35.203318,0.319896,0.188139,-91.2539,0.009538,-91.1893,0.002841,61.626035,-36.022808,-91.1991,1.945533,1.383395,-1.764521,0.819490,-1.293251,-0.491208
329,51.106,B,4,60.379305,-36.103879,59.962844,-35.467733,0.336102,0.188288,-91.1887,0.010313,-91.1290,0.006559,61.689191,-36.181470,-91.1385,1.868072,1.312181,-1.726346,0.713737,-1.309885,0.077591
330,51.242,B,4,60.022287,-36.747833,60.054462,-35.613663,0.326442,0.185810,-91.1143,0.011445,-91.0688,0.019799,61.751908,-36.341795,-91.0785,1.847025,1.776641,-1.697446,0.728132,-1.729621,-0.406038
331,51.379,B,4,59.868316,-35.994872,60.065671,-35.847424,0.336094,0.167748,-91.4578,-0.021788,-91.4974,-0.116716,61.818000,-36.504786,-91.3829,1.871572,2.015262,-1.752329,0.657362,-1.949684,0.509914
332,51.520,B,4,59.630004,-36.635826,60.045784,-35.906476,0.309294,0.144621,-91.6315,-0.022745,-91.6256,0.060558,61.881899,-36.667276,-91.6692,1.987495,2.252115,-1.836115,0.760800,-2.251895,0.031451
333,51.651,B,4,60.736522,-37.159954,59.985096,-36.066313,0.306294,0.116335,-91.3747,0.003652,-91.3622,-0.037217,61.942790,-36.838749,-91.3363,2.104572,1.248300,-1.957694,0.772436,-1.206268,-0.321204
334,51.804,B,4,60.014972,-37.511199,60.128887,-36.290886,0.315722,0.133273,-91.9288,-0.039736,-91.9693,-0.073261,62.023061,-37.043345,-91.9849,2.038159,2.061870,-1.894174,0.752459,-2.008089,-0.467854
335,51.952,B,4,60.140880,-38.449689,60.120434,-36.538858,0.329588,0.117476,-91.9818,-0.024842,-91.9964,-0.007877,62.085679,-37.219246,-92.0011,2.079691,2.301355,-1.965245,0.680388,-1.944799,-1.230443
336,52.095,B,4,60.256198,-37.511718,60.134290,-36.911047,0.366949,0.108842,-91.9917,-0.013727,-91.9914,-0.020663,62.146810,-37.392679,-91.9970,2.069349,1.894356,-2.012520,0.481632,-1.890612,-0.119038
337,52.214,B,4,60.879432,-36.632367,60.164807,-37.053709,0.353269,0.103434,-92.5078,-0.048214,-92.5671,-0.116738,62.199300,-37.534121,-92.4459,2.090444,1.598503,-2.034493,0.480412,-1.319868,0.901755
338,52.370,B,4,60.876026,-37.184187,60.300443,-37.013098,0.303280,0.118836,-92.7343,-0.041759,-92.7499,-0.004739,62.273759,-37.743819,-92.7532,2.104264,1.505604,-1.973316,0.730721,-1.397733,0.559632
339,52.499,B,4,60.960485,-37.983143,60.412755,-37.073313,0.279585,0.128440,-93.1193,-0.053605,-93.1687,-0.055845,62.338219,-37.917783,-93.1797,2.102509,1.379284,-1.925465,0.844470,-1.377734,-0.065360
340,52.629,B,4,60.040105,-37.488746,60.521049,-37.262798,0.284818,0.137181,-93.3537,-0.049101,-93.4107,-0.063419,62.400224,-38.092303,-93.4253,2.054112,2.436071,-1.879175,0.829505,-2.360119,0.603557
341,52.773,B,4,60.605948,-37.453545,60.447309,-37.332205,0.266371,0.106980,-93.6215,-0.047063,-93.6711,-0.049138,62.461274,-38.271535,-93.6815,2.222251,2.027645,-2.013966,0.939330,-1.855326,0.817990
342,52.902,B,4,61.228774,-37.568817,60.483800,-37.378947,0.244929,0.102706,-93.8749,-0.046483,-93.9232,-0.051151,62.508900,-38.420706,-93.8839,2.277343,1.537672,-2.025100,1.041759,-1.280125,0.851889
343,53.045,B,4,60.971273,-39.672403,60.622465,-37.432168,0.231472,0.122504,-94.0725,-0.045095,-94.1596,-0.045365,62.577811,-38.656368,-94.1687,2.306955,1.900867,-1.955346,1.224199,-1.606539,-1.016035
344,53.196,B,4,61.592302,-38.546057,60.696058,-37.857600,0.285731,0.125746,-94.3410,-0.041911,-94.3800,-0.035627,62.622270,-38.821092,-94.3458,2.153742,1.066057,-1.926211,0.963492,-1.029967,0.275035
345,53.343,B,4,61.142574,-38.706148,60.865413,-38.008439,0.281086,0.147414,-94.5462,-0.039103,-94.5844,-0.037334,62.676680,-39.033199,-94.5527,2.081063,1.568580,-1.811267,1.024760,-1.534106,0.327051
346,53.477,B,4,60.392321,-39.488239,60.924158,-38.154740,0.284235,0.147820,-94.6978,-0.036805,-94.7748,-0.025982,62.730248,-39.248590,-94.7452,2.111509,2.350177,-1.806090,1.093850,-2.337927,-0.239649
347,53.615,B,4,60.895029,-39.528675,60.842986,-38.424708,0.301405,0.114821,-94.9101,-0.033612,-94.9546,-0.027161,62.793532,-39.506789,-94.9616,2.230589,1.898629,-1.950546,1.082081,-1.898503,-0.021886
348,53.747,B,4,61.384267,-38.726647,60.860671,-38.650933,0.312001,0.108552,-95.0901,-0.032640,-95.1264,-0.036344,62.834863,-39.677814,-95.0994,2.225291,1.734632,-1.974192,1.026881,-1.450596,0.951167
349,53.887,B,4,61.227265,-40.489618,60.961530,-38.695246,0.283307,0.117165,-95.2597,-0.031232,-95.2916,-0.035392,62.885170,-39.891469,-95.2656,2.265245,1.762507,-1.923639,1.196223,-1.657905,-0.598149
350,54.035,B,4,61.870107,-40.014108,61.017423,-39.042707,0.319888,0.120633,-95.4195,-0.029799,-95.4494,-0.031647,62.933711,-40.107690,-95.4247,2.192339,1.067713,-1.916288,1.064982,-1.063604,0.093582
351,54.173,B,4,61.459295,-41.288628,61.177720,-39.247304,0.321557,0.142642,-95.5718,-0.028256,-95.5974,-0.019966,62.980459,-40.329837,-95.5745,2.102794,1.798116,-1.802739,1.082532,-1.521164,-0.958791
352,54.317,B,4,61.697902,-40.455084,61.238381,-39.642697,0.363271,0.145431,-95.6942,-0.025346,-95.7336,-0.023595,63.025555,-40.560361,-95.7126,2.009004,1.331820,-1.787173,0.917663,-1.327653,0.105276
353,54.453,B,4,61.277624,-40.624123,61.330554,-39.823452,0.356131,0.150617,-95.8231,-0.023938,-95.8577,-0.018214,63.069140,-40.799580,-95.8386,1.993867,1.800087,-1.738586,0.976127,-1.791516,0.175456
354,54.604,B,4,61.426633,-40.653549,61.332017,-40.001500,0.350907,0.136902,-95.9417,-0.022471,-95.9722,-0.015061,63.111281,-41.045447,-95.9544,2.062912,1.729631,-1.779264,1.043947,-1.684649,0.391898
355,54.753,B,4,61.632271,-41.684728,61.358421,-40.152489,0.340334,0.129383,-96.0487,-0.020893,-96.0806,-0.024495,63.151988,-41.294406,-96.0636,2.126231,1.569042,-1.793568,1.141916,-1.519717,-0.390323
356,54.890,B,4,61.314584,-41.632686,61.416005,-40.459057,0.361805,0.132178,-96.1572,-0.019905,-96.1854,-0.017209,63.191302,-41.543110,-96.1688,2.080108,1.878854,-1.775297,1.084053,-1.876717,-0.089576
357,55.033,B,4,61.850462,-41.328442,61.406794,-40.703914,0.369637,0.120045,-96.2642,-0.019131,-96.2869,-0.009928,63.229378,-41.790044,-96.2709,2.121671,1.454127,-1.822584,1.086130,-1.378916,0.461602
358,55.168,B,4,61.503507,-42.163717,61.493311,-40.851659,0.354959,0.126765,-96.3704,-0.018930,-96.3837,-0.011248,63.266441,-42.035848,-96.3686,2.132204,1.767565,-1.773130,1.184189,-1.762934,-0.127870
359,55.303,B,4,61.370584,-41.669861,61.503391,-41.120452,0.368015,0.119870,-96.4644,-0.017759,-96.4735,-0.016650,63.302629,-42.282760,-96.4597,2.142013,2.026930,-1.799238,1.162308,-1.932045,0.612899
360,55.439,B,4,62.149623,-42.648369,61.487202,-41.254704,0.352927,0.105676,-96.5389,-0.015647,-96.5549,-0.015403,63.337833,-42.533821,-96.5425,2.249661,1.193718,-1.850631,1.279116,-1.188210,-0.114549
361,55.581,B,4,62.285057,-43.355358,61.611309,-41.537679,0.366555,0.124763,-96.6078,-0.014025,-96.6278,-0.007936,63.371706,-42.791567,-96.6166,2.161304,1.224200,-1.760397,1.253888,-1.086649,-0.563791
362,55.725,B,4,62.126240,-42.564272,61.739052,-41.897659,0.394016,0.144178,-96.6756,-0.013061,-96.6935,-0.006711,63.403931,-43.056716,-96.6834,2.028605,1.369305,-1.664879,1.159057,-1.277692,0.492444
363,55.861,B,4,61.224864,-43.392515,61.817308,-42.055545,0.378564,0.146913,-96.7397,-0.012314,-96.7538,-0.003411,63.434488,-43.327739,-96.7445,2.057608,2.210573,-1.617180,1.272194,-2.209624,-0.064776
364,56.009,B,4,61.603761,-43.292081,61.721571,-42.331301,0.392648,0.116938,-96.7881,-0.010590,-96.8099,-0.010472,63.463712,-43.601538,-96.8012,2.156052,1.885519,-1.742142,1.270237,-1.859952,0.309456
365,56.151,B,4,62.317715,-43.459448,61.707274,-42.541149,0.389936,0.105420,-96.8403,-0.009809,-96.8622,-0.014347,63.492127,-43.875005,-96.8541,2.228200,1.245765,-1.784853,1.333856,-1.174412,0.415557
366,56.308,B,4,61.412384,-43.939593,61.821516,-42.743065,0.382927,0.121040,-96.8868,-0.008970,-96.9105,-0.002842,63.525727,-44.200528,-96.9123,2.242439,2.129391,-1.704211,1.457463,-2.113343,0.260935
367,56.433,B,4,61.826580,-44.252297,61.755790,-42.994011,0.390831,0.099738,-96.9379,-0.008966,-96.9543,-0.006542,63.547906,-44.416125,-96.9476,2.287813,1.729105,-1.792116,1.422115,-1.721326,0.163828
368,56.570,B,4,62.486653,-43.759180,61.773333,-43.256436,0.398169,0.098027,-96.9897,-0.008868,-96.9934,-0.013110,63.575145,-44.685608,-96.9875,2.299796,1.429365,-1.801812,1.429172,-1.088492,0.926428
369,56.725,B,4,61.796063,-45.777380,61.905267,-43.386635,0.374921,0.116376,-97.0415,-0.008694,-97.0280,-0.009752,63.606439,-45.012667,-97.0293,2.353289,1.965260,-1.701172,1.626033,-1.810376,-0.764712
370,56.870,B,4,61.599369,-45.579777,61.892435,-43.849952,0.426122,0.111645,-97.0697,-0.007039,-97.0584,-0.009293,63.630819,-45.291252,-97.0596,2.258169,2.051837,-1.738384,1.441300,-2.031450,-0.288525
371,57.020,B,4,61.773625,-45.093345,61.845586,-44.198238,0.449090,0.097884,-97.1034,-0.006708,-97.0849,-0.004773,63.653524,-45.576239,-97.0859,2.273220,1.940929,-1.807938,1.378001,-1.879899,0.482894
372,57.166,B,4,61.969393,-45.733993,61.836794,-44.401456,0.438284,0.089804,-97.1107,-0.004452,-97.1079,-0.011318,63.674785,-45.866323,-97.1088,2.350329,1.710518,-1.837991,1.464867,-1.705391,0.132330
373,57.309,B,4,61.097497,-46.301759,61.863868,-44.683233,0.443317,0.091770,-97.1309,-0.003873,-97.1281,-0.012672,63.695000,-46.158781,-97.1289,2.351656,2.601435,-1.831131,1.475548,-2.597502,-0.142978
374,57.454,B,4,61.101032,-46.413558,61.730715,-45.014913,0.462746,0.062419,-97.1473,-0.003496,-97.1463,-0.009348,63.714511,-46.450880,-97.1470,2.448968,2.613745,-1.983796,1.435966,-2.613478,0.037321
375,57.585,B,4,62.334819,-46.881063,61.619385,-45.297262,0.481296,0.040723,-97.1610,-0.003151,-97.1630,-0.007931,63.729710,-46.683201,-97.1604,2.524738,1.408855,-2.110325,1.385939,-1.394892,-0.197861
376,57.729,B,4,61.693534,-46.805308,61.744464,-45.634305,0.479447,0.068646,-97.1937,-0.003879,-97.1786,-0.007617,63.751738,-47.029335,-97.1792,2.444434,2.070361,-2.007274,1.395031,-2.058204,0.224027
377,57.854,B,4,62.057946,-47.459420,61.736019,-45.877562,0.485666,0.066821,-97.2112,-0.003929,-97.1931,-0.008120,63.765711,-47.259591,-97.1908,2.455535,1.719417,-2.029692,1.382029,-1.707765,-0.199829
378,57.985,B,4,61.860724,-47.315611,61.805549,-46.406944,0.528669,0.085922,-97.2461,-0.004417,-97.2062,-0.006706,63.782029,-47.549179,-97.2042,2.282799,1.935450,-1.976480,1.142235,-1.921305,0.233568
379,58.124,B,4,62.322284,-47.416953,61.806920,-46.446358,0.487628,0.079251,-97.2588,-0.003918,-97.2181,-0.005341,63.796725,-47.843255,-97.2163,2.431182,1.534832,-1.989805,1.396897,-1.474441,0.426301
380,58.258,B,4,61.833972,-47.620142,61.899779,-46.663991,0.473456,0.094835,-97.2696,-0.003242,-97.2288,-0.001688,63.809568,-48.143315,-97.2271,2.415718,2.043695,-1.909789,1.479324,-1.975596,0.523172
381,58.394,B,4,61.569802,-48.438253,61.891821,-46.887215,0.453858,0.085913,-97.2846,-0.002765,-97.2390,0.003968,63.820526,-48.448946,-97.2374,2.481714,2.250749,-1.928704,1.561731,-2.250723,0.010692
382,58.533,B,4,62.532832,-49.042804,61.837205,-47.207407,0.467130,0.073172,-97.2970,-0.002466,-97.2493,-0.003748,63.829795,-48.758084,-97.2477,2.524879,1.327847,-1.992590,1.550677,-1.296962,-0.284720
383,58.688,B,4,62.619225,-49.004347,61.962205,-47.579387,0.484737,0.099358,-97.3202,-0.003296,-97.2597,-0.000518,63.837753,-49.068072,-97.2580,2.394549,1.220194,-1.875549,1.488685,-1.218529,0.063724
384,58.821,B,4,62.194978,-49.744011,62.082658,-47.880397,0.486163,0.119813,-97.3172,-0.001859,-97.2697,-0.004959,63.844789,-49.376871,-97.2682,2.311826,1.690168,-1.762131,1.496475,-1.649811,-0.367139
385,58.958,B,4,62.026438,-49.631755,62.108106,-48.259788,0.505656,0.120833,-97.3285,-0.002003,-97.2793,-0.007685,63.851101,-49.683788,-97.2778,2.250735,1.825405,-1.742995,1.424000,-1.824663,0.052033
386,59.099,B,4,61.507129,-50.570921,62.098889,-48.553630,0.506599,0.112578,-97.3408,-0.002091,-97.2883,-0.001398,63.856580,-49.989736,-97.2869,2.269775,2.420268,-1.757691,1.436106,-2.349451,-0.581185
387,59.231,B,4,62.154230,-50.677969,61.998079,-48.962372,0.532933,0.089812,-97.3574,-0.002472,-97.2967,-0.004895,63.860849,-50.296986,-97.2954,2.291529,1.748627,-1.862770,1.334614,-1.706619,-0.380983
388,59.360,B,4,61.998592,-50.207378,62.027867,-49.319639,0.542491,0.094663,-97.3716,-0.002563,-97.3040,-0.002122,63.863485,-50.608130,-97.3029,2.242700,1.907466,-1.835618,1.288491,-1.864893,0.400752
389,59.495,B,4,61.802743,-50.480882,62.024993,-49.530543,0.522323,0.088606,-97.3826,-0.002412,-97.3091,0.000720,63.864291,-50.924786,-97.3085,2.308013,2.108799,-1.839297,1.394242,-2.061548,0.443903
390,59.635,B,4,61.505478,-50.847720,61.987438,-49.750639,0.507233,0.076510,-97.3905,-0.002116,-97.3102,0.001075,63.863430,-51.246851,-97.3103,2.399582,2.391494,-1.875992,1.496212,-2.357953,0.399131
391,59.764,B,4,61.987330,-51.204181,61.902705,-49.995188,0.500049,0.056954,-97.3758,-0.000285,-97.3058,-0.001545,63.861382,-51.572585,-97.3069,2.514875,1.909920,-1.958677,1.577398,-1.874052,0.368405
392,59.907,B,4,61.871717,-52.182412,61.917028,-50.258730,0.494962,0.060111,-97.3808,-0.000658,-97.2955,0.001737,63.858713,-51.899446,-97.2976,2.542064,2.007043,-1.941685,1.640716,-1.986996,-0.282966
393,60.054,B,4,61.637195,-51.369931,61.908616,-50.649082,0.516609,0.061622,-97.3602,0.000942,-97.2799,0.003285,63.855814,-52.225217,-97.2827,2.505151,2.377769,-1.947198,1.576135,-2.218619,0.855286
394,60.192,B,4,61.389242,-52.576418,61.859831,-50.827420,0.494085,0.049306,-97.3489,0.001214,-97.2600,0.017166,63.852780,-52.548892,-97.2635,2.633498,2.463692,-1.992949,1.721472,-2.463539,-0.027526
395,60.329,B,4,62.029972,-52.272797,61.774748,-51.186483,0.511516,0.035794,-97.3033,0.003788,-97.2364,0.008146,63.849454,-52.871100,-97.2404,2.672515,1.915328,-2.074706,1.684616,-1.819482,0.598303
396,60.469,B,4,61.786521,-53.492065,61.817366,-51.429125,0.500147,0.046531,-97.2762,0.004001,-97.2078,0.013976,63.845607,-53.193864,-97.2128,2.688506,2.080567,-2.028241,1.764739,-2.059086,-0.298201
397,60.610,B,4,62.408164,-53.430486,61.810279,-51.844634,0.526198,0.050475,-97.2275,0.005626,-97.1716,0.001904,63.841146,-53.519624,-97.1781,2.632491,1.435752,-2.030866,1.674989,-1.432982,0.089138
398,60.745,B,4,62.099749,-54.409346,61.915213,-52.177693,0.529753,0.074359,-97.1770,0.006721,-97.1249,0.005531,63.836204,-53.850023,-97.1332,2.546938,1.824312,-1.920991,1.672330,-1.736454,-0.559323
399,60.881,B,4,61.342157,-54.557179,61.948831,-52.626377,0.558055,0.084066,-97.1378,0.006694,-97.0657,0.006002,63.831067,-54.185141,-97.0760,2.443882,2.516563,-1.882237,1.558764,-2.488911,-0.372038
400,61.045,B,4,61.753948,-53.933022,61.842260,-53.024286,0.576465,0.063042,-97.0763,0.008314,-96.9948,0.009454,63.825043,-54.591303,-96.9918,2.527246,2.173193,-1.982783,1.567017,-2.071095,0.658280
401,61.178,B,4,61.309006,-54.903900,61.825783,-53.241806,0.554086,0.057942,-97.0145,0.009300,-96.9147,0.014349,63.821256,-54.862578,-96.9280,2.570762,2.512590,-1.995474,1.620772,-2.512250,-0.041321
402,61.321,B,4,62.694023,-55.332554,61.732910,-53.591198,0.562822,0.041338,-96.9288,0.011570,-96.8280,0.014502,63.816870,-55.200263,-96.8422,2.632865,1.130613,-2.083960,1.609065,-1.122847,-0.132291
403,61.477,B,4,62.606120,-55.274594,61.901530,-53.955366,0.566933,0.079669,-96.8264,0.013934,-96.7362,0.016357,63.812220,-55.602182,-96.7324,2.522448,1.249797,-1.910690,1.646816,-1.206100,0.327588
404,61.611,B,4,62.084440,-56.299336,62.027430,-54.233699,0.568039,0.105272,-96.7346,0.015854,-96.6388,0.020332,63.809551,-55.868598,-96.6548,2.418439,1.778073,-1.782121,1.634899,-1.725111,-0.430739
405,61.767,B,4,62.070392,-56.393849,62.041908,-54.665093,0.577351,0.104405,-96.5924,0.017978,-96.5339,0.018489,63.806219,-56.268367,-96.5295,2.383964,1.740357,-1.764311,1.603275,-1.735828,-0.125481
406,61.899,B,4,62.405699,-56.483597,62.050831,-55.031444,0.583705,0.102896,-96.4715,0.018820,-96.4197,0.019528,63.803947,-56.604101,-96.4149,2.355136,1.403430,-1.753116,1.572657,-1.398247,0.120504
407,62.043,B,4,62.245934,-57.001770,62.117489,-55.344545,0.578694,0.112145,-96.3579,0.019385,-96.2959,0.020876,63.802301,-56.875497,-96.3163,2.276489,1.561481,-1.684812,1.530952,-1.556367,-0.126273
408,62.199,B,4,62.806365,-56.621672,62.144015,-55.683766,0.593775,0.115261,-96.2515,0.020578,-96.1641,0.028551,63.800248,-57.218390,-96.1856,2.257914,1.159257,-1.656233,1.534624,-0.993883,0.596717
409,62.348,B,4,62.175365,-56.234422,62.267817,-55.919594,0.556438,0.129657,-96.0755,0.022461,-96.0270,0.020261,63.797635,-57.633535,-96.0215,2.297376,2.142260,-1.529819,1.713941,-1.622271,1.399112
410,62.486,B,4,62.405468,-57.731006,62.256621,-56.017176,0.525278,0.117494,-95.9742,0.022623,-95.8871,0.018943,63.795876,-57.910854,-95.9096,2.440353,1.401991,-1.539255,1.893679,-1.390407,0.179848
411,62.630,B,4,61.968091,-57.802448,62.288831,-56.370163,0.537054,0.118668,-95.8357,0.023243,-95.7457,0.015668,63.793888,-58.256313,-95.7684,2.413040,1.881364,-1.505057,1.886151,-1.825797,0.453865
412,62.767,B,4,61.664342,-58.343997,62.237908,-56.674265,0.539152,0.101105,-95.6928,0.023854,-95.6028,0.031304,63.792351,-58.599487,-95.6257,2.474424,2.143291,-1.554443,1.925222,-2.128009,0.255490
413,62.908,B,4,62.133817,-57.876709,62.141273,-57.031690,0.539179,0.075372,-95.5208,0.024252,-95.4580,0.022579,63.791275,-58.940679,-95.4813,2.523242,1.969569,-1.650002,1.908989,-1.657459,1.063970
414,63.047,B,4,62.721596,-59.039414,62.142269,-57.234286,0.517689,0.071039,-95.3739,0.024774,-95.3117,0.032163,63.790361,-59.281385,-95.3352,2.628083,1.095814,-1.648092,2.047098,-1.068765,0.241971
415,63.188,B,4,61.919306,-59.285833,62.247588,-57.605534,0.530588,0.091643,-95.2289,0.024826,-95.1650,0.026600,63.789075,-59.623635,-95.1885,2.539471,1.900039,-1.541487,2.018101,-1.869769,0.337803
416,63.316,B,4,61.517108,-60.448802,62.193429,-57.956099,0.541153,0.077090,-95.0840,0.024925,-95.0201,0.015850,63.786885,-59.969156,-95.0431,2.567392,2.319903,-1.593456,2.013057,-2.269777,-0.479646
417,63.461,B,4,61.956424,-60.805600,62.076002,-58.452103,0.581140,0.054125,-94.9441,0.024646,-94.8788,0.027807,63.783517,-60.318622,-94.9011,2.529724,1.890877,-1.707515,1.866519,-1.827093,-0.486978
418,63.604,B,4,62.119086,-59.801153,62.055254,-58.927035,0.610382,0.052684,-94.7930,0.025293,-94.7421,0.027417,63.779043,-60.671365,-94.7636,2.452374,1.874227,-1.723789,1.744330,-1.659957,0.870212
419,63.748,B,4,62.578613,-61.447733,62.066849,-59.141510,0.582983,0.052835,-94.6519,0.024854,-94.6102,0.030790,63.773748,-61.025682,-94.6310,2.542363,1.267468,-1.706899,1.884173,-1.195136,-0.422050
420,63.901,B,4,63.584088,-60.920409,62.158591,-59.608288,0.608336,0.073673,-94.5152,0.024211,-94.4834,0.021498,63.767885,-61.379625,-94.5034,2.393211,0.494631,-1.609294,1.771337,-0.183796,0.459216
421,64.055,B,4,61.764503,-61.438283,62.414851,-59.900601,0.592627,0.122059,-94.3972,0.022345,-94.3621,0.019088,63.761467,-61.731916,-94.3811,2.273123,2.018436,-1.346616,1.831315,-1.996964,0.293633
422,64.197,B,4,62.049097,-62.455134,62.306509,-60.232033,0.593079,0.091627,-94.2858,0.021092,-94.2472,0.026516,63.754236,-62.082482,-94.2651,2.349484,1.745385,-1.447727,1.850449,-1.705139,-0.372651
423,64.332,B,4,62.439678,-61.792960,62.265326,-60.685219,0.616967,0.080194,-94.1723,0.020492,-94.1398,0.016720,63.745790,-62.432416,-94.1565,2.290081,1.454246,-1.480464,1.747197,-1.306112,0.639455
424,64.467,B,4,62.662164,-62.756873,62.299767,-60.942121,0.597113,0.081996,-94.0922,0.017649,-94.0336,0.013639,63.736083,-62.778124,-94.0508,2.331075,1.074129,-1.436315,1.836003,-1.073918,0.021251
425,64.606,B,4,62.110425,-62.821012,62.368118,-61.322920,0.604140,0.092324,-94.0056,0.016411,-93.9237,0.013533,63.725285,-63.115610,-93.9416,2.248475,1.641513,-1.357167,1.792690,-1.614861,0.294598
426,64.752,B,4,62.710764,-62.559855,62.327150,-61.648106,0.600834,0.078300,-93.8987,0.017270,-93.8090,0.022970,63.713534,-63.448220,-93.8277,2.272107,1.339679,-1.386385,1.800113,-1.002771,0.888365
427,64.892,B,4,61.946228,-63.954291,62.399133,-61.868536,0.574962,0.087071,-93.7734,0.018964,-93.6889,0.022123,63.701008,-63.778270,-93.7085,2.311268,1.763586,-1.301875,1.909734,-1.754780,-0.176021
428,65.029,B,4,61.603504,-64.350552,62.323379,-62.295544,0.596151,0.067848,-93.6361,0.021046,-93.5638,0.025461,63.687782,-64.106129,-93.5841,2.267115,2.098560,-1.364402,1.810584,-2.084277,-0.244424
429,65.176,B,4,61.721669,-64.556356,62.198263,-62.719107,0.614846,0.040612,-93.4894,0.022836,-93.4350,0.024422,63.673848,-64.430125,-93.4558,2.259410,1.956256,-1.475586,1.711018,-1.952179,-0.126232
430,65.328,B,4,62.151770,-64.447797,62.113309,-63.105388,0.623202,0.024081,-93.7108,-0.006433,-93.7343,-0.113999,63.662494,-64.747925,-93.6206,2.257854,1.540248,-1.549185,1.642538,-1.510724,0.300129
431,65.471,B,4,62.388904,-64.873842,62.118323,-63.404247,0.611658,0.026408,-93.9013,-0.014813,-93.8737,0.056929,63.650308,-65.055951,-93.9145,2.252799,1.274482,-1.531984,1.651704,-1.261404,0.182109
432,65.619,B,4,61.133088,-66.048024,62.165690,-63.724707,0.605259,0.037188,-93.5330,0.017104,-93.5125,-0.016253,63.632359,-65.419861,-93.5176,2.241576,2.577002,-1.466669,1.695154,-2.499270,-0.628164
433,65.743,B,4,61.601042,-65.174049,61.981066,-64.196579,0.633410,0.001935,-93.9975,-0.025752,-94.0314,-0.072520,63.626283,-65.651506,-93.9541,2.196259,2.080761,-1.645217,1.454927,-2.025241,0.477458
434,65.875,B,4,62.607671,-65.648171,61.909414,-64.431353,0.608726,-0.009625,-94.0457,-0.016471,-94.0411,-0.002936,63.615039,-65.938295,-94.0517,2.275969,1.048314,-1.705625,1.506943,-1.007368,0.290124
435,66.025,B,4,61.307735,-66.216169,62.028091,-64.706213,0.592442,0.019452,-94.4893,-0.044367,-94.5348,-0.102097,63.605866,-66.275780,-94.5557,2.225515,2.298903,-1.577775,1.569568,-2.298130,0.059611
436,66.166,B,4,61.794171,-66.574058,61.896938,-65.031891,0.591793,-0.004641,-94.8457,-0.051216,-94.8633,-0.055151,63.598558,-66.557353,-94.8791,2.285288,1.804464,-1.701619,1.525462,-1.804387,-0.016705
437,66.309,B,4,62.242330,-66.684728,61.872610,-65.365379,0.590826,-0.003880,-95.3885,-0.068783,-95.4053,-0.068041,63.594011,-66.837989,-95.4213,2.265348,1.360343,-1.721401,1.472610,-1.351682,0.153262
438,66.430,B,4,61.931433,-67.453621,61.932556,-65.654550,0.581097,0.013648,-95.9150,-0.080400,-95.9542,-0.103619,63.591156,-67.061940,-95.8669,2.175248,1.705314,-1.658600,1.407391,-1.659723,-0.391681
439,66.587,B,4,62.108769,-67.129443,61.928326,-66.018318,0.602038,0.017960,-96.4181,-0.090678,-96.5996,-0.116520,63.588934,-67.393386,-96.6267,2.156022,1.503514,-1.660608,1.375068,-1.480165,0.263944
440,66.723,B,4,61.478174,-66.639258,61.955300,-66.270302,0.584588,0.026710,-97.1112,-0.103511,-97.3120,-0.127373,63.589032,-67.609237,-97.1933,2.112303,2.323053,-1.633732,1.338934,-2.110857,0.969978
441,66.873,B,4,61.428724,-67.255442,61.864378,-66.402167,0.532369,0.007687,-98.0603,-0.118415,-98.0925,-0.142363,63.591971,-67.923146,-98.1250,2.301729,2.263950,-1.727594,1.520979,-2.163248,0.667704
442,67.012,B,4,62.153772,-68.143341,61.779781,-66.604596,0.513722,-0.005512,-98.8973,-0.129758,-98.9377,-0.149078,63.597271,-68.176106,-98.9728,2.402688,1.443870,-1.817489,1.571510,-1.443499,0.032764
443,67.144,B,4,62.102869,-68.522776,61.837818,-66.925024,0.518295,0.014995,-99.7682,-0.141434,-99.8433,-0.159977,63.603403,-68.374273,-99.6945,2.284210,1.507865,-1.765585,1.449249,-1.500534,-0.148502
444,67.281,B,4,61.686648,-68.613040,61.878525,-67.247703,0.534929,0.030919,-100.5168,-0.149085,-100.8047,-0.169905,63.613227,-68.619063,-100.6473,2.211294,1.926588,-1.734702,1.371361,-1.926579,0.006023
445,67.415,B,4,61.988211,-68.315751,61.836025,-67.549106,0.523102,0.027420,-101.7087,-0.160602,-101.8181,-0.180278,63.624986,-68.862903,-101.6525,2.219559,1.725806,-1.788960,1.313797,-1.636774,0.547152
446,67.545,B,4,61.657763,-69.531571,61.854799,-67.735134,0.499303,0.034450,-102.7640,-0.170200,-102.8815,-0.183024,63.638110,-69.107001,-102.7080,2.249937,2.025348,-1.783311,1.371867,-1.980347,-0.424570
447,67.680,B,4,61.578737,-68.949724,61.811456,-68.102057,0.516400,0.035025,-103.8759,-0.180072,-103.9945,-0.197685,63.652272,-69.350778,-103.8131,2.224389,2.111965,-1.840816,1.248721,-2.073536,0.401054
448,67.830,B,4,61.296037,-69.699543,61.760694,-68.301697,0.498393,0.029026,-105.0338,-0.188875,-105.1568,-0.206683,63.667612,-69.592177,-104.9675,2.302538,2.374004,-1.906919,1.290481,-2.371575,-0.107365
449,67.965,B,4,62.400273,-70.628947,61.669859,-68.587107,0.513563,0.020310,-106.0214,-0.197808,-106.3678,-0.213556,63.684691,-69.828653,-106.1708,2.366640,1.513341,-2.014832,1.241546,-1.284418,-0.800294
450,68.108,B,4,61.933801,-69.699419,61.785196,-69.005608,0.521361,0.060250,-107.5046,-0.206330,-107.6253,-0.223415,63.704162,-70.058536,-107.4211,2.188856,1.806418,-1.918967,1.052928,-1.770361,0.359117
451,68.249,B,4,61.898654,-70.872518,61.801321,-69.178448,0.494303,0.065562,-108.7986,-0.214091,-108.9259,-0.231736,63.726370,-70.281869,-108.7151,2.218863,1.920784,-1.925049,1.103421,-1.827715,-0.590649
452,68.384,B,4,61.685237,-70.590242,61.808244,-69.526703,0.504984,0.078216,-110.1189,-0.220537,-110.2658,-0.240592,63.751136,-70.500177,-110.0489,2.173127,2.067862,-1.942893,0.973473,-2.065899,-0.090066
453,68.510,B,4,62.407728,-70.384596,61.775836,-69.763859,0.494566,0.076965,-111.4822,-0.227262,-111.6420,-0.249296,63.777706,-70.715755,-111.4194,2.216662,1.409435,-2.001870,0.951897,-1.369978,0.331160
454,68.647,B,4,61.775794,-71.256844,61.876944,-69.921316,0.461734,0.097962,-112.8864,-0.234275,-113.0532,-0.247629,63.804897,-70.930827,-112.8250,2.176262,2.055127,-1.927954,1.009511,-2.029103,-0.326017
455,68.788,B,4,61.665031,-71.264138,61.849356,-70.203297,0.464245,0.100293,-114.3389,-0.241964,-114.4998,-0.253426,63.831611,-71.146609,-114.2659,2.195261,2.169765,-1.982255,0.943312,-2.166580,-0.117529
456,68.924,B,4,62.239840,-71.439396,61.806049,-70.436423,0.457915,0.097295,-115.8149,-0.248131,-115.9824,-0.265000,63.857384,-71.362806,-115.7428,2.250813,1.619356,-2.051334,0.926383,-1.617544,-0.076589
457,69.056,B,4,61.547892,-72.640555,61.871527,-70.658597,0.442085,0.115548,-117.3430,-0.255315,-117.5012,-0.263561,63.882603,-71.577839,-117.2558,2.211206,2.565197,-2.011076,0.919242,-2.334710,-1.062715
458,69.201,B,4,61.735614,-71.934803,61.803047,-71.053726,0.470149,0.120902,-118.8792,-0.260228,-119.0547,-0.273211,63.908321,-71.789673,-118.8039,2.230201,2.177549,-2.105274,0.735947,-2.172707,-0.145130
459,69.334,B,4,62.008034,-71.692248,61.778487,-71.255427,0.455035,0.119904,-120.4632,-0.266538,-120.6404,-0.274034,63.935641,-71.996930,-120.3847,2.281040,1.951537,-2.157154,0.741503,-1.927606,0.304682
460,69.491,B,4,61.588416,-72.477768,61.806329,-71.376648,0.422029,0.122609,-122.0745,-0.272279,-122.2556,-0.288967,63.965063,-72.199501,-121.9953,2.310243,2.392882,-2.158734,0.822853,-2.376647,-0.278267
461,69.637,B,4,61.901759,-72.489189,61.755018,-71.612899,0.420471,0.121698,-123.7278,-0.278447,-123.8982,-0.286608,63.996204,-72.398380,-123.6336,2.374846,2.096413,-2.241185,0.785481,-2.094445,-0.090809
462,69.780,B,4,61.470504,-72.036463,61.767517,-71.808769,0.405386,0.129641,-125.3930,-0.283077,-125.5677,-0.292884,64.027842,-72.595231,-125.2988,2.393238,2.617671,-2.260325,0.786462,-2.557338,0.558768
463,69.923,B,4,61.879046,-73.158915,61.701678,-71.887974,0.378882,0.111990,-127.0740,-0.286808,-127.2389,-0.257991,64.058326,-72.791839,-126.9894,2.524037,2.209979,-2.356648,0.903865,-2.179280,-0.367076
464,70.076,B,4,61.932618,-73.011118,61.719323,-72.149623,0.378235,0.130574,-128.2799,-0.253291,-128.3894,-0.231253,64.081261,-72.990983,-128.1859,2.507317,2.148737,-2.361938,0.841360,-2.148643,-0.020135
465,70.225,B,4,62.238855,-73.539628,61.743597,-72.339024,0.363757,0.141384,-130.0293,-0.277152,-130.2096,-0.393513,64.098141,-73.197708,-129.8544,2.506235,1.890463,-2.354543,0.858685,-1.859285,-0.341920
466,70.378,B,4,61.989973,-73.402418,61.818528,-72.588082,0.354356,0.167030,-131.7778,-0.285005,-131.8860,-0.194735,64.108298,-73.408474,-131.6926,2.432301,2.118333,-2.289770,0.820392,-2.118325,0.006055
467,70.526,B,4,62.055180,-72.867131,61.837996,-72.769124,0.340378,0.173271,-132.9223,-0.250324,-133.0321,-0.274525,64.111202,-73.616166,-132.7930,2.425891,2.188214,-2.273206,0.847042,-2.056022,0.749036
468,70.690,B,4,62.544048,-73.536141,61.865931,-72.821790,0.305689,0.164985,-134.5811,-0.265049,-134.6805,-0.217726,64.115360,-73.828296,-134.4697,2.464343,1.598242,-2.249429,1.006506,-1.571312,0.292156
469,70.851,B,4,61.811379,-73.456529,61.976896,-72.981123,0.280842,0.184339,-135.7225,-0.237898,-135.8139,-0.268607,64.114872,-74.034571,-135.5836,2.383421,2.374913,-2.137976,1.053449,-2.303493,0.578042
470,71.040,B,4,61.712639,-73.877552,61.940022,-73.097111,0.270747,0.173270,-137.0693,-0.233572,-137.1119,-0.174571,64.113162,-74.243016,-136.9514,2.456753,2.428184,-2.173140,1.145905,-2.400523,0.365464
471,71.220,B,4,62.299137,-74.637364,61.891412,-73.265685,0.271102,0.169399,-138.2744,-0.223242,-138.3279,-0.204365,64.105197,-74.451163,-138.1448,2.511216,1.815633,-2.213785,1.185478,-1.806060,-0.186201
472,71.409,B,4,61.421636,-74.704003,61.954660,-73.539205,0.270831,0.197828,-139.4376,-0.214205,-139.4754,-0.189031,64.089036,-74.662591,-139.2958,2.411961,2.667721,-2.134376,1.123386,-2.667400,-0.041412
473,71.612,B,4,61.273533,-74.277700,61.851483,-73.778900,0.288168,0.194798,-140.5888,-0.204751,-140.5648,-0.189989,64.056858,-74.922996,-140.6071,2.484479,2.857151,-2.205375,1.144096,-2.783326,0.645296
474,71.788,B,4,62.095179,-75.027889,61.741534,-73.891740,0.294150,0.178161,-141.3928,-0.197597,-141.5969,-0.179225,64.020029,-75.145627,-141.6370,2.600726,1.928447,-2.278495,1.253888,-1.924849,0.117739
475,71.961,B,4,62.206026,-74.393355,61.790847,-74.129445,0.278830,0.196810,-142.5947,-0.186143,-142.5751,-0.168530,63.976315,-75.371381,-142.6132,2.513698,2.022488,-2.185468,1.241936,-1.770290,0.978026
476,72.133,B,4,61.713382,-75.286116,61.854315,-74.208976,0.247143,0.194904,-143.5790,-0.176921,-143.5068,-0.159627,63.928237,-75.597312,-143.5432,2.495723,2.236611,-2.073923,1.388336,-2.214856,0.311196
477,72.320,B,4,61.773772,-74.977886,61.821194,-74.428538,0.252663,0.202742,-144.4259,-0.167482,-144.3988,-0.143100,63.887912,-75.776539,-144.2586,2.467474,2.259963,-2.066718,1.348001,-2.114140,0.798653
478,72.481,B,4,62.439784,-75.531660,61.804081,-74.556112,0.242220,0.197480,-145.2845,-0.159854,-145.2544,-0.149475,63.835917,-75.997897,-145.1199,2.491405,1.471924,-2.031836,1.441784,-1.396132,0.466236
479,72.630,B,4,60.962869,-75.132442,61.908411,-74.758538,0.222721,0.220278,-146.1181,-0.153587,-146.0723,-0.135125,63.781962,-76.217036,-145.9441,2.374323,3.020535,-1.873551,1.458498,-2.819093,1.084594
480,72.780,B,4,61.526999,-75.501159,61.734103,-74.854302,0.236617,0.189199,-146.8936,-0.145866,-146.8492,-0.128701,63.724643,-76.436100,-146.7278,2.542506,2.388254,-1.990540,1.581798,-2.197644,0.934942
481,72.928,B,4,61.166085,-75.828625,61.687908,-74.996938,0.233727,0.185394,-147.6291,-0.138343,-147.5828,-0.128361,63.661636,-76.657469,-147.4683,2.579334,2.629593,-1.973729,1.660531,-2.495551,0.828844
482,73.078,B,4,61.401530,-75.859825,61.585373,-75.171851,0.244018,0.181117,-148.3263,-0.131264,-148.2748,-0.115573,63.590852,-76.882317,-148.1667,2.635838,2.416323,-2.005479,1.710466,-2.189321,1.022492
483,73.231,B,4,61.577438,-77.543997,61.541628,-75.321293,0.240132,0.180388,-148.9905,-0.125048,-148.9309,-0.107211,63.511635,-77.110018,-148.8281,2.660914,1.982285,-1.970007,1.788725,-1.934196,-0.433979
484,73.390,B,4,60.762798,-76.903713,61.536639,-75.743464,0.260621,0.230485,-149.6194,-0.118885,-149.5573,-0.115181,63.425244,-77.338620,-149.4589,2.472115,2.697733,-1.888605,1.595156,-2.662446,0.434907
485,73.540,B,4,60.872850,-76.548082,61.388229,-75.981523,0.281864,0.228251,-150.2240,-0.113077,-150.1576,-0.102634,63.334360,-77.566006,-150.0632,2.509583,2.663681,-1.946130,1.584483,-2.461509,1.017924
486,73.692,B,4,61.703693,-77.269644,61.283689,-76.114748,0.281459,0.213678,-150.8092,-0.108315,-150.7321,-0.107477,63.241837,-77.790997,-150.6419,2.577625,1.624098,-1.958147,1.676249,-1.538144,0.521353
487,73.838,B,4,60.951020,-77.398468,61.344551,-76.351478,0.263351,0.236631,-151.3482,-0.102181,-151.2795,-0.092958,63.149517,-78.013600,-151.1938,2.453682,2.282932,-1.804967,1.662122,-2.198498,0.615132
488,73.983,B,4,60.604734,-78.004843,61.262961,-76.569827,0.269680,0.239028,-151.8639,-0.096882,-151.7985,-0.078828,63.057503,-78.234605,-151.7174,2.447829,2.463507,-1.794542,1.664778,-2.452769,0.229761
489,74.143,B,4,60.869424,-78.048746,61.133483,-76.857578,0.290456,0.248824,-152.3689,-0.093174,-152.2895,-0.085006,62.963906,-78.455070,-152.2127,2.429492,2.133531,-1.830423,1.597492,-2.094482,0.406324
490,74.286,B,4,60.148318,-78.384324,61.072356,-77.103563,0.292159,0.257574,-153.1158,-0.111905,-153.1198,-0.231460,62.868480,-78.677293,-152.9147,2.388031,2.735894,-1.796125,1.573730,-2.720162,0.292969
491,74.442,B,4,59.915326,-78.021248,60.893475,-77.365998,0.315770,0.257023,-153.9632,-0.124084,-153.9100,-0.059242,62.776181,-78.895408,-153.8496,2.425629,2.991428,-1.882705,1.529410,-2.860854,0.874161
492,74.586,B,4,60.495060,-79.201627,60.703151,-77.518132,0.327792,0.236315,-154.1462,-0.085734,-154.0647,-0.096026,62.675218,-79.110979,-153.9934,2.534996,2.182042,-1.972066,1.592847,-2.180158,-0.090648
493,74.754,B,4,60.568170,-78.709378,60.646857,-77.851679,0.331342,0.263906,-155.1059,-0.122156,-155.0846,-0.179148,62.579386,-79.327640,-154.9080,2.431693,2.104100,-1.932529,1.475961,-2.011216,0.618262
494,74.906,B,4,60.450973,-78.875172,60.614389,-78.040700,0.316210,0.264805,-155.7108,-0.112430,-155.6388,-0.058041,62.480276,-79.541971,-155.5943,2.394858,2.136045,-1.865886,1.501270,-2.029302,0.666799
495,75.064,B,4,60.835026,-79.416855,60.567589,-78.224746,0.304589,0.263693,-156.5605,-0.130338,-156.5455,-0.199884,62.382825,-79.754867,-156.3508,2.374100,1.584278,-1.815236,1.530121,-1.547799,0.338012
496,75.211,B,4,60.361639,-79.163491,60.597965,-78.471740,0.285447,0.281325,-157.3550,-0.132185,-157.3081,-0.144028,62.289030,-79.965459,-157.1886,2.256302,2.087580,-1.691065,1.493719,-1.927391,0.801968
497,75.365,B,4,59.792394,-80.411158,60.540504,-78.630190,0.276387,0.273287,-158.2970,-0.145192,-158.2517,-0.104569,62.200979,-80.173001,-158.1476,2.266593,2.420331,-1.660475,1.542811,-2.408585,-0.238157
498,75.512,B,4,59.815791,-80.153092,60.392281,-78.981324,0.301070,0.294438,-158.6622,-0.110677,-158.5866,-0.096635,62.115182,-80.368789,-158.5072,2.212113,2.309486,-1.722900,1.387465,-2.299391,0.215697
499,75.657,B,4,59.985839,-80.599793,60.272310,-79.226440,0.308253,0.296544,-159.6663,-0.140999,-159.6734,-0.258917,62.036637,-80.567287,-159.4353,2.216015,2.051055,-1.764327,1.340847,-2.050797,-0.032506
500,75.819,B,4,60.068093,-80.557006,60.202715,-79.507631,0.307567,0.309692,-160.7057,-0.154617,-160.6597,-0.077908,61.960550,-80.765585,-160.5787,2.161580,1.903917,-1.757834,1.257954,-1.892457,0.208578
501,75.969,B,4,59.091675,-80.006765,60.160676,-79.732337,0.296854,0.313202,-161.1445,-0.123290,-161.1023,-0.146924,61.880629,-80.952584,-160.9765,2.108848,2.944968,-1.719953,1.220247,-2.788954,0.945819
502,76.117,B,4,59.810797,-80.004903,59.952618,-79.818506,0.307906,0.278222,-162.1365,-0.143527,-162.0995,-0.107978,61.799537,-81.146794,-161.9896,2.274964,2.293251,-1.846918,1.328289,-1.988739,1.141892
503,76.275,B,4,59.161648,-81.307215,59.907469,-79.886248,0.285497,0.255978,-162.6281,-0.120113,-162.5829,-0.143151,61.715136,-81.332627,-162.4562,2.315096,2.553614,-1.807666,1.446378,-2.553487,0.025411
504,76.429,B,4,59.753904,-81.303538,59.755446,-80.170548,0.300888,0.270462,-163.3499,-0.120888,-163.2923,-0.090206,61.631115,-81.520146,-163.2117,2.310747,1.889667,-1.875669,1.349598,-1.877211,0.216608
505,76.578,B,4,59.268340,-81.150807,59.734614,-80.405340,0.285491,0.283121,-163.9565,-0.115191,-163.9089,-0.104519,61.549367,-81.702253,-163.8141,2.230541,2.346737,-1.814753,1.296913,-2.281027,0.551447
506,76.731,B,4,58.958735,-80.594208,59.632570,-80.571641,0.282583,0.276121,-164.5194,-0.108118,-164.4712,-0.095427,61.457458,-81.914778,-164.4936,2.265884,2.826219,-1.824888,1.343136,-2.498722,1.320569
507,76.872,B,4,59.337121,-80.431840,59.493474,-80.608307,0.278864,0.242918,-165.0730,-0.103233,-165.0164,-0.093715,61.386331,-82.087390,-165.0376,2.402205,2.634408,-1.892856,1.479083,-2.049210,1.655550
508,77.003,B,4,58.518900,-81.521242,59.444945,-80.607385,0.255588,0.211815,-165.6120,-0.097721,-165.5306,-0.090723,61.318450,-82.256837,-165.5505,2.496139,2.894577,-1.873505,1.649452,-2.799550,0.735595
509,77.143,B,4,58.575357,-81.098856,59.261872,-80.794732,0.272951,0.213840,-166.0750,-0.092109,-166.0129,-0.080333,61.264724,-82.390820,-165.9379,2.561037,2.983599,-2.002851,1.596088,-2.689367,1.291965
510,77.298,B,4,59.082851,-81.960823,59.119109,-80.874978,0.273562,0.197034,-166.5321,-0.086834,-166.4643,-0.075867,61.196118,-82.556836,-166.3940,2.672566,2.195707,-2.077008,1.681858,-2.113267,0.596013
511,77.442,B,4,58.755248,-81.150522,59.095461,-81.087188,0.264233,0.219944,-166.8720,-0.082463,-166.8905,-0.076490,61.118828,-82.722651,-166.8238,2.601683,2.838679,-2.023367,1.635463,-2.363580,1.572129
512,77.577,B,4,57.968449,-82.143374,59.016007,-81.123545,0.251454,0.197655,-167.3003,-0.079195,-167.2970,-0.070563,61.008563,-82.922265,-167.3129,2.684339,3.138307,-1.992557,1.798720,-3.040115,0.778891
513,77.709,B,4,58.654220,-82.169694,58.807129,-81.332251,0.268284,0.201210,-167.7590,-0.073019,-167.6873,-0.064484,60.928061,-83.054593,-167.6258,2.732181,2.439959,-2.120932,1.722342,-2.273841,0.884899
514,77.854,B,4,58.165179,-83.152466,58.758694,-81.505546,0.255114,0.209889,-168.1325,-0.069838,-168.0631,-0.062949,60.824586,-83.218143,-168.0039,2.683449,2.660219,-2.065892,1.712597,-2.659408,0.065677
515,77.989,B,4,57.589964,-83.260173,58.633006,-81.823274,0.265260,0.242589,-168.4971,-0.067517,-168.4245,-0.061520,60.721591,-83.379296,-168.3676,2.604495,3.133892,-2.088585,1.556022,-3.131627,0.119124
516,78.128,B,4,58.625142,-83.429611,58.426873,-82.106733,0.288157,0.261379,-168.8512,-0.065125,-168.7705,-0.051059,60.619846,-83.538396,-168.7162,2.618929,1.997668,-2.192973,1.431664,-1.994704,0.108785
517,78.274,B,4,58.262922,-83.731838,58.439644,-82.372148,0.263893,0.284482,-169.1932,-0.063125,-169.1006,-0.056265,60.517117,-83.696104,-169.0489,2.463484,2.254478,-2.077473,1.323956,-2.254195,-0.035735
518,78.412,B,4,57.716258,-83.022887,58.387924,-82.645615,0.255153,0.303835,-169.8364,-0.086953,-169.8134,-0.208645,60.411937,-83.855435,-169.6288,2.358028,2.821316,-2.024013,1.209820,-2.695680,0.832548
519,78.552,B,4,58.208929,-82.841270,58.249051,-82.745633,0.257171,0.283036,-170.5116,-0.096776,-170.4206,-0.026876,60.308298,-84.012109,-170.3885,2.417532,2.403792,-2.059247,1.266477,-2.099369,1.170840
520,78.697,B,4,58.051479,-83.163173,58.222287,-82.793754,0.234566,0.258941,-170.5507,-0.059897,-170.4514,-0.080411,60.193241,-84.165194,-170.3937,2.401146,2.364570,-1.970953,1.371440,-2.141762,1.002021
521,78.839,B,4,57.549498,-83.384917,58.173231,-82.887495,0.220597,0.246012,-171.4132,-0.100129,-171.3611,-0.152191,60.078514,-84.322021,-171.2110,2.384946,2.697052,-1.905283,1.434525,-2.529017,0.937104
522,78.979,B,4,57.521487,-84.038209,58.044674,-83.002486,0.224806,0.235987,-171.8700,-0.088996,-171.7719,-0.047127,59.957448,-84.475718,-171.7385,2.414356,2.474939,-1.912774,1.473232,-2.435961,0.437509
523,79.119,B,4,57.490597,-83.516808,57.932996,-83.212086,0.228248,0.246937,-172.6275,-0.110261,-172.5935,-0.167430,59.838250,-84.628863,-172.4247,2.374290,2.597719,-1.905254,1.416777,-2.347653,1.112055
524,79.244,B,4,58.176980,-83.645891,57.835374,-83.292502,0.223885,0.231478,-173.2825,-0.110624,-173.2258,-0.086074,59.724264,-84.780085,-173.1353,2.404332,1.918459,-1.888890,1.487583,-1.547284,1.134193
525,79.383,B,4,57.048794,-83.470653,57.877451,-83.380145,0.192123,0.223746,-173.5837,-0.086552,-173.5212,-0.104330,59.614867,-84.926281,-173.4347,2.325758,2.950184,-1.737416,1.546136,-2.566073,1.455629
526,79.516,B,4,57.116454,-84.915554,57.713621,-83.419305,0.203777,0.201195,-174.5908,-0.126610,-174.6014,-0.214704,59.505065,-85.074766,-174.3914,2.439226,2.393912,-1.791444,1.655461,-2.388612,0.159213
527,79.659,B,4,57.904063,-84.541593,57.589277,-83.706524,0.212807,0.232585,-175.3206,-0.124000,-175.2769,-0.038648,59.395345,-85.219744,-175.2375,2.356208,1.638234,-1.806068,1.513220,-1.491282,0.678151
528,79.809,B,4,57.224925,-84.746321,57.626631,-83.879189,0.184750,0.241580,-175.7920,-0.108752,-175.7880,-0.156599,59.282028,-85.360663,-175.6455,2.221510,2.146880,-1.655397,1.481474,-2.057104,0.614342
529,79.951,B,4,57.272322,-84.433818,57.538761,-84.057787,0.184913,0.247900,-176.5855,-0.120117,-176.5692,-0.105495,59.160638,-85.504060,-176.4686,2.173061,2.170520,-1.621878,1.446273,-1.888316,1.070242
530,80.107,B,4,56.932038,-84.211397,57.474922,-84.149540,0.178087,0.236640,-177.0967,-0.106221,-177.0535,-0.077495,59.030718,-85.643721,-176.9864,2.157099,2.540868,-1.555796,1.494181,-2.098680,1.432324
531,80.242,B,4,56.451469,-85.503945,57.362199,-84.183988,0.180710,0.214386,-177.7494,-0.109614,-177.7141,-0.089653,58.891968,-85.783672,-177.6234,2.213410,2.456478,-1.529769,1.599685,-2.440499,0.279727
532,80.392,B,4,56.537906,-84.801852,57.183285,-84.440057,0.199866,0.238753,-178.2725,-0.102628,-178.2340,-0.098928,58.717322,-85.947514,-178.2561,2.150744,2.462193,-1.534037,1.507458,-2.179416,1.145662
533,80.519,B,4,56.206898,-85.485980,57.049811,-84.527822,0.204801,0.227279,-178.7789,-0.096602,-178.7423,-0.082765,58.598250,-86.054893,-178.6610,2.174767,2.458094,-1.548440,1.527072,-2.391352,0.568913
534,80.677,B,4,55.924244,-85.682500,56.879505,-84.721448,0.217506,0.238266,-179.2808,-0.091232,-179.2379,-0.086583,58.418445,-86.213674,-179.2572,2.143613,2.550134,-1.538940,1.492226,-2.494201,0.531174
535,80.816,B,4,56.345257,-85.374854,56.689391,-84.914671,0.233087,0.248784,-179.7406,-0.088173,-179.7107,-0.085412,58.268223,-86.344161,-179.7291,2.129824,2.153451,-1.578831,1.429490,-1.922965,0.969307
536,80.958,B,4,56.456419,-85.214422,56.605756,-85.020453,0.223720,0.240997,179.7992,-0.084972,179.7876,-0.075961,58.116315,-86.473305,179.8224,2.095845,2.083277,-1.510559,1.452852,-1.659897,1.258883
537,81.084,B,4,55.749862,-85.250287,56.561822,-85.073438,0.212054,0.229272,179.4585,-0.081161,179.4144,-0.067723,57.991676,-86.575636,179.4809,2.073906,2.604281,-1.429854,1.502199,-2.241814,1.325349
538,81.229,B,4,55.530691,-85.254427,56.393552,-85.129900,0.217133,0.208747,178.9791,-0.075509,179.0123,-0.066517,57.795906,-86.727129,178.9967,2.125497,2.701861,-1.402354,1.597229,-2.265215,1.472703
539,81.374,B,4,55.271810,-86.667766,56.223449,-85.167785,0.232133,0.196776,178.6689,-0.072701,178.6325,-0.061436,57.658143,-86.826544,178.6918,2.193132,2.391610,-1.434694,1.658759,-2.386334,0.158778
540,81.511,B,4,54.984533,-85.914732,56.027722,-85.455825,0.240322,0.228798,178.2372,-0.068058,178.2741,-0.062901,57.477810,-86.948904,178.3301,2.081356,2.699248,-1.450088,1.493079,-2.493277,1.034172
541,81.649,B,4,55.469349,-86.376508,55.823652,-85.554210,0.259988,0.228097,177.9737,-0.064210,177.9362,-0.060600,57.252039,-87.093102,177.9231,2.099638,1.921326,-1.428388,1.538892,-1.782691,0.716594
542,81.789,B,4,54.595295,-86.651339,55.730959,-85.724626,0.242640,0.232006,177.6005,-0.059344,177.6177,-0.057279,57.098075,-87.187845,177.6674,2.002502,2.559637,-1.367116,1.463219,-2.502780,0.536506
543,81.922,B,4,54.261005,-86.721417,55.510116,-85.905893,0.264933,0.248843,177.3557,-0.057180,177.3172,-0.047565,56.904000,-87.304915,177.3642,1.974886,2.706639,-1.393884,1.399022,-2.642995,0.583498
544,82.060,B,4,54.228382,-87.458760,55.257235,-86.076929,0.279221,0.251087,177.0243,-0.052643,177.0336,-0.054142,56.709276,-87.420526,177.0779,1.978301,2.481189,-1.452041,1.343597,-2.480895,-0.038234
545,82.199,B,4,55.059970,-86.964887,55.052229,-86.339941,0.293780,0.283555,176.8082,-0.050645,176.7659,-0.050041,56.513382,-87.534540,176.8077,1.887335,1.561061,-1.461153,1.194599,-1.453412,0.569653
546,82.339,B,4,54.098908,-86.978931,55.019310,-86.480547,0.258918,0.273503,176.4883,-0.048601,176.5134,-0.050681,56.314166,-87.646682,176.5528,1.742563,2.313711,-1.294856,1.166135,-2.215258,0.667751
547,82.485,B,4,54.588583,-87.029265,54.829034,-86.593840,0.266481,0.266610,176.2432,-0.046006,176.2761,-0.042091,56.108894,-87.756679,176.3130,1.729230,1.685371,-1.279859,1.162839,-1.520311,0.727414
548,82.636,B,4,53.633474,-87.060113,54.758968,-86.695153,0.248805,0.257116,176.0101,-0.043781,176.0536,-0.035746,55.895559,-87.864351,176.0882,1.630602,2.400797,-1.136591,1.169198,-2.262084,0.804238
549,82.794,B,4,53.492031,-87.038878,54.533061,-86.783002,0.264825,0.247719,175.8009,-0.040931,175.8449,-0.037774,55.673811,-87.969633,175.8774,1.646027,2.372018,-1.140750,1.186632,-2.181780,0.930756
550,82.924,B,4,52.487378,-87.339395,54.320650,-86.850328,0.276416,0.235303,175.6068,-0.038084,175.6483,-0.030663,55.445140,-88.072553,175.6790,1.660817,3.047274,-1.124491,1.222225,-2.957763,0.733157
551,83.053,B,4,53.088043,-87.476645,53.966098,-86.957761,0.314926,0.234426,175.4220,-0.035683,175.4614,-0.032971,55.212250,-88.173198,175.4908,1.740743,2.235496,-1.246153,1.215438,-2.124207,0.696553
552,83.191,B,4,53.049365,-86.963838,53.777786,-87.070092,0.315114,0.232707,175.2422,-0.033919,175.2826,-0.021296,54.977907,-88.271692,175.3107,1.698273,2.330184,-1.200121,1.201599,-1.928542,1.307854
553,83.323,B,4,52.454786,-88.113091,53.616077,-87.070911,0.311378,0.208349,175.0803,-0.031655,175.1107,-0.029249,54.743748,-88.368138,175.1378,1.718848,2.303127,-1.127671,1.297227,-2.288962,0.255047
554,83.466,B,4,52.298995,-87.207674,53.377726,-87.273743,0.320576,0.228985,174.9184,-0.030311,174.9458,-0.039748,54.509620,-88.462553,174.9717,1.641479,2.541964,-1.131893,1.188810,-2.210625,1.254879
555,83.600,B,4,52.446478,-87.049824,53.153012,-87.281121,0.328836,0.207593,174.7623,-0.028854,174.7880,-0.029672,54.273788,-88.554812,174.8128,1.696593,2.367288,-1.120777,1.273691,-1.827310,1.504989
556,83.728,B,4,51.377942,-88.252574,52.993931,-87.256883,0.323363,0.181357,174.6134,-0.027588,174.6373,-0.019181,54.033825,-88.644650,174.6610,1.734150,2.684667,-1.039894,1.387767,-2.655883,0.392077
557,83.863,B,4,50.162146,-88.233483,52.673632,-87.448480,0.347509,0.204651,174.4810,-0.025808,174.4934,-0.027954,53.787744,-88.731771,174.5160,1.699436,3.659679,-1.114112,1.283291,-3.625598,0.498289
558,84.001,B,4,51.064661,-88.053053,52.191343,-87.604474,0.402123,0.221071,174.3478,-0.024642,174.3558,-0.016499,53.534944,-88.816024,174.3774,1.809176,2.585425,-1.343602,1.211550,-2.470283,0.762971
559,84.151,B,4,50.936459,-87.992690,51.950219,-87.701584,0.402604,0.219596,174.2208,-0.023585,174.2243,-0.027145,53.276544,-88.897528,174.2449,1.785895,2.508930,-1.326325,1.195943,-2.340085,0.904838
560,84.289,B,4,50.280310,-88.250365,51.729102,-87.770447,0.399455,0.212332,174.0982,-0.022449,174.0988,-0.017344,53.014931,-88.976645,174.1185,1.763029,2.829423,-1.285829,1.206198,-2.734621,0.726280
561,84.428,B,4,50.584450,-88.290354,51.430876,-87.872159,0.411589,0.214133,173.9834,-0.021283,173.9793,-0.020250,52.752696,-89.053806,173.9980,1.772991,2.298728,-1.321819,1.181648,-2.168246,0.763452
562,84.554,B,4,49.655690,-88.001960,51.238590,-87.962899,0.401043,0.211562,173.8664,-0.020870,173.8652,-0.022456,52.491435,-89.129285,173.8831,1.711747,3.051608,-1.252845,1.166387,-2.835744,1.127326
563,84.690,B,4,49.584309,-88.594112,50.916319,-87.985866,0.419292,0.198293,173.7559,-0.020067,173.7564,-0.020027,52.231119,-89.203094,173.7735,1.791743,2.715964,-1.314800,1.217227,-2.646810,0.608981
564,84.833,B,4,48.977936,-87.806095,50.636951,-88.108658,0.424690,0.205983,173.6409,-0.019703,173.6530,-0.019309,51.970269,-89.275043,173.6691,1.771494,3.333446,-1.333318,1.166385,-2.992333,1.468947
565,84.983,B,4,49.444155,-89.616050,50.298844,-88.069879,0.444640,0.181508,173.5350,-0.019079,173.5557,-0.021134,51.653354,-89.358638,173.5520,1.869652,2.224145,-1.354511,1.288759,-2.209199,-0.257413
566,85.108,B,4,49.034986,-88.583460,50.102243,-88.357599,0.426749,0.222887,173.4493,-0.017430,173.4665,-0.015675,51.438071,-89.412663,173.4801,1.702233,2.542125,-1.335828,1.055065,-2.403085,0.829204
567,85.250,B,4,48.785913,-89.291891,49.869046,-88.414382,0.423232,0.213731,173.3743,-0.015451,173.3870,-0.013151,51.163661,-89.478434,173.3990,1.675779,2.385054,-1.294615,1.064052,-2.377748,0.186543
568,85.405,B,4,48.148552,-88.789050,49.633423,-88.586279,0.418029,0.229006,173.3118,-0.013408,173.3182,-0.002799,50.827669,-89.555215,173.3156,1.537875,2.786517,-1.194246,0.968936,-2.679117,0.766165
569,85.537,B,4,49.139886,-89.938761,49.324800,-88.640197,0.430406,0.220240,173.2497,-0.012118,173.2593,-0.003886,50.544529,-89.617794,173.2571,1.563149,1.440848,-1.219729,0.977597,-1.404643,-0.320967
570,85.668,B,4,48.470340,-87.699569,49.250055,-88.887031,0.390432,0.246981,173.1967,-0.011253,173.2086,-0.002451,50.261005,-89.679286,173.2067,1.284402,2.669412,-1.010950,0.792255,-1.790664,1.979717
571,85.796,B,4,47.851330,-88.729763,49.071232,-88.694837,0.385751,0.183877,173.1496,-0.009925,173.1643,0.000065,49.978449,-89.739728,173.1626,1.383777,2.354712,-0.907217,1.044891,-2.127119,1.009966
572,85.926,B,4,47.555477,-89.144102,48.813531,-88.714682,0.392297,0.172529,173.1182,-0.007867,173.1261,-0.008028,49.696762,-89.799138,173.1247,1.398621,2.239235,-0.883231,1.084456,-2.141285,0.655036
573,86.052,B,4,47.646240,-89.142484,48.549983,-88.803121,0.398382,0.176850,173.0913,-0.006496,173.0950,-0.002757,49.414551,-89.857574,173.0939,1.363579,1.907427,-0.864568,1.054453,-1.768311,0.715090
574,86.178,B,4,46.577055,-88.633425,48.358978,-88.872728,0.399347,0.179588,173.0883,-0.004581,173.0729,0.008834,49.186983,-89.903646,173.0758,1.322265,2.902617,-0.828005,1.030918,-2.609928,1.270221
575,86.316,B,4,46.510775,-89.201259,47.995781,-88.844438,0.418809,0.157930,173.0786,-0.003078,173.0613,-0.000542,48.898579,-89.960320,173.0624,1.435352,2.505550,-0.902798,1.115882,-2.387804,0.759061
576,86.458,B,4,46.184219,-89.488807,47.689913,-88.918093,0.430106,0.161838,173.0631,-0.002929,173.0597,-0.001437,48.545470,-90.026725,173.0598,1.400373,2.421748,-0.855557,1.108632,-2.361251,0.537918
577,86.598,B,4,45.972960,-88.951519,47.379168,-89.030064,0.440210,0.173169,173.0676,-0.001374,173.0662,0.004505,48.306238,-90.069871,173.0648,1.393075,2.587450,-0.927070,1.039807,-2.333278,1.118352
578,86.742,B,4,46.213412,-88.909232,47.094511,-89.025393,0.457767,0.163038,173.0900,0.000877,173.0783,0.002069,48.004568,-90.122499,173.0761,1.425428,2.163390,-0.910057,1.097106,-1.791156,1.213267
579,86.876,B,4,45.254163,-89.323644,46.885289,-89.016564,0.437263,0.143953,173.1146,0.002313,173.0942,0.001556,47.702100,-90.173832,173.0914,1.416492,2.591373,-0.816812,1.157268,-2.447937,0.850188
580,87.019,B,4,45.161768,-88.653815,46.551649,-89.079920,0.452412,0.148193,173.1380,0.003172,173.1115,0.003904,47.400670,-90.223998,173.1096,1.424693,2.734622,-0.849021,1.144077,-2.238902,1.570183
581,87.159,B,4,45.647189,-89.284907,46.259371,-89.013032,0.460644,0.124687,173.1391,0.001941,173.1232,-0.001573,47.102675,-90.271001,173.1209,1.514479,1.758073,-0.843304,1.257969,-1.455486,0.986094
582,87.292,B,4,43.885649,-89.281275,46.105014,-89.068053,0.437168,0.125107,173.1669,0.003316,173.1427,0.010609,46.804924,-90.317890,173.1390,1.432468,3.097860,-0.699910,1.249837,-2.919275,1.036614
583,87.425,B,4,44.289731,-89.286697,45.666712,-89.112991,0.473871,0.130330,173.1992,0.004243,173.1692,0.004129,46.505639,-90.364385,173.1646,1.506581,2.464074,-0.838927,1.251394,-2.215909,1.077687
584,87.558,B,4,43.836709,-89.922849,45.374888,-89.150986,0.476971,0.129974,173.2374,0.005368,173.1988,0.000009,46.203039,-90.409369,173.1941,1.506441,2.415827,-0.828151,1.258384,-2.366330,0.486520
585,87.687,B,4,44.068958,-89.837433,45.054128,-89.295387,0.483001,0.151790,173.2622,0.004935,173.2266,0.000704,45.896146,-90.451700,173.2224,1.430403,1.927678,-0.842018,1.156313,-1.827189,0.614267
586,87.838,B,4,43.039357,-89.141867,44.830938,-89.400908,0.469626,0.160887,173.2742,0.003695,173.2508,0.010585,45.585254,-90.490998,173.2472,1.325628,2.881275,-0.754317,1.090090,-2.545897,1.349130
587,87.987,B,4,43.352889,-90.550065,44.465342,-89.364915,0.489921,0.143794,173.3121,0.005008,173.2787,0.012764,45.271985,-90.527881,173.2737,1.415331,1.919224,-0.806643,1.162966,-1.919095,-0.022184
588,88.129,B,4,42.826951,-90.620953,44.218975,-89.584140,0.477725,0.177256,173.3490,0.005575,173.3116,0.005347,44.958215,-90.563388,173.3056,1.226948,2.132042,-0.739240,0.979248,-2.131264,-0.057565
589,88.266,B,4,41.753083,-89.669647,43.923602,-89.780333,0.477402,0.203365,173.3885,0.006245,173.3528,0.020114,44.645422,-90.598209,173.3459,1.090847,3.037738,-0.721821,0.817877,-2.892339,0.928563
590,88.402,B,4,42.444021,-89.334940,43.489393,-89.774811,0.509940,0.189034,173.4369,0.007267,173.3979,0.006953,44.333977,-90.632211,173.3906,1.203518,2.292345,-0.844583,0.857400,-1.889956,1.297271
591,88.546,B,4,42.376784,-89.696054,43.252519,-89.708978,0.500337,0.159478,173.4738,0.006953,173.4427,0.009016,44.023221,-90.664596,173.4357,1.227676,1.910191,-0.770702,0.955618,-1.646437,0.968542
592,88.683,B,4,41.526838,-89.479725,43.047088,-89.716459,0.483769,0.147360,173.5096,0.006780,173.4860,0.002505,43.711638,-90.694530,173.4792,1.182476,2.499820,-0.664550,0.978071,-2.184800,1.214805
593,88.826,B,4,41.230592,-89.449458,42.728650,-89.683168,0.492876,0.131033,173.5532,0.007286,173.5294,0.006349,43.397325,-90.721737,173.5223,1.235214,2.512653,-0.668676,1.038570,-2.166733,1.272279
594,88.964,B,4,40.370897,-89.362347,42.413470,-89.648794,0.500295,0.116257,173.5995,0.007857,173.5761,0.005743,43.078849,-90.746666,173.5682,1.283765,3.041273,-0.665379,1.097872,-2.707952,1.384319
595,89.112,B,4,39.972638,-89.456462,42.000815,-89.603591,0.526777,0.103213,173.6510,0.008486,173.6303,0.016482,42.755932,-90.770144,173.6209,1.389621,3.077741,-0.755117,1.166553,-2.783295,1.313682
596,89.251,B,4,40.147508,-89.302264,41.588387,-89.581731,0.549626,0.096315,173.7237,0.010236,173.6953,0.015058,42.429627,-90.792824,173.6842,1.474596,2.725773,-0.841240,1.211094,-2.282119,1.490560
597,89.397,B,4,40.079519,-89.358432,41.278351,-89.535464,0.549732,0.082876,173.7930,0.010996,173.7673,0.014418,42.101597,-90.814754,173.7558,1.521289,2.491922,-0.823247,1.279291,-2.022078,1.456322
598,89.538,B,4,39.026719,-89.894073,41.011532,-89.506199,0.540710,0.073385,173.8588,0.011249,173.8382,0.007857,41.773232,-90.835506,173.8270,1.532072,2.903382,-0.761700,1.329307,-2.746513,0.941433
599,89.672,B,4,38.961897,-90.450620,40.605818,-89.576756,0.558541,0.088206,173.9285,0.011770,173.9062,0.007139,41.445353,-90.854790,173.8955,1.529114,2.516129,-0.839535,1.278034,-2.483456,0.404170
600,89.830,B,4,38.490147,-90.611136,40.256572,-89.735363,0.560515,0.117656,174.0043,0.012272,173.9729,0.014306,41.052031,-90.876255,173.9756,1.390823,2.575566,-0.795459,1.140892,-2.561884,0.265119
601,89.971,B,4,38.553455,-89.420945,39.889376,-89.896826,0.567352,0.145156,174.0678,0.012082,174.0428,0.010777,40.722685,-90.893424,174.0458,1.299081,2.621784,-0.833309,0.996598,-2.169230,1.472479
602,90.105,B,4,37.410825,-90.635306,39.607653,-89.819194,0.574100,0.121746,174.1345,0.013036,174.1204,0.014286,40.390019,-90.910507,174.1237,1.342781,2.991878,-0.782366,1.091313,-2.979194,0.275201
603,90.243,B,4,38.175214,-90.384361,39.152188,-89.971524,0.584602,0.145853,174.2390,0.014104,174.2073,0.014388,40.052909,-90.927585,174.2110,1.313527,1.954695,-0.900721,0.956061,-1.877695,0.543225
604,90.366,B,4,37.525251,-90.208846,38.932811,-90.051417,0.573368,0.153405,174.3071,0.014381,174.3017,0.009500,39.711416,-90.944295,174.3056,1.184676,2.306556,-0.778605,0.892878,-2.186165,0.735449
605,90.507,B,4,36.868074,-90.335136,38.617604,-90.090110,0.557434,0.146694,174.4180,0.015332,174.4002,0.011185,39.435862,-90.957085,174.3843,1.192137,2.642036,-0.818258,0.866975,-2.567787,0.621950
606,90.656,B,4,37.407467,-90.462570,38.251635,-90.142596,0.565824,0.147862,174.5052,0.015283,174.5007,0.012695,39.020788,-90.975185,174.5047,1.133491,1.692802,-0.769154,0.832589,-1.613321,0.512615
607,90.793,B,4,36.203012,-90.958836,38.057225,-90.206566,0.551677,0.151259,174.5834,0.015983,174.6034,0.011309,38.675185,-90.989747,174.6076,0.997620,2.472366,-0.617959,0.783181,-2.472173,0.030910
608,90.929,B,4,35.802413,-90.534040,37.664902,-90.351439,0.552296,0.167599,174.6914,0.015759,174.7102,0.017125,38.399615,-91.001556,174.6928,0.981049,2.638945,-0.734713,0.650117,-2.597202,0.467516
609,91.063,B,4,36.123295,-89.906068,37.279063,-90.395170,0.565595,0.164654,174.7961,0.016822,174.8224,0.020570,38.056225,-91.016922,174.8041,0.995266,2.229398,-0.777161,0.621751,-1.932930,1.110853
610,91.201,B,4,35.515242,-90.311930,37.029317,-90.317286,0.565864,0.138019,174.8853,0.017800,174.9396,0.013766,37.713082,-91.032867,174.9206,0.989743,2.313061,-0.683766,0.715581,-2.197841,0.720937
611,91.341,B,4,35.477187,-90.538525,36.696147,-90.326091,0.555384,0.127151,175.0318,0.019524,175.0597,0.023727,37.368803,-91.048770,175.0404,0.987285,1.959224,-0.672656,0.722679,-1.891616,0.510245
612,91.474,B,4,34.612642,-90.752922,36.424929,-90.371550,0.545207,0.126681,175.1528,0.020144,175.1802,0.023162,37.022324,-91.063885,175.1610,0.914444,2.429663,-0.597395,0.692335,-2.409682,0.310963
613,91.619,B,4,34.553635,-90.524532,36.049088,-90.447249,0.556837,0.134216,175.2736,0.020415,175.2998,0.020456,36.673450,-91.077856,175.2807,0.887408,2.190841,-0.624362,0.630608,-2.119815,0.553324
614,91.750,B,4,33.620896,-90.463805,35.728373,-90.469560,0.556951,0.128928,175.3909,0.020373,175.4189,0.019282,36.322984,-91.090928,175.3998,0.860035,2.773907,-0.594611,0.621368,-2.702088,0.627123
615,91.891,B,4,34.019564,-90.909383,35.298887,-90.476681,0.579338,0.122982,175.5010,0.019930,175.5385,0.026335,35.972428,-91.103703,175.5193,0.920225,1.962508,-0.673542,0.627022,-1.952864,0.194319
616,92.044,B,4,33.489604,-90.101206,35.014663,-90.561233,0.568425,0.130698,175.6234,0.020273,175.6588,0.027323,35.623386,-91.116650,175.6395,0.824034,2.363081,-0.608723,0.555417,-2.133782,1.015444
617,92.182,B,4,33.056508,-90.134128,34.687721,-90.487804,0.570130,0.106165,175.7458,0.020457,175.7787,0.023590,35.276895,-91.129741,175.7596,0.871327,2.433385,-0.589174,0.641938,-2.220387,0.995613
618,92.320,B,4,32.683145,-89.559889,34.341915,-90.431060,0.575161,0.088017,175.8659,0.020572,175.8963,0.014039,34.932980,-91.142467,175.8777,0.924910,2.750693,-0.591065,0.711407,-2.249835,1.582578
619,92.453,B,4,32.383829,-90.620215,33.990841,-90.280526,0.582171,0.052922,175.9794,0.020355,176.0103,0.022568,34.590672,-91.154197,175.9924,1.059764,2.270526,-0.599831,0.873671,-2.206842,0.533982
620,92.598,B,4,31.619492,-90.190756,33.648593,-90.342240,0.583209,0.064568,176.0934,0.019967,176.1203,0.010307,34.248456,-91.164590,176.1029,1.017888,2.803535,-0.599863,0.822350,-2.628965,0.973834
621,92.731,B,4,31.728128,-90.022441,33.230917,-90.317744,0.600735,0.058423,176.1986,0.019289,176.2275,0.013973,33.904916,-91.173764,176.2104,1.089516,2.462509,-0.673999,0.856020,-2.176789,1.151323
622,92.869,B,4,31.160084,-90.344436,32.905429,-90.267024,0.597955,0.046146,176.2979,0.018470,176.3338,0.016405,33.559295,-91.182131,176.3168,1.124705,2.541248,-0.653865,0.915107,-2.399210,0.837695
623,93.017,B,4,30.904367,-90.076514,32.537084,-90.281616,0.603236,0.049002,176.4044,0.018455,176.4403,0.015001,33.211766,-91.190050,176.4232,1.131569,2.562041,-0.674682,0.908434,-2.307399,1.113536
624,93.161,B,4,30.944833,-90.645912,32.188255,-90.246267,0.604673,0.040995,176.5130,0.018731,176.5463,0.021292,32.863281,-91.197568,176.5295,1.166462,1.996188,-0.675025,0.951301,-1.918448,0.551657
625,93.301,B,4,30.775865,-89.863750,31.908652,-90.317889,0.590449,0.054505,176.6200,0.018530,176.6501,0.009590,32.515039,-91.204437,176.6337,1.074091,2.195944,-0.606387,0.886548,-1.739175,1.340687
626,93.448,B,4,30.426917,-91.262021,31.650008,-90.239002,0.575661,0.035573,176.7227,0.018260,176.7498,0.015536,32.167825,-91.210362,176.7341,1.100760,1.741674,-0.517816,0.971359,-1.740908,-0.051660
627,93.599,B,4,30.315431,-89.744447,31.376854,-90.421420,0.562122,0.071881,176.8118,0.016983,176.8453,0.016660,31.821543,-91.215275,176.8302,0.909919,2.105162,-0.444689,0.793854,-1.506112,1.470828
628,93.735,B,4,28.767965,-90.597936,31.133541,-90.304865,0.547930,0.042924,176.9031,0.016530,176.9383,0.003884,31.475199,-91.219417,176.9235,0.976287,2.777653,-0.341658,0.914552,-2.707234,0.621481
629,93.895,B,4,28.603198,-90.218134,30.659619,-90.358394,0.580018,0.054522,176.9862,0.015682,177.0318,0.015851,31.057326,-91.223922,177.0356,0.952528,2.652236,-0.397707,0.865528,-2.454129,1.005788
630,94.011,B,4,27.572788,-90.280621,30.237634,-90.335815,0.598808,0.048568,177.0731,0.015259,177.1282,0.015246,30.776163,-91.226863,177.1125,1.041143,3.340207,-0.538529,0.891048,-3.203375,0.946242
631,94.144,B,4,27.882966,-90.261166,29.705422,-90.327835,0.637602,0.047382,177.1693,0.015852,177.2280,0.014784,30.420981,-91.230467,177.2119,1.151855,2.716812,-0.715559,0.902633,-2.538015,0.969301
632,94.293,B,4,28.208462,-90.258709,29.319534,-90.317604,0.642245,0.044058,177.2762,0.017032,177.3303,0.016553,29.989387,-91.234419,177.3344,1.135453,2.030690,-0.669853,0.916815,-1.780925,0.975710
633,94.426,B,4,27.154382,-90.834826,29.072553,-90.308264,0.633425,0.040660,177.3548,0.016955,177.4337,0.015071,29.699114,-91.236696,177.4171,1.120073,2.576268,-0.626561,0.928432,-2.544732,0.401870
634,94.584,B,4,26.955846,-90.458568,28.673882,-90.402811,0.642371,0.060008,177.4479,0.016578,177.5382,0.021044,29.261568,-91.239701,177.5425,1.022624,2.434445,-0.587686,0.836890,-2.305722,0.781133
635,94.735,B,4,26.866958,-90.595123,28.309961,-90.415688,0.643796,0.059455,177.5611,0.017725,177.6453,0.017341,28.969256,-91.241693,177.6280,1.056860,2.199479,-0.659295,0.826005,-2.102298,0.646570
636,94.891,B,4,26.160703,-90.915009,27.982042,-90.451313,0.621896,0.061674,177.7136,0.019750,177.7569,0.019312,28.530336,-91.245170,177.7614,0.964797,2.392523,-0.548293,0.793857,-2.369632,0.330161
637,95.023,B,4,25.734996,-89.938835,27.610974,-90.536385,0.639661,0.077016,177.8071,0.019841,177.8738,0.018881,28.163646,-91.248703,177.8786,0.901579,2.759365,-0.552673,0.712318,-2.428650,1.309868
638,95.163,B,4,25.225654,-90.793568,27.203906,-90.435935,0.635901,0.049251,177.9794,0.021955,177.9956,0.019191,27.869000,-91.251848,177.9758,1.052646,2.682777,-0.665093,0.815913,-2.643345,0.458280
639,95.305,B,4,24.982346,-90.773791,26.793239,-90.502123,0.646014,0.060550,178.0827,0.020615,178.1208,0.016574,27.498225,-91.255898,178.1006,1.032077,2.561655,-0.704987,0.753775,-2.515879,0.482107
640,95.443,B,4,25.065638,-91.165566,26.422381,-90.553322,0.661798,0.068497,178.1814,0.020874,178.2483,0.019368,27.124229,-91.259837,178.2277,0.995868,2.060749,-0.701848,0.706514,-2.058591,0.094271
641,95.589,B,4,24.147596,-90.990713,26.107771,-90.667560,0.633730,0.084530,178.3247,0.020632,178.3778,0.023894,26.671713,-91.264434,178.3830,0.821152,2.538915,-0.563942,0.596875,-2.524117,0.273722
642,95.720,B,4,24.184699,-90.649414,25.711255,-90.730016,0.656161,0.092478,178.4312,0.021401,178.5099,0.027031,26.368779,-91.267628,178.4886,0.849332,2.269888,-0.657525,0.537611,-2.184080,0.618214
643,95.864,B,4,24.150257,-90.570063,25.380008,-90.722693,0.649401,0.082456,178.5644,0.022076,178.6444,0.019894,25.990217,-91.272015,178.6228,0.821041,1.969312,-0.610208,0.549321,-1.839960,0.701952
644,96.011,B,4,23.882208,-90.889832,25.102169,-90.701820,0.632266,0.070258,178.6994,0.022694,178.7805,0.022713,25.613142,-91.276900,178.7587,0.769292,1.773683,-0.510973,0.575079,-1.730934,0.387068
645,96.155,B,4,23.096038,-89.720138,24.815104,-90.741582,0.603329,0.070267,178.8632,0.022950,178.9164,0.022314,25.238344,-91.282078,178.8948,0.686490,2.651251,-0.423240,0.540496,-2.142306,1.561940
646,96.295,B,4,21.910044,-89.743125,24.451177,-90.565611,0.608322,0.028438,178.9880,0.022325,179.0510,0.020000,24.865763,-91.287208,179.0296,0.832216,3.334737,-0.414586,0.721597,-2.955719,1.544084
647,96.434,B,4,22.318992,-90.883612,23.940510,-90.421152,0.642274,-0.001613,179.1268,0.023058,179.1837,0.033134,24.494654,-91.292038,179.1626,1.032239,2.213665,-0.554144,0.870886,-2.175661,0.408427
648,96.584,B,4,21.686633,-90.344970,23.590271,-90.502470,0.638680,0.016588,179.2669,0.023451,179.3150,0.026563,24.124009,-91.296553,179.2941,0.956788,2.616546,-0.533739,0.794082,-2.437377,0.951583
649,96.729,B,4,22.657436,-90.189862,23.190105,-90.475382,0.646160,0.010749,179.4009,0.023219,179.4459,0.019701,23.753127,-91.300929,179.4249,0.999261,1.560452,-0.563022,0.825547,-1.095691,1.111067
650,96.873,B,4,21.299581,-91.462100,23.033216,-90.425029,0.603508,-0.000238,179.5292,0.022782,179.5767,0.022039,23.382027,-91.305351,179.5558,0.946908,2.088336,-0.348811,0.880322,-2.082445,-0.156750
651,97.013,B,4,21.186912,-90.419728,22.666743,-90.609049,0.607560,0.038282,179.5484,0.012720,179.5552,-0.078253,23.011902,-91.310649,179.6159,0.781907,2.030845,-0.345159,0.701600,-1.824991,0.890921
652,97.156,B,4,21.034314,-90.042114,22.344945,-90.577860,0.602783,0.028528,179.1221,-0.022101,179.1252,-0.007107,22.654115,-91.319556,179.1369,0.803554,2.062914,-0.309171,0.741695,-1.619801,1.277442
653,97.309,B,4,20.115939,-90.365545,22.053688,-90.484994,0.592531,0.007063,179.4639,0.014398,179.5104,0.065295,22.301064,-91.324320,179.4414,0.875022,2.386215,-0.247376,0.839326,-2.185125,0.958775
654,97.446,B,4,20.010207,-90.666719,21.651797,-90.463568,0.605731,0.003012,179.2800,-0.009007,179.2479,-0.138217,21.960100,-91.331102,179.3677,0.920687,2.059973,-0.308304,0.867533,-1.949893,0.664383
655,97.584,B,4,19.740211,-90.779558,21.301347,-90.498835,0.606801,0.010824,178.9626,-0.025529,178.9726,0.038202,21.627483,-91.340423,178.9517,0.902572,1.968848,-0.326136,0.841588,-1.887272,0.560865
656,97.711,B,4,19.762334,-90.178480,20.965148,-90.548775,0.604810,0.020698,178.8538,-0.025808,178.8106,-0.121834,21.295811,-91.347292,178.9131,0.864273,1.928128,-0.330664,0.798517,-1.533478,1.168813
657,97.856,B,4,18.762797,-90.004366,20.692917,-90.483078,0.590396,0.005965,178.3762,-0.047544,178.3552,-0.012682,20.970333,-91.358979,178.3723,0.918783,2.590018,-0.277416,0.875901,-2.207537,1.354613
658,98.002,B,4,17.763857,-90.649472,20.292619,-90.396338,0.603780,-0.010712,177.9069,-0.063984,177.8678,-0.095368,20.646832,-91.370416,177.9586,1.036482,2.971751,-0.354214,0.974078,-2.882975,0.720944
659,98.141,B,4,18.339449,-90.424122,19.784493,-90.437727,0.637020,0.001378,177.4129,-0.073999,177.3698,-0.094483,20.327974,-91.383221,177.4556,1.090564,2.207737,-0.543480,0.945493,-1.988525,0.959099
660,98.283,B,4,18.302615,-90.439239,19.466030,-90.432094,0.628068,0.002103,176.8186,-0.086566,176.7581,-0.112249,20.015299,-91.397300,176.8611,1.110549,1.962440,-0.549269,0.965206,-1.712684,0.958061
661,98.417,B,4,17.395316,-91.480184,19.198691,-90.429611,0.609752,0.003502,176.1478,-0.099452,176.0721,-0.126957,19.709667,-91.412498,176.1868,1.107774,2.315341,-0.510976,0.982887,-2.314351,-0.067686
662,98.570,B,4,16.880492,-91.047837,18.819053,-90.612294,0.614837,0.043677,175.4080,-0.111861,175.3153,-0.136903,19.351768,-91.432314,175.2836,0.977864,2.501006,-0.532716,0.820020,-2.471277,0.384476
663,98.719,B,4,17.248103,-90.300201,18.414712,-90.688459,0.625018,0.058555,174.5956,-0.124516,174.4925,-0.153316,19.059174,-91.450468,174.4583,0.997992,2.145481,-0.644462,0.762009,-1.811070,1.150267
664,98.841,B,4,16.268707,-90.396926,18.146766,-90.618544,0.607884,0.041345,173.7186,-0.136263,173.6094,-0.152114,18.827252,-91.466222,173.7545,1.087023,2.773003,-0.680486,0.847678,-2.558545,1.069296
665,98.973,B,4,15.980893,-90.851514,17.754010,-90.575764,0.617760,0.034034,172.7927,-0.146738,172.6707,-0.163686,18.538329,-91.487417,172.8245,1.202609,2.635309,-0.784319,0.911653,-2.557436,0.635903
666,99.116,B,4,15.930613,-90.596189,17.391743,-90.620589,0.634166,0.046804,172.0117,-0.155014,171.6795,-0.180209,18.249410,-91.509986,171.8415,1.235565,2.492357,-0.857668,0.889398,-2.318797,0.913798
667,99.256,B,4,16.075757,-90.634660,17.061710,-90.610492,0.614406,0.045602,170.7631,-0.167439,170.6366,-0.185363,17.960577,-91.533521,170.8069,1.288389,2.088181,-0.898868,0.923029,-1.884821,0.898861
668,99.397,B,4,14.314616,-91.581776,16.827317,-90.608806,0.590625,0.045939,169.6725,-0.176781,169.5429,-0.199238,17.615913,-91.562734,169.4981,1.237683,3.301352,-0.788596,0.953927,-3.301297,-0.019043
669,99.534,B,4,15.002071,-90.737508,16.323463,-90.774863,0.619493,0.087553,168.5282,-0.186163,168.3997,-0.205962,17.332416,-91.588100,168.3530,1.295894,2.480729,-1.008953,0.813238,-2.330345,0.850592
670,99.656,B,4,14.651359,-90.590037,16.028415,-90.763638,0.607383,0.084483,167.3418,-0.194554,167.2103,-0.207294,17.109057,-91.609417,167.4036,1.372272,2.660717,-1.080643,0.845778,-2.457698,1.019379
671,99.820,B,4,14.275954,-89.918664,15.722299,-90.726596,0.599108,0.077995,166.0663,-0.202701,165.9785,-0.218652,16.780091,-91.643659,165.9284,1.399975,3.040774,-1.057792,0.917063,-2.504137,1.724995
672,99.973,B,4,14.375061,-91.002531,15.407364,-90.574989,0.598656,0.050775,164.7990,-0.209883,164.7076,-0.222992,16.510626,-91.674356,164.6560,1.557497,2.238746,-1.103262,1.099367,-2.135565,0.671825
673,100.121,B,4,14.377868,-91.146368,15.180824,-90.642214,0.586707,0.069882,163.8027,-0.216037,163.3994,-0.235433,16.297061,-91.699997,163.6112,1.537821,1.997451,-1.116238,1.057783,-1.919193,0.553630
674,100.275,B,4,13.865261,-90.480697,14.971612,-90.719839,0.543805,0.086044,162.1363,-0.224868,162.0540,-0.241184,15.978350,-91.739208,161.9994,1.432702,2.459471,-1.006738,1.019369,-2.113089,1.258511
675,100.409,B,4,13.252162,-90.559947,14.722696,-90.668170,0.532652,0.078763,160.7588,-0.231014,160.6704,-0.250346,15.713550,-91.771672,160.6143,1.483073,2.743485,-0.990853,1.103501,-2.461388,1.211725
676,100.555,B,4,13.336237,-91.116165,14.423323,-90.640822,0.544972,0.082688,159.6849,-0.235778,159.2482,-0.251337,15.502534,-91.797254,159.4784,1.581781,2.270842,-1.079211,1.156432,-2.166297,0.681089
677,100.694,B,4,12.801710,-89.801497,14.168559,-90.711431,0.515384,0.100696,157.8831,-0.244034,157.7878,-0.260985,15.240975,-91.829008,158.0240,1.548889,3.171879,-1.072416,1.117577,-2.439265,2.027512
678,100.837,B,4,12.844974,-90.941333,13.878444,-90.539305,0.522995,0.074365,156.4459,-0.250649,156.2906,-0.258513,14.983518,-91.861221,156.5326,1.722977,2.327995,-1.105074,1.321916,-2.138544,0.919888
679,100.985,B,4,12.549756,-91.006463,13.645873,-90.596193,0.503221,0.092758,154.9179,-0.256984,154.7583,-0.275201,14.731581,-91.894661,155.0058,1.692566,2.355685,-1.085708,1.298468,-2.181825,0.888197
680,101.133,B,4,13.056660,-90.523109,13.403506,-90.655645,0.486765,0.111206,153.3559,-0.263143,153.1927,-0.282636,14.485728,-91.929667,153.4454,1.671627,2.005153,-1.082222,1.274022,-1.429068,1.406558
681,101.283,B,4,11.949632,-90.396162,13.295433,-90.619935,0.453340,0.100675,151.7714,-0.268039,151.6307,-0.237839,14.245499,-91.965909,151.8578,1.647504,2.781207,-0.950066,1.345974,-2.295868,1.569747
682,101.431,B,4,11.653729,-91.557853,13.013314,-90.567609,0.457492,0.102516,150.6973,-0.233453,150.5769,-0.222804,14.007328,-91.997633,150.7721,1.741560,2.394334,-0.994015,1.430024,-2.353599,0.439780
683,101.583,B,4,11.997406,-91.139154,12.728298,-90.729409,0.443357,0.145367,148.9948,-0.262770,148.8088,-0.381765,13.764703,-92.026619,149.1535,1.660389,1.977608,-1.036405,1.297211,-1.767297,0.887465
684,101.743,B,4,11.729318,-90.998429,12.554599,-90.791376,0.418019,0.156168,147.3680,-0.267762,147.2559,-0.172445,13.519924,-92.050168,147.4305,1.586320,2.076637,-0.965325,1.258793,-1.790605,1.051739
685,101.895,B,4,11.541599,-91.032677,12.365827,-90.818882,0.400840,0.161448,146.2771,-0.236648,146.1620,-0.267860,13.277130,-92.065779,146.3962,1.544417,2.019745,-0.911303,1.246897,-1.735531,1.033102
686,102.060,B,4,11.414328,-91.447295,12.178685,-90.847448,0.384652,0.166997,144.6663,-0.253590,144.5640,-0.210066,13.029752,-92.082210,144.7654,1.499651,1.735717,-0.851067,1.234762,-1.615425,0.634915
687,102.238,B,4,10.693879,-91.338107,12.003088,-90.945543,0.360625,0.183513,143.6077,-0.225022,143.5082,-0.247037,12.787770,-92.092190,143.7243,1.389433,2.225538,-0.784682,1.146647,-2.093891,0.754083
688,102.410,B,4,11.103074,-90.534823,11.731802,-91.008150,0.358760,0.202685,142.3011,-0.223932,142.2294,-0.166235,12.544976,-92.101552,142.3814,1.362637,2.129254,-0.813174,1.093402,-1.441902,1.566729
689,102.587,B,4,10.734364,-91.113023,11.581000,-90.917855,0.352602,0.181235,141.1446,-0.214245,141.0680,-0.193833,12.305109,-92.105626,141.2363,1.391091,1.858090,-0.724108,1.187771,-1.570745,0.992603
690,102.766,B,4,10.082874,-91.648392,11.393072,-90.944333,0.339992,0.186851,139.9920,-0.208235,139.9401,-0.193447,12.065166,-92.104833,140.1156,1.341070,2.034163,-0.672094,1.160500,-1.982292,0.456440
691,102.959,B,4,9.614172,-91.311644,11.123254,-91.061681,0.331004,0.217060,138.9097,-0.199775,138.8717,-0.184273,11.823339,-92.098562,139.0393,1.251096,2.345134,-0.700085,1.036881,-2.209166,0.786918
692,103.132,B,4,10.020679,-90.143385,10.817025,-91.100305,0.337397,0.236047,137.8930,-0.189839,137.8548,-0.184801,11.578185,-92.086692,138.0140,1.245923,2.490435,-0.761159,0.986387,-1.557506,1.943307
693,103.319,B,4,9.410962,-91.268388,10.636418,-90.924738,0.348873,0.203849,136.9146,-0.181243,136.8891,-0.165997,11.329497,-92.069359,137.0402,1.338101,2.079021,-0.693079,1.144621,-1.918535,0.800970
694,103.559,B,4,9.165475,-91.494144,10.380504,-90.976756,0.341830,0.221803,135.9849,-0.172925,135.9728,-0.156121,11.082764,-92.050820,136.1163,1.283270,1.996468,-0.702260,1.074064,-1.917289,0.556676
695,103.738,B,4,9.156083,-91.671698,10.125814,-91.060828,0.330410,0.243089,135.1210,-0.163261,135.1011,-0.156974,10.843596,-92.035231,135.2378,1.210236,1.726226,-0.717782,0.974403,-1.687513,0.363532
696,103.917,B,4,8.707974,-91.953773,9.914156,-91.163200,0.310428,0.259418,134.2409,-0.159438,134.2158,-0.194419,10.611200,-92.021915,134.3890,1.106012,1.904445,-0.697044,0.858715,-1.903226,0.068142
697,104.104,B,4,8.490765,-91.673487,9.660751,-91.298850,0.293617,0.284927,132.8677,-0.193044,132.8116,-0.187391,10.380761,-92.014027,132.9987,1.014836,1.920430,-0.720010,0.715177,-1.889996,0.340540
698,104.270,B,4,7.866071,-90.862674,9.413188,-91.363255,0.286871,0.296395,132.1961,-0.157982,132.2133,-0.050188,10.151239,-91.999883,132.2481,0.974687,2.552496,-0.738051,0.636628,-2.285167,1.137209
699,104.446,B,4,7.669869,-90.325697,9.098396,-91.272393,0.311902,0.294059,131.4083,-0.152686,131.3606,-0.242576,9.921746,-91.984433,131.5747,1.088534,2.796847,-0.823350,0.712040,-2.251876,1.658736
700,104.606,B,4,8.593433,-90.569873,8.803478,-91.099112,0.342526,0.278425,130.1397,-0.179113,130.1165,-0.138465,9.690248,-91.974620,130.2521,1.246145,1.782222,-0.886771,0.875508,-1.096815,1.404747
701,104.790,B,4,7.900842,-90.311330,8.724580,-90.996966,0.328677,0.243949,129.3867,-0.160335,129.3611,-0.213253,9.413736,-91.955770,129.3114,1.180780,2.234510,-0.689156,0.958804,-1.512894,1.644440
702,104.936,B,4,6.870618,-90.386283,8.540147,-90.864618,0.335479,0.225557,128.1200,-0.184356,128.1033,-0.151367,9.185521,-91.945201,128.0700,1.258637,2.790877,-0.645374,1.080583,-2.314902,1.558917
703,105.073,B,4,5.894139,-91.280697,8.206317,-90.766788,0.356287,0.237378,127.0509,-0.187212,127.0227,-0.227668,9.005642,-91.936297,127.2317,1.416571,3.179822,-0.799326,1.169509,-3.111504,0.655600
704,105.244,B,4,6.856701,-90.490959,7.754190,-90.843132,0.362470,0.289969,125.8523,-0.192775,125.8674,-0.228936,8.738754,-91.927674,125.8161,1.464785,2.367757,-0.984563,1.084542,-1.882053,1.436715
705,105.386,B,4,6.743095,-90.146766,7.551621,-90.767781,0.358422,0.279135,124.6340,-0.200649,124.6431,-0.214254,8.517681,-91.923179,124.5936,1.506060,2.510936,-0.966060,1.155398,-1.774586,1.776413
706,105.530,B,4,7.349671,-90.917139,7.366388,-90.643410,0.360018,0.261255,123.3836,-0.207857,123.3885,-0.220031,8.296433,-91.919729,123.3376,1.579233,1.378965,-0.930045,1.276320,-0.946762,1.002590
707,105.677,B,4,6.065148,-90.943786,7.322094,-90.676140,0.317889,0.242690,122.0436,-0.215135,122.0969,-0.228644,8.074540,-91.915574,122.0445,1.449956,2.232046,-0.752447,1.239434,-2.009392,0.971788
708,105.826,B,4,5.911376,-91.047212,7.065347,-90.710706,0.306681,0.262388,120.8266,-0.221392,120.7650,-0.239568,7.896865,-91.910740,120.9810,1.459967,2.165144,-0.831518,1.200034,-1.985489,0.863528
709,105.977,B,4,6.395870,-90.527793,6.822026,-90.756850,0.291146,0.277963,119.4059,-0.228506,119.3898,-0.241550,7.675383,-91.902479,119.6128,1.428525,1.878009,-0.853357,1.145629,-1.279513,1.374687
710,106.121,B,4,5.949723,-89.689963,6.710969,-90.704793,0.278686,0.259478,118.0616,-0.234745,117.9716,-0.250314,7.455464,-91.892654,118.2013,1.401887,2.668165,-0.744495,1.187861,-1.505741,2.202691
711,106.268,B,4,6.279628,-91.026210,6.541582,-90.511874,0.297322,0.237939,116.6018,-0.242914,116.5134,-0.255413,7.237702,-91.883094,116.7492,1.537799,1.285362,-0.696120,1.371220,-0.958074,0.856885
712,106.413,B,4,4.644725,-90.193139,6.461775,-90.587460,0.257846,0.232732,115.1056,-0.250204,115.0192,-0.262718,7.022264,-91.875431,115.2605,1.404641,2.912524,-0.560489,1.287971,-2.377539,1.682292
713,106.556,B,4,4.944827,-90.117404,6.108318,-90.503364,0.277994,0.259944,113.5765,-0.256973,113.4911,-0.265337,6.809119,-91.870092,113.7379,1.535926,2.558808,-0.700801,1.366728,-1.864292,1.752688
714,106.701,B,4,4.774227,-91.094674,5.868224,-90.419435,0.283508,0.265126,112.0512,-0.260135,112.0130,-0.208803,6.598516,-91.865953,112.2092,1.620414,1.980632,-0.730293,1.446517,-1.824289,0.771279
715,106.834,B,4,4.970844,-89.844051,5.639588,-90.523479,0.252587,0.285822,111.0610,-0.224334,111.0347,-0.229925,6.398443,-91.860883,111.2370,1.537696,2.470961,-0.758854,1.337404,-1.427599,2.016831
716,106.966,B,4,4.397727,-90.590363,5.486827,-90.388929,0.260842,0.269431,109.2980,-0.261975,109.2200,-0.347833,6.192810,-91.857420,109.5486,1.629380,2.197216,-0.705984,1.468491,-1.795083,1.267057
717,107.105,B,4,4.796992,-90.376449,5.260487,-90.408913,0.245369,0.282305,107.8464,-0.254605,107.8493,-0.141470,5.992418,-91.852664,107.9913,1.618685,1.899541,-0.731931,1.443751,-1.195426,1.476215
718,107.248,B,4,3.633043,-90.597598,5.145003,-90.388835,0.229382,0.270114,106.7792,-0.228349,106.7366,-0.280435,5.802335,-91.843864,106.9827,1.596620,2.501801,-0.657333,1.455029,-2.169293,1.246266
719,107.384,B,4,4.346118,-90.686732,4.844999,-90.411335,0.220363,0.297634,105.2565,-0.241911,105.2403,-0.176610,5.607356,-91.834139,105.4113,1.614175,1.705070,-0.762356,1.422804,-1.261237,1.147408
720,107.524,B,4,4.265447,-90.333669,4.723025,-90.447222,0.196072,0.289347,104.2287,-0.217239,104.1983,-0.252341,5.423234,-91.823414,104.4250,1.544084,1.886746,-0.700209,1.376192,-1.157787,1.489744
721,107.680,B,4,3.806043,-90.558614,4.610164,-90.415199,0.186436,0.275849,103.0392,-0.210823,103.0317,-0.191940,5.239496,-91.814605,103.1931,1.534404,1.905860,-0.629333,1.399406,-1.433454,1.255991
722,107.832,B,4,3.069823,-90.418393,4.437281,-90.428763,0.172326,0.278567,101.8993,-0.205312,101.9120,-0.185005,5.061780,-91.808164,102.0847,1.514182,2.428860,-0.624499,1.379401,-1.991958,1.389771
723,107.970,B,4,3.499603,-90.206332,4.164479,-90.415628,0.169951,0.299058,100.8254,-0.197541,100.8633,-0.187946,4.889270,-91.804066,101.0281,1.566232,2.117529,-0.724791,1.388438,-1.389667,1.597734
724,108.118,B,4,2.318779,-89.757486,4.015044,-90.367384,0.167145,0.291530,99.7906,-0.190203,99.8595,-0.173662,4.721334,-91.801313,100.0171,1.598436,3.154282,-0.706290,1.433929,-2.402555,2.043827
725,108.270,B,4,3.106512,-90.680712,3.683176,-90.247174,0.187140,0.317680,98.8088,-0.182186,98.9016,-0.161038,4.556923,-91.798286,99.0518,1.780276,1.831028,-0.873748,1.551112,-1.450411,1.117574
726,108.421,B,4,2.748702,-89.345424,3.547604,-90.310912,0.158488,0.310911,97.8934,-0.172684,97.9905,-0.155719,4.395134,-91.793482,98.1332,1.707724,2.950208,-0.847530,1.482570,-1.646432,2.448058
727,108.570,B,4,2.901045,-90.473910,3.374101,-90.127837,0.183230,0.302251,97.0266,-0.163533,97.1245,-0.151956,4.235705,-91.786252,97.2602,1.868878,1.871780,-0.861604,1.658415,-1.334660,1.312342
728,108.711,B,4,1.754432,-90.309450,3.258924,-90.175262,0.156487,0.292304,96.2103,-0.154555,96.2999,-0.135951,4.079047,-91.777099,96.4292,1.799579,2.749150,-0.820123,1.601837,-2.324615,1.467649
729,108.858,B,4,1.365373,-90.117713,2.961714,-90.186751,0.145755,0.318615,95.4204,-0.147589,95.5121,-0.136968,3.925784,-91.767449,95.6358,1.851495,3.045871,-0.964070,1.580697,-2.560411,1.649735
730,109.013,B,4,2.539221,-90.000598,2.645944,-90.162929,0.142917,0.344645,94.6611,-0.141273,94.7590,-0.132029,3.776138,-91.758994,94.8772,1.955700,2.149865,-1.130194,1.596066,-1.236917,1.758396
731,109.167,B,4,2.604476,-90.562724,2.592912,-90.122900,0.135521,0.314559,93.9234,-0.136212,94.0406,-0.120838,3.629650,-91.753006,94.1532,1.931856,1.570908,-1.036738,1.630105,-1.025174,1.190281
732,109.325,B,4,1.987435,-89.904747,2.569765,-90.191969,0.108848,0.291666,93.3833,-0.129827,93.3582,-0.128150,3.485415,-91.749849,93.4649,1.807043,2.376625,-0.915650,1.557880,-1.497981,1.845102
733,109.478,B,4,2.209650,-91.186619,2.432248,-90.130109,0.108987,0.278150,92.5633,-0.122605,92.7125,-0.115242,3.342625,-91.748777,92.8134,1.857114,1.264775,-0.910378,1.618668,-1.132975,0.562158
734,109.625,B,4,1.604224,-90.300258,2.366403,-90.309232,0.060940,0.263038,91.9594,-0.117664,92.1023,-0.103810,3.172901,-91.748020,92.0786,1.649409,2.134658,-0.806498,1.438788,-1.568677,1.447763
735,109.753,B,4,2.198150,-89.942856,2.205401,-90.302451,0.057589,0.265100,91.3731,-0.111305,91.5247,-0.102121,3.060937,-91.744782,91.6150,1.676979,1.997833,-0.855536,1.442330,-0.862787,1.801926
736,109.909,B,4,1.490589,-90.745315,2.177609,-90.233262,0.065012,0.239022,90.7890,-0.105706,90.9778,-0.096331,2.894830,-91.724247,90.9565,1.654521,1.711783,-0.717221,1.490985,-1.404241,0.978932
737,110.042,B,4,1.333247,-90.834650,2.038082,-90.319390,0.042343,0.247025,90.3697,-0.102743,90.4590,-0.089585,2.758457,-91.695153,90.4388,1.552953,1.664839,-0.720374,1.375763,-1.425210,0.860503
738,110.186,B,4,1.133395,-91.276628,1.885360,-90.406449,0.019840,0.245059,89.7731,-0.095313,89.9666,-0.089072,2.650582,-91.666952,90.0437,1.474596,1.566592,-0.765223,1.260503,-1.517187,0.390325
739,110.325,B,4,1.075949,-89.447986,1.727980,-90.559032,-0.012479,0.249602,89.3024,-0.090125,89.4998,-0.077757,2.516780,-91.628603,89.5728,1.328980,2.613634,-0.788800,1.069571,-1.440831,2.180617
740,110.468,B,4,0.886370,-90.055817,1.593235,-90.362895,0.029895,0.253270,88.9391,-0.086542,89.0579,-0.069879,2.383604,-91.588673,89.1269,1.458497,2.142745,-0.790368,1.225778,-1.497234,1.532856
741,110.622,B,4,1.249030,-90.681549,1.439607,-90.304306,0.037873,0.249533,88.4518,-0.079214,88.6401,-0.063593,2.250879,-91.547029,88.7054,1.484090,1.323917,-0.811272,1.242724,-1.001849,0.865480
742,110.766,B,4,0.983244,-90.119946,1.381793,-90.367088,0.020644,0.232493,88.0785,-0.073655,88.2454,-0.066456,2.119047,-91.501265,88.3071,1.352737,1.788320,-0.737253,1.134176,-1.135803,1.381318
743,110.913,B,4,0.739104,-90.118872,1.293198,-90.321044,0.028088,0.229178,87.7920,-0.070022,87.8723,-0.064448,1.988932,-91.447619,87.9306,1.324091,1.824182,-0.695735,1.126574,-1.249829,1.328746
744,111.053,B,4,0.013381,-90.384185,1.169466,-90.280875,0.031978,0.223136,87.3803,-0.065303,87.5195,-0.060218,1.861155,-91.382856,87.5746,1.301074,2.100383,-0.691688,1.101981,-1.847774,0.998671
745,111.186,B,4,0.466957,-91.153897,0.942517,-90.295055,0.024351,0.243311,87.0487,-0.062422,87.1871,-0.053539,1.735709,-91.305872,87.2389,1.284876,1.277822,-0.793192,1.010818,-1.268752,0.151975
746,111.331,B,4,-0.204198,-89.946606,0.834599,-90.444247,-0.009442,0.236254,86.7419,-0.059042,86.8748,-0.047268,1.612078,-91.218188,86.9235,1.097022,2.217156,-0.777479,0.773941,-1.816276,1.271582
747,111.471,B,4,0.427420,-89.068346,0.627076,-90.355187,0.008165,0.251663,86.4376,-0.056761,86.5807,-0.053940,1.489755,-91.123216,86.6267,1.155025,2.313232,-0.862679,0.768029,-1.062334,2.054870
748,111.619,B,4,0.026532,-90.623465,0.567561,-90.123866,0.053548,0.236559,86.1631,-0.053197,86.3006,-0.050531,1.368727,-91.024671,86.3447,1.205535,1.400875,-0.801165,0.900805,-1.342194,0.401206
749,111.770,B,4,0.103548,-90.146440,0.448911,-90.206054,0.029468,0.232526,85.8940,-0.050770,86.0304,-0.052848,1.249511,-90.924977,86.0731,1.076016,1.385406,-0.800600,0.718923,-1.145963,0.778536
750,111.929,B,4,0.338294,-90.137268,0.365377,-90.190965,0.028142,0.222764,85.6255,-0.049280,85.7670,-0.053045,1.132809,-90.824352,85.8087,0.995053,1.050399,-0.767432,0.633387,-0.794515,0.687084
751,112.078,B,4,0.636036,-89.283244,0.339414,-90.177053,0.027323,0.202450,85.3713,-0.047328,85.5100,-0.041482,1.019062,-90.720733,85.5506,0.870350,1.487643,-0.679648,0.543679,-0.383026,1.437489
752,112.227,B,4,-0.843699,-89.043898,0.373089,-90.013779,0.057627,0.174319,85.1252,-0.045746,85.2615,-0.044865,0.908227,-90.610636,85.3006,0.801630,2.350300,-0.535138,0.596857,-1.751926,1.566738
753,112.371,B,4,0.031698,-88.766387,0.140354,-89.834100,0.084103,0.203838,84.8913,-0.043979,85.0242,-0.042727,0.799948,-90.490808,85.0614,0.930768,1.887812,-0.659594,0.656708,-0.768250,1.724421
754,112.512,B,4,-0.821609,-89.002238,0.102310,-89.634238,0.114243,0.190968,84.6692,-0.041996,84.7988,-0.041727,0.693983,-90.359792,84.8341,0.936219,2.034692,-0.591673,0.725554,-1.515592,1.357554
755,112.651,B,4,-0.389179,-88.232157,-0.079336,-89.509034,0.123482,0.207694,84.4470,-0.040874,84.5818,-0.043118,0.590492,-90.218628,84.6162,0.975804,2.214908,-0.669828,0.709594,-0.979671,1.986470
756,112.797,B,4,-0.499340,-89.490202,-0.153107,-89.267982,0.156737,0.202670,84.2398,-0.039116,84.3677,-0.033762,0.489955,-90.070373,84.4020,1.028280,1.146867,-0.643063,0.802391,-0.989296,0.580171
757,112.934,B,4,-1.203002,-88.260344,-0.232610,-89.290548,0.132597,0.194987,84.0292,-0.038522,84.1525,-0.040599,0.392765,-89.918678,84.1870,0.886363,2.301422,-0.625374,0.628130,-1.595767,1.658334
758,113.077,B,4,-0.843689,-88.255506,-0.422587,-89.092455,0.153818,0.214553,83.8151,-0.038367,83.9356,-0.043009,0.298848,-89.766092,83.9703,0.987044,1.894007,-0.721435,0.673637,-1.142537,1.510586
759,113.224,B,4,-0.747178,-88.431692,-0.516374,-88.926507,0.167747,0.211938,83.5934,-0.038652,83.7197,-0.042585,0.207673,-89.613027,83.7540,0.997775,1.518978,-0.724048,0.686520,-0.954852,1.181336
760,113.375,B,4,-1.698629,-87.866790,-0.575865,-88.820062,0.168627,0.201631,83.3550,-0.040156,83.5089,-0.036727,0.118647,-89.457763,83.5422,0.942873,2.415304,-0.694512,0.637702,-1.817277,1.590974
761,113.519,B,4,-1.260071,-88.359957,-0.793024,-88.631954,0.182588,0.226146,83.1437,-0.039048,83.3056,-0.029095,0.031606,-89.297267,83.3376,1.059554,1.595926,-0.824629,0.665313,-1.291676,0.937310
762,113.677,B,4,-1.639882,-87.808301,-0.895614,-88.563490,0.173045,0.222250,82.9542,-0.036981,83.1090,-0.030401,-0.069509,-89.093662,83.1012,0.981596,2.029340,-0.826105,0.530172,-1.570372,1.285361
763,113.804,B,4,-1.875752,-87.726503,-1.047196,-88.409892,0.180626,0.230641,82.7675,-0.035408,82.9160,-0.034839,-0.134237,-88.950136,82.9468,1.060829,2.128416,-0.912959,0.540245,-1.741515,1.223634
764,113.942,B,4,-2.138757,-87.536943,-1.214441,-88.268156,0.184446,0.241055,82.5693,-0.035310,82.7238,-0.026830,-0.211659,-88.762695,82.7545,1.118097,2.283894,-1.002782,0.494539,-1.927098,1.225751
765,114.092,B,4,-1.353642,-87.467616,-1.399618,-88.117347,0.189091,0.254182,82.3881,-0.034317,82.5329,-0.032298,-0.299822,-88.529570,82.5253,1.174512,1.496089,-1.099796,0.412223,-1.053820,1.061954
766,114.238,B,4,-1.346766,-86.123190,-1.413201,-87.980413,0.194451,0.230932,82.2056,-0.033537,82.3242,-0.036343,-0.370485,-88.332283,82.3388,1.100485,2.415205,-1.042716,0.351870,-0.976281,2.209092
767,114.362,B,4,-1.674881,-86.627753,-1.420726,-87.628256,0.242709,0.214662,82.0227,-0.033004,82.1668,-0.027805,-0.425980,-88.174157,82.1949,1.134692,1.987742,-0.994745,0.545901,-1.248901,1.546404
768,114.528,B,4,-0.610295,-86.693277,-1.483081,-87.424174,0.254108,0.207746,81.8391,-0.032920,81.9964,-0.031502,-0.508143,-87.936979,81.9898,1.101577,1.247890,-0.974937,0.512804,-0.102152,1.243702
769,114.672,B,4,-2.260943,-85.371965,-1.343968,-87.267109,0.260017,0.159934,81.6820,-0.030787,81.8345,-0.023844,-0.575316,-87.737874,81.8282,0.901359,2.904972,-0.768653,0.470766,-1.685627,2.365909
770,114.814,B,4,-1.896017,-86.366196,-1.519266,-86.901465,0.298542,0.186590,81.5321,-0.028704,81.6795,-0.035595,-0.640374,-87.534794,81.6734,1.083309,1.715302,-0.878892,0.633329,-1.255643,1.168598
771,114.945,B,4,-1.630601,-85.874285,-1.599872,-86.775063,0.287357,0.184975,81.3763,-0.028231,81.5301,-0.017447,-0.702444,-87.325118,81.5242,1.052587,1.722322,-0.897429,0.550055,-0.928158,1.450833
772,115.083,B,4,-2.576929,-85.644283,-1.618702,-86.584605,0.292121,0.172897,81.2397,-0.026657,81.3875,-0.025472,-0.761289,-87.107386,81.3820,1.004220,2.331785,-0.857413,0.522781,-1.815641,1.463103
773,115.216,B,4,-2.299560,-86.147389,-1.800901,-86.388126,0.292973,0.195694,81.1011,-0.026355,81.2551,-0.025114,-0.806392,-86.927641,81.2755,1.131426,1.684739,-0.994509,0.539516,-1.493168,0.780253
774,115.360,B,4,-1.992016,-85.577907,-1.900713,-86.320651,0.276323,0.199910,81.0041,-0.024822,81.1355,-0.018872,-0.861127,-86.697793,81.1537,1.105882,1.591557,-1.039587,0.377141,-1.130889,1.119886
775,115.500,B,4,-2.425554,-85.603045,-1.933981,-86.154883,0.270578,0.184155,80.8712,-0.022530,81.0289,-0.016431,-0.925570,-86.418381,81.0248,1.042269,1.707256,-1.008411,0.263498,-1.499984,0.815336
776,115.631,B,4,-1.186368,-84.602572,-2.034779,-86.028198,0.261607,0.186989,80.7783,-0.020236,80.9331,-0.018446,-0.968089,-86.231991,80.9478,1.085983,1.643975,-1.066690,0.203793,-0.218280,1.629420
777,115.774,B,4,-3.145524,-85.275695,-1.897494,-85.746855,0.292019,0.146596,80.6851,-0.018801,80.8453,-0.015839,-1.020585,-85.999860,80.8589,0.912679,2.244946,-0.876910,0.253006,-2.124940,0.724166
778,115.934,B,4,-1.965051,-84.529750,-2.128941,-85.632991,0.273808,0.179677,80.6108,-0.016719,80.7641,-0.012363,-1.071969,-85.768086,80.7766,1.065571,1.526785,-1.056972,0.135094,-0.893082,1.238336
779,116.091,B,4,-1.827541,-83.252304,-2.112514,-85.407873,0.287799,0.162804,80.5556,-0.013959,80.6903,-0.009579,-1.121878,-85.534646,80.7015,0.998715,2.388942,-0.990636,0.126774,-0.705663,2.282342
780,116.234,B,4,-2.498719,-84.614194,-2.072661,-84.994380,0.338695,0.149324,80.5082,-0.011797,80.6264,-0.010606,-1.170125,-85.296825,80.6358,0.951864,1.493703,-0.902536,0.302445,-1.328594,0.682631
781,116.377,B,4,-2.145578,-83.296385,-2.157273,-84.892246,0.317258,0.152373,80.4586,-0.010682,80.5749,-0.007945,-1.216708,-85.052499,80.5823,0.954119,1.986639,-0.940565,0.160253,-0.928870,1.756114
782,116.537,B,4,-2.237686,-82.635632,-2.164558,-84.575724,0.343790,0.146616,80.4208,-0.009035,80.5367,-0.008867,-1.261747,-84.801253,80.5420,0.930554,2.375367,-0.902811,0.225529,-0.975938,2.165621
783,116.676,B,4,-1.670454,-83.024775,-2.185965,-84.195465,0.379563,0.146534,80.4003,-0.007041,80.5099,-0.012157,-1.305418,-84.544617,80.5135,0.947244,1.563064,-0.880548,0.349152,-0.365037,1.519841
784,116.809,B,4,-2.994980,-83.345914,-2.102004,-83.948754,0.387909,0.120981,80.3743,-0.006170,80.4913,0.000081,-1.347913,-84.285342,80.4939,0.825799,1.896142,-0.754091,0.336589,-1.647067,0.939428
785,116.950,B,4,-3.187512,-82.445183,-2.266209,-83.802720,0.366837,0.144789,80.3667,-0.004416,80.4784,0.006677,-1.389444,-84.026045,80.4801,0.904760,2.394196,-0.876765,0.223325,-1.798068,1.580862
786,117.097,B,4,-3.131427,-82.949744,-2.438044,-83.523961,0.374510,0.171835,80.3658,-0.002946,80.4700,0.003254,-1.430240,-83.768077,80.4710,1.036948,1.887778,-1.007804,0.244116,-1.701187,0.818333
787,117.250,B,4,-1.575278,-82.284843,-2.571771,-83.383448,0.354852,0.183487,80.3760,-0.001100,80.4668,-0.002963,-1.470463,-83.511154,80.4669,1.108688,1.230782,-1.101308,0.127705,-0.104815,1.226310
788,117.405,B,4,-2.493333,-81.197433,-2.406077,-83.151330,0.365901,0.136929,80.3860,0.000023,80.4704,0.002848,-1.510031,-83.253520,80.4693,0.901854,2.279118,-0.896045,0.102190,-0.983301,2.056087
789,117.539,B,4,-3.097152,-81.670854,-2.428737,-82.766671,0.399888,0.138631,80.4151,0.001999,80.4816,0.001674,-1.548519,-82.992615,80.4793,0.908755,2.036005,-0.880219,0.225944,-1.548634,1.321761
790,117.681,B,4,-2.254177,-81.895717,-2.554486,-82.531514,0.396524,0.155742,80.4484,0.003362,80.5001,0.010426,-1.585343,-82.726257,80.4967,0.988516,1.066366,-0.969143,0.194743,-0.668835,0.830540
791,117.818,B,4,-2.871246,-80.652204,-2.509484,-82.378256,0.382912,0.133892,80.4728,0.003725,80.5245,-0.002886,-1.620139,-82.453728,80.5203,0.892542,2.193344,-0.889345,0.075473,-1.251107,1.801525
792,117.967,B,4,-2.625118,-80.633970,-2.580517,-82.032524,0.405506,0.144305,80.5049,0.004474,80.5535,0.002797,-1.653003,-82.176095,80.5486,0.938560,1.822953,-0.927514,0.143571,-0.972115,1.542125
793,118.108,B,4,-2.746819,-80.394738,-2.595727,-81.742775,0.416142,0.140422,80.5251,0.004070,80.5858,0.002755,-1.684418,-81.895670,80.5804,0.924046,1.838883,-0.911309,0.152895,-1.062401,1.500932
794,118.245,B,4,-2.948557,-80.539158,-2.629398,-81.461075,0.423307,0.140388,80.5653,0.005101,80.6206,0.001913,-1.714933,-81.614886,80.6149,0.927309,1.636770,-0.914464,0.153810,-1.233624,1.075727
795,118.392,B,4,-2.872489,-80.378767,-2.692874,-81.254595,0.413588,0.143782,80.5917,0.004670,80.6572,0.015233,-1.744820,-81.335244,80.6512,0.951479,1.478677,-0.948055,0.080649,-1.127669,0.956477
796,118.532,B,4,-3.935684,-79.299845,-2.732030,-81.057235,0.404002,0.141589,80.6469,0.006499,80.6948,0.003222,-1.773917,-81.056804,80.6887,0.958112,2.785703,-0.958112,-0.000431,-2.161766,1.756959
797,118.673,B,4,-2.792038,-79.445833,-2.953440,-80.703873,0.420704,0.181356,80.6823,0.006160,80.7328,-0.001216,-1.801722,-80.778156,80.7267,1.154111,1.660063,-1.151718,0.074283,-0.990316,1.332323
798,118.838,B,4,-3.512077,-79.704991,-3.036301,-80.307960,0.451424,0.193423,80.7144,0.005779,80.7711,0.006966,-1.832607,-80.440180,80.7726,1.210935,1.833336,-1.203695,0.132219,-1.679470,0.735188
799,118.978,B,4,-2.813306,-78.595215,-3.047195,-80.264030,0.408052,0.174837,80.7469,0.005699,80.8102,0.013774,-1.855985,-80.153048,80.8118,1.196369,1.828471,-1.191210,-0.110982,-0.957320,1.557833
800,119.120,B,4,-2.568353,-78.117464,-3.015890,-79.925671,0.429633,0.159513,80.7903,0.006308,80.8469,-0.008773,-1.877236,-79.860437,80.8458,1.140520,1.874992,-1.138653,-0.065234,-0.691116,1.742973
801,119.265,B,4,-2.319783,-77.136454,-2.944711,-79.560676,0.455405,0.138830,80.7485,0.000178,80.8031,-0.007444,-1.894636,-79.565367,80.8006,1.050085,2.465840,-1.050075,0.004691,-0.425147,2.428913
802,119.394,B,4,-2.867850,-77.622286,-2.838868,-79.094411,0.511977,0.119772,80.7044,-0.003351,80.7293,-0.011506,-1.910338,-79.268298,80.7265,0.944672,1.904255,-0.928530,0.173888,-0.957512,1.646012
803,119.544,B,4,-2.608890,-77.655273,-2.847190,-78.785077,0.516291,0.118090,80.6238,-0.007927,80.6510,-0.011945,-1.922995,-79.030923,80.6648,0.956336,1.537162,-0.924196,0.245846,-0.685895,1.375650
804,119.699,B,4,-3.039061,-77.404399,-2.808375,-78.523516,0.498603,0.102637,80.5277,-0.010797,80.5647,-0.016058,-1.941548,-78.677539,80.5613,0.880404,1.680898,-0.866827,0.154023,-1.097512,1.273140
805,119.849,B,4,-2.772310,-77.319203,-2.851263,-78.275288,0.489621,0.107710,80.4364,-0.012945,80.4754,-0.012617,-1.955684,-78.385621,80.4709,0.902350,1.343177,-0.895579,0.110332,-0.816626,1.066417
806,119.995,B,4,-2.979909,-75.758071,-2.839420,-78.058956,0.477405,0.100204,80.3310,-0.015613,80.3598,-0.032078,-1.964669,-78.152940,80.3791,0.879786,2.601174,-0.874752,0.093984,-1.015240,2.394869
807,120.133,B,4,-2.891893,-76.744665,-2.865648,-77.613574,0.522909,0.111389,80.2166,-0.018946,80.2424,-0.022407,-1.973685,-77.860712,80.2599,0.925568,1.445222,-0.891963,0.247138,-0.918208,1.116047
808,120.282,B,4,-3.365042,-76.746532,-2.872536,-77.399923,0.493584,0.104707,80.0688,-0.020239,80.1237,-0.029118,-1.981748,-77.565993,80.1433,0.906136,1.607799,-0.890788,0.166070,-1.383294,0.819461
809,120.446,B,4,-1.901922,-76.178419,-2.961790,-77.235219,0.466449,0.116109,79.9164,-0.023051,79.9677,-0.025539,-1.988321,-77.269189,79.9930,0.974061,1.094187,-0.973469,0.033970,0.086400,1.090770
810,120.606,B,4,-3.161193,-75.710676,-2.776264,-77.001140,0.465713,0.073652,79.7724,-0.023965,79.8086,-0.031586,-1.994487,-76.969257,79.8341,0.782427,1.716166,-0.781777,-0.031883,-1.166706,1.258580
811,120.766,B,4,-3.028392,-74.700693,-2.843653,-76.726209,0.464551,0.088233,79.5962,-0.026991,79.6474,-0.023953,-1.999854,-76.666721,79.6734,0.845893,2.218819,-0.843799,-0.059488,-1.028538,1.966028
812,120.930,B,4,-3.057727,-74.937466,-2.876674,-76.320271,0.490897,0.098974,79.4258,-0.028373,79.4811,-0.027872,-2.003111,-76.362947,79.5083,0.874604,1.773192,-0.873562,0.042676,-1.054616,1.425481
813,121.089,B,4,-3.321652,-74.925395,-2.909458,-76.026053,0.491812,0.104654,79.2393,-0.030352,79.3006,-0.036850,-2.003171,-76.059564,79.3306,0.906906,1.739175,-0.906287,0.033511,-1.318481,1.134169
814,121.275,B,4,-2.691826,-74.913480,-2.983752,-75.781839,0.481087,0.116330,79.0432,-0.032078,79.1094,-0.039917,-2.000246,-75.757082,79.1402,0.983818,1.090847,-0.983506,-0.024757,-0.691580,0.843602
815,121.431,B,4,-2.876783,-73.990814,-2.933879,-75.579788,0.467663,0.100424,78.8530,-0.032625,78.9222,-0.035002,-1.995814,-75.454286,78.9514,0.946423,1.708174,-0.938065,-0.125502,-0.880969,1.463472
816,121.586,B,4,-3.212597,-73.340994,-2.924390,-75.251014,0.479619,0.099264,78.6833,-0.031281,78.7478,-0.024844,-1.991235,-75.149602,78.7742,0.938650,2.182381,-0.933155,-0.101413,-1.221362,1.808608
817,121.729,B,4,-2.514747,-72.851883,-2.975900,-74.863922,0.499496,0.112819,78.5337,-0.029180,78.5948,-0.031609,-1.987142,-74.841692,78.6182,0.989007,2.058569,-0.988758,-0.022230,-0.527605,1.989809
818,121.884,B,4,-3.132872,-72.432181,-2.894792,-74.456513,0.526125,0.099339,78.3959,-0.026910,78.4461,-0.024187,-1.982029,-74.530185,78.4717,0.915731,2.392919,-0.912763,0.073673,-1.150843,2.098005
819,122.035,B,4,-3.400486,-72.396177,-2.936213,-74.044667,0.545766,0.112265,78.2363,-0.027480,78.2855,-0.029900,-1.973916,-74.216487,78.3114,0.977516,2.312710,-0.962296,0.171820,-1.426569,1.820310
820,122.174,B,4,-2.415952,-72.558074,-3.018604,-73.697668,0.548537,0.129524,78.0773,-0.027835,78.1280,-0.028957,-1.963551,-73.901672,78.1527,1.074595,1.417717,-1.055053,0.204004,-0.452401,1.343598
821,122.311,B,4,-3.120973,-72.489874,-2.912520,-73.440653,0.540532,0.103830,77.9244,-0.027348,77.9794,-0.017764,-1.951780,-73.586767,78.0024,0.971788,1.603181,-0.960741,0.146114,-1.169193,1.096894
822,122.454,B,4,-2.794765,-71.528200,-2.948464,-73.218529,0.520782,0.108104,77.7961,-0.025454,77.8422,-0.016492,-1.939321,-73.272079,77.8633,1.010563,1.942396,-1.009143,0.053551,-0.855443,1.743880
823,122.602,B,4,-3.266583,-71.094012,-2.920611,-72.866458,0.531742,0.104640,77.6851,-0.022929,77.7189,-0.022746,-1.926692,-72.957037,77.7377,0.998038,2.294814,-0.993919,0.090579,-1.339891,1.863025
824,122.759,B,4,-3.518507,-70.885384,-2.981025,-72.498825,0.540816,0.119952,77.5601,-0.022617,77.6005,-0.021998,-1.913472,-72.641046,77.6199,1.076985,2.378758,-1.067553,0.142221,-1.605036,1.755662
825,122.901,B,4,-2.593259,-70.298790,-3.076682,-72.158325,0.541896,0.139519,77.4423,-0.021854,77.4847,-0.018457,-1.898456,-72.323616,77.5025,1.189763,2.140718,-1.178226,0.165291,-0.694803,2.024826
826,123.047,B,4,-1.916864,-70.708296,-2.992303,-71.773590,0.559229,0.123105,77.3301,-0.021108,77.3746,-0.019002,-1.881838,-72.003672,77.3925,1.134050,1.295849,-1.110465,0.230081,-0.035026,1.295375
827,123.186,B,4,-3.820310,-70.974938,-2.800545,-71.528885,0.551380,0.081421,77.2154,-0.020718,77.2651,-0.021546,-1.862574,-71.681811,77.2820,0.950356,2.081442,-0.937971,0.152927,-1.957736,0.706873
828,123.321,B,4,-2.995100,-69.584446,-2.977951,-71.376809,0.510086,0.113890,77.1149,-0.019515,77.1676,-0.015195,-1.842438,-71.357885,77.1822,1.135671,2.115116,-1.135513,-0.018924,-1.152662,1.773438
829,123.461,B,4,-2.165277,-68.240439,-2.980729,-71.007488,0.524213,0.117537,77.0618,-0.014762,77.1260,0.038161,-1.822475,-71.032721,77.1030,1.158529,2.813246,-1.158254,0.025233,-0.342802,2.792282
830,123.605,B,4,-3.434591,-69.363451,-2.836049,-70.463256,0.577903,0.099246,77.5756,0.029710,77.6713,0.054373,-1.799841,-70.718864,77.6114,1.067269,2.123571,-1.036208,0.255609,-1.634750,1.355414
831,123.741,B,4,-2.684126,-68.898789,-2.939708,-70.211220,0.556462,0.119500,77.4923,0.008057,77.5082,-0.090032,-1.780850,-70.408004,77.5955,1.175447,1.758874,-1.158858,0.196784,-0.903276,1.509215
832,123.900,B,4,-2.695313,-68.684563,-2.893812,-69.922919,0.551332,0.109318,77.5153,0.009922,77.5808,0.118567,-1.757954,-70.044351,77.6087,1.142330,1.651564,-1.135858,0.121432,-0.937359,1.359788
833,124.039,B,4,-2.678603,-67.400617,-2.858073,-69.648477,0.543642,0.101537,78.0977,0.046390,78.1440,0.021845,-1.739929,-69.810889,78.1115,1.129877,2.586605,-1.118143,0.162413,-0.938674,2.410273
834,124.199,B,4,-2.366739,-68.195280,-2.824913,-69.195173,0.572210,0.102979,78.2423,0.039211,78.3041,0.106453,-1.714310,-69.454556,78.3307,1.140490,1.418252,-1.110602,0.259383,-0.652429,1.259276
835,124.329,B,4,-2.433299,-68.347864,-2.742488,-68.958956,0.556101,0.084596,78.9103,0.069415,78.9574,0.069926,-1.694408,-69.222624,78.8926,1.080737,1.145062,-1.048080,0.263669,-0.738891,0.874761
836,124.469,B,4,-2.780446,-68.922416,-2.686068,-68.809090,0.537620,0.071519,79.2750,0.074838,79.5108,0.125561,-1.670054,-68.932191,79.3972,1.023444,1.110435,-1.016014,0.123101,-1.110392,0.009775
837,124.609,B,4,-2.741465,-67.517285,-2.700170,-68.767761,0.471032,0.065796,80.1247,0.096716,80.2203,0.125437,-1.644848,-68.647386,80.0964,1.062165,1.574706,-1.055322,-0.120374,-1.096618,1.130101
838,124.749,B,4,-2.898078,-67.895089,-2.706630,-68.501342,0.470113,0.069933,80.8731,0.112546,81.0063,0.146193,-1.614676,-68.314490,81.0395,1.107825,1.350192,-1.091954,-0.186853,-1.283402,0.419401
839,124.888,B,4,-2.814066,-66.796044,-2.740702,-68.347880,0.445068,0.074113,81.7330,0.128136,81.8756,0.152164,-1.594475,-68.099327,81.7314,1.172865,1.784922,-1.146226,-0.248553,-1.219591,1.303282
840,125.029,B,4,-2.728717,-66.214453,-2.755375,-68.028538,0.456853,0.079664,82.6757,0.143287,82.8201,0.162622,-1.568743,-67.838060,82.6641,1.201822,1.995405,-1.186632,-0.190478,-1.159974,1.623608
841,125.175,B,4,-2.635708,-65.741596,-2.752861,-67.671217,0.487375,0.083804,83.4818,0.154662,83.8366,0.189995,-1.542149,-67.583796,83.6691,1.213864,2.142328,-1.210712,-0.087421,-1.093558,1.842200
842,125.323,B,4,-2.441085,-66.389725,-2.736248,-67.273306,0.500853,0.080889,84.7863,0.171217,84.9239,0.192090,-1.514584,-67.334034,84.7452,1.223172,1.322922,-1.221664,0.060728,-0.926501,0.944309
843,125.458,B,4,-3.239667,-65.844200,-2.687860,-67.067362,0.485831,0.067117,85.9446,0.184170,86.0815,0.212633,-1.486143,-67.086363,85.8916,1.201867,2.148910,-1.201716,0.019001,-1.753524,1.242163
844,125.603,B,4,-2.882224,-64.969870,-2.790055,-66.802851,0.480410,0.086048,87.1776,0.196861,87.3075,0.218872,-1.456959,-66.839421,87.1069,1.333597,2.350872,-1.333095,0.036570,-1.425264,1.869551
845,125.735,B,4,-3.740345,-65.427785,-2.813494,-66.430257,0.499653,0.088414,88.4551,0.207411,88.5982,0.225703,-1.427105,-66.593435,88.3875,1.395959,2.590332,-1.386389,0.163178,-2.313240,1.165650
846,125.874,B,4,-2.621150,-65.138463,-2.986513,-66.203991,0.484576,0.116585,89.8069,0.218897,89.9489,0.239355,-1.396589,-66.350062,89.7290,1.596619,1.722649,-1.589923,0.146072,-1.224560,1.211599
847,126.014,B,4,-2.698499,-64.472649,-2.933466,-65.967838,0.477352,0.095053,91.2058,0.229138,91.3550,0.248549,-1.365341,-66.111598,91.1265,1.574701,2.112691,-1.568125,0.143761,-1.333158,1.638949
848,126.156,B,4,-2.487873,-65.135190,-2.902380,-65.656082,0.485845,0.080314,92.2719,0.207845,92.3572,0.129438,-1.335209,-65.875069,92.2410,1.582396,1.369691,-1.567170,0.218987,-1.152664,0.739879
849,126.295,B,4,-3.397612,-63.931725,-2.838783,-65.516993,0.458443,0.058246,93.5045,0.213471,93.6640,0.303074,-1.305618,-65.640579,93.3913,1.538138,2.701225,-1.533165,0.123585,-2.091993,1.708853
850,126.435,B,4,-2.344177,-63.943346,-2.947932,-65.191660,0.471372,0.073498,95.1951,0.245499,95.3539,0.217314,-1.273923,-65.405202,95.1481,1.687574,1.811757,-1.674009,0.213542,-1.070254,1.461855
851,126.580,B,4,-3.181336,-63.873708,-2.851972,-64.924861,0.470913,0.044196,96.1186,0.208554,96.2299,0.185035,-1.249149,-65.166786,96.0700,1.620978,2.324951,-1.602823,0.241924,-1.932187,1.293078
852,126.728,B,4,-2.403680,-63.401817,-2.920581,-64.693521,0.463963,0.050609,97.5354,0.226277,97.6891,0.246090,-1.219120,-64.926468,97.4541,1.717334,1.930737,-1.701461,0.232947,-1.184560,1.524651
853,126.860,B,4,-2.878304,-63.870298,-2.839782,-64.419909,0.464934,0.024625,98.5155,0.200632,98.6205,0.163237,-1.193117,-64.682198,98.4810,1.667423,1.870571,-1.646665,0.262289,-1.685187,0.811900
854,126.997,B,4,-2.773747,-63.516636,-2.856186,-64.278365,0.440135,0.022152,99.7185,0.204413,99.8271,0.169654,-1.166140,-64.433585,99.6621,1.697159,1.850728,-1.690046,0.155220,-1.607607,0.916949
855,127.134,B,4,-2.518601,-61.872489,-2.851149,-64.101466,0.424913,0.014432,100.7076,0.191341,100.8139,0.200950,-1.144114,-64.180701,100.6369,1.708873,2.686458,-1.707035,0.079235,-1.374488,2.308212
856,127.284,B,4,-3.534264,-61.836374,-2.801814,-63.665013,0.462551,-0.008191,101.7149,0.184359,101.7996,0.166700,-1.124104,-63.924412,101.6441,1.697645,3.188852,-1.677710,0.259399,-2.410160,2.088039
857,127.419,B,4,-2.083955,-62.298207,-2.941134,-63.296233,0.487068,0.009837,102.6824,0.177369,102.7405,0.160156,-1.106308,-63.665547,102.5930,1.871625,1.680897,-1.834826,0.369314,-0.977648,1.367340
858,127.558,B,4,-2.708520,-61.314019,-2.800315,-63.073046,0.471080,-0.027235,103.5980,0.169666,103.6327,0.149013,-1.089390,-63.404661,103.4933,1.742767,2.644309,-1.710926,0.331616,-1.619130,2.090643
859,127.690,B,4,-2.119443,-61.023689,-2.792737,-62.715461,0.487799,-0.038846,104.4640,0.161658,104.4754,0.143796,-1.072823,-63.141989,104.3438,1.772013,2.362754,-1.719914,0.426528,-1.046619,2.118300
860,127.831,B,4,-2.248542,-61.457097,-2.681622,-62.367966,0.496281,-0.070587,105.2640,0.152188,105.2732,0.137468,-1.057113,-62.877404,105.1483,1.702515,1.853854,-1.624509,0.509438,-1.191428,1.420307
861,127.980,B,4,-2.696392,-60.778932,-2.610956,-62.158029,0.477548,-0.085901,106.0257,0.143884,106.0328,0.140360,-1.043471,-62.610443,105.9136,1.631468,2.467100,-1.567485,0.452413,-1.652921,1.831511
862,128.126,B,4,-2.079857,-60.180379,-2.631371,-61.866307,0.480917,-0.085716,106.7596,0.136995,106.7590,0.123288,-1.032932,-62.340470,106.6450,1.667284,2.400426,-1.598439,0.474162,-1.046925,2.160091
863,128.263,B,4,-1.955640,-60.969603,-2.539199,-61.519517,0.489155,-0.111292,107.4579,0.130594,107.4523,0.116413,-1.025633,-62.066972,107.3437,1.609531,1.438448,-1.513566,0.547455,-0.930007,1.097370
864,128.409,B,4,-2.162410,-59.533461,-2.439518,-61.373471,0.456082,-0.125994,108.1205,0.124041,108.1096,0.111648,-1.020059,-61.733959,108.1352,1.464519,2.479347,-1.419459,0.360489,-1.142352,2.200499
865,128.538,B,4,-2.076872,-60.388127,-2.392491,-61.010619,0.483369,-0.144033,108.6338,0.119883,108.7289,0.102631,-1.016975,-61.452908,108.7529,1.444876,1.502379,-1.375517,0.442289,-1.059898,1.064781
866,128.663,B,4,-2.403111,-59.437447,-2.338509,-60.844504,0.446484,-0.145032,109.3526,0.112470,109.3117,0.101958,-1.015294,-61.226350,109.2207,1.377209,2.264113,-1.323215,0.381846,-1.387817,1.788903
867,128.811,B,4,-2.128588,-58.748826,-2.351432,-60.549149,0.452729,-0.143547,109.9201,0.106739,109.8633,0.096542,-1.014648,-60.884841,109.8848,1.378289,2.409030,-1.336784,0.335692,-1.113940,2.136015
868,128.947,B,4,-2.448080,-59.046335,-2.314050,-60.183310,0.468660,-0.156957,110.4473,0.100589,110.3893,0.091188,-1.016656,-60.599461,110.4099,1.362502,2.112149,-1.297393,0.416151,-1.431423,1.553126
869,129.085,B,4,-2.665415,-58.094408,-2.339772,-59.933629,0.464098,-0.150089,110.9479,0.095073,110.8931,0.095719,-1.020273,-60.370634,110.8139,1.389983,2.808505,-1.319500,0.437005,-1.645142,2.276226
870,129.240,B,4,-2.554687,-59.569923,-2.400573,-59.559692,0.486140,-0.145956,111.4397,0.091111,111.3739,0.078562,-1.028896,-60.025580,111.3926,1.448637,1.592376,-1.371677,0.465888,-1.525791,0.455657
871,129.374,B,4,-2.918032,-58.756055,-2.431179,-59.522258,0.449933,-0.129141,111.8147,0.087857,111.7884,0.024550,-1.036473,-59.793601,111.7524,1.420856,2.148666,-1.394706,0.271343,-1.881559,1.037546
872,129.519,B,4,-2.932949,-57.905095,-2.522589,-59.334385,0.430278,-0.107226,111.7406,0.038316,111.6092,0.009525,-1.049124,-59.510017,111.6108,1.483896,2.474787,-1.473465,0.175632,-1.883825,1.604922
873,129.655,B,4,-2.328750,-57.936275,-2.600210,-59.047036,0.451550,-0.103112,112.0301,0.048677,112.1336,0.150460,-1.058204,-59.226943,111.9886,1.552465,1.811108,-1.542006,0.179906,-1.270546,1.290668
874,129.796,B,4,-3.110959,-57.985634,-2.559298,-58.808038,0.442858,-0.117294,112.5648,0.064429,112.4203,-0.055878,-1.066882,-58.946901,112.4559,1.498862,2.258824,-1.492416,0.138863,-2.044077,0.961267
875,129.931,B,4,-2.841769,-57.234191,-2.663767,-58.611594,0.427150,-0.095898,112.3229,0.018582,112.2120,0.028764,-1.080760,-58.675868,112.1873,1.584311,2.275870,-1.583007,0.064274,-1.761009,1.441677
876,130.072,B,4,-2.121643,-56.649258,-2.702762,-58.325045,0.434641,-0.098899,112.5548,0.026483,112.4401,-0.045032,-1.094628,-58.401695,112.4644,1.609960,2.031206,-1.608135,0.076650,-1.027016,1.752437
877,130.221,B,4,-2.324390,-56.492816,-2.606227,-57.984606,0.441237,-0.131219,112.2473,-0.005896,112.1345,0.002513,-1.113009,-58.136031,112.1376,1.500877,2.041470,-1.493218,0.151425,-1.211382,1.643214
878,130.358,B,4,-2.518201,-56.618064,-2.560375,-57.675120,0.445003,-0.148116,112.1157,-0.014048,111.9554,-0.078038,-1.131067,-57.871614,112.0235,1.442752,1.869634,-1.429309,0.196495,-1.387134,1.253550
879,130.495,B,4,-2.446457,-55.739466,-2.555426,-57.442036,0.437074,-0.149569,111.7545,-0.034194,111.6481,-0.050333,-1.149675,-57.613439,111.6987,1.416163,2.278907,-1.405752,0.171403,-1.296783,1.873973
880,130.647,B,4,-2.942091,-55.913965,-2.537930,-57.094724,0.450659,-0.161847,111.3726,-0.047772,111.2386,-0.083531,-1.168166,-57.360938,111.3100,1.395393,2.289223,-1.369763,0.266215,-1.773924,1.446973
881,130.795,B,4,-2.764580,-55.853597,-2.610764,-56.838575,0.452413,-0.148625,110.8949,-0.062561,110.7461,-0.089161,-1.187424,-57.114614,110.8302,1.449860,2.019303,-1.423340,0.276038,-1.577156,1.261017
882,130.928,B,4,-3.247532,-55.813782,-2.639885,-56.617549,0.444099,-0.142327,110.3436,-0.076541,110.1773,-0.106585,-1.208382,-56.873792,110.2732,1.454256,2.298207,-1.431503,0.256243,-2.039150,1.060010
883,131.071,B,4,-2.641732,-55.991419,-2.749604,-56.429662,0.436520,-0.118803,109.7099,-0.090744,109.5369,-0.109723,-1.231679,-56.637269,109.6441,1.532057,1.550926,-1.517926,0.207607,-1.410053,0.645850
884,131.209,B,4,-3.439984,-55.014465,-2.733387,-56.308279,0.407971,-0.116721,109.0069,-0.103976,108.8265,-0.128256,-1.257300,-56.403732,108.9449,1.479170,2.587310,-1.476087,0.095453,-2.182684,1.389267
885,131.346,B,4,-3.156225,-55.114292,-2.860781,-56.037126,0.421572,-0.098090,108.2306,-0.117035,108.0470,-0.146714,-1.284755,-56.172401,108.1763,1.581820,2.149882,-1.576025,0.135275,-1.871470,1.058109
886,131.479,B,4,-3.076186,-54.330429,-2.916639,-55.831378,0.416076,-0.090123,107.4659,-0.122460,107.3145,-0.079121,-1.313661,-55.942786,107.3882,1.606845,2.388763,-1.602978,0.111408,-1.762525,1.612357
887,131.616,B,4,-2.625495,-54.547478,-2.948707,-55.523445,0.429173,-0.094211,107.1026,-0.098516,106.9593,-0.127540,-1.341853,-55.710955,107.0700,1.617758,1.732460,-1.606854,0.187510,-1.283642,1.163477
888,131.757,B,4,-2.276741,-54.058031,-2.893736,-55.307616,0.417492,-0.107698,105.9771,-0.141555,105.7825,-0.212738,-1.377113,-55.475621,105.9866,1.525900,1.678955,-1.516623,0.168005,-0.899628,1.417590
889,131.901,B,4,-3.142346,-53.506550,-2.784614,-55.043827,0.413197,-0.132772,105.2563,-0.130994,105.1480,-0.019240,-1.411339,-55.240778,105.1764,1.387327,2.450293,-1.373276,0.196951,-1.731007,1.734228
890,132.043,B,4,-2.725040,-53.830940,-2.846191,-54.728419,0.430348,-0.124593,104.7366,-0.116361,104.5830,-0.180828,-1.445535,-55.007381,104.7408,1.428165,1.738145,-1.400655,0.278962,-1.279505,1.176441
891,132.184,B,4,-2.312866,-53.485780,-2.822979,-54.525601,0.418715,-0.126306,103.8790,-0.127653,103.7629,-0.058195,-1.486505,-54.775170,103.8237,1.359576,1.531469,-1.336474,0.249568,-0.826360,1.289390
892,132.311,B,4,-3.427378,-53.173085,-2.729921,-54.298648,0.409330,-0.142426,103.3945,-0.111131,103.2598,-0.161199,-1.524185,-54.542544,103.4010,1.230156,2.344687,-1.205736,0.243896,-1.903192,1.369459
893,132.453,B,4,-3.888080,-52.610137,-2.849498,-54.056756,0.415971,-0.115482,102.7945,-0.106345,102.6888,-0.096289,-1.564845,-54.307274,102.7730,1.308852,2.877099,-1.284653,0.250519,-2.323235,1.697137
894,132.610,B,4,-2.851408,-53.355402,-3.031992,-53.757696,0.436222,-0.081710,102.2265,-0.102740,102.0585,-0.091241,-1.614426,-54.018252,102.1004,1.441313,1.403387,-1.417566,0.260556,-1.236982,0.662850
895,132.727,B,4,-3.317580,-52.363760,-3.000885,-53.643500,0.406768,-0.083796,101.7084,-0.097087,101.6120,-0.097064,-1.648845,-53.820728,101.6910,1.363606,2.215273,-1.352040,0.177228,-1.668735,1.456968
896,132.886,B,4,-3.121240,-51.568483,-3.057006,-53.375753,0.415343,-0.075665,101.2164,-0.091865,101.1394,-0.077476,-1.703828,-53.518167,101.1212,1.360651,2.410461,-1.353178,0.142414,-1.417411,1.949684
897,133.003,B,4,-3.634134,-51.734139,-3.068725,-53.013492,0.439564,-0.081076,100.7601,-0.086384,100.7018,-0.065723,-1.742616,-53.313732,100.7697,1.359673,2.464337,-1.326110,0.300240,-1.891519,1.579593
898,133.161,B,4,-3.241569,-51.843776,-3.169422,-52.740927,0.446931,-0.063488,100.3248,-0.080416,100.2928,-0.066149,-1.802423,-53.005742,100.2769,1.392412,1.849677,-1.366998,0.264815,-1.439146,1.161966
899,133.309,B,4,-2.661154,-50.535461,-3.183724,-52.539572,0.436582,-0.061694,99.9475,-0.075475,99.9047,-0.065210,-1.852037,-52.749357,99.8895,1.348110,2.357118,-1.331687,0.209785,-0.809116,2.213896
900,133.451,B,4,-3.566251,-50.868322,-3.091839,-52.140710,0.461661,-0.088840,99.5745,-0.070955,99.5332,-0.065555,-1.900577,-52.493344,99.5187,1.242359,2.327051,-1.191262,0.352634,-1.665675,1.625022
901,133.582,B,4,-2.843721,-50.575815,-3.175005,-51.869097,0.465702,-0.072408,99.2287,-0.066386,99.1789,-0.056511,-1.938916,-52.288076,99.2343,1.305167,1.936624,-1.236089,0.418980,-0.904805,1.712262
902,133.734,B,4,-2.850841,-50.337922,-3.116151,-51.593718,0.464635,-0.085916,98.8947,-0.062718,98.8460,-0.058940,-1.987318,-52.029370,98.8976,1.209982,1.899123,-1.128832,0.435652,-0.863523,1.691448
903,133.870,B,4,-3.552382,-50.254378,-3.067390,-51.322963,0.462929,-0.095227,98.5685,-0.059108,98.5382,-0.046576,-2.047715,-51.713258,98.5264,1.091819,2.095794,-1.019675,0.390295,-1.504667,1.458880
904,134.008,B,4,-2.842374,-49.468379,-3.151295,-51.087192,0.459950,-0.075348,98.2949,-0.054223,98.2544,-0.050625,-2.100224,-51.443749,98.2435,1.109903,2.110183,-1.051071,0.356557,-0.742150,1.975370
905,134.138,B,4,-3.575814,-49.274838,-3.095340,-50.756049,0.472082,-0.089003,98.0355,-0.051234,97.9886,-0.038972,-2.142961,-51.224280,98.0303,1.061257,2.419378,-0.952379,0.468231,-1.432853,1.949442
906,134.274,B,4,-3.126372,-49.471140,-3.178492,-50.444442,0.482184,-0.071912,97.7816,-0.047566,97.7330,-0.047011,-2.196039,-50.946366,97.7734,1.103242,1.744078,-0.982453,0.501924,-0.930333,1.475225
907,134.419,B,4,-3.475669,-49.513284,-3.168524,-50.226270,0.470610,-0.072356,97.5393,-0.045866,97.4838,-0.045470,-2.247779,-50.666451,97.5232,1.020554,1.684491,-0.920745,0.440182,-1.227890,1.153167
908,134.566,B,4,-3.665994,-48.472099,-3.222063,-50.062972,0.461682,-0.059487,97.3369,-0.045125,97.2422,-0.038119,-2.298205,-50.386366,97.2802,0.978825,2.352714,-0.923858,0.323394,-1.367789,1.914267
909,134.712,B,4,-3.780108,-48.510799,-3.300822,-49.728383,0.467728,-0.045084,97.0523,-0.043018,97.0127,-0.033621,-2.348202,-50.106882,97.0484,1.025059,2.144256,-0.952620,0.378500,-1.431905,1.596083
910,134.848,B,4,-3.820659,-47.602113,-3.387192,-49.466553,0.468700,-0.029755,96.8429,-0.040183,96.7984,-0.034825,-2.398700,-49.827427,96.8316,1.052305,2.640832,-0.988491,0.360874,-1.421959,2.225315
911,134.989,B,4,-4.114819,-47.353649,-3.466689,-49.089687,0.492469,-0.020468,96.6451,-0.037730,96.5986,-0.033832,-2.449941,-49.546303,96.6297,1.114574,2.753099,-1.016749,0.456616,-1.664878,2.192654
912,135.121,B,4,-3.412785,-47.561364,-3.585395,-48.733407,0.510369,-0.003480,96.4478,-0.036182,96.4086,-0.036839,-2.501344,-49.261417,96.4386,1.205803,1.928965,-1.084051,0.528011,-0.911441,1.700053
913,135.257,B,4,-3.766704,-47.971715,-3.559732,-48.476026,0.502536,-0.014681,96.2578,-0.034783,96.2229,-0.032110,-2.552042,-48.971321,96.2525,1.122834,1.573091,-1.007690,0.495295,-1.214661,0.999606
914,135.402,B,4,-4.368320,-46.777464,-3.600354,-48.338067,0.473252,-0.008081,96.0748,-0.033542,96.0397,-0.023242,-2.601581,-48.675949,96.0688,1.054377,2.593379,-0.998773,0.337882,-1.766739,1.898485
915,135.536,B,4,-3.961721,-47.683119,-3.740955,-48.014930,0.487074,0.013552,95.9012,-0.032180,95.8615,-0.035824,-2.650236,-48.376657,95.8895,1.149136,1.483573,-1.090719,0.361726,-1.311485,0.693538
916,135.671,B,4,-4.006500,-46.206920,-3.786288,-47.909399,0.453108,0.018795,95.7235,-0.031497,95.6927,-0.024707,-2.698722,-48.075549,95.7189,1.100184,2.280802,-1.087566,0.166150,-1.307778,1.868629
917,135.811,B,4,-4.869053,-46.121165,-3.831521,-47.563186,0.471617,0.018024,95.5755,-0.028957,95.5354,-0.024811,-2.747539,-47.774469,95.5598,1.104381,2.689653,-1.083982,0.211283,-2.121514,1.653304
918,135.954,B,4,-3.571304,-45.706335,-4.022223,-47.261492,0.482192,0.047924,95.4240,-0.027771,95.3882,-0.023878,-2.796520,-47.474225,95.4112,1.244027,1.930214,-1.225703,0.212733,-0.774784,1.767890
919,136.107,B,4,-4.332885,-45.838711,-3.950825,-46.939010,0.490056,0.021189,95.2869,-0.025973,95.2472,-0.032095,-2.844964,-47.174352,95.2695,1.130625,1.999461,-1.105861,0.235342,-1.487921,1.335641
920,136.247,B,4,-4.705243,-45.846045,-4.025107,-46.696401,0.483965,0.028826,95.1412,-0.025625,95.1092,-0.025504,-2.892234,-46.873354,95.1312,1.146610,2.083835,-1.132874,0.176953,-1.813010,1.027308
921,136.393,B,4,-3.920865,-45.306233,-4.153037,-46.498900,0.470509,0.047469,95.0082,-0.024590,94.9743,-0.018214,-2.938336,-46.569376,94.9956,1.216743,1.600279,-1.214700,0.070476,-0.982529,1.263143
922,136.533,B,4,-3.535385,-44.110410,-4.120137,-46.241892,0.467415,0.030381,94.8847,-0.023205,94.8463,-0.013735,-2.983973,-46.261098,94.8662,1.136327,2.220251,-1.136164,0.019206,-0.551413,2.150688
923,136.678,B,4,-4.689299,-44.290609,-4.022659,-45.817864,0.497225,-0.000835,94.7483,-0.023339,94.7296,-0.013083,-3.030001,-45.948364,94.7474,1.001199,2.345510,-0.992658,0.130500,-1.659297,1.657755
924,136.828,B,4,-4.036273,-44.115945,-4.145160,-45.498311,0.506611,0.018175,94.6571,-0.020111,94.6257,-0.016510,-3.076783,-45.632246,94.6415,1.076740,1.794377,-1.068378,0.133935,-0.959490,1.516301
925,136.974,B,4,-4.527143,-44.404540,-4.131400,-45.203823,0.507342,0.008052,94.5536,-0.019206,94.5323,-0.021898,-3.123915,-45.314541,94.5467,1.013551,1.672468,-1.007485,0.110719,-1.403228,0.910001
926,137.131,B,4,-4.880312,-42.934529,-4.206444,-45.012960,0.488620,0.019013,94.4570,-0.018137,94.4456,-0.017955,-3.170579,-44.996968,94.4592,1.035989,2.678963,-1.035865,-0.015992,-1.709734,2.062439
927,137.276,B,4,-4.151124,-42.798130,-4.331795,-44.596259,0.518597,0.035076,94.3681,-0.016965,94.3635,-0.016661,-3.216202,-44.680476,94.3764,1.118767,2.101739,-1.115593,0.084217,-0.934922,1.882346
928,137.434,B,4,-4.310997,-42.895558,-4.306711,-44.226758,0.533004,0.019807,94.2761,-0.016531,94.2868,-0.003864,-3.260917,-44.364925,94.2986,1.054881,1.806020,-1.045794,0.138167,-1.050080,1.469367
929,137.580,B,4,-4.042224,-42.357186,-4.313174,-43.938787,0.529782,0.014156,94.2147,-0.014216,94.2187,-0.005681,-3.305485,-44.049161,94.2288,1.013716,1.845417,-1.007689,0.110375,-0.736739,1.691975
930,137.729,B,4,-5.045075,-41.771794,-4.270020,-43.606546,0.535097,-0.001503,94.1673,-0.011640,94.1628,-0.011934,-3.350747,-43.731514,94.1708,0.927728,2.590608,-0.919273,0.124968,-1.694328,1.959720
931,137.883,B,4,-5.293173,-42.221879,-4.411565,-43.228551,0.551992,0.021415,94.1293,-0.009358,94.1203,-0.005749,-3.397026,-43.410575,94.1262,1.030738,2.237938,-1.014538,0.182023,-1.896147,1.188695
932,138.029,B,4,-5.196645,-41.350736,-4.574374,-42.996545,0.537670,0.048347,94.0995,-0.007710,94.0893,-0.008421,-3.443949,-43.085872,94.0936,1.133949,2.466301,-1.130426,0.089327,-1.752696,1.735135
933,138.191,B,4,-5.479000,-41.515971,-4.693466,-42.652330,0.547026,0.061653,94.0770,-0.006161,94.0666,-0.001418,-3.500117,-42.692309,94.0658,1.194019,2.302118,-1.193349,0.039979,-1.978883,1.176338
934,138.337,B,4,-5.086313,-42.069158,-4.840527,-42.408820,0.548513,0.082648,94.0687,-0.004604,94.0506,-0.004530,-3.546351,-42.362934,94.0501,1.294990,1.567734,-1.294177,-0.045885,-1.539963,0.293776
935,138.494,B,4,-4.963777,-40.703493,-4.898126,-42.286779,0.498446,0.081183,94.0438,-0.004079,94.0418,0.002009,-3.592334,-42.034043,94.0416,1.330026,1.910816,-1.305792,-0.252736,-1.371442,1.330550
936,138.658,B,4,-5.158242,-40.398060,-4.920970,-41.957461,0.508305,0.071570,94.0470,-0.002066,94.0423,0.004520,-3.638730,-41.706576,94.0426,1.306553,2.005276,-1.282239,-0.250885,-1.519511,1.308517
937,138.815,B,4,-5.426595,-39.448434,-4.973541,-41.631511,0.516714,0.069209,94.0612,-0.000017,94.0537,-0.002375,-3.686047,-41.380396,94.0544,1.311754,2.600382,-1.287494,-0.251115,-1.740548,1.931962
938,138.968,B,4,-4.689524,-39.867861,-5.061636,-41.206945,0.558626,0.074788,94.0729,0.000950,94.0757,0.010220,-3.734266,-41.054345,94.0767,1.336113,1.523241,-1.327371,-0.152600,-0.955258,1.186485
939,139.123,B,4,-4.949552,-38.784926,-5.008024,-40.907947,0.541950,0.049208,94.1147,0.003500,94.1063,0.007489,-3.773167,-40.792476,94.1009,1.240244,2.326830,-1.234857,-0.115471,-1.176385,2.007549
940,139.277,B,4,-4.818329,-38.491904,-5.006098,-40.478890,0.565881,0.036919,94.1429,0.004173,94.1434,0.013223,-3.821747,-40.462614,94.1371,1.184463,2.208364,-1.184351,-0.016276,-0.996582,1.970710
941,139.434,B,4,-5.081939,-39.043903,-4.980486,-40.069214,0.582420,0.021495,94.1954,0.006125,94.1866,0.006184,-3.879788,-40.062308,94.1885,1.100720,1.575538,-1.100698,-0.006906,-1.202151,1.018406
942,139.574,B,4,-5.699238,-37.756038,-5.003221,-39.844760,0.575505,0.020846,94.2361,0.007366,94.2372,0.016477,-3.918607,-39.793132,94.2285,1.085842,2.705623,-1.084614,-0.051628,-1.780630,2.037094
943,139.728,B,4,-5.218670,-37.713327,-5.134055,-39.410002,0.586247,0.038014,94.2949,0.007825,94.2972,0.005438,-3.967787,-39.455323,94.2869,1.167149,2.144589,-1.166268,0.045321,-1.250883,1.741997
944,139.894,B,4,-5.898048,-37.124118,-5.157015,-39.052273,0.591176,0.032946,94.3462,0.008300,94.3665,0.009002,-4.017964,-39.117538,94.3548,1.140919,2.740153,-1.139051,0.065265,-1.880084,1.993420
945,140.046,B,4,-5.140236,-38.019719,-5.296380,-38.652870,0.605746,0.051339,94.4154,0.009924,94.4430,0.016379,-4.068889,-38.780908,94.4304,1.234151,1.314227,-1.227491,0.128038,-1.071347,0.761189
946,140.202,B,4,-6.241870,-36.688219,-5.278064,-38.482578,0.569934,0.039084,94.4960,0.011673,94.5234,0.012214,-4.119911,-38.445599,94.5104,1.158743,2.755194,-1.158152,-0.036979,-2.121959,1.757380
947,140.357,B,4,-6.105926,-36.223149,-5.457696,-38.108965,0.582456,0.065193,94.5824,0.013018,94.6053,0.014561,-4.170458,-38.110769,94.5921,1.287239,2.703543,-1.287238,0.001804,-1.935468,1.887620
948,140.508,B,4,-5.238390,-35.974844,-5.583865,-37.718051,0.596244,0.077106,94.6713,0.014067,94.6887,0.016541,-4.220479,-37.774949,94.6752,1.364573,2.067976,-1.363386,0.056898,-1.017911,1.800106
949,140.665,B,4,-5.966758,-35.434404,-5.534533,-37.351264,0.600821,0.052382,94.7746,0.015689,94.7761,0.018461,-4.270494,-37.436712,94.7617,1.266925,2.624224,-1.264040,0.085448,-1.696264,2.002308
950,140.834,B,4,-5.276600,-35.551322,-5.621376,-36.952949,0.613406,0.057488,94.8697,0.016000,94.8699,0.020707,-4.321184,-37.095303,94.8544,1.307962,1.815680,-1.300192,0.142353,-0.955416,1.543980
951,140.993,B,4,-5.552186,-34.835592,-5.570610,-36.645116,0.603988,0.035493,94.9709,0.016664,94.9705,0.014718,-4.372844,-36.750958,94.9541,1.202433,2.249328,-1.197766,0.105842,-1.179342,1.915366
952,141.160,B,4,-6.289635,-34.895755,-5.575847,-36.265458,0.611094,0.026099,95.0699,0.016895,95.0750,0.010054,-4.425112,-36.404767,95.0582,1.159136,2.398659,-1.150735,0.139309,-1.864523,1.509012
953,141.315,B,4,-5.860534,-34.426146,-5.710668,-35.963358,0.603862,0.045202,95.1651,0.016668,95.1792,0.020260,-4.477194,-36.058161,95.1627,1.237112,2.139416,-1.233474,0.094802,-1.383340,1.632015
954,141.470,B,4,-6.222916,-33.797026,-5.746982,-35.632353,0.601674,0.041564,95.2689,0.017231,95.2802,0.010631,-4.528413,-35.712264,95.2643,1.221186,2.557241,-1.218569,0.079911,-1.694503,1.915239
955,141.634,B,4,-5.421797,-33.978853,-5.841075,-35.248382,0.611468,0.049005,95.3595,0.016697,95.3780,0.020862,-4.578660,-35.367421,95.3625,1.268015,1.624501,-1.262415,0.119040,-0.843138,1.388569
956,141.785,B,4,-6.291923,-32.287371,-5.776680,-34.964290,0.597108,0.025175,95.4475,0.016183,95.4751,0.016974,-4.628414,-35.023067,95.4595,1.149770,3.201765,-1.148266,0.058777,-1.663509,2.735696
957,141.936,B,4,-5.803716,-32.309471,-5.876376,-34.430866,0.637791,0.032669,95.5476,0.016549,95.5738,0.018671,-4.678341,-34.677978,95.5579,1.223254,2.622269,-1.198035,0.247112,-1.125375,2.368508
958,142.094,B,4,-5.635761,-32.382819,-5.872607,-33.992507,0.652650,0.019943,95.6534,0.017420,95.6778,0.015620,-4.728381,-34.334142,95.6606,1.194139,2.151976,-1.144226,0.341635,-0.907380,1.951323
959,142.253,B,4,-5.846186,-32.519848,-5.838619,-33.643757,0.647096,0.004115,95.7550,0.017534,95.7890,0.021386,-4.777305,-33.998377,95.7708,1.118992,1.824433,-1.061314,0.354620,-1.068881,1.478530
960,142.417,B,4,-6.210147,-31.411892,-5.846704,-33.381834,0.625411,0.000160,95.8747,0.018943,95.9051,0.020711,-4.824776,-33.668846,95.8863,1.061467,2.648225,-1.021928,0.287013,-1.385371,2.256954
961,142.566,B,4,-6.691728,-31.344351,-5.917688,-32.971362,0.637488,0.006387,95.9925,0.019598,96.0244,0.025451,-4.870676,-33.343741,96.0051,1.111261,2.704402,-1.047013,0.372379,-1.821052,1.999391
962,142.720,B,4,-6.351093,-31.140899,-6.062642,-32.620760,0.637524,0.027870,96.1303,0.021246,96.1473,0.028571,-4.915169,-33.022413,96.1273,1.215739,2.366849,-1.147474,0.401653,-1.435925,1.881514
963,142.890,B,4,-6.641026,-30.840987,-6.123328,-32.296672,0.630526,0.030228,96.2690,0.022491,96.2750,0.024536,-4.958588,-32.705555,96.2541,1.234425,2.511416,-1.164740,0.408883,-1.682438,1.864568
964,143.052,B,4,-6.402470,-30.513418,-6.225126,-31.977620,0.624190,0.040581,96.4171,0.023929,96.4084,0.027462,-5.001133,-32.394787,96.3867,1.293131,2.345910,-1.223993,0.417167,-1.401337,1.881369
965,143.203,B,4,-6.705356,-30.863201,-6.267380,-31.657728,0.617524,0.037557,96.5444,0.023141,96.5467,0.024420,-5.042639,-32.091868,96.5243,1.299410,2.067426,-1.224741,0.434140,-1.662718,1.228667
966,143.370,B,4,-6.593099,-30.799901,-6.355776,-31.457787,0.588425,0.046638,96.6786,0.023098,96.7045,0.020163,-5.090428,-31.740133,96.6932,1.296467,1.772585,-1.265348,0.282346,-1.502672,0.940232
967,143.511,B,4,-6.631529,-28.998234,-6.409118,-31.285068,0.556463,0.048107,96.8088,0.022963,96.8290,0.015312,-5.120759,-31.512558,96.8064,1.308290,2.933300,-1.288360,0.227489,-1.510771,2.514324
968,143.672,B,4,-6.869386,-29.907635,-6.460213,-30.823132,0.586077,0.042329,96.9390,0.022533,96.9702,0.028187,-5.164035,-31.179664,96.9759,1.344319,2.127506,-1.296178,0.356532,-1.705351,1.272029
