sample,timestamp_s,lintasan,run_ke,gps_x,gps_y,ekf_x,ekf_y,ekf_vx,ekf_vy,ekf_yaw_deg,ekf_yaw_rate,imu_yaw_deg,imu_yaw_rate_rads,gt_x,gt_y,gt_yaw_deg,error_ekf_m,error_gps_m,error_ekf_x,error_ekf_y,error_gps_x,error_gps_y
1,0,A,2,-0.565285,7.266203,-0.011326,7.513556,0.057137,0.014086,-0.0256,0.001999,-0.0459,-0.008854,0.287546,6.893048,-0.0413,0.688734,0.930895,-0.298872,0.620508,-0.852831,0.373155
2,0.078,A,2,0.656227,8.609187,-0.104443,7.470874,0.031623,0.003777,-0.0561,-0.003851,-0.0642,-0.006877,0.372322,6.893274,-0.0582,0.748951,1.739241,-0.476765,0.5776,0.283905,1.715913
3,0.296,A,2,0.568594,6.655632,0.032855,7.672946,0.057214,0.045509,-0.0877,-0.005663,-0.1103,0.000887,0.481228,6.888303,-0.1027,0.903717,0.248533,-0.448373,0.784644,0.087366,-0.232671
4,0.457,A,2,-0.015221,6.911569,0.133161,7.496638,0.071673,0.003176,-0.1271,-0.00604,-0.1487,-0.001565,0.589478,6.884121,-0.1441,0.763808,0.605322,-0.456317,0.612517,-0.604699,0.027447
5,0.602,A,2,1.113103,7.927343,0.114692,7.392857,0.058105,-0.018318,-0.1425,-0.002196,-0.16,0.004255,0.696627,6.886449,-0.1603,0.771425,1.121121,-0.581935,0.506408,0.416476,1.040894
6,0.797,A,2,0.040005,8.64362,0.298314,7.48621,0.088545,0.002792,-0.1299,0.001223,-0.1428,-0.010825,0.82561,6.898929,-0.1418,0.789265,1.913406,-0.527296,0.587281,-0.785606,1.744691
7,1.034,A,2,1.406817,8.002381,0.260461,7.692603,0.070539,0.044755,-0.1099,0.003284,-0.1171,-0.003711,0.937321,6.911656,-0.1164,1.03345,1.18748,-0.67686,0.780947,0.469496,1.090725
8,1.239,A,2,1.530802,7.789503,0.471203,7.752003,0.105093,0.051703,-0.115,0.000008,-0.1141,-0.005985,1.033327,6.918192,-0.1122,1.005596,1.003327,-0.562124,0.83381,0.497475,0.871311
9,1.505,A,2,1.090563,6.916784,0.667124,7.762641,0.135966,0.049142,-0.1341,-0.002328,-0.145,-0.008883,1.165057,6.919567,-0.1383,0.979138,0.074546,-0.497933,0.843074,-0.074494,-0.002783
10,1.701,A,2,1.353665,6.383641,0.757535,7.617516,0.135703,0.012969,-0.1922,-0.006919,-0.1913,-0.005755,1.310249,6.916197,-0.1842,0.89294,0.534323,-0.552714,0.701319,0.043416,-0.532556
11,1.884,A,2,1.499747,7.228622,0.876658,7.399132,0.144302,-0.032814,-0.2262,-0.005704,-0.2213,-0.0024,1.465718,6.914348,-0.2186,0.762894,0.316111,-0.58906,0.484784,0.034029,0.314275
12,2.06,A,2,1.836227,8.1074,0.99828,7.366318,0.1561,-0.036498,-0.2382,-0.003437,-0.2193,-0.005031,1.658034,6.921189,-0.2186,0.795873,1.199521,-0.659753,0.44513,0.178193,1.186212
13,2.214,A,2,2.046526,6.797437,1.161232,7.494234,0.171824,-0.005529,-0.2178,0.00187,-0.1974,0.012365,1.786314,6.930534,-0.2013,0.841715,0.292276,-0.625082,0.563699,0.260212,-0.133097
14,2.432,A,2,1.848052,6.821156,1.337823,7.369437,0.184488,-0.030251,-0.1889,0.003329,-0.1795,-0.00209,1.945172,6.942812,-0.1811,0.742213,0.155668,-0.607349,0.426625,-0.09712,-0.121656
15,2.629,A,2,1.960354,7.980714,1.442565,7.269882,0.189028,-0.048038,-0.1842,0.001636,-0.1862,-0.007488,2.102197,6.950423,-0.183,0.732918,1.040009,-0.659632,0.319459,-0.141843,1.030291
16,2.798,A,2,2.026454,7.882316,1.555593,7.390986,0.185928,-0.016787,-0.2133,-0.003448,-0.2238,-0.002594,2.259678,6.950942,-0.2163,0.830286,0.960131,-0.704085,0.440044,-0.233224,0.931374
17,3.017,A,2,2.408017,7.376354,1.657261,7.476733,0.18502,0.002636,-0.2591,-0.006748,-0.2731,-0.004059,2.422822,6.947961,-0.2657,0.930422,0.428649,-0.765561,0.528772,-0.014805,0.428393
18,3.246,A,2,2.495761,7.44262,1.808667,7.459036,0.194388,-0.00115,-0.2792,-0.004076,-0.3034,-0.001224,2.596434,6.947759,-0.3008,0.939138,0.504998,-0.787767,0.511277,-0.100673,0.494861
19,3.442,A,2,2.612972,7.160398,1.949669,7.45591,0.200547,-0.001538,-0.2792,-0.000598,-0.2988,0.006374,2.782163,6.954179,-0.3017,0.971998,0.266743,-0.832494,0.501731,-0.16919,0.206219
20,3.618,A,2,3.327311,6.944002,2.086997,7.403077,0.205293,-0.011971,-0.2427,0.004299,-0.2724,0.009791,2.978076,6.966064,-0.2768,0.992473,0.349931,-0.891079,0.437013,0.349235,-0.022062
21,3.835,A,2,3.552419,7.442351,2.327481,7.320132,0.230477,-0.027229,-0.2229,0.003602,-0.2549,0.0035,3.179607,6.977653,-0.256,0.918375,0.595762,-0.852127,0.342479,0.372812,0.464698
22,4.035,A,2,3.528986,7.613721,2.567665,7.339174,0.252611,-0.020009,-0.2348,-0.000598,-0.2654,-0.001312,3.382104,6.98366,-0.2617,0.888651,0.646955,-0.814439,0.355514,0.146882,0.630061
23,4.269,A,2,3.920233,8.092975,2.763062,7.38601,0.26306,-0.008016,-0.2599,-0.003402,-0.301,-0.008544,3.582468,6.983448,-0.2942,0.912952,1.1598,-0.819405,0.402562,0.337766,1.109528
24,4.49,A,2,4.093286,7.13009,2.994339,7.510948,0.279521,0.018491,-0.3122,-0.0074,-0.344,-0.003022,3.779602,6.980869,-0.3376,0.94743,0.347368,-0.785263,0.530079,0.313684,0.149221
25,4.68,A,2,3.905117,7.543449,3.216847,7.44477,0.29246,0.003117,-0.3453,-0.005776,-0.3712,0.000994,3.975565,6.981639,-0.3687,0.8889,0.566209,-0.758718,0.46313,-0.070448,0.561809
26,4.816,A,2,3.901321,7.115075,3.367514,7.462463,0.289229,0.006503,-0.3544,-0.002943,-0.3697,-0.001537,4.175304,6.988716,-0.3717,0.936462,0.301717,-0.80779,0.473747,-0.273983,0.126359
27,4.958,A,2,3.655324,8.151252,3.490353,7.401079,0.280799,-0.006581,-0.3462,0.000148,-0.3498,0.005193,4.383681,6.999929,-0.3532,0.979263,1.362369,-0.893328,0.40115,-0.728357,1.151323
28,5.149,A,2,4.679282,7.35319,3.54674,7.533832,0.25964,0.021201,-0.3217,0.003048,-0.3375,0.005904,4.602994,7.009992,-0.3379,1.179017,0.351574,-1.056254,0.52384,0.076288,0.343197
29,5.331,A,2,4.931879,7.495521,3.773324,7.503566,0.275662,0.012857,-0.327,0.000097,-0.3521,-0.000005,4.832175,7.014419,-0.3479,1.166374,0.491325,-1.058851,0.489147,0.099704,0.481102
30,5.535,A,2,5.140432,7.290589,4.006074,7.503205,0.291054,0.011562,-0.3514,-0.00286,-0.387,-0.015308,5.067452,7.013334,-0.381,1.168973,0.286699,-1.061379,0.489871,0.072979,0.277255
31,5.794,A,2,6.1137,8.615726,4.236021,7.46628,0.304136,0.002996,-0.3843,-0.00448,-0.4196,-0.005389,5.351422,7.011241,-0.4206,1.204649,1.776356,-1.115401,0.455039,0.762278,1.604485
32,6.035,A,2,4.920912,7.100771,4.600951,7.671156,0.342534,0.044644,-0.3916,-0.001644,-0.4322,0.000362,5.585253,7.014406,-0.4322,1.183289,0.669932,-0.984302,0.656751,-0.664341,0.086365
33,6.193,A,2,5.888686,8.958699,4.689575,7.573436,0.321431,0.019603,-0.3746,0.002521,-0.4218,0.004326,5.769564,7.021118,-0.4246,1.213025,1.941239,-1.079988,0.552317,0.119123,1.937581
34,6.402,A,2,6.583249,7.656968,4.933859,7.821628,0.333476,0.06794,-0.3665,0.002371,-0.4013,0.004716,6.044142,7.034111,-0.4006,1.361217,0.823764,-1.110283,0.787517,0.539107,0.622857
35,6.634,A,2,6.172396,8.217867,5.259455,7.798647,0.361004,0.055845,-0.3531,0.002349,-0.3919,0.007267,6.229305,7.040856,-0.3919,1.230795,1.178386,-0.969849,0.757791,-0.056908,1.177011
36,6.888,A,2,5.962613,7.599382,5.456672,7.878396,0.359197,0.065829,-0.3665,-0.001348,-0.407,-0.004728,6.515899,7.044284,-0.4081,1.348223,0.783747,-1.059227,0.834112,-0.553286,0.555098
37,7.086,A,2,6.206043,7.534869,5.574319,7.833869,0.350029,0.050551,-0.397,-0.004333,-0.438,-0.004179,6.765472,7.04274,-0.4392,1.42994,0.745085,-1.191153,0.791128,-0.559429,0.492129
38,7.312,A,2,6.844271,7.328136,5.718578,7.78524,0.339685,0.034665,-0.4226,-0.004129,-0.4599,0.00063,6.971851,7.041985,-0.458,1.457093,0.313304,-1.253273,0.743255,-0.12758,0.286152
39,7.549,A,2,7.539388,7.075026,5.956415,7.707366,0.341744,0.014291,-0.4336,-0.001572,-0.4546,0.002162,7.288629,7.04644,-0.4538,1.487151,0.252382,-1.332214,0.660926,0.250758,0.028586
40,7.804,A,2,7.220713,8.169061,6.270869,7.596008,0.366099,-0.009475,-0.4201,0.002192,-0.4258,0.006401,7.501172,7.053393,-0.4313,1.344648,1.15038,-1.230303,0.542615,-0.28046,1.115668
41,7.997,A,2,7.729741,8.612325,6.467564,7.696596,0.372485,0.012593,-0.4007,0.003519,-0.3928,0.005166,7.764621,7.063563,-0.3974,1.443291,1.549155,-1.297057,0.633033,-0.034881,1.548762
42,8.23,A,2,8.611834,8.225662,6.733283,7.860777,0.375433,0.044863,-0.3586,0.004614,-0.3749,0.009071,8.075398,7.072066,-0.3746,1.556707,1.272221,-1.342115,0.788712,0.536436,1.153596
43,8.47,A,2,8.233381,6.9016,7.103571,7.929767,0.406992,0.054174,-0.3637,0.000345,-0.3788,-0.002962,8.280619,7.073866,-0.3769,1.455338,0.178625,-1.177048,0.8559,-0.047238,-0.172266
44,8.701,A,2,8.985004,6.52112,7.343708,7.751792,0.4089,0.012151,-0.3844,-0.002176,-0.3939,-0.002619,8.538468,7.07348,-0.3916,1.373885,0.710278,-1.19476,0.678312,0.446535,-0.55236
45,8.913,A,2,8.496757,7.716502,7.675026,7.533726,0.429176,-0.033056,-0.3857,-0.000444,-0.3976,0.004282,8.855505,7.074769,-0.3972,1.266559,0.735202,-1.180478,0.458957,-0.358748,0.641733
46,9.115,A,2,8.57168,7.728377,7.85394,7.563332,0.426109,-0.023548,-0.3691,0.002261,-0.3732,0.006538,9.073822,7.079214,-0.3791,1.312434,0.820707,-1.219883,0.484118,-0.502142,0.649163
47,9.336,A,2,9.338564,7.725818,8.02881,7.589823,0.403062,-0.014703,-0.3096,0.00763,-0.3256,0.005556,9.35474,7.088356,-0.334,1.417589,0.637667,-1.325929,0.501467,-0.016175,0.637462
48,9.54,A,2,9.170529,8.375474,8.300627,7.612422,0.411652,-0.008068,-0.2644,0.008171,-0.2761,0.011033,9.642094,7.098111,-0.2832,1.436681,1.361628,-1.341468,0.514311,-0.471565,1.277363
49,9.779,A,2,9.739436,7.699844,8.495064,7.747296,0.403389,0.020493,-0.2157,0.008534,-0.2429,0.01065,9.931534,7.10466,-0.2468,1.573668,0.625417,-1.436471,0.642636,-0.192099,0.595184
50,9.992,A,2,10.118945,8.061526,8.755389,7.740674,0.409628,0.017063,-0.2067,0.003381,-0.2278,0.002734,10.218882,7.106879,-0.2294,1.594838,0.959863,-1.463494,0.633795,-0.099937,0.954647
51,10.205,A,2,10.18785,7.94168,9.037462,7.799292,0.419496,0.027276,-0.1894,0.003665,-0.2175,-0.002598,10.502356,7.10729,-0.2196,1.620119,0.891696,-1.464895,0.692003,-0.314506,0.83439
52,10.406,A,2,10.297912,7.960453,9.282541,7.827132,0.42076,0.030002,-0.1697,0.003482,-0.1943,0.003261,10.783113,7.109855,-0.1995,1.663191,0.979253,-1.500573,0.717277,-0.485201,0.850598
53,10.637,A,2,10.701018,6.941089,9.503743,7.853647,0.417033,0.032101,-0.1296,0.007031,-0.1481,0.017288,11.064188,7.11691,-0.157,1.725622,0.403492,-1.560445,0.736737,-0.363171,-0.175821
54,10.865,A,2,11.603932,8.306787,9.75698,7.694227,0.420391,-0.003811,-0.0671,0.009934,-0.0844,0.007221,11.349331,7.127351,-0.095,1.690245,1.206602,-1.59235,0.566876,0.254601,1.179435
55,11.109,A,2,11.870325,8.876028,10.126169,7.802882,0.446712,0.018932,-0.0238,0.008189,-0.0223,0.0035,11.641593,7.137403,-0.0313,1.655105,1.753606,-1.515424,0.665479,0.228733,1.738625
56,11.345,A,2,11.778332,7.464112,10.479631,7.995762,0.466753,0.056089,0.0297,0.008685,0.0239,0.010385,11.941819,7.143823,0.0177,1.692275,0.359602,-1.462188,0.851939,-0.163487,0.32029
57,11.59,A,2,12.034953,8.619052,10.755702,7.90655,0.468894,0.031579,0.0561,0.005548,0.0569,-0.002884,12.248187,7.146428,0.0519,1.674902,1.487982,-1.492485,0.760122,-0.213233,1.472624
58,11.822,A,2,12.656899,7.662442,11.028502,8.036488,0.470053,0.054363,0.0811,0.004669,0.0924,0.01411,12.55694,7.148114,0.0859,1.76786,0.523951,-1.528438,0.888373,0.099959,0.514328
59,12.065,A,2,12.876437,8.659519,11.363569,7.975233,0.483769,0.035661,0.1321,0.007709,0.1449,0.013599,12.8642,7.152611,0.1352,1.711315,1.506958,-1.500631,0.822622,0.012237,1.506908
60,12.275,A,2,13.581214,7.979124,11.679335,8.100627,0.49198,0.056976,0.2006,0.010629,0.2163,0.014325,13.168031,7.161391,0.2039,1.760222,0.916191,-1.488696,0.939236,0.413183,0.817733
61,12.452,A,2,13.337285,8.680184,12.06517,8.084699,0.513482,0.047063,0.2773,0.012759,0.2966,0.019437,13.468909,7.172702,0.2838,1.673984,1.513217,-1.403739,0.911997,-0.131624,1.507481
62,12.639,A,2,13.822852,6.932375,12.34096,8.195523,0.510179,0.064002,0.3577,0.012985,0.3705,0.013908,13.76905,7.183038,0.3597,1.75059,0.256372,-1.428089,1.012485,0.053803,-0.250662
63,12.866,A,2,15.248852,7.670391,12.653745,7.977171,0.514629,0.012046,0.4329,0.013234,0.4283,0.000103,14.071791,7.189748,0.4201,1.622001,1.271412,-1.418046,0.787423,1.17706,0.480643
64,13.142,A,2,13.713615,8.662805,13.165177,7.924139,0.558998,-0.000543,0.4814,0.01003,0.4757,0.008979,14.442894,7.193911,0.4776,1.471664,1.63997,-1.277717,0.730229,-0.729279,1.468895
65,13.366,A,2,14.311805,7.86589,13.316498,8.056062,0.525247,0.026128,0.5428,0.010613,0.5301,-0.005124,14.759918,7.197903,0.5326,1.679256,0.804371,-1.443421,0.858159,-0.448114,0.667987
66,13.597,A,2,15.180326,7.869003,13.544152,8.025234,0.510742,0.016534,0.6059,0.011738,0.6051,0.011286,15.082303,7.205487,0.6086,1.742955,0.670717,-1.538151,0.819747,0.098023,0.663515
67,13.738,A,2,14.880517,7.335384,13.88446,7.999591,0.520803,0.008895,0.6887,0.014104,0.6993,0.018964,15.341739,7.214381,0.6834,1.65536,0.47683,-1.457279,0.785209,-0.461222,0.121003
68,13.953,A,2,15.756278,8.643884,14.111801,7.882872,0.506603,-0.016267,0.7919,0.017014,0.7979,0.024548,15.729288,7.229286,0.8017,1.744545,1.414856,-1.617486,0.653586,0.026991,1.414599
69,14.186,A,2,15.60738,7.196272,14.455361,8.017607,0.517667,0.01228,0.8975,0.017056,0.8863,0.013743,16.048814,7.239492,0.8895,1.77329,0.443545,-1.593453,0.778116,-0.441435,-0.04322
70,14.428,A,2,16.613387,7.769037,14.708263,7.873191,0.509708,-0.019354,0.9708,0.014543,0.9588,0.012807,16.365386,7.246159,0.9615,1.771787,0.57871,-1.657124,0.627033,0.248001,0.522878
71,14.679,A,2,16.311759,7.9954,15.096282,7.853676,0.529463,-0.022074,1.0286,0.011387,1.0221,0.004667,16.680886,7.2508,1.0246,1.695415,0.831074,-1.584604,0.602876,-0.369128,0.7446
72,14.911,A,2,16.997977,8.021369,15.363528,7.87774,0.522564,-0.015418,1.1016,0.012672,1.0911,0.00447,16.934594,7.25526,1.079,1.68989,0.768726,-1.571065,0.62248,0.063383,0.766108
73,15.118,A,2,17.089448,8.353158,15.70685,7.902854,0.531481,-0.00961,1.1864,0.01379,1.1783,0.013828,17.320977,7.266177,1.1822,1.735156,1.111365,-1.614128,0.636677,-0.231529,1.086981
74,15.307,A,2,17.248319,8.423991,16.004321,7.983354,0.531151,0.006946,1.3045,0.018802,1.2827,0.020946,17.583556,7.276221,1.2653,1.730323,1.195726,-1.579235,0.707133,-0.335237,1.14777
75,15.518,A,2,17.846169,8.224716,16.274723,8.063637,0.525712,0.021541,1.4041,0.018399,1.3914,0.013173,17.983845,7.292319,1.3956,1.875109,0.942507,-1.709123,0.771318,-0.137676,0.932398
76,15.728,A,2,18.064698,7.906424,16.604739,8.09567,0.531907,0.024204,1.5039,0.017791,1.4902,0.014496,18.252921,7.301493,1.4754,1.829542,0.633537,-1.648182,0.794177,-0.188223,0.604931
77,15.946,A,2,18.647973,8.420199,16.915498,8.065723,0.533291,0.013979,1.5852,0.015183,1.5758,0.012458,18.588821,7.310103,1.5627,1.83602,1.11167,-1.673323,0.75562,0.059152,1.110095
78,16.181,A,2,18.851174,7.290024,17.274908,8.131608,0.544848,0.024044,1.6503,0.012701,1.6557,0.011315,18.922098,7.316957,1.6428,1.837632,0.075866,-1.647191,0.814651,-0.070925,-0.026933
79,16.44,A,2,19.167991,7.911966,17.607655,7.985734,0.548697,-0.009997,1.7212,0.012818,1.7412,0.019773,19.251996,7.32484,1.7268,1.772185,0.593105,-1.644341,0.660895,-0.084005,0.587126
80,16.663,A,2,19.542977,8.591139,17.938039,7.973321,0.552282,-0.013114,1.8298,0.016822,1.8392,0.017504,19.579496,7.335776,1.8226,1.760922,1.255894,-1.641458,0.637544,-0.036519,1.255363
81,16.835,A,2,19.129342,8.057625,18.276717,8.083792,0.557814,0.008933,1.9368,0.017698,1.9478,0.019285,19.907279,7.34948,1.93,1.78828,1.051977,-1.630562,0.734312,-0.777936,0.708145
82,17.073,A,2,20.564289,8.737084,18.482041,8.081875,0.535014,0.006262,2.0502,0.019306,2.0566,0.017024,20.238599,7.363626,2.0397,1.89773,1.411545,-1.756558,0.718249,0.32569,1.373458
83,17.312,A,2,20.531313,7.408732,18.904029,8.201031,0.55958,0.027101,2.154,0.018365,2.1562,0.022252,20.575519,7.375862,2.141,1.864077,0.055088,-1.67149,0.825169,-0.044206,0.03287
84,17.509,A,2,21.241442,7.272457,19.247319,8.064697,0.563729,-0.005989,2.2455,0.01698,2.2459,0.027846,20.91789,7.385639,2.2319,1.80331,0.342777,-1.670571,0.679058,0.323552,-0.113182
85,17.773,A,2,20.497334,8.160492,19.656474,7.925314,0.5807,-0.036441,2.3489,0.017709,2.3347,0.017965,21.263491,7.394624,2.32,1.692376,1.083306,-1.607017,0.53069,-0.766157,0.765868
86,17.972,A,2,21.13754,7.772054,19.862033,7.966028,0.555594,-0.0255,2.4573,0.0187,2.4323,0.024235,21.609203,7.405336,2.4159,1.834933,0.597451,-1.74717,0.560692,-0.471663,0.366718
87,18.178,A,2,21.59071,8.822255,20.142566,7.93142,0.548061,-0.03175,2.5812,0.020903,2.5411,0.01932,21.952488,7.419026,2.5231,1.881054,1.449116,-1.809922,0.512394,-0.361778,1.403229
88,18.404,A,2,23.040181,7.504399,20.453106,8.089396,0.548978,0.001482,2.6908,0.019322,2.6552,0.017943,22.292277,7.434734,2.637,1.952212,0.751141,-1.839171,0.654662,0.747904,0.069665
89,18.63,A,2,22.509872,7.603175,20.966371,7.987984,0.588859,-0.023568,2.8055,0.020267,2.765,0.018277,22.629353,7.450057,2.7481,1.74782,0.194219,-1.662982,0.537927,-0.119481,0.153118
90,18.844,A,2,23.204876,7.8917,21.297813,7.920053,0.587458,-0.037559,2.8984,0.017321,2.8635,0.020299,22.966215,7.463052,2.8486,1.72986,0.49061,-1.668403,0.457,0.238661,0.428648
91,19.043,A,2,23.414539,7.870988,21.693841,7.914326,0.59986,-0.038012,2.9787,0.014708,2.9531,0.020065,23.305902,7.473888,2.939,1.671145,0.411693,-1.612061,0.440439,0.108637,0.397101
92,19.303,A,2,23.355764,7.457453,22.057883,7.906037,0.604319,-0.038779,3.0682,0.014959,3.0439,0.012176,23.650426,7.48468,3.0288,1.647342,0.295917,-1.592543,0.421357,-0.294662,-0.027227
93,19.496,A,2,23.7762,8.119398,22.347103,7.825634,0.592377,-0.053493,3.1563,0.015983,3.1462,0.018407,23.999891,7.497816,3.1289,1.684985,0.660607,-1.652789,0.327818,-0.223691,0.621582
94,19.684,A,2,24.428192,7.948036,22.658696,7.876021,0.58762,-0.040286,3.2757,0.019449,3.2609,0.01876,24.352587,7.51409,3.242,1.732125,0.440483,-1.69389,0.361931,0.075605,0.433946
95,19.911,A,2,25.00739,8.202141,23.030323,7.888304,0.595199,-0.037073,3.4047,0.021821,3.3795,0.011856,24.70587,7.532058,3.3607,1.712999,0.734796,-1.675547,0.356245,0.30152,0.670083
96,20.136,A,2,25.025099,7.488587,23.439554,7.944099,0.609999,-0.025951,3.5073,0.018834,3.4915,0.013927,25.05731,7.549224,3.4744,1.665252,0.068662,-1.617757,0.394875,-0.032212,-0.060637
97,20.384,A,2,25.443929,8.267118,23.780509,7.864184,0.607748,-0.043037,3.6065,0.017974,3.5918,0.012952,25.405595,7.563957,3.5765,1.652586,0.704205,-1.625086,0.300227,0.038334,0.703161
98,20.63,A,2,26.117983,7.961502,24.135139,7.935537,0.610236,-0.027751,3.7001,0.016802,3.6837,0.018796,25.82001,7.579192,3.6874,1.722142,0.484715,-1.684871,0.356345,0.297974,0.38231
99,20.821,A,2,26.543497,8.614783,24.546832,7.941372,0.623255,-0.028324,3.7968,0.017121,3.7769,0.008142,26.095778,7.589642,3.7615,1.588379,1.118645,-1.548946,0.351729,0.44772,1.02514
100,21.036,A,2,26.878411,8.411919,24.962168,8.062585,0.636914,-0.005628,3.8879,0.016502,3.8776,0.016911,26.511077,7.608846,3.8814,1.614001,0.883097,-1.548909,0.453738,0.367334,0.803073
101,21.248,A,2,26.402378,8.081679,25.364406,8.128479,0.645679,0.003244,3.9896,0.017278,3.9781,0.010047,26.858567,7.629283,3.9822,1.575346,0.642472,-1.494161,0.499196,-0.456189,0.452396
102,21.483,A,2,26.840179,7.428521,25.598448,8.123963,0.633672,-0.001163,4.0576,0.0159,4.0814,0.016192,27.211008,7.650484,4.0854,1.680634,0.432182,-1.61256,0.473479,-0.370829,-0.221963
103,21.707,A,2,28.256132,8.532889,25.876681,8.004535,0.617075,-0.030239,4.1587,0.017311,4.1773,0.020437,27.567045,7.670311,4.181,1.723089,1.10403,-1.690364,0.334224,0.689088,0.862578
104,21.921,A,2,27.799105,8.025387,26.36821,8.100115,0.634565,-0.013248,3.8836,-0.043927,3.834,-0.12311,27.849836,7.68767,3.9553,1.537962,0.341506,-1.481626,0.412445,-0.050731,0.337717
105,22.141,A,2,28.114082,8.454577,26.670794,8.089038,0.637433,-0.018512,3.6134,-0.046614,3.6503,0.046502,28.259797,7.709759,3.6627,1.633642,0.758938,-1.589004,0.379279,-0.145715,0.744818
106,22.369,A,2,27.965857,8.631548,26.997727,8.15691,0.617357,-0.00664,3.9799,0.026566,3.9781,-0.013974,28.528852,7.722499,3.984,1.591558,1.069268,-1.531125,0.43441,-0.562995,0.909049
107,22.532,A,2,28.557306,8.106003,27.229103,8.244348,0.593931,0.008678,3.4789,-0.059362,3.437,-0.081231,28.915316,7.751673,3.421,1.756713,0.503707,-1.686212,0.492675,-0.35801,0.35433
108,22.701,A,2,28.820945,8.519167,27.524584,8.224186,0.584278,-0.000314,3.4161,-0.016143,3.4216,-0.01285,29.236407,7.774891,3.4198,1.769803,0.852382,-1.711823,0.449294,-0.415461,0.744276
109,22.913,A,2,29.897761,8.700894,27.809088,8.27954,0.575983,0.007367,2.9368,-0.072495,2.9157,-0.108084,29.489431,7.796831,3.02,1.748302,0.992,-1.680343,0.482709,0.40833,0.904064
110,23.15,A,2,28.953829,8.876585,28.235846,8.357788,0.596708,0.017085,2.5911,-0.061929,2.5742,-0.083159,29.807031,7.822199,2.6496,1.659963,1.356349,-1.571185,0.535589,-0.853202,1.054386
111,23.373,A,2,29.840106,7.950011,28.420907,8.453975,0.566334,0.032587,2.0506,-0.083979,2.0295,-0.078574,30.123042,7.847407,2.1069,1.806983,0.300966,-1.702135,0.606568,-0.282937,0.102604
112,23.581,A,2,30.708665,9.028971,28.727635,8.368999,0.562058,0.008507,1.4654,-0.097158,1.4267,-0.118626,30.497818,7.877589,1.4012,1.837126,1.170528,-1.770184,0.49141,0.210846,1.151382
113,23.823,A,2,30.678007,9.078195,29.122309,8.487353,0.592518,0.028577,0.9282,-0.109483,0.7605,-0.125636,30.742193,7.899257,0.8713,1.723335,1.180683,-1.619884,0.588096,-0.064185,1.178937
114,24.009,A,2,31.277031,8.119821,29.464699,8.596036,0.581496,0.0443,0.0552,-0.122348,0.0329,-0.131204,31.039551,7.928874,0.1534,1.710341,0.304725,-1.574853,0.667162,0.23748,0.190947
115,24.255,A,2,31.018149,8.848779,29.843073,8.514997,0.590524,0.020673,-0.7317,-0.133077,-0.7567,-0.145873,31.327648,7.960816,-0.626,1.584639,0.940355,-1.484576,0.55418,-0.309499,0.887962
116,24.488,A,2,31.265052,8.022479,30.109058,8.575087,0.576531,0.029749,-1.5954,-0.145769,-1.6122,-0.156295,31.608107,7.993615,-1.4707,1.607873,0.344267,-1.499048,0.581471,-0.343054,0.028863
117,24.704,A,2,32.000827,9.00678,30.370239,8.477442,0.562661,0.006391,-2.5276,-0.157488,-2.536,-0.170129,31.883856,8.025946,-2.3836,1.57952,0.987784,-1.513617,0.451496,0.116971,0.980834
118,24.929,A,2,32.036929,8.846829,30.714664,8.569153,0.56753,0.024858,-3.519,-0.168645,-3.5239,-0.171394,32.157939,8.057651,-3.3619,1.531233,0.798402,-1.443274,0.511502,-0.12101,0.789178
119,25.178,A,2,32.28286,7.547738,31.004612,8.616894,0.560636,0.033093,-4.5659,-0.178737,-4.5661,-0.193084,32.432233,8.089752,-4.3961,1.521834,0.56222,-1.427621,0.527142,-0.149372,-0.542014
120,25.406,A,2,33.133646,9.058428,31.285829,8.424762,0.55397,-0.00746,-5.6534,-0.186145,-5.6532,-0.19892,32.706685,8.123502,-5.4764,1.452443,1.027805,-1.420856,0.301261,0.426961,0.934927
121,25.608,A,2,32.267762,8.246613,31.667764,8.530679,0.566474,0.018943,-6.7817,-0.193768,-6.7828,-0.200178,32.979363,8.159357,-6.5991,1.363148,0.716931,-1.311599,0.371322,-0.711601,0.087256
122,25.85,A,2,32.997989,9.00973,31.828725,8.474864,0.534278,0.008154,-7.9663,-0.20271,-7.9594,-0.201761,33.247307,8.196679,-7.7678,1.4456,0.850418,-1.418582,0.278185,-0.249318,0.813051
123,26.089,A,2,33.030391,9.008636,32.087873,8.562914,0.523582,0.029831,-9.2042,-0.212279,-9.1884,-0.221886,33.50798,8.234368,-8.9881,1.457617,0.909716,-1.420107,0.328547,-0.477589,0.774268
124,26.365,A,2,33.372489,7.783853,32.305782,8.63627,0.505644,0.046188,-10.4854,-0.219708,-10.4703,-0.232286,33.760537,8.271886,-10.2618,1.499695,0.623504,-1.454755,0.364384,-0.388048,-0.488033
125,26.589,A,2,33.532213,9.404341,32.543897,8.479304,0.498817,0.015529,-11.8185,-0.22787,-11.7994,-0.232364,34.006225,8.30971,-11.584,1.472129,1.192855,-1.462328,0.169594,-0.474011,1.094631
126,26.827,A,2,34.003139,8.772928,32.767169,8.634766,0.481812,0.051888,-13.1782,-0.234452,-13.1659,-0.242464,34.247891,8.348859,-12.9452,1.508072,0.48963,-1.480723,0.285907,-0.244753,0.424068
127,27.046,A,2,34.074326,8.798626,33.033304,8.652777,0.478848,0.058699,-14.5732,-0.241107,-14.5615,-0.243157,34.488729,8.38988,-14.3364,1.478978,0.582068,-1.455425,0.262897,-0.414403,0.408746
128,27.279,A,2,35.355914,7.765344,33.264452,8.671834,0.468916,0.064833,-15.897,-0.22851,-15.8501,-0.154844,34.731479,8.43184,-15.6934,1.486528,0.913311,-1.467027,0.239994,0.624435,-0.666497
129,27.508,A,2,34.249822,8.901091,33.681302,8.503383,0.504334,0.041419,-16.7867,-0.182372,-16.7693,-0.234417,34.978736,8.469017,-16.5663,1.297889,0.847351,-1.297434,0.034366,-0.728914,0.432075
130,27.743,A,2,35.232728,8.455071,33.829993,8.563021,0.472775,0.055918,-18.4768,-0.266244,-18.4935,-0.291211,35.234992,8.50511,-18.2125,1.406192,0.05009,-1.404999,0.057911,-0.002264,-0.050038
131,27.99,A,2,35.560558,9.435081,34.124266,8.53371,0.477437,0.058887,-19.6671,-0.213875,-19.6057,-0.103326,35.489653,8.534503,-19.5016,1.365387,0.903365,-1.365387,-0.000793,0.070905,0.900578
132,28.238,A,2,36.240287,8.093336,34.425201,8.683228,0.473092,0.098166,-20.7269,-0.204837,-20.7206,-0.276838,35.740879,8.561067,-20.476,1.321337,0.684237,-1.315678,0.122162,0.499408,-0.46773
133,28.435,A,2,35.014493,9.277835,34.793724,8.569909,0.496459,0.086791,-22.0545,-0.21335,-21.9927,-0.127966,35.99163,8.591691,-21.8633,1.198104,1.193981,-1.197906,-0.021781,-0.977137,0.686144
134,28.648,A,2,36.304078,8.881481,34.880517,8.685398,0.44861,0.105204,-23.0072,-0.189579,-22.9826,-0.238175,36.288175,8.626365,-23.0374,1.408896,0.255611,-1.407659,0.059033,0.015903,0.255116
135,28.835,A,2,36.398458,8.564364,35.177395,8.712007,0.451842,0.118386,-23.9969,-0.169468,-23.9575,-0.171772,36.486701,8.648729,-23.8138,1.310834,0.122082,-1.309306,0.063278,-0.088243,-0.084365
136,29.105,A,2,35.937717,8.932039,35.438806,8.677795,0.451668,0.117089,-25.004,-0.171901,-24.9539,-0.163145,36.790318,8.677613,-24.9913,1.351512,0.889754,-1.351512,0.000181,-0.852602,0.254426
137,29.314,A,2,36.569106,9.785241,35.571671,8.714487,0.421765,0.120897,-25.9054,-0.161306,-25.8507,-0.154147,36.997468,8.691715,-25.7111,1.425979,1.174433,-1.425797,0.022772,-0.428361,1.093526
138,29.55,A,2,37.523709,8.600284,35.790895,8.89724,0.399976,0.158697,-26.7583,-0.152389,-26.6981,-0.146244,37.262723,8.703199,-26.5655,1.484563,0.280544,-1.471828,0.194041,0.260986,-0.102915
139,29.808,A,2,38.114589,8.403675,36.140268,8.840057,0.423295,0.158284,-27.5805,-0.145083,-27.4997,-0.143024,37.588585,8.710178,-27.5308,1.454128,0.60879,-1.448316,0.129878,0.526005,-0.306503
140,30.029,A,2,37.06309,8.762952,36.534509,8.756462,0.454145,0.157957,-28.1825,-0.109022,-28.0495,-0.002792,37.858986,8.71263,-28.0498,1.325202,0.797486,-1.324477,0.043832,-0.795897,0.050322
141,30.219,A,2,37.463338,7.998219,36.674207,8.750399,0.427704,0.151105,-28.3527,-0.062327,-28.2389,-0.110377,38.064895,8.718518,-28.15,1.391054,0.938457,-1.390688,0.031881,-0.601558,-0.720299
142,30.473,A,2,39.319249,9.032999,36.85751,8.609268,0.424145,0.124582,-29.2474,-0.132026,-29.1724,-0.134132,38.324068,8.726644,-29.0369,1.471248,1.041268,-1.466558,-0.117375,0.995181,0.306355
143,30.718,A,2,38.867441,9.157356,37.337117,8.674821,0.456066,0.16618,-29.4717,-0.054448,-29.3221,0.036838,38.567566,8.736031,-29.3634,1.231971,0.517145,-1.23045,-0.06121,0.299874,0.421325
144,30.957,A,2,38.550102,9.998006,37.655534,8.752837,0.453383,0.191084,-29.6574,-0.047559,-29.6061,-0.121439,38.804524,8.743939,-29.5016,1.149025,1.279616,-1.14899,0.008898,-0.254422,1.254068
145,31.186,A,2,39.01,8.334823,37.863806,8.968634,0.41737,0.227632,-29.8457,-0.024197,-29.6816,0.043732,39.089467,8.74837,-29.6746,1.245296,0.421113,-1.225661,0.220264,-0.079467,-0.413547
146,31.362,A,2,39.243008,9.005965,38.111682,8.854747,0.425104,0.205283,-29.8562,-0.011698,-29.7224,0.015914,39.281241,8.747802,-29.7312,1.174439,0.260979,-1.169559,0.106945,-0.038233,0.258163
147,31.599,A,2,39.570088,7.63117,38.348751,8.878985,0.425958,0.214251,-29.7111,0.014025,-29.5626,0.02406,39.520752,8.743551,-29.5789,1.179801,1.113474,-1.172001,0.135435,0.049336,-1.11238
148,31.864,A,2,38.940275,9.298235,38.618741,8.654289,0.43743,0.171602,-29.4427,0.035439,-29.2938,0.05629,39.759801,8.73717,-29.3427,1.144066,0.993185,-1.14106,-0.082881,-0.819526,0.561065
149,32.079,A,2,40.121712,9.09732,38.720768,8.762757,0.394223,0.181077,-29.0846,0.054039,-28.9289,0.074012,39.993518,8.730403,-28.9939,1.273162,0.388667,-1.27275,0.032355,0.128194,0.366918
150,32.328,A,2,39.658679,8.965055,39.011658,8.819323,0.39464,0.198894,-28.6242,0.071872,-28.4684,0.098536,40.218192,8.724375,-28.5482,1.210264,0.609083,-1.206534,0.094948,-0.559513,0.24068
151,32.55,A,2,40.501807,8.956156,39.169249,8.844134,0.374595,0.195753,-28.0638,0.089045,-27.9185,0.105994,40.432531,8.7193,-28.0123,1.269436,0.246779,-1.263283,0.124834,0.069275,0.236856
152,32.741,A,2,40.041875,8.874769,39.447052,8.864078,0.378818,0.20378,-27.4275,0.103353,-27.2815,0.116344,40.63794,8.71476,-27.3892,1.200212,0.617168,-1.190888,0.149318,-0.596066,0.160008
153,32.977,A,2,40.641488,8.980563,39.594241,8.866926,0.361113,0.194839,-26.7005,0.11868,-26.5571,0.139655,40.837845,8.709779,-26.6789,1.253493,0.334484,-1.243603,0.157147,-0.196357,0.270784
154,33.185,A,2,40.721038,8.655846,39.820021,8.888704,0.357835,0.197656,-25.8849,0.134543,-25.7458,0.152324,41.03641,8.702835,-25.8813,1.230507,0.318853,-1.216388,0.185869,-0.315372,-0.046989
155,33.424,A,2,41.14837,9.708863,40.019631,8.849775,0.356214,0.18639,-24.9812,0.150151,-24.8514,0.16058,41.236531,8.692443,-24.9998,1.227028,1.020236,-1.2169,0.157332,-0.088161,1.01642
156,33.64,A,2,41.252581,8.981199,40.25902,9.00498,0.344103,0.214766,-24.012,0.162499,-23.8801,0.178841,41.438576,8.678007,-24.0404,1.224036,0.355696,-1.179557,0.326973,-0.185995,0.303192
157,33.878,A,2,40.496768,8.516731,40.474489,9.006677,0.343562,0.2094,-22.9597,0.17661,-22.8381,0.193368,41.640431,8.660207,-23.0094,1.216331,1.152627,-1.165942,0.34647,-1.143663,-0.143476
158,34.076,A,2,41.58541,9.815306,40.516753,8.925478,0.318981,0.173684,-21.8349,0.189222,-21.7295,0.196817,41.83843,8.640783,-21.9112,1.351992,1.201467,-1.321677,0.284695,-0.25302,1.174523
159,34.314,A,2,41.878345,9.772347,40.734001,9.086909,0.316111,0.206566,-20.9001,0.197778,-20.557,0.209885,42.029246,8.621626,-20.7488,1.376281,1.160573,-1.295246,0.465283,-0.150901,1.150721
160,34.526,A,2,41.711943,10.186124,40.97812,9.218598,0.307743,0.22263,-19.4104,0.211328,-19.323,0.224247,42.211412,8.603757,-19.5244,1.378057,1.659324,-1.233292,0.614841,-0.499469,1.582367
161,34.732,A,2,42.658981,9.030037,41.143286,9.401632,0.288866,0.243696,-18.1011,0.222061,-18.0305,0.236451,42.385516,8.586929,-18.2411,1.485556,0.520699,-1.24223,0.814703,0.273466,0.443107
162,34.988,A,2,43.373836,9.638815,41.446546,9.349954,0.316837,0.228319,-16.7512,0.230834,-16.6837,0.239028,42.553984,8.569689,-16.9027,1.354707,1.34729,-1.107437,0.780265,0.819852,1.069127
163,35.289,A,2,42.359178,8.894116,41.824649,9.414554,0.34768,0.240881,-15.3561,0.238309,-15.2869,0.245573,42.753885,8.545641,-15.23,1.272199,0.526525,-0.929236,0.868913,-0.394707,0.348475
164,35.49,A,2,42.541218,8.961388,41.9581,9.336034,0.338769,0.206538,-13.9142,0.24677,-13.8427,0.259194,42.888376,8.526579,-14.077,1.233139,0.556398,-0.930276,0.809456,-0.347159,0.43481
165,35.687,A,2,42.715791,8.851936,42.098223,9.281441,0.330467,0.180511,-12.4162,0.256379,-12.351,0.259984,43.093388,8.493883,-12.2903,1.269095,0.520367,-0.995165,0.787558,-0.377597,0.358053
166,35.876,A,2,43.485863,9.445703,42.242883,9.215774,0.324582,0.154912,-10.8721,0.26451,-10.8099,0.2755,43.231199,8.470508,-11.0598,1.237817,1.007898,-0.988316,0.745266,0.254663,0.975195
167,36.143,A,2,44.193563,9.231142,42.49723,9.266276,0.334307,0.160192,-9.2792,0.272967,-9.2193,0.281393,43.435364,8.435263,-9.1547,1.253267,1.099222,-0.938134,0.831013,0.758199,0.795879
168,36.389,A,2,43.10618,10.032988,42.833069,9.271113,0.3618,0.158745,-7.6332,0.282506,-7.5831,0.286015,43.599292,8.406493,-7.5168,1.155277,1.699602,-0.766223,0.86462,-0.493112,1.626495
169,36.661,A,2,43.324973,8.27875,42.910603,9.414923,0.337256,0.175997,-6.2947,0.287453,-5.9077,0.300874,43.755485,8.37769,-5.8399,1.337789,0.441735,-0.844882,1.037234,-0.430512,-0.098939
170,36.88,A,2,43.495111,9.654429,43.02355,9.228633,0.32142,0.118089,-4.2372,0.295855,-4.1993,0.301024,43.87503,8.353805,-4.4746,1.220796,1.354976,-0.85148,0.874828,-0.379919,1.300624
171,37.091,A,2,43.108438,8.784241,43.13873,9.313968,0.304648,0.12474,-2.4941,0.30171,-2.4619,0.306966,44.048364,8.315339,-2.3919,1.350812,1.050395,-0.909635,0.998628,-0.939926,0.468902
172,37.306,A,2,44.395449,8.217266,43.163195,9.230856,0.27703,0.093716,-0.7138,0.307194,-0.6955,0.319005,44.191702,8.280693,-0.6242,1.400227,0.213391,-1.028507,0.950163,0.203747,-0.063428
173,37.523,A,2,44.280875,9.098479,43.409333,9.060212,0.298697,0.053527,1.0911,0.311897,1.1034,0.322992,44.308209,8.251822,0.8132,1.208914,0.847098,-0.898876,0.80839,-0.027335,0.846657
174,37.753,A,2,44.216032,7.720045,43.58669,9.07213,0.307314,0.053508,2.5625,0.316294,2.9382,0.327625,44.457362,8.215227,2.6421,1.221619,0.550859,-0.870672,0.856903,-0.24133,-0.495182
175,38.009,A,2,44.525835,8.174159,43.732804,8.840045,0.297365,-0.000049,4.8123,0.323607,4.8089,0.331779,44.609445,8.178741,4.5073,1.098099,0.083735,-0.876641,0.661304,-0.083609,-0.004582
176,38.228,A,2,44.148413,8.685863,43.902567,8.724814,0.29795,-0.023306,6.7254,0.32986,6.7118,0.334666,44.761471,8.142256,6.4054,1.03783,0.819359,-0.858905,0.582558,-0.613058,0.543607
177,38.407,A,2,44.502572,8.734136,43.97615,8.719599,0.278169,-0.022526,8.7252,0.333053,8.6412,0.34143,44.909954,8.104947,8.3309,1.117939,0.749559,-0.933804,0.614652,-0.407382,0.629189
178,38.564,A,2,45.324316,8.81645,44.089904,8.724045,0.276115,-0.021,10.2233,0.339064,10.5928,0.344977,45.080318,8.057866,10.6713,1.193614,0.796859,-0.990414,0.666179,0.243997,0.758584
179,38.716,A,2,45.396843,8.949587,44.339645,8.744722,0.289289,-0.018456,12.592,0.343053,12.5647,0.35017,45.188983,8.024794,12.2478,1.113405,0.947864,-0.849339,0.719928,0.20786,0.924792
180,38.922,A,2,45.952288,8.216868,44.554833,8.786364,0.29998,-0.013268,14.5893,0.346374,14.5571,0.349979,45.321036,7.981891,14.2369,1.110965,0.673568,-0.766202,0.804473,0.631252,0.234977
181,39.161,A,2,45.398931,8.534576,44.831523,8.692316,0.318091,-0.03907,16.6043,0.34963,16.5712,0.349933,45.452121,7.938118,16.2475,0.976707,0.598825,-0.620598,0.754198,-0.05319,0.596458
182,39.354,A,2,44.971165,8.755384,44.962724,8.670163,0.306663,-0.044357,18.6504,0.353804,18.6072,0.360528,45.585647,7.894502,18.28,0.994829,1.057689,-0.622923,0.775662,-0.614483,0.860882
183,39.561,A,2,45.831367,7.758163,44.993401,8.691122,0.278118,-0.03716,20.7095,0.357588,20.6637,0.35753,45.72346,7.851733,20.3334,1.112456,0.142827,-0.730058,0.839388,0.107908,-0.093571
184,39.818,A,2,45.46906,8.949912,45.168982,8.532216,0.27273,-0.07331,22.5799,0.326131,22.4691,0.229465,45.867331,7.811418,22.2467,1.003614,1.206145,-0.698349,0.720798,-0.398271,1.138493
185,40.007,A,2,46.392006,8.480066,45.249032,8.610394,0.260972,-0.054721,24.2151,0.30823,24.1386,0.373124,46.016739,7.777059,23.8088,1.133058,0.796897,-0.767707,0.833335,0.375267,0.703007
186,40.237,A,2,46.589392,8.613232,45.477131,8.593791,0.273651,-0.066332,26.5428,0.377435,26.4724,0.3538,46.171382,7.742505,26.1363,1.098486,0.965867,-0.694251,0.851286,0.41801,0.870727
187,40.471,A,2,46.317919,8.345285,45.701129,8.604063,0.285295,-0.072675,28.1032,0.293433,27.9701,0.233049,46.324668,7.71563,27.7667,1.085409,0.629692,-0.623539,0.888433,-0.006749,0.629655
188,40.712,A,2,46.162837,8.105661,45.838276,8.565466,0.275123,-0.082473,29.8784,0.315111,29.7979,0.374844,46.476659,7.687408,29.447,1.085595,0.522896,-0.638383,0.878057,-0.313822,0.418253
189,40.984,A,2,46.817306,8.559279,45.922999,8.490491,0.252861,-0.094365,31.5101,0.282684,31.3643,0.193171,46.628441,7.658959,31.1831,1.090456,0.919916,-0.705442,0.831532,0.188864,0.90032
190,41.254,A,2,46.931455,8.736281,46.107344,8.508341,0.258742,-0.096746,33.0534,0.281193,32.9623,0.299184,46.782275,7.634134,32.6793,1.104432,1.112196,-0.674931,0.874207,0.14918,1.102146
191,41.464,A,2,46.363259,8.423194,46.279635,8.555205,0.264043,-0.093572,34.4223,0.249681,34.3373,0.267724,46.941707,7.614952,34.0924,1.149964,0.993911,-0.662073,0.940253,-0.578449,0.808243
192,41.673,A,2,47.103476,9.091265,46.320518,8.538957,0.23904,-0.090195,35.8462,0.246724,35.7486,0.235539,47.110026,7.602797,35.5257,1.22463,1.488483,-0.789508,0.93616,-0.00655,1.488468
193,41.909,A,2,47.138077,8.682533,46.483122,8.644092,0.250445,-0.078555,37.1677,0.234496,37.0617,0.225454,47.286993,7.600133,36.8554,1.317597,1.092596,-0.803872,1.04396,-0.148917,1.0824
194,42.137,A,2,47.648445,9.791961,46.623237,8.659903,0.247164,-0.08227,38.4298,0.223918,38.3147,0.216585,47.471055,7.605448,38.1185,1.353023,2.193696,-0.847818,1.054455,0.17739,2.186512
195,42.376,A,2,47.269966,8.846803,46.82855,8.870322,0.276697,-0.060554,39.6454,0.215627,39.5053,0.202369,47.658919,7.616107,39.3189,1.504183,1.290696,-0.830369,1.254215,-0.388953,1.230696
196,42.629,A,2,47.853364,8.2467,46.931166,8.878956,0.262709,-0.064499,40.7898,0.204597,40.636,0.191443,47.847136,7.629403,40.4589,1.549317,0.617328,-0.91597,1.249553,0.006228,0.617297
197,42.893,A,2,47.851064,9.371028,47.11846,8.77878,0.250908,-0.096317,41.8745,0.194145,41.7101,0.187196,48.033605,7.643871,41.5419,1.457913,1.736777,-0.915146,1.134909,-0.182541,1.727158
198,43.109,A,2,47.865728,10.262928,47.272674,8.893709,0.260777,-0.086141,42.8891,0.182332,42.7314,0.174071,48.218306,7.659757,42.5714,1.554625,2.62694,-0.945632,1.233952,-0.352577,2.603171
199,43.336,A,2,47.740377,9.510241,47.401681,9.148574,0.283275,-0.052639,43.8628,0.173935,43.7025,0.164535,48.403118,7.678722,43.5504,1.778579,1.94774,-1.001437,1.469853,-0.662741,1.83152
200,43.602,A,2,47.890679,8.451109,47.484865,9.228346,0.273801,-0.045381,44.7868,0.165664,44.6253,0.158657,48.591046,7.703201,44.4809,1.884066,1.024636,-1.106181,1.525145,-0.700367,0.747908
201,43.846,A,2,48.723737,9.426048,47.578932,9.105748,0.240177,-0.07181,45.6756,0.159193,45.5017,0.15209,48.784798,7.735483,45.3645,1.825305,1.691667,-1.205866,1.370264,-0.061061,1.690565
202,44.065,A,2,48.570583,8.645873,47.80351,9.174815,0.255559,-0.083978,46.4963,0.148891,46.3348,0.140528,48.985327,7.776685,46.2042,1.830699,0.963068,-1.181818,1.39813,-0.414745,0.869188
203,44.311,A,2,49.307196,8.455411,47.962832,9.093271,0.238227,-0.108779,47.2795,0.140941,47.1289,0.14005,49.191319,7.826191,47.0043,1.764844,0.639801,-1.228488,1.26708,0.115877,0.62922
204,44.525,A,2,48.801792,8.89643,48.226429,8.990234,0.234281,-0.148624,48.069,0.135186,47.8883,0.127979,49.441482,7.893452,47.918,1.636851,1.189608,-1.215052,1.096782,-0.63969,1.002978
205,44.752,A,2,49.808583,8.412516,48.353477,8.980661,0.224222,-0.151598,48.7692,0.130076,48.6153,0.119089,49.648793,7.952862,48.6437,1.653547,0.486636,-1.295316,1.027799,0.15979,0.459654
206,44.975,A,2,49.317474,9.098861,48.637586,8.886622,0.224607,-0.188924,49.4641,0.124588,49.3102,0.119013,49.85341,8.01338,49.3373,1.496923,1.210576,-1.215824,0.873241,-0.535936,1.08548
207,45.203,A,2,48.972801,9.112033,48.786295,8.929226,0.225448,-0.183332,50.1186,0.117496,49.9723,0.109374,50.055809,8.074788,49.9981,1.530272,1.499595,-1.269515,0.854438,-1.083009,1.037245
208,45.402,A,2,48.930212,8.277318,48.846848,8.967217,0.213204,-0.166204,50.7508,0.113334,50.6013,0.104998,50.257874,8.138406,50.6258,1.636435,1.334909,-1.411025,0.828811,-1.327662,0.138912
209,45.628,A,2,49.516499,9.379278,48.88714,8.850324,0.176171,-0.169096,51.3388,0.107093,51.1986,0.102597,50.420931,8.192591,51.105,1.668871,1.492053,-1.533791,0.657733,-0.904432,1.186687
210,45.828,A,2,50.801695,8.875133,49.022281,8.947701,0.188588,-0.157402,51.9162,0.102999,51.7684,0.102167,50.628168,8.266854,51.6789,1.744256,0.632547,-1.605887,0.680848,0.173527,0.60828
211,46.01,A,2,50.509095,9.688841,49.363141,8.94029,0.210183,-0.192907,52.4755,0.097058,52.316,0.096195,50.882548,8.36784,52.3375,1.623668,1.372775,-1.519408,0.57245,-0.373453,1.321001
212,46.17,A,2,50.528884,8.659239,49.59418,9.078698,0.237767,-0.18905,52.9978,0.093238,52.8452,0.085603,51.098051,8.461436,52.866,1.62562,0.602559,-1.503871,0.617261,-0.569168,0.197802
213,46.374,A,2,50.837476,9.627652,49.787753,9.011235,0.224577,-0.206958,53.4823,0.0912,53.3566,0.080182,51.271265,8.540743,53.276,1.556333,1.170276,-1.483512,0.470493,-0.433789,1.08691
214,46.596,A,2,50.673386,9.784922,49.996893,9.125043,0.248917,-0.206926,53.8759,0.088649,53.8484,0.076314,51.487004,8.642636,53.7711,1.566253,1.402423,-1.490111,0.482407,-0.813618,1.142286
215,46.775,A,2,51.580283,9.675647,50.145583,9.249446,0.25959,-0.191591,54.3327,0.082421,54.3187,0.076486,51.700659,8.74527,54.245,1.634764,0.938132,-1.555076,0.504176,-0.120376,0.930377
216,46.975,A,2,52.181676,9.936978,50.428029,9.334331,0.279369,-0.205699,54.7847,0.080562,54.7674,0.073409,51.911994,8.847857,54.697,1.561669,1.122013,-1.483965,0.486475,0.269682,1.089121
217,47.201,A,2,51.89267,10.604116,50.776188,9.45397,0.303051,-0.219861,55.2901,0.075988,55.1959,0.077945,52.121727,8.951428,55.1286,1.436323,1.668485,-1.345539,0.502542,-0.229057,1.652687
218,47.477,A,2,52.185105,10.236064,51.008452,9.670583,0.331067,-0.206473,55.7075,0.074375,55.6074,0.076759,52.331309,9.058488,55.5426,1.457604,1.186618,-1.322856,0.612095,-0.146204,1.177576
219,47.686,A,2,51.311614,10.391012,51.251895,9.786456,0.340637,-0.208987,56.0944,0.070101,56.0055,0.061885,52.54244,9.17202,55.9426,1.429349,1.732303,-1.290545,0.614436,-1.230826,1.218991
220,47.92,A,2,51.900383,10.520733,51.297361,9.910042,0.326914,-0.178001,56.472,0.067794,56.3925,0.06582,52.756278,9.293962,56.3313,1.583664,1.495835,-1.458916,0.61608,-0.855895,1.226771
221,48.133,A,2,52.216589,10.166127,51.436156,10.035569,0.326048,-0.166056,56.8525,0.067193,56.7685,0.063749,52.972845,9.424199,56.7091,1.653841,1.059425,-1.53669,0.61137,-0.756256,0.741928
222,48.332,A,2,52.81,11.290786,51.605499,10.076471,0.314614,-0.17061,57.202,0.063445,57.1325,0.060681,53.190977,9.560645,57.0751,1.667278,1.771589,-1.585478,0.515826,-0.380977,1.73014
223,48.577,A,2,53.034743,10.509747,51.849816,10.309262,0.345107,-0.165528,57.5473,0.061547,57.4835,0.064042,53.408808,9.700313,57.4282,1.673701,0.891688,-1.558992,0.608948,-0.374065,0.809434
224,48.793,A,2,53.906446,11.196768,52.091827,10.36456,0.341798,-0.18116,57.8743,0.058628,57.8214,0.059736,53.624659,9.840809,57.7682,1.619843,1.384929,-1.532832,0.523751,0.281787,1.355959
225,49.01,A,2,53.925103,11.474723,52.446839,10.531454,0.370206,-0.201911,58.1995,0.057295,58.147,0.051734,53.837735,9.981201,58.0957,1.495784,1.496075,-1.390896,0.550253,0.087368,1.493522
226,49.206,A,2,53.767236,11.316135,52.745025,10.71954,0.392386,-0.208689,58.5185,0.056192,58.4611,0.048637,54.048393,10.122114,58.4116,1.433767,1.226677,-1.303368,0.597427,-0.281157,1.194022
227,49.426,A,2,53.742093,12.601668,52.963644,10.847565,0.392821,-0.20808,58.8359,0.056005,58.7646,0.053681,54.258072,10.265537,58.7167,1.419261,2.392434,-1.294428,0.582029,-0.515979,2.336131
228,49.668,A,2,54.724632,11.515769,53.138635,11.181854,0.423742,-0.177899,59.143,0.054404,59.0582,0.052223,54.468681,10.414138,59.0118,1.535712,1.130974,-1.330046,0.767716,0.255951,1.101631
229,49.896,A,2,54.400485,12.099425,53.456406,11.267663,0.423702,-0.203034,59.4428,0.053874,59.343,0.050812,54.681572,10.569985,59.2979,1.409888,1.555055,-1.225166,0.697678,-0.281087,1.52944
230,50.158,A,2,54.509936,11.71877,53.661935,11.441047,0.426543,-0.196768,59.7209,0.050708,59.6201,0.041482,54.940085,10.767048,59.631,1.444972,1.044415,-1.27815,0.673999,-0.43015,0.951721
231,50.361,A,2,53.878595,12.03781,53.849887,11.516494,0.410101,-0.198803,59.9689,0.046444,59.8902,0.049553,55.113307,10.903322,59.8475,1.404354,1.676775,-1.26342,0.613172,-1.234712,1.134487
232,50.578,A,2,54.836499,12.42431,53.891173,11.633906,0.387372,-0.170861,60.2353,0.046812,60.1533,0.036729,55.32923,11.076805,60.1117,1.542196,1.434767,-1.438057,0.557102,-0.492732,1.347505
233,50.773,A,2,54.936503,12.291497,54.092137,11.798915,0.392197,-0.169176,60.4853,0.045445,60.4081,0.039805,55.585646,11.28629,60.4181,1.579036,1.19659,-1.493509,0.512625,-0.649144,1.005206
234,51.01,A,2,55.355061,12.889478,54.26823,11.906352,0.39321,-0.17365,60.678,0.043844,60.6533,0.035791,55.796587,11.460366,60.6629,1.592099,1.495763,-1.528357,0.445986,-0.441526,1.429112
235,51.253,A,2,55.434613,12.632627,54.499615,12.110002,0.398519,-0.169755,60.9548,0.041304,60.8882,0.043848,56.005677,11.63433,60.8974,1.579395,1.150091,-1.506062,0.475672,-0.571064,0.998297
236,51.481,A,2,55.756087,13.06513,54.698827,12.228686,0.393485,-0.173293,61.1743,0.03955,61.1131,0.045437,56.214206,11.810178,61.1219,1.572107,1.335955,-1.515378,0.418508,-0.458119,1.254952
237,51.674,A,2,56.03384,13.556623,54.919745,12.402775,0.400902,-0.174859,61.3962,0.039079,61.3299,0.034321,56.423499,11.990696,61.3385,1.559193,1.613679,-1.503753,0.412079,-0.389659,1.565927
238,51.868,A,2,56.497371,12.266838,55.152571,12.63521,0.418541,-0.172617,61.6242,0.039624,61.5414,0.040069,56.634318,12.17805,61.5497,1.550667,0.16321,-1.481747,0.45716,-0.136947,0.088788
239,52.028,A,2,56.230553,13.415553,55.424444,12.596048,0.390566,-0.205494,61.8282,0.038442,61.7487,0.034742,56.80406,12.33322,61.7158,1.404428,1.22489,-1.379616,0.262828,-0.573507,1.082333
240,52.242,A,2,56.941465,13.007923,55.604401,12.766751,0.393028,-0.196866,62.0309,0.036189,61.9513,0.041572,57.059616,12.573088,61.9592,1.468045,0.450601,-1.455215,0.193664,-0.11815,0.434836
241,52.47,A,2,56.268643,13.957573,55.875518,12.833285,0.386459,-0.216496,62.2063,0.033592,62.1467,0.034905,57.229816,12.735763,62.116,1.357805,1.554565,-1.354298,0.097522,-0.961173,1.22181
242,52.678,A,2,57.538543,13.688023,55.981088,13.056513,0.391716,-0.188773,62.3882,0.032597,62.3332,0.028941,57.441446,12.939783,62.3041,1.465017,0.754514,-1.460359,0.11673,0.097096,0.748241
243,52.865,A,2,56.738514,14.009917,56.284087,13.188643,0.409004,-0.213564,62.529,0.031664,62.5103,0.028962,57.651226,13.143039,62.4826,1.367899,1.258777,-1.367139,0.045604,-0.912712,0.866878
244,53.09,A,2,57.383003,14.088797,56.406553,13.364064,0.396199,-0.189496,62.7225,0.029352,62.679,0.032954,57.859077,13.345517,62.6525,1.452642,0.882673,-1.452524,0.018547,-0.476074,0.74328
245,53.291,A,2,57.602578,14.990304,56.613861,13.51858,0.397714,-0.190145,62.8782,0.027745,62.8412,0.024187,58.06559,13.548862,62.8156,1.452045,1.51398,-1.451729,-0.030282,-0.463012,1.441442
246,53.515,A,2,57.773361,14.598375,56.823385,13.806211,0.423107,-0.178714,63.0365,0.027934,62.9988,0.022268,58.271849,13.755648,62.9739,1.449346,0.979121,-1.448464,0.050563,-0.498488,0.842727
247,53.717,A,2,58.720747,15.892392,57.026096,13.975681,0.423682,-0.1787,63.1832,0.026559,63.1523,0.023655,58.478986,13.968126,63.128,1.452909,1.939394,-1.45289,0.007556,0.241761,1.924267
248,53.937,A,2,58.865272,15.202251,57.361228,14.345443,0.472623,-0.184003,63.3327,0.026117,63.3005,0.023077,58.687647,14.187142,63.2772,1.335831,1.030532,-1.326419,0.1583,0.177625,1.015108
249,54.154,A,2,57.829849,15.506714,57.665003,14.530652,0.479629,-0.200477,63.468,0.024143,63.4422,0.028335,58.897656,14.411794,63.42,1.23837,1.529399,-1.232653,0.118858,-1.067807,1.09492
250,54.367,A,2,58.771203,15.944682,57.732085,14.73703,0.46768,-0.170456,63.6121,0.024758,63.5769,0.021017,59.108036,14.63989,63.5558,1.379376,1.347568,-1.375951,0.09714,-0.336834,1.304792
251,54.593,A,2,58.570149,16.727643,57.951588,14.98501,0.478703,-0.167804,63.7569,0.025123,63.7051,0.029417,59.317444,14.868981,63.685,1.370775,2.003265,-1.365856,0.116029,-0.747294,1.858661
252,54.799,A,2,59.625778,16.672078,58.096394,15.329341,0.499064,-0.143261,63.8752,0.022095,63.8281,0.024324,59.524823,15.097421,63.8087,1.447134,1.57789,-1.42843,0.231919,0.100955,1.574657
253,54.958,A,2,59.325327,16.599329,58.402009,15.605404,0.519334,-0.157181,63.9968,0.02153,63.9467,0.015105,59.729931,15.324979,63.9281,1.357209,1.337039,-1.327922,0.280425,-0.404604,1.27435
254,55.194,A,2,59.423798,16.3231,58.601784,15.820624,0.516521,-0.155938,64.1024,0.019973,64.0611,0.013673,59.933464,15.552873,64.0431,1.358331,0.923585,-1.33168,0.267752,-0.509666,0.770227
255,55.411,A,2,59.091061,16.328422,58.783221,15.948213,0.496381,-0.159528,64.2111,0.019509,64.1707,0.014242,60.136719,15.78324,64.1535,1.363515,1.179247,-1.353499,0.164972,-1.045658,0.545181
256,55.598,A,2,59.517751,16.941014,58.87254,16.05219,0.46595,-0.148111,64.3073,0.01796,64.2752,0.015093,60.340933,16.018194,64.2588,1.468787,1.236618,-1.468393,0.033996,-0.823182,0.92282
257,55.793,A,2,60.05069,17.277676,59.019636,16.244673,0.460329,-0.140691,64.3981,0.0168,64.3754,0.014998,60.546652,16.258855,64.3596,1.527082,1.133126,-1.527016,-0.014183,-0.495962,1.01882
258,56.028,A,2,60.944105,17.451942,59.234429,16.462653,0.466021,-0.144314,64.4945,0.01685,64.4723,0.02054,60.7535,16.50483,64.457,1.519656,0.966101,-1.519071,-0.042178,0.190605,0.947112
259,56.264,A,2,60.078448,18.566138,59.570543,16.673293,0.480433,-0.170459,64.5995,0.018424,64.5671,0.02709,60.960406,16.754359,64.5521,1.392225,2.015042,-1.389863,-0.081066,-0.881958,1.811779
260,56.47,A,2,59.919694,18.784552,59.695468,17.044955,0.503903,-0.140853,64.7112,0.018452,64.6599,0.014081,61.166159,17.005098,64.6452,1.471231,2.172586,-1.470691,0.039857,-1.246465,1.779453
261,56.704,A,2,60.183554,18.730595,59.768264,17.392666,0.515713,-0.107374,64.7966,0.016511,64.7502,0.014917,61.369979,17.255193,64.736,1.607604,1.893255,-1.601715,0.137472,-1.186425,1.475402
262,56.915,A,2,62.055599,18.789499,59.872603,17.671326,0.516294,-0.089726,64.8684,0.013872,64.8372,0.012812,61.571806,17.504072,64.8235,1.707414,1.373455,-1.699203,0.167253,0.483793,1.285427
263,57.122,A,2,61.606189,18.947437,60.290035,17.911683,0.537139,-0.134986,64.9453,0.014116,64.9208,0.023387,61.772229,17.75264,64.9076,1.490702,1.20628,-1.482194,0.159043,-0.16604,1.194798
264,57.363,A,2,61.639027,19.003387,60.557908,18.1374,0.539777,-0.148972,65.0363,0.015565,65.0018,0.019224,61.972176,18.002871,64.989,1.420651,1.054523,-1.414267,0.13453,-0.333149,1.000516
265,57.617,A,2,62.179121,19.55794,60.785187,18.33257,0.532932,-0.156634,65.1226,0.016171,65.0819,0.013103,62.212665,18.308365,65.0851,1.427683,1.250025,-1.427478,0.024204,-0.033543,1.249574
266,57.816,A,2,62.062435,19.682215,61.070091,18.592657,0.543296,-0.168337,65.2066,0.014573,65.1627,0.01854,62.41399,18.568711,65.166,1.344112,1.167682,-1.343898,0.023946,-0.351555,1.113503
267,58.059,A,2,62.194821,20.206001,61.283486,18.827483,0.542517,-0.168102,65.2833,0.013918,65.2446,0.0218,62.615932,18.833894,65.2479,1.332461,1.435274,-1.332446,-0.00641,-0.421111,1.372107
268,58.259,A,2,62.900025,20.362501,61.473063,19.103153,0.561206,-0.164085,65.3522,0.015041,65.3272,0.011874,62.777467,19.048334,65.314,1.305556,1.319869,-1.304404,0.054819,0.122558,1.314167
269,58.493,A,2,62.072702,21.02536,61.761256,19.367074,0.571545,-0.176519,65.4347,0.014597,65.4095,0.007901,62.978604,19.317313,65.3963,1.218365,1.933412,-1.217348,0.049761,-0.905902,1.708047
270,58.727,A,2,62.793797,20.118569,61.860647,19.711465,0.564765,-0.141331,65.5345,0.014674,65.491,0.011541,63.217794,19.639112,65.4943,1.359074,0.640041,-1.357147,0.072353,-0.423998,0.479457
271,58.951,A,2,62.785559,21.61628,62.061447,19.827678,0.537913,-0.152141,65.6126,0.013839,65.5722,0.01538,63.375636,19.8526,65.5592,1.314425,1.859774,-1.314189,-0.024921,-0.590077,1.76368
272,59.168,A,2,62.756283,22.116928,62.217693,20.177733,0.567118,-0.137059,65.672,0.013506,65.6541,0.009032,63.571291,20.119007,65.641,1.354871,2.157759,-1.353598,0.058726,-0.815007,1.997921
273,59.358,A,2,63.466257,21.226456,62.352007,20.566667,0.570743,-0.110474,65.7675,0.014185,65.7377,0.019248,63.765786,20.386575,65.7242,1.425203,0.891694,-1.413778,0.180092,-0.299529,0.839881
274,59.571,A,2,62.895496,21.639548,62.585517,20.732608,0.554684,-0.12686,65.8553,0.014896,65.8236,0.016804,63.998998,20.711962,65.8271,1.413631,1.441572,-1.41348,0.020647,-1.103501,0.927586
275,59.772,A,2,63.5974,22.701984,62.672587,20.93702,0.536446,-0.111256,65.9632,0.019298,65.9826,0.085964,64.155089,20.932258,65.9173,1.48251,1.855519,-1.482502,0.004762,-0.557689,1.769727
276,59.982,A,2,63.915411,23.800103,62.861645,21.285845,0.568324,-0.106853,66.5764,0.090431,66.6877,0.064816,64.350811,21.199205,66.6146,1.491684,2.63709,-1.489166,0.08664,-0.4354,2.600898
277,60.21,A,2,64.730567,22.681303,63.08541,21.7877,0.602588,-0.092087,66.696,0.018984,66.6213,-0.054837,64.54301,21.469645,66.6803,1.491897,1.226089,-1.4576,0.318055,0.187557,1.211658
278,60.388,A,2,63.637057,22.179173,63.402511,21.986549,0.610493,-0.126937,66.8224,0.034083,67.0063,0.165776,64.729508,21.733666,66.8593,1.350877,1.179799,-1.326996,0.252884,-1.09245,0.445507
279,60.643,A,2,63.906768,23.06778,63.483172,22.077898,0.55014,-0.117304,67.7539,0.10081,67.7554,0.049822,64.913636,21.985041,67.6982,1.433475,1.478549,-1.430464,0.092857,-1.006868,1.082738
280,60.827,A,2,63.656334,23.352045,63.588945,22.298976,0.536165,-0.105823,68.1446,0.086207,68.1851,0.161077,65.094804,22.239304,68.0477,1.507041,1.818623,-1.505859,0.059672,-1.43847,1.112741
281,61.009,A,2,64.525349,24.742605,63.629051,22.53078,0.520581,-0.082946,68.993,0.123126,69.021,0.100634,65.276276,22.482438,68.9251,1.647934,2.381648,-1.647224,0.048342,-0.750926,2.260167
282,61.253,A,2,65.345506,24.412013,63.813468,22.968713,0.556787,-0.073998,69.7627,0.135029,69.7975,0.15624,65.455373,22.724333,69.6509,1.659992,1.691252,-1.641905,0.244379,-0.109867,1.68768
283,61.502,A,2,65.061853,23.992463,64.110866,23.273882,0.572495,-0.098431,70.6528,0.149803,70.6846,0.165111,65.632497,22.961202,70.5375,1.553425,1.178614,-1.521631,0.312679,-0.570643,1.03126
284,61.713,A,2,65.119548,25.008321,64.306809,23.450926,0.554277,-0.111352,71.606,0.161687,71.6566,0.176863,65.807222,23.194284,71.4958,1.522204,1.940007,-1.500413,0.256642,-0.687674,1.814038
285,61.927,A,2,64.560974,24.235612,64.477721,23.775672,0.564074,-0.107976,72.654,0.176693,72.709,0.190567,65.979748,23.423204,72.5342,1.542828,1.634909,-1.502027,0.352468,-1.418774,0.812408
286,62.105,A,2,65.382431,24.968299,64.518104,23.906502,0.526517,-0.094698,73.787,0.191359,73.8431,0.210143,66.149712,23.647613,73.6568,1.652019,1.527394,-1.631608,0.258889,-0.767281,1.320686
287,62.301,A,2,66.111219,24.911578,64.694145,24.142017,0.522463,-0.102362,74.9833,0.202752,75.0472,0.220065,66.318184,23.867466,74.8502,1.647082,1.064427,-1.624038,0.274551,-0.206964,1.044112
288,62.504,A,2,65.576644,24.760705,64.968248,24.325574,0.514804,-0.132299,76.2308,0.211117,76.2768,0.184786,66.485818,24.082885,76.1012,1.536854,1.134036,-1.517571,0.24269,-0.909174,0.67782
289,62.705,A,2,65.927864,25.710805,65.10039,24.448257,0.486905,-0.135849,76.9936,0.153907,77.0194,0.171819,66.650844,24.301629,76.8725,1.557372,1.583817,-1.550454,0.146628,-0.722979,1.409176
290,62.924,A,2,66.217297,26.896775,65.270008,24.716128,0.492303,-0.138559,78.4171,0.228783,78.4974,0.323683,66.816486,24.52182,78.1976,1.558637,2.449375,-1.546478,0.194308,-0.599189,2.374954
291,63.156,A,2,66.297083,25.559375,65.460018,25.148385,0.529996,-0.137303,79.7632,0.220106,79.7837,0.131019,66.978438,24.744567,79.6503,1.571199,1.062147,-1.518419,0.403818,-0.681354,0.814808
292,63.369,A,2,66.310679,26.911536,65.630742,25.269582,0.500907,-0.149745,80.5872,0.17316,80.6289,0.220586,67.13306,24.971968,80.4338,1.531513,2.106711,-1.502318,0.297614,-0.82238,1.939568
293,63.559,A,2,66.714139,26.366662,65.77276,25.607366,0.516108,-0.145733,81.9582,0.2146,81.9858,0.165523,67.29172,25.198094,81.8228,1.573131,1.303515,-1.51896,0.409272,-0.57758,1.168568
294,63.717,A,2,66.509596,25.859575,65.960708,25.789981,0.500437,-0.15924,82.7818,0.167009,82.8036,0.2041,67.445034,25.426832,82.6252,1.528104,1.030685,-1.484326,0.363149,-0.935438,0.432744
295,63.919,A,2,67.157016,27.163229,66.079168,25.848481,0.458596,-0.162918,83.8526,0.172974,83.8429,0.133521,67.630353,25.702093,83.874,1.558077,1.535893,-1.551185,0.146388,-0.473337,1.461136
296,64.148,A,2,66.820809,26.391886,66.290597,26.124959,0.467994,-0.177447,84.7962,0.167694,84.7876,0.148015,67.780416,25.935346,84.8218,1.501837,1.062674,-1.489819,0.189613,-0.959607,0.456541
297,64.322,A,2,66.849433,27.688452,66.4057,26.21602,0.435501,-0.177838,85.702,0.160941,85.6897,0.159236,67.897177,26.12546,85.5472,1.494224,1.881678,-1.491477,0.09056,-1.047744,1.562992
298,64.599,A,2,67.757871,27.524471,66.504203,26.51869,0.448509,-0.169377,86.5865,0.155639,86.5587,0.150712,68.068232,26.416961,86.5926,1.567333,1.150175,-1.564028,0.10173,-0.310361,1.10751
299,64.766,A,2,67.2031,28.870741,66.745641,26.740182,0.446878,-0.19373,87.404,0.145892,87.3855,0.146168,68.180784,26.615105,87.2563,1.440583,2.458406,-1.435143,0.125077,-0.977685,2.255636
300,64.976,A,2,67.364892,28.59482,66.84686,27.161598,0.482156,-0.183651,88.1966,0.140002,88.1658,0.136024,68.320631,26.866014,88.0441,1.50312,1.975401,-1.473771,0.295584,-0.955739,1.728806
301,65.221,A,2,67.701041,28.764417,66.957598,27.462625,0.48901,-0.180154,88.9419,0.132436,88.9018,0.123567,68.486438,27.17002,88.9304,1.556588,1.777344,-1.528839,0.292605,-0.785397,1.594398
302,65.427,A,2,67.767728,28.239162,67.108357,27.743208,0.490833,-0.18627,89.6738,0.125451,89.6,0.1199,68.621372,27.424529,89.6272,1.546212,1.179973,-1.513015,0.318679,-0.853644,0.814633
303,65.657,A,2,67.357392,29.069689,67.239033,27.867374,0.472545,-0.195281,90.191,0.12171,90.2677,0.11424,68.726496,27.628698,90.1625,1.50649,1.987687,-1.487463,0.238676,-1.369104,1.44099
304,65.845,A,2,68.004972,29.175422,67.277553,28.124298,0.471169,-0.178851,90.8516,0.117046,90.9113,0.117717,68.879851,27.936893,90.9365,1.61322,1.516367,-1.602298,0.187405,-0.87488,1.238529
305,66.071,A,2,68.567309,30.172639,67.625993,28.682665,0.530161,-0.228932,91.6547,0.110472,91.5291,0.107264,69.00458,28.196857,91.5532,1.461681,2.023591,-1.378587,0.485809,-0.43727,1.975782
306,66.285,A,2,68.456797,30.279545,67.640772,28.720062,0.489004,-0.211159,92.0863,0.107393,92.1175,0.096325,69.103134,28.407705,92.0254,1.495349,1.980287,-1.462362,0.312357,-0.646337,1.87184
307,66.493,A,2,68.913962,29.572109,67.802762,29.042187,0.499442,-0.220701,92.6417,0.100588,92.6752,0.09894,69.225271,28.675285,92.588,1.469064,0.949319,-1.422509,0.366902,-0.311309,0.896824
308,66.694,A,2,68.887836,30.88185,68.021775,29.192961,0.460786,-0.235397,93.2886,0.095519,93.2055,0.098188,69.369715,29.001839,93.2262,1.361422,1.940786,-1.347939,0.191123,-0.481878,1.880012
309,66.886,A,2,68.806249,29.961679,68.195367,29.538909,0.476675,-0.245075,93.8092,0.092515,93.7141,0.082782,69.463862,29.222074,93.6339,1.307464,0.989681,-1.268494,0.316834,-0.657613,0.739605
310,67.121,A,2,68.597807,29.681909,68.324268,29.661534,0.445451,-0.243976,94.2925,0.08723,94.2053,0.086987,69.578336,29.499082,94.1278,1.264546,0.997428,-1.254068,0.162451,-0.980529,0.182827
311,67.337,A,2,68.795868,31.366137,68.392998,29.709757,0.402995,-0.230418,94.762,0.083483,94.6793,0.080502,69.689292,29.776999,94.6047,1.298037,1.823066,-1.296294,-0.067242,-0.893424,1.589139
312,67.564,A,2,69.083616,31.715331,68.483164,30.04494,0.42324,-0.225755,95.2215,0.080922,95.1326,0.079612,69.797641,30.055431,95.0616,1.314519,1.80696,-1.314477,-0.01049,-0.714025,1.659901
313,67.773,A,2,68.637762,31.847929,68.607578,30.384746,0.441505,-0.229257,95.6456,0.076277,95.5618,0.073309,69.90446,30.334909,95.4948,1.297839,1.973259,-1.296882,0.049837,-1.266698,1.513019
314,68.024,A,2,68.624849,32.12679,68.630417,30.689554,0.451739,-0.211901,96.0472,0.072041,95.9555,0.069645,70.008958,30.615715,95.895,1.380517,2.049171,-1.378541,0.073839,-1.384109,1.511074
315,68.205,A,2,69.618381,32.871347,68.644847,30.99068,0.460124,-0.195301,96.411,0.066103,96.3222,0.07522,70.110517,30.898892,96.2648,1.468541,2.032924,-1.46567,0.091789,-0.492136,1.972455
316,68.419,A,2,69.305044,31.951469,68.831518,31.371568,0.480666,-0.217315,96.7593,0.062802,96.6686,0.056796,70.209596,31.18583,96.6147,1.390538,1.185082,-1.378078,0.185739,-0.904552,0.76564
317,68.639,A,2,69.963189,32.296984,68.93096,31.523208,0.453782,-0.215398,97.0815,0.05863,96.9971,0.057587,70.305168,31.476152,96.9455,1.375013,0.889222,-1.374208,0.047057,-0.34198,0.820832
318,68.876,A,2,69.52827,33.824746,69.129676,31.706869,0.434322,-0.234591,97.4043,0.057738,97.3107,0.053981,70.396739,31.769117,97.2616,1.268591,2.231557,-1.267063,-0.062248,-0.868469,2.055629
319,69.102,A,2,69.694736,33.714474,69.217077,32.128287,0.467215,-0.234469,98.1291,0.116137,98.0987,0.181453,70.489335,32.058997,97.9274,1.274142,1.836298,-1.272257,0.06929,-0.794599,1.655477
320,69.301,A,2,69.36825,34.472448,69.3177,32.458435,0.477355,-0.235572,98.6813,0.091079,98.5825,0.007779,70.579687,32.339137,98.569,1.267613,2.453283,-1.261987,0.119298,-1.211437,2.133311
321,69.526,A,2,69.84081,34.099871,69.342069,32.865629,0.503524,-0.223581,98.7572,0.043947,98.673,0.10368,70.666665,32.61989,98.5914,1.347198,1.69481,-1.324596,0.245739,-0.825855,1.479981
322,69.73,A,2,69.264339,34.175749,69.444052,33.136588,0.497082,-0.225709,99.6567,0.126801,99.6054,0.123822,70.761436,32.887922,99.4777,1.340647,1.974791,-1.317384,0.248666,-1.497097,1.287827
323,69.92,A,2,69.974777,34.565027,69.425265,33.372299,0.487432,-0.202715,100.0488,0.081093,99.9767,0.088676,70.85043,33.158831,99.9113,1.441064,1.656549,-1.425166,0.213468,-0.875653,1.406196
324,70.149,A,2,69.352093,34.340159,69.533508,33.63427,0.480389,-0.209144,100.933,0.139038,100.8961,0.167415,70.941098,33.425092,100.7447,1.423048,1.833653,-1.40759,0.209178,-1.589005,0.915067
325,70.35,A,2,70.500144,34.31771,69.511877,33.809056,0.460464,-0.186503,101.6264,0.125541,101.5689,0.157882,71.027305,33.692628,101.4329,1.519894,0.817696,-1.515428,0.116428,-0.527162,0.625082
326,70.629,A,2,70.872388,35.489828,69.695973,33.946765,0.428494,-0.206856,102.5459,0.149339,102.4917,0.142404,71.130664,34.008496,102.5233,1.436019,1.503679,-1.434692,-0.061731,-0.258276,1.481332
327,70.837,A,2,70.274477,35.523085,69.915252,34.266234,0.434792,-0.238659,103.4582,0.158179,103.4245,0.162346,71.199162,34.216015,103.2675,1.284892,1.601086,-1.283911,0.050219,-0.924686,1.30707
328,71.064,A,2,70.82849,35.819835,69.991166,34.536062,0.435211,-0.237018,104.4587,0.170837,104.4383,0.18733,71.286143,34.469984,104.2716,1.296662,1.425322,-1.294977,0.066078,-0.457653,1.349851
329,71.282,A,2,71.157029,36.331916,70.151158,34.811037,0.432778,-0.25323,105.5287,0.182626,105.5176,0.19494,71.392777,34.766134,105.5621,1.24243,1.58343,-1.241618,0.044904,-0.235748,1.565782
330,71.525,A,2,69.683656,36.938085,70.341752,35.128672,0.437051,-0.27624,106.6457,0.190835,106.6393,0.194576,71.482692,35.003646,106.6848,1.14777,2.641701,-1.140941,0.125026,-1.799036,1.934439
331,71.76,A,2,70.484555,36.239693,70.237165,35.498516,0.464163,-0.241643,107.8092,0.199194,107.8058,0.201176,71.57246,35.235834,107.8536,1.360887,1.480294,-1.335294,0.262682,-1.087905,1.003859
332,71.964,A,2,70.58216,36.216115,70.287449,35.67001,0.452352,-0.238471,108.7129,0.194948,108.8178,0.098955,71.642619,35.422348,108.7138,1.377614,1.324629,-1.35517,0.247662,-1.060459,0.793768
333,72.216,A,2,70.869217,37.385741,70.346934,35.813345,0.425184,-0.23134,109.4069,0.146739,109.6111,0.213208,71.723512,35.660095,109.4224,1.385082,1.925532,-1.376578,0.153249,-0.854295,1.725645
334,72.441,A,2,71.116029,36.462184,70.44714,36.146104,0.42591,-0.239079,111.1393,0.235073,111.1485,0.229513,71.819219,35.953142,111.2004,1.385582,0.868102,-1.37208,0.192963,-0.70319,0.509043
335,72.624,A,2,70.528983,38.538219,70.572495,36.249017,0.388697,-0.242495,112.0177,0.165239,111.9087,0.068491,71.875156,36.150566,111.8763,1.306376,2.740998,-1.302661,0.098451,-1.346174,2.387653
336,72.849,A,2,70.683527,37.799841,70.570319,36.689516,0.438902,-0.248658,112.714,0.163048,112.9873,0.261127,71.959488,36.446558,113.0478,1.410254,1.85996,-1.389168,0.242958,-1.27596,1.353283
337,73.098,A,2,70.392378,37.889881,70.596121,36.942347,0.425177,-0.237415,114.0201,0.167145,113.957,0.083159,72.015603,36.642491,113.876,1.450808,2.047155,-1.419482,0.299857,-1.623225,1.24739
338,73.32,A,2,70.871009,38.166881,70.563638,37.157397,0.418859,-0.219628,114.8711,0.163784,114.853,0.197563,72.096621,36.934548,114.8961,1.549096,1.738036,-1.532983,0.222849,-1.225612,1.232333
339,73.52,A,2,71.001714,39.38934,70.620029,37.382395,0.408447,-0.22212,115.6913,0.146478,115.653,0.157283,72.147148,37.128863,115.5127,1.548021,2.534122,-1.527119,0.253531,-1.145434,2.260477
340,73.764,A,2,71.42888,38.585574,70.68938,37.784104,0.430905,-0.241063,116.529,0.143266,116.4808,0.144308,72.206189,37.374476,116.3548,1.571148,1.439086,-1.516809,0.409628,-0.777309,1.211098
341,74.014,A,2,70.529595,39.575013,70.822713,37.97424,0.405508,-0.253849,117.3223,0.139181,117.27,0.136893,72.267472,37.676456,117.3006,1.475128,2.573856,-1.444758,0.297784,-1.737876,1.898557
342,74.257,A,2,70.9613,39.638109,70.773763,38.304766,0.423595,-0.243504,118.0766,0.132747,118.0169,0.123895,72.302869,37.883579,117.9,1.586052,2.20866,-1.529105,0.421186,-1.341568,1.75453
343,74.457,A,2,71.215356,39.509358,70.807963,38.578939,0.432286,-0.251691,118.4143,0.089159,118.2644,-0.003752,72.340493,38.144193,118.2849,1.593001,1.76907,-1.532529,0.434746,-1.125137,1.365165
344,74.655,A,2,70.705047,39.525939,70.882033,38.799847,0.40644,-0.2507,118.7373,0.070075,118.7068,0.154794,72.380226,38.400099,118.5747,1.550607,2.018351,-1.498193,0.399748,-1.675179,1.12584
345,74.884,A,2,71.296515,40.271309,70.852304,38.974893,0.393728,-0.232611,119.6475,0.123111,119.5657,0.067173,72.419684,38.65637,119.494,1.599417,1.967114,-1.567379,0.318523,-1.123169,1.614939
346,75.091,A,2,71.396964,40.882805,70.9316,39.240185,0.398183,-0.250992,119.6571,0.043007,119.5305,0.009528,72.455565,38.897774,119.5231,1.561959,2.249663,-1.523965,0.342411,-1.058601,1.985031
347,75.341,A,2,71.034532,40.279401,71.016398,39.584618,0.397101,-0.264754,120.0823,0.069081,119.9993,0.061657,72.491132,39.137403,119.928,1.541052,1.850904,-1.474734,0.447215,-1.4566,1.141998
348,75.535,A,2,70.842949,40.437186,71.022557,39.754105,0.380744,-0.251813,120.0695,0.013042,119.9399,0.000485,72.523066,39.3693,119.9524,1.549065,1.990772,-1.500509,0.384805,-1.680117,1.067886
349,75.72,A,2,71.165184,41.246061,70.993123,39.919484,0.36893,-0.233807,120.1678,0.015504,120.0355,-0.017228,72.552642,39.600725,120.0457,1.591762,2.152247,-1.559519,0.318759,-1.387458,1.645336
350,75.954,A,2,72.047551,41.211461,71.025409,40.197538,0.372349,-0.240102,120.0067,-0.013007,119.8826,0.009386,72.578952,39.830077,119.8894,1.596409,1.48007,-1.553543,0.367461,-0.531401,1.381384
351,76.18,A,2,71.73673,41.807106,71.209496,40.420554,0.350412,-0.267211,119.8129,-0.028904,119.6806,-0.049854,72.602604,40.059657,119.7204,1.439095,1.950208,-1.393108,0.360896,-0.865873,1.747448
352,76.393,A,2,70.609562,41.580439,71.30902,40.70931,0.351,-0.282822,119.4909,-0.047721,119.3725,-0.068913,72.623239,40.286682,119.4275,1.380502,2.393471,-1.314218,0.422628,-2.013677,1.293758
353,76.608,A,2,72.514364,42.357777,71.19175,40.907121,0.357167,-0.249174,119.1016,-0.061263,118.9799,-0.075526,72.641193,40.509133,119.0483,1.50309,1.85299,-1.449442,0.397989,-0.126829,1.848644
354,76.85,A,2,71.816512,41.876409,71.431677,41.206932,0.344979,-0.292694,118.6165,-0.077044,118.5059,-0.094404,72.657223,40.725234,118.5872,1.316813,1.425482,-1.225547,0.481697,-0.840711,1.151175
355,77.065,A,2,70.688395,42.243552,71.509251,41.368598,0.326125,-0.288562,118.0582,-0.090833,117.9508,-0.114205,72.672273,40.934644,118.0451,1.241345,2.376765,-1.163022,0.433954,-1.983878,1.308908
356,77.276,A,2,70.958871,43.105915,71.373167,41.565053,0.336884,-0.250279,117.421,-0.10455,117.3148,-0.110079,72.686911,41.138427,117.4219,1.381279,2.618613,-1.313744,0.426626,-1.728041,1.967488
357,77.502,A,2,71.353319,43.568946,71.306287,41.879213,0.360592,-0.239911,116.7026,-0.118974,116.6001,-0.13271,72.700874,41.338363,116.7195,1.495791,2.606032,-1.394586,0.540849,-1.347555,2.230582
358,77.73,A,2,72.026182,43.332365,71.320182,42.221298,0.378913,-0.247362,115.9139,-0.131516,115.8128,-0.140468,72.71302,41.536155,115.9433,1.55223,1.923048,-1.392837,0.685143,-0.686838,1.79621
359,77.954,A,2,71.801885,42.678462,71.451793,42.462053,0.366105,-0.264921,115.065,-0.14229,114.9607,-0.155947,72.721939,41.732807,115.1011,1.464606,1.319379,-1.270146,0.729246,-0.920054,0.945655
360,78.209,A,2,71.449151,42.460555,71.522628,42.543131,0.33209,-0.254298,114.144,-0.154594,114.0549,-0.162787,72.72623,41.927374,114.2035,1.351967,1.383912,-1.203602,0.615757,-1.277079,0.533181
361,78.42,A,2,72.098337,43.370266,71.519091,42.567517,0.298708,-0.226148,113.1726,-0.164473,113.0915,-0.174188,72.726828,42.119432,113.2497,1.288181,1.399853,-1.207737,0.448085,-0.628491,1.250834
362,78.631,A,2,71.221145,43.550739,71.631321,42.745137,0.286976,-0.235916,112.1544,-0.17377,112.0667,-0.18775,72.725995,42.345804,112.0245,1.165238,1.927807,-1.094675,0.399333,-1.50485,1.204935
363,78.848,A,2,71.404733,44.623076,71.569407,42.92266,0.292064,-0.212166,111.0607,-0.184959,110.9806,-0.198596,72.725593,42.529407,110.9359,1.221235,2.475504,-1.156186,0.393253,-1.32086,2.093669
364,79.041,A,2,71.782542,44.46791,71.549757,43.258796,0.322469,-0.211565,109.9242,-0.193322,109.8373,-0.203122,72.725495,42.672383,110.0238,1.313864,2.028072,-1.175738,0.586413,-0.942953,1.795527
365,79.289,A,2,71.47584,44.36708,71.600803,43.511475,0.328275,-0.216237,108.6683,-0.204657,108.6437,-0.214602,72.724718,42.84632,108.8378,1.305992,1.967843,-1.123915,0.665154,-1.248879,1.520759
366,79.543,A,2,72.309984,44.243669,71.588287,43.698854,0.327354,-0.203078,107.4747,-0.212318,107.4063,-0.217864,72.72193,43.015955,107.6071,1.323442,1.294983,-1.133643,0.682899,-0.411946,1.227714
367,79.755,A,2,71.311608,45.21748,71.726354,43.831363,0.304761,-0.214924,106.1923,-0.219329,106.1281,-0.235443,72.714866,43.216368,106.0761,1.164206,2.444092,-0.988512,0.614995,-1.403258,2.001112
368,79.953,A,2,71.255538,44.906794,71.665011,44.111855,0.327544,-0.197476,104.8514,-0.228558,104.8082,-0.238192,72.708105,43.349493,105.0223,1.291991,2.129586,-1.043094,0.762361,-1.452566,1.557301
369,80.133,A,2,71.913622,44.603697,71.603047,44.288572,0.327989,-0.173887,103.4782,-0.236092,103.444,-0.241592,72.698203,43.516117,103.6654,1.340169,1.341043,-1.095156,0.772454,-0.784581,1.087579
370,80.329,A,2,71.952564,45.201053,71.665563,44.372165,0.310073,-0.174819,102.3566,-0.24092,102.0349,-0.249477,72.685385,43.715564,101.9776,1.212915,1.656413,-1.019822,0.656601,-0.732821,1.485489
371,80.569,A,2,71.822327,45.954083,71.729352,44.558347,0.30018,-0.173169,100.7428,-0.218971,100.8222,-0.118686,72.676432,43.880927,100.7958,1.164413,2.242202,-0.947079,0.67742,-0.854104,2.073155
372,80.786,A,2,71.280199,45.93173,71.754479,44.829932,0.326075,-0.176705,100.4502,-0.127735,100.3048,-0.2199,72.674772,44.003687,100.4959,1.236778,2.379534,-0.920293,0.826245,-1.394573,1.928043
373,81.05,A,2,71.711485,46.02461,71.683609,45.064864,0.331274,-0.14951,99.0718,-0.186044,99.1026,-0.201165,72.664759,44.159202,99.288,1.335245,2.09487,-0.98115,0.905662,-0.953274,1.865409
374,81.327,A,2,71.853305,45.322173,71.698288,45.269162,0.332928,-0.143909,97.9531,-0.191175,98.0027,-0.184197,72.657935,44.309183,98.1719,1.357381,1.293669,-0.959647,0.959979,-0.80463,1.012991
375,81.506,A,2,71.10136,45.727717,71.735357,45.312078,0.301661,-0.135946,96.9524,-0.178192,97.0025,-0.169787,72.653585,44.454528,97.1559,1.256397,2.007588,-0.918228,0.85755,-1.552224,1.273189
376,81.708,A,2,71.54263,45.609049,71.632329,45.416483,0.291692,-0.103216,96.0376,-0.164302,96.099,-0.148894,72.650809,44.62544,96.0648,1.289593,1.481737,-1.01848,0.791042,-1.108178,0.983609
377,81.97,A,2,71.595311,46.66291,71.623476,45.47964,0.271066,-0.091279,95.229,-0.146731,95.2878,-0.131024,72.650332,44.738678,95.4116,1.266278,2.194479,-1.026856,0.740963,-1.055021,1.924232
378,82.218,A,2,72.635683,46.815409,71.625242,45.716906,0.287415,-0.087967,94.5013,-0.132292,94.563,-0.123509,72.651533,44.880154,94.6734,1.324171,1.93532,-1.026291,0.836752,-0.01585,1.935255
379,82.429,A,2,71.32144,45.602913,71.811658,45.940356,0.294183,-0.121009,93.8502,-0.118028,93.9188,-0.11409,72.655104,45.021064,94.0167,1.247597,1.455062,-0.843446,0.919292,-1.333663,0.581849
380,82.666,A,2,71.779971,46.546608,71.734153,45.909371,0.255939,-0.090362,93.2865,-0.103324,93.3501,-0.09833,72.661266,45.159911,93.4362,1.192154,1.64305,-0.927114,0.749461,-0.881296,1.386698
381,82.845,A,2,71.968107,46.199012,71.749771,46.047819,0.254058,-0.085745,92.7831,-0.09177,92.8537,-0.082513,72.669906,45.294946,92.9284,1.188893,1.14449,-0.920135,0.752873,-0.701799,0.904066
382,83.015,A,2,71.731906,46.506407,71.795749,46.09945,0.234358,-0.08586,92.3527,-0.080079,92.427,-0.064518,72.68067,45.424996,92.4907,1.112643,1.438612,-0.884921,0.674454,-0.948764,1.081412
383,83.211,A,2,72.38544,47.182577,71.791816,46.194743,0.226681,-0.076494,92.0081,-0.065513,92.0677,-0.061701,72.693222,45.549885,92.1208,1.10832,1.661449,-0.901405,0.644858,-0.307781,1.632692
384,83.466,A,2,72.257186,47.206737,71.904214,46.392468,0.238999,-0.093028,91.6969,-0.056916,91.7726,-0.043904,72.707455,45.670547,91.8157,1.079984,1.600819,-0.803241,0.721921,-0.45027,1.536189
385,83.701,A,2,71.527612,46.855271,71.975412,46.560566,0.244637,-0.098601,91.4625,-0.045602,91.5382,-0.033156,72.723514,45.788732,91.5718,1.074888,1.602401,-0.748103,0.771834,-1.195903,1.066539
386,83.925,A,2,72.111075,46.912882,71.904637,46.636837,0.232614,-0.073523,91.2912,-0.034351,91.3612,-0.030896,72.741595,45.906208,91.3858,1.110998,1.187833,-0.836958,0.730629,-0.63052,1.006674
387,84.154,A,2,71.585302,46.873896,71.947975,46.70847,0.219892,-0.074363,91.1621,-0.025592,91.2389,-0.018727,72.761722,46.023917,91.2549,1.063389,1.451353,-0.813747,0.684553,-1.176419,0.849979
388,84.342,A,2,71.937699,47.475042,71.890145,46.75921,0.205252,-0.054357,91.0869,-0.016938,91.1699,-0.007002,72.783697,46.1416,91.1774,1.086222,1.579171,-0.893552,0.61761,-0.845998,1.333442
389,84.528,A,2,72.469311,48.472731,71.903489,46.906455,0.211336,-0.051742,91.0689,-0.007332,91.1522,0.005391,72.807241,46.257985,91.1516,1.112332,2.240379,-0.903753,0.64847,-0.33793,2.214746
390,84.73,A,2,72.111754,47.886651,72.008847,47.205639,0.24701,-0.068941,91.1001,0.001579,91.183,0.011173,72.832193,46.371435,91.1749,1.17209,1.677769,-0.823346,0.834204,-0.720439,1.515215
391,84.956,A,2,71.302901,48.22515,72.033329,47.35074,0.247787,-0.066715,91.1667,0.008314,91.2588,0.01657,72.858597,46.48068,91.2438,1.199196,2.337383,-0.825268,0.87006,-1.555696,1.744469
392,85.172,A,2,71.617894,48.387282,71.909209,47.530341,0.256257,-0.034715,91.2827,0.015793,91.3761,0.022442,72.892436,46.605739,91.3817,1.349675,2.190514,-0.983227,0.924601,-1.274542,1.781543
393,85.355,A,2,71.384867,47.981843,71.860093,47.707574,0.262875,-0.021608,91.4441,0.024331,91.5325,0.026147,72.922565,46.705866,91.5395,1.460228,1.998157,-1.062472,1.001708,-1.537698,1.275977
394,85.598,A,2,71.304506,48.063293,71.776887,47.781716,0.247952,-0.00259,91.6338,0.030482,91.7267,0.040053,72.954371,46.804009,91.7352,1.530483,2.075536,-1.177484,0.977707,-1.649864,1.259284
395,85.759,A,2,72.204688,48.743327,71.692305,47.85567,0.234733,0.014483,91.862,0.036155,91.9584,0.049212,72.980863,46.882201,91.9188,1.614937,2.016491,-1.288558,0.973468,-0.776175,1.861126
396,85.997,A,2,72.531801,48.045644,71.781298,48.036188,0.243785,-0.006276,92.1436,0.045052,92.2274,0.043915,73.015077,46.98032,92.1819,1.623904,1.169817,-1.233778,1.055868,-0.483276,1.065324
397,86.233,A,2,71.759661,48.942133,71.914554,48.061352,0.219935,-0.03282,92.4605,0.052124,92.532,0.050529,73.057614,47.098395,92.5449,1.494614,2.254784,-1.14306,0.962957,-1.297953,1.843738
398,86.469,A,2,71.878605,49.770048,71.889171,48.240328,0.230817,-0.025064,92.8127,0.05703,92.8695,0.053128,73.094417,47.195763,92.8836,1.594909,2.846953,-1.205246,1.044565,-1.215812,2.574285
399,86.676,A,2,72.38922,47.486296,71.888192,48.528782,0.269919,-0.024719,93.0874,0.060275,93.2365,0.068055,73.124888,47.271881,93.1759,1.763297,0.766277,-1.236696,1.256901,-0.735668,0.214414
400,86.901,A,2,72.461968,48.885303,71.978495,48.37296,0.200158,-0.038652,93.5609,0.066403,93.6307,0.068094,73.164361,47.363728,93.5658,1.557186,1.675872,-1.185866,1.009232,-0.702393,1.521575
401,87.131,A,2,72.447823,48.189312,72.066911,48.483578,0.198611,-0.053159,93.9669,0.069143,94.0505,0.07755,73.213681,47.468494,94.0678,1.531496,1.051722,-1.14677,1.015085,-0.765858,0.720818
402,87.288,A,2,71.989385,48.848367,72.137424,48.447159,0.171682,-0.062506,94.3332,0.075249,94.4892,0.057103,73.247602,47.535487,94.4227,1.436537,1.818451,-1.110177,0.911672,-1.258217,1.31288
403,87.499,A,2,72.76845,49.570301,72.116609,48.538631,0.166839,-0.050745,94.4475,0.01769,94.4737,0.004958,73.294502,47.639712,94.4783,1.481718,2.000976,-1.177893,0.898919,-0.526052,1.930589
404,87.726,A,2,72.079648,48.726448,72.235947,48.738055,0.186867,-0.071851,94.9862,0.08029,95.1661,0.21975,73.32811,47.705169,94.9757,1.503221,1.612968,-1.092163,1.032886,-1.248462,1.021279
405,87.905,A,2,72.652311,48.788714,72.213237,48.754524,0.168866,-0.059305,96.0499,0.13974,96.0791,0.107836,73.373226,47.784778,96.0323,1.511947,1.235963,-1.159989,0.969746,-0.720915,1.003936
406,88.07,A,2,72.923647,49.125596,72.294221,48.774139,0.155818,-0.070908,96.2922,0.084504,96.4723,0.124886,73.413326,47.874925,96.3659,1.435612,1.343117,-1.119104,0.899214,-0.489679,1.250671
407,88.244,A,2,72.038494,48.734292,72.4119,48.854755,0.148768,-0.086683,97.4895,0.161709,97.5781,0.16655,73.460363,47.959006,97.4185,1.379,1.6195,-1.048463,0.895749,-1.421869,0.775286
408,88.433,A,2,72.516789,49.012829,72.35184,48.848551,0.131386,-0.06456,98.1876,0.131468,98.2609,0.173113,73.503769,48.046598,98.1195,1.403592,1.381207,-1.151929,0.801953,-0.98698,0.966231
409,88.586,A,2,72.634077,49.276841,72.384448,48.888516,0.126576,-0.06621,99.0828,0.169297,99.2896,0.136989,73.549497,48.129127,99.1712,1.390687,1.468074,-1.165049,0.759388,-0.91542,1.147714
410,88.746,A,2,72.947838,49.333045,72.432735,48.969891,0.127581,-0.070692,100.0584,0.173351,100.2466,0.169039,73.593499,48.21023,100.1657,1.387249,1.295219,-1.160764,0.759661,-0.645661,1.122816
411,88.916,A,2,72.475502,49.627453,72.529343,49.049906,0.123516,-0.082665,101.3513,0.185861,101.4165,0.202224,73.63798,48.289008,101.2373,1.344635,1.772792,-1.108638,0.760898,-1.162478,1.338445
412,89.084,A,2,72.873308,51.415929,72.524968,49.165891,0.13254,-0.075783,102.5116,0.196726,102.5694,0.203904,73.683927,48.366965,102.3812,1.407647,3.154883,-1.158959,0.798926,-0.810619,3.048964
413,89.223,A,2,72.495031,50.516157,72.590578,49.580301,0.197937,-0.093796,103.7155,0.205585,103.7767,0.213845,73.731437,48.445956,103.5799,1.608819,2.411313,-1.140858,1.134345,-1.236405,2.070201
414,89.382,A,2,72.99589,49.611664,72.577371,49.767413,0.212763,-0.087326,104.9784,0.215101,105.0386,0.229141,73.779819,48.526993,104.833,1.727577,1.338303,-1.202448,1.240419,-0.783929,1.084671
415,89.58,A,2,72.998941,50.058261,72.654482,49.761822,0.18388,-0.09267,106.2999,0.225107,106.3573,0.230256,73.827921,48.609966,106.1424,1.644302,1.668761,-1.173439,1.151856,-0.82898,1.448294
416,89.815,A,2,72.94215,49.570752,72.719068,49.834175,0.174021,-0.098183,107.6627,0.234274,107.7331,0.238505,73.875004,48.693831,107.5093,1.623752,1.280315,-1.155936,1.140344,-0.932854,0.876921
417,90.019,A,2,72.803668,50.730968,72.76255,49.806218,0.146186,-0.094372,109.0999,0.245176,109.1624,0.257855,73.921366,48.777235,108.9304,1.549729,2.250849,-1.158817,1.028983,-1.117698,1.953733
418,90.277,A,2,72.99835,50.68682,72.773344,49.987042,0.16405,-0.095189,110.584,0.253911,110.638,0.27241,73.968185,48.859184,110.3991,1.643079,2.069017,-1.194841,1.127858,-0.969835,1.827636
419,90.522,A,2,72.793982,51.104173,72.815945,50.129628,0.170336,-0.100788,112.1063,0.261665,112.1535,0.271767,74.0167,48.939444,111.9085,1.690665,2.486179,-1.200755,1.190183,-1.222717,2.164729
420,90.696,A,2,73.302945,50.282054,72.814276,50.321838,0.187778,-0.100793,113.6763,0.269424,113.7051,0.272254,74.067297,49.018579,113.4544,1.807912,1.476686,-1.253021,1.303259,-0.764352,1.263475
421,90.926,A,2,73.139881,50.283426,72.902603,50.335392,0.162733,-0.107352,115.2756,0.275777,115.2933,0.283169,74.119184,49.097614,115.0366,1.735559,1.537915,-1.216581,1.237778,-0.979302,1.185812
422,91.145,A,2,73.036732,51.145329,72.947261,50.344828,0.142395,-0.104432,116.9157,0.283024,116.9206,0.288068,74.170916,49.177549,116.6575,1.691115,2.27124,-1.223655,1.167278,-1.134185,1.96778
423,91.418,A,2,72.384522,49.626198,72.96541,50.504051,0.154368,-0.108021,118.5835,0.287974,118.5881,0.296228,74.221343,49.259039,118.3187,1.768452,1.873157,-1.255933,1.245012,-1.836821,0.367159
424,91.618,A,2,72.62842,50.782427,72.864245,50.365689,0.118651,-0.065965,120.2942,0.29486,120.2934,0.300939,74.270283,49.342281,120.0182,1.739053,2.183972,-1.406038,1.023408,-1.641863,1.440145
425,91.87,A,2,73.201132,50.634515,72.821684,50.452742,0.124452,-0.058178,122.0337,0.30023,122.0312,0.302352,74.318529,49.427013,121.7512,1.81457,1.645186,-1.496845,1.025729,-1.117397,1.207502
426,92.074,A,2,72.798114,50.911769,72.887313,50.498323,0.112309,-0.067758,123.7911,0.304291,123.7968,0.305525,74.367243,49.512556,123.5126,1.778181,2.102371,-1.47993,0.985767,-1.56913,1.399213
427,92.317,A,2,72.874141,50.838609,72.870515,50.584387,0.11619,-0.065389,125.5756,0.30862,125.588,0.315632,74.417221,49.597999,125.2997,1.834465,1.979952,-1.546706,0.986388,-1.54308,1.24061
428,92.556,A,2,73.275499,50.876329,72.869492,50.64231,0.112928,-0.063749,127.3975,0.314344,127.4053,0.31976,74.468484,49.682572,127.1127,1.864905,1.687682,-1.598992,0.959738,-1.192985,1.193757
429,92.815,A,2,72.854305,51.016185,72.939688,50.696422,0.101678,-0.074512,129.2508,0.320189,129.2501,0.324135,74.53077,49.782714,129.3245,1.834776,2.081342,-1.591082,0.913708,-1.676464,1.233471
430,93.053,A,2,73.088562,52.008346,72.923555,50.765322,0.103246,-0.071061,131.141,0.326188,131.1222,0.32493,74.572094,49.849182,130.8209,1.885999,2.619705,-1.648539,0.91614,-1.483532,2.159164
431,93.258,A,2,74.020899,52.162504,72.950761,50.998374,0.126705,-0.0947,133.0391,0.329277,133.019,0.328685,74.622987,49.933051,132.7141,1.982739,2.309323,-1.672226,1.065323,-0.602088,2.229453
432,93.515,A,2,73.936912,51.216655,73.138605,51.220945,0.125187,-0.141553,134.9622,0.333517,134.9366,0.337241,74.682603,50.03644,135.0136,1.946017,1.396052,-1.543998,1.184504,-0.745691,1.180215
433,93.708,A,2,73.812449,52.212384,73.281406,51.238703,0.095154,-0.150375,136.9059,0.336629,136.8721,0.33485,74.721414,50.107462,136.5612,1.83121,2.292796,-1.440008,1.131241,-0.908965,2.104922
434,93.97,A,2,73.312058,50.504356,73.378301,51.428913,0.100378,-0.173203,138.8654,0.340031,138.8259,0.352091,74.768927,50.198127,138.512,1.857061,1.488705,-1.390626,1.230786,-1.456868,0.306229
435,94.24,A,2,73.537965,51.616326,73.37042,51.283485,0.067669,-0.132435,140.8506,0.344191,140.8003,0.344756,74.824778,50.307937,140.8797,1.751243,1.835148,-1.454358,0.975549,-1.286813,1.308389
436,94.51,A,2,73.324387,51.734476,73.402835,51.356763,0.065575,-0.132375,142.8525,0.348039,142.7966,0.351314,74.870873,50.398781,142.8769,1.752959,2.043452,-1.468038,0.957982,-1.546486,1.335695
437,94.695,A,2,73.621424,52.410539,73.391162,51.437855,0.070744,-0.127474,144.884,0.353067,144.8135,0.361726,74.907828,50.47069,144.4895,1.798801,2.327627,-1.516666,0.967164,-1.286404,1.939848
438,94.941,A,2,73.465759,51.449952,73.432873,51.624814,0.081226,-0.146766,146.9284,0.354144,146.847,0.357745,74.954349,50.560144,146.5207,1.85699,1.73426,-1.521476,1.06467,-1.48859,0.889808
439,95.23,A,2,73.075443,51.364268,73.439766,51.610435,0.068466,-0.128612,149.0658,0.356957,148.8929,0.352441,75.01028,50.668469,148.9749,1.831342,2.056144,-1.570514,0.941966,-1.934837,0.695798
440,95.474,A,2,72.942712,51.862307,73.375583,51.57987,0.066816,-0.101048,151.0332,0.357204,150.9488,0.352754,75.046941,50.742123,150.6192,1.869562,2.383819,-1.671359,0.837748,-2.104229,1.120185
441,95.707,A,2,73.87078,51.449587,73.297443,51.641411,0.078934,-0.090386,153.1018,0.359054,153.0163,0.364763,75.099474,50.855045,153.0992,1.966135,1.36498,-1.802031,0.786366,-1.228694,0.594542
442,95.954,A,2,73.096624,52.40207,73.396411,51.618767,0.050419,-0.087525,155.1855,0.361833,155.0989,0.361813,75.132183,50.931491,154.7645,1.866883,2.511196,-1.735772,0.687276,-2.035559,1.470579
443,96.173,A,2,73.762723,52.858966,73.341752,51.767437,0.069637,-0.097284,157.0303,0.324703,156.8976,0.230396,75.172679,51.04662,156.9477,1.967707,2.296209,-1.830927,0.720818,-1.409955,1.812346
444,96.414,A,2,73.342251,52.330113,73.413375,51.972786,0.069445,-0.129503,158.724,0.314463,158.626,0.386297,75.193978,51.12324,158.287,1.972885,2.210302,-1.780602,0.849546,-1.851727,1.206873
445,96.632,A,2,74.029953,52.848686,73.398576,52.050221,0.071074,-0.127203,161.0667,0.378981,160.9722,0.350178,75.214301,51.223502,160.6409,1.995074,2.010946,-1.815724,0.826719,-1.184348,1.625184
446,96.874,A,2,73.506386,53.103085,73.507766,52.206185,0.056454,-0.150774,162.6515,0.299589,162.4561,0.243989,75.225793,51.319764,162.245,1.933225,2.477216,-1.718027,0.886421,-1.719408,1.783322
447,97.087,A,2,73.899452,52.728594,73.506041,52.381018,0.064248,-0.165736,164.4296,0.319355,164.3169,0.376764,75.234776,51.41952,163.9683,1.978131,1.869964,-1.728735,0.961497,-1.335324,1.309074
448,97.315,A,2,73.294349,52.948745,73.573946,52.459972,0.049692,-0.166746,166.0279,0.278529,165.8454,0.209364,75.239369,51.520313,165.6628,1.912222,2.413198,-1.665423,0.939659,-1.94502,1.428432
449,97.519,A,2,74.003267,52.1793,73.523093,52.56342,0.060469,-0.163722,167.6142,0.285891,167.464,0.288953,75.237442,51.620716,167.1883,1.956446,1.354697,-1.714348,0.942704,-1.234175,0.558584
450,97.733,A,2,73.335732,52.549424,73.606184,52.511948,0.033871,-0.140387,169.0129,0.256965,168.8596,0.290214,75.226593,51.719565,168.6019,1.803773,2.064951,-1.62041,0.792383,-1.890861,0.82986
451,97.947,A,2,73.666059,52.453193,73.557339,52.532382,0.04033,-0.125367,170.4223,0.247637,170.2531,0.23715,75.205317,51.818609,170.0353,1.795913,1.664936,-1.647978,0.713774,-1.539258,0.634584
452,98.178,A,2,73.223187,53.446619,73.574784,52.530855,0.03193,-0.111598,171.7306,0.234243,171.5759,0.223646,75.172327,51.917132,171.3689,1.711374,2.477595,-1.597543,0.613723,-1.94914,1.529487
453,98.42,A,2,73.280728,52.571742,73.510394,52.704585,0.048955,-0.129946,172.6084,0.165462,172.3984,0.073921,75.130874,52.012781,172.3376,1.761973,1.932739,-1.62048,0.691804,-1.850146,0.558961
454,98.68,A,2,73.426375,52.704598,73.466493,52.69386,0.051335,-0.111032,173.4527,0.163978,173.3157,0.233416,75.092231,52.108491,173.1094,1.727912,1.769299,-1.625738,0.585369,-1.665856,0.596107
455,98.925,A,2,73.09108,52.309116,73.45554,52.70687,0.0479,-0.10047,174.8177,0.210983,174.6759,0.150191,75.0491,52.206434,174.5213,1.67029,1.960711,-1.59356,0.500436,-1.958021,0.102682
456,99.161,A,2,73.28487,52.923869,73.387143,52.646057,0.05386,-0.074468,175.2951,0.116355,175.1097,0.083734,75.011427,52.295146,175.0356,1.661758,1.837469,-1.624285,0.350911,-1.726558,0.628723
457,99.423,A,2,74.006577,53.204455,73.364259,52.702975,0.053815,-0.076688,176.1418,0.145339,175.9889,0.143609,74.970582,52.383935,175.8526,1.6377,1.265923,-1.606323,0.319041,-0.964005,0.820521
458,99.678,A,2,73.933866,52.957881,73.473734,52.800047,0.027987,-0.09027,176.524,0.08496,176.3429,0.084147,74.929647,52.466703,176.2785,1.493587,1.110331,-1.455913,0.333343,-0.995781,0.491177
459,99.932,A,2,72.949548,54.582545,73.553379,52.837047,0.009433,-0.089135,176.973,0.075064,176.7961,0.004497,74.884214,52.548274,176.7821,1.361805,2.807346,-1.330835,0.288773,-1.934666,2.034271
460,100.135,A,2,72.69923,53.164544,73.445179,53.156102,0.036453,-0.141155,177.2092,0.051387,177.0478,0.03763,74.83648,52.626765,177.0257,1.488595,2.20387,-1.391301,0.529337,-2.13725,0.537779
461,100.403,A,2,73.643002,53.717095,73.309613,53.17121,0.059832,-0.125559,177.3583,0.033116,177.1885,0.008182,74.77576,52.718935,177.1913,1.534321,1.509789,-1.466147,0.452276,-1.132757,0.99816
462,100.593,A,2,72.349729,54.865231,73.363704,53.280735,0.043585,-0.134095,177.3617,0.010208,177.2049,-0.006595,74.734487,52.778406,177.2096,1.459925,3.168897,-1.370783,0.50233,-2.384758,2.086825
463,100.773,A,2,72.890879,53.111281,73.179546,53.575724,0.079915,-0.175809,177.2745,-0.0079,177.1154,-0.024997,74.683343,52.849608,177.1365,1.669925,1.811463,-1.503797,0.726116,-1.792464,0.261673
464,101.014,A,2,73.45924,53.567263,73.121372,53.510318,0.081587,-0.141501,177.0659,-0.027844,176.9268,-0.047649,74.62366,52.929837,176.9173,1.610537,1.327473,-1.502288,0.580481,-1.16442,0.637426
465,101.208,A,2,72.725671,54.104802,73.174407,53.534498,0.061681,-0.13069,176.7729,-0.044194,176.6419,-0.057445,74.575153,52.992868,176.6285,1.501816,2.158004,-1.400746,0.54163,-1.849482,1.111934
466,101.443,A,2,72.703992,54.567403,73.089376,53.648905,0.073144,-0.137763,176.3925,-0.059876,176.2613,-0.071774,74.526758,53.053511,176.2441,1.555816,2.369461,-1.437383,0.595394,-1.822766,1.513892
467,101.654,A,2,73.034431,54.830005,73.014109,53.827426,0.081967,-0.15686,175.8724,-0.077131,175.7871,-0.087393,74.477191,53.112561,175.7662,1.628387,2.243028,-1.463083,0.714865,-1.442761,1.717445
468,101.861,A,2,72.40228,54.340076,73.011649,54.020528,0.075589,-0.178759,175.3391,-0.092806,175.2245,-0.108947,74.435968,53.158679,175.3202,1.664773,2.351932,-1.424319,0.861849,-2.033688,1.181397
469,102.085,A,2,72.501877,54.685807,72.897533,54.095165,0.090964,-0.171656,174.6821,-0.108703,174.5812,-0.11885,74.382147,53.214383,174.6892,1.726226,2.387574,-1.484614,0.880782,-1.88027,1.471425
470,102.326,A,2,72.260172,53.732632,72.820144,54.217558,0.097943,-0.175411,173.9496,-0.121703,173.8641,-0.126516,74.314944,53.277412,173.8339,1.765872,2.104593,-1.4948,0.940146,-2.054772,0.45522
471,102.564,A,2,71.950301,55.10786,72.712986,54.149157,0.107335,-0.139553,173.1636,-0.132383,173.0765,-0.133214,74.269577,53.316933,173.2072,1.765098,2.930266,-1.556591,0.832224,-2.319276,1.790927
472,102.79,A,2,72.420368,54.263373,72.568887,54.334446,0.12743,-0.15828,172.3266,-0.141535,172.2189,-0.154715,74.213544,53.363944,172.3608,1.909652,2.006104,-1.644657,0.970502,-1.793176,0.899429
473,103.044,A,2,72.188675,54.788243,72.532466,54.338622,0.120284,-0.140002,171.3833,-0.157683,171.2911,-0.164092,74.159158,53.409026,171.4442,1.873572,2.405211,-1.626691,0.929596,-1.970482,1.379217
474,103.256,A,2,72.119853,54.283719,72.462086,54.433802,0.122818,-0.141372,170.3879,-0.168566,170.2953,-0.178015,74.106539,53.452677,170.459,1.914897,2.153497,-1.644453,0.981125,-1.986686,0.831042
475,103.479,A,2,72.765991,53.709066,72.45682,54.298653,0.103788,-0.094365,169.2773,-0.181195,169.2362,-0.188666,74.054909,53.494804,169.4096,1.788872,1.306606,-1.598089,0.803849,-1.288918,0.214262
476,103.698,A,2,72.493111,54.773472,72.449131,54.309044,0.093818,-0.085298,168.1987,-0.190389,168.1202,-0.206931,74.002894,53.534918,168.3023,1.735929,1.952808,-1.553762,0.774126,-1.509782,1.238554
477,103.895,A,2,72.250636,55.028147,72.450017,54.401585,0.085729,-0.093899,167.0181,-0.200484,166.9527,-0.205829,73.949152,53.572689,167.1429,1.713031,2.236809,-1.499135,0.828897,-1.698516,1.455458
478,104.134,A,2,72.330225,55.043636,72.408804,54.523823,0.088323,-0.105986,165.7946,-0.208391,165.7356,-0.220842,73.893085,53.608355,165.9337,1.743895,2.121924,-1.484281,0.915467,-1.562861,1.435281
479,104.378,A,2,72.165761,54.502065,72.38936,54.628333,0.086049,-0.113724,164.5205,-0.218093,164.4679,-0.226549,73.835164,53.642635,164.6742,1.749844,1.877639,-1.445805,0.985699,-1.669404,0.859431
480,104.615,A,2,72.057,54.744101,72.344618,54.618723,0.084774,-0.096711,163.2047,-0.225945,163.1482,-0.244642,73.776652,53.676184,163.3628,1.71438,2.024264,-1.432034,0.942538,-1.719651,1.067916
481,104.867,A,2,72.570817,54.286691,72.288487,54.65244,0.087755,-0.089548,161.8262,-0.234786,161.7778,-0.244321,73.718879,53.709052,162.0003,1.713477,1.28519,-1.430392,0.943388,-1.148062,0.57764
482,105.092,A,2,71.671902,54.655389,72.333367,54.59815,0.066266,-0.070576,160.5053,-0.226668,160.5426,-0.133496,73.661464,53.741193,160.6849,1.580575,2.189546,-1.328097,0.856957,-1.989562,0.914196
483,105.321,A,2,72.333561,54.662368,72.211995,54.617068,0.083477,-0.059563,159.6097,-0.186902,159.5808,-0.242582,73.602138,53.775866,159.7958,1.624844,1.547635,-1.390143,0.841201,-1.268577,0.886502
484,105.519,A,2,71.234314,56.040044,72.228243,54.633332,0.071704,-0.056641,157.8907,-0.268421,157.8388,-0.277204,73.532783,53.80841,158.1045,1.543477,3.203616,-1.30454,0.824923,-2.298469,2.231634
485,105.747,A,2,71.687028,54.192782,72.047608,54.891571,0.114319,-0.088809,156.7897,-0.20174,156.8083,-0.121179,73.461195,53.845467,156.9077,1.758568,1.807843,-1.413587,1.046104,-1.774167,0.347315
486,105.944,A,2,72.202274,55.346067,71.976595,54.779597,0.107522,-0.052202,155.6513,-0.209568,155.6166,-0.293451,73.385031,53.883814,155.8739,1.669167,1.880717,-1.408436,0.895783,-1.182758,1.462252
487,106.113,A,2,72.236238,54.985111,72.009666,54.889206,0.096543,-0.06919,154.3885,-0.204464,154.4178,-0.107947,73.301793,53.921702,154.5305,1.614204,1.505405,-1.292127,0.967504,-1.065555,1.063409
488,106.34,A,2,71.240196,55.68547,72.044475,54.916217,0.080905,-0.068734,154.018,-0.106463,154.0888,-0.107711,73.227856,53.964019,154.1762,1.518905,2.629484,-1.183382,0.952198,-1.987661,1.721451
489,106.586,A,2,71.647785,54.823852,71.897609,55.062699,0.110533,-0.076739,152.7881,-0.191098,152.7712,-0.261181,73.146449,54.00461,153.0207,1.636812,1.707967,-1.24884,1.058089,-1.498664,0.819242
490,106.808,A,2,71.848289,55.440506,71.847089,55.031734,0.104759,-0.057871,151.8645,-0.155094,151.9312,-0.034296,73.067364,54.044954,151.9806,1.569332,1.853027,-1.220275,0.98678,-1.219075,1.395552
491,107.022,A,2,71.260523,55.092208,71.841105,55.114098,0.100775,-0.065752,151.6802,-0.074183,151.7409,-0.096124,72.996233,54.08873,151.8228,1.54457,2.004908,-1.155127,1.025367,-1.73571,1.003478
492,107.278,A,2,70.602462,55.435514,71.732353,55.120528,0.109682,-0.049725,150.8652,-0.125607,150.8909,-0.11029,72.911866,54.133259,151.0032,1.538164,2.651267,-1.179513,0.987269,-2.309404,1.302255
493,107.544,A,2,71.545283,55.811993,71.524473,55.186076,0.140777,-0.037104,150.7385,-0.042808,150.817,0.008993,72.832223,54.179153,150.8045,1.650486,2.079033,-1.30775,1.006923,-1.28694,1.63284
494,107.759,A,2,70.419616,55.78565,71.518235,55.307203,0.136845,-0.054033,150.3839,-0.064235,150.4249,-0.065092,72.749024,54.225832,150.5026,1.638353,2.803421,-1.230788,1.081371,-2.329408,1.559817
495,108,A,2,69.763073,55.869944,71.313904,55.403476,0.166888,-0.045773,150.4186,-0.00729,150.4962,0.010722,72.67039,54.27383,150.4773,1.765263,3.316636,-1.356486,1.129645,-2.907317,1.596114
496,108.254,A,2,71.755602,54.077621,71.026155,55.498427,0.208245,-0.029838,150.338,-0.009663,150.4415,0.045853,72.579183,54.332003,150.4539,1.942278,0.861973,-1.553028,1.166424,-0.823582,-0.254382
497,108.476,A,2,70.40752,55.50892,71.139868,55.257854,0.140582,0.005573,150.4897,0.014335,150.5977,0.030023,72.522032,54.370541,150.5661,1.642467,2.401471,-1.382163,0.887313,-2.114511,1.138378
498,108.686,A,2,71.139489,56.071331,70.997479,55.308725,0.154641,0.00982,150.738,0.035502,150.8496,0.05653,72.452693,54.41799,150.8016,1.706182,2.111408,-1.455214,0.890735,-1.313205,1.653341
499,108.968,A,2,70.674137,55.503046,71.009314,55.450846,0.148624,-0.017732,151.1158,0.057542,151.2133,0.076719,72.369867,54.474478,151.2301,1.674634,1.983293,-1.360553,0.976368,-1.69573,1.028568
500,109.197,A,2,70.232078,55.077713,70.937935,55.468465,0.145861,-0.011811,151.5983,0.076396,151.6819,0.082756,72.299275,54.522662,151.7027,1.657645,2.140416,-1.361339,0.945803,-2.067196,0.555051
501,109.418,A,2,70.999979,56.070128,70.799372,55.406941,0.147367,0.014032,152.2305,0.096641,152.2459,0.11119,72.226756,54.573325,152.2703,1.65298,1.935304,-1.427384,0.833616,-1.226777,1.496804
502,109.638,A,2,69.927839,55.786748,70.822993,55.530097,0.138467,-0.012349,152.8382,0.109903,152.8963,0.119573,72.16779,54.616014,152.7866,1.626046,2.527449,-1.344796,0.914083,-2.239951,1.170734
503,109.908,A,2,70.700482,55.70114,70.651823,55.583025,0.157922,-0.003949,153.5809,0.119976,153.6284,0.126974,72.079337,54.68271,153.6594,1.687709,1.714188,-1.427514,0.900315,-1.378855,1.01843
504,110.113,A,2,69.970102,55.564829,70.647054,55.611056,0.143205,-0.008203,154.4001,0.136206,154.4417,0.152531,72.007192,54.738827,154.4759,1.615784,2.198185,-1.360138,0.872229,-2.03709,0.826001
505,110.309,A,2,70.537931,55.292163,70.51495,55.609023,0.150516,0.005459,155.2663,0.150733,155.336,0.15133,71.951286,54.782879,155.1875,1.656978,1.502313,-1.436337,0.826144,-1.413355,0.509284
506,110.552,A,2,69.432853,55.07573,70.505683,55.558157,0.130148,0.014721,156.2402,0.164082,156.3082,0.181717,71.884004,54.836431,156.1476,1.555845,2.462804,-1.37832,0.721725,-2.45115,0.239299
507,110.796,A,2,70.200643,55.89349,70.30602,55.47551,0.147547,0.046946,157.0618,0.172449,157.3519,0.184114,71.819242,54.889115,157.1805,1.622867,1.904896,-1.513221,0.586395,-1.618599,1.004374
508,111.035,A,2,69.984188,55.412303,70.270202,55.551281,0.140599,0.029448,158.3794,0.187438,158.4591,0.202501,71.755898,54.942665,158.278,1.605524,1.832899,-1.485696,0.608616,-1.771711,0.469638
509,111.252,A,2,70.267915,55.461463,70.205741,55.528722,0.134356,0.035469,159.551,0.198241,159.6237,0.203946,71.692462,54.998633,159.4336,1.578397,1.497847,-1.486722,0.530089,-1.424547,0.46283
510,111.49,A,2,70.504077,55.64162,70.206023,55.517807,0.120835,0.034054,160.5234,0.205963,160.8441,0.215331,71.627602,55.057432,160.645,1.494267,1.266327,-1.421579,0.460375,-1.123526,0.584188
511,111.725,A,2,70.459322,56.027835,70.24718,55.540442,0.100795,0.022295,161.7951,0.216402,162.1222,0.222377,71.560828,55.118179,161.9137,1.379846,1.428562,-1.313648,0.422263,-1.101506,0.909655
512,111.962,A,2,69.518213,56.683691,70.275132,55.62768,0.090441,0.000571,163.122,0.225964,163.4591,0.238234,71.49287,55.179412,163.2413,1.297625,2.482363,-1.217738,0.448267,-1.974658,1.504279
513,112.198,A,2,69.82123,55.832311,70.130566,55.818058,0.119059,-0.025526,164.3572,0.175511,164.3693,0.129246,71.419969,55.239498,164.2569,1.413256,1.705108,-1.289403,0.57856,-1.598739,0.592813
514,112.427,A,2,70.404436,57.018067,70.065131,55.825854,0.118316,-0.019826,165.5704,0.211345,165.6461,0.307388,71.344561,55.299499,165.3786,1.383471,1.958905,-1.27943,0.526354,-0.940125,1.718567
515,112.624,A,2,69.747434,56.078551,70.114503,56.042577,0.10893,-0.062636,167.1945,0.252492,167.2363,0.195009,71.266799,55.36258,167.0499,1.337977,1.679609,-1.152297,0.679997,-1.519365,0.715971
516,112.849,A,2,69.28766,56.393394,70.040302,56.057028,0.111507,-0.053939,168.0241,0.174108,168.0267,0.183681,71.183541,55.421458,167.8741,1.308032,2.130499,-1.14324,0.63557,-1.895881,0.971936
517,113.093,A,2,69.896078,55.642244,69.896795,56.123831,0.130265,-0.052928,169.3838,0.222844,169.4091,0.221387,71.100396,55.487208,169.1955,1.361597,1.214256,-1.203601,0.636624,-1.204317,0.155037
518,113.317,A,2,69.697972,56.67774,69.88541,56.045413,0.113318,-0.031038,170.2508,0.166311,170.2371,0.147962,71.011707,55.550193,170.1048,1.230361,1.73126,-1.126297,0.49522,-1.313735,1.127546
519,113.514,A,2,69.266922,57.021805,69.841599,56.162551,0.114405,-0.048628,171.3759,0.187399,171.3546,0.146836,70.917579,55.615661,171.2106,1.206989,2.168389,-1.07598,0.54689,-1.650657,1.406144
520,113.719,A,2,69.39287,56.374553,69.728903,56.321481,0.130408,-0.069711,172.2946,0.171776,172.2663,0.186502,70.814307,55.677722,172.099,1.261954,1.583053,-1.085405,0.643759,-1.421437,0.696831
521,113.944,A,2,69.392946,56.232791,69.657537,56.339081,0.130146,-0.062476,173.1907,0.159489,173.1616,0.153931,70.702579,55.739852,173.0208,1.204653,1.399331,-1.045042,0.599229,-1.309633,0.492939
522,114.171,A,2,68.754581,56.788039,69.598735,56.327483,0.126342,-0.05097,174.0492,0.151935,174.0173,0.144083,70.58319,55.80232,173.8838,1.115772,2.077367,-0.984455,0.525163,-1.828609,0.985719
523,114.366,A,2,68.720057,56.901941,69.436827,56.41528,0.146994,-0.057487,174.8603,0.143908,174.8233,0.138519,70.458289,55.866156,174.6976,1.159707,2.023437,-1.021462,0.549124,-1.738231,1.035785
524,114.573,A,2,68.81125,56.417098,69.295561,56.508402,0.161063,-0.065542,175.6277,0.136747,175.5829,0.130239,70.329895,55.930953,175.4642,1.184607,1.59456,-1.034334,0.577449,-1.518645,0.486145
525,114.718,A,2,68.882465,57.056543,69.194423,56.499433,0.162497,-0.053681,176.3547,0.129485,176.3038,0.120631,70.199111,55.995227,176.1907,1.124109,1.691138,-1.004688,0.504206,-1.316646,1.061316
526,114.905,A,2,68.260693,56.86428,69.123515,56.604573,0.160413,-0.067208,177.0168,0.118206,176.9635,0.080256,70.065871,56.057494,176.8826,1.089646,1.977262,-0.942356,0.547078,-1.805177,0.806785
527,115.135,A,2,68.65749,56.875604,68.9549,56.657922,0.176971,-0.066923,177.1029,0.042062,177.0146,0.041577,69.93632,56.112142,176.9867,1.12297,1.489389,-0.98142,0.545781,-1.27883,0.763462
528,115.32,A,2,68.232837,57.649711,68.885196,56.703807,0.171375,-0.067372,177.7433,0.101473,177.7244,0.201267,69.807749,56.168842,177.5483,1.066439,2.161787,-0.922553,0.534966,-1.574913,1.480869
529,115.539,A,2,67.802139,57.371288,68.752705,56.879072,0.181077,-0.093125,178.3481,0.090606,178.2608,-0.004751,69.677735,56.226314,178.2581,1.132155,2.197459,-0.92503,0.652758,-1.875596,1.144975
530,115.742,A,2,68.474381,57.38878,68.566363,56.976076,0.199144,-0.099629,178.2845,0.025352,178.2057,0.058425,69.548768,56.277904,178.1626,1.205223,1.54543,-0.982405,0.698172,-1.074387,1.110877
531,115.947,A,2,68.125657,57.242369,68.534746,57.057312,0.18795,-0.10689,178.8017,0.086297,178.978,0.161418,69.380154,56.341794,179.0112,1.107557,1.54428,-0.845408,0.715519,-1.254498,0.900575
532,116.158,A,2,68.096827,57.155903,68.44495,57.100241,0.18516,-0.10262,179.4004,0.086801,179.3024,-0.02643,69.264586,56.38343,179.315,1.088862,1.400134,-0.819636,0.716811,-1.167759,0.772472
533,116.395,A,2,66.405317,57.753887,68.366349,57.119825,0.180245,-0.094227,179.0506,-0.026367,178.8319,-0.058839,69.08099,56.444392,178.8205,0.983322,2.978926,-0.714641,0.675433,-2.675672,1.309495
534,116.624,A,2,66.97841,57.862094,67.997453,57.243318,0.231733,-0.104079,179.0594,0.013921,179.0209,0.126146,68.961231,56.483402,178.9244,1.22733,2.41503,-0.963778,0.759915,-1.982821,1.378691
535,116.858,A,2,67.374167,58.385918,67.793949,57.363481,0.246841,-0.115268,179.7348,0.080694,179.6784,0.041311,68.814579,56.529431,179.6327,1.318077,2.349752,-1.02063,0.834051,-1.440412,1.856488
536,117.086,A,2,67.169418,57.01174,67.695574,57.556661,0.239179,-0.140692,179.554,-0.007752,179.4294,-0.072175,68.667054,56.569438,179.5045,1.385057,1.561584,-0.97148,0.987223,-1.497636,0.442302
537,117.303,A,2,66.661991,56.703012,67.583895,57.471175,0.239586,-0.109313,179.5179,-0.000763,179.5515,0.10519,68.520206,56.612863,179.4642,1.270189,1.860401,-0.936312,0.858312,-1.858215,0.09015
538,117.531,A,2,66.523826,56.116725,67.393435,57.346399,0.24519,-0.06814,-179.9882,0.045494,179.9396,-0.026028,68.368557,56.662323,179.9455,1.191144,1.923723,-0.975122,0.684076,-1.844731,-0.545598
539,117.699,A,2,66.884852,57.072875,67.215236,57.134271,0.2524,-0.016826,179.7888,-0.010498,179.7154,0.021597,68.205307,56.706408,179.7034,1.078567,1.370364,-0.990071,0.427863,-1.320455,0.366467
540,117.875,A,2,66.780918,57.319119,67.137108,57.12467,0.244951,-0.013128,-179.9039,0.040971,-179.903,0.022939,67.995904,56.761857,-179.9008,0.93229,1.336687,-0.858797,0.362813,-1.214987,0.557262
541,118.057,A,2,67.063322,57.880955,67.0513,57.160338,0.234419,-0.018919,-179.9519,0.002225,-179.9627,0.055808,67.809617,56.798785,-179.9491,0.840099,1.314552,-0.758318,0.361554,-0.746295,1.08217
542,118.242,A,2,66.398261,57.286888,67.027481,57.290568,0.207203,-0.042783,-179.714,0.020869,-179.7702,0.001595,67.65676,56.828315,-179.7582,0.780814,1.339443,-0.629279,0.462253,-1.258499,0.458573
543,118.479,A,2,65.16332,58.280405,66.895555,57.293889,0.210039,-0.038464,-179.5807,0.022253,-179.6242,0.026221,67.463772,56.863586,-179.6479,0.712763,2.701751,-0.568217,0.430303,-2.300453,1.416819
544,118.675,A,2,65.793977,58.386111,66.572183,57.471553,0.257663,-0.071809,-179.4939,0.020583,-179.5178,0.020929,67.271509,56.901057,-179.5335,0.902508,2.094871,-0.699325,0.570496,-1.477532,1.485055
545,118.904,A,2,65.430961,57.091474,66.405108,57.642088,0.256404,-0.097001,-179.4182,0.010597,-179.4838,-0.050013,67.080392,56.940271,-179.4543,0.973939,1.656347,-0.675285,0.701818,-1.649432,0.151203
546,119.087,A,2,65.668131,58.303078,66.207069,57.553372,0.266991,-0.067934,-179.9286,-0.057884,179.9867,-0.038862,66.8971,56.974406,-179.9637,0.900747,1.8099,-0.690031,0.578966,-1.22897,1.328672
547,119.322,A,2,65.026497,57.280036,66.08546,57.693199,0.260685,-0.08854,-179.7518,0.015717,-179.7741,0.084678,66.714247,57.009154,-179.8708,0.929135,1.70935,-0.628788,0.684045,-1.68775,0.270883
548,119.493,A,2,64.333575,58.454799,65.871896,57.628057,0.273933,-0.065251,-179.7241,-0.005292,-179.821,-0.11001,66.530081,57.039971,-179.7337,0.88264,2.612734,-0.658185,0.588087,-2.196506,1.414828
549,119.713,A,2,64.526008,58.747101,65.571836,57.781554,0.30306,-0.089076,179.7764,-0.053185,179.7148,-0.008663,66.344374,57.062535,179.7286,1.055369,2.478753,-0.772538,0.719019,-1.818366,1.684565
550,119.916,A,2,64.657532,58.074274,65.356631,57.962045,0.311636,-0.115523,179.7494,-0.024643,179.6691,-0.089178,66.148258,57.089127,179.7403,1.178413,1.786835,-0.791627,0.872918,-1.490727,0.985147
551,120.179,A,2,64.044192,57.949366,65.202402,57.993505,0.306965,-0.108517,179.1621,-0.074239,179.0929,-0.042611,65.953407,57.113022,179.1377,1.157263,2.084364,-0.751005,0.880483,-1.909215,0.836344
552,120.383,A,2,64.122003,57.891192,64.966939,57.996627,0.319356,-0.096433,178.8401,-0.060221,178.8049,-0.009691,65.758506,57.140766,178.8217,1.165794,1.800356,-0.791567,0.855861,-1.636503,0.750426
553,120.596,A,2,63.727315,58.199112,64.786045,57.987767,0.319213,-0.083191,178.7326,-0.035188,178.6817,-0.082027,65.567072,57.169004,178.7487,1.131537,2.108513,-0.781026,0.818763,-1.839756,1.030109
554,120.857,A,2,64.090205,57.837319,64.567154,58.034429,0.32691,-0.082497,177.947,-0.110285,177.8547,-0.145973,65.376844,57.189757,177.9895,1.170072,1.440408,-0.809689,0.844673,-1.286638,0.647563
555,121.081,A,2,63.652094,57.670169,64.451122,58.008487,0.312648,-0.067198,177.6017,-0.065338,177.5717,-0.012102,65.191375,57.210243,177.5873,1.088654,1.606524,-0.740253,0.798244,-1.539281,0.459926
556,121.343,A,2,62.789923,57.499548,64.279138,57.956128,0.311245,-0.047928,177.1902,-0.077772,177.1313,-0.108974,65.007156,57.228167,177.2375,1.029532,2.233779,-0.728017,0.727961,-2.217233,0.271381
557,121.587,A,2,63.152494,58.179332,63.984362,57.881168,0.334744,-0.025402,176.781,-0.066533,176.7515,-0.045331,64.819587,57.246303,176.7872,1.049121,1.91043,-0.835225,0.634866,-1.667093,0.933029
558,121.771,A,2,62.798818,57.871573,63.80436,57.938676,0.332999,-0.032746,176.3396,-0.076683,176.3189,-0.070656,64.624675,57.267998,176.3899,1.059588,1.923033,-0.820316,0.670678,-1.825857,0.603575
559,121.962,A,2,62.436693,59.347398,63.593624,57.932088,0.337245,-0.025735,175.9742,-0.067969,175.9502,-0.090835,64.42003,57.293215,176.0246,1.04456,2.855397,-0.826406,0.638874,-1.983337,2.054183
560,122.168,A,2,63.017108,58.720496,63.361262,58.187361,0.356125,-0.073923,175.6546,-0.06577,175.5875,-0.063075,64.162283,57.323837,175.5734,1.177841,1.806124,-0.80102,0.863525,-1.145175,1.39666
561,122.378,A,2,62.49386,58.820231,63.262919,58.293234,0.328891,-0.084373,175.262,-0.059841,175.2487,-0.061456,63.985873,57.342886,175.3011,1.194078,2.099679,-0.722954,0.950347,-1.492013,1.477345
562,122.592,A,2,62.281831,58.081053,63.095285,58.397838,0.326073,-0.09356,174.9473,-0.055416,174.9344,-0.056258,63.764264,57.364479,174.9834,1.231002,1.646537,-0.668979,1.03336,-1.482432,0.716575
563,122.814,A,2,62.411816,57.795316,62.920116,58.353337,0.323237,-0.071245,174.655,-0.052119,174.635,-0.055708,63.501275,57.389185,174.6231,1.12576,1.162697,-0.58116,0.964152,-1.089459,0.406131
564,123.027,A,2,62.307943,58.31974,62.805557,58.262385,0.315318,-0.043883,174.4134,-0.051972,174.3407,-0.044111,63.285737,57.411387,174.3289,0.977123,1.33461,-0.48018,0.850997,-0.977794,0.908352
565,123.233,A,2,60.627169,57.565127,62.688884,58.279485,0.303369,-0.0403,174.1191,-0.051339,174.0471,-0.047186,63.114395,57.431107,174.094,0.949108,2.490835,-0.425512,0.848378,-2.487227,0.134021
566,123.423,A,2,61.451808,58.58069,62.289033,58.160385,0.34111,-0.003435,173.7719,-0.05124,173.759,-0.047398,62.898237,57.457629,173.8043,0.930051,1.831235,-0.609204,0.702756,-1.446429,1.123061
567,123.653,A,2,61.105578,58.247682,62.114484,58.238052,0.346641,-0.015802,173.563,-0.047428,173.4885,-0.041618,62.675655,57.484359,173.5301,0.939663,1.745797,-0.561171,0.753693,-1.570078,0.763323
568,123.899,A,2,60.651372,58.34691,61.897141,58.245961,0.343062,-0.010886,173.2652,-0.04367,173.2465,-0.039298,62.395954,57.51439,173.2374,0.885443,1.933043,-0.498812,0.731571,-1.744582,0.83252
569,124.114,A,2,61.59913,58.093733,61.650103,58.267907,0.362446,-0.009165,173.0923,-0.039603,173.0324,-0.037751,62.201842,57.533156,173.0651,0.918844,0.823109,-0.551739,0.734751,-0.602712,0.560577
570,124.316,A,2,60.057587,58.68696,61.601581,58.242766,0.321937,-0.00159,172.8326,-0.037986,172.8351,-0.038099,61.903047,57.561442,172.8273,0.745039,2.1616,-0.301466,0.681324,-1.84546,1.125518
571,124.501,A,2,60.065091,58.552994,61.303257,58.324805,0.355206,-0.011515,172.677,-0.035126,172.6425,-0.033985,61.702091,57.581711,172.6733,0.84336,1.90346,-0.398834,0.743094,-1.637,0.971283
572,124.753,A,2,59.809349,58.306991,61.051441,58.370585,0.367059,-0.013572,172.4831,-0.034377,172.4505,-0.025074,61.452237,57.609018,172.481,0.860594,1.785007,-0.400797,0.761567,-1.642889,0.697973
573,124.928,A,2,59.842926,58.634473,60.797852,58.365113,0.376696,-0.00455,172.2798,-0.035009,172.2645,-0.028488,61.205029,57.637211,172.2934,0.834046,1.688151,-0.407176,0.727902,-1.362102,0.997261
574,125.13,A,2,59.684085,58.693811,60.586707,58.419245,0.368849,-0.009494,172.0897,-0.028884,172.0947,-0.027476,60.95915,57.664142,172.1203,0.841959,1.638905,-0.372444,0.755103,-1.275065,1.029669
575,125.369,A,2,58.603291,58.885241,60.391091,58.473971,0.367015,-0.014344,171.9454,-0.026024,171.95,-0.020322,60.711334,57.688433,171.9713,0.848307,2.424086,-0.320243,0.785538,-2.108043,1.196809
576,125.588,A,2,59.001879,59.074508,60.038182,58.553583,0.397744,-0.019399,171.8308,-0.021632,171.8306,-0.027675,60.457685,57.710689,171.8483,0.941517,1.994838,-0.419503,0.842894,-1.455807,1.36382
577,125.862,A,2,58.189784,59.281582,59.816169,58.653645,0.399141,-0.031268,171.7373,-0.017595,171.7274,-0.023292,60.195472,57.733186,171.7433,0.995548,2.533834,-0.379303,0.920459,-2.005688,1.548395
578,126.071,A,2,57.94585,58.130668,59.489168,58.773996,0.422104,-0.042849,171.6359,-0.0171,171.6297,-0.025205,59.92439,57.758112,171.6452,1.105187,2.01331,-0.435222,1.015884,-1.97854,0.372556
579,126.244,A,2,58.204208,59.026242,59.174926,58.669536,0.43363,-0.00805,171.5478,-0.015527,171.5345,-0.012237,59.646628,57.785921,171.5494,1.001638,1.902359,-0.471702,0.883615,-1.44242,1.240321
580,126.455,A,2,57.785354,58.743131,58.960993,58.739998,0.428525,-0.015158,171.4421,-0.017462,171.4472,-0.016394,59.365879,57.814946,171.4603,1.00978,1.832918,-0.404886,0.925053,-1.580525,0.928186
581,126.696,A,2,57.646575,58.538456,58.711197,58.74818,0.429442,-0.007802,171.3647,-0.014662,171.3748,-0.015229,59.085618,57.842609,171.3852,0.979923,1.598452,-0.374422,0.90557,-1.439043,0.695847
582,126.922,A,2,57.320837,59.449462,58.481005,58.717815,0.425185,0.005973,171.3164,-0.010345,171.3197,-0.002714,58.807646,57.867367,171.3275,0.91102,2.171089,-0.326641,0.850448,-1.486809,1.582095
583,127.135,A,2,57.327132,59.538176,58.234008,58.853695,0.429685,-0.014685,171.2682,-0.009243,171.2783,-0.006834,58.531739,57.8897,171.2843,1.008926,2.041704,-0.297732,0.963995,-1.204608,1.648476
584,127.372,A,2,55.946114,58.462159,58.031968,58.983229,0.424471,-0.032944,171.2367,-0.006777,171.2429,-0.005628,58.255927,57.911741,171.2485,1.094643,2.374489,-0.223959,1.071488,-2.309813,0.550418
585,127.624,A,2,55.8567,59.820053,57.620837,58.899851,0.455488,0.000022,171.2124,-0.004925,171.2063,-0.003654,57.977105,57.935878,171.2124,1.027702,2.836588,-0.356269,0.963973,-2.120405,1.884175
586,127.871,A,2,56.52124,59.443459,57.263578,59.070375,0.479779,-0.023367,171.1828,-0.004792,171.1677,-0.010462,57.69238,57.963083,171.1739,1.187421,1.887613,-0.428803,1.107292,-1.17114,1.480376
587,128.093,A,2,56.517521,58.424759,57.086202,59.14611,0.462256,-0.030431,171.1418,-0.006045,171.1327,-0.000761,57.400603,57.992432,171.1378,1.195751,0.98323,-0.314401,1.153678,-0.883082,0.432327
588,128.341,A,2,55.617705,58.901743,56.941494,59.027441,0.434234,0.001389,171.1276,-0.003518,171.1071,-0.004005,57.103073,58.022061,171.1105,1.018281,1.726314,-0.161579,1.005379,-1.485369,0.879682
589,128.581,A,2,55.661048,59.43466,56.664602,59.011388,0.439141,0.013016,171.109,-0.003088,171.0914,-0.000263,56.803082,58.050619,171.0934,0.970698,1.794384,-0.13848,0.96077,-1.142034,1.384042
590,128.839,A,2,54.750107,60.137033,56.44405,59.092033,0.435157,0.002171,171.1093,-0.001325,171.0802,0.003866,56.504335,58.078198,171.082,1.015626,2.704833,-0.060285,1.013835,-1.754228,2.058835
591,129.102,A,2,54.796493,59.22605,56.101179,59.284332,0.459669,-0.026012,171.1022,-0.001062,171.0669,-0.003828,56.209217,58.10603,171.0694,1.183245,1.80284,-0.108038,1.178302,-1.412724,1.12002
592,129.311,A,2,54.224486,60.070932,55.825611,59.283295,0.461815,-0.014191,171.0829,-0.002225,171.0475,-0.008102,55.918005,58.13537,171.0511,1.151637,2.57185,-0.092395,1.147925,-1.69352,1.935562
593,129.552,A,2,53.708115,59.426471,55.496976,59.431767,0.479028,-0.032065,171.0452,-0.004359,171.0228,-0.009197,55.570968,58.173078,171.0218,1.260861,2.245265,-0.073992,1.258688,-1.862853,1.253393
594,129.792,A,2,54.238324,59.386325,55.131571,59.441455,0.496895,-0.018821,171.0035,-0.006077,170.998,-0.00011,55.279723,58.205861,170.9971,1.244445,1.574169,-0.148152,1.235594,-1.041399,1.180464
595,129.979,A,2,54.005829,58.704602,54.927473,59.440507,0.481092,-0.009974,170.9985,-0.002527,170.9795,-0.002815,55.043018,58.232364,170.9819,1.213656,1.139635,-0.115545,1.208143,-1.037189,0.472238
596,130.225,A,2,53.064083,58.463793,54.717955,59.317733,0.463613,0.022382,170.9915,-0.001475,170.9694,0.006725,54.741317,58.265641,170.9706,1.052351,1.688898,-0.023362,1.052092,-1.677233,0.198152
597,130.488,A,2,52.592366,58.459838,54.388989,59.17032,0.482943,0.061206,170.9863,-0.001632,170.9638,0.000411,54.434073,58.299586,170.9647,0.8719,1.848666,-0.045084,0.870734,-1.841707,0.160252
598,130.7,A,2,52.006617,58.714954,54.015472,59.045454,0.488126,0.089994,170.975,-0.00189,170.9565,-0.004201,54.124113,58.335026,170.958,0.718687,2.15131,-0.108641,0.710428,-2.117496,0.379928
599,130.932,A,2,51.446197,59.631375,53.610386,58.985485,0.510942,0.104425,170.96,-0.001833,170.9443,-0.011589,53.753103,58.37988,170.9437,0.622195,2.624511,-0.142717,0.605606,-2.306906,1.251496
600,131.177,A,2,52.68443,58.89388,53.186462,59.098184,0.55374,0.085274,170.9358,-0.003392,170.9287,-0.005015,53.507931,58.410639,170.9312,0.758987,0.954817,-0.32147,0.687545,-0.823502,0.483241
601,131.402,A,2,51.548363,59.810562,53.045655,59.062233,0.517228,0.087354,170.9699,0.004031,170.9957,0.008998,53.205951,58.446846,170.9845,0.635922,2.146467,-0.160297,0.615387,-1.657589,1.363715
602,131.639,A,2,51.331831,58.855054,52.731769,59.194355,0.526014,0.060293,171.0165,0.007072,171.0656,0.01903,52.905445,58.482277,171.0544,0.732952,1.617165,-0.173676,0.712078,-1.573614,0.372777
603,131.883,A,2,50.029306,59.201783,52.434665,59.136255,0.524136,0.074906,171.0989,0.011487,171.1366,0.009201,52.602842,58.517829,171.1251,0.640885,2.662871,-0.168177,0.618426,-2.573536,0.683954
604,132.149,A,2,51.159172,59.0855,51.948004,59.148638,0.550192,0.077549,171.1829,0.01217,171.2099,0.019815,52.295006,58.554067,171.1979,0.688423,1.25401,-0.347002,0.594571,-1.135835,0.531434
605,132.382,A,2,50.053109,59.705402,51.754179,59.13809,0.525154,0.076794,171.2644,0.013031,171.2866,0.014788,51.916328,58.598927,171.2898,0.563017,2.166996,-0.162149,0.539163,-1.863219,1.106475
606,132.607,A,2,49.504954,58.962815,51.400397,59.239383,0.538648,0.058678,171.3443,0.013287,171.3683,0.015016,51.658598,58.629515,171.3549,0.662274,2.179282,-0.258201,0.609868,-2.153644,0.3333
607,132.837,A,2,49.523288,59.323235,51.010957,59.192298,0.553093,0.07348,171.4299,0.014088,171.4562,0.017967,51.332587,58.667916,171.4417,0.61516,1.92432,-0.321629,0.524382,-1.809299,0.655319
608,133.089,A,2,49.200161,59.94128,50.692546,59.216476,0.553845,0.069968,171.5154,0.014627,171.5503,0.022248,51.005216,58.705781,171.5349,0.598809,2.187391,-0.31267,0.510695,-1.805055,1.235499
609,133.322,A,2,49.182474,59.226738,50.37326,59.346628,0.557967,0.045526,171.6045,0.015027,171.6495,0.019619,50.678953,58.742636,171.6333,0.676945,1.572833,-0.305693,0.603992,-1.496479,0.484102
610,133.559,A,2,48.6195,60.026814,50.107622,59.328705,0.546291,0.051922,171.7081,0.016538,171.7524,0.022143,50.354625,58.778462,171.7358,0.60314,2.137531,-0.247003,0.550243,-1.735125,1.248352
611,133.782,A,2,49.315137,59.897295,49.790053,59.455519,0.550807,0.029991,171.8205,0.018348,171.8587,0.01917,50.031217,58.813578,171.8414,0.685746,1.298927,-0.241164,0.641941,-0.71608,1.083717
612,134.016,A,2,47.732055,60.734085,49.65271,59.53879,0.517242,0.013838,171.9007,0.012862,171.9142,-0.039465,49.706319,58.848254,171.9392,0.692614,2.730215,-0.053609,0.690536,-1.974265,1.88583
613,134.239,A,2,48.338522,58.56337,49.261472,59.75758,0.542615,-0.020123,171.4206,-0.05602,171.4141,-0.038334,49.384862,58.876952,171.459,0.88923,1.092319,-0.12339,0.880628,-1.04634,-0.313582
614,134.461,A,2,47.692233,60.851465,49.045874,59.554486,0.517214,0.029437,171.6127,0.017232,171.6802,0.103475,49.062617,58.908745,171.5798,0.645958,2.377418,-0.016743,0.645741,-1.370385,1.94272
615,134.685,A,2,47.435657,59.678884,48.75533,59.789763,0.522844,-0.012648,171.6502,-0.004297,171.6494,-0.106537,48.741343,58.939887,171.7348,0.849992,1.500311,0.013987,0.849877,-1.305686,0.738998
616,134.952,A,2,46.476113,59.850499,48.470946,59.778876,0.519266,-0.000502,171.1636,-0.053183,171.1895,-0.003975,48.424095,58.964041,171.2026,0.816181,2.140197,0.04685,0.814835,-1.947982,0.886458
617,135.211,A,2,46.985119,60.648859,48.066462,59.799058,0.541153,0.007601,171.5184,0.036171,171.6094,0.076516,48.103287,58.991991,171.5227,0.807907,1.998877,-0.036825,0.807067,-1.118168,1.656867
618,135.41,A,2,45.481206,59.936053,47.822436,59.957294,0.532397,-0.017753,171.5267,0.001364,171.5564,-0.084654,47.788233,59.0194,171.6268,0.938518,2.482463,0.034204,0.937894,-2.307026,0.916653
619,135.589,A,2,46.30043,60.497987,47.355371,59.963317,0.564905,-0.002792,170.7364,-0.100851,170.7354,-0.114255,47.470618,59.047741,170.8478,0.922801,1.86348,-0.115247,0.915576,-1.170188,1.450247
620,135.774,A,2,45.153184,60.977403,47.11403,60.067536,0.551245,-0.015943,170.5465,-0.043864,170.63,0.0671,47.163007,59.074986,170.5798,0.993757,2.767414,-0.048977,0.992549,-2.009823,1.902417
621,136.044,A,2,45.281372,60.177897,46.712837,60.239425,0.573387,-0.036106,170.9076,0.023424,170.9761,-0.01468,46.861377,59.100333,170.9798,1.148735,1.912475,-0.14854,1.139091,-1.580006,1.077563
622,136.241,A,2,44.548982,60.177844,46.404195,60.241013,0.569084,-0.022459,170.4058,-0.063287,170.4234,-0.128964,46.55914,59.120829,170.5463,1.130849,2.271126,-0.154944,1.120184,-2.010158,1.057014
623,136.463,A,2,44.670882,60.082149,46.020254,60.241185,0.580294,-0.007559,170.1844,-0.035273,170.2659,0.060986,46.259592,59.144666,170.2226,1.122336,1.844688,-0.239338,1.096519,-1.58871,0.937483
624,136.665,A,2,44.114132,60.028482,45.725122,60.222861,0.571756,0.006617,170.4125,0.00845,170.454,-0.04946,45.958576,59.175544,170.4893,1.07302,2.03211,-0.233454,1.047316,-1.844443,0.852937
625,136.918,A,2,44.266362,59.384357,45.384119,60.197181,0.573142,0.022307,169.9455,-0.054279,169.9854,-0.032423,45.650548,59.204165,170.0227,1.028138,1.395865,-0.26643,0.993017,-1.384186,0.180192
626,137.114,A,2,43.752081,61.160895,45.130458,60.059848,0.553122,0.055773,170.0541,-0.001712,170.1063,-0.015976,45.278431,59.245538,170.1009,0.827646,2.44915,-0.147973,0.81431,-1.52635,1.915357
627,137.344,A,2,43.665048,59.833678,44.831878,60.259955,0.555732,0.019445,169.8119,-0.029462,169.8505,-0.016105,45.027812,59.269079,169.8634,1.010062,1.475093,-0.195934,0.990876,-1.362764,0.564599
628,137.597,A,2,43.172943,59.935009,44.571276,60.19167,0.541332,0.039877,169.7904,-0.011046,169.8233,-0.025764,44.717102,59.299876,169.8406,0.903638,1.669677,-0.145826,0.891793,-1.544159,0.635132
629,137.833,A,2,42.83682,60.656359,44.27041,60.15155,0.537571,0.053817,169.6564,-0.016959,169.7043,-0.00746,44.409498,59.329032,169.7067,0.834195,2.057938,-0.139088,0.822518,-1.572678,1.327327
630,138.062,A,2,42.114847,59.749247,43.963452,60.24569,0.540127,0.039613,169.5352,-0.020061,169.5906,-0.020652,44.045784,59.366825,169.5865,0.882713,1.968442,-0.082332,0.878865,-1.930937,0.382422
631,138.273,A,2,42.090652,60.868669,43.58265,60.163081,0.550909,0.065145,169.4195,-0.021309,169.4839,-0.021294,43.744978,59.40138,169.4795,0.778806,2.211274,-0.162328,0.761701,-1.654326,1.467289
632,138.472,A,2,42.119468,60.901337,43.26391,60.292323,0.555592,0.043295,169.3015,-0.021217,169.3758,-0.024401,43.503602,59.430634,169.3928,0.894404,2.019603,-0.239691,0.861689,-1.384134,1.470703
633,138.677,A,2,41.898231,60.864429,43.01805,60.405023,0.558034,0.025358,169.2155,-0.019619,169.2768,-0.024694,43.136289,59.475337,169.2732,0.937175,1.860743,-0.118239,0.929686,-1.238059,1.389091
634,138.887,A,2,41.448547,60.547105,42.757767,60.495662,0.537126,0.013319,169.1136,-0.016372,169.1955,-0.017889,42.886342,59.504812,169.2072,0.999157,1.775846,-0.128575,0.99085,-1.437795,1.042293
635,139.109,A,2,41.600673,60.428519,42.471636,60.513682,0.532335,0.018832,169.0553,-0.011861,169.1316,-0.012188,42.504013,59.548634,169.1293,0.96559,1.26104,-0.032378,0.965047,-0.903341,0.879884
636,139.265,A,2,41.125569,60.966907,42.26805,60.50613,0.511846,0.025925,169.0099,-0.009522,169.0764,-0.012118,42.181137,59.58605,169.0743,0.924176,1.7381,0.086913,0.92008,-1.055568,1.380857
637,139.397,A,2,39.788048,60.934324,42.014011,60.595405,0.506231,0.014755,168.9511,-0.010058,169.0205,-0.015137,41.857628,59.625445,169.0182,0.982486,2.448739,0.156383,0.96996,-2.06958,1.308879
638,139.547,A,2,39.829706,60.178642,41.582453,60.661626,0.55065,0.016713,168.9002,-0.011199,168.9611,-0.007351,41.599788,59.65837,168.9707,1.003406,1.844959,-0.017335,1.003256,-1.770082,0.520272
639,139.71,A,2,39.102299,60.91922,41.221699,60.584255,0.557824,0.044977,168.8542,-0.009843,168.9043,-0.008628,41.278912,59.700214,168.9128,0.885891,2.494719,-0.057214,0.884041,-2.176613,1.219006
640,139.877,A,2,38.579179,61.196298,40.780993,60.651198,0.571645,0.042449,168.8078,-0.007929,168.8607,-0.005923,40.958276,59.741227,168.8663,0.927079,2.788787,-0.177283,0.909971,-2.379098,1.45507
641,140.053,A,2,38.542671,60.446884,40.336761,60.754611,0.599057,0.034171,168.7847,-0.005789,168.8386,-0.000647,40.635334,59.780426,168.8405,1.018912,2.196224,-0.298572,0.974185,-2.092662,0.666458
642,140.255,A,2,37.599099,61.01259,39.960686,60.707868,0.602701,0.054097,168.7824,-0.002531,168.8377,0.004865,40.307315,59.818435,168.8367,0.954591,2.959805,-0.346629,0.889434,-2.708216,1.194156
643,140.429,A,2,37.950195,59.916144,39.482864,60.768208,0.630383,0.054477,168.8114,0.002185,168.8497,0.004869,39.972502,59.857089,168.8474,1.034351,2.02317,-0.489638,0.911119,-2.022307,0.059055
644,140.601,A,2,38.24422,60.620236,39.14982,60.62325,0.618125,0.090039,168.8348,0.003032,168.866,0.001264,39.631001,59.897958,168.8633,0.870392,1.5636,-0.48118,0.725292,-1.386781,0.722278
645,140.823,A,2,37.810815,61.753298,38.928781,60.625721,0.590789,0.087801,168.8407,0.001229,168.8851,0.002789,39.28466,59.94112,168.8817,0.771575,2.335852,-0.355879,0.6846,-1.473844,1.812178
646,141.01,A,2,36.199245,61.114686,38.672555,60.829043,0.581517,0.047202,168.8464,0.001121,168.9123,-0.00008,38.936254,59.984991,168.9071,0.884285,2.960984,-0.263699,0.844051,-2.737009,1.129694
647,141.224,A,2,37.461498,61.322649,38.176759,60.886172,0.615347,0.04981,168.9006,0.006897,168.9535,0.009621,38.588237,60.027454,168.9458,0.952213,1.716703,-0.411477,0.858718,-1.126739,1.295195
648,141.452,A,2,36.694562,61.620347,37.990531,60.97049,0.584648,0.034534,168.9545,0.008061,169.0095,0.013641,38.24189,60.067396,168.9997,0.937422,2.192232,-0.251359,0.903094,-1.547328,1.55295
649,141.668,A,2,36.137418,61.124591,37.703917,61.093633,0.579,0.017195,169.0177,0.009825,169.0753,0.01393,37.897187,60.105393,169.0644,1.006961,2.033606,-0.193271,0.98824,-1.759769,1.019198
650,141.883,A,2,35.793703,61.474408,37.370059,61.108071,0.579138,0.025336,169.0867,0.010454,169.1436,0.009442,37.552861,60.143311,169.1328,0.981926,2.206004,-0.182802,0.96476,-1.759157,1.331097
651,142.077,A,2,35.976366,61.194123,37.034308,61.181372,0.581936,0.020834,169.1552,0.010928,169.2091,0.005745,37.206841,60.183003,169.1989,1.013168,1.592619,-0.172534,0.998369,-1.230476,1.01112
652,142.274,A,2,35.424556,60.916259,36.790605,61.19215,0.563642,0.025681,169.2285,0.011741,169.2728,0.014746,36.857364,60.224989,169.2626,0.969462,1.590847,-0.066759,0.967161,-1.432809,0.69127
653,142.479,A,2,35.317794,62.030688,36.493779,61.150677,0.556054,0.042385,169.2954,0.010996,169.3391,0.002409,36.504102,60.268288,169.3282,0.882449,2.124472,-0.010323,0.882389,-1.186308,1.7624
654,142.666,A,2,34.307247,61.713035,36.231184,61.313184,0.550391,0.015119,169.3741,0.012982,169.4112,0.014419,36.148556,60.311341,169.3993,1.005245,2.314122,0.082628,1.001844,-1.841309,1.401694
655,142.886,A,2,34.469188,61.873388,35.836471,61.392605,0.568558,0.012558,169.4593,0.01371,169.4877,0.020324,35.793447,60.353242,169.4753,1.040253,2.016062,0.043024,1.039363,-1.324259,1.520146
656,143.108,A,2,34.432404,60.333615,35.539061,61.486945,0.565763,0.003519,169.5419,0.013692,169.5639,0.010053,35.441466,60.394324,169.5519,1.096971,1.010887,0.097595,1.092621,-1.009062,-0.060708
657,143.328,A,2,33.566667,60.897626,35.288566,61.291117,0.54297,0.051586,169.6112,0.011844,169.6359,0.012688,35.094234,60.435655,169.6247,0.877258,1.595895,0.194332,0.855463,-1.527567,0.461972
658,143.548,A,2,32.83479,62.175106,34.929857,61.225539,0.549375,0.07211,169.6772,0.010805,169.702,0.008268,34.751779,60.478129,169.6918,0.768331,2.56019,0.178078,0.747409,-1.916989,1.696976
659,143.75,A,2,32.676053,61.895547,34.50369,61.397156,0.577386,0.045317,169.7325,0.010013,169.7639,0.013118,34.412393,60.521883,169.7541,0.880022,2.214008,0.091297,0.875273,-1.73634,1.373664
660,143.949,A,2,33.248644,62.103675,34.122932,61.491423,0.590189,0.035285,169.7914,0.009866,169.8254,0.006811,34.073318,60.566368,169.8154,0.926384,1.744534,0.049614,0.925055,-0.824674,1.537307
661,144.147,A,2,31.734422,61.39688,33.910878,61.607084,0.568588,0.015845,169.8471,0.010136,169.89,0.007574,33.732188,60.610993,169.8794,1.011992,2.146785,0.178691,0.996091,-1.997766,0.785887
662,144.399,A,2,31.385305,62.339286,33.469305,61.577728,0.590024,0.035972,169.9187,0.011685,169.9581,0.01082,33.319099,60.664697,169.9608,0.925303,2.558086,0.150206,0.91303,-1.933794,1.674589
663,144.581,A,2,31.393692,61.595144,33.041788,61.719764,0.612398,0.01891,169.9849,0.01175,170.0265,0.005221,33.042255,60.70103,170.0157,1.018734,1.87542,-0.000467,1.018734,-1.648563,0.894114
664,144.829,A,2,30.68876,61.071529,32.690141,61.705966,0.611382,0.032118,170.0367,0.009721,170.0913,0.007619,32.627414,60.757042,170.0938,0.950995,1.963996,0.062727,0.948924,-1.938654,0.314487
665,145.072,A,2,31.317377,61.784338,32.288181,61.599201,0.63246,0.065713,170.0754,0.008288,170.151,0.008039,32.352554,60.795372,170.1417,0.806402,1.431658,-0.064373,0.803829,-1.035178,0.988965
666,145.308,A,2,30.547725,61.976209,32.045211,61.636984,0.595542,0.057736,170.1357,0.007648,170.2069,0.007674,32.011757,60.843785,170.198,0.793904,1.850884,0.033454,0.793199,-1.464032,1.132424
667,145.555,A,2,30.181755,61.128611,31.721319,61.701638,0.5938,0.049568,170.1934,0.008553,170.2628,0.009367,31.606182,60.901417,170.265,0.808462,1.442432,0.115137,0.800221,-1.424427,0.227194
668,145.742,A,2,29.928754,61.989788,31.390191,61.604584,0.587994,0.074891,170.2593,0.009889,170.3225,0.013081,31.336366,60.939173,170.3126,0.667585,1.756463,0.053825,0.665411,-1.407612,1.050614
669,145.937,A,2,29.010093,62.017577,31.085092,61.674814,0.597932,0.064389,170.3191,0.011591,170.3875,0.008952,30.997376,60.98592,170.3768,0.694457,2.239109,0.087716,0.688895,-1.987283,1.031658
670,146.18,A,2,29.696523,62.537719,30.649399,61.73987,0.60599,0.057654,170.3985,0.011102,170.4565,0.01266,30.654286,61.033033,170.4453,0.706854,1.783645,-0.004887,0.706837,-0.957763,1.504686
671,146.412,A,2,28.160117,62.543536,30.421485,61.886038,0.586575,0.029604,170.475,0.012385,170.5269,0.014108,30.305824,61.081352,170.5156,0.812956,2.596544,0.11566,0.804686,-2.145707,1.462184
672,146.642,A,2,27.929816,62.436726,29.960503,62.009827,0.614745,0.017199,170.5566,0.012993,170.5987,0.017383,29.880909,61.141052,170.6016,0.872413,2.342122,0.079594,0.868775,-1.951093,1.295674
673,146.822,A,2,28.619993,62.483837,29.542697,62.093504,0.631389,0.012659,170.6433,0.014814,170.6752,0.017067,29.594668,61.181273,170.6625,0.91371,1.626858,-0.051971,0.912231,-0.974675,1.302564
674,147.028,A,2,27.371843,62.253516,29.318312,62.171574,0.605901,0.003121,170.7346,0.01528,170.7605,0.020069,29.16329,61.240775,170.7641,0.943621,2.057893,0.155022,0.9308,-1.791446,1.012741
675,147.224,A,2,27.200412,62.485455,28.914441,62.195137,0.617436,0.011548,170.8348,0.016221,170.8564,0.008301,28.875482,61.279329,170.8404,0.916636,2.064122,0.038959,0.915808,-1.67507,1.206127
676,147.439,A,2,27.077979,62.425368,28.550677,62.255063,0.620886,0.010271,170.9383,0.017752,170.9611,0.021146,28.515904,61.326331,170.9439,0.929383,1.809838,0.034773,0.928732,-1.437925,1.099037
677,147.665,A,2,26.306425,62.595908,28.22693,62.29406,0.614733,0.011881,171.0511,0.018077,171.0709,0.014062,28.155742,61.372763,171.0531,0.924044,2.217218,0.071188,0.921298,-1.849317,1.223145
678,147.884,A,2,25.936674,61.526511,27.828749,62.355449,0.62663,0.011171,171.1626,0.019272,171.1829,0.022738,27.793233,61.419542,171.1648,0.936581,1.859638,0.035516,0.935907,-1.856559,0.106969
679,148.125,A,2,25.706762,62.581192,27.432357,62.21605,0.629026,0.05051,171.2741,0.018787,171.2975,0.019646,27.42647,61.467086,171.2789,0.748987,2.049055,0.005887,0.748963,-1.719708,1.114105
680,148.338,A,2,25.495231,62.857025,27.064823,62.28529,0.63216,0.042479,171.3888,0.019382,171.4179,0.014128,27.054365,61.515105,171.3981,0.770257,2.057097,0.010458,0.770186,-1.559134,1.341921
681,148.571,A,2,25.105128,62.46528,26.72478,62.391994,0.630635,0.026853,171.5023,0.019804,171.5424,0.019882,26.678218,61.563232,171.5223,0.830069,1.813368,0.046562,0.828762,-1.57309,0.902048
682,148.788,A,2,25.134281,62.455152,26.376178,62.411327,0.628262,0.030683,171.6274,0.021061,171.6714,0.017945,26.299858,61.610997,171.6506,0.803961,1.439156,0.076319,0.80033,-1.165577,0.844155
683,149.021,A,2,24.350976,62.394267,26.094944,62.424859,0.612492,0.033008,171.809,0.029792,171.8493,0.030249,25.922517,61.656849,171.8173,0.787128,1.735951,0.172426,0.76801,-1.571541,0.737418
684,149.275,A,2,24.754152,63.407435,25.725832,62.424269,0.615789,0.040413,172.3209,0.082242,172.4139,0.191801,25.551892,61.703628,172.2494,0.741336,1.881315,0.17394,0.720641,-0.79774,1.703806
685,149.485,A,2,23.265767,62.192593,25.493641,62.602875,0.596617,0.006555,172.9408,0.08922,172.9673,0.01918,25.197096,61.750071,172.9431,0.902892,1.981377,0.296545,0.852804,-1.931329,0.442522
686,149.716,A,2,22.604881,62.701518,25.040197,62.536319,0.616921,0.032088,172.9029,0.024026,172.9099,0.055708,24.842984,61.794925,172.8712,0.767175,2.414749,0.197214,0.741394,-2.238103,0.906593
687,149.981,A,2,22.72633,63.016662,24.547435,62.569262,0.645712,0.035248,173.6724,0.10788,173.7285,0.143038,24.506576,61.845562,173.5858,0.724853,2.130904,0.040859,0.7237,-1.780246,1.1711
688,150.229,A,2,23.861502,63.2219,24.161198,62.652039,0.651097,0.024565,174.0892,0.073775,174.1133,0.050207,24.171556,61.894173,174.0813,0.757937,1.363449,-0.010359,0.757866,-0.310054,1.327727
689,150.453,A,2,21.827547,64.032866,24.045295,62.757107,0.601894,0.003132,174.8443,0.123798,174.9135,0.169186,23.840157,61.942662,174.7498,0.839882,2.901647,0.205138,0.814444,-2.012611,2.090204
690,150.673,A,2,21.879478,63.471665,23.592731,62.988475,0.629208,-0.033437,175.5615,0.121212,175.6135,0.142929,23.510792,61.990788,175.4909,1.001045,2.20322,0.081939,0.997686,-1.631313,1.480877
691,150.966,A,2,22.457996,63.532527,23.227572,63.081631,0.632275,-0.040762,176.4706,0.147591,176.5202,0.146375,23.122748,62.050223,176.5517,1.036721,1.624537,0.104823,1.031408,-0.664752,1.482304
692,151.178,A,2,20.803819,63.24411,23.027631,63.16931,0.600851,-0.050284,177.4158,0.156829,177.4312,0.161416,22.808415,62.10188,177.4701,1.089708,2.307183,0.219216,1.06743,-2.004596,1.14223
693,151.454,A,2,21.354091,63.703312,22.576308,63.188929,0.62429,-0.040996,178.361,0.166255,178.4352,0.177783,22.506011,62.15587,178.4768,1.035448,1.929118,0.070298,1.033059,-1.15192,1.547442
694,151.694,A,2,20.199875,63.291377,22.29884,63.285325,0.609692,-0.052207,179.4457,0.182262,179.5165,0.19955,22.216463,62.209808,179.5614,1.078667,2.288322,0.082377,1.075517,-2.016588,1.081569
695,151.897,A,2,20.295484,63.017911,21.866693,63.290967,0.626748,-0.04271,-179.3995,0.195022,-179.3301,0.20489,21.992699,62.252423,-179.5191,1.04616,1.861856,-0.126006,1.038544,-1.697215,0.765487
696,152.117,A,2,20.081457,64.143845,21.537027,63.24477,0.635425,-0.026654,-178.3982,0.202534,-178.1112,0.213186,21.72004,62.305329,-178.3105,0.957101,2.462741,-0.183013,0.939441,-1.638583,1.838516
697,152.383,A,2,19.599592,62.987287,21.209738,63.404639,0.616443,-0.05484,-176.9321,0.215753,-176.8313,0.23862,21.451832,62.358433,-177.04,1.073851,1.95608,-0.242094,1.046206,-1.85224,0.628853
698,152.635,A,2,19.235591,63.747459,20.861505,63.331349,0.615045,-0.033839,-175.5317,0.227415,-175.4954,0.236686,21.185223,62.412205,-175.7126,0.974484,2.363042,-0.323717,0.919144,-1.949631,1.335255
699,152.872,A,2,18.917275,63.372714,20.515252,63.403051,0.61506,-0.046212,-174.1912,0.238173,-174.1088,0.24545,20.866096,62.477889,-174.0523,0.989452,2.144438,-0.350844,0.925161,-1.948821,0.894825
700,153.097,A,2,18.989505,63.371438,20.171895,63.394948,0.6135,-0.04226,-172.7709,0.244424,-172.6746,0.256895,20.602135,62.533582,-172.6162,0.962839,1.8173,-0.430241,0.861366,-1.61263,0.837856
701,153.325,A,2,18.276129,63.509591,19.9027,63.386291,0.597145,-0.039439,-171.2623,0.257186,-171.1925,0.260315,20.342784,62.589459,-171.1321,0.910283,2.262235,-0.440084,0.796832,-2.066655,0.920132
702,153.553,A,2,17.896059,63.453509,19.568353,63.403238,0.610145,-0.045167,-170.0307,0.263372,-169.662,0.273995,20.09067,62.644592,-169.5998,0.921065,2.338945,-0.522317,0.758647,-2.194611,0.808918
703,153.805,A,2,18.293787,63.530875,19.203667,63.403785,0.599914,-0.047534,-168.1302,0.272269,-168.0867,0.27856,19.894888,62.687924,-168.3415,0.99511,1.809444,-0.691221,0.715861,-1.601101,0.84295
704,154.028,A,2,18.563221,63.269514,18.984499,63.417956,0.574308,-0.051425,-166.509,0.278598,-166.4723,0.284476,19.656671,62.741853,-166.7329,0.953379,1.214109,-0.672172,0.676103,-1.09345,0.527661
705,154.261,A,2,17.269982,63.549677,18.854927,63.382654,0.534931,-0.043382,-164.8595,0.284228,-164.826,0.285319,19.423044,62.796904,-165.0914,0.816003,2.280865,-0.568118,0.58575,-2.153063,0.752773
706,154.525,A,2,18.317785,63.103053,18.522363,63.401684,0.538839,-0.05486,-163.1827,0.289618,-163.1501,0.299524,19.190187,62.854022,-163.4203,0.863668,0.90725,-0.667824,0.547663,-0.872402,0.249032
707,154.76,A,2,17.296949,63.369738,18.445031,63.3403,0.506543,-0.041311,-161.8174,0.293927,-161.4413,0.298743,18.955128,62.912257,-161.7172,0.665897,1.720129,-0.510097,0.428043,-1.658178,0.457481
708,154.973,A,2,16.04428,63.927396,18.196263,63.333632,0.498767,-0.047982,-160.086,0.298916,-159.692,0.30831,18.717141,62.969409,-159.9749,0.635588,2.839353,-0.520878,0.364223,-2.672861,0.957986
709,155.198,A,2,16.881426,64.251643,17.760008,63.423567,0.511094,-0.08258,-157.9396,0.308813,-157.8965,0.316499,18.477552,63.023939,-158.1869,0.821323,2.013672,-0.717543,0.399629,-1.596126,1.227704
710,155.419,A,2,16.715537,63.488755,17.555078,63.558632,0.484078,-0.112088,-156.1023,0.315768,-156.0576,0.330644,18.238865,63.07613,-156.3543,0.836883,1.578223,-0.683788,0.482502,-1.523329,0.412625
711,155.664,A,2,16.081828,64.294302,17.359024,63.53617,0.467111,-0.108197,-154.2234,0.322539,-154.1864,0.325691,18.003411,63.128094,-154.4874,0.762732,2.247782,-0.644387,0.408076,-1.921583,1.166208
712,155.929,A,2,16.504479,63.030453,17.086698,63.659576,0.456403,-0.138925,-152.3271,0.327469,-152.2949,0.337731,17.772131,63.182276,-152.5985,0.835245,1.276711,-0.685433,0.4773,-1.267652,-0.151823
713,156.175,A,2,16.175513,63.756128,16.94754,63.540658,0.449288,-0.114416,-150.7783,0.332387,-150.3893,0.337135,17.544506,63.239849,-150.6951,0.668472,1.463108,-0.596966,0.300809,-1.368993,0.516279
714,156.383,A,2,16.065051,63.85604,16.760851,63.564505,0.420164,-0.119372,-148.4587,0.335695,-148.4689,0.336989,17.319143,63.3001,-148.7774,0.617737,1.371793,-0.558292,0.264405,-1.254092,0.555939
715,156.642,A,2,15.207099,63.855864,16.596741,63.604081,0.398056,-0.128003,-146.5209,0.337132,-146.5273,0.340751,17.094309,63.36069,-146.8397,0.553907,1.951091,-0.497568,0.243391,-1.887209,0.495174
716,156.888,A,2,15.25378,63.630223,16.311069,63.636767,0.400333,-0.146392,-144.5488,0.341282,-144.5588,0.347294,16.868539,63.419003,-144.8756,0.598493,1.628515,-0.55747,0.217765,-1.614759,0.21122
717,157.137,A,2,14.130065,63.851644,16.08374,63.62376,0.395347,-0.150436,-142.779,0.308688,-142.8665,0.216819,16.63921,63.471473,-143.0687,0.575967,2.537782,-0.55547,0.152286,-2.509145,0.380171
718,157.392,A,2,14.628201,64.129084,15.697481,63.651509,0.413679,-0.178885,-141.1771,0.298302,-141.2407,0.363205,16.406066,63.515097,-141.5634,0.721596,1.880899,-0.708585,0.136412,-1.777864,0.613987
719,157.647,A,2,14.717578,63.359125,15.46563,63.723555,0.397184,-0.196865,-138.925,0.363561,-138.9954,0.338365,16.166283,63.556033,-139.3109,0.720401,1.462026,-0.700653,0.167521,-1.448705,-0.196908
720,157.889,A,2,14.284309,64.599393,15.291717,63.647318,0.388659,-0.182316,-137.4639,0.276327,-137.6054,0.230965,15.928122,63.588824,-137.8023,0.639088,1.929604,-0.636405,0.058494,-1.643813,1.010569
721,158.125,A,2,14.247468,63.946028,15.072957,63.803282,0.360343,-0.213879,-135.7469,0.303361,-135.8252,0.35619,15.690456,63.623157,-136.162,0.643234,1.478669,-0.617499,0.180124,-1.442989,0.322871
722,158.354,A,2,13.913761,64.354937,14.887111,63.818449,0.345988,-0.215676,-134.2162,0.26557,-134.3625,0.193443,15.455787,63.656564,-134.5354,0.591269,1.692799,-0.568676,0.161885,-1.542025,0.698373
723,158.592,A,2,13.62491,64.628925,14.675872,63.903638,0.327347,-0.232223,-132.6878,0.274051,-132.7975,0.28306,15.224288,63.686813,-133.0662,0.589723,1.85623,-0.548416,0.216825,-1.599379,0.942113
724,158.899,A,2,14.495906,64.570581,14.451065,64.023859,0.306995,-0.254549,-131.3611,0.243428,-131.4716,0.270961,14.947835,63.715173,-131.407,0.584865,0.967451,-0.49677,0.308686,-0.451929,0.855408
725,159.108,A,2,13.978031,63.863115,14.420933,64.114744,0.262868,-0.243383,-129.9866,0.238451,-130.1031,0.230577,14.761438,63.727526,-130.3155,0.515637,0.795054,-0.340505,0.387219,-0.783407,0.135589
726,159.341,A,2,13.215649,63.667501,14.30817,64.06523,0.255335,-0.22475,-128.6924,0.229468,-128.816,0.215848,14.524674,63.733715,-129.0182,0.39595,1.310698,-0.216504,0.331515,-1.309025,-0.066213
727,159.552,A,2,13.390853,63.199647,14.081909,63.98821,0.268425,-0.221603,-127.4837,0.215906,-127.5823,0.216814,14.283977,63.730123,-127.7764,0.327781,1.038786,-0.202068,0.258087,-0.893124,-0.530476
728,159.774,A,2,13.050098,64.32406,13.926779,63.839975,0.280432,-0.199518,-126.3012,0.208522,-126.3965,0.196035,14.041961,63.718691,-126.5832,0.167263,1.162008,-0.115182,0.121285,-0.991863,0.60537
729,160.003,A,2,13.417204,64.113506,13.739325,63.91516,0.261088,-0.215662,-125.1748,0.199836,-125.2538,0.193945,13.80218,63.702019,-125.4338,0.222215,0.563496,-0.062856,0.21314,-0.384976,0.411487
730,160.271,A,2,12.524935,64.615418,13.650617,63.941529,0.237928,-0.208447,-124.07,0.194658,-124.1533,0.191215,13.520891,63.678231,-124.1102,0.293521,1.36757,0.129726,0.263298,-0.995957,0.937187
731,160.539,A,2,12.692942,63.626652,13.419517,64.05287,0.22129,-0.235334,-122.9464,0.189947,-123.0959,0.187173,13.29233,63.656631,-123.0545,0.416151,0.600137,0.127187,0.396239,-0.599388,-0.029979
732,160.765,A,2,11.558371,62.596556,13.261065,63.971283,0.228414,-0.224428,-121.9598,0.183144,-122.0831,0.176255,13.11216,63.637875,-122.2421,0.365148,1.870457,0.148905,0.333407,-1.55379,-1.04132
733,161.019,A,2,11.664501,62.814707,12.9288,63.718918,0.282597,-0.223302,-120.976,0.17547,-121.1145,0.170678,12.887939,63.61059,-121.2666,0.115778,1.459531,0.040861,0.108328,-1.223438,-0.795883
734,161.259,A,2,11.242503,63.117231,12.670477,63.544678,0.30825,-0.220559,-119.9888,0.168578,-120.187,0.171734,12.61718,63.567741,-120.1507,0.058073,1.446615,0.053297,-0.023063,-1.374677,-0.450509
735,161.504,A,2,11.979775,64.574669,12.392036,63.456967,0.327042,-0.238722,-119.3017,0.162624,-119.2949,0.150336,12.434943,63.530839,-119.4355,0.085429,1.138753,-0.042906,-0.073872,-0.455167,1.04383
736,161.73,A,2,10.602255,63.841935,12.277833,63.636715,0.263662,-0.245566,-118.2773,0.152483,-118.4331,0.154971,12.20587,63.474643,-118.569,0.17733,1.64514,0.071963,0.162072,-1.603615,0.367292
737,161.956,A,2,10.745423,64.040179,11.945514,63.661047,0.263822,-0.27721,-117.4116,0.147612,-117.6002,0.144496,11.93124,63.394767,-117.5675,0.266663,1.350081,0.014274,0.26628,-1.185817,0.645412
738,162.209,A,2,10.252704,62.902888,11.697995,63.718294,0.24896,-0.295198,-116.6478,0.143172,-116.7993,0.137296,11.749481,63.336607,-116.9251,0.385144,1.55835,-0.051486,0.381687,-1.496777,-0.433719
739,162.421,A,2,10.632941,63.072498,11.405111,63.564123,0.276415,-0.297348,-115.8728,0.138288,-116.0348,0.124383,11.524435,63.261404,-116.1545,0.325388,0.911289,-0.119324,0.30272,-0.891494,-0.188906
740,162.641,A,2,9.787332,62.75255,11.230615,63.464923,0.278837,-0.284544,-115.1457,0.13125,-115.3091,0.121079,11.301729,63.185195,-115.4226,0.288626,1.574985,-0.071113,0.279729,-1.514396,-0.432645
741,162.872,A,2,10.199885,64.664917,10.937968,63.325137,0.29923,-0.291011,-114.4702,0.122366,-114.6217,0.120495,11.080726,63.107694,-114.7292,0.260118,1.789085,-0.142758,0.217443,-0.880841,1.557223
742,163.099,A,2,10.219035,62.905556,10.768994,63.548581,0.239721,-0.308887,-113.8364,0.115001,-113.9698,0.110536,10.860395,63.02643,-114.0718,0.530091,0.652651,-0.091401,0.522152,-0.64136,-0.120874
743,163.351,A,2,9.173274,64.016022,10.634821,63.424858,0.246313,-0.28661,-113.2197,0.110339,-113.3504,0.10257,10.639541,62.937915,-113.4474,0.486966,1.81996,-0.00472,0.486943,-1.466268,1.078107
744,163.616,A,2,9.684584,62.927751,10.340033,63.518762,0.226367,-0.315863,-112.6424,0.103954,-112.7633,0.094923,10.417097,62.839349,-112.855,0.683769,0.737828,-0.077064,0.679412,-0.732513,0.088402
745,163.82,A,2,9.189615,63.61145,10.187122,63.404973,0.233978,-0.297914,-112.0946,0.098457,-112.211,0.089686,10.192454,62.729918,-112.2969,0.675076,1.33521,-0.005331,0.675055,-1.002839,0.881533
746,164.019,A,2,8.407366,63.248158,9.974609,63.431378,0.219588,-0.305182,-111.5737,0.093702,-111.6961,0.089759,9.965788,62.611118,-111.7759,0.820307,1.683597,0.008821,0.82026,-1.558422,0.63704
747,164.25,A,2,9.262071,63.290125,9.660708,63.389585,0.227359,-0.325012,-111.0829,0.088216,-111.2184,0.086466,9.738144,62.486059,-111.2924,0.906838,0.934435,-0.077436,0.903526,-0.476073,0.804066
748,164.436,A,2,8.967172,61.737627,9.552745,63.362576,0.214485,-0.305612,-110.6299,0.082222,-110.7744,0.077563,9.511071,62.358079,-110.8433,1.005361,0.825097,0.041674,1.004497,-0.543899,-0.620451
749,164.659,A,2,8.731168,62.870942,9.414038,63.064283,0.256206,-0.273239,-110.2117,0.076142,-110.3599,0.071953,9.285859,62.229305,-110.4244,0.844759,0.848164,0.128179,0.834978,-0.554691,0.641638
750,164.883,A,2,7.500338,60.976688,9.25942,63.015694,0.247332,-0.267236,-109.8246,0.071066,-109.9721,0.057779,9.062829,62.099894,-110.0324,0.936663,1.92431,0.196591,0.9158,-1.562491,-1.123205
751,165.105,A,2,6.862706,62.202191,8.914412,62.638885,0.315484,-0.273646,-109.4717,0.065031,-109.6105,0.061023,8.841156,61.968171,-109.6666,0.674703,1.992243,0.073256,0.670714,-1.97845,0.23402
752,165.288,A,2,6.827062,61.79736,8.514444,62.541064,0.326581,-0.310904,-109.146,0.060115,-109.2756,0.058256,8.619392,61.831378,-109.3274,0.717403,1.792653,-0.104949,0.709686,-1.79233,-0.034018
753,165.538,A,2,7.164551,62.582106,8.175719,62.388617,0.341881,-0.328665,-108.8401,0.056051,-108.9659,0.056439,8.396412,61.68683,-109.0139,0.735669,1.522826,-0.220692,0.701786,-1.231861,0.895276
754,165.787,A,2,8.020006,61.406553,7.955262,62.402008,0.315113,-0.333823,-108.5462,0.053428,-108.6765,0.043566,8.172187,61.533188,-108.7217,0.895491,0.197979,-0.216925,0.86882,-0.152181,-0.126635
755,166.001,A,2,6.759628,61.810864,7.926868,62.206275,0.317917,-0.287321,-108.264,0.051673,-108.4011,0.049602,7.947838,61.371217,-108.4444,0.835322,1.266938,-0.02097,0.835058,-1.18821,0.439647
756,166.245,A,2,7.138776,61.363309,7.683345,62.11538,0.314946,-0.294748,-107.9981,0.048569,-108.1352,0.046739,7.725012,61.203597,-108.1771,0.912734,0.607603,-0.041668,0.911783,-0.586237,0.159712
757,166.488,A,2,6.963347,60.60026,7.550181,61.961382,0.316848,-0.27611,-107.7531,0.045056,-107.878,0.047694,7.50504,61.033769,-107.9185,0.928711,0.693802,0.04514,0.927613,-0.541694,-0.433508
758,166.769,A,2,6.068293,60.414408,7.411278,61.698086,0.339848,-0.253776,-107.5088,0.043758,-107.6025,0.047166,7.245416,60.83052,-107.6217,0.883278,1.248507,0.165862,0.867565,-1.177124,-0.416112
759,166.949,A,2,6.126552,60.64552,7.139267,61.445647,0.366647,-0.260681,-107.275,0.042339,-107.3967,0.034305,7.074669,60.695748,-107.4334,0.752677,0.949446,0.064599,0.749899,-0.948116,-0.050228
760,167.141,A,2,6.559627,60.765313,6.924708,61.276919,0.370375,-0.261354,-107.0511,0.040942,-107.1735,0.033138,6.863285,60.526752,-107.2085,0.752678,0.38616,0.061423,0.750167,-0.303658,0.238562
761,167.379,A,2,5.569624,60.310082,6.82531,61.159119,0.356471,-0.243088,-106.8444,0.038534,-106.9583,0.039102,6.653768,60.35447,-106.9924,0.822731,1.085052,0.171542,0.804649,-1.084143,-0.044388
762,167.625,A,2,5.416427,58.685445,6.576661,60.987497,0.372753,-0.258816,-106.6859,0.036428,-106.7454,0.046983,6.446008,60.175844,-106.7795,0.822101,1.811443,0.130653,0.811652,-1.029581,-1.490399
763,167.803,A,2,5.578108,59.03537,6.331088,60.546122,0.422823,-0.244226,-106.4339,0.036229,-106.5309,0.033734,6.240103,59.989131,-106.5654,0.564373,1.16099,0.090985,0.556991,-0.661994,-0.953761
764,168.011,A,2,3.966548,59.346914,6.163196,60.244838,0.442323,-0.230546,-106.2192,0.037772,-106.3148,0.036838,6.036171,59.794846,-106.3493,0.467576,2.117542,0.127025,0.449991,-2.069623,-0.447932
765,168.239,A,2,5.071088,59.587326,5.737573,60.048735,0.454036,-0.274737,-106.0083,0.036289,-106.1005,0.038431,5.794211,59.555345,-106.092,0.496631,0.72383,-0.056638,0.49339,-0.723123,0.031981
766,168.463,A,2,5.770123,58.846792,5.590696,59.940262,0.442399,-0.272198,-105.8593,0.035239,-105.8917,0.036366,5.634751,59.394395,-105.9246,0.547642,0.564088,-0.044055,0.545867,0.135372,-0.547603
767,168.68,A,2,5.378595,59.985942,5.587426,59.714054,0.436543,-0.227827,-105.6599,0.034947,-105.6895,0.034075,5.437878,59.193723,-105.7215,0.541396,0.794435,0.149548,0.520331,-0.059283,0.79222
768,168.921,A,2,3.841354,59.056741,5.513216,59.722928,0.378975,-0.211697,-105.4146,0.036012,-105.4923,0.040639,5.205853,58.953917,-105.4845,0.82816,1.368367,0.307364,0.769011,-1.364499,0.102824
769,169.12,A,2,4.30831,59.131535,5.186685,59.574645,0.382331,-0.24247,-105.2142,0.035528,-105.2968,0.030208,5.053878,58.793488,-105.3281,0.792367,0.818625,0.132807,0.781158,-0.745568,0.338048
770,169.375,A,2,3.776014,58.672378,5.005188,59.472404,0.377194,-0.250226,-105.0513,0.036085,-105.1006,0.036649,4.866509,58.589985,-105.1321,0.893249,1.093603,0.138679,0.882419,-1.090495,0.082392
771,169.629,A,2,3.936334,58.750279,4.74906,59.296882,0.373674,-0.256335,-104.8233,0.034691,-104.9048,0.037382,4.680892,58.380665,-104.936,0.918749,0.831253,0.068168,0.916217,-0.744559,0.369614
772,169.868,A,2,3.460628,58.413148,4.571536,59.17115,0.36465,-0.254692,-104.6201,0.035844,-104.713,0.037839,4.495693,58.163904,-104.7432,1.010097,1.064651,0.075843,1.007246,-1.035065,0.249244
773,170.09,A,2,2.187918,58.121329,4.341407,59.008477,0.366644,-0.261686,-104.4422,0.033291,-104.5288,0.033466,4.310188,57.93989,-104.5577,1.069043,2.130012,0.031219,1.068587,-2.122271,0.181439
774,170.317,A,2,2.893085,57.889917,3.925128,58.822638,0.382701,-0.303311,-104.2729,0.031322,-104.3534,0.034303,4.124695,57.710456,-104.3809,1.129945,1.244615,-0.199567,1.112182,-1.231609,0.179461
775,170.555,A,2,3.036968,57.43963,3.70423,58.628111,0.388142,-0.301526,-104.0879,0.032731,-104.1844,0.012687,3.940396,57.478175,-104.2111,1.173937,0.904249,-0.236166,1.149936,-0.903428,-0.038544
776,170.775,A,2,2.50853,56.345689,3.548339,58.387395,0.398565,-0.284945,-103.9357,0.029036,-104.0193,0.022266,3.758547,57.245147,-104.0455,1.161429,1.53999,-0.210208,1.142247,-1.250017,-0.899458
777,170.978,A,2,2.488984,56.748057,3.327592,57.993349,0.441196,-0.275386,-103.7792,0.028639,-103.8572,0.027615,3.579613,57.012235,-103.8829,1.012965,1.122168,-0.25202,0.981113,-1.090628,-0.264178
778,171.213,A,2,2.831183,57.04741,3.142618,57.736764,0.449978,-0.267109,-103.6238,0.027701,-103.7005,0.019131,3.402941,56.778903,-103.7251,0.992606,0.631667,-0.260323,0.957861,-0.571758,0.268507
779,171.411,A,2,2.246387,56.596388,3.052082,57.578026,0.433687,-0.246238,-103.4851,0.025773,-103.553,0.029785,3.227112,56.543372,-103.5759,1.049354,0.982156,-0.17503,1.034654,-0.980724,0.053016
780,171.643,A,2,1.815521,56.774699,2.876009,57.368234,0.43354,-0.242222,-103.3451,0.025271,-103.417,0.018435,3.050819,56.303226,-103.4381,1.079259,1.322213,-0.17481,1.065007,-1.235298,0.471473
781,171.865,A,2,2.02135,55.806833,2.655016,57.227374,0.421944,-0.251029,-103.23,0.022129,-103.2907,0.018759,2.873697,56.056547,-103.3105,1.191074,0.888173,-0.218681,1.170827,-0.852346,-0.249713
782,172.113,A,2,1.235942,55.234997,2.509503,56.940497,0.436771,-0.236966,-103.1248,0.019683,-103.1692,0.015605,2.696427,55.802902,-103.1885,1.152849,1.567014,-0.186924,1.137594,-1.460485,-0.567905
783,172.374,A,2,1.166219,55.58088,2.251148,56.601109,0.465601,-0.24446,-103.0206,0.018854,-103.0483,0.022594,2.520197,55.543644,-103.0677,1.091156,1.35449,-0.26905,1.057466,-1.353978,0.037237
784,172.589,A,2,0.967058,55.247564,2.025122,56.381145,0.465892,-0.250533,-102.9031,0.020143,-102.9274,0.020292,2.34593,55.281331,-102.9466,1.145647,1.379286,-0.320808,1.099813,-1.378872,-0.033767
785,172.874,A,2,0.649183,55.565182,1.803329,56.140972,0.46986,-0.254235,-102.7805,0.021054,-102.8092,0.020337,2.173796,55.01855,-102.8278,1.181981,1.619646,-0.370467,1.122423,-1.524614,0.546632
786,173.068,A,2,0.358138,53.591407,1.564108,55.999797,0.454528,-0.265671,-102.6712,0.019608,-102.6973,0.016232,2.003353,54.756816,-102.7147,1.318309,2.016162,-0.439245,1.242981,-1.645215,-1.165409
787,173.295,A,2,0.303855,54.647466,1.315056,55.534011,0.505574,-0.262887,-102.5603,0.0195,-102.5929,0.014314,1.834063,54.496049,-102.6092,1.160488,1.537681,-0.519007,1.037962,-1.530208,0.151416
788,173.525,A,2,0.502852,54.256672,1.099788,55.334126,0.496461,-0.266068,-102.4641,0.018327,-102.4936,0.013038,1.665761,54.234576,-102.5093,1.236664,1.163119,-0.565973,1.099551,-1.162909,0.022097
789,173.731,A,2,0.460333,54.161465,0.958295,55.10119,0.491536,-0.252869,-102.3612,0.018615,-102.394,0.020003,1.498747,53.969848,-102.4102,1.253804,1.055946,-0.540452,1.131342,-1.038414,0.191618
790,173.975,A,2,0.028199,53.76427,0.835801,54.892873,0.481416,-0.238631,-102.2649,0.017561,-102.2891,0.018762,1.300631,53.64503,-102.2848,1.331608,1.278006,-0.46483,1.247843,-1.272432,0.11924
791,174.193,A,2,0.3219,53.710257,0.659869,54.651591,0.481351,-0.235255,-102.156,0.018546,-102.1777,0.020591,1.170074,53.42381,-102.1959,1.32957,0.895238,-0.510206,1.227781,-0.848175,0.286446
792,174.422,A,2,-0.110602,53.844067,0.567906,54.443505,0.470976,-0.217192,-102.0428,0.019157,-102.0627,0.022809,1.008414,53.14328,-102.0812,1.372819,1.320341,-0.440509,1.300225,-1.119017,0.700786
793,174.601,A,2,-0.326517,52.159831,0.417299,54.296825,0.452168,-0.215615,-101.9289,0.019437,-101.9481,0.01613,0.848218,52.860661,-101.9663,1.499419,1.367905,-0.430919,1.436164,-1.174735,-0.70083
794,174.795,A,2,-0.386916,53.292373,0.255633,53.878009,0.489941,-0.204691,-101.8221,0.019009,-101.8359,0.02472,0.68955,52.578391,-101.8537,1.370143,1.291723,-0.433916,1.299618,-1.076466,0.713982
795,175.012,A,2,-0.957709,52.53833,0.1124,53.731672,0.468456,-0.203238,-101.7155,0.018347,-101.7252,0.017372,0.53293,52.297817,-101.7429,1.494251,1.509918,-0.42053,1.433855,-1.490639,0.240514
796,175.198,A,2,-0.59202,52.592385,-0.106301,53.479048,0.473727,-0.212487,-101.5895,0.021149,-101.6129,0.013768,0.379022,52.01875,-101.6311,1.538833,1.12782,-0.485323,1.460298,-0.971042,0.573634
797,175.412,A,2,-1.590266,51.905136,-0.221844,53.280693,0.463209,-0.202588,-101.4596,0.022977,-101.4962,0.021776,0.198243,51.683554,-101.4914,1.651461,1.802183,-0.420088,1.597138,-1.78851,0.221581
798,175.58,A,2,-0.909466,51.140789,-0.493306,52.995996,0.477558,-0.221306,-101.3393,0.02162,-101.3745,0.018336,0.050234,51.401281,-101.3696,1.6848,0.994425,-0.54354,1.594715,-0.959701,-0.260493
799,175.809,A,2,-0.60912,50.146162,-0.597163,52.624919,0.500412,-0.201107,-101.2177,0.021387,-101.2502,0.0135,-0.067191,51.172224,-101.2701,1.546348,1.160384,-0.529972,1.452695,-0.541929,-1.026062
800,176.069,A,2,-1.263258,50.733183,-0.628583,52.138188,0.540221,-0.164125,-101.0851,0.022517,-101.1267,0.019456,-0.242751,50.822677,-101.1218,1.370925,1.024423,-0.385832,1.315511,-1.020507,-0.089494
801,176.271,A,2,-2.062577,50.417143,-0.765978,51.841939,0.543245,-0.160829,-100.9747,0.020846,-101.0059,0.016568,-0.359555,50.586353,-101.0251,1.319725,1.711408,-0.406423,1.255585,-1.703022,-0.169211
802,176.532,A,2,-2.041775,50.832668,-1.02176,51.540003,0.550717,-0.18109,-100.8579,0.020747,-100.8874,0.019893,-0.504757,50.288902,-100.9063,1.353716,1.63037,-0.517003,1.251101,-1.537018,0.543767
803,176.772,A,2,-1.247376,49.667466,-1.23028,51.36539,0.530059,-0.194815,-100.7396,0.020961,-100.769,0.020748,-0.648138,49.991042,-100.788,1.492556,0.681019,-0.582142,1.374348,-0.599237,-0.323576
804,177.011,A,2,-2.99092,50.48316,-1.261109,51.016649,0.539439,-0.16483,-100.6181,0.020744,-100.6495,0.018776,-0.789011,49.694132,-100.6687,1.404253,2.33901,-0.472097,1.322517,-2.201909,0.789028
805,177.276,A,2,-2.135431,49.280278,-1.594039,50.873614,0.518512,-0.206666,-100.5016,0.020979,-100.5299,0.025199,-0.927491,49.398361,-100.549,1.618844,1.213699,-0.666548,1.475253,-1.207941,-0.118084
806,177.484,A,2,-2.800348,48.842848,-1.713051,50.554532,0.539766,-0.199098,-100.414,0.019905,-100.413,0.023574,-1.064473,49.10266,-100.4314,1.590153,1.75521,-0.648577,1.451872,-1.735875,-0.259812
807,177.661,A,2,-2.325874,48.555434,-1.938905,50.195149,0.546551,-0.203503,-100.2952,0.01752,-100.3016,0.020228,-1.201104,48.805099,-100.319,1.573719,1.152146,-0.737801,1.39005,-1.12477,-0.249665
808,177.877,A,2,-2.382726,48.755216,-2.03054,49.865649,0.566118,-0.190509,-100.2131,0.017797,-100.1968,0.010958,-1.338091,48.50371,-100.2132,1.527862,1.074485,-0.692449,1.361939,-1.044635,0.251505
809,178.127,A,2,-2.025843,48.53363,-2.124912,49.610167,0.543189,-0.173795,-100.1003,0.016953,-100.0968,0.010441,-1.475355,48.19737,-100.1126,1.554966,0.645064,-0.649556,1.412797,-0.550487,0.336261
810,178.351,A,2,-2.82166,48.121145,-2.132813,49.370173,0.528503,-0.146535,-100.0079,0.015781,-99.9985,0.019712,-1.612231,47.886319,-100.0142,1.572523,1.232016,-0.520582,1.483854,-1.209429,0.234826
811,178.575,A,2,-2.894664,47.089007,-2.277987,49.10035,0.526526,-0.148794,-99.9064,0.016686,-99.9005,0.016252,-1.747999,47.572085,-99.9161,1.617555,1.244269,-0.529989,1.528265,-1.146665,-0.483078
812,178.816,A,2,-2.944808,47.441208,-2.410411,48.695058,0.55137,-0.143468,-99.8101,0.016988,-99.8038,0.011842,-1.882367,47.256802,-99.819,1.532126,1.078326,-0.528045,1.438256,-1.062441,0.184406
813,179.028,A,2,-3.541863,45.927071,-2.528065,48.422011,0.546393,-0.140694,-99.7104,0.017216,-99.711,0.019441,-2.015563,46.94224,-99.7254,1.566008,1.833073,-0.512502,1.479772,-1.5263,-1.015168
814,179.282,A,2,-2.992747,46.659919,-2.730602,47.928406,0.589073,-0.147494,-99.6125,0.017305,-99.6242,0.01661,-2.14804,46.629016,-99.6376,1.424006,0.845271,-0.582562,1.29939,-0.844706,0.030903
815,179.516,A,2,-3.655369,46.208992,-2.800631,47.649193,0.579259,-0.134722,-99.5433,0.013313,-99.5431,0.005323,-2.280073,46.31635,-99.5557,1.430891,1.37948,-0.520558,1.332842,-1.375296,-0.107359
816,179.77,A,2,-2.62288,46.455702,-2.97472,47.340054,0.580191,-0.143297,-99.4851,0.011348,-99.4648,0.010834,-2.411557,46.00244,-99.4773,1.451332,0.500105,-0.563163,1.337615,-0.211324,0.453263
817,180.003,A,2,-3.269934,45.440781,-2.934794,47.129923,0.55379,-0.111566,-99.3977,0.014047,-99.3855,0.013942,-2.542141,45.685313,-99.3984,1.497022,0.767774,-0.392653,1.44461,-0.727792,-0.244531
818,180.254,A,2,-3.696225,44.984675,-3.013637,46.778506,0.562832,-0.102506,-99.3165,0.014328,-99.3024,0.016424,-2.671546,45.363795,-99.316,1.455485,1.092566,-0.342092,1.414712,-1.02468,-0.37912
819,180.449,A,2,-3.930247,45.351637,-3.153549,46.407372,0.576847,-0.106166,-99.2319,0.01439,-99.2156,0.01769,-2.799757,45.038103,-99.2297,1.414236,1.173163,-0.353791,1.369268,-1.13049,0.313534
820,180.657,A,2,-3.904321,44.732614,-3.310698,46.166349,0.563728,-0.117347,-99.1363,0.016009,-99.1272,0.014608,-2.926939,44.709772,-99.1413,1.506283,0.97765,-0.38376,1.456577,-0.977383,0.022842
821,180.89,A,2,-4.125306,44.053954,-3.436024,45.859428,0.564245,-0.118745,-99.04,0.016307,-99.0389,0.023698,-3.053136,44.380936,-99.053,1.527266,1.120922,-0.382889,1.478492,-1.07217,-0.326983
822,181.138,A,2,-4.673271,43.853954,-3.578471,45.486184,0.578531,-0.121324,-98.9614,0.014256,-98.9507,0.010306,-3.202846,43.98805,-98.9472,1.544507,1.476526,-0.375624,1.498135,-1.470424,-0.134096
823,181.345,A,2,-4.586784,43.501424,-3.793464,45.1425,0.587574,-0.139234,-98.8798,0.014289,-98.8608,0.007717,-3.301174,43.727604,-98.8754,1.498092,1.305355,-0.492291,1.414896,-1.28561,-0.22618
824,181.553,A,2,-4.239895,43.532658,-3.956536,44.796628,0.594291,-0.144712,-98.7875,0.016018,-98.7669,0.019552,-3.422019,43.403055,-98.7823,1.492567,0.828081,-0.534517,1.393574,-0.817876,0.129603
825,181.759,A,2,-3.946751,44.019194,-4.029358,44.517301,0.583958,-0.133702,-98.6848,0.016641,-98.6674,0.013373,-3.540554,43.078115,-98.6837,1.519929,1.025,-0.488804,1.439186,-0.406197,0.941079
826,181.95,A,2,-5.091778,43.62661,-4.035765,44.375095,0.545181,-0.115086,-98.5819,0.017273,-98.5625,0.023312,-3.680391,42.685213,-98.5583,1.726844,1.696538,-0.355373,1.689882,-1.411387,0.941397
827,182.172,A,2,-4.452068,42.265285,-4.242452,44.19163,0.525472,-0.137576,-98.474,0.018123,-98.454,0.026279,-3.795644,42.354082,-98.4496,1.89109,0.662402,-0.446808,1.837548,-0.656423,-0.088797
828,182.371,A,2,-4.341237,42.883707,-4.300178,43.800706,0.545004,-0.121172,-98.3617,0.018011,-98.343,0.023321,-3.910053,42.019753,-98.3386,1.823182,0.965575,-0.390125,1.780953,-0.431184,0.863954
829,182.588,A,2,-4.848051,41.597922,-4.326544,43.587338,0.525655,-0.105972,-98.2462,0.019141,-98.23,0.013004,-4.023354,41.683521,-98.2254,1.927808,0.829127,-0.30319,1.903817,-0.824696,-0.085598
830,182.791,A,2,-5.1857,41.245272,-4.437336,43.182495,0.549137,-0.103666,-98.1363,0.018147,-98.0999,0.020211,-4.134935,41.347133,-98.1094,1.860108,1.055691,-0.302401,1.835362,-1.050765,-0.101861
831,183.002,A,2,-4.487611,40.889044,-4.587169,42.788624,0.570453,-0.110287,-98.026,0.019052,-97.9946,0.022865,-4.244277,41.01198,-97.9898,1.809431,0.272625,-0.342892,1.776645,-0.243333,-0.122935
832,183.245,A,2,-5.645444,40.777368,-4.587473,42.397777,0.582973,-0.086113,-97.894,0.021209,-97.872,0.0224,-4.330087,40.74509,-97.8918,1.672609,1.315753,-0.257386,1.652687,-1.315357,0.032278
833,183.437,A,2,-5.232277,40.69852,-4.791539,42.055019,0.590406,-0.107218,-97.7692,0.021905,-97.7477,0.019451,-4.456578,40.346125,-97.7427,1.741413,0.851993,-0.334961,1.708895,-0.775699,0.352395
834,183.667,A,2,-6.074269,40.240905,-4.887787,41.758667,0.584476,-0.105711,-97.6432,0.021745,-97.6235,0.014897,-4.539975,40.080018,-97.6433,1.714304,1.542707,-0.347812,1.67865,-1.534294,0.160888
835,183.893,A,2,-4.692877,39.495053,-5.112189,41.445735,0.600653,-0.132973,-97.5459,0.021721,-97.5007,0.024432,-4.643752,39.745683,-97.5203,1.763409,0.255399,-0.468438,1.700052,-0.049125,-0.25063
836,184.122,A,2,-5.727544,39.475554,-5.060707,41.034601,0.599393,-0.092945,-97.3867,0.022627,-97.3794,0.01573,-4.747227,39.408187,-97.3987,1.656349,0.982629,-0.313479,1.626414,-0.980317,0.067367
837,184.358,A,2,-5.560553,38.728912,-5.195571,40.70095,0.600936,-0.100229,-97.2065,0.032732,-97.1701,0.098134,-4.850536,39.067441,-97.2483,1.66955,0.786592,-0.345035,1.633508,-0.710017,-0.33853
838,184.607,A,2,-6.050151,38.941073,-5.277403,40.291238,0.615596,-0.094122,-96.4593,0.096848,-96.4387,0.067328,-4.976653,38.670465,-96.4244,1.64844,1.10708,-0.30075,1.620773,-1.073498,0.270608
839,184.832,A,2,-6.477252,38.901067,-5.430151,39.995311,0.609014,-0.106661,-96.4668,0.02014,-96.499,-0.04131,-5.057731,38.404038,-96.4518,1.634272,1.50402,-0.37242,1.591272,-1.419521,0.497029
840,185.064,A,2,-5.90674,38.052059,-5.63306,39.743459,0.594421,-0.128917,-96.1557,0.057306,-96.0992,0.16793,-5.158012,38.080575,-96.2437,1.729409,0.749271,-0.475048,1.662884,-0.748728,-0.028516
841,185.327,A,2,-5.904617,38.231252,-5.699615,39.386851,0.599114,-0.11888,-95.4589,0.092039,-95.4405,0.029901,-5.261346,37.768258,-95.482,1.676879,0.792567,-0.43827,1.618593,-0.643272,0.462994
842,185.532,A,2,-5.95432,36.951726,-5.753437,39.122621,0.583871,-0.109945,-95.0754,0.080991,-95.0392,0.161332,-5.361591,37.453738,-95.1752,1.714267,0.776751,-0.391845,1.668883,-0.592729,-0.502012
843,185.734,A,2,-5.991955,38.013394,-5.803407,38.683114,0.607355,-0.097904,-94.3144,0.11272,-94.2722,0.094603,-5.465862,37.148148,-94.3589,1.571642,1.012633,-0.337545,1.534966,-0.526093,0.865246
844,185.973,A,2,-6.835782,36.415515,-5.850337,38.506332,0.573729,-0.092761,-93.5925,0.126421,-93.5313,0.151589,-5.569481,36.843329,-93.6715,1.686553,1.336617,-0.280856,1.663003,-1.266301,-0.427814
845,186.223,A,2,-6.368231,36.919803,-6.037348,38.079639,0.5971,-0.112069,-92.7675,0.138286,-92.703,0.167167,-5.673711,36.542722,-92.8569,1.57935,0.790283,-0.363636,1.536917,-0.69452,0.377081
846,186.478,A,2,-6.236649,35.649041,-6.109113,37.816326,0.582479,-0.109633,-91.8342,0.154936,-91.7821,0.163731,-5.77808,36.247018,-91.9346,1.603843,0.753566,-0.331034,1.569309,-0.458569,-0.597977
847,186.713,A,2,-7.409248,36.091318,-6.143276,37.374913,0.604932,-0.09789,-90.8431,0.166529,-90.7848,0.177876,-5.882121,35.956713,-90.9493,1.442044,1.533048,-0.261156,1.418199,-1.527127,0.134605
848,186.939,A,2,-7.582592,35.999032,-6.378073,37.08807,0.595914,-0.131277,-89.775,0.179824,-89.7152,0.190162,-5.986134,35.67248,-89.891,1.468847,1.629513,-0.391938,1.41559,-1.596458,0.326552
849,187.179,A,2,-6.410276,35.42185,-6.604061,36.836534,0.580027,-0.16024,-88.6317,0.193306,-88.5787,0.209034,-6.090449,35.394068,-88.7649,1.531177,0.321031,-0.513612,1.442466,-0.319826,0.027782
850,187.437,A,2,-6.983822,34.697787,-6.58276,36.528578,0.575134,-0.136188,-87.4119,0.206928,-87.3789,0.221884,-6.19521,35.12057,-87.575,1.46037,0.894793,-0.38755,1.408008,-0.788612,-0.422783
851,187.697,A,2,-6.863668,34.948928,-6.663684,36.146741,0.586215,-0.136527,-86.135,0.218395,-86.1174,0.22151,-6.300175,34.850806,-86.3233,1.345952,0.571972,-0.363509,1.295935,-0.563493,0.098122
852,187.885,A,2,-7.332187,35.15262,-6.707659,35.876375,0.57313,-0.130714,-84.8221,0.225436,-84.7946,0.241298,-6.404795,34.583831,-85.0103,1.327553,1.087924,-0.302865,1.292544,-0.927392,0.56879
853,188.11,A,2,-7.691437,33.909953,-6.825533,35.69131,0.543725,-0.141252,-83.4416,0.236141,-83.4112,0.243076,-6.508517,34.319333,-83.6365,1.408126,1.251756,-0.317016,1.371977,-1.182921,-0.409381
854,188.34,A,2,-6.987116,34.408788,-6.985992,35.32046,0.554465,-0.161562,-82.0059,0.245996,-81.9695,0.25747,-6.611093,34.05773,-82.2039,1.317208,0.514426,-0.374899,1.26273,-0.376023,0.351058
855,188.581,A,2,-7.31607,34.328089,-6.993233,35.103203,0.534026,-0.148133,-80.5137,0.255231,-80.4733,0.266929,-6.712671,33.799916,-80.7162,1.333144,0.801909,-0.280562,1.303287,-0.603399,0.528173
856,188.853,A,2,-6.289868,34.248129,-7.055363,34.912172,0.509601,-0.147877,-78.9667,0.265193,-78.9271,0.261476,-6.83375,33.496788,-78.8643,1.432629,0.927535,-0.221614,1.415385,0.543881,0.751341
857,189.099,A,2,-7.545406,32.247815,-6.922902,34.743448,0.487436,-0.108799,-77.3751,0.273353,-77.3344,0.281747,-6.914168,33.298841,-77.5923,1.444633,1.226017,-0.008734,1.444607,-0.631238,-1.051026
858,189.337,A,2,-7.657033,32.902711,-7.032052,34.251283,0.526889,-0.132495,-75.7265,0.28226,-75.6972,0.295788,-7.01427,33.055888,-75.9621,1.195528,0.660762,-0.017782,1.195395,-0.642763,-0.153177
859,189.585,A,2,-8.441595,32.404934,-7.141905,33.958871,0.520774,-0.149682,-74.0397,0.290597,-74.0163,0.291721,-7.133247,32.769904,-73.9482,1.188999,1.3583,-0.008658,1.188967,-1.308348,-0.364969
860,189.799,A,2,-8.15319,32.739319,-7.371974,33.627587,0.517255,-0.191629,-72.2364,0.29853,-72.2926,0.303882,-7.230898,32.535034,-72.2228,1.101623,0.944645,-0.141077,1.092553,-0.922292,0.204284
861,190.041,A,2,-8.041246,32.818889,-7.511639,33.429243,0.503262,-0.212086,-70.9047,0.302736,-70.5275,0.318121,-7.307833,32.348763,-70.8126,1.099534,0.871156,-0.203806,1.08048,-0.733413,0.470126
862,190.291,A,2,-8.302338,32.581983,-7.60856,33.260436,0.462327,-0.211704,-68.7344,0.312647,-68.7238,0.325643,-7.421279,32.071609,-68.6509,1.203488,1.018207,-0.187281,1.188827,-0.881059,0.510374
863,190.506,A,2,-7.897017,31.535524,-7.733899,33.088715,0.434814,-0.221849,-66.8087,0.319081,-66.8844,0.324695,-7.514296,31.842974,-66.8101,1.264948,0.490919,-0.219603,1.24574,-0.382722,-0.30745
864,190.771,A,2,-7.995671,31.321942,-7.764727,32.765409,0.4452,-0.22279,-64.9331,0.324029,-65.0119,0.327068,-7.606291,31.617193,-64.9364,1.159095,0.488662,-0.158436,1.148215,-0.38938,-0.295251
865,191.002,A,2,-8.497793,31.694242,-7.805729,32.473045,0.458422,-0.230829,-63.4867,0.328195,-63.1084,0.333199,-7.679364,31.439143,-63.415,1.041596,0.857264,-0.126365,1.033902,-0.818429,0.255099
866,191.221,A,2,-8.783924,31.110399,-7.927514,32.277616,0.423178,-0.237389,-61.1747,0.334491,-61.1755,0.335218,-7.770247,31.220174,-61.4866,1.069074,1.019604,-0.157267,1.057443,-1.013678,-0.109774
867,191.448,A,2,-8.482815,30.713082,-8.079146,32.023245,0.409561,-0.258973,-59.7749,0.256452,-59.8751,0.126154,-7.871344,30.963926,-59.8486,1.079508,0.660923,-0.207801,1.059319,-0.611471,-0.250844
868,191.667,A,2,-8.721339,31.942461,-8.151698,31.743755,0.407226,-0.266602,-58.507,0.247071,-58.5593,0.303747,-7.942752,30.798707,-58.8307,0.967871,1.383608,-0.208947,0.945048,-0.778587,1.143754
869,191.93,A,2,-8.583377,30.610917,-8.253818,31.732067,0.352743,-0.256318,-56.8741,0.271922,-56.9262,0.278805,-8.028248,30.591787,-57.1802,1.162377,0.555459,-0.22557,1.14028,-0.55513,0.01913
870,192.163,A,2,-8.641724,30.856852,-8.313208,31.499699,0.35633,-0.266143,-55.6435,0.268821,-55.4015,0.264887,-8.110209,30.389604,-55.6382,1.128503,0.707693,-0.202999,1.110095,-0.531514,0.467249
871,192.448,A,2,-8.066552,30.042187,-8.372855,31.334426,0.329875,-0.257184,-53.8573,0.252746,-53.9847,0.239536,-8.20494,30.151768,-53.9302,1.194519,0.17652,-0.167915,1.182658,0.138389,-0.109581
872,192.659,A,2,-9.526113,29.364535,-8.31876,31.066128,0.344333,-0.246888,-52.5808,0.237544,-52.6732,0.22654,-8.28161,29.957169,-52.6229,1.109582,1.378405,-0.03715,1.10896,-1.244503,-0.592633
873,192.896,A,2,-8.390847,30.596164,-8.531125,30.722525,0.339977,-0.292517,-51.346,0.221291,-51.461,0.206021,-8.341658,29.804275,-51.6486,0.937593,0.793415,-0.189467,0.918249,-0.049189,0.791889
874,193.142,A,2,-8.897019,29.768322,-8.507399,30.657042,0.313896,-0.262725,-50.2222,0.202839,-50.34,0.187455,-8.4151,29.617629,-50.5136,1.043503,0.50493,-0.092299,1.039413,-0.481919,0.150693
875,193.403,A,2,-9.12462,29.924731,-8.576222,30.459547,0.30191,-0.267349,-49.1815,0.187246,-49.3032,0.17561,-8.486738,29.43686,-49.4636,1.026594,0.803064,-0.089483,1.022687,-0.637882,0.487871
876,193.659,A,2,-8.997759,30.356104,-8.673821,30.32553,0.276725,-0.269005,-48.2228,0.173276,-48.347,0.165356,-8.556812,29.262121,-48.4947,1.069827,1.179506,-0.117009,1.063409,-0.440947,1.093983
877,193.912,A,2,-9.229635,28.879189,-8.732811,30.293786,0.242141,-0.251747,-47.3435,0.158649,-47.471,0.148797,-8.625816,29.092606,-47.6057,1.205935,0.640425,-0.106995,1.201179,-0.603819,-0.213417
878,194.176,A,2,-9.555452,29.036526,-8.822653,30.008516,0.247479,-0.273466,-46.5446,0.144899,-46.6754,0.138788,-8.694137,28.927025,-46.7973,1.0891,0.868247,-0.128516,1.081491,-0.861315,0.109501
879,194.427,A,2,-9.172938,29.529355,-8.955333,29.800059,0.233721,-0.289959,-45.8247,0.131334,-45.9584,0.114605,-8.761611,28.764359,-46.068,1.053663,0.868567,-0.193723,1.035701,-0.411327,0.764996
880,194.689,A,2,-8.925054,29.570661,-8.998198,29.716288,0.21353,-0.274429,-45.1922,0.116527,-45.3145,0.106089,-8.827495,28.604399,-45.4129,1.124917,0.971175,-0.170703,1.111889,-0.097559,0.966262
881,194.935,A,2,-9.090537,27.676355,-8.989307,29.65722,0.198698,-0.249589,-44.6217,0.104577,-44.7366,0.103016,-8.891017,28.447703,-44.8249,1.213504,0.796734,-0.09829,1.209517,-0.199521,-0.771348
882,195.181,A,2,-8.753841,29.120065,-9.010095,29.274242,0.229821,-0.276685,-44.1047,0.094318,-44.2194,0.077254,-8.952002,28.295064,-44.2982,0.9809,0.848466,-0.058093,0.979178,0.198161,0.825001
883,195.454,A,2,-9.472457,28.498623,-8.96704,29.212364,0.218144,-0.247188,-43.6532,0.083247,-43.7608,0.073467,-9.011064,28.146938,-43.8302,1.066335,0.580143,0.044024,1.065425,-0.461393,0.351685
884,195.711,A,2,-8.948215,26.956875,-9.058033,29.053592,0.203036,-0.254484,-43.2548,0.073626,-43.3618,0.05611,-9.069199,28.003225,-43.4216,1.050426,1.053321,0.011166,1.050366,0.120984,-1.04635
885,195.982,A,2,-9.180625,26.986812,-9.040683,28.649275,0.240207,-0.280455,-42.9204,0.063237,-43.0229,0.056671,-9.127118,27.863504,-43.0731,0.790511,0.878323,0.086435,0.785771,-0.053507,-0.876692
886,196.259,A,2,-9.185167,27.932508,-9.066783,28.317949,0.255858,-0.299711,-42.6475,0.052024,-42.7425,0.05745,-9.184744,27.727431,-42.7836,0.602185,0.205078,0.117961,0.590518,-0.000423,0.205078
887,196.511,A,2,-9.350871,28.010526,-9.089205,28.211471,0.237941,-0.283876,-42.4227,0.042924,-42.5156,0.037701,-9.241146,27.594933,-42.5486,0.634984,0.429833,0.151941,0.616537,-0.109725,0.415592
888,196.766,A,2,-10.202436,28.442545,-9.137263,28.140066,0.213292,-0.268391,-42.2362,0.035718,-42.3356,0.036403,-9.295008,27.466071,-42.3615,0.692208,1.333014,0.157745,0.673995,-0.907428,0.976474
889,197.042,A,2,-10.193041,27.606405,-9.329034,28.160946,0.15734,-0.261151,-42.0956,0.028168,-42.1981,0.019811,-9.345405,27.340766,-42.2173,0.820343,0.888285,0.016371,0.82018,-0.847636,0.265639
890,197.319,A,2,-9.378625,27.16752,-9.48839,28.033431,0.133141,-0.272047,-42.0059,0.019971,-42.1022,0.008607,-9.392324,27.218708,-42.1147,0.820367,0.052989,-0.096066,0.814723,0.013699,-0.051187
891,197.551,A,2,-9.499726,26.892598,-9.476807,27.851308,0.144564,-0.266158,-41.9591,0.011527,-42.0498,0.009442,-9.43653,27.099565,-42.0552,0.752822,0.2164,-0.040278,0.751743,-0.063196,-0.206967
892,197.824,A,2,-9.209737,27.479618,-9.487632,27.65236,0.153553,-0.266647,-41.953,0.004336,-42.0487,-0.00423,-9.478733,26.983529,-42.0422,0.66889,0.564325,-0.008898,0.668831,0.268996,0.496089
893,198.059,A,2,-10.067682,26.690379,-9.444372,27.592717,0.150434,-0.238848,-42.0664,-0.013471,-42.1734,-0.034414,-9.514574,26.87628,-42.1436,0.719868,0.583514,0.070202,0.716437,-0.553108,-0.185901
894,198.324,A,2,-9.52047,26.710329,-9.560049,27.405391,0.141309,-0.255212,-42.3317,-0.037223,-42.4481,-0.057006,-9.543291,26.778995,-42.3936,0.626619,0.072359,-0.016758,0.626395,0.022821,-0.068666
895,198.572,A,2,-9.663604,26.67936,-9.559623,27.254404,0.145721,-0.248322,-42.7543,-0.063193,-42.8818,-0.08471,-9.566837,26.689088,-42.8015,0.565361,0.097254,0.007214,0.565315,-0.096766,-0.009729
896,198.84,A,2,-9.375257,27.720278,-9.584231,27.125057,0.142959,-0.242366,-43.3346,-0.091453,-43.4755,-0.113724,-9.586022,26.604628,-43.3702,0.520432,1.135384,0.001791,0.520429,0.210765,1.11565
897,199.136,A,2,-9.472281,26.769851,-9.553164,27.204633,0.120245,-0.198098,-44.0605,-0.116631,-44.2144,-0.136591,-9.601501,26.510546,-44.2466,0.695767,0.289718,0.048336,0.694086,0.12922,0.259304
898,199.396,A,2,-10.066643,26.96587,-9.543915,27.105555,0.121524,-0.18861,-44.908,-0.138358,-45.0749,-0.159715,-9.605322,26.439993,-45.1116,0.668389,0.699545,0.061407,0.665562,-0.461321,0.525877
899,199.616,A,2,-9.670433,25.743675,-9.641691,27.059709,0.099534,-0.187112,-45.8726,-0.159615,-46.0386,-0.16923,-9.601299,26.389674,-45.8778,0.671251,0.649687,-0.040391,0.670035,-0.069134,-0.645998
900,199.885,A,2,-10.239943,25.477323,-9.653461,26.806114,0.122127,-0.204226,-46.9337,-0.176831,-47.102,-0.19847,-9.584232,26.324285,-47.1467,0.486777,1.071122,-0.069229,0.481829,-0.655711,-0.846962
901,200.126,A,2,-8.630741,26.376909,-9.764671,26.547787,0.128857,-0.233756,-48.1098,-0.196405,-48.2738,-0.216361,-9.562538,26.277537,-48.323,0.337481,0.93708,-0.202134,0.27025,0.931796,0.099372
902,200.352,A,2,-9.833802,26.637575,-9.571599,26.492986,0.149757,-0.186587,-49.4079,-0.217303,-49.5622,-0.22915,-9.536652,26.236315,-49.6162,0.259039,0.499308,-0.034947,0.256671,-0.29715,0.40126
903,200.558,A,2,-9.806645,26.809024,-9.622951,26.495409,0.125033,-0.171852,-50.8656,-0.236698,-50.9649,-0.253449,-9.507257,26.20032,-51.0232,0.316958,0.678347,-0.115694,0.295089,-0.299388,0.608704
904,200.78,A,2,-8.834511,26.224821,-9.659612,26.535985,0.102113,-0.155565,-52.0177,-0.252376,-52.4672,-0.271468,-9.480271,26.175823,-52.2209,0.402343,0.647616,-0.179341,0.360162,0.645759,0.048999
905,200.987,A,2,-9.792967,26.292857,-9.51926,26.464417,0.121023,-0.125516,-53.5911,-0.266879,-54.0503,-0.280704,-9.430968,26.147388,-54.115,0.329093,0.390135,-0.088292,0.317028,-0.362,0.145469
906,201.198,A,2,-10.222351,26.717262,-9.571566,26.415121,0.105377,-0.122709,-55.5853,-0.283919,-55.7021,-0.293755,-9.390828,26.133983,-55.4333,0.334222,1.015699,-0.180738,0.281138,-0.831523,0.583278
907,201.466,A,2,-9.832729,25.354366,-9.69139,26.454105,0.072,-0.12216,-57.3012,-0.294113,-57.4234,-0.307675,-9.332556,26.122334,-57.143,0.488706,0.916486,-0.358834,0.331772,-0.500173,-0.767968
908,201.689,A,2,-9.8508,25.874961,-9.721844,26.249577,0.095119,-0.141581,-58.7362,-0.304561,-59.2232,-0.319922,-9.267173,26.114616,-58.9296,0.474279,0.630916,-0.454672,0.134961,-0.583627,-0.239655
909,201.91,A,2,-9.873263,25.569801,-9.753172,26.166028,0.092309,-0.137043,-60.9988,-0.322753,-61.1083,-0.333278,-9.197068,26.109591,-60.8009,0.55896,0.865224,-0.556104,0.056437,-0.676195,-0.53979
910,202.149,A,2,-9.40647,26.738278,-9.782222,26.046018,0.098607,-0.139671,-62.9678,-0.335937,-63.0752,-0.347064,-9.123276,26.107412,-62.7555,0.661799,0.691513,-0.658946,-0.061394,-0.283194,0.630866
911,202.375,A,2,-9.772447,26.257382,-9.722968,26.154502,0.075648,-0.101303,-64.9936,-0.346869,-65.1114,-0.360152,-9.044808,26.109313,-64.7816,0.679664,0.742552,-0.67816,0.045189,-0.727639,0.148069
912,202.622,A,2,-9.91721,26.404459,-9.73764,26.1622,0.064294,-0.091161,-67.0825,-0.358106,-67.2028,-0.371324,-8.95966,26.116476,-66.8649,0.779322,0.999918,-0.77798,0.045723,-0.95755,0.287982
913,202.858,A,2,-9.258367,26.567317,-9.775264,26.196336,0.047346,-0.083728,-69.2312,-0.368437,-69.3422,-0.386456,-8.866541,26.128972,-68.9967,0.911216,0.58794,-0.908722,0.067364,-0.391826,0.438345
914,203.078,A,2,-9.680137,26.596152,-9.689214,26.255013,0.039595,-0.053014,-71.4484,-0.379889,-71.5316,-0.383448,-8.76592,26.145516,-71.1776,0.929764,1.019248,-0.923294,0.109498,-0.914217,0.450637
915,203.309,A,2,-9.709213,26.850801,-9.691132,26.310479,0.024869,-0.042311,-73.7068,-0.388611,-73.7782,-0.395416,-8.65962,26.164184,-73.4146,1.041834,1.254228,-1.031512,0.146294,-1.049593,0.686617
916,203.56,A,2,-9.442383,27.253658,-9.697342,26.403135,0.004412,-0.031055,-75.7073,-0.350413,-75.7029,-0.243265,-8.549099,26.180097,-75.4625,1.169704,1.396599,-1.148243,0.223038,-0.893284,1.073561
917,203.775,A,2,-8.673122,26.021695,-9.654391,26.553041,-0.021098,-0.008312,-77.2309,-0.298141,-77.2348,-0.345006,-8.448808,26.192877,-76.9282,1.258232,0.28217,-1.205582,0.360164,-0.224314,-0.171182
918,204.003,A,2,-8.630643,26.669209,-9.481462,26.459923,0.010755,0.019352,-79.5503,-0.378748,-79.6055,-0.479255,-8.351903,26.196654,-79.1727,1.159833,0.548638,-1.129559,0.263269,-0.27874,0.472555
919,204.234,A,2,-9.070833,25.787909,-9.32814,26.495923,0.011791,0.048943,-82.2534,-0.434329,-82.2776,-0.37313,-8.251057,26.195762,-81.9187,1.118125,0.915629,-1.077083,0.300161,-0.819777,-0.407852
920,204.453,A,2,-8.709779,25.87498,-9.277995,26.369438,0.037677,0.046375,-83.983,-0.328815,-83.909,-0.196196,-8.142094,26.194086,-83.7205,1.149357,0.651226,-1.135902,0.175352,-0.567685,-0.319106
921,204.667,A,2,-8.877609,26.657932,-9.172474,26.278134,0.056071,0.057707,-85.2005,-0.254565,-85.1395,-0.284959,-8.029216,26.191942,-84.8818,1.146503,0.967945,-1.143258,0.086192,-0.848394,0.46599
922,204.876,A,2,-8.762423,26.17614,-9.113991,26.340466,0.039376,0.065253,-87.2768,-0.338613,-87.2814,-0.429641,-7.919636,26.1816,-86.8813,1.204874,0.842804,-1.194355,0.158866,-0.842787,-0.00546
923,205.114,A,2,-8.96975,26.064458,-9.045203,26.307511,0.043508,0.070487,-89.2407,-0.329235,-89.1635,-0.242203,-7.823849,26.167863,-88.931,1.229312,1.150557,-1.221355,0.139648,-1.145901,-0.103405
924,205.365,A,2,-8.015436,25.128914,-9.025086,26.260156,0.048357,0.065261,-90.4533,-0.246874,-90.3475,-0.246261,-7.725942,26.14223,-90.4067,1.304485,1.053858,-1.299144,0.117925,-0.289494,-1.013316
925,205.596,A,2,-8.958316,25.860537,-8.83999,26.053836,0.087826,0.091094,-92.2748,-0.305091,-92.2246,-0.365617,-7.657288,26.116812,-91.8939,1.184377,1.326028,-1.182702,-0.062976,-1.301028,-0.256275
926,205.854,A,2,-9.227283,25.387569,-8.854258,26.012508,0.087793,0.079197,-93.5647,-0.282605,-93.635,-0.167543,-7.568875,26.081078,-93.479,1.287211,1.797574,-1.285384,-0.06857,-1.658408,-0.693509
927,206.118,A,2,-8.141634,25.846748,-8.913816,25.893374,0.101939,0.056822,-94.6452,-0.221106,-94.8432,-0.281903,-7.456912,26.040323,-94.9077,1.464296,0.711558,-1.456904,-0.146949,-0.684722,-0.193575
928,206.35,A,2,-9.390752,26.526807,-8.771332,25.873026,0.092161,0.078326,-96.3576,-0.233309,-96.341,-0.184761,-7.359707,26.006718,-96.2584,1.417942,2.096577,-1.411625,-0.133693,-2.031044,0.520089
929,206.545,A,2,-8.60977,26.093041,-8.875522,25.981099,0.061438,0.049139,-97.2584,-0.213862,-97.4008,-0.239232,-7.273479,25.97464,-97.4539,1.602057,1.341527,-1.602044,0.006459,-1.336292,0.118401
930,206.721,A,2,-8.281514,26.291614,-8.824705,25.994643,0.050899,0.05404,-98.5075,-0.214381,-98.6193,-0.205831,-7.199668,25.94369,-98.6669,1.625836,1.136417,-1.625037,0.050953,-1.081847,0.347925
931,206.963,A,2,-8.438406,26.392758,-8.724291,26.041612,0.033764,0.067941,-99.7114,-0.21226,-99.8255,-0.206874,-7.146641,25.919292,-99.6375,1.582385,1.375801,-1.57765,0.12232,-1.291765,0.473466
932,207.224,A,2,-7.865123,25.903472,-8.667957,26.099502,0.016698,0.070638,-100.8608,-0.203245,-100.956,-0.187648,-7.080543,25.888271,-100.7814,1.601406,0.784728,-1.587414,0.211231,-0.78458,0.015202
933,207.492,A,2,-8.164694,26.718415,-8.517935,26.061044,0.0185,0.092351,-102.1254,-0.187972,-101.9891,-0.173745,-7.007798,25.85575,-101.8304,1.524028,1.443122,-1.510137,0.205294,-1.156896,0.862665
934,207.704,A,2,-8.709814,26.369683,-8.448552,26.174377,-0.008602,0.094749,-102.8943,-0.175483,-102.9352,-0.160715,-6.92816,25.822171,-102.7882,1.560654,1.863883,-1.520393,0.352205,-1.781654,0.547512
935,207.941,A,2,-7.598399,26.042152,-8.484615,26.207724,-0.013141,0.073344,-103.9692,-0.161201,-103.8357,-0.15761,-6.848241,25.789504,-103.6928,1.688972,0.791561,-1.636374,0.41822,-0.750158,0.252648
936,208.171,A,2,-8.18841,25.273048,-8.319988,26.177529,-0.011619,0.098723,-104.871,-0.159559,-104.7313,-0.156217,-6.763121,25.754651,-104.7673,1.613277,1.504458,-1.556868,0.422878,-1.42529,-0.481604
937,208.383,A,2,-7.676425,25.222802,-8.287384,26.015276,0.020526,0.100208,-105.7715,-0.158341,-105.6313,-0.160515,-6.714948,25.734471,-105.4878,1.597312,1.089148,-1.572436,0.280805,-0.961477,-0.51167
938,208.598,A,2,-7.70695,25.811626,-8.170237,25.869632,0.041804,0.118145,-106.6467,-0.154615,-106.5081,-0.143302,-6.659998,25.710986,-106.3711,1.518549,1.051778,-1.510239,0.158646,-1.046952,0.100641
939,208.835,A,2,-7.906815,25.584897,-8.078158,25.852048,0.036006,0.123535,-107.4606,-0.146375,-107.3218,-0.135024,-6.603202,25.686617,-107.1971,1.484205,1.307576,-1.474957,0.165431,-1.303613,-0.101719
940,209.104,A,2,-7.434948,25.561269,-8.037479,25.797581,0.040379,0.120019,-108.195,-0.134136,-108.0528,-0.117827,-6.539215,25.659235,-107.9411,1.504638,0.901074,-1.498265,0.138346,-0.895733,-0.097966
941,209.305,A,2,-7.044035,24.621549,-7.920632,25.748087,0.039078,0.131703,-108.8677,-0.122853,-108.7187,-0.105595,-6.46969,25.629091,-108.615,1.455814,1.159747,-1.450942,0.118996,-0.574345,-1.007542
942,209.534,A,2,-7.246734,25.238563,-7.754176,25.539794,0.065749,0.160658,-109.5015,-0.115596,-109.3589,-0.11164,-6.401601,25.598734,-109.2567,1.353859,0.918681,-1.352575,-0.05894,-0.845134,-0.360171
943,209.755,A,2,-7.169118,25.88342,-7.651543,25.474932,0.064571,0.165907,-110.1444,-0.11432,-110.0031,-0.110319,-6.341383,25.571273,-109.8994,1.313697,0.884636,-1.310159,-0.096341,-0.827735,0.312147
944,209.977,A,2,-7.277916,25.897254,-7.55284,25.53616,0.039052,0.162146,-110.777,-0.112494,-110.6499,-0.107828,-6.289727,25.548054,-110.5472,1.263169,1.048073,-1.263113,-0.011895,-0.988189,0.3492
945,210.161,A,2,-7.308205,25.493523,-7.490626,25.591269,0.019799,0.151917,-111.3826,-0.108335,-111.2709,-0.104963,-6.240928,25.527576,-111.1747,1.25132,1.06782,-1.249698,0.063693,-1.067277,-0.034053
946,210.391,A,2,-7.575105,25.230587,-7.445294,25.566703,0.019097,0.144701,-111.9429,-0.101202,-111.8362,-0.09508,-6.187611,25.506867,-111.7502,1.259106,1.414734,-1.257683,0.059836,-1.387494,-0.27628
947,210.633,A,2,-6.865846,26.232703,-7.456251,25.499973,0.030277,0.130458,-112.4447,-0.091932,-112.3375,-0.077389,-6.126505,25.483905,-112.261,1.329843,1.052294,-1.329746,0.016067,-0.739341,0.748798
948,210.801,A,2,-6.731871,24.331952,-7.340596,25.622781,-0.004856,0.128769,-112.899,-0.083801,-112.7942,-0.079808,-6.060792,25.459014,-112.7228,1.290239,1.311722,-1.279804,0.163767,-0.671079,-1.127061
949,211.041,A,2,-7.392345,25.862596,-7.220882,25.388548,0.031367,0.153562,-113.3361,-0.079409,-113.2391,-0.073136,-5.997581,25.43441,-113.1676,1.22416,1.459009,-1.223301,-0.045861,-1.394763,0.428186
950,211.271,A,2,-7.099973,25.611352,-7.238992,25.46429,0.014666,0.126779,-113.7849,-0.079873,-113.6918,-0.07985,-5.942138,25.412217,-113.6188,1.297899,1.174834,-1.296854,0.052073,-1.157835,0.199135
951,211.509,A,2,-7.183713,24.961845,-7.203669,25.484214,0.006449,0.117272,-114.2411,-0.080707,-114.1447,-0.07831,-5.893665,25.392646,-114.0732,1.3132,1.360079,-1.310004,0.091568,-1.290048,-0.430801
952,211.728,A,2,-6.864765,25.257909,-7.19017,25.386019,0.023008,0.113887,-114.6687,-0.076398,-114.5719,-0.075391,-5.846081,25.373966,-114.5064,1.344144,1.025274,-1.34409,0.012053,-1.018684,-0.116057
953,211.97,A,2,-6.80719,25.658944,-7.123245,25.356572,0.020474,0.115584,-115.0546,-0.070353,-114.9517,-0.05387,-5.79287,25.35411,-114.8944,1.330376,1.059136,-1.330374,0.002462,-1.01432,0.304834
954,212.178,A,2,-6.729081,25.57847,-7.057727,25.403855,0.003938,0.110614,-115.3728,-0.06031,-115.2842,-0.05648,-5.732209,25.332537,-115.2335,1.327435,1.02676,-1.325518,0.071318,-0.996871,0.245933
955,212.401,A,2,-6.243986,25.938782,-6.989778,25.429989,-0.007018,0.108294,-115.6794,-0.056163,-115.5899,-0.043943,-5.668091,25.310796,-115.5416,1.327051,0.852069,-1.321688,0.119193,-0.575895,0.627986
956,212.624,A,2,-6.857128,25.438618,-6.847319,25.516559,-0.034198,0.114901,-115.9733,-0.053363,-115.8952,-0.052533,-5.606921,25.291333,-115.8456,1.26068,1.258853,-1.240398,0.225225,-1.250207,0.147285
957,212.88,A,2,-7.371855,24.895669,-6.839884,25.501212,-0.028778,0.106853,-116.2132,-0.052916,-116.2126,-0.049719,-5.552607,25.275336,-116.1612,1.306943,1.858443,-1.287277,0.225876,-1.819248,-0.379667
958,213.139,A,2,-5.608326,25.688836,-6.922762,25.391004,0.002805,0.086315,-116.563,-0.051509,-116.5299,-0.048929,-5.495187,25.256113,-116.5421,1.433934,0.447269,-1.427575,0.134891,-0.11314,0.432723
959,213.36,A,2,-6.66495,24.937899,-6.681071,25.439805,-0.027504,0.116279,-116.8785,-0.052685,-116.8169,-0.04706,-5.460054,25.234796,-116.774,1.238108,1.240936,-1.221017,0.205009,-1.204896,-0.296897
960,213.578,A,2,-6.324113,25.09371,-6.667539,25.347817,-0.008622,0.113581,-117.1134,-0.045367,-117.0577,-0.034377,-5.415278,25.197148,-117.0222,1.261292,0.914703,-1.252261,0.150669,-0.908836,-0.103438
961,213.774,A,2,-6.744777,25.208291,-6.596357,25.298331,-0.004994,0.117811,-117.321,-0.038918,-117.2611,-0.025318,-5.368226,25.150259,-117.2301,1.237025,1.377773,-1.228131,0.148071,-1.376551,0.058032
962,214.031,A,2,-6.120516,26.037635,-6.614343,25.278519,0.000786,0.105239,-117.4694,-0.035331,-117.4525,-0.031965,-5.31325,25.088797,-117.4603,1.314853,1.245781,-1.301093,0.189722,-0.807266,0.948838
963,214.247,A,2,-6.199062,26.310979,-6.51613,25.408247,-0.032107,0.096837,-117.6977,-0.033933,-117.6543,-0.033858,-5.281131,25.047736,-117.6208,1.286543,1.561532,-1.235,0.360512,-0.917931,1.263243
964,214.496,A,2,-5.933094,25.016095,-6.450001,25.567207,-0.063206,0.083038,-117.9023,-0.034988,-117.8727,-0.020904,-5.247967,24.996638,-117.837,1.330577,0.685403,-1.202034,0.570568,-0.685127,0.019457
965,214.73,A,2,-6.32853,24.947703,-6.347725,25.470729,-0.047921,0.100714,-118.1235,-0.037296,-118.0936,-0.040035,-5.216009,24.930734,-118.1021,1.253944,1.112651,-1.131716,0.539995,-1.112521,0.016969
966,214.964,A,2,-6.030924,25.239146,-6.336124,25.377587,-0.027232,0.102466,-118.274,-0.035221,-118.2904,-0.031555,-5.191808,24.865562,-118.2974,1.253646,0.918521,-1.144316,0.512025,-0.839116,0.373584
967,215.19,A,2,-6.01163,25.314419,-6.272542,25.350764,-0.025276,0.104962,-118.4329,-0.02915,-118.4473,-0.025777,-5.172754,24.804059,-118.4247,1.228178,0.981926,-1.099788,0.546705,-0.838876,0.51036
968,215.394,A,2,-6.885438,25.8273,-6.214632,25.341219,-0.025619,0.101903,-118.6033,-0.026121,-118.5755,-0.025318,-5.150771,24.71593,-118.5558,1.234013,2.060149,-1.063862,0.625289,-1.734667,1.11137
969,215.61,A,2,-6.994508,25.463697,-6.325506,25.425277,-0.027856,0.063871,-118.6916,-0.021667,-118.7054,-0.022826,-5.134412,24.619201,-118.6833,1.438215,2.042824,-1.191093,0.806076,-1.860095,0.844496
970,215.882,A,2,-6.609375,24.423546,-6.43681,25.43144,-0.014514,0.034618,-118.8685,-0.024771,-118.8618,-0.036798,-5.126705,24.519154,-118.8346,1.596446,1.485749,-1.310104,0.912286,-1.48267,-0.095608
971,216.1,A,2,-6.080959,25.072785,-6.463964,25.251776,0.021852,0.043043,-119.0504,-0.029737,-119.045,-0.034978,-5.127109,24.418891,-119.0146,1.575081,1.156463,-1.336855,0.832885,-0.95385,0.653894
972,216.319,A,2,-6.057388,24.429451,-6.393244,25.216068,0.018845,0.054147,-119.2464,-0.032769,-119.2343,-0.032047,-5.13164,24.317886,-119.2047,1.548669,0.932446,-1.261604,0.898182,-0.925747,0.111565
973,216.549,A,2,-6.7377,24.202417,-6.329869,25.07196,0.036168,0.073215,-119.4292,-0.031847,-119.4047,-0.030407,-5.135832,24.213315,-119.3795,1.470712,1.601905,-1.194037,0.858645,-1.601868,-0.010898
974,216.779,A,2,-6.271043,23.835689,-6.398065,24.91075,0.067332,0.068406,-119.5792,-0.027575,-119.5445,-0.028346,-5.13817,24.10226,-119.5239,1.496994,1.163813,-1.259895,0.80849,-1.132873,-0.266571
975,217,A,2,-6.401186,24.009145,-6.372983,24.710528,0.092633,0.084676,-119.7,-0.023006,-119.6673,-0.016505,-5.141784,23.983353,-119.6476,1.429907,1.259666,-1.231199,0.727175,-1.259402,0.025792
976,217.219,A,2,-6.617972,24.082691,-6.37538,24.573911,0.106369,0.087995,-119.8409,-0.024966,-119.8035,-0.027039,-5.152468,23.857114,-119.7796,1.417502,1.482764,-1.222913,0.716796,-1.465504,0.225577
977,217.466,A,2,-7.016913,23.929903,-6.416347,24.473414,0.11592,0.080581,-120.0065,-0.028208,-119.9751,-0.03246,-5.174394,23.724932,-119.9451,1.45006,1.853885,-1.241953,0.748482,-1.842519,0.204971
978,217.717,A,2,-6.154406,23.70571,-6.522148,24.363182,0.132566,0.063595,-120.1891,-0.030824,-120.177,-0.030703,-5.207088,23.587777,-120.1437,1.526642,0.954631,-1.31506,0.775406,-0.947319,0.117933
979,217.96,A,2,-6.386525,23.278482,-6.457865,24.232062,0.133928,0.080794,-120.3777,-0.032589,-120.3823,-0.034138,-5.245648,23.445751,-120.3504,1.444906,1.153074,-1.212216,0.78631,-1.140877,-0.167269
980,218.189,A,2,-6.41795,24.362789,-6.445039,24.047285,0.149714,0.0924,-120.5587,-0.031325,-120.566,-0.029142,-5.284278,23.298786,-120.5385,1.381165,1.554771,-1.160761,0.748499,-1.133671,1.064003
981,218.398,A,2,-6.678241,23.118709,-6.439888,24.086542,0.124953,0.078675,-120.7159,-0.028833,-120.7241,-0.022302,-5.320426,23.14764,-120.7,1.461072,1.358123,-1.119462,0.938902,-1.357815,-0.028931
982,218.645,A,2,-6.612955,23.258005,-6.482007,23.900096,0.147555,0.081225,-120.8711,-0.02703,-120.8738,-0.027072,-5.356191,22.994025,-120.8494,1.445139,1.284189,-1.125816,0.906071,-1.256764,0.26398
983,218.857,A,2,-7.049373,23.373543,-6.50594,23.769621,0.155824,0.081045,-121.0354,-0.028543,-121.0397,-0.03547,-5.396494,22.839487,-121.0113,1.447764,1.737017,-1.109446,0.930135,-1.65288,0.534056
984,219.062,A,2,-6.829504,22.469978,-6.603768,23.682269,0.163165,0.063575,-121.2221,-0.031085,-121.2349,-0.03032,-5.445395,22.683744,-121.2019,1.529341,1.40052,-1.158374,0.998525,-1.38411,-0.213766
985,219.27,A,2,-6.371668,21.811165,-6.646939,23.449912,0.189366,0.072768,-121.4256,-0.033237,-121.4479,-0.033434,-5.503107,22.524189,-121.4137,1.471501,1.123744,-1.143831,0.925724,-0.868561,-0.713023
986,219.542,A,2,-6.952434,22.925042,-6.601569,23.139027,0.216984,0.10467,-121.6311,-0.034393,-121.6513,-0.03045,-5.566211,22.357469,-121.6205,1.297228,1.497916,-1.035358,0.781558,-1.386223,0.567573
987,219.768,A,2,-6.861496,23.450131,-6.666429,23.077931,0.209303,0.087717,-121.7919,-0.029621,-121.8243,-0.023937,-5.630522,22.181934,-121.7988,1.36964,1.767376,-1.035907,0.895997,-1.230974,1.268196
988,219.998,A,2,-7.251885,21.537942,-6.704588,23.122664,0.181323,0.066285,-121.9388,-0.026398,-121.9691,-0.022322,-5.694204,21.999131,-121.9471,1.511027,1.62452,-1.010384,1.123534,-1.557681,-0.461189
989,220.208,A,2,-6.4821,22.424835,-6.805913,22.822432,0.223166,0.072819,-122.0703,-0.023596,-122.1057,-0.028649,-5.758715,21.813202,-122.0835,1.454361,0.947302,-1.047197,1.00923,-0.723384,0.611633
990,220.481,A,2,-7.034487,21.294869,-6.75377,22.729764,0.207866,0.083324,-122.2149,-0.024393,-122.2531,-0.021135,-5.841115,21.59182,-122.2594,1.458717,1.229763,-0.912655,1.137944,-1.193372,-0.296951
991,220.677,A,2,-7.398011,21.817839,-6.807708,22.453174,0.237406,0.093921,-122.3782,-0.027204,-122.416,-0.028443,-5.900054,21.446557,-122.3892,1.355402,1.543284,-0.907654,1.006617,-1.497957,0.371282
992,220.898,A,2,-6.769867,21.991964,-6.917446,22.315992,0.245377,0.078871,-122.5375,-0.027098,-122.5819,-0.029731,-5.976893,21.265765,-122.556,1.409828,1.075255,-0.940553,1.050226,-0.792974,0.726199
993,221.106,A,2,-7.12458,20.73822,-6.897516,22.234342,0.228915,0.082027,-122.6913,-0.02575,-122.7301,-0.021999,-6.054509,21.081748,-122.7084,1.427982,1.123861,-0.843006,1.152594,-1.070071,-0.343527
994,221.346,A,2,-7.240239,21.321915,-6.943258,21.945259,0.257099,0.095971,-122.7988,-0.020135,-122.8467,-0.012959,-6.146342,20.851422,-122.8507,1.35335,1.190787,-0.796916,1.093837,-1.093897,0.470493
995,221.567,A,2,-7.202545,21.159241,-7.001801,21.808532,0.257192,0.089714,-122.8944,-0.017448,-122.9353,-0.011357,-6.223226,20.650842,-122.9384,1.395144,1.10342,-0.778575,1.157691,-0.979319,0.5084
996,221.796,A,2,-6.549871,20.462311,-7.042409,21.672892,0.261421,0.089345,-122.9581,-0.014692,-123.0132,-0.011397,-6.287193,20.486562,-123.0007,1.406318,0.263795,-0.755216,1.186329,-0.262678,-0.024251
997,222.048,A,2,-7.520243,19.593736,-6.962235,21.427756,0.258709,0.117659,-123.0611,-0.014755,-123.0965,-0.020626,-6.372182,20.27969,-123.0826,1.290821,1.337377,-0.590054,1.148066,-1.148061,-0.685955
998,222.323,A,2,-7.885573,20.775955,-7.065727,21.074311,0.300595,0.125174,-123.1574,-0.015927,-123.1866,-0.025919,-6.480591,20.032548,-123.1902,1.194845,1.589538,-0.585136,1.041763,-1.404983,0.743407
999,222.545,A,2,-8.723432,19.713442,-7.215712,20.996593,0.302904,0.095975,-123.2345,-0.015701,-123.2723,-0.013393,-6.554003,19.868545,-123.2595,1.307804,2.174966,-0.661709,1.128049,-2.169429,-0.155103
1000,222.794,A,2,-8.074639,20.113058,-7.494189,20.733043,0.336707,0.064351,-123.3077,-0.009961,-123.3393,-0.00316,-6.643515,19.66278,-123.3303,1.367153,1.500288,-0.850673,1.070263,-1.431123,0.450278
1001,223.018,A,2,-8.010148,19.927369,-7.606839,20.599736,0.341737,0.053789,-123.3302,-0.006604,-123.3801,0.004539,-6.729115,19.454246,-123.3753,1.443103,1.365611,-0.877724,1.145489,-1.281034,0.473123
1002,223.234,A,2,-7.469661,18.932385,-7.694397,20.445349,0.330999,0.04866,-123.351,-0.002941,-123.3997,0.000214,-6.812847,19.241888,-123.3975,1.491794,0.726083,-0.88155,1.203461,-0.656815,-0.309503
1003,223.462,A,2,-7.829673,19.300229,-7.665573,20.153759,0.347384,0.082226,-123.3567,-0.001446,-123.4131,-0.001388,-6.89918,19.02591,-123.4107,1.363598,0.970086,-0.766393,1.127848,-0.930493,0.274318
1004,223.69,A,2,-7.687547,18.409601,-7.708322,19.964818,0.336491,0.084688,-123.3744,-0.001781,-123.4334,0.002746,-6.991879,18.80697,-123.4295,1.36158,0.801159,-0.716443,1.157847,-0.695667,-0.397369
1005,223.955,A,2,-8.375895,18.843074,-7.715653,19.656596,0.350723,0.107962,-123.3958,-0.002829,-123.4604,-0.01082,-7.091393,18.585198,-123.4561,1.239998,1.310132,-0.62426,1.071399,-1.284502,0.257876
1006,224.989,A,2,-8.258041,18.640439,-7.843055,19.477999,0.354679,0.093774,-123.4201,-0.002896,-123.481,0.002867,-7.194677,18.360069,-123.4788,1.292348,1.099705,-0.648378,1.117931,-1.063364,0.280371
1007,226.019,A,2,-8.500121,17.5522,-7.925697,19.302578,0.361362,0.090668,-123.4188,-0.000252,-123.4809,-0.001325,-7.297508,18.131227,-123.4826,1.329167,1.334747,-0.628189,1.171351,-1.202613,-0.579026
1008,227.081,A,2,-8.308683,17.990667,-8.042114,18.950623,0.384131,0.097682,-123.3822,0.005316,-123.4573,0.013962,-7.417155,17.852755,-123.456,1.263284,0.902132,-0.624959,1.097868,-0.891528,0.137912
1009,228.197,A,2,-8.790673,17.540754,-8.101553,18.745142,0.381866,0.099444,-123.3554,0.005004,-123.4202,0.008064,-7.495487,17.666137,-123.4264,1.237565,1.30124,-0.606065,1.079005,-1.295185,-0.125383
