sample,timestamp_s,lintasan,run_ke,gps_x,gps_y,ekf_x,ekf_y,ekf_vx,ekf_vy,ekf_yaw_deg,ekf_yaw_rate,imu_yaw_deg,imu_yaw_rate_rads,gt_x,gt_y,gt_yaw_deg,error_ekf_m,error_gps_m,error_ekf_x,error_ekf_y,error_gps_x,error_gps_y
1,0.000,A,4,3.900810,6.470006,4.568612,6.954600,0.000000,0.000000,-1.8823,-0.010000,-1.8756,-0.012628,4.911815,6.955587,-1.8756,0.343204,1.121570,-0.343202,-0.000988,-1.011005,-0.485581
2,0.209,A,4,5.054517,7.212659,3.997039,6.539842,-0.041178,-0.031964,-1.9600,-0.013109,-1.9663,-0.022579,5.133892,6.938268,-1.9663,1.204649,0.285641,-1.136853,-0.398425,-0.079375,0.274391
3,0.407,A,4,5.442136,6.370966,4.527305,6.876819,0.184354,0.122658,-2.0480,-0.014059,-2.0463,-0.009315,5.366893,6.921876,-2.0463,0.840796,0.556025,-0.839588,-0.045057,0.075243,-0.550910
4,0.639,A,4,5.136009,7.161570,4.915760,6.683936,0.447383,-0.032052,-2.0800,-0.006666,-2.0679,0.008358,5.610588,6.916494,-2.0679,0.732714,0.534123,-0.694828,-0.232558,-0.474579,0.245076
5,0.874,A,4,5.815760,8.185564,5.037166,6.853636,0.472818,0.134181,-2.0432,0.002610,-2.0224,0.012915,5.861292,6.926169,-2.0224,0.827312,1.260217,-0.824126,-0.072533,-0.045532,1.259394
6,1.101,A,4,6.003330,6.429551,5.335324,7.309464,0.675746,0.569069,-1.9875,0.008396,-1.9562,0.001806,6.112191,6.942678,-1.9562,0.859101,0.524547,-0.776867,0.366785,-0.108861,-0.513127
7,1.331,A,4,6.796210,6.977300,5.628011,7.081340,0.798805,0.250682,-1.9378,0.006354,-1.9287,-0.002508,6.359708,6.950709,-1.9287,0.743266,0.437312,-0.731696,0.130631,0.436503,0.026591
8,1.585,A,4,5.656656,7.247075,6.068439,7.070488,1.020918,0.210486,-1.9625,-0.002298,-1.9548,-0.002875,6.605000,6.944628,-1.9548,0.551124,0.995405,-0.536561,0.125860,-0.948344,0.302447
9,1.795,A,4,6.411360,7.308557,6.045645,7.139390,0.831830,0.225591,-2.0317,-0.010343,-2.0220,-0.008257,6.848731,6.927312,-2.0220,0.830616,0.580208,-0.803085,0.212077,-0.437371,0.381245
10,1.968,A,4,6.797318,7.105432,6.228771,7.205541,0.818112,0.237375,-2.1134,-0.013338,-2.0918,-0.005790,7.091700,6.909322,-2.0918,0.912356,0.353723,-0.862930,0.296219,-0.294382,0.196110
11,2.187,A,4,6.881130,7.712447,6.459404,7.198850,0.828205,0.202133,-2.1363,-0.005651,-2.1121,0.003342,7.338461,6.903440,-2.1121,0.927366,0.929325,-0.879057,0.295410,-0.457331,0.809007
12,2.411,A,4,7.254645,7.353328,6.646254,7.345180,0.801504,0.251952,-2.0988,0.003002,-2.0741,0.011397,7.593911,6.910530,-2.0741,1.042580,0.557827,-0.947657,0.434650,-0.339266,0.442798
13,2.647,A,4,7.536009,7.103557,6.877329,7.370233,0.792246,0.231069,-2.0250,0.009937,-2.0119,0.009957,7.859096,6.922574,-2.0119,1.079011,0.370324,-0.981767,0.447659,-0.323086,0.180983
14,2.867,A,4,6.520485,7.060635,7.100378,7.326395,0.780820,0.185330,-1.9758,0.008854,-1.9755,0.003094,8.131260,6.928240,-1.9755,1.105100,1.616207,-1.030882,0.398155,-1.610775,0.132395
15,3.066,A,4,7.614358,7.215746,7.033822,7.280167,0.672108,0.146791,-1.9726,0.003287,-1.9928,0.000518,8.405210,6.919734,-1.9928,1.417962,0.844434,-1.371388,0.360434,-0.790851,0.296013
16,3.246,A,4,8.010342,6.589335,7.232250,7.279783,0.636830,0.126568,-2.0219,-0.004890,-2.0381,-0.007415,8.678322,6.902521,-2.0381,1.494473,0.737755,-1.446072,0.377262,-0.667980,-0.313186
17,3.457,A,4,8.786253,6.720050,7.455534,7.146306,0.627473,0.071597,-2.0610,-0.005142,-2.0701,-0.006204,8.950311,6.887728,-2.0701,1.516978,0.234587,-1.494777,0.258578,-0.164058,-0.167678
18,3.691,A,4,8.928947,7.836559,7.785379,7.064750,0.645688,0.042609,-2.0634,-0.000905,-2.0602,-0.001849,9.219751,6.884307,-2.0602,1.445677,0.995666,-1.434372,0.180443,-0.290804,0.952252
19,3.902,A,4,9.036492,7.035936,8.073778,7.219370,0.643243,0.081894,-1.9975,0.008365,-2.0037,0.010765,9.486137,6.893704,-2.0037,1.449420,0.471604,-1.412359,0.325666,-0.449645,0.142232
20,4.108,A,4,8.882994,7.071661,8.322659,7.189517,0.629425,0.066640,-1.9327,0.010155,-1.9343,0.002250,9.753531,6.905600,-1.9343,1.458768,0.886235,-1.430872,0.283917,-0.870538,0.166061
21,4.327,A,4,9.165826,7.932798,8.490318,7.171378,0.595178,0.055677,-1.9023,0.006561,-1.8949,0.001147,10.026899,6.908884,-1.8949,1.558840,1.337851,-1.536580,0.262494,-0.861073,1.023914
22,4.581,A,4,9.440752,6.676053,8.674905,7.318261,0.566600,0.084921,-1.9185,-0.000791,-1.9051,-0.009195,10.308465,6.899213,-1.9051,1.686452,0.895950,-1.633561,0.419048,-0.867713,-0.223160
23,4.776,A,4,10.002971,7.287458,8.872262,7.204926,0.545433,0.050763,-1.9624,-0.005912,-1.9445,-0.009520,10.597805,6.880878,-1.9445,1.755707,0.720510,-1.725543,0.324049,-0.594834,0.406580
24,4.962,A,4,10.535198,7.252189,9.133512,7.223232,0.539023,0.050834,-1.9941,-0.005077,-1.9589,-0.003273,10.892259,6.866270,-1.9589,1.794607,0.525762,-1.758747,0.356962,-0.357061,0.385918
25,5.174,A,4,10.822924,7.000013,9.442226,7.231659,0.542794,0.049012,-1.9521,0.004100,-1.9192,0.015764,11.188767,6.863681,-1.9192,1.784885,0.390419,-1.746541,0.367978,-0.365843,0.136331
26,5.405,A,4,11.351200,7.477238,9.745914,7.192465,0.544534,0.037157,-1.8756,0.010508,-1.8377,0.011680,11.484145,6.871783,-1.8377,1.767564,0.619880,-1.738231,0.320682,-0.132945,0.605456
27,5.652,A,4,11.795947,6.699516,10.089193,7.245989,0.553088,0.046542,-1.7835,0.014333,-1.7480,0.012714,11.774621,6.882676,-1.7480,1.724142,0.184397,-1.685428,0.363313,0.021326,-0.183159
28,5.877,A,4,11.614331,7.710073,10.450601,7.150217,0.564902,0.023657,-1.7164,0.011461,-1.6903,0.007560,12.059399,6.885542,-1.6903,1.630424,0.936983,-1.608798,0.264675,-0.445068,0.824531
29,6.123,A,4,12.116674,7.343718,10.714315,7.251622,0.553294,0.043663,-1.6949,0.005011,-1.6798,-0.002210,12.343311,6.876739,-1.6798,1.671575,0.519069,-1.628995,0.374883,-0.226636,0.466978
30,6.338,A,4,11.990669,7.175919,11.019292,7.270770,0.551873,0.044536,-1.7110,-0.000509,-1.6919,0.009222,12.632387,6.862309,-1.6919,1.664006,0.714251,-1.613095,0.408461,-0.641718,0.313610
31,6.546,A,4,12.610608,8.057379,11.246484,7.256496,0.534667,0.037897,-1.6932,0.002384,-1.6799,0.011502,12.930252,6.851815,-1.6799,1.731717,1.247220,-1.683769,0.404681,-0.319644,1.205565
32,6.781,A,4,13.063935,7.641236,11.541947,7.401940,0.532302,0.065113,-1.6260,0.008851,-1.6092,0.017428,13.237337,6.852202,-1.6092,1.782291,0.807863,-1.695390,0.549738,-0.173401,0.789034
33,7.019,A,4,12.914698,7.562816,11.865171,7.449585,0.536411,0.069283,-1.5068,0.017200,-1.4955,0.023690,13.550942,6.860981,-1.4955,1.785576,0.947301,-1.685772,0.588604,-0.636245,0.701834
34,7.237,A,4,13.629736,7.650324,12.104252,7.475166,0.522946,0.067883,-1.3977,0.017922,-1.3850,0.017796,13.866782,6.869146,-1.3850,1.863805,0.816351,-1.762530,0.606019,-0.237045,0.781178
35,7.509,A,4,14.334841,6.889962,12.426763,7.511763,0.527929,0.069311,-1.3155,0.014587,-1.3058,0.023745,14.179925,6.868969,-1.3058,1.867287,0.156332,-1.753162,0.642794,0.154916,0.020993
36,7.726,A,4,12.982673,6.895438,12.817901,7.406792,0.547049,0.042002,-0.7590,0.079531,-0.6930,0.102663,14.476037,6.853996,-0.6930,1.747855,1.493939,-1.658136,0.552796,-1.493364,0.041443
37,7.907,A,4,13.919799,7.542815,12.899984,7.319001,0.500929,0.019578,-0.6110,0.032096,-0.6289,-0.067623,14.763660,6.839596,-0.6289,1.924348,1.098462,-1.863676,0.479405,-0.843861,0.703219
38,8.103,A,4,13.934749,7.820912,13.129830,7.360167,0.489539,0.026607,-0.6492,0.017034,-0.6378,0.103690,15.045107,6.831821,-0.6378,1.986816,1.487008,-1.915277,0.528346,-1.110358,0.989090
39,8.323,A,4,14.118334,7.088122,13.320218,7.444764,0.471310,0.041302,0.1193,0.097143,0.1254,0.074746,15.319296,6.828113,0.1254,2.092026,1.228787,-1.999079,0.616651,-1.200963,0.260009
40,8.541,A,4,14.905453,6.141262,13.509549,7.385502,0.455113,0.024877,0.4269,0.066295,0.4247,0.110420,15.604815,6.834814,0.4247,2.166424,0.984947,-2.095265,0.550687,-0.699362,-0.693552
41,8.752,A,4,15.573751,7.755044,13.800304,7.166849,0.462890,-0.022440,1.2315,0.118503,1.2430,0.084981,15.890506,6.834568,1.2430,2.116448,0.973452,-2.090202,0.332280,-0.316755,0.920476
42,8.975,A,4,15.914754,6.583733,14.160406,7.270719,0.482351,0.001243,1.8575,0.117762,1.8937,0.150955,16.180376,6.825687,1.8937,2.068412,0.359300,-2.019969,0.445031,-0.265622,-0.241954
43,9.146,A,4,16.440793,7.851309,14.519044,7.150551,0.499305,-0.023884,2.5703,0.121152,2.6254,0.144648,16.465756,6.806908,2.6254,1.976810,1.044699,-1.946712,0.343643,-0.024963,1.044401
44,9.349,A,4,16.679697,7.975937,14.908992,7.275753,0.521070,0.002908,3.4009,0.137290,3.4498,0.151388,16.740263,6.785275,3.4498,1.895818,1.192201,-1.831272,0.490478,-0.060567,1.190662
45,9.581,A,4,15.993110,7.217846,15.273945,7.404308,0.535543,0.026533,4.3436,0.157086,4.3813,0.176611,16.999929,6.769109,4.3813,1.839157,1.102293,-1.725984,0.635200,-1.006819,0.448738
46,9.825,A,4,16.841057,7.840768,15.453030,7.378138,0.509849,0.016385,5.3996,0.176572,5.4282,0.196282,17.246421,6.760527,5.4282,1.896759,1.153794,-1.793391,0.617611,-0.405364,1.080241
47,10.050,A,4,16.691576,6.420868,15.748517,7.467394,0.511756,0.029215,6.5489,0.192945,6.5679,0.200091,17.485738,6.754533,6.5679,1.877794,0.861410,-1.737222,0.712861,-0.794163,-0.333665
48,10.241,A,4,16.951756,7.208739,15.965069,7.290046,0.494340,-0.013415,7.4785,0.164295,7.3894,0.065568,17.729830,6.746178,7.3894,1.846665,0.905186,-1.764760,0.543868,-0.778073,0.462562
49,10.417,A,4,16.989374,6.269415,16.187923,7.280865,0.482187,-0.017756,8.2539,0.157394,8.2831,0.229987,17.984423,6.729653,8.2831,1.879161,1.096331,-1.796500,0.551212,-0.995049,-0.460238
50,10.647,A,4,17.944149,7.862157,16.376824,7.106657,0.461403,-0.055082,9.6872,0.218416,9.7130,0.182563,18.252306,6.706362,9.7130,1.917725,1.196170,-1.875482,0.400295,-0.308157,1.155795
51,10.880,A,4,17.613996,7.316866,16.700135,7.243805,0.476319,-0.028708,10.3312,0.136426,10.3293,0.117298,18.528904,6.692747,10.3293,1.909989,1.107511,-1.828768,0.551057,-0.914908,0.624119
52,11.112,A,4,17.786735,6.654772,16.908244,7.262957,0.463659,-0.027409,11.4397,0.185589,11.5014,0.222044,18.804640,6.682057,11.5014,1.983371,1.018271,-1.896396,0.580900,-1.017905,-0.027285
53,11.334,A,4,18.796604,7.572124,17.108877,7.161453,0.447475,-0.050978,12.3030,0.150454,12.3127,0.123881,19.072681,6.683645,12.3127,2.021095,0.930384,-1.963804,0.477808,-0.276076,0.888479
54,11.566,A,4,19.346020,7.118297,17.452116,7.239680,0.467039,-0.040957,13.3255,0.171692,13.3467,0.148582,19.332286,6.683942,13.3467,1.960582,0.434572,-1.880169,0.555738,0.013734,0.434355
55,11.815,A,4,19.224795,7.078567,17.833702,7.225270,0.488822,-0.053159,14.1529,0.156069,14.1631,0.133770,19.588393,6.681637,14.1631,1.836975,0.538290,-1.754692,0.543632,-0.363598,0.396929
56,12.021,A,4,19.519911,6.967202,18.128035,7.206242,0.490225,-0.062746,14.9156,0.139528,14.9247,0.131324,19.847528,6.672338,14.9247,1.800475,0.440770,-1.719493,0.533904,-0.327617,0.294864
57,12.205,A,4,19.666002,7.001937,18.422807,7.170536,0.490604,-0.075449,15.6294,0.127776,15.6332,0.119978,20.114894,6.660011,15.6332,1.767426,0.564284,-1.692087,0.510525,-0.448892,0.341925
58,12.429,A,4,19.933345,6.665838,18.691389,7.146743,0.485975,-0.083988,16.3231,0.122588,16.3178,0.124532,20.392623,6.653436,16.3178,1.771313,0.459446,-1.701234,0.493308,-0.459278,0.012402
59,12.651,A,4,19.824811,7.399314,18.959550,7.067027,0.478888,-0.103285,17.0218,0.122461,17.0136,0.126891,20.679251,6.658655,17.0136,1.767524,1.130771,-1.719701,0.408372,-0.854440,0.740658
60,12.855,A,4,20.817465,7.049046,19.160381,7.130562,0.466151,-0.089432,17.7430,0.124470,17.7172,0.124142,20.971137,6.674810,17.7172,1.867229,0.404558,-1.810756,0.455752,-0.153671,0.374235
61,13.092,A,4,20.474706,6.604287,19.500543,7.122061,0.478438,-0.099232,18.4301,0.120387,18.3991,0.109797,21.259473,6.693553,18.3991,1.810374,0.789828,-1.758930,0.428509,-0.784768,-0.089266
62,13.291,A,4,21.019047,7.421200,19.720608,7.035784,0.461258,-0.117295,19.0747,0.114420,19.0311,0.110951,21.534330,6.703733,19.0311,1.843867,0.883333,-1.813722,0.332051,-0.515283,0.717468
63,13.454,A,4,21.612265,6.769433,19.997207,7.108603,0.465905,-0.106027,19.6434,0.102185,19.6060,0.097650,21.797051,6.702935,19.6060,1.844994,0.196386,-1.799843,0.405668,-0.184785,0.066498
64,13.701,A,4,22.303692,7.169317,20.330302,7.054132,0.473265,-0.124849,20.1763,0.095266,20.1407,0.104335,22.051113,6.696041,20.1407,1.757675,0.536457,-1.720811,0.358091,0.252579,0.473276
65,13.923,A,4,22.279877,7.613239,20.728297,7.079548,0.496944,-0.130816,20.7035,0.092191,20.6653,0.087190,22.300054,6.690814,20.6653,1.619115,0.922646,-1.571757,0.388734,-0.020177,0.922425
66,14.108,A,4,22.500845,6.609046,21.053439,7.180083,0.508511,-0.117785,21.2386,0.093453,21.2065,0.096324,22.547498,6.693519,21.2065,1.571292,0.096500,-1.494060,0.486563,-0.046653,-0.084474
67,14.309,A,4,22.756422,6.557169,21.360826,7.086029,0.502323,-0.143130,21.8004,0.096921,21.7599,0.091452,22.796321,6.704152,21.7599,1.485422,0.152303,-1.435496,0.381876,-0.039899,-0.146984
68,14.571,A,4,22.649560,7.726635,21.659244,6.997446,0.495086,-0.164396,22.3395,0.094886,22.2962,0.093446,23.046990,6.717284,22.2962,1.415744,1.084777,-1.387746,0.280163,-0.397430,1.009351
69,14.785,A,4,22.765969,6.536166,21.885385,7.131025,0.490231,-0.136309,22.8650,0.092066,22.7904,0.078832,23.297307,6.726440,22.7904,1.468745,0.564380,-1.411922,0.404585,-0.531338,-0.190274
70,15.029,A,4,22.741938,7.368397,22.090676,7.031583,0.465208,-0.154648,23.2343,0.067477,23.1100,-0.014982,23.542043,6.729119,23.1100,1.482549,1.024131,-1.451367,0.302464,-0.800105,0.639278
71,15.249,A,4,23.995392,6.914961,22.253507,7.095334,0.446879,-0.137055,23.0757,0.006845,22.9536,0.040873,23.773344,6.727619,22.9536,1.563687,0.290521,-1.519836,0.367715,0.222049,0.187342
72,15.486,A,4,23.267015,7.529359,22.608184,7.068417,0.459986,-0.153367,23.6755,0.084756,23.6086,0.124254,24.000652,6.726035,23.6086,1.433943,1.087913,-1.392468,0.342382,-0.733638,0.803324
73,15.681,A,4,23.863753,6.706464,22.771796,7.154764,0.444153,-0.132215,23.8369,0.032064,23.6865,-0.083913,24.211989,6.730758,23.6865,1.501312,0.349083,-1.440193,0.424006,-0.348236,-0.024294
74,15.924,A,4,24.029715,7.062185,23.010374,7.080531,0.431704,-0.149665,23.7635,0.011448,23.6963,0.083806,24.416925,6.739915,23.6963,1.447206,0.503775,-1.406551,0.340615,-0.387210,0.322270
75,16.128,A,4,24.164958,7.118472,23.235562,7.080954,0.423937,-0.150242,23.8843,0.006771,23.7713,-0.066957,24.623435,6.750039,23.7713,1.426778,0.588170,-1.387873,0.330915,-0.458478,0.368433
76,16.290,A,4,24.665548,8.038240,23.444091,7.090808,0.414657,-0.147773,23.7026,-0.012319,23.6101,0.006806,24.833626,6.759594,23.6101,1.428464,1.289646,-1.389535,0.331214,-0.168077,1.278647
77,16.503,A,4,23.600497,6.557729,23.703690,7.262361,0.428965,-0.119571,23.4483,-0.037901,23.3116,-0.046363,25.048481,6.768474,23.3116,1.432615,1.463239,-1.344790,0.493887,-1.447984,-0.210745
78,16.763,A,4,25.141223,7.196695,23.727721,7.142632,0.374209,-0.129997,23.1000,-0.053975,22.9619,-0.068542,25.264686,6.778769,22.9619,1.579449,0.435781,-1.536966,0.363864,-0.123464,0.417926
79,17.013,A,4,24.866084,6.961790,24.017318,7.154660,0.385986,-0.135983,22.6621,-0.069380,22.5293,-0.075626,25.475359,6.793257,22.5293,1.502164,0.632154,-1.458041,0.361403,-0.609275,0.168533
80,17.235,A,4,26.177842,7.812850,24.207660,7.122335,0.374368,-0.141444,22.1757,-0.079336,22.0350,-0.090924,25.675914,6.812320,22.0350,1.500626,1.119371,-1.468254,0.310015,0.501928,1.000530
81,17.489,A,4,24.475355,7.302234,24.596862,7.245897,0.413781,-0.132765,21.6055,-0.092569,21.4714,-0.104054,25.866297,6.833321,21.4714,1.334797,1.467855,-1.269434,0.412575,-1.390942,0.468913
82,17.679,A,4,25.981404,8.257665,24.616914,7.258469,0.370762,-0.116422,20.9478,-0.107844,20.8252,-0.122458,26.049036,6.852416,20.8252,1.488574,1.406876,-1.432122,0.406052,-0.067632,1.405249
83,17.885,A,4,26.519827,7.629764,24.897269,7.438227,0.394562,-0.090619,20.1993,-0.123313,20.0887,-0.133271,26.227310,6.867295,20.0887,1.447402,0.816655,-1.330042,0.570932,0.292517,0.762469
84,18.138,A,4,25.297076,7.563849,25.224778,7.476755,0.413664,-0.097417,19.3924,-0.134586,19.2798,-0.149430,26.403428,6.880843,19.2798,1.320729,1.300197,-1.178650,0.595912,-1.106352,0.683006
85,18.363,A,4,25.957934,6.658349,25.278290,7.496320,0.377505,-0.086075,18.5203,-0.145835,18.4061,-0.143943,26.581642,6.897227,18.4061,1.434447,0.667888,-1.303352,0.599093,-0.623708,-0.238878
86,18.603,A,4,25.931526,7.844538,25.436159,7.350443,0.353441,-0.114850,17.6047,-0.154980,17.4893,-0.165934,26.761912,6.920676,17.4893,1.393672,1.242200,-1.325754,0.429767,-0.830386,0.923862
87,18.829,A,4,26.563018,7.521050,25.552951,7.437575,0.349440,-0.095105,16.8351,-0.162398,16.5353,-0.178419,26.942451,6.951630,16.5353,1.472023,0.684258,-1.389500,0.485945,-0.379433,0.569420
88,19.069,A,4,25.576359,7.158960,25.772795,7.452946,0.344736,-0.093436,15.6380,-0.169668,15.5308,-0.182752,27.120359,6.985969,15.5308,1.426183,1.553661,-1.347565,0.466977,-1.544000,0.172991
89,19.294,A,4,26.388916,7.007314,25.772085,7.400654,0.301499,-0.092261,14.5648,-0.181488,14.4593,-0.187034,27.293092,7.017999,14.4593,1.568402,0.904239,-1.521007,0.382654,-0.904176,-0.010686
90,19.531,A,4,27.427492,7.559331,25.912019,7.328921,0.289440,-0.103720,13.4024,-0.196504,13.3164,-0.200037,27.459166,7.045064,13.3164,1.572972,0.515241,-1.547148,0.283857,-0.031674,0.514266
91,19.801,A,4,27.134504,7.630109,26.211104,7.366001,0.316474,-0.101612,12.1838,-0.207303,12.1101,-0.211657,27.617805,7.068564,12.1101,1.437803,0.740887,-1.406702,0.297436,-0.483302,0.561545
92,20.015,A,4,27.715258,7.987232,26.407250,7.409318,0.320779,-0.091754,10.9405,-0.213240,10.8572,-0.223923,27.769766,7.093072,10.8572,1.398735,0.895820,-1.362515,0.316246,-0.054507,0.894160
93,20.240,A,4,27.684637,8.050651,26.672106,7.508659,0.340988,-0.074783,9.6613,-0.219076,9.5774,-0.224983,27.918534,7.123349,9.5774,1.304625,0.956345,-1.246428,0.385310,-0.233897,0.927302
94,20.434,A,4,27.190445,7.720214,26.885928,7.602876,0.348393,-0.057206,8.3434,-0.225974,8.2761,-0.233109,28.068617,7.160291,8.2761,1.262789,1.041489,-1.182689,0.442585,-0.878172,0.559923
95,20.659,A,4,27.700808,6.835794,26.974057,7.622742,0.326578,-0.049948,7.0162,-0.228636,6.9406,-0.230984,28.222754,7.200729,6.9406,1.318082,0.636872,-1.248697,0.422014,-0.521946,-0.364935
96,20.890,A,4,27.519346,6.719923,27.134824,7.481224,0.315367,-0.078163,5.6343,-0.237312,5.5517,-0.252918,28.380740,7.239909,5.5517,1.269071,1.006174,-1.245917,0.241314,-0.861394,-0.519986
97,21.104,A,4,28.729135,6.805594,27.233818,7.340792,0.293930,-0.100149,4.1594,-0.250022,4.1015,-0.254577,28.539351,7.275024,4.1015,1.307189,0.506342,-1.305533,0.065768,0.189783,-0.469430
98,21.342,A,4,28.815682,8.242145,27.528436,7.237175,0.316100,-0.117876,2.6550,-0.258018,2.6014,-0.264311,28.694298,7.307732,2.6014,1.167995,0.942264,-1.165862,-0.070557,0.121384,0.934413
99,21.546,A,4,28.480589,7.800085,27.788549,7.405236,0.336527,-0.076601,1.1199,-0.264536,1.0703,-0.269553,28.842508,7.342217,1.0703,1.055841,0.583634,-1.053958,0.063019,-0.361919,0.457868
100,21.803,A,4,28.718189,7.342245,27.944195,7.468118,0.330548,-0.057709,-0.4439,-0.269376,-0.4780,-0.271811,28.982887,7.381830,-0.4780,1.042270,0.267642,-1.038692,0.086288,-0.264698,-0.039585
101,21.970,A,4,28.217580,7.331641,28.113474,7.439286,0.326267,-0.058958,-2.0052,-0.270855,-2.0417,-0.274461,29.117013,7.426680,-2.0417,1.003618,0.904441,-1.003539,0.012606,-0.899433,-0.095040
102,22.178,A,4,29.314293,6.538430,28.163000,7.412981,0.298455,-0.057379,-3.5998,-0.275768,-3.6320,-0.284586,29.248958,7.473345,-3.6320,1.087635,0.937195,-1.085958,-0.060364,0.065335,-0.934915
103,22.406,A,4,29.195432,7.939705,28.395609,7.249321,0.310366,-0.084648,-5.2435,-0.283020,-5.2632,-0.295491,29.382859,7.517873,-5.2632,1.023124,0.461596,-0.987250,-0.268552,-0.187427,0.421832
104,22.627,A,4,28.935538,8.541226,28.567006,7.360747,0.309490,-0.051694,-6.5362,-0.231234,-6.4854,-0.173182,29.524657,7.555698,-6.4854,0.977293,1.148184,-0.957651,-0.194951,-0.589119,0.985528
105,22.835,A,4,28.685617,7.535735,28.661896,7.561941,0.292057,-0.003842,-8.0059,-0.259449,-8.0023,-0.349343,29.676757,7.591451,-8.0023,1.015290,0.992705,-1.014861,-0.029510,-0.991140,-0.055716
106,23.019,A,4,29.242804,8.801393,28.693765,7.552543,0.264898,-0.004374,-9.9009,-0.301145,-9.8759,-0.248043,29.838293,7.628226,-9.8759,1.147028,1.315648,-1.144528,-0.075682,-0.595489,1.173168
107,23.219,A,4,29.460664,7.454985,28.816880,7.769552,0.255793,0.042476,-10.9704,-0.216426,-10.9092,-0.217488,30.000721,7.662060,-10.9092,1.188711,0.578396,-1.183841,0.107492,-0.540057,-0.207074
108,23.393,A,4,29.878796,7.474917,28.956148,7.712375,0.255477,0.029470,-12.5446,-0.262700,-12.4969,-0.255729,30.164499,7.704195,-12.4969,1.208379,0.366325,-1.208351,0.008180,-0.285703,-0.229278
109,23.643,A,4,29.017423,8.542181,29.144711,7.667097,0.265040,0.022384,-13.6416,-0.205487,-13.5614,-0.205216,30.322555,7.741721,-13.5614,1.180206,1.531047,-1.177844,-0.074624,-1.305132,0.800459
110,23.878,A,4,29.621506,8.018949,29.147623,7.818605,0.230228,0.050737,-14.9920,-0.225452,-14.9065,-0.175329,30.479472,7.779258,-14.9065,1.332430,0.890819,-1.331849,0.039348,-0.857966,0.239692
111,24.127,A,4,29.987101,7.767832,29.254599,7.852917,0.223664,0.055988,-16.1143,-0.209097,-16.0465,-0.188071,30.637383,7.809689,-16.0465,1.383459,0.651628,-1.382784,0.043228,-0.650282,-0.041857
112,24.353,A,4,29.989599,8.808859,29.406988,7.836587,0.228689,0.052862,-17.2155,-0.197606,-17.1466,-0.193252,30.803124,7.835596,-17.1466,1.396136,1.268489,-1.396136,0.000991,-0.813525,0.973263
113,24.591,A,4,30.523768,8.037039,29.533411,8.007534,0.219469,0.086653,-18.2657,-0.186678,-18.1971,-0.180250,30.981261,7.859399,-18.1971,1.455408,0.490770,-1.447850,0.148135,-0.457492,0.177640
114,24.786,A,4,30.153846,7.671307,29.732245,8.013631,0.232813,0.088014,-19.2609,-0.176609,-19.1707,-0.159725,31.172401,7.882356,-19.1707,1.446126,1.040190,-1.440156,0.131275,-1.018554,-0.211049
115,25.004,A,4,31.155385,7.955755,29.826171,7.953299,0.233030,0.073082,-19.9940,-0.166037,-20.0812,-0.150564,31.372876,7.903759,-20.0812,1.547498,0.223620,-1.546705,0.049541,-0.217491,0.051996
116,25.232,A,4,31.349686,7.499655,30.089606,7.951957,0.252292,0.078265,-21.0426,-0.155888,-20.9528,-0.155673,31.576376,7.921647,-20.9528,1.487079,0.479026,-1.486770,0.030310,-0.226691,-0.421992
117,25.455,A,4,30.626168,7.679812,30.338971,7.869328,0.276363,0.068752,-21.9025,-0.151660,-21.8018,-0.143997,31.777070,7.934978,-21.8018,1.439597,1.178849,-1.438099,-0.065650,-1.150902,-0.255166
118,25.694,A,4,31.710097,8.098407,30.417098,7.831621,0.261815,0.058925,-22.7265,-0.146451,-22.6288,-0.135643,31.972623,7.944849,-22.6288,1.559641,0.304138,-1.555525,-0.113228,-0.262525,0.153558
119,25.922,A,4,31.643384,7.393692,30.672579,7.874151,0.277533,0.077854,-23.5155,-0.140133,-23.4221,-0.136412,32.165347,7.953723,-23.4221,1.494887,0.765559,-1.492768,-0.079572,-0.521963,-0.560031
120,26.147,A,4,30.837319,7.446151,30.872618,7.784534,0.289794,0.066265,-24.2483,-0.130650,-24.1645,-0.126136,32.355518,7.965418,-24.1645,1.493891,1.604545,-1.482900,-0.180884,-1.518198,-0.519267
121,26.346,A,4,31.397435,8.616011,30.888914,7.719962,0.270595,0.049015,-24.7993,-0.124499,-24.8462,-0.110686,32.543071,7.981393,-24.8462,1.674688,1.309665,-1.654156,-0.261431,-1.145636,0.634617
122,26.565,A,4,31.801780,8.115547,31.009058,7.871518,0.244391,0.080312,-25.5587,-0.113205,-25.4741,-0.109829,32.733027,7.997393,-25.4741,1.728558,0.938713,-1.723969,-0.125874,-0.931247,0.118154
123,26.775,A,4,32.421710,8.618339,31.174723,7.911531,0.243880,0.091832,-26.1523,-0.106441,-26.0679,-0.108380,32.927017,8.008628,-26.0679,1.754982,0.791886,-1.752294,-0.097097,-0.505307,0.609712
124,26.998,A,4,32.884656,7.087930,31.421688,8.034591,0.251510,0.124422,-26.7329,-0.103189,-26.6433,-0.108274,33.123277,8.013072,-26.6433,1.701725,0.955420,-1.701589,0.021519,-0.238621,-0.925141
125,27.180,A,4,33.182532,8.024079,31.708831,7.865571,0.289593,0.103042,-27.3016,-0.100557,-27.2039,-0.089482,33.327077,8.008551,-27.2039,1.624550,0.145377,-1.618246,-0.142981,-0.144545,0.015528
126,27.425,A,4,33.382718,9.048147,32.000374,7.889475,0.307631,0.120820,-27.8341,-0.095514,-27.7413,-0.094989,33.539498,7.997674,-27.7413,1.542923,1.062108,-1.539124,-0.108198,-0.156780,1.050473
127,27.668,A,4,33.055142,7.646992,32.278116,8.091825,0.305022,0.168582,-28.3490,-0.092023,-28.2482,-0.084463,33.753798,7.986902,-28.2482,1.479407,0.776955,-1.475681,0.104923,-0.698656,-0.339910
128,27.861,A,4,33.576720,7.288021,32.449819,8.012791,0.308025,0.150375,-28.8202,-0.085747,-28.7268,-0.073264,33.966112,7.978842,-28.7268,1.516674,0.793007,-1.516294,0.033949,-0.389392,-0.690822
129,28.100,A,4,32.627755,7.722273,32.683192,7.881940,0.326621,0.130921,-29.2693,-0.081125,-29.1843,-0.077622,34.176032,7.971858,-29.1843,1.495546,1.568264,-1.492840,-0.089919,-1.548277,-0.249585
130,28.322,A,4,33.784670,7.621773,32.706841,7.849063,0.296114,0.112293,-29.7180,-0.079329,-29.6301,-0.075515,34.385719,7.961930,-29.6301,1.682667,0.690627,-1.678877,-0.112867,-0.601049,-0.340157
131,28.581,A,4,33.308370,7.611866,32.928691,7.803646,0.305947,0.112472,-30.1710,-0.079342,-30.0714,-0.071765,34.600385,7.944296,-30.0714,1.677600,1.334096,-1.671693,-0.140649,-1.292015,-0.332430
132,28.811,A,4,33.901675,8.169289,33.027073,7.763953,0.291927,0.102095,-30.6063,-0.077544,-30.5036,-0.068268,34.827126,7.915908,-30.5036,1.806456,0.959512,-1.800054,-0.151955,-0.925452,0.253381
133,29.019,A,4,34.572507,8.607552,33.211911,7.830088,0.284486,0.120402,-31.0086,-0.072515,-30.9118,-0.069983,35.070635,7.876882,-30.9118,1.859312,0.884314,-1.858724,-0.046794,-0.498128,0.730670
134,29.233,A,4,34.588000,8.004230,33.483580,7.964084,0.286244,0.157473,-31.3743,-0.066946,-31.2862,-0.067189,35.330500,7.829573,-31.2862,1.851811,0.762765,-1.846920,0.134511,-0.742500,0.174657
135,29.462,A,4,35.092817,6.702505,33.711546,7.969645,0.292669,0.163464,-31.7188,-0.062280,-31.6320,-0.059420,35.601095,7.777111,-31.6320,1.899333,1.188749,-1.889549,0.192535,-0.508278,-1.074605
136,29.679,A,4,34.920990,7.759105,33.989445,7.742460,0.330774,0.133342,-32.0607,-0.060307,-31.9655,-0.062023,35.873836,7.721889,-31.9655,1.884503,0.953572,-1.884391,0.020571,-0.952845,0.037216
137,29.911,A,4,35.354619,6.503869,34.188978,7.739250,0.327666,0.138225,-32.3975,-0.059808,-32.2989,-0.061506,36.142587,7.664735,-32.2989,1.955030,1.403034,-1.953609,0.074515,-0.787968,-1.160866
138,30.139,A,4,35.485751,7.326189,34.430020,7.513524,0.355349,0.108409,-32.7286,-0.059264,-32.6339,-0.052801,36.406289,7.605682,-32.6339,1.978417,0.962033,-1.976269,-0.092158,-0.920538,-0.279493
139,30.402,A,4,36.354244,6.934668,34.652250,7.470316,0.357327,0.112119,-33.0585,-0.058790,-32.9648,-0.059162,36.667528,7.544793,-32.9648,2.016654,0.685856,-2.015278,-0.074477,-0.313284,-0.610125
140,30.636,A,4,35.606607,8.124047,34.989781,7.365055,0.385536,0.117309,-33.3721,-0.056411,-33.2777,-0.045812,36.929597,7.483006,-33.2777,1.943399,1.470114,-1.939816,-0.117951,-1.322990,0.641041
141,30.843,A,4,36.526299,7.564003,35.136857,7.489069,0.352780,0.141155,-33.6554,-0.052179,-33.5598,-0.045098,37.197434,7.419202,-33.5598,2.061761,0.686578,-2.060577,0.069866,-0.671135,0.144801
142,31.150,A,4,37.381603,7.326591,35.419919,7.494756,0.359803,0.156851,-33.9074,-0.047152,-33.8112,-0.040037,37.476072,7.349323,-33.8112,2.061290,0.097166,-2.056154,0.145434,-0.094469,-0.022732
143,31.412,A,4,37.043131,7.111161,35.806184,7.457857,0.388149,0.175096,-34.1287,-0.041725,-34.0445,-0.032966,37.765588,7.270530,-34.0445,1.968339,0.739826,-1.959405,0.187327,-0.722457,-0.159370
144,31.626,A,4,36.986568,6.933404,36.066675,7.389010,0.395177,0.172202,-34.3357,-0.038402,-34.2732,-0.045925,38.061815,7.182746,-34.2732,2.005774,1.103779,-1.995140,0.206264,-1.075247,-0.249343
145,31.805,A,4,37.658697,7.693287,36.271098,7.300217,0.394049,0.160207,-34.1921,0.019315,-34.0600,0.113801,38.349582,7.089238,-34.0600,2.089164,0.917713,-2.078483,0.210979,-0.690885,0.604049
146,32.062,A,4,38.048877,7.003353,36.549393,7.363059,0.398070,0.188201,-33.9948,0.026529,-33.9768,-0.049489,38.625314,7.002149,-33.9768,2.107061,0.576438,-2.075921,0.360910,-0.576437,0.001205
147,32.310,A,4,37.409586,6.447968,36.866129,7.291027,0.405149,0.186052,-34.4059,-0.034088,-34.3675,0.016252,38.894989,6.921451,-34.3675,2.062247,1.559041,-2.028860,0.369577,-1.485403,-0.473483
148,32.548,A,4,38.823627,6.353027,36.994888,7.136155,0.407979,0.156833,-34.0622,0.039677,-33.8595,0.069554,39.143583,6.848301,-33.8595,2.167892,0.589634,-2.148696,0.287855,-0.319956,-0.495274
149,32.800,A,4,39.299582,6.850706,37.367334,6.986026,0.431572,0.152211,-33.8899,0.016660,-33.8135,0.032780,39.393478,6.779433,-33.8135,2.036649,0.117882,-2.026143,0.206593,-0.093896,0.071273
150,33.018,A,4,38.332465,6.635648,37.744179,6.953389,0.459879,0.175988,-33.4860,0.064574,-33.2655,0.072530,39.635412,6.707687,-33.2655,1.907126,1.304937,-1.891233,0.245702,-1.302947,-0.072039
151,33.288,A,4,39.129215,5.848835,37.902081,6.885292,0.431081,0.158075,-32.9798,0.069997,-32.8704,0.099089,39.882052,6.628278,-32.8704,1.996583,1.083649,-1.979971,0.257014,-0.752838,-0.779443
152,33.516,A,4,39.912479,6.928073,38.154381,6.693921,0.456453,0.139119,-32.5248,0.085847,-32.2881,0.118860,40.129531,6.540676,-32.2881,1.981086,0.444058,-1.975150,0.153245,-0.217052,0.387397
153,33.714,A,4,39.512141,6.299763,38.518164,6.721952,0.452370,0.165216,-31.7387,0.107116,-31.6309,0.122371,40.378186,6.448652,-31.6309,1.879993,0.878751,-1.860022,0.273300,-0.866045,-0.148889
154,33.940,A,4,39.672118,5.885592,38.740483,6.637872,0.447346,0.156186,-30.9684,0.126190,-30.8720,0.139641,40.623761,6.358381,-30.8720,1.903904,1.062617,-1.883278,0.279491,-0.951643,-0.472789
155,34.205,A,4,40.435281,6.433437,38.951033,6.495185,0.447411,0.136472,-30.1184,0.141326,-30.0158,0.157882,40.861232,6.274391,-30.0158,1.922918,0.454675,-1.910199,0.220794,-0.425951,0.159046
156,34.441,A,4,40.226863,6.417971,39.259045,6.474559,0.451056,0.150033,-29.1689,0.158201,-29.0761,0.174021,41.087125,6.196962,-29.0761,1.849037,0.888198,-1.828080,0.277597,-0.860262,0.221008
157,34.685,A,4,40.423469,6.328848,39.476241,6.456508,0.438622,0.152178,-28.1456,0.172065,-28.0679,0.180005,41.300565,6.123391,-28.0679,1.854487,0.900839,-1.824323,0.333117,-0.877096,0.205457
158,34.926,A,4,40.242561,6.656405,39.688965,6.427372,0.428262,0.151143,-27.0698,0.182518,-27.0030,0.187781,41.504048,6.049655,-27.0030,1.853967,1.399820,-1.815082,0.377717,-1.261487,0.606750
159,35.114,A,4,41.034378,5.502392,39.830735,6.462840,0.400301,0.153805,-25.9538,0.190915,-25.8836,0.198918,41.703653,5.972341,-25.8836,1.936081,0.817791,-1.872918,0.490498,-0.669275,-0.469949
160,35.318,A,4,41.341770,5.664502,40.086262,6.289039,0.416768,0.129910,-24.7723,0.201413,-24.7005,0.227883,41.905893,5.890601,-24.7005,1.862743,0.607746,-1.819631,0.398438,-0.564123,-0.226098
161,35.557,A,4,41.525697,5.093408,40.351500,6.173197,0.427396,0.119000,-23.5047,0.214702,-23.4423,0.224753,42.114048,5.805884,-23.4423,1.800415,0.924001,-1.762548,0.367313,-0.588351,-0.712476
162,35.781,A,4,41.776308,5.922655,40.603034,5.975916,0.441927,0.092266,-22.1753,0.226749,-22.1065,0.239326,42.327027,5.720463,-22.1065,1.742815,0.586662,-1.723992,0.255453,-0.550719,0.202191
163,35.958,A,4,42.348116,6.293781,40.854574,5.959431,0.438383,0.100347,-20.7809,0.238060,-20.7030,0.253956,42.539477,5.636095,-20.7030,1.715647,0.684960,-1.684903,0.323337,-0.191361,0.657686
164,36.188,A,4,43.281301,4.904657,41.163125,6.013943,0.440077,0.124446,-19.3269,0.248674,-19.2483,0.253292,42.744500,5.553203,-19.2483,1.647127,0.841883,-1.581375,0.460740,0.536801,-0.648546
165,36.407,A,4,41.903526,5.783809,41.584269,5.815073,0.483958,0.106650,-17.8191,0.258275,-17.7538,0.262158,42.937704,5.471422,-17.7538,1.396382,1.080328,-1.353435,0.343652,-1.034178,0.312387
166,36.571,A,4,42.426357,5.416348,41.688533,5.805691,0.448546,0.099762,-16.2861,0.263924,-16.2230,0.270668,43.118591,5.390571,-16.2230,1.489090,0.692714,-1.430058,0.415120,-0.692234,0.025777
167,36.808,A,4,43.276740,4.394317,41.864137,5.734311,0.435369,0.086669,-14.7047,0.272507,-14.6529,0.278936,43.290377,5.310752,-14.6529,1.487805,0.916536,-1.426240,0.423559,-0.013637,-0.916435
168,37.010,A,4,43.159733,5.571621,42.158552,5.494399,0.457834,0.050057,-13.0939,0.277982,-13.0364,0.287932,43.459211,5.231649,-13.0364,1.326933,0.453065,-1.300659,0.262751,-0.299478,0.339972
169,37.287,A,4,42.897197,6.083989,42.384324,5.503524,0.447263,0.059226,-11.2873,0.287183,-11.3703,0.295534,43.631213,5.152128,-11.3703,1.295458,1.186231,-1.246889,0.351396,-0.734016,0.931860
170,37.560,A,4,43.161483,5.130509,42.515165,5.605015,0.416235,0.079417,-9.7061,0.294086,-9.6589,0.301556,43.809458,5.070873,-9.6589,1.400179,0.650713,-1.294293,0.534142,-0.647975,0.059636
171,37.808,A,4,43.241655,4.383653,42.670937,5.522250,0.403129,0.061452,-7.9540,0.301389,-7.9100,0.305689,43.993186,4.987269,-7.9100,1.426375,0.963925,-1.322249,0.534981,-0.751531,-0.603617
172,38.000,A,4,43.478289,5.691457,42.812035,5.321113,0.394010,0.020614,-6.1666,0.307925,-6.1282,0.318213,44.178122,4.901974,-6.1282,1.428940,1.055012,-1.366087,0.419139,-0.699834,0.789483
173,38.227,A,4,44.370372,5.333982,42.960448,5.385526,0.384515,0.037403,-4.7136,0.312497,-4.3142,0.307561,44.358346,4.816769,-4.3142,1.509173,0.517353,-1.397898,0.568756,0.012026,0.517213
174,38.439,A,4,44.052041,4.880784,43.245804,5.377778,0.398584,0.041178,-3.2071,0.265717,-2.9906,0.229484,44.536178,4.736193,-2.9906,1.441075,0.505268,-1.290375,0.641585,-0.484137,0.144591
175,38.666,A,4,44.299042,4.764345,43.433430,5.292389,0.384451,0.022925,-1.2411,0.297391,-1.1959,0.391454,44.708349,4.656360,-1.1959,1.424764,0.423312,-1.274919,0.636029,-0.409306,0.107986
176,38.865,A,4,44.379287,4.333909,43.624480,5.200958,0.380733,0.005702,0.7778,0.324136,0.7638,0.257553,44.877055,4.578556,0.7638,1.398689,0.554640,-1.252576,0.622402,-0.497769,-0.244647
177,39.153,A,4,44.007482,4.768884,43.795604,5.048401,0.374091,-0.023376,2.0195,0.248959,1.9729,0.264796,45.048494,4.505835,1.9729,1.365325,1.073732,-1.252890,0.542566,-1.041012,0.263049
178,39.382,A,4,44.361162,4.640285,43.869393,4.998342,0.346401,-0.030676,3.7924,0.293921,3.7602,0.268100,45.224904,4.425439,3.7602,1.471607,0.890062,-1.355510,0.572903,-0.863742,0.214846
179,39.545,A,4,45.079033,4.971346,43.991726,4.934298,0.331274,-0.039991,5.0489,0.230791,4.9411,0.233405,45.412351,4.349952,4.9411,1.536110,0.705146,-1.420625,0.584346,-0.333318,0.621394
180,39.748,A,4,44.686624,5.433775,44.215883,4.940665,0.339006,-0.034538,6.4673,0.245955,6.4020,0.195186,45.610624,4.273288,6.4020,1.546187,1.483411,-1.394741,0.667377,-0.924000,1.160488
181,39.958,A,4,45.769584,4.636585,44.332090,5.029112,0.323703,-0.013815,7.7323,0.231133,7.6805,0.227810,45.817800,4.203677,7.6805,1.699611,0.435585,-1.485709,0.825436,-0.048215,0.432908
182,40.171,A,4,44.656782,4.475178,44.611736,4.962523,0.350672,-0.029535,8.7294,0.222514,8.9192,0.209053,46.029247,4.139805,8.9192,1.638964,1.412846,-1.417511,0.822718,-1.372465,0.335372
183,40.373,A,4,45.243651,5.507716,44.658499,4.878873,0.310709,-0.043969,10.1893,0.214473,10.1175,0.210135,46.240700,4.079201,10.1175,1.772804,1.742057,-1.582201,0.799672,-0.997049,1.428515
184,40.590,A,4,45.568447,4.392535,44.792407,4.992189,0.303939,-0.019209,11.3276,0.202865,11.2528,0.192515,46.449820,4.018822,11.2528,1.922098,0.957329,-1.657413,0.973367,-0.881373,0.373713
185,40.849,A,4,45.802411,4.079957,44.959530,4.889974,0.299953,-0.042084,12.4112,0.192468,12.3223,0.175480,46.656865,3.956871,12.3223,1.936912,0.863274,-1.697336,0.933103,-0.854454,0.123086
186,41.077,A,4,46.365568,3.720242,45.138647,4.748649,0.297141,-0.071183,13.4166,0.180515,13.3307,0.173012,46.864519,3.894391,13.3307,1.925719,0.528470,-1.725873,0.854258,-0.498952,-0.174149
187,41.317,A,4,45.862603,5.184398,45.386484,4.566298,0.306310,-0.108051,14.3773,0.171489,14.2909,0.155231,47.076607,3.834684,14.2909,1.841677,1.815361,-1.690123,0.731615,-1.214003,1.349715
188,41.525,A,4,46.448221,4.034311,45.502080,4.673793,0.297803,-0.078834,15.2971,0.163709,15.2167,0.165872,47.296346,3.781022,15.2167,2.004103,0.885139,-1.794266,0.892771,-0.848125,0.253288
189,41.753,A,4,46.933483,3.566202,45.700162,4.560726,0.298054,-0.100690,16.1967,0.158940,16.1134,0.160657,47.525089,3.734475,16.1134,2.003260,0.615071,-1.824927,0.826251,-0.591605,-0.168273
190,41.978,A,4,47.289675,4.069991,45.950046,4.383005,0.305071,-0.135743,17.0635,0.153937,16.9751,0.147166,47.761848,3.693375,16.9751,1.938613,0.603976,-1.811803,0.689630,-0.472173,0.376616
191,42.189,A,4,47.264652,4.452830,46.220309,4.323951,0.320127,-0.145036,17.8771,0.145980,17.7926,0.136807,48.003625,3.654661,17.7926,1.904775,1.087730,-1.783316,0.669290,-0.738973,0.798170
192,42.394,A,4,47.779194,3.793684,46.439642,4.343472,0.327051,-0.136064,18.6462,0.137511,18.5630,0.131735,48.246507,3.616035,18.5630,1.947800,0.499940,-1.806865,0.727437,-0.467313,0.177649
193,42.618,A,4,47.737592,3.746032,46.712095,4.243770,0.336975,-0.155040,19.3670,0.129081,19.2912,0.121366,48.487288,3.577323,19.2912,1.896170,0.768444,-1.775193,0.666446,-0.749696,0.168708
194,42.845,A,4,48.069903,3.458375,46.930169,4.152268,0.335089,-0.167826,20.0577,0.122816,19.9862,0.124798,48.724895,3.540185,19.9862,1.896229,0.660081,-1.794726,0.612083,-0.654992,-0.081811
195,43.063,A,4,47.949713,3.752327,47.168904,4.025075,0.334834,-0.187824,20.7093,0.115867,20.6559,0.118977,48.960880,3.506686,20.6559,1.865450,1.040576,-1.791976,0.518388,-1.011167,0.245641
196,43.305,A,4,48.775705,4.642727,47.344395,3.971348,0.326463,-0.187866,21.3553,0.113670,21.3025,0.104351,49.198866,3.477970,21.3025,1.918980,1.239244,-1.854471,0.493378,-0.423162,1.164757
197,43.556,A,4,48.769765,3.813326,47.634777,4.085857,0.351893,-0.163456,21.9891,0.112344,21.9331,0.130527,49.442967,3.453718,21.9331,1.915503,0.763229,-1.808190,0.632139,-0.673202,0.359608
198,43.778,A,4,48.496951,3.888286,47.874058,4.036078,0.353489,-0.170713,23.1278,0.179012,23.1162,0.189423,49.687639,3.424342,23.1162,1.913974,1.277882,-1.813580,0.611737,-1.190688,0.463944
199,43.993,A,4,49.049088,4.629155,48.022620,4.008266,0.338809,-0.167118,23.7692,0.121009,23.6803,0.018786,49.937305,3.400574,23.6803,2.008807,1.516028,-1.914685,0.607692,-0.888217,1.228581
200,44.273,A,4,50.018771,3.580844,48.241438,4.117414,0.348956,-0.143430,24.2326,0.104783,24.1982,0.195362,50.185619,3.377733,24.1982,2.080136,0.262854,-1.944181,0.739681,-0.166848,0.203111
201,44.502,A,4,50.347582,4.951057,48.594096,4.023915,0.367928,-0.171485,25.4052,0.170100,25.3951,0.147907,50.426299,3.348442,25.3951,1.952750,1.604547,-1.832203,0.675473,-0.078717,1.602615
202,44.743,A,4,49.742164,3.764255,48.945009,4.189671,0.403968,-0.148335,26.0634,0.132015,26.0357,0.172321,50.665544,3.327140,26.0357,1.924630,1.021616,-1.720535,0.862531,-0.923380,0.437115
203,44.949,A,4,49.352412,3.439673,49.128051,4.118840,0.385529,-0.159604,27.2585,0.184639,27.2410,0.166131,50.894707,3.299241,27.2410,1.947515,1.548675,-1.766656,0.819598,-1.542295,0.140431
204,45.138,A,4,51.362009,4.218237,49.208067,4.001602,0.345846,-0.169987,28.2540,0.182756,28.2390,0.217006,51.120502,3.272097,28.2390,2.046847,0.976477,-1.912434,0.729506,0.241507,0.946140
205,45.356,A,4,49.925881,3.062690,49.628318,4.042347,0.386473,-0.179501,29.3815,0.190210,29.3577,0.196601,51.342963,3.240697,29.3577,1.892789,1.428218,-1.714645,0.801650,-1.417082,-0.178008
206,45.583,A,4,51.330211,4.234680,49.722314,3.871635,0.343505,-0.198797,30.5684,0.202239,30.5541,0.209815,51.564537,3.206691,30.5541,1.958555,1.054357,-1.842223,0.664944,-0.234326,1.027989
207,45.764,A,4,52.148392,4.710565,50.046464,3.937370,0.368246,-0.194350,31.8042,0.211969,31.7965,0.223292,51.786321,3.173268,31.7965,1.900252,1.579359,-1.739857,0.764102,0.362071,1.537297
208,46.010,A,4,50.791749,3.903341,50.460145,4.078737,0.413051,-0.186676,33.1153,0.223602,33.1057,0.243357,52.007742,3.142381,33.1057,1.808817,1.434469,-1.547598,0.936355,-1.215994,0.760960
209,46.242,A,4,51.268289,3.928524,50.562207,4.054739,0.380751,-0.180109,34.4989,0.235869,34.4819,0.253996,52.227636,3.114231,34.4819,1.912644,1.258340,-1.665429,0.940507,-0.959347,0.814293
210,46.479,A,4,51.950260,4.179985,50.719590,4.038038,0.371324,-0.183263,35.6562,0.246279,35.9156,0.257755,52.444973,3.086865,35.9156,1.970197,1.199855,-1.725383,0.951173,-0.494714,1.093120
211,46.737,A,4,51.888565,4.234425,50.983586,4.071779,0.369234,-0.181083,37.3945,0.248596,37.3316,0.197449,52.660092,3.058288,37.3316,1.959040,1.406610,-1.676506,1.013491,-0.771526,1.176137
212,46.973,A,4,52.208978,2.916855,51.183265,4.108866,0.364414,-0.176444,38.3323,0.190308,38.2607,0.224694,52.875328,3.033305,38.2607,2.004971,0.676449,-1.692063,1.075561,-0.666350,-0.116449
213,47.196,A,4,52.734924,3.851742,51.404004,3.906088,0.336008,-0.215885,39.9706,0.267161,39.9499,0.339018,53.094157,3.006851,39.9499,1.914483,0.918090,-1.690153,0.899237,-0.359233,0.844891
214,47.421,A,4,52.481177,2.416908,51.678812,3.902097,0.341813,-0.224517,41.3684,0.238060,41.2730,0.139844,53.311380,2.986568,41.2730,1.871757,1.006851,-1.632569,0.915529,-0.830203,-0.569660
215,47.670,A,4,52.424237,4.002037,51.860930,3.643806,0.300214,-0.263260,42.3436,0.200093,42.2782,0.253233,53.528570,2.972681,42.2782,1.797619,1.509678,-1.667640,0.671125,-1.104334,1.029356
216,47.912,A,4,52.906052,4.605770,51.999362,3.708927,0.295363,-0.240261,43.7916,0.230555,43.7036,0.168096,53.749360,2.960948,43.7036,1.903147,1.848407,-1.749998,0.747979,-0.843308,1.644822
217,48.170,A,4,53.569766,3.688577,52.196812,3.871872,0.312818,-0.212785,44.7224,0.188250,44.6496,0.235635,53.970503,2.958970,44.6496,1.994836,0.832415,-1.773691,0.912902,-0.400737,0.729606
218,48.431,A,4,53.666990,3.578951,52.476794,3.846623,0.316191,-0.229541,45.8492,0.186629,45.7415,0.160256,54.195773,2.961333,45.7415,1.933552,0.813058,-1.718978,0.885290,-0.528783,0.617618
219,48.668,A,4,53.017157,3.748364,52.725549,3.806049,0.311492,-0.243277,46.8741,0.179951,46.7634,0.167011,54.424141,2.969692,46.7634,1.893333,1.608084,-1.698592,0.836357,-1.406985,0.778672
220,48.895,A,4,53.967398,3.608921,52.814956,3.801963,0.287871,-0.228590,47.8259,0.169541,47.7152,0.161481,54.654707,2.983989,47.7152,2.013396,0.928942,-1.839751,0.817974,-0.687309,0.624932
221,49.123,A,4,53.605855,3.942143,53.054853,3.773890,0.285330,-0.240528,48.7325,0.161636,48.6180,0.156344,54.886248,3.003862,48.6180,1.986693,1.587381,-1.831395,0.770028,-1.280393,0.938281
222,49.387,A,4,54.159328,2.851125,53.188260,3.809523,0.276279,-0.227202,49.5946,0.153660,49.4787,0.145228,55.117705,3.028876,49.4787,2.081385,0.974721,-1.929444,0.780647,-0.958377,-0.177751
223,49.668,A,4,54.275826,3.927401,53.395075,3.645479,0.249147,-0.254649,50.4063,0.145242,50.2987,0.138723,55.348841,3.058627,50.2987,2.039999,1.380627,-1.953766,0.586852,-1.073015,0.868774
224,49.849,A,4,54.750852,4.542392,53.585807,3.698877,0.254348,-0.246528,51.1940,0.139589,51.0772,0.132586,55.580311,3.093003,51.0772,2.084498,1.669949,-1.994504,0.605874,-0.829459,1.449389
225,50.011,A,4,54.740520,4.701652,53.826658,3.853584,0.280735,-0.233710,51.9278,0.131645,51.8137,0.130228,55.813072,3.132287,51.8137,2.113317,1.900862,-1.986414,0.721297,-1.072552,1.569365
226,50.248,A,4,54.970454,4.975336,54.023386,4.012233,0.298572,-0.215968,52.6382,0.126541,52.5096,0.114534,56.047706,3.177064,52.5096,2.189835,2.096247,-2.024320,0.835169,-1.077252,1.798272
227,50.461,A,4,56.312738,3.805463,54.225488,4.194361,0.318566,-0.198818,53.7792,0.187895,53.7146,0.215944,56.282723,3.217557,53.7146,2.277359,0.588672,-2.057236,0.976804,0.030014,0.587906
228,50.699,A,4,55.407042,4.564853,54.630466,4.139217,0.325009,-0.246911,54.6030,0.146568,54.4731,0.048244,56.513575,3.262528,54.4731,2.077182,1.708937,-1.883109,0.876689,-1.106532,1.302325
229,50.936,A,4,55.903468,4.632220,54.805995,4.226832,0.323292,-0.235562,55.0564,0.109216,54.9611,0.172031,56.741540,3.311184,54.9611,2.141202,1.564449,-1.935545,0.915648,-0.838072,1.321036
230,51.168,A,4,56.580315,4.329767,55.037381,4.312172,0.328084,-0.235344,56.3237,0.187815,56.2469,0.170818,56.967632,3.350648,56.2469,2.156478,1.052943,-1.930251,0.961524,-0.387317,0.979119
231,51.360,A,4,56.484707,4.374859,55.348208,4.329435,0.330520,-0.256975,57.0145,0.137469,56.9336,0.152834,57.192398,3.399741,56.9336,2.065277,1.204857,-1.844191,0.929694,-0.707691,0.975118
232,51.596,A,4,56.389122,4.196783,55.588292,4.351393,0.324231,-0.264558,58.2431,0.196164,58.1941,0.194529,57.416156,3.441637,58.1941,2.041750,1.274773,-1.827864,0.909755,-1.027034,0.755146
233,51.796,A,4,56.601606,4.308411,55.768774,4.337394,0.305147,-0.266038,59.2049,0.178942,59.1672,0.240072,57.638523,3.487442,59.1672,2.053869,1.322568,-1.869749,0.849952,-1.036917,0.820969
234,52.041,A,4,57.255249,4.347476,55.953830,4.344913,0.291862,-0.265977,60.4218,0.199264,60.3712,0.198309,57.858961,3.529071,60.3712,2.072468,1.016984,-1.905131,0.815841,-0.603713,0.818405
235,52.264,A,4,56.897076,4.162305,56.221371,4.357820,0.289630,-0.279746,61.6516,0.210918,61.6032,0.222828,58.076281,3.569142,61.6032,2.015615,1.319988,-1.854910,0.788678,-1.179205,0.593163
236,52.511,A,4,56.486881,4.363390,56.370875,4.333013,0.274291,-0.282966,62.6748,0.218591,62.8932,0.231589,58.290103,3.607559,62.8932,2.051760,1.955221,-1.919227,0.725454,-1.803222,0.755831
237,52.723,A,4,57.620249,4.846745,56.432635,4.351408,0.245838,-0.253483,64.2801,0.230758,64.2411,0.242935,58.500960,3.644852,64.2411,2.185678,1.490033,-2.068325,0.706556,-0.880711,1.201893
238,52.968,A,4,57.916325,5.658461,56.677133,4.451424,0.258972,-0.257295,65.7300,0.239894,65.6413,0.248108,58.710056,3.681706,65.6413,2.173762,2.130158,-2.032923,0.769718,-0.793731,1.976756
239,53.193,A,4,58.027078,5.604461,56.921494,4.675448,0.300259,-0.256219,66.8243,0.246428,67.0879,0.251967,58.918527,3.718741,67.0879,2.214369,2.085814,-1.997034,0.956707,-0.891449,1.885720
240,53.399,A,4,58.534129,5.516535,57.149529,4.856803,0.320131,-0.251739,68.3082,0.255168,68.5781,0.264669,59.126717,3.756425,68.5781,2.262765,1.857188,-1.977188,1.100378,-0.592588,1.760110
241,53.591,A,4,58.901098,3.915608,57.434119,4.997569,0.327342,-0.257851,69.9861,0.237907,69.9034,0.159099,59.334316,3.798333,69.9034,2.246980,0.448811,-1.900197,1.199236,-0.433218,0.117275
242,53.818,A,4,58.459392,5.395272,57.729092,4.827052,0.282704,-0.297140,71.0681,0.212786,71.0051,0.268508,59.538950,3.846928,71.0051,2.058210,1.887541,-1.809858,0.980123,-1.079558,1.548343
243,54.079,A,4,57.936752,4.803847,57.886944,4.941490,0.290542,-0.290336,72.5399,0.284453,72.8666,0.291444,59.745158,3.900601,72.8666,2.129885,2.021431,-1.858214,1.040889,-1.808406,0.903246
244,54.273,A,4,58.875235,4.998364,57.935668,4.938350,0.253138,-0.260525,74.0788,0.218050,73.9765,0.140217,59.943636,3.961709,73.9765,2.232883,1.488669,-2.007968,0.976641,-1.068401,1.036655
245,54.476,A,4,59.152312,4.972122,58.133252,4.966133,0.242781,-0.266315,75.3592,0.233041,75.3122,0.309925,60.143338,4.023520,75.3122,2.220127,1.371852,-2.010086,0.942612,-0.991026,0.948602
246,54.692,A,4,59.087924,5.148144,58.344873,4.983959,0.231821,-0.275242,76.6880,0.219595,76.5655,0.125310,60.341330,4.088215,76.5655,2.188195,1.641486,-1.996456,0.895744,-1.253406,1.059929
247,54.881,A,4,59.349846,5.055910,58.507674,5.029173,0.223447,-0.272413,77.8209,0.214522,77.7329,0.239979,60.538221,4.157225,77.7329,2.209845,1.489923,-2.030547,0.871948,-1.188376,0.898685
248,55.091,A,4,59.182288,4.876574,58.681057,5.046733,0.215951,-0.280643,78.6811,0.194195,78.7931,0.197609,60.731884,4.233356,78.7931,2.206236,1.677789,-2.050828,0.813377,-1.549596,0.643218
249,55.293,A,4,59.890452,5.717342,58.805070,5.034156,0.189969,-0.267625,79.9781,0.187617,79.8700,0.191840,60.922823,4.315639,79.8700,2.236324,1.740851,-2.117753,0.718517,-1.032371,1.401703
250,55.559,A,4,59.779407,5.520902,59.026225,5.169638,0.205171,-0.273742,81.0155,0.182038,80.8969,0.182469,61.109443,4.397007,80.8969,2.221881,1.741303,-2.083218,0.772631,-1.330036,1.123895
251,55.731,A,4,60.069817,5.314629,59.189000,5.247862,0.203923,-0.271022,82.0058,0.175505,81.8724,0.168977,61.293025,4.478020,81.8724,2.240441,1.481942,-2.104025,0.769841,-1.223208,0.836608
252,55.976,A,4,61.031992,4.899317,59.374041,5.275920,0.193247,-0.275565,82.9216,0.164894,82.8012,0.161314,61.474707,4.559241,82.8012,2.219556,0.558255,-2.100666,0.716680,-0.442715,0.340077
253,56.210,A,4,61.046202,5.436137,59.697493,5.224706,0.172573,-0.310402,83.7986,0.156439,83.6852,0.151900,61.654501,4.640438,83.6852,2.042364,1.001581,-1.957008,0.584268,-0.608299,0.795699
254,56.376,A,4,60.464844,5.195557,59.968735,5.276098,0.171790,-0.327261,84.6364,0.149241,84.5305,0.131970,61.831371,4.720711,84.5305,1.943673,1.446677,-1.862636,0.555387,-1.366527,0.474845
255,56.590,A,4,60.130340,5.282826,60.089789,5.275549,0.155149,-0.313963,85.4363,0.142673,85.3436,0.143841,62.004345,4.802945,85.3436,1.972024,1.934472,-1.914556,0.472604,-1.874005,0.479880
256,56.816,A,4,61.354515,5.867789,60.128197,5.289464,0.140704,-0.285213,86.2069,0.136773,86.1279,0.140602,62.173230,4.893083,86.1279,2.083094,1.272929,-2.045033,0.396381,-0.818715,0.974707
257,57.073,A,4,61.496879,6.151286,60.374424,5.404454,0.153270,-0.299270,86.9662,0.133229,86.8806,0.131782,62.338451,4.988448,86.8806,2.007601,1.435422,-1.964027,0.416006,-0.841572,1.162838
258,57.271,A,4,62.025631,6.407208,60.603459,5.550923,0.169659,-0.308005,87.6915,0.128436,87.5965,0.120569,62.501162,5.086954,87.5965,1.953597,1.403283,-1.897703,0.463969,-0.475531,1.320255
259,57.457,A,4,61.130776,5.572708,60.886534,5.718827,0.188833,-0.326764,88.3715,0.121633,88.2736,0.119688,62.662204,5.188184,88.2736,1.853264,1.578966,-1.775670,0.530643,-1.531429,0.384524
260,57.708,A,4,62.315975,5.742864,60.961856,5.710244,0.166107,-0.304570,89.0251,0.116592,88.9143,0.112382,62.821482,5.293105,88.9143,1.905837,0.676624,-1.859626,0.417139,-0.505506,0.449759
261,57.932,A,4,61.457535,6.783440,61.232292,5.731875,0.154428,-0.324064,89.6423,0.110597,89.5247,0.105322,62.978086,5.403546,89.5247,1.776400,2.053335,-1.745794,0.328329,-1.520551,1.379894
262,58.145,A,4,62.087457,6.824567,61.303356,5.933800,0.177963,-0.299137,90.2359,0.106155,90.1114,0.098597,63.131003,5.521625,90.1114,1.873548,1.669326,-1.827647,0.412175,-1.043546,1.302943
263,58.368,A,4,61.813637,5.809274,61.471351,6.109767,0.194128,-0.297488,90.7955,0.100566,90.6772,0.097008,63.279928,5.648741,90.6772,1.866412,1.475052,-1.808577,0.461025,-1.466291,0.160533
264,58.587,A,4,62.430238,7.800805,61.560604,6.075491,0.164946,-0.281563,91.3238,0.095213,91.2198,0.091773,63.425465,5.784716,91.2198,1.887394,2.248353,-1.864861,0.290775,-0.995227,2.016089
265,58.773,A,4,62.379482,6.941186,61.741727,6.399235,0.211945,-0.284989,91.8240,0.089461,91.7345,0.083265,63.568643,5.927775,91.7345,1.886769,1.562404,-1.826916,0.471460,-1.189161,1.013411
266,58.971,A,4,62.994708,8.284075,61.881804,6.517088,0.211286,-0.280574,92.3096,0.086251,92.2193,0.080682,63.710084,6.075439,92.2193,1.880867,2.321602,-1.828280,0.441650,-0.715376,2.208637
267,59.113,A,4,62.612407,7.215599,62.105676,6.853173,0.254661,-0.294208,92.7659,0.081392,92.6766,0.081342,63.849479,6.225800,92.6766,1.853225,1.584313,-1.743803,0.627373,-1.237072,0.989799
268,59.295,A,4,61.635160,7.499583,62.222800,6.943619,0.243024,-0.284462,93.2012,0.077546,93.1115,0.073606,63.985938,6.378165,93.1115,1.851592,2.604561,-1.763138,0.565454,-2.350778,1.121418
269,59.557,A,4,63.000683,8.369091,62.144061,7.067396,0.240294,-0.236372,93.6110,0.073604,93.5767,0.069678,64.118790,6.533005,93.5279,2.045759,2.149738,-1.974729,0.534391,-1.118107,1.836085
270,59.766,A,4,62.461065,9.566822,62.312873,7.318004,0.268612,-0.251208,93.9237,0.070424,93.9264,0.069363,64.248106,6.691856,93.9264,2.034008,3.385106,-1.935233,0.626147,-1.787040,2.874966
271,59.963,A,4,63.521826,7.734212,62.364468,7.750087,0.319591,-0.231149,94.3819,0.067227,94.3046,0.058568,64.374585,6.856848,94.3046,2.199646,1.223505,-2.010117,0.893239,-0.852759,0.877364
272,60.177,A,4,63.626158,8.143937,62.590146,7.779740,0.286259,-0.250632,94.7220,0.061964,94.6596,0.062238,64.498932,7.029567,94.6596,2.050908,1.415470,-1.908786,0.750173,-0.872774,1.114370
273,60.389,A,4,64.068944,8.084708,62.791230,7.868140,0.275272,-0.270052,94.9985,0.061295,94.9911,0.060003,64.621321,7.210093,94.9911,1.944803,1.034443,-1.830091,0.658047,-0.552377,0.874615
274,60.587,A,4,63.337942,7.728937,63.046706,7.940762,0.248504,-0.286042,95.4019,0.057983,95.3037,0.058251,64.741564,7.394575,95.3037,1.780693,1.442898,-1.694858,0.546188,-1.403623,0.334363
275,60.799,A,4,63.136336,8.558455,63.122611,7.928370,0.216178,-0.268598,95.6955,0.055068,95.6069,0.053301,64.859993,7.572363,95.6069,1.773482,1.985793,-1.737382,0.356008,-1.723657,0.986093
276,60.976,A,4,63.941926,8.663280,63.148575,8.063708,0.218004,-0.245032,95.9868,0.052130,95.9044,0.053407,64.976167,7.742825,95.9044,1.855548,1.384518,-1.827593,0.320882,-1.034241,0.920454
277,61.198,A,4,63.469255,8.437250,63.306207,8.188811,0.220642,-0.256943,96.2147,0.051030,96.1959,0.048553,65.090178,7.907756,96.1959,1.805974,1.705214,-1.783971,0.281055,-1.620923,0.529494
278,61.413,A,4,64.404013,9.826787,63.360747,8.260411,0.203702,-0.234089,96.5392,0.048006,96.4781,0.051581,65.202693,8.069655,96.4781,1.851797,1.930130,-1.841946,0.190756,-0.798680,1.757132
279,61.616,A,4,64.501202,9.820368,63.566339,8.561257,0.236890,-0.254471,96.8180,0.048637,96.7478,0.052387,65.314313,8.230823,96.7478,1.778932,1.785442,-1.747974,0.330433,-0.813111,1.589545
280,61.820,A,4,64.390623,9.773611,63.754133,8.810916,0.256016,-0.268181,97.0760,0.046073,97.0049,0.054240,65.424972,8.392331,97.0049,1.722474,1.725634,-1.670839,0.418586,-1.034349,1.381280
281,62.004,A,4,64.193889,9.697867,63.889824,9.009903,0.263602,-0.268955,97.3390,0.046504,97.2530,0.046585,65.534046,8.553503,97.2530,1.706389,1.762268,-1.644221,0.456399,-1.340157,1.144363
282,62.207,A,4,64.454642,9.802905,63.966242,9.160811,0.261788,-0.256783,97.5921,0.045245,97.5080,0.067502,65.641101,8.712282,97.5080,1.733877,1.611565,-1.674859,0.448529,-1.186458,1.090623
283,62.447,A,4,64.184233,9.755442,64.074010,9.303493,0.257673,-0.252327,98.3747,0.115818,98.3433,0.131135,65.751442,8.863532,98.3433,1.734169,1.803232,-1.677432,0.439962,-1.567209,0.891910
284,62.664,A,4,65.299390,10.281377,64.113968,9.411999,0.248657,-0.234021,98.6697,0.060147,98.5822,-0.039141,65.855488,9.016424,98.5822,1.785881,1.381793,-1.741520,0.395575,-0.556098,1.264953
285,62.907,A,4,64.497778,9.822344,64.343549,9.593826,0.250470,-0.258072,98.8109,0.048011,98.7886,0.137787,65.958441,9.164515,98.7886,1.670983,1.601960,-1.614892,0.429311,-1.460663,0.657830
286,63.108,A,4,65.530822,10.715320,64.391515,9.662303,0.233854,-0.239906,99.6817,0.115928,99.6676,0.092400,66.067859,9.303169,99.6676,1.714382,1.510821,-1.676344,0.359134,-0.537037,1.412151
287,63.300,A,4,64.774124,10.402440,64.613122,9.875890,0.243309,-0.263008,100.0187,0.077154,99.9917,0.116972,66.171877,9.446135,99.9917,1.616912,1.693586,-1.558755,0.429755,-1.397753,0.956305
288,63.551,A,4,65.014567,10.510444,64.662286,9.997233,0.237910,-0.246314,100.8946,0.128396,100.8726,0.093873,66.280612,9.584251,100.8726,1.670190,1.568663,-1.618326,0.412982,-1.266045,0.926194
289,63.796,A,4,64.678489,9.901864,64.743945,10.115474,0.231390,-0.238143,100.9049,0.026102,100.8030,-0.116478,66.377920,9.727723,100.8030,1.679353,1.708330,-1.633975,0.387751,-1.699431,0.174141
290,64.049,A,4,65.790468,10.469884,64.750621,10.103603,0.201930,-0.211651,100.9827,0.032235,100.9662,0.073473,66.476134,9.867120,100.9662,1.741642,0.912941,-1.725512,0.236483,-0.685666,0.602764
291,64.296,A,4,64.968038,11.565475,64.951874,10.191898,0.189166,-0.230630,101.3689,0.055774,101.3436,0.051220,66.560857,10.007153,101.3436,1.619554,2.228326,-1.608983,0.184744,-1.592819,1.558321
292,64.528,A,4,65.322434,10.800217,64.972786,10.458645,0.219777,-0.217814,101.5715,0.039396,101.5457,0.019255,66.636304,10.142480,101.5457,1.693297,1.469310,-1.663518,0.316166,-1.313870,0.657737
293,64.721,A,4,66.203596,10.812395,65.051291,10.544343,0.208500,-0.211564,101.6039,0.013802,101.5594,-0.013646,66.707743,10.272525,101.5594,1.678607,0.738664,-1.656452,0.271818,-0.504147,0.539870
294,64.961,A,4,65.623741,11.501207,65.272336,10.615784,0.190205,-0.233978,101.4516,-0.016034,101.3897,-0.046152,66.776198,10.396956,101.3897,1.519699,1.596097,-1.503862,0.218828,-1.152457,1.104251
295,65.204,A,4,65.796380,11.116867,65.353361,10.795701,0.200951,-0.230063,101.1193,-0.046608,101.0595,-0.067953,66.838264,10.515672,101.0595,1.511077,1.202895,-1.484903,0.280028,-1.041884,0.601195
296,65.445,A,4,65.233797,11.406924,65.450294,10.875990,0.189976,-0.225911,100.6605,-0.071194,100.5988,-0.094118,66.888729,10.629210,100.5988,1.459451,1.828563,-1.438435,0.246780,-1.654932,0.777715
297,65.681,A,4,66.228927,11.545136,65.429843,10.992369,0.192073,-0.200187,100.1031,-0.089561,100.0278,-0.114449,66.924494,10.739090,100.0278,1.515958,1.064671,-1.494650,0.253279,-0.695567,0.806046
298,65.895,A,4,65.434354,12.292586,65.587880,11.112302,0.187815,-0.213108,99.8624,-0.044798,99.8551,0.070005,66.955398,10.852997,99.8551,1.391886,2.094276,-1.367519,0.259305,-1.521044,1.439589
299,66.125,A,4,65.977673,12.859488,65.577610,11.343790,0.212734,-0.195054,99.9942,-0.007895,99.9528,-0.070947,66.995240,10.958859,99.9528,1.468961,2.155884,-1.417630,0.384931,-1.017568,1.900629
300,66.415,A,4,65.735675,12.897289,65.664073,11.636803,0.243541,-0.200508,99.1500,-0.116148,99.0207,-0.247989,67.025235,11.071986,99.0207,1.473696,2.234882,-1.361161,0.564817,-1.289560,1.825303
301,66.607,A,4,66.153880,12.107674,65.692648,11.887108,0.264532,-0.191914,97.8143,-0.187717,97.7218,-0.141259,67.050341,11.177615,97.7218,1.531898,1.291763,-1.357694,0.709493,-0.896461,0.930060
302,66.815,A,4,66.164760,12.174969,65.789556,11.954006,0.244141,-0.191263,97.4768,-0.084468,97.4949,0.054034,67.084546,11.283541,97.4949,1.458260,1.280879,-1.294990,0.670465,-0.919787,0.891428
303,67.081,A,4,65.714101,13.444422,65.871418,12.019010,0.226387,-0.187565,97.5380,-0.027560,97.5332,-0.080595,67.118839,11.379983,97.5332,1.401576,2.497037,-1.247421,0.639027,-1.404738,2.064438
304,67.295,A,4,65.616099,12.970550,65.858706,12.296590,0.256453,-0.171856,97.0724,-0.061301,97.0649,-0.032287,67.142800,11.475601,97.0649,1.524113,2.136747,-1.284094,0.820990,-1.526701,1.494949
305,67.521,A,4,66.139961,12.502303,65.828992,12.443037,0.257217,-0.150249,96.7641,-0.056958,96.7519,-0.069387,67.168397,11.570213,96.7519,1.598695,1.387974,-1.339405,0.872824,-1.028436,0.932090
306,67.750,A,4,65.882742,13.097524,65.895974,12.479705,0.233044,-0.147253,96.0249,-0.110001,96.0031,-0.088792,67.193598,11.672242,96.0031,1.528340,1.936433,-1.297624,0.807463,-1.310856,1.425282
307,67.976,A,4,65.149138,12.998336,65.905357,12.613450,0.232872,-0.135606,95.9404,-0.031653,95.9998,0.078277,67.224031,11.781742,95.9998,1.559051,2.405262,-1.318674,0.831709,-2.074893,1.216595
308,68.172,A,4,66.052983,13.058479,65.781365,12.705651,0.227755,-0.097193,95.9819,-0.015644,95.9852,-0.086910,67.252458,11.896674,95.9852,1.678856,1.669890,-1.471093,0.808977,-1.199475,1.161806
309,68.410,A,4,66.350104,12.603328,65.837225,12.792041,0.217355,-0.099152,95.4164,-0.066804,95.4588,-0.012817,67.274010,12.017574,95.4588,1.632222,1.093942,-1.436785,0.774466,-0.923906,0.585753
310,68.631,A,4,66.365252,13.435589,65.935698,12.779201,0.187467,-0.107451,95.5308,-0.007212,95.5886,-0.014704,67.297098,12.140312,95.5886,1.503858,1.595644,-1.361401,0.638888,-0.931846,1.295277
311,68.830,A,4,65.762636,12.953619,66.020800,12.914881,0.191295,-0.115162,95.1880,-0.045665,95.2304,-0.024730,67.311864,12.265491,95.2304,1.445183,1.695179,-1.291065,0.649390,-1.549229,0.688128
312,69.024,A,4,66.360694,13.755736,65.984185,12.941110,0.175297,-0.094974,95.1697,-0.018719,95.2129,-0.062503,67.329408,12.392591,95.2129,1.452755,1.672295,-1.345223,0.548518,-0.968714,1.363145
313,69.245,A,4,66.335293,13.500981,66.058982,13.103620,0.186341,-0.102398,94.4326,-0.101289,94.4085,-0.118383,67.342827,12.514727,94.4085,1.412463,1.409901,-1.283844,0.588893,-1.007534,0.986254
314,69.463,A,4,65.731417,14.023225,66.116628,13.192924,0.181752,-0.103895,94.1819,-0.050276,94.2282,0.041012,67.355371,12.639856,94.2282,1.356602,2.133292,-1.238743,0.553068,-1.623954,1.383369
315,69.702,A,4,66.072395,14.604890,66.056665,13.358927,0.195456,-0.082807,94.5835,0.034213,94.6507,0.035312,67.368320,12.768164,94.6507,1.438554,2.247885,-1.311655,0.590763,-1.295924,1.836727
316,69.976,A,4,66.598170,13.805100,66.066006,13.600043,0.221495,-0.079394,94.3905,-0.023686,94.3898,-0.121482,67.381788,12.903949,94.3898,1.488566,1.194207,-1.315782,0.696093,-0.783618,0.901150
317,70.138,A,4,65.780221,14.830974,66.166973,13.658235,0.205946,-0.091576,93.4183,-0.128904,93.4026,-0.131428,67.394267,13.049635,93.4026,1.369907,2.403813,-1.227295,0.608600,-1.614046,1.781340
318,70.358,A,4,66.431847,14.076481,66.105845,13.887279,0.229569,-0.072288,93.1086,-0.065136,93.1720,0.038647,67.401630,13.195331,93.1720,1.468963,1.310308,-1.295785,0.691948,-0.969783,0.881150
319,70.596,A,4,66.379796,14.705465,66.169458,13.943378,0.213451,-0.077612,93.4704,0.024506,93.5646,0.031223,67.403745,13.341052,93.5646,1.373413,1.705900,-1.234288,0.602326,-1.023950,1.364413
320,70.816,A,4,66.189512,15.577556,66.213201,14.099919,0.219898,-0.079703,93.2282,-0.033641,93.2416,-0.136363,67.405116,13.488043,93.2416,1.339796,2.417386,-1.191916,0.611876,-1.215605,2.089512
321,71.023,A,4,66.914188,14.066050,66.215693,14.384416,0.252159,-0.074823,92.6271,-0.075342,92.6838,-0.029493,67.412970,13.637991,92.6838,1.410894,0.657281,-1.197277,0.746425,-0.498782,0.428060
322,71.259,A,4,66.267826,15.795443,66.345966,14.352266,0.214833,-0.092120,92.7766,-0.000636,92.8791,0.034951,67.425287,13.792009,92.8791,1.216068,2.313755,-1.079321,0.560256,-1.157461,2.003434
323,71.444,A,4,66.222009,15.166250,66.340013,14.630211,0.246480,-0.083555,92.5542,-0.039120,92.5969,-0.106425,67.434834,13.953747,92.5969,1.286948,1.714966,-1.094820,0.676464,-1.212824,1.212503
324,71.641,A,4,65.744943,14.136506,66.326098,14.749668,0.242398,-0.072360,92.2198,-0.042938,92.2963,0.030786,67.441318,14.125158,92.2963,1.278174,1.696413,-1.115220,0.624510,-1.696375,0.011348
325,71.830,A,4,66.672485,15.256297,66.228585,14.664105,0.198072,-0.043260,92.3069,-0.008173,92.3572,-0.048929,67.443464,14.307258,92.3572,1.266203,1.222736,-1.214879,0.356847,-0.770979,0.949039
326,72.038,A,4,67.248330,15.941862,66.311087,14.788705,0.199637,-0.056198,92.0431,-0.030281,92.1149,0.023528,67.440516,14.501303,92.1149,1.165423,1.453322,-1.129430,0.287402,-0.192187,1.440558
327,72.255,A,4,66.452121,15.488919,66.482681,15.013307,0.220525,-0.086584,91.9466,-0.027992,91.9884,-0.039193,67.440347,14.704993,91.9884,1.006072,1.261400,-0.957666,0.308314,-0.988225,0.783926
328,72.496,A,4,66.273860,15.436990,66.484860,15.119427,0.216567,-0.077914,91.8341,-0.023975,91.8626,-0.029923,67.444863,14.916207,91.8626,0.981277,1.281587,-0.960003,0.203220,-1.171004,0.520784
329,72.666,A,4,66.728886,15.700352,66.454164,15.197028,0.207548,-0.063277,91.6706,-0.027382,91.7023,-0.031651,67.452287,15.132701,91.7023,1.000194,0.919531,-0.998123,0.064327,-0.723401,0.567651
330,72.910,A,4,66.065048,17.379239,66.508608,15.306736,0.205409,-0.067824,91.5146,-0.027333,91.5383,-0.022629,67.458885,15.353368,91.5383,0.951421,2.459051,-0.950277,-0.046632,-1.393837,2.025870
331,73.131,A,4,66.591080,17.975195,66.435740,15.695573,0.261130,-0.047969,91.3740,-0.025956,91.3916,-0.024889,67.461355,15.578838,91.3916,1.032237,2.549491,-1.025615,0.116736,-0.870275,2.396357
332,73.351,A,4,66.241065,17.114434,66.467507,16.126540,0.318245,-0.051714,91.2367,-0.024525,91.2636,-0.017465,67.459490,15.811038,91.2636,1.040947,1.784208,-0.991983,0.315502,-1.218424,1.303396
333,73.545,A,4,66.732819,17.340387,66.431564,16.333071,0.323634,-0.039655,91.1126,-0.023082,91.1408,-0.027981,67.456375,16.052177,91.1408,1.062610,1.477504,-1.024811,0.280894,-0.723556,1.288210
334,73.726,A,4,66.602600,17.858161,66.488468,16.543580,0.328656,-0.047764,90.9686,-0.024695,91.0046,-0.027383,67.455927,16.303712,91.0046,0.996751,1.773267,-0.967459,0.239868,-0.853327,1.554448
335,73.887,A,4,66.632901,17.336861,66.512928,16.809293,0.344491,-0.048521,90.8163,-0.026552,90.8483,-0.022762,67.459696,16.565663,90.8483,0.977612,1.130635,-0.946768,0.243630,-0.826795,0.771197
336,74.082,A,4,65.869824,18.163204,66.538534,16.936388,0.330358,-0.048637,90.6541,-0.028393,90.6825,-0.027840,67.465715,16.836533,90.6825,0.932542,2.075313,-0.927181,0.099855,-1.595891,1.326671
337,74.311,A,4,66.336985,18.194080,66.423885,17.186589,0.343455,-0.020712,90.4929,-0.028315,90.5256,-0.018160,67.470245,17.113899,90.5256,1.048881,1.565588,-1.046360,0.072690,-1.133259,1.080180
338,74.528,A,4,67.159688,18.303904,66.410184,17.398946,0.346936,-0.016237,90.3568,-0.025144,90.3884,-0.020392,67.470791,17.395505,90.3884,1.060613,0.960195,-1.060607,0.003441,-0.311103,0.908399
339,74.716,A,4,66.613132,19.585695,66.544174,17.586282,0.352970,-0.043146,90.2662,-0.022145,90.2673,-0.021768,67.468044,17.680306,90.2673,0.928642,2.088392,-0.923870,-0.094025,-0.854912,1.905389
340,74.914,A,4,66.920906,19.029514,66.561108,17.981381,0.386082,-0.041657,90.1263,-0.020943,90.1482,-0.030025,67.465213,17.968769,90.1482,0.904193,1.192246,-0.904105,0.012613,-0.544307,1.060745
341,75.140,A,4,67.204360,20.168770,66.629109,18.204921,0.386614,-0.051014,89.9855,-0.024178,90.0174,-0.026229,67.465472,18.262418,90.0174,0.838338,1.924151,-0.836364,-0.057496,-0.261112,1.906352
342,75.353,A,4,66.312346,20.351941,66.736465,18.591420,0.420134,-0.067439,89.8429,-0.024870,89.8723,-0.023461,67.469466,18.563167,89.8723,0.733546,2.130408,-0.733002,0.028253,-1.157120,1.788774
343,75.534,A,4,66.039431,20.449971,66.667686,18.945014,0.443412,-0.046015,89.7129,-0.023597,89.7260,-0.024015,67.474759,18.872554,89.7260,0.810319,2.132701,-0.807073,0.072460,-1.435329,1.577417
344,75.737,A,4,66.257922,19.770338,66.560617,19.255401,0.455251,-0.019082,89.5834,-0.022998,89.5967,-0.020889,67.477854,19.190974,89.5967,0.919497,1.350517,-0.917237,0.064427,-1.219932,0.579364
345,75.980,A,4,65.989331,20.773165,66.508946,19.390770,0.430132,-0.006328,89.4710,-0.020922,89.4937,-0.023706,67.477038,19.515304,89.4937,0.976070,1.948201,-0.968093,-0.124534,-1.487707,1.257861
346,76.201,A,4,66.136916,21.005354,66.417519,19.678123,0.438761,0.013129,89.3828,-0.017056,89.4109,-0.009504,67.473660,19.839884,89.4109,1.068458,1.773473,-1.056142,-0.161761,-1.336744,1.165471
347,76.412,A,4,66.002588,21.281735,66.366816,19.956588,0.444568,0.022180,89.3113,-0.014388,89.3329,-0.018120,67.470878,20.163604,89.3329,1.123303,1.845560,-1.104062,-0.207016,-1.468290,1.118131
348,76.650,A,4,66.534377,21.494967,66.300423,20.235198,0.449690,0.033475,89.2307,-0.014596,89.2484,-0.019065,67.471160,20.486543,89.2484,1.197413,1.376401,-1.170736,-0.251345,-0.936783,1.008423
349,76.896,A,4,66.975221,22.233139,66.339562,20.502671,0.452099,0.022125,88.9967,-0.039142,88.9814,-0.117962,67.472323,20.808459,88.9814,1.173309,1.508915,-1.132761,-0.305787,-0.497102,1.424680
350,77.115,A,4,66.481505,22.761829,66.451772,20.854128,0.471458,-0.002419,88.3543,-0.082473,88.3574,-0.028367,67.472113,21.120466,88.3574,1.054529,1.917128,-1.020342,-0.266337,-0.990609,1.641363
351,77.341,A,4,67.213448,23.164765,66.458489,21.238970,0.495177,-0.002372,88.5016,-0.000685,88.5625,0.027449,67.472624,21.434439,88.5625,1.032801,1.749629,-1.014135,-0.195469,-0.259175,1.730326
352,77.525,A,4,66.464648,23.112181,66.594635,21.629269,0.517709,-0.028311,88.1247,-0.059450,88.0899,-0.158701,67.464110,21.741778,88.0899,0.876724,1.696151,-0.869475,-0.112509,-0.999462,1.370403
353,77.662,A,4,66.927959,23.836427,66.576177,21.942843,0.521517,-0.019844,87.6626,-0.063509,87.6819,0.012536,67.451816,22.049958,87.6819,0.882167,1.861693,-0.875639,-0.107114,-0.523857,1.786470
354,77.837,A,4,65.645925,23.192285,66.642549,22.329993,0.540205,-0.029013,87.9427,0.015649,87.9740,-0.000146,67.442757,22.361293,87.9740,0.800820,1.979685,-0.800208,-0.031299,-1.796832,0.830993
355,77.967,A,4,66.423883,24.397119,66.470094,22.535326,0.518484,0.010649,87.5316,-0.057344,87.4785,-0.166230,67.437580,22.675934,87.4785,0.977650,1.997514,-0.967486,-0.140607,-1.013697,1.721185
356,78.143,A,4,66.429746,24.010503,66.463682,22.916547,0.535909,0.013334,86.6039,-0.124343,86.5568,-0.091760,67.434879,22.988499,86.5568,0.973859,1.433452,-0.971198,-0.071952,-1.005133,1.022005
357,78.382,A,4,65.881030,23.938188,66.459370,23.162760,0.523914,0.014700,86.5369,-0.033569,86.5800,0.063650,67.433047,23.296433,86.5800,0.982809,1.679466,-0.973676,-0.133673,-1.552016,0.641755
358,78.591,A,4,66.308379,24.646309,66.358076,23.351204,0.500726,0.035355,86.4317,-0.033137,86.4243,-0.110659,67.422982,23.598294,86.4243,1.093196,1.529926,-1.064906,-0.247091,-1.114602,1.048015
359,78.809,A,4,65.880503,24.476596,66.349311,23.630016,0.499319,0.035920,85.7753,-0.087542,85.7767,-0.061138,67.406388,23.899425,85.7767,1.090868,1.631396,-1.057077,-0.269409,-1.525885,0.577172
360,78.993,A,4,66.253493,25.757158,66.265917,23.828848,0.481037,0.050991,85.7195,-0.029205,85.7433,0.004488,67.394418,24.199086,85.7433,1.187683,1.931139,-1.128501,-0.370239,-1.140926,1.558072
361,79.193,A,4,66.013764,26.618290,66.262475,24.218551,0.504415,0.050540,85.5163,-0.035943,85.5125,-0.037419,67.384932,24.502264,85.5125,1.157758,2.521442,-1.122457,-0.283714,-1.371169,2.116026
362,79.420,A,4,66.491781,26.111888,66.217537,24.694427,0.542023,0.060049,85.1031,-0.060564,85.0972,-0.027764,67.379936,24.812185,85.0972,1.168348,1.574181,-1.162399,-0.117758,-0.888154,1.299703
363,79.645,A,4,65.966199,26.635092,66.265116,24.999096,0.541769,0.047821,84.9945,-0.032191,84.9852,-0.046651,67.379552,25.127938,84.9852,1.121860,2.066175,-1.114436,-0.128843,-1.413353,1.507154
364,79.856,A,4,65.411546,27.063840,66.212161,25.342582,0.547972,0.058256,84.6642,-0.048747,84.6637,-0.028334,67.374229,25.449168,84.6637,1.166946,2.541514,-1.162068,-0.106586,-1.962683,1.614672
365,80.089,A,4,65.628177,27.746133,66.068945,25.704351,0.555201,0.086292,84.4980,-0.037441,84.5118,-0.055255,67.365368,25.771229,84.5118,1.298146,2.630224,-1.296422,-0.066878,-1.737191,1.974904
366,80.259,A,4,65.636640,27.295032,65.987559,26.119839,0.574906,0.100082,84.3504,-0.030367,84.3633,-0.014031,67.353322,26.091225,84.3633,1.366063,2.096700,-1.365763,0.028614,-1.716682,1.203807
367,80.443,A,4,65.826982,27.148305,65.921088,26.384905,0.560852,0.106678,84.2048,-0.027353,84.2126,-0.032288,67.342463,26.407422,84.2126,1.421553,1.686887,-1.421375,-0.022517,-1.515481,0.740883
368,80.643,A,4,65.615441,27.436984,65.899684,26.575412,0.534124,0.102252,84.0483,-0.027315,84.0550,-0.028259,67.336155,26.720227,84.0550,1.443753,1.864027,-1.436472,-0.144815,-1.720714,0.716757
369,80.859,A,4,65.963841,28.187265,65.844743,26.780818,0.512859,0.105516,83.8990,-0.026414,83.8923,-0.024102,67.334251,27.032272,83.8923,1.510584,1.792214,-1.489508,-0.251455,-1.370409,1.154993
370,81.047,A,4,65.963720,29.343803,65.861217,27.081195,0.514600,0.095933,83.7497,-0.026374,83.7412,-0.025078,67.333416,27.347477,83.7412,1.496088,2.421030,-1.472200,-0.266282,-1.369697,1.996326
371,81.300,A,4,66.660069,28.916275,65.875821,27.534036,0.546934,0.091068,83.6259,-0.022429,83.6200,-0.021721,67.330094,27.668979,83.6200,1.460521,1.415868,-1.454274,-0.134943,-0.670026,1.247296
372,81.545,A,4,65.687494,29.348323,66.012580,27.822036,0.558149,0.060369,83.5462,-0.018546,83.5321,-0.009751,67.323445,27.997422,83.5321,1.322546,2.121619,-1.310865,-0.175386,-1.635951,1.350901
373,81.742,A,4,65.940302,28.625500,65.955051,28.155674,0.548167,0.071038,83.4615,-0.013131,83.4622,-0.018740,67.315928,28.330649,83.4622,1.372080,1.406871,-1.360877,-0.174975,-1.375627,0.294851
374,81.950,A,4,65.630832,30.098916,65.951823,28.281835,0.522761,0.067902,83.4214,-0.009749,83.4778,0.064875,67.312258,28.663763,83.4778,1.413030,2.210624,-1.360435,-0.381928,-1.681426,1.435153
375,82.157,A,4,66.361093,30.662918,65.893371,28.663342,0.527852,0.079105,83.9841,0.061369,84.0037,0.030422,67.315668,28.980822,84.0037,1.457300,1.934078,-1.422297,-0.317480,-0.954575,1.682096
376,82.385,A,4,66.401321,31.014032,65.974533,29.070201,0.550508,0.062561,83.7640,-0.018493,83.7312,-0.082967,67.319063,29.295962,83.7312,1.363353,1.947823,-1.344531,-0.225760,-0.917743,1.718070
377,82.590,A,4,66.021109,31.251721,66.050171,29.469182,0.568927,0.048823,83.8462,0.017299,83.8936,0.074552,67.323845,29.596600,83.8936,1.280032,2.106311,-1.273674,-0.127418,-1.302736,1.655120
378,82.813,A,4,66.523388,31.380915,66.046180,29.841133,0.578092,0.052127,83.8492,-0.004820,83.8491,-0.024550,67.325349,29.899230,83.8491,1.280489,1.684794,-1.279170,-0.058096,-0.801961,1.481685
379,83.075,A,4,65.932194,31.685726,66.131821,30.170855,0.579684,0.035982,84.1794,0.050543,84.2506,0.149244,67.327171,30.207432,84.2506,1.195910,2.032563,-1.195350,-0.036577,-1.394977,1.478294
380,83.292,A,4,66.575354,30.778925,66.098234,30.496163,0.577638,0.045552,84.5391,0.046179,84.5523,-0.031097,67.326943,30.523798,84.5523,1.229020,0.793710,-1.228709,-0.027635,-0.751589,0.255127
381,83.492,A,4,66.414499,32.440925,66.183960,30.602167,0.534109,0.025095,84.8294,0.058632,84.8687,0.090941,67.331851,30.845223,84.8687,1.173341,1.840598,-1.147890,-0.243056,-0.917351,1.595702
382,83.729,A,4,66.347072,33.414345,66.227078,30.980739,0.549784,0.021167,85.0288,0.039923,85.0482,0.063965,67.341335,31.167807,85.0482,1.129852,2.456724,-1.114258,-0.187067,-0.994264,2.246538
383,83.978,A,4,66.363823,32.375310,66.250744,31.466673,0.584977,0.023491,85.2826,0.041277,85.2842,0.032860,67.355047,31.486968,85.2842,1.104490,1.331044,-1.104304,-0.020296,-0.991225,0.888342
384,84.236,A,4,66.357557,32.267890,66.273119,31.684654,0.561881,0.020286,85.4995,0.039546,85.4987,0.038293,67.366965,31.801565,85.4987,1.100076,1.111919,-1.093846,-0.116911,-1.009408,0.466326
385,84.473,A,4,66.178116,33.184475,66.290333,31.842536,0.529181,0.017224,85.7186,0.038711,85.7248,0.039671,67.374242,32.112694,85.7248,1.117070,1.606061,-1.083909,-0.270157,-1.196126,1.071782
386,84.696,A,4,65.970524,33.131776,66.272337,32.132273,0.526313,0.023868,85.9538,0.040024,85.9606,0.042154,67.377634,32.423215,85.9606,1.142947,1.575442,-1.105297,-0.290942,-1.407110,0.708561
387,84.918,A,4,65.458215,33.860313,66.219746,32.360775,0.510837,0.035483,86.1881,0.040293,86.1904,0.033952,67.381311,32.736818,86.1904,1.220918,2.227227,-1.161564,-0.376043,-1.923096,1.123495
388,85.150,A,4,66.757206,33.602461,66.083899,32.676848,0.513601,0.063868,86.3879,0.035871,86.3952,0.033982,67.389540,33.056653,86.3952,1.359760,0.835315,-1.305640,-0.379805,-0.632333,0.545808
389,85.416,A,4,66.073551,34.979162,66.200624,32.891276,0.499494,0.036006,86.5739,0.033047,86.5715,0.033649,67.403143,33.383802,86.5715,1.299475,2.076773,-1.202519,-0.492526,-1.329592,1.595360
390,85.639,A,4,66.529619,35.327312,66.177260,33.311025,0.526494,0.042615,86.7358,0.029765,86.7352,0.031393,67.419075,33.716729,86.7352,1.306408,1.839867,-1.241816,-0.405703,-0.889456,1.610583
391,85.889,A,4,66.775297,34.791395,66.238606,33.720680,0.549557,0.030844,86.9132,0.030486,86.9069,0.032089,67.432781,34.051844,86.9069,1.239243,0.989556,-1.194175,-0.331164,-0.657484,0.739551
392,86.075,A,4,65.413248,34.664598,66.333894,33.964182,0.536684,0.011051,87.1105,0.033532,87.0950,0.038696,67.441724,34.385252,87.0950,1.185153,2.047621,-1.107830,-0.421070,-2.028476,0.279347
393,86.264,A,4,66.500270,35.799298,66.171440,34.140366,0.508336,0.044812,87.3094,0.034365,87.2907,0.034813,67.447318,34.714743,87.2907,1.399205,1.439847,-1.275878,-0.574377,-0.947048,1.084555
394,86.499,A,4,66.225676,35.931128,66.227821,34.484711,0.520115,0.032168,87.5012,0.034062,87.4770,0.023772,67.453440,35.040380,87.4770,1.345700,1.516851,-1.225618,-0.555669,-1.227764,0.890748
395,86.680,A,4,66.113923,37.062070,66.226415,34.792290,0.522379,0.032062,87.6634,0.030392,87.6399,0.021820,67.463461,35.364187,87.6399,1.362846,2.168885,-1.237046,-0.571897,-1.349538,1.697883
396,86.888,A,4,66.876910,36.494817,66.205214,35.246606,0.553955,0.037335,87.8061,0.026544,87.7790,0.024208,67.477622,35.689727,87.7790,1.347360,1.004501,-1.272408,-0.443121,-0.600711,0.805089
397,87.118,A,4,67.028214,37.460530,66.323149,35.522150,0.547019,0.011700,87.9346,0.024329,87.9119,0.021125,67.492719,36.020644,87.9119,1.271373,1.512957,-1.169570,-0.498494,-0.464505,1.439886
398,87.343,A,4,66.294674,37.904134,66.449299,35.919790,0.565684,-0.011664,88.0799,0.025482,88.0601,0.030342,67.504887,36.358677,88.0601,1.143193,1.962920,-1.055589,-0.438887,-1.210214,1.545457
399,87.545,A,4,66.288046,37.929152,66.424562,36.327345,0.582812,-0.001843,88.2504,0.028096,88.2311,0.030087,67.512571,36.702815,88.2311,1.150974,1.733021,-1.088009,-0.375470,-1.224525,1.226337
400,87.786,A,4,66.624174,37.386883,66.402006,36.668445,0.584506,0.005615,88.4254,0.029608,88.4124,0.031043,67.517631,37.049770,88.4124,1.178994,0.954940,-1.115625,-0.381325,-0.893457,0.337113
401,88.016,A,4,66.576288,38.620147,66.442529,36.854759,0.554620,-0.001977,88.5966,0.028427,88.5837,0.033386,67.523863,37.395652,88.5837,1.209069,1.548317,-1.081334,-0.540893,-0.947575,1.224494
402,88.239,A,4,66.227860,38.281431,66.467664,37.220330,0.565986,-0.004436,88.7513,0.027655,88.7334,0.011614,67.533723,37.737961,88.7334,1.185083,1.414439,-1.066059,-0.517630,-1.305863,0.543470
403,88.461,A,4,66.618608,40.028825,66.426410,37.452333,0.560840,0.005985,88.8617,0.026096,88.8655,0.023110,67.546451,38.076344,88.8655,1.282139,2.161730,-1.120040,-0.624011,-0.927843,1.952481
404,88.724,A,4,66.584693,39.129288,66.461027,37.972885,0.589630,0.001065,89.0113,0.023052,88.9955,0.028663,67.558783,38.412452,88.9955,1.182493,1.209423,-1.097756,-0.439568,-0.974090,0.716836
405,88.945,A,4,66.620287,39.065300,66.483804,38.235336,0.574869,-0.002398,89.1608,0.025380,89.1405,0.027833,67.567439,38.749511,89.1405,1.199434,0.998409,-1.083635,-0.514176,-0.947152,0.315789
406,89.163,A,4,67.291147,39.887174,66.509039,38.438277,0.549747,-0.006384,89.3220,0.027720,89.3058,0.030819,67.571844,39.090968,89.3058,1.247221,0.844236,-1.062805,-0.652691,-0.280696,0.796206
407,89.404,A,4,66.674833,39.756227,66.648579,38.737777,0.561129,-0.033603,89.4622,0.029587,89.4798,0.029865,67.574489,39.438704,89.4798,1.161296,0.954045,-0.925911,-0.700927,-0.899656,0.317523
408,89.633,A,4,65.889815,40.972825,66.657407,38.980870,0.533803,-0.030016,89.6516,0.027744,89.6440,0.023235,67.578878,39.792162,89.6440,1.227723,2.060801,-0.921472,-0.811292,-1.689063,1.180663
409,89.869,A,4,66.461804,42.079705,66.523888,39.386548,0.553977,0.001706,89.7923,0.024753,89.7896,0.034606,67.586821,40.148662,89.7896,1.307915,2.234859,-1.062933,-0.762113,-1.125017,1.931043
410,90.100,A,4,65.448251,42.964093,66.512713,39.919058,0.597995,0.005053,89.9262,0.023339,89.9239,0.027945,67.596880,40.504769,89.9239,1.232265,3.265712,-1.084167,-0.585712,-2.148629,2.459323
411,90.351,A,4,67.230389,41.689559,66.480744,40.722352,0.697251,0.008249,90.0715,0.024910,90.0620,0.026177,67.605615,40.857922,90.0620,1.133011,0.912367,-1.124871,-0.135570,-0.375227,0.831636
412,90.585,A,4,66.184325,42.228752,66.479790,40.789395,0.630260,0.007456,90.2291,0.026705,90.2142,0.026863,67.610382,41.207218,90.2142,1.205328,1.754187,-1.130592,-0.417823,-1.426058,1.021534
413,90.785,A,4,66.430514,43.575014,66.426113,41.106110,0.621668,0.017690,90.3954,0.028663,90.3800,0.033921,67.611279,41.553639,90.3800,1.266846,2.340975,-1.185166,-0.447529,-1.180765,2.021375
414,91.030,A,4,66.937245,43.061273,66.424620,41.605248,0.651197,0.016063,90.5579,0.028688,90.5479,0.029020,67.611137,41.899913,90.5479,1.222559,1.342717,-1.186518,-0.294665,-0.673892,1.161360
415,91.283,A,4,66.675931,43.477830,66.513586,41.926969,0.641282,-0.004022,90.7180,0.028044,90.7094,0.042596,67.613311,42.249296,90.7094,1.145989,1.545308,-1.099725,-0.322327,-0.937380,1.228534
416,91.495,A,4,66.223718,44.498372,66.541550,42.264627,0.635744,-0.009660,91.3854,0.097405,91.4311,0.105776,67.624230,42.593657,91.4311,1.131572,2.364185,-1.082680,-0.329029,-1.400512,1.904715
417,91.736,A,4,66.118675,43.592236,66.484231,42.723284,0.655537,0.002226,91.6293,0.048824,91.6124,-0.050380,67.633425,42.940253,91.6124,1.169497,1.649106,-1.149194,-0.216968,-1.514750,0.651983
418,91.963,A,4,66.547546,44.374910,66.417233,42.940889,0.624139,0.014871,91.6582,0.030006,91.7037,0.110584,67.640532,43.284329,91.7037,1.270595,1.544016,-1.223299,-0.343440,-1.092985,1.090581
419,92.159,A,4,66.409566,44.671209,66.436552,43.256021,0.615974,0.007931,92.4736,0.106838,92.5396,0.081416,67.650328,43.616998,92.5396,1.266316,1.628144,-1.213776,-0.360977,-1.240762,1.054211
420,92.345,A,4,66.198815,45.289657,66.428255,43.567015,0.608001,0.007077,92.7980,0.071756,92.8588,0.114628,67.653166,43.950276,92.8588,1.283470,1.977138,-1.224911,-0.383261,-1.454350,1.339381
421,92.573,A,4,66.192476,44.860552,66.383163,43.931900,0.612109,0.013024,93.6581,0.126752,93.7366,0.112341,67.661715,44.270450,93.7366,1.322615,1.583314,-1.278551,-0.338550,-1.469238,0.590102
422,92.791,A,4,66.394002,45.180360,66.343819,44.155762,0.587111,0.017514,94.3444,0.124232,94.4207,0.154066,67.672430,44.585414,94.4207,1.396356,1.410085,-1.328611,-0.429652,-1.278428,0.594946
423,92.995,A,4,66.387729,46.568124,66.346244,44.394222,0.567657,0.012424,95.1788,0.135777,95.2567,0.138431,67.688772,44.892323,95.2567,1.431951,2.121561,-1.342528,-0.498101,-1.301043,1.675800
424,93.212,A,4,66.079707,47.194630,66.346727,44.835334,0.591567,0.005576,96.1015,0.153235,96.1843,0.164834,67.707888,45.193477,96.1843,1.407490,2.579842,-1.361161,-0.358143,-1.628181,2.001153
425,93.391,A,4,66.611556,47.115305,66.291711,45.311618,0.620511,0.009210,97.1071,0.168239,97.1805,0.184322,67.726239,45.490783,97.1805,1.445673,1.970175,-1.434528,-0.179166,-1.114683,1.624522
426,93.619,A,4,66.604681,46.980824,66.339493,45.691801,0.625048,-0.008211,98.1869,0.182459,98.2652,0.191961,67.742339,45.784993,98.2652,1.405937,1.650538,-1.402845,-0.093192,-1.137658,1.195831
427,93.823,A,4,66.599663,47.256973,66.378072,45.980822,0.610527,-0.021193,99.3443,0.195935,99.4290,0.218020,67.757337,46.076293,99.4290,1.382565,1.653546,-1.379265,-0.095472,-1.157674,1.180680
428,94.013,A,4,66.260140,47.471169,66.409115,46.266141,0.596876,-0.032005,100.5656,0.206592,100.6554,0.219993,67.774134,46.364214,100.6554,1.368537,1.875507,-1.365019,-0.098074,-1.513994,1.106955
429,94.252,A,4,66.365997,47.632020,66.374213,46.537464,0.583403,-0.028928,101.8413,0.216991,101.9322,0.233389,67.795031,46.647759,101.9322,1.425092,1.735197,-1.420818,-0.110294,-1.429034,0.984261
430,94.484,A,4,65.525656,48.527085,66.363080,46.787582,0.566541,-0.031409,103.1732,0.227129,103.2575,0.232117,67.820032,46.925677,103.2575,1.463482,2.797976,-1.456952,-0.138095,-2.294376,1.601408
431,94.691,A,4,66.137712,47.835868,66.206245,47.138950,0.590774,-0.008714,104.2855,0.235962,104.6378,0.243172,67.846989,47.197019,104.6378,1.641771,1.824761,-1.640744,-0.058069,-1.709276,0.638848
432,94.878,A,4,66.688874,49.066462,66.177856,47.326016,0.548283,-0.009874,106.0171,0.247975,106.0802,0.263279,67.873402,47.461787,106.0802,1.700973,1.994514,-1.695546,-0.135771,-1.184528,1.604674
433,95.066,A,4,66.401564,49.162620,66.253937,47.686583,0.553380,-0.039537,107.5287,0.258637,107.5852,0.268522,67.898365,47.721192,107.5852,1.644793,2.078011,-1.644429,-0.034608,-1.496801,1.441428
434,95.320,A,4,66.991933,49.595114,66.266670,48.000870,0.550896,-0.052755,109.0944,0.268167,109.1435,0.283161,67.923042,47.977290,109.1435,1.656540,1.866633,-1.656372,0.023580,-0.931109,1.617824
435,95.516,A,4,66.166149,49.894181,66.381924,48.336260,0.547276,-0.087138,110.7033,0.275807,110.7416,0.276953,67.949485,48.232107,110.7416,1.571017,2.437781,-1.567561,0.104153,-1.783336,1.662075
436,95.740,A,4,66.106333,49.250927,66.331568,48.665277,0.550883,-0.086392,112.3394,0.282104,112.3713,0.291577,67.978780,48.486532,112.3713,1.656882,2.022463,-1.647212,0.178745,-1.872447,0.764395
437,95.965,A,4,66.155134,49.301315,66.278202,48.821300,0.520526,-0.076535,114.0062,0.287729,114.0349,0.296758,68.010137,48.739700,114.0349,1.733856,1.938156,-1.731934,0.081600,-1.855003,0.561615
438,96.181,A,4,66.200976,49.504772,66.241876,48.955119,0.488336,-0.070499,115.7198,0.295157,115.7413,0.311734,68.041684,48.989425,115.7413,1.800135,1.911488,-1.799808,-0.034306,-1.840707,0.515347
439,96.418,A,4,65.158718,49.740760,66.219523,49.097871,0.460535,-0.069173,117.4864,0.303725,117.4968,0.316590,68.072140,49.233557,117.4968,1.857579,2.957242,-1.852617,-0.135686,-2.913421,0.507202
440,96.641,A,4,65.947538,50.552125,66.015498,49.253899,0.451992,-0.035590,119.2945,0.311125,119.2983,0.316048,68.101933,49.471482,119.2983,2.097750,2.410230,-2.086435,-0.217583,-2.154395,1.080643
441,96.864,A,4,66.724744,51.600932,65.987919,49.515588,0.461727,-0.049496,120.7744,0.318138,121.1347,0.326013,68.132827,49.704603,121.1347,2.153220,2.361940,-2.144908,-0.189016,-1.408083,1.896329
442,97.089,A,4,66.502480,51.391805,66.096048,49.933071,0.465958,-0.100409,123.0058,0.321764,122.9931,0.322943,68.166389,49.935409,122.9931,2.070342,2.211262,-2.070341,-0.002339,-1.663909,1.456396
443,97.314,A,4,65.929571,50.882952,66.150748,50.235126,0.461426,-0.127484,124.8917,0.326633,124.8677,0.326797,68.202552,50.165927,124.8677,2.052971,2.383395,-2.051804,0.069199,-2.272982,0.717026
444,97.563,A,4,66.176138,51.887974,66.098626,50.384639,0.450380,-0.121842,126.4018,0.327850,126.7633,0.333944,68.239389,50.396603,126.7633,2.140796,2.545819,-2.140763,-0.011964,-2.063251,1.491372
445,97.770,A,4,66.668487,51.722441,66.092128,50.699729,0.443905,-0.137663,128.7064,0.333568,128.6912,0.336424,68.274441,50.626312,128.6912,2.183547,1.944373,-2.182313,0.073416,-1.605954,1.096129
446,97.946,A,4,67.101898,52.206498,66.176539,50.924856,0.421340,-0.161606,130.7600,0.341796,130.6580,0.342678,68.306577,50.853430,130.6580,2.131235,1.811641,-2.130038,0.071426,-1.204679,1.353068
447,98.148,A,4,66.027046,51.946104,66.325962,51.192205,0.400554,-0.200087,132.6777,0.346631,132.6599,0.353008,68.336860,51.077071,132.6599,2.014191,2.467885,-2.010898,0.115134,-2.309814,0.869032
448,98.381,A,4,67.191328,51.978704,66.259913,51.367159,0.390300,-0.188074,134.7118,0.351958,134.6844,0.359825,68.367799,51.297627,134.6844,2.109032,1.359393,-2.107886,0.069532,-1.176471,0.681078
449,98.617,A,4,66.290857,52.837618,66.411002,51.515461,0.349596,-0.209933,136.7501,0.353698,136.7196,0.357975,68.401491,51.516244,136.7196,1.990489,2.490141,-1.990489,-0.000783,-2.110634,1.321374
450,98.856,A,4,66.898909,52.541047,66.377785,51.787923,0.355289,-0.216903,138.7825,0.353938,138.7616,0.349910,68.438117,51.733738,138.7616,2.061044,1.738076,-2.060332,0.054185,-1.539208,0.807309
451,99.105,A,4,66.123646,52.846362,66.457560,51.960101,0.328851,-0.228093,140.6874,0.331310,140.6178,0.244437,68.473337,51.949120,140.6178,2.015807,2.515171,-2.015777,0.010981,-2.349690,0.897242
452,99.386,A,4,67.048206,52.919425,66.386924,52.154357,0.328569,-0.219562,142.2034,0.292407,142.1508,0.354638,68.507137,52.156530,142.1508,2.120214,1.646356,-2.120213,-0.002172,-1.458931,0.762896
453,99.611,A,4,66.706524,53.552937,66.491347,52.326498,0.299217,-0.234759,144.5011,0.372466,144.5000,0.382120,68.545724,52.368910,144.5000,2.054815,2.187368,-2.054377,-0.042412,-1.839201,1.184027
454,99.880,A,4,67.571653,53.378150,66.518302,52.579559,0.294508,-0.249989,146.2194,0.308047,146.1223,0.216325,68.571757,52.577311,146.1223,2.053455,1.281230,-2.053454,0.002248,-1.000104,0.800839
455,100.099,A,4,67.285803,54.352071,66.694558,52.757650,0.256038,-0.272410,147.9398,0.313368,147.8863,0.386749,68.588433,52.789770,147.8863,1.894148,2.034117,-1.893875,-0.032120,-1.302631,1.562301
456,100.307,A,4,66.040476,53.289681,66.791471,53.076465,0.250608,-0.304317,149.6973,0.296244,149.5831,0.202159,68.596772,53.003872,149.5831,1.806761,2.572225,-1.805302,0.072593,-2.556297,0.285809
457,100.534,A,4,66.571063,53.021650,66.651491,53.151340,0.252772,-0.265061,151.2858,0.291008,151.1869,0.295168,68.601084,53.219311,151.1869,1.950777,2.039621,-1.949592,-0.067971,-2.030021,-0.197661
458,100.745,A,4,67.017581,54.940879,66.627901,53.162176,0.228183,-0.234112,152.7248,0.261631,152.6059,0.247546,68.602288,53.433023,152.6059,1.992878,2.187448,-1.974387,-0.270847,-1.584708,1.507856
459,100.972,A,4,66.694280,53.565407,66.686943,53.508498,0.229615,-0.272895,154.1475,0.251275,154.0257,0.232482,68.603160,53.644330,154.0257,1.921026,1.910511,-1.916218,-0.135832,-1.908880,-0.078923
460,101.183,A,4,66.719934,54.943950,66.679521,53.551760,0.208402,-0.248560,155.4949,0.239723,155.3702,0.221849,68.608951,53.848334,155.3702,1.952091,2.183749,-1.929430,-0.296574,-1.889017,1.095616
461,101.447,A,4,65.972672,55.969968,66.677598,53.829253,0.212181,-0.268866,156.7789,0.228664,156.6580,0.221141,68.616360,54.047121,156.6580,1.950965,3.269010,-1.938762,-0.217868,-2.643687,1.922847
462,101.663,A,4,67.333142,56.022069,66.542656,54.241313,0.250904,-0.298782,157.9984,0.217410,157.8868,0.203395,68.620404,54.244467,157.8868,2.077750,2.194747,-2.077747,-0.003154,-1.287261,1.777603
463,101.917,A,4,65.700142,55.642576,66.670717,54.593806,0.230547,-0.340239,159.1606,0.207601,159.0528,0.202077,68.617798,54.443221,159.0528,1.952895,3.154547,-1.947080,0.150585,-2.917655,1.199355
464,102.173,A,4,66.409919,54.190211,66.488409,54.818337,0.256325,-0.326535,160.2799,0.198346,160.1578,0.186964,68.608176,54.643592,160.1578,2.126958,2.244524,-2.119767,0.174745,-2.198257,-0.453381
465,102.389,A,4,66.558176,55.756748,66.461803,54.744419,0.224960,-0.273334,161.3275,0.187423,161.2102,0.182190,68.590665,54.844185,161.2102,2.131197,2.227955,-2.128861,-0.099765,-2.032489,0.912563
466,102.560,A,4,66.996550,55.643628,66.466358,54.956232,0.214429,-0.282047,162.3372,0.179763,162.2187,0.182355,68.562944,55.043280,162.2187,2.098392,1.677500,-2.096585,-0.087048,-1.566394,0.600348
467,102.822,A,4,66.191079,56.164669,66.548858,55.110665,0.185280,-0.285090,163.3096,0.172383,163.1873,0.172008,68.531841,55.237447,163.1873,1.987032,2.517718,-1.982983,-0.126782,-2.340762,0.927222
468,103.047,A,4,67.491458,56.265948,66.652379,55.492434,0.167280,-0.337568,164.2353,0.164289,164.1121,0.151810,68.502371,55.426064,164.1121,1.851182,1.314287,-1.849992,0.066370,-1.010913,0.839884
469,103.274,A,4,67.212756,56.359966,66.645525,55.527977,0.151209,-0.305133,165.1249,0.157204,164.9864,0.149092,68.475453,55.611126,164.9864,1.831817,1.468048,-1.829928,-0.083149,-1.262697,0.748840
470,103.459,A,4,67.191695,55.968974,66.739558,55.708176,0.126792,-0.310803,165.9347,0.146359,165.8050,0.140219,68.448283,55.795543,165.8050,1.710957,1.268499,-1.708725,-0.087367,-1.256587,0.173431
471,103.629,A,4,66.226523,56.486442,66.815852,55.780285,0.103947,-0.300851,166.5385,0.137821,166.5687,0.132459,68.415058,55.981291,166.5687,1.611789,2.246077,-1.599206,-0.201006,-2.188534,0.505152
472,103.809,A,4,65.990526,57.263857,66.707139,55.940715,0.119921,-0.284838,167.3903,0.126985,167.2896,0.114069,68.368932,56.168142,167.2896,1.677283,2.618665,-1.661793,-0.227427,-2.378406,1.095715
473,104.068,A,4,66.502095,56.402123,66.573985,56.205109,0.146159,-0.296432,168.0828,0.123197,167.9850,0.120303,68.305764,56.354236,167.9850,1.738188,1.804305,-1.731779,-0.149127,-1.803670,0.047887
474,104.326,A,4,65.966172,56.693065,66.553164,56.270872,0.136444,-0.274159,168.7662,0.120868,168.6644,0.117927,68.226330,56.537788,168.6644,1.694322,2.265486,-1.673166,-0.266915,-2.260158,0.155278
475,104.558,A,4,66.854711,58.059142,66.440808,56.374220,0.147589,-0.257477,169.4265,0.117161,169.3239,0.113245,68.135970,56.718211,169.3239,1.729712,1.854648,-1.695162,-0.343991,-1.281259,1.340931
476,104.768,A,4,66.758384,57.504629,66.504623,56.700960,0.132792,-0.295406,170.0527,0.112161,169.9521,0.109551,68.042248,56.896216,169.9521,1.549973,1.420730,-1.537625,-0.195256,-1.283864,0.608414
477,104.955,A,4,65.673392,58.475232,66.541857,56.874135,0.117366,-0.297358,170.6444,0.105998,170.5416,0.098492,67.950615,57.072702,170.5416,1.422683,2.674479,-1.408758,-0.198566,-2.277223,1.402531
478,105.182,A,4,66.097631,58.796610,66.380461,57.188883,0.148641,-0.319024,171.1977,0.099688,171.0932,0.089638,67.862078,57.247645,171.0932,1.482783,2.347886,-1.481618,-0.058762,-1.764448,1.548964
479,105.405,A,4,65.648094,58.548240,66.320122,57.507314,0.155603,-0.343428,172.2111,0.163993,172.1553,0.205595,67.784100,57.423886,172.1553,1.466354,2.413855,-1.463978,0.083428,-2.136006,1.124354
480,105.620,A,4,65.373590,58.153333,66.189834,57.727129,0.171358,-0.343050,172.9316,0.126904,172.7778,0.029101,67.706261,57.592916,172.7778,1.522354,2.399046,-1.516427,0.134212,-2.332671,0.560416
481,105.871,A,4,65.854307,58.440753,66.032258,57.837584,0.186572,-0.320318,173.2602,0.088836,173.1429,0.160901,67.621776,57.756877,173.1429,1.591566,1.895160,-1.589518,0.080706,-1.767469,0.683876
482,106.105,A,4,65.386988,58.539352,65.985881,57.977448,0.178419,-0.310070,174.4087,0.167115,174.3147,0.155321,67.536431,57.923845,174.3147,1.551476,2.235834,-1.550549,0.053604,-2.149443,0.615508
483,106.358,A,4,64.999281,58.861140,65.864949,58.108655,0.185623,-0.297251,175.0223,0.121784,174.9121,0.143180,67.432648,58.086561,174.9121,1.567855,2.553674,-1.567699,0.022094,-2.433368,0.774578
484,106.577,A,4,65.474395,58.905453,65.695148,58.272243,0.202376,-0.291536,176.1300,0.173985,176.0454,0.171554,67.327586,58.253261,176.0454,1.632548,1.964605,-1.632438,0.018982,-1.853191,0.652191
485,106.775,A,4,65.684760,59.485355,65.638059,58.414049,0.193556,-0.285309,177.0468,0.169427,176.9793,0.200722,67.219118,58.418452,176.9793,1.581066,1.868833,-1.581060,-0.004403,-1.534358,1.066903
486,106.985,A,4,64.783621,58.837217,65.628807,58.632982,0.177293,-0.296586,177.8761,0.142251,177.7515,0.051522,67.114139,58.581456,177.7515,1.486225,2.344510,-1.485332,0.051526,-2.330518,0.255760
487,107.209,A,4,65.220497,59.482742,65.462281,58.698231,0.191338,-0.272728,178.5691,0.139439,178.5022,0.218432,67.014885,58.739296,178.5022,1.553147,1.942303,-1.552604,-0.041065,-1.794388,0.743446
488,107.434,A,4,65.294675,59.073083,65.400983,58.864197,0.183793,-0.274137,179.9968,0.216509,179.9329,0.203490,66.919200,58.894891,179.9329,1.518528,1.634269,-1.518218,-0.030695,-1.624525,0.178192
489,107.683,A,4,65.769279,59.845587,65.364295,58.927643,0.170413,-0.255107,-179.2668,0.146082,-179.3938,0.090456,66.822950,59.040898,-179.3938,1.463046,1.325801,-1.458656,-0.113255,-1.053671,0.804689
490,107.872,A,4,63.829140,59.718720,65.419291,59.115304,0.140847,-0.264365,-178.3165,0.168108,-178.3791,0.206842,66.723158,59.190728,-178.3791,1.306046,2.941787,-1.303866,-0.075424,-2.894017,0.527993
491,108.132,A,4,64.805501,60.054443,65.121770,59.247223,0.185340,-0.259194,-177.5004,0.142359,-177.6051,0.106304,66.611755,59.338824,-177.6051,1.492798,1.942850,-1.489985,-0.091601,-1.806254,0.715619
492,108.403,A,4,64.864061,59.916759,65.046267,59.414843,0.179291,-0.263329,-176.6829,0.144352,-176.7752,0.136510,66.485479,59.487265,-176.7752,1.441033,1.677338,-1.439212,-0.072422,-1.621419,0.429494
493,108.625,A,4,64.271911,60.569078,64.994967,59.528304,0.168573,-0.256185,-175.9574,0.131382,-176.0499,0.160516,66.344684,59.630750,-176.0499,1.353599,2.275268,-1.349717,-0.102446,-2.072772,0.938329
494,108.831,A,4,63.864120,60.196987,64.848060,59.736674,0.177782,-0.269663,-175.2003,0.130792,-175.3059,0.139475,66.194261,59.768647,-175.3059,1.346581,2.369184,-1.346201,-0.031972,-2.330141,0.428340
495,109.067,A,4,63.978622,60.141941,64.653574,59.842687,0.195680,-0.261570,-174.5000,0.124840,-174.6031,0.120578,66.040601,59.900721,-174.6031,1.388241,2.076041,-1.387028,-0.058034,-2.061979,0.241220
496,109.310,A,4,63.731622,60.721713,64.512187,59.918932,0.200733,-0.248400,-173.8377,0.118438,-173.9356,0.109871,65.888492,60.029713,-173.9356,1.380756,2.265161,-1.376305,-0.110781,-2.156870,0.692000
497,109.488,A,4,64.308199,61.779942,64.355143,60.079493,0.212082,-0.260427,-173.3210,0.111020,-173.3115,0.104819,65.739593,60.158260,-173.3115,1.386688,2.163040,-1.384449,-0.078767,-1.431393,1.621682
498,109.732,A,4,63.882320,61.429063,64.320828,60.407309,0.184716,-0.293149,-172.6440,0.103811,-172.7333,0.098441,65.592458,60.287456,-172.7333,1.277266,2.056170,-1.271630,0.119853,-1.710137,1.141607
499,109.942,A,4,63.449507,60.491952,64.225840,60.608920,0.183200,-0.309174,-172.2171,0.097647,-172.1957,0.090825,65.442672,60.415916,-172.1957,1.232044,1.994615,-1.216832,0.193004,-1.993165,0.076036
500,110.191,A,4,63.244260,61.050768,64.062966,60.618829,0.190670,-0.272147,-171.6004,0.091309,-171.6858,0.084447,65.284551,60.540537,-171.6858,1.224092,2.103122,-1.221585,0.078292,-2.040291,0.510231
501,110.377,A,4,62.431977,60.972106,63.895255,60.718679,0.199967,-0.264660,-171.1076,0.088321,-171.1924,0.085564,65.114118,60.658899,-171.1924,1.220328,2.700367,-1.218863,0.059780,-2.682141,0.313207
502,110.603,A,4,63.455377,60.784613,63.611978,60.785620,0.232020,-0.254572,-170.6290,0.085200,-170.7146,0.084620,64.930888,60.770946,-170.7146,1.318992,1.475574,-1.318911,0.014674,-1.475511,0.013667
503,110.871,A,4,63.234563,61.589613,63.558089,60.805849,0.215336,-0.230804,-170.1709,0.081914,-170.2608,0.079123,64.737998,60.878860,-170.2608,1.182165,1.662974,-1.179909,-0.073011,-1.503434,0.710752
504,111.063,A,4,62.858422,60.650257,63.481132,60.959437,0.206429,-0.243128,-169.8228,0.078262,-169.8386,0.068341,64.540873,60.985393,-169.8386,1.060059,1.715505,-1.059741,-0.025955,-1.682451,-0.335136
505,111.236,A,4,61.861755,61.251596,63.347990,60.923323,0.210821,-0.211703,-169.4237,0.071958,-169.4479,0.065508,64.344650,61.091795,-169.4479,1.010798,2.488031,-0.996659,-0.168472,-2.482894,0.159801
506,111.456,A,4,61.337190,61.298090,63.061736,60.996924,0.243142,-0.211899,-169.0519,0.067603,-169.0823,0.056360,64.152101,61.197340,-169.0823,1.108631,2.816714,-1.090365,-0.200416,-2.814912,0.100750
507,111.684,A,4,62.653211,61.532131,62.723993,61.068146,0.274794,-0.208469,-168.6576,0.059878,-168.7347,0.062207,63.962916,61.300320,-168.7347,1.260489,1.330060,-1.238922,-0.232174,-1.309704,0.231811
508,111.939,A,4,61.302331,61.752032,62.681496,61.165073,0.248041,-0.205374,-168.3164,0.060483,-168.3996,0.073017,63.773602,61.399222,-168.3996,1.116925,2.496329,-1.092106,-0.234150,-2.471272,0.352810
509,112.145,A,4,60.897629,62.043897,62.408680,61.283812,0.269442,-0.215384,-167.9842,0.058545,-168.0765,0.047808,63.578607,61.493527,-168.0765,1.188575,2.736887,-1.169927,-0.209715,-2.680978,0.550370
510,112.385,A,4,61.538605,62.608498,62.110070,61.433716,0.292129,-0.231788,-167.6723,0.056065,-167.7699,0.049800,63.373049,61.583677,-167.7699,1.271851,2.101295,-1.262979,-0.149961,-1.834444,1.024820
511,112.591,A,4,61.222397,62.881060,61.976071,61.658444,0.276205,-0.255153,-167.3917,0.052135,-167.4818,0.052616,63.159251,61.671304,-167.4818,1.183250,2.283618,-1.183180,-0.012860,-1.936853,1.209756
512,112.796,A,4,61.365249,62.599849,61.810532,61.894067,0.267650,-0.279357,-167.1141,0.050123,-167.2076,0.047122,62.946354,61.758397,-167.2076,1.143895,1.791070,-1.135822,0.135669,-1.581104,0.841451
513,113.034,A,4,60.861588,62.132483,61.700142,62.040034,0.252511,-0.280774,-166.8559,0.046967,-166.9403,0.039832,62.737418,61.844177,-166.9403,1.055605,1.897857,-1.037276,0.195856,-1.875830,0.288305
514,113.249,A,4,60.406985,61.896084,61.521096,62.077132,0.257211,-0.263397,-166.6005,0.046133,-166.6739,0.044181,62.535346,61.927762,-166.6739,1.025190,2.128596,-1.014250,0.149371,-2.128361,-0.031678
515,113.458,A,4,60.543332,61.991815,61.292876,62.063665,0.273265,-0.240313,-166.3379,0.046252,-166.4075,0.043679,62.341575,62.009128,-166.4075,1.050115,1.798326,-1.048698,0.054537,-1.798243,-0.017313
516,113.686,A,4,59.371334,63.068184,61.128479,62.067008,0.274036,-0.220623,-166.0838,0.045286,-166.1459,0.051948,62.155430,62.089223,-166.1459,1.027192,2.951196,-1.026951,-0.022215,-2.784096,0.978961
517,113.905,A,4,60.289404,61.965446,60.784936,62.259298,0.301560,-0.248949,-165.8317,0.044822,-165.8961,0.038784,61.973623,62.168928,-165.8961,1.192117,1.696466,-1.188686,0.090371,-1.684218,-0.203482
518,114.129,A,4,60.253187,63.161345,60.662755,62.223027,0.292465,-0.218776,-165.6024,0.041588,-165.6624,0.043474,61.784701,62.246068,-165.6624,1.122183,1.784172,-1.121946,-0.023041,-1.531515,0.915277
519,114.337,A,4,59.327146,62.877084,60.557273,62.403389,0.270865,-0.234206,-165.3851,0.039745,-165.4412,0.039426,61.585959,62.319356,-165.4412,1.032113,2.326650,-1.028686,0.084033,-2.258813,0.557728
520,114.559,A,4,59.521127,63.394796,60.307364,62.502819,0.283980,-0.238894,-165.1824,0.037232,-165.2251,0.037205,61.379597,62.387890,-165.2251,1.078374,2.113710,-1.072233,0.114929,-1.858470,1.006906
521,114.767,A,4,58.986281,62.144284,60.135030,62.676748,0.276493,-0.254096,-164.9704,0.037501,-165.0089,0.036229,61.169311,62.451401,-165.0089,1.058546,2.204527,-1.034281,0.225347,-2.183030,-0.307117
522,115.004,A,4,59.140808,62.544638,59.898564,62.598538,0.294902,-0.221217,-164.7530,0.037738,-164.7944,0.039029,60.958541,62.510777,-164.7944,1.063604,1.818049,-1.059977,0.087761,-1.817733,0.033861
523,115.267,A,4,58.394342,62.262541,59.730743,62.601913,0.293585,-0.204907,-164.5499,0.035681,-164.5871,0.035184,60.748867,62.567617,-164.5871,1.018702,2.374207,-1.018124,0.034296,-2.354525,-0.305076
524,115.471,A,4,58.691109,63.383951,59.460436,62.552849,0.315238,-0.185582,-164.3555,0.034711,-164.3929,0.035717,60.535902,62.622042,-164.3929,1.077689,1.995938,-1.075466,-0.069193,-1.844793,0.761909
525,115.704,A,4,58.618379,63.451826,59.289467,62.709709,0.304121,-0.203950,-164.1692,0.033279,-164.2138,0.031353,60.315984,62.673610,-164.2138,1.027151,1.867479,-1.026516,0.036099,-1.697604,0.778215
526,115.935,A,4,57.979455,62.866861,59.136509,62.852626,0.291348,-0.216594,-164.0084,0.029535,-164.0457,0.028145,60.087379,62.721251,-164.0457,0.959903,2.112947,-0.950870,0.131375,-2.107923,0.145609
527,116.154,A,4,57.855477,62.913264,58.897897,62.867365,0.303595,-0.207325,-163.8522,0.028066,-163.8819,0.024414,59.849034,62.763366,-163.8819,0.956806,1.999185,-0.951138,0.103999,-1.993558,0.149898
528,116.394,A,4,56.840902,62.893345,58.678771,62.886471,0.310326,-0.199078,-163.6917,0.028253,-163.7179,0.020010,59.601058,62.799068,-163.7179,0.926419,2.761766,-0.922287,0.087403,-2.760156,0.094278
529,116.660,A,4,57.352202,63.573488,58.317624,62.897562,0.344465,-0.198155,-163.5420,0.026899,-163.5552,0.033031,59.344728,62.828948,-163.5552,1.029393,2.127088,-1.027104,0.068614,-1.992527,0.744540
530,116.864,A,4,57.287755,64.289150,57.965643,63.246560,0.355929,-0.269821,-163.3954,0.025891,-163.3997,0.031650,59.082023,62.854760,-163.3997,1.183137,2.297145,-1.116380,0.391800,-1.794268,1.434390
531,117.105,A,4,56.895410,62.647103,57.925448,63.261591,0.321732,-0.243897,-163.2510,0.025168,-163.2563,0.027290,58.814827,62.878246,-163.2563,0.968477,1.933284,-0.889378,0.383345,-1.919416,-0.231143
532,117.330,A,4,56.487740,63.844567,57.705686,63.165677,0.332809,-0.209499,-163.1105,0.023917,-163.1255,0.028118,58.544242,62.900007,-163.1255,0.879634,2.263050,-0.838556,0.265669,-2.056502,0.944560
533,117.542,A,4,56.114474,63.412038,57.452398,63.296432,0.336194,-0.225325,-163.0018,0.020429,-163.0038,0.020916,58.270346,62.919311,-163.0038,0.900700,2.211462,-0.817948,0.377121,-2.155872,0.492727
534,117.768,A,4,56.287005,63.226171,57.177001,63.328192,0.349108,-0.221424,-162.8919,0.019144,-162.8860,0.025855,57.992258,62.934788,-162.8860,0.905214,1.729969,-0.815257,0.393405,-1.705253,0.291383
535,117.981,A,4,56.369033,63.771230,56.978648,63.320813,0.347470,-0.205829,-162.7689,0.020092,-162.7690,0.020492,57.708912,62.945593,-162.7690,0.821021,1.573834,-0.730264,0.375220,-1.339880,0.825638
536,118.208,A,4,55.844271,63.339573,56.833847,63.409635,0.330669,-0.208244,-162.6639,0.018693,-162.6523,0.013634,57.422830,62.953127,-162.6523,0.745185,1.625173,-0.588982,0.456508,-1.578558,0.386446
537,118.437,A,4,55.119372,62.621888,56.621455,63.406734,0.333821,-0.196200,-162.5505,0.019492,-162.5397,0.017153,57.133299,62.958282,-162.5397,0.680509,2.041829,-0.511844,0.448452,-2.013927,-0.336394
538,118.668,A,4,54.704367,63.453561,56.325997,63.274464,0.369318,-0.169513,-162.7412,-0.025844,-162.9220,-0.108359,56.846542,62.958943,-162.9220,0.608704,2.198536,-0.520545,0.315521,-2.142175,0.494617
539,118.902,A,4,54.224824,63.262993,55.992857,63.312297,0.381008,-0.173457,-163.0294,-0.021609,-163.0114,0.064767,56.563162,62.963419,-163.0114,0.668553,2.357449,-0.570305,0.348878,-2.338337,0.299573
540,119.090,A,4,54.151203,62.924562,55.647253,63.307604,0.414316,-0.177404,-162.7094,0.032669,-162.7165,-0.035967,56.281260,62.968682,-162.7165,0.718911,2.130514,-0.634007,0.338922,-2.130057,-0.044120
541,119.299,A,4,53.371624,63.027141,55.340697,63.244179,0.431640,-0.162963,-163.1483,-0.053944,-163.2810,-0.068513,56.010875,62.967941,-163.2810,0.724876,2.639914,-0.670177,0.276238,-2.639250,0.059200
542,119.525,A,4,53.177149,62.520666,54.939423,63.208996,0.452959,-0.157735,-163.2802,-0.015099,-163.2770,-0.015197,55.739134,62.968258,-163.2770,0.835160,2.600789,-0.799711,0.240738,-2.561984,-0.447592
543,119.768,A,4,53.345631,62.209403,54.579882,63.088861,0.477439,-0.137420,-163.7753,-0.072116,-163.8208,-0.094408,55.475955,62.964130,-163.8208,0.904713,2.260065,-0.896073,0.124731,-2.130324,-0.754727
544,120.030,A,4,53.730127,62.725023,54.312522,62.932432,0.483398,-0.106774,-164.1315,-0.064919,-164.1650,-0.082561,55.213931,62.960484,-164.1650,0.901845,1.502371,-0.901409,-0.028052,-1.483804,-0.235461
545,120.297,A,4,53.520558,63.439431,54.161393,62.892980,0.459249,-0.095373,-164.6755,-0.084517,-164.7165,-0.098208,54.956758,62.955615,-164.7165,0.797828,1.515503,-0.795365,-0.062636,-1.436200,0.483816
546,120.516,A,4,52.415313,63.024249,54.002422,62.987695,0.431760,-0.111686,-165.3008,-0.101830,-165.3348,-0.106057,54.703434,62.950101,-165.3348,0.702020,2.289323,-0.701012,0.037594,-2.288122,0.074148
547,120.732,A,4,52.897453,62.171507,53.541388,62.851176,0.483944,-0.094811,-165.9993,-0.117097,-166.0202,-0.124516,54.454266,62.943170,-166.0202,0.917501,1.737565,-0.912878,-0.091994,-1.556813,-0.771663
548,120.953,A,4,52.743485,62.174346,53.494056,62.849044,0.437447,-0.085700,-166.7594,-0.128811,-166.7726,-0.135553,54.209365,62.934087,-166.7726,0.720346,1.651063,-0.715309,-0.085043,-1.465880,-0.759741
549,121.184,A,4,53.043146,63.644750,53.317571,62.727734,0.427991,-0.061009,-167.5740,-0.139136,-167.5881,-0.149815,53.968384,62.922672,-167.5881,0.679381,1.173652,-0.650813,-0.194938,-0.925237,0.722077
550,121.416,A,4,52.406729,63.221036,53.227447,62.888141,0.388127,-0.089736,-168.4446,-0.147805,-168.4663,-0.159373,53.730695,62.909374,-168.4663,0.503696,1.360154,-0.503248,-0.021233,-1.323966,0.311661
551,121.600,A,4,50.605543,63.336604,53.043153,62.948794,0.376742,-0.099946,-169.3729,-0.157507,-169.4078,-0.170823,53.495736,62.894887,-169.4078,0.455782,2.923753,-0.452583,0.053908,-2.890193,0.441717
552,121.792,A,4,51.215284,63.597644,52.572071,63.021367,0.423123,-0.124171,-170.3749,-0.168993,-170.4113,-0.175933,53.263268,62.879591,-170.4113,0.705588,2.170217,-0.691198,0.141777,-2.047985,0.718054
553,122.018,A,4,51.300840,63.877124,52.288693,63.129536,0.425868,-0.143172,-171.4319,-0.179639,-171.4724,-0.191415,53.033409,62.863242,-171.4724,0.790896,2.007424,-0.744717,0.266295,-1.732569,1.013882
554,122.257,A,4,51.122700,62.957548,52.070580,63.270701,0.414480,-0.163085,-172.5422,-0.188719,-172.5847,-0.198280,52.806477,62.845199,-172.5847,0.850057,1.687521,-0.735897,0.425502,-1.683777,0.112349
555,122.484,A,4,50.574411,62.371037,51.860384,63.225944,0.410426,-0.142679,-173.7049,-0.198390,-173.7432,-0.209053,52.582808,62.825002,-173.7432,0.826227,2.059063,-0.722424,0.400942,-2.008396,-0.453965
556,122.687,A,4,49.939452,63.416417,51.590658,63.083817,0.422044,-0.106423,-174.9114,-0.206738,-174.9461,-0.215310,52.362609,62.802792,-174.9461,0.821512,2.499645,-0.771951,0.281024,-2.423157,0.613625
557,122.905,A,4,50.515786,63.733836,51.255641,63.150450,0.438620,-0.117170,-176.1575,-0.214082,-176.1945,-0.224045,52.145861,62.779235,-176.1945,0.964517,1.889023,-0.890220,0.371215,-1.630075,0.954601
558,123.107,A,4,50.425242,62.420324,51.081441,63.263310,0.420134,-0.130374,-177.4635,-0.223277,-177.4892,-0.223016,51.932330,62.755014,-177.4892,0.991149,1.543805,-0.850889,0.508295,-1.507088,-0.334690
559,123.347,A,4,49.249067,63.588181,50.923647,63.124645,0.406809,-0.090320,-178.8058,-0.230975,-178.8289,-0.230002,51.721705,62.730331,-178.8289,0.890157,2.617220,-0.798058,0.394314,-2.472638,0.857849
560,123.574,A,4,49.575465,62.541352,50.586633,63.215926,0.426354,-0.104019,179.8233,-0.235720,179.7904,-0.238726,51.513747,62.704816,179.7904,1.058666,1.945162,-0.927114,0.511110,-1.938282,-0.163464
561,123.772,A,4,49.185172,63.517963,50.365640,63.106795,0.423590,-0.072408,178.4098,-0.243223,178.3735,-0.245826,51.308342,62.677893,178.3735,1.035685,2.283324,-0.942701,0.428902,-2.123169,0.840071
562,123.977,A,4,49.180079,63.470579,50.115359,63.188875,0.424685,-0.082461,176.9541,-0.249907,176.9231,-0.247162,51.105515,62.649308,176.9231,1.127626,2.093273,-0.990156,0.539567,-1.925436,0.821271
563,124.166,A,4,48.667295,63.049401,49.908854,63.249832,0.417338,-0.085668,175.4829,-0.254178,175.4394,-0.256595,50.905454,62.619393,175.4394,1.179264,2.279092,-0.996600,0.630438,-2.238159,0.430008
564,124.365,A,4,49.063233,62.955685,49.648711,63.226397,0.422095,-0.070430,174.0463,-0.246701,174.0341,-0.183722,50.707084,62.589271,174.0341,1.235347,1.684193,-1.058373,0.637126,-1.643851,0.366414
565,124.580,A,4,48.591730,64.212213,49.504846,63.189554,0.402487,-0.053490,173.0511,-0.200187,173.0307,-0.239218,50.508015,62.562835,173.0307,1.182845,2.528359,-1.003169,0.626719,-1.916285,1.649378
566,124.752,A,4,47.568340,64.083277,49.305174,63.382175,0.398284,-0.083845,171.2982,-0.281656,171.2235,-0.319730,50.302105,62.534330,171.2235,1.308706,3.142086,-0.996931,0.847845,-2.733765,1.548946
567,124.976,A,4,48.675574,64.290751,48.968200,63.518210,0.432876,-0.098919,170.1420,-0.255484,169.9778,-0.123281,50.096559,62.511614,169.9778,1.512095,2.276956,-1.128360,1.006597,-1.420986,1.779137
568,125.209,A,4,47.490849,63.004948,48.878745,63.671183,0.404262,-0.116677,169.1277,-0.207447,168.8227,-0.291116,49.890225,62.488571,168.8227,1.556169,2.454312,-1.011480,1.182612,-2.399375,0.516377
569,125.459,A,4,47.867030,63.592978,48.598286,63.571436,0.413553,-0.074831,167.6037,-0.243968,167.4351,-0.142404,49.681584,62.463314,167.4351,1.549668,2.137463,-1.083299,1.108122,-1.814554,1.129664
570,125.660,A,4,47.722898,62.881743,48.425483,63.593705,0.392251,-0.063383,166.3650,-0.203892,166.3851,-0.258927,49.472666,62.441498,166.3851,1.556975,1.804301,-1.047182,1.152207,-1.749768,0.440244
571,125.833,A,4,47.491842,63.130041,48.265236,63.482407,0.375493,-0.027933,165.2537,-0.188718,165.2982,-0.176578,49.261203,62.421884,165.2982,1.454874,1.905813,-0.995967,1.060523,-1.769361,0.708157
572,126.029,A,4,46.970974,62.753527,48.093439,63.432041,0.364552,-0.007712,164.1601,-0.188148,164.2050,-0.177429,49.045936,62.405483,164.2050,1.400383,2.103949,-0.952497,1.026559,-2.074962,0.348044
573,126.239,A,4,47.948717,62.326550,47.860106,63.322216,0.364250,0.025159,163.1357,-0.180607,163.1950,-0.176089,48.826391,62.393162,163.1950,1.340466,0.880198,-0.966285,0.929054,-0.877674,-0.066612
574,126.459,A,4,46.790969,63.306817,47.841429,63.153140,0.318182,0.057051,162.1594,-0.172778,162.2339,-0.165066,48.602026,62.383335,162.2339,1.082177,2.032916,-0.760597,0.769805,-1.811057,0.923482
575,126.669,A,4,46.141651,63.093040,47.623863,63.185103,0.325736,0.055314,161.2340,-0.164878,161.3244,-0.158353,48.373380,62.374920,161.3244,1.103709,2.344422,-0.749517,0.810183,-2.231730,0.718121
576,126.874,A,4,46.378478,63.417902,47.328854,63.174327,0.345255,0.067076,160.3760,-0.154256,160.4654,-0.148446,48.147726,62.365761,160.4654,1.150796,2.058456,-0.818872,0.808566,-1.769249,1.052141
577,127.089,A,4,46.403191,63.857642,47.133554,63.221875,0.354587,0.062930,159.7071,-0.149094,159.6518,-0.141501,47.930894,62.354999,159.6518,1.177806,2.142852,-0.797341,0.866877,-1.527703,1.502643
578,127.330,A,4,45.427921,62.798403,46.964733,63.342531,0.346087,0.041360,158.7692,-0.139001,158.8776,-0.138962,47.721290,62.344061,158.8776,1.252725,2.337942,-0.756557,0.998470,-2.293370,0.454342
579,127.586,A,4,45.910377,63.287878,46.528595,63.260384,0.388177,0.081573,158.0302,-0.131584,158.1408,-0.123076,47.516172,62.334004,158.1408,1.354064,1.867740,-0.987578,0.926380,-1.605795,0.953874
580,127.823,A,4,45.290767,62.602722,46.491104,63.267228,0.350882,0.073734,157.3342,-0.124082,157.4437,-0.115091,47.310126,62.325978,157.4437,1.247697,2.038235,-0.819022,0.941250,-2.019359,0.276744
581,128.020,A,4,45.227070,63.886768,46.243617,63.155854,0.349852,0.103866,156.6777,-0.117656,156.7897,-0.110482,47.089163,62.324207,156.7897,1.185995,2.430840,-0.845546,0.831647,-1.862092,1.562561
582,128.265,A,4,44.913710,62.825015,46.028078,63.290373,0.359886,0.082056,156.0552,-0.111264,156.1784,-0.108831,46.854623,62.327863,156.1784,1.268701,2.003572,-0.826545,0.962510,-1.940912,0.497152
583,128.473,A,4,44.540348,63.690609,45.794905,63.214735,0.356696,0.104464,155.4639,-0.106240,155.6017,-0.094571,46.612677,62.335238,155.6017,1.200944,2.476202,-0.817772,0.879497,-2.072329,1.355371
584,128.670,A,4,44.357918,63.352561,45.536426,63.304842,0.370886,0.095501,154.9223,-0.098550,155.0498,-0.094454,46.369456,62.345035,155.0498,1.270893,2.249754,-0.833031,0.959807,-2.011538,1.007525
585,128.888,A,4,44.386277,62.891302,45.290578,63.320430,0.375198,0.101190,154.4054,-0.093163,154.5175,-0.089814,46.128011,62.356589,154.5175,1.276826,1.821965,-0.837433,0.963842,-1.741735,0.534713
586,129.113,A,4,43.943900,63.544236,45.092894,63.251122,0.362998,0.118674,153.9026,-0.089337,154.0060,-0.098687,45.887441,62.369758,154.0060,1.186637,2.270848,-0.794547,0.881365,-1.943540,1.174479
587,129.347,A,4,43.378147,63.982493,44.852108,63.308670,0.370383,0.114481,153.4280,-0.084562,153.5219,-0.084813,45.645759,62.384023,153.5219,1.218546,2.774378,-0.793651,0.924647,-2.267612,1.598470
588,129.562,A,4,42.654946,63.513708,44.553115,63.434984,0.393386,0.103490,152.9954,-0.077744,153.0736,-0.069124,45.400332,62.399395,153.0736,1.337991,2.962911,-0.847217,1.035589,-2.745386,1.114313
589,129.800,A,4,43.615835,63.338870,44.177125,63.457643,0.418922,0.120106,152.5920,-0.072977,152.6640,-0.062420,45.145540,62.418671,152.6640,1.420314,1.785152,-0.968416,1.038972,-1.529705,0.920200
590,130.033,A,4,42.447050,64.049446,44.036185,63.444942,0.395110,0.121219,152.2234,-0.067014,152.2869,-0.064602,44.879163,62.444479,152.2869,1.308258,2.913948,-0.842978,1.000463,-2.432113,1.604967
591,130.256,A,4,42.225126,63.967735,43.714423,63.560198,0.418370,0.115253,151.8552,-0.065387,151.9312,-0.066342,44.603190,62.477719,151.9312,1.400595,2.806303,-0.888767,1.082479,-2.378064,1.490015
592,130.470,A,4,42.688807,63.683601,43.408748,63.642177,0.432938,0.115102,151.5124,-0.061577,151.5892,-0.059081,44.322784,62.516794,151.5892,1.449810,2.007814,-0.914037,1.125383,-1.633977,1.166806
593,130.661,A,4,42.817139,63.314040,43.238759,63.659835,0.415222,0.114535,151.1828,-0.059040,151.2599,-0.058356,44.043828,62.558076,151.2599,1.364555,1.440919,-0.805069,1.101759,-1.226689,0.755964
594,130.911,A,4,41.564345,63.826441,43.123437,63.607983,0.383104,0.121651,150.8755,-0.055500,150.9471,-0.056027,43.769925,62.597995,150.9471,1.199176,2.524611,-0.646488,1.009988,-2.205580,1.228446
595,131.143,A,4,41.925418,63.338228,42.808114,63.654761,0.399861,0.129279,150.6307,-0.044232,150.7253,0.015147,43.502441,62.635327,150.7253,1.233425,1.726578,-0.694328,1.019434,-1.577023,0.702900
596,131.346,A,4,41.218774,63.228228,42.611321,63.606248,0.384185,0.142025,150.9572,0.024891,151.0705,0.013671,43.251521,62.667853,151.0705,1.135976,2.108573,-0.640200,0.938395,-2.032747,0.560375
597,131.566,A,4,40.316994,64.061311,42.324553,63.545191,0.385060,0.164364,150.6160,-0.045370,150.6608,-0.120614,42.997100,62.699394,150.6608,1.080598,3.006292,-0.672547,0.845797,-2.680106,1.361917
598,131.765,A,4,40.785286,63.233229,41.927132,63.641589,0.420753,0.166961,150.5114,-0.012988,150.6520,0.099263,42.748385,62.733999,150.6520,1.224000,2.025584,-0.821254,0.907590,-1.963099,0.499229
599,131.974,A,4,40.871194,64.097198,41.680698,63.574591,0.409367,0.183754,150.8815,0.032114,150.9911,-0.011793,42.499493,62.776159,150.9911,1.143642,2.096783,-0.818795,0.798431,-1.628299,1.321038
600,132.225,A,4,40.451109,63.225036,41.493656,63.671386,0.404788,0.163723,150.9080,0.020442,151.0262,0.091172,42.240755,62.825268,151.0262,1.128748,1.833752,-0.747099,0.846118,-1.789646,0.399768
601,132.453,A,4,39.417107,63.514696,41.275184,63.596213,0.399025,0.184064,151.3355,0.062482,151.4896,0.032923,41.985528,62.879223,151.4896,1.009289,2.645867,-0.710345,0.716990,-2.568421,0.635473
602,132.687,A,4,39.835998,64.155474,40.905196,63.584372,0.418939,0.202067,151.6910,0.065243,151.9000,0.074477,41.732797,62.932645,151.9000,1.053409,2.256802,-0.827601,0.651727,-1.896799,1.222829
603,132.952,A,4,38.853907,63.827735,40.663591,63.688295,0.415035,0.179364,151.8715,0.023170,151.9107,0.010587,41.483602,62.982848,151.9107,1.081700,2.762088,-0.820011,0.705448,-2.629695,0.844888
604,133.156,A,4,38.896971,64.734088,40.298242,63.716357,0.434891,0.189049,152.4158,0.084272,152.5312,0.187485,41.244018,63.032572,152.5312,1.167071,2.898929,-0.945777,0.683785,-2.347048,1.701516
605,133.330,A,4,38.424193,63.605641,40.003326,63.900252,0.455127,0.162701,153.1412,0.102420,153.2051,0.027347,41.011833,63.080205,153.2051,1.299832,2.640448,-1.008507,0.820047,-2.587640,0.525436
606,133.540,A,4,39.366133,63.649961,39.676265,63.853595,0.456691,0.183372,153.2552,0.047486,153.3318,0.101585,40.780992,63.126950,153.3318,1.322284,1.508432,-1.104727,0.726645,-1.414859,0.523011
607,133.771,A,4,38.276545,64.752340,39.573950,63.821010,0.419291,0.177494,153.8624,0.082610,153.9239,0.030185,40.552122,63.182053,153.9239,1.168369,2.764788,-0.978172,0.638957,-2.275577,1.570287
608,133.970,A,4,38.939435,63.693441,39.299278,63.989043,0.436163,0.152204,154.1651,0.069356,154.2417,0.103345,40.314161,63.240646,154.2417,1.260986,1.447375,-1.014883,0.748397,-1.374726,0.452794
609,134.237,A,4,37.590220,64.400304,39.191158,63.941379,0.400968,0.153023,154.5257,0.064215,154.5822,0.055818,40.065108,63.304355,154.5822,1.081475,2.706691,-0.873951,0.637023,-2.474888,1.095949
610,134.448,A,4,38.080436,64.922890,38.874145,64.025196,0.430225,0.152618,154.8136,0.062720,154.9373,0.061156,39.805452,63.371497,154.9373,1.137829,2.320022,-0.931307,0.653699,-1.725016,1.551393
611,134.648,A,4,37.594692,64.583128,38.682701,64.189792,0.421299,0.118552,155.2873,0.069658,155.3617,0.136308,39.540869,63.440771,155.3617,1.139072,2.256675,-0.858168,0.749021,-1.946177,1.142357
612,134.887,A,4,37.293060,65.269347,38.447459,64.265790,0.422346,0.111641,156.2406,0.135082,156.3161,0.115169,39.290421,63.509172,156.3161,1.132720,2.662267,-0.842962,0.756617,-1.997361,1.760174
613,135.105,A,4,37.698021,64.753461,38.200464,64.450786,0.435035,0.086214,156.4792,0.058386,156.4745,-0.011658,39.042646,63.575066,156.4745,1.214971,1.787913,-0.842182,0.875720,-1.344626,1.178395
614,135.376,A,4,36.133648,65.167022,38.069353,64.513520,0.414316,0.075729,156.9883,0.095989,156.9966,0.184100,38.812185,63.638699,156.9966,1.147655,3.083883,-0.742832,0.874821,-2.678537,1.528324
615,135.603,A,4,36.621418,64.348142,37.685230,64.638085,0.447951,0.076179,157.8370,0.125651,157.8416,0.067738,38.593036,63.701452,157.8416,1.304375,2.074966,-0.907806,0.936633,-1.971618,0.646690
616,135.811,A,4,36.284042,64.943037,37.453312,64.595711,0.435725,0.094150,158.3428,0.107515,158.3702,0.184644,38.370062,63.762599,158.3702,1.238752,2.396854,-0.916749,0.833113,-2.086019,1.180438
617,136.026,A,4,35.338660,65.779888,37.202848,64.663979,0.437631,0.090523,159.3136,0.144549,159.3135,0.126478,38.148283,63.826018,159.3135,1.263339,3.422220,-0.945435,0.837961,-2.809623,1.953870
618,136.231,A,4,36.674595,64.849295,36.828351,64.868739,0.473401,0.071007,160.1631,0.150597,160.1832,0.142870,37.919229,63.891643,160.1832,1.464489,1.570417,-1.090877,0.977096,-1.244633,0.957653
619,136.475,A,4,36.064689,65.309168,36.755871,64.874178,0.432793,0.066938,160.6787,0.101450,160.6600,0.075706,37.680369,63.960076,160.6600,1.300108,2.104869,-0.924498,0.914102,-1.615680,1.349093
620,136.709,A,4,35.395472,65.124805,36.591277,64.958851,0.420232,0.055109,161.6046,0.155038,161.6731,0.240802,37.438596,64.033157,161.6731,1.254933,2.316474,-0.847319,0.925694,-2.043124,1.091648
621,136.951,A,4,34.971949,65.203056,36.338350,64.995418,0.422352,0.059673,162.7941,0.183235,162.8255,0.115028,37.199016,64.106217,162.8255,1.237508,2.482516,-0.860667,0.889201,-2.227067,1.096839
622,137.183,A,4,34.797976,65.366034,36.054664,65.038596,0.430716,0.063915,163.3056,0.116918,163.3131,0.138280,36.962081,64.173489,163.3131,1.253721,2.470934,-0.907417,0.865107,-2.164105,1.192545
623,137.398,A,4,33.725619,64.933806,35.789490,65.102226,0.436107,0.061683,164.3307,0.162880,164.3687,0.168101,36.734387,64.242471,164.3687,1.277501,3.087172,-0.944898,0.859755,-3.008768,0.691335
624,137.639,A,4,34.778021,64.290671,35.380143,65.077292,0.462978,0.085298,164.9984,0.126391,164.9985,0.123432,36.508709,64.304820,164.9985,1.367616,1.730746,-1.128566,0.772472,-1.730688,-0.014149
625,137.870,A,4,34.514678,65.383300,35.228034,64.940300,0.430528,0.110804,166.1427,0.185961,166.1831,0.253563,36.291052,64.371420,166.1831,1.205666,2.044360,-1.063018,0.568879,-1.776375,1.011879
626,138.091,A,4,34.333077,64.569825,35.058270,65.018113,0.418486,0.092361,167.3285,0.188879,167.3139,0.102851,36.075785,64.438197,167.3139,1.171170,1.747672,-1.017515,0.579915,-1.742708,0.131628
627,138.268,A,4,33.857218,64.930813,34.888140,64.938369,0.398991,0.106282,167.7680,0.110938,167.7353,0.131155,35.845854,64.504047,167.7353,1.051595,2.033914,-0.957714,0.434322,-1.988636,0.426766
628,138.499,A,4,33.717818,65.210494,34.665050,64.934463,0.396544,0.106078,169.0041,0.194883,169.0467,0.271798,35.617785,64.576470,169.0467,1.017774,2.002963,-0.952736,0.357992,-1.899967,0.634023
629,138.729,A,4,33.372483,65.823692,34.457063,64.980235,0.394074,0.094659,170.1757,0.189766,170.1701,0.114837,35.383347,64.649597,170.1701,0.983526,2.328534,-0.926284,0.330638,-2.010864,1.174094
630,138.915,A,4,33.340786,65.495966,34.224999,65.127381,0.401354,0.064931,171.0627,0.173693,171.0862,0.249474,35.147721,64.721699,171.0862,1.007965,1.965833,-0.922722,0.405682,-1.806934,0.774266
631,139.105,A,4,32.683803,65.050058,34.028500,65.192069,0.396848,0.052517,172.4522,0.217195,172.4553,0.190262,34.926357,64.795054,172.4553,0.981717,2.257006,-0.897857,0.397015,-2.242554,0.255004
632,139.337,A,4,33.386170,65.758257,33.750801,65.166289,0.405351,0.062033,173.2850,0.157073,173.2321,0.087410,34.710489,64.862226,173.2321,1.006705,1.598966,-0.959688,0.304063,-1.324319,0.896031
633,139.564,A,4,32.246476,64.683730,33.654256,65.269886,0.391004,0.038142,173.9798,0.159977,174.2610,0.264154,34.504955,64.927954,174.2610,0.916846,2.271645,-0.850699,0.341932,-2.258479,-0.244224
634,139.824,A,4,32.318928,65.429746,33.368584,65.165381,0.401336,0.064405,175.5035,0.235406,175.8048,0.211741,34.302419,64.994851,175.8048,0.949277,2.030608,-0.933834,0.170530,-1.983491,0.434895
635,140.032,A,4,32.214715,65.853212,33.137226,65.208268,0.394722,0.052791,176.7198,0.179954,176.6987,0.143962,34.096213,65.059344,176.6987,0.970481,2.042121,-0.958987,0.148924,-1.881498,0.793868
636,140.203,A,4,31.821581,66.574777,32.934917,65.319540,0.392554,0.028834,177.6707,0.171746,177.6600,0.170730,33.882530,65.128314,177.6600,0.966716,2.517890,-0.947614,0.191226,-2.060949,1.446464
637,140.371,A,4,31.814409,65.440809,32.698809,65.540840,0.399428,-0.014624,178.8088,0.193719,178.8071,0.178003,33.657657,65.199534,178.8071,1.017782,1.858973,-0.958849,0.341306,-1.843249,0.241276
638,140.573,A,4,32.064813,65.248788,32.511239,65.524636,0.400476,-0.007008,179.4621,0.159135,179.5974,0.146156,33.421571,65.266101,179.5974,0.946333,1.356869,-0.910333,0.258534,-1.356758,-0.017313
639,140.821,A,4,30.927068,65.813890,32.387816,65.476229,0.369945,0.004906,-179.3819,0.168294,-179.4069,0.152332,33.180130,65.332020,-179.4069,0.805330,2.304015,-0.792313,0.144209,-2.253062,0.481870
640,141.054,A,4,30.665829,66.610650,32.092482,65.534846,0.387539,-0.005014,-178.5135,0.159102,-178.5576,0.161308,32.938195,65.393733,-178.5576,0.857405,2.577699,-0.845713,0.141112,-2.272366,1.216916
641,141.301,A,4,31.019398,66.463797,31.801258,65.725116,0.403005,-0.041534,-177.6821,0.148430,-177.7372,0.139075,32.700105,65.454514,-177.7372,0.938697,1.960466,-0.898848,0.270601,-1.680707,1.009282
642,141.533,A,4,31.117684,66.215888,31.623132,65.858539,0.392934,-0.063689,-176.9008,0.139275,-176.9549,0.134161,32.466919,65.516256,-176.9549,0.910567,1.519841,-0.843786,0.342283,-1.349234,0.699631
643,141.722,A,4,30.272892,66.522979,31.495098,65.925875,0.373431,-0.070439,-176.1566,0.131909,-176.2220,0.125466,32.236530,65.579429,-176.2220,0.818381,2.178568,-0.741433,0.346446,-1.963638,0.943550
644,141.941,A,4,29.972103,66.515166,31.241281,66.036025,0.381361,-0.085850,-175.4794,0.121722,-175.5326,0.122155,32.004152,65.642758,-175.5326,0.858272,2.211407,-0.762871,0.393267,-2.032049,0.872408
645,142.167,A,4,29.988364,66.326631,30.978190,66.126179,0.390039,-0.096220,-174.8189,0.117294,-174.8745,0.110735,31.764389,65.703873,-174.8745,0.892442,1.882045,-0.786199,0.422306,-1.776025,0.622758
646,142.356,A,4,29.952047,65.607445,30.763862,66.167315,0.387983,-0.095738,-174.1854,0.112628,-174.2374,0.116376,31.513897,65.761023,-174.2374,0.853010,1.569383,-0.750035,0.406292,-1.561850,-0.153579
647,142.591,A,4,30.005671,65.611119,30.581483,66.072754,0.381130,-0.067979,-173.5522,0.111005,-173.6197,0.105195,31.252748,65.814160,-173.6197,0.719353,1.263498,-0.671266,0.258594,-1.247077,-0.203041
648,142.844,A,4,28.877548,66.060988,30.441977,65.992749,0.366422,-0.046229,-172.9726,0.103525,-173.0273,0.102263,30.984286,65.864788,-173.0273,0.557201,2.115855,-0.542309,0.127961,-2.106738,0.196200
649,143.049,A,4,28.244772,66.275115,30.128054,66.004597,0.387391,-0.048813,-172.4179,0.098493,-172.4662,0.090289,30.713614,65.914772,-172.4662,0.592409,2.495000,-0.585559,0.089825,-2.468842,0.360343
650,143.207,A,4,28.454717,66.746001,29.755309,66.052030,0.417057,-0.060144,-171.8757,0.095695,-171.9370,0.092787,30.445174,65.964924,-171.9370,0.695342,2.138224,-0.689864,0.087106,-1.990457,0.781077
651,143.401,A,4,28.758797,66.690718,29.483212,66.175263,0.421155,-0.084173,-171.3630,0.091717,-171.4351,0.084780,30.180899,66.014615,-171.4351,0.715944,1.574640,-0.697687,0.160648,-1.422102,0.676104
652,143.621,A,4,28.128797,66.673141,29.312980,66.268697,0.404582,-0.097575,-170.8877,0.085922,-170.9536,0.085590,29.919650,66.062423,-170.9536,0.640778,1.892124,-0.606670,0.206274,-1.790853,0.610719
653,143.863,A,4,27.486677,66.796478,29.062291,66.343490,0.406379,-0.108013,-170.4143,0.084075,-170.4868,0.077967,29.657569,66.107049,-170.4868,0.640516,2.277737,-0.595279,0.236441,-2.170893,0.689430
654,144.062,A,4,26.250087,66.941611,28.741530,66.427518,0.421609,-0.121474,-169.9636,0.080797,-170.0328,0.080120,29.389546,66.147986,-170.0328,0.705736,3.238216,-0.648016,0.279532,-3.139459,0.793625
655,144.297,A,4,27.396177,67.128773,28.256089,66.523004,0.467604,-0.141050,-169.5194,0.078826,-169.5940,0.074320,29.111685,66.185530,-169.5940,0.919745,1.957721,-0.855595,0.337473,-1.715508,0.943243
656,144.478,A,4,26.110171,67.183117,28.056305,66.635748,0.450094,-0.153859,-169.1023,0.074300,-169.1726,0.071996,28.823246,66.220207,-169.1726,0.872280,2.878884,-0.766941,0.415542,-2.713075,0.962910
657,144.651,A,4,26.589444,66.581445,27.664537,66.739166,0.473157,-0.169874,-168.6952,0.072094,-168.7669,0.069263,28.527025,66.252280,-168.7669,0.990426,1.965342,-0.862488,0.486886,-1.937580,0.329165
658,144.852,A,4,27.062345,67.280153,27.425404,66.717948,0.466977,-0.154464,-168.3131,0.068254,-168.3722,0.068831,28.228171,66.281702,-168.3722,0.913644,1.534945,-0.802767,0.436246,-1.165826,0.998451
659,145.049,A,4,26.381832,65.586925,27.313723,66.823314,0.431460,-0.161945,-167.9343,0.066886,-167.9856,0.068569,27.931671,66.308449,-167.9856,0.804330,1.709561,-0.617949,0.514865,-1.549839,-0.721524
660,145.258,A,4,25.428614,66.514443,27.104105,66.609582,0.431326,-0.108614,-167.5603,0.065229,-167.6076,0.056797,27.639990,66.332856,-167.6076,0.603117,2.218820,-0.535885,0.276726,-2.211377,0.181587
661,145.466,A,4,25.659277,66.802337,26.763158,66.593624,0.449995,-0.106340,-167.1849,0.065951,-167.2410,0.063868,27.352422,66.355547,-167.2410,0.635541,1.751103,-0.589263,0.238077,-1.693145,0.446790
662,145.672,A,4,24.954727,67.011750,26.522226,66.630939,0.444395,-0.111401,-166.8342,0.062617,-166.8888,0.056715,27.065664,66.376946,-166.8888,0.599865,2.204322,-0.543439,0.253993,-2.110938,0.634804
663,145.884,A,4,25.113714,66.710930,26.199129,66.699170,0.454373,-0.125757,-166.4916,0.061548,-166.5514,0.060313,26.775173,66.396663,-166.5514,0.650644,1.690920,-0.576044,0.302508,-1.661459,0.314267
664,146.061,A,4,25.329021,66.238862,25.960614,66.702624,0.448992,-0.122363,-166.1694,0.057779,-166.2252,0.053915,26.477379,66.413470,-166.2252,0.592161,1.161556,-0.516764,0.289154,-1.148357,-0.174607
665,146.231,A,4,24.475314,66.654160,25.803534,66.621024,0.431786,-0.099198,-165.8434,0.057429,-165.9049,0.050275,26.171539,66.426131,-165.9049,0.416426,1.711484,-0.368004,0.194893,-1.696225,0.228029
666,146.415,A,4,23.646935,66.617494,25.524557,66.625811,0.436851,-0.101559,-165.5223,0.056498,-165.5877,0.050568,25.860050,66.434406,-165.5877,0.386253,2.220675,-0.335493,0.191405,-2.213115,0.183088
667,146.605,A,4,23.637804,67.009573,25.147230,66.623038,0.461047,-0.107077,-165.2174,0.054217,-165.2762,0.050513,25.547359,66.439453,-165.2762,0.440234,1.992846,-0.400129,0.183585,-1.909554,0.570120
668,146.771,A,4,23.781511,67.589299,24.833025,66.690279,0.466519,-0.123205,-164.9270,0.052236,-164.9750,0.053299,25.237780,66.443239,-164.9750,0.474189,1.853152,-0.404755,0.247040,-1.456269,1.146060
669,146.937,A,4,22.831067,66.847700,24.599378,66.849919,0.450778,-0.152067,-164.6434,0.050819,-164.6875,0.054740,24.933562,66.447305,-164.6875,0.523238,2.140281,-0.334184,0.402614,-2.102495,0.400395
670,147.136,A,4,23.265413,66.864511,24.238932,66.851926,0.469457,-0.153110,-164.3714,0.047967,-164.4141,0.039856,24.634470,66.451966,-164.4141,0.562510,1.429864,-0.395537,0.399960,-1.369057,0.412545
671,147.342,A,4,22.458132,67.440888,24.018239,66.856044,0.458305,-0.147685,-164.1335,0.043466,-164.1793,0.034945,24.339663,66.455398,-164.1793,0.513645,2.123993,-0.321424,0.400646,-1.881531,0.985490
672,147.524,A,4,22.620805,67.075298,23.704298,66.960902,0.472839,-0.171834,-163.9651,0.039725,-163.9617,0.040345,24.044223,66.456325,-163.9617,0.608397,1.552175,-0.339925,0.504578,-1.423418,0.618973
673,147.738,A,4,21.875186,66.113194,23.456181,66.984789,0.455871,-0.166570,-163.4764,0.076411,-163.4508,0.178285,23.746556,66.458111,-163.4508,0.601422,1.902891,-0.290376,0.526678,-1.871370,-0.344916
674,147.963,A,4,21.423348,67.004066,23.128460,66.832149,0.475308,-0.135431,-162.8092,0.093546,-162.8167,0.027706,23.453855,66.459291,-162.8167,0.494879,2.102317,-0.325395,0.372858,-2.030507,0.544775
675,148.170,A,4,21.748412,67.263582,22.777627,66.861709,0.487120,-0.145113,-162.8634,0.020714,-162.8834,0.038979,23.154658,66.454521,-162.8834,0.554936,1.622377,-0.377030,0.407188,-1.406246,0.809061
676,148.352,A,4,20.828809,67.016759,22.555791,66.932216,0.481611,-0.158584,-162.3581,0.083814,-162.1091,0.158360,22.864995,66.458678,-162.1091,0.565549,2.111282,-0.309204,0.473538,-2.036186,0.558082
677,148.547,A,4,20.532345,67.308015,22.192422,66.947247,0.485234,-0.160970,-161.6498,0.080879,-161.6828,0.017464,22.576912,66.459477,-161.6828,0.621090,2.213656,-0.384490,0.487770,-2.044567,0.848539
678,148.744,A,4,20.416928,66.756326,21.847819,67.011020,0.492233,-0.175385,-161.0118,0.114030,-160.9759,0.178142,22.297894,66.464835,-160.9759,0.707732,1.903418,-0.450075,0.546185,-1.880966,0.291490
679,148.976,A,4,20.573915,66.465643,21.543010,66.965804,0.497045,-0.165128,-160.3725,0.106318,-160.3501,0.124293,22.025497,66.470541,-160.3501,0.691433,1.451590,-0.482487,0.495263,-1.451582,-0.004898
680,149.179,A,4,20.297591,66.857001,21.320320,66.875178,0.488170,-0.142761,-159.5441,0.131287,-159.5005,0.127476,21.761267,66.480232,-159.5005,0.591960,1.511391,-0.440947,0.394946,-1.463676,0.376769
681,149.435,A,4,19.086104,66.577681,21.089555,66.867893,0.476567,-0.140072,-158.6840,0.144891,-158.6166,0.150922,21.501464,66.491498,-158.6166,0.557981,2.416898,-0.411909,0.376395,-2.415360,0.086182
682,149.695,A,4,20.183637,66.994626,20.685486,66.811401,0.502675,-0.140254,-157.7385,0.159013,-157.6602,0.173356,21.243434,66.504386,-157.6602,0.636839,1.167692,-0.557948,0.307015,-1.059797,0.490240
683,149.923,A,4,18.785081,67.449681,20.546337,66.837682,0.469228,-0.139126,-156.7270,0.171545,-156.6340,0.183745,20.984835,66.518063,-156.6340,0.542620,2.388897,-0.438498,0.319619,-2.199754,0.931618
684,150.160,A,4,18.887548,66.828972,20.186097,66.940297,0.476066,-0.168712,-155.6782,0.176925,-155.6021,0.138288,20.723974,66.531135,-155.6021,0.675815,1.860422,-0.537877,0.409162,-1.836427,0.297837
685,150.328,A,4,18.952874,66.938220,19.906587,66.916038,0.475517,-0.165787,-155.0818,0.126620,-155.0260,0.157926,20.458047,66.537428,-155.0260,0.668920,1.557620,-0.551460,0.378611,-1.505173,0.400792
686,150.562,A,4,17.965813,68.222247,19.688767,66.914370,0.461455,-0.163555,-153.7831,0.205382,-153.6583,0.281759,20.187088,66.543422,-153.6583,0.621230,2.784335,-0.498321,0.370948,-2.221276,1.678825
687,150.770,A,4,18.637352,67.227971,19.335153,67.140808,0.456025,-0.215637,-152.6782,0.183150,-152.6368,0.098009,19.917079,66.543602,-152.6368,0.833842,1.451228,-0.581926,0.597206,-1.279727,0.684369
688,150.993,A,4,18.353826,67.154921,19.162524,67.154332,0.433983,-0.208022,-151.9847,0.147868,-151.9245,0.214246,19.648602,66.541451,-151.9245,0.782237,1.432756,-0.486078,0.612881,-1.294776,0.613470
689,151.237,A,4,18.295062,66.299411,18.972440,67.151789,0.418800,-0.200327,-150.8145,0.179261,-150.7879,0.117967,19.380371,66.543728,-150.7879,0.732220,1.112469,-0.407931,0.608061,-1.085309,-0.244317
690,151.499,A,4,17.286896,66.924095,18.807599,66.997026,0.413996,-0.163992,-150.1585,0.138773,-150.1226,0.186358,19.113258,66.541240,-150.1226,0.548788,1.866058,-0.305659,0.455786,-1.826361,0.382855
691,151.723,A,4,16.901934,66.046165,18.494711,66.977258,0.424505,-0.170570,-149.2926,0.138933,-149.2942,0.110042,18.843138,66.537044,-149.2942,0.561417,2.002308,-0.348427,0.440214,-1.941204,-0.490879
692,151.941,A,4,16.360404,67.636406,18.168095,66.804222,0.450323,-0.151025,-148.4957,0.138802,-148.5024,0.118520,18.567913,66.526113,-148.5024,0.487031,2.471002,-0.399818,0.278110,-2.207509,1.110293
693,152.142,A,4,16.386899,66.621389,17.801808,66.941460,0.450158,-0.194100,-147.7573,0.131889,-147.7721,0.128162,18.286131,66.506643,-147.7721,0.650873,1.902695,-0.484323,0.434817,-1.899232,0.114746
694,152.384,A,4,16.114317,66.739340,17.503595,66.876676,0.457166,-0.190402,-147.0457,0.125408,-147.0622,0.118148,17.997852,66.479925,-147.0622,0.633799,1.901315,-0.494257,0.396750,-1.883535,0.259415
695,152.648,A,4,15.434919,67.229241,17.209627,66.843186,0.459169,-0.193025,-146.3585,0.120792,-146.3829,0.111378,17.705339,66.448195,-146.3829,0.633837,2.401008,-0.495712,0.394992,-2.270420,0.781046
696,152.877,A,4,14.583110,66.443019,16.846789,66.902175,0.462925,-0.219412,-145.4243,0.162079,-145.3674,0.262789,17.414068,66.420090,-145.3674,0.744454,2.831050,-0.567279,0.482085,-2.830958,0.022929
697,153.120,A,4,14.946128,66.863237,16.395537,66.811643,0.496801,-0.227209,-144.3863,0.163837,-144.3885,0.083951,17.134421,66.395731,-144.3885,0.847899,2.237675,-0.738884,0.415912,-2.188293,0.467506
698,153.304,A,4,15.458579,66.647402,16.085968,66.810524,0.492230,-0.235152,-144.0236,0.094956,-144.0361,0.119837,16.859926,66.368177,-144.0361,0.891450,1.428895,-0.773959,0.442347,-1.401347,0.279225
699,153.525,A,4,13.464187,66.319637,15.922913,66.771285,0.467119,-0.220091,-142.8771,0.177543,-142.8232,0.210941,16.596557,66.352672,-142.8232,0.793116,3.132544,-0.673644,0.418613,-3.132370,-0.033035
700,153.750,A,4,14.701724,65.729849,15.436865,66.679871,0.504946,-0.235307,-142.0666,0.143464,-142.0612,0.112447,16.334568,66.329690,-142.0612,0.963586,1.739537,-0.897703,0.350181,-1.632844,-0.599841
701,154.013,A,4,14.425323,67.199182,15.252106,66.497521,0.497868,-0.199805,-140.9168,0.186852,-140.9109,0.226246,16.073855,66.309373,-140.9109,0.843014,1.873344,-0.821750,0.188148,-1.648532,0.889809
702,154.239,A,4,13.593428,66.343940,15.057604,66.607344,0.459479,-0.219053,-139.9246,0.178489,-139.8826,0.199301,15.810769,66.284490,-139.8826,0.819446,2.218138,-0.753165,0.322854,-2.217342,0.059450
703,154.496,A,4,13.512075,66.146219,14.749902,66.547321,0.463319,-0.221998,-138.7252,0.200398,-138.6574,0.198271,15.548359,66.260095,-138.6574,0.848548,2.039466,-0.798457,0.287227,-2.036284,-0.113876
704,154.756,A,4,13.281201,66.166772,14.482391,66.461863,0.462961,-0.216550,-137.5217,0.207543,-137.4336,0.221706,15.289797,66.235305,-137.4336,0.838590,2.009765,-0.807406,0.226558,-2.008596,-0.068533
705,154.978,A,4,13.454487,66.354120,14.222077,66.393847,0.458943,-0.214577,-136.2157,0.221404,-136.1260,0.228293,15.039331,66.213615,-136.1260,0.836892,1.591060,-0.817255,0.180233,-1.584844,0.140505
706,155.198,A,4,13.676023,66.315665,14.039600,66.370434,0.437039,-0.210615,-134.8532,0.232225,-134.7587,0.247970,14.798639,66.196597,-134.7587,0.778691,1.128913,-0.759039,0.173837,-1.122616,0.119068
707,155.386,A,4,12.967380,65.816924,13.931150,66.344591,0.406251,-0.197502,-133.4225,0.243441,-133.3390,0.255554,14.566656,66.184850,-133.3390,0.655274,1.641052,-0.635505,0.159741,-1.599276,-0.367926
708,155.599,A,4,12.791121,66.235597,13.719438,66.234630,0.405791,-0.187788,-131.9405,0.253410,-131.8724,0.264812,14.340354,66.177373,-131.8724,0.623550,1.550326,-0.620916,0.057256,-1.549233,0.058224
709,155.833,A,4,12.000049,65.683606,13.515012,66.217085,0.391105,-0.192831,-130.4221,0.260386,-130.3616,0.271473,14.116134,66.171594,-130.3616,0.602841,2.171624,-0.601122,0.045491,-2.116085,-0.487988
710,156.081,A,4,12.896379,66.721762,13.207438,66.104589,0.405912,-0.199172,-128.8574,0.268902,-128.8060,0.276289,13.891447,66.164267,-128.8060,0.686608,1.140596,-0.684009,-0.059678,-0.995068,0.557494
711,156.314,A,4,11.859023,65.759116,13.112726,66.195423,0.358616,-0.203571,-127.2457,0.277031,-127.2027,0.280525,13.665809,66.153141,-127.2027,0.554697,1.849251,-0.553083,0.042283,-1.806786,-0.394024
712,156.513,A,4,11.692008,66.036479,12.853661,66.101294,0.366301,-0.206814,-125.6046,0.283006,-125.5510,0.290978,13.440519,66.138175,-125.5510,0.588015,1.751466,-0.586857,-0.036881,-1.748511,-0.101697
713,156.748,A,4,11.625438,66.459083,12.610546,66.071814,0.360331,-0.217098,-124.0298,0.269842,-124.0009,0.201078,13.218346,66.119805,-124.0009,0.609691,1.628639,-0.607799,-0.047991,-1.592908,0.339278
714,156.983,A,4,10.941776,66.591889,12.398611,66.123100,0.337469,-0.232567,-122.8754,0.227914,-122.8506,0.280094,13.006695,66.102556,-122.8506,0.608430,2.122106,-0.608083,0.020544,-2.064918,0.489333
715,157.214,A,4,10.292687,66.052595,12.103218,66.190162,0.324020,-0.262057,-120.9035,0.315752,-120.8543,0.340634,12.791560,66.097693,-120.8543,0.694525,2.499280,-0.688342,0.092469,-2.498873,-0.045098
716,157.442,A,4,11.360992,66.103165,11.743798,66.150848,0.335668,-0.286483,-119.4729,0.255436,-119.5054,0.146884,12.588291,66.094050,-119.5054,0.846401,1.227333,-0.844493,0.056799,-1.227299,0.009115
717,157.626,A,4,10.298573,66.641948,11.636012,66.127396,0.312722,-0.269305,-118.1891,0.243841,-118.1628,0.319832,12.388962,66.094928,-118.1628,0.753649,2.160776,-0.752949,0.032469,-2.090388,0.547020
718,157.804,A,4,10.720968,66.764579,11.361135,66.203660,0.293729,-0.293931,-116.6471,0.249178,-116.6553,0.170325,12.189274,66.097845,-116.6553,0.834872,1.612594,-0.828139,0.105815,-1.468306,0.666735
719,158.030,A,4,10.530083,66.333013,11.209221,66.290375,0.260524,-0.295992,-115.4636,0.229183,-115.4410,0.281495,11.992716,66.095836,-115.4410,0.807286,1.481739,-0.783496,0.194539,-1.462633,0.237178
720,158.249,A,4,9.904491,66.594031,11.052016,66.286984,0.246581,-0.289456,-114.2139,0.212127,-114.2282,0.190990,11.795011,66.089624,-114.2282,0.768760,1.956653,-0.742994,0.197359,-1.890520,0.504407
721,158.438,A,4,9.795131,65.656674,10.812815,66.330692,0.233301,-0.303197,-113.0148,0.207280,-113.0257,0.201785,11.596352,66.079571,-113.0257,0.822795,1.850200,-0.783537,0.251121,-1.801221,-0.422897
722,158.654,A,4,9.450740,65.911453,10.596535,66.200949,0.249471,-0.295273,-111.8894,0.198157,-111.9226,0.197001,11.396146,66.061302,-111.9226,0.811714,1.951168,-0.799611,0.139647,-1.945405,-0.149849
723,158.864,A,4,9.505050,66.732514,10.357657,66.137164,0.253231,-0.299297,-110.8133,0.189680,-110.8939,0.187866,11.194455,66.034436,-110.8939,0.843080,1.827950,-0.836798,0.102728,-1.689405,0.698078
724,159.063,A,4,8.997321,66.262250,10.170339,66.230038,0.222519,-0.307524,-109.8092,0.179196,-109.9292,0.174483,10.993811,66.003855,-109.9292,0.853970,2.013142,-0.823471,0.226183,-1.996490,0.258395
725,159.286,A,4,9.395720,65.746779,9.926679,66.225132,0.217252,-0.317144,-108.9028,0.163856,-109.0229,0.153816,10.795597,65.972455,-109.0229,0.904911,1.417951,-0.868918,0.252677,-1.399877,-0.225676
726,159.474,A,4,8.247256,66.451400,9.796820,66.129838,0.219727,-0.297654,-108.0683,0.150678,-108.1737,0.139877,10.599444,65.940527,-108.1737,0.824648,2.407027,-0.802624,0.189311,-2.352187,0.510872
727,159.673,A,4,8.703570,65.135677,9.487383,66.175284,0.208538,-0.325337,-107.2957,0.139381,-107.3836,0.131711,10.403536,65.905807,-107.3836,0.954962,1.866276,-0.916152,0.269477,-1.699966,-0.770131
728,159.869,A,4,8.474380,66.037955,9.312404,65.980131,0.233641,-0.307279,-106.5760,0.129485,-106.6541,0.121208,10.205737,65.863816,-106.6541,0.900874,1.740092,-0.893333,0.116314,-1.731357,0.174138
729,160.084,A,4,8.263273,66.657017,9.125703,65.975961,0.219468,-0.306947,-105.8641,0.118845,-105.9803,0.105430,10.005079,65.809772,-105.9803,0.894942,1.936934,-0.879377,0.166188,-1.741806,0.847245
730,160.243,A,4,8.949803,65.460568,8.940605,66.085859,0.184886,-0.315653,-105.2758,0.114612,-105.3507,0.107412,9.802289,65.741227,-105.3507,0.928047,0.897498,-0.861684,0.344632,-0.852487,-0.280659
731,160.456,A,4,7.806494,66.139841,8.908468,65.965389,0.188412,-0.278025,-104.6480,0.111422,-104.7531,0.105866,9.599188,65.659375,-104.7531,0.755472,1.855963,-0.690720,0.306014,-1.792694,0.480466
732,160.668,A,4,8.884720,65.515702,8.682066,65.985344,0.176121,-0.291091,-104.0652,0.104498,-104.1815,0.099435,9.397176,65.566232,-104.1815,0.828877,0.514941,-0.715110,0.419112,-0.512456,-0.050530
733,160.869,A,4,8.244922,65.363552,8.686985,65.892134,0.173353,-0.251285,-103.5270,0.096710,-103.6364,0.093994,9.196800,65.464243,-103.6364,0.665584,0.957189,-0.509815,0.427891,-0.951878,-0.100691
734,161.092,A,4,7.812002,65.150547,8.581100,65.787400,0.179416,-0.237270,-103.0114,0.092393,-103.1197,0.091084,8.998507,65.358332,-103.1197,0.598605,1.204562,-0.417407,0.429068,-1.186505,-0.207785
735,161.312,A,4,7.566680,64.725560,8.423854,65.665005,0.195581,-0.240034,-102.6182,0.088802,-102.6332,0.080545,8.802139,65.250555,-102.6332,0.561130,1.342378,-0.378284,0.414449,-1.235458,-0.524995
736,161.562,A,4,6.954635,65.060654,8.246492,65.485563,0.218134,-0.238642,-102.1527,0.083906,-102.1757,0.077001,8.607439,65.139662,-102.1757,0.499929,1.654691,-0.360946,0.345900,-1.652804,-0.079009
737,161.795,A,4,8.137629,65.060307,7.991823,65.394969,0.223773,-0.257965,-101.6986,0.081636,-101.7404,0.084268,8.414404,65.021395,-101.7404,0.564032,0.279498,-0.422582,0.373574,-0.276776,0.038912
738,161.973,A,4,6.644852,64.192227,7.990374,65.320226,0.212933,-0.224762,-101.2517,0.080100,-101.3158,0.074162,8.223265,64.890279,-101.3158,0.488971,1.725881,-0.232891,0.429947,-1.578413,-0.698052
739,162.176,A,4,6.782161,65.392212,7.722185,65.100982,0.239514,-0.237503,-100.7434,0.076337,-100.8912,0.077700,8.034194,64.742589,-100.8912,0.475179,1.410530,-0.312009,0.358392,-1.252032,0.649623
740,162.380,A,4,7.115273,64.907141,7.528232,65.134227,0.213572,-0.250027,-100.3452,0.072116,-100.4630,0.076724,7.847193,64.578313,-100.4630,0.640919,0.802393,-0.318961,0.555915,-0.731920,0.328829
741,162.622,A,4,6.485792,63.670229,7.427516,65.077846,0.204158,-0.238867,-99.9497,0.070547,-100.0346,0.062565,7.662253,64.401146,-100.0346,0.716257,1.385028,-0.234738,0.676700,-1.176461,-0.730918
742,162.855,A,4,7.098576,63.678775,7.234178,64.811895,0.241115,-0.239061,-99.5718,0.068077,-99.6115,0.064073,7.479659,64.216660,-99.6115,0.643868,0.659199,-0.245481,0.595236,-0.381082,-0.537884
743,163.069,A,4,5.999738,64.468930,7.183730,64.591172,0.259050,-0.213025,-99.1737,0.069733,-99.1971,0.071474,7.300126,64.029504,-99.1971,0.573601,1.372627,-0.116396,0.561667,-1.300388,0.439426
744,163.283,A,4,6.107348,63.942076,6.948955,64.547910,0.246420,-0.233782,-98.7519,0.073079,-98.7914,0.074113,7.124557,63.841585,-98.7914,0.727826,1.022161,-0.175602,0.706325,-1.017209,0.100491
745,163.476,A,4,5.109109,63.426267,6.773509,64.419954,0.249706,-0.237362,-98.3341,0.072762,-98.3909,0.078914,6.953552,63.651846,-98.3909,0.788927,1.858186,-0.180043,0.768108,-1.844442,-0.225579
746,163.698,A,4,6.101461,63.686928,6.451410,64.222400,0.271383,-0.267724,-97.8963,0.075315,-97.9917,0.081681,6.786903,63.456791,-97.9917,0.835891,0.723044,-0.335493,0.765610,-0.685441,0.230137
747,163.923,A,4,5.888880,62.669701,6.360186,64.104692,0.266477,-0.251321,-97.4676,0.075233,-97.5919,0.078685,6.623412,63.251744,-97.5919,0.892641,0.937182,-0.263226,0.852948,-0.734531,-0.582043
748,164.155,A,4,5.477209,63.211997,6.249245,63.826933,0.294791,-0.235914,-97.0648,0.071577,-97.1944,0.072804,6.461515,63.033027,-97.1944,0.821794,1.000444,-0.212270,0.793906,-0.984306,0.178970
749,164.325,A,4,5.056455,62.834938,6.085983,63.692023,0.292614,-0.237552,-96.6673,0.070912,-96.8051,0.060958,6.300480,62.801709,-96.8051,0.915789,1.244469,-0.214497,0.890314,-1.244025,0.033230
750,164.516,A,4,5.546453,62.201856,5.876941,63.514047,0.300460,-0.247204,-96.3085,0.065692,-96.4297,0.052733,6.141693,62.573250,-96.4297,0.977339,0.701601,-0.264751,0.940797,-0.595240,-0.371394
751,164.739,A,4,4.507896,62.003015,5.791526,63.254321,0.320236,-0.228918,-95.9542,0.063505,-96.0657,0.056236,5.986177,62.351822,-96.0657,0.923252,1.518876,-0.194652,0.902499,-1.478282,-0.348807
752,164.958,A,4,3.672270,61.752536,5.538141,63.003073,0.340289,-0.247203,-95.6002,0.063373,-95.7084,0.065058,5.834756,62.137830,-95.7084,0.914673,2.196543,-0.296615,0.865243,-2.162487,-0.385294
753,165.144,A,4,4.320417,62.414239,5.179370,62.750024,0.360653,-0.284969,-95.2570,0.061530,-95.3551,0.062371,5.687438,61.930517,-95.3551,0.964222,1.450080,-0.508067,0.819507,-1.367021,0.483721
754,165.362,A,4,3.406251,62.012202,4.996109,62.658089,0.341624,-0.287063,-94.9148,0.060741,-95.0081,0.063883,5.543149,61.728260,-95.0081,1.078812,2.155680,-0.547041,0.929829,-2.136898,0.283943
755,165.575,A,4,3.777987,61.729740,4.682935,62.512575,0.338235,-0.314116,-94.5849,0.058950,-94.6729,0.058326,5.400279,61.529128,-94.6729,1.217272,1.634649,-0.717344,0.983447,-1.622292,0.200612
756,165.788,A,4,4.629773,60.649334,4.489267,62.343082,0.337237,-0.313613,-94.2690,0.056409,-94.3545,0.048909,5.257671,61.331630,-94.3545,1.270228,0.927245,-0.768404,1.011452,-0.627898,-0.682296
757,166.001,A,4,3.895714,61.822338,4.481996,62.011450,0.365320,-0.272563,-93.9737,0.052654,-94.0530,0.046980,5.115258,61.135304,-94.0530,1.081042,1.399751,-0.633262,0.876146,-1.219544,0.687034
758,166.188,A,4,2.990899,61.344605,4.349151,61.944490,0.338935,-0.266872,-93.6799,0.052545,-93.7653,0.057286,4.973835,60.939990,-93.7653,1.182899,2.023796,-0.624684,1.004500,-1.982936,0.404614
759,166.356,A,4,3.357764,61.371429,4.079799,61.806704,0.332120,-0.288352,-93.3927,0.051943,-93.4948,0.049746,4.834072,60.738529,-93.4948,1.307642,1.606252,-0.754273,1.068176,-1.476308,0.632900
760,166.590,A,4,2.752167,60.740813,3.921751,61.698865,0.317958,-0.285442,-93.1239,0.049195,-93.2427,0.054360,4.696306,60.532074,-93.2427,1.400478,1.955313,-0.774555,1.166792,-1.944140,0.208739
761,166.826,A,4,3.495130,59.790991,3.684614,61.499195,0.325051,-0.297652,-92.8731,0.045664,-93.0118,0.030793,4.559976,60.324322,-93.0118,1.465123,1.190940,-0.875361,1.174874,-1.064845,-0.533331
762,167.003,A,4,2.797014,60.618677,3.620900,61.165343,0.355918,-0.271690,-92.6745,0.038760,-92.8052,0.033737,4.424043,60.117458,-92.8052,1.320266,1.702482,-0.803143,1.047885,-1.627029,0.501219
763,167.219,A,4,2.063371,59.803941,3.446602,61.035001,0.343338,-0.274073,-92.5006,0.033101,-92.6244,0.025473,4.287760,59.911431,-92.6244,1.403551,2.226985,-0.841157,1.123570,-2.224389,-0.107491
764,167.430,A,4,3.098462,60.421578,3.172718,60.783970,0.357729,-0.295062,-92.3552,0.028712,-92.4676,0.024444,4.151186,59.704093,-92.4676,1.457235,1.273975,-0.978468,1.079877,-1.052724,0.717485
765,167.638,A,4,2.289476,58.947185,3.129791,60.686276,0.336596,-0.268676,-92.2294,0.024626,-92.3293,0.023221,4.015200,59.492030,-92.3293,1.486665,1.809691,-0.885410,1.194246,-1.725724,-0.544845
766,167.844,A,4,2.841291,60.000651,2.959049,60.352660,0.376157,-0.275521,-92.1291,0.023381,-92.2028,0.023353,3.880857,59.272134,-92.2028,1.420305,1.269422,-0.921808,1.080526,-1.039565,0.728516
767,168.030,A,4,2.162477,59.781583,2.911599,60.256590,0.353001,-0.252565,-92.0008,0.023434,-92.0842,0.024044,3.748584,59.043190,-92.0842,1.474071,1.749560,-0.836984,1.213401,-1.586107,0.738393
768,168.227,A,4,2.537963,58.280139,2.748099,60.132961,0.331055,-0.250270,-91.8624,0.020345,-91.9740,0.024953,3.617957,58.806507,-91.9740,1.586232,1.201438,-0.869859,1.326453,-1.079995,-0.526369
769,168.451,A,4,2.621898,57.990388,2.691702,59.780772,0.374353,-0.235753,-91.7714,0.021424,-91.8743,0.016575,3.488210,58.565374,-91.8743,1.453140,1.039762,-0.796507,1.215398,-0.866312,-0.574986
770,168.664,A,4,1.946543,57.778853,2.656649,59.429728,0.404483,-0.212872,-91.6691,0.019840,-91.7854,0.015863,3.359057,58.323492,-91.7854,1.310395,1.513878,-0.702408,1.106236,-1.412514,-0.544639
771,168.913,A,4,2.136144,58.105254,2.505615,59.092108,0.418814,-0.211941,-91.5774,0.015522,-91.7042,0.022333,3.231092,58.083263,-91.7042,1.242612,1.095169,-0.725477,1.008845,-1.094948,0.021991
772,169.172,A,4,1.358979,57.105336,2.422865,58.885310,0.422919,-0.207759,-91.5152,0.014723,-91.6265,0.010524,3.105396,57.844961,-91.6265,1.244258,1.896581,-0.682532,1.040349,-1.746418,-0.739625
773,169.380,A,4,1.350427,56.944893,2.209522,58.522634,0.440211,-0.220394,-91.4232,0.014658,-91.5483,0.009157,2.982835,57.606808,-91.5483,1.198645,1.761502,-0.773313,0.915826,-1.632409,-0.661916
774,169.554,A,4,0.580311,57.778412,2.034601,58.200359,0.455591,-0.228340,-91.3585,0.013586,-91.4672,0.015379,2.863536,57.365676,-91.4672,1.176363,2.320230,-0.828935,0.834683,-2.283225,0.412736
775,169.754,A,4,2.327640,57.805615,1.753030,58.082054,0.428552,-0.258320,-91.2875,0.013521,-91.3830,0.011255,2.746917,57.118485,-91.3830,1.384296,0.804948,-0.993887,0.963569,-0.419277,0.687130
776,169.967,A,4,1.557931,57.175487,1.829504,57.992288,0.396771,-0.212502,-91.2165,0.013275,-91.2966,0.016376,2.632273,56.863766,-91.2966,1.384919,1.118651,-0.802769,1.128522,-1.074342,0.311721
777,170.206,A,4,1.076662,56.664109,1.759992,57.809298,0.388390,-0.201109,-91.1528,0.011984,-91.2075,0.019901,2.519404,56.602397,-91.2075,1.425944,1.444061,-0.759411,1.206901,-1.442742,0.061712
778,170.436,A,4,1.025409,55.427502,1.618384,57.568606,0.393054,-0.205436,-91.0746,0.013087,-91.1137,0.009323,2.408826,56.337182,-91.1137,1.463285,1.655706,-0.790442,1.231424,-1.383417,-0.909680
779,170.675,A,4,0.712251,55.880723,1.492491,57.150206,0.433170,-0.205306,-90.9921,0.014510,-91.0133,0.013601,2.301403,56.071463,-91.0133,1.348341,1.600558,-0.808912,1.078743,-1.589152,-0.190740
780,170.926,A,4,1.081572,55.190492,1.333253,56.882990,0.438072,-0.212770,-90.8930,0.017216,-90.9061,0.019037,2.197688,55.807546,-90.9061,1.379793,1.275331,-0.864435,1.075445,-1.116116,-0.617054
781,171.129,A,4,1.151582,55.785422,1.267440,56.539984,0.457375,-0.200157,-90.7850,0.018202,-90.7935,0.012689,2.097552,55.545867,-90.7935,1.295127,0.975831,-0.830112,0.994116,-0.945970,0.239555
782,171.342,A,4,0.118851,55.621541,1.227041,56.361990,0.440803,-0.184591,-90.6750,0.019110,-90.6775,0.027394,2.000307,55.284963,-90.6775,1.325868,1.911325,-0.773267,1.077026,-1.881457,0.336578
783,171.563,A,4,-0.024250,55.021429,1.011630,56.188006,0.425945,-0.206469,-90.5221,0.025019,-90.5597,0.016221,1.905183,55.021981,-90.5597,1.469031,1.929432,-0.893553,1.166025,-1.929432,-0.000552
784,171.778,A,4,0.454852,54.579252,0.807098,55.939575,0.427820,-0.223435,-90.3889,0.024210,-90.4398,0.022803,1.811841,54.753887,-90.4398,1.554144,1.368180,-1.004743,1.185688,-1.356989,-0.174634
785,172.008,A,4,0.661080,55.193691,0.722713,55.656457,0.436110,-0.214025,-90.2748,0.021707,-90.3156,0.012034,1.720529,54.478928,-90.3156,1.543441,1.278013,-0.997816,1.177529,-1.059448,0.714762
786,172.183,A,4,0.592951,54.203843,0.691003,55.532228,0.410980,-0.195491,-90.1538,0.021790,-90.1852,0.025336,1.631732,54.197445,-90.1852,1.632979,1.038801,-0.940729,1.334784,-1.038781,0.006399
787,172.400,A,4,-0.083817,53.337234,0.654737,55.256308,0.419583,-0.179778,-90.0258,0.022069,-90.0492,0.029034,1.545683,53.911662,-90.0492,1.613029,1.727785,-0.890947,1.344647,-1.629501,-0.574427
788,172.642,A,4,-0.087007,53.857586,0.506049,54.874272,0.448907,-0.188679,-89.8780,0.024920,-89.9107,0.026875,1.462094,53.624591,-89.9107,1.573443,1.566525,-0.956045,1.249681,-1.549101,0.232995
789,172.850,A,4,0.155318,52.449805,0.382496,54.650046,0.442666,-0.191786,-89.7340,0.025369,-89.7739,0.015494,1.380324,53.338598,-89.7739,1.647895,1.513471,-0.997829,1.311449,-1.225006,-0.888793
790,173.071,A,4,-0.530820,52.879639,0.323918,54.215695,0.479723,-0.181299,-89.6071,0.022927,-89.6415,0.026887,1.299805,53.054456,-89.6415,1.516850,1.838954,-0.975888,1.161240,-1.830626,-0.174817
791,173.305,A,4,-0.496384,52.260757,0.154725,53.931568,0.481977,-0.194727,-89.4781,0.022582,-89.4986,0.020469,1.220339,52.771143,-89.5137,1.575475,1.790986,-1.065615,1.160425,-1.716723,-0.510386
792,173.494,A,4,-0.168838,52.645827,0.020601,53.587593,0.496052,-0.199624,-89.3655,0.020019,-89.3890,0.019363,1.142108,52.486208,-89.3890,1.571886,1.320627,-1.121507,1.101385,-1.310945,0.159619
793,173.725,A,4,0.331931,51.667120,-0.031708,53.372058,0.482418,-0.187407,-89.2532,0.020114,-89.2654,0.019133,1.065402,52.196790,-89.2654,1.607764,0.904726,-1.097110,1.175269,-0.733471,-0.529669
794,173.959,A,4,-0.142736,51.830660,0.018758,53.032142,0.507952,-0.159787,-89.1505,0.021481,-89.1427,0.022438,0.990286,51.900967,-89.1427,1.491115,1.135202,-0.971528,1.131175,-1.133023,-0.070307
795,174.163,A,4,-0.762275,50.895863,-0.026720,52.761810,0.492998,-0.147604,-88.9896,0.023474,-89.0229,0.021671,0.916462,51.598654,-89.0229,1.497506,1.819911,-0.943182,1.163156,-1.678738,-0.702791
796,174.358,A,4,-0.131333,51.175009,-0.170907,52.382020,0.512853,-0.160686,-88.8704,0.021833,-88.9091,0.022799,0.843456,51.291626,-88.9091,1.489259,0.981740,-1.014363,1.090394,-0.974789,-0.116617
797,174.534,A,4,-0.767368,49.771062,-0.178270,52.117593,0.507252,-0.144340,-88.7773,0.018270,-88.8029,0.019662,0.770973,50.982691,-88.8029,1.479549,1.958197,-0.949243,1.134902,-1.538341,-1.211629
798,174.757,A,4,-0.110000,49.755796,-0.295851,51.650852,0.543095,-0.152978,-88.6681,0.018823,-88.7037,0.021506,0.699095,50.674380,-88.7037,1.394064,1.224104,-0.994946,0.976472,-0.809095,-0.918584
799,174.921,A,4,-1.225123,49.747557,-0.276174,51.260963,0.559576,-0.132665,-88.5714,0.017392,-88.6095,0.013685,0.628142,50.367898,-88.6095,1.270964,1.954332,-0.904316,0.893064,-1.853265,-0.620341
800,175.128,A,4,-0.771604,49.649611,-0.456442,50.937469,0.559925,-0.155228,-88.4921,0.014926,-88.5190,0.012439,0.558361,50.062736,-88.5190,1.339770,1.392652,-1.014803,0.874733,-1.329965,-0.413125
801,175.318,A,4,-1.247561,48.461191,-0.525983,50.654035,0.552480,-0.152644,-88.4174,0.014024,-88.4316,0.019355,0.489737,49.756889,-88.4316,1.355197,2.167265,-1.015720,0.897146,-1.737298,-1.295698
802,175.523,A,4,-0.869303,48.911223,-0.664504,50.222094,0.589945,-0.169183,-88.3614,0.012619,-88.3478,0.016911,0.422076,49.447724,-88.3478,1.334280,1.398389,-1.086580,0.774370,-1.291379,-0.536501
803,175.729,A,4,-1.100618,49.583431,-0.717645,49.923157,0.569807,-0.158330,-88.2584,0.014330,-88.2678,0.015535,0.355246,49.133241,-88.2678,1.332315,1.523881,-1.072891,0.789916,-1.455864,0.450191
804,175.958,A,4,-1.019555,47.614090,-0.799306,49.807504,0.526979,-0.157247,-88.1825,0.013746,-88.1902,0.009140,0.289368,48.813076,-88.1902,1.474483,1.775062,-1.088674,0.994428,-1.308923,-1.198985
805,176.162,A,4,-1.122098,49.487744,-0.849187,49.377498,0.566688,-0.155294,-88.1222,0.013337,-88.1125,0.022678,0.224786,48.488694,-88.1125,1.394055,1.676960,-1.073973,0.888803,-1.346884,0.999049
806,176.395,A,4,-1.021396,47.907269,-0.912824,49.333897,0.497328,-0.147204,-88.0211,0.014156,-88.0330,0.020000,0.161846,48.162724,-88.0330,1.589516,1.210504,-1.074671,1.171173,-1.183242,-0.255455
807,176.598,A,4,-1.339910,47.724586,-0.944575,49.031741,0.500987,-0.138500,-87.9433,0.013562,-87.9513,0.011907,0.100655,47.837728,-87.9513,1.586875,1.445001,-1.045230,1.194013,-1.440565,-0.113142
808,176.786,A,4,-1.235669,46.995331,-1.026457,48.750496,0.499661,-0.140941,-87.8671,0.013713,-87.8685,0.016664,0.041012,47.515109,-87.8685,1.632688,1.378435,-1.067469,1.235386,-1.276681,-0.519778
809,177.011,A,4,-0.826156,46.384845,-1.075385,48.389564,0.514860,-0.137010,-87.7896,0.013696,-87.7862,0.019343,-0.017389,47.194632,-87.7862,1.596000,1.144491,-1.057996,1.194931,-0.808768,-0.809787
810,177.277,A,4,-1.395823,46.261471,-1.042191,47.982789,0.538156,-0.117279,-87.7084,0.013690,-87.7044,0.016149,-0.074648,46.874582,-87.7044,1.471143,1.456506,-0.967543,1.108207,-1.321175,-0.613111
811,177.489,A,4,-1.542290,45.655364,-1.114278,47.624175,0.548226,-0.120977,-87.6290,0.013782,-87.6213,0.012527,-0.130475,46.552507,-87.6213,1.454765,1.672748,-0.983803,1.071668,-1.411815,-0.897142
812,177.693,A,4,-0.710946,46.165946,-1.199831,47.220588,0.566128,-0.127414,-87.5541,0.012840,-87.5338,0.012474,-0.184327,46.226378,-87.5338,1.421162,0.530075,-1.015504,0.994210,-0.526619,-0.060432
813,177.850,A,4,-1.839188,45.147999,-1.122643,46.977944,0.550517,-0.098950,-87.4527,0.016326,-87.4394,0.008703,-0.235773,45.895567,-87.4394,1.399313,1.769124,-0.886870,1.082376,-1.603415,-0.747569
814,178.041,A,4,-1.211820,45.521844,-1.257263,46.598915,0.562729,-0.117932,-87.3596,0.016236,-87.3383,0.013931,-0.284808,45.561136,-87.3383,1.422201,0.927844,-0.972455,1.037780,-0.927012,-0.039292
815,178.261,A,4,-1.239037,45.446128,-1.257935,46.352604,0.547652,-0.106548,-87.2580,0.017001,-87.2330,0.018659,-0.331863,45.225318,-87.2330,1.458898,0.933660,-0.926071,1.127286,-0.907173,0.220810
816,178.480,A,4,-1.582962,44.777790,-1.262209,46.138145,0.527815,-0.097016,-87.1443,0.019017,-87.1264,0.026774,-0.377498,44.890464,-87.1264,1.529517,1.210719,-0.884711,1.247681,-1.205464,-0.112674
817,178.662,A,4,-1.800479,44.057128,-1.326010,45.844862,0.525739,-0.101442,-87.0334,0.018842,-87.0200,0.018552,-0.422002,44.557999,-87.0200,1.572655,1.466653,-0.904008,1.286862,-1.378477,-0.500871
818,178.857,A,4,-0.835587,44.091066,-1.417506,45.475621,0.539035,-0.111788,-86.9250,0.018413,-86.9134,0.022325,-0.465239,44.227891,-86.9134,1.569599,0.394814,-0.952267,1.247730,-0.370347,-0.136825
819,179.065,A,4,-1.880102,43.520610,-1.321787,45.176830,0.538255,-0.082401,-86.8221,0.018176,-86.8047,0.021740,-0.506798,43.898697,-86.8047,1.515860,1.424400,-0.814990,1.278132,-1.373305,-0.378087
820,179.259,A,4,-1.438839,43.258327,-1.426125,44.829911,0.545365,-0.097592,-86.7150,0.018908,-86.6920,0.011547,-0.546340,43.568152,-86.6920,1.538199,0.944746,-0.879784,1.261759,-0.892498,-0.309825
821,179.468,A,4,-2.126145,42.213952,-1.434652,44.497301,0.549709,-0.091571,-86.5992,0.020189,-86.5755,0.019563,-0.583893,43.234160,-86.5755,1.522930,1.849153,-0.850759,1.263141,-1.542252,-1.020208
822,179.688,A,4,-2.341314,43.430509,-1.563289,44.037479,0.578053,-0.112107,-86.4777,0.020401,-86.4572,0.023165,-0.619855,42.895762,-86.4572,1.481076,1.802603,-0.943434,1.141717,-1.721459,0.534747
823,179.895,A,4,-2.152209,43.813601,-1.709052,43.873305,0.542892,-0.130625,-86.3457,0.022663,-86.3401,0.022234,-0.654743,42.553549,-86.3401,1.689179,1.957074,-1.054309,1.319757,-1.497466,1.260052
824,180.102,A,4,-1.743480,41.181192,-1.797104,43.809804,0.491981,-0.134199,-86.2400,0.019260,-86.2256,0.006449,-0.688868,42.209365,-86.2256,1.946687,1.472870,-1.108236,1.600439,-1.054612,-1.028173
825,180.286,A,4,-1.976711,41.934801,-1.797201,43.293876,0.539742,-0.124942,-86.1287,0.019298,-86.1136,0.019887,-0.722193,41.865419,-86.1136,1.787773,1.256436,-1.075008,1.428457,-1.254518,0.069382
826,180.510,A,4,-2.011151,40.747221,-1.837564,42.999297,0.536565,-0.122398,-86.0208,0.019022,-86.0028,0.020454,-0.754476,41.523264,-86.0028,1.830780,1.476981,-1.083088,1.476034,-1.256674,-0.776043
827,180.730,A,4,-1.614099,40.731169,-1.876507,42.546093,0.565897,-0.121995,-85.9033,0.019836,-85.8925,0.026069,-0.785577,41.183155,-85.8925,1.745775,0.943790,-1.090930,1.362938,-0.828522,-0.451986
828,180.957,A,4,-1.650546,41.385651,-1.837504,42.167948,0.577626,-0.105039,-85.7997,0.017946,-85.7832,0.013744,-0.815641,40.843977,-85.7832,1.672454,0.995227,-1.021863,1.323971,-0.834905,0.541674
829,181.190,A,4,-1.596777,40.564801,-1.810151,41.972606,0.550807,-0.090082,-85.6913,0.018725,-85.6768,0.006325,-0.845020,40.503696,-85.6768,1.757604,0.754236,-0.965130,1.468909,-0.751757,0.061104
830,181.388,A,4,-2.390120,40.315041,-1.776751,41.668541,0.549216,-0.077210,-85.6003,0.016818,-85.5751,0.015745,-0.873993,40.160250,-85.5751,1.757815,1.524008,-0.902758,1.508291,-1.516127,0.154791
831,181.631,A,4,-1.776164,39.974595,-1.889217,41.374406,0.543720,-0.095359,-85.5176,0.014870,-85.4782,0.012074,-0.902535,39.812507,-85.4782,1.847450,0.888538,-0.986682,1.561899,-0.873629,0.162089
832,181.860,A,4,-2.569632,39.630611,-1.873195,41.083603,0.553343,-0.087517,-85.4414,0.015495,-85.3844,0.018489,-0.930352,39.460792,-85.3844,1.876824,1.648053,-0.942843,1.622812,-1.639280,0.169819
833,182.034,A,4,-1.919448,39.079995,-2.001930,40.763256,0.540769,-0.106757,-85.3235,0.015690,-85.2918,0.028797,-0.957128,39.106724,-85.2918,1.958497,0.962691,-1.044802,1.656532,-0.962320,-0.026729
834,182.211,A,4,-1.891951,38.561392,-1.993161,40.410995,0.549624,-0.098120,-85.2343,0.014338,-85.1993,0.016600,-0.982799,38.752449,-85.1993,1.942063,0.929010,-1.010362,1.658547,-0.909151,-0.191057
835,182.412,A,4,-1.884797,38.551637,-1.980060,40.028422,0.563674,-0.090208,-85.1397,0.015830,-85.1079,0.014528,-1.007638,38.399642,-85.1079,1.896979,0.890230,-0.972422,1.628780,-0.877159,0.151995
836,182.601,A,4,-1.822132,38.415565,-1.967067,39.710904,0.562970,-0.082320,-85.0396,0.016680,-85.0192,0.010958,-1.032060,38.048822,-85.0192,1.907027,0.871042,-0.935006,1.662082,-0.790072,0.366743
837,182.859,A,4,-2.560163,37.353161,-1.944417,39.425753,0.555965,-0.072962,-84.9654,0.013737,-84.9342,0.012867,-1.056297,37.699206,-84.9342,1.941577,1.543166,-0.888120,1.726547,-1.503866,-0.346045
838,183.103,A,4,-2.350390,37.704856,-2.055348,39.014895,0.587122,-0.096214,-84.9007,0.014177,-84.8521,0.003368,-1.080144,37.349073,-84.8521,1.930282,1.319131,-0.975204,1.665822,-1.270246,0.355783
839,183.352,A,4,-2.915739,36.932179,-2.112635,38.716277,0.566365,-0.099900,-84.8213,0.012331,-84.7703,0.001925,-1.103011,36.996539,-84.7703,1.994201,1.813870,-1.009623,1.719738,-1.812728,-0.064360
840,183.557,A,4,-2.361967,36.115737,-2.260098,38.343746,0.573638,-0.124669,-84.7369,0.013801,-84.6854,0.015639,-1.124276,36.640449,-84.6854,2.047269,1.344322,-1.135823,1.703297,-1.237692,-0.524712
841,183.753,A,4,-1.834328,35.136134,-2.284996,37.891242,0.598371,-0.123330,-84.6392,0.015873,-84.5958,0.015544,-1.143675,36.280937,-84.5958,1.973751,1.337002,-1.141321,1.610304,-0.690653,-1.144803
842,183.966,A,4,-2.534806,36.049437,-2.211101,37.342607,0.641462,-0.104036,-84.5413,0.016332,-84.5019,0.010213,-1.161440,35.919372,-84.5019,1.768442,1.379511,-1.049661,1.423235,-1.373366,0.130065
843,184.180,A,4,-2.176334,35.453928,-2.272729,37.050153,0.625333,-0.109885,-84.4632,0.014080,-84.4056,0.014303,-1.178079,35.557727,-84.4056,1.850836,1.003637,-1.094650,1.492426,-0.998255,-0.103799
844,184.406,A,4,-2.549578,34.613164,-2.260185,36.705190,0.623041,-0.101122,-84.3641,0.016075,-84.3085,0.019790,-1.193964,35.197691,-84.3085,1.846450,1.476265,-1.066220,1.507499,-1.355614,-0.584527
845,184.623,A,4,-1.786385,33.791699,-2.315377,36.272245,0.637523,-0.108839,-84.2626,0.016931,-84.2104,0.005912,-1.209052,34.839969,-84.2104,1.809799,1.196738,-1.106325,1.432277,-0.577333,-1.048270
846,184.859,A,4,-2.120162,34.097149,-2.225372,35.768626,0.667359,-0.087801,-84.1514,0.018393,-84.1098,0.016104,-1.222907,34.484055,-84.1098,1.629435,0.977120,-1.002465,1.284571,-0.897255,-0.386907
847,185.061,A,4,-2.056685,34.776347,-2.208392,35.406401,0.663745,-0.081378,-84.0355,0.019452,-84.0043,0.015886,-1.234991,34.128466,-84.0043,1.606432,1.046389,-0.973401,1.277934,-0.821694,0.647880
848,185.220,A,4,-2.895263,33.874781,-2.182466,35.229961,0.623176,-0.070328,-83.9320,0.017939,-83.8927,0.012569,-1.244992,33.771387,-83.8927,1.733868,1.653507,-0.937474,1.458574,-1.650271,0.103394
849,185.387,A,4,-1.675803,32.234597,-2.309648,34.928359,0.609487,-0.094084,-83.8186,0.019511,-83.7752,0.017289,-1.252983,33.411518,-83.7752,1.848607,1.250567,-1.056666,1.516841,-0.422820,-1.176921
850,185.619,A,4,-2.192554,32.990620,-2.199349,34.389673,0.650106,-0.072111,-83.6926,0.021077,-83.6535,0.026005,-1.259299,33.048703,-83.6535,1.637649,0.935061,-0.940049,1.340970,-0.933255,-0.058083
851,185.794,A,4,-2.727420,33.586980,-2.198048,34.077794,0.637982,-0.070155,-83.5594,0.022354,-83.5289,0.029419,-1.264273,32.684000,-83.5289,1.677676,1.719352,-0.933775,1.393794,-1.463147,0.902980
852,185.976,A,4,-2.128340,33.175964,-2.292026,33.928694,0.592326,-0.084318,-83.4296,0.022783,-83.4021,0.026765,-1.268028,32.319171,-83.4021,1.907652,1.214179,-1.023998,1.609522,-0.860312,0.856793
853,186.171,A,4,-2.756235,30.857141,-2.264339,33.737246,0.563112,-0.073249,-83.2983,0.022703,-83.2726,0.020963,-1.270473,31.955850,-83.2726,2.039887,1.847877,-0.993866,1.781396,-1.485762,-1.098708
854,186.344,A,4,-2.433112,30.994211,-2.352424,33.170009,0.610612,-0.095269,-83.1652,0.022597,-83.1399,0.025424,-1.271657,31.596117,-83.1399,1.909239,1.308155,-1.080767,1.573892,-1.161456,-0.601905
855,186.522,A,4,-2.555751,31.141905,-2.368748,32.723310,0.629836,-0.097780,-83.0186,0.024464,-83.0030,0.023501,-1.272891,31.248326,-83.0030,1.837520,1.287266,-1.095857,1.474984,-1.282860,-0.106421
856,186.704,A,4,-2.196679,30.642352,-2.403892,32.380541,0.625381,-0.101601,-82.8800,0.024351,-82.8616,0.024362,-1.274339,30.910964,-82.8616,1.853523,0.960658,-1.129553,1.469578,-0.922341,-0.268612
857,186.932,A,4,-2.041021,30.781334,-2.369107,32.010299,0.628600,-0.091679,-82.7283,0.025566,-82.7155,0.027017,-1.275773,30.579571,-82.7155,1.800655,0.791399,-1.093333,1.430728,-0.765248,0.201763
858,187.129,A,4,-2.177456,29.564639,-2.311676,31.730521,0.613747,-0.076341,-82.5713,0.027038,-82.5650,0.023330,-1.276964,30.250449,-82.5650,1.805891,1.131910,-1.034712,1.480072,-0.900492,-0.685810
859,187.365,A,4,-1.773382,29.337467,-2.287285,31.285565,0.633141,-0.073635,-82.4189,0.026832,-82.4107,0.027485,-1.277796,29.922164,-82.4107,1.696446,0.766469,-1.009488,1.363401,-0.495585,-0.584697
860,187.607,A,4,-3.191088,28.880204,-2.194642,30.877580,0.644538,-0.056785,-82.2617,0.026968,-82.2532,0.030951,-1.278380,29.596020,-82.2532,1.575415,2.042264,-0.916263,1.281560,-1.912708,-0.715816
861,187.784,A,4,-2.914285,28.683760,-2.368949,30.459901,0.649776,-0.096169,-82.1123,0.026422,-82.0935,0.031289,-1.279085,29.275372,-82.0935,1.609632,1.738932,-1.089865,1.184529,-1.635201,-0.591612
862,187.972,A,4,-3.366216,28.786734,-2.466451,30.080606,0.648550,-0.114732,-81.9368,0.029355,-81.9327,0.029371,-1.280443,28.964099,-81.9327,1.628866,2.093301,-1.186008,1.116507,-2.085773,-0.177365
863,188.156,A,4,-2.909547,27.685381,-2.628672,29.787005,0.628394,-0.142105,-81.7722,0.028483,-81.8012,-0.021213,-1.282563,28.664609,-81.8012,1.752651,1.898938,-1.346109,1.122397,-1.626984,-0.979227
864,188.370,A,4,-2.584327,28.009902,-2.683915,29.351220,0.642023,-0.148681,-82.2088,-0.047942,-82.2521,-0.044311,-1.281492,28.378635,-82.2521,1.706667,1.354010,-1.402423,0.972585,-1.302835,-0.368733
865,188.590,A,4,-2.441781,27.616821,-2.670830,29.062488,0.641749,-0.140173,-82.1660,-0.006510,-82.0207,0.115643,-1.284088,28.094418,-82.0207,1.691216,1.252339,-1.386742,0.968069,-1.157693,-0.477597
866,188.804,A,4,-2.564897,27.676470,-2.635375,28.732696,0.620973,-0.122943,-81.9022,0.009167,-81.9334,-0.093244,-1.286612,27.815602,-81.9334,1.631019,1.285834,-1.348763,0.917094,-1.278285,-0.139132
867,189.043,A,4,-3.080018,27.435565,-2.626560,28.483971,0.599519,-0.113835,-82.3924,-0.051500,-82.4044,-0.015903,-1.284972,27.541065,-82.4044,1.639796,1.798144,-1.341589,0.942906,-1.795047,-0.105500
868,189.275,A,4,-2.399025,27.103002,-2.655974,28.040877,0.623971,-0.118167,-82.0364,0.041339,-82.0130,0.090484,-1.285222,27.258307,-82.0130,1.578410,1.124579,-1.370752,0.782570,-1.113804,-0.155305
869,189.460,A,4,-3.066399,25.489778,-2.658944,27.979934,0.564019,-0.106823,-82.0265,0.003132,-82.0483,-0.080940,-1.284393,26.973246,-82.0483,1.703764,2.318668,-1.374551,1.006688,-1.782006,-1.483468
870,189.706,A,4,-3.522604,27.767078,-2.733763,27.494006,0.609219,-0.126019,-82.6489,-0.087487,-82.8636,-0.121380,-1.281949,26.681350,-82.8636,1.663782,2.489847,-1.451813,0.812656,-2.240654,1.085728
871,189.895,A,4,-1.746830,25.803903,-2.879697,27.474494,0.525344,-0.138712,-83.0355,-0.044120,-83.0045,0.061200,-1.280281,26.394063,-83.0045,1.930146,0.752302,-1.599416,1.080431,-0.466550,-0.590161
872,190.159,A,4,-3.037618,25.583710,-2.684891,27.125414,0.540071,-0.092830,-82.6779,0.023093,-82.6655,-0.017975,-1.277974,26.118129,-82.6655,1.730329,1.839008,-1.406917,1.007285,-1.759644,-0.534420
873,190.405,A,4,-2.874046,26.046383,-2.750343,26.798482,0.541730,-0.103837,-83.2390,-0.072329,-83.2907,-0.146751,-1.265542,25.853686,-83.2907,1.759908,1.620005,-1.484801,0.944796,-1.608504,0.192697
874,190.621,A,4,-2.275236,25.473131,-2.775481,26.622491,0.526593,-0.103868,-83.5808,-0.066517,-83.5441,0.049961,-1.263703,25.600774,-83.5441,1.824658,1.019554,-1.511777,1.021717,-1.011533,-0.127643
875,190.807,A,4,-2.040478,25.696081,-2.691120,26.358734,0.509588,-0.079185,-83.4020,-0.002406,-83.3889,-0.048305,-1.271880,25.351736,-83.3889,1.740197,0.842210,-1.419240,1.006998,-0.768599,0.344345
876,191.010,A,4,-2.545434,25.238171,-2.577618,26.191265,0.487290,-0.051172,-83.9399,-0.066815,-83.9387,-0.034603,-1.270122,25.100370,-83.9387,1.702821,1.282735,-1.307496,1.090895,-1.275312,0.137802
877,191.225,A,4,-3.171963,25.061246,-2.571727,25.974552,0.474837,-0.049207,-83.8564,-0.007164,-83.8376,-0.015118,-1.272333,24.846341,-83.8376,1.720838,1.911747,-1.299394,1.128211,-1.899629,0.214906
878,191.431,A,4,-1.277695,24.569223,-2.678574,25.766152,0.459505,-0.069885,-84.1237,-0.033853,-84.1054,-0.009693,-1.263739,24.590602,-84.1054,1.839478,0.025531,-1.414836,1.175550,-0.013956,-0.021378
879,191.637,A,4,-2.607958,24.353757,-2.431376,25.508441,0.464117,-0.017724,-84.1384,-0.012236,-84.1080,-0.023447,-1.255788,24.338044,-84.1080,1.658867,1.352261,-1.175588,1.170398,-1.352170,0.015713
880,191.841,A,4,-2.220994,24.102502,-2.460050,25.258379,0.460337,-0.026990,-84.2688,-0.016718,-84.2218,0.003366,-1.248416,24.093953,-84.2218,1.680460,0.972616,-1.211635,1.164425,-0.972578,0.008549
881,192.049,A,4,-2.050993,24.232637,-2.415715,25.008277,0.458618,-0.020321,-84.3656,-0.017459,-84.3254,-0.017070,-1.246383,23.862151,-84.3254,1.637358,0.885809,-1.169332,1.146126,-0.804610,0.370486
882,192.284,A,4,-1.770979,22.675883,-2.348453,24.826149,0.443842,-0.008225,-84.4653,-0.017866,-84.4254,-0.016913,-1.248462,23.642917,-84.4254,1.615555,1.099172,-1.099992,1.183231,-0.522517,-0.967034
883,192.447,A,4,-1.334775,24.058026,-2.242409,24.400844,0.480719,0.005270,-84.5508,-0.016026,-84.5173,-0.017582,-1.250662,23.433865,-84.5173,1.385139,0.629803,-0.991747,0.966979,-0.084113,0.624161
884,192.685,A,4,-1.877412,23.005593,-2.075960,24.293866,0.450208,0.036162,-84.6039,-0.011430,-84.5838,-0.015030,-1.248932,23.230403,-84.5838,1.347193,0.667478,-0.827029,1.063462,-0.628480,-0.224810
885,192.921,A,4,-2.169932,22.595236,-2.033115,24.021804,0.454042,0.035176,-84.6272,-0.005629,-84.6187,-0.003864,-1.242175,23.027180,-84.6187,1.270772,1.023381,-0.790940,0.994623,-0.927757,-0.431944
886,193.137,A,4,-2.725977,21.651277,-2.050047,23.724752,0.461293,0.021793,-84.6436,-0.003382,-84.6332,-0.003809,-1.232827,22.820923,-84.6332,1.218505,1.896726,-0.817220,0.903828,-1.493150,-1.169646
887,193.298,A,4,-1.754541,22.422995,-2.164186,23.311735,0.489261,-0.011930,-84.6644,-0.003626,-84.6447,0.000729,-1.224368,22.611826,-84.6447,1.171807,0.562797,-0.939818,0.699910,-0.530173,-0.188831
888,193.535,A,4,-1.909086,21.913443,-2.088056,23.106616,0.475685,0.000876,-84.6976,-0.005335,-84.6627,-0.002874,-1.218930,22.403453,-84.6627,1.117952,0.846419,-0.869125,0.703163,-0.690156,-0.490010
889,193.733,A,4,-2.478832,21.559745,-2.051900,22.848677,0.473575,0.003122,-84.7249,-0.005521,-84.6828,-0.003248,-1.215773,22.201363,-84.6828,1.057413,1.416683,-0.836127,0.647313,-1.263059,-0.641618
890,193.948,A,4,-2.388467,21.616980,-2.123417,22.573874,0.473033,-0.016961,-84.7334,-0.002581,-84.6940,0.006295,-1.212036,22.009900,-84.6940,1.071766,1.240312,-0.911380,0.563974,-1.176430,-0.392920
891,194.160,A,4,-1.383235,20.515303,-2.168042,22.358128,0.461134,-0.028122,-84.7223,0.000375,-84.6887,0.003961,-1.205398,21.830334,-84.6887,1.097839,1.327001,-0.962645,0.527794,-0.177837,-1.315031
892,194.345,A,4,-2.507012,20.871604,-2.026933,21.985716,0.485836,-0.003385,-84.6909,0.003401,-84.6661,-0.001452,-1.195701,21.661093,-84.6661,0.892371,1.530630,-0.831232,0.324623,-1.311311,-0.789490
893,194.552,A,4,-2.236008,20.944332,-2.108376,21.740888,0.477665,-0.024101,-84.6464,0.007042,-84.6335,0.006272,-1.185132,21.497931,-84.6335,0.954677,1.187777,-0.923244,0.242957,-1.050877,-0.553599
894,194.735,A,4,-1.467518,21.221268,-2.129114,21.553185,0.460033,-0.029064,-84.6265,0.004336,-84.6028,0.003855,-1.176460,21.335346,-84.6028,0.977243,0.312616,-0.952655,0.217839,-0.291059,-0.114078
895,194.984,A,4,-2.371638,20.655314,-2.009974,21.449837,0.430018,-0.003561,-84.6111,0.002464,-84.5798,0.004850,-1.170529,21.169612,-84.5798,0.884983,1.306585,-0.839445,0.280225,-1.201109,-0.514297
896,195.160,A,4,-2.593201,20.957137,-2.070795,21.267240,0.416102,-0.018930,-84.5804,0.004528,-84.5583,0.005639,-1.165854,21.000323,-84.5583,0.943484,1.428000,-0.904941,0.266917,-1.427347,-0.043186
897,195.356,A,4,-2.834522,20.594827,-2.161811,21.172066,0.385527,-0.036979,-84.5535,0.004314,-84.5271,0.004947,-1.159929,20.830289,-84.5271,1.058574,1.691066,-1.001882,0.341777,-1.674593,-0.235462
898,195.558,A,4,-1.320516,19.938142,-2.281555,21.032097,0.366996,-0.059618,-84.4957,0.008677,-84.4801,0.009593,-1.151246,20.664334,-84.4801,1.188633,0.745659,-1.130309,0.367763,-0.169271,-0.726192
899,195.771,A,4,-1.813909,21.060286,-2.112763,20.801689,0.374418,-0.023001,-84.4272,0.010957,-84.4222,0.010210,-1.140778,20.506639,-84.4222,1.015780,0.871568,-0.971985,0.295051,-0.673131,0.553648
900,195.988,A,4,-2.343026,19.606103,-2.058257,20.811708,0.330156,-0.009143,-84.3728,0.009609,-84.3630,0.004785,-1.131205,20.358975,-84.3630,1.031694,1.426648,-0.927052,0.452734,-1.211821,-0.752871
901,196.179,A,4,-2.656583,19.126659,-2.106691,20.565440,0.340868,-0.022684,-84.3308,0.007507,-84.3111,-0.003478,-1.125003,20.220604,-84.3111,1.040492,1.882141,-0.981688,0.344836,-1.531580,-1.093945
902,196.391,A,4,-1.981951,20.049916,-2.203297,20.283812,0.365324,-0.046240,-84.3083,0.005777,-84.2694,0.000172,-1.122688,20.088306,-84.2694,1.098152,0.860121,-1.080609,0.195506,-0.859264,-0.038390
903,196.656,A,4,-2.249648,19.956387,-2.164962,20.201465,0.332549,-0.033784,-84.2862,0.004003,-84.2310,0.008313,-1.122167,19.957335,-84.2310,1.070991,1.127481,-1.042796,0.244130,-1.127481,-0.000948
904,196.896,A,4,-2.315814,19.996215,-2.180063,20.125669,0.309121,-0.034453,-84.2420,0.006407,-84.1845,0.011354,-1.120500,19.823807,-84.1845,1.101723,1.207685,-1.059563,0.301862,-1.195315,0.172408
905,197.151,A,4,-2.365865,19.094666,-2.204517,20.072740,0.283597,-0.036489,-84.1829,0.008576,-84.1242,0.008051,-1.116293,19.686350,-84.1242,1.154785,1.382577,-1.088224,0.386390,-1.249572,-0.591684
906,197.361,A,4,-2.150280,18.986544,-2.234024,19.868769,0.290971,-0.042285,-84.0934,0.012420,-84.0565,0.013138,-1.110678,19.546422,-84.0565,1.168680,1.180778,-1.123346,0.322347,-1.039602,-0.559878
907,197.582,A,4,-2.178638,19.631446,-2.220128,19.685589,0.295726,-0.038394,-84.0222,0.012970,-83.9942,0.011649,-1.106508,19.407771,-83.9942,1.147751,1.095213,-1.113620,0.277818,-1.072129,0.223675
908,197.829,A,4,-2.015639,18.295420,-2.213442,19.647315,0.269404,-0.033415,-83.9578,0.011300,-83.9465,0.019677,-1.105868,19.273086,-83.9465,1.169089,1.335483,-1.107574,0.374229,-0.909771,-0.977666
909,198.033,A,4,-1.838992,18.908027,-2.178693,19.380727,0.292754,-0.028061,-83.9158,0.007720,-83.9199,0.007478,-1.107648,19.136457,-83.9199,1.098547,0.766188,-1.071045,0.244270,-0.731344,-0.228430
910,198.209,A,4,-1.330131,18.260186,-2.117947,19.268373,0.282859,-0.014918,-83.8998,0.004157,-83.9064,0.005109,-1.110068,18.998833,-83.9064,1.043298,0.770731,-1.007879,0.269540,-0.220063,-0.738647
911,198.419,A,4,-2.195597,18.768761,-1.976287,19.061811,0.294851,0.011053,-83.8828,0.003129,-83.8964,-0.001211,-1.111131,18.860673,-83.8964,0.888230,1.088355,-0.865156,0.201138,-1.084467,-0.091912
912,198.591,A,4,-2.471225,18.228635,-2.011246,18.981604,0.276229,0.001004,-83.8981,-0.000765,-83.8858,0.002971,-1.109911,18.719774,-83.8858,0.938594,1.447202,-0.901335,0.261830,-1.361314,-0.491139
913,198.804,A,4,-2.499086,18.616807,-2.090182,18.821197,0.275020,-0.018484,-83.8991,-0.000635,-83.8788,-0.006805,-1.107237,18.572613,-83.8788,1.013891,1.392550,-0.982945,0.248584,-1.391849,0.044193
914,199.025,A,4,-2.530300,18.797503,-2.161917,18.758310,0.254390,-0.032187,-83.9102,-0.001675,-83.8846,-0.003064,-1.104921,18.416287,-83.8846,1.110955,1.475476,-1.056996,0.342023,-1.425379,0.381216
915,199.219,A,4,-2.386887,17.819236,-2.227971,18.740654,0.227136,-0.042188,-83.9311,-0.003393,-83.9081,-0.014560,-1.104169,18.249755,-83.9081,1.226341,1.353038,-1.123802,0.490898,-1.282718,-0.430519
916,199.398,A,4,-2.495800,17.432576,-2.257988,18.554521,0.237837,-0.047366,-83.9718,-0.006080,-83.9433,-0.002553,-1.104376,18.074279,-83.9433,1.249581,1.532268,-1.153612,0.480242,-1.391424,-0.641703
917,199.624,A,4,-2.585956,17.739589,-2.302447,18.331619,0.254428,-0.055650,-83.9990,-0.005248,-83.9772,-0.005004,-1.103646,17.892872,-83.9772,1.276567,1.490214,-1.198801,0.438748,-1.482310,-0.153282
918,199.840,A,4,-2.222379,17.730018,-2.355676,18.201371,0.250198,-0.062757,-84.0223,-0.004698,-84.0009,-0.004017,-1.100434,17.709086,-84.0009,1.348324,1.122141,-1.255242,0.492285,-1.121945,0.020933
919,200.050,A,4,-3.037348,16.799976,-2.335440,18.092933,0.243624,-0.053725,-84.0271,-0.001905,-84.0146,-0.001106,-1.094756,17.525445,-84.0146,1.364309,2.073637,-1.240684,0.567488,-1.942592,-0.725469
920,200.289,A,4,-3.144423,17.423980,-2.463083,17.838969,0.264074,-0.078722,-84.0312,-0.001347,-84.0258,-0.002259,-1.088137,17.342029,-84.0258,1.461993,2.057918,-1.374946,0.496939,-2.056285,0.081950
921,200.471,A,4,-2.284593,16.383762,-2.589253,17.739080,0.251055,-0.097246,-84.0433,-0.001925,-84.0425,-0.000005,-1.082256,17.156590,-84.0425,1.615653,1.429292,-1.506997,0.582490,-1.202337,-0.772828
922,200.645,A,4,-2.564806,16.623226,-2.541822,17.472865,0.276856,-0.082063,-84.0679,-0.003631,-84.0665,-0.011533,-1.077496,16.966075,-84.0665,1.549543,1.526314,-1.464325,0.506790,-1.487309,-0.342849
923,200.878,A,4,-2.444075,16.231691,-2.551013,17.294351,0.280745,-0.078210,-84.0863,-0.003241,-84.0894,-0.007402,-1.072459,16.768054,-84.0894,1.569430,1.472758,-1.478554,0.526297,-1.371617,-0.536363
924,201.084,A,4,-2.481689,16.133152,-2.536687,17.077533,0.292416,-0.070846,-84.1066,-0.003323,-84.0980,-0.005924,-1.064862,16.561653,-84.0980,1.559616,1.480207,-1.471825,0.515880,-1.416827,-0.428501
925,201.352,A,4,-2.440953,16.578167,-2.530788,16.880772,0.298499,-0.065603,-84.1236,-0.003181,-84.0837,-0.003489,-1.053318,16.347914,-84.0837,1.570622,1.406609,-1.477470,0.532858,-1.387635,0.230253
926,201.570,A,4,-2.129079,15.337241,-2.518114,16.797728,0.281042,-0.057201,-84.1029,0.001774,-84.0494,-0.001954,-1.038335,16.129412,-84.0494,1.623697,1.348057,-1.479779,0.668315,-1.090744,-0.792171
927,201.777,A,4,-2.817838,16.149559,-2.451545,16.510241,0.308043,-0.043161,-84.0810,0.003223,-84.0000,0.010154,-1.021894,15.909262,-84.0054,1.550831,1.811948,-1.429651,0.600980,-1.795944,0.240298
928,201.983,A,4,-2.432434,15.698393,-2.517804,16.416140,0.290050,-0.053532,-84.0389,0.005221,-83.9616,0.005185,-1.005966,15.689602,-83.9616,1.677352,1.426495,-1.511838,0.726538,-1.426468,0.008791
929,202.197,A,4,-2.499407,15.433869,-2.504799,16.260116,0.288309,-0.047999,-83.9782,0.008301,-83.9201,0.009641,-0.990951,15.470534,-83.9201,1.707388,1.508902,-1.513848,0.789582,-1.508457,-0.036665
930,202.422,A,4,-2.404924,14.744699,-2.505492,16.085003,0.290345,-0.046287,-83.9144,0.009982,-83.8746,0.014463,-0.975406,15.250480,-83.8746,1.742868,1.516356,-1.530085,0.834522,-1.429518,-0.505781
931,202.662,A,4,-1.824212,15.207594,-2.489013,15.818209,0.311039,-0.043263,-83.8249,0.013286,-83.8150,0.012651,-0.957142,15.027136,-83.8150,1.724073,0.885650,-1.531871,0.791073,-0.867070,0.180458
932,202.889,A,4,-2.178897,14.603362,-2.371558,15.679340,0.305638,-0.017504,-83.7320,0.015481,-83.7346,0.011878,-0.934887,14.798634,-83.7346,1.685131,1.259242,-1.436671,0.880706,-1.244010,-0.195272
933,203.081,A,4,-1.415836,14.507841,-2.335693,15.458437,0.315706,-0.013002,-83.6446,0.015216,-83.6410,0.015169,-0.910353,14.571845,-83.6410,1.678582,0.509519,-1.425340,0.886591,-0.505483,-0.064005
934,203.295,A,4,-2.260858,13.777277,-2.169796,15.258957,0.323111,0.017663,-83.5557,0.015159,-83.5442,0.008161,-0.885672,14.348816,-83.5442,1.573954,1.489225,-1.284123,0.910142,-1.375186,-0.571538
935,203.538,A,4,-2.245063,14.910869,-2.180780,14.964463,0.345000,0.006909,-83.4808,0.013860,-83.4500,0.016584,-0.862088,14.128945,-83.4500,1.561102,1.588718,-1.318691,0.835518,-1.382975,0.781924
936,203.763,A,4,-2.761257,13.243412,-2.187771,14.922067,0.313525,0.003723,-83.3867,0.015677,-83.3582,0.013387,-0.839580,13.912588,-83.3582,1.684240,2.034855,-1.348191,1.009479,-1.921676,-0.669176
937,203.952,A,4,-1.913243,13.347631,-2.285973,14.593358,0.341444,-0.023946,-83.2883,0.016412,-83.2634,0.018452,-0.816986,13.700692,-83.2634,1.718946,1.151709,-1.468987,0.892666,-1.096257,-0.353062
938,204.146,A,4,-2.169575,12.946477,-2.218019,14.338740,0.354918,-0.013287,-83.1964,0.015924,-83.1603,0.023124,-0.793069,13.494189,-83.1603,1.656427,1.481472,-1.424951,0.844551,-1.376507,-0.547712
939,204.331,A,4,-1.713476,13.065378,-2.206552,14.056896,0.371042,-0.015971,-83.0792,0.018556,-83.0478,0.022214,-0.767573,13.293635,-83.0478,1.628874,0.973054,-1.438979,0.763262,-0.945903,-0.228256
940,204.540,A,4,-1.692530,11.726976,-2.115944,13.844840,0.373065,-0.000838,-82.9585,0.019447,-82.9303,0.014734,-0.741483,13.099019,-82.9303,1.563775,1.669429,-1.374461,0.745822,-0.951047,-1.372043
941,204.782,A,4,-1.936413,12.811713,-2.036171,13.432279,0.415096,0.005530,-82.8482,0.018832,-82.8145,0.023212,-0.716399,12.909569,-82.8145,1.419515,1.223933,-1.319772,0.522710,-1.220014,-0.097857
942,204.962,A,4,-0.936245,12.154265,-2.012863,13.282282,0.397933,0.005926,-82.7392,0.018653,-82.7046,0.019723,-0.693291,12.724006,-82.7046,1.432809,0.619380,-1.319572,0.558276,-0.242954,-0.569741
943,205.168,A,4,-1.280434,12.302987,-1.815746,13.043665,0.404881,0.039119,-82.6232,0.019347,-82.5990,0.018619,-0.671805,12.541255,-82.5990,1.249406,0.653606,-1.143940,0.502410,-0.608629,-0.238268
