sample,timestamp_s,lintasan,run_ke,gps_x,gps_y,ekf_x,ekf_y,ekf_vx,ekf_vy,ekf_yaw_deg,ekf_yaw_rate,imu_yaw_deg,imu_yaw_rate_rads,gt_x,gt_y,gt_yaw_deg,error_ekf_m,error_gps_m,error_ekf_x,error_ekf_y,error_gps_x,error_gps_y
1,0.000,A,4,0.214875,7.858879,-0.151418,7.559988,-0.005295,-0.016716,-0.3945,-0.002295,-0.3843,-0.004268,-0.192146,6.822148,-0.3867,0.738963,1.113767,0.040727,0.737840,0.407021,1.036731
2,0.120,A,4,0.343442,8.274324,-0.086810,7.611348,0.008496,-0.003908,-0.4102,-0.002435,-0.3996,-0.000735,-0.091864,6.824434,-0.3996,0.786931,1.513827,0.005054,0.786915,0.435307,1.449890
3,0.272,A,4,0.586906,7.162899,-0.009405,7.728982,0.023093,0.020544,-0.4116,-0.001180,-0.4087,-0.002037,-0.000530,6.826693,-0.4087,0.902333,0.676842,-0.008875,0.902289,0.587436,0.336206
4,0.403,A,4,0.578245,7.431620,0.098978,7.630170,0.042577,-0.001768,-0.4311,-0.003070,-0.4169,0.000351,0.095255,6.829428,-0.4169,0.800750,0.771956,0.003724,0.800742,0.482991,0.602192
5,0.568,A,4,0.449390,7.556797,0.188382,7.594623,0.055868,-0.008664,-0.4417,-0.002646,-0.4247,0.002892,0.194045,6.832638,-0.4247,0.762006,0.767859,-0.005663,0.761985,0.255346,0.724159
6,0.712,A,4,0.299685,8.320714,0.238988,7.587210,0.061175,-0.009321,-0.4511,-0.002501,-0.4328,-0.003239,0.295854,6.836156,-0.4328,0.753204,1.484563,-0.056866,0.751055,0.003830,1.484558
7,0.858,A,4,0.594784,7.750860,0.255374,7.716443,0.057311,0.018948,-0.4710,-0.003143,-0.4416,-0.000301,0.402114,6.839746,-0.4416,0.888892,0.931263,-0.146740,0.876697,0.192671,0.911114
8,0.999,A,4,0.450048,7.407448,0.322142,7.724604,0.063088,0.018115,-0.4786,-0.001901,-0.4507,-0.001752,0.515040,6.843276,-0.4507,0.902191,0.567903,-0.192898,0.881328,-0.064993,0.564172
9,1.132,A,4,1.605706,7.246133,0.350971,7.669872,0.061724,0.004976,-0.4771,-0.000731,-0.4588,-0.002959,0.636542,6.846812,-0.4588,0.871193,1.048207,-0.285570,0.823060,0.969165,0.399321
10,1.269,A,4,1.205965,7.200025,0.578080,7.595138,0.103254,-0.010654,-0.4795,-0.000734,-0.4647,-0.003534,0.767245,6.850554,-0.4647,0.768237,0.560897,-0.189165,0.744584,0.438721,0.349470
11,1.417,A,4,1.365444,7.100099,0.701237,7.523508,0.114398,-0.023662,-0.4900,-0.001874,-0.4680,0.007712,0.906171,6.854667,-0.4680,0.699533,0.520738,-0.204934,0.668841,0.459273,0.245432
12,1.557,A,4,1.625160,7.676352,0.827768,7.446586,0.130082,-0.037208,-0.4891,-0.000496,-0.4700,-0.004712,1.051172,6.859123,-0.4700,0.628508,0.998662,-0.223404,0.587463,0.573987,0.817229
13,1.709,A,4,1.061025,7.650347,0.983984,7.483225,0.143851,-0.024405,-0.4944,-0.000914,-0.4727,-0.001216,1.199897,6.863708,-0.4727,0.656064,0.798803,-0.215913,0.619517,-0.138871,0.786639
14,1.861,A,4,1.693362,7.348205,1.008786,7.510847,0.135472,-0.016328,-0.4992,-0.001253,-0.4775,0.000478,1.350762,6.868165,-0.4775,0.728003,0.589756,-0.341977,0.642682,0.342599,0.480040
15,2.001,A,4,2.065630,7.643544,1.142631,7.480393,0.147889,-0.020590,-0.5075,-0.001761,-0.4852,-0.001380,1.503542,6.872367,-0.4852,0.707073,0.954284,-0.360910,0.608026,0.562088,0.771177
16,2.145,A,4,2.106821,7.881858,1.323230,7.507033,0.164470,-0.011989,-0.5122,-0.001043,-0.4946,-0.003616,1.659399,6.876393,-0.4946,0.714644,1.100521,-0.336169,0.630640,0.447422,1.005465
17,2.279,A,4,1.550243,7.143665,1.478398,7.572409,0.176782,0.002908,-0.5224,-0.002019,-0.5041,-0.003536,1.820351,6.880460,-0.5041,0.771831,0.377141,-0.341952,0.691948,-0.270108,0.263205
18,2.399,A,4,2.629438,7.794119,1.508165,7.496263,0.162523,-0.012813,-0.5334,-0.002130,-0.5121,0.011111,1.988298,6.884748,-0.5121,0.777482,1.112662,-0.480133,0.611515,0.641140,0.909371
19,2.523,A,4,2.767689,8.176524,1.723257,7.547880,0.187291,-0.000473,-0.5334,-0.001163,-0.5185,0.000468,2.164093,6.889255,-0.5185,0.792542,1.421756,-0.440836,0.658625,0.603596,1.287269
20,2.663,A,4,2.378948,7.879647,1.927125,7.659525,0.206823,0.022619,-0.5403,-0.001963,-0.5243,0.001419,2.347114,6.893792,-0.5243,0.873348,0.986369,-0.419988,0.765733,0.031834,0.985855
21,2.793,A,4,3.275332,7.586422,2.027420,7.700684,0.203203,0.028545,-0.5423,-0.001560,-0.5314,0.004472,2.535529,6.898124,-0.5314,0.949883,1.010477,-0.508109,0.802561,0.739803,0.688299
22,2.934,A,4,2.777273,7.432909,2.269051,7.682905,0.228819,0.022083,-0.5489,-0.000933,-0.5407,0.000701,2.727118,6.902140,-0.5407,0.905219,0.533134,-0.458067,0.780766,0.050154,0.530770
23,3.093,A,4,3.402132,7.715100,2.381524,7.640321,0.225292,0.011092,-0.5644,-0.002309,-0.5521,-0.003999,2.920240,6.905929,-0.5521,0.910794,0.941794,-0.538716,0.734391,0.481892,0.809170
24,3.244,A,4,2.750555,7.835192,2.584832,7.654481,0.240522,0.013074,-0.5692,-0.000762,-0.5647,0.003806,3.114480,6.909696,-0.5647,0.913910,0.994477,-0.529648,0.744785,-0.363924,0.925496
25,3.388,A,4,3.910649,7.756629,2.637450,7.687673,0.223344,0.018410,-0.5696,-0.000624,-0.5774,0.005386,3.310756,6.913594,-0.5774,1.025934,1.034688,-0.673307,0.774079,0.599893,0.843035
26,3.530,A,4,3.784333,7.641484,2.885547,7.701495,0.247913,0.019578,-0.5880,-0.002812,-0.5895,-0.007018,3.510875,6.917610,-0.5895,1.002752,0.773804,-0.625328,0.783885,0.273458,0.723874
27,3.668,A,4,4.649045,8.322767,3.069366,7.692442,0.256628,0.015841,-0.6114,-0.003496,-0.6013,-0.008610,3.716694,6.921575,-0.6013,1.006613,1.683038,-0.647328,0.770866,0.932351,1.401191
28,3.819,A,4,4.687156,6.805149,3.375224,7.805891,0.288895,0.037688,-0.6367,-0.004344,-0.6131,-0.000104,3.929238,6.925301,-0.6131,1.040370,0.767382,-0.554014,0.880590,0.757918,-0.120152
29,3.969,A,4,5.388239,7.063338,3.636544,7.631067,0.308971,-0.001658,-0.6396,-0.001825,-0.6253,0.005643,4.148193,6.928714,-0.6253,0.868956,1.247332,-0.511649,0.702353,1.240046,0.134624
30,4.112,A,4,4.611436,8.596220,3.978037,7.529515,0.342877,-0.021382,-0.6374,-0.000188,-0.6378,-0.003995,4.372032,6.931912,-0.6378,0.715794,1.681439,-0.393995,0.597603,0.239404,1.664309
31,4.270,A,4,5.010559,7.459759,4.123707,7.716970,0.332443,0.019510,-0.6524,-0.002410,-0.6499,-0.001874,4.598699,6.935084,-0.6499,0.914857,0.667018,-0.474992,0.781887,0.411860,0.524675
32,4.397,A,4,5.961036,8.107704,4.313562,7.672695,0.332691,0.008674,-0.6544,-0.000996,-0.6615,-0.004159,4.826539,6.938375,-0.6615,0.895752,1.629237,-0.512977,0.734320,1.134497,1.169329
33,4.548,A,4,4.698568,7.437352,4.638808,7.750596,0.360150,0.024225,-0.6561,-0.000091,-0.6726,-0.002719,5.054977,6.941790,-0.6726,0.909596,0.610417,-0.416170,0.808806,-0.356409,0.495562
34,4.711,A,4,5.587851,8.257805,4.684073,7.696762,0.327834,0.010591,-0.6566,0.000087,-0.6834,0.000114,5.284686,6.945206,-0.6834,0.962067,1.347154,-0.600614,0.751556,0.303165,1.312599
35,4.860,A,4,5.749627,7.828893,4.876463,7.797283,0.328806,0.030235,-0.6660,-0.001077,-0.6941,-0.005410,5.517250,6.948472,-0.6941,1.063525,0.910572,-0.640786,0.848811,0.232377,0.880421
36,4.984,A,4,5.619701,7.657902,5.063548,7.805442,0.328792,0.028830,-0.6758,-0.001521,-0.7042,-0.001419,5.754453,6.951523,-0.7042,1.098420,0.719116,-0.690905,0.853918,-0.134752,0.706378
37,5.127,A,4,6.570094,6.988342,5.194171,7.781565,0.317380,0.020952,-0.6916,-0.002324,-0.7130,-0.007185,5.997447,6.954420,-0.7130,1.153006,0.573651,-0.803276,0.827145,0.572647,0.033923
38,5.264,A,4,6.402330,8.177123,5.469644,7.641994,0.336989,-0.009182,-0.7064,-0.001967,-0.7195,-0.006400,6.246185,6.957284,-0.7195,1.035299,1.229792,-0.776541,0.684710,0.156145,1.219839
39,5.408,A,4,6.071777,7.661742,5.668069,7.735971,0.338118,0.011449,-0.7112,-0.001170,-0.7235,0.005085,6.499416,6.960204,-0.7235,1.137080,0.821603,-0.831347,0.775766,-0.427640,0.701538
40,5.536,A,4,6.918636,7.955465,5.772432,7.723452,0.320263,0.007838,-0.7128,-0.000642,-0.7256,0.000067,6.755260,6.963185,-0.7256,1.242561,1.005640,-0.982828,0.760267,0.163376,0.992280
41,5.683,A,4,7.134232,6.759746,6.007274,7.765126,0.330848,0.015974,-0.7020,0.000986,-0.7263,0.004681,7.012066,6.966177,-0.7263,1.283716,0.239872,-1.004792,0.798949,0.122166,-0.206431
42,5.841,A,4,7.933409,7.918243,6.239689,7.587290,0.340254,-0.021426,-0.7096,-0.000095,-0.7260,0.001535,7.269113,6.969149,-0.7260,1.200756,1.158477,-1.029425,0.618141,0.664296,0.949094
43,5.985,A,4,7.473158,7.210512,6.573849,7.643735,0.368676,-0.006653,-0.7141,-0.000713,-0.7246,0.001738,7.526844,6.972128,-0.7246,1.165871,0.244355,-0.952995,0.671607,-0.053686,0.238384
44,6.127,A,4,8.913775,8.125813,6.761881,7.566064,0.373444,-0.021721,-0.7103,0.000639,-0.7211,0.002016,7.786623,6.975175,-0.7211,1.182897,1.610727,-1.024742,0.590889,1.127152,1.150638
45,6.262,A,4,8.556110,7.432007,7.177943,7.662947,0.417225,0.002244,-0.7098,0.000079,-0.7147,0.007790,8.050141,6.978326,-0.7147,1.108800,0.679582,-0.872199,0.684621,0.505969,0.453681
46,6.396,A,4,8.083531,7.916853,7.469274,7.621506,0.419605,-0.005819,-0.6883,0.001967,-0.7048,0.003250,8.318628,6.981547,-0.7048,1.063461,0.964400,-0.849354,0.639959,-0.235097,0.935305
47,6.536,A,4,8.420212,7.283790,7.618857,7.673008,0.401304,0.005660,-0.6780,0.001445,-0.6916,-0.002368,8.592246,6.984757,-0.6916,1.192131,0.344987,-0.973389,0.688251,-0.172034,0.299032
48,6.684,A,4,9.188458,7.333124,7.800027,7.603848,0.391836,-0.008577,-0.6657,0.002009,-0.6756,0.006986,8.870001,6.987893,-0.6756,1.234604,0.469680,-1.069974,0.615955,0.318457,0.345231
49,6.820,A,4,9.442834,7.911736,8.076466,7.554858,0.412688,-0.017268,-0.6602,0.001321,-0.6570,0.002708,9.150196,6.990983,-0.6570,1.212787,0.966138,-1.073730,0.563875,0.292638,0.920753
50,6.956,A,4,9.328849,7.238641,8.365227,7.615947,0.414486,-0.001804,-0.6304,0.003640,-0.6359,0.006016,9.431220,6.994156,-0.6359,1.234085,0.265053,-1.065993,0.621792,-0.102371,0.244486
51,7.090,A,4,9.880088,8.463994,8.576533,7.548196,0.409650,-0.014858,-0.6119,0.003846,-0.6121,0.006136,9.712232,6.997561,-0.6121,1.262145,1.476009,-1.135698,0.550635,0.167856,1.466433
52,7.229,A,4,10.802457,7.708078,8.847901,7.709357,0.417038,0.020223,-0.5751,0.005727,-0.5853,0.005469,9.993450,7.001266,-0.5853,1.346727,1.074279,-1.145549,0.708091,0.809007,0.706811
53,7.383,A,4,10.332748,7.964605,9.235865,7.710693,0.447635,0.019029,-0.5298,0.007862,-0.5553,0.002950,10.276020,7.005205,-0.5553,1.256836,0.961075,-1.040155,0.705488,0.056728,0.959399
54,7.515,A,4,10.398861,7.854026,9.474118,7.757330,0.444193,0.026815,-0.4933,0.006790,-0.5223,0.004481,10.561510,7.009220,-0.5223,1.319883,0.860321,-1.087392,0.748110,-0.162649,0.844806
55,7.651,A,4,11.296090,7.852087,9.681413,7.776762,0.434926,0.028084,-0.4592,0.006270,-0.4862,0.004634,10.851191,7.013180,-0.4862,1.396939,0.949580,-1.169778,0.763583,0.444899,0.838908
56,7.786,A,4,12.626351,7.740281,10.010627,7.792549,0.451521,0.028689,-0.4296,0.005830,-0.4468,0.001894,11.145411,7.017078,-0.4468,1.374442,1.648091,-1.134784,0.775471,1.480940,0.723203
57,7.925,A,4,11.738227,7.406761,10.519628,7.785706,0.502787,0.024928,-0.3936,0.006402,-0.4036,0.007110,11.443420,7.021042,-0.4036,1.199210,0.485479,-0.923793,0.764664,0.294807,0.385719
58,8.056,A,4,11.991706,7.831169,10.784911,7.720348,0.498689,0.009213,-0.3361,0.009396,-0.3565,0.007767,11.743718,7.025244,-0.3565,1.184263,0.843216,-0.958807,0.695104,0.247988,0.805925
59,8.190,A,4,12.262522,7.895925,11.047691,7.740705,0.494396,0.012696,-0.2839,0.009619,-0.3056,-0.001522,12.044744,7.029783,-0.3056,1.224551,0.893101,-0.997054,0.710922,0.217778,0.866142
60,8.327,A,4,12.522825,8.152958,11.311448,7.769340,0.490790,0.017422,-0.2409,0.009148,-0.2401,0.033011,12.345437,7.034492,-0.2401,1.268517,1.132446,-1.033989,0.734849,0.177389,1.118467
61,8.468,A,4,12.870196,8.727974,11.574220,7.839487,0.487359,0.029928,0.3625,0.082829,0.4115,0.094030,12.634902,7.034214,0.4115,1.331732,1.710026,-1.060682,0.805273,0.235294,1.693761
62,8.611,A,4,13.703378,8.015950,11.851680,8.000869,0.487255,0.059421,0.5078,0.032063,0.4796,-0.060205,12.922899,7.037372,0.4796,1.440776,1.251705,-1.071218,0.963497,0.780479,0.978579
63,8.750,A,4,13.577502,8.002127,12.228069,8.009650,0.507430,0.054377,0.5039,0.021374,0.5301,0.109190,13.206421,7.040534,0.5301,1.377084,1.030710,-0.978352,0.969117,0.371080,0.961593
64,8.890,A,4,13.734066,7.947225,12.516928,8.014495,0.507500,0.048858,1.2399,0.092666,1.2602,0.075235,13.482450,7.037921,1.2602,1.373291,0.943475,-0.965522,0.976574,0.251616,0.909304
65,9.046,A,4,13.493059,7.798956,12.782283,8.008342,0.502766,0.041536,1.4678,0.057531,1.4863,0.103710,13.765828,7.039220,1.4863,1.380782,0.807219,-0.983545,0.969122,-0.272769,0.759736
66,9.164,A,4,14.861692,7.953553,12.956969,7.976758,0.480102,0.029745,2.2399,0.110328,2.2683,0.087972,14.043664,7.035403,2.2683,1.437725,1.229704,-1.086694,0.941355,0.818029,0.918150
67,9.314,A,4,14.211982,7.971419,13.341986,7.977679,0.502855,0.025026,2.8426,0.110222,2.8902,0.144521,14.321541,7.032420,2.8902,1.361265,0.945369,-0.979555,0.945259,-0.109559,0.938999
68,9.460,A,4,15.233294,8.290498,13.544950,7.981804,0.486000,0.021703,3.6308,0.126157,3.6647,0.138180,14.592732,7.027559,3.6647,1.417191,1.416098,-1.047782,0.954245,0.640562,1.262938
69,9.589,A,4,15.307692,7.867071,13.892028,8.042398,0.500692,0.028913,4.4991,0.142546,4.5432,0.154711,14.855230,7.021035,4.5432,1.403902,0.959426,-0.963202,1.021363,0.452462,0.846036
70,9.722,A,4,15.490672,7.297152,14.191749,8.018334,0.503445,0.017735,5.4398,0.157642,5.4824,0.165206,15.108986,7.013172,5.4824,1.360762,0.475741,-0.917236,1.005162,0.381686,0.283980
71,9.877,A,4,15.508059,8.184298,14.471073,7.896884,0.500608,-0.012435,6.4537,0.171287,6.4955,0.184303,15.355444,7.003835,6.4955,1.256841,1.190288,-0.884371,0.893049,0.152614,1.180463
72,10.016,A,4,16.531723,8.108576,14.703471,7.952884,0.490576,-0.003300,7.5346,0.183486,7.5792,0.194793,15.597633,6.993073,7.5792,1.311780,1.454947,-0.894163,0.959812,0.934090,1.115503
73,10.167,A,4,15.898948,8.084667,15.075533,7.987306,0.509754,-0.002578,8.6879,0.196157,8.7306,0.204783,15.838755,6.981049,8.7306,1.262958,1.105258,-0.763223,1.006257,0.060193,1.103618
74,10.309,A,4,16.775994,7.946241,15.270432,8.012441,0.490736,-0.001632,9.9055,0.207841,9.9470,0.220498,16.080767,6.968088,9.9470,1.321862,1.200052,-0.810335,1.044354,0.695227,0.978154
75,10.444,A,4,15.842228,7.479243,15.584768,8.009486,0.497397,-0.009886,11.1989,0.220289,11.2267,0.224646,16.323533,6.954574,11.2267,1.287871,0.711992,-0.738764,1.054912,-0.481305,0.524669
76,10.570,A,4,17.344466,7.098102,15.668549,7.922488,0.465681,-0.029740,12.0052,0.186148,12.1123,0.110055,16.570249,6.944645,12.1123,1.330127,0.789278,-0.901700,0.977843,0.774216,0.153457
77,10.699,A,4,17.081987,8.885444,16.008405,7.783261,0.477228,-0.066032,12.9538,0.181501,13.3122,0.285513,16.817494,6.934926,13.3122,1.172304,1.968369,-0.809089,0.848335,0.264493,1.950518
78,10.837,A,4,18.503168,7.793037,16.251949,7.985507,0.467635,-0.025288,14.8707,0.247973,14.9022,0.199707,17.063671,6.925106,14.9022,1.335419,1.680910,-0.811722,1.060401,1.439497,0.867931
79,10.986,A,4,17.750433,7.590541,16.696469,7.961229,0.501190,-0.044672,15.6909,0.169847,15.6831,0.172476,17.307569,6.921688,15.6831,1.205856,0.802180,-0.611100,1.039541,0.442864,0.668853
80,11.145,A,4,18.420351,7.145189,16.931471,7.905039,0.487516,-0.061234,17.0439,0.222496,17.0509,0.227491,17.549217,6.911365,17.0509,1.170042,0.901968,-0.617747,0.993674,0.871133,0.233824
81,11.291,A,4,17.588224,8.027466,17.243010,7.778627,0.486907,-0.094096,17.9423,0.168273,17.8930,0.147332,17.790024,6.905975,17.8930,1.029925,1.139503,-0.547015,0.872651,-0.201800,1.121491
82,11.439,A,4,17.774870,7.492172,17.351586,7.829205,0.454395,-0.079371,19.0548,0.187282,19.0133,0.150300,18.034188,6.898880,19.0133,1.153885,0.647488,-0.682602,0.930325,-0.259318,0.593292
83,11.578,A,4,19.337276,7.302968,17.470700,7.776624,0.422303,-0.087489,19.9481,0.168425,19.9176,0.188973,18.283955,6.898513,19.9176,1.196855,1.128304,-0.813255,0.878111,1.053321,0.404455
84,11.719,A,4,18.617441,7.567672,17.843864,7.699066,0.441661,-0.114352,20.8832,0.164184,20.8317,0.158633,18.541095,6.903374,20.8317,1.057950,0.668671,-0.697231,0.795692,0.076346,0.664298
85,11.861,A,4,18.935373,6.916915,18.025058,7.681001,0.424497,-0.116195,21.7694,0.157861,21.7141,0.155071,18.804866,6.913184,21.7141,1.094369,0.130561,-0.779807,0.767818,0.130507,0.003731
86,12.016,A,4,19.613591,8.183621,18.229239,7.550271,0.406277,-0.141555,22.6108,0.149608,22.5557,0.137790,19.072656,6.925967,22.5557,1.049337,1.369052,-0.843417,0.624304,0.540935,1.257654
87,12.162,A,4,19.326497,8.230978,18.507780,7.664876,0.430606,-0.125353,23.2546,0.143747,23.3557,0.134990,19.341120,6.939751,23.3557,1.104654,1.291309,-0.833340,0.725124,-0.014623,1.291226
88,12.306,A,4,20.266224,7.876943,18.702392,7.772224,0.416241,-0.101895,24.1775,0.136015,24.1165,0.127879,19.607665,6.953812,24.1165,1.220377,1.133963,-0.905274,0.818412,0.658559,0.923131
89,12.454,A,4,20.295089,8.486584,19.021005,7.798844,0.430205,-0.108856,24.9161,0.131334,24.8431,0.124886,19.871402,6.968724,24.8431,1.188392,1.575884,-0.850397,0.830120,0.423686,1.517860
90,12.607,A,4,20.858973,7.612363,19.289480,7.929593,0.440775,-0.092560,25.6060,0.123319,25.5401,0.115422,20.133409,6.985712,25.5401,1.266147,0.958715,-0.843929,0.943881,0.725564,0.626650
91,12.785,A,4,20.473357,8.528115,19.610766,7.883933,0.446200,-0.116125,26.2656,0.117893,26.2096,0.107065,20.396519,7.006031,26.2096,1.178185,1.524023,-0.785753,0.877902,0.076837,1.522084
92,12.942,A,4,21.190659,8.248247,19.807452,8.007860,0.441163,-0.096096,26.9040,0.113501,26.8509,0.112269,20.664147,7.030536,26.8509,1.299649,1.326663,-0.856694,0.977324,0.526512,1.217711
93,13.085,A,4,20.364143,9.417533,20.095448,8.061998,0.447874,-0.099514,27.5120,0.108322,27.4619,0.104001,20.938442,7.059529,27.4619,1.309803,2.426933,-0.842994,1.002469,-0.574299,2.358004
94,13.228,A,4,21.497973,8.718192,20.185552,8.314798,0.434359,-0.049687,28.0866,0.102500,28.0434,0.105481,21.219118,7.092817,28.0434,1.600467,1.649122,-1.033565,1.221981,0.278855,1.625375
95,13.368,A,4,21.262218,8.461788,20.458025,8.402392,0.441684,-0.052361,28.6600,0.100620,28.5990,0.094204,21.503555,7.129829,28.5990,1.646982,1.353646,-1.045530,1.272562,-0.241337,1.331959
96,13.514,A,4,22.371801,8.100300,20.640721,8.429161,0.426245,-0.058322,29.1894,0.094785,29.1331,0.093367,21.788151,7.169747,29.1331,1.703737,1.098443,-1.147430,1.259415,0.583650,0.930554
97,13.671,A,4,22.824202,8.775149,20.987272,8.386117,0.435652,-0.091735,29.7082,0.092282,29.6479,0.090336,22.070199,7.211643,29.6479,1.597536,1.735820,-1.082927,1.174474,0.754003,1.563506
98,13.806,A,4,22.320862,8.752729,21.354807,8.468842,0.459171,-0.101248,30.2003,0.087924,30.1425,0.081610,22.349009,7.254685,30.1425,1.569272,1.498309,-0.994202,1.214157,-0.028147,1.498044
99,13.967,A,4,22.739205,8.412694,21.569678,8.533418,0.450696,-0.098979,30.6724,0.084009,30.6141,0.075081,22.625954,7.298519,30.6141,1.625021,1.119916,-1.056276,1.234899,0.113251,1.114175
100,14.109,A,4,22.253267,8.115572,21.819901,8.526119,0.442376,-0.113643,31.1212,0.080228,31.0607,0.068912,22.903810,7.343797,31.0607,1.603978,1.009378,-1.083909,1.182323,-0.650543,0.771775
101,14.251,A,4,23.398599,8.158473,21.939085,8.465830,0.406280,-0.123341,31.5407,0.075952,31.4836,0.072829,23.185423,7.392227,31.4836,1.644986,0.795346,-1.246338,1.073602,0.213176,0.766245
102,14.394,A,4,24.049004,8.300169,22.238339,8.421720,0.407536,-0.147368,31.9402,0.072314,31.8880,0.070617,23.472281,7.445725,31.8880,1.573271,1.030866,-1.233942,0.975995,0.576723,0.854444
103,14.535,A,4,23.567109,8.256598,22.601366,8.409108,0.422727,-0.170026,32.3345,0.070279,32.2794,0.070111,23.763938,7.505219,32.2794,1.472613,0.776731,-1.162572,0.903889,-0.196829,0.751378
104,14.682,A,4,24.901700,8.462825,22.816316,8.390098,0.409312,-0.176280,32.7199,0.067885,32.6597,0.066765,24.058410,7.569977,32.6597,1.488421,1.228135,-1.242094,0.820121,0.843290,0.892848
105,14.833,A,4,24.310271,8.475642,23.229719,8.410370,0.435876,-0.196144,33.0731,0.062774,33.0070,0.032331,24.352984,7.638018,33.0070,1.363177,0.838713,-1.123265,0.772352,-0.042713,0.837624
106,14.971,A,4,24.776829,8.590792,23.467538,8.428922,0.428520,-0.195778,32.8530,-0.013692,32.7563,-0.016281,24.635815,7.705863,32.7563,1.373931,0.896094,-1.168277,0.723060,0.141014,0.884929
107,15.114,A,4,24.404421,9.213815,23.745393,8.464527,0.430615,-0.197045,33.1615,0.045082,33.1303,0.141855,24.914886,7.767770,33.1303,1.361318,1.533500,-1.169493,0.696758,-0.510465,1.446046
108,15.277,A,4,25.345091,9.081961,23.907610,8.604904,0.423841,-0.167892,33.5110,0.043751,33.4348,-0.054197,25.185855,7.825714,33.4348,1.497013,1.266299,-1.278244,0.779191,0.159236,1.256247
109,15.421,A,4,25.934199,8.515823,24.206374,8.698653,0.436228,-0.165149,33.1890,-0.020478,33.1261,0.009123,25.447289,7.885383,33.1261,1.483671,0.796578,-1.240915,0.813270,0.486910,0.630440
110,15.563,A,4,25.819055,9.069657,24.557670,8.675955,0.443329,-0.188608,33.3368,0.008490,33.2775,-0.048115,25.712954,7.947049,33.2775,1.366011,1.127611,-1.155284,0.728907,0.106101,1.122608
111,15.710,A,4,26.025414,9.900213,24.827778,8.754091,0.446791,-0.183277,33.0025,-0.033955,32.9311,-0.014095,25.974331,8.014533,32.9311,1.364378,1.886372,-1.146552,0.739558,0.051084,1.885680
112,15.845,A,4,27.363432,8.122502,25.088493,8.967154,0.462770,-0.154416,32.7931,-0.039358,32.7100,-0.069502,26.237595,8.085356,32.7100,1.448448,1.126450,-1.149102,0.881798,1.125837,0.037147
113,16.003,A,4,26.571361,9.725054,25.537329,8.827580,0.471316,-0.210694,32.4407,-0.053391,32.3410,-0.070653,26.497884,8.157524,32.3410,1.171171,1.569251,-0.960555,0.670056,0.073477,1.567530
114,16.142,A,4,26.185378,9.938691,25.770482,8.994227,0.474980,-0.183483,31.9775,-0.072443,31.8682,-0.089040,26.752394,8.228013,31.8682,1.245486,1.802201,-0.981912,0.766215,-0.567015,1.710679
115,16.282,A,4,27.791230,9.702213,25.882906,9.168878,0.469790,-0.148199,31.5532,-0.084441,31.3214,-0.107320,26.998551,8.295238,31.3214,1.417007,1.614905,-1.115645,0.873640,0.792678,1.406975
116,16.429,A,4,27.262797,9.987166,26.277522,9.276970,0.484367,-0.151914,30.7778,-0.103207,30.6966,-0.117740,27.235164,8.359652,30.6966,1.326104,1.627749,-0.957642,0.917319,0.027633,1.627514
117,16.577,A,4,27.326428,9.581175,26.498632,9.413911,0.482102,-0.134477,30.1050,-0.115945,30.0014,-0.126720,27.463388,8.423010,30.0014,1.382981,1.166235,-0.964756,0.990900,-0.136959,1.158165
118,16.719,A,4,28.069627,9.459871,26.692601,9.455334,0.464368,-0.132124,29.3402,-0.127470,29.2407,-0.138392,27.686369,8.487437,29.2407,1.387227,1.045234,-0.993767,0.967897,0.383258,0.972434
119,16.863,A,4,28.013038,9.332704,26.982805,9.466424,0.462347,-0.145058,28.5174,-0.137656,28.4158,-0.147188,27.907997,8.554448,28.4158,1.299107,0.785312,-0.925192,0.911975,0.105041,0.778255
120,17.002,A,4,28.568953,10.173782,27.211853,9.451080,0.447472,-0.154245,27.6210,-0.149639,27.5258,-0.155889,28.130974,8.624379,27.5258,1.236211,1.610116,-0.919121,0.826701,0.437980,1.549403
121,17.143,A,4,29.334352,8.929533,27.498494,9.585875,0.460001,-0.141344,26.6529,-0.162828,26.5708,-0.177224,28.355553,8.696469,26.5708,1.235149,1.006164,-0.857059,0.889406,0.978799,0.233064
122,17.292,A,4,29.244981,9.477796,27.870701,9.476011,0.462049,-0.180917,25.6229,-0.174137,25.5539,-0.183772,28.579450,8.769390,25.5539,1.000819,0.971992,-0.708750,0.706620,0.665531,0.708405
123,17.430,A,4,29.355516,9.697804,28.162916,9.479159,0.461329,-0.187195,24.5426,-0.184054,24.4805,-0.198388,28.798880,8.841905,24.4805,0.900301,1.020983,-0.635964,0.637254,0.556636,0.855899
124,17.572,A,4,28.920905,10.364051,28.423006,9.519421,0.458831,-0.182224,23.4124,-0.193093,23.3559,-0.196765,29.010543,8.913348,23.3559,0.844111,1.453470,-0.587537,0.606073,-0.089638,1.450703
125,17.718,A,4,29.227453,10.260624,28.559247,9.670627,0.444554,-0.145565,22.2401,-0.200652,22.1832,-0.211591,29.213240,8.983656,22.1832,0.948492,1.277047,-0.653994,0.686971,0.014212,1.276968
126,17.858,A,4,29.851959,10.389328,28.723166,9.778242,0.432858,-0.122885,21.0239,-0.208577,20.9636,-0.217293,29.408215,9.053183,20.9636,0.997498,1.407904,-0.685049,0.725059,0.443744,1.336145
127,18.013,A,4,30.162337,10.771855,28.967289,9.890141,0.437555,-0.108108,19.7531,-0.217682,19.6970,-0.227524,29.598630,9.122633,19.6970,0.993811,1.742900,-0.631341,0.767508,0.563708,1.649222
128,18.162,A,4,31.368839,10.374544,29.223350,10.050684,0.447854,-0.085885,18.4304,-0.226677,18.3849,-0.238860,29.788264,9.192990,18.3849,1.027019,1.973396,-0.564914,0.857695,1.580576,1.181555
129,18.303,A,4,29.708050,10.724091,29.648687,10.112969,0.480881,-0.096540,17.0650,-0.234436,17.0307,-0.233679,29.979734,9.265144,17.0307,0.910165,1.484028,-0.331047,0.847825,-0.271685,1.458947
130,18.445,A,4,31.303275,9.921720,29.706383,10.225896,0.444716,-0.067485,15.6741,-0.239919,15.6392,-0.249711,30.173401,9.339396,15.6392,1.001992,1.271108,-0.467018,0.886500,1.129874,0.582325
131,18.581,A,4,30.867237,10.109906,30.033411,10.176096,0.452359,-0.091154,14.2373,-0.247151,14.2128,-0.256402,30.367342,9.415215,14.2128,0.830933,0.855857,-0.333931,0.760881,0.499895,0.694691
132,18.716,A,4,31.071639,9.670190,30.226117,10.165772,0.436607,-0.094378,12.7704,-0.253246,12.7513,-0.260474,30.558221,9.491444,12.7513,0.751673,0.543643,-0.332105,0.674328,0.513417,0.178746
133,18.845,A,4,31.575832,10.744667,30.419283,10.077245,0.418363,-0.111540,11.2626,-0.258936,11.2531,-0.262487,30.742922,9.566933,11.2531,0.604284,1.442496,-0.323639,0.510311,0.832910,1.177733
134,18.969,A,4,30.949078,11.138725,30.666754,10.192419,0.424950,-0.089306,9.7154,-0.266408,9.7181,-0.263648,30.919956,9.641215,9.7181,0.606578,1.497793,-0.253202,0.551204,0.029122,1.497510
135,19.125,A,4,31.159454,10.839838,30.759038,10.358611,0.402669,-0.050300,8.1465,-0.271634,8.1485,-0.274671,31.089923,9.714705,8.1485,0.723947,1.127279,-0.330886,0.643905,0.069530,1.125132
136,19.255,A,4,32.132398,11.152548,30.869436,10.444304,0.382035,-0.031897,6.5543,-0.275122,6.5491,-0.280781,31.255334,9.788450,6.5491,0.760961,1.621729,-0.385898,0.655854,0.877065,1.364098
137,19.404,A,4,32.462111,10.630260,31.123123,10.570020,0.403226,-0.013437,5.2514,-0.280596,4.9247,-0.289309,31.419731,9.863490,4.9247,0.766264,1.294022,-0.296609,0.706530,1.042380,0.766770
138,19.535,A,4,32.351005,11.188191,31.405754,10.582170,0.405688,-0.018412,3.2782,-0.285950,3.2786,-0.289867,31.586076,9.940152,3.2786,0.666860,1.463803,-0.180322,0.642018,0.764929,1.248040
139,19.667,A,4,31.820241,10.559983,31.613028,10.689485,0.403601,-0.000317,1.5984,-0.290617,1.6100,-0.300936,31.755346,10.017867,1.6100,0.686531,0.545986,-0.142318,0.671618,0.064895,0.542116
140,19.797,A,4,33.055899,11.689676,31.688577,10.666958,0.371632,-0.005838,-0.1017,-0.294457,-0.0842,-0.301281,31.926142,10.095594,-0.0842,0.618784,1.953829,-0.237565,0.571364,1.129757,1.594082
141,19.917,A,4,32.488515,11.928398,31.967752,10.847095,0.388494,0.026547,-1.8339,-0.300041,-1.8068,-0.309247,32.095334,10.172536,-1.8068,0.686518,1.799346,-0.127582,0.674559,0.393181,1.755863
142,20.056,A,4,31.994083,11.858450,32.098194,11.039971,0.372573,0.061539,-3.5913,-0.304513,-3.5579,-0.301589,32.259651,10.248714,-3.5579,0.807562,1.631495,-0.161458,0.791257,-0.265568,1.609736
143,20.193,A,4,32.917484,11.066473,32.116185,11.188720,0.334220,0.085236,-5.3693,-0.308235,-5.3342,-0.307527,32.417272,10.324915,-5.3342,0.914775,0.894494,-0.301087,0.863805,0.500212,0.741558
144,20.320,A,4,32.170801,10.719005,32.291378,11.171365,0.330927,0.072328,-7.1616,-0.311163,-7.1312,-0.315294,32.568475,10.402068,-7.1312,0.817680,0.508521,-0.277097,0.769297,-0.397673,0.316937
145,20.446,A,4,33.155520,11.380817,32.296081,11.093428,0.301119,0.050003,-8.6093,-0.313488,-8.9451,-0.320374,32.715493,10.480553,-8.9451,0.742646,1.002048,-0.419412,0.612875,0.440027,0.900265
146,20.587,A,4,33.137332,11.023951,32.482743,11.144093,0.297201,0.056304,-10.8371,-0.321186,-10.7743,-0.314412,32.861659,10.559834,-10.7743,0.696373,0.539815,-0.378915,0.584259,0.275674,0.464117
147,20.717,A,4,33.879597,10.936760,32.628087,11.122010,0.292446,0.048465,-12.6699,-0.320192,-12.6199,-0.321213,33.009859,10.638745,-12.6199,0.615869,0.919378,-0.381772,0.483264,0.869737,0.298015
148,20.860,A,4,33.795950,11.524651,32.878870,11.086503,0.309823,0.042168,-14.5345,-0.323607,-14.4837,-0.335345,33.161202,10.716238,-14.4837,0.465626,1.027831,-0.282333,0.370265,0.634747,0.808413
149,20.996,A,4,33.810958,11.769050,33.065440,11.160608,0.316816,0.059592,-16.0370,-0.325757,-16.3672,-0.323583,33.314644,10.792019,-16.3672,0.444928,1.095864,-0.249204,0.368589,0.496314,0.977032
150,21.131,A,4,33.444160,11.390871,33.233570,11.264564,0.303205,0.079279,-18.3202,-0.330393,-18.2703,-0.331844,33.467575,10.866730,-18.2703,0.461552,0.524664,-0.234005,0.397834,-0.023415,0.524141
151,21.264,A,4,34.407600,11.883515,33.295171,11.285029,0.286277,0.079237,-19.8613,-0.333840,-20.1918,-0.338046,33.617135,10.941558,-20.1918,0.470779,1.229682,-0.321964,0.343471,0.790465,0.941957
152,21.409,A,4,33.627902,11.548238,33.525898,11.387765,0.287157,0.100505,-22.1830,-0.336624,-22.1301,-0.337525,33.761541,11.017528,-22.1301,0.438866,0.547278,-0.235643,0.370237,-0.133639,0.530710
153,21.550,A,4,33.630060,11.056904,33.573274,11.414356,0.261555,0.097389,-24.1423,-0.340148,-24.0837,-0.335698,33.900716,11.094969,-24.0837,0.457414,0.273320,-0.327443,0.319387,-0.270656,-0.038065
154,21.695,A,4,33.968646,12.031151,33.609919,11.348696,0.242225,0.076381,-26.1028,-0.340898,-26.0513,-0.335059,34.036289,11.173329,-26.0513,0.461026,0.860485,-0.426370,0.175367,-0.067643,0.857822
155,21.841,A,4,33.498444,11.752173,33.698086,11.465812,0.222996,0.096487,-28.0828,-0.344059,-28.0318,-0.344097,34.171011,11.251371,-28.0318,0.519272,0.838540,-0.472925,0.214441,-0.672567,0.500802
156,21.975,A,4,34.397230,12.589388,33.685988,11.514568,0.191136,0.094215,-30.0849,-0.347351,-30.0241,-0.355001,34.307549,11.327708,-30.0241,0.649041,1.264863,-0.621561,0.186860,0.089681,1.261680
157,22.125,A,4,34.111074,11.699580,33.833344,11.703561,0.181051,0.130809,-32.0959,-0.349522,-32.0278,-0.346049,34.447228,11.401410,-32.0278,0.684214,0.449338,-0.613884,0.302151,-0.336153,0.298170
158,22.304,A,4,34.822002,11.510755,33.904131,11.703815,0.172765,0.122363,-34.1178,-0.352284,-34.0436,-0.356837,34.589471,11.472370,-34.0436,0.723366,0.235677,-0.685341,0.231445,0.232531,0.038384
159,22.458,A,4,34.269057,11.909181,34.087495,11.669170,0.188739,0.119497,-36.1388,-0.353023,-36.0732,-0.352208,34.732133,11.541365,-36.0732,0.657185,0.591378,-0.644638,0.127805,-0.463076,0.367817
160,22.637,A,4,35.562814,11.296146,34.141280,11.710000,0.172109,0.118746,-38.1884,-0.356167,-38.1133,-0.341865,34.872663,11.609706,-38.1133,0.738227,0.758043,-0.731383,0.100294,0.690152,-0.313561
161,22.807,A,4,35.360384,12.785511,34.413749,11.634302,0.207079,0.121039,-39.7623,-0.291370,-39.6341,-0.278895,35.010813,11.673515,-39.6341,0.598351,1.165648,-0.597064,-0.039213,0.349571,1.111996
162,23.007,A,4,34.923886,11.440932,34.605278,11.834318,0.193116,0.162733,-41.7368,-0.339812,-41.6682,-0.429386,35.151979,11.735392,-41.6682,0.555579,0.372469,-0.546701,0.098925,-0.228093,-0.294460
163,23.185,A,4,35.492542,11.680330,34.685964,11.763142,0.192071,0.142071,-43.8890,-0.353141,-43.7844,-0.283331,35.293999,11.793512,-43.7844,0.608793,0.228538,-0.608035,-0.030371,0.198543,-0.113182
164,23.368,A,4,35.212449,11.951106,34.852047,11.744937,0.198605,0.143484,-45.3055,-0.280824,-45.1905,-0.307215,35.434500,11.844964,-45.1905,0.590979,0.246115,-0.582453,-0.100027,-0.222051,0.106142
165,23.540,A,4,35.208486,11.896030,34.939363,11.777183,0.184974,0.143608,-47.2524,-0.322401,-47.1494,-0.293085,35.584137,11.894186,-47.1494,0.655303,0.375655,-0.644774,-0.117003,-0.375651,0.001844
166,23.712,A,4,36.183721,11.833811,35.009424,11.794345,0.171756,0.139372,-48.6472,-0.266168,-48.5361,-0.290407,35.733732,11.933597,-48.5361,0.737573,0.460920,-0.724309,-0.139252,0.449989,-0.099786
167,23.854,A,4,35.219415,12.758303,35.239084,11.797043,0.185471,0.155594,-50.2499,-0.268477,-50.1214,-0.211082,35.889783,11.965819,-50.1214,0.672232,1.037990,-0.650700,-0.168776,-0.670368,0.792484
168,23.986,A,4,35.697887,12.508551,35.258874,11.963572,0.142987,0.164956,-51.7024,-0.258624,-51.5852,-0.233737,36.047982,11.988718,-51.5852,0.789508,0.626732,-0.789108,-0.025146,-0.350095,0.519833
169,24.136,A,4,36.456132,12.726401,35.358111,12.059131,0.126151,0.174125,-53.0851,-0.245927,-52.9787,-0.239989,36.207975,12.003612,-52.9787,0.851676,0.764203,-0.849864,0.055519,0.248158,0.722789
170,24.285,A,4,36.000340,11.395902,35.574255,12.177499,0.123011,0.202807,-54.4233,-0.236333,-54.3076,-0.220963,36.369553,12.012576,-54.3076,0.812219,0.718753,-0.795298,0.164923,-0.369213,-0.616675
171,24.426,A,4,36.646362,12.710421,35.672446,12.039908,0.142538,0.176473,-55.6891,-0.225601,-55.5711,-0.218249,36.532697,12.017367,-55.5711,0.860546,0.702314,-0.860251,0.022541,0.113666,0.693054
172,24.573,A,4,37.343082,12.793243,35.867579,12.156852,0.132475,0.201997,-56.8968,-0.214605,-56.7712,-0.205871,36.697315,12.018443,-56.7712,0.841201,1.008628,-0.829736,0.138409,0.645767,0.774801
173,24.711,A,4,36.749113,11.494432,36.153395,12.269267,0.134432,0.238657,-58.0436,-0.204467,-57.9134,-0.197994,36.863172,12.014737,-57.9134,0.754035,0.532660,-0.709777,0.254530,-0.114060,-0.520304
174,24.863,A,4,36.606869,13.099211,36.285371,12.132268,0.156776,0.216288,-59.1292,-0.193457,-59.0047,-0.181557,37.030094,12.004406,-59.0047,0.755620,1.173762,-0.744723,0.127862,-0.423225,1.094805
175,25.029,A,4,36.694173,12.276240,36.368414,12.301702,0.119958,0.225157,-60.1846,-0.187628,-60.0489,-0.178409,37.198266,11.985931,-60.0489,0.887899,0.581712,-0.829852,0.315771,-0.504093,0.290309
176,25.171,A,4,37.284865,11.860830,36.445908,12.297635,0.118150,0.217088,-60.9894,-0.180434,-61.0455,-0.164656,37.368286,11.958833,-61.0455,0.982633,0.128700,-0.922378,0.338802,-0.083421,-0.098003
177,25.328,A,4,37.493162,12.334989,36.622345,12.219694,0.134267,0.209019,-62.1380,-0.169818,-61.9911,-0.167697,37.540754,11.923758,-61.9911,0.964912,0.413976,-0.918409,0.295936,-0.047592,0.411232
178,25.473,A,4,37.455513,12.507342,36.801057,12.237810,0.134387,0.217866,-63.0381,-0.161278,-62.8846,-0.152857,37.715635,11.882043,-62.8846,0.981337,0.677246,-0.914577,0.355767,-0.260122,0.625299
179,25.610,A,4,37.748583,12.469612,36.942058,12.283447,0.125168,0.222230,-63.8853,-0.152447,-63.7296,-0.151571,37.891989,11.835100,-63.7296,1.050421,0.650515,-0.949931,0.448347,-0.143407,0.634511
180,25.765,A,4,37.922307,11.875457,37.104755,12.315070,0.124199,0.234212,-64.5334,-0.146008,-64.5327,-0.131151,38.068382,11.783849,-64.5327,1.100350,0.172423,-0.963626,0.531220,-0.146075,0.091608
181,25.902,A,4,37.581323,11.993279,37.280422,12.235043,0.138292,0.225777,-65.4708,-0.135547,-65.3001,-0.140577,38.243757,11.728404,-65.3001,1.088438,0.713426,-0.963336,0.506639,-0.662434,0.264875
182,26.034,A,4,37.853901,12.567368,37.358120,12.188881,0.137905,0.209692,-66.1758,-0.130866,-66.0342,-0.121113,38.418136,11.668198,-66.0342,1.180993,1.061540,-1.060016,0.520683,-0.564235,0.899170
183,26.171,A,4,38.845330,11.608039,37.470154,12.251996,0.120566,0.211633,-66.8806,-0.125691,-66.7329,-0.114184,38.592579,11.602365,-66.7329,1.296865,0.252815,-1.122425,0.649631,0.252752,0.005674
184,26.316,A,4,38.299123,11.705616,37.737889,12.134422,0.151588,0.225660,-67.5229,-0.116711,-67.3922,-0.117458,38.768463,11.530057,-67.3922,1.194713,0.501099,-1.030574,0.604364,-0.469339,0.175559
185,26.466,A,4,38.565571,11.298420,37.863218,12.052772,0.159638,0.215698,-68.1442,-0.111166,-68.0109,-0.103568,38.946536,11.450662,-68.0109,1.239401,0.410258,-1.083318,0.602110,-0.380964,-0.152242
186,26.605,A,4,39.276781,11.825091,38.012942,11.911842,0.179576,0.206773,-68.7278,-0.105159,-68.5922,-0.097656,39.126378,11.364055,-68.5922,1.240892,0.484948,-1.113437,0.547787,0.150402,0.461036
187,26.738,A,4,39.786221,11.620695,38.262518,11.887233,0.183564,0.227421,-69.2913,-0.101288,-69.1429,-0.107349,39.306686,11.270819,-69.1429,1.212541,0.593605,-1.044169,0.616415,0.479535,0.349876
188,26.876,A,4,38.919771,11.233923,38.560250,11.830691,0.196346,0.252448,-69.8319,-0.096970,-69.6688,-0.095055,39.486114,11.172157,-69.6688,1.136174,0.569701,-0.925864,0.658534,-0.566342,0.061766
189,27.022,A,4,39.369425,12.097539,38.653400,11.715016,0.202370,0.231983,-70.3229,-0.089598,-70.1718,-0.083766,39.664096,11.069404,-70.1718,1.199301,1.069529,-1.010697,0.645612,-0.294671,1.028134
190,27.170,A,4,39.993138,10.890647,38.808407,11.772099,0.179697,0.238847,-70.7949,-0.085199,-70.6503,-0.080851,39.841080,10.963381,-70.6503,1.311655,0.168558,-1.032672,0.808718,0.152058,-0.072734
191,27.304,A,4,39.040697,10.360982,39.046444,11.606244,0.207616,0.244291,-71.2440,-0.081343,-71.1015,-0.071580,40.018007,10.854046,-71.1015,1.228713,1.094645,-0.971562,0.752198,-0.977310,-0.493065
192,27.440,A,4,40.188017,10.634465,39.073911,11.373206,0.229719,0.204749,-71.6514,-0.074995,-71.5245,-0.076651,40.195555,10.740542,-71.5245,1.287769,0.106344,-1.121645,0.632664,-0.007539,-0.106077
193,27.570,A,4,39.510733,11.226396,39.297690,11.226773,0.246573,0.213690,-72.0442,-0.071196,-71.9220,-0.055282,40.373698,10.621536,-71.9220,1.234546,1.053833,-1.076007,0.605237,-0.862964,0.604861
194,27.707,A,4,40.588233,10.729721,39.362409,11.210421,0.225485,0.200406,-72.4147,-0.067445,-72.2991,-0.069494,40.551836,10.495852,-72.2991,1.387568,0.236685,-1.189426,0.714570,0.036397,0.233869
195,27.834,A,4,40.198923,10.813424,39.605396,11.109839,0.234798,0.217304,-72.7873,-0.066315,-72.6599,-0.058651,40.729345,10.363166,-72.6599,1.349363,0.695758,-1.123949,0.746673,-0.530421,0.450259
196,27.970,A,4,40.509334,10.609470,39.737695,11.041721,0.229283,0.213310,-72.7296,-0.005214,-72.5463,0.054352,40.896706,10.230361,-72.5463,1.414784,0.542016,-1.159011,0.811361,-0.387372,0.379110
197,28.102,A,4,40.377976,10.604591,39.901167,10.949756,0.230879,0.214374,-72.8282,-0.025479,-72.7186,-0.102735,41.063389,10.100323,-72.7186,1.439547,0.850927,-1.162222,0.849433,-0.685413,0.504268
198,28.241,A,4,40.864465,9.872089,40.012148,10.873008,0.225911,0.206286,-73.3591,-0.066549,-73.2445,-0.002579,41.231200,9.969857,-73.2445,1.517158,0.379544,-1.219052,0.903150,-0.366736,-0.097768
199,28.388,A,4,41.269362,9.649263,40.189130,10.679828,0.248077,0.204764,-73.0474,0.020793,-72.8894,0.032421,41.388168,9.847936,-72.8894,1.459361,0.231485,-1.199038,0.831892,-0.118805,-0.198673
200,28.537,A,4,41.244204,9.318067,40.407109,10.479238,0.271545,0.211104,-73.1754,-0.015989,-73.0541,-0.013425,41.549000,9.721175,-73.0541,1.370611,0.505368,-1.141891,0.758063,-0.304796,-0.403108
201,28.692,A,4,40.372941,9.413736,40.583155,10.253572,0.294573,0.207172,-72.8168,0.044255,-72.6665,0.061538,41.700120,9.597723,-72.6665,1.295280,1.339872,-1.116966,0.655849,-1.327179,-0.183988
202,28.845,A,4,42.057961,9.712667,40.573170,10.082950,0.293025,0.170982,-72.6062,0.039018,-72.4562,0.066432,41.849113,9.470879,-72.4562,1.415154,0.319498,-1.275943,0.612071,0.208848,0.241788
203,28.981,A,4,41.201050,9.425643,40.862849,9.994324,0.293606,0.201854,-72.1783,0.059548,-72.0463,0.053587,41.992181,9.344683,-72.0463,1.302852,0.795262,-1.129331,0.649641,-0.791130,0.080960
204,29.119,A,4,41.414549,10.133975,40.949220,9.873085,0.288917,0.188053,-71.6918,0.079546,-71.5426,0.098696,42.131416,9.219841,-71.5426,1.350673,1.161697,-1.182196,0.653245,-0.716867,0.914135
205,29.251,A,4,41.189183,9.489734,41.057997,9.899012,0.257238,0.188829,-71.0974,0.096244,-70.9529,0.114363,42.267727,9.097706,-70.9529,1.451047,1.147581,-1.209730,0.801306,-1.078544,0.392028
206,29.393,A,4,41.777043,8.905344,41.106659,9.808841,0.248047,0.170680,-70.4168,0.111514,-70.2699,0.124527,42.400982,8.978952,-70.2699,1.537527,0.628267,-1.294323,0.829889,-0.623940,-0.073608
207,29.536,A,4,42.947722,9.259552,41.249620,9.631337,0.262780,0.167131,-69.6526,0.125889,-69.5027,0.143874,42.530312,8.862902,-69.5027,1.493540,0.575814,-1.280692,0.768434,0.417410,0.396650
208,29.685,A,4,43.284773,8.946386,41.575846,9.547508,0.269837,0.204958,-68.7878,0.143135,-68.6611,0.151246,42.654722,8.748006,-68.6611,1.342825,0.660544,-1.078877,0.799502,0.630050,0.198380
209,29.835,A,4,42.251916,8.619038,41.901292,9.427553,0.290498,0.241337,-68.0626,0.151261,-67.7516,0.167816,42.774066,8.632695,-67.7516,1.180480,0.522329,-0.872774,0.794857,-0.522150,-0.013657
210,29.979,A,4,42.738378,8.900109,42.000468,9.264236,0.289501,0.215589,-66.8928,0.165546,-66.7747,0.173973,42.889367,8.516176,-66.7747,1.161781,0.412556,-0.888899,0.748060,-0.150989,0.383933
211,30.130,A,4,42.551461,7.781839,42.161900,9.182425,0.283260,0.215187,-65.8473,0.176949,-65.7273,0.192408,43.002155,8.398705,-65.7273,1.149020,0.763969,-0.840255,0.783720,-0.450694,-0.616865
212,30.276,A,4,42.743384,8.685215,42.261654,8.917289,0.308194,0.189309,-64.7266,0.189669,-64.6078,0.198687,43.113348,8.281266,-64.6078,1.062972,0.547767,-0.851695,0.636023,-0.369964,0.403949
213,30.423,A,4,43.074942,8.344798,42.376670,8.857393,0.292881,0.184069,-63.5344,0.201927,-63.4199,0.209629,43.222541,8.164929,-63.4199,1.093163,0.232677,-0.845871,0.692464,-0.147600,0.179869
214,30.567,A,4,43.410550,8.694489,42.530773,8.748654,0.291630,0.182335,-62.2278,0.213801,-62.1720,0.228359,43.328269,8.050288,-62.1720,1.060054,0.649435,-0.797495,0.698366,0.082281,0.644202
215,30.715,A,4,43.675493,8.592714,42.714975,8.723568,0.278504,0.193307,-60.9695,0.222600,-60.8726,0.230630,43.429100,7.937283,-60.8726,1.062175,0.700213,-0.714124,0.786284,0.246393,0.655430
216,30.860,A,4,43.117630,8.812818,42.915217,8.686509,0.270700,0.204068,-59.6071,0.232049,-59.5266,0.237737,43.524734,7.825436,-59.5266,1.054968,1.068016,-0.609517,0.861073,-0.407105,0.987382
217,31.006,A,4,43.363375,8.509370,42.981378,8.696836,0.243837,0.193016,-58.2201,0.238400,-58.1334,0.245870,43.616269,7.714204,-58.1334,1.169895,0.834413,-0.634891,0.982632,-0.252895,0.795166
218,31.173,A,4,43.572588,7.211631,43.077639,8.653751,0.232763,0.183579,-56.7903,0.245362,-56.6898,0.255068,43.705498,7.603148,-56.6898,1.223917,0.413462,-0.627859,1.050602,-0.132910,-0.391518
219,31.337,A,4,43.801182,7.919090,43.193279,8.388671,0.264591,0.156626,-55.2949,0.255139,-55.1938,0.269992,43.793779,7.491880,-55.1938,1.079275,0.427274,-0.600500,0.896791,0.007402,0.427210
220,31.501,A,4,44.030203,8.853827,43.328563,8.293356,0.264806,0.152095,-53.7414,0.264955,-53.6483,0.270475,43.881275,7.380021,-53.6483,1.067554,1.481311,-0.552712,0.913335,0.148928,1.473806
221,31.657,A,4,43.622169,6.983594,43.480152,8.381753,0.235274,0.169614,-52.1494,0.272624,-52.0598,0.280604,43.967052,7.267371,-52.0598,1.216108,0.446624,-0.486900,1.114382,-0.344882,-0.283777
222,31.802,A,4,43.940304,6.583784,43.532805,8.125594,0.257853,0.130324,-50.5188,0.279860,-50.4349,0.296179,44.049884,7.154170,-50.4349,1.100470,0.580817,-0.517078,0.971424,-0.109580,-0.570387
223,31.955,A,4,44.452586,8.288502,43.631447,7.840689,0.287324,0.098671,-48.8480,0.286673,-48.7758,0.300321,44.129141,7.041188,-48.7758,0.941754,1.288569,-0.497694,0.799501,0.323445,1.247314
224,32.111,A,4,44.640652,7.492202,43.802791,7.906443,0.263910,0.122659,-47.1529,0.291808,-47.0812,0.290015,44.205146,6.929417,-47.0812,1.056631,0.711612,-0.402355,0.977025,0.435506,0.562784
225,32.275,A,4,43.961432,7.254562,43.978012,7.822864,0.268751,0.125860,-45.4220,0.299185,-45.3480,0.303257,44.278810,6.819486,-45.3480,1.047496,0.538535,-0.300797,1.003378,-0.317377,0.435077
226,32.468,A,4,44.807044,7.384352,44.002174,7.712241,0.258508,0.100436,-43.6406,0.306502,-43.5758,0.309618,44.350997,6.711147,-43.5758,1.060126,0.813132,-0.348823,1.001094,0.456047,0.673205
227,32.654,A,4,44.132157,6.326467,44.170241,7.644455,0.261515,0.105163,-41.8249,0.312810,-41.7681,0.320424,44.422155,6.603236,-41.7681,1.071259,0.400874,-0.251915,1.041218,-0.289998,-0.276769
228,32.862,A,4,44.698139,7.465364,44.189644,7.401188,0.270669,0.062134,-39.9790,0.318502,-39.9309,0.322995,44.492402,6.494278,-39.9309,0.956111,0.992641,-0.302758,0.906910,0.205737,0.971086
229,33.056,A,4,44.960960,7.475498,44.303959,7.401027,0.255708,0.070970,-38.1047,0.323719,-38.0686,0.313755,44.561817,6.383445,-38.0686,1.049746,1.162711,-0.257858,1.017583,0.399143,1.092054
230,33.232,A,4,45.067128,6.538245,44.444434,7.405095,0.246199,0.082619,-36.2186,0.326477,-36.1809,0.331834,44.630578,6.271157,-36.1809,1.149115,0.511773,-0.186144,1.133938,0.436550,0.267088
231,33.410,A,4,44.820680,6.014436,44.579439,7.244030,0.260196,0.066851,-34.2899,0.332699,-34.2638,0.335319,44.698806,6.158846,-34.2638,1.091729,0.188964,-0.119367,1.085183,0.121874,-0.144410
232,33.574,A,4,44.326229,6.938173,44.647317,7.017105,0.270700,0.032539,-32.3403,0.337210,-32.3140,0.340039,44.766324,6.047996,-32.3140,0.976389,0.993025,-0.119007,0.969109,-0.440095,0.890176
233,33.748,A,4,44.662617,6.302843,44.614079,6.991987,0.237477,0.019931,-30.3560,0.342843,-30.3325,0.353341,44.832639,5.939140,-30.3325,1.075293,0.401481,-0.218560,1.052847,-0.170022,0.363703
234,33.896,A,4,45.018948,6.080098,44.643852,6.859933,0.231007,-0.000752,-28.3192,0.350863,-28.3251,0.349296,44.897263,5.831568,-28.3251,1.059128,0.276721,-0.253410,1.028365,0.121685,0.248530
235,34.045,A,4,44.497675,5.607736,44.730580,6.711190,0.236022,-0.015885,-26.2890,0.352709,-26.2987,0.355905,44.960181,5.723893,-26.2987,1.013643,0.476870,-0.229602,0.987297,-0.462506,-0.116157
236,34.202,A,4,44.812625,5.484401,44.709564,6.503804,0.228074,-0.052212,-24.2451,0.354816,-24.2570,0.355497,45.022124,5.615033,-24.2570,0.942129,0.246890,-0.312560,0.888770,-0.209499,-0.130632
237,34.367,A,4,45.137505,5.780386,44.746522,6.309348,0.228359,-0.076668,-22.2041,0.355206,-22.1986,0.352842,45.084311,5.504925,-22.1986,0.872467,0.280550,-0.337789,0.804423,0.053194,0.275461
238,34.497,A,4,44.770743,5.714750,44.834052,6.200667,0.228003,-0.079050,-20.1432,0.357861,-20.1186,0.359431,45.147769,5.394445,-20.1186,0.865108,0.494715,-0.313717,0.806222,-0.377026,0.320305
239,34.652,A,4,45.389005,4.395335,44.841229,6.099872,0.212074,-0.088053,-18.0400,0.363300,-18.0132,0.364286,45.212711,5.284657,-18.0132,0.895865,0.906628,-0.371482,0.815215,0.176294,-0.889322
240,34.806,A,4,45.580769,6.177652,44.956466,5.783130,0.235665,-0.126706,-15.9091,0.368451,-15.8840,0.370737,45.278417,5.175997,-15.8840,0.687214,1.046294,-0.321951,0.607133,0.302351,1.001656
241,34.952,A,4,45.109910,5.116639,45.085919,5.835959,0.228095,-0.092645,-13.7514,0.373318,-13.7372,0.378573,45.343695,5.068010,-13.7372,0.810058,0.238790,-0.257776,0.767949,-0.233785,0.048629
242,35.088,A,4,45.270983,5.137061,45.109958,5.694583,0.216300,-0.107588,-11.5923,0.374385,-11.5796,0.379695,45.407597,4.959831,-11.5796,0.792748,0.223772,-0.297638,0.734753,-0.136614,0.177230
243,35.229,A,4,46.000468,6.163536,45.153606,5.584604,0.211763,-0.116669,-9.8494,0.377050,-9.4145,0.375938,45.469915,4.850937,-9.4145,0.798949,1.415769,-0.316309,0.733668,0.530553,1.312599
244,35.369,A,4,45.856506,6.137588,45.324971,5.671651,0.210532,-0.074509,-7.2266,0.378924,-7.2407,0.382404,45.531234,4.741553,-7.2407,0.952695,1.433427,-0.206263,0.930098,0.325272,1.396035
245,35.504,A,4,45.640244,5.022776,45.438507,5.745376,0.204526,-0.046272,-5.0344,0.381493,-5.0543,0.389217,45.592585,4.632413,-5.0543,1.123579,0.393262,-0.154078,1.112964,0.047659,0.390364
246,35.647,A,4,45.831020,5.030901,45.494041,5.611184,0.197629,-0.065599,-3.0203,0.351784,-3.0916,0.259708,45.658685,4.524966,-3.0916,1.098625,0.534481,-0.164643,1.086218,0.172336,0.505935
247,35.786,A,4,46.395560,5.546505,45.569010,5.502829,0.198311,-0.079195,-1.7145,0.314170,-1.3303,0.380965,45.731676,4.420776,-1.3303,1.094211,1.306908,-0.162665,1.082053,0.663884,1.125729
248,35.935,A,4,46.286134,4.735769,45.737735,5.502152,0.204697,-0.064209,1.1423,0.397424,1.1227,0.380820,45.812612,4.314437,1.1227,1.190073,0.633833,-0.074877,1.187715,0.473522,0.421332
249,36.092,A,4,46.578480,5.181145,45.855433,5.360675,0.207676,-0.083264,2.8424,0.314832,2.7531,0.249520,45.901119,4.215196,2.7531,1.146389,1.179778,-0.045686,1.145479,0.677361,0.965949
250,36.238,A,4,46.389592,4.028090,46.004415,5.322402,0.214139,-0.079773,4.6889,0.329796,4.6433,0.408837,45.992520,4.112450,4.6433,1.210010,0.405934,0.011894,1.209952,0.397072,-0.084360
251,36.380,A,4,46.107948,5.099233,46.094724,5.086905,0.209259,-0.118095,6.4606,0.301828,6.3425,0.221489,46.086693,4.012233,6.3425,1.074701,1.087208,0.008031,1.074671,0.021255,1.087000
252,36.528,A,4,46.748708,4.661482,46.118411,5.080302,0.189627,-0.106302,8.0940,0.299280,8.0091,0.320220,46.183661,3.913479,8.0091,1.168646,0.937436,-0.065250,1.166823,0.565047,0.748003
253,36.668,A,4,46.983558,5.219081,46.250167,4.998795,0.193675,-0.111785,9.5762,0.267163,9.4875,0.299179,46.284842,3.820107,9.4875,1.179198,1.563756,-0.034675,1.178688,0.698716,1.398974
254,36.809,A,4,46.704056,4.873094,46.400648,5.030995,0.201900,-0.094688,11.0983,0.263178,10.9919,0.257944,46.392293,3.729645,10.9919,1.301377,1.185189,0.008356,1.301350,0.311763,1.143449
255,36.952,A,4,47.252772,3.816931,46.475500,4.998050,0.192877,-0.092231,12.5101,0.250511,12.3932,0.243833,46.507995,3.643039,12.3932,1.355400,0.764808,-0.032496,1.355010,0.744777,0.173892
256,37.093,A,4,46.629830,3.846738,46.634214,4.783936,0.197119,-0.128925,13.8460,0.237816,13.7228,0.219618,46.632729,3.559002,13.7228,1.224934,0.287750,0.001485,1.224933,-0.002899,0.287736
257,37.235,A,4,47.501839,3.906853,46.655217,4.609988,0.173102,-0.149927,15.1058,0.224705,14.9818,0.216863,46.765545,3.477317,14.9818,1.138031,0.852425,-0.110328,1.132670,0.736293,0.429535
258,37.391,A,4,46.444888,4.039215,46.825893,4.475867,0.182180,-0.165741,16.3064,0.213465,16.1779,0.207623,46.904092,3.398638,16.1779,1.080064,0.788168,-0.078199,1.077229,-0.459204,0.640577
259,37.541,A,4,47.246061,4.616317,46.779644,4.387867,0.148106,-0.162552,17.4418,0.203092,17.3193,0.193996,47.045693,3.323908,17.3193,1.096718,1.307849,-0.266049,1.063959,0.200368,1.292409
260,37.696,A,4,47.297258,4.794555,46.880838,4.418144,0.152106,-0.142600,18.5385,0.195107,18.4106,0.186810,47.188604,3.253482,18.4106,1.204639,1.544898,-0.307766,1.164661,0.108654,1.541073
261,37.853,A,4,47.928034,3.776087,46.973055,4.476992,0.155366,-0.119365,19.5747,0.184634,19.4521,0.177901,47.332775,3.186791,19.4521,1.339409,0.837617,-0.359720,1.290201,0.595258,0.589296
262,38.017,A,4,48.196914,3.613497,47.161070,4.346927,0.167017,-0.141382,20.5545,0.175311,20.4410,0.174923,47.479778,3.122846,20.4410,1.264891,0.868921,-0.318708,1.224081,0.717136,0.490652
263,38.166,A,4,48.200692,4.236900,47.365372,4.209804,0.179322,-0.163793,21.4907,0.166749,21.3755,0.161872,47.631931,3.061225,21.3755,1.179104,1.306025,-0.266559,1.148579,0.568761,1.175675
264,38.301,A,4,47.482651,4.587930,47.535834,4.206627,0.191141,-0.156247,22.3653,0.156941,22.2587,0.145163,47.791030,3.002698,22.2587,1.230678,1.614948,-0.255195,1.203929,-0.308379,1.585232
265,38.451,A,4,47.797448,2.962524,47.549001,4.267672,0.175367,-0.127578,23.2050,0.149885,23.0982,0.143874,47.957402,2.948867,23.0982,1.380593,0.160536,-0.408401,1.318805,-0.159954,0.013656
266,38.603,A,4,47.831741,3.599619,47.613872,4.031005,0.151076,-0.162718,24.0069,0.143187,23.9029,0.134169,48.129849,2.901035,23.9029,1.242201,0.759532,-0.515977,1.129969,-0.298109,0.698584
267,38.748,A,4,48.574005,3.873188,47.672398,3.946021,0.138423,-0.164442,24.7670,0.135686,24.6767,0.127670,48.306381,2.859175,24.6767,1.258240,1.048735,-0.633983,1.086845,0.267624,1.014013
268,38.900,A,4,48.323004,3.947591,47.851569,3.924582,0.154445,-0.163080,25.4987,0.129936,25.4180,0.118427,48.485229,2.821817,25.4180,1.271854,1.137402,-0.633660,1.102764,-0.162225,1.125773
269,39.052,A,4,48.321268,4.200276,47.955654,3.921095,0.155667,-0.153156,26.1859,0.122996,26.1221,0.115044,48.665526,2.787001,26.1221,1.337941,1.454599,-0.709872,1.134093,-0.344258,1.413275
270,39.223,A,4,49.109687,3.764494,48.040632,3.964317,0.156833,-0.134406,26.8420,0.117031,26.7863,0.113336,48.847392,2.753609,26.7863,1.454880,1.044359,-0.806760,1.210708,0.262296,1.010884
271,39.349,A,4,50.018608,3.185741,48.250211,3.924331,0.174063,-0.143851,27.4821,0.113406,27.4125,0.115289,49.031629,2.722154,27.4125,1.433821,1.090431,-0.781418,1.202177,0.986979,0.463587
272,39.505,A,4,47.788986,3.552346,48.586278,3.788770,0.204088,-0.181111,28.0960,0.109102,28.0077,0.100094,49.219330,2.694506,28.0077,1.264187,1.667865,-0.633052,1.094264,-1.430344,0.857840
273,39.651,A,4,48.922030,4.328386,48.469969,3.740518,0.154801,-0.158967,28.6739,0.103845,28.5795,0.107055,49.411538,2.672702,28.5795,1.423652,1.726531,-0.941569,1.067816,-0.489509,1.655684
274,39.813,A,4,49.654164,3.674361,48.570715,3.839017,0.163986,-0.131880,29.2169,0.097869,29.1319,0.101016,49.608950,2.657647,29.1319,1.572758,1.017719,-1.038235,1.181370,0.045214,1.016714
275,39.952,A,4,50.105858,3.949247,48.783525,3.806588,0.180445,-0.142262,29.7552,0.095084,29.6627,0.092374,49.811638,2.648614,29.6627,1.548521,1.333496,-1.028112,1.157974,0.294220,1.300633
276,40.087,A,4,50.286654,3.955928,49.035519,3.829441,0.212104,-0.149134,30.1618,0.091373,30.1668,0.086280,50.018874,2.643841,30.1668,1.540335,1.339133,-0.983355,1.185600,0.267780,1.312087
277,40.222,A,4,50.371047,3.466100,49.286769,3.849797,0.230158,-0.149509,30.7343,0.085463,30.6416,0.077514,50.229238,2.641723,30.6416,1.532217,0.836484,-0.942469,1.208074,0.141809,0.824376
278,40.371,A,4,50.440386,4.712967,49.506088,3.780704,0.235686,-0.166105,31.1765,0.080016,31.0894,0.068482,50.441112,2.641747,31.0894,1.473598,2.071220,-0.935024,1.138956,-0.000726,2.071220
279,40.527,A,4,50.110105,3.456255,49.699841,3.944843,0.258938,-0.137301,31.5922,0.075117,31.5164,0.068087,50.653418,2.644543,31.5164,1.612480,0.976762,-0.953577,1.300300,-0.543312,0.811712
280,40.685,A,4,50.901862,3.081332,49.801004,3.859819,0.238142,-0.146793,31.9918,0.071758,31.9278,0.067709,50.866211,2.651214,31.9278,1.611023,0.431593,-1.065208,1.208605,0.035650,0.430118
281,40.838,A,4,51.058796,3.215452,50.017883,3.722132,0.240214,-0.180671,32.3018,0.069604,32.3255,0.069159,51.080800,2.662581,32.3255,1.500814,0.553309,-1.062917,1.059551,-0.022004,0.552871
282,40.976,A,4,51.504101,3.685147,50.236325,3.629494,0.235573,-0.194913,32.7549,0.067076,32.7065,0.064050,51.299153,2.678847,32.7065,1.425950,1.026958,-1.062828,0.950647,0.204947,1.006300
283,41.119,A,4,51.852376,3.619077,50.491173,3.636102,0.253186,-0.198226,33.1355,0.067818,33.1371,0.131012,51.522635,2.698692,33.1371,1.393790,0.977670,-1.031462,0.937409,0.329742,0.920385
284,41.257,A,4,51.350755,3.556094,50.764252,3.630917,0.270425,-0.205520,34.0913,0.135186,34.0918,0.103333,51.742999,2.712348,34.0918,1.342279,0.930464,-0.978746,0.918570,-0.392244,0.843747
285,41.391,A,4,52.117478,4.443691,50.901232,3.615844,0.260956,-0.199349,34.3096,0.057130,34.2549,-0.013376,51.966482,2.733896,34.2549,1.382965,1.716449,-1.065251,0.881948,0.150996,1.709795
286,41.535,A,4,52.827084,4.340140,51.149112,3.761747,0.289066,-0.178725,34.7679,0.086279,34.7944,0.201683,52.184258,2.751319,34.7944,1.446545,1.713936,-1.035146,1.010428,0.642826,1.588820
287,41.709,A,4,52.462318,4.217647,51.480273,3.866981,0.323549,-0.177180,35.6835,0.127913,35.6751,0.078178,52.397830,2.765898,35.6751,1.433281,1.453181,-0.917558,1.101083,0.064488,1.451749
288,41.873,A,4,53.012955,4.716780,51.690249,3.933908,0.329056,-0.169281,36.1885,0.107970,36.2102,0.179394,52.611037,2.786115,36.2102,1.471489,1.972056,-0.920788,1.147793,0.401918,1.930665
289,42.037,A,4,53.123938,4.371697,51.960611,4.079358,0.352898,-0.156486,37.1925,0.149342,37.1923,0.116229,52.820807,2.800251,37.1923,1.541445,1.600416,-0.860196,1.279107,0.303131,1.571446
290,42.209,A,4,53.170756,4.676818,52.203664,4.140318,0.359554,-0.156795,38.0380,0.153631,38.0515,0.188004,53.030340,2.815014,38.0515,1.561994,1.867092,-0.826676,1.325305,0.140416,1.861804
291,42.385,A,4,53.939853,3.699125,52.412171,4.245700,0.364739,-0.146248,38.9988,0.162185,39.0070,0.179918,53.238610,2.827440,39.0070,1.641482,1.118739,-0.826439,1.418260,0.701243,0.871685
292,42.554,A,4,53.409667,3.876846,52.720173,4.160170,0.362541,-0.180773,40.0512,0.177565,40.0583,0.191752,53.445082,2.838259,40.0583,1.507627,1.039191,-0.724908,1.321911,-0.035415,1.038587
293,42.733,A,4,54.093859,4.035395,52.880710,4.119344,0.341424,-0.186595,41.1668,0.189470,41.1709,0.196335,53.649174,2.848938,41.1709,1.484745,1.267053,-0.768464,1.270405,0.444685,1.186456
294,42.900,A,4,53.328725,3.828354,53.133051,4.113126,0.341337,-0.198017,42.3448,0.200951,42.3545,0.216556,53.850592,2.859736,42.3545,1.444247,1.100257,-0.717541,1.253389,-0.521867,0.968618
295,43.083,A,4,54.540899,3.900617,53.204925,4.070878,0.307586,-0.191445,43.5954,0.213182,43.6024,0.223754,54.049846,2.870268,43.6024,1.468113,1.141381,-0.844921,1.200610,0.491053,1.030348
296,43.259,A,4,54.548155,4.494990,53.476726,4.048344,0.311132,-0.208737,44.8937,0.222846,44.9052,0.229504,54.247905,2.879788,44.9052,1.400085,1.642871,-0.771178,1.168556,0.300250,1.615201
297,43.424,A,4,54.287686,4.739462,53.702506,4.135384,0.321055,-0.201879,46.2433,0.231726,46.2559,0.248882,54.445494,2.887876,46.2559,1.452001,1.858299,-0.742988,1.247508,-0.157808,1.851586
298,43.574,A,4,55.206817,4.194826,53.841688,4.252287,0.320527,-0.180467,47.6489,0.241130,47.6532,0.252077,54.642573,2.894809,47.6532,1.576122,1.417186,-0.800885,1.357478,0.564244,1.300017
299,43.723,A,4,54.688344,3.530935,54.118040,4.253948,0.324197,-0.198462,49.0963,0.249014,49.0999,0.255393,54.838402,2.901342,49.0999,1.532469,0.647228,-0.720362,1.352605,-0.150058,0.629593
300,43.857,A,4,55.420708,3.524528,54.254439,4.136946,0.289404,-0.212457,50.5969,0.258205,50.5987,0.265226,55.032154,2.908123,50.5987,1.454251,0.728650,-0.777714,1.228824,0.388555,0.616406
301,44.004,A,4,54.792431,3.557801,54.495470,4.037316,0.275054,-0.237675,52.1475,0.267156,52.1479,0.270682,55.223587,2.915202,52.1479,1.337646,0.773841,-0.728117,1.122115,-0.431156,0.642600
302,44.162,A,4,54.849363,3.326172,54.582641,3.959373,0.243198,-0.234470,53.7419,0.274745,53.7412,0.280955,55.413239,2.922048,53.7412,1.328885,0.693738,-0.830598,1.037325,-0.563876,0.404124
303,44.322,A,4,55.611379,4.509713,54.662248,3.852730,0.209035,-0.234274,55.3746,0.281637,55.3712,0.283512,55.602006,2.928030,55.3712,1.318414,1.581712,-0.939757,0.924700,0.009374,1.581684
304,44.453,A,4,54.666470,4.236180,54.860702,3.974068,0.229114,-0.222844,57.0353,0.287033,57.0333,0.296240,55.790448,2.932973,57.0333,1.395817,1.720952,-0.929746,1.041095,-1.123979,1.303206
305,44.612,A,4,55.855707,5.035264,54.855926,4.027805,0.210162,-0.190069,58.7411,0.293809,58.7281,0.306303,55.978370,2.937345,58.7281,1.564922,2.101501,-1.122443,1.090460,-0.122663,2.097918
306,44.779,A,4,56.073714,4.636537,55.059312,4.215532,0.240673,-0.178893,60.4839,0.300078,60.4587,0.298665,56.164999,2.941905,60.4587,1.686615,1.697089,-1.105687,1.273627,-0.091286,1.694632
307,44.909,A,4,56.558205,4.437543,55.266883,4.303382,0.251056,-0.182833,62.3155,0.305129,62.2271,0.313861,56.349642,2.947158,62.2271,1.735428,1.504908,-1.082759,1.356224,0.208563,1.490385
308,45.044,A,4,55.825684,4.966898,55.523350,4.341361,0.257001,-0.201783,64.1397,0.314410,64.0313,0.316381,56.532253,2.953051,64.0313,1.716184,2.134202,-1.008903,1.388309,-0.706569,2.013847
309,45.173,A,4,56.751392,4.606499,55.603744,4.466316,0.257424,-0.179725,65.9030,0.318471,65.8660,0.324212,56.713481,2.959125,65.8660,1.871668,1.647809,-1.109737,1.507191,0.037911,1.647373
310,45.313,A,4,56.530219,3.985013,55.833410,4.507516,0.257792,-0.195554,67.3940,0.266033,67.2967,0.199760,56.893987,2.971175,67.2967,1.866860,1.077123,-1.060577,1.536341,-0.363768,1.013838
311,45.451,A,4,56.733557,4.762562,55.984177,4.430878,0.228472,-0.207731,68.9774,0.283537,68.9407,0.362225,57.075913,2.987378,68.9407,1.809856,1.807895,-1.091736,1.443500,-0.342356,1.775184
312,45.589,A,4,57.419540,4.964518,56.143482,4.503965,0.229340,-0.206433,71.0589,0.332844,71.0049,0.281948,57.259608,3.009070,71.0049,1.865595,1.961978,-1.116126,1.494895,0.159932,1.955448
313,45.734,A,4,56.528471,4.741576,56.395957,4.600932,0.241809,-0.221144,72.3152,0.248813,72.2229,0.236770,57.437173,3.040285,72.2229,1.876099,1.928764,-1.041216,1.560647,-0.908702,1.701291
314,45.887,A,4,57.645364,4.217412,56.446540,4.642032,0.225120,-0.202258,74.0499,0.294028,73.9912,0.311050,57.618163,3.073091,73.9912,1.958130,1.144644,-1.171623,1.568940,0.027201,1.144320
315,46.027,A,4,57.149633,5.005962,56.684346,4.582687,0.205320,-0.228596,75.3637,0.239375,75.2502,0.214707,57.792894,3.112749,75.2502,1.841086,1.999509,-1.108548,1.469938,-0.643261,1.893212
316,46.175,A,4,57.260726,3.752528,56.792980,4.671940,0.205689,-0.217109,76.8478,0.255625,76.7474,0.222783,57.969022,3.156365,76.7474,1.918343,0.925793,-1.176041,1.515575,-0.708295,0.596163
317,46.309,A,4,58.173836,4.696483,56.901208,4.523336,0.159901,-0.222801,78.1228,0.235903,78.0199,0.221351,58.141830,3.207667,78.0199,1.808349,1.489159,-1.240622,1.315668,0.032006,1.488815
318,46.446,A,4,58.349315,5.000501,57.151450,4.565416,0.163996,-0.243414,79.3668,0.222775,79.2533,0.219792,58.313834,3.266975,79.2533,1.742724,1.733889,-1.162384,1.298441,0.035481,1.733526
319,46.582,A,4,57.761307,4.391680,57.390127,4.654592,0.175001,-0.257397,80.5552,0.211406,80.4418,0.207510,58.485028,3.334978,80.4418,1.714698,1.280777,-1.094901,1.319614,-0.723721,1.056702
320,46.729,A,4,58.298103,5.171107,57.483292,4.620686,0.152292,-0.247975,81.6869,0.201180,81.5767,0.188855,58.654808,3.411370,81.5767,1.683715,1.795526,-1.171517,1.209316,-0.356705,1.759737
321,46.863,A,4,58.070755,4.399789,57.653655,4.730072,0.163586,-0.248367,82.7747,0.192991,82.6622,0.184625,58.822434,3.494967,82.6622,1.700449,1.176318,-1.168779,1.235105,-0.751679,0.904822
322,47.003,A,4,59.182654,4.930223,57.753514,4.684219,0.139232,-0.241646,83.8184,0.185871,83.7014,0.182151,58.987267,3.584285,83.7014,1.652877,1.360045,-1.233754,1.099934,0.195387,1.345937
323,47.147,A,4,58.240472,5.610129,58.032094,4.739367,0.143906,-0.267558,84.8191,0.178323,84.6959,0.174511,59.149103,3.678129,84.6959,1.540758,2.135003,-1.117009,1.061238,-0.908631,1.932000
324,47.294,A,4,58.726986,5.444382,58.095705,4.905941,0.162317,-0.244233,85.7840,0.171488,85.6461,0.165561,59.308196,3.776027,85.6461,1.657360,1.766696,-1.212491,1.129914,-0.581211,1.668355
325,47.437,A,4,59.013766,5.220607,58.232326,5.015866,0.169182,-0.240589,86.6908,0.161891,86.5525,0.160785,59.464990,3.878426,86.5525,1.677269,1.415999,-1.232664,1.137440,-0.451225,1.342181
326,47.587,A,4,59.596249,6.288676,58.395248,5.067533,0.163717,-0.244577,87.5582,0.154343,87.4166,0.142605,59.619732,3.986498,87.4166,1.633401,2.302298,-1.224484,1.081036,-0.023483,2.302178
327,47.719,A,4,60.217411,6.320188,58.632678,5.299934,0.196374,-0.259608,88.3866,0.147765,88.2417,0.139789,59.772244,4.101537,88.2417,1.653713,2.262871,-1.139566,1.198397,0.445167,2.218651
328,47.860,A,4,59.428087,6.394211,58.939755,5.500125,0.219216,-0.288474,89.1809,0.141903,89.0318,0.124637,59.922037,4.224269,89.0318,1.610182,2.225452,-0.982282,1.275856,-0.493950,2.169942
329,47.989,A,4,58.953020,6.012759,59.054350,5.680110,0.231628,-0.276066,89.9398,0.136158,89.7902,0.133814,60.068654,4.354480,89.7902,1.669163,1.998631,-1.014304,1.325629,-1.115635,1.658278
330,48.126,A,4,59.852058,6.256906,59.062738,5.761653,0.221176,-0.245221,90.6675,0.130011,90.5181,0.127484,60.211974,4.491115,90.5181,1.713187,1.802098,-1.149236,1.270537,-0.359916,1.765790
331,48.253,A,4,59.462864,5.025447,59.226311,5.871567,0.218950,-0.249431,91.3591,0.123399,91.2148,0.121358,60.352256,4.632745,91.2148,1.674047,0.972231,-1.125945,1.238822,-0.889392,0.392702
332,48.397,A,4,59.756913,5.659695,59.291956,5.742738,0.167573,-0.234796,92.0256,0.119272,91.8794,0.112824,60.489908,4.778150,91.8794,1.538025,1.146474,-1.197952,0.964589,-0.732994,0.881546
333,48.538,A,4,60.067925,6.532103,59.396646,5.745030,0.148676,-0.229075,92.6519,0.113179,92.5119,0.114110,60.625165,4.926793,92.5119,1.476066,1.699275,-1.228519,0.818237,-0.557239,1.605309
334,48.701,A,4,60.023752,6.355618,59.537230,5.900584,0.162811,-0.231354,93.2567,0.108286,93.1142,0.099430,60.757920,5.079019,93.1142,1.471412,1.472653,-1.220690,0.821565,-0.734168,1.276599
335,48.839,A,4,60.117875,6.605234,59.644982,5.998596,0.163377,-0.226932,93.8204,0.101789,93.6890,0.101098,60.887801,5.235857,93.6890,1.458207,1.570981,-1.242819,0.762738,-0.769926,1.369377
336,48.987,A,4,60.926278,7.241977,59.749688,6.123819,0.169168,-0.222779,94.3768,0.099173,94.2391,0.087926,61.014444,5.398499,94.2391,1.457977,1.845585,-1.264756,0.725320,-0.088166,1.843478
337,49.127,A,4,60.256246,7.308413,59.978952,6.340903,0.191743,-0.245382,94.8912,0.093405,94.7656,0.096240,61.137752,5.567714,94.7656,1.393068,1.951176,-1.158800,0.773189,-0.881506,1.740699
338,49.261,A,4,60.299541,7.352148,60.050013,6.533562,0.207788,-0.233496,95.3864,0.088730,95.2681,0.081088,61.257933,5.743488,95.2681,1.443360,1.872512,-1.207920,0.790074,-0.958392,1.608660
339,49.394,A,4,61.966676,7.398968,60.114702,6.701325,0.216853,-0.221794,95.8598,0.084834,95.7457,0.087821,61.375329,5.925006,95.7457,1.480490,1.588160,-1.260628,0.776318,0.591346,1.473962
340,49.533,A,4,61.329526,7.703386,60.463226,6.848704,0.216628,-0.269026,96.3188,0.081837,96.1983,0.072292,61.490175,6.110983,96.1983,1.264459,1.600486,-1.026949,0.737721,-0.160649,1.592403
341,49.676,A,4,60.838184,7.858382,60.640647,7.024520,0.224205,-0.276814,96.7282,0.074824,96.6271,0.073550,61.602480,6.300188,96.6271,1.204068,1.735545,-0.961833,0.724332,-0.764296,1.558194
342,49.811,A,4,61.666063,7.665794,60.694842,7.192177,0.236831,-0.265251,97.0587,0.073542,97.0339,0.066284,61.712094,6.491973,97.0339,1.234944,1.174723,-1.017251,0.700205,-0.046030,1.173821
343,49.955,A,4,61.556362,8.325716,60.893462,7.306264,0.223334,-0.271383,97.5134,0.068607,97.4202,0.065511,61.818871,6.686531,97.4202,1.113755,1.660072,-0.925409,0.619733,-0.262509,1.639185
344,50.099,A,4,61.833658,8.252264,61.034325,7.512526,0.236086,-0.272962,97.8860,0.066334,97.7866,0.061351,61.922796,6.884767,97.7866,1.087871,1.370400,-0.888472,0.627760,-0.089138,1.367497
345,50.239,A,4,61.560546,8.731251,61.199358,7.670413,0.236796,-0.278437,98.2260,0.061463,98.1328,0.057572,62.023971,7.087830,98.1328,1.009648,1.707512,-0.824613,0.582583,-0.463425,1.643422
346,50.384,A,4,61.795726,9.316240,61.286713,7.885662,0.250602,-0.269187,98.5446,0.057605,98.4585,0.055739,62.122490,7.296553,98.4585,1.022532,2.045949,-0.835777,0.589109,-0.326763,2.019687
347,50.527,A,4,62.015822,8.029116,61.399126,8.168041,0.275561,-0.268058,98.8479,0.055005,98.7642,0.049669,62.218339,7.511041,98.7642,1.050123,0.556251,-0.819213,0.657000,-0.202517,0.518075
348,50.658,A,4,61.726246,9.147848,61.530237,8.173526,0.241172,-0.263754,99.1436,0.053363,99.0515,0.047785,62.311420,7.730588,99.0515,0.898021,1.533315,-0.781183,0.442938,-0.585175,1.417259
349,50.796,A,4,62.262459,9.245392,61.586364,8.373924,0.251936,-0.250288,99.4023,0.048287,99.3221,0.045813,62.401691,7.953976,99.3221,0.917123,1.298900,-0.815327,0.419948,-0.139231,1.291416
350,50.927,A,4,61.608719,10.284400,61.726386,8.556966,0.255415,-0.254962,99.6637,0.047233,99.5769,0.043296,62.489275,8.180009,99.5769,0.850939,2.281193,-0.762889,0.376957,-0.880556,2.104392
351,51.070,A,4,62.390001,10.502179,61.725296,8.892778,0.293280,-0.235565,99.9068,0.044309,99.8162,0.043882,62.574440,8.408039,99.8162,0.977762,2.102246,-0.849144,0.484739,-0.184440,2.094140
352,51.211,A,4,62.036624,10.130656,61.860910,9.210973,0.318908,-0.245660,100.1239,0.039900,100.0396,0.036858,62.657434,8.638198,100.0396,0.981082,1.616426,-0.796524,0.572775,-0.620810,1.492458
353,51.345,A,4,62.692247,10.150269,61.909969,9.409082,0.320100,-0.233624,100.3289,0.037333,100.2471,0.036517,62.738305,8.871254,100.2471,0.987623,1.279845,-0.828336,0.537829,-0.046058,1.279016
354,51.482,A,4,62.717078,11.308876,62.065712,9.575363,0.311154,-0.243466,100.5151,0.034549,100.4399,0.032548,62.816839,9.108210,100.4399,0.884547,2.202926,-0.751127,0.467153,-0.099760,2.200666
355,51.623,A,4,62.696616,11.023776,62.199066,9.917651,0.339103,-0.253825,100.6931,0.032576,100.6198,0.026069,62.892678,9.349834,100.6198,0.896390,1.685384,-0.693613,0.567817,-0.196062,1.673941
356,51.760,A,4,62.475023,11.114555,62.305459,10.151125,0.342841,-0.254045,100.8563,0.030034,100.7889,0.035580,62.965570,9.596289,100.7889,0.862316,1.595546,-0.660111,0.554836,-0.490547,1.518266
357,51.897,A,4,62.279257,11.078713,62.353343,10.359622,0.343133,-0.241796,101.0154,0.029027,100.9481,0.020654,63.035567,9.847032,100.9481,0.853333,1.445352,-0.682224,0.512590,-0.756309,1.231681
358,52.028,A,4,62.097999,11.119305,62.356599,10.524431,0.336233,-0.220587,101.1599,0.026694,101.0975,0.021485,63.103023,10.101029,101.0975,0.858148,1.430719,-0.746423,0.423402,-1.005023,1.018276
359,52.160,A,4,62.953468,12.429624,62.325068,10.666144,0.326793,-0.194121,101.2954,0.025046,101.2369,0.024094,63.168367,10.357191,101.2369,0.898112,2.083545,-0.843299,0.308952,-0.214900,2.072433
360,52.302,A,4,63.217350,12.167558,62.448979,11.014569,0.353853,-0.209632,101.4307,0.024492,101.3667,0.025289,63.231829,10.614830,101.3667,0.879002,1.552796,-0.782850,0.399739,-0.014479,1.552728
361,52.441,A,4,63.242664,11.734456,62.598706,11.257199,0.355572,-0.224631,101.5603,0.023925,101.4881,0.020946,63.293312,10.873892,101.4881,0.793348,0.862053,-0.694606,0.383307,-0.050648,0.860564
362,52.580,A,4,62.827878,12.564805,62.727604,11.379981,0.333901,-0.229199,101.6768,0.022197,101.6030,0.026814,63.352490,11.134923,101.6030,0.671220,1.523083,-0.624886,0.245059,-0.524612,1.429882
363,52.717,A,4,62.839144,13.489679,62.760474,11.626770,0.343159,-0.219031,101.7721,0.018306,101.7130,0.029511,63.409029,11.398798,101.7130,0.687455,2.167154,-0.648555,0.227972,-0.569885,2.090882
364,52.855,A,4,63.187147,14.175516,62.788286,11.994991,0.375708,-0.213985,101.8624,0.016216,101.8191,0.020506,63.462776,11.666324,101.8191,0.750305,2.524285,-0.674490,0.328667,-0.275629,2.509192
365,52.990,A,4,62.484131,14.541604,62.871898,12.422717,0.414048,-0.223195,101.9557,0.016535,101.9214,0.011735,63.513822,11.937833,101.9214,0.804474,2.799980,-0.641924,0.484884,-1.029691,2.603771
366,53.133,A,4,62.883880,13.423567,62.815546,12.843334,0.452166,-0.203357,102.0392,0.015521,102.0201,0.012138,63.562399,12.212973,102.0201,0.977315,1.387777,-0.746854,0.630361,-0.678519,1.210593
367,53.260,A,4,64.245811,13.850826,62.837720,12.993234,0.428770,-0.190479,102.1328,0.016531,102.1159,0.013482,63.608712,12.490827,102.1159,0.920239,1.501830,-0.770991,0.502407,0.637099,1.359999
368,53.406,A,4,62.218397,14.613471,63.097566,13.190059,0.407549,-0.228341,102.2259,0.016234,102.2097,0.011452,63.652819,12.770310,102.2097,0.696057,2.335553,-0.555253,0.419749,-1.434422,1.843160
369,53.546,A,4,63.722165,14.820707,62.954160,13.486376,0.425307,-0.185877,102.3128,0.015642,102.3030,0.017719,63.694651,13.050643,102.3030,0.859180,1.770278,-0.740491,0.435733,0.027514,1.770064
370,53.675,A,4,63.123104,14.856383,63.099548,13.767654,0.425888,-0.205191,102.4022,0.016142,102.3966,0.020653,63.734112,13.331652,102.3966,0.769915,1.642600,-0.634564,0.436002,-0.611008,1.524731
371,53.817,A,4,63.393143,16.284370,63.114154,14.005659,0.423298,-0.194541,102.4865,0.014948,102.4906,0.018462,63.771166,13.613794,102.4906,0.764998,2.697198,-0.657011,0.391865,-0.378023,2.670576
372,53.955,A,4,62.900055,15.494108,63.173182,14.455045,0.461080,-0.203076,102.5802,0.015575,102.5850,0.018862,63.805812,13.897926,102.5850,0.842972,1.835263,-0.632630,0.557119,-0.905757,1.596182
373,54.095,A,4,63.212229,15.046428,63.133890,14.687491,0.455610,-0.181887,102.6832,0.017078,102.6799,0.016062,63.838009,14.184895,102.6799,0.865093,1.064819,-0.704119,0.502597,-0.625780,0.861533
374,54.249,A,4,64.181849,15.637893,63.155236,14.797934,0.423915,-0.169957,102.7727,0.015732,102.7762,0.010531,63.867638,14.475105,102.7762,0.782135,1.204494,-0.712401,0.322830,0.314211,1.162789
375,54.385,A,4,63.678178,15.900729,63.344859,14.990813,0.404860,-0.196447,102.8574,0.015292,102.8753,0.016974,63.894561,14.768300,102.8753,0.593030,1.152917,-0.549702,0.222512,-0.216383,1.132429
376,54.516,A,4,62.699577,16.252686,63.411781,15.186160,0.403554,-0.200500,102.9363,0.016617,102.9780,0.014667,63.918741,15.063678,102.9780,0.521546,1.702968,-0.506960,0.122482,-1.219164,1.189008
377,54.649,A,4,63.302516,16.646829,63.295027,15.415640,0.409045,-0.163837,103.0290,0.015914,103.0845,0.016548,63.940308,15.360262,103.0845,0.647652,1.435978,-0.645280,0.055379,-0.637792,1.286567
378,54.781,A,4,63.563633,17.840321,63.303678,15.682811,0.405745,-0.155152,103.1697,0.019497,103.1941,0.023908,63.959525,15.657331,103.1941,0.656341,2.218598,-0.655847,0.025481,-0.395892,2.182990
379,54.918,A,4,64.187512,17.978244,63.355455,16.108049,0.440538,-0.166641,103.3054,0.022308,103.3057,0.023590,63.976636,15.954688,103.3057,0.639833,2.034515,-0.621182,0.153361,0.210875,2.023557
380,55.061,A,4,63.703455,17.444622,63.509250,16.485701,0.457271,-0.194980,103.4242,0.021353,103.4189,0.022527,63.991704,16.252694,103.4189,0.535775,1.226288,-0.482455,0.233007,-0.288249,1.191929
381,55.215,A,4,63.145413,17.755232,63.551767,16.703462,0.445490,-0.190885,103.5469,0.021368,103.5342,0.023963,64.004539,16.552093,103.5342,0.477405,1.478392,-0.452772,0.151370,-0.859127,1.203140
382,55.357,A,4,63.088666,18.465985,63.487201,16.936607,0.443022,-0.166890,103.6655,0.020711,103.6527,0.011059,64.014800,16.853673,103.6527,0.534078,1.859375,-0.527599,0.082934,-0.926134,1.612312
383,55.492,A,4,63.781853,18.310574,63.421714,17.253928,0.457529,-0.149513,103.7847,0.021437,103.7755,0.025124,64.022209,17.157900,103.7755,0.608125,1.177467,-0.600495,0.096028,-0.240356,1.152674
384,55.632,A,4,63.098198,18.236503,63.489296,17.488105,0.447709,-0.156644,103.7528,-0.005008,103.6979,-0.093209,64.024910,17.462597,103.6979,0.536221,1.207363,-0.535614,0.025508,-0.926712,0.773906
385,55.764,A,4,62.784301,19.356031,63.424355,17.666637,0.434301,-0.134151,103.3323,-0.044148,103.3067,0.008856,64.026911,17.757659,103.3067,0.609392,2.024567,-0.602556,-0.091023,-1.242610,1.598372
386,55.902,A,4,64.532573,19.235801,63.313081,18.010950,0.457382,-0.112992,103.6955,0.036379,103.7088,0.045199,64.030219,18.053618,103.7088,0.718407,1.284490,-0.717138,-0.042669,0.502354,1.182183
387,56.041,A,4,62.958678,20.236203,63.530474,18.274232,0.446217,-0.155356,103.4188,-0.035333,103.3572,-0.126072,64.028894,18.338439,103.3572,0.502539,2.178731,-0.498420,-0.064208,-1.070216,1.897764
388,56.186,A,4,63.380473,20.179256,63.433442,18.668658,0.477176,-0.136910,103.1503,-0.031486,103.1480,0.038556,64.027535,18.621357,103.1480,0.595973,1.686931,-0.594093,0.047301,-0.647062,1.557899
389,56.331,A,4,63.682642,20.062315,63.426457,18.985182,0.484908,-0.134598,102.9663,-0.043976,102.9014,-0.132182,64.024096,18.901572,102.9014,0.603460,1.209924,-0.597640,0.083609,-0.341455,1.160743
390,56.472,A,4,63.460499,21.504497,63.474495,19.225193,0.474081,-0.139689,102.5219,-0.059423,102.4947,-0.039158,64.017730,19.178258,102.4947,0.545258,2.392048,-0.543234,0.046935,-0.557230,2.326239
391,56.628,A,4,63.851835,20.996710,63.475583,19.678319,0.508921,-0.144610,102.0193,-0.081395,101.9854,-0.090217,64.009036,19.451095,101.9854,0.579829,1.553589,-0.533453,0.227224,-0.157201,1.545615
392,56.769,A,4,63.282523,21.160925,63.546284,19.963674,0.503434,-0.154686,101.4863,-0.090951,101.4497,-0.090088,63.998932,19.719529,101.4497,0.514293,1.609616,-0.452648,0.244145,-0.716409,1.441396
393,56.916,A,4,62.999640,21.949480,63.504640,20.227150,0.499410,-0.140023,100.8611,-0.104702,100.8233,-0.121797,63.987669,19.982091,100.8233,0.541637,2.201550,-0.483029,0.245059,-0.988029,1.967389
394,57.055,A,4,63.815079,21.751866,63.419399,20.583421,0.516193,-0.122008,100.1626,-0.117029,100.1211,-0.120220,63.975583,20.238571,100.1211,0.654418,1.521783,-0.556184,0.344850,-0.160504,1.513295
395,57.190,A,4,64.340169,22.202095,63.493089,20.842260,0.505018,-0.132985,99.4000,-0.129426,99.3490,-0.134954,63.962588,20.489493,99.3490,0.587260,1.753731,-0.469499,0.352767,0.377582,1.712602
396,57.323,A,4,62.873943,23.495046,63.649092,21.134150,0.498677,-0.159923,98.5854,-0.136522,98.5473,-0.109295,63.948279,20.736504,98.5473,0.497629,2.960363,-0.299187,0.397646,-1.074336,2.758542
397,57.469,A,4,64.045516,23.067963,63.519511,21.604175,0.539862,-0.132980,98.2381,-0.081178,98.2253,-0.101441,63.935019,20.985668,98.2253,0.745116,2.085225,-0.415507,0.618507,0.110498,2.082296
398,57.611,A,4,64.021951,21.810053,63.619109,21.917790,0.536720,-0.148292,97.2515,-0.153795,97.1632,-0.252392,63.915953,21.241460,97.1632,0.738605,0.578388,-0.296843,0.676330,0.105999,0.568592
399,57.750,A,4,62.556487,23.275635,63.698853,21.951430,0.478886,-0.147745,96.3022,-0.149100,96.2906,-0.056235,63.898456,21.500140,96.2906,0.493462,2.225593,-0.199603,0.451290,-1.341969,1.775495
400,57.899,A,4,63.054896,24.170692,63.504806,22.234615,0.486554,-0.100133,95.8893,-0.102610,95.8512,-0.156556,63.883022,21.760289,95.8512,0.606658,2.548693,-0.378216,0.474327,-0.828126,2.410403
401,58.043,A,4,63.697586,23.771273,63.430321,22.626768,0.511412,-0.084407,94.9118,-0.146083,94.8816,-0.094014,63.861978,22.021332,94.8816,0.743559,1.757645,-0.431657,0.605436,-0.164393,1.749940
402,58.192,A,4,63.140226,23.873021,63.482005,22.880067,0.502034,-0.091271,94.4713,-0.100300,94.4276,-0.147340,63.845757,22.281015,94.4276,0.700842,1.741338,-0.363752,0.599052,-0.705531,1.592007
403,58.324,A,4,64.011401,24.230790,63.425838,23.095490,0.500927,-0.076012,93.8334,-0.119786,93.7329,-0.078427,63.827437,22.540919,93.7329,0.684713,1.699855,-0.401599,0.554571,0.183964,1.689871
404,58.470,A,4,63.546391,25.091437,63.535210,23.353302,0.481935,-0.092693,93.1160,-0.110949,93.1068,-0.102405,63.810365,22.802545,93.1068,0.615665,2.304064,-0.275156,0.550757,-0.263974,2.288892
405,58.611,A,4,62.974071,25.093548,63.542680,23.699106,0.508305,-0.092009,92.6553,-0.104574,92.5417,-0.106120,63.794047,23.068190,92.5417,0.679146,2.185048,-0.251366,0.630916,-0.819976,2.025358
406,58.751,A,4,63.338903,25.408483,63.449422,24.003848,0.502324,-0.064962,91.9623,-0.100601,91.9903,-0.093286,63.777225,23.339470,91.9903,0.740846,2.114932,-0.327803,0.664378,-0.438322,2.069012
407,58.899,A,4,62.388916,24.868123,63.434728,24.302212,0.504902,-0.058433,91.4386,-0.093683,91.4674,-0.094575,63.759847,23.616568,91.4674,0.758822,1.856298,-0.325119,0.685644,-1.370931,1.251555
408,59.043,A,4,63.902404,26.043998,63.253130,24.441905,0.488907,-0.016737,91.0284,-0.091108,90.9701,-0.084342,63.742344,23.898228,90.9701,0.731379,2.151731,-0.489214,0.543677,0.160060,2.145770
409,59.190,A,4,63.273846,25.830929,63.370078,24.780905,0.489839,-0.041467,90.4506,-0.085702,90.4934,-0.080891,63.725524,24.182301,90.4934,0.696180,1.709381,-0.355445,0.598603,-0.451677,1.648627
410,59.332,A,4,63.791417,26.620296,63.356138,25.004978,0.490567,-0.036332,90.0991,-0.079971,90.0342,-0.070885,63.709966,24.466714,90.0342,0.644146,2.155122,-0.353828,0.538265,0.081450,2.153583
411,59.470,A,4,63.481452,26.790347,63.437931,25.346542,0.491972,-0.049744,89.5676,-0.077241,89.5922,-0.071697,63.695596,24.750385,89.5922,0.649457,2.051171,-0.257665,0.596157,-0.214144,2.039962
412,59.612,A,4,63.101742,26.362822,63.450024,25.640512,0.506934,-0.048736,89.2202,-0.076592,89.1696,-0.071893,63.681773,25.033643,89.1696,0.649613,1.450224,-0.231749,0.606868,-0.580030,1.329178
413,59.756,A,4,63.350254,26.663575,63.394391,25.824831,0.475170,-0.030789,88.7303,-0.072541,88.7693,-0.074148,63.667813,25.318015,88.7693,0.575867,1.382525,-0.273422,0.506817,-0.317560,1.345560
414,59.903,A,4,62.812746,26.472670,63.390712,26.019611,0.459781,-0.026437,88.3554,-0.067108,88.3922,-0.061048,63.653553,25.605512,88.3922,0.490473,1.207857,-0.262840,0.414099,-0.840806,0.867158
415,60.039,A,4,63.033971,27.514807,63.291837,26.144356,0.431932,-0.003010,88.0054,-0.062921,88.0359,-0.054860,63.639493,25.897695,88.0359,0.426271,1.726762,-0.347656,0.246661,-0.605522,1.617112
416,60.173,A,4,63.301023,27.694713,63.247920,26.429685,0.439850,0.007036,87.6747,-0.059272,87.6968,-0.052888,63.626423,26.194931,87.6968,0.445393,1.534677,-0.378503,0.234755,-0.325400,1.499782
417,60.297,A,4,62.947707,28.720540,63.258620,26.697032,0.443331,0.005179,87.3658,-0.055204,87.3725,-0.053117,63.614798,26.496206,87.3725,0.408894,2.322214,-0.356178,0.200827,-0.667091,2.224335
418,60.437,A,4,62.827533,28.212185,63.205039,27.099725,0.473610,0.017591,87.0522,-0.055056,87.0634,-0.048840,63.604367,26.799598,87.0634,0.499540,1.612102,-0.399329,0.300128,-0.776835,1.412587
419,60.580,A,4,62.910187,28.850782,63.138687,27.343269,0.467915,0.030725,86.7749,-0.050713,86.7720,-0.045601,63.594333,27.103158,86.7720,0.515040,1.876765,-0.455646,0.240111,-0.684146,1.747624
420,60.717,A,4,63.460687,28.791719,63.097810,27.656726,0.477152,0.037961,86.5030,-0.048561,86.5002,-0.038551,63.583931,27.405763,86.5002,0.547079,1.391425,-0.486121,0.250962,-0.123243,1.385956
421,60.850,A,4,63.137323,29.744023,63.161723,27.904693,0.472847,0.022896,86.2543,-0.044526,86.2479,-0.041487,63.572973,27.707501,86.2479,0.456082,2.082597,-0.411249,0.197192,-0.435650,2.036521
422,60.983,A,4,63.567935,29.259747,63.158366,28.277552,0.493816,0.024680,86.0217,-0.041842,86.0130,-0.048417,63.561951,28.009544,86.0130,0.484469,1.250218,-0.403586,0.268008,0.005984,1.250203
423,61.115,A,4,62.610325,30.175006,63.232346,28.499881,0.482614,0.009357,85.7912,-0.040184,85.7927,-0.030385,63.551664,28.313639,85.7927,0.369662,2.085858,-0.319318,0.186242,-0.941338,1.861367
424,61.253,A,4,63.343778,30.432111,63.124316,28.844480,0.495451,0.034348,85.5702,-0.039446,85.5858,-0.033429,63.542608,28.621355,85.5858,0.474081,1.821640,-0.418292,0.223126,-0.198830,1.810756
425,61.386,A,4,63.132450,31.776311,63.163926,29.174788,0.505622,0.026647,85.3788,-0.035291,85.3936,-0.036566,63.534625,28.933355,85.3936,0.442388,2.871261,-0.370699,0.241432,-0.402175,2.842956
426,61.521,A,4,63.088730,30.299869,63.159900,29.686491,0.550835,0.031398,85.1937,-0.033193,85.2189,-0.034067,63.527035,29.249060,85.2189,0.571081,1.138556,-0.367134,0.437431,-0.438304,1.050808
427,61.660,A,4,63.059858,30.609912,63.148740,29.848666,0.519861,0.032496,85.0377,-0.028090,85.0629,-0.031478,63.519143,29.566885,85.0629,0.465402,1.139670,-0.370403,0.281780,-0.459285,1.043027
428,61.796,A,4,62.703113,30.662623,63.134214,30.034202,0.497137,0.034606,84.8859,-0.026751,84.9246,-0.019046,63.510712,29.884966,84.9246,0.404996,1.121146,-0.376497,0.149237,-0.807599,0.777658
429,61.948,A,4,63.043832,32.249338,63.058476,30.193954,0.470834,0.048582,84.7634,-0.023257,84.8004,-0.026795,63.502056,30.201997,84.8004,0.443652,2.097993,-0.443579,-0.008044,-0.458224,2.047341
430,62.090,A,4,62.619861,32.717661,63.055460,30.605293,0.499673,0.050421,84.6600,-0.019364,84.6874,-0.016553,63.493712,30.517756,84.6874,0.446908,2.367107,-0.438251,0.087537,-0.873851,2.199905
431,62.238,A,4,63.155036,33.039947,62.977672,31.029662,0.526511,0.067650,84.5571,-0.018497,84.5844,-0.015637,63.486000,30.833149,84.5844,0.544990,2.231478,-0.508328,0.196513,-0.330964,2.206798
432,62.371,A,4,62.842598,32.432439,63.007669,31.438536,0.548906,0.061011,84.4675,-0.016579,84.4926,-0.010055,63.478814,31.149843,84.4926,0.552559,1.431721,-0.471145,0.288693,-0.636216,1.282596
433,62.516,A,4,62.766684,33.209209,62.977589,31.668573,0.531440,0.064270,84.3813,-0.015487,84.4152,-0.011598,63.471764,31.469535,84.4152,0.532753,1.877127,-0.494176,0.199038,-0.705080,1.739674
434,62.648,A,4,62.731690,33.370860,62.938945,31.994296,0.535167,0.070734,84.3256,-0.011524,84.3539,-0.008885,63.464538,31.793138,84.3539,0.562771,1.739618,-0.525592,0.201158,-0.732847,1.577722
435,62.788,A,4,63.668440,34.034523,62.900418,32.291182,0.532614,0.076003,84.2707,-0.009860,84.3080,-0.011699,63.457153,32.120329,84.3080,0.582361,1.925819,-0.556735,0.170853,0.211287,1.914194
436,62.925,A,4,62.900274,33.314636,63.034860,32.641986,0.557985,0.047951,84.2326,-0.008807,84.2743,-0.014232,63.449928,32.449706,84.2743,0.457441,1.024804,-0.415067,0.192279,-0.549654,0.864930
437,63.057,A,4,63.435961,34.984678,63.011778,32.813045,0.528194,0.050627,84.2071,-0.005922,84.2490,-0.010085,63.443193,32.779480,84.2490,0.432719,2.205210,-0.431415,0.033565,-0.007233,2.205198
438,63.191,A,4,62.618567,34.700947,63.087640,33.258286,0.547177,0.037161,84.1869,-0.003650,84.2302,0.003394,63.437471,33.107784,84.2302,0.380831,1.791304,-0.349831,0.150501,-0.818905,1.593163
439,63.330,A,4,63.609917,35.430030,63.005919,33.567756,0.544875,0.055591,84.1790,-0.002638,84.2191,-0.002288,63.432189,33.434514,84.2191,0.446609,2.003415,-0.426270,0.133243,0.177728,1.995516
440,63.472,A,4,63.896959,35.118971,63.113434,33.951869,0.561726,0.035167,84.1863,-0.000102,84.2180,-0.000201,63.426479,33.760886,84.2180,0.366704,1.437270,-0.313045,0.190983,0.470480,1.358085
441,63.603,A,4,62.680903,35.209909,63.255019,34.213697,0.552592,0.007782,84.1914,0.000573,84.2280,0.010815,63.420322,34.088390,84.2280,0.207429,1.343333,-0.165303,0.125307,-0.739418,1.121519
442,63.738,A,4,62.803316,36.399751,63.157431,34.443978,0.533279,0.031296,84.2087,0.001982,84.2476,0.003512,63.414267,34.418556,84.2476,0.258091,2.073257,-0.256836,0.025422,-0.610951,1.981195
443,63.873,A,4,62.991988,36.711044,63.096548,34.843412,0.551138,0.048119,84.2384,0.004025,84.2738,0.000452,63.409047,34.752249,84.2738,0.325524,2.002702,-0.312499,0.091162,-0.417059,1.958795
444,64.005,A,4,62.408046,36.679612,63.078572,35.217435,0.576552,0.055138,84.2654,0.004962,84.3040,0.004190,63.405030,35.089266,84.3040,0.350716,1.877013,-0.326458,0.128169,-0.996984,1.590345
445,64.145,A,4,62.495647,36.369183,62.959372,35.541667,0.560941,0.078533,84.3075,0.005223,84.3379,0.004458,63.401969,35.428449,84.3379,0.456848,1.306293,-0.442597,0.113218,-0.906322,0.940734
446,64.279,A,4,62.614959,37.607668,62.874656,35.743302,0.535092,0.090630,84.3460,0.006061,84.3766,0.004572,63.399212,35.768248,84.3766,0.525149,1.999629,-0.524556,-0.024946,-0.784253,1.839420
447,64.423,A,4,63.012567,37.468018,62.824804,36.127101,0.549750,0.097973,84.3846,0.006152,84.4211,0.005943,63.396220,36.107435,84.4211,0.571755,1.413639,-0.571417,0.019666,-0.383653,1.360583
448,64.563,A,4,63.079013,38.189088,62.853981,36.419273,0.545823,0.086623,84.4289,0.007063,84.4707,0.006656,63.392983,36.445579,84.4707,0.539644,1.771554,-0.539002,-0.026305,-0.313969,1.743510
449,64.697,A,4,62.974132,38.171599,62.891253,36.775781,0.569220,0.078095,84.4721,0.008544,84.5233,0.007185,63.390026,36.783183,84.5233,0.498828,1.449368,-0.498773,-0.007402,-0.415895,1.388416
450,64.843,A,4,63.214714,38.942993,62.903418,37.087704,0.554343,0.071101,84.5326,0.008422,84.5764,0.010420,63.388041,37.121505,84.5764,0.485801,1.829716,-0.484624,-0.033801,-0.173327,1.821488
451,64.982,A,4,62.775095,39.513834,62.957050,37.471593,0.568954,0.059620,84.5851,0.008622,84.6288,0.006537,63.387389,37.462021,84.6288,0.430446,2.141224,-0.430340,0.009571,-0.612295,2.051813
452,65.118,A,4,63.371972,39.557257,62.924059,37.890103,0.587170,0.067604,84.6414,0.008993,84.6817,0.002490,63.387881,37.805726,84.6817,0.471435,1.751603,-0.463823,0.084377,-0.015910,1.751530
453,65.252,A,4,63.531855,39.522493,63.002539,38.243635,0.592328,0.050785,84.6971,0.009514,84.7371,0.004402,63.388991,38.152638,84.7371,0.397021,1.377285,-0.386452,0.090997,0.142863,1.369855
454,65.383,A,4,62.851819,39.959675,63.097109,38.528397,0.583292,0.031259,84.7599,0.010232,84.7957,0.013982,63.390304,38.501790,84.7957,0.294400,1.554154,-0.293195,0.026607,-0.538485,1.457885
455,65.507,A,4,62.661971,40.697739,63.055517,38.839247,0.577956,0.041981,84.8219,0.009864,84.8562,0.010096,63.391835,38.851694,84.8562,0.336548,1.985090,-0.336318,-0.012447,-0.729863,1.846044
456,65.642,A,4,63.392318,41.277335,62.986391,39.225727,0.588037,0.058413,84.8877,0.010477,84.9157,0.011898,63.393971,39.201027,84.9157,0.408328,2.076309,-0.407580,0.024701,-0.001652,2.076309
457,65.774,A,4,62.682510,40.620008,63.058037,39.647704,0.606808,0.045051,84.9440,0.009829,84.9718,0.004524,63.397125,39.549187,84.9718,0.353109,1.287374,-0.339088,0.098517,-0.714614,1.070821
458,65.920,A,4,62.723170,40.955080,62.991979,39.879231,0.582294,0.057473,84.9875,0.008415,85.0243,0.013004,63.401756,39.896158,85.0243,0.410127,1.257695,-0.409777,-0.016927,-0.678587,1.058923
459,66.064,A,4,63.394315,41.624310,62.943465,40.127049,0.564233,0.065164,85.0382,0.007993,85.0754,0.009428,63.407191,40.243503,85.0754,0.478125,1.380867,-0.463726,-0.116454,-0.012876,1.380807
460,66.201,A,4,63.015439,41.580832,63.022129,40.448187,0.565417,0.047521,85.0866,0.008235,85.1280,0.015324,63.412989,40.592708,85.1280,0.416723,1.065099,-0.390860,-0.144521,-0.397550,0.988124
461,66.338,A,4,63.158474,42.585432,63.020987,40.704377,0.551868,0.046832,85.1502,0.010040,85.1830,0.012086,63.419043,40.944757,85.1830,0.465007,1.661237,-0.398056,-0.240380,-0.260569,1.640675
462,66.489,A,4,62.450340,42.317948,63.045406,41.092448,0.567036,0.043358,85.2067,0.009487,85.2388,0.011964,63.425645,41.299695,85.2388,0.433051,1.409985,-0.380239,-0.207246,-0.975305,1.018253
463,66.634,A,4,63.609234,43.717446,62.939817,41.365275,0.554838,0.064482,85.2753,0.010979,85.2927,0.013011,63.433233,41.656628,85.2927,0.573015,2.068320,-0.493416,-0.291354,0.176001,2.060818
464,66.770,A,4,63.589251,44.012686,63.057136,41.837636,0.588356,0.041481,85.3438,0.011733,85.3434,0.003629,63.441992,42.014175,85.3434,0.423415,2.003929,-0.384856,-0.176540,0.147259,1.998511
465,66.896,A,4,63.452265,44.502501,63.152442,42.281590,0.611845,0.025000,85.3831,0.008346,85.3918,0.006740,63.451646,42.371091,85.3918,0.312303,2.131410,-0.299204,-0.089501,0.000619,2.131410
466,67.029,A,4,63.923101,44.553801,63.207774,42.735808,0.633983,0.018543,85.8606,0.072055,85.9344,0.127384,63.465894,42.718599,85.9344,0.258693,1.891296,-0.258120,0.017208,0.457207,1.835201
467,67.190,A,4,63.496736,45.219021,63.337499,43.120409,0.640706,-0.003611,86.1806,0.049775,86.1934,-0.037044,63.476824,43.058596,86.1934,0.152421,2.160517,-0.139325,0.061812,0.019912,2.160425
468,67.327,A,4,63.468893,44.672358,63.370453,43.555425,0.655239,-0.003019,86.0545,0.007556,86.0805,0.063493,63.486038,43.396441,86.0805,0.196560,1.276032,-0.115585,0.158984,-0.017145,1.275917
469,67.470,A,4,62.726278,45.056652,63.391967,43.817136,0.632818,-0.003185,86.7663,0.091781,86.8364,0.102603,63.501740,43.721612,86.8364,0.145516,1.543914,-0.109773,0.095524,-0.775462,1.335040
470,67.621,A,4,63.104885,46.209279,63.277062,44.098422,0.614955,0.024383,87.0299,0.053987,87.1120,0.083304,63.514506,44.052739,87.0577,0.241798,2.195098,-0.237443,0.045683,-0.409621,2.156540
471,67.746,A,4,62.848366,45.970774,63.246493,44.533275,0.631598,0.033466,87.7750,0.112305,87.8242,0.121658,63.532905,44.377115,87.8242,0.326217,1.734458,-0.286412,0.156160,-0.684539,1.593659
472,67.884,A,4,62.367865,46.387856,63.174363,44.849920,0.621898,0.047875,88.3688,0.106608,88.4085,0.130148,63.551286,44.701899,88.4085,0.404946,2.059839,-0.376923,0.148021,-1.183421,1.685957
473,68.023,A,4,63.326954,46.542681,63.027023,45.185926,0.616052,0.075483,89.1922,0.127655,89.1955,0.112984,63.571744,45.019765,89.1955,0.569500,1.542464,-0.544721,0.166161,-0.244791,1.522915
474,68.164,A,4,63.295474,47.178838,63.074939,45.472058,0.619278,0.060823,89.8233,0.138936,90.0494,0.170845,63.592541,45.329409,90.0494,0.536899,1.873136,-0.517602,0.142650,-0.297067,1.849429
475,68.319,A,4,63.146604,47.958218,63.113679,46.212293,0.694461,0.048795,90.9485,0.159852,90.9902,0.176890,63.613674,45.629241,90.9902,0.768079,2.375350,-0.499995,0.583052,-0.467070,2.328977
476,68.465,A,4,62.858508,47.296376,63.107381,46.278884,0.627738,0.044103,91.9521,0.171338,92.0045,0.183643,63.635511,45.920039,92.0045,0.638507,1.580518,-0.528131,0.358845,-0.777003,1.376337
477,68.607,A,4,63.831555,48.159404,63.057705,46.507700,0.616384,0.050356,92.8143,0.181091,93.0892,0.192168,63.658785,46.204175,93.0892,0.673369,1.962847,-0.601081,0.303525,0.172769,1.955229
478,68.753,A,4,63.444891,48.784203,63.185356,46.869500,0.605239,0.016551,94.1995,0.197651,94.2392,0.213100,63.683910,46.484810,94.2392,0.629716,2.311783,-0.498554,0.384690,-0.239019,2.299394
479,68.884,A,4,63.646205,47.732482,63.224669,47.268092,0.616118,0.004475,95.4264,0.208743,95.4530,0.218585,63.710596,46.764522,95.4530,0.699791,0.970099,-0.485927,0.503569,-0.064391,0.967960
480,69.026,A,4,62.562066,48.134879,63.292957,47.409718,0.573195,-0.011734,96.6995,0.217818,96.7313,0.228087,63.737976,47.044163,96.7313,0.575910,1.603878,-0.445018,0.365555,-1.175910,1.090716
481,69.172,A,4,63.821679,48.820421,63.156822,47.593310,0.545626,0.014425,98.0411,0.228670,98.0750,0.237283,63.765201,47.322549,98.0750,0.665910,1.498937,-0.608379,0.270762,0.056478,1.497872
482,69.319,A,4,62.841182,50.354981,63.265488,47.863477,0.535742,-0.014028,99.4447,0.240273,99.4817,0.248811,63.792059,47.597082,99.4817,0.590122,2.917221,-0.526571,0.266395,-0.950878,2.757899
483,69.463,A,4,63.352004,49.157353,63.181505,48.357553,0.575282,-0.005551,100.9035,0.249725,100.9455,0.256981,63.819197,47.865063,100.9455,0.805728,1.374148,-0.637693,0.492490,-0.467193,1.292290
484,69.597,A,4,63.631525,48.848711,63.201021,48.554168,0.548028,-0.014372,102.4141,0.259233,102.4588,0.264072,63.847683,48.125085,102.4588,0.776070,0.755221,-0.646662,0.429084,-0.216158,0.723626
485,69.721,A,4,63.159220,49.437611,63.266933,48.658324,0.503828,-0.029830,103.9754,0.267813,104.0157,0.281557,63.878236,48.377593,104.0157,0.672682,1.280868,-0.611303,0.280731,-0.719016,1.060019
486,69.874,A,4,63.449896,50.072121,63.237989,48.844515,0.483819,-0.027568,105.5837,0.276066,105.6136,0.282018,63.910708,48.624561,105.6136,0.707765,1.519137,-0.672719,0.219954,-0.460811,1.447561
487,70.012,A,4,63.966174,49.940746,63.264718,49.108378,0.479509,-0.040505,107.2357,0.284674,107.2532,0.287431,63.944069,48.868701,107.2532,0.720390,1.072273,-0.679350,0.239677,0.022106,1.072045
488,70.145,A,4,63.316795,50.653660,63.378685,49.301752,0.457579,-0.067591,108.9214,0.291551,108.9368,0.302502,63.976973,49.112362,108.9368,0.627549,1.676733,-0.598289,0.189389,-0.660179,1.541297
489,70.284,A,4,62.922364,50.591874,63.358452,49.585773,0.461564,-0.070289,110.6555,0.298881,110.6652,0.304167,64.008549,49.356533,110.6652,0.689330,1.644951,-0.650096,0.229240,-1.086185,1.235341
490,70.427,A,4,63.047488,51.218728,63.270591,49.808285,0.456346,-0.057762,112.4067,0.303387,112.4360,0.316786,64.038873,49.600525,112.4360,0.795878,1.897742,-0.768282,0.207760,-0.991385,1.618203
491,70.562,A,4,63.400652,51.804707,63.218151,50.101520,0.463543,-0.059079,114.2125,0.310721,114.2444,0.323328,64.068927,49.842373,114.2444,0.889369,2.073004,-0.850776,0.259147,-0.668275,1.962334
492,70.698,A,4,62.781051,51.371164,63.236185,50.447251,0.475254,-0.078939,116.0502,0.317290,116.0856,0.326139,64.100038,50.079804,116.0856,0.938754,1.845897,-0.863853,0.367447,-1.318987,1.291360
493,70.835,A,4,63.044842,52.587394,63.140981,50.655504,0.466507,-0.067330,117.9279,0.323777,117.9563,0.328644,64.133114,50.311352,117.9563,1.050128,2.522836,-0.992133,0.344152,-1.088271,2.276042
494,70.976,A,4,63.208180,51.718544,63.107124,51.041391,0.487666,-0.083429,119.8295,0.328876,119.8552,0.330669,64.168234,50.536943,119.8552,1.174914,1.522460,-1.061110,0.504448,-0.960054,1.181601
495,71.126,A,4,63.306906,52.138648,63.107797,51.206240,0.461741,-0.088493,121.7559,0.333160,121.7820,0.346246,64.204716,50.757885,121.7820,1.185012,1.646988,-1.096919,0.448355,-0.897810,1.380763
496,71.265,A,4,64.022729,52.704511,63.126022,51.414072,0.444687,-0.100849,123.7282,0.339785,123.7359,0.342844,64.241412,50.976450,123.7359,1.198168,1.741843,-1.115390,0.437623,-0.218683,1.728061
497,71.411,A,4,62.548302,52.604760,63.268561,51.684617,0.428587,-0.141134,125.7213,0.344962,125.7152,0.357059,64.277152,51.194945,125.7152,1.121175,2.230807,-1.008590,0.489672,-1.728850,1.409815
498,71.553,A,4,63.135450,53.455903,63.126427,51.888988,0.428986,-0.120980,127.7353,0.348433,127.7179,0.347534,64.311204,51.414612,127.7179,1.276217,2.355688,-1.184777,0.474376,-1.175754,2.041291
499,71.704,A,4,63.778134,53.176653,63.110629,52.207050,0.436010,-0.138662,129.7563,0.351394,129.7424,0.356259,64.343570,51.635077,129.7424,1.359153,1.642003,-1.232941,0.571973,-0.565436,1.541576
500,71.858,A,4,63.087385,52.529191,63.211657,52.420230,0.410390,-0.164481,131.7881,0.353071,131.7886,0.359872,64.375022,51.854582,131.7886,1.293590,1.453653,-1.163366,0.565647,-1.287637,0.674609
501,72.036,A,4,62.859207,54.824338,63.174433,52.479245,0.376736,-0.147251,133.8544,0.358722,133.8563,0.367160,64.406805,52.070939,133.8563,1.298251,3.158523,-1.232373,0.408306,-1.547598,2.753400
502,72.195,A,4,63.998181,53.667603,63.101784,52.931581,0.414924,-0.174620,135.9127,0.356798,135.8961,0.309447,64.439445,52.283253,135.8961,1.486494,1.452975,-1.337661,0.648328,-0.441264,1.384349
503,72.364,A,4,63.736427,53.175837,63.243467,53.102507,0.375468,-0.199601,137.4545,0.293170,137.4154,0.314820,64.466610,52.493031,137.4154,1.366579,0.999696,-1.223142,0.609477,-0.730183,0.682807
504,72.543,A,4,62.602477,54.543406,63.316762,53.154065,0.329801,-0.195581,139.6249,0.362795,139.6502,0.449271,64.492934,52.705563,139.6502,1.258783,2.636568,-1.176172,0.448502,-1.890456,1.837842
505,72.751,A,4,63.250367,53.949523,63.176617,53.435291,0.352312,-0.191823,141.6302,0.339757,141.5613,0.241176,64.512900,52.917133,141.5613,1.433227,1.630895,-1.336283,0.518158,-1.262533,1.032390
506,72.936,A,4,63.731203,54.848445,63.174131,53.562079,0.329755,-0.188305,143.1027,0.289351,143.0475,0.332209,64.525616,53.129985,143.0475,1.418879,1.893197,-1.351485,0.432094,-0.794413,1.718460
507,73.104,A,4,64.553451,54.729856,63.256985,53.825715,0.315336,-0.217641,145.1183,0.318292,144.9673,0.261523,64.535492,53.348606,144.9673,1.364629,1.381366,-1.278507,0.477109,0.017959,1.381250
508,73.278,A,4,63.929127,54.069030,63.474311,54.021585,0.271485,-0.252616,146.5050,0.270758,146.3478,0.304923,64.534758,53.565632,146.3478,1.154315,0.787527,-1.060447,0.455954,-0.605631,0.503398
509,73.452,A,4,63.471116,55.259249,63.546808,54.063326,0.233790,-0.240217,148.0162,0.266320,147.8998,0.209153,64.528386,53.784294,147.8998,1.020468,1.814749,-0.981578,0.279032,-1.057271,1.474955
510,73.607,A,4,63.461203,55.883012,63.525726,54.307166,0.239903,-0.249297,149.4496,0.255189,149.3441,0.243190,64.514784,54.001779,149.3441,1.035132,2.156171,-0.989058,0.305388,-1.053581,1.881233
511,73.760,A,4,63.590879,55.010604,63.505290,54.620879,0.252271,-0.269607,150.8641,0.241292,150.7102,0.230126,64.495135,54.218542,150.7102,1.068489,1.202100,-0.989845,0.402337,-0.904257,0.792063
512,73.914,A,4,62.974228,55.185203,63.511897,54.723155,0.233530,-0.257126,152.1134,0.231149,152.0010,0.221743,64.470607,54.435503,152.0010,1.000933,1.673678,-0.958709,0.287652,-1.496378,0.749699
513,74.064,A,4,64.208647,56.102006,63.409770,54.830865,0.241174,-0.240556,153.1044,0.221813,153.2208,0.207929,64.441625,54.653290,153.2208,1.047023,1.467329,-1.031855,0.177574,-0.232977,1.448716
514,74.215,A,4,63.138761,56.768804,63.539193,55.092806,0.213039,-0.266936,154.4978,0.206648,154.3748,0.199731,64.407463,54.871672,154.3748,0.895987,2.282261,-0.868270,0.221134,-1.268702,1.897132
515,74.359,A,4,63.744463,55.929786,63.459780,55.422498,0.235450,-0.286093,155.6002,0.196952,155.4713,0.179184,64.366791,55.089757,155.4713,0.966119,1.045439,-0.907011,0.332742,-0.622329,0.840030
516,74.500,A,4,62.960660,56.978615,63.500758,55.547097,0.212708,-0.279559,156.6486,0.187473,156.5174,0.186654,64.318678,55.306701,156.5174,0.852516,2.153952,-0.817920,0.240395,-1.358017,1.671914
517,74.648,A,4,63.381197,56.459913,63.395957,55.834170,0.233503,-0.289341,157.6413,0.176753,157.5160,0.164102,64.263158,55.522363,157.5160,0.921553,1.287188,-0.867200,0.311807,-0.881960,0.937550
518,74.788,A,4,63.295816,57.364643,63.382773,55.979626,0.221615,-0.281506,158.5878,0.168810,158.4654,0.163954,64.201050,55.737349,158.4654,0.853390,1.862132,-0.818277,0.242277,-0.905234,1.627295
519,74.938,A,4,62.671158,57.565235,63.356775,56.258857,0.224557,-0.298291,159.4854,0.160524,159.3637,0.150674,64.133382,55.952351,159.3637,0.834904,2.177038,-0.776607,0.306507,-1.462224,1.612884
520,75.093,A,4,62.643717,58.127752,63.224127,56.525392,0.244920,-0.302458,160.3374,0.152320,160.2116,0.152855,64.060919,56.167389,160.2116,0.910158,2.418985,-0.836792,0.358003,-1.417203,1.960363
521,75.247,A,4,62.568891,57.939158,63.107911,56.845506,0.263464,-0.318311,161.1533,0.145518,161.0141,0.128933,63.983941,56.381645,161.0141,0.991259,2.104332,-0.876030,0.463860,-1.415050,1.557513
522,75.386,A,4,63.048360,57.572422,62.997487,57.077064,0.271123,-0.316928,161.9185,0.137694,161.7776,0.132178,63.902138,56.594005,161.7776,1.025543,1.298552,-0.904650,0.483059,-0.853778,0.978417
523,75.522,A,4,62.505238,58.514894,62.990943,57.202208,0.249861,-0.303811,162.6413,0.129348,162.5075,0.131753,63.814806,56.803894,162.5075,0.915098,2.154644,-0.823863,0.398313,-1.309568,1.711000
524,75.651,A,4,62.505346,58.633029,62.889879,57.470627,0.258829,-0.312939,163.3431,0.124357,163.2049,0.125075,63.721307,57.011701,163.2049,0.949676,2.026639,-0.831428,0.458926,-1.215961,1.621328
525,75.806,A,4,62.185485,59.058733,62.805869,57.713252,0.261115,-0.317792,164.0036,0.118037,163.8679,0.110331,63.621400,57.218450,163.8679,0.953897,2.334201,-0.815531,0.494802,-1.435916,1.840283
526,75.950,A,4,62.505604,59.777956,62.679351,57.988818,0.272892,-0.326091,164.6282,0.112500,164.4940,0.110401,63.515196,57.424994,164.4940,1.008233,2.560411,-0.835845,0.563824,-1.009592,2.352962
527,76.093,A,4,62.223496,58.837432,62.630999,58.344278,0.272612,-0.354296,165.2085,0.105022,165.0849,0.095814,63.402939,57.631292,165.0849,1.050828,1.686968,-0.771940,0.712986,-1.179443,1.206140
528,76.233,A,4,63.386099,59.110993,62.541598,58.471576,0.265775,-0.332901,165.7689,0.100477,165.6458,0.092431,63.284936,57.836366,165.6458,0.977774,1.278635,-0.743338,0.635210,0.101163,1.274626
529,76.372,A,4,62.025293,59.405205,62.674787,58.622747,0.217595,-0.331763,166.3014,0.096104,166.1830,0.091838,63.161613,58.038990,166.1830,0.760113,1.777010,-0.486827,0.583756,-1.136320,1.366215
530,76.509,A,4,62.300818,59.404244,62.546186,58.797804,0.227025,-0.320634,166.8283,0.094314,166.6999,0.092461,63.033418,58.238551,166.6999,0.741727,1.376787,-0.487232,0.559253,-0.732600,1.165693
531,76.659,A,4,60.810054,59.237477,62.488109,58.940622,0.219557,-0.308622,167.3267,0.089850,167.1959,0.085428,62.900546,58.435449,167.1959,0.652155,2.239064,-0.412438,0.505174,-2.090492,0.802029
532,76.799,A,4,61.662308,60.358754,62.175250,59.026725,0.259860,-0.273935,167.7973,0.085152,167.6674,0.084006,62.762788,58.630712,167.6674,0.708538,2.048703,-0.587538,0.396013,-1.100480,1.728042
533,76.944,A,4,62.106352,59.903159,62.064861,59.294678,0.264655,-0.289778,168.2396,0.080065,168.1125,0.070145,62.619647,58.825156,168.1125,0.726800,1.193969,-0.554786,0.469522,-0.513295,1.078003
534,77.085,A,4,60.898179,60.798774,62.056572,59.428749,0.247908,-0.289463,168.5621,0.074893,168.5331,0.072513,62.470572,59.018763,168.5331,0.582653,2.375049,-0.414000,0.409986,-1.572393,1.780011
535,77.221,A,4,61.087607,60.968347,61.829584,59.709197,0.271449,-0.294963,169.0468,0.072019,168.9350,0.067019,62.315173,59.210710,168.9350,0.695907,2.143877,-0.485589,0.498487,-1.227566,1.757638
536,77.362,A,4,60.920547,60.252196,61.676186,59.967393,0.281503,-0.305195,169.4351,0.067523,169.3241,0.064919,62.153439,59.400019,169.3241,0.741406,1.498743,-0.477252,0.567374,-1.232892,0.852177
537,77.486,A,4,61.236906,59.924732,61.521134,60.050408,0.283639,-0.280237,169.7856,0.065549,169.7025,0.065624,61.985870,59.586296,169.7025,0.656795,0.821880,-0.464736,0.464112,-0.748964,0.338436
538,77.611,A,4,60.190383,61.652965,61.452928,60.053401,0.270930,-0.251822,170.0761,0.064523,170.0678,0.064898,61.813339,59.769965,170.0678,0.458510,2.485895,-0.360411,0.283435,-1.622956,1.882999
539,77.750,A,4,59.746677,60.790430,61.203290,60.370427,0.295834,-0.270604,170.5030,0.062840,170.4156,0.048233,61.636655,59.951862,170.4156,0.602496,2.067659,-0.433365,0.418565,-1.889978,0.838568
540,77.886,A,4,60.126533,61.286578,60.920244,60.475310,0.321959,-0.249556,170.8189,0.057562,170.7439,0.055241,61.456112,60.132511,170.7439,0.636133,1.760583,-0.535867,0.342800,-1.329579,1.154068
541,78.040,A,4,59.345557,61.777546,60.752155,60.648165,0.324582,-0.249176,171.1254,0.054769,171.0552,0.055407,61.271410,60.311688,171.0552,0.618743,2.420259,-0.519255,0.336477,-1.925853,1.465858
542,78.172,A,4,59.373964,61.755310,60.474502,60.877501,0.350647,-0.256475,171.4156,0.051956,171.3547,0.056356,61.081962,60.488631,171.3547,0.721268,2.126437,-0.607460,0.388870,-1.707998,1.266679
543,78.316,A,4,60.078299,60.950319,60.248862,61.062981,0.361553,-0.256334,171.7011,0.050591,171.6469,0.054645,60.887259,60.662687,171.6469,0.753516,0.858573,-0.638397,0.400294,-0.808960,0.287632
544,78.455,A,4,59.603051,62.650672,60.187641,61.072242,0.332230,-0.226673,171.9889,0.050599,171.9323,0.043436,60.687137,60.833869,171.9323,0.553460,2.115660,-0.499496,0.238374,-1.084087,1.816804
545,78.590,A,4,59.581637,62.761218,60.054823,61.379129,0.330243,-0.257894,172.2657,0.049148,172.2077,0.048191,60.481912,61.002850,172.2077,0.569201,1.975437,-0.427088,0.376279,-0.900274,1.758368
546,78.739,A,4,59.167941,62.879765,59.942338,61.653874,0.323085,-0.279875,172.5384,0.048321,172.4694,0.043760,60.272316,61.170413,172.4694,0.585337,2.035074,-0.329978,0.483461,-1.104375,1.709352
547,78.887,A,4,59.275795,61.933807,59.777049,61.902700,0.326308,-0.292683,172.7980,0.046734,172.7161,0.045914,60.059225,61.336811,172.7161,0.632339,0.984971,-0.282176,0.565889,-0.783430,0.596996
548,79.036,A,4,58.407258,63.264763,59.660210,61.939998,0.313059,-0.263081,173.0298,0.042379,172.9507,0.036855,59.843271,61.501560,172.9507,0.475119,2.273986,-0.183061,0.438437,-1.436012,1.763202
549,79.180,A,4,58.108615,63.307114,59.410275,62.204427,0.334482,-0.278998,173.2442,0.039190,173.1772,0.032154,59.624632,61.663833,173.1772,0.581541,2.235773,-0.214357,0.540594,-1.516017,1.643280
550,79.326,A,4,58.154560,63.154462,59.149685,62.431014,0.354334,-0.285434,173.4529,0.037924,173.3984,0.042190,59.403147,61.823149,173.3984,0.658591,1.825203,-0.253462,0.607865,-1.248587,1.331313
551,79.459,A,4,58.002616,63.302284,58.941769,62.590812,0.359359,-0.279307,173.6666,0.037699,173.6135,0.036886,59.178533,61.979787,173.6135,0.655294,1.769684,-0.236765,0.611026,-1.175918,1.322497
552,79.593,A,4,57.973815,63.939539,58.743103,62.747896,0.361752,-0.273760,173.8749,0.037189,173.8197,0.034122,58.950525,62.134601,173.8197,0.647421,2.052259,-0.207422,0.613295,-0.976711,1.804938
553,79.728,A,4,57.659684,63.710177,58.574286,62.989833,0.359815,-0.286866,174.0579,0.033739,174.0144,0.036519,58.718979,62.288364,174.0144,0.716236,1.773036,-0.144693,0.701469,-1.059295,1.421813
554,79.865,A,4,57.241112,64.093481,58.379847,63.148995,0.361133,-0.281302,174.2371,0.032013,174.1980,0.029273,58.484009,62.441185,174.1980,0.715433,2.067577,-0.104162,0.707810,-1.242897,1.652296
555,80.005,A,4,57.059560,64.868700,58.145253,63.347397,0.371210,-0.283540,174.4171,0.031841,174.3732,0.038350,58.246051,62.592470,174.3732,0.761626,2.566902,-0.100798,0.754927,-1.186491,2.276230
556,80.137,A,4,56.898030,64.094309,57.919041,63.648686,0.380603,-0.306674,174.5937,0.031319,174.5434,0.033104,58.005715,62.741415,174.5434,0.911401,1.748510,-0.086674,0.907271,-1.107684,1.352894
557,80.269,A,4,56.477464,64.192523,57.703581,63.760727,0.382468,-0.289313,174.7717,0.031491,174.7101,0.027380,57.763517,62.887645,174.7101,0.875137,1.832114,-0.059937,0.873083,-1.286054,1.304879
558,80.402,A,4,57.244637,63.636108,57.451222,63.868535,0.391435,-0.272487,174.9203,0.027334,174.8722,0.026028,57.519699,63.031493,174.8722,0.839838,0.664243,-0.068477,0.837041,-0.275062,0.604615
559,80.531,A,4,56.822782,64.646889,57.379239,63.856578,0.360424,-0.237197,175.0624,0.025952,175.0272,0.023871,57.274195,63.173731,175.0272,0.690879,1.540768,0.105044,0.682847,-0.451412,1.473158
560,80.673,A,4,56.067582,64.776517,57.247561,64.022919,0.348581,-0.240904,175.2081,0.026129,175.1732,0.021224,57.026667,63.314967,175.1732,0.741613,1.748133,0.220894,0.707951,-0.959085,1.461549
561,80.810,A,4,55.528326,64.992929,57.005961,64.182902,0.360116,-0.240889,175.3443,0.024458,175.3110,0.024393,56.776590,63.455187,175.3110,0.763007,1.980609,0.229371,0.727715,-1.248264,1.537742
562,80.966,A,4,55.648350,64.910993,56.710263,64.352889,0.381366,-0.242049,175.4728,0.023091,175.4439,0.023851,56.523482,63.593784,175.4439,0.781747,1.581422,0.186781,0.759106,-0.875132,1.317210
563,81.115,A,4,55.424673,64.504638,56.486501,64.478240,0.384749,-0.235508,175.6054,0.023103,175.5751,0.022844,56.267185,63.730066,175.5751,0.779657,1.144460,0.219316,0.748174,-0.842511,0.774573
564,81.239,A,4,55.108167,64.447765,56.262342,64.508257,0.386123,-0.210545,175.7481,0.024993,175.7060,0.023369,56.007950,63.863790,175.7060,0.692858,1.072677,0.254391,0.644467,-0.899783,0.583975
565,81.386,A,4,54.671534,64.942942,56.021383,64.520341,0.390446,-0.184668,175.8817,0.023741,175.8350,0.026419,55.746264,63.995320,175.8350,0.592738,1.432840,0.275120,0.525021,-1.074730,0.947622
566,81.531,A,4,54.687412,64.995487,55.744933,64.615880,0.402835,-0.178228,176.0107,0.022752,175.9594,0.019692,55.482548,64.125295,175.9594,0.556345,1.178760,0.262385,0.490585,-0.795136,0.870193
567,81.661,A,4,53.761008,64.652210,55.519246,64.703166,0.403347,-0.171806,176.1290,0.021006,176.0777,0.022586,55.216965,64.254093,176.0777,0.541332,1.509407,0.302280,0.449074,-1.455957,0.398117
568,81.808,A,4,53.443828,65.599941,55.168709,64.713095,0.427885,-0.148644,176.2429,0.019860,176.1911,0.016090,54.949354,64.381529,176.1911,0.397559,1.936785,0.219355,0.331567,-1.505526,1.218413
569,81.950,A,4,53.953350,66.639957,54.830488,64.883957,0.460582,-0.165082,176.3266,0.019186,176.3030,0.024814,54.679260,64.506992,176.3030,0.406168,2.253106,0.151228,0.376965,-0.725910,2.132965
570,82.086,A,4,54.363604,65.439058,54.624929,65.218242,0.444436,-0.208428,176.4556,0.018848,176.4168,0.020348,54.406083,64.629918,176.4168,0.627709,0.810254,0.218846,0.588324,-0.042479,0.809140
571,82.227,A,4,52.421977,66.156962,54.537033,65.280110,0.411680,-0.195687,176.5808,0.021451,176.5335,0.017350,54.129346,64.750221,176.5335,0.668574,2.212246,0.407687,0.529889,-1.707370,1.406741
572,82.363,A,4,52.722819,66.966509,54.122346,65.457155,0.450368,-0.203327,176.6837,0.019323,176.6515,0.023629,53.848920,64.868340,176.6515,0.649203,2.381263,0.273426,0.588815,-1.126100,2.098169
573,82.497,A,4,52.449809,65.384336,53.840331,65.742325,0.470466,-0.239674,176.7785,0.020428,176.7678,0.014179,53.565048,64.984879,176.7678,0.805919,1.184621,0.275283,0.757446,-1.115240,0.399457
574,82.627,A,4,52.525297,65.950087,53.542426,65.707929,0.465736,-0.196073,176.9066,0.019362,176.8810,0.026582,53.278185,65.100116,176.8810,0.662767,1.135470,0.264241,0.607813,-0.752888,0.849972
575,82.774,A,4,51.897601,65.044103,53.317736,65.772184,0.458214,-0.183729,177.0171,0.018320,176.9924,0.017555,52.988772,65.213775,176.9924,0.648104,1.104283,0.328964,0.558409,-1.091171,-0.169672
576,82.908,A,4,51.089970,66.261398,53.021958,65.662449,0.463892,-0.136773,177.1322,0.019902,177.1052,0.015349,52.697089,65.325258,177.1052,0.468229,1.859890,0.324870,0.337191,-1.607119,0.936140
577,83.057,A,4,50.574264,66.827515,52.634228,65.784316,0.490310,-0.141274,177.2416,0.020098,177.2215,0.027917,52.403185,65.434130,177.2215,0.419536,2.299233,0.231042,0.350186,-1.828921,1.393385
578,83.195,A,4,50.875928,66.664961,52.221146,65.985721,0.519675,-0.161273,177.3515,0.019577,177.3410,0.021977,52.106873,65.540480,177.3410,0.459672,1.667239,0.114273,0.445241,-1.230945,1.124481
579,83.342,A,4,50.670864,67.550065,51.932516,66.124327,0.519644,-0.167731,177.4656,0.020151,177.4611,0.029429,51.807827,65.644871,177.4611,0.495405,2.218660,0.124689,0.479457,-1.136963,1.905195
580,83.475,A,4,50.043198,65.857359,51.658728,66.396341,0.517941,-0.200792,177.5742,0.018895,177.5788,0.025997,51.505798,65.747924,177.5788,0.666207,1.466689,0.152930,0.648417,-1.462601,0.109435
581,83.621,A,4,50.269292,67.446138,51.322208,66.321691,0.525597,-0.159150,177.7064,0.021795,177.6931,0.019177,51.200793,65.849875,177.6931,0.487188,1.848175,0.121414,0.471816,-0.931502,1.596263
582,83.764,A,4,49.972729,66.549012,51.084896,66.539094,0.515064,-0.182690,177.8058,0.018433,177.8055,0.018716,50.893125,65.950445,177.8055,0.619099,1.097912,0.191770,0.588649,-0.920396,0.598567
583,83.897,A,4,49.869449,66.508305,50.838126,66.560213,0.505786,-0.163678,177.9264,0.020077,177.9181,0.016891,50.583322,66.049122,177.9181,0.571085,0.848801,0.254804,0.511090,-0.713873,0.459183
584,84.041,A,4,48.471297,67.398696,50.617645,66.568392,0.492122,-0.144562,178.0406,0.020115,178.0321,0.020002,50.271980,66.145623,178.0321,0.546093,2.193776,0.345665,0.422769,-1.800683,1.253073
585,84.186,A,4,48.506065,67.138658,50.188760,66.731597,0.523650,-0.157479,178.1465,0.019114,178.1461,0.019077,49.959604,66.240167,178.1461,0.542233,1.708819,0.229156,0.491430,-1.453539,0.898491
586,84.326,A,4,48.758345,67.004242,49.839406,66.820717,0.534741,-0.154673,178.2560,0.019008,178.2574,0.021679,49.646455,66.333340,178.2574,0.524181,1.113037,0.192950,0.487377,-0.888110,0.670902
587,84.467,A,4,48.621161,67.270584,49.596006,66.869748,0.522694,-0.144989,178.3601,0.018400,178.3641,0.018653,49.332470,66.425675,178.3641,0.516383,1.104459,0.263536,0.444072,-0.711309,0.844908
588,84.616,A,4,48.359523,67.923174,49.372649,66.956398,0.508226,-0.144301,178.4632,0.017678,178.4682,0.019348,49.018442,66.515993,178.4682,0.565172,1.553812,0.354207,0.440405,-0.658919,1.407181
589,84.761,A,4,47.293458,67.315386,49.143826,67.143604,0.497196,-0.164162,178.5597,0.016890,178.5680,0.019728,48.703461,66.604756,178.5680,0.695901,1.578957,0.440365,0.538847,-1.410003,0.710630
590,84.896,A,4,47.176411,67.005514,48.767069,67.191064,0.516530,-0.152487,178.6547,0.016262,178.6649,0.016909,48.386744,66.692554,178.6649,0.627023,1.250140,0.380325,0.498509,-1.210333,0.312960
591,85.033,A,4,47.095832,67.703805,48.434596,67.173768,0.524225,-0.129414,178.7609,0.017718,178.7606,0.011411,48.068504,66.779008,178.7606,0.538385,1.342141,0.366092,0.394760,-0.972672,0.924797
592,85.167,A,4,46.627128,68.639835,48.146085,67.281603,0.522801,-0.134789,178.8500,0.016447,178.8557,0.017458,47.749354,66.863787,178.8557,0.576165,2.100890,0.396731,0.417816,-1.122226,1.776048
593,85.322,A,4,46.278350,67.890371,47.825635,67.537293,0.528762,-0.169489,178.9496,0.017199,178.9494,0.016677,47.429619,66.947280,178.9494,0.710593,1.488234,0.396016,0.590012,-1.151270,0.943090
594,85.448,A,4,45.491741,68.285716,47.499682,67.617298,0.534197,-0.164598,179.0236,0.013662,179.0404,0.010319,47.109733,67.029854,179.0404,0.705089,2.048191,0.389948,0.587444,-1.617992,1.255862
595,85.592,A,4,44.899296,67.686414,47.091172,67.752885,0.556017,-0.171295,179.1080,0.014447,179.1279,0.018025,46.789856,67.111726,179.1279,0.708432,1.975977,0.301316,0.641159,-1.890561,0.574688
596,85.730,A,4,46.017676,67.779610,46.647732,67.758269,0.581804,-0.150756,179.1976,0.015025,179.2125,0.006531,46.469725,67.192788,179.2125,0.592837,0.740749,0.178007,0.565482,-0.452049,0.586823
597,85.878,A,4,44.736813,68.314489,46.479872,67.777281,0.548695,-0.136598,179.2827,0.014841,179.2960,0.007298,46.148761,67.272671,179.2960,0.603544,1.754703,0.331111,0.504610,-1.411949,1.041818
598,86.023,A,4,44.836752,67.751474,46.117022,67.886618,0.559352,-0.141762,179.3657,0.014632,179.3805,0.012228,45.826366,67.351029,179.3805,0.609374,1.067564,0.290656,0.535590,-0.989614,0.400445
599,86.177,A,4,44.689313,69.166082,45.835533,67.876718,0.551829,-0.122494,179.4334,0.012634,179.4665,0.017296,45.502153,67.427763,179.4665,0.559199,1.918974,0.333380,0.448955,-0.812840,1.738319
600,86.313,A,4,44.053415,68.410201,45.578560,68.118456,0.540969,-0.156739,179.5296,0.015588,179.5537,0.012969,45.176023,67.503046,179.5537,0.735368,1.443322,0.402538,0.615411,-1.122607,0.907155
601,86.443,A,4,43.213683,69.195578,45.255205,68.185794,0.544306,-0.151488,179.6284,0.016274,179.6411,0.012524,44.848129,67.577120,179.6411,0.732253,2.300178,0.407076,0.608674,-1.634447,1.618458
602,86.584,A,4,43.122957,68.200596,44.839568,68.380359,0.566304,-0.172579,179.7135,0.015212,179.7284,0.019852,44.518803,67.650058,179.7284,0.797641,1.500493,0.320765,0.730302,-1.395846,0.550539
603,86.712,A,4,42.640584,68.898742,44.491366,68.362053,0.585644,-0.151886,179.7792,0.014456,179.8166,0.014873,44.188378,67.721661,179.8166,0.708452,1.944528,0.302988,0.640392,-1.547794,1.177081
604,86.850,A,4,42.463921,68.938792,44.109229,68.471361,0.598061,-0.156567,179.8683,0.015397,179.9075,0.014599,43.856970,67.791574,179.9075,0.725082,1.804631,0.252260,0.679786,-1.393049,1.147217
605,86.992,A,4,42.368261,69.520413,43.750445,68.571878,0.589412,-0.155172,179.9824,0.016428,-179.9974,0.016614,43.524345,67.859516,-179.9974,0.747383,2.023638,0.226100,0.712362,-1.156084,1.660897
606,87.127,A,4,42.175458,68.988405,43.447892,68.755482,0.582819,-0.174172,-179.9237,0.016841,-179.8975,0.020258,43.190029,67.925453,-179.8975,0.869162,1.469429,0.257863,0.830030,-1.014571,1.062952
607,87.262,A,4,41.743057,68.558637,43.165463,68.813504,0.572780,-0.165649,-179.8232,0.017277,-179.7937,0.018249,42.853533,67.989584,-179.7937,0.880990,1.247789,0.311930,0.823919,-1.110476,0.569053
608,87.402,A,4,41.210890,68.723131,42.857280,68.783812,0.569094,-0.140395,-179.7231,0.016942,-179.6868,0.028313,42.514543,68.052157,-179.6868,0.807953,1.466192,0.342736,0.731655,-1.303653,0.670974
609,87.547,A,4,40.578603,70.258210,42.509550,68.786126,0.573905,-0.124654,-179.5964,0.020482,-179.5773,0.014842,42.173029,68.113250,-179.5773,0.752335,2.672648,0.336521,0.672876,-1.594426,2.144960
610,87.681,A,4,41.134395,69.259511,42.110647,69.059597,0.588530,-0.165940,-179.4860,0.019813,-179.4645,0.026466,41.829271,68.172717,-179.4645,0.930445,1.289951,0.281375,0.886880,-0.694877,1.086794
611,87.809,A,4,40.675792,69.789554,41.891806,69.107445,0.578844,-0.160525,-179.3935,0.019756,-179.3476,0.022335,41.483797,68.230322,-179.3476,0.967377,1.756154,0.408010,0.877124,-0.808005,1.559232
612,87.953,A,4,40.396146,69.292860,41.611087,69.245819,0.556218,-0.166949,-179.2417,0.020978,-179.2264,0.029438,41.137182,68.285957,-179.2264,1.070477,1.250195,0.473905,0.959862,-0.741036,1.006903
613,88.089,A,4,40.117023,69.559921,41.341127,69.269448,0.546702,-0.152888,-179.1250,0.019647,-179.1020,0.026282,40.789811,68.339767,-179.1020,1.080860,1.393349,0.551316,0.929682,-0.672788,1.220154
614,88.239,A,4,39.331580,69.610190,41.070470,69.334941,0.538351,-0.149070,-178.9956,0.021655,-178.9763,0.008497,40.441754,68.392071,-178.9763,1.133264,1.648120,0.628716,0.942870,-1.110175,1.218118
615,88.384,A,4,39.316111,70.161953,40.708962,69.397249,0.549413,-0.145351,-178.8801,0.020549,-178.8506,0.022567,40.092847,68.443170,-178.8506,1.135722,1.886143,0.616115,0.954079,-0.776736,1.718783
616,88.527,A,4,38.144615,69.170980,40.407947,69.546197,0.546664,-0.159667,-178.7484,0.022170,-178.7256,0.019072,39.742865,68.493180,-178.7256,1.245462,1.736035,0.665081,1.053016,-1.598251,0.677800
617,88.660,A,4,38.749358,69.030233,39.952219,69.493461,0.576206,-0.131937,-178.6163,0.022343,-178.6009,0.020891,39.391675,68.542026,-178.6009,1.104282,0.806795,0.560544,0.951435,-0.642317,0.488207
618,88.806,A,4,37.651546,70.103371,39.682457,69.422240,0.564633,-0.103226,-178.4863,0.022040,-178.4763,0.018223,39.039353,68.589585,-178.4763,1.052091,2.053669,0.643104,0.832655,-1.387807,1.513786
619,88.937,A,4,37.300649,70.354313,39.266371,69.551869,0.583389,-0.119323,-178.3746,0.020208,-178.3519,0.022833,38.686248,68.635875,-178.3519,1.084245,2.207468,0.580124,0.915994,-1.385598,1.718438
620,89.069,A,4,37.979109,70.308196,38.860013,69.704478,0.597824,-0.138363,-178.2552,0.020495,-178.2290,0.023863,38.332916,68.681122,-178.2290,1.151125,1.665097,0.527097,1.023356,-0.353807,1.627074
621,89.219,A,4,36.947437,70.226470,38.645356,69.823399,0.571736,-0.147632,-178.1276,0.021821,-178.1088,0.020496,37.979910,68.725653,-178.1088,1.283692,1.821663,0.665446,1.097746,-1.032473,1.500818
622,89.357,A,4,36.943116,70.793456,38.287723,69.907429,0.577836,-0.149566,-178.0112,0.020476,-177.9923,0.021267,37.627546,68.769699,-177.9923,1.315395,2.136361,0.660177,1.137730,-0.684430,2.023757
623,89.495,A,4,36.397449,70.152680,37.992305,70.077511,0.570069,-0.168561,-177.8997,0.019609,-177.8794,0.021358,37.275819,68.813281,-177.8794,1.453145,1.601725,0.716486,1.264230,-0.878370,1.339399
624,89.635,A,4,36.425401,69.841297,37.653058,70.104962,0.572877,-0.156777,-177.7799,0.020066,-177.7692,0.020012,36.924471,68.856263,-177.7692,1.445714,1.104248,0.728587,1.248700,-0.499071,0.985034
625,89.782,A,4,35.909492,70.465598,37.378937,70.070858,0.562521,-0.133578,-177.6666,0.019842,-177.6613,0.018198,36.573110,68.898499,-177.6613,1.422597,1.701819,0.805827,1.172359,-0.663618,1.567099
626,89.930,A,4,35.042950,69.819379,37.062820,70.151661,0.561126,-0.136796,-177.5552,0.019653,-177.5553,0.014984,36.221339,68.939968,-177.5553,1.475225,1.470362,0.841481,1.211692,-1.178389,0.879410
627,90.084,A,4,34.639667,70.684030,36.648845,70.103237,0.580670,-0.114235,-177.4502,0.018228,-177.4518,0.019349,35.868906,68.980783,-177.4518,1.366824,2.100494,0.779939,1.122454,-1.229238,1.703247
628,90.237,A,4,34.429743,69.621680,36.234949,70.215007,0.596733,-0.126985,-177.3468,0.017820,-177.3512,0.009909,35.515806,69.021094,-177.3512,1.393770,1.241063,0.719143,1.193913,-1.086063,0.600586
629,90.379,A,4,33.811982,70.528842,35.855780,70.118821,0.605511,-0.095914,-177.2436,0.017137,-177.2538,0.020782,35.162242,69.060949,-177.2538,1.264945,1.994470,0.693538,1.057871,-1.350260,1.467892
630,90.523,A,4,33.380089,69.793968,35.433398,70.198124,0.620606,-0.104584,-177.1537,0.015383,-177.1590,0.020828,34.808438,69.100225,-177.1590,1.263313,1.587910,0.624961,1.097900,-1.428348,0.693744
631,90.648,A,4,33.639398,70.141104,35.007732,70.133157,0.635836,-0.083143,-177.0515,0.017319,-177.0655,0.017547,34.454458,69.138678,-177.0655,1.138026,1.291968,0.553274,0.994480,-0.815060,1.002427
632,90.787,A,4,32.308279,69.437681,34.702669,70.139337,0.624170,-0.077673,-176.9553,0.017545,-176.9722,0.024329,34.100123,69.176092,-176.9722,1.136179,1.810838,0.602545,0.963245,-1.791844,0.261589
633,90.915,A,4,32.228732,70.747414,34.216167,70.018595,0.651880,-0.048923,-176.8658,0.015727,-176.8786,0.022990,33.745038,69.212379,-176.8786,0.933781,2.157664,0.471129,0.806216,-1.516305,1.535035
634,91.052,A,4,31.729946,69.840447,33.799569,70.149506,0.659764,-0.074042,-176.7613,0.017570,-176.7847,0.014919,33.388667,69.247562,-176.7847,0.991133,1.761497,0.410902,0.901945,-1.658722,0.592886
635,91.188,A,4,32.445305,70.184460,33.367476,70.097924,0.671705,-0.059533,-176.6710,0.016477,-176.6901,0.017367,33.030496,69.281652,-176.6901,0.883093,1.075876,0.336979,0.816271,-0.585191,0.902808
636,91.329,A,4,31.105196,70.798481,33.138504,70.115230,0.640321,-0.058675,-176.5767,0.016456,-176.5941,0.020745,32.670205,69.314554,-176.5941,0.927570,2.156686,0.468298,0.800676,-1.565010,1.483927
637,91.474,A,4,31.819394,71.339966,32.728148,70.237871,0.664193,-0.083333,-176.4979,0.017418,-176.4952,0.022679,32.307785,69.346049,-176.4952,0.985927,2.052859,0.420364,0.891822,-0.488390,1.993917
638,91.616,A,4,30.952521,71.203893,32.492758,70.438830,0.618713,-0.115804,-176.3803,0.017372,-176.3919,0.018608,31.943490,69.375904,-176.3919,1.196456,2.079318,0.549268,1.062926,-0.990969,1.827989
639,91.754,A,4,30.273269,70.707239,32.171231,70.580312,0.625723,-0.138193,-176.3047,0.016654,-176.2834,0.019799,31.577682,69.403990,-176.2834,1.317587,1.843896,0.593550,1.176322,-1.304413,1.303249
640,91.889,A,4,29.861097,70.365618,31.763408,70.613570,0.621998,-0.130930,-176.1778,0.017785,-176.1699,0.010179,31.210656,69.430341,-176.1699,1.305973,1.641966,0.552752,1.183229,-1.349559,0.935277
641,92.018,A,4,30.154925,70.026841,31.364391,70.577899,0.631392,-0.113571,-176.0621,0.019440,-176.0519,0.023329,30.842548,69.455086,-176.0519,1.238155,0.894276,0.521843,1.122813,-0.687623,0.571755
642,92.154,A,4,29.531189,71.034729,31.100426,70.485592,0.628168,-0.087250,-175.9567,0.020960,-175.9300,0.027649,30.473326,69.478321,-175.9300,1.186529,1.819349,0.627100,1.007272,-0.942137,1.556409
643,92.311,A,4,28.690581,70.257760,30.751119,70.587938,0.611327,-0.100675,-175.8131,0.020488,-175.8042,0.019794,30.102843,69.500013,-175.8042,1.266429,1.602706,0.648276,1.087925,-1.412262,0.757747
644,92.464,A,4,27.959582,70.891461,30.325086,70.534397,0.627712,-0.084019,-175.6804,0.022031,-175.6738,0.018141,29.730977,69.520032,-175.6738,1.175544,2.240237,0.594109,1.014366,-1.771395,1.371430
645,92.603,A,4,28.158971,71.252190,29.843287,70.601321,0.651865,-0.094656,-175.5429,0.023628,-175.5387,0.030787,29.357789,69.538271,-175.5387,1.168668,2.091573,0.485498,1.063050,-1.198817,1.713918
646,92.734,A,4,27.593019,70.557714,29.480199,70.721265,0.648352,-0.113319,-175.3983,0.024659,-175.3994,0.023821,28.983608,69.554782,-175.3994,1.267788,1.714530,0.496591,1.166483,-1.390590,1.002933
647,92.876,A,4,28.055284,70.360812,29.081311,70.697884,0.654542,-0.101473,-175.2652,0.023680,-175.2574,0.019666,28.608981,69.569787,-175.2574,1.222987,0.965558,0.472330,1.128096,-0.553698,0.791025
648,93.010,A,4,26.601287,70.518355,28.835150,70.642310,0.629566,-0.082338,-175.1317,0.023058,-175.1142,0.023177,28.234520,69.583581,-175.1142,1.217236,1.881822,0.600630,1.058729,-1.633233,0.934774
649,93.145,A,4,26.886569,70.756519,28.376574,70.622847,0.649963,-0.076168,-174.9944,0.023240,-174.9710,0.028787,27.860756,69.596376,-174.9710,1.148787,1.514917,0.515818,1.026471,-0.974188,1.160143
650,93.281,A,4,26.062271,69.968992,28.048494,70.648355,0.640855,-0.077936,-174.8499,0.024059,-174.8281,0.025420,27.488035,69.608237,-174.8281,1.181507,1.470696,0.560459,1.040118,-1.425764,0.360754
651,93.413,A,4,25.931662,70.585725,27.632966,70.529195,0.652892,-0.051812,-174.6894,0.026989,-174.6854,0.022893,27.116460,69.619132,-174.6854,1.046420,1.529067,0.516507,0.910063,-1.184798,0.966593
652,93.546,A,4,25.869181,70.129423,27.267206,70.538284,0.651322,-0.054035,-174.5433,0.026136,-174.5429,0.025780,26.745912,69.629046,-174.5429,1.048075,1.009472,0.521294,0.909238,-0.876730,0.500377
653,93.679,A,4,25.124565,70.781162,26.955585,70.464434,0.640412,-0.038468,-174.1645,0.063746,-174.1039,0.167340,26.379729,69.641768,-174.1039,1.004186,1.695186,0.575856,0.822666,-1.255164,1.139394
654,93.811,A,4,25.297043,70.567160,26.568063,70.517687,0.643845,-0.052090,-173.5413,0.084642,-173.5284,0.007135,26.025955,69.654865,-173.5284,1.018991,1.167731,0.542108,0.862822,-0.728912,0.912295
655,93.954,A,4,24.419572,69.967823,26.279770,70.524696,0.627599,-0.053192,-173.6546,0.010723,-173.6497,0.026798,25.671653,69.664792,-173.6497,1.053205,1.288230,0.608117,0.859904,-1.252082,0.303031
656,94.087,A,4,24.884927,69.956815,25.888205,70.423378,0.636258,-0.034622,-172.9911,0.095182,-172.9170,0.158077,25.331725,69.682674,-172.9170,0.926451,0.524196,0.556480,0.740704,-0.446797,0.274141
657,94.222,A,4,24.726558,71.007636,25.648590,70.335858,0.612963,-0.018232,-172.5361,0.073102,-172.5245,0.026476,24.992301,69.697387,-172.5245,0.915620,1.336926,0.656289,0.638471,-0.265743,1.310249
658,94.354,A,4,23.453486,70.865774,25.425754,70.449132,0.584599,-0.044255,-171.9041,0.109724,-171.8296,0.173772,24.659642,69.715476,-171.8296,1.060745,1.666733,0.766113,0.733657,-1.206156,1.150298
659,94.490,A,4,23.626495,72.047222,25.018444,70.519039,0.597568,-0.063169,-171.2152,0.112422,-171.1644,0.115993,24.330664,69.734128,-171.1644,1.043612,2.417903,0.687779,0.784910,-0.704169,2.313094
660,94.627,A,4,22.570554,70.387841,24.712762,70.787692,0.583335,-0.118139,-170.3719,0.138874,-170.3067,0.158686,24.008930,69.755575,-170.3067,1.249257,1.571205,0.703832,1.032116,-1.438376,0.632266
661,94.762,A,4,22.080702,70.708525,24.274348,70.717597,0.605986,-0.102680,-169.4922,0.150954,-169.4424,0.151626,23.693664,69.778258,-169.4424,1.104333,1.862000,0.580684,0.939339,-1.612962,0.930267
662,94.903,A,4,22.614118,70.655687,23.824858,70.714220,0.626329,-0.103795,-168.5300,0.163215,-168.4812,0.168695,23.386183,69.803020,-168.4812,1.011297,1.150272,0.438676,0.911200,-0.772065,0.852667
663,95.043,A,4,21.855015,71.180853,23.548332,70.700864,0.609736,-0.098494,-167.4909,0.175760,-167.4356,0.179346,23.087354,69.827630,-167.4356,0.987441,1.830266,0.460978,0.873235,-1.232339,1.353224
664,95.197,A,4,20.863708,70.427250,23.187624,70.781956,0.608581,-0.116387,-166.3740,0.189413,-166.3211,0.192043,22.793778,69.853949,-166.3211,1.008123,2.013416,0.393847,0.928007,-1.930070,0.573301
665,95.339,A,4,21.439022,70.680406,22.714677,70.714812,0.635031,-0.107893,-165.1953,0.200708,-165.1443,0.210197,22.503577,69.881496,-165.1443,0.859639,1.330990,0.211100,0.833316,-1.064555,0.798910
666,95.461,A,4,21.531861,70.249697,22.426027,70.702213,0.619456,-0.105430,-163.9627,0.210792,-163.9112,0.227439,22.214992,69.909806,-163.9112,0.820027,0.763016,0.211034,0.792407,-0.683131,0.339891
667,95.618,A,4,21.061576,71.167945,22.207045,70.614138,0.595002,-0.086273,-162.6733,0.220201,-162.6246,0.227974,21.927485,69.938097,-162.6246,0.731563,1.504103,0.279560,0.676041,-0.865909,1.229848
668,95.752,A,4,20.454167,69.722984,21.946045,70.702668,0.573419,-0.107071,-161.3430,0.227804,-161.2863,0.235151,21.641454,69.966022,-161.2863,0.797134,1.211906,0.304591,0.736646,-1.187286,-0.243038
669,95.905,A,4,20.660726,71.051114,21.625430,70.519396,0.579367,-0.076112,-159.9473,0.238624,-159.8977,0.243262,21.358051,69.993721,-159.8977,0.589768,1.266626,0.267379,0.525675,-0.697325,1.057393
670,96.048,A,4,19.886226,71.265114,21.398939,70.600893,0.552007,-0.096738,-158.5186,0.245813,-158.4637,0.258284,21.078640,70.021574,-158.4637,0.661969,1.722860,0.320299,0.579319,-1.192414,1.243541
671,96.212,A,4,18.988189,71.733864,21.076942,70.707197,0.544189,-0.126347,-157.0316,0.255088,-156.9857,0.259990,20.803534,70.050530,-156.9857,0.711311,2.475700,0.273408,0.656667,-1.815345,1.683334
672,96.369,A,4,18.961642,70.227646,20.652206,70.879295,0.551869,-0.173071,-155.5122,0.261721,-155.4624,0.266029,20.532190,70.081215,-155.4624,0.807054,1.577360,0.120016,0.798080,-1.570548,0.146431
673,96.513,A,4,19.044482,70.887219,20.308383,70.757416,0.575744,-0.157962,-154.2495,0.269589,-153.8955,0.277174,20.263796,70.113162,-153.8955,0.645795,1.444262,0.044587,0.644254,-1.219315,0.774057
674,96.660,A,4,19.121123,69.924075,20.018929,70.767250,0.550806,-0.160838,-152.3317,0.276601,-152.2851,0.290099,19.997250,70.145426,-152.2851,0.622202,0.903656,0.021679,0.621824,-0.876127,-0.221350
675,96.795,A,4,18.888402,69.744276,19.805704,70.605402,0.539375,-0.129691,-150.6710,0.285482,-150.6314,0.292307,19.731600,70.177070,-150.6314,0.434695,0.947784,0.074104,0.428332,-0.843198,-0.432794
676,96.942,A,4,17.869977,70.949785,19.602210,70.440477,0.541181,-0.104399,-149.3159,0.291090,-148.9357,0.297310,19.466464,70.207648,-148.9357,0.269511,1.760551,0.135746,0.232829,-1.596488,0.742136
677,97.085,A,4,18.071614,70.049577,19.237029,70.509003,0.527819,-0.136387,-147.2277,0.300562,-147.2008,0.308417,19.202226,70.237390,-147.2008,0.273833,1.146105,0.034803,0.271613,-1.130612,-0.187814
678,97.230,A,4,18.474076,70.095665,18.980546,70.409760,0.521957,-0.127665,-145.4532,0.306037,-145.4294,0.318362,18.939927,70.267009,-145.4294,0.148417,0.496363,0.040619,0.142751,-0.465851,-0.171345
679,97.449,A,4,17.589842,71.376227,18.842637,70.334729,0.493226,-0.114252,-143.6452,0.311377,-143.6232,0.305380,18.680853,70.297277,-143.6232,0.166062,1.534417,0.161784,0.037452,-1.091011,1.078949
680,97.616,A,4,17.257375,71.003230,18.575051,70.499482,0.465777,-0.158449,-141.8177,0.316630,-141.7833,0.329163,18.426014,70.328654,-141.7833,0.226703,1.349359,0.149037,0.170828,-1.168639,0.674576
681,97.781,A,4,16.736038,71.566680,18.296211,70.572130,0.451588,-0.183820,-139.9476,0.322554,-139.9107,0.335792,18.175766,70.361173,-139.9107,0.242919,1.877782,0.120445,0.210957,-1.439728,1.205507
682,97.953,A,4,17.397607,70.314147,17.973987,70.733173,0.434928,-0.227221,-138.0370,0.329138,-138.0070,0.325193,17.929692,70.394479,-138.0070,0.341579,0.538115,0.044295,0.338694,-0.532085,-0.080332
683,98.123,A,4,16.767542,71.521471,17.826223,70.646055,0.418803,-0.205219,-136.1024,0.334349,-136.0739,0.337786,17.686822,70.427928,-136.0739,0.258867,1.428605,0.139402,0.218127,-0.919280,1.093543
684,98.293,A,4,16.303050,71.589398,17.595134,70.786866,0.389677,-0.233724,-134.1345,0.340085,-134.1130,0.342360,17.446200,70.460788,-134.1130,0.358481,1.606410,0.148934,0.326078,-1.143150,1.128610
685,98.445,A,4,16.224976,71.605265,17.323030,70.917068,0.369957,-0.263112,-132.1547,0.343086,-132.1247,0.343585,17.207486,70.492541,-132.1247,0.439971,1.484412,0.115544,0.424528,-0.982509,1.112724
686,98.585,A,4,16.970588,71.931075,17.085044,71.028857,0.347870,-0.282528,-130.1414,0.348996,-130.1091,0.346057,16.971171,70.523132,-130.1091,0.518387,1.407943,0.113872,0.505725,-0.000584,1.407943
687,98.717,A,4,16.640657,71.120483,17.021993,71.180516,0.295267,-0.281937,-128.1049,0.353517,-128.0665,0.359085,16.738275,70.553046,-128.0665,0.688633,0.575772,0.283718,0.627470,-0.097618,0.567437
688,98.862,A,4,15.389486,70.757064,16.915477,71.163450,0.278129,-0.263034,-126.0260,0.359459,-125.9988,0.363016,16.509735,70.583117,-125.9988,0.708105,1.133673,0.405741,0.580333,-1.120249,0.173947
689,98.996,A,4,15.504197,71.139786,16.608405,71.083120,0.299567,-0.267934,-123.9252,0.363794,-123.9089,0.372676,16.285929,70.614163,-123.9089,0.569132,0.942011,0.322476,0.468957,-0.781732,0.525622
690,99.132,A,4,15.031992,71.747719,16.374813,71.082505,0.295329,-0.273515,-121.7944,0.368315,-121.8001,0.373127,16.066548,70.646586,-121.8001,0.533903,1.510893,0.308265,0.435919,-1.034556,1.101133
691,99.273,A,4,15.426177,70.664962,16.098641,71.189172,0.278757,-0.299847,-119.6518,0.371961,-119.6749,0.370860,15.850800,70.680069,-119.6749,0.566225,0.424891,0.247841,0.509103,-0.424622,-0.015107
692,99.406,A,4,14.529877,70.904554,15.941272,71.086037,0.281581,-0.279041,-117.4971,0.374192,-117.5342,0.379572,15.637801,70.713598,-117.5342,0.480422,1.124260,0.303471,0.372438,-1.107924,0.190956
693,99.549,A,4,14.599742,70.741905,15.654440,71.040913,0.288904,-0.290162,-115.4871,0.350553,-115.5750,0.266655,15.428411,70.743610,-115.5750,0.373468,0.828670,0.226029,0.297303,-0.828668,-0.001705
694,99.694,A,4,14.662133,70.716790,15.430170,70.973862,0.290727,-0.288365,-113.8676,0.310527,-113.9463,0.370158,15.226883,70.772852,-113.9463,0.285886,0.567526,0.203288,0.201010,-0.564750,-0.056062
695,99.808,A,4,13.612044,70.796023,15.257486,70.912699,0.284884,-0.279666,-111.4559,0.392217,-111.5112,0.389535,15.018564,70.805706,-111.5112,0.261784,1.406554,0.238921,0.106993,-1.406521,-0.009683
696,99.951,A,4,13.521026,70.709060,14.930238,70.875107,0.289674,-0.302690,-109.7119,0.316359,-109.8400,0.215473,14.822204,70.832956,-109.8400,0.115965,1.307064,0.108033,0.042150,-1.301178,-0.123897
697,100.095,A,4,14.181474,70.068432,14.643308,70.828091,0.289968,-0.316211,-107.9565,0.320637,-108.0230,0.407371,14.627366,70.861505,-108.0230,0.037022,0.909827,0.015942,-0.033414,-0.445893,-0.793073
698,100.221,A,4,13.688961,71.067184,14.524360,70.675214,0.293891,-0.289473,-106.1225,0.306967,-106.2569,0.214971,14.435519,70.890382,-106.2569,0.232787,0.767208,0.088841,-0.215168,-0.746558,0.176802
699,100.368,A,4,13.906694,71.660327,14.341337,70.724729,0.264314,-0.294846,-104.4777,0.302123,-104.5777,0.313701,14.246877,70.920001,-104.5777,0.216918,0.814743,0.094459,-0.195272,-0.340183,0.740326
700,100.528,A,4,13.072156,70.939829,14.227305,70.871849,0.213062,-0.293182,-102.8178,0.276633,-103.0746,0.274440,14.062074,70.949881,-103.0746,0.182730,0.989969,0.165231,-0.078032,-0.989918,-0.010051
701,100.666,A,4,13.322619,71.665892,13.999346,70.873450,0.208242,-0.312208,-101.7354,0.267607,-101.5733,0.253088,13.878857,70.980412,-101.5733,0.161117,0.882770,0.120489,-0.106963,-0.556238,0.685480
702,100.795,A,4,13.301883,70.986359,13.847403,71.000329,0.167524,-0.314597,-100.2914,0.255861,-100.1634,0.238259,13.697022,71.003576,-100.1634,0.150416,0.395514,0.150381,-0.003247,-0.395139,-0.017216
703,100.929,A,4,12.818944,71.499848,13.719857,70.987516,0.157225,-0.303534,-98.9390,0.242265,-98.8331,0.220490,13.515708,71.014537,-98.8331,0.205930,0.849121,0.204149,-0.027021,-0.696764,0.485311
704,101.064,A,4,12.570782,71.395725,13.524121,71.066112,0.128942,-0.305041,-97.4095,0.226572,-97.5822,0.211476,13.335086,71.015442,-97.5822,0.195708,0.853685,0.189035,0.050670,-0.764305,0.380283
705,101.203,A,4,12.394322,71.759920,13.324196,71.115533,0.112531,-0.311526,-96.2201,0.213113,-96.4098,0.196124,13.155267,71.008975,-96.4098,0.199729,1.069091,0.168929,0.106558,-0.760946,0.750945
706,101.334,A,4,12.753992,70.963325,13.127992,71.221911,0.085546,-0.318740,-95.1159,0.199161,-95.3127,0.181438,12.976394,70.997194,-95.3127,0.271071,0.224966,0.151598,0.224717,-0.222402,-0.033869
707,101.472,A,4,12.372613,70.760760,13.030449,71.170225,0.088763,-0.299761,-94.0997,0.184257,-94.2874,0.168511,12.798587,70.980885,-94.2874,0.299349,0.479488,0.231862,0.189340,-0.425974,-0.220125
708,101.606,A,4,11.752310,70.869846,12.884399,71.090665,0.098299,-0.292175,-93.1589,0.170150,-93.3303,0.159608,12.621856,70.959325,-93.3303,0.293563,0.874137,0.262543,0.131340,-0.869545,-0.089479
709,101.754,A,4,12.516164,71.025347,12.654759,71.043055,0.101917,-0.303528,-92.2708,0.159708,-92.4387,0.143095,12.446115,70.930467,-92.4387,0.237082,0.117936,0.208643,0.112588,0.070049,0.094879
710,101.905,A,4,11.397710,71.981632,12.600638,71.031108,0.093297,-0.279263,-91.4600,0.147242,-91.6102,0.133721,12.271279,70.891873,-91.6102,0.357580,1.396674,0.329359,0.139235,-0.873569,1.089760
711,102.045,A,4,12.286108,70.984354,12.359483,71.191416,0.054021,-0.298692,-90.6985,0.137643,-90.8421,0.128486,12.097351,70.841987,-90.8421,0.436823,0.236427,0.262132,0.349429,0.188757,0.142367
712,102.184,A,4,11.469236,71.155598,12.317745,71.149616,0.056478,-0.272103,-89.9782,0.129720,-90.1306,0.117909,11.924515,70.780947,-90.1306,0.539023,0.589612,0.393230,0.368669,-0.455279,0.374651
713,102.325,A,4,10.728396,71.045905,12.140672,71.144952,0.052521,-0.276570,-89.3162,0.120382,-89.4697,0.112188,11.753205,70.710543,-89.4697,0.582101,1.078286,0.387467,0.434409,-1.024809,0.335362
714,102.456,A,4,10.869630,71.123233,11.862935,71.121573,0.053080,-0.300829,-88.6949,0.112651,-88.8530,0.103634,11.583998,70.633406,-88.8530,0.562238,0.866170,0.278937,0.488166,-0.714367,0.489827
715,102.597,A,4,11.275094,70.036070,11.657417,71.115828,0.048842,-0.307798,-88.1223,0.104717,-88.2751,0.101710,11.417337,70.551887,-88.2751,0.612917,0.535070,0.240079,0.563941,-0.142243,-0.515817
716,102.735,A,4,10.268053,69.936259,11.560203,70.917887,0.083330,-0.291557,-87.5871,0.096588,-87.7332,0.097637,11.253338,70.467158,-87.7332,0.545273,1.119214,0.306865,0.450729,-0.985285,-0.530898
717,102.876,A,4,10.475362,71.557369,11.302821,70.733732,0.110799,-0.310248,-87.0773,0.091303,-87.2256,0.083147,11.091891,70.378768,-87.2256,0.412905,1.330116,0.210930,0.354964,-0.616529,1.178601
718,103.012,A,4,10.412870,71.080466,11.126243,70.867947,0.070035,-0.310001,-86.6064,0.086037,-86.7504,0.071790,10.932996,70.284841,-86.7504,0.614293,0.950552,0.193247,0.583106,-0.520126,0.795624
719,103.167,A,4,9.414289,70.617038,10.969917,70.897112,0.055047,-0.305830,-86.1702,0.080094,-86.3029,0.073711,10.777015,70.183045,-86.3029,0.739663,1.430165,0.192902,0.714066,-1.362727,0.433992
720,103.316,A,4,10.428038,70.519452,10.664150,70.839739,0.058050,-0.332988,-85.7417,0.076758,-85.8764,0.078965,10.624634,70.071837,-85.8764,0.768917,0.488885,0.039516,0.767901,-0.196596,0.447615
721,103.454,A,4,10.246140,70.178049,10.590698,70.774695,0.063689,-0.310011,-85.3264,0.074779,-85.4639,0.073409,10.476552,69.951261,-85.4639,0.831308,0.323299,0.114147,0.823434,-0.230412,0.226788
722,103.589,A,4,10.015797,70.107505,10.500229,70.659861,0.078487,-0.293769,-84.9471,0.068939,-85.0608,0.068634,10.333130,69.822946,-85.0608,0.853434,0.426232,0.167099,0.836915,-0.317333,0.284559
723,103.724,A,4,9.462206,70.032351,10.386620,70.551421,0.089843,-0.284210,-84.5624,0.068411,-84.6661,0.067282,10.194249,69.689373,-84.6661,0.883252,0.808406,0.192371,0.862048,-0.732043,0.342978
724,103.859,A,4,9.555675,69.367740,10.195774,70.447681,0.097685,-0.291508,-84.2009,0.064797,-84.2808,0.067338,10.059497,69.552805,-84.2808,0.905193,0.536737,0.136277,0.894876,-0.503823,-0.185065
725,103.999,A,4,10.094745,70.244537,10.055073,70.243154,0.125496,-0.289499,-83.8239,0.065842,-83.9062,0.058743,9.928552,69.414368,-83.9062,0.838388,0.846641,0.126521,0.828787,0.166193,0.830169
726,104.143,A,4,8.596552,69.996901,10.035810,70.228370,0.113509,-0.260250,-83.4621,0.064884,-83.5412,0.068016,9.801476,69.273634,-83.5412,0.983073,1.405332,0.234334,0.954736,-1.204924,0.723267
727,104.278,A,4,9.143786,69.596566,9.756063,70.173279,0.106294,-0.287833,-83.1023,0.063829,-83.1829,0.065970,9.678734,69.128903,-83.1829,1.047235,0.710548,0.077329,1.044376,-0.534948,0.467663
728,104.432,A,4,9.270631,69.472541,9.620943,70.057043,0.114711,-0.284221,-82.7299,0.064890,-82.8271,0.062886,9.560901,68.978056,-82.8271,1.080656,0.573386,0.060042,1.078987,-0.290270,0.494485
729,104.584,A,4,9.136679,68.980442,9.532983,69.938530,0.123414,-0.271690,-82.3781,0.063398,-82.4710,0.062858,9.448296,68.819574,-82.4710,1.122157,0.350690,0.084688,1.118957,-0.311617,0.160868
730,104.730,A,4,9.161873,69.525317,9.438269,69.752691,0.144433,-0.263630,-82.0286,0.061904,-82.1149,0.057932,9.340769,68.653238,-82.1149,1.103768,0.890239,0.097500,1.099454,-0.178897,0.872079
731,104.867,A,4,8.866169,69.026263,9.365966,69.694895,0.137567,-0.249185,-81.6970,0.059590,-81.7613,0.050097,9.237807,68.480246,-81.7613,1.221392,0.660492,0.128159,1.214649,-0.371638,0.546017
732,105.002,A,4,9.118953,67.744441,9.255317,69.559255,0.146143,-0.246147,-81.3772,0.057157,-81.4133,0.060065,9.138821,68.302696,-81.4133,1.261948,0.558608,0.116496,1.256560,-0.019868,-0.558254
733,105.139,A,4,9.013929,68.254535,9.209977,69.218729,0.196577,-0.235828,-81.0370,0.058749,-81.0728,0.057476,9.043422,68.122666,-81.0728,1.108645,0.135127,0.166555,1.096063,-0.029493,0.131869
734,105.286,A,4,8.794626,68.038093,9.155760,69.024836,0.211300,-0.224893,-80.7150,0.056642,-80.7403,0.057874,8.951498,67.941307,-80.7403,1.102614,0.184327,0.204263,1.083529,-0.156872,0.096786
735,105.441,A,4,8.369762,68.892276,9.077266,68.830862,0.229080,-0.225749,-80.4417,0.058714,-80.4153,0.058514,8.863093,67.758394,-80.4153,1.093645,1.236554,0.214173,1.072468,-0.493331,1.133882
736,105.578,A,4,7.422716,68.282330,8.930984,68.812550,0.196816,-0.224808,-80.0651,0.055666,-80.0981,0.047450,8.778227,67.572508,-80.0981,1.249415,1.530117,0.152756,1.240042,-1.355512,0.709821
737,105.711,A,4,8.694327,66.450498,8.644586,68.695652,0.188557,-0.260054,-79.7568,0.054812,-79.7899,0.050537,8.696799,67.381689,-79.7899,1.315000,0.931195,-0.052213,1.313963,-0.002472,-0.931191
738,105.858,A,4,8.141597,68.008712,8.632306,68.273705,0.250926,-0.246119,-79.4704,0.051234,-79.4932,0.047197,8.618621,67.184298,-79.4932,1.089492,0.952475,0.013685,1.089406,-0.477024,0.824413
739,105.997,A,4,8.661723,67.430167,8.549793,68.064637,0.264596,-0.241399,-79.1949,0.048244,-79.2103,0.039431,8.543514,66.979783,-79.2103,1.084873,0.465638,0.006279,1.084854,0.118209,0.450384
740,106.135,A,4,8.073626,67.705633,8.531828,68.035286,0.239173,-0.218206,-78.9282,0.047285,-78.9425,0.056260,8.471317,66.768953,-78.9425,1.267778,1.017609,0.060512,1.266333,-0.397691,0.936681
741,106.261,A,4,8.685641,66.685582,8.437593,67.955332,0.229646,-0.220042,-78.7192,0.046411,-78.6904,0.042772,8.401795,66.553634,-78.6904,1.402155,0.313015,0.035797,1.401698,0.283846,0.131948
742,106.399,A,4,8.042464,66.388687,8.463001,67.699624,0.250064,-0.194164,-78.4355,0.041958,-78.4542,0.038681,8.334564,66.335831,-78.4542,1.369828,0.296844,0.128437,1.363793,-0.292100,0.052856
743,106.535,A,4,7.778771,66.551474,8.377674,67.445165,0.275368,-0.203252,-78.2611,0.039423,-78.2345,0.039757,8.269124,66.116812,-78.2345,1.332781,0.655270,0.108549,1.328353,-0.490354,0.434663
744,106.675,A,4,7.832533,65.838200,8.255368,67.251693,0.271639,-0.207536,-78.0233,0.034734,-78.0323,0.029867,8.205019,65.896628,-78.0323,1.356000,0.377041,0.050349,1.355065,-0.372486,-0.058429
745,106.805,A,4,7.515070,66.153016,8.166158,66.970452,0.292677,-0.212418,-77.8432,0.031756,-77.8485,0.036630,8.142022,65.674222,-77.8485,1.296454,0.788869,0.024135,1.296230,-0.626953,0.478794
746,106.940,A,4,7.745506,65.992751,8.036342,66.793145,0.288879,-0.220885,-77.6823,0.028663,-77.6835,0.028797,8.080291,65.447923,-77.6835,1.345939,0.639467,-0.043949,1.345221,-0.334786,0.544827
747,107.081,A,4,7.785148,64.971322,7.969852,66.619026,0.287355,-0.215765,-77.5132,0.029267,-77.5363,0.027123,8.020319,65.216182,-77.5363,1.403751,0.339503,-0.050467,1.402843,-0.235171,-0.244860
748,107.233,A,4,7.304677,65.082480,7.922807,66.294291,0.316698,-0.213734,-77.3703,0.025755,-77.4050,0.018279,7.962617,64.978291,-77.4050,1.316602,0.666139,-0.039810,1.316000,-0.657940,0.104189
749,107.379,A,4,7.217988,65.110781,7.799478,66.044392,0.324490,-0.224149,-77.2545,0.022458,-77.2881,0.024212,7.907307,64.734745,-77.2881,1.314079,0.785215,-0.107829,1.309647,-0.689318,0.376036
750,107.517,A,4,7.244222,64.940511,7.681905,65.842994,0.321893,-0.230275,-77.1247,0.022841,-77.1849,0.015699,7.853976,64.487054,-77.1849,1.366814,0.759883,-0.172071,1.355940,-0.609754,0.453456
751,107.657,A,4,8.067298,65.279118,7.589365,65.647259,0.319473,-0.230572,-77.0336,0.018303,-77.0953,0.020279,7.801920,64.237079,-77.0953,1.426109,1.075300,-0.212556,1.410180,0.265378,1.042038
752,107.795,A,4,7.109198,64.296884,7.659751,65.546829,0.305511,-0.194414,-76.9388,0.016893,-77.0188,0.012631,7.750609,63.986216,-77.0188,1.563256,0.712687,-0.090859,1.560614,-0.641411,0.310668
753,107.935,A,4,7.043697,64.970553,7.550225,65.291509,0.315928,-0.205026,-76.8771,0.013767,-76.9542,0.008331,7.700004,63.734886,-76.9542,1.563812,1.399146,-0.149779,1.556623,-0.656307,1.235667
754,108.075,A,4,7.628160,63.717258,7.447761,65.200305,0.292864,-0.205753,-76.8290,0.010641,-76.8992,0.009105,7.650569,63.482480,-76.8992,1.729755,0.235845,-0.202808,1.717824,-0.022409,0.234778
755,108.197,A,4,8.026201,63.595923,7.467075,64.904416,0.318472,-0.191530,-76.7738,0.010463,-76.8512,0.009805,7.603056,63.227636,-76.8512,1.682284,0.560970,-0.135981,1.676780,0.423145,0.368287
756,108.336,A,4,7.697917,63.550478,7.555706,64.637483,0.338527,-0.163999,-76.7346,0.008077,-76.8078,0.004575,7.558148,62.968827,-76.8078,1.668658,0.598209,-0.002442,1.668656,0.139770,0.581652
757,108.483,A,4,7.041034,63.668383,7.573170,64.408718,0.345466,-0.152073,-76.6873,0.008854,-76.7672,0.009320,7.516141,62.705111,-76.7672,1.704561,1.074067,0.057029,1.703607,-0.475107,0.963272
758,108.622,A,4,7.336938,61.998593,7.471864,64.241203,0.334006,-0.162267,-76.6487,0.008126,-76.7287,0.007545,7.476865,62.436669,-76.7287,1.804541,0.459880,-0.005000,1.804534,-0.139927,-0.438076
759,108.765,A,4,7.504294,61.664900,7.440113,63.807129,0.379773,-0.169856,-76.6057,0.009027,-76.6915,0.010580,7.439907,62.164780,-76.6915,1.642349,0.504009,0.000206,1.642349,0.064387,-0.499879
760,108.913,A,4,7.319178,61.714911,7.444140,63.386511,0.419225,-0.168955,-76.5698,0.007344,-76.6546,0.002343,7.404967,61.891248,-76.6546,1.495776,0.196098,0.039173,1.495263,-0.085789,-0.176337
761,109.065,A,4,7.337896,60.970344,7.415481,63.046004,0.436755,-0.170973,-76.5299,0.008021,-76.6163,0.014426,7.372061,61.617579,-76.6163,1.429085,0.648136,0.043420,1.428425,-0.034166,-0.647235
762,109.182,A,4,6.706716,61.437075,7.395489,62.631847,0.467211,-0.174544,-76.4895,0.007523,-76.5751,0.011723,7.341462,61.344371,-76.5751,1.288609,0.641480,0.054027,1.287476,-0.634746,0.092704
763,109.320,A,4,7.236062,61.265953,7.267074,62.371594,0.458616,-0.191982,-76.4455,0.008217,-76.5299,0.010245,7.313505,61.071133,-76.5299,1.301289,0.209648,-0.046431,1.300461,-0.077443,0.194820
764,109.474,A,4,6.394287,61.886497,7.253969,62.127621,0.453199,-0.183888,-76.3883,0.009956,-76.4801,0.010499,7.288449,60.796494,-76.4801,1.331573,1.409834,-0.034479,1.331127,-0.894161,1.090003
765,109.602,A,4,6.343185,60.785104,7.094002,62.038173,0.410913,-0.198491,-76.3402,0.009745,-76.4256,0.010744,7.266444,60.518822,-76.4256,1.529106,0.960892,-0.172442,1.519351,-0.923259,0.266282
766,109.739,A,4,7.442172,60.969681,6.951159,61.772236,0.409174,-0.216395,-76.2762,0.011931,-76.3659,0.004352,7.247571,60.237045,-76.3659,1.563545,0.758041,-0.296411,1.535192,0.194602,0.732636
767,109.872,A,4,6.915429,61.020467,7.027704,61.586258,0.402245,-0.185129,-76.2226,0.010759,-76.3001,0.015165,7.231858,59.951201,-76.3001,1.647753,1.115105,-0.204154,1.635057,-0.316429,1.069267
768,110.021,A,4,7.179652,60.183522,6.999654,61.443732,0.382540,-0.176096,-76.1584,0.011647,-76.2273,0.006614,7.219263,59.662404,-76.2273,1.794814,0.522621,-0.219609,1.781328,-0.039611,0.521117
769,110.161,A,4,6.478169,59.344867,7.024089,61.179668,0.391619,-0.163601,-76.0905,0.012690,-76.1473,0.014416,7.209616,59.372274,-76.1473,1.816890,0.731960,-0.185527,1.807393,-0.731447,-0.027408
770,110.294,A,4,7.213959,59.459671,6.922322,60.821840,0.422246,-0.186518,-76.0301,0.013330,-76.0607,0.014789,7.202618,59.082165,-76.0607,1.762111,0.377677,-0.280296,1.739675,0.011341,0.377507
771,110.426,A,4,6.532516,58.385035,6.966837,60.538380,0.433232,-0.169953,-75.9411,0.015703,-75.9691,0.020601,7.197931,58.792612,-75.9691,1.760997,0.780318,-0.231094,1.745768,-0.665415,-0.407577
772,110.558,A,4,7.015428,59.669441,6.882977,60.104078,0.456553,-0.184888,-75.8234,0.016879,-75.8737,0.023533,7.195342,58.503157,-75.8737,1.631110,1.180079,-0.312365,1.600921,-0.179914,1.166284
773,110.696,A,4,7.592612,58.045208,6.901226,59.989219,0.437770,-0.169647,-75.7370,0.018382,-75.7751,0.019603,7.194902,58.212537,-75.7751,1.800790,0.431477,-0.293676,1.776683,0.397711,-0.167328
774,110.833,A,4,7.273809,58.136452,7.018033,59.591905,0.461476,-0.142909,-75.6080,0.018816,-75.6731,0.017553,7.196905,57.919243,-75.6731,1.682199,0.230421,-0.178872,1.672662,0.076903,0.217209
775,110.966,A,4,6.640135,57.648793,7.061546,59.296569,0.479911,-0.135706,-75.5158,0.020090,-75.5670,0.021908,7.201688,57.622222,-75.5670,1.680202,0.562181,-0.140142,1.674347,-0.561553,0.026570
776,111.108,A,4,6.895627,58.404885,6.985336,58.948320,0.479210,-0.149703,-75.3777,0.020969,-75.4566,0.017803,7.209349,57.321345,-75.4566,1.642325,1.128043,-0.224013,1.626975,-0.313722,1.083540
777,111.257,A,4,7.165231,57.420388,6.967122,58.803471,0.451359,-0.143277,-75.2609,0.021303,-75.3431,0.010826,7.219608,57.017415,-75.3431,1.803813,0.406625,-0.252486,1.786055,-0.054377,0.402972
778,111.395,A,4,6.395786,56.723069,7.000127,58.511944,0.458117,-0.134966,-75.1779,0.016344,-75.2286,0.018215,7.231886,56.711770,-75.2286,1.815032,0.836175,-0.231759,1.800174,-0.836099,0.011299
779,111.532,A,4,6.688156,55.526119,6.891398,58.147777,0.471191,-0.159261,-75.0698,0.018461,-75.1150,0.020758,7.245574,56.405673,-75.1150,1.777742,1.041311,-0.354175,1.742104,-0.557418,-0.879554
780,111.671,A,4,6.210607,55.875959,6.852208,57.633587,0.515742,-0.174892,-74.9650,0.018963,-75.0035,0.019920,7.260305,56.099796,-75.0035,1.587154,1.073298,-0.408097,1.533791,-1.049698,-0.223837
781,111.803,A,4,6.852607,55.915570,6.734729,57.268576,0.521776,-0.196612,-74.8651,0.018340,-74.8944,0.017008,7.276080,55.793955,-74.8944,1.570849,0.440590,-0.541351,1.474621,-0.423473,0.121615
782,111.933,A,4,6.620371,56.095016,6.750627,56.974413,0.520035,-0.186075,-74.7630,0.018509,-74.7871,0.021850,7.293196,55.487172,-74.7871,1.583120,0.906735,-0.542569,1.487241,-0.672825,0.607844
783,112.068,A,4,6.905681,55.564803,6.723387,56.764985,0.499593,-0.180910,-74.6520,0.018948,-74.6813,0.020697,7.312028,55.178101,-74.6813,1.692542,0.560942,-0.588640,1.586884,-0.406347,0.386702
784,112.202,A,4,7.422568,55.192116,6.751837,56.500437,0.495228,-0.168378,-74.5476,0.018614,-74.5771,0.014315,7.332785,54.865651,-74.5771,1.734942,0.338585,-0.580947,1.634786,0.089783,0.326464
785,112.343,A,4,7.301538,55.193533,6.868379,56.217363,0.499643,-0.141092,-74.4423,0.018569,-74.4756,0.021656,7.355396,54.549494,-74.4756,1.737520,0.646287,-0.487017,1.667869,-0.053859,0.644039
786,112.493,A,4,6.764505,54.944727,6.945355,55.985252,0.491472,-0.122119,-74.3425,0.017511,-74.3776,0.027486,7.379564,54.230217,-74.3776,1.807951,0.942774,-0.434209,1.755035,-0.615059,0.714510
787,112.644,A,4,7.471117,54.147643,6.914670,55.751401,0.478829,-0.126619,-74.2326,0.018629,-74.2834,0.018089,7.404922,53.909070,-74.2834,1.906445,0.247586,-0.490252,1.842331,0.066195,0.238573
788,112.779,A,4,7.664839,52.297106,7.014579,55.418367,0.494100,-0.110449,-74.1349,0.017736,-74.1926,0.017254,7.431192,53.587411,-74.1926,1.877755,1.311289,-0.416613,1.830956,0.233648,-1.290305
789,112.911,A,4,7.282712,53.356705,7.133200,54.814228,0.561726,-0.107346,-74.0423,0.017633,-74.1046,0.016639,7.458244,53.266118,-74.1046,1.581865,0.197528,-0.325044,1.548110,-0.175532,0.090587
790,113.040,A,4,7.180717,53.663420,7.167562,54.354264,0.592393,-0.114444,-73.9689,0.014609,-74.0190,0.012511,7.486110,52.945222,-74.0190,1.444602,0.780431,-0.318548,1.409043,-0.305392,0.718198
791,113.167,A,4,6.222794,52.161999,7.172736,54.296482,0.535477,-0.103447,-73.8890,0.014714,-73.9358,0.015262,7.514958,52.623919,-73.9358,1.707215,1.372246,-0.342222,1.672563,-1.292164,-0.461920
792,113.301,A,4,7.108043,52.878414,7.008422,53.864310,0.548954,-0.147561,-73.8071,0.015759,-73.8546,0.012418,7.545061,52.300974,-73.8546,1.652876,0.724169,-0.536639,1.563335,-0.437018,0.577440
793,113.436,A,4,6.746611,52.203234,7.027279,53.634209,0.531494,-0.139672,-73.7405,0.013050,-73.7823,0.013344,7.577101,51.975893,-73.7823,1.747088,0.861044,-0.549821,1.658317,-0.830489,0.227342
794,113.591,A,4,7.538601,51.949531,6.978569,53.326698,0.527400,-0.150254,-74.0003,-0.040824,-74.1182,-0.136631,7.615414,51.654310,-74.1182,1.789541,0.305051,-0.636846,1.672389,-0.076814,0.295222
795,113.720,A,4,7.535962,51.304071,7.078136,53.028857,0.530207,-0.130091,-74.3098,-0.038799,-74.3652,0.039613,7.650832,51.339290,-74.3652,1.783989,0.120148,-0.572696,1.689567,-0.114870,-0.035219
796,113.866,A,4,7.661280,51.684560,7.161655,52.669417,0.543817,-0.118826,-74.0001,0.023132,-74.0515,-0.016232,7.684447,51.024301,-74.0515,1.726186,0.660665,-0.522792,1.645116,-0.023167,0.660259
797,114.020,A,4,8.211030,51.107417,7.252704,52.451638,0.541626,-0.101862,-74.3896,-0.049702,-74.6219,-0.092479,7.722656,50.720897,-74.6219,1.793410,0.622822,-0.469952,1.730741,0.488374,0.386520
798,114.172,A,4,7.959568,50.226557,7.428356,52.151585,0.535669,-0.070130,-74.6441,-0.024398,-74.7074,0.000349,7.758735,50.416847,-74.7074,1.765918,0.276666,-0.330379,1.734738,0.200833,-0.190290
799,114.305,A,4,7.264566,50.896644,7.528062,51.768752,0.567800,-0.065134,-74.9811,-0.060965,-75.2232,-0.113926,7.798555,50.120759,-75.2232,1.670044,0.941881,-0.270492,1.647993,-0.533988,0.775885
800,114.434,A,4,7.986366,49.680108,7.489981,51.551186,0.530593,-0.075482,-75.5260,-0.068496,-75.6082,-0.074023,7.838982,49.827631,-75.6082,1.758535,0.208530,-0.349002,1.723555,0.147383,-0.147523
801,114.573,A,4,7.326697,49.808983,7.582276,51.178206,0.560722,-0.070282,-75.9747,-0.087341,-76.1667,-0.085737,7.881088,49.540592,-76.1667,1.664652,0.615942,-0.298813,1.637614,-0.554392,0.268391
802,114.704,A,4,7.448603,50.447327,7.543685,50.872626,0.542046,-0.084193,-76.6932,-0.101172,-76.7844,-0.114007,7.923615,49.259077,-76.7844,1.657675,1.279677,-0.379930,1.613549,-0.475012,1.188250
803,114.842,A,4,7.988817,48.680289,7.530522,50.744406,0.503931,-0.083315,-77.3883,-0.115429,-77.4729,-0.136649,7.966401,48.983291,-77.4729,1.814254,0.303829,-0.435879,1.761115,0.022416,-0.303001
804,114.972,A,4,7.914476,48.889303,7.614365,50.325897,0.531797,-0.077677,-78.1953,-0.129423,-78.2306,-0.132012,8.009782,48.713076,-78.2306,1.660587,0.200347,-0.395417,1.612822,-0.095306,0.176227
805,115.103,A,4,7.595843,48.952886,7.669633,50.031595,0.545123,-0.073520,-78.8256,-0.138262,-79.0517,-0.150330,8.054402,48.447947,-79.0517,1.629721,0.682085,-0.384769,1.583648,-0.458559,0.504939
806,115.253,A,4,8.493064,48.488162,7.659470,49.779158,0.520069,-0.076618,-79.8869,-0.150281,-79.9315,-0.157802,8.100753,48.187221,-79.9315,1.651967,0.494443,-0.441282,1.591937,0.392312,0.300941
807,115.394,A,4,7.527823,47.710856,7.808646,49.498917,0.522008,-0.050058,-80.8167,-0.159421,-80.8676,-0.166203,8.148813,47.930273,-80.8676,1.605103,0.658614,-0.340167,1.568644,-0.620990,-0.219417
808,115.521,A,4,7.489983,47.744528,7.761202,49.130603,0.532870,-0.068374,-81.8030,-0.167843,-81.8594,-0.174625,8.198075,47.676802,-81.8594,1.518023,0.711323,-0.436873,1.453801,-0.708092,0.067726
809,115.664,A,4,8.449487,47.623224,7.713027,48.832490,0.528865,-0.080991,-82.8510,-0.178255,-82.9068,-0.184798,8.247916,47.426951,-82.9068,1.503877,0.281343,-0.534889,1.405539,0.201571,0.196273
810,115.803,A,4,7.904400,47.597281,7.841913,48.565824,0.525723,-0.054791,-83.9612,-0.188794,-84.0083,-0.199195,8.298035,47.181186,-84.0083,1.457830,0.572786,-0.456121,1.384638,-0.393634,0.416096
811,115.932,A,4,8.230592,47.329743,7.852436,48.342585,0.510088,-0.052965,-85.1152,-0.197322,-85.1605,-0.199240,8.348614,46.939997,-85.1605,1.487765,0.407224,-0.496178,1.402588,-0.118022,0.389746
812,116.067,A,4,8.317927,46.774418,7.918109,48.113027,0.499232,-0.039692,-86.3087,-0.204400,-86.3591,-0.212647,8.400094,46.703609,-86.3591,1.489553,0.108468,-0.481986,1.409418,-0.082168,0.070809
813,116.197,A,4,7.288806,47.167377,7.987703,47.826565,0.501047,-0.027749,-87.5470,-0.211809,-87.6006,-0.218019,8.452766,46.471822,-87.6006,1.432346,1.355950,-0.465064,1.354744,-1.163960,0.695555
814,116.328,A,4,8.252110,46.414820,7.862081,47.661244,0.473787,-0.052761,-88.8390,-0.221047,-88.8834,-0.224965,8.506503,46.244037,-88.8834,1.556841,0.306402,-0.644422,1.417207,-0.254392,0.170783
815,116.475,A,4,8.172863,45.933215,7.926503,47.393790,0.474343,-0.037736,-90.1531,-0.226102,-90.2077,-0.236295,8.560826,46.019488,-90.2077,1.513630,0.397440,-0.634324,1.374303,-0.387963,-0.086273
816,116.613,A,4,8.416456,46.377524,7.965646,47.088337,0.481991,-0.028939,-91.5312,-0.235234,-91.5735,-0.242258,8.615241,45.797545,-91.5735,1.445031,0.613099,-0.649595,1.290791,-0.198786,0.579978
817,116.746,A,4,8.371246,45.310880,8.041116,46.915556,0.462115,-0.011160,-92.9340,-0.240978,-92.9797,-0.248821,8.669554,45.577942,-92.9797,1.477886,0.400387,-0.628438,1.337615,-0.298308,-0.267062
818,116.879,A,4,7.247033,45.447312,8.095470,46.585640,0.475958,0.000246,-94.3977,-0.250517,-94.4237,-0.253713,8.723949,45.360794,-94.4237,1.376676,1.479448,-0.628480,1.224846,-1.476916,0.086518
819,117.015,A,4,7.847582,45.091974,7.940147,46.337875,0.471161,-0.030587,-95.8833,-0.256387,-95.9024,-0.264185,8.778777,45.146459,-95.9024,1.456973,0.932788,-0.838630,1.191416,-0.931195,-0.054485
820,117.151,A,4,8.439195,45.140989,7.915173,46.071631,0.470911,-0.030147,-97.3933,-0.261020,-97.4134,-0.262013,8.834228,44.935324,-97.4134,1.461457,0.445365,-0.919055,1.136307,-0.395034,0.205665
821,117.289,A,4,7.831285,43.979120,7.998853,45.861494,0.458416,-0.006917,-98.9265,-0.264971,-98.9564,-0.271888,8.890161,44.727614,-98.9564,1.442260,1.296712,-0.891308,1.133880,-1.058875,-0.748495
822,117.425,A,4,8.455940,46.447998,7.960328,45.483373,0.482559,-0.007706,-100.5072,-0.271855,-100.5315,-0.283909,8.946192,44.523258,-100.5315,1.376135,1.986196,-0.985864,0.960115,-0.490252,1.924740
823,117.566,A,4,7.786006,44.028250,8.039145,45.609419,0.399887,0.007619,-102.1243,-0.278334,-102.1387,-0.287340,9.001972,44.321839,-102.1387,1.607762,1.250907,-0.962827,1.287580,-1.215966,-0.293589
824,117.701,A,4,8.259019,43.821017,7.985666,45.290629,0.419191,0.004581,-103.7792,-0.285213,-103.7766,-0.286228,9.057398,44.122700,-103.7766,1.585140,0.853477,-1.071732,1.167929,-0.798380,-0.301683
825,117.843,A,4,8.528494,44.909579,8.024078,44.990019,0.429934,0.021575,-105.3830,-0.277156,-105.3483,-0.218772,9.112089,43.924058,-105.3483,1.523168,1.145354,-1.088011,1.065961,-0.583595,0.985521
826,117.985,A,4,8.865670,44.288677,8.104608,44.935181,0.388363,0.037926,-106.5162,-0.224455,-106.4776,-0.260355,9.162268,43.723198,-106.4776,1.608585,0.638543,-1.057660,1.211983,-0.296598,0.565479
827,118.140,A,4,8.298447,43.286255,8.232001,44.783209,0.368491,0.065788,-108.3878,-0.304708,-108.3966,-0.347028,9.212715,43.513200,-108.3966,1.604594,0.942014,-0.980714,1.270008,-0.914268,-0.226945
828,118.285,A,4,8.945570,44.317122,8.237691,44.481420,0.385191,0.073852,-109.8802,-0.260205,-109.8097,-0.151368,9.256622,43.303005,-109.8097,1.557846,1.060749,-1.018931,1.178415,-0.311052,1.014118
829,118.417,A,4,8.391059,43.263890,8.357388,44.414746,0.347550,0.092963,-111.0852,-0.235130,-111.0482,-0.305897,9.298195,43.092087,-111.0482,1.623128,0.923261,-0.940807,1.322659,-0.907135,0.171803
830,118.546,A,4,8.315559,43.660725,8.358797,44.175711,0.353745,0.096595,-112.6728,-0.254227,-112.5847,-0.180768,9.340228,42.878657,-112.5847,1.626517,1.289022,-0.981431,1.297054,-1.024669,0.782068
831,118.701,A,4,8.512014,43.571656,8.346193,44.049225,0.337946,0.091390,-113.8084,-0.222874,-113.7279,-0.268478,9.377153,42.666457,-113.7279,1.724798,1.252138,-1.030960,1.382769,-0.865138,0.905199
832,118.836,A,4,8.361355,42.812647,8.370148,43.931024,0.319846,0.093839,-115.0508,-0.209966,-114.9447,-0.178819,9.411677,42.451786,-114.9447,1.809124,1.110584,-1.041529,1.479238,-1.050322,0.360861
833,118.980,A,4,8.125574,42.410871,8.363097,43.700502,0.327081,0.098495,-116.2384,-0.208097,-116.1395,-0.194715,9.442277,42.233163,-116.1395,1.821459,1.328642,-1.079180,1.467339,-1.316704,0.177709
834,119.122,A,4,8.748366,42.400994,8.316182,43.446003,0.349062,0.100196,-117.1234,-0.198774,-117.2381,-0.188280,9.467603,42.009533,-117.2381,1.840982,0.818867,-1.151420,1.436470,-0.719236,0.391461
835,119.268,A,4,8.880883,42.692781,8.385769,43.227855,0.344530,0.120147,-118.1839,-0.188994,-118.2843,-0.173955,9.488224,41.779998,-118.2843,1.819807,1.096374,-1.102454,1.447857,-0.607341,0.912783
836,119.411,A,4,8.029313,41.642937,8.467061,43.092715,0.315268,0.130570,-119.3857,-0.177359,-119.2756,-0.167109,9.504578,41.545468,-119.2756,1.862905,1.478481,-1.037516,1.547247,-1.475265,0.097468
837,119.548,A,4,9.039329,41.229174,8.384642,42.802425,0.339058,0.126117,-120.3238,-0.167094,-120.2165,-0.155163,9.517254,41.307906,-120.2165,1.875206,0.484366,-1.132612,1.494520,-0.477925,-0.078732
838,119.698,A,4,8.191424,42.249455,8.494485,42.488165,0.346825,0.160469,-121.2253,-0.160263,-121.1125,-0.151481,9.526786,41.069441,-121.1125,1.754543,1.782028,-1.032301,1.418724,-1.335361,1.180014
839,119.840,A,4,8.751321,41.433115,8.437321,42.416469,0.332865,0.142169,-121.9188,-0.154861,-121.9672,-0.142861,9.533598,40.831394,-121.9672,1.927248,0.986927,-1.096277,1.585075,-0.782276,0.601721
840,119.987,A,4,8.258218,40.490659,8.487560,42.209195,0.327144,0.156190,-122.7271,-0.145322,-122.7816,-0.138846,9.537937,40.593729,-122.7816,1.926920,1.283864,-1.050378,1.615465,-1.279720,-0.103070
841,120.138,A,4,8.713972,40.392578,8.441085,41.863810,0.348087,0.161855,-123.6521,-0.137082,-123.5545,-0.128521,9.539705,40.355160,-123.5545,1.866277,0.826580,-1.098620,1.508650,-0.825733,0.037418
842,120.284,A,4,8.302750,41.025709,8.483518,41.565697,0.355335,0.181625,-124.3868,-0.131145,-124.2846,-0.119842,9.538329,40.113866,-124.2846,1.794558,1.535615,-1.054811,1.451831,-1.235579,0.911842
843,120.440,A,4,8.418521,40.372574,8.446215,41.431694,0.341210,0.168733,-125.0707,-0.123114,-124.9724,-0.117936,9.532907,39.868489,-124.9724,1.903814,1.223093,-1.086692,1.563205,-1.114386,0.504085
844,120.587,A,4,8.598585,40.041519,8.435363,41.207193,0.341299,0.172027,-125.7182,-0.116243,-125.6212,-0.106236,9.522654,39.618835,-125.6212,1.924859,1.016152,-1.087291,1.588358,-0.924069,0.422684
845,120.745,A,4,8.482524,39.075779,8.458308,40.963486,0.340599,0.183350,-126.3299,-0.109993,-126.2359,-0.105549,9.507411,39.365920,-126.2359,1.911239,1.065164,-1.049103,1.597566,-1.024887,-0.290140
846,120.877,A,4,8.759766,39.788736,8.456936,40.590853,0.364061,0.204308,-126.9245,-0.106321,-126.8201,-0.097662,9.487878,39.111389,-126.8201,1.803234,0.994458,-1.030942,1.479464,-0.728112,0.677347
847,121.014,A,4,8.596726,39.817933,8.505225,40.408345,0.346784,0.210087,-127.4811,-0.100238,-127.3753,-0.104200,9.465351,38.856718,-127.3753,1.824661,1.295548,-0.960126,1.551627,-0.868625,0.961215
848,121.160,A,4,8.401338,39.629079,8.517030,40.264565,0.329009,0.204883,-128.0128,-0.094791,-127.9014,-0.082800,9.441071,38.602619,-127.9014,1.901556,1.461048,-0.924041,1.661946,-1.039732,1.026459
849,121.299,A,4,8.440282,38.236087,8.492276,40.114485,0.318476,0.195236,-128.5177,-0.090326,-128.3978,-0.080555,9.415537,38.348920,-128.3978,1.992393,0.981761,-0.923261,1.765565,-0.975255,-0.112833
850,121.441,A,4,9.183390,37.965745,8.478279,39.744610,0.343649,0.215266,-128.9619,-0.081873,-128.8650,-0.078432,9.388174,38.094794,-128.8650,1.884092,0.242055,-0.909895,1.649816,-0.204784,-0.129050
851,121.586,A,4,8.908686,37.293418,8.598741,39.389269,0.346673,0.253644,-129.3859,-0.076712,-129.3053,-0.073463,9.357555,37.839171,-129.3053,1.725863,0.706633,-0.758814,1.550098,-0.448869,-0.545753
852,121.723,A,4,8.819983,37.724427,8.651217,38.975026,0.366645,0.284333,-129.8061,-0.074961,-129.7217,-0.061844,9.322129,37.581153,-129.7217,1.546934,0.522186,-0.670913,1.393873,-0.502146,0.143274
853,121.877,A,4,8.879695,38.201202,8.679431,38.707880,0.363279,0.289694,-130.1953,-0.070210,-130.1167,-0.067251,9.281044,37.320321,-130.1167,1.512368,0.968004,-0.601613,1.387559,-0.401349,0.880881
854,122.035,A,4,8.287154,37.149582,8.713648,38.572977,0.338201,0.278941,-130.5780,-0.068285,-130.4910,-0.066114,9.234565,37.056867,-130.4910,1.603104,0.951937,-0.520917,1.516109,-0.947411,0.092714
855,122.171,A,4,8.193455,38.666989,8.636708,38.277563,0.355411,0.272534,-130.9323,-0.064060,-130.8444,-0.062841,9.183859,36.791540,-130.8444,1.583552,2.120898,-0.547151,1.486022,-0.990404,1.875449
856,122.309,A,4,8.683090,36.723995,8.555179,38.303910,0.320567,0.225023,-131.2667,-0.060128,-131.1767,-0.058190,9.130293,36.525395,-131.1767,1.869190,0.489318,-0.575115,1.778515,-0.447203,0.198600
857,122.444,A,4,7.867303,36.066775,8.573662,37.985238,0.330657,0.243543,-131.5722,-0.056014,-131.4896,-0.051819,9.074696,36.259402,-131.4896,1.797093,1.222662,-0.501034,1.725836,-1.207393,-0.192627
858,122.585,A,4,8.474363,36.221758,8.444097,37.604536,0.368323,0.245444,-131.8803,-0.054427,-131.7855,-0.046573,9.016989,35.994032,-131.7855,1.709364,0.588475,-0.572892,1.610504,-0.542627,0.227726
859,122.729,A,4,7.734473,35.501178,8.443228,37.316324,0.370182,0.255231,-132.1667,-0.051609,-132.0673,-0.055762,8.956305,35.729002,-132.0673,1.668185,1.242891,-0.513077,1.587322,-1.221832,-0.227823
860,122.857,A,4,7.490126,35.903604,8.311152,36.950486,0.400990,0.254381,-132.4402,-0.048901,-132.3363,-0.046521,8.891436,35.463307,-132.3363,1.596380,1.468854,-0.580285,1.487179,-1.401310,0.440297
861,123.008,A,4,7.498155,34.556702,8.156907,36.719300,0.410510,0.232614,-132.6897,-0.045340,-132.5920,-0.042464,8.821373,35.195625,-132.5920,1.662257,1.469398,-0.664466,1.523674,-1.323219,-0.638923
862,123.145,A,4,8.034362,35.532750,8.029108,36.290243,0.445382,0.244394,-132.9231,-0.042800,-132.8328,-0.037149,8.745685,34.924959,-132.8328,1.541909,0.935623,-0.716577,1.365284,-0.711323,0.607790
863,123.312,A,4,7.821771,35.655141,8.017968,36.108013,0.422854,0.239350,-133.1517,-0.041266,-133.0580,-0.037880,8.664608,34.651185,-133.0580,1.593892,1.310840,-0.646640,1.456828,-0.842837,1.003956
864,123.437,A,4,8.909688,35.261794,7.971960,35.982056,0.399124,0.222090,-133.3600,-0.038462,-133.2687,-0.038485,8.578871,34.375167,-133.2687,1.717682,0.946334,-0.606911,1.606889,0.330817,0.886627
865,123.572,A,4,7.599348,34.451423,8.127982,35.811187,0.357108,0.243348,-133.5432,-0.034726,-133.4678,-0.031313,8.489377,34.098343,-133.4678,1.750555,0.957506,-0.361395,1.712844,-0.890030,0.353080
866,123.708,A,4,6.995446,34.793180,8.027077,35.528199,0.371883,0.239257,-133.7201,-0.033112,-133.6578,-0.039285,8.396888,33.821991,-133.6578,1.745825,1.705064,-0.369811,1.706207,-1.401441,0.971188
867,123.877,A,4,6.856510,33.885469,7.835272,35.355722,0.381021,0.207058,-133.9072,-0.032560,-133.8396,-0.036509,8.301793,33.546597,-133.8396,1.868307,1.484478,-0.466521,1.809124,-1.445283,0.338871
868,124.023,A,4,7.466302,34.395504,7.652753,35.062691,0.415730,0.201740,-134.0505,-0.032094,-134.0121,-0.033624,8.204011,33.271675,-134.0121,1.873932,1.344323,-0.551257,1.791016,-0.737709,1.123829
869,124.171,A,4,7.511712,34.134029,7.603550,34.895398,0.390147,0.190231,-134.2363,-0.027738,-134.1734,-0.029446,8.103014,32.996075,-134.1734,1.963897,1.282411,-0.499464,1.899322,-0.591302,1.137954
870,124.312,A,4,7.344648,33.398231,7.574083,34.720279,0.374911,0.188525,-134.3816,-0.026401,-134.3220,-0.018735,7.998017,32.718601,-134.3220,2.046078,0.942756,-0.423934,2.001678,-0.653369,0.679631
871,124.454,A,4,6.796231,33.518215,7.520910,34.446555,0.379182,0.197486,-134.5206,-0.025487,-134.4580,-0.021133,7.888362,32.438625,-134.4580,2.041275,1.535664,-0.367453,2.007930,-1.092131,1.079590
872,124.610,A,4,6.186162,32.602909,7.379834,34.242066,0.385132,0.182923,-134.6512,-0.024229,-134.5829,-0.023874,7.773941,32.156385,-134.5829,2.122589,1.649372,-0.394107,2.085681,-1.587780,0.446524
873,124.755,A,4,6.638439,31.664951,7.153764,33.911667,0.420778,0.175586,-134.7725,-0.021878,-134.6982,-0.021078,7.655411,31.872829,-134.6982,2.099645,1.038000,-0.501647,2.038838,-1.016972,-0.207879
874,124.911,A,4,6.493563,32.597585,7.045441,33.471179,0.451597,0.202073,-134.8724,-0.019213,-134.8048,-0.021820,7.534023,31.589154,-134.8048,1.944410,1.448961,-0.488582,1.882025,-1.040460,1.008431
875,125.065,A,4,6.288787,31.983244,6.930301,33.271252,0.444766,0.190496,-134.9716,-0.018268,-134.9023,-0.006412,7.411113,31.306280,-134.9023,2.022942,1.310685,-0.480812,1.964971,-1.122326,0.676964
876,125.214,A,4,6.753267,31.792648,6.798802,32.998833,0.451539,0.188318,-135.0578,-0.016841,-134.9902,-0.009200,7.287527,31.024556,-134.9902,2.033868,0.935627,-0.488725,1.974277,-0.534260,0.768091
877,125.382,A,4,5.796222,31.425070,6.772732,32.740671,0.440368,0.199717,-135.1299,-0.014206,-135.0685,-0.011731,7.163299,30.743746,-135.0685,2.034761,1.527449,-0.390567,1.996925,-1.367077,0.681324
878,125.533,A,4,6.558266,30.502105,6.582397,32.463023,0.456742,0.188952,-135.1967,-0.012707,-135.1376,-0.006339,7.037702,30.463209,-135.1376,2.050990,0.481011,-0.455305,1.999814,-0.479436,0.038896
879,125.703,A,4,6.298755,30.399617,6.559710,32.070149,0.463761,0.220209,-135.2548,-0.011340,-135.1983,-0.008792,6.909672,30.182171,-135.1983,1.920139,0.648461,-0.349962,1.887978,-0.610917,0.217446
880,125.868,A,4,5.959806,30.908343,6.496469,31.726387,0.468648,0.235064,-135.3021,-0.009518,-135.2510,-0.013383,6.778427,29.900046,-135.2510,1.847978,1.298770,-0.281957,1.826341,-0.818621,1.008298
881,126.033,A,4,5.282076,30.333092,6.384792,31.533056,0.458275,0.219694,-135.3557,-0.009517,-135.2960,-0.003349,6.643923,29.616698,-135.2960,1.933798,1.538781,-0.259132,1.916357,-1.361848,0.716393
882,126.187,A,4,6.538946,29.877967,6.171953,31.273424,0.473151,0.201181,-135.3848,-0.007093,-135.3332,0.000133,6.506894,29.332547,-135.3332,1.969566,0.546361,-0.334941,1.940878,0.032052,0.545420
883,126.330,A,4,5.145896,30.019955,6.218488,30.979315,0.453859,0.226996,-135.4124,-0.005770,-135.3628,0.003917,6.368460,29.048428,-135.3628,1.936703,1.561579,-0.149972,1.930887,-1.222564,0.971527
884,126.488,A,4,5.325428,29.519823,6.011810,30.762404,0.462233,0.202497,-135.4141,-0.002293,-135.3858,0.003064,6.229566,28.765255,-135.3858,2.008985,1.177641,-0.217756,1.997149,-0.904138,0.754568
885,126.636,A,4,5.726986,29.055912,5.871631,30.496145,0.467095,0.197503,-135.4199,-0.001640,-135.4034,0.003050,6.090582,28.483621,-135.4034,2.024400,0.678026,-0.218951,2.012524,-0.363596,0.572291
886,126.795,A,4,4.791772,29.459203,5.827233,30.194750,0.462571,0.211879,-135.4195,-0.000357,-135.4165,0.004513,5.951205,28.203524,-135.4165,1.995082,1.709098,-0.123973,1.991226,-1.159433,1.255679
887,126.954,A,4,4.966779,28.219319,5.625532,30.018131,0.463471,0.184119,-135.4308,-0.001740,-135.4255,-0.000377,5.810617,27.924326,-135.4255,2.101970,0.893915,-0.185086,2.093805,-0.843838,0.294993
888,127.114,A,4,4.828260,28.460427,5.488951,29.654080,0.481623,0.195985,-135.4396,-0.002225,-135.4300,0.002647,5.667797,27.644995,-135.4300,2.017029,1.170364,-0.178846,2.009085,-0.839537,0.815432
889,127.273,A,4,5.167888,28.171505,5.351554,29.395629,0.482696,0.191102,-135.4285,0.000471,-135.4297,-0.002191,5.521895,27.364581,-135.4297,2.038178,0.881162,-0.170341,2.031047,-0.354007,0.806924
890,127.443,A,4,4.032750,27.284440,5.298707,29.132090,0.472136,0.199592,-135.4240,0.000500,-135.4247,0.002250,5.372515,27.082675,-135.4247,2.050743,1.354872,-0.073807,2.049415,-1.339765,0.201765
891,127.586,A,4,4.714531,26.115368,5.054495,28.757696,0.506300,0.195848,-135.4244,0.000147,-135.4160,-0.001161,5.219798,26.799581,-135.4160,1.965080,0.850554,-0.165303,1.958115,-0.505267,-0.684213
892,127.751,A,4,4.521978,26.736966,4.972543,28.239790,0.533520,0.236460,-135.4154,0.001030,-135.4054,0.006857,5.064286,26.516117,-135.4054,1.726113,0.585552,-0.091742,1.723673,-0.542307,0.220849
893,127.908,A,4,4.569114,26.884085,4.871793,27.920107,0.532036,0.241015,-135.3969,0.002216,-135.3942,-0.001346,4.906635,26.233156,-135.3942,1.687312,0.733233,-0.034842,1.686952,-0.337522,0.650930
894,128.072,A,4,3.307426,26.142177,4.797776,27.683307,0.515032,0.236862,-135.4010,-0.000162,-135.3828,-0.002168,4.747294,25.951170,-135.3828,1.732873,1.452482,0.050482,1.732137,-1.439868,0.191007
895,128.224,A,4,3.599233,26.074406,4.513208,27.357979,0.543094,0.215954,-135.3977,0.000405,-135.3711,-0.000601,4.586248,25.670023,-135.3711,1.689535,1.066642,-0.073040,1.687956,-0.987016,0.404383
896,128.392,A,4,3.240492,26.652012,4.327935,27.078070,0.547056,0.205055,-135.3913,0.000524,-135.3586,-0.001244,4.422941,25.389041,-135.3586,1.691698,1.730110,-0.095006,1.689028,-1.182449,1.262971
897,128.551,A,4,3.348338,25.330269,4.110762,26.951241,0.533329,0.168707,-135.3776,0.001757,-135.3455,-0.002027,4.256423,25.107316,-135.3455,1.849670,0.935054,-0.145661,1.843926,-0.908084,0.222953
898,128.717,A,4,3.417772,25.029318,3.949975,26.615147,0.542892,0.174877,-135.3541,0.003464,-135.3322,-0.001524,4.085741,24.824084,-135.3322,1.796201,0.698787,-0.135766,1.791063,-0.667969,0.205234
899,128.875,A,4,3.479571,24.596880,3.829951,26.284237,0.544724,0.185393,-135.3337,0.003417,-135.3196,0.004987,3.910391,24.539026,-135.3196,1.747063,0.434687,-0.080439,1.745210,-0.430820,0.057854
900,129.027,A,4,2.869380,25.175952,3.742900,25.934404,0.544288,0.202124,-135.3096,0.004135,-135.3073,0.009871,3.730584,24.252352,-135.3073,1.682097,1.262818,0.012316,1.682052,-0.861204,0.923600
901,129.198,A,4,2.692280,24.289094,3.563895,25.748803,0.533761,0.180028,-135.2856,0.003850,-135.2944,0.007250,3.547190,23.964666,-135.2944,1.784215,0.914399,0.016705,1.784137,-0.854910,0.324428
902,129.351,A,4,2.378038,24.732282,3.384478,25.440582,0.542029,0.178140,-135.2631,0.003877,-135.2793,0.008106,3.361347,23.676713,-135.2793,1.764021,1.442610,0.023131,1.763869,-0.983308,1.055570
903,129.506,A,4,2.404936,23.516093,3.180377,25.265681,0.533865,0.153651,-135.2464,0.002927,-135.2610,0.011865,3.173949,23.389088,-135.2610,1.876605,0.779430,0.006428,1.876594,-0.769013,0.127006
904,129.670,A,4,1.810969,24.482610,3.016330,24.907630,0.547038,0.164163,-135.2158,0.004455,-135.2394,-0.000522,2.985303,23.102025,-135.2394,1.805872,1.812478,0.031026,1.805605,-1.174334,1.380585
905,129.830,A,4,1.555945,22.742986,2.775573,24.783745,0.536293,0.128640,-135.1816,0.006133,-135.2146,0.001272,2.795146,22.815342,-135.2146,1.968500,1.241312,-0.019573,1.968402,-1.239201,-0.072356
906,130.001,A,4,1.529929,22.962959,2.530642,24.375374,0.568086,0.137682,-135.1500,0.006782,-135.1846,0.005073,2.607827,22.533607,-135.1846,1.843384,1.160262,-0.077186,1.841767,-1.077898,0.429353
907,130.156,A,4,1.215062,22.153367,2.323148,24.076070,0.575201,0.135253,-135.1191,0.006264,-135.1481,0.003144,2.425340,22.258728,-135.1481,1.820214,1.214856,-0.102193,1.817343,-1.210278,-0.105360
908,130.314,A,4,0.632825,22.393802,2.095929,23.685590,0.597403,0.143397,-135.0793,0.007800,-135.1025,0.009432,2.245968,21.988325,-135.1025,1.703884,1.663323,-0.150039,1.697265,-1.613143,0.405477
909,130.465,A,4,1.266845,22.233795,1.804558,23.405289,0.610505,0.125473,-135.0324,0.007935,-135.0452,0.010063,2.068585,21.720542,-135.0452,1.705310,0.951953,-0.264027,1.684747,-0.801739,0.513253
910,130.626,A,4,1.140116,21.379055,1.675892,23.146743,0.595526,0.129749,-134.9755,0.009117,-134.9751,0.008517,1.893133,21.454898,-134.9751,1.705735,0.756827,-0.217241,1.691845,-0.753017,-0.075843
911,130.787,A,4,0.883748,21.402668,1.548943,22.782761,0.597169,0.148917,-134.9149,0.009878,-134.8942,0.008731,1.720650,21.192508,-134.8942,1.599496,0.862886,-0.171707,1.590252,-0.836902,0.210160
912,130.949,A,4,0.019964,22.138276,1.400210,22.486324,0.592094,0.152966,-134.8391,0.011902,-134.8063,0.013842,1.552877,20.935506,-134.8063,1.558314,1.948455,-0.152666,1.550818,-1.532913,1.202769
913,131.119,A,4,-0.204005,21.212654,1.124852,22.373631,0.579435,0.111881,-134.7698,0.012058,-134.7151,0.004934,1.391597,20.685998,-134.7151,1.708583,1.680271,-0.266744,1.687633,-1.595601,0.526657
914,131.275,A,4,0.208158,20.540863,0.856784,22.119824,0.587463,0.096803,-134.6882,0.013365,-134.6227,0.016976,1.237878,20.445018,-134.6227,1.717617,1.034171,-0.381094,1.674806,-1.029720,0.095845
915,131.427,A,4,0.145351,20.733588,0.708296,21.791993,0.588050,0.111213,-134.5880,0.015821,-134.5291,0.017290,1.091566,20.212008,-134.5291,1.625807,1.080449,-0.383270,1.579984,-0.946216,0.521580
916,131.588,A,4,0.678931,19.835406,0.576106,21.555797,0.573059,0.113085,-134.4793,0.017504,-134.4327,0.017869,0.951376,19.985148,-134.4327,1.614857,0.310884,-0.375270,1.570648,-0.272445,-0.149743
917,131.744,A,4,0.138763,19.715570,0.563681,21.202615,0.559569,0.148686,-134.3699,0.017514,-134.3314,0.026507,0.815452,19.762267,-134.3314,1.462187,0.678298,-0.251771,1.440348,-0.676689,-0.046697
918,131.910,A,4,-0.674519,20.224282,0.460724,20.889397,0.554869,0.161296,-134.2532,0.019190,-134.2243,0.017953,0.682075,19.541796,-134.2243,1.365660,1.518597,-0.221351,1.347602,-1.356595,0.682487
919,132.036,A,4,-0.783664,20.246937,0.232590,20.721950,0.547519,0.133445,-134.1459,0.018691,-134.1124,0.018593,0.550361,19.323376,-134.1124,1.434220,1.622525,-0.317771,1.398574,-1.334025,0.923561
920,132.187,A,4,-0.233334,19.670516,0.024300,20.590665,0.532936,0.106441,-134.0350,0.019312,-133.9979,0.023387,0.420643,19.107883,-133.9979,1.534839,0.862695,-0.396342,1.482782,-0.653977,0.562634
921,132.329,A,4,-0.616730,19.492960,-0.049727,20.382913,0.512040,0.112840,-133.9152,0.020308,-133.8824,0.016206,0.294303,18.896911,-133.8824,1.525306,1.088695,-0.344030,1.486002,-0.911033,0.596050
922,132.479,A,4,-1.305062,19.456742,-0.176906,20.181494,0.500216,0.109796,-133.8011,0.020134,-133.7664,0.020399,0.173059,18.692003,-133.7664,1.530053,1.664232,-0.349964,1.489492,-1.478121,0.764740
923,132.637,A,4,-0.582017,19.172643,-0.403319,20.010437,0.499409,0.088252,-133.6842,0.020153,-133.6490,0.027832,0.057983,18.493895,-133.6490,1.585149,0.932897,-0.461302,1.516542,-0.640000,0.678747
924,132.774,A,4,-0.666904,19.040794,-0.462085,19.820674,0.477702,0.096210,-133.5523,0.021573,-133.5289,0.031768,-0.051132,18.302204,-133.5289,1.573097,0.961608,-0.410953,1.518470,-0.615773,0.738589
925,132.917,A,4,-0.698757,18.197102,-0.523395,19.642175,0.457255,0.101216,-133.4076,0.023661,-133.4048,0.018671,-0.155714,18.115680,-133.4048,1.570152,0.549112,-0.367681,1.526495,-0.543042,0.081422
926,133.054,A,4,-1.191142,18.375216,-0.577652,19.346309,0.455422,0.123124,-133.2782,0.022479,-133.2773,0.019293,-0.257905,17.932718,-133.2773,1.449303,1.032829,-0.319747,1.413591,-0.933237,0.442498
927,133.192,A,4,-0.810951,18.344366,-0.707948,19.133274,0.452395,0.119542,-132.6673,0.091290,-132.6055,0.136607,-0.361461,17.757459,-132.6055,1.418775,0.739257,-0.346487,1.375816,-0.449490,0.586907
928,133.339,A,4,-1.363605,17.474822,-0.747180,18.953008,0.432181,0.125005,-132.3367,0.056086,-132.3553,-0.030013,-0.467473,17.576922,-132.3553,1.404226,0.901929,-0.279707,1.376086,-0.896132,-0.102100
929,133.482,A,4,-1.401264,18.070093,-0.876030,18.651112,0.444859,0.133410,-132.3660,0.022862,-132.3541,0.102857,-0.576212,17.393959,-132.3541,1.292410,1.066708,-0.299817,1.257153,-0.825051,0.676134
930,133.616,A,4,-2.052601,17.059022,-0.988420,18.507243,0.430442,0.121071,-131.5697,0.103183,-131.5384,0.098923,-0.684424,17.223414,-131.5384,1.319329,1.378018,-0.303996,1.283829,-1.368177,-0.164392
931,133.777,A,4,-2.109062,16.549795,-1.197328,18.208995,0.453680,0.116766,-131.3041,0.057863,-131.2826,0.079604,-0.792364,17.048423,-131.2826,1.229196,1.407950,-0.404964,1.160572,-1.316698,-0.498628
932,133.935,A,4,-2.236771,17.739316,-1.378759,17.874672,0.477324,0.121884,-130.5190,0.119342,-130.3755,0.094447,-0.897032,16.886131,-130.4489,1.099670,1.588340,-0.481727,0.988541,-1.339739,0.853185
933,134.053,A,4,-2.387032,16.591823,-1.552162,17.807938,0.455851,0.090452,-129.9472,0.104892,-129.8582,0.114293,-1.000278,16.725073,-129.8582,1.215390,1.393142,-0.551884,1.082865,-1.386755,-0.133250
934,134.208,A,4,-1.332478,17.687328,-1.721705,17.552089,0.464921,0.088397,-129.0881,0.136664,-128.9761,0.133618,-1.103062,16.571888,-128.9761,1.159101,1.138788,-0.618643,0.980201,-0.229417,1.115440
935,134.343,A,4,-2.197754,17.333038,-1.675295,17.532969,0.407324,0.087281,-128.1729,0.147794,-128.1279,0.158390,-1.207830,16.420302,-128.1279,1.206877,1.346491,-0.467465,1.112667,-0.989924,0.912736
936,134.485,A,4,-2.397207,16.930661,-1.784299,17.464178,0.386305,0.069017,-127.3356,0.153594,-127.2326,0.119203,-1.315818,16.269578,-127.2326,1.283177,1.267452,-0.468481,1.194600,-1.081390,0.661083
937,134.620,A,4,-2.684146,17.071008,-1.910420,17.335637,0.378073,0.057740,-126.9107,0.094922,-126.8452,0.111380,-1.421294,16.114412,-126.8452,1.315536,1.584257,-0.489126,1.221225,-1.262852,0.956596
938,134.761,A,4,-2.933512,16.206999,-2.065018,17.255863,0.366753,0.036604,-125.7965,0.175607,-125.6720,0.281737,-1.535177,15.967307,-125.6720,1.393237,1.418729,-0.529841,1.288556,-1.398335,0.239692
939,134.907,A,4,-2.828746,16.490004,-2.236751,17.038303,0.380629,0.032099,-124.7081,0.171706,-124.6823,0.083863,-1.646431,15.821327,-124.6823,1.352593,1.358307,-0.590320,1.216976,-1.182316,0.668677
940,135.056,A,4,-1.976747,16.031297,-2.356344,16.915378,0.380391,0.024680,-124.3425,0.117431,-124.1446,0.173475,-1.751471,15.674346,-124.1446,1.380591,0.422094,-0.604873,1.241032,-0.225277,0.356951
941,135.203,A,4,-2.285264,16.076370,-2.309485,16.721716,0.354137,0.052252,-123.0458,0.169238,-123.0526,0.116565,-1.859869,15.537463,-123.0526,1.266731,0.686572,-0.449615,1.184253,-0.425395,0.538907
942,135.355,A,4,-3.227183,14.352272,-2.319348,16.575662,0.338406,0.061626,-122.4935,0.121473,-122.5006,0.157638,-1.960886,15.401515,-122.5006,1.227647,1.644512,-0.358462,1.174147,-1.266297,-1.049243
943,135.498,A,4,-3.533149,15.018088,-2.492644,16.149257,0.390303,0.075257,-121.6807,0.128384,-121.7110,0.093630,-2.062966,15.273212,-121.7110,0.975744,1.492154,-0.429678,0.876044,-1.470182,-0.255124
944,135.640,A,4,-2.885535,15.957407,-2.690913,15.912010,0.407712,0.060157,-120.9817,0.125166,-121.0005,0.108225,-2.163515,15.147984,-121.0005,0.928377,1.084656,-0.527398,0.764026,-0.722020,0.809423
945,135.777,A,4,-1.843408,14.738241,-2.740610,15.883428,0.371072,0.047621,-120.3298,0.117831,-120.3525,0.114091,-2.263025,15.023820,-120.3525,0.983369,0.507576,-0.477584,0.859608,0.419617,-0.285578
946,135.915,A,4,-3.417863,15.276495,-2.594673,15.646668,0.352519,0.092727,-119.6792,0.114577,-119.7139,0.107849,-2.361883,14.899748,-119.7139,0.782356,1.121173,-0.232790,0.746920,-1.055979,0.376746
947,136.048,A,4,-2.689527,14.725104,-2.749987,15.546748,0.345810,0.065784,-119.0584,0.110740,-119.0956,0.106453,-2.459586,14.775676,-119.0956,0.823945,0.235436,-0.290401,0.771072,-0.229941,-0.050571
948,136.184,A,4,-3.438985,15.538125,-2.749568,15.368395,0.336751,0.076834,-118.4603,0.105801,-118.4979,0.097655,-2.555625,14.653007,-118.4979,0.741211,1.250504,-0.193943,0.715388,-0.883360,0.885118
949,136.326,A,4,-3.079112,14.752178,-2.881102,15.366461,0.311893,0.044916,-117.8854,0.101518,-117.9228,0.093100,-2.649434,14.533759,-117.9228,0.864328,0.482007,-0.231668,0.832702,-0.429678,0.218420
950,136.470,A,4,-3.751053,15.263027,-2.926339,15.228569,0.304714,0.045566,-117.3427,0.096396,-117.3713,0.093667,-2.740434,14.419481,-117.3713,0.830171,1.316405,-0.185905,0.809088,-1.010619,0.843546
951,136.607,A,4,-3.486612,14.931793,-3.082578,15.206521,0.289046,0.014637,-116.8195,0.092394,-116.8424,0.094648,-2.828125,14.310570,-116.8424,0.931383,0.905275,-0.254453,0.895951,-0.658486,0.621223
952,136.745,A,4,-3.340817,14.257442,-3.165661,15.132048,0.277031,0.005249,-116.2947,0.091594,-116.3337,0.087488,-2.912293,14.206185,-116.3337,0.959905,0.431578,-0.253367,0.925863,-0.428523,0.051257
953,136.888,A,4,-3.647959,15.011133,-3.207986,14.952190,0.281233,0.014172,-115.8071,0.086209,-115.8422,0.082872,-2.993252,14.104630,-115.8422,0.874339,1.118209,-0.214734,0.847560,-0.654707,0.906504
954,137.026,A,4,-4.299240,14.316084,-3.296773,14.937645,0.259733,-0.002245,-115.3275,0.084098,-115.3660,0.084101,-3.071805,14.004124,-115.3660,0.960247,1.266458,-0.224968,0.933522,-1.227435,0.311960
955,137.162,A,4,-3.724179,13.949540,-3.485922,14.804362,0.271315,-0.023964,-114.8585,0.082507,-114.9047,0.083917,-3.148805,13.903624,-114.9047,0.961757,0.577203,-0.337117,0.900738,-0.575373,0.045916
956,137.294,A,4,-3.701117,14.165114,-3.541209,14.629445,0.276710,-0.015479,-114.4174,0.078205,-114.4586,0.074102,-3.224623,13.803222,-114.4586,0.884800,0.598341,-0.316586,0.826223,-0.476494,0.361892
957,137.440,A,4,-4.519101,13.415630,-3.581888,14.523152,0.267731,-0.011774,-113.9839,0.076462,-114.0281,0.069900,-3.298891,13.703990,-114.0281,0.866668,1.253821,-0.282997,0.819162,-1.220211,-0.288360
958,137.577,A,4,-4.065402,13.376419,-3.759988,14.302844,0.292769,-0.023817,-113.5738,0.073238,-113.6126,0.076035,-3.370700,13.607401,-113.6126,0.796986,0.732096,-0.389288,0.695443,-0.694702,-0.230982
959,137.738,A,4,-3.838076,13.297454,-3.827514,14.113017,0.299648,-0.017250,-113.1639,0.071438,-113.2112,0.068090,-3.439124,13.514644,-113.2112,0.713370,0.454240,-0.388390,0.598373,-0.398952,-0.217189
960,137.866,A,4,-3.899188,13.107847,-3.842092,13.941985,0.297800,-0.003589,-112.7722,0.069345,-112.8232,0.064892,-3.503753,13.426171,-112.8232,0.616878,0.507641,-0.338340,0.515815,-0.395435,-0.318324
961,137.997,A,4,-4.315735,13.942401,-3.863490,13.767235,0.297524,0.007292,-112.3899,0.067869,-112.4481,0.064592,-3.564964,13.341519,-112.4481,0.519953,0.961621,-0.298526,0.425716,-0.750771,0.600881
962,138.148,A,4,-3.490099,13.522073,-3.954185,13.771643,0.269767,-0.010926,-112.0174,0.066290,-112.0859,0.065423,-3.623798,13.259428,-112.0859,0.609524,0.294717,-0.330387,0.512215,0.133699,0.262645
963,138.281,A,4,-4.454772,13.805952,-3.882532,13.702669,0.245445,0.009116,-111.6484,0.063265,-111.7365,0.060778,-3.681423,13.178318,-111.7365,0.561595,0.995989,-0.201109,0.524351,-0.773349,0.627634
964,138.419,A,4,-4.599910,12.565983,-3.990076,13.703895,0.231200,-0.012733,-111.3898,0.061332,-111.3992,0.056940,-3.738534,13.096963,-111.3992,0.656993,1.011884,-0.251542,0.606931,-0.861376,-0.530980
965,138.563,A,4,-3.979641,14.030395,-4.109127,13.477971,0.251914,-0.015863,-111.0094,0.057240,-111.0725,0.056324,-3.795111,13.015004,-111.0725,0.559415,1.032023,-0.314016,0.462967,-0.184530,1.015391
966,138.692,A,4,-4.836944,13.108583,-4.094375,13.557990,0.211791,-0.017929,-110.7651,0.054953,-110.7551,0.049948,-3.850604,12.933077,-110.7551,0.670776,1.001833,-0.243771,0.624913,-0.986340,0.175506
967,138.831,A,4,-3.992427,13.110785,-4.234331,13.460582,0.216813,-0.035344,-110.4462,0.055630,-110.4468,0.056084,-3.904374,12.852517,-110.4468,0.691820,0.272866,-0.329957,0.608066,-0.088053,0.258268
968,138.973,A,4,-4.486959,12.865177,-4.203159,13.377319,0.200483,-0.018394,-110.0978,0.051558,-110.1485,0.048304,-3.956105,12.774736,-110.1485,0.651262,0.538503,-0.247054,0.602584,-0.530854,0.090441
969,139.116,A,4,-4.840177,12.343380,-4.260060,13.272460,0.206249,-0.019863,-109.8672,0.051175,-109.8614,0.042937,-4.005943,12.700583,-109.8614,0.625794,0.907491,-0.254117,0.571877,-0.834233,-0.357203
970,139.259,A,4,-4.269972,13.036268,-4.372948,13.086426,0.221332,-0.025153,-109.5508,0.047643,-109.5865,0.052067,-4.054399,12.629916,-109.5865,0.556664,0.459993,-0.318549,0.456510,-0.215573,0.406352
971,139.386,A,4,-4.899662,13.333571,-4.363988,13.058266,0.200452,-0.018619,-109.2901,0.046705,-109.3233,0.037267,-4.102105,12.561601,-109.3233,0.561479,1.109971,-0.261883,0.496665,-0.797557,0.771970
972,139.523,A,4,-5.156922,12.531520,-4.467341,13.089609,0.178588,-0.038430,-109.0393,0.045322,-109.0707,0.048999,-4.149586,12.494008,-109.0707,0.675062,1.008034,-0.317755,0.595601,-1.007336,0.037512
