sample,timestamp_s,lintasan,run_ke,gps_x,gps_y,ekf_x,ekf_y,ekf_vx,ekf_vy,ekf_yaw_deg,ekf_yaw_rate,imu_yaw_deg,imu_yaw_rate_rads,gt_x,gt_y,gt_yaw_deg,error_ekf_m,error_gps_m,error_ekf_x,error_ekf_y,error_gps_x,error_gps_y
1,0.000,B,3,-0.857960,-24.513489,-0.992879,-25.632399,-0.003948,-0.005063,-0.7209,0.001305,-0.6792,0.003907,-0.732331,-25.343944,-0.6792,0.388705,0.839904,-0.260548,-0.288456,-0.125629,0.830455
2,0.158,B,3,-0.919654,-25.264041,-0.969251,-25.433705,0.000778,0.035965,-0.7081,0.001636,-0.6720,0.003783,-0.736551,-25.341888,-0.6720,0.250159,0.198965,-0.232700,-0.091817,-0.183103,0.077847
3,0.315,B,3,-1.153211,-25.423975,-0.960306,-25.400049,0.002417,0.038671,-0.6982,0.001548,-0.6658,-0.002893,-0.740666,-25.340059,-0.6658,0.227685,0.420993,-0.219640,-0.059990,-0.412545,-0.083915
4,0.480,B,3,-0.760637,-25.065966,-0.994367,-25.400596,-0.004783,0.034000,-0.6984,0.000876,-0.6707,-0.016909,-0.744478,-25.339734,-0.6707,0.257193,0.274244,-0.249888,-0.060863,-0.016158,0.273767
5,0.619,B,3,-1.273924,-24.581183,-0.953129,-25.337759,0.003978,0.042947,-1.2300,-0.040518,-1.2562,-0.097657,-0.749166,-25.336088,-1.2562,0.203969,0.919377,-0.203963,-0.001670,-0.524758,0.754906
6,0.756,B,3,-0.606071,-25.644640,-1.009744,-25.198954,-0.008384,0.066036,-1.3385,-0.028403,-1.3043,0.070817,-0.749370,-25.336611,-1.3043,0.294523,0.339730,-0.260374,0.137657,0.143299,-0.308029
7,0.898,B,3,-0.842117,-24.958549,-0.938585,-25.271939,0.007286,0.043801,-1.2425,-0.012772,-1.2456,-0.089687,-0.749100,-25.336906,-1.2456,0.200313,0.389623,-0.189485,0.064967,-0.093017,0.378357
8,1.043,B,3,-1.440692,-25.875753,-0.920537,-25.211974,0.009878,0.050991,-1.9131,-0.055391,-1.9265,-0.067341,-0.753831,-25.329440,-1.9265,0.203934,0.877631,-0.166706,0.117466,-0.686861,-0.546312
9,1.193,B,3,-0.945790,-25.648062,-1.012064,-25.325240,-0.009406,0.021701,-2.0201,-0.039361,-2.0032,-0.062519,-0.754716,-25.325056,-2.0032,0.257348,0.375289,-0.257348,-0.000185,-0.191074,-0.323006
10,1.338,B,3,-0.685499,-25.601851,-1.001105,-25.380591,-0.005830,0.007995,-2.3285,-0.043386,-2.2736,0.015550,-0.755455,-25.319079,-2.2736,0.253235,0.291297,-0.245651,-0.061512,0.069955,-0.282772
11,1.487,B,3,-1.433543,-26.156342,-0.945592,-25.419190,0.006492,-0.000472,-2.5690,-0.048318,-2.7476,-0.165055,-0.746828,-25.312559,-2.7476,0.225560,1.087910,-0.198764,-0.106631,-0.686715,-0.843784
12,1.635,B,3,-0.419946,-25.744095,-1.031923,-25.550681,-0.011234,-0.027906,-3.2991,-0.070944,-3.2574,-0.009846,-0.728493,-25.308169,-3.2574,0.388435,0.534072,-0.303430,-0.242512,0.308547,-0.435927
13,1.769,B,3,-1.115718,-25.126253,-0.924345,-25.587027,0.012667,-0.032091,-3.5914,-0.071307,-3.7513,-0.104945,-0.701550,-25.303981,-3.7513,0.360212,0.450690,-0.222795,-0.283046,-0.414167,0.177728
14,1.906,B,3,-0.592206,-25.883967,-0.957312,-25.508250,0.003515,-0.011999,-4.0198,-0.070559,-4.1159,-0.087651,-0.667675,-25.300237,-4.1159,0.356594,0.588588,-0.289637,-0.208013,0.075469,-0.583730
15,2.032,B,3,-1.171509,-25.945626,-0.892400,-25.575981,0.017370,-0.024074,-4.4589,-0.072488,-4.5444,-0.070934,-0.627635,-25.294200,-4.5444,0.386653,0.848620,-0.264765,-0.281781,-0.543874,-0.651426
16,2.177,B,3,-0.944089,-26.016342,-0.940406,-25.644515,0.006005,-0.035267,-4.9424,-0.071264,-4.9338,-0.072692,-0.582305,-25.288133,-4.9338,0.505217,0.813127,-0.358101,-0.356382,-0.361784,-0.728209
17,2.315,B,3,-0.871052,-25.428801,-0.940823,-25.714033,0.006128,-0.045218,-5.3288,-0.069559,-5.3139,-0.068876,-0.531104,-25.283287,-5.3139,0.594485,0.369783,-0.409719,-0.430746,-0.339949,-0.145515
18,2.457,B,3,-0.703981,-25.115408,-0.928216,-25.667714,0.007335,-0.030459,-5.7046,-0.067853,-5.6873,-0.060976,-0.472792,-25.280547,-5.6873,0.597753,0.284111,-0.455423,-0.387167,-0.231189,0.165139
19,2.586,B,3,-0.665925,-25.339988,-0.887878,-25.572500,0.013178,-0.007080,-6.0690,-0.066219,-6.0511,-0.063375,-0.405957,-25.279523,-6.0511,0.563988,0.266907,-0.481921,-0.292977,-0.259968,-0.060465
20,2.731,B,3,-0.388118,-25.558566,-0.847190,-25.531977,0.019197,0.002616,-6.4071,-0.063087,-6.3973,-0.061052,-0.329627,-25.278986,-6.3973,0.576086,0.285633,-0.517563,-0.252991,-0.058491,-0.279580
21,2.890,B,3,-1.334677,-24.885842,-0.763665,-25.536710,0.033942,0.002882,-6.7311,-0.060174,-6.7197,-0.056446,-0.243787,-25.277956,-6.7197,0.580712,1.159222,-0.519878,-0.258753,-1.090890,0.392115
22,3.025,B,3,-0.631169,-25.874360,-0.861927,-25.420969,0.007910,0.024043,-7.0395,-0.057330,-7.0195,-0.050931,-0.149526,-25.276499,-7.0195,0.726902,0.767736,-0.712401,-0.144471,-0.481643,-0.597862
23,3.165,B,3,-0.702316,-25.675568,-0.819867,-25.499465,0.017108,0.006278,-7.3118,-0.053090,-7.3044,-0.050122,-0.048635,-25.275603,-7.3044,0.803064,0.766336,-0.771232,-0.223862,-0.653681,-0.399965
24,3.305,B,3,-0.781026,-25.322453,-0.797256,-25.530426,0.020372,-0.000200,-7.5944,-0.051441,-7.5821,-0.048275,0.057242,-25.276323,-7.5821,0.891479,0.839536,-0.854498,-0.254103,-0.838268,-0.046130
25,3.432,B,3,-0.507452,-25.487853,-0.792413,-25.493697,0.018149,0.007358,-7.8704,-0.050065,-7.8549,-0.042728,0.167435,-25.278882,-7.8549,0.983593,0.706499,-0.959849,-0.214814,-0.674887,-0.208971
26,3.586,B,3,0.387561,-25.318713,-0.739867,-25.492219,0.026615,0.008080,-8.1291,-0.047896,-8.1179,-0.043134,0.282449,-25.282512,-8.1179,1.043603,0.111171,-1.022316,-0.209707,0.105112,-0.036201
27,3.747,B,3,0.703390,-25.250666,-0.536538,-25.461018,0.063737,0.018560,-8.3759,-0.045795,-8.3634,-0.042310,0.403527,-25.286133,-8.3634,0.956194,0.301953,-0.940065,-0.174884,0.299863,0.035468
28,3.906,B,3,0.341663,-25.639171,-0.309504,-25.422798,0.101096,0.030075,-8.5934,-0.042296,-8.5871,-0.038757,0.531982,-25.289301,-8.5871,0.852009,0.398285,-0.841486,-0.133497,-0.190320,-0.349870
29,4.066,B,3,0.955100,-25.169601,-0.183577,-25.459959,0.115763,0.022566,-8.8017,-0.039774,-8.7919,-0.039291,0.668553,-25.292653,-8.7919,0.868399,0.311851,-0.852130,-0.167305,0.286547,0.123053
30,4.227,B,3,0.633558,-25.364298,0.030445,-25.407916,0.143988,0.036469,-8.9943,-0.037118,-8.9855,-0.024899,0.813009,-25.297419,-8.9855,0.790327,0.191509,-0.782564,-0.110498,-0.179451,-0.066880
31,4.385,B,3,1.914379,-26.588033,0.152027,-25.398904,0.151526,0.037622,-9.1891,-0.035942,-9.1744,-0.029858,0.964208,-25.304414,-9.1744,0.817659,1.597030,-0.812180,-0.094490,0.950172,-1.283619
32,4.542,B,3,0.965829,-25.611610,0.480611,-25.609445,0.206301,0.000756,-9.3743,-0.034524,-9.3588,-0.033899,1.120598,-25.313381,-9.3588,0.705150,0.335997,-0.639987,-0.296064,-0.154769,-0.298229
33,4.694,B,3,0.973016,-25.584605,0.586546,-25.613033,0.203845,0.003233,-9.5560,-0.033408,-9.5338,-0.026973,1.280922,-25.323162,-9.5338,0.752452,0.403929,-0.694377,-0.289870,-0.307906,-0.261443
34,4.845,B,3,0.900842,-25.181620,0.674720,-25.610949,0.197918,0.006082,-9.7139,-0.030876,-9.6944,-0.031034,1.444686,-25.332608,-9.6944,0.818732,0.564415,-0.769967,-0.278341,-0.543844,0.150988
35,5.005,B,3,2.077526,-25.161932,0.733833,-25.537176,0.184545,0.022116,-9.8570,-0.028434,-9.8394,-0.027891,1.612147,-25.341451,-9.8394,0.899858,0.498803,-0.878314,-0.195725,0.465379,0.179518
36,5.179,B,3,1.554204,-25.281522,0.990869,-25.471393,0.212620,0.041170,-9.9967,-0.026771,-9.9729,-0.021506,1.784045,-25.350505,-9.9729,0.802336,0.239970,-0.793176,-0.120888,-0.229841,0.068983
37,5.359,B,3,1.963421,-26.357148,1.111960,-25.437278,0.211178,0.047316,-10.1237,-0.024972,-10.1009,-0.023261,1.961298,-25.361088,-10.1009,0.852749,0.996063,-0.849339,-0.076190,0.002123,-0.996060
38,5.528,B,3,1.746443,-26.025861,1.284279,-25.600161,0.226789,0.015064,-10.2525,-0.023958,-10.2270,-0.022109,2.144629,-25.374034,-10.2270,0.889570,0.763826,-0.860350,-0.226127,-0.398186,-0.651827
39,5.694,B,3,2.034679,-25.423647,1.388230,-25.678429,0.224075,0.001259,-10.3831,-0.023453,-10.3496,-0.017463,2.334170,-25.389088,-10.3496,0.989202,0.301478,-0.945940,-0.289341,-0.299491,-0.034559
40,5.848,B,3,2.739452,-25.078245,1.524510,-25.636865,0.224007,0.014224,-10.4918,-0.021722,-10.4640,-0.031057,2.529274,-25.405151,-10.4640,1.031137,0.388642,-1.004764,-0.231714,0.210178,0.326906
41,5.990,B,3,2.616673,-25.586032,1.762209,-25.540054,0.242259,0.040394,-10.6022,-0.020672,-10.5671,-0.016286,2.728714,-25.421135,-10.5671,0.973793,0.199360,-0.966504,-0.118920,-0.112040,-0.164898
42,6.133,B,3,2.546856,-24.832549,1.937902,-25.548744,0.249707,0.040317,-10.7046,-0.019452,-10.6601,-0.018170,2.931186,-25.436772,-10.6601,0.999576,0.716097,-0.993284,-0.111972,-0.384330,0.604223
43,6.273,B,3,2.898012,-25.668812,2.071661,-25.421840,0.242777,0.065867,-10.7859,-0.017008,-10.7477,-0.021189,3.135831,-25.452734,-10.7477,1.064618,0.321322,-1.064170,0.030894,-0.237819,-0.216078
44,6.415,B,3,3.517547,-25.008264,2.241973,-25.464099,0.250783,0.056107,-10.8727,-0.016434,-10.8344,-0.014286,3.342498,-25.470027,-10.8344,1.100541,0.493829,-1.100525,0.005928,0.175049,0.461763
45,6.551,B,3,4.292280,-26.466196,2.494794,-25.382182,0.268972,0.075286,-10.9595,-0.015641,-10.9218,-0.022066,3.551787,-25.489220,-10.9218,1.062399,1.225892,-1.056993,0.107039,0.740493,-0.976976
46,6.691,B,3,4.037480,-25.810689,2.834080,-25.572808,0.321318,0.042078,-11.0199,-0.014933,-11.0075,-0.013271,3.764823,-25.510061,-11.0075,0.932856,0.405856,-0.930743,-0.062747,0.272657,-0.300628
47,6.845,B,3,3.590997,-25.793654,3.083916,-25.617409,0.329055,0.036864,-11.0935,-0.012826,-11.0871,-0.008972,3.982684,-25.531754,-11.0871,0.902840,0.471180,-0.898768,-0.085655,-0.391688,-0.261900
48,6.982,B,3,3.574479,-26.035400,3.205811,-25.651386,0.316573,0.030505,-11.1591,-0.012212,-11.1580,-0.011112,4.205744,-25.553652,-11.1580,1.004698,0.794088,-0.999933,-0.097734,-0.631265,-0.481748
49,7.132,B,3,4.378606,-25.712831,3.301793,-25.722725,0.301829,0.016480,-11.2202,-0.011622,-11.2216,-0.006914,4.433383,-25.575765,-11.2216,1.141093,0.147606,-1.131590,-0.146960,-0.054777,-0.137066
50,7.280,B,3,4.060283,-25.185864,3.522121,-25.725090,0.310927,0.022632,-11.2880,-0.011757,-11.2820,-0.009225,4.664272,-25.598718,-11.2820,1.149120,0.731608,-1.142150,-0.126372,-0.603989,0.412853
51,7.439,B,3,4.164005,-26.347593,3.647608,-25.632869,0.296409,0.043295,-11.3356,-0.010358,-11.3428,-0.003159,4.897037,-25.623183,-11.3428,1.249466,1.030585,-1.249429,-0.009686,-0.733032,-0.724411
52,7.593,B,3,4.479638,-24.943978,3.768227,-25.761593,0.291217,0.017379,-11.3947,-0.010260,-11.4049,-0.012708,5.130868,-25.649270,-11.4049,1.367262,0.959967,-1.362641,-0.112323,-0.651230,0.705292
53,7.743,B,3,4.876091,-25.567440,3.922626,-25.620006,0.282748,0.049691,-11.4565,-0.010432,-11.4660,-0.008137,5.365763,-25.676407,-11.4660,1.444239,0.501650,-1.443137,0.056401,-0.489672,0.108967
54,7.935,B,3,5.236415,-25.890998,4.119894,-25.611398,0.289025,0.053494,-11.5204,-0.010698,-11.5228,-0.008406,5.602454,-25.703792,-11.5228,1.485437,0.411133,-1.482560,0.092394,-0.366039,-0.187206
55,8.110,B,3,6.016221,-24.877606,4.346848,-25.661690,0.302833,0.046347,-11.5642,-0.009395,-11.5734,-0.008321,5.842048,-25.731062,-11.5734,1.496809,0.871048,-1.495201,0.069372,0.174173,0.853457
56,8.266,B,3,5.894977,-25.981398,4.673388,-25.523631,0.327354,0.081588,-11.6099,-0.008777,-11.6183,-0.008148,6.085455,-25.758632,-11.6183,1.431488,0.293098,-1.412067,0.235001,-0.190477,-0.222766
57,8.422,B,3,5.987263,-25.924188,4.923204,-25.603789,0.342497,0.066261,-11.6552,-0.008293,-11.6605,-0.013537,6.332906,-25.787401,-11.6605,1.421609,0.371725,-1.409702,0.183613,-0.345643,-0.136786
58,8.585,B,3,6.366305,-26.262524,5.146178,-25.661260,0.349623,0.056189,-11.7024,-0.008293,-11.7025,-0.008129,6.583878,-25.818065,-11.7025,1.446226,0.494855,-1.437700,0.156804,-0.217572,-0.444459
59,8.756,B,3,6.374633,-25.915062,5.397349,-25.769839,0.363610,0.038296,-11.7437,-0.007932,-11.7449,-0.005859,6.837406,-25.850553,-11.7449,1.442317,0.467247,-1.440057,0.080714,-0.462773,-0.064509
60,8.908,B,3,6.309205,-25.892856,5.606294,-25.799221,0.364358,0.036560,-11.7854,-0.007702,-11.7856,-0.010764,7.092548,-25.884029,-11.7856,1.488672,0.783392,-1.486254,0.084808,-0.783343,-0.008826
61,9.060,B,3,6.579293,-26.088942,5.766402,-25.819614,0.354933,0.034850,-11.8232,-0.007227,-11.8221,-0.008024,7.348697,-25.917481,-11.8221,1.585319,0.788278,-1.582295,0.097867,-0.769405,-0.171461
62,9.211,B,3,7.118089,-26.079609,5.945163,-25.871275,0.351597,0.027905,-11.8528,-0.006346,-11.8533,0.000194,7.605723,-25.950437,-11.8533,1.662446,0.504453,-1.660560,0.079162,-0.487634,-0.129172
63,9.385,B,3,7.842218,-26.449431,6.187560,-25.912690,0.360893,0.026454,-11.8828,-0.005775,-11.8800,-0.006673,7.863997,-25.983297,-11.8800,1.677924,0.466643,-1.676438,0.070607,-0.021779,-0.466135
64,9.553,B,3,7.876839,-26.160652,6.516612,-26.012917,0.388781,0.017088,-11.9110,-0.005291,-11.9045,-0.004899,8.124284,-26.017034,-11.9045,1.607677,0.286103,-1.607671,0.004117,-0.247445,-0.143618
65,9.714,B,3,8.483749,-26.376370,6.795641,-26.045331,0.400671,0.020263,-11.9325,-0.004674,-11.9289,-0.002920,8.387418,-26.052474,-11.9289,1.591794,0.337918,-1.591778,0.007143,0.096331,-0.323896
66,9.877,B,3,8.099733,-25.657154,7.134205,-26.110335,0.424389,0.019102,-11.9597,-0.004800,-11.9528,0.001408,8.653935,-26.089708,-11.9528,1.519870,0.703024,-1.519730,-0.020627,-0.554202,0.432554
67,10.031,B,3,8.419958,-26.111261,7.346387,-26.036320,0.414430,0.040482,-11.9711,-0.003592,-11.9739,-0.005374,8.923830,-26.128074,-11.9739,1.580109,0.504152,-1.577443,0.091754,-0.503872,0.016814
68,10.201,B,3,8.945108,-26.492370,7.577287,-26.054134,0.413166,0.041932,-11.9943,-0.003777,-11.9897,0.003099,9.196546,-26.166676,-11.9897,1.623165,0.411458,-1.619259,0.112542,-0.251438,-0.325694
69,10.362,B,3,8.383071,-26.204806,7.860443,-26.136449,0.425140,0.032600,-11.9966,-0.002377,-11.9995,0.004758,9.471178,-26.205024,-11.9995,1.612194,1.088107,-1.610735,0.068575,-1.088107,0.000218
70,10.533,B,3,9.182195,-26.457700,7.994118,-26.154041,0.403299,0.030955,-11.9957,-0.001162,-12.0048,-0.000860,9.746823,-26.243316,-12.0048,1.754977,0.603958,-1.752705,0.089275,-0.564628,-0.214384
71,10.698,B,3,9.380812,-25.833966,8.244199,-26.213250,0.408860,0.026130,-11.9961,-0.000725,-12.0085,-0.005349,10.022993,-26.282178,-12.0085,1.780129,0.783128,-1.778794,0.068927,-0.642181,0.448212
72,10.869,B,3,9.908364,-26.343757,8.485516,-26.151442,0.406937,0.045548,-11.9934,-0.000166,-12.0123,-0.001337,10.299914,-26.322129,-12.0123,1.822409,0.392147,-1.814398,0.170687,-0.391550,-0.021628
73,11.036,B,3,10.511578,-26.031487,8.777990,-26.189526,0.419603,0.045036,-11.9911,0.000220,-12.0155,0.003105,10.578471,-26.363194,-12.0155,1.808837,0.338385,-1.800481,0.173669,-0.066893,0.331708
74,11.181,B,3,11.006810,-26.958762,9.126922,-26.165528,0.439414,0.059301,-11.9796,0.000965,-12.0151,-0.003756,10.859758,-26.404944,-12.0151,1.749297,0.573008,-1.732836,0.239416,0.147052,-0.553818
75,11.326,B,3,10.855847,-26.717757,9.504033,-26.309936,0.469649,0.039651,-11.9874,0.000240,-12.0083,-0.002166,11.144520,-26.446913,-12.0083,1.646196,0.395840,-1.640487,0.136977,-0.288673,-0.270845
76,11.459,B,3,10.591369,-26.845034,9.780010,-26.386792,0.485118,0.032205,-11.9803,0.000771,-11.9945,-0.000462,11.432789,-26.489012,-11.9945,1.655937,0.913641,-1.652779,0.102221,-0.841420,-0.356022
77,11.605,B,3,11.363955,-27.016501,9.977478,-26.476030,0.461787,0.018276,-11.9671,0.001349,-11.9759,-0.000406,11.723886,-26.531581,-11.9759,1.747292,0.603903,-1.746409,0.055551,-0.359931,-0.484921
78,11.734,B,3,11.560655,-26.555235,10.269858,-26.580032,0.470428,0.007822,-11.9406,0.002765,-11.9556,0.010571,12.016768,-26.575040,-11.9556,1.746916,0.456543,-1.746909,-0.004992,-0.456113,0.019805
79,11.886,B,3,11.334704,-26.218316,10.542286,-26.583859,0.471123,0.017727,-11.9192,0.003264,-11.9352,0.011477,12.310528,-26.619466,-11.9352,1.768600,1.055061,-1.768242,0.035608,-0.975824,0.401150
80,12.020,B,3,12.727159,-26.592777,10.727906,-26.526490,0.451084,0.034845,-11.8924,0.003912,-11.9133,-0.005890,12.604831,-26.664458,-11.9133,1.881989,0.141783,-1.876925,0.137968,0.122329,0.071682
81,12.175,B,3,12.839616,-27.127264,11.126719,-26.543929,0.478845,0.044098,-11.8722,0.004042,-11.8871,-0.000277,12.900040,-26.709430,-11.8871,1.781027,0.422181,-1.773321,0.165502,-0.060423,-0.417834
82,12.305,B,3,12.973046,-27.223555,11.477409,-26.653018,0.497731,0.032040,-11.8375,0.005031,-11.8541,0.014172,13.196982,-26.754089,-11.8541,1.722541,0.520140,-1.719573,0.101071,-0.223936,-0.469466
83,12.433,B,3,13.404572,-27.488441,11.791004,-26.761309,0.507055,0.019946,-11.7939,0.006080,-11.8143,0.005669,13.496511,-26.798710,-11.8143,1.705917,0.695832,-1.705506,0.037401,-0.091939,-0.689732
84,12.577,B,3,13.100517,-27.427853,12.126252,-26.898758,0.520838,0.004325,-11.7468,0.007203,-11.7701,0.005930,13.799129,-26.843970,-11.7701,1.673774,0.910483,-1.672877,-0.054789,-0.698612,-0.583884
85,12.706,B,3,13.829680,-26.600247,12.348777,-27.002690,0.509209,-0.007573,-11.7015,0.007470,-11.7245,0.003034,14.104822,-26.890439,-11.7245,1.759629,0.399893,-1.756045,-0.112251,-0.275142,0.290192
86,12.846,B,3,13.825556,-27.260065,12.660116,-26.941668,0.509717,0.018374,-11.6590,0.007389,-11.6781,0.006778,14.413104,-26.938121,-11.6781,1.752991,0.669971,-1.752988,-0.003547,-0.587548,-0.321944
87,12.976,B,3,15.016656,-27.036481,12.915879,-27.006480,0.504360,0.013949,-11.6145,0.007539,-11.6290,0.012746,14.723229,-26.986409,-11.6290,1.807462,0.297668,-1.807350,-0.020071,0.293427,-0.050072
88,13.119,B,3,14.790157,-27.908090,13.337547,-27.020222,0.530523,0.027023,-11.5666,0.007878,-11.5743,0.013253,15.034484,-27.034514,-11.5743,1.696997,0.907100,-1.696937,0.014292,-0.244326,-0.873576
89,13.261,B,3,15.328116,-27.104631,13.646582,-27.185893,0.537529,0.003643,-11.5098,0.008737,-11.5125,0.003697,15.346465,-27.082028,-11.5125,1.703053,0.029112,-1.699883,-0.103864,-0.018348,-0.022602
90,13.396,B,3,15.140432,-27.666511,13.996581,-27.181330,0.544869,0.018476,-11.4432,0.009976,-11.4452,0.008599,15.659227,-27.129206,-11.4452,1.663463,0.746890,-1.662646,-0.052124,-0.518795,-0.537305
91,13.523,B,3,16.167330,-27.150289,14.251914,-27.276291,0.536593,0.007843,-11.3685,0.011312,-11.3753,0.014610,15.973245,-27.176740,-11.3753,1.724207,0.195879,-1.721331,-0.099551,0.194085,0.026451
92,13.662,B,3,15.950711,-26.865760,14.643570,-27.263231,0.552006,0.025448,-11.3026,0.011374,-11.3053,0.011041,16.289215,-27.225242,-11.3053,1.646083,0.493773,-1.645645,-0.037990,-0.338504,0.359482
93,13.791,B,3,16.832153,-27.528444,14.928784,-27.200440,0.542438,0.046529,-11.2419,0.010993,-11.2349,0.009547,16.607773,-27.274804,-11.2349,1.680636,0.338643,-1.678990,0.074364,0.224379,-0.253640
94,13.928,B,3,16.454130,-26.678946,15.319602,-27.264536,0.560153,0.044099,-11.1679,0.011804,-11.1610,0.011396,16.929199,-27.324974,-11.1610,1.610731,0.801898,-1.609597,0.060438,-0.475068,0.646027
95,14.070,B,3,17.631555,-26.770049,15.575219,-27.166501,0.542383,0.068732,-11.0871,0.012776,-11.0807,0.010898,17.253227,-27.375128,-11.0807,1.690927,0.713619,-1.678008,0.208627,0.378328,0.605079
96,14.196,B,3,17.642831,-27.473207,15.993677,-27.099378,0.560382,0.090793,-10.9973,0.013943,-10.9937,0.014746,17.579118,-27.424935,-10.9937,1.618521,0.079934,-1.585441,0.325557,0.063713,-0.048272
97,14.325,B,3,17.802594,-28.072561,16.341819,-27.167546,0.567688,0.080450,-10.8991,0.015320,-10.9023,0.012291,17.905980,-27.474558,-10.9023,1.594006,0.606874,-1.564161,0.307012,-0.103386,-0.598003
98,14.457,B,3,17.910977,-27.061075,16.656893,-27.331320,0.571322,0.050854,-10.8182,0.014811,-10.8104,0.016283,18.233197,-27.524452,-10.8104,1.588091,0.564397,-1.576304,0.193132,-0.322220,0.463377
99,14.598,B,3,18.113530,-27.575068,16.935107,-27.288652,0.559062,0.064292,-10.7225,0.015582,-10.7200,0.021517,18.560722,-27.574954,-10.7200,1.650634,0.447192,-1.625615,0.286302,-0.447192,-0.000114
100,14.732,B,3,18.241593,-27.481706,17.198822,-27.343507,0.549141,0.056094,-10.6350,0.015441,-10.6301,0.017457,18.889071,-27.626016,-10.6301,1.713696,0.663364,-1.690249,0.282509,-0.647477,0.144310
101,14.870,B,3,19.290942,-27.605011,17.437302,-27.372482,0.534349,0.052950,-10.5389,0.015973,-10.5377,0.014873,19.219058,-27.677274,-10.5377,1.807637,0.101928,-1.781756,0.304792,0.071885,0.072263
102,15.008,B,3,19.489319,-28.055682,17.818676,-27.418171,0.550432,0.052220,-10.4362,0.016722,-10.4401,0.015957,19.551392,-27.728394,-10.4401,1.760268,0.333123,-1.732716,0.310223,-0.062073,-0.327288
103,15.149,B,3,19.804520,-28.183534,18.168997,-27.536223,0.561219,0.035829,-10.3398,0.016906,-10.3371,0.012707,19.886315,-27.779361,-10.3371,1.734444,0.412367,-1.717318,0.243138,-0.081795,-0.404173
104,15.285,B,3,19.973086,-27.873949,18.513814,-27.657654,0.569775,0.020327,-10.2360,0.017322,-10.2313,0.023277,20.223465,-27.830485,-10.2313,1.718365,0.254123,-1.709651,0.172831,-0.250379,-0.043464
105,15.418,B,3,20.056812,-28.501520,18.827899,-27.703913,0.568365,0.020368,-10.1449,0.016605,-10.1261,0.023613,20.562057,-27.882117,-10.1261,1.743290,0.799332,-1.734158,0.178204,-0.505244,-0.619402
106,15.550,B,3,21.108333,-28.358106,19.100787,-27.853512,0.562703,-0.001870,-10.0419,0.017153,-10.0229,0.016676,20.901267,-27.934324,-10.0229,1.802293,0.471665,-1.800480,0.080812,0.207066,-0.423782
107,15.677,B,3,20.545005,-28.371381,19.499670,-27.950657,0.595255,-0.006691,-9.9613,0.017303,-9.9207,0.014783,21.240611,-27.986795,-9.9207,1.741316,0.794842,-1.740941,0.036139,-0.695606,-0.384586
108,15.811,B,3,21.197502,-28.370616,19.750483,-28.037574,0.566794,-0.014149,-9.8378,0.017629,-9.8172,0.011174,21.580109,-28.039064,-9.8172,1.829626,0.506275,-1.829626,0.001490,-0.382607,-0.331551
109,15.962,B,3,21.927184,-28.970155,20.050174,-28.105152,0.577542,-0.015703,-9.7519,0.017993,-9.7106,0.017292,21.920208,-28.090874,-9.7106,1.870088,0.879309,-1.870034,-0.014277,0.006976,-0.879281
110,16.107,B,3,21.509591,-28.042347,20.447007,-28.271141,0.584186,-0.033020,-9.2845,0.046555,-9.2001,0.161252,22.255143,-28.145643,-9.2001,1.812486,0.752674,-1.808136,-0.125497,-0.745552,0.103296
111,16.247,B,3,22.820364,-28.692886,20.691052,-28.242130,0.564418,-0.015086,-8.8067,0.058871,-8.7700,-0.006480,22.582810,-28.197398,-8.7700,1.892287,0.549491,-1.891758,-0.044732,0.237554,-0.495488
112,16.379,B,3,22.205688,-28.467903,21.123372,-28.332486,0.588762,-0.016702,-8.9255,0.025937,-8.8915,0.051386,22.912712,-28.247830,-8.8915,1.791342,0.740483,-1.789340,-0.084656,-0.707024,-0.220073
113,16.517,B,3,23.721573,-28.290356,21.371794,-28.366036,0.571561,-0.013470,-8.2091,0.069102,-8.1221,0.121106,23.229300,-28.303793,-8.1221,1.858549,0.492457,-1.857506,-0.062243,0.492273,0.013437
114,16.659,B,3,23.802349,-28.057269,21.844175,-28.361386,0.600015,0.004211,-7.8553,0.063706,-7.8196,0.042223,23.550258,-28.356784,-7.8196,1.706089,0.391483,-1.706083,-0.004602,0.252090,0.299515
115,16.791,B,3,22.952569,-29.030232,22.237461,-28.312986,0.623040,0.026209,-7.3380,0.082511,-7.0592,0.159448,23.863424,-28.412592,-7.0592,1.629011,1.100516,-1.625963,0.099606,-0.910855,-0.617640
116,16.931,B,3,23.892207,-28.914778,22.433601,-28.445764,0.580913,0.001402,-6.4960,0.099475,-6.4270,0.136045,24.174806,-28.467379,-6.4270,1.741340,0.529177,-1.741206,0.021615,-0.282600,-0.447399
117,17.076,B,3,24.584626,-28.508839,22.748809,-28.534613,0.579722,-0.008044,-5.6555,0.119156,-5.5872,0.131109,24.478333,-28.523223,-5.5872,1.729562,0.107262,-1.729524,-0.011390,0.106293,0.014384
118,17.229,B,3,24.605922,-27.815039,23.130958,-28.535480,0.589703,0.002474,-4.7987,0.132078,-4.7165,0.171776,24.774736,-28.579196,-4.7165,1.644359,0.782582,-1.643778,0.043716,-0.168814,0.764157
119,17.380,B,3,24.105373,-28.389845,23.449874,-28.410896,0.582791,0.034628,-3.8384,0.146856,-3.7565,0.184781,25.063081,-28.635955,-3.7565,1.628830,0.988825,-1.613207,0.225059,-0.957708,0.246110
120,17.535,B,3,24.395573,-29.424693,23.622635,-28.406851,0.550272,0.034680,-2.8108,0.160318,-2.7227,0.183850,25.344649,-28.693491,-2.7227,1.745708,1.198083,-1.722014,0.286640,-0.949076,-0.731203
121,17.668,B,3,25.176714,-29.034622,23.813388,-28.586533,0.528822,-0.002556,-1.7269,0.172438,-1.6174,0.203233,25.621327,-28.751723,-1.6174,1.815471,0.526985,-1.807940,0.165190,-0.444614,-0.282899
122,17.805,B,3,25.796046,-29.110432,24.106926,-28.667110,0.528490,-0.014351,-0.5353,0.187279,-0.4428,0.209424,25.894967,-28.810521,-0.4428,1.793783,0.315803,-1.788041,0.143412,-0.098921,-0.299911
123,17.952,B,3,25.292702,-28.140902,24.458427,-28.746818,0.539727,-0.024837,0.7058,0.199392,0.7980,0.223091,26.166631,-28.869826,0.7980,1.712627,1.138017,-1.708204,0.123008,-0.873929,0.728924
124,18.100,B,3,26.200956,-29.056761,24.658670,-28.639874,0.516882,0.000941,2.0113,0.211151,2.1015,0.235625,26.436184,-28.929679,2.1015,1.800984,0.267362,-1.777514,0.289805,-0.235228,-0.127082
125,18.239,B,3,26.738819,-28.661049,24.982860,-28.711652,0.523404,-0.012417,2.9839,0.190356,3.0041,0.101790,26.703922,-28.984263,3.0041,1.742519,0.325093,-1.721063,0.272611,0.034897,0.323214
126,18.375,B,3,26.322879,-28.448383,25.345579,-28.700366,0.536530,-0.008559,4.0742,0.193253,4.1642,0.292151,26.961668,-29.042439,4.1642,1.651896,0.872327,-1.616089,0.342073,-0.638789,0.594056
127,18.523,B,3,27.145103,-29.485730,25.570815,-28.651249,0.520337,0.001175,5.7437,0.232367,5.8141,0.207383,27.211663,-29.107381,5.8141,1.703068,0.384159,-1.640849,0.456132,-0.066560,-0.378349
128,18.672,B,3,26.915227,-29.588826,25.900960,-28.794295,0.526433,-0.030515,6.5759,0.194453,6.6095,0.160239,27.454922,-29.160568,6.6095,1.596544,0.688967,-1.553962,0.366273,-0.539695,-0.428258
129,18.826,B,3,28.066914,-28.794378,26.132209,-28.931782,0.511136,-0.057923,7.9378,0.214697,8.0080,0.248031,27.691163,-29.221444,8.0080,1.585636,0.568836,-1.558954,0.289662,0.375752,0.427066
130,18.979,B,3,27.882140,-29.522277,26.525848,-28.905381,0.532074,-0.051988,8.8959,0.191916,8.9107,0.140243,27.922535,-29.275474,8.9107,1.444889,0.250087,-1.396687,0.370093,-0.040395,-0.246803
131,19.115,B,3,27.840706,-29.760676,26.818686,-29.011318,0.527833,-0.073390,10.0474,0.196347,10.0780,0.161890,28.150502,-29.333081,10.0780,1.370133,0.528026,-1.331816,0.321763,-0.309796,-0.427595
132,19.271,B,3,28.339123,-29.240080,27.051906,-29.142279,0.510955,-0.097120,10.9954,0.183988,11.0255,0.176799,28.375799,-29.387914,11.0255,1.346488,0.152315,-1.323893,0.245635,-0.036677,0.147834
133,19.409,B,3,27.826741,-28.848320,27.330925,-29.158865,0.507534,-0.097076,11.9545,0.176737,11.9794,0.159795,28.598001,-29.442769,11.9794,1.298493,0.973761,-1.267076,0.283904,-0.771260,0.594449
134,19.554,B,3,28.623794,-28.598313,27.468687,-29.102255,0.478094,-0.079214,12.8806,0.170031,12.8977,0.156024,28.815830,-29.496725,12.8977,1.403709,0.918706,-1.347142,0.394470,-0.192036,0.898412
135,19.706,B,3,28.584089,-29.236786,27.720532,-29.009252,0.476264,-0.060358,13.7670,0.163372,13.7812,0.150458,29.027726,-29.549672,13.7812,1.414500,0.542873,-1.307194,0.540419,-0.443637,0.312886
136,19.877,B,3,29.223672,-28.873599,27.920036,-29.044050,0.459734,-0.068210,14.6254,0.157436,14.6309,0.151716,29.232723,-29.601877,14.6309,1.426296,0.728334,-1.312688,0.557828,-0.009051,0.728278
137,20.029,B,3,28.803090,-29.578791,28.196359,-29.008393,0.462959,-0.064802,15.4497,0.151473,15.4460,0.141190,29.430939,-29.653829,15.4460,1.393117,0.632317,-1.234579,0.645436,-0.627849,0.075038
138,20.197,B,3,29.159396,-30.041512,28.348961,-29.103721,0.435554,-0.083344,16.2351,0.145290,16.2263,0.138928,29.623457,-29.705888,16.2263,1.409590,0.572709,-1.274496,0.602167,-0.464061,-0.335624
139,20.358,B,3,29.374249,-29.137795,28.535784,-29.266226,0.414552,-0.114972,16.9978,0.139957,16.9722,0.125159,29.811825,-29.757963,16.9722,1.367511,0.759000,-1.276041,0.491737,-0.437576,0.620167
140,20.503,B,3,30.212155,-29.519085,28.726269,-29.241963,0.405246,-0.106736,17.7197,0.134085,17.6866,0.130161,29.997422,-29.809454,17.6866,1.392075,0.361144,-1.271152,0.567491,0.214733,0.290369
141,20.671,B,3,28.954101,-29.676059,29.030974,-29.288729,0.415671,-0.119890,18.4271,0.129504,18.3732,0.118681,30.180908,-29.859598,18.3732,1.283838,1.240461,-1.149934,0.570869,-1.226808,0.183538
142,20.814,B,3,30.643331,-29.588475,29.060484,-29.355816,0.369290,-0.121103,19.1281,0.124380,19.0351,0.112696,30.362011,-29.907997,19.0351,1.413816,0.425717,-1.301527,0.552181,0.281319,0.319522
143,20.970,B,3,30.524551,-30.172217,29.378219,-29.396251,0.386847,-0.133959,19.7392,0.119019,19.6736,0.106488,30.547964,-29.951836,19.6736,1.294982,0.221621,-1.169745,0.555584,-0.023413,-0.220381
144,21.126,B,3,30.055013,-29.457572,29.621629,-29.533545,0.380945,-0.160028,20.3371,0.112780,20.2877,0.108645,30.744845,-29.988970,20.2877,1.212034,0.870778,-1.123217,0.455425,-0.689833,0.531398
145,21.284,B,3,30.343464,-28.808537,29.741562,-29.521595,0.360076,-0.146842,20.9862,0.109331,20.8749,0.100345,30.948315,-30.021507,20.8749,1.306203,1.355412,-1.206754,0.499912,-0.604851,1.212970
146,21.443,B,3,30.748130,-29.692467,29.882963,-29.395061,0.354892,-0.114898,21.4979,0.104493,21.4334,0.098566,31.154756,-30.051100,21.4334,1.431029,0.542182,-1.271792,0.656039,-0.406625,0.358633
147,21.587,B,3,30.576011,-29.063496,30.072623,-29.445477,0.346675,-0.124207,22.0496,0.101028,21.9641,0.090446,31.362580,-30.078201,21.9641,1.436778,1.283868,-1.289957,0.632724,-0.786569,1.014705
148,21.737,B,3,30.901676,-30.665955,30.197437,-29.375951,0.335102,-0.105484,22.5506,0.095324,22.4696,0.083105,31.572451,-30.102154,22.4696,1.555003,0.876248,-1.375014,0.726203,-0.670775,-0.563801
149,21.882,B,3,31.434641,-31.067520,30.356509,-29.602236,0.310444,-0.147822,23.0432,0.091644,22.9532,0.092277,31.787116,-30.121550,22.9532,1.521948,1.009503,-1.430607,0.519314,-0.352475,-0.945969
150,22.032,B,3,31.105521,-30.241562,30.581526,-29.864057,0.297954,-0.196957,23.5285,0.088748,23.4177,0.079108,32.010506,-30.134769,23.4177,1.454397,0.911265,-1.428980,0.270712,-0.904985,-0.106792
151,22.178,B,3,32.187753,-29.526453,30.708619,-29.937009,0.281907,-0.197676,23.9758,0.084601,23.8642,0.077528,32.245771,-30.140697,23.8642,1.550589,0.616978,-1.537153,0.203689,-0.058018,0.614244
152,22.328,B,3,31.804248,-30.220166,31.004224,-29.870059,0.309925,-0.185074,24.3960,0.080012,24.2928,0.078386,32.493565,-30.139186,24.2928,1.513461,0.694057,-1.489340,0.269127,-0.689317,-0.080980
153,22.477,B,3,32.469257,-30.258261,31.181098,-29.936096,0.301968,-0.190103,24.7991,0.076022,24.7038,0.074109,32.751660,-30.131054,24.7038,1.582615,0.309731,-1.570561,0.194959,-0.282403,-0.127207
154,22.647,B,3,32.567848,-29.209653,31.444380,-29.997630,0.311214,-0.200842,25.1820,0.072215,25.0979,0.065170,33.015990,-30.117713,25.0979,1.576191,1.012622,-1.571610,0.120083,-0.448142,0.908060
155,22.794,B,3,32.954749,-29.933631,31.679509,-29.861933,0.329950,-0.171688,25.5668,0.069985,25.4758,0.061467,33.282683,-30.100564,25.4758,1.620837,0.367977,-1.603175,0.238631,-0.327934,0.166933
156,22.949,B,3,33.243204,-29.749250,31.942195,-29.875694,0.339318,-0.176343,25.9264,0.067159,25.8373,0.062976,33.549745,-30.080543,25.8373,1.620550,0.451356,-1.607550,0.204849,-0.306541,0.331293
157,23.096,B,3,32.830677,-29.583624,32.210466,-29.853964,0.351448,-0.174719,26.2849,0.065199,26.1817,0.056169,33.817542,-30.057929,26.1817,1.619967,1.094928,-1.607075,0.203965,-0.986864,0.474306
158,23.255,B,3,34.214637,-29.095767,32.358537,-29.805841,0.342150,-0.158492,26.6035,0.061301,26.5077,0.052249,34.088542,-30.032129,26.5077,1.744742,0.944815,-1.730006,0.226288,0.126095,0.936363
159,23.409,B,3,34.543197,-29.785214,32.725047,-29.678126,0.380965,-0.148682,26.9101,0.058042,26.8161,0.051813,34.366337,-30.001603,26.8161,1.672864,0.279470,-1.641291,0.323477,0.176859,0.216389
160,23.553,B,3,34.250799,-29.867466,33.087812,-29.693139,0.401990,-0.166340,27.2061,0.055588,27.1097,0.049016,34.653853,-29.964473,27.1097,1.589373,0.414564,-1.566041,0.271334,-0.403054,0.097007
161,23.700,B,3,34.507040,-29.924527,33.336492,-29.720579,0.398419,-0.174452,27.4839,0.052889,27.3928,0.046615,34.951858,-29.919581,27.3928,1.627578,0.444845,-1.615366,0.199002,-0.444818,-0.004947
162,23.865,B,3,35.859190,-29.451495,33.586557,-29.753928,0.394821,-0.183075,27.7654,0.051584,27.6673,0.046932,35.258663,-29.867229,27.6673,1.675940,0.730389,-1.672106,0.113301,0.600527,0.415734
163,24.025,B,3,35.319734,-29.427398,34.032819,-29.697751,0.435276,-0.192571,28.0336,0.049771,27.9319,0.047441,35.570972,-29.809177,27.9319,1.542184,0.457029,-1.538153,0.111425,-0.251238,0.381779
164,24.182,B,3,35.042928,-28.676955,34.307475,-29.646150,0.439388,-0.186451,28.2920,0.048075,28.1831,0.046155,35.885465,-29.747764,28.1831,1.581257,1.362535,-1.577989,0.101614,-0.842537,1.070809
165,24.332,B,3,35.673602,-29.179496,34.483974,-29.469300,0.436883,-0.149548,28.5325,0.045627,28.4183,0.037867,36.200175,-29.684703,28.4183,1.729667,0.729735,-1.716202,0.215403,-0.526573,0.505207
166,24.479,B,3,36.846204,-29.468717,34.739446,-29.410183,0.437919,-0.145780,28.7473,0.042392,28.6368,0.034840,36.514993,-29.620357,28.6368,1.787944,0.364273,-1.775548,0.210173,0.331210,0.151639
167,24.630,B,3,36.599634,-29.336550,35.158082,-29.412494,0.462274,-0.169208,28.9428,0.039095,28.8410,0.034965,36.831555,-29.553596,28.8410,1.679411,0.317641,-1.673473,0.141102,-0.231921,0.217046
168,24.787,B,3,37.244406,-29.227597,35.461411,-29.391599,0.465175,-0.175064,29.1277,0.036475,29.0350,0.037173,37.152666,-29.482244,29.0350,1.693682,0.270668,-1.691255,0.090645,0.091740,0.254647
169,24.931,B,3,37.619889,-28.656109,35.826050,-29.355199,0.480092,-0.183609,29.3128,0.034933,29.2225,0.035064,37.481087,-29.404206,29.2225,1.655763,0.760865,-1.655037,0.049008,0.138802,0.748097
170,25.083,B,3,37.302006,-29.050391,36.194228,-29.223403,0.503052,-0.174745,29.4962,0.033855,29.4042,0.027400,37.818190,-29.318657,29.4042,1.626753,0.581733,-1.623962,0.095254,-0.516184,0.268266
171,25.249,B,3,38.247997,-29.069871,36.441786,-29.183309,0.492856,-0.171737,29.6778,0.033227,29.5774,0.029226,38.163278,-29.226450,29.5774,1.722032,0.178029,-1.721492,0.043142,0.084719,0.156579
172,25.398,B,3,38.265004,-29.112768,36.812723,-29.154255,0.504642,-0.183262,29.5475,0.006676,29.3766,-0.126653,38.507226,-29.129010,29.3766,1.694691,0.242765,-1.694503,-0.025245,-0.242221,0.016242
173,25.545,B,3,38.490796,-28.022044,37.122170,-29.138626,0.502761,-0.189897,29.3084,-0.010274,29.1877,0.045034,38.840441,-29.038606,29.1877,1.721180,1.075012,-1.718272,-0.100020,-0.349645,1.016562
174,25.708,B,3,38.452104,-28.367172,37.416726,-28.931533,0.517360,-0.160542,29.7070,0.022886,29.6051,0.009042,39.168824,-28.952238,29.6051,1.752221,0.925198,-1.752098,0.020705,-0.716721,0.585067
175,25.873,B,3,39.299487,-28.220617,37.651972,-28.820449,0.510306,-0.145614,29.3127,-0.017620,29.1529,-0.083919,39.480869,-28.865425,29.1529,1.829450,0.669834,-1.828897,0.044976,-0.181382,0.644808
176,26.021,B,3,39.511642,-29.823826,37.994889,-28.701874,0.523865,-0.141906,29.2520,-0.012020,29.1372,0.010108,39.792901,-28.780117,29.1372,1.799713,1.080942,-1.798012,0.078243,-0.281259,-1.043709
177,26.173,B,3,39.758669,-28.103681,38.317716,-28.889081,0.501502,-0.190504,28.8289,-0.039198,28.6938,-0.078156,40.099326,-28.691241,28.6938,1.792561,0.679171,-1.781610,-0.197840,-0.340657,0.587560
178,26.327,B,3,40.593506,-27.872608,38.623392,-28.742440,0.513292,-0.172887,28.5759,-0.041811,28.4178,-0.098606,40.408088,-28.600054,28.4178,1.790367,0.750705,-1.784696,-0.142386,0.185418,0.727446
179,26.486,B,3,39.982928,-28.433941,39.025347,-28.579155,0.541400,-0.163450,28.1073,-0.057409,27.9297,-0.087203,40.714656,-28.506331,27.9297,1.690878,0.735301,-1.689309,-0.072824,-0.731728,0.072390
180,26.644,B,3,40.914237,-28.829675,39.249126,-28.543135,0.522201,-0.159873,27.5759,-0.071804,27.3754,-0.101008,41.017910,-28.412547,27.3754,1.773598,0.429819,-1.768783,-0.130588,-0.103673,-0.417128
181,26.792,B,3,41.499361,-28.331084,39.599321,-28.584808,0.519874,-0.182443,26.9361,-0.086811,26.7514,-0.122761,41.314126,-28.320561,26.7514,1.735045,0.185534,-1.714804,-0.264247,0.185235,-0.010523
182,26.952,B,3,41.008556,-27.629899,39.988179,-28.533566,0.535424,-0.189638,26.2510,-0.101659,26.0548,-0.119209,41.600540,-28.231205,26.0548,1.640466,0.843809,-1.612361,-0.302360,-0.591984,0.601306
183,27.105,B,3,41.511941,-27.267269,40.224196,-28.366973,0.531770,-0.159812,25.4819,-0.115190,25.2912,-0.141848,41.876694,-28.144078,25.2912,1.667463,0.949651,-1.652498,-0.222895,-0.364753,0.876808
184,27.251,B,3,41.585829,-28.232496,40.506385,-28.163793,0.540193,-0.130593,24.6781,-0.125310,24.4649,-0.149745,42.144425,-28.058029,24.4649,1.641450,0.585207,-1.638039,-0.105763,-0.558596,-0.174467
185,27.401,B,3,42.710083,-27.822597,40.750950,-28.166437,0.521943,-0.137822,23.7918,-0.136780,23.5780,-0.156147,42.407169,-27.971704,23.5780,1.667627,0.337624,-1.656219,-0.194733,0.302914,0.149107
186,27.544,B,3,41.904000,-27.729318,41.150943,-28.098032,0.540764,-0.144629,22.8356,-0.148792,22.6317,-0.174426,42.668552,-27.883991,22.6317,1.532629,0.780041,-1.517609,-0.214041,-0.764552,0.154673
187,27.702,B,3,42.570273,-27.053983,41.338372,-28.025751,0.519097,-0.130392,21.8334,-0.159377,21.6277,-0.177760,42.930633,-27.794445,21.6277,1.608974,0.823495,-1.592261,-0.231306,-0.360360,0.740462
188,27.866,B,3,42.813134,-27.946431,41.608872,-27.846699,0.524334,-0.104542,20.7764,-0.169449,20.5686,-0.186317,43.193055,-27.703451,20.5686,1.590646,0.450976,-1.584183,-0.143248,-0.379921,-0.242979
189,28.035,B,3,42.328730,-27.023777,41.873940,-27.856769,0.512296,-0.115373,19.6786,-0.178280,19.4574,-0.200071,43.453293,-27.612052,19.4574,1.598200,1.269137,-1.579353,-0.244717,-1.124563,0.588275
190,28.176,B,3,43.368735,-26.960853,42.005227,-27.703059,0.489941,-0.082976,18.5198,-0.188032,18.2965,-0.205693,43.707782,-27.521443,18.2965,1.712214,0.655144,-1.702555,-0.181617,-0.339047,0.560589
191,28.330,B,3,43.820813,-27.272490,42.295343,-27.564459,0.498590,-0.068582,17.3270,-0.195996,17.0882,-0.212092,43.953782,-27.432350,17.0882,1.663693,0.207932,-1.658439,-0.132109,-0.132969,0.159860
192,28.475,B,3,43.770963,-27.193796,42.614653,-27.505511,0.505913,-0.071872,16.0689,-0.205541,15.8349,-0.220196,44.190618,-27.344787,15.8349,1.584139,0.445992,-1.575964,-0.160724,-0.419655,0.150991
193,28.619,B,3,44.183365,-27.675166,42.869232,-27.444119,0.500415,-0.068605,14.7733,-0.213750,14.5388,-0.226547,44.419693,-27.258204,14.5388,1.561567,0.479279,-1.550461,-0.185915,-0.236327,-0.416962
194,28.752,B,3,44.603703,-26.706255,43.151227,-27.480306,0.494572,-0.085201,13.4437,-0.220759,13.2025,-0.233498,44.644005,-27.171713,13.2025,1.524341,0.467200,-1.492778,-0.308593,-0.040302,0.465458
195,28.902,B,3,44.148467,-27.434333,43.458061,-27.340534,0.505518,-0.066264,12.0715,-0.228119,11.8286,-0.244915,44.867036,-27.084423,11.8286,1.432063,0.799237,-1.408975,-0.256112,-0.718570,-0.349911
196,29.045,B,3,44.495947,-26.687201,43.629738,-27.354106,0.479908,-0.070185,10.6667,-0.234448,10.4194,-0.250029,45.091106,-26.995916,10.4194,1.504626,0.670462,-1.461368,-0.358191,-0.595160,0.308714
197,29.193,B,3,45.032568,-26.912755,43.830696,-27.234419,0.470295,-0.048374,9.2215,-0.241120,8.9761,-0.255146,45.316352,-26.906500,8.9761,1.521415,0.283853,-1.485656,-0.327918,-0.283784,-0.006254
198,29.337,B,3,45.154361,-26.865032,44.090007,-27.175529,0.470018,-0.042849,7.7438,-0.247554,7.4979,-0.255095,45.540726,-26.817027,7.4979,1.494358,0.389336,-1.450718,-0.358502,-0.386365,-0.048005
199,29.474,B,3,44.955357,-26.244068,44.324870,-27.119232,0.464800,-0.036121,6.2322,-0.253957,5.9842,-0.273514,45.760915,-26.728343,5.9842,1.488293,0.939918,-1.436044,-0.390889,-0.805558,0.484276
200,29.614,B,3,45.815466,-27.558499,44.482182,-26.962970,0.448577,-0.006066,4.6717,-0.260951,4.4361,-0.270436,45.974062,-26.640725,4.4361,1.526286,0.931377,-1.491881,-0.322245,-0.158596,-0.917774
201,29.752,B,3,46.175923,-27.693567,44.762163,-27.067059,0.449240,-0.034786,3.0808,-0.267277,2.8563,-0.271067,46.179043,-26.553782,2.8563,1.506984,1.139790,-1.416880,-0.513278,-0.003120,-1.139786
202,29.912,B,3,46.019100,-25.767142,45.056694,-27.180630,0.453286,-0.061150,1.4761,-0.272038,1.2484,-0.287779,46.376710,-26.466805,1.2484,1.500663,0.785757,-1.320017,-0.713824,-0.357610,0.699663
203,30.052,B,3,46.101361,-26.111672,45.272105,-26.934926,0.450238,-0.008757,-0.1606,-0.277230,-0.3842,-0.288134,46.569669,-26.379237,-0.3842,1.411546,0.539354,-1.297564,-0.555689,-0.468308,0.267565
204,30.180,B,3,46.283508,-26.465263,45.463171,-26.790375,0.439486,0.018904,-1.8192,-0.281698,-2.0398,-0.290780,46.761356,-26.291049,-2.0398,1.390902,0.508614,-1.298184,-0.499326,-0.477847,-0.174215
205,30.316,B,3,45.839588,-26.066136,45.651465,-26.732997,0.427541,0.026878,-3.5139,-0.286998,-3.7184,-0.297367,46.954371,-26.202777,-3.7184,1.406662,1.123126,-1.302906,-0.530220,-1.114784,0.136641
206,30.463,B,3,47.117589,-26.249163,45.726359,-26.614960,0.394139,0.048084,-5.2082,-0.290072,-5.4213,-0.303778,47.149266,-26.115173,-5.4213,1.508128,0.137684,-1.422907,-0.499787,-0.031677,-0.133990
207,30.595,B,3,45.954993,-26.619642,46.012100,-26.549858,0.406557,0.056209,-6.9304,-0.293655,-7.1502,-0.302199,47.344389,-26.028717,-7.1502,1.430588,1.509839,-1.332289,-0.521141,-1.389396,-0.590925
208,30.726,B,3,46.954171,-26.000153,46.044358,-26.562181,0.365486,0.048264,-8.8151,-0.297785,-8.9050,-0.307208,47.536743,-25.943223,-8.9050,1.615649,0.585347,-1.492385,-0.618958,-0.582572,-0.056930
209,30.849,B,3,47.755391,-26.394854,46.239094,-26.463605,0.362759,0.065977,-10.4482,-0.301829,-10.6840,-0.311595,47.723570,-25.857892,-10.6840,1.603296,0.537903,-1.484476,-0.605713,0.031821,-0.536961
210,30.992,B,3,47.507255,-25.633903,46.545576,-26.452720,0.381992,0.066329,-12.3265,-0.306968,-12.4846,-0.306021,47.903568,-25.771818,-12.4846,1.519134,0.419625,-1.357992,-0.680902,-0.396314,0.137915
211,31.141,B,3,48.174567,-26.003072,46.752621,-26.309528,0.376779,0.093308,-14.0668,-0.310440,-14.3038,-0.323696,48.077237,-25.684524,-14.3038,1.464664,0.333086,-1.324617,-0.625004,0.097329,-0.318549
212,31.284,B,3,47.309692,-25.581831,47.042677,-26.256380,0.389622,0.102262,-15.9155,-0.314704,-16.1398,-0.320273,48.246751,-25.596319,-16.1398,1.373125,0.937171,-1.204073,-0.660061,-0.937059,0.014488
213,31.430,B,3,47.784821,-26.119781,47.121430,-26.138116,0.364873,0.120357,-17.3950,-0.316991,-17.9920,-0.332427,48.415168,-25.508246,-17.9920,1.438922,0.878244,-1.293738,-0.629870,-0.630346,-0.611535
214,31.575,B,3,48.534526,-26.900239,47.281667,-26.135297,0.346374,0.112023,-19.6520,-0.321422,-19.8607,-0.335230,48.584997,-25.421522,-19.8607,1.485982,1.479578,-1.303330,-0.713774,-0.050472,-1.478717
215,31.717,B,3,48.782860,-25.631333,47.538850,-26.273346,0.363178,0.084848,-21.5368,-0.323621,-21.7467,-0.332789,48.757062,-25.336905,-21.7467,1.536543,0.295556,-1.218212,-0.936442,0.025798,-0.294428
216,31.877,B,3,48.094788,-25.368882,47.795624,-26.165617,0.365440,0.110606,-23.4472,-0.327217,-23.6503,-0.328678,48.930262,-25.254312,-23.6503,1.455294,0.843292,-1.134637,-0.911305,-0.835473,-0.114570
217,32.019,B,3,49.194390,-25.822811,47.885547,-26.028943,0.332281,0.130510,-25.3774,-0.330776,-25.5718,-0.332963,49.102202,-25.172830,-25.5718,1.487675,0.656486,-1.216655,-0.856113,0.092188,-0.649981
218,32.176,B,3,49.031621,-25.325185,48.152411,-25.995817,0.342528,0.140153,-27.3249,-0.333938,-27.5106,-0.336840,49.270434,-25.091164,-27.5106,1.438184,0.334361,-1.118023,-0.904653,-0.238813,-0.234021
219,32.314,B,3,48.751693,-26.281618,48.344355,-25.880736,0.330698,0.160435,-29.2785,-0.336394,-29.4657,-0.345972,49.433549,-25.008252,-29.4657,1.395554,1.444434,-1.089193,-0.872485,-0.681856,-1.273366
220,32.477,B,3,48.414132,-24.981789,48.451762,-25.954811,0.317996,0.137332,-31.2639,-0.339893,-31.4357,-0.343796,49.591706,-24.923737,-31.4357,1.537071,1.179004,-1.139944,-1.031074,-1.177574,-0.058052
221,32.647,B,3,49.999702,-26.045868,48.478472,-25.786764,0.271695,0.155459,-33.0383,-0.324219,-33.1623,-0.206139,49.745493,-24.841148,-33.1623,1.580992,1.231249,-1.267021,-0.945617,0.254209,-1.204720
222,32.815,B,3,48.794523,-24.114679,48.778738,-25.835331,0.298794,0.156521,-34.5084,-0.297845,-34.6727,-0.355014,49.892421,-24.758858,-34.6727,1.548898,1.272929,-1.113683,-1.076473,-1.097899,0.644179
223,32.999,B,3,48.600482,-24.111524,48.814465,-25.534206,0.241290,0.196361,-36.7517,-0.337145,-36.9337,-0.355145,50.047780,-24.671529,-36.9337,1.505084,1.551862,-1.233315,-0.862677,-1.447298,0.560005
224,33.204,B,3,50.105982,-23.979707,48.807030,-25.280069,0.185770,0.217987,-38.2587,-0.302176,-38.3550,-0.207431,50.196278,-24.594838,-38.3550,1.549049,0.621724,-1.389248,-0.685231,-0.090297,0.615132
225,33.403,B,3,49.246960,-24.476357,49.065563,-25.044402,0.182862,0.261508,-39.9147,-0.299168,-40.0676,-0.358308,50.348054,-24.518443,-40.0676,1.386151,1.101897,-1.282491,-0.525959,-1.101093,0.042086
226,33.588,B,3,49.475431,-25.201532,49.127735,-24.935788,0.159381,0.257036,-41.4979,-0.285661,-41.5828,-0.199080,50.496848,-24.445676,-41.5828,1.454194,1.270673,-1.369113,-0.490112,-1.021417,-0.755856
227,33.788,B,3,49.964114,-24.565837,49.217330,-24.975075,0.159823,0.231810,-43.0329,-0.280251,-43.1367,-0.285425,50.642921,-24.372618,-43.1367,1.547665,0.705771,-1.425592,-0.602457,-0.678807,-0.193218
228,33.974,B,3,50.488182,-24.195101,49.376753,-24.896944,0.157022,0.237542,-44.3701,-0.259870,-44.4556,-0.270829,50.782085,-24.299589,-44.4556,1.527020,0.311924,-1.405331,-0.597355,-0.293903,0.104487
229,34.148,B,3,50.388457,-24.684236,49.601432,-24.767055,0.157330,0.259505,-45.7433,-0.250289,-45.8173,-0.252280,50.916943,-24.223218,-45.8173,1.423492,0.701310,-1.315511,-0.543838,-0.528486,-0.461019
230,34.311,B,3,50.419920,-25.122289,49.769927,-24.746623,0.161900,0.255204,-47.5446,-0.278636,-47.6681,-0.308866,51.050467,-24.140579,-47.6681,1.416712,1.166766,-1.280540,-0.606043,-0.630547,-0.981710
231,34.479,B,3,50.608207,-23.555555,49.913963,-24.808768,0.172830,0.236256,-48.8951,-0.257054,-48.9427,-0.135052,51.182751,-24.063678,-48.9427,1.471387,0.767000,-1.268788,-0.745090,-0.574544,0.508123
232,34.645,B,3,50.629087,-23.773602,50.065887,-24.583716,0.143301,0.263572,-49.8786,-0.223611,-49.9400,-0.264546,51.314637,-23.992754,-49.9400,1.381525,0.719727,-1.248749,-0.590961,-0.685550,0.219152
233,34.807,B,3,50.731722,-24.509448,50.194730,-24.434696,0.123274,0.273282,-51.6747,-0.261713,-51.7755,-0.276812,51.450202,-23.918490,-51.7755,1.357452,0.930293,-1.255472,-0.516205,-0.718480,-0.590958
234,34.963,B,3,51.166904,-24.240683,50.318193,-24.441298,0.126742,0.259191,-52.8867,-0.237993,-52.9380,-0.196188,51.586520,-23.855152,-52.9380,1.397219,0.569836,-1.268328,-0.586146,-0.419617,-0.385531
235,35.109,B,3,51.055668,-24.546414,50.496513,-24.401022,0.129735,0.261837,-54.4638,-0.256021,-54.5729,-0.328263,51.724109,-23.789817,-54.5729,1.371336,1.009580,-1.227595,-0.611205,-0.668440,-0.756597
236,35.270,B,3,50.849417,-24.570419,50.623661,-24.422885,0.134394,0.248549,-55.8950,-0.250899,-55.9507,-0.253060,51.860784,-23.728133,-55.9507,1.418856,1.316172,-1.237122,-0.694752,-1.011367,-0.842286
237,35.423,B,3,52.456302,-24.578497,50.690807,-24.446916,0.130750,0.227611,-57.5282,-0.265154,-57.5809,-0.229455,51.996673,-23.663097,-57.5809,1.523042,1.024313,-1.305866,-0.783819,0.459629,-0.915401
238,35.581,B,3,50.938756,-24.183612,51.029945,-24.470148,0.160936,0.253190,-59.0677,-0.267372,-59.1263,-0.273156,52.130422,-23.597782,-59.1263,1.404304,1.327880,-1.100476,-0.872366,-1.191666,-0.585830
239,35.710,B,3,52.174795,-24.553776,51.042647,-24.420272,0.135190,0.232326,-60.6747,-0.272810,-60.7366,-0.282256,52.262818,-23.531618,-60.7366,1.509477,1.025941,-1.220171,-0.888653,-0.088023,-1.022158
240,35.884,B,3,51.085149,-23.840619,51.269754,-24.445196,0.149430,0.240826,-62.3074,-0.277539,-62.3786,-0.287893,52.394946,-23.466659,-62.3786,1.491171,1.362135,-1.125192,-0.978536,-1.309797,-0.373959
241,36.023,B,3,51.848568,-25.105313,51.264309,-24.339849,0.113172,0.224057,-63.8701,-0.273977,-63.9133,-0.203605,52.528542,-23.406487,-63.9133,1.571449,1.829856,-1.264233,-0.933362,-0.679974,-1.698826
242,36.154,B,3,52.047557,-23.496475,51.392036,-24.476496,0.136864,0.205996,-65.0285,-0.245010,-65.0671,-0.272353,52.663098,-23.356110,-65.0671,1.694363,0.631343,-1.271063,-1.120386,-0.615542,-0.140365
243,36.290,B,3,52.009078,-23.800589,51.527378,-24.306362,0.107148,0.228988,-66.5193,-0.274494,-67.0055,-0.331787,52.806483,-23.318047,-67.0055,1.616439,0.932041,-1.279104,-0.988315,-0.797405,-0.482541
244,36.430,B,3,52.615036,-24.039370,51.636031,-24.217720,0.088655,0.231732,-68.1288,-0.273224,-68.3138,-0.137097,52.946179,-23.289221,-68.3138,1.605801,0.819988,-1.310147,-0.928499,-0.331143,-0.750150
245,36.568,B,3,52.079068,-23.903936,51.837541,-24.186066,0.088758,0.239355,-69.5814,-0.246911,-69.6202,-0.308717,53.087219,-23.264994,-69.6202,1.552439,1.193572,-1.249678,-0.921072,-1.008150,-0.638942
246,36.699,B,3,52.140099,-23.636883,51.905106,-24.136295,0.074826,0.228578,-71.1047,-0.252353,-71.0464,-0.157859,53.228825,-23.244061,-71.0464,1.596344,1.157425,-1.323719,-0.892235,-1.088726,-0.392822
247,36.830,B,3,52.503000,-23.208441,51.970169,-24.047332,0.054681,0.221679,-72.2334,-0.231872,-72.2645,-0.269017,53.367883,-23.226197,-72.2645,1.621069,0.865066,-1.397714,-0.821134,-0.864884,0.017757
248,36.984,B,3,52.972619,-23.980764,52.087091,-23.897017,0.028944,0.229747,-73.4250,-0.219638,-73.4195,-0.203148,53.505888,-23.213052,-73.4195,1.575053,0.934751,-1.418797,-0.683965,-0.533270,-0.767712
249,37.131,B,3,52.410182,-23.994076,52.266483,-23.908711,0.040571,0.236317,-74.5701,-0.210568,-74.5713,-0.194639,53.644935,-23.207499,-74.5713,1.546553,1.464008,-1.378452,-0.701211,-1.234753,-0.786577
250,37.268,B,3,51.975571,-24.154095,52.314962,-23.921778,0.041336,0.217431,-75.6592,-0.201669,-75.6546,-0.187752,53.785110,-23.212733,-75.6546,1.632201,2.039754,-1.470148,-0.709046,-1.809539,-0.941362
251,37.408,B,3,53.256966,-24.127647,52.275759,-23.961766,0.041373,0.182258,-76.6934,-0.192351,-76.6769,-0.171550,53.926859,-23.230466,-76.6769,1.805805,1.119683,-1.651100,-0.731300,-0.669892,-0.897181
252,37.541,B,3,52.526259,-24.732744,52.468178,-23.991486,0.053753,0.196716,-77.6740,-0.183170,-77.6481,-0.175126,54.069692,-23.260194,-77.6481,1.760578,2.133211,-1.601514,-0.731292,-1.543433,-1.472550
253,37.682,B,3,53.497787,-24.151720,52.497855,-24.124451,0.074856,0.172302,-78.6154,-0.174810,-78.5746,-0.155758,54.212379,-23.299369,-78.5746,1.902722,1.112269,-1.714524,-0.825082,-0.714591,-0.852350
254,37.825,B,3,53.053361,-24.085989,52.693368,-24.133434,0.078094,0.190328,-79.4996,-0.165974,-79.4626,-0.152751,54.353641,-23.344547,-79.4626,1.838165,1.496819,-1.660273,-0.788887,-1.300281,-0.741443
255,37.965,B,3,53.168777,-24.972404,52.776753,-24.129216,0.072109,0.185065,-80.3597,-0.159242,-80.3157,-0.152995,54.492821,-23.393022,-80.3157,1.867317,2.060956,-1.716068,-0.736194,-1.324044,-1.579382
256,38.107,B,3,54.328279,-24.623755,52.864957,-24.283252,0.098058,0.174147,-81.1795,-0.152178,-81.1341,-0.139614,54.630077,-23.443905,-81.1341,1.954521,1.217837,-1.765120,-0.839347,-0.301797,-1.179850
257,38.250,B,3,53.848063,-24.668669,53.143191,-24.351013,0.111807,0.206499,-81.9743,-0.146416,-81.9170,-0.135470,54.766070,-23.498237,-81.9170,1.833292,1.487497,-1.622878,-0.852775,-0.918007,-1.170432
258,38.403,B,3,53.719723,-24.648755,53.289651,-24.415639,0.117284,0.209396,-82.7222,-0.139602,-82.6636,-0.128380,54.901436,-23.558567,-82.6636,1.825493,1.607780,-1.611785,-0.857072,-1.181714,-1.090188
259,38.544,B,3,54.646022,-23.124280,53.387498,-24.465919,0.117094,0.203051,-83.4316,-0.132826,-83.3756,-0.117785,55.036363,-23.627956,-83.3756,1.849578,0.637226,-1.648866,-0.837962,-0.390341,0.503677
260,38.692,B,3,53.831078,-25.131752,53.632386,-24.236470,0.065539,0.236389,-84.1260,-0.127999,-84.0567,-0.110966,55.170502,-23.708482,-84.0567,1.626214,1.954419,-1.538116,-0.527988,-1.339424,-1.423269
261,38.826,B,3,54.074506,-25.086937,53.690787,-24.399842,0.092303,0.215888,-84.7885,-0.122780,-84.7113,-0.103054,55.303261,-23.800125,-84.7113,1.720387,1.779248,-1.612473,-0.599717,-1.228754,-1.286812
262,38.968,B,3,54.686708,-24.216195,53.780380,-24.529193,0.109937,0.205464,-85.4098,-0.116574,-85.3423,-0.108198,55.434171,-23.900715,-85.3423,1.769183,0.811313,-1.653791,-0.628478,-0.747463,-0.315480
263,39.093,B,3,54.362543,-24.517960,53.962241,-24.482672,0.092233,0.219637,-86.0063,-0.111426,-85.9508,-0.102557,55.563090,-24.006944,-85.9508,1.670040,1.304780,-1.600849,-0.475728,-1.200547,-0.511016
264,39.229,B,3,53.923761,-24.974549,54.055138,-24.496467,0.086264,0.212767,-86.5954,-0.107793,-86.5367,-0.103531,55.690139,-24.115969,-86.5367,1.678692,1.963988,-1.635001,-0.380498,-1.766377,-0.858579
265,39.363,B,3,54.467561,-25.008590,54.052553,-24.588649,0.094690,0.185864,-87.1626,-0.104038,-87.1005,-0.095718,55.815450,-24.226560,-87.1005,1.799698,1.558324,-1.762897,-0.362088,-1.347889,-0.782030
266,39.493,B,3,55.180873,-25.009120,54.144606,-24.671705,0.102049,0.181596,-87.7048,-0.100037,-87.6430,-0.093036,55.938978,-24.339322,-87.6430,1.824897,1.011609,-1.794372,-0.332383,-0.758105,-0.669798
267,39.635,B,3,54.879086,-24.980535,54.346798,-24.741070,0.107332,0.200547,-88.2226,-0.095823,-88.1659,-0.088377,56.060528,-24.456405,-88.1659,1.737211,1.292485,-1.713729,-0.284665,-1.181441,-0.524130
268,39.787,B,3,54.364344,-25.596340,54.461051,-24.793531,0.106956,0.199892,-88.7258,-0.092446,-88.6705,-0.087811,56.179953,-24.580680,-88.6705,1.732031,2.080386,-1.718902,-0.212851,-1.815610,-1.015661
269,39.956,B,3,55.343691,-25.239202,54.463127,-24.946292,0.125458,0.175530,-89.2038,-0.088440,-89.1570,-0.078743,56.297315,-24.714342,-89.1570,1.848796,1.088520,-1.834188,-0.231950,-0.953624,-0.524860
270,40.087,B,3,55.578162,-25.640395,54.636808,-25.010410,0.125500,0.189966,-89.6756,-0.085865,-89.6248,-0.075015,56.412830,-24.857761,-89.6248,1.782570,1.144197,-1.776022,-0.152649,-0.834669,-0.782634
271,40.227,B,3,55.190927,-25.248998,54.822559,-25.134660,0.137511,0.204862,-90.1246,-0.082686,-90.0737,-0.073363,56.526678,-25.009264,-90.0737,1.708726,1.357093,-1.704119,-0.125396,-1.335750,-0.239734
272,40.382,B,3,55.339410,-25.576499,54.907735,-25.168352,0.128822,0.198375,-90.5502,-0.079334,-90.5050,-0.075335,56.638813,-25.165907,-90.5050,1.731079,1.362731,-1.731078,-0.002446,-1.299403,-0.410593
273,40.517,B,3,55.944672,-24.926131,55.005000,-25.254750,0.131525,0.194623,-91.0044,-0.076789,-90.9211,-0.067445,56.748979,-25.324876,-90.9211,1.745388,0.897723,-1.743979,0.070125,-0.804307,0.398745
274,40.654,B,3,56.108035,-25.594593,55.189503,-25.208188,0.107159,0.210749,-91.3701,-0.074067,-91.3240,-0.061724,56.856915,-25.484630,-91.3240,1.690172,0.756910,-1.667412,0.276442,-0.748879,-0.109963
275,40.792,B,3,55.700330,-25.041911,55.372822,-25.287849,0.110919,0.223527,-91.7648,-0.071971,-91.7142,-0.069533,56.962562,-25.645318,-91.7142,1.629435,1.399046,-1.589740,0.357469,-1.262232,0.603408
276,40.936,B,3,55.717022,-26.222811,55.452225,-25.255494,0.091351,0.213827,-92.1523,-0.070257,-92.0908,-0.060651,57.066132,-25.808690,-92.0908,1.706084,1.411239,-1.613907,0.553196,-1.349111,-0.414121
277,41.074,B,3,56.060148,-26.797510,55.515370,-25.434628,0.119772,0.207379,-92.4428,-0.067930,-92.4518,-0.061106,57.167962,-25.977428,-92.4518,1.739452,1.378328,-1.652592,0.542800,-1.107815,-0.820082
278,41.212,B,3,55.602941,-26.646600,55.634392,-25.691672,0.155814,0.204527,-92.8532,-0.064034,-92.7955,-0.056699,57.268245,-26.153848,-92.7955,1.697964,1.736675,-1.633853,0.462176,-1.665304,-0.492752
279,41.356,B,3,55.652854,-27.497379,55.648294,-25.878204,0.175228,0.184621,-93.1809,-0.060079,-93.1222,-0.050783,57.366868,-26.338696,-93.1222,1.779200,2.068910,-1.718575,0.460492,-1.714014,-1.158682
280,41.490,B,3,56.524826,-27.624080,55.665013,-26.183500,0.217297,0.168961,-93.4722,-0.057162,-93.4341,-0.052124,57.463507,-26.530763,-93.4341,1.831713,1.440994,-1.798494,0.347262,-0.938681,-1.093317
281,41.629,B,3,56.054486,-27.183761,55.829227,-26.456319,0.252087,0.189446,-93.7100,-0.055272,-93.7338,-0.040961,57.557888,-26.727461,-93.7338,1.749796,1.571124,-1.728661,0.271141,-1.503403,-0.456300
282,41.772,B,3,55.776654,-27.229857,55.888284,-26.614957,0.248958,0.176970,-94.0582,-0.053020,-94.0229,-0.045078,57.650061,-26.926068,-94.0229,1.789036,1.897878,-1.761777,0.311111,-1.873407,-0.303789
283,41.916,B,3,55.713710,-27.905177,55.883613,-26.749410,0.247398,0.157065,-94.3259,-0.050319,-94.3009,-0.053398,57.740425,-27.124884,-94.3009,1.894395,2.171735,-1.856812,0.375473,-2.026715,-0.780293
284,42.051,B,3,57.066685,-27.731959,55.866512,-26.979876,0.265637,0.138193,-94.5920,-0.048660,-94.5666,-0.044719,57.829480,-27.323790,-94.5666,1.992867,0.865134,-1.962968,0.343915,-0.762795,-0.408169
285,42.192,B,3,56.237584,-27.936043,56.091152,-27.140304,0.264568,0.169866,-94.8518,-0.047302,-94.8186,-0.044421,57.917464,-27.524264,-94.8186,1.866237,1.729613,-1.826312,0.383960,-1.679881,-0.411779
286,42.333,B,3,56.972951,-28.227010,56.131239,-27.308634,0.267494,0.160744,-95.0840,-0.044463,-95.0564,-0.039563,58.004135,-27.728775,-95.0564,1.919442,1.145241,-1.872896,0.420141,-1.031184,-0.498235
287,42.471,B,3,57.015926,-27.989290,56.294073,-27.499157,0.272734,0.178034,-95.3059,-0.042022,-95.2813,-0.038236,58.088895,-27.939618,-95.2813,1.848077,1.074117,-1.794821,0.440461,-1.072968,-0.049671
288,42.609,B,3,56.911703,-29.560260,56.437101,-27.614123,0.262205,0.188297,-95.5127,-0.039521,-95.4951,-0.039868,58.171196,-28.157786,-95.4951,1.817321,1.885008,-1.734095,0.543663,-1.259492,-1.402474
289,42.748,B,3,56.783878,-29.137478,56.537002,-27.987363,0.305766,0.192995,-95.7247,-0.038389,-95.6988,-0.025043,58.250918,-28.382521,-95.6988,1.758880,1.649899,-1.713916,0.395158,-1.467040,-0.754957
290,42.888,B,3,57.064463,-29.836955,56.596382,-28.223206,0.317074,0.186885,-95.9160,-0.036385,-95.8924,-0.034461,58.328460,-28.611702,-95.8924,1.775113,1.760379,-1.732079,0.388496,-1.263997,-1.225253
291,43.024,B,3,57.396320,-28.883475,56.694322,-28.542662,0.343229,0.190988,-96.0866,-0.033602,-96.0752,-0.036317,58.404483,-28.842844,-96.0752,1.736306,1.008981,-1.710160,0.300182,-1.008162,-0.040631
292,43.168,B,3,57.150340,-30.010826,56.833985,-28.638110,0.320164,0.199058,-96.2517,-0.031425,-96.2471,-0.023869,58.479482,-29.074172,-96.2471,1.702295,1.626019,-1.645496,0.436062,-1.329141,-0.936654
293,43.302,B,3,57.367896,-30.235972,56.905883,-28.915169,0.337715,0.196114,-96.4040,-0.029339,-96.4086,-0.027346,58.553498,-29.305296,-96.4086,1.693173,1.507253,-1.647615,0.390127,-1.185602,-0.930676
294,43.441,B,3,57.752150,-29.820381,57.003155,-29.184687,0.351124,0.198669,-96.5516,-0.027797,-96.5611,-0.023385,58.626108,-29.537339,-96.5611,1.660825,0.918649,-1.622953,0.352652,-0.873959,-0.283042
295,43.581,B,3,56.956469,-30.470230,57.151537,-29.333582,0.337460,0.208892,-96.6970,-0.026674,-96.7058,-0.018595,58.696681,-29.772486,-96.7058,1.606271,1.874883,-1.545144,0.438904,-1.740212,-0.697744
296,43.726,B,3,57.234676,-30.748330,57.132894,-29.570489,0.346664,0.186172,-96.8466,-0.026528,-96.8430,-0.018810,58.764758,-30.012997,-96.8430,1.690796,1.697606,-1.631864,0.442508,-1.530082,-0.735334
297,43.865,B,3,57.271136,-31.301540,57.164730,-29.815367,0.355297,0.176589,-96.9798,-0.025223,-96.9717,-0.020689,58.830287,-30.260141,-96.9717,1.723921,1.874957,-1.665557,0.444774,-1.559151,-1.041399
298,44.003,B,3,57.635323,-31.352202,57.196290,-30.115867,0.374146,0.169460,-97.0999,-0.023436,-97.0909,-0.018805,58.893587,-30.513606,-97.0909,1.743277,1.512109,-1.697298,0.397739,-1.258264,-0.838596
299,44.129,B,3,57.924784,-31.975754,57.286095,-30.373681,0.380809,0.174076,-97.2206,-0.022525,-97.2000,-0.017029,58.955095,-30.771645,-97.2000,1.715790,1.584746,-1.669000,0.397964,-1.030311,-1.204109
300,44.255,B,3,57.675719,-31.738419,57.411707,-30.697292,0.399065,0.187072,-97.3332,-0.021406,-97.3002,-0.020730,59.015103,-31.031879,-97.3002,1.637934,1.514315,-1.603396,0.334586,-1.339384,-0.706540
301,44.386,B,3,56.916315,-31.880057,57.471592,-30.922954,0.396974,0.183076,-97.4311,-0.019575,-97.3937,-0.009626,59.073654,-31.292378,-97.3937,1.644103,2.235951,-1.602062,0.369424,-2.157339,-0.587679
302,44.539,B,3,58.410839,-32.107052,57.383254,-31.124998,0.403719,0.152816,-97.4901,-0.017268,-97.4820,-0.016452,59.130615,-31.552482,-97.4820,1.798892,0.908639,-1.747361,0.427484,-0.719776,-0.554569
303,44.673,B,3,58.047855,-31.754682,57.577552,-31.347985,0.387996,0.176547,-97.6074,-0.016898,-97.5654,-0.018211,59.185816,-31.813043,-97.5654,1.674154,1.139457,-1.608264,0.465058,-1.137961,0.058361
304,44.827,B,3,58.075525,-33.264457,57.672713,-31.458017,0.363305,0.178507,-97.6779,-0.015240,-97.6429,-0.017584,59.239137,-32.076030,-97.6429,1.683932,1.663235,-1.566424,0.618013,-1.163613,-1.188426
305,44.971,B,3,58.237179,-33.488347,57.756673,-31.816374,0.391242,0.184097,-97.7526,-0.014335,-97.7124,-0.010757,59.290517,-32.343632,-97.7124,1.621937,1.555600,-1.533844,0.527258,-1.053338,-1.144715
306,45.112,B,3,57.844322,-34.055779,57.854602,-32.153560,0.411311,0.191424,-97.8127,-0.012768,-97.7724,-0.015779,59.339922,-32.617214,-97.7724,1.556005,2.075160,-1.485320,0.463654,-1.495600,-1.438565
307,45.254,B,3,58.378382,-34.079568,57.865582,-32.533743,0.440005,0.181650,-97.8660,-0.011236,-97.8227,-0.010567,59.387356,-32.896664,-97.8227,1.564451,1.554764,-1.521774,0.362920,-1.008974,-1.182904
308,45.397,B,3,59.185577,-33.772660,57.968336,-32.853133,0.450680,0.189959,-97.9013,-0.009161,-97.8646,-0.005728,59.432911,-33.180430,-97.8646,1.500700,0.641802,-1.464574,0.327297,-0.247334,-0.592230
309,45.533,B,3,57.927628,-34.221042,58.197120,-33.062290,0.434465,0.219768,-97.9439,-0.008674,-97.8995,-0.007219,59.476809,-33.466237,-97.8995,1.341930,1.723280,-1.279689,0.403948,-1.549182,-0.754805
310,45.670,B,3,57.946387,-34.983372,58.164294,-33.312795,0.435544,0.194631,-97.9674,-0.006747,-97.9284,0.000758,59.519369,-33.752129,-97.9284,1.424515,1.997557,-1.355075,0.439334,-1.572982,-1.231243
311,45.812,B,3,58.962942,-34.316191,58.138205,-33.654182,0.454618,0.176306,-97.9974,-0.006187,-97.9515,-0.000507,59.560884,-34.037300,-97.9515,1.473362,0.659784,-1.422679,0.383117,-0.597942,-0.278892
312,45.950,B,3,59.184143,-34.394075,58.293046,-33.808387,0.439382,0.196101,-98.0128,-0.005308,-97.9679,-0.004995,59.601478,-34.322349,-97.9679,1.405757,0.423454,-1.308432,0.513962,-0.417336,-0.071726
313,46.079,B,3,58.099913,-35.077104,58.466438,-33.963575,0.405577,0.208733,-98.0137,-0.002766,-97.9766,0.001880,59.641042,-34.608952,-97.9766,1.340226,1.610666,-1.174604,0.645377,-1.541129,-0.468152
314,46.215,B,3,59.037705,-34.608555,58.415672,-34.203092,0.408251,0.181103,-97.9914,0.000341,-97.9473,0.044941,59.678999,-34.898755,-97.9473,1.442200,0.703899,-1.263327,0.695663,-0.641294,0.290200
315,46.362,B,3,58.355263,-35.886679,58.538748,-34.316317,0.380436,0.187971,-97.4158,0.043103,-97.3280,0.077397,59.712183,-35.180919,-97.3280,1.457562,1.529487,-1.173435,0.864602,-1.356920,-0.705760
316,46.510,B,3,58.909010,-36.536106,58.519200,-34.634447,0.401013,0.171118,-97.3935,0.023738,-97.3792,-0.095808,59.747359,-35.467938,-97.3792,1.484278,1.357870,-1.228159,0.833491,-0.838349,-1.068168
317,46.651,B,3,58.338553,-36.913237,58.599893,-35.013276,0.428691,0.177907,-97.3625,0.019519,-97.2762,0.125869,59.781540,-35.750063,-97.2762,1.392533,1.853425,-1.181647,0.736788,-1.442987,-1.163174
318,46.787,B,3,58.159039,-36.993346,58.565779,-35.394315,0.456832,0.160619,-96.7019,0.057881,-96.6133,0.044724,59.811509,-36.023788,-96.6133,1.395736,1.915907,-1.245730,0.629474,-1.652470,-0.969558
319,46.924,B,3,58.142244,-37.787838,58.503634,-35.724347,0.472183,0.138154,-96.5026,0.049189,-96.3926,0.113242,59.843885,-36.300469,-96.3926,1.458831,2.260056,-1.340251,0.576122,-1.701641,-1.487370
320,47.065,B,3,59.060101,-37.368122,58.448155,-36.138164,0.502500,0.121373,-95.7730,0.080895,-95.6569,0.086174,59.872017,-36.566658,-95.6569,1.486939,1.140856,-1.423862,0.428493,-0.811916,-0.801465
321,47.199,B,3,57.967344,-37.841348,58.564271,-36.406188,0.495673,0.137086,-95.1764,0.091473,-95.0435,0.131946,59.900107,-36.829278,-95.0435,1.401236,2.181711,-1.335836,0.423089,-1.932764,-1.012070
322,47.329,B,3,58.763394,-37.522590,58.467455,-36.710249,0.502100,0.108449,-94.4459,0.105997,-94.2955,0.143700,59.926390,-37.084878,-94.2955,1.506267,1.242639,-1.458935,0.374630,-1.162996,-0.437712
323,47.470,B,3,58.544110,-38.173923,58.527400,-36.903629,0.481921,0.111820,-93.6045,0.122855,-93.4504,0.153104,59.951100,-37.334469,-93.4504,1.487462,1.638384,-1.423700,0.430841,-1.406989,-0.839454
324,47.612,B,3,58.752935,-38.664162,58.538881,-37.176532,0.481284,0.106183,-92.6943,0.137764,-92.5324,0.165466,59.974563,-37.579533,-92.5324,1.491172,1.633645,-1.435683,0.403001,-1.221628,-1.084629
325,47.757,B,3,58.765845,-38.231016,58.585762,-37.487857,0.487966,0.108394,-91.7178,0.151246,-91.5353,0.183374,59.996828,-37.821259,-91.5353,1.449918,1.297389,-1.411065,0.333402,-1.230982,-0.409757
326,47.892,B,3,58.954332,-38.765999,58.627505,-37.667206,0.467394,0.106491,-90.6584,0.165042,-90.4628,0.193297,60.017825,-38.060496,-90.4628,1.444876,1.276226,-1.390320,0.393290,-1.063494,-0.705503
327,48.023,B,3,59.116981,-39.374328,58.696184,-37.907600,0.461408,0.110501,-89.5080,0.179714,-89.3196,0.207889,60.037337,-38.297363,-89.3196,1.396641,1.416654,-1.341153,0.389763,-0.920356,-1.076965
328,48.157,B,3,58.979065,-39.407264,58.782960,-38.212686,0.469330,0.117557,-88.3170,0.190857,-88.1107,0.210284,60.055147,-38.531280,-88.1107,1.311473,1.387552,-1.272187,0.318594,-1.076082,-0.875984
329,48.291,B,3,58.784926,-40.065710,58.831355,-38.469855,0.467174,0.114658,-87.0462,0.203544,-86.8401,0.231420,60.071187,-38.761285,-86.8401,1.273623,1.831937,-1.239833,0.291430,-1.286261,-1.304425
330,48.431,B,3,58.933024,-40.480002,58.837435,-38.797953,0.479963,0.102706,-85.7002,0.216510,-85.5106,0.239175,60.085538,-38.986491,-85.5106,1.262263,1.886496,-1.248103,0.188537,-1.152514,-1.493512
331,48.578,B,3,59.405215,-40.377554,58.868827,-39.142314,0.494636,0.095925,-84.3112,0.227000,-84.1244,0.249996,60.098287,-39.206550,-84.1244,1.231137,1.360735,-1.229460,0.064236,-0.693072,-1.171004
332,48.721,B,3,58.942587,-40.718451,58.979153,-39.408173,0.492224,0.104906,-82.8750,0.236224,-82.7014,0.224086,60.109447,-39.422194,-82.7014,1.130382,1.744088,-1.130295,0.014021,-1.166860,-1.296257
333,48.845,B,3,58.738892,-39.466001,58.988927,-39.686991,0.492132,0.091269,-81.9089,0.205709,-81.7836,0.187918,60.123284,-39.640754,-81.7836,1.135299,1.395378,-1.134357,-0.046237,-1.384392,0.174753
334,48.993,B,3,58.972649,-39.942169,58.960418,-39.693091,0.436271,0.074030,-80.4299,0.229948,-80.2331,0.350846,60.133973,-39.862947,-80.2331,1.185783,1.164023,-1.173555,0.169856,-1.161324,-0.079222
335,49.126,B,3,59.446291,-40.104569,58.977315,-39.777361,0.403355,0.066539,-78.8726,0.243442,-78.7368,0.164429,60.146055,-40.088484,-78.7368,1.209443,0.699949,-1.168740,0.311123,-0.699764,-0.016084
336,49.277,B,3,59.159767,-41.012396,59.074542,-39.872305,0.378239,0.075642,-77.9485,0.209744,-77.8308,0.224256,60.162056,-40.318079,-77.8308,1.175331,1.219286,-1.087515,0.445773,-1.002289,-0.694317
337,49.422,B,3,59.374523,-40.886007,59.105297,-40.108908,0.383079,0.065897,-76.4892,0.227962,-76.3660,0.191117,60.172033,-40.549732,-76.3660,1.154231,0.865507,-1.066735,0.440824,-0.797510,-0.336275
338,49.568,B,3,58.319158,-41.496905,59.168172,-40.281385,0.375491,0.064785,-75.5813,0.198320,-75.4824,0.204395,60.187552,-40.782345,-75.4824,1.135824,2.000373,-1.019380,0.500960,-1.868394,-0.714559
339,49.686,B,3,59.263966,-41.449159,59.032829,-40.531143,0.377166,0.020621,-74.4137,0.198613,-74.3398,0.147420,60.200959,-41.015888,-74.3398,1.264715,1.032318,-1.168130,0.484745,-0.936993,-0.433271
340,49.826,B,3,59.012245,-41.446665,59.083472,-40.721479,0.382720,0.020676,-73.6269,0.189340,-73.3273,0.157984,60.217114,-41.250986,-73.3273,1.251208,1.220655,-1.133641,0.529507,-1.204868,-0.195679
341,49.962,B,3,58.970386,-41.870041,59.085301,-40.890262,0.363948,0.009962,-72.4748,0.178190,-72.3923,0.157620,60.235271,-41.489325,-72.3923,1.296652,1.320938,-1.149970,0.599063,-1.264885,-0.380716
342,50.102,B,3,58.858532,-42.452013,59.076726,-41.097552,0.362314,-0.003369,-71.5653,0.169576,-71.4945,0.151159,60.254272,-41.732491,-71.4945,1.337819,1.570287,-1.177545,0.634939,-1.395739,-0.719522
343,50.229,B,3,59.314017,-43.256669,59.049122,-41.371597,0.372744,-0.023089,-70.6981,0.161604,-70.6502,0.144900,60.274034,-41.981107,-70.6502,1.368178,1.596463,-1.224913,0.609509,-0.960018,-1.275563
344,50.382,B,3,59.375268,-42.847666,59.106591,-41.741334,0.404994,-0.030157,-69.8878,0.152855,-69.8547,0.132941,60.294938,-42.234569,-69.8547,1.286643,1.105296,-1.188347,0.493235,-0.919670,-0.613096
345,50.527,B,3,58.831167,-43.550984,59.163077,-41.967584,0.415434,-0.030082,-69.2747,0.145913,-69.1006,0.137200,60.317748,-42.491297,-69.1006,1.267889,1.825613,-1.154672,0.523714,-1.486582,-1.059687
346,50.658,B,3,59.138036,-42.793672,59.117745,-42.293440,0.418555,-0.055428,-68.4042,0.136262,-68.3814,0.124287,60.342926,-42.749503,-68.3814,1.307310,1.205699,-1.225181,0.456063,-1.204890,-0.044169
347,50.807,B,3,60.170401,-43.018570,59.131447,-42.421753,0.395706,-0.055161,-67.7079,0.129813,-67.6949,0.113397,60.370188,-43.008061,-67.6949,1.370487,0.200064,-1.238741,0.586309,-0.199787,-0.010509
348,50.941,B,3,59.098851,-43.782527,59.325984,-42.564907,0.390501,-0.021614,-67.1331,0.116462,-67.2190,-0.007688,60.400062,-43.265016,-67.2190,1.282107,1.400346,-1.074079,0.700109,-1.301211,-0.517511
349,51.067,B,3,59.106696,-43.468913,59.298012,-42.817191,0.391455,-0.042423,-67.1171,0.071644,-67.1365,0.082368,60.427320,-43.512013,-67.1365,1.325939,1.321327,-1.129308,0.694822,-1.320624,0.043100
350,51.200,B,3,59.152316,-44.417655,59.275378,-42.969304,0.373393,-0.053186,-66.3353,0.100069,-66.2842,0.133523,60.451988,-43.762134,-66.2842,1.418799,1.455628,-1.176610,0.792830,-1.299671,-0.655521
351,51.340,B,3,59.281209,-46.070800,59.263265,-43.262024,0.384621,-0.071352,-66.1038,0.070957,-66.1606,-0.052590,60.479154,-44.004357,-66.1606,1.424585,2.388569,-1.215889,0.742333,-1.197945,-2.066444
352,51.473,B,3,59.553220,-44.737163,59.275354,-43.798531,0.442036,-0.101994,-65.9632,0.054341,-65.9803,0.107307,60.507786,-44.248197,-65.9803,1.311903,1.072513,-1.232432,0.449666,-0.954566,-0.488966
353,51.618,B,3,59.329798,-45.176799,59.333267,-44.008334,0.434760,-0.095899,-65.7447,0.044240,-65.8274,-0.036777,60.540054,-44.492525,-65.8274,1.300298,1.390306,-1.206787,0.484191,-1.210256,-0.684274
354,51.760,B,3,60.291362,-45.352781,59.341236,-44.258224,0.431856,-0.103253,-65.8075,0.022268,-65.8897,0.021304,60.576158,-44.733942,-65.8897,1.323382,0.681227,-1.234922,0.475718,-0.284795,-0.618840
355,51.903,B,3,59.749121,-45.380340,59.518194,-44.495049,0.440300,-0.077375,-65.9035,0.004783,-66.0060,-0.040831,60.613267,-44.971588,-66.0060,1.194268,0.955943,-1.095073,0.476539,-0.864146,-0.408752
356,52.039,B,3,59.265802,-46.180361,59.569598,-44.694329,0.430675,-0.075023,-66.0857,-0.010852,-66.1976,-0.032379,60.649643,-45.202817,-66.1976,1.193758,1.694287,-1.080045,0.508488,-1.383840,-0.977544
357,52.174,B,3,59.746197,-46.616101,59.525485,-44.999767,0.434135,-0.099389,-66.3708,-0.027033,-66.5099,-0.066891,60.684719,-45.426086,-66.5099,1.235140,1.515573,-1.159234,0.426319,-0.938522,-1.190015
358,52.306,B,3,59.949498,-47.029654,59.572424,-45.329594,0.449134,-0.105956,-66.7529,-0.043539,-66.9129,-0.079546,60.719353,-45.642091,-66.9129,1.188739,1.586823,-1.146929,0.312497,-0.769855,-1.387563
359,52.450,B,3,59.881434,-47.010823,59.646854,-45.675989,0.467763,-0.107877,-67.2058,-0.058169,-67.3985,-0.090791,60.755434,-45.852715,-67.3985,1.122578,1.450893,-1.108580,0.176726,-0.874000,-1.158108
360,52.589,B,3,60.109851,-46.134988,59.696040,-45.959162,0.470470,-0.108930,-67.7441,-0.072957,-67.9583,-0.098116,60.794698,-46.060614,-67.9583,1.103332,0.688873,-1.098658,0.101452,-0.684847,-0.074374
361,52.712,B,3,59.445012,-47.774885,59.776762,-46.036390,0.437011,-0.087212,-68.3525,-0.086729,-68.5880,-0.112270,60.837784,-46.268141,-68.5880,1.086037,2.051850,-1.061022,0.231751,-1.392772,-1.506744
362,52.846,B,3,60.188765,-47.944525,59.724849,-46.388079,0.448248,-0.114337,-69.0553,-0.101443,-69.2870,-0.124917,60.884050,-46.476215,-69.2870,1.162547,1.624610,-1.159201,0.088136,-0.695286,-1.468310
363,52.989,B,3,59.727018,-47.015284,59.811954,-46.709392,0.463570,-0.109392,-69.8310,-0.115499,-70.0559,-0.134456,60.932176,-46.683817,-70.0559,1.120514,1.249911,-1.120222,-0.025575,-1.205158,-0.331468
364,53.161,B,3,60.447342,-47.081337,59.801852,-46.809350,0.428132,-0.105865,-70.6776,-0.128772,-70.8955,-0.155632,60.981740,-46.887089,-70.8955,1.182446,0.568607,-1.179888,0.077740,-0.534399,-0.194248
365,53.283,B,3,60.370586,-48.897992,59.920297,-46.900096,0.404688,-0.077568,-71.5855,-0.140722,-71.8000,-0.169557,61.031475,-47.084645,-71.8000,1.126399,1.930026,-1.111178,0.184549,-0.660888,-1.813346
366,53.427,B,3,60.365142,-47.141044,60.004896,-47.295149,0.439106,-0.080564,-72.5475,-0.151725,-72.7641,-0.172540,61.081643,-47.275039,-72.7641,1.076934,0.728923,-1.076747,-0.020110,-0.716502,0.133995
367,53.560,B,3,60.386048,-48.290027,60.073885,-47.310417,0.396165,-0.058675,-73.5673,-0.162333,-73.7825,-0.175299,61.132988,-47.458538,-73.7825,1.069411,1.117718,-1.059103,0.148121,-0.746940,-0.831489
368,53.702,B,3,60.099864,-47.652516,60.134195,-47.522990,0.395247,-0.054097,-74.6270,-0.171413,-74.8515,-0.197466,61.186094,-47.637060,-74.8515,1.058065,1.086340,-1.051898,0.114071,-1.086230,-0.015456
369,53.823,B,3,60.016435,-48.364828,60.132708,-47.584080,0.361321,-0.051550,-75.7399,-0.180355,-75.9699,-0.205135,61.241101,-47.813437,-75.9699,1.131874,1.343071,-1.108393,0.229358,-1.224666,-0.551391
370,53.977,B,3,60.159356,-48.007786,60.115199,-47.757929,0.352242,-0.059112,-76.8919,-0.188432,-77.1375,-0.212210,61.297809,-47.990141,-77.1375,1.205193,1.138590,-1.182611,0.232212,-1.138454,-0.017645
371,54.116,B,3,60.521593,-48.859244,60.124737,-47.836681,0.327508,-0.054474,-78.1129,-0.198187,-78.3534,-0.214858,61.355954,-48.168105,-78.3534,1.275044,1.083435,-1.231217,0.331424,-0.834362,-0.691139
372,54.251,B,3,60.518980,-49.904783,60.196056,-48.050644,0.335485,-0.045347,-79.3758,-0.206910,-79.6151,-0.234959,61.415360,-48.346379,-79.6151,1.254656,1.797809,-1.219303,0.295736,-0.896380,-1.558403
373,54.397,B,3,61.039715,-49.703722,60.254305,-48.414695,0.371032,-0.046474,-80.7332,-0.214893,-80.8941,-0.199034,61.475908,-48.523018,-80.8941,1.226396,1.258699,-1.221602,0.108324,-0.436192,-1.180703
374,54.544,B,3,61.139632,-49.349830,60.395159,-48.678869,0.387780,-0.024969,-81.5051,-0.183202,-81.6647,-0.167113,61.534689,-48.700386,-81.6647,1.139733,0.760163,-1.139530,0.021518,-0.395058,-0.649444
375,54.682,B,3,60.742548,-48.366926,60.529077,-48.827980,0.387622,-0.001513,-82.5368,-0.199198,-83.1161,-0.336172,61.597888,-48.880265,-83.1161,1.070089,0.997558,-1.068811,0.052285,-0.855339,0.513339
376,54.816,B,3,60.536587,-49.936591,60.570859,-48.781766,0.334747,0.009771,-84.0891,-0.226066,-84.4384,-0.137116,61.658800,-49.059436,-84.4384,1.122816,1.424347,-1.087941,0.277670,-1.122213,-0.877155
377,54.958,B,3,60.253925,-49.954714,60.569327,-49.023834,0.337016,0.000247,-85.1000,-0.188499,-85.2425,-0.213638,61.716060,-49.238381,-85.2425,1.166631,1.628181,-1.146733,0.214547,-1.462135,-0.716333
378,55.107,B,3,60.343487,-49.414458,60.515269,-49.221584,0.336029,-0.016149,-86.4514,-0.207265,-86.5880,-0.159391,61.778816,-49.420201,-86.5880,1.279063,1.435341,-1.263547,0.198617,-1.435329,0.005743
379,55.249,B,3,60.737921,-50.057010,60.485145,-49.288177,0.309808,-0.021661,-87.2592,-0.179568,-87.3724,-0.201788,61.836544,-49.605488,-87.3724,1.388151,1.187790,-1.351398,0.317311,-1.098623,-0.451522
380,55.390,B,3,60.612198,-50.652541,60.529015,-49.448518,0.314929,-0.013969,-88.1682,-0.185199,-88.4032,-0.131830,61.896773,-49.797757,-88.4032,1.411641,1.542981,-1.367758,0.349239,-1.284575,-0.854784
381,55.538,B,3,60.657585,-50.582786,60.542877,-49.697565,0.322284,-0.013502,-89.2375,-0.171526,-89.3166,-0.154230,61.954926,-49.997403,-89.3166,1.443533,1.423294,-1.412050,0.299838,-1.297341,-0.585383
382,55.677,B,3,60.973263,-50.745967,60.562031,-49.886038,0.323498,-0.010536,-90.1106,-0.163097,-90.1872,-0.148064,62.011310,-50.204057,-90.1872,1.483761,1.170986,-1.449279,0.318018,-1.038046,-0.541911
383,55.832,B,3,61.609231,-50.843131,60.633763,-50.070196,0.324296,0.003459,-90.9503,-0.155765,-91.0221,-0.146810,62.066024,-50.415857,-91.0221,1.473381,0.625478,-1.432261,0.345661,-0.456792,-0.427274
384,55.973,B,3,60.580529,-50.837447,60.806811,-50.239132,0.322523,0.037149,-91.7505,-0.148620,-91.8219,-0.140357,62.119366,-50.630482,-91.8219,1.369655,1.552692,-1.312555,0.391350,-1.538836,-0.206965
385,56.110,B,3,60.431684,-52.892635,60.768895,-50.376625,0.312927,0.024850,-92.5335,-0.143207,-92.5875,-0.127512,62.171570,-50.846158,-92.5875,1.479174,2.686125,-1.402674,0.469533,-1.739886,-2.046477
386,56.258,B,3,60.447852,-52.157510,60.709251,-50.854394,0.373631,0.009349,-93.2944,-0.138497,-93.3206,-0.123188,62.222546,-51.062418,-93.3206,1.527526,2.085369,-1.513295,0.208024,-1.774694,-1.095092
387,56.395,B,3,61.008061,-52.019264,60.661170,-51.122094,0.384857,-0.000760,-93.9941,-0.131273,-94.0241,-0.115724,62.271879,-51.280277,-94.0241,1.618457,1.464014,-1.610709,0.158183,-1.263818,-0.738987
388,56.528,B,3,60.810433,-51.306123,60.719927,-51.318682,0.380050,0.012478,-94.6809,-0.126416,-94.7009,-0.116088,62.319056,-51.501712,-94.7009,1.609570,1.521249,-1.599130,0.183031,-1.508623,0.195590
389,56.663,B,3,61.285083,-52.874399,60.734123,-51.353010,0.342972,0.014534,-95.3429,-0.121602,-95.3527,-0.110527,62.363759,-51.728743,-95.3527,1.672391,1.573554,-1.629637,0.375733,-1.078677,-1.145656
390,56.799,B,3,60.938488,-52.196598,60.830083,-51.656792,0.363997,0.035595,-95.9879,-0.117820,-95.9795,-0.108072,62.406007,-51.962524,-95.9795,1.605307,1.486070,-1.575925,0.305732,-1.467519,-0.234074
391,56.943,B,3,61.248115,-52.426655,60.848922,-51.788044,0.348264,0.037250,-96.5951,-0.112812,-96.5806,-0.097154,62.446066,-52.202806,-96.5806,1.650120,1.218686,-1.597144,0.414762,-1.197951,-0.223850
392,57.100,B,3,60.927425,-52.605863,60.919479,-51.935414,0.336782,0.049723,-97.1623,-0.106915,-97.1558,-0.103236,62.484221,-52.447998,-97.1558,1.646559,1.564779,-1.564741,0.512584,-1.556796,-0.157865
393,57.244,B,3,60.617026,-53.850478,60.921401,-52.087489,0.328549,0.047265,-97.7118,-0.102042,-97.7068,-0.094059,62.520591,-52.695827,-97.7068,1.710989,2.226382,-1.599190,0.608338,-1.903565,-1.154651
394,57.382,B,3,60.953945,-53.780036,60.867125,-52.433100,0.361445,0.037842,-98.2352,-0.097247,-98.2359,-0.085376,62.555134,-52.944350,-98.2359,1.763732,1.806150,-1.688008,0.511250,-1.601189,-0.835686
395,57.522,B,3,60.274409,-53.678570,60.880895,-52.707718,0.374795,0.042490,-98.7467,-0.093693,-98.7446,-0.085493,62.587766,-53.192828,-98.7446,1.774469,2.363803,-1.706871,0.485111,-2.313357,-0.485742
396,57.666,B,3,61.033521,-54.398345,60.771259,-52.916686,0.376196,0.020718,-99.2498,-0.090999,-99.2332,-0.079036,62.618494,-53.441974,-99.2332,1.920470,1.851159,-1.847235,0.525288,-1.584974,-0.956372
397,57.811,B,3,61.346602,-54.235397,60.813804,-53.216418,0.391973,0.034894,-99.7102,-0.086482,-99.7000,-0.076878,62.647428,-53.693518,-99.7000,1.894678,1.409178,-1.833625,0.477100,-1.300827,-0.541879
398,57.973,B,3,61.177520,-54.995236,60.905365,-53.435530,0.388189,0.055628,-100.1524,-0.082416,-100.1429,-0.070831,62.674676,-53.949407,-100.1429,1.842426,1.826263,-1.769312,0.513877,-1.497156,-1.045829
399,58.095,B,3,61.024786,-55.487205,60.952211,-53.750852,0.405264,0.068195,-100.5731,-0.078627,-100.5604,-0.071770,62.700234,-54.210889,-100.5604,1.807544,2.106207,-1.748023,0.460037,-1.675448,-1.276316
400,58.243,B,3,61.362137,-55.551476,60.964129,-54.099384,0.427953,0.073881,-100.9773,-0.075076,-100.9528,-0.069264,62.724005,-54.477874,-100.9528,1.800116,1.734158,-1.759876,0.378490,-1.361869,-1.073601
401,58.405,B,3,60.896247,-55.021063,61.033818,-54.390509,0.445224,0.091312,-101.2707,-0.071108,-101.3221,-0.061885,62.745967,-54.748913,-101.3221,1.749259,1.869634,-1.712149,0.358404,-1.849720,-0.272149
402,58.546,B,3,61.045430,-55.011302,61.009408,-54.552796,0.417564,0.079782,-101.6986,-0.066624,-101.6702,-0.068208,62.766326,-55.021835,-101.6702,1.818449,1.720928,-1.756918,0.469040,-1.720895,0.010533
403,58.704,B,3,61.639356,-56.263964,61.015074,-54.675222,0.393503,0.076328,-102.0418,-0.063765,-101.9985,-0.053891,62.785521,-55.294779,-101.9985,1.875723,1.501004,-1.770447,0.619557,-1.146165,-0.969184
404,58.829,B,3,60.713559,-57.287379,61.125245,-54.996494,0.407939,0.101731,-102.3495,-0.059569,-102.3068,-0.049422,62.804045,-55.567016,-102.3068,1.773094,2.707357,-1.678800,0.570522,-2.090486,-1.720363
405,58.978,B,3,61.822724,-56.707053,61.052897,-55.444501,0.452842,0.093166,-102.6316,-0.055195,-102.5946,-0.054763,62.822194,-55.839111,-102.5946,1.812768,1.323730,-1.769297,0.394610,-0.999470,-0.867941
406,59.126,B,3,61.464627,-56.994123,61.188591,-55.704235,0.457739,0.122957,-102.8488,-0.052462,-102.8608,-0.048543,62.839892,-56.112557,-102.8608,1.701035,1.633559,-1.651301,0.408322,-1.375265,-0.881566
407,59.259,B,3,61.336724,-56.908926,61.239104,-55.976578,0.458321,0.130887,-103.0933,-0.048416,-103.1055,-0.029527,62.856695,-56.389117,-103.1055,1.669369,1.606397,-1.617591,0.412540,-1.519971,-0.519809
408,59.395,B,3,61.926643,-57.039775,61.258961,-56.194961,0.438097,0.126415,-103.3672,-0.044634,-103.3295,-0.034809,62.872049,-56.670035,-103.3295,1.681591,1.015136,-1.613088,0.475074,-0.945406,-0.369740
409,59.537,B,3,61.909803,-57.666123,61.378866,-56.380049,0.429189,0.147224,-103.5397,-0.042294,-103.5341,-0.028087,62.885678,-56.955420,-103.5341,1.612927,1.207241,-1.506812,0.575371,-0.975875,-0.710703
410,59.687,B,3,61.558954,-57.845138,61.477907,-56.658844,0.420964,0.159137,-103.7754,-0.038324,-103.7208,-0.033671,62.897798,-57.244172,-103.7208,1.535806,1.467537,-1.419891,0.585328,-1.338845,-0.600966
411,59.844,B,3,61.691494,-58.034595,61.497473,-56.912912,0.421612,0.156247,-103.9447,-0.034792,-103.8905,-0.021933,62.908996,-57.534502,-103.8905,1.542327,1.316208,-1.411523,0.621590,-1.217502,-0.500092
412,59.994,B,3,61.061983,-58.104045,61.536744,-57.155448,0.418955,0.157252,-104.0901,-0.030869,-104.0446,-0.026053,62.919862,-57.824788,-104.0446,1.536566,1.878749,-1.383119,0.669340,-1.857879,-0.279256
413,60.139,B,3,61.436863,-58.779751,61.457043,-57.366949,0.416007,0.133365,-104.2399,-0.028869,-104.1839,-0.020532,62.930660,-58.114269,-104.1839,1.652282,1.635328,-1.473618,0.747320,-1.493797,-0.665482
414,60.285,B,3,62.093908,-59.272615,61.455978,-57.660264,0.425852,0.131806,-104.3566,-0.025400,-104.3094,-0.013563,62.941222,-58.403247,-104.3094,1.660714,1.213978,-1.485244,0.742983,-0.847314,-0.869369
415,60.428,B,3,61.409955,-59.422501,61.571563,-57.990021,0.436090,0.155388,-104.4663,-0.022919,-104.4217,-0.017713,62.951027,-58.692923,-104.4217,1.548222,1.705047,-1.379464,0.702902,-1.541072,-0.729579
416,60.574,B,3,61.447565,-60.019561,61.546736,-58.289309,0.445884,0.147232,-104.5634,-0.020516,-104.5217,-0.009594,62.959414,-58.984948,-104.5217,1.574666,1.831969,-1.412678,0.695640,-1.511849,-1.034613
417,60.725,B,3,62.117883,-60.600799,61.531944,-58.642333,0.464614,0.144801,-104.6505,-0.018416,-104.6101,-0.012562,62.965865,-59.280707,-104.6101,1.569602,1.568986,-1.433921,0.638374,-0.847982,-1.320092
418,60.860,B,3,61.963399,-60.116353,61.638349,-59.037702,0.483439,0.168790,-104.7307,-0.016716,-104.6878,-0.017496,62.970215,-59.580649,-104.6878,1.438283,1.140463,-1.331866,0.542946,-1.006815,-0.535704
419,61.008,B,3,61.949270,-59.698830,61.700059,-59.278801,0.471878,0.173603,-104.7993,-0.014855,-104.7561,-0.013544,62.972641,-59.884074,-104.7561,1.409191,1.040001,-1.272582,0.605273,-1.023371,0.185244
420,61.148,B,3,61.328058,-60.758910,61.748966,-59.401709,0.439005,0.169433,-104.8581,-0.012961,-104.8165,-0.012977,62.973492,-60.189488,-104.8165,1.456043,1.741176,-1.224526,0.787779,-1.645434,-0.569422
421,61.287,B,3,62.288918,-61.869159,61.678915,-59.688275,0.448147,0.150729,-104.9288,-0.012809,-104.8708,-0.009327,62.973067,-60.495341,-104.8708,1.525183,1.534743,-1.294152,0.807067,-0.684149,-1.373818
422,61.425,B,3,62.278874,-62.338927,61.790364,-60.121831,0.475826,0.177486,-104.9773,-0.011221,-104.9201,-0.010407,62.971467,-60.800713,-104.9201,1.362309,1.686947,-1.181103,0.678882,-0.692593,-1.538214
423,61.581,B,3,61.809626,-61.692363,61.881937,-60.565110,0.503183,0.197865,-105.0312,-0.010636,-104.9653,-0.006832,62.968557,-61.105645,-104.9653,1.213639,1.298984,-1.086619,0.540534,-1.158930,-0.586719
424,61.715,B,3,61.005233,-62.462588,61.874875,-60.817434,0.494922,0.186720,-105.0772,-0.009729,-105.0069,-0.011719,62.963972,-61.411113,-105.0069,1.240398,2.223119,-1.089098,0.593679,-1.958739,-1.051475
425,61.853,B,3,60.848392,-62.540189,61.572315,-61.401121,0.575269,0.133932,-105.1280,-0.009483,-105.0455,-0.000146,62.957209,-61.718659,-105.0455,1.420832,2.263189,-1.384895,0.317538,-2.108818,-0.821530
426,61.982,B,3,61.099616,-63.499258,61.570325,-61.457833,0.519999,0.121061,-105.1630,-0.008313,-105.0820,-0.002747,62.947790,-62.029698,-105.0820,1.491456,2.361219,-1.377466,0.571864,-1.848174,-1.469560
427,62.122,B,3,61.385312,-63.216070,61.484679,-61.872476,0.545761,0.112048,-105.1916,-0.007061,-105.1173,-0.003861,62.935453,-62.344841,-105.1173,1.525736,1.778195,-1.450773,0.472365,-1.550141,-0.871229
428,62.268,B,3,62.203833,-63.693495,61.463628,-62.165114,0.541197,0.110402,-105.2198,-0.006335,-105.1524,-0.001385,62.920252,-62.663617,-105.1524,1.539564,1.254554,-1.456624,0.498503,-0.716419,-1.029878
429,62.419,B,3,61.765423,-63.129692,61.591987,-62.490193,0.535620,0.140009,-105.2313,-0.004698,-105.1877,-0.006125,62.902545,-62.984717,-105.1877,1.400755,1.146326,-1.310558,0.494524,-1.137122,-0.144975
430,62.558,B,3,61.591305,-63.346842,61.622308,-62.657220,0.504852,0.138638,-105.2579,-0.004707,-105.2230,-0.005448,62.882828,-63.306618,-105.2230,1.417965,1.292149,-1.260519,0.649397,-1.291523,-0.040225
431,62.715,B,3,61.626112,-63.857889,61.616853,-62.830321,0.480717,0.130748,-105.2921,-0.005290,-105.2580,-0.004142,62.861503,-63.628235,-105.2580,1.478452,1.256555,-1.244649,0.797915,-1.235391,-0.229654
432,62.843,B,3,60.943828,-64.795766,61.618419,-63.061103,0.470310,0.128235,-105.3240,-0.005376,-105.2925,-0.008241,62.838686,-63.949329,-105.2925,1.509303,2.075317,-1.220266,0.888226,-1.894858,-0.846436
433,62.982,B,3,61.219340,-65.381570,61.498244,-63.416718,0.492071,0.108827,-105.3621,-0.005855,-105.3264,-0.007268,62.814168,-64.270581,-105.3264,1.568674,1.943649,-1.315924,0.853863,-1.594828,-1.110989
434,63.135,B,3,61.720392,-64.889340,61.446137,-63.814832,0.516025,0.107322,-105.3883,-0.005376,-105.3598,-0.009036,62.787559,-64.593312,-105.3598,1.550950,1.107464,-1.341422,0.778481,-1.067167,-0.296027
435,63.274,B,3,60.860580,-64.994698,61.491720,-64.056641,0.501332,0.116822,-105.4234,-0.005800,-105.3916,-0.000960,62.758554,-64.918865,-105.3916,1.532415,1.899488,-1.266834,0.862223,-1.897974,-0.075833
436,63.406,B,3,61.020857,-66.274136,61.377384,-64.273036,0.491928,0.092532,-105.4409,-0.004776,-105.4204,-0.005816,62.727153,-65.247930,-105.4204,1.665021,1.991116,-1.349769,0.974893,-1.706296,-1.026206
437,63.525,B,3,61.186750,-66.259617,61.309871,-64.677169,0.517902,0.090352,-105.4769,-0.005450,-105.4441,-0.000059,62.693713,-65.580199,-105.4441,1.652417,1.653042,-1.383843,0.903030,-1.506963,-0.679418
438,63.677,B,3,61.561448,-66.859988,61.283043,-65.009131,0.524533,0.092548,-105.4920,-0.004352,-105.4616,-0.006460,62.658808,-65.914492,-105.4616,1.646939,1.448503,-1.375765,0.905361,-1.097360,-0.945496
439,63.815,B,3,60.788896,-67.124774,61.327705,-65.389545,0.536030,0.111147,-105.5067,-0.003596,-105.4725,-0.001761,62.622991,-66.249277,-105.4725,1.554640,2.032338,-1.295286,0.859732,-1.834095,-0.875497
440,63.953,B,3,61.165184,-67.508026,61.228111,-65.753185,0.550241,0.098370,-105.5066,-0.001993,-105.4773,0.004215,62.586618,-66.583321,-105.4773,1.592064,1.695745,-1.358507,0.830136,-1.421434,-0.924705
441,64.092,B,3,61.255178,-67.833039,61.211696,-66.121702,0.559821,0.103783,-105.4986,-0.000572,-105.4765,0.007247,62.549803,-66.916193,-105.4765,1.556196,1.586399,-1.338107,0.794491,-1.294625,-0.916846
442,64.229,B,3,61.189783,-68.197888,61.215008,-66.476703,0.566398,0.112168,-105.5542,-0.005678,-105.5774,-0.083195,62.513865,-67.248068,-105.5774,1.510640,1.629525,-1.298857,0.771365,-1.324082,-0.949820
443,64.378,B,3,60.992508,-68.327193,61.206443,-66.826242,0.583585,0.119437,-106.0635,-0.042526,-106.1590,-0.030259,62.483107,-67.570441,-106.1590,1.477735,1.671693,-1.276664,0.744199,-1.490599,-0.756752
444,64.511,B,3,60.708182,-68.895229,61.163590,-67.158774,0.571172,0.112874,-105.9491,-0.009517,-105.9182,0.069596,62.448479,-67.892267,-105.9182,1.479511,2.008624,-1.284889,0.733493,-1.740297,-1.002962
445,64.653,B,3,60.786016,-69.775034,61.077719,-67.523299,0.580907,0.103160,-106.1399,-0.023138,-106.1908,-0.145383,62.419227,-68.208309,-106.1908,1.506281,2.263185,-1.341508,0.685010,-1.633211,-1.566725
446,64.787,B,3,61.174448,-68.334407,61.019143,-67.980096,0.606065,0.105194,-106.6409,-0.047267,-106.6503,-0.001348,62.392357,-68.522503,-106.6503,1.476456,1.232348,-1.373214,0.542408,-1.217909,0.188096
447,64.934,B,3,60.062305,-69.387567,61.039867,-68.101828,0.558590,0.103983,-106.7749,-0.039747,-106.8069,-0.118033,62.363729,-68.837350,-106.8069,1.514465,2.366283,-1.323863,0.735522,-2.301424,-0.550217
448,65.090,B,3,61.235758,-70.160689,60.859273,-68.384805,0.559326,0.072977,-107.3936,-0.066162,-107.4025,-0.038103,62.340668,-69.147575,-107.4025,1.666238,1.499075,-1.481395,0.762770,-1.104910,-1.013114
449,65.225,B,3,61.075251,-70.308508,60.916470,-68.754267,0.563293,0.097090,-107.8727,-0.075565,-107.9254,-0.111267,62.318836,-69.452783,-107.9254,1.566701,1.509559,-1.402366,0.698515,-1.243585,-0.855725
450,65.355,B,3,61.030274,-71.025493,60.936474,-69.085186,0.561304,0.109365,-108.4542,-0.086751,-108.5080,-0.132926,62.300173,-69.750388,-108.5080,1.517290,1.799593,-1.363699,0.665203,-1.269899,-1.275104
451,65.491,B,3,61.202267,-71.076096,60.945402,-69.484969,0.573417,0.122650,-109.1260,-0.099462,-109.1885,-0.126534,62.285410,-70.039639,-109.1885,1.450270,1.499147,-1.340009,0.554670,-1.083143,-1.036457
452,65.628,B,3,60.639859,-70.382722,60.983530,-69.824083,0.570384,0.136993,-109.8583,-0.111299,-109.9383,-0.136633,62.274072,-70.321853,-109.9383,1.383211,1.635347,-1.290542,0.497770,-1.634214,-0.060868
453,65.762,B,3,60.893474,-71.626116,60.915563,-69.979462,0.538618,0.118254,-110.6541,-0.122928,-110.7520,-0.144305,62.265473,-70.599385,-110.7520,1.485450,1.713639,-1.349910,0.619922,-1.372000,-1.026731
454,65.894,B,3,61.080673,-71.461533,60.903259,-70.325079,0.543544,0.125062,-111.5064,-0.133838,-111.6252,-0.156252,62.258643,-70.874774,-111.6252,1.462611,1.316016,-1.355385,0.549695,-1.177970,-0.586758
455,66.036,B,3,60.759518,-72.094307,60.926172,-70.580305,0.527983,0.132578,-112.4211,-0.144509,-112.5552,-0.164813,62.252663,-71.149680,-112.5552,1.443526,1.766862,-1.326491,0.569375,-1.493145,-0.944627
456,66.175,B,3,60.176857,-72.554209,60.888123,-70.901451,0.530741,0.132765,-113.3998,-0.155338,-113.5407,-0.179715,62.247051,-71.424196,-113.5407,1.456004,2.358523,-1.358928,0.522745,-2.070194,-1.130013
457,66.311,B,3,60.792798,-72.559932,60.752114,-71.247218,0.544678,0.116989,-114.4334,-0.165647,-114.5813,-0.182703,62.241983,-71.696914,-114.5813,1.556257,1.686694,-1.489869,0.449697,-1.449185,-0.863018
458,66.460,B,3,60.816999,-72.132080,60.747059,-71.533109,0.535959,0.124458,-115.5370,-0.176563,-115.6764,-0.191717,62.238213,-71.965646,-115.6764,1.552620,1.430926,-1.491154,0.432537,-1.421214,-0.166434
459,66.601,B,3,61.105481,-71.557548,60.747394,-71.691262,0.503519,0.123060,-116.6818,-0.186140,-116.8238,-0.200740,62.236684,-72.228547,-116.8238,1.583244,1.315241,-1.489290,0.537285,-1.131203,0.670999
460,66.736,B,3,60.406250,-73.249676,60.799463,-71.715974,0.445597,0.121221,-117.8815,-0.195693,-118.0202,-0.215556,62.237990,-72.485042,-118.0202,1.631204,1.984927,-1.438527,0.769069,-1.831740,-0.764634
461,66.885,B,3,60.665373,-73.499010,60.718856,-72.031961,0.459127,0.119387,-119.1216,-0.204136,-119.2617,-0.213631,62.242012,-72.735995,-119.2617,1.677995,1.751565,-1.523155,0.704034,-1.576638,-0.763015
462,67.021,B,3,61.292177,-73.060087,60.696972,-72.336981,0.463750,0.128830,-120.4019,-0.211896,-120.5451,-0.230627,62.247850,-72.983260,-120.5451,1.680149,0.958756,-1.550879,0.646280,-0.955673,-0.076826
463,67.179,B,3,60.645189,-74.574081,60.790287,-72.510425,0.433024,0.147335,-121.7118,-0.218565,-121.8688,-0.238796,62.254068,-73.228935,-121.8688,1.630616,2.097119,-1.463780,0.718509,-1.608878,-1.345147
464,67.327,B,3,60.076138,-73.454077,60.753471,-72.920275,0.459911,0.163024,-123.0880,-0.227218,-123.2324,-0.232500,62.259286,-73.474495,-123.2324,1.604567,2.183244,-1.505815,0.554220,-2.183148,0.020418
465,67.472,B,3,60.428226,-74.093262,60.621260,-73.060471,0.444390,0.135203,-124.4781,-0.233236,-124.6360,-0.249227,62.262829,-73.720203,-124.6360,1.769179,1.872149,-1.641568,0.659732,-1.834603,-0.373059
466,67.626,B,3,60.173772,-74.445821,60.572588,-73.286538,0.437474,0.134837,-125.9167,-0.240280,-126.0791,-0.247519,62.265024,-73.965085,-126.0791,1.823394,2.145797,-1.692436,0.678547,-2.091252,-0.480736
467,67.780,B,3,60.677386,-74.731744,60.486539,-73.534184,0.438690,0.131329,-127.3879,-0.246749,-127.5603,-0.253676,62.267044,-74.207450,-127.5603,1.903545,1.673886,-1.780505,0.673266,-1.589657,-0.524294
468,67.945,B,3,60.761799,-74.820019,60.503989,-73.788263,0.429228,0.147817,-128.8881,-0.252750,-129.0775,-0.267223,62.270294,-74.445745,-129.0775,1.884706,1.554232,-1.766305,0.657483,-1.508495,-0.374274
469,68.123,B,3,61.198016,-75.650660,60.534107,-74.012723,0.413658,0.162154,-130.4364,-0.259685,-130.6282,-0.273866,62.275665,-74.679292,-130.6282,1.864763,1.450821,-1.741558,0.666570,-1.077649,-0.971367
470,68.265,B,3,60.741217,-75.796182,60.637120,-74.344542,0.408219,0.200353,-132.0249,-0.266495,-132.2103,-0.287698,62.283094,-74.908476,-132.2103,1.739900,1.779159,-1.645974,0.563934,-1.541877,-0.887706
471,68.404,B,3,60.331332,-75.599202,60.642547,-74.644693,0.408655,0.215521,-133.6469,-0.272905,-133.8225,-0.281354,62.291567,-75.134513,-133.8225,1.720230,2.014562,-1.649020,0.489821,-1.960235,-0.464689
472,68.572,B,3,60.701754,-75.196101,60.574129,-74.856925,0.403357,0.207369,-135.2860,-0.277846,-135.4638,-0.284495,62.299495,-75.358989,-135.4638,1.796930,1.606023,-1.725366,0.502064,-1.597742,0.162888
473,68.744,B,3,60.022439,-76.706975,60.582618,-74.958546,0.371040,0.198825,-136.9557,-0.283262,-137.1331,-0.288742,62.305411,-75.583194,-137.1331,1.832539,2.544571,-1.722793,0.624648,-2.282971,-1.123781
474,68.908,B,3,60.735573,-76.456021,60.468732,-75.307385,0.396039,0.206281,-138.6545,-0.288260,-138.8292,-0.300731,62.308653,-75.807546,-138.8292,1.906691,1.701499,-1.839921,0.500161,-1.573080,-0.648474
475,69.089,B,3,60.970869,-77.651362,60.499691,-75.551578,0.381718,0.221754,-140.3736,-0.292850,-140.5512,-0.299534,62.309658,-76.031426,-140.5512,1.872495,2.101558,-1.809967,0.479848,-1.338789,-1.619936
476,69.277,B,3,61.167792,-76.463626,60.567383,-75.964792,0.387008,0.265729,-142.1138,-0.297022,-142.2987,-0.303639,62.309767,-76.253497,-142.2987,1.766141,1.161146,-1.742384,0.288705,-1.141975,-0.210129
477,69.464,B,3,61.083369,-77.185625,60.659677,-76.096553,0.346616,0.268170,-143.8824,-0.301520,-144.0715,-0.311760,62.310589,-76.472390,-144.0715,1.693152,1.419427,-1.650912,0.375837,-1.227220,-0.713235
478,69.627,B,3,60.745311,-76.728403,60.722267,-76.330679,0.328278,0.281798,-145.6620,-0.304646,-145.8433,-0.272397,62.312956,-76.687551,-145.8433,1.630229,1.568177,-1.590688,0.356873,-1.567645,-0.040851
479,69.772,B,3,60.448984,-78.160357,60.715390,-76.441549,0.305393,0.266192,-146.9405,-0.268674,-147.0917,-0.245453,62.311626,-76.898744,-147.0917,1.660421,2.249690,-1.596237,0.457195,-1.862642,-1.261614
480,69.921,B,3,60.815664,-77.890738,60.656002,-76.784317,0.322298,0.282969,-148.7302,-0.288405,-149.0047,-0.411454,62.305588,-77.114098,-149.0047,1.682228,1.680192,-1.649586,0.329781,-1.489924,-0.776640
481,70.067,B,3,60.125486,-77.788602,60.670774,-77.020229,0.310791,0.291084,-150.6698,-0.305225,-150.7691,-0.222882,62.293619,-77.327694,-150.7691,1.651714,2.216582,-1.622844,0.307465,-2.168133,-0.460907
482,70.216,B,3,59.998210,-78.222689,60.561228,-77.195653,0.312994,0.274319,-151.8625,-0.266053,-151.9953,-0.283298,62.274571,-77.538844,-151.9953,1.747377,2.376860,-1.713343,0.343191,-2.276361,-0.683844
483,70.372,B,3,60.865277,-77.850948,60.445961,-77.415220,0.320359,0.267478,-153.6207,-0.281939,-153.7445,-0.240873,62.250495,-77.756045,-153.7445,1.836438,1.388466,-1.804534,0.340826,-1.385219,-0.094903
484,70.536,B,3,60.439080,-78.802403,60.504166,-77.529585,0.285134,0.263124,-154.7971,-0.249522,-154.9008,-0.255649,62.225298,-77.963410,-154.9008,1.774965,1.973445,-1.721132,0.433825,-1.786218,-0.838994
485,70.686,B,3,61.162074,-78.858572,60.477677,-77.790313,0.283085,0.276166,-156.2473,-0.248529,-156.3241,-0.181044,62.204911,-78.169517,-156.3241,1.768370,1.249922,-1.727233,0.379204,-1.042836,-0.689055
486,70.833,B,3,60.432903,-78.681315,60.584570,-78.015701,0.253009,0.295279,-157.4992,-0.236575,-157.5666,-0.210330,62.185719,-78.369101,-157.5666,1.639686,1.780405,-1.601149,0.353400,-1.752816,-0.312213
487,70.987,B,3,59.801407,-78.501338,60.545559,-78.169464,0.244658,0.285654,-158.6924,-0.224438,-158.7443,-0.201981,62.166135,-78.564928,-158.7443,1.668130,2.365583,-1.620576,0.395463,-2.364728,0.063590
488,71.149,B,3,60.640758,-79.431815,60.400978,-78.262264,0.250520,0.257117,-159.8477,-0.214438,-159.8743,-0.196672,62.145016,-78.758443,-159.8743,1.813247,1.648097,-1.744038,0.496179,-1.504258,-0.673372
489,71.305,B,3,59.879451,-79.390650,60.428993,-78.501762,0.236311,0.274347,-160.9285,-0.203288,-160.9442,-0.182980,62.122320,-78.950026,-160.9442,1.751656,2.285741,-1.693327,0.448263,-2.242869,-0.440624
490,71.467,B,3,60.497588,-79.245431,60.317948,-78.691979,0.244595,0.269486,-161.9687,-0.193865,-161.9580,-0.168388,62.099136,-79.139191,-161.9580,1.836472,1.605069,-1.781188,0.447211,-1.601549,-0.106241
491,71.618,B,3,60.275975,-79.756414,60.335260,-78.822309,0.222673,0.264535,-162.9484,-0.184079,-162.9230,-0.169247,62.074331,-79.325708,-162.9230,1.810464,1.849214,-1.739071,0.503399,-1.798356,-0.430706
492,71.766,B,3,60.219205,-79.732742,60.311286,-79.018992,0.215420,0.269808,-163.8983,-0.176251,-163.8481,-0.161611,62.041987,-79.510963,-163.8481,1.799266,1.836224,-1.730701,0.491970,-1.822782,-0.221779
493,71.911,B,3,60.307435,-80.423494,60.281881,-79.176531,0.206655,0.266964,-164.7995,-0.168226,-164.7372,-0.148423,62.004579,-79.693874,-164.7372,1.798703,1.847333,-1.722698,0.517344,-1.697144,-0.729619
494,72.048,B,3,60.434646,-79.914281,60.273523,-79.428307,0.200520,0.284213,-165.6662,-0.161048,-165.5909,-0.147520,61.964206,-79.874204,-165.5909,1.748494,1.530085,-1.690683,0.445897,-1.529560,-0.040078
495,72.184,B,3,59.955465,-79.842547,60.290036,-79.546019,0.181106,0.275394,-166.4817,-0.152903,-166.4081,-0.135328,61.921190,-80.052654,-166.4081,1.708023,1.976922,-1.631154,0.506635,-1.965725,0.210106
496,72.337,B,3,60.079328,-80.835926,60.219596,-79.628452,0.178380,0.255668,-167.2629,-0.145981,-167.1869,-0.136179,61.874275,-80.230197,-167.1869,1.760699,1.894397,-1.654679,0.601746,-1.794947,-0.605728
497,72.477,B,3,60.348859,-81.759467,60.182952,-79.870986,0.178110,0.271645,-168.0101,-0.139334,-167.9274,-0.133289,61.821114,-80.407469,-167.9274,1.723772,1.998858,-1.638162,0.536484,-1.472255,-1.351997
498,72.617,B,3,59.635785,-81.243336,60.200632,-80.236163,0.172948,0.312973,-168.7162,-0.132566,-168.6314,-0.118509,61.759091,-80.584490,-168.6314,1.596912,2.223174,-1.558459,0.348328,-2.123306,-0.658845
499,72.756,B,3,59.764800,-81.431069,60.089391,-80.447973,0.185042,0.313151,-169.3929,-0.126322,-169.3021,-0.114265,61.686633,-80.760840,-169.3021,1.627595,2.035350,-1.597241,0.312867,-1.921833,-0.670228
500,72.913,B,3,60.139716,-80.206751,60.019394,-80.655688,0.186906,0.314893,-170.0328,-0.120150,-169.9417,-0.107427,61.604164,-80.936080,-169.9417,1.609384,1.636010,-1.584770,0.280392,-1.464448,0.729329
501,73.083,B,3,59.969573,-80.948817,60.028346,-80.608720,0.161161,0.269762,-170.6411,-0.114298,-170.5507,-0.098638,61.513965,-81.110016,-170.5507,1.567916,1.552782,-1.485619,0.501296,-1.544392,0.161199
502,73.233,B,3,59.632493,-81.365907,60.006696,-80.697297,0.150289,0.255428,-171.2166,-0.108519,-171.1291,-0.095211,61.418985,-81.282662,-171.1291,1.528795,1.788431,-1.412290,0.585365,-1.786493,-0.083245
503,73.385,B,3,60.050848,-81.562196,59.929404,-80.842652,0.153809,0.251965,-171.7632,-0.102996,-171.6779,-0.098734,61.321290,-81.454039,-171.6779,1.520244,1.275038,-1.391886,0.611387,-1.270443,-0.108158
504,73.521,B,3,59.521761,-82.382552,59.941788,-80.991246,0.142315,0.259316,-172.1854,-0.099195,-172.1989,-0.087163,61.221355,-81.624044,-172.1989,1.427489,1.861170,-1.279567,0.632798,-1.699594,-0.758508
505,73.667,B,3,59.898462,-82.250700,59.855054,-81.269342,0.149766,0.276927,-172.7684,-0.092356,-172.6940,-0.088165,61.118213,-81.792520,-172.6940,1.367218,1.302967,-1.263159,0.523178,-1.219751,-0.458180
506,73.802,B,3,59.506002,-82.413593,59.853765,-81.466001,0.142401,0.291349,-173.1554,-0.089653,-173.1644,-0.088357,61.009775,-81.959432,-173.1644,1.256914,1.570858,-1.156010,0.493431,-1.503773,-0.454161
507,73.948,B,3,59.337160,-82.282442,59.779868,-81.668392,0.143639,0.289799,-173.6889,-0.083765,-173.6103,-0.077447,60.893585,-82.124992,-173.6103,1.203682,1.564368,-1.113717,0.456600,-1.556425,-0.157450
508,74.088,B,3,59.393772,-82.041213,59.690297,-81.806766,0.148827,0.281637,-174.1177,-0.080124,-174.0307,-0.072639,60.768092,-82.289564,-174.0307,1.180989,1.396580,-1.077795,0.482798,-1.374321,0.248351
509,74.230,B,3,58.708948,-82.958836,59.626018,-81.876816,0.146280,0.261546,-174.5024,-0.074834,-174.4254,-0.063322,60.633528,-82.453386,-174.4254,1.160823,1.989846,-1.007510,0.576570,-1.924580,-0.505451
510,74.366,B,3,59.386455,-82.852027,59.451056,-82.095598,0.170005,0.271086,-174.8902,-0.071884,-174.7961,-0.058826,60.491817,-82.616315,-174.7961,1.163756,1.130214,-1.040761,0.520717,-1.105361,-0.235712
511,74.511,B,3,58.237995,-82.740200,59.425500,-82.257594,0.159188,0.271931,-175.2283,-0.066651,-175.1462,-0.055935,60.350529,-82.777267,-175.1462,1.061008,2.112859,-0.925029,0.519673,-2.112534,0.037067
512,74.644,B,3,57.799600,-82.536955,59.201007,-82.370654,0.188490,0.258461,-175.5477,-0.062180,-175.4783,-0.064296,60.217967,-82.934960,-175.4783,1.163035,2.450900,-1.016960,0.564307,-2.418367,0.398005
513,74.779,B,3,58.261366,-83.423320,58.935400,-82.426248,0.221418,0.234436,-175.8671,-0.059390,-175.7927,-0.053959,60.092694,-83.089546,-175.7927,1.333901,1.861496,-1.157294,0.663298,-1.831328,-0.333774
514,74.923,B,3,58.011922,-83.069793,58.795712,-82.627622,0.227854,0.245489,-176.1659,-0.056298,-176.0875,-0.049675,59.971591,-83.241618,-176.0875,1.326530,1.967187,-1.175879,0.613996,-1.959669,0.171825
515,75.062,B,3,58.237679,-83.575418,58.635877,-82.731232,0.235627,0.235313,-176.4378,-0.052723,-176.3610,-0.042752,59.851028,-83.391753,-176.3610,1.383068,1.623770,-1.215150,0.660521,-1.613349,-0.183665
516,75.207,B,3,57.274582,-84.114259,58.543722,-82.905415,0.229876,0.241944,-176.6896,-0.049135,-176.6134,-0.047670,59.728413,-83.540072,-176.6134,1.343980,2.520115,-1.184691,0.634657,-2.453831,-0.574187
517,75.348,B,3,57.792473,-83.633415,58.296976,-83.144973,0.256945,0.258757,-176.9277,-0.046026,-176.8478,-0.045169,59.603442,-83.686186,-176.8478,1.414130,1.811738,-1.306466,0.541213,-1.810969,0.052771
518,75.486,B,3,57.765774,-83.974792,58.183776,-83.258033,0.251729,0.250205,-177.1536,-0.043361,-177.0686,-0.037352,59.478187,-83.829499,-177.0686,1.414945,1.718565,-1.294410,0.571466,-1.712412,-0.145294
519,75.633,B,3,57.098592,-84.124018,58.086327,-83.410815,0.244361,0.251017,-177.3545,-0.039930,-177.2787,-0.031997,59.356219,-83.969607,-177.2787,1.387398,2.262901,-1.269892,0.558792,-2.257627,-0.154411
520,75.769,B,3,57.850273,-84.086740,57.887912,-83.562689,0.258135,0.250422,-177.8489,-0.062378,-177.8443,-0.189294,59.240813,-84.110523,-177.8443,1.459611,1.390743,-1.352901,0.547835,-1.390540,0.023783
521,75.915,B,3,57.482109,-84.207311,57.857058,-83.680730,0.235777,0.245210,-178.4511,-0.077329,-178.3840,-0.011879,59.132409,-84.247427,-178.3840,1.395588,1.650787,-1.275351,0.566696,-1.650299,0.040115
522,76.056,B,3,56.932948,-84.343681,57.768516,-83.798823,0.227638,0.239977,-178.3733,-0.039970,-178.3025,-0.052606,59.023879,-84.380240,-178.3025,1.383468,2.091250,-1.255363,0.581417,-2.090931,0.036560
523,76.200,B,3,56.942274,-84.855161,57.598171,-83.919113,0.236852,0.235244,-179.1165,-0.080141,-179.0940,-0.139638,58.924257,-84.517775,-179.0940,1.454957,2.010494,-1.326086,0.598661,-1.981983,-0.337387
524,76.341,B,3,57.273278,-85.411704,57.458875,-84.108574,0.239138,0.245530,-179.5132,-0.073132,-179.4284,-0.019403,58.821062,-84.649791,-179.4284,1.465765,1.725152,-1.362187,0.541216,-1.547785,-0.761913
525,76.488,B,3,56.317672,-84.394523,57.402717,-84.364106,0.224407,0.268829,179.8288,-0.094165,179.8536,-0.180960,58.717691,-84.782482,179.8536,1.379925,2.431173,-1.314974,0.418375,-2.400019,0.387958
526,76.640,B,3,57.277306,-85.686603,57.187758,-84.395029,0.242107,0.243103,179.1983,-0.098555,179.2526,-0.089299,58.609267,-84.912065,179.2526,1.512618,1.540789,-1.421508,0.517035,-1.331961,-0.774538
527,76.776,B,3,56.941878,-84.851974,57.179640,-84.647771,0.216392,0.266502,178.3571,-0.120005,178.3897,-0.123492,58.499500,-85.042031,178.3897,1.377487,1.569174,-1.319860,0.394259,-1.557622,0.190056
528,76.927,B,3,55.788798,-85.046950,57.115597,-84.708930,0.204251,0.248214,177.5760,-0.128220,177.5876,-0.152862,58.388411,-85.170037,177.5876,1.353763,2.602525,-1.272814,0.461107,-2.599612,0.123088
529,77.072,B,3,55.740086,-85.571709,56.858563,-84.791677,0.232554,0.236733,176.6979,-0.138929,176.6930,-0.174441,58.279933,-85.297550,176.6930,1.508708,2.554601,-1.421370,0.505873,-2.539847,-0.274159
530,77.210,B,3,56.592295,-84.902929,56.635746,-84.951740,0.250231,0.242778,176.1461,-0.118121,176.2013,-0.061736,58.171660,-85.421430,176.2013,1.606126,1.662298,-1.535914,0.469690,-1.579364,0.518501
531,77.353,B,3,56.591245,-85.267669,56.602261,-84.964546,0.227807,0.217730,175.3368,-0.130868,175.3182,-0.235148,58.060982,-85.544939,175.3182,1.569943,1.495662,-1.458721,0.580393,-1.469737,0.277269
532,77.494,B,3,56.108019,-86.283740,56.576353,-85.037157,0.205894,0.207779,174.0903,-0.164680,174.0906,-0.128422,57.946039,-85.666669,174.0906,1.507423,1.938838,-1.369686,0.629512,-1.838020,-0.617071
533,77.646,B,3,56.769690,-85.753013,56.471111,-85.276861,0.200675,0.233677,173.6053,-0.130539,173.6321,-0.110373,57.828234,-85.780468,173.6321,1.447551,1.058900,-1.357123,0.503607,-1.058544,0.027455
534,77.799,B,3,56.005752,-86.599932,56.502250,-85.381568,0.169498,0.227691,172.5750,-0.152901,172.5581,-0.170156,57.701865,-85.898372,172.5581,1.306202,1.835479,-1.199615,0.516805,-1.696112,-0.701559
535,77.940,B,3,55.950101,-87.079694,56.394692,-85.617914,0.167621,0.251132,172.0028,-0.128657,172.0231,-0.111057,57.569493,-86.009426,172.0231,1.238321,1.941109,-1.174800,0.391512,-1.619392,-1.070268
536,78.091,B,3,55.972648,-86.103208,56.295806,-85.899476,0.162611,0.281107,171.1653,-0.135955,171.1884,-0.093593,57.427839,-86.121337,171.1884,1.153569,1.455303,-1.132033,0.221861,-1.455191,0.018130
537,78.247,B,3,55.457925,-87.088039,56.217813,-85.960876,0.157823,0.262662,170.4968,-0.126496,170.5450,-0.119684,57.279555,-86.227595,170.5450,1.094730,2.014621,-1.061741,0.266719,-1.821630,-0.860444
538,78.399,B,3,55.090608,-86.424400,56.063875,-86.182904,0.165289,0.281620,169.8812,-0.120541,169.9077,-0.098856,57.125212,-86.330105,169.9077,1.071496,2.036787,-1.061337,0.147201,-2.034603,-0.094295
539,78.540,B,3,55.090246,-86.453215,55.868346,-86.251349,0.183071,0.267828,169.2104,-0.115209,169.2906,-0.109508,56.966126,-86.429557,169.2906,1.112151,1.876030,-1.097780,0.178208,-1.875880,-0.023658
540,78.679,B,3,55.163515,-87.175230,55.714194,-86.302978,0.196706,0.258784,168.7757,-0.111963,168.7082,-0.093308,56.803260,-86.527082,168.7082,1.111884,1.763195,-1.089065,0.224104,-1.639745,-0.648148
541,78.816,B,3,55.184949,-86.810777,55.589137,-86.481735,0.188785,0.263142,168.1133,-0.104319,168.1618,-0.086821,56.636721,-86.623441,168.1618,1.057125,1.463809,-1.047584,0.141706,-1.451772,-0.187336
542,78.956,B,3,55.061216,-87.416869,55.494199,-86.561138,0.183022,0.251979,167.5874,-0.099202,167.6492,-0.088537,56.465718,-86.718261,167.6492,0.984143,1.568656,-0.971519,0.157123,-1.404502,-0.698608
543,79.101,B,3,54.244549,-86.952063,55.394642,-86.733099,0.175314,0.260914,167.1020,-0.092998,167.1655,-0.084389,56.289137,-86.810390,167.1655,0.897829,2.049491,-0.894496,0.077291,-2.044588,-0.141673
544,79.230,B,3,54.770086,-87.498408,55.167971,-86.792518,0.197753,0.251418,166.6442,-0.087490,166.7060,-0.077522,56.106238,-86.898794,166.7060,0.944266,1.464526,-0.938266,0.106276,-1.336151,-0.599615
545,79.386,B,3,54.800069,-86.639821,55.025473,-86.885359,0.200928,0.245727,166.2040,-0.083121,166.2689,-0.077668,55.916930,-86.983249,166.2689,0.896815,1.168470,-0.891457,0.097890,-1.116861,0.343427
546,79.533,B,3,53.259461,-87.482411,55.001057,-86.903631,0.181624,0.222117,165.7693,-0.080234,165.8555,-0.066470,55.721752,-87.064419,165.8555,0.738414,2.497518,-0.720695,0.160788,-2.462292,-0.417992
547,79.672,B,3,53.964894,-86.967890,54.668899,-87.022767,0.221129,0.234786,165.3798,-0.075242,165.4670,-0.060402,55.521796,-87.143321,165.4670,0.861374,1.566755,-0.852896,0.120554,-1.556902,0.175431
548,79.817,B,3,53.135418,-86.635512,54.517353,-87.029347,0.225135,0.215997,165.0128,-0.070582,165.1020,-0.063590,55.318551,-87.220636,165.1020,0.823717,2.260186,-0.801198,0.191290,-2.183133,0.585125
549,79.956,B,3,53.399898,-86.815646,54.245124,-86.973531,0.255420,0.192977,164.6486,-0.067690,164.7566,-0.057737,55.113412,-87.296295,164.7566,0.926337,1.779650,-0.868287,0.322764,-1.713514,0.480649
550,80.096,B,3,53.230950,-86.100387,54.066207,-86.956902,0.261914,0.176203,164.6151,-0.038955,164.7932,0.096405,54.912940,-87.367081,164.7932,0.940853,2.105613,-0.846733,0.410179,-1.681990,1.266695
551,80.235,B,3,52.790222,-87.202639,53.888920,-86.814236,0.273643,0.136674,164.6961,-0.019817,164.8324,-0.073566,54.720287,-87.438698,164.8324,1.039771,1.944447,-0.831367,0.624462,-1.930065,0.236059
552,80.377,B,3,52.317018,-86.682861,53.664439,-86.888687,0.282311,0.147089,164.1641,-0.050088,164.2809,-0.031794,54.523657,-87.508769,164.2809,1.059602,2.356137,-0.859217,0.620083,-2.206639,0.825909
553,80.502,B,3,53.390122,-87.248230,53.394747,-86.858537,0.304212,0.138175,164.4447,-0.005975,164.6298,0.058496,54.338822,-87.572717,164.6298,1.183778,1.002659,-0.944076,0.714179,-0.948701,0.324487
554,80.655,B,3,52.852025,-87.559792,53.362195,-86.932862,0.271498,0.138555,164.4108,-0.008582,164.5618,-0.034020,54.146710,-87.636593,164.5618,1.053898,1.296961,-0.784515,0.703730,-1.294685,0.076801
555,80.795,B,3,51.634279,-88.018768,53.242722,-87.050513,0.257308,0.151950,164.7209,0.020029,164.9199,0.097264,53.958816,-87.695930,164.9199,0.964030,2.346848,-0.716094,0.645418,-2.324537,-0.322838
556,80.942,B,3,51.537997,-87.129791,52.928767,-87.230599,0.279543,0.186429,165.0033,0.031096,165.1863,0.073539,53.770286,-87.752820,165.1863,0.990389,2.317602,-0.841519,0.522222,-2.232289,0.623029
557,81.092,B,3,51.577374,-87.795314,52.650708,-87.223322,0.302206,0.178182,165.4772,0.052438,165.6733,0.084054,53.588381,-87.806106,165.6733,1.104023,2.011036,-0.937673,0.582784,-2.011007,0.010792
558,81.236,B,3,52.268349,-87.368468,52.427349,-87.334734,0.305285,0.191148,165.9868,0.068076,166.1730,0.090050,53.412966,-87.857334,166.1730,1.115595,1.244644,-0.985617,0.522600,-1.144617,0.488866
559,81.375,B,3,51.593744,-87.968791,52.366229,-87.351737,0.281203,0.175435,166.5857,0.083161,166.7873,0.109567,53.246035,-87.906735,166.7873,1.040231,1.653456,-0.879805,0.554998,-1.652291,-0.062056
560,81.513,B,3,51.280585,-88.506966,52.198659,-87.472065,0.275610,0.187223,167.2733,0.098273,167.4841,0.128931,53.085790,-87.954791,167.4841,1.009963,1.887766,-0.887131,0.482726,-1.805205,-0.552174
561,81.648,B,3,51.427144,-87.484913,52.005677,-87.668391,0.272129,0.213674,168.0341,0.112427,168.2635,0.132394,52.929753,-88.001151,168.2635,0.982163,1.588816,-0.924076,0.332760,-1.502609,0.516238
562,81.781,B,3,51.052763,-87.634682,51.872963,-87.650746,0.267893,0.191668,168.8395,0.123346,169.0593,0.098894,52.774071,-88.044733,169.0593,0.983475,1.769475,-0.901108,0.393987,-1.721308,0.410051
563,81.925,B,3,50.882560,-86.822411,51.698107,-87.660995,0.271170,0.179467,169.2119,0.098492,169.4054,0.104494,52.610223,-88.086917,169.4054,1.006661,2.140981,-0.912117,0.425921,-1.727664,1.264506
564,82.056,B,3,50.878905,-88.853117,51.524133,-87.524414,0.280553,0.139091,170.2754,0.137528,170.5454,0.241819,52.439533,-88.121166,170.5454,1.092735,1.723749,-0.915400,0.596752,-1.560628,-0.731951
565,82.206,B,3,50.688712,-88.186681,51.380783,-87.769910,0.266359,0.177572,171.1600,0.140627,171.3457,0.047698,52.262575,-88.155813,171.3457,0.962538,1.574166,-0.881792,0.385903,-1.573864,-0.030868
566,82.358,B,3,50.725459,-88.449095,51.227403,-87.858207,0.262328,0.180215,171.6960,0.118751,171.8499,0.172683,52.082683,-88.189870,171.8499,0.917336,1.381758,-0.855280,0.331663,-1.357224,-0.259225
567,82.509,B,3,50.299600,-88.040188,51.112968,-87.976350,0.251298,0.187744,172.6014,0.136661,172.8307,0.062164,51.904941,-88.218947,172.7836,0.828296,1.615263,-0.791973,0.242597,-1.605341,0.178759
568,82.648,B,3,49.431853,-87.358524,50.941992,-88.002602,0.255587,0.177050,173.1019,0.117104,173.2875,0.168209,51.727094,-88.251376,173.2875,0.823574,2.462786,-0.785102,0.248774,-2.295241,0.892852
569,82.790,B,3,50.035305,-88.433780,50.646900,-87.902380,0.288477,0.145930,173.7758,0.114393,173.9948,0.104857,51.549360,-88.281941,173.9314,0.979031,1.521649,-0.902460,0.379561,-1.514055,-0.151838
570,82.919,B,3,48.978364,-89.037428,50.515169,-88.005533,0.285410,0.157301,174.3068,0.114633,174.5592,0.083087,51.367764,-88.311460,174.5592,0.905820,2.497251,-0.852595,0.305927,-2.389400,-0.725968
571,83.064,B,3,49.001680,-87.258212,50.208817,-88.203751,0.302910,0.184174,175.0004,0.107906,175.1365,0.093107,51.178354,-88.339455,175.1365,0.978988,2.430431,-0.969537,0.135704,-2.176674,1.081243
572,83.193,B,3,48.848668,-88.557451,49.970226,-88.048665,0.327838,0.141011,175.4371,0.103119,175.6803,0.098842,50.978448,-88.365214,175.6803,1.056748,2.138438,-1.008223,0.316550,-2.129780,-0.192237
573,83.334,B,3,48.512002,-87.246796,49.733465,-88.152150,0.328245,0.147715,176.0655,0.096630,176.1991,0.090601,50.767720,-88.389118,176.1991,1.061054,2.528470,-1.034255,0.236968,-2.255718,1.142322
574,83.479,B,3,48.855212,-89.063953,49.483626,-88.003362,0.343997,0.105656,176.5733,0.092872,176.6987,0.092036,50.548360,-88.412295,176.6987,1.140564,1.814224,-1.064735,0.408933,-1.693148,-0.651658
575,83.625,B,3,48.801852,-87.864502,49.338329,-88.200183,0.329905,0.135796,176.7903,0.066560,176.8533,-0.069961,50.327076,-88.439521,176.8533,1.017302,1.630017,-0.988747,0.239338,-1.525225,0.575018
576,83.768,B,3,48.685703,-89.502805,49.210392,-88.151564,0.318561,0.112327,176.8308,0.044190,176.9338,0.087150,50.115467,-88.466660,176.9338,0.958356,1.765736,-0.905075,0.315097,-1.429764,-1.036145
577,83.904,B,3,47.634365,-87.564210,49.092465,-88.398752,0.309214,0.154807,177.4339,0.074978,177.6573,0.069848,49.905981,-88.491403,177.6573,0.818775,2.453554,-0.813516,0.092652,-2.271616,0.927194
578,84.041,B,3,48.584308,-89.636151,48.797870,-88.265511,0.328937,0.110351,177.4615,0.035343,177.4949,-0.037967,49.706443,-88.522480,177.4949,0.944213,1.580965,-0.908573,0.256969,-1.122134,-1.113671
579,84.187,B,3,46.980420,-88.748117,48.727943,-88.518590,0.301856,0.149610,177.6284,0.035068,177.7089,0.053309,49.504277,-88.549324,177.7089,0.776942,2.531674,-0.776334,0.030734,-2.523857,-0.198793
580,84.327,B,3,47.447373,-88.731635,48.387370,-88.572513,0.335371,0.147238,177.5164,0.009467,177.5303,-0.051276,49.300930,-88.579033,177.5303,0.913583,1.859828,-0.913560,0.006521,-1.853557,-0.152602
581,84.463,B,3,47.258184,-88.338987,48.187269,-88.613517,0.336751,0.140691,177.4510,0.000613,177.4581,-0.063878,49.091148,-88.608586,177.4581,0.903892,1.852685,-0.903879,-0.004932,-1.832965,0.269599
582,84.602,B,3,46.684712,-88.806788,47.988922,-88.576528,0.338453,0.119012,177.1952,-0.017951,177.1890,-0.055479,48.878417,-88.640997,177.1890,0.891829,2.199962,-0.889496,0.064468,-2.193705,-0.165792
583,84.731,B,3,46.870476,-89.167989,47.723674,-88.627127,0.352612,0.118290,176.8652,-0.034844,176.8629,-0.068471,48.665493,-88.674956,176.8629,0.943033,1.861496,-0.941820,0.047829,-1.795017,-0.493033
584,84.874,B,3,46.777766,-88.516289,47.537226,-88.732656,0.348547,0.128034,176.4553,-0.050600,176.4457,-0.074932,48.457325,-88.709964,176.4457,0.920379,1.690689,-0.920100,-0.022693,-1.679559,0.193675
585,85.013,B,3,46.234677,-89.470005,47.367802,-88.704072,0.342887,0.109373,175.9657,-0.065451,175.9386,-0.092780,48.257182,-88.745332,175.9386,0.890337,2.148413,-0.889380,0.041259,-2.022505,-0.724673
586,85.157,B,3,46.267257,-89.147000,47.132327,-88.848239,0.349299,0.128817,175.3831,-0.080961,175.3461,-0.115450,48.065487,-88.781136,175.3461,0.935570,1.835072,-0.933161,-0.067103,-1.798230,-0.365864
587,85.296,B,3,46.637275,-88.178103,46.943791,-88.910695,0.346295,0.129126,174.7310,-0.094628,174.7019,-0.091373,47.879857,-88.818025,174.7019,0.940642,1.397680,-0.936066,-0.092670,-1.242582,0.639922
588,85.435,B,3,45.504919,-88.678891,46.855075,-88.789731,0.325858,0.091032,174.5404,-0.067743,174.5365,-0.059814,47.692587,-88.852908,174.5365,0.839891,2.194578,-0.837512,0.063176,-2.187668,0.174017
589,85.571,B,3,45.981238,-88.818116,46.582690,-88.775168,0.343538,0.081886,173.7428,-0.100576,173.6647,-0.227130,47.495239,-88.891223,173.6647,0.919899,1.515764,-0.912549,0.116055,-1.514000,0.073106
590,85.712,B,3,45.691643,-88.646266,46.441912,-88.786590,0.332087,0.077325,172.9136,-0.115686,172.8970,-0.043659,47.290739,-88.926783,172.8970,0.860326,1.623514,-0.848827,0.140193,-1.599096,0.280517
591,85.852,B,3,46.213232,-89.135494,46.275831,-88.765131,0.327662,0.067271,172.6453,-0.088404,172.6183,-0.125506,47.081174,-88.957452,172.6183,0.827988,0.886015,-0.805343,0.192321,-0.867942,-0.178042
592,85.996,B,3,44.962430,-88.340037,46.232553,-88.833031,0.297117,0.074366,171.7953,-0.112706,171.7632,-0.089787,46.867557,-88.991473,171.7632,0.654472,2.013425,-0.635004,0.158442,-1.905128,0.651436
593,86.128,B,3,45.057772,-88.608184,45.977259,-88.748205,0.316162,0.054438,171.4579,-0.090497,171.4355,-0.117822,46.657741,-89.019244,171.4355,0.732475,1.651930,-0.680483,0.271039,-1.599970,0.411060
594,86.283,B,3,44.458971,-88.251541,45.782793,-88.723634,0.319399,0.048070,170.8601,-0.094648,170.8340,-0.050663,46.450477,-89.048790,170.8340,0.742650,2.145159,-0.667684,0.325156,-1.991507,0.797249
595,86.427,B,3,44.383560,-88.745147,45.516169,-88.639002,0.338358,0.032559,170.3381,-0.093557,170.3168,-0.078379,46.245972,-89.076879,170.3168,0.851086,1.891726,-0.729803,0.437876,-1.862412,0.331731
596,86.560,B,3,43.908916,-88.107361,45.281990,-88.655299,0.345904,0.038777,169.8668,-0.088928,169.8537,-0.083136,46.041428,-89.103813,169.8537,0.881993,2.353832,-0.759438,0.448515,-2.132512,0.996453
597,86.719,B,3,43.792855,-88.930419,45.004303,-88.555324,0.364662,0.022616,169.4013,-0.085452,169.3976,-0.075334,45.833197,-89.129598,169.3976,1.008393,2.050041,-0.828894,0.574275,-2.040342,0.199179
598,86.838,B,3,44.528649,-89.369332,44.753768,-88.617540,0.370841,0.040561,168.9569,-0.081913,168.9629,-0.069236,45.618304,-89.153023,168.9629,1.016938,1.110918,-0.864535,0.535483,-1.089655,-0.216309
599,86.991,B,3,43.356737,-89.627620,44.677864,-88.748247,0.338845,0.064806,168.5280,-0.079033,168.5470,-0.074036,45.395764,-89.173304,168.5470,0.834299,2.089027,-0.717900,0.425057,-2.039027,-0.454316
600,87.116,B,3,42.821119,-89.348546,44.416820,-88.903666,0.355050,0.100033,168.2082,-0.075698,168.1482,-0.067659,45.167170,-89.190455,168.1482,0.803289,2.351371,-0.750350,0.286789,-2.346050,-0.158091
601,87.247,B,3,43.269707,-88.802809,44.099876,-88.984660,0.375686,0.116992,167.8237,-0.072198,167.7658,-0.065763,44.935869,-89.205348,167.7658,0.864631,1.714099,-0.835993,0.220688,-1.666162,0.402539
602,87.390,B,3,42.966249,-89.193326,43.916600,-88.955489,0.370923,0.104751,167.4521,-0.068921,167.4001,-0.069240,44.705057,-89.219199,167.4001,0.831389,1.739000,-0.788457,0.263710,-1.738808,0.025873
603,87.530,B,3,43.320743,-90.009057,43.712675,-88.999508,0.367938,0.110122,167.0883,-0.066510,167.0516,-0.058747,44.476147,-89.232790,167.0516,0.798317,1.391958,-0.763472,0.233282,-1.155404,-0.776266
604,87.678,B,3,42.055265,-89.555076,43.600647,-89.181873,0.332227,0.136339,166.6801,-0.063038,166.7197,-0.053160,44.248723,-89.246119,166.7197,0.651253,2.215110,-0.648076,0.064246,-2.193458,-0.308957
605,87.811,B,3,42.237145,-89.230351,43.291735,-89.253800,0.351968,0.147898,166.7595,-0.027716,166.8659,0.070615,44.028967,-89.255558,166.8659,0.737235,1.792000,-0.737233,0.001758,-1.791823,0.025207
606,87.958,B,3,42.578112,-89.036079,43.068002,-89.255777,0.355483,0.140948,166.7643,-0.018570,166.8033,-0.092226,43.812668,-89.267166,166.8033,0.744754,1.255998,-0.744667,0.011390,-1.234556,0.231087
607,88.095,B,3,41.344180,-88.731694,42.941494,-89.221957,0.340303,0.123498,166.2390,-0.046350,166.3180,-0.005540,43.590679,-89.277708,166.3180,0.651574,2.311901,-0.649184,0.055751,-2.246499,0.546014
608,88.231,B,3,41.469142,-88.750245,42.625202,-89.138441,0.369013,0.107032,166.6141,0.000483,166.7300,0.050174,43.375278,-89.281680,166.7300,0.763631,1.978833,-0.750077,0.143239,-1.906137,0.531436
609,88.378,B,3,41.085990,-88.499564,42.390690,-89.071100,0.384930,0.094351,166.5847,-0.003544,166.6474,0.004792,43.147628,-89.286762,166.6474,0.787061,2.206815,-0.756938,0.215661,-2.061638,0.787198
610,88.524,B,3,41.185837,-89.114271,42.113253,-88.969952,0.391633,0.073966,166.9984,0.030623,167.1111,0.080587,42.923512,-89.288191,167.1111,0.870514,1.746357,-0.810259,0.318238,-1.737675,0.173920
611,88.658,B,3,40.167148,-88.928079,41.919528,-88.994438,0.393545,0.081248,167.1843,0.034302,167.4254,0.074639,42.697973,-89.290079,167.4254,0.832694,2.556583,-0.778445,0.295640,-2.530824,0.362000
612,88.795,B,3,41.246691,-88.961939,41.563459,-88.982263,0.410870,0.083926,167.7957,0.060520,167.9604,0.066733,42.480220,-89.290637,167.9604,0.967236,1.276572,-0.916761,0.308374,-1.233529,0.328698
613,88.943,B,3,40.519632,-89.439447,41.466815,-88.978526,0.382659,0.077687,168.3586,0.076361,168.5466,0.106817,42.270640,-89.290718,168.5466,0.862321,1.757313,-0.803824,0.312192,-1.751008,-0.148729
614,89.088,B,3,39.793532,-89.269726,41.260908,-89.060814,0.375530,0.093884,169.0295,0.093027,169.2336,0.126477,42.069442,-89.290079,169.2336,0.840410,2.276001,-0.808534,0.229264,-2.275910,0.020353
615,89.221,B,3,40.377695,-89.381094,40.962833,-89.100523,0.389529,0.103508,169.8183,0.111189,170.0068,0.148248,41.873158,-89.288847,170.0068,0.929600,1.498305,-0.910325,0.188324,-1.495463,-0.092248
616,89.354,B,3,39.345384,-89.578153,40.820224,-89.154086,0.370683,0.107814,170.6798,0.127270,170.8713,0.153636,41.677168,-89.286712,170.8713,0.867147,2.349927,-0.856945,0.132627,-2.331785,-0.291441
617,89.492,B,3,39.682645,-89.074165,40.521103,-89.234624,0.384274,0.122952,171.6155,0.142081,171.8240,0.176899,41.477675,-89.283007,171.8240,0.957795,1.807138,-0.956572,0.048382,-1.795030,0.208842
618,89.620,B,3,39.104974,-89.373829,40.333678,-89.212982,0.378192,0.111079,172.6498,0.157752,172.8564,0.186647,41.273394,-89.277004,172.8564,0.941895,2.170581,-0.939717,0.064023,-2.168420,-0.096825
619,89.751,B,3,39.622177,-88.735556,40.077746,-89.248222,0.384557,0.113848,173.7391,0.170862,173.9583,0.196471,41.066015,-89.268392,173.9583,0.988474,1.539019,-0.988268,0.020170,-1.443837,0.532836
620,89.889,B,3,39.399238,-89.405848,39.958722,-89.164390,0.366831,0.087256,174.8972,0.183582,175.1236,0.207971,40.859513,-89.257609,175.1236,0.905602,1.467779,-0.900791,0.093220,-1.460275,-0.148238
621,90.024,B,3,38.952786,-88.088816,39.823442,-89.213144,0.350327,0.090432,176.1200,0.195545,176.3506,0.216767,40.658380,-89.245708,176.3506,0.835573,2.060935,-0.834938,0.032564,-1.705595,1.156893
622,90.179,B,3,38.945976,-90.244669,39.634118,-89.020120,0.353102,0.045489,177.3913,0.205921,177.6133,0.191729,40.465141,-89.233660,177.6133,0.858020,1.824829,-0.831023,0.213540,-1.519165,-1.011009
623,90.320,B,3,38.179915,-89.059303,39.477901,-89.241008,0.338987,0.087850,178.2095,0.177928,178.3816,0.165444,40.273328,-89.225024,178.3816,0.795587,2.099961,-0.795427,-0.015984,-2.093412,0.165721
624,90.459,B,3,38.806355,-89.935145,39.214129,-89.217014,0.353732,0.077223,179.6003,0.206958,179.8371,0.333295,40.081948,-89.213152,179.8371,0.867828,1.465746,-0.867820,-0.003862,-1.275593,-0.721993
625,90.595,B,3,37.609796,-89.352324,39.107823,-89.352594,0.332493,0.096759,-179.0090,0.218022,-178.8388,0.135352,39.887497,-89.202293,-178.8388,0.794030,2.282638,-0.779675,-0.150301,-2.277702,-0.150031
626,90.733,B,3,38.663123,-89.993402,38.809474,-89.362746,0.354558,0.090410,-178.2049,0.186399,-178.0397,0.220033,39.685462,-89.192806,-178.0397,0.892320,1.298511,-0.875988,-0.169939,-1.022339,-0.800596
627,90.858,B,3,37.324023,-90.001959,38.749963,-89.485261,0.324971,0.104661,-176.8539,0.205651,-176.7020,0.169987,39.477081,-89.176245,-176.7020,0.790058,2.305963,-0.727118,-0.309016,-2.153058,-0.825714
628,91.008,B,3,37.429653,-88.297306,38.465761,-89.589313,0.344932,0.114070,-176.0588,0.177339,-175.9199,0.200402,39.261711,-89.164876,-175.9199,0.902044,2.027095,-0.795950,-0.424437,-1.832058,0.867570
629,91.136,B,3,37.261297,-89.293030,38.248855,-89.373213,0.349052,0.056323,-174.9976,0.178175,-174.8831,0.132813,39.043508,-89.152764,-174.8831,0.824665,1.787722,-0.794654,-0.220450,-1.782211,-0.140266
630,91.273,B,3,36.771724,-89.125038,38.040228,-89.367696,0.351111,0.047223,-174.0654,0.171759,-173.9546,0.146092,38.824830,-89.144529,-173.9546,0.815723,2.053199,-0.784602,-0.223167,-2.053106,0.019491
631,91.412,B,3,36.956051,-89.210518,37.781355,-89.333007,0.362808,0.032081,-173.1888,0.163621,-173.0800,0.147144,38.607425,-89.138275,-173.0800,0.848712,1.652953,-0.826070,-0.194731,-1.651374,-0.072243
632,91.576,B,3,36.578985,-89.120554,37.600260,-89.318763,0.357447,0.022858,-172.3487,0.155966,-172.2424,0.137577,38.391314,-89.131461,-172.2424,0.812926,1.812362,-0.791054,-0.187303,-1.812329,0.010907
633,91.718,B,3,36.829757,-89.832869,37.384745,-89.290632,0.359354,0.010764,-171.5525,0.148297,-171.4529,0.132829,38.174947,-89.122875,-171.4529,0.807813,1.521062,-0.790202,-0.167756,-1.345190,-0.709994
634,91.860,B,3,36.072405,-89.625728,37.252115,-89.393482,0.346572,0.027407,-170.7871,0.141678,-170.7078,0.131017,37.955923,-89.113292,-170.7078,0.757530,1.951981,-0.703808,-0.280190,-1.883518,-0.512436
635,92.000,B,3,36.178174,-89.190626,37.009832,-89.443125,0.356534,0.028574,-170.0564,0.135316,-169.9975,0.120857,37.732161,-89.105123,-169.9975,0.797499,1.556337,-0.722329,-0.338003,-1.553986,-0.085503
636,92.131,B,3,35.233911,-89.155171,36.828555,-89.407110,0.350995,0.013123,-169.3594,0.129389,-169.3121,0.122538,37.502888,-89.100644,-169.3121,0.740707,2.269633,-0.674333,-0.306466,-2.268978,-0.054527
637,92.265,B,3,35.726662,-88.909876,36.511859,-89.370189,0.373128,-0.004977,-168.6882,0.123820,-168.6474,0.118723,37.268836,-89.100394,-168.6474,0.803619,1.553898,-0.756977,-0.269795,-1.542174,0.190518
638,92.401,B,3,35.644587,-89.520792,36.336818,-89.295120,0.362856,-0.025188,-168.0366,0.119364,-168.0072,0.110641,37.031718,-89.102877,-168.0072,0.721001,1.448719,-0.694900,-0.192243,-1.387131,-0.417915
639,92.542,B,3,34.978269,-88.240790,36.186222,-89.339198,0.361233,-0.019166,-167.5464,0.114733,-167.3979,0.100601,36.793397,-89.105782,-167.3979,0.650496,2.010696,-0.607175,-0.233416,-1.815127,0.864992
640,92.675,B,3,34.762268,-89.399602,35.931614,-89.150650,0.355789,-0.063711,-166.8417,0.108670,-166.8233,0.096768,36.555182,-89.107736,-166.8233,0.625042,1.816514,-0.623568,-0.042913,-1.792913,-0.291866
641,92.815,B,3,34.765564,-89.044645,35.688849,-89.197073,0.364823,-0.056643,-166.2853,0.103731,-166.2806,0.094656,36.317414,-89.109225,-166.2806,0.634674,1.553193,-0.628565,-0.087848,-1.551850,0.064580
642,92.959,B,3,34.385149,-90.158063,35.496638,-89.172667,0.368771,-0.064504,-165.8611,0.099644,-165.7615,0.087782,36.079256,-89.112204,-165.7615,0.585747,1.990934,-0.582618,-0.060463,-1.694107,-1.045858
643,93.108,B,3,34.018264,-90.163304,35.257710,-89.351358,0.373585,-0.030396,-165.4477,0.077312,-165.5202,-0.052228,35.841721,-89.120997,-165.5202,0.627801,2.100333,-0.584011,-0.230361,-1.823457,-1.042307
644,93.246,B,3,33.635513,-88.741279,35.001759,-89.501869,0.387741,-0.008676,-165.4419,0.048005,-165.4853,0.086496,35.610693,-89.131063,-165.4853,0.712950,2.013273,-0.608934,-0.370806,-1.975180,0.389785
645,93.382,B,3,32.654216,-89.463791,34.722369,-89.375756,0.392306,-0.045774,-164.7012,0.082331,-164.7242,0.085442,35.373741,-89.141625,-164.7242,0.692172,2.738541,-0.651372,-0.234130,-2.719525,-0.322166
646,93.537,B,3,33.259418,-89.381189,34.316800,-89.397101,0.427971,-0.055797,-164.6357,0.050429,-164.8107,-0.054562,35.141893,-89.157432,-164.8107,0.859197,1.895727,-0.825093,-0.239669,-1.882475,-0.223757
647,93.694,B,3,33.320647,-88.834509,34.087463,-89.399907,0.423784,-0.060234,-164.5877,0.036850,-164.6376,0.096290,34.904909,-89.171613,-164.6376,0.848726,1.619730,-0.817445,-0.228294,-1.584262,0.337105
648,93.832,B,3,31.912556,-89.383056,33.910112,-89.304467,0.404857,-0.081092,-164.5570,0.020249,-164.6872,-0.083239,34.668936,-89.187551,-164.6872,0.767778,2.763305,-0.758824,-0.116916,-2.756380,-0.195505
649,93.980,B,3,32.778473,-88.714798,33.514968,-89.321177,0.436524,-0.088763,-164.6741,0.005815,-164.7824,0.006177,34.435273,-89.205248,-164.7824,0.927578,1.727868,-0.920305,-0.115929,-1.656800,0.490450
650,94.116,B,3,32.030140,-89.035387,33.341107,-89.215828,0.414725,-0.108212,-164.9281,-0.015475,-165.0603,-0.023024,34.208021,-89.226205,-165.0603,0.866976,2.186225,-0.866914,0.010377,-2.177881,0.190818
651,94.255,B,3,32.483318,-89.738116,33.066583,-89.183821,0.418997,-0.116292,-165.1917,-0.028585,-165.3480,-0.055599,33.987667,-89.249547,-165.3480,0.923426,1.581697,-0.921084,0.065726,-1.504349,-0.488569
652,94.409,B,3,31.746031,-90.401305,32.920980,-89.281677,0.404279,-0.091171,-165.5676,-0.044016,-165.7374,-0.073840,33.773810,-89.274571,-165.7374,0.852859,2.319787,-0.852830,-0.007106,-2.027778,-1.126734
653,94.545,B,3,32.020260,-88.714367,32.671988,-89.481811,0.416885,-0.054144,-166.0384,-0.059930,-166.2161,-0.090561,33.563040,-89.299849,-166.2161,0.909441,1.650139,-0.891052,-0.181962,-1.542779,0.585482
654,94.679,B,3,31.363550,-89.996496,32.515843,-89.349459,0.392602,-0.081761,-166.5942,-0.075235,-166.7823,-0.102170,33.353048,-89.325758,-166.7823,0.837540,2.099522,-0.837205,-0.023701,-1.989498,-0.670738
655,94.831,B,3,31.338904,-89.827149,32.272116,-89.465317,0.401076,-0.061623,-167.2220,-0.089449,-167.4267,-0.118523,33.142239,-89.353526,-167.4267,0.877275,1.864494,-0.870123,-0.111791,-1.803335,-0.473623
656,94.965,B,3,31.340333,-89.311954,32.067046,-89.532012,0.398461,-0.051227,-167.9440,-0.104529,-168.1394,-0.136080,32.930367,-89.384207,-168.1394,0.875882,1.591675,-0.863321,-0.147806,-1.590034,0.072253
657,95.111,B,3,31.381487,-89.253057,31.899248,-89.495910,0.383831,-0.060250,-168.3792,-0.089023,-168.5198,-0.006523,32.714586,-89.416373,-168.5198,0.819209,1.343065,-0.815338,-0.079537,-1.333099,0.163316
658,95.241,B,3,31.604654,-89.347333,31.769823,-89.454244,0.363176,-0.067290,-168.8944,-0.091974,-169.0979,-0.189735,32.495646,-89.451202,-169.0979,0.725830,0.897026,-0.725823,-0.003042,-0.890992,0.103869
659,95.387,B,3,31.264423,-89.637470,31.704912,-89.434887,0.333256,-0.065904,-170.0152,-0.133960,-170.2069,-0.118669,32.273450,-89.488750,-170.2069,0.571084,1.019929,-0.568538,0.053863,-1.009028,-0.148719
660,95.535,B,3,29.888031,-89.800247,31.593846,-89.470360,0.318355,-0.055778,-170.3532,-0.100344,-170.5119,-0.067030,32.052789,-89.519096,-170.5119,0.461524,2.182939,-0.458944,0.048736,-2.164758,-0.281151
661,95.684,B,3,30.388312,-89.692156,31.259122,-89.528321,0.350595,-0.051150,-171.1814,-0.120792,-171.3852,-0.160542,31.834234,-89.554904,-171.3852,0.575727,1.452422,-0.575113,0.026583,-1.445923,-0.137251
662,95.819,B,3,29.674966,-90.005025,31.070061,-89.557630,0.348955,-0.046442,-171.6785,-0.103303,-171.8284,-0.056870,31.617176,-89.586877,-171.8284,0.547897,1.986713,-0.547115,0.029247,-1.942210,-0.418149
663,95.958,B,3,29.807810,-89.122853,30.787858,-89.637258,0.367976,-0.035180,-172.3566,-0.110461,-172.5199,-0.100144,31.398483,-89.623342,-172.5199,0.610784,1.667552,-0.610625,-0.013916,-1.590673,0.500489
664,96.098,B,3,28.831680,-90.441117,30.578012,-89.546865,0.364374,-0.056171,-172.8426,-0.099764,-173.0023,-0.109748,31.174898,-89.658292,-173.0023,0.607198,2.470523,-0.596886,0.111426,-2.343218,-0.782825
665,96.262,B,3,29.802677,-89.003522,30.231615,-89.704655,0.396892,-0.028969,-173.3777,-0.096337,-173.5286,-0.086981,30.944086,-89.694146,-173.5286,0.712549,1.334083,-0.712472,-0.010509,-1.141409,0.690625
666,96.397,B,3,28.618912,-90.229610,30.117135,-89.581318,0.370283,-0.053576,-173.8826,-0.092230,-174.0274,-0.088660,30.706092,-89.729521,-174.0274,0.607317,2.146254,-0.588957,0.148204,-2.087180,-0.500089
667,96.536,B,3,29.725405,-90.328872,29.822441,-89.694926,0.399621,-0.033504,-174.2770,-0.089719,-174.5054,-0.074751,30.463344,-89.764424,-174.5054,0.644661,0.929062,-0.640904,0.069498,-0.737939,-0.564448
668,96.662,B,3,28.678378,-90.012364,29.761220,-89.808505,0.360190,-0.006906,-174.8271,-0.084569,-174.9612,-0.078753,30.219485,-89.799151,-174.9612,0.458360,1.555786,-0.458265,-0.009354,-1.541107,-0.213213
669,96.814,B,3,27.881189,-89.962836,29.534051,-89.846993,0.365181,-0.003711,-175.2701,-0.081073,-175.3946,-0.077924,29.977447,-89.833980,-175.3946,0.443587,2.100214,-0.443396,-0.013013,-2.096258,-0.128857
670,96.981,B,3,28.318256,-90.209009,29.205009,-89.869834,0.389774,-0.005944,-175.7012,-0.078204,-175.8068,-0.070778,29.738250,-89.868812,-175.8068,0.533242,1.460177,-0.533241,-0.001021,-1.419994,-0.340197
671,97.129,B,3,26.913775,-90.747002,29.009820,-89.932223,0.385429,0.003455,-176.1025,-0.074476,-176.2003,-0.072661,29.501008,-89.903173,-176.2003,0.492046,2.721364,-0.491188,-0.029049,-2.587233,-0.843828
672,97.280,B,3,26.799233,-90.393876,28.599867,-90.079706,0.426569,0.025116,-176.4926,-0.071515,-176.5777,-0.072324,29.263272,-89.936590,-176.5777,0.678666,2.506111,-0.663404,-0.143116,-2.464038,-0.457286
673,97.417,B,3,27.341895,-89.130599,28.238666,-90.140223,0.451389,0.028255,-176.8746,-0.069195,-176.9400,-0.060783,29.021781,-89.969089,-176.9400,0.801596,1.877520,-0.783115,-0.171135,-1.679886,0.838489
674,97.558,B,3,26.907544,-90.535354,28.036033,-89.965460,0.437375,-0.013450,-177.2282,-0.065736,-177.2850,-0.055419,28.773959,-90.001287,-177.2850,0.738795,1.941322,-0.737926,0.035827,-1.866415,-0.534067
675,97.691,B,3,27.119619,-89.553054,27.793111,-90.067431,0.437557,0.005389,-177.5643,-0.062685,-177.6092,-0.047427,28.519174,-90.033946,-177.6092,0.726834,1.479868,-0.726062,-0.033485,-1.399554,0.480892
676,97.839,B,3,27.064999,-90.208098,27.631284,-89.978081,0.418579,-0.015309,-177.8618,-0.057958,-177.9111,-0.044838,28.258932,-90.067433,-177.9111,0.633976,1.202190,-0.627648,0.089352,-1.193932,-0.140665
677,97.981,B,3,26.434602,-89.962300,27.490197,-90.018947,0.399300,-0.006763,-178.1495,-0.054494,-178.1929,-0.041919,27.996025,-90.101434,-178.1929,0.512509,1.567610,-0.505827,0.082487,-1.561423,0.139134
678,98.126,B,3,25.697173,-90.820550,27.263953,-90.009318,0.398937,-0.010209,-178.4162,-0.051009,-178.4589,-0.048109,27.733040,-90.135193,-178.4589,0.485683,2.148132,-0.469088,0.125876,-2.035867,-0.685357
679,98.272,B,3,25.167038,-89.588079,26.946672,-90.153613,0.418606,0.017364,-178.6710,-0.048170,-178.7130,-0.043832,27.471233,-90.168115,-178.7130,0.524762,2.376080,-0.524561,0.014502,-2.304195,0.580036
680,98.417,B,3,26.054447,-90.959769,26.589783,-90.055360,0.441831,-0.007461,-178.9177,-0.045875,-178.9559,-0.038074,27.210190,-90.200206,-178.9559,0.637091,1.382996,-0.620407,0.144846,-1.155743,-0.759563
681,98.558,B,3,25.066004,-90.565732,26.451899,-90.216355,0.419943,0.025232,-179.1391,-0.042789,-179.1848,-0.032300,26.947878,-90.232124,-179.1848,0.496229,1.911215,-0.495978,0.015768,-1.881874,-0.333608
682,98.701,B,3,24.717636,-91.148843,26.164871,-90.281441,0.430086,0.033828,-179.3507,-0.040159,-179.3944,-0.038257,26.681251,-90.264755,-179.3944,0.516650,2.153461,-0.516380,-0.016686,-1.963615,-0.884088
683,98.841,B,3,24.891079,-90.671280,25.865881,-90.439439,0.441942,0.060503,-179.5427,-0.037188,-179.5807,-0.027700,26.407638,-90.298569,-179.5807,0.559773,1.561686,-0.541757,-0.140871,-1.516558,-0.372712
684,98.984,B,3,24.583452,-90.800844,25.649895,-90.486799,0.434915,0.062262,-179.7003,-0.033076,-179.7444,-0.031326,26.126016,-90.333306,-179.7444,0.500251,1.611860,-0.476120,-0.153493,-1.542563,-0.467538
685,99.114,B,3,24.072904,-90.946830,25.418288,-90.548812,0.431898,0.066904,-179.8627,-0.030981,-179.8905,-0.024957,25.837439,-90.368191,-179.8905,0.456412,1.856990,-0.419152,-0.180621,-1.764536,-0.578640
686,99.252,B,3,23.638604,-90.386994,25.137305,-90.626116,0.439272,0.074130,-179.9918,-0.027286,179.9756,-0.023147,25.544530,-90.402486,179.9756,0.464589,1.905990,-0.407226,-0.223629,-1.905927,0.015493
687,99.389,B,3,23.291624,-89.922482,24.828338,-90.590591,0.451172,0.057725,179.8818,-0.024912,179.8517,-0.016732,25.250208,-90.436062,179.8517,0.449281,2.024799,-0.421870,-0.154530,-1.958583,0.513579
688,99.530,B,3,22.925971,-90.589069,24.511428,-90.477047,0.463205,0.027536,179.7721,-0.022381,179.7390,-0.019787,24.956423,-90.469465,179.7390,0.445060,2.033972,-0.444995,-0.007582,-2.030452,-0.119604
689,99.682,B,3,23.127689,-90.348153,24.184644,-90.499386,0.476067,0.028615,179.6725,-0.020098,179.6404,-0.023352,24.663520,-90.503460,179.6404,0.478894,1.543664,-0.478876,0.004074,-1.535831,0.155306
690,99.834,B,3,22.248283,-90.511110,23.950705,-90.474915,0.468535,0.020280,179.5903,-0.017547,179.5574,-0.012482,24.370137,-90.538382,179.5574,0.424207,2.122029,-0.419432,0.063467,-2.121854,0.027272
691,99.995,B,3,22.593139,-90.680594,23.602628,-90.482930,0.485082,0.019597,179.5196,-0.015257,179.4883,-0.013846,24.073790,-90.573794,179.4883,0.479844,1.484498,-0.471162,0.090864,-1.480651,-0.106800
692,100.121,B,3,22.117115,-90.780118,23.376265,-90.519579,0.474977,0.024914,179.4567,-0.013468,179.4286,-0.004913,23.772163,-90.608760,179.4286,0.405818,1.663896,-0.395898,0.089181,-1.655048,-0.171358
693,100.249,B,3,22.021124,-90.889352,23.106424,-90.567903,0.474847,0.032091,179.4140,-0.010919,179.3740,-0.008079,23.464372,-90.642506,179.3740,0.365639,1.464205,-0.357947,0.074603,-1.443248,-0.246846
694,100.407,B,3,21.566273,-90.006492,22.867568,-90.627684,0.468412,0.040824,179.3427,-0.011505,179.3232,-0.004527,23.151465,-90.674924,179.3232,0.287800,1.720359,-0.283896,0.047240,-1.585192,0.668432
695,100.531,B,3,21.197617,-90.562479,22.590855,-90.520481,0.470615,0.014736,179.2925,-0.010207,179.2775,-0.008640,22.836007,-90.706581,179.2775,0.307787,1.644714,-0.245152,0.186100,-1.638389,0.144103
696,100.669,B,3,21.168677,-90.713346,22.297614,-90.528791,0.475770,0.015230,179.2534,-0.008772,179.2383,-0.008553,22.520948,-90.738204,179.2383,0.306156,1.352500,-0.223335,0.209412,-1.352272,0.024858
697,100.805,B,3,20.565430,-90.946766,22.050925,-90.562492,0.470830,0.020808,179.2172,-0.007780,179.2054,-0.011383,22.208447,-90.770055,179.2054,0.260568,1.652492,-0.157523,0.207563,-1.643017,-0.176711
698,100.968,B,3,20.527871,-90.055175,21.741232,-90.632264,0.479187,0.033249,179.1931,-0.006161,179.1766,-0.002573,21.899134,-90.801716,179.1766,0.231619,1.561309,-0.157902,0.169453,-1.371263,0.746542
699,101.101,B,3,20.098716,-90.870510,21.479090,-90.532069,0.477271,0.009662,179.1698,-0.005283,179.1492,-0.001334,21.591903,-90.832376,179.1492,0.320797,1.493674,-0.112813,0.300306,-1.493187,-0.038134
700,101.242,B,3,19.343257,-91.188076,21.197322,-90.592255,0.491005,0.022002,179.1399,-0.005720,179.1216,-0.012362,21.284416,-90.861412,179.1216,0.282897,1.968453,-0.087094,0.269157,-1.941159,-0.326664
701,101.396,B,3,19.459995,-90.901832,20.812976,-90.699977,0.501992,0.042095,179.0991,-0.005692,179.0943,-0.003148,20.974260,-90.888831,179.0943,0.248351,1.514321,-0.161284,0.188854,-1.514265,-0.013002
702,101.530,B,3,19.665178,-90.707506,20.534190,-90.738411,0.512758,0.046924,179.0946,-0.003900,179.1581,0.075323,20.661084,-90.914189,179.1581,0.216794,1.017126,-0.126894,0.175777,-0.995906,0.206683
703,101.667,B,3,18.866375,-91.860042,20.319045,-90.738280,0.485502,0.040825,179.7316,0.041787,179.7502,0.046918,20.357563,-90.935595,179.7502,0.201040,1.754492,-0.038518,0.197315,-1.491187,-0.924447
704,101.800,B,3,17.684905,-91.579816,20.017383,-90.941258,0.491805,0.078868,179.5832,0.012012,179.5558,-0.065874,20.050570,-90.960423,179.5558,0.038323,2.445408,-0.033187,0.019165,-2.365665,-0.619393
705,101.942,B,3,18.243658,-91.287093,19.555373,-91.062248,0.528155,0.095170,179.7871,0.025544,179.8275,0.146312,19.755698,-90.981794,179.8275,0.215878,1.542554,-0.200326,-0.080454,-1.512040,-0.305299
706,102.095,B,3,17.509089,-90.926490,19.271430,-91.111843,0.524570,0.094584,-179.6505,0.053343,-179.6374,0.014729,19.469462,-91.000192,-179.6374,0.227338,1.961757,-0.198032,-0.111651,-1.960373,0.073702
707,102.234,B,3,17.047410,-90.347079,18.907614,-91.088373,0.537764,0.079249,-179.4118,0.051090,-179.3556,0.138657,19.185405,-91.018804,-179.3556,0.286369,2.241035,-0.277790,-0.069568,-2.137995,0.671725
708,102.384,B,3,17.146657,-91.551099,18.525144,-90.965369,0.553333,0.045098,-178.7590,0.075842,-178.7036,0.075991,18.910014,-91.032357,-178.7036,0.390656,1.838075,-0.384870,0.066988,-1.763357,-0.518742
709,102.518,B,3,16.955344,-91.089851,18.226885,-91.075584,0.549996,0.061836,-178.1561,0.089084,-178.0722,0.137286,18.637788,-91.044662,-178.0722,0.412065,1.683050,-0.410903,-0.030923,-1.682443,-0.045190
710,102.658,B,3,17.125209,-92.007970,17.948072,-91.086366,0.543096,0.056045,-177.4471,0.103304,-177.3466,0.156681,18.369274,-91.055511,-177.3466,0.422330,1.566805,-0.421201,-0.030855,-1.244065,-0.952459
711,102.803,B,3,16.012580,-90.094428,17.749961,-91.258703,0.521167,0.083498,-176.6282,0.119649,-176.5215,0.145801,18.104089,-91.065293,-176.5215,0.403502,2.305860,-0.354127,-0.193410,-2.091509,0.970866
712,102.934,B,3,16.494878,-91.512851,17.391153,-91.063025,0.532857,0.031858,-175.9048,0.120794,-175.8856,0.024492,17.840058,-91.076687,-175.8856,0.449112,1.414124,-0.448905,0.013663,-1.345179,-0.436164
713,103.074,B,3,16.214875,-90.364906,17.180759,-91.149227,0.514609,0.043941,-175.9281,0.070358,-175.8520,0.138609,17.585019,-91.090717,-175.8520,0.408472,1.550515,-0.404260,-0.058510,-1.370144,0.725811
714,103.225,B,3,14.930357,-92.004768,16.959777,-91.018036,0.498836,0.009864,-175.2009,0.093956,-175.1210,0.131631,17.330439,-91.100473,-175.1210,0.379719,2.564789,-0.370663,0.082437,-2.400082,-0.904295
715,103.364,B,3,14.644175,-90.305302,16.550990,-91.199269,0.526039,0.040737,-174.5234,0.103606,-174.4519,0.112106,17.081388,-91.112643,-174.4519,0.537425,2.567452,-0.530398,-0.086625,-2.437213,0.807341
716,103.517,B,3,15.249224,-91.959468,16.161576,-91.049400,0.542312,0.000349,-173.9034,0.105322,-173.8457,0.099506,16.837433,-91.126472,-173.8457,0.680237,1.793402,-0.675857,0.077071,-1.588209,-0.832997
717,103.673,B,3,15.035811,-91.619856,15.947542,-91.217259,0.525445,0.030786,-173.3366,0.102165,-173.3024,0.088851,16.597757,-91.141508,-173.3024,0.654612,1.633552,-0.650215,-0.075751,-1.561946,-0.478348
718,103.809,B,3,14.803842,-90.998486,15.735547,-91.297935,0.508997,0.039665,-172.8440,0.095122,-172.8185,0.077787,16.361541,-91.157952,-172.8185,0.641455,1.565841,-0.625994,-0.139982,-1.557700,0.159466
719,103.951,B,3,14.706935,-90.843732,15.521599,-91.254699,0.492663,0.022013,-172.4081,0.086822,-172.3879,0.071238,16.128297,-91.176477,-172.3879,0.611720,1.459791,-0.606698,-0.078222,-1.421362,0.332745
720,104.088,B,3,14.190752,-90.218664,15.329871,-91.190058,0.473148,0.002167,-172.0127,0.079149,-172.0045,0.073789,15.898003,-91.197697,-172.0045,0.568183,1.968048,-0.568132,0.007640,-1.707251,0.979034
721,104.230,B,3,14.199288,-91.124945,15.082015,-91.023855,0.464803,-0.037432,-171.6551,0.072000,-171.6656,0.063172,15.671050,-91.221660,-171.6656,0.621361,1.474937,-0.589035,0.197804,-1.471762,0.096714
722,104.370,B,3,13.234504,-91.085584,14.880166,-91.044886,0.452272,-0.033942,-171.3454,0.064290,-171.3719,0.043239,15.448058,-91.247755,-171.3719,0.603040,2.219487,-0.567892,0.202869,-2.213555,0.162171
723,104.506,B,3,13.696638,-91.156270,14.543761,-91.055592,0.468036,-0.036640,-171.1009,0.055063,-171.1250,0.036723,15.229658,-91.275125,-171.1250,0.720174,1.537620,-0.685898,0.219533,-1.533020,0.118855
724,104.647,B,3,13.388396,-91.617759,14.347974,-91.077032,0.453907,-0.033542,-170.9086,0.045746,-170.9247,0.026631,15.016265,-91.303263,-170.9247,0.705544,1.657970,-0.668290,0.226232,-1.627869,-0.314496
725,104.790,B,3,13.189618,-92.092473,14.133641,-91.177038,0.447349,-0.015737,-170.7453,0.038405,-170.7673,0.027714,14.807910,-91.332361,-170.7673,0.691928,1.787914,-0.674269,0.155324,-1.618291,-0.760111
726,104.948,B,3,12.729736,-91.039573,13.922969,-91.345443,0.442892,0.013650,-170.6158,0.031638,-170.6477,0.022833,14.604280,-91.363079,-170.6477,0.681540,1.902255,-0.681312,0.017636,-1.874544,0.323506
727,105.086,B,3,12.258054,-91.569010,13.668743,-91.299269,0.441375,-0.004976,-170.5187,0.025263,-170.5615,0.013230,14.404920,-91.395948,-170.5615,0.742498,2.153830,-0.736177,0.096679,-2.146866,-0.173062
728,105.221,B,3,12.780458,-91.661796,13.375698,-91.353821,0.450862,-0.002601,-170.4610,0.018826,-170.5074,0.014053,14.209450,-91.430925,-170.5074,0.837310,1.447522,-0.833752,0.077103,-1.428992,-0.230872
729,105.365,B,3,12.601671,-91.150635,13.226983,-91.415536,0.430532,0.005311,-170.4396,0.012462,-170.4864,-0.001455,14.017751,-91.467418,-170.4864,0.792468,1.451079,-0.790767,0.051882,-1.416079,0.316782
730,105.499,B,3,12.733640,-91.730837,13.074952,-91.375719,0.409985,-0.008226,-170.4384,0.007354,-170.4994,-0.009829,13.830086,-91.504738,-170.4994,0.766076,1.119515,-0.755133,0.129019,-1.096446,-0.226099
731,105.635,B,3,11.279305,-92.547474,12.975218,-91.444625,0.384834,0.003272,-170.4825,0.001082,-170.5453,-0.017079,13.647086,-91.542576,-170.5453,0.678970,2.572199,-0.671868,0.097951,-2.367781,-1.004899
732,105.784,B,3,11.801685,-91.676166,12.636928,-91.647313,0.414842,0.032433,-170.5477,-0.004107,-170.6211,-0.011243,13.469512,-91.581147,-170.6211,0.835209,1.670532,-0.832584,-0.066166,-1.667828,-0.095019
733,105.919,B,3,11.895409,-91.766781,12.449392,-91.661992,0.404971,0.025448,-170.6489,-0.009652,-170.7232,-0.021900,13.297861,-91.620948,-170.7232,0.849460,1.410014,-0.848468,-0.041044,-1.402452,-0.145833
734,106.080,B,3,11.691420,-91.321654,12.312730,-91.689297,0.386450,0.023490,-170.7759,-0.014745,-170.8492,-0.021198,13.132085,-91.662305,-170.8492,0.819799,1.480391,-0.819354,-0.026992,-1.440665,0.340650
735,106.234,B,3,11.526601,-92.252837,12.165828,-91.631937,0.369336,0.004471,-170.9256,-0.019313,-170.9988,-0.022603,12.971650,-91.705087,-170.9988,0.809136,1.545379,-0.805822,0.073149,-1.445049,-0.547750
736,106.380,B,3,11.031706,-91.704132,12.017039,-91.748389,0.360295,0.022476,-171.0943,-0.023553,-171.1727,-0.034174,12.815814,-91.748821,-171.1727,0.798775,1.784668,-0.798775,0.000432,-1.784108,0.044689
737,106.525,B,3,10.469503,-91.875533,11.814994,-91.746516,0.367966,0.013296,-171.2472,-0.026906,-171.3715,-0.041150,12.663930,-91.793105,-171.3715,0.850214,2.195974,-0.848936,0.046589,-2.194427,-0.082428
738,106.665,B,3,10.857636,-92.533691,11.535488,-91.776928,0.374942,0.008640,-171.5122,-0.032279,-171.5940,-0.038083,12.515688,-91.837957,-171.5940,0.982097,1.798105,-0.980199,0.061030,-1.658052,-0.695733
739,106.806,B,3,10.737656,-91.866153,11.379279,-91.917619,0.367362,0.030978,-171.7477,-0.036020,-171.8378,-0.036702,12.371211,-91.883796,-171.8378,0.992509,1.633650,-0.991932,-0.033823,-1.633554,0.017643
740,106.949,B,3,10.263540,-92.026796,11.230571,-91.916341,0.354680,0.022608,-172.0055,-0.039561,-172.1002,-0.036151,12.230943,-91.931071,-172.1002,1.000481,1.969731,-1.000372,0.014729,-1.967403,-0.095726
741,107.093,B,3,11.063393,-92.569993,11.025003,-91.942749,0.355750,0.019124,-172.2690,-0.042021,-172.3799,-0.047798,12.095334,-91.979901,-172.3799,1.070976,1.188744,-1.070331,0.037152,-1.031942,-0.590092
742,107.222,B,3,10.169028,-92.428625,10.998158,-92.060702,0.323534,0.039922,-172.5552,-0.045143,-172.6772,-0.050979,11.964510,-92.029980,-172.6772,0.966840,1.839204,-0.966352,-0.030722,-1.795481,-0.398646
743,107.372,B,3,9.824378,-92.157487,10.820215,-92.133859,0.324027,0.044957,-172.8693,-0.048946,-172.9934,-0.061546,11.838161,-92.080830,-172.9934,1.019326,2.015241,-1.017946,-0.053029,-2.013782,-0.076657
744,107.514,B,3,10.107742,-92.648883,10.612559,-92.146046,0.328677,0.036470,-173.2029,-0.052486,-173.3291,-0.062872,11.715670,-92.132187,-173.3291,1.103198,1.688908,-1.103111,-0.013859,-1.607929,-0.516695
745,107.664,B,3,9.542237,-91.774271,10.491697,-92.242605,0.317638,0.048525,-173.5687,-0.056883,-173.6834,-0.067142,11.596309,-92.184228,-173.6834,1.106153,2.094582,-1.104612,-0.058377,-2.054071,0.409958
746,107.799,B,3,9.264046,-91.993308,10.292906,-92.167123,0.318966,0.022610,-173.9230,-0.058339,-174.0178,-0.023620,11.478921,-92.237624,-174.0178,1.188109,2.228310,-1.186015,0.070501,-2.214876,0.244316
747,107.938,B,3,9.583532,-92.542139,10.079587,-92.141760,0.324461,0.009560,-173.8459,-0.027762,-173.9148,-0.033970,11.358952,-92.288773,-173.9148,1.287784,1.793408,-1.279365,0.147013,-1.775420,-0.253366
748,108.075,B,3,9.240354,-92.610002,9.960311,-92.217053,0.312844,0.020863,-174.2252,-0.045606,-174.3264,-0.122909,11.244607,-92.342148,-174.3264,1.290375,2.022073,-1.284297,0.125095,-2.004254,-0.267854
749,108.213,B,3,9.373738,-92.646667,9.802391,-92.291768,0.310302,0.029948,-174.6642,-0.057719,-174.7615,-0.089533,11.133084,-92.395733,-174.7615,1.334748,1.777151,-1.330693,0.103965,-1.759346,-0.250934
750,108.345,B,3,8.841426,-93.271913,9.696614,-92.360388,0.297327,0.038104,-175.1040,-0.065318,-175.1928,-0.069964,11.024155,-92.449323,-175.1928,1.330517,2.332587,-1.327542,0.088935,-2.182729,-0.822590
751,108.480,B,3,8.894214,-92.282893,9.516137,-92.528554,0.303012,0.063960,-175.5029,-0.066902,-175.5925,-0.068650,10.917489,-92.502273,-175.5925,1.401599,2.035135,-1.401352,-0.026281,-2.023276,0.219380
752,108.623,B,3,9.561916,-93.551892,9.376869,-92.493114,0.295397,0.046727,-175.8698,-0.065302,-175.9701,-0.060185,10.812575,-92.554234,-175.9701,1.437007,1.599834,-1.435706,0.061120,-1.250660,-0.997658
753,108.774,B,3,8.705878,-92.544265,9.381687,-92.688062,0.263944,0.080993,-176.2285,-0.063916,-176.3281,-0.060037,10.708923,-92.604975,-176.3281,1.329834,2.003965,-1.327235,-0.083087,-2.003045,0.060710
754,108.920,B,3,9.058677,-92.840076,9.236569,-92.671793,0.262474,0.065892,-176.5656,-0.061390,-176.6667,-0.062825,10.606234,-92.654663,-176.6667,1.369772,1.558625,-1.369665,-0.017130,-1.547557,-0.185413
755,109.063,B,3,8.725214,-92.109985,9.180080,-92.709515,0.244162,0.065104,-176.8877,-0.058749,-176.9844,-0.049138,10.504486,-92.703739,-176.9844,1.324418,1.875727,-1.324406,-0.005776,-1.779272,0.593754
756,109.212,B,3,8.705366,-93.314950,9.076070,-92.610238,0.235470,0.035992,-177.1892,-0.055859,-177.2803,-0.063614,10.403861,-92.752571,-177.2803,1.335398,1.789176,-1.327791,0.142333,-1.698494,-0.562379
757,109.348,B,3,9.230551,-92.609239,8.987590,-92.740172,0.227995,0.057029,-177.4783,-0.053331,-177.5554,-0.049784,10.304613,-92.801168,-177.5554,1.318435,1.091076,-1.317023,0.060997,-1.074062,0.191930
758,109.488,B,3,8.402131,-93.175824,9.009196,-92.723296,0.197016,0.047387,-177.7447,-0.050220,-177.8127,-0.043917,10.206948,-92.849174,-177.8127,1.204349,1.834139,-1.197752,0.125878,-1.804818,-0.326650
759,109.622,B,3,8.008363,-93.248129,8.882362,-92.809071,0.200965,0.057896,-177.9918,-0.047151,-178.0555,-0.043263,10.110946,-92.896148,-178.0555,1.231666,2.131841,-1.228584,0.087076,-2.102583,-0.351981
760,109.771,B,3,7.943389,-93.376616,8.707647,-92.893369,0.214073,0.066516,-178.2339,-0.044953,-178.2856,-0.036243,10.016514,-92.941905,-178.2856,1.309767,2.118212,-1.308867,0.048536,-2.073125,-0.434711
761,109.908,B,3,8.083518,-93.020726,8.551126,-92.986172,0.221963,0.076257,-178.7804,-0.068871,-178.9027,-0.179467,9.923476,-92.990850,-178.9027,1.372358,1.840201,-1.372350,0.004678,-1.839958,-0.029876
762,110.039,B,3,7.745554,-93.641197,8.446643,-92.999896,0.217588,0.069458,-179.3549,-0.078929,-179.4179,-0.009172,9.830130,-93.037388,-179.4179,1.383995,2.170264,-1.383487,0.037492,-2.084577,-0.603808
763,110.170,B,3,7.252850,-93.679358,8.301032,-93.121105,0.222854,0.085050,-179.2923,-0.041712,-179.3605,-0.055725,9.731195,-93.081671,-179.3605,1.430706,2.549397,-1.430163,-0.039435,-2.478345,-0.597687
764,110.316,B,3,7.980272,-93.589680,8.092964,-93.228483,0.239943,0.095917,179.9259,-0.083390,179.8124,-0.142122,9.637641,-93.132472,179.8124,1.547658,1.719277,-1.544677,-0.096011,-1.657369,-0.457208
765,110.461,B,3,7.926333,-93.548482,8.049791,-93.301925,0.221280,0.099667,179.5565,-0.072431,179.4848,-0.020262,9.540652,-93.179114,179.4848,1.495910,1.656036,-1.490861,-0.122811,-1.614318,-0.369368
766,110.613,B,3,7.636048,-93.675607,8.006369,-93.355015,0.204633,0.098935,178.8886,-0.094155,178.7375,-0.182603,9.447286,-93.228399,178.7375,1.446469,1.865630,-1.440916,-0.126616,-1.811237,-0.447208
767,110.738,B,3,7.196883,-93.162265,7.920511,-93.421024,0.198477,0.100902,178.2611,-0.097812,178.1279,-0.104124,9.353365,-93.276082,178.1279,1.440166,2.159484,-1.432854,-0.144942,-2.156482,0.113817
768,110.888,B,3,7.739818,-92.740060,7.770584,-93.384344,0.205573,0.081830,177.3592,-0.118740,177.2634,-0.115515,9.261427,-93.326022,177.2634,1.491984,1.630535,-1.490843,-0.058322,-1.521609,0.585962
769,111.029,B,3,7.054245,-93.988522,7.746724,-93.275684,0.187182,0.050199,176.5957,-0.129386,176.4409,-0.144906,9.168774,-93.375856,176.4409,1.425574,2.201498,-1.422051,0.100172,-2.114529,-0.612665
770,111.163,B,3,7.390197,-93.407682,7.604316,-93.406178,0.193640,0.071538,175.6797,-0.139610,175.5249,-0.167714,9.076028,-93.426696,175.5249,1.471855,1.685938,-1.471712,0.020518,-1.685831,0.019014
771,111.297,B,3,7.570731,-92.976063,7.547865,-93.411446,0.182827,0.064971,174.7414,-0.151828,174.5450,-0.169693,8.982929,-93.477840,174.5450,1.436599,1.498694,-1.435064,0.066394,-1.412198,0.501777
772,111.442,B,3,6.927223,-93.381950,7.533912,-93.338440,0.165128,0.043036,173.7154,-0.162848,173.5015,-0.184785,8.889904,-93.528869,173.5015,1.369297,1.968172,-1.355991,0.190428,-1.962680,0.146919
773,111.591,B,3,6.887446,-93.184852,7.409746,-93.348230,0.171001,0.041742,172.6126,-0.174861,172.3967,-0.198782,8.797547,-93.579689,172.3967,1.406970,1.950482,-1.387800,0.231460,-1.910101,0.394837
774,111.738,B,3,7.274489,-93.733315,7.300053,-93.320715,0.173791,0.033239,171.4538,-0.185859,171.2347,-0.210208,8.706373,-93.630605,171.2347,1.440058,1.435563,-1.406320,0.309890,-1.431884,-0.102710
775,111.874,B,3,8.435233,-93.361607,7.278373,-93.394592,0.156678,0.044964,170.2432,-0.196054,170.0195,-0.214882,8.616664,-93.682058,170.0195,1.368817,0.368248,-1.338291,0.287467,-0.181431,0.320451
776,112.009,B,3,6.666022,-93.661416,7.468600,-93.390574,0.100242,0.035006,168.9902,-0.205000,168.7547,-0.219631,8.528380,-93.734278,168.7547,1.114120,1.863783,-1.059779,0.343704,-1.862358,0.072862
777,112.153,B,3,6.832052,-94.534639,7.315627,-93.439855,0.118131,0.044972,167.6789,-0.214444,167.4423,-0.225607,8.441136,-93.787082,167.4423,1.177853,1.774258,-1.125509,0.347227,-1.609084,-0.747557
778,112.285,B,3,7.768026,-93.588677,7.217229,-93.636122,0.118353,0.082288,166.3217,-0.223383,166.0833,-0.243926,8.354390,-93.840006,166.0833,1.155293,0.637957,-1.137161,0.203884,-0.586364,0.251329
779,112.423,B,3,7.044820,-92.992608,7.302245,-93.632691,0.087644,0.069426,164.9035,-0.232809,164.6789,-0.249982,8.267715,-93.892635,164.6789,0.999851,1.518394,-0.965470,0.259944,-1.222895,0.900026
780,112.565,B,3,6.816051,-93.796860,7.246728,-93.522859,0.092638,0.041775,163.4652,-0.239694,163.2313,-0.264993,8.180962,-93.944882,163.2313,1.025133,1.372914,-0.934234,0.422023,-1.364911,0.148021
781,112.716,B,3,6.989378,-93.020858,7.160319,-93.572637,0.096891,0.050657,161.9546,-0.248835,161.7434,-0.259565,8.094231,-93.997015,161.7434,1.025811,1.474307,-0.933912,0.424378,-1.104853,0.976157
782,112.870,B,3,6.694200,-93.206913,7.119727,-93.476028,0.098160,0.027830,160.4240,-0.255856,160.2182,-0.267049,8.007770,-94.049430,160.2182,1.057076,1.560545,-0.888042,0.573402,-1.313569,0.842517
783,113.024,B,3,7.194373,-94.505946,7.034358,-93.427228,0.106041,0.019649,158.8531,-0.262954,158.6579,-0.272316,7.921903,-94.102374,158.6579,1.115150,0.831967,-0.887545,0.675146,-0.727530,-0.403572
784,113.173,B,3,5.165743,-93.924881,7.052247,-93.617118,0.079527,0.053573,157.2504,-0.269493,157.0635,-0.278347,7.836913,-94.155811,157.0635,0.951783,2.681133,-0.784666,0.538693,-2.671170,0.230929
785,113.314,B,3,6.121263,-93.291562,6.707492,-93.672797,0.133455,0.079522,155.6253,-0.274900,155.4356,-0.282704,7.752838,-94.209488,155.4356,1.175069,1.872065,-1.045346,0.536692,-1.631575,0.917927
786,113.460,B,3,6.366477,-93.152995,6.588522,-93.606229,0.145101,0.065776,153.9757,-0.280095,153.7754,-0.290662,7.669336,-94.263125,153.7754,1.264781,1.711675,-1.080814,0.656896,-1.302860,1.110130
787,113.603,B,3,5.813631,-94.474588,6.533922,-93.524889,0.144396,0.046965,152.2992,-0.284668,152.0849,-0.295574,7.585784,-94.316583,152.0849,1.316508,1.779183,-1.051863,0.791694,-1.772153,-0.158005
788,113.754,B,3,6.306335,-94.441097,6.391074,-93.690833,0.141690,0.083968,150.5779,-0.290733,150.3670,-0.304198,7.501557,-94.369886,150.3670,1.301647,1.197341,-1.110483,0.679053,-1.195222,-0.071211
789,113.888,B,3,5.709990,-93.122991,6.359845,-93.824340,0.119989,0.101905,148.8182,-0.296900,148.6242,-0.311181,7.416284,-94.423098,148.6242,1.214320,2.145161,-1.056439,0.598758,-1.706294,1.300107
790,114.040,B,3,6.452002,-93.906236,6.229624,-93.701538,0.140459,0.079299,147.0580,-0.300534,146.8577,-0.308897,7.329984,-94.476191,146.8577,1.345689,1.046758,-1.100360,0.774654,-0.877982,0.569956
791,114.211,B,3,5.865919,-95.149691,6.253622,-93.736874,0.116468,0.074615,145.2612,-0.305428,145.0676,-0.315543,7.243017,-94.529060,145.0676,1.267463,1.510491,-0.989395,0.792186,-1.377098,-0.620632
792,114.384,B,3,5.911791,-93.816286,6.170772,-93.987244,0.093065,0.118833,143.4417,-0.310022,143.2537,-0.311348,7.155874,-94.581649,143.2537,1.150541,1.460659,-0.985103,0.594405,-1.244084,0.765363
793,114.554,B,3,4.942204,-94.543741,6.110756,-93.960377,0.095293,0.106834,141.6037,-0.314142,141.4163,-0.330604,7.068864,-94.634050,141.4163,1.171241,2.128576,-0.958108,0.673673,-2.126660,0.090309
794,114.730,B,3,5.660530,-93.860197,5.889127,-94.065720,0.110580,0.136791,139.7369,-0.318421,139.5574,-0.329107,6.981871,-94.686417,139.5574,1.256724,1.558391,-1.092744,0.620697,-1.321342,0.826220
795,114.910,B,3,5.922359,-94.718125,5.831935,-94.031989,0.110923,0.122109,137.8397,-0.323091,137.6797,-0.325156,6.894397,-94.738791,137.6797,1.276086,0.972257,-1.062462,0.706802,-0.972038,0.020666
796,115.077,B,3,6.337882,-94.708485,5.831888,-94.155340,0.083172,0.128538,135.9489,-0.325406,135.7853,-0.331762,6.805858,-94.790971,135.7853,1.163032,0.475190,-0.973970,0.635632,-0.467976,0.082486
797,115.265,B,3,5.072761,-94.329011,5.907202,-94.257035,0.048576,0.120864,134.0367,-0.328484,133.8753,-0.336246,6.715917,-94.842531,133.8753,0.998411,1.721529,-0.808715,0.585496,-1.643155,0.513520
798,115.480,B,3,4.652725,-93.577070,5.747167,-94.273973,0.065481,0.130350,132.1173,-0.330531,131.9491,-0.341014,6.624609,-94.892980,131.9491,1.073813,2.370643,-0.877442,0.619007,-1.971884,1.315910
799,115.672,B,3,4.384064,-94.471467,5.539388,-94.153074,0.105379,0.124981,130.1576,-0.334656,130.0058,-0.334060,6.532238,-94.942004,130.0058,1.268133,2.199103,-0.992850,0.788930,-2.148174,0.470537
800,115.839,B,3,4.934360,-94.600053,5.318149,-94.208877,0.117756,0.149814,128.1995,-0.337073,128.0453,-0.341257,6.439154,-94.989646,128.0453,1.366109,1.554409,-1.121005,0.780770,-1.504794,0.389593
801,115.989,B,3,5.372868,-94.320081,5.231423,-94.277956,0.106226,0.155160,126.2120,-0.340727,126.0687,-0.352905,6.345567,-95.036265,126.0687,1.347720,1.207917,-1.114144,0.758310,-0.972699,0.716185
802,116.154,B,3,4.911449,-95.041075,5.237809,-94.285943,0.091435,0.137564,124.4025,-0.321522,124.4015,-0.194359,6.254469,-95.079584,124.4015,1.289754,1.343573,-1.016660,0.793641,-1.343021,0.038509
803,116.297,B,3,4.793954,-95.262415,5.164196,-94.420281,0.069718,0.151339,122.9316,-0.302260,122.8128,-0.357366,6.166963,-95.125962,122.8128,1.226184,1.379773,-1.002767,0.705681,-1.373009,-0.136452
804,116.433,B,3,4.498633,-93.926851,5.082094,-94.571622,0.048010,0.166270,120.6758,-0.339991,120.5526,-0.336781,6.070708,-95.175253,120.5526,1.158330,2.007468,-0.988614,0.603631,-1.572075,1.248402
805,116.576,B,3,5.154388,-94.324350,4.966069,-94.460660,0.076088,0.155995,119.4510,-0.312059,119.1743,-0.222447,5.985683,-95.219470,119.1743,1.270986,1.221594,-1.019615,0.758810,-0.831296,0.895120
806,116.733,B,3,4.673933,-94.549520,4.980701,-94.437401,0.067379,0.129499,117.4790,-0.304661,117.3846,-0.348035,5.895893,-95.264341,117.3846,1.233453,1.415682,-0.915193,0.826940,-1.221960,0.714821
807,116.899,B,3,4.340682,-95.872181,4.912139,-94.457077,0.063680,0.128434,115.9602,-0.284451,115.9350,-0.210771,5.810556,-95.306056,115.9350,1.236090,1.575128,-0.898417,0.848979,-1.469874,-0.566125
808,117.053,B,3,4.391923,-94.580201,4.796214,-94.707975,0.025357,0.160423,114.3744,-0.282362,114.3361,-0.259640,5.723321,-95.346690,114.3361,1.125826,1.536270,-0.927107,0.638714,-1.331398,0.766489
809,117.203,B,3,4.803082,-95.416270,4.709366,-94.689171,0.034218,0.155234,113.0192,-0.263441,112.9936,-0.258292,5.639462,-95.385368,112.9936,1.161795,0.836951,-0.930096,0.696197,-0.836380,-0.030902
810,117.350,B,3,3.673659,-95.314951,4.710692,-94.821124,0.006365,0.149912,111.6651,-0.251702,111.6642,-0.233363,5.556268,-95.424003,111.6642,1.038490,1.885765,-0.845576,0.602879,-1.882610,0.109052
811,117.496,B,3,4.244723,-94.718676,4.512543,-94.913151,0.006933,0.176844,110.3749,-0.240069,110.3911,-0.216601,5.474803,-95.462895,110.3911,1.108226,1.437692,-0.962260,0.549745,-1.230080,0.744219
812,117.638,B,3,3.752949,-94.654533,4.448818,-94.883676,0.016753,0.165531,109.1505,-0.228606,109.1767,-0.206794,5.395434,-95.501982,109.1767,1.130657,1.848223,-0.946616,0.618307,-1.642485,0.847450
813,117.784,B,3,5.290097,-95.080186,4.309601,-94.846297,0.032939,0.169141,107.9753,-0.218450,108.0172,-0.191593,5.318043,-95.540761,108.0172,1.224432,0.461422,-1.008442,0.694464,-0.027945,0.460575
814,117.917,B,3,4.844752,-95.275929,4.467419,-94.890141,0.008325,0.123550,106.8566,-0.208486,106.9113,-0.185599,5.242158,-95.578558,106.9113,1.036406,0.499515,-0.774739,0.688417,-0.397406,0.302629
815,118.066,B,3,4.229335,-95.614606,4.522763,-94.961505,-0.010401,0.104093,105.8025,-0.198008,105.8582,-0.175550,5.167223,-95.614765,105.8582,0.917648,0.937888,-0.644460,0.653260,-0.937888,0.000159
816,118.208,B,3,3.553121,-95.480148,4.461001,-95.081213,-0.027862,0.112144,104.7910,-0.188912,104.8565,-0.169106,5.092924,-95.648947,104.8565,0.849500,1.549028,-0.631923,0.567735,-1.539803,0.168800
817,118.354,B,3,3.522060,-95.351779,4.289632,-95.157197,-0.028158,0.137024,103.8251,-0.180331,103.8997,-0.166023,5.016490,-95.670854,103.8997,0.890037,1.528113,-0.726858,0.513657,-1.494430,0.319075
818,118.483,B,3,3.441882,-95.001492,4.140878,-95.197302,-0.023669,0.152378,102.8851,-0.173548,102.9803,-0.161444,4.937229,-95.675814,102.9803,0.929058,1.640357,-0.796351,0.478512,-1.495347,0.674321
819,118.619,B,3,3.710264,-94.021089,4.002803,-95.167699,-0.007374,0.159878,101.9926,-0.166090,102.0923,-0.153065,4.857091,-95.668438,102.0923,0.990226,2.007229,-0.854289,0.500738,-1.146827,1.647349
820,118.760,B,3,4.348487,-95.335413,3.936171,-94.967464,0.036057,0.143528,101.1303,-0.159551,101.2325,-0.142709,4.777311,-95.653088,101.2325,1.085171,0.533673,-0.841140,0.685624,-0.428823,0.317676
821,118.898,B,3,3.184185,-95.365402,3.995228,-95.032236,0.015972,0.118683,100.3023,-0.153315,100.4017,-0.144700,4.697885,-95.632006,100.4017,0.923825,1.536999,-0.702657,0.599770,-1.513701,0.266604
822,119.033,B,3,3.533137,-95.028704,3.839339,-95.091802,0.009662,0.138589,99.5033,-0.147551,99.6023,-0.123456,4.617964,-95.605023,99.6023,0.932551,1.228410,-0.778625,0.513220,-1.084827,0.576319
823,119.170,B,3,2.931308,-94.674495,3.771580,-95.081733,0.013394,0.135560,98.7261,-0.142640,98.8369,-0.129252,4.536576,-95.569784,98.8369,0.907421,1.838050,-0.764996,0.488051,-1.605268,0.895289
824,119.315,B,3,3.914955,-95.260197,3.609087,-95.009740,0.032732,0.149233,97.9880,-0.136923,98.1048,-0.122927,4.453344,-95.522325,98.1048,0.987681,0.598811,-0.844257,0.512585,-0.538389,0.262128
825,119.451,B,3,3.417785,-95.376134,3.648828,-95.053203,0.018600,0.125766,97.2854,-0.131000,97.4021,-0.124238,4.368746,-95.458953,97.4021,0.826387,0.954561,-0.719918,0.405751,-0.950961,0.082819
826,119.615,B,3,3.003813,-94.675497,3.595436,-95.110334,0.006795,0.123957,96.5872,-0.127206,96.7235,-0.114611,4.283733,-95.378402,96.7235,0.738657,1.460230,-0.688297,0.268068,-1.279920,0.702905
827,119.734,B,3,3.177915,-94.661698,3.478335,-95.033517,0.025126,0.130598,95.9259,-0.122467,96.0659,-0.114940,4.199108,-95.282597,96.0659,0.762597,1.195136,-0.720773,0.249080,-1.021193,0.620899
828,119.888,B,3,4.274015,-94.977476,3.412209,-94.966145,0.037625,0.126784,95.2884,-0.117949,95.4293,-0.102352,4.115074,-95.175765,95.4293,0.733457,0.254127,-0.702865,0.209620,0.158941,0.198289
829,120.009,B,3,3.104379,-94.482592,3.553116,-94.965808,0.029354,0.083798,94.6767,-0.113577,94.8154,-0.102614,4.031296,-95.062261,94.8154,0.487811,1.093248,-0.478180,0.096454,-0.926917,0.579669
830,120.133,B,3,3.371312,-94.214483,3.465076,-94.877550,0.045879,0.089670,94.0936,-0.108664,94.2249,-0.103756,3.947433,-94.944658,94.2249,0.487003,0.930092,-0.482358,0.067108,-0.576122,0.730175
831,120.271,B,3,2.270449,-93.953669,3.439598,-94.755713,0.065659,0.081728,93.5215,-0.105036,93.6571,-0.098370,3.863566,-94.823251,93.6571,0.429313,1.814992,-0.423968,0.067538,-1.593117,0.869582
832,120.418,B,3,3.578368,-94.146048,3.223431,-94.606934,0.092451,0.112977,92.9784,-0.100982,93.0450,-0.090568,3.780231,-94.696143,93.1095,0.563901,0.585964,-0.556800,0.089209,-0.201862,0.550095
833,120.543,B,3,2.660954,-94.473887,3.275399,-94.516624,0.099000,0.087849,92.4349,-0.098425,92.5793,-0.092612,3.698056,-94.559708,92.5793,0.424847,1.040647,-0.422657,0.043084,-1.037102,0.085821
834,120.672,B,3,2.836301,-93.629449,3.159374,-94.501574,0.094686,0.103494,92.0215,-0.095664,92.0654,-0.085577,3.617253,-94.410256,92.0654,0.466896,1.104331,-0.457879,-0.091318,-0.780952,0.780807
835,120.816,B,3,2.371476,-93.680320,3.092357,-94.338521,0.118437,0.103141,91.5251,-0.092053,91.5695,-0.075327,3.537490,-94.246050,91.5695,0.454636,1.296008,-0.445133,-0.092471,-1.166013,0.565730
836,120.975,B,3,3.193586,-93.385140,2.952395,-94.208427,0.130364,0.116150,90.9602,-0.087638,91.0940,-0.080018,3.458233,-94.068199,91.0940,0.524915,0.732535,-0.505838,-0.140229,-0.264647,0.683059
837,121.114,B,3,1.506158,-93.743763,2.984081,-94.049618,0.147082,0.094817,90.5053,-0.084371,90.6395,-0.078034,3.379240,-93.880104,90.6395,0.429983,1.878037,-0.395159,-0.169514,-1.873081,0.136341
838,121.253,B,3,2.281959,-92.432379,2.711945,-93.980933,0.146154,0.138584,90.0698,-0.081091,90.2033,-0.077815,3.300841,-93.685766,90.2033,0.658728,1.615270,-0.588896,-0.295167,-1.018882,1.253387
839,121.392,B,3,2.010893,-92.320176,2.622327,-93.691270,0.188527,0.139018,89.6438,-0.078431,89.7817,-0.075051,3.223731,-93.488023,89.7817,0.634820,1.683699,-0.601404,-0.203247,-1.212838,1.167847
840,121.533,B,3,2.046175,-93.140482,2.503402,-93.433474,0.224969,0.149592,89.3058,-0.076910,89.3717,-0.072357,3.148492,-93.287729,89.3717,0.661350,1.112108,-0.645091,-0.145745,-1.102317,0.147247
841,121.676,B,3,2.599375,-92.734119,2.405892,-93.356154,0.209957,0.148770,88.8247,-0.073632,88.9730,-0.074885,3.075225,-93.083566,88.9730,0.722711,0.590378,-0.669333,-0.272588,-0.475850,0.349447
842,121.807,B,3,1.503201,-92.371713,2.426553,-93.224964,0.212220,0.127323,88.4281,-0.071915,88.5883,-0.062335,3.003469,-92.872371,88.5883,0.676132,1.581601,-0.576916,-0.352593,-1.500268,0.500658
843,121.945,B,3,1.202127,-92.423083,2.250671,-93.052268,0.222653,0.148484,88.0650,-0.068631,88.2223,-0.068468,2.932569,-92.650518,88.2223,0.791447,1.745324,-0.681898,-0.401750,-1.730442,0.227435
844,122.085,B,3,2.270665,-91.119177,2.050615,-92.918290,0.223704,0.172309,87.7096,-0.066089,87.8783,-0.062602,2.862212,-92.415780,87.8783,0.954572,1.425169,-0.811597,-0.502511,-0.591547,1.296603
845,122.236,B,3,2.177483,-92.227068,2.074307,-92.575944,0.267386,0.148785,87.3810,-0.062607,87.5556,-0.055168,2.792676,-92.168429,87.5556,0.825906,0.617981,-0.718368,-0.407515,-0.615193,-0.058639
846,122.374,B,3,1.946412,-91.369633,2.079612,-92.487510,0.254394,0.131035,87.0785,-0.058788,87.2500,-0.061689,2.724612,-91.911099,87.2500,0.865029,0.948041,-0.645000,-0.576411,-0.778201,0.541466
847,122.513,B,3,1.612054,-90.697746,2.044698,-92.263463,0.270225,0.124413,86.7938,-0.055127,86.9571,-0.045657,2.658538,-91.647533,86.9571,0.869580,1.413231,-0.613839,-0.615931,-1.046484,0.949787
848,122.666,B,3,1.795024,-91.384625,1.957363,-91.958109,0.300314,0.130064,86.5134,-0.052800,86.6753,-0.048999,2.594393,-91.380862,86.6753,0.859663,0.799378,-0.637030,-0.577246,-0.799369,-0.003763
849,122.805,B,3,1.979687,-90.419586,1.917821,-91.826448,0.291945,0.124273,86.2535,-0.049951,86.4058,-0.050646,2.531587,-91.112432,86.4058,0.941556,0.885793,-0.613766,-0.714016,-0.551900,0.692846
850,122.944,B,3,1.196016,-90.442716,1.918887,-91.547257,0.314829,0.112446,86.0046,-0.047252,86.1517,-0.040026,2.469432,-90.841418,86.1517,0.895158,1.334373,-0.550545,-0.705839,-1.273416,0.398702
851,123.082,B,3,2.823726,-89.522514,1.781643,-91.319667,0.323135,0.129810,85.7833,-0.043899,85.9159,-0.039567,2.407658,-90.565142,85.9159,0.980409,1.122580,-0.626015,-0.754525,0.416069,1.042628
852,123.223,B,3,1.623627,-90.569307,1.957116,-90.967964,0.359127,0.083371,85.5809,-0.040372,85.6993,-0.033535,2.346656,-90.280218,85.6993,0.790402,0.778680,-0.389540,-0.687746,-0.723029,-0.289089
853,123.369,B,3,1.477068,-89.740124,1.892465,-90.861962,0.338281,0.088282,85.3933,-0.037433,85.5003,-0.034535,2.287210,-89.984199,85.5003,0.962440,0.846110,-0.394745,-0.877762,-0.810142,0.244075
854,123.515,B,3,1.762798,-89.655485,1.812769,-90.629133,0.345296,0.097453,85.1975,-0.036279,85.3163,-0.025279,2.229912,-89.676768,85.3163,1.039715,0.467598,-0.417142,-0.952365,-0.467114,0.021283
855,123.662,B,3,0.619222,-89.408548,1.797378,-90.421972,0.347128,0.092341,85.0386,-0.032953,85.1459,-0.039656,2.174726,-89.359898,85.1459,1.127117,1.556264,-0.377347,-1.062074,-1.555503,-0.048650
856,123.799,B,3,1.809332,-88.892436,1.581774,-90.207517,0.347210,0.128663,84.8780,-0.030890,84.9893,-0.025155,2.121010,-89.036955,84.9893,1.288795,0.343554,-0.539236,-1.170563,-0.311679,0.144519
857,123.931,B,3,1.381986,-88.174197,1.613011,-89.939074,0.361920,0.111756,84.7373,-0.028395,84.8467,-0.024282,2.067978,-88.711161,84.8467,1.309491,0.871158,-0.454967,-1.227913,-0.685992,0.536964
858,124.059,B,3,0.713977,-87.607846,1.564464,-89.589253,0.390106,0.114476,84.6071,-0.026190,84.7178,-0.023954,2.015223,-88.384258,84.7178,1.286545,1.515275,-0.450760,-1.204995,-1.301246,0.776412
859,124.198,B,3,2.073108,-87.294530,1.405708,-89.198158,0.421465,0.140106,84.5075,-0.022696,84.6011,-0.017471,1.962945,-88.055953,84.6011,1.270885,0.769350,-0.557237,-1.142206,0.110163,0.761422
860,124.342,B,3,1.632610,-86.147829,1.515045,-88.817646,0.451652,0.108535,84.4127,-0.020214,84.4951,-0.029287,1.911796,-87.724121,84.4951,1.163275,1.600825,-0.396751,-1.093525,-0.279186,1.576292
861,124.482,B,3,0.483092,-86.932103,1.529938,-88.298182,0.504786,0.102447,84.3039,-0.019845,84.3985,-0.015306,1.862476,-87.385697,84.3985,0.971190,1.452049,-0.332538,-0.912485,-1.379384,0.453594
862,124.633,B,3,0.997008,-85.845452,1.338647,-88.005740,0.502032,0.134806,84.2213,-0.017900,84.3116,-0.010821,1.815310,-87.038094,84.3116,1.078678,1.446380,-0.476663,-0.967646,-0.818302,1.192643
863,124.775,B,3,0.385991,-85.605368,1.269851,-87.571894,0.530440,0.141448,84.1550,-0.015448,84.2351,-0.015977,1.770124,-86.680509,84.2351,1.022175,1.752642,-0.500274,-0.891385,-1.384133,1.075141
864,124.926,B,3,0.993200,-86.802619,1.104236,-87.169736,0.547243,0.166462,84.0898,-0.013787,84.1693,-0.010461,1.726468,-86.314371,84.1693,1.057744,0.880947,-0.622232,-0.855365,-0.733268,-0.488248
865,125.071,B,3,0.654725,-85.625113,1.073956,-87.050397,0.507494,0.155753,84.0430,-0.011626,84.1123,-0.009843,1.683969,-85.942736,84.1123,1.264527,1.077139,-0.610014,-1.107661,-1.029245,0.317623
866,125.199,B,3,1.152606,-84.429104,0.989503,-86.746584,0.508542,0.160961,84.0064,-0.009586,84.0611,-0.007721,1.642548,-85.568863,84.0611,1.346661,1.240602,-0.653045,-1.177721,-0.489943,1.139759
867,125.331,B,3,1.260329,-85.160686,1.008286,-86.283795,0.543666,0.148006,83.9687,-0.008430,84.0130,-0.006375,1.602361,-85.194747,84.0130,1.240544,0.343724,-0.594075,-1.089048,-0.342032,0.034061
868,125.475,B,3,0.436187,-84.641513,1.046007,-86.041518,0.543632,0.131455,83.9239,-0.008939,83.9670,-0.012702,1.563594,-84.820420,83.9670,1.326264,1.141514,-0.517587,-1.221098,-1.127407,0.178907
869,125.628,B,3,0.570705,-83.211794,0.929358,-85.731113,0.529706,0.143732,83.8619,-0.009247,83.9239,-0.008965,1.526347,-84.444090,83.9239,1.418740,1.559424,-0.596988,-1.287023,-0.955641,1.232296
870,125.767,B,3,0.727933,-83.594704,0.857277,-85.230716,0.567938,0.152193,83.8249,-0.008135,83.8852,-0.012611,1.490694,-84.062902,83.8852,1.328535,0.894993,-0.633417,-1.167814,-0.762760,0.468198
871,125.904,B,3,0.198313,-83.765370,0.825625,-84.883749,0.571659,0.148378,83.7791,-0.008264,83.8516,0.001853,1.456793,-83.674253,83.8516,1.364277,1.261774,-0.631168,-1.209495,-1.258480,-0.091116
872,126.051,B,3,0.541318,-82.224835,0.705750,-84.628567,0.554545,0.160915,83.7591,-0.006462,83.8220,-0.003145,1.424896,-83.277111,83.8220,1.530883,1.374044,-0.719145,-1.351456,-0.883578,1.052276
873,126.200,B,3,1.015650,-82.754218,0.668878,-84.158388,0.599026,0.163854,83.7416,-0.005636,83.7942,0.001219,1.395210,-82.872559,83.7942,1.476792,0.397580,-0.726332,-1.285829,-0.379560,0.118341
874,126.348,B,3,0.677648,-81.269123,0.719907,-83.840829,0.582477,0.137883,83.7293,-0.003816,83.7663,0.005375,1.367703,-82.463305,83.7663,1.522238,1.379220,-0.647795,-1.377523,-0.690055,1.194183
875,126.490,B,3,0.132413,-80.916465,0.705350,-83.326167,0.618642,0.136114,83.7133,-0.003581,83.7379,-0.006729,1.342017,-82.052375,83.7379,1.424041,1.659346,-0.636667,-1.273792,-1.209603,1.135909
876,126.621,B,3,0.733822,-81.686478,0.596936,-82.836802,0.643504,0.152993,83.6864,-0.003976,83.7099,0.002099,1.317631,-81.641719,83.7099,1.395574,0.585522,-0.720696,-1.195083,-0.583809,-0.044759
877,126.763,B,3,0.162224,-80.735744,0.613502,-82.569023,0.623528,0.137878,83.6628,-0.004076,83.6838,-0.003986,1.294184,-81.231562,83.6838,1.500710,1.235787,-0.680681,-1.337461,-1.131960,0.495818
878,126.898,B,3,0.357167,-80.410378,0.526641,-82.181698,0.627716,0.148051,83.6441,-0.003826,83.6603,-0.005933,1.271731,-80.820484,83.6603,1.551794,1.002305,-0.745090,-1.361214,-0.914564,0.410106
879,127.038,B,3,-0.301658,-79.636004,0.489027,-81.804870,0.630383,0.146908,83.6242,-0.003643,83.6433,-0.005585,1.251069,-80.407017,83.6433,1.592074,1.733615,-0.762041,-1.397853,-1.552727,0.771012
880,127.193,B,3,0.637160,-78.685961,0.340950,-81.357026,0.644614,0.169797,83.6368,-0.001089,83.6377,-0.000673,1.234288,-79.991964,83.6377,1.631394,1.436039,-0.893339,-1.365062,-0.597129,1.306003
881,127.350,B,3,0.108123,-78.820253,0.384345,-80.818233,0.679833,0.153459,83.6267,-0.001310,83.6286,-0.004443,1.220970,-79.570727,83.6286,1.502069,1.342252,-0.836625,-1.247506,-1.112847,0.750474
882,127.514,B,3,-0.014364,-78.416967,0.327788,-80.396052,0.685223,0.156604,83.6187,-0.001317,83.6173,-0.001191,1.210533,-79.143295,83.6173,1.532527,1.424052,-0.882745,-1.252757,-1.224897,0.726328
883,127.664,B,3,0.126818,-77.552431,0.259263,-79.976680,0.689163,0.161761,83.6091,-0.001501,83.6092,0.005415,1.202450,-78.712717,83.6092,1.577088,1.582165,-0.943187,-1.263963,-1.075632,1.160286
884,127.800,B,3,-0.087201,-77.870210,0.227590,-79.477572,0.709574,0.160682,83.6156,-0.000414,83.6143,0.003095,1.195353,-78.281554,83.6143,1.538514,1.346903,-0.967763,-1.196018,-1.282554,0.411344
885,127.941,B,3,1.061052,-76.863989,0.163764,-79.121990,0.697916,0.162999,83.6324,0.000971,83.6267,0.006928,1.187999,-77.850182,83.6267,1.632958,0.994331,-1.024235,-1.271808,-0.126947,0.986194
886,128.081,B,3,0.120246,-76.734934,0.315324,-78.651681,0.715635,0.124135,83.6593,0.002693,83.6541,0.007603,1.179971,-77.418850,83.6541,1.505818,1.261252,-0.864647,-1.232831,-1.059725,0.683916
887,128.226,B,3,-0.113505,-75.780306,0.276292,-78.240840,0.715011,0.126905,83.6947,0.004143,83.6825,0.002871,1.173233,-76.986879,83.6825,1.541727,1.763949,-0.896941,-1.253961,-1.286739,1.206573
888,128.363,B,3,0.306045,-75.640557,0.202318,-77.733231,0.733228,0.138576,83.7144,0.003803,83.7086,0.002451,1.168919,-76.552357,83.7086,1.526034,1.255360,-0.966600,-1.180874,-0.862874,0.911800
889,128.508,B,3,0.530675,-75.480474,0.215243,-77.289238,0.738447,0.129891,83.7373,0.003937,83.7287,0.006464,1.167732,-76.113150,83.7287,1.513414,0.897842,-0.952490,-1.176088,-0.637057,0.632676
890,128.640,B,3,-0.091211,-74.327251,0.266685,-76.895253,0.733802,0.113275,83.7708,0.004797,83.7553,0.008741,1.167927,-75.667724,83.7553,1.522848,1.839102,-0.901242,-1.227529,-1.259138,1.340472
891,128.787,B,3,0.140035,-74.751582,0.199772,-76.366840,0.754190,0.125454,83.8014,0.005157,83.7951,0.011090,1.168150,-75.216352,83.7951,1.503788,1.128287,-0.968379,-1.150488,-1.028115,0.464771
892,128.937,B,3,0.230034,-73.117523,0.184917,-76.005967,0.739566,0.121941,83.8509,0.006669,83.8497,-0.000580,1.167716,-74.760749,83.8497,1.586337,1.891940,-0.982799,-1.245219,-0.937682,1.643225
893,129.089,B,3,1.127964,-73.380979,0.188813,-75.419896,0.772553,0.119987,83.9188,0.008956,83.9151,0.014142,1.167030,-74.303117,83.9151,1.484622,0.922965,-0.978217,-1.116778,-0.039066,0.922138
894,129.212,B,3,0.230299,-73.064842,0.352318,-74.981844,0.775336,0.082678,83.9858,0.010184,83.9852,0.018167,1.167056,-73.845203,83.9852,1.398481,1.219212,-0.814738,-1.136641,-0.936757,0.780361
895,129.371,B,3,0.458951,-72.245723,0.330419,-74.565681,0.769305,0.086583,84.0585,0.011144,84.0563,0.020001,1.168412,-73.387795,84.0563,1.445561,1.344494,-0.837993,-1.177886,-0.709461,1.142073
896,129.511,B,3,0.423161,-72.680819,0.352585,-74.078327,0.779331,0.082600,84.1364,0.012244,84.1295,0.017677,1.170864,-72.930350,84.1295,1.409763,0.788242,-0.818279,-1.147976,-0.747703,0.249532
897,129.647,B,3,-0.383384,-71.803564,0.364982,-73.754194,0.754999,0.077474,84.1316,0.005395,84.0811,-0.074334,1.171899,-72.472372,84.0811,1.514657,1.692988,-0.806917,-1.281823,-1.555283,0.668807
898,129.795,B,3,0.366683,-72.322946,0.232739,-73.334028,0.749791,0.104361,83.6527,-0.030474,83.5902,-0.012590,1.168332,-72.026445,83.5902,1.607827,0.854724,-0.935593,-1.307583,-0.801649,-0.296500
899,129.936,B,3,0.258847,-70.767965,0.253834,-73.081357,0.714633,0.093367,83.9527,0.006710,83.9322,0.071757,1.167099,-71.581609,83.9322,1.755932,1.219401,-0.913266,-1.499748,-0.908252,0.813645
900,130.078,B,3,0.090891,-69.783158,0.253330,-72.600323,0.729211,0.093102,83.8067,-0.010448,83.6960,-0.134834,1.160306,-71.144399,83.6960,1.715319,1.731077,-0.906976,-1.455923,-1.069415,1.361242
901,130.222,B,3,0.500360,-69.421195,0.223778,-72.028209,0.759876,0.100815,83.4288,-0.030762,83.3575,0.021289,1.152774,-70.709650,83.3575,1.612958,1.444215,-0.928996,-1.318560,-0.652413,1.288454
902,130.363,B,3,-0.026385,-69.579777,0.271714,-71.490510,0.781721,0.091328,83.3495,-0.026162,83.2478,-0.113183,1.147434,-70.275680,83.2478,1.497564,1.364599,-0.875720,-1.214830,-1.173819,0.695903
903,130.496,B,3,0.417121,-68.777949,0.219613,-71.071561,0.774157,0.100837,82.7643,-0.054947,82.7250,-0.019849,1.138223,-69.849051,82.7250,1.529174,1.291219,-0.918610,-1.222510,-0.721102,1.071102
904,130.644,B,3,0.573946,-68.727815,0.255104,-70.591063,0.783899,0.093407,82.3281,-0.067033,82.2564,-0.101978,1.127934,-69.430521,82.2564,1.452133,0.894817,-0.872830,-1.160542,-0.553987,0.702706
905,130.784,B,3,0.453210,-68.168186,0.313598,-70.183687,0.776745,0.080834,81.8208,-0.076420,81.7505,-0.111332,1.114614,-69.023060,81.7505,1.410206,1.080863,-0.801016,-1.160627,-0.661404,0.854874
906,130.922,B,3,-0.373393,-68.067436,0.341225,-69.765943,0.790820,0.078497,81.3514,-0.085421,81.1618,-0.087880,1.097759,-68.627411,81.1618,1.366967,1.574122,-0.756534,-1.138532,-1.471152,0.559976
907,131.063,B,3,0.686602,-68.030266,0.218250,-69.376073,0.758004,0.103311,81.1852,-0.051714,81.2888,0.097972,1.086083,-68.244360,81.2888,1.426152,0.453234,-0.867833,-1.131713,-0.399481,0.214094
908,131.197,B,3,0.035593,-67.017350,0.302651,-69.063168,0.735560,0.083147,81.1468,-0.037804,81.0918,-0.080526,1.068063,-67.870196,81.0918,1.417406,1.339156,-0.765413,-1.192972,-1.032470,0.852845
909,131.330,B,3,0.406920,-67.179423,0.258719,-68.628098,0.736707,0.094942,80.7441,-0.051025,80.6734,-0.071994,1.054075,-67.497293,80.6734,1.382502,0.721007,-0.795356,-1.130806,-0.647155,0.317870
910,131.475,B,3,-0.251788,-66.346378,0.287859,-68.298951,0.718487,0.088025,80.3885,-0.055122,80.3280,-0.060927,1.043602,-67.128114,80.3280,1.393559,1.512993,-0.755743,-1.170836,-1.295390,0.781736
911,131.621,B,3,-0.469084,-65.295648,0.195266,-67.881839,0.716331,0.109324,80.1063,-0.052351,80.0615,-0.041725,1.034668,-66.762429,80.0615,1.399169,2.100646,-0.839401,-1.119410,-1.503751,1.466781
912,131.757,B,3,-0.542168,-66.153663,0.078658,-67.351852,0.736147,0.136891,79.9142,-0.044211,79.8737,-0.021275,1.025862,-66.402102,79.8737,1.341351,1.587589,-0.947204,-0.949750,-1.568030,0.248439
913,131.891,B,3,0.978265,-66.094027,-0.032407,-67.066560,0.704611,0.152752,79.7800,-0.035338,79.7551,-0.012278,1.017331,-66.050326,79.7551,1.461054,0.058616,-1.049738,-1.016234,-0.039066,-0.043700
914,132.030,B,3,0.538077,-64.854890,0.144993,-66.824237,0.677540,0.107767,79.7007,-0.025906,79.6921,-0.010066,1.010598,-65.710042,79.6921,1.410922,0.977017,-0.865606,-1.114194,-0.472521,0.855153
915,132.175,B,3,0.531508,-65.581721,0.216378,-66.407832,0.684994,0.095269,79.6676,-0.017217,79.6746,-0.001113,1.007173,-65.382212,79.6746,1.295088,0.515811,-0.790795,-1.025620,-0.475665,-0.199509
916,132.310,B,3,-0.274563,-64.520653,0.275163,-66.194411,0.650549,0.079957,79.6774,-0.009092,79.7013,0.015031,1.007261,-65.065389,79.7013,1.345607,1.392771,-0.732098,-1.129022,-1.281824,0.544736
917,132.449,B,3,0.114890,-64.094616,0.180829,-65.833547,0.644249,0.102273,79.7418,-0.000686,79.7782,0.022804,1.009755,-64.756504,79.7782,1.359096,1.113050,-0.828926,-1.077043,-0.894866,0.661888
918,132.587,B,3,-0.114415,-62.776776,0.170243,-65.461355,0.643864,0.105716,79.8774,0.009684,79.9125,0.030275,1.013357,-64.452155,79.9125,1.315039,2.019595,-0.843114,-1.009200,-1.127772,1.675379
919,132.716,B,3,0.246976,-64.034492,0.120193,-64.920816,0.675814,0.122639,80.0709,0.019905,80.1047,0.049344,1.017863,-64.150184,80.1047,1.183082,0.779520,-0.897670,-0.770631,-0.770887,0.115693
920,132.863,B,3,0.088879,-63.282476,0.142066,-64.696944,0.643254,0.111930,80.3158,0.029317,80.3455,0.050340,1.024389,-63.850647,80.3455,1.222585,1.094531,-0.882323,-0.846297,-0.935510,0.568171
921,133.003,B,3,0.432599,-62.696988,0.132076,-64.382427,0.631491,0.111935,80.6092,0.038491,80.6225,0.057664,1.034437,-63.555601,80.6225,1.223885,1.048535,-0.902361,-0.826825,-0.601838,0.858614
922,133.142,B,3,-0.055742,-62.986825,0.184573,-64.020673,0.632737,0.100924,80.9083,0.044117,80.9276,0.060025,1.048647,-63.268052,80.9276,1.145889,1.139633,-0.864074,-0.752621,-1.104389,0.281227
923,133.281,B,3,0.447185,-63.155414,0.141538,-63.775034,0.607320,0.106097,81.2395,0.049684,81.2619,0.060703,1.066068,-62.990307,81.2619,1.212664,0.640528,-0.924530,-0.784728,-0.618883,-0.165107
924,133.420,B,3,0.650187,-62.252214,0.194485,-63.605400,0.572891,0.088708,81.6018,0.055243,81.6315,0.066156,1.084798,-62.722829,81.6315,1.253630,0.640597,-0.890313,-0.882571,-0.434611,0.470615
925,133.571,B,3,0.540215,-62.252037,0.274874,-63.308740,0.568775,0.071822,82.0033,0.061529,82.0413,0.075231,1.103446,-62.464384,82.0413,1.182991,0.601931,-0.828572,-0.844355,-0.563231,0.212347
926,133.691,B,3,0.625580,-61.259280,0.322521,-63.065492,0.553355,0.061433,82.4500,0.068343,82.4905,0.075858,1.122212,-62.212697,82.4905,1.169087,1.075010,-0.799690,-0.852796,-0.496631,0.953417
927,133.855,B,3,0.298905,-61.287772,0.377171,-62.690464,0.566383,0.054587,82.9275,0.074809,82.9711,0.085692,1.142886,-61.965183,82.9711,1.054681,1.082216,-0.765715,-0.725281,-0.843982,0.677411
928,133.978,B,3,-0.186469,-61.125672,0.364322,-62.386040,0.561730,0.059516,83.4354,0.080462,83.4734,0.085821,1.167476,-61.719960,83.4734,1.043416,1.478630,-0.803154,-0.666080,-1.353945,0.594289
929,134.140,B,3,0.341926,-61.838323,0.266366,-62.107480,0.550110,0.079835,83.9592,0.085018,84.0566,0.095710,1.196627,-61.476622,83.9930,1.123995,0.928085,-0.930260,-0.630858,-0.854701,-0.361701
930,134.275,B,3,0.096820,-60.193054,0.277465,-62.006159,0.507262,0.070735,84.4971,0.088646,84.5334,0.102284,1.229178,-61.236345,84.5334,1.224080,1.539704,-0.951713,-0.769814,-1.132357,1.043290
931,134.410,B,3,1.145772,-60.344867,0.242736,-61.634256,0.522756,0.078543,85.0680,0.093235,85.1015,0.102840,1.262926,-61.001378,85.1015,1.200551,0.666882,-1.020190,-0.632878,-0.117154,0.656511
932,134.550,B,3,0.627208,-60.201063,0.399837,-61.353959,0.522608,0.043970,85.6629,0.097769,85.7004,0.104379,1.296235,-60.773910,85.7004,1.067701,0.880767,-0.896397,-0.580050,-0.669027,0.572847
933,134.684,B,3,0.717295,-59.923512,0.439455,-61.098294,0.514722,0.036036,86.2840,0.102003,86.3262,0.117672,1.329190,-60.555015,86.3262,1.042488,0.879325,-0.889735,-0.543279,-0.611895,0.631503
934,134.819,B,3,0.702166,-58.995334,0.488188,-60.849928,0.518896,0.027283,86.7964,0.105186,86.9709,0.119203,1.363324,-60.344335,86.9709,1.010687,1.502310,-0.875137,-0.505593,-0.661159,1.349002
935,134.960,B,3,-0.433193,-59.164777,0.525829,-60.460229,0.527363,0.022305,87.6165,0.110014,87.6263,0.115746,1.400413,-60.140136,87.6263,0.931319,2.076881,-0.874584,-0.320092,-1.833606,0.975359
936,135.095,B,3,-0.017786,-58.825920,0.355419,-60.191748,0.531680,0.059894,88.1243,0.112050,88.2898,0.113371,1.441098,-59.939778,88.2898,1.114535,1.835490,-1.085679,-0.251969,-1.458884,1.113859
937,135.241,B,3,0.558643,-58.168448,0.284150,-59.889866,0.518789,0.069758,88.6017,0.087755,88.5764,0.015402,1.482476,-59.734994,88.5764,1.208292,1.818662,-1.198326,-0.154872,-0.923833,1.566545
938,135.387,B,3,0.687215,-58.314540,0.327419,-59.533598,0.531499,0.056761,88.8579,0.071161,88.8697,0.122494,1.519105,-59.531083,88.8697,1.191689,1.473777,-1.191686,-0.002515,-0.831890,1.216543
939,135.545,B,3,0.449130,-59.340957,0.385919,-59.265578,0.525024,0.040490,89.8569,0.115796,89.9092,0.160462,1.558989,-59.320283,89.9092,1.174345,1.110051,-1.173070,0.054704,-1.109859,-0.020675
940,135.688,B,3,0.915093,-59.212610,0.393304,-59.228535,0.471950,0.034207,90.4125,0.106087,90.4223,0.067057,1.592730,-59.103942,90.4223,1.205880,0.686295,-1.199427,-0.124593,-0.677638,-0.108668
941,135.828,B,3,0.208079,-58.834498,0.482325,-59.180317,0.427730,0.012091,91.0371,0.107944,91.0938,0.146882,1.629277,-58.887516,91.0938,1.183736,1.422186,-1.146952,-0.292801,-1.421198,0.053018
942,135.959,B,3,0.804662,-57.508086,0.431339,-59.077767,0.398945,0.021070,91.6898,0.108985,91.6950,0.080152,1.665847,-58.672975,91.6950,1.299179,1.448658,-1.234508,-0.404792,-0.861186,1.164890
943,136.092,B,3,1.056753,-57.021585,0.494234,-58.760133,0.417468,0.006011,92.2870,0.107550,92.2941,0.088888,1.702362,-58.460685,92.2941,1.244686,1.577283,-1.208128,-0.299448,-0.645609,1.439100
944,136.228,B,3,1.047647,-57.479114,0.591783,-58.410601,0.440169,-0.015057,92.8400,0.103075,92.8380,0.096666,1.736133,-58.248642,92.8380,1.155754,1.032563,-1.144350,-0.161959,-0.688486,0.769528
945,136.350,B,3,0.662678,-57.722332,0.671989,-58.202447,0.431346,-0.030527,93.3886,0.099935,93.3789,0.091426,1.766735,-58.033248,93.3789,1.107744,1.147001,-1.094746,-0.169198,-1.104058,0.310916
946,136.488,B,3,0.104395,-57.636124,0.670613,-58.075421,0.407269,-0.027660,93.9229,0.097047,93.9082,0.089502,1.794428,-57.810535,93.9082,1.154610,1.699008,-1.123815,-0.264886,-1.690032,0.174410
947,136.628,B,3,0.968140,-57.413636,0.569635,-57.958099,0.384693,-0.005069,94.4376,0.093873,94.4221,0.088487,1.820445,-57.578290,94.4221,1.307203,0.868063,-1.250810,-0.379809,-0.852305,0.164654
948,136.770,B,3,1.091068,-56.989220,0.638010,-57.824257,0.366782,-0.019827,94.9359,0.090992,94.9169,0.084887,1.845730,-57.337112,94.9169,1.302267,0.830990,-1.207721,-0.487145,-0.754663,0.347891
949,136.914,B,3,1.928968,-57.321240,0.717330,-57.640237,0.360836,-0.035873,95.3920,0.086135,95.3940,0.072706,1.870175,-57.090172,95.3940,1.277350,0.238431,-1.152845,-0.550065,0.058793,-0.231068
950,137.058,B,3,0.944954,-56.572401,0.933029,-57.548456,0.334967,-0.076856,95.8545,0.083867,95.8584,0.080772,1.892753,-56.841697,95.8584,1.191881,0.985314,-0.959725,-0.706759,-0.947800,0.269296
951,137.200,B,3,0.447456,-56.287628,0.939000,-57.341949,0.337954,-0.072403,96.3060,0.081552,96.3140,0.079580,1.912486,-56.594928,96.3140,1.227076,1.496913,-0.973487,-0.747021,-1.465031,0.307300
952,137.338,B,3,1.028735,-54.972898,0.854617,-57.121310,0.344902,-0.050763,96.7709,0.081451,96.7611,0.079969,1.929302,-56.350923,96.7611,1.322287,1.646200,-1.074684,-0.770387,-0.900567,1.378025
953,137.477,B,3,1.402288,-54.901575,0.886177,-56.705381,0.388605,-0.059001,97.2236,0.080441,97.1964,0.086492,1.944104,-56.108278,97.1964,1.214801,1.322761,-1.057927,-0.597103,-0.541816,1.206704
954,137.610,B,3,0.643283,-55.322761,0.978649,-56.346428,0.414388,-0.078196,97.6670,0.079079,97.6152,0.075384,1.958024,-55.863541,97.6152,1.091950,1.421615,-0.979375,-0.482886,-1.314742,0.540780
955,137.745,B,3,1.829926,-53.884961,0.920875,-56.123792,0.412641,-0.062499,98.0849,0.076519,98.0160,0.061854,1.971338,-55.612749,98.0160,1.168177,1.733565,-1.050463,-0.511043,-0.141412,1.727788
956,137.886,B,3,0.491163,-54.838515,1.082724,-55.685091,0.449717,-0.098270,98.4708,0.072772,98.4032,0.059689,1.983085,-55.353486,98.4032,0.959486,1.578299,-0.900362,-0.331605,-1.491922,0.514971
957,138.037,B,3,0.872695,-55.222446,0.980231,-55.490302,0.439474,-0.071280,98.8463,0.069955,98.7840,0.064907,1.991781,-55.086023,98.7840,1.089346,1.127371,-1.011550,-0.404279,-1.119086,-0.136423
958,138.193,B,3,0.861417,-53.790597,0.961248,-55.399862,0.407352,-0.061812,99.2200,0.068085,99.1625,0.065243,1.996626,-54.813104,99.1625,1.190080,1.527815,-1.035377,-0.586757,-1.135209,1.022507
959,138.336,B,3,0.739127,-53.379435,0.942806,-55.073816,0.426363,-0.060159,99.5979,0.067144,99.5355,0.066969,1.998312,-54.538559,99.5355,1.183466,1.711466,-1.055505,-0.535257,-1.259185,1.159124
960,138.492,B,3,0.852091,-53.129124,0.905167,-54.730852,0.447088,-0.055798,99.9530,0.064880,99.8954,0.060717,1.998656,-54.265472,99.8954,1.188401,1.614280,-1.093489,-0.465380,-1.146566,1.136348
961,138.621,B,3,1.544685,-53.490069,0.893333,-54.402440,0.461682,-0.057169,100.2972,0.062805,100.2360,0.059448,1.999352,-53.995020,100.2360,1.178673,0.679483,-1.106019,-0.407421,-0.454667,0.504951
962,138.774,B,3,1.288779,-52.706248,1.006603,-54.195312,0.446234,-0.080064,100.6143,0.059690,100.5562,0.054288,2.000829,-53.726213,100.5562,1.099336,1.243923,-0.994226,-0.469100,-0.712050,1.019965
963,138.902,B,3,0.628875,-53.373474,1.056296,-53.886676,0.454817,-0.091158,100.9199,0.057049,100.8604,0.048797,2.001914,-53.456294,100.8604,1.038953,1.375535,-0.945618,-0.430382,-1.373039,0.082820
964,139.052,B,3,1.247809,-51.720793,0.980427,-53.750800,0.432009,-0.070287,101.2177,0.054982,101.1560,0.055944,2.000636,-53.181904,101.1560,1.168105,1.643653,-1.020209,-0.568896,-0.752827,1.461111
965,139.195,B,3,0.563808,-51.904519,1.026330,-53.347421,0.461106,-0.085836,101.5102,0.053346,101.4470,0.043453,1.995687,-52.900654,101.4470,1.067358,1.744294,-0.969357,-0.446767,-1.431878,0.996135
966,139.342,B,3,1.281644,-51.922119,0.943061,-53.045574,0.471147,-0.070518,101.7890,0.051466,101.7305,0.046364,1.987362,-52.612210,101.7305,1.130650,0.987048,-1.044301,-0.433364,-0.705718,0.690091
967,139.497,B,3,0.536096,-51.751829,1.000550,-52.799884,0.463544,-0.083306,102.0691,0.050579,101.9989,0.048542,1.977333,-52.318438,101.9989,1.088989,1.548615,-0.976784,-0.481446,-1.441237,0.566609
968,139.642,B,3,1.324513,-50.851352,0.916254,-52.568145,0.459428,-0.066034,102.3326,0.048715,102.2466,0.042113,1.967445,-52.022597,102.2466,1.184324,1.336105,-1.051191,-0.545547,-0.642932,1.171245
969,139.785,B,3,1.242047,-51.771666,0.985532,-52.218051,0.473302,-0.086329,102.5712,0.045830,102.4744,0.037664,1.958468,-51.727876,102.4744,1.089438,0.717758,-0.972936,-0.490175,-0.716421,-0.043790
970,139.923,B,3,0.826513,-50.997575,1.029324,-52.092388,0.441787,-0.090364,102.7969,0.043287,102.6877,0.037760,1.949810,-51.436029,102.6877,1.130532,1.205835,-0.920486,-0.656359,-1.123297,0.438453
971,140.062,B,3,1.112286,-50.485719,0.992559,-51.863329,0.448585,-0.084320,102.9573,0.040426,102.8925,0.032619,1.940223,-51.146702,102.8925,1.188116,1.059423,-0.947663,-0.716627,-0.827937,0.660983
972,140.204,B,3,1.153697,-50.053052,1.011710,-51.567664,0.444875,-0.089327,103.1846,0.037177,103.0913,0.027306,1.928778,-50.857529,103.0913,1.159873,1.117110,-0.917069,-0.710134,-0.775082,0.804477
973,140.348,B,3,0.500399,-49.571932,1.035675,-51.263960,0.463842,-0.099473,103.3304,0.035521,103.2813,0.029992,1.915437,-50.565099,103.2813,1.123559,1.728790,-0.879762,-0.698860,-1.415038,0.993167
974,140.486,B,3,0.929412,-49.520375,0.939114,-50.910306,0.474524,-0.082480,103.5487,0.034010,103.4569,0.036015,1.900842,-50.266616,103.4569,1.157263,1.224970,-0.961728,-0.643690,-0.971430,0.746241
975,140.632,B,3,0.624502,-48.676954,0.934314,-50.616707,0.478040,-0.085348,103.7139,0.031916,103.6145,0.026277,1.885631,-49.961325,103.6145,1.155219,1.800015,-0.951318,-0.655382,-1.261129,1.284371
976,140.777,B,3,1.099530,-48.360310,0.876127,-50.224823,0.503006,-0.082015,103.8648,0.029871,103.7565,0.021255,1.869904,-49.650910,103.7565,1.147593,1.503038,-0.993777,-0.573914,-0.770374,1.290600
977,140.925,B,3,0.849705,-49.514925,0.911851,-49.844104,0.518490,-0.097396,104.0156,0.028734,103.8893,0.034087,1.853253,-49.338692,103.8893,1.068494,1.018904,-0.941402,-0.505412,-1.003547,-0.176233
978,141.075,B,3,0.047364,-48.894746,0.897768,-49.734913,0.480780,-0.088602,104.1598,0.027477,104.0183,0.027262,1.835301,-49.027978,104.0183,1.174192,1.792895,-0.937533,-0.706935,-1.787938,0.133232
979,141.220,B,3,1.135054,-46.822818,0.743298,-49.538523,0.471346,-0.057303,104.2907,0.025741,104.1445,0.016831,1.816238,-48.720490,104.1445,1.349214,2.016227,-1.072940,-0.818033,-0.681184,1.897672
980,141.361,B,3,0.889701,-47.564085,0.807098,-49.009711,0.518143,-0.088868,104.3869,0.022271,104.2651,0.018861,1.796801,-48.415760,104.2651,1.154249,1.244259,-0.989703,-0.593951,-0.907100,0.851675
981,141.501,B,3,0.717094,-47.216142,0.817657,-48.702021,0.518385,-0.095758,104.4824,0.020193,104.3754,0.010742,1.777674,-48.111486,104.3754,1.127105,1.387973,-0.960017,-0.590535,-1.060580,0.895343
982,141.655,B,3,1.364464,-47.626184,0.796160,-48.386999,0.521594,-0.096036,104.5731,0.018648,104.4732,0.014085,1.758718,-47.804588,104.4732,1.125042,0.432741,-0.962558,-0.582411,-0.394254,0.178404
983,141.815,B,3,0.228758,-46.547681,0.893616,-48.200685,0.493142,-0.113459,104.6600,0.017470,104.5619,0.018706,1.738764,-47.492652,104.5619,1.102536,1.781317,-0.845148,-0.708033,-1.510006,0.944971
984,141.965,B,3,1.179797,-45.853890,0.773759,-47.857858,0.509621,-0.093974,104.7498,0.016983,104.6489,0.014894,1.716324,-47.175036,104.6489,1.163905,1.425934,-0.942565,-0.682822,-0.536526,1.321146
985,142.117,B,3,0.907328,-46.635688,0.842241,-47.451479,0.527229,-0.117155,104.8329,0.016229,104.7403,0.007083,1.690640,-46.853066,104.7403,1.038210,0.812915,-0.848399,-0.598413,-0.783312,0.217377
986,142.288,B,3,1.059213,-45.683588,0.851701,-47.254413,0.504559,-0.115551,104.9206,0.016186,104.8368,0.016993,1.662284,-46.529344,104.8368,1.087552,1.038748,-0.810583,-0.725069,-0.603070,0.845756
987,142.449,B,3,0.376964,-45.429311,0.886828,-46.924910,0.509193,-0.126009,105.0064,0.015857,104.9340,0.021987,1.632815,-46.206524,104.9340,1.035652,1.476896,-0.745987,-0.718386,-1.255851,0.777213
988,142.603,B,3,0.185292,-45.450572,0.795027,-46.608287,0.517234,-0.109762,105.0948,0.015690,105.0270,0.019487,1.603707,-45.886177,105.0270,1.084162,1.483797,-0.808680,-0.722111,-1.418415,0.435605
989,142.755,B,3,1.101976,-43.647030,0.683678,-46.351447,0.513632,-0.088564,105.1779,0.015379,105.1139,0.016133,1.575347,-45.568334,105.1139,1.186735,1.978760,-0.891670,-0.783112,-0.473372,1.921305
990,142.904,B,3,-0.006196,-44.654736,0.753349,-45.820073,0.554913,-0.119738,105.2586,0.014962,105.1973,0.015177,1.546761,-45.251633,105.1973,0.976027,1.663719,-0.793413,-0.568441,-1.552957,0.596897
991,143.061,B,3,0.709451,-45.045118,0.615142,-45.558182,0.549374,-0.092571,105.3509,0.015528,105.2837,0.017607,1.516136,-44.933797,105.2837,1.096197,0.814330,-0.900995,-0.624385,-0.806686,-0.111321
992,143.202,B,3,0.699614,-44.474343,0.626471,-45.413601,0.513622,-0.091780,105.4580,0.017067,105.3792,0.018881,1.481910,-44.612503,105.3792,1.171979,0.794403,-0.855439,-0.801098,-0.782297,0.138161
993,143.342,B,3,-0.075170,-42.788860,0.634766,-45.196498,0.496374,-0.094376,105.5732,0.018700,105.4861,0.018030,1.443695,-44.286404,105.4861,1.217636,2.132977,-0.808930,-0.910094,-1.518866,1.497544
994,143.484,B,3,0.681817,-43.452912,0.504232,-44.719577,0.539455,-0.083394,105.6808,0.018887,105.6015,0.021880,1.402347,-43.955779,105.6015,1.178981,0.878657,-0.898115,-0.763797,-0.720530,0.502868
995,143.648,B,3,-0.400780,-43.089409,0.529492,-44.442037,0.530120,-0.093683,105.7819,0.018470,105.7206,0.023825,1.359267,-43.622486,105.7206,1.166272,1.839004,-0.829774,-0.819551,-1.760047,0.533077
996,143.788,B,3,0.173045,-43.908745,0.358628,-44.149831,0.535310,-0.065253,105.8941,0.018902,105.8411,0.011662,1.315448,-43.289162,105.8411,1.286955,1.299603,-0.956820,-0.860668,-1.142403,-0.619583
997,143.934,B,3,0.549594,-43.370498,0.317489,-44.055701,0.494080,-0.054848,106.0032,0.019117,105.9627,0.018546,1.271901,-42.961226,105.9627,1.452163,0.830199,-0.954412,-1.094475,-0.722307,-0.409272
998,144.078,B,3,-0.105757,-41.843637,0.350720,-43.886646,0.468217,-0.064340,106.1245,0.020265,106.0847,0.020769,1.230256,-42.646881,106.0847,1.520066,1.558889,-0.879536,-1.239765,-1.336014,0.803244
999,144.250,B,3,-0.254916,-41.904266,0.262780,-43.478063,0.498848,-0.062309,106.2696,0.022498,106.2110,0.023168,1.189093,-42.343471,106.2110,1.464703,1.509326,-0.926313,-1.134592,-1.444010,0.439205
1000,144.407,B,3,-0.424869,-41.892985,0.162824,-43.150256,0.510809,-0.053856,106.4261,0.024787,106.3449,0.024637,1.147074,-42.046107,106.3449,1.479152,1.579383,-0.984250,-1.104149,-1.571943,0.153122
1001,144.554,B,3,-0.599157,-40.923323,0.049201,-42.877943,0.511315,-0.040755,106.5766,0.025616,106.4860,0.028577,1.103624,-41.750093,106.4860,1.543974,1.892884,-1.054423,-1.127850,-1.702781,0.826770
1002,144.700,B,3,-0.029247,-40.548823,-0.077580,-42.477559,0.536642,-0.033916,106.7342,0.025580,106.6316,0.020981,1.058923,-41.453092,106.6316,1.530089,1.414855,-1.136503,-1.024467,-1.088170,0.904269
1003,144.857,B,3,-0.140436,-40.592609,-0.080232,-42.085307,0.552959,-0.052296,106.8542,0.024259,106.7798,0.021581,1.013522,-41.156093,106.7798,1.435179,1.284186,-1.093754,-0.929214,-1.153958,0.563484
1004,145.017,B,3,-0.260599,-39.259012,-0.101177,-41.769421,0.552593,-0.060491,106.9732,0.023330,106.9306,0.022540,0.968074,-40.862892,106.9306,1.401817,2.020413,-1.069251,-0.906529,-1.228673,1.603880
1005,145.168,B,3,-0.198973,-40.220697,-0.139608,-41.270473,0.587788,-0.074854,107.1108,0.023676,107.0845,0.026770,0.923302,-40.578423,107.0845,1.268350,1.177909,-1.062911,-0.692050,-1.122276,0.357726
1006,145.326,B,3,-0.877221,-39.487607,-0.160024,-41.027668,0.568187,-0.076447,107.2651,0.024923,107.2407,0.022453,0.879944,-40.306150,107.2407,1.265749,1.938464,-1.039968,-0.721517,-1.757165,0.818544
1007,145.471,B,3,-0.667693,-39.848474,-0.294607,-40.710974,0.585997,-0.061597,107.3955,0.026272,107.3977,0.023692,0.838521,-40.046348,107.3977,1.313662,1.519156,-1.133128,-0.664626,-1.506214,0.197873
1008,145.626,B,3,-0.902067,-38.977048,-0.373981,-40.493667,0.552398,-0.050697,107.5796,0.026634,107.5542,0.031728,0.799094,-39.796375,107.5542,1.364669,1.888186,-1.173075,-0.697292,-1.701161,0.819327
1009,145.781,B,3,0.269055,-38.970856,-0.479476,-40.171727,0.557313,-0.043664,107.7461,0.027680,107.7094,0.030792,0.761071,-39.551827,107.7094,1.386807,0.761319,-1.240547,-0.619900,-0.492016,0.580971
1010,145.943,B,3,-0.684918,-38.678107,-0.358690,-39.905728,0.537219,-0.078149,107.9016,0.027496,107.8641,0.027762,0.723257,-39.308297,107.8641,1.235934,1.542756,-1.081947,-0.597431,-1.408175,0.630190
1011,146.095,B,3,-0.604729,-37.440185,-0.425556,-39.635846,0.531483,-0.072628,108.0482,0.026707,108.0208,0.022481,0.684465,-39.063477,108.0208,1.248901,2.072944,-1.110021,-0.572369,-1.289194,1.623292
1012,146.255,B,3,0.008464,-38.785811,-0.466787,-39.194375,0.558089,-0.083366,108.2151,0.027900,108.1800,0.031514,0.643539,-38.815794,108.1800,1.173093,0.635782,-1.110326,-0.378581,-0.635074,0.029983
1013,146.405,B,3,-0.888544,-37.088699,-0.391416,-39.068209,0.513332,-0.096218,108.3690,0.027505,108.3367,0.036021,0.598476,-38.560445,108.3367,1.112524,2.092191,-0.989891,-0.507764,-1.487020,1.471746
1014,146.563,B,3,-0.760129,-37.417498,-0.486816,-38.666183,0.537687,-0.091769,108.5374,0.028237,108.4850,0.021485,0.551612,-38.302955,108.4850,1.100122,1.582624,-1.038428,-0.363229,-1.311741,0.885457
1015,146.710,B,3,-1.078478,-37.263394,-0.543611,-38.392156,0.532048,-0.087490,108.6822,0.027111,108.6208,0.024447,0.505669,-38.048977,108.6208,1.103975,1.768237,-1.049280,-0.343179,-1.584147,0.785583
1016,146.873,B,3,-0.537261,-36.279236,-0.647271,-38.140140,0.525763,-0.073403,108.7971,0.024167,108.7440,0.019274,0.461869,-37.800837,108.7440,1.159879,1.820310,-1.109140,-0.339303,-0.999130,1.521601
1017,147.021,B,3,-0.943515,-36.641947,-0.637349,-37.758797,0.537931,-0.091252,108.8959,0.021393,108.8570,0.012987,0.419784,-37.557583,108.8570,1.076112,1.642246,-1.057132,-0.201214,-1.363298,0.915636
1018,147.174,B,3,0.015593,-36.117534,-0.700340,-37.508221,0.528087,-0.084744,108.9902,0.019457,108.9632,0.013190,0.377721,-37.315450,108.9632,1.095160,1.251455,-1.078061,-0.192770,-0.362128,1.197916
1019,147.326,B,3,0.101924,-36.301344,-0.581748,-37.210016,0.516803,-0.117158,109.0721,0.017467,109.0644,0.024139,0.333352,-37.068660,109.0644,0.925954,0.801457,-0.915100,-0.141356,-0.231429,0.767317
1020,147.476,B,3,-1.092548,-35.053611,-0.465697,-36.997556,0.490376,-0.139855,109.1714,0.017422,109.1598,0.023177,0.285012,-36.812236,109.1598,0.773244,2.233927,-0.750709,-0.185320,-1.377560,1.758625
1021,147.633,B,3,-1.043632,-36.584599,-0.580176,-36.602520,0.517111,-0.127590,109.2800,0.018024,109.2457,0.017441,0.232678,-36.544636,109.2457,0.814912,1.276936,-0.812853,-0.057885,-1.276310,-0.039964
1022,147.786,B,3,-0.613602,-36.142119,-0.667546,-36.548401,0.473465,-0.099689,109.3817,0.017911,109.3185,0.020868,0.177897,-36.268307,109.3185,0.890633,0.801495,-0.845443,-0.280094,-0.791499,0.126188
1023,147.932,B,3,-0.637055,-35.604403,-0.664042,-36.429952,0.441231,-0.096735,109.4808,0.017814,109.3781,0.019558,0.122839,-35.988764,109.3781,0.902124,0.851570,-0.786881,-0.441188,-0.759894,0.384360
1024,148.092,B,3,-0.752305,-35.437077,-0.664618,-36.239927,0.426724,-0.098130,109.5488,0.015483,109.4285,0.007484,0.068921,-35.711758,109.4285,0.903903,0.865946,-0.733539,-0.528168,-0.821226,0.274681
1025,148.236,B,3,-1.028947,-34.751353,-0.685054,-36.055222,0.414187,-0.095255,109.5992,0.013021,109.4747,0.004359,0.016593,-35.441083,109.4747,0.932457,1.252550,-0.701647,-0.614139,-1.045540,0.689730
1026,148.380,B,3,-0.920572,-35.093155,-0.750989,-35.782534,0.423015,-0.089945,109.6256,0.009735,109.5274,0.005443,-0.031427,-35.184734,109.5274,0.935486,0.893849,-0.719562,-0.597800,-0.889145,0.091579
1027,148.530,B,3,-0.770065,-33.538163,-0.786687,-35.618562,0.407927,-0.083786,109.6504,0.007627,109.5871,0.015822,-0.075437,-34.940481,109.5871,0.982685,1.564929,-0.711249,-0.678081,-0.694628,1.402318
1028,148.688,B,3,-1.480746,-34.256415,-0.789351,-35.208605,0.439460,-0.101334,109.6803,0.006431,109.6497,0.013955,-0.117508,-34.700380,109.6497,0.842417,1.433710,-0.671844,-0.508225,-1.363238,0.443965
1029,148.848,B,3,-1.708740,-33.282167,-0.917519,-34.996085,0.438041,-0.079522,109.7340,0.007600,109.7124,0.007640,-0.159817,-34.457189,109.7124,0.929796,1.944181,-0.757702,-0.538896,-1.548923,1.175022
1030,149.017,B,3,-0.975390,-33.047077,-1.065423,-34.648817,0.463947,-0.065659,109.7841,0.008216,109.7766,0.010798,-0.203709,-34.207900,109.7766,0.967966,1.393916,-0.861714,-0.440916,-0.771681,1.160823
1031,149.174,B,3,-1.927377,-32.438411,-1.058631,-34.319629,0.472862,-0.081857,109.8732,0.011264,109.8465,0.012370,-0.249242,-33.954292,109.8465,0.888021,2.261422,-0.809389,-0.365336,-1.678135,1.515881
1032,149.318,B,3,-1.087073,-33.545240,-1.221414,-33.939387,0.502093,-0.067291,109.9742,0.014077,109.9255,0.016057,-0.295080,-33.702156,109.9255,0.956228,0.807388,-0.926334,-0.237231,-0.791993,0.156917
1033,149.456,B,3,-1.132314,-33.058058,-1.207959,-33.821645,0.465636,-0.070212,110.0710,0.015429,110.0129,0.013337,-0.338836,-33.459073,110.0129,0.941718,0.889056,-0.869123,-0.362572,-0.793478,0.401015
1034,149.605,B,3,-1.394667,-32.472403,-1.203552,-33.641387,0.445960,-0.075395,110.1626,0.015792,110.1042,0.016080,-0.378367,-33.230256,110.1042,0.921932,1.267756,-0.825185,-0.411131,-1.016300,0.757853
1035,149.774,B,3,-0.882221,-32.808633,-1.245578,-33.390585,0.445234,-0.076026,110.2433,0.015161,110.1939,0.012175,-0.412832,-33.016355,110.1939,0.912970,0.513297,-0.832746,-0.374230,-0.469389,0.207721
1036,149.933,B,3,-1.965495,-32.655065,-1.189114,-33.242599,0.417759,-0.088262,110.3168,0.014087,110.2778,0.019678,-0.442832,-32.814195,110.2778,0.860504,1.530955,-0.746282,-0.428404,-1.522663,0.159130
1037,150.085,B,3,-1.375900,-32.117501,-1.333198,-33.099048,0.407521,-0.060480,110.3938,0.013840,110.3553,0.015426,-0.470548,-32.617765,110.3553,0.987825,1.034372,-0.862650,-0.481283,-0.905352,0.500264
1038,150.245,B,3,-1.672381,-31.715765,-1.349044,-32.885661,0.402178,-0.065409,110.4846,0.014768,110.4321,0.014547,-0.499222,-32.420325,110.4321,0.968883,1.368469,-0.849822,-0.465336,-1.173159,0.704560
1039,150.395,B,3,-1.655590,-31.526577,-1.412550,-32.647313,0.415550,-0.064033,110.5547,0.014972,110.5167,0.020238,-0.531324,-32.217886,110.5167,0.980288,1.319803,-0.881225,-0.429427,-1.124265,0.691309
1040,150.548,B,3,-1.257769,-30.699809,-1.429200,-32.106005,0.470031,-0.093936,110.6422,0.013905,110.6146,0.019297,-0.567423,-32.010588,110.6146,0.867043,1.481459,-0.861777,-0.095417,-0.690346,1.310779
1041,150.698,B,3,-1.715410,-31.281465,-1.436704,-32.060567,0.424871,-0.084910,110.7268,0.014323,110.7251,0.019029,-0.606191,-31.802107,110.7251,0.869801,1.225331,-0.830513,-0.258460,-1.109220,0.520642
1042,150.840,B,3,-2.029376,-31.431458,-1.493159,-31.880883,0.413920,-0.077147,110.8142,0.014644,110.8409,0.013598,-0.644604,-31.598664,110.8409,0.894255,1.394830,-0.848555,-0.282219,-1.384772,0.167206
1043,150.985,B,3,-1.746547,-31.194672,-1.595835,-31.761122,0.396147,-0.057287,110.9173,0.015887,110.9533,0.021069,-0.679605,-31.405903,110.9533,0.982680,1.087651,-0.916230,-0.355219,-1.066942,0.211231
1044,151.128,B,3,-1.351406,-31.042700,-1.631157,-31.622812,0.379165,-0.053892,111.0229,0.016794,111.0577,0.020741,-0.710083,-31.225963,111.0577,1.002929,0.666994,-0.921074,-0.396849,-0.641323,0.183263
1045,151.290,B,3,-2.578093,-30.038426,-1.589666,-31.483711,0.358780,-0.065590,111.1423,0.018568,111.1550,0.024267,-0.737003,-31.057646,111.1550,0.953187,2.104382,-0.852663,-0.426065,-1.841090,1.019220
1046,151.436,B,3,-1.966321,-30.871915,-1.772224,-31.192095,0.385861,-0.044427,111.2701,0.020078,111.2510,0.021359,-0.762853,-30.896998,111.2510,1.051624,1.203730,-1.009372,-0.295097,-1.203468,0.025083
1047,151.587,B,3,-1.912671,-30.321573,-1.816300,-31.098997,0.362111,-0.037729,111.4004,0.021292,111.3539,0.018265,-0.790669,-30.737919,111.3539,1.087335,1.196759,-1.025631,-0.361079,-1.122002,0.416345
1048,151.732,B,3,-2.209346,-29.989264,-1.842820,-30.926914,0.354817,-0.040927,111.5217,0.021393,111.4676,0.014405,-0.822284,-30.575111,111.4676,1.079472,1.505708,-1.020537,-0.351804,-1.387062,0.585847
1049,151.894,B,3,-3.226506,-28.417755,-1.916950,-30.726874,0.357142,-0.036846,111.6301,0.020464,111.5903,0.017077,-0.857683,-30.406772,111.5903,1.106577,3.093140,-1.059268,-0.320101,-2.368824,1.989017
