gps_x,gps_y,ekf_x,ekf_y,gt_x,gt_y,GPS ?s,EKF ?s,GT ?s
0.545534,7.131877,0.253833,7.290994,-0.449369,6.942969,0.668093152,0.056444859,0.006849748
0.638964,7.793405,0.30548,7.268221,-0.442587,6.94393,1.907944473,0.113848465,0.006163707
-0.979105,6.782413,0.365671,7.364857,-0.436474,6.944719,1.896783096,0.257281237,0.006714692
0.89133,7.097467,0.128203,7.265849,-0.429796,6.94542,0.319195784,0.135762545,0.007174677
1.175272,7.243285,0.261094,7.238074,-0.422641,6.945951,1.752884118,0.162729696,0.007318044
-0.082245,6.022116,0.423807,7.240405,-0.41533,6.946272,1.696730509,0.231919333,0.007007243
0.670439,7.542761,0.336662,7.025481,-0.408324,6.946404,0.194646156,0.107211889,0.006256005
0.613556,7.356612,0.396915,7.11416,-0.402068,6.946396,0.172917158,0.058420404,0.005225288
0.525205,7.505254,0.437459,7.156221,-0.396844,6.94628,0.535773846,0.064453509,0.004149005
0.43701,6.976789,0.455671,7.218048,-0.392702,6.946039,1.254812122,0.041683022,0.003246414
0.279104,8.221626,0.455024,7.17637,-0.389483,6.945618,0.507294798,0.188318128,0.002629108
0.526442,7.778713,0.426576,7.362527,-0.386935,6.94497,0.898901645,0.080208316,0.002255064
-0.077174,8.4448,0.445915,7.440369,-0.38486,6.944087,0.788728506,0.205017947,0.001951205
-0.090846,7.65619,0.354624,7.62394,-0.383229,6.943016,0.621601526,0.080635702,0.001565532
0.401061,7.276169,0.275151,7.637584,-0.38222,6.941819,1.033268489,0.060685844,0.001279971
-0.217496,8.103835,0.295816,7.580525,-0.382149,6.940541,1.16822803,0.135059259,0.001801575
0.788416,7.509783,0.203335,7.678954,-0.383334,6.939184,0.926119103,0.104006049,0.003005838
0.299706,6.723107,0.304653,7.655461,-0.385962,6.937725,0.18693895,0.160559982,0.004327453
0.467762,6.804981,0.303267,7.494907,-0.389995,6.936156,1.247358253,0.124549453,0.005444368
0.401293,8.050567,0.332071,7.373734,-0.395183,6.934505,1.585547917,0.120198972,0.006197676
-0.505565,6.749963,0.344535,7.493285,-0.401152,6.932837,2.073885638,0.199722278,0.006595541
-0.042774,8.771553,0.193593,7.362497,-0.407546,6.931219,1.633507281,0.253560022,0.006782065
-0.328242,7.163183,0.148905,7.612088,-0.414153,6.929688,0.333280649,0.116428688,0.006956104
-0.08178,6.938834,0.060789,7.535988,-0.420958,6.928246,0.694911904,0.108614187,0.007274218
-0.300789,7.598332,0.030873,7.431575,-0.428103,6.926881,0.985612511,0.070057612,0.007772784
-0.135688,6.626646,-0.032761,7.46088,-0.43577,6.925603,0.746930209,0.150127498,0.002181739
0.264542,7.257297,-0.056392,7.312624,-0.437707,6.924599,0.534972719,0.054060124,0.008576778
0.799363,7.244557,-0.003676,7.300644,-0.429146,6.924079,0.505207002,0.139539664,0.016817465
0.328755,7.060812,0.135252,7.287593,-0.412329,6.923954,0.454249606,0.054786373,0.022896684
0.709559,6.813161,0.169301,7.244672,-0.389433,6.924131,1.952634944,0.12526007,0.02777901
-0.321098,8.471633,0.265769,7.164772,-0.361658,6.924603,1.507273966,0.250145966,0.032778971
0.835847,7.505531,0.163491,7.393053,-0.32889,6.925451,0.256232297,0.121461751,0.039150722
0.712237,7.281086,0.283175,7.413758,-0.289761,6.926755,0.172095074,0.081814762,0.047613429
0.562911,7.195538,0.361777,7.391056,-0.24218,6.928512,0.746403277,0.052243696,0.057861741
-0.150312,7.415608,0.401116,7.356678,-0.184357,6.930629,1.977283226,0.094762388,0.068650577
0.936802,5.763993,0.306902,7.366858,-0.115747,6.932989,0.829932176,0.307128452,0.07844852
0.886957,6.592427,0.420605,7.081552,-0.03734,6.935541,0.574366383,0.126865516,0.086190974
0.752302,7.150786,0.507238,6.988872,0.048806,6.938325,0.273296016,0.052778966,0.091758347
0.786642,7.421916,0.554646,7.012069,0.140512,6.941424,0.50908213,0.081715929,0.095903147
0.419046,7.774106,0.602148,7.07856,0.236353,6.944876,0.469277325,0.123148036,0.099857912
0.466783,7.307263,0.575167,7.198716,0.336141,6.948612,0.741171258,0.024255898,0.104889603
1.202025,7.400826,0.559541,7.217268,0.440959,6.952487,0.618307087,0.122890197,0.111780672
0.701458,7.037871,0.678136,7.249474,0.552672,6.956376,0.214385501,0.038603811,0.120355107
0.713851,6.823844,0.687783,7.212095,0.672964,6.960273,0.467010387,0.070256836,0.129558041
1.174947,6.749755,0.697483,7.142511,0.80246,6.964282,0.456558751,0.113421517,0.13799906
0.758825,6.937607,0.785881,7.071446,0.940394,6.968519,1.075822712,0.027402593,0.144607568
1.7259,6.466268,0.787915,7.044119,1.084932,6.973004,0.923138886,0.202115694,0.149115494
2.083273,7.317426,0.960013,6.938133,1.233976,6.977621,0.97821047,0.217065711,0.15210161
2.834786,7.943624,1.167851,7.00075,1.386009,6.982189,1.067534448,0.349030651,0.154708383
1.792992,7.710611,1.475584,7.16544,1.540655,6.986582,0.291554828,0.121366741,0.158190405
2.064613,7.816565,1.547883,7.262922,1.698789,6.990806,1.206302705,0.147303554,0.16334462
3.127302,8.387405,1.655261,7.36376,1.86208,6.994991,1.145101001,0.334336122,0.170127123
2.402079,7.501229,1.932965,7.549935,2.032153,6.999282,0.477956819,0.102850115,0.177663464
2.622742,7.925199,2.035804,7.548423,2.209761,7.003721,0.632135016,0.143725501,0.184694391
3.211764,7.695748,2.159398,7.621782,2.394401,7.008203,0.776087131,0.20759686,0.190154808
3.771848,7.158517,2.366016,7.641918,2.584506,7.012555,0.499121305,0.282773713,0.193649493
3.447928,6.778783,2.637386,7.562424,2.778112,7.016659,1.250861134,0.215904895,0.195609425
3.828786,7.970253,2.80566,7.427151,2.973683,7.020536,0.725427694,0.228591904,0.197072313
3.29789,7.47589,3.012295,7.524907,3.170719,7.024319,0.385313496,0.076755555,0.199216781
3.352827,7.857267,3.088825,7.519027,3.369899,7.028147,1.227307584,0.094797378,0.202849687
4.579929,7.834804,3.160016,7.581624,3.572711,7.032057,1.144355851,0.27980046,0.208048501
4.258139,6.736623,3.435601,7.63001,3.780723,7.035954,0.805677823,0.231612746,0.2141434
4.384456,7.532337,3.607549,7.474838,3.994834,7.039679,0.640686343,0.164615023,0.220013083
4.165314,8.13438,3.771822,7.485444,4.21482,7.043131,1.715556336,0.150728093,0.224603897
4.923827,6.595617,3.868012,7.601489,4.439401,7.046338,0.645481745,0.272053311,0.227412144
4.96178,7.239982,4.075368,7.425374,4.666792,7.049439,0.345080169,0.191629147,0.228709666
4.893845,7.578309,4.263907,7.391099,4.89548,7.052587,1.280080889,0.137048524,0.229398208
5.967033,6.880545,4.397202,7.422954,5.124855,7.05585,0.162386406,0.325448365,0.230563948
5.996005,7.040326,4.707662,7.325326,5.355395,7.059173,0.391229481,0.257356255,0.233019707
5.693331,6.792437,4.959577,7.272685,5.588392,7.062426,1.471601326,0.183149566,0.236985964
6.756747,7.809667,5.11994,7.184212,5.825358,7.065502,0.72697129,0.343765524,0.241992174
6.548805,7.11307,5.447008,7.290048,6.067333,7.068385,1.054034854,0.231685184,0.247057563
6.315821,8.141033,5.676245,7.256456,6.314375,7.071158,1.325397274,0.213901332,0.251142332
7.367823,7.334826,5.823952,7.41117,6.565502,7.073933,0.126624319,0.30926941,0.253639012
7.253141,7.388508,6.132956,7.39836,6.819125,7.076783,1.01123279,0.23307398,0.254662925
8.221659,7.097708,6.366026,7.396998,7.073771,7.079719,0.064299207,0.36951378,0.254967579
8.262512,7.048055,6.731734,7.344101,7.328721,7.082713,1.535309594,0.315506202,0.255545952
8.222726,8.582849,7.042688,7.290699,7.584249,7.085742,0.874055543,0.338616391,0.257220297
7.925558,7.760861,7.292876,7.518881,7.841451,7.08881,0.741637974,0.159817937,0.26033972
8.662743,7.679712,7.445929,7.564887,8.101772,7.091932,0.37247886,0.248090584,0.264603109
8.524333,7.333904,7.692933,7.588081,8.366356,7.095112,1.301230422,0.198268708,0.269161237
9.69241,7.907312,7.886898,7.546995,8.635498,7.09833,0.512254363,0.365752669,0.273008191
10.079902,7.572268,8.24656,7.613465,8.908487,7.101567,0.249824841,0.367202128,0.275464374
10.220557,7.778735,8.613741,7.609526,9.183932,7.104834,0.733633302,0.33097218,0.276509476
9.573283,7.433403,8.943058,7.642585,9.460421,7.108199,0.623617294,0.160619976,0.276733848
10.153881,7.661009,9.100049,7.608635,9.737132,7.111755,0.701286308,0.230602238,0.277033228
10.161306,6.959762,9.33036,7.620221,10.014139,7.115567,0.249111376,0.222397102,0.278226508
10.150595,7.208643,9.520534,7.50492,10.292336,7.119619,0.754662159,0.162146798,0.280760431
10.892254,7.069155,9.673785,7.451951,10.573065,7.12382,0.657255094,0.265418333,0.284480703
10.918421,7.725889,9.929985,7.382608,10.857514,7.128067,0.708696882,0.223623344,0.288671435
11.420479,7.2257,10.145762,7.441325,11.146154,7.132327,0.637658265,0.269174831,0.292381094
11.991945,6.942796,10.412052,7.402022,11.438503,7.136659,0.997195711,0.331947827,0.29489375
12.945069,7.235975,10.733382,7.318737,11.733362,7.141186,0.3729675,0.43577758,0.296056207
13.217493,6.98124,11.168802,7.301087,12.029379,7.146004,0.946329946,0.414428967,0.29630829
12.857636,7.856479,11.578894,7.241288,12.325643,7.151127,0.816294407,0.295372985,0.296442317
13.253874,7.142804,11.854637,7.34717,12.622037,7.156479,0.605873019,0.30548115,0.297275385
13.610714,7.632444,12.157789,7.309519,12.919262,7.161952,0.510044126,0.306645134,0.299332216
13.988549,7.289828,12.459234,7.365752,13.218543,7.167489,0.983370003,0.321071548,0.302570496
13.006968,7.349118,12.780013,7.352049,13.521061,7.173125,0.965754446,0.080131257,0.306391605
13.969308,7.430256,12.86014,7.351223,13.827397,7.178962,1.056702541,0.252958945,0.309912631
15.023938,7.496406,13.112726,7.364954,14.137249,7.185092,0.947223167,0.38400509,0.312399366
14.5073,8.290331,13.49601,7.388476,14.449582,7.191531,0.615047165,0.270020697,0.311493115
14.681321,7.700416,13.71329,7.54879,14.761041,7.196141,1.679197806,0.228469759,0.298440846
16.182877,8.452104,13.939516,7.580731,15.05947,7.1988,0.798539024,0.471808534,0.300749626
15.916828,7.699188,14.383568,7.740171,15.360161,7.204738,0.440086793,0.321229079,0.287730363
16.091623,8.103073,14.704797,7.740396,15.647891,7.205195,0.77014845,0.562967052,0.286901087
16.534782,7.473201,15.267622,7.753042,15.934789,7.206526,0.783631089,0.04482892,0.286849899
16.520286,8.256698,15.312112,7.758544,16.221638,7.207244,1.186403395,0.279302804,0.285319634
17.171712,7.265135,15.574757,7.853558,16.506954,7.205804,0.694180531,0.354446523,0.283050089
16.723047,7.794839,15.916383,7.759091,16.789991,7.203082,0.253287064,0.19775909,0.278450383
16.904526,7.618148,16.113673,7.772704,17.068414,7.199177,1.231833637,0.185778576,0.271208124
17.743922,6.716578,16.298253,7.751635,17.339568,7.193759,0.909303105,0.351007096,0.26328735
18.281346,7.450068,16.601236,7.574414,17.602764,7.186824,0.98113362,0.345862431,0.256339762
17.577438,6.766594,16.946613,7.556096,17.858961,7.17827,1.718872605,0.210359449,0.251721067
19.106628,7.551515,17.106775,7.419717,18.110475,7.168062,0.877878518,0.402084654,0.249837406
19.170182,8.42709,17.508031,7.445518,18.360039,7.156377,1.68554576,0.387135897,0.249877292
18.977714,6.752569,17.851451,7.624227,18.609591,7.143631,0.865547389,0.289202309,0.250186259
19.450017,7.477898,18.100754,7.477646,18.859422,7.130303,0.780967264,0.288066157,0.249080995
20.102761,7.049138,18.388752,7.483912,19.108126,7.116604,0.56029695,0.359788089,0.245618604
20.290314,6.521164,18.741669,7.413933,19.353324,7.102236,1.022984318,0.358802615,0.243178362
20.325062,7.543558,19.066683,7.261929,19.596103,7.088305,0.90907977,0.279197861,0.241099586
21.060546,8.07787,19.340497,7.316494,19.836911,7.076451,0.74569975,0.382551618,0.242524528
20.70315,7.423396,19.695515,7.459,20.079,7.061923,0.863623401,0.22940819,0.242509785
21.433493,7.884313,19.924888,7.463018,20.321396,7.054495,0.630857562,0.328160598,0.244967037
20.81224,7.77465,20.241633,7.54882,20.566153,7.044353,0.980475453,0.159135654,0.247897935
21.781252,7.924142,20.391793,7.601509,20.813956,7.037493,1.290259612,0.30126414,0.251998609
21.26791,6.740398,20.684609,7.672353,21.065928,7.033831,2.099129583,0.213077134,0.25539239
22.186536,8.627849,20.834445,7.520857,21.321309,7.036243,2.281815376,0.351713188,0.258767949
22.380037,6.354253,21.118147,7.72874,21.580001,7.042512,1.760533192,0.353215458,0.2611125
21.995167,8.072203,21.38647,7.499036,21.840932,7.052246,0.443978466,0.180020726,0.262673934
22.376678,8.299285,21.529576,7.608252,22.103343,7.063996,0.814162178,0.232760612,0.263590519
22.711908,7.557341,21.720194,7.741827,22.366606,7.077132,0.503953144,0.224046344,0.264256465
23.077484,7.904217,21.9436,7.7249,22.630428,7.092279,0.778924438,0.245155392,0.265261534
23.800229,7.613764,22.184697,7.769323,22.895043,7.110788,0.494354139,0.327205381,0.267131251
23.329068,7.763408,22.511566,7.75449,23.161182,7.133791,0.602466066,0.178355066,0.270036735
23.884288,7.99728,22.689578,7.765547,23.429789,7.161542,0.497119808,0.255965727,0.273623396
24.269411,8.311618,22.940192,7.817615,23.701545,7.193455,0.947166731,0.29192546,0.277084839
24.804567,7.530124,23.214804,7.916654,23.976379,7.228701,0.706108366,0.334614679,0.27952915
24.757039,8.234631,23.545092,7.863018,24.2533,7.266797,0.543300132,0.268792308,0.280486848
24.445753,7.789349,23.80253,7.940316,24.53078,7.307757,0.931418004,0.15712218,0.279686068
24.690401,8.688063,23.958946,7.925436,24.806915,7.352184,0.673945211,0.216368059,0.268192234
25.064176,8.127265,24.120895,8.06892,25.071313,7.397137,0.174374723,0.214541798,0.267984508
25.202362,8.020911,24.333971,8.093956,25.335737,7.440676,1.348638404,0.192575819,0.261048824
26.153105,8.977422,24.526544,8.092914,25.593231,7.48361,0.126929937,0.367380469,0.256796176
26.099068,8.862569,24.853239,8.260958,25.846044,7.528664,1.230686125,0.278399604,0.261537989
27.145435,8.214723,25.10577,8.378152,26.103333,7.575616,0.494648353,0.410044876,0.256634109
26.707785,7.984203,25.515618,8.365447,26.354888,7.626421,1.182238138,0.261375564,0.254943843
27.481165,8.87839,25.770972,8.309666,26.604305,7.679218,1.09660208,0.364779003,0.24843169
27.261276,7.80406,26.118553,8.420351,26.846933,7.732603,0.663151144,0.267550216,0.240337906
26.986022,8.407388,26.366957,8.32096,27.081543,7.784761,1.273028599,0.156486031,0.232310708
27.135054,9.671663,26.521853,8.343211,27.308429,7.834671,0.990524944,0.286185807,0.225813994
27.87438,9.012469,26.67368,8.585803,27.529057,7.882788,1.070849772,0.268576751,0.221662584
28.934739,9.161995,26.928238,8.67144,27.745431,7.930919,0.858427818,0.409975896,0.21985048
28.721285,8.330529,27.326595,8.768352,27.95941,7.981389,0.367496173,0.300499324,0.219538366
28.357706,8.384043,27.619247,8.700127,28.172118,8.035725,0.424629774,0.18325064,0.219291059
27.950031,8.502835,27.795618,8.650387,28.383596,8.093739,0.795912663,0.074140425,0.216805952
28.673032,8.835621,27.866383,8.628271,28.591893,8.153882,0.678759479,0.187506697,0.212509592
29.252764,9.188644,28.049708,8.66765,28.795822,8.213659,0.872404497,0.270218883,0.206419169
28.465368,8.813015,28.302756,8.762439,28.993967,8.271516,0.624176923,0.06933227,0.199438941
29.085332,8.885413,28.371058,8.774347,29.185345,8.327644,0.775800317,0.164834074,0.193167365
29.851133,8.761256,28.534454,8.796073,29.370262,8.383495,1.545679466,0.269620899,0.189034789
29.602916,10.286875,28.804027,8.790991,29.550401,8.440802,1.041958953,0.320724483,0.187684638
30.05724,9.349182,28.983017,9.057124,29.728302,8.500608,0.397198976,0.234187743,0.188457464
29.863186,9.002613,29.210408,9.113135,29.90619,8.562834,1.246792244,0.153498678,0.18965512
30.948971,9.615444,29.363068,9.097111,30.084809,8.626586,0.261646511,0.331247965,0.189466111
31.124993,9.421859,29.680748,9.190944,30.263041,8.690857,0.847437527,0.297803373,0.186828356
30.284024,9.317353,29.975435,9.233914,30.438473,8.75511,1.273647968,0.095438435,0.181991981
31.551621,9.441357,30.069475,9.250192,30.608729,8.819406,0.552445838,0.29409616,0.1762672
31.742324,8.92287,30.36159,9.284271,30.772715,8.884049,0.97630945,0.297516444,0.171209219
31.489769,9.865948,30.651942,9.219373,30.931051,8.949182,0.89420347,0.212209894,0.168050407
31.679063,8.99201,30.83215,9.331436,31.085784,9.014746,1.134262245,0.197585599,0.167317381
32.659207,9.562859,31.019805,9.269584,31.239535,9.080744,0.918925394,0.338892614,0.168523632
31.740438,9.579812,31.355433,9.31651,31.394295,9.147449,1.052837378,0.109024988,0.170355971
32.770666,9.79683,31.455559,9.359652,31.55057,9.215267,0.83415857,0.286744763,0.171276057
32.040446,10.200066,31.732975,9.432198,31.707277,9.284393,0.671512184,0.161962686,0.17018149
32.373805,9.617142,31.82602,9.564767,31.862339,9.354518,0.143988247,0.126113341,0.166941906
32.252345,9.694473,31.951906,9.572336,32.013709,9.424922,0.67735379,0.095298343,0.162434658
32.927281,9.751653,32.04542,9.590691,32.16028,9.494936,0.248892723,0.190299954,0.158104013
32.969875,9.506432,32.23407,9.615696,32.302301,9.564412,0.414187229,0.164161097,0.155417931
33.332562,9.306409,32.396547,9.592242,32.441351,9.633837,0.315020264,0.205142556,0.155188785
33.100036,9.093878,32.593835,9.53602,32.579794,9.703959,1.016202885,0.14806424,0.1569861
32.793967,10.062893,32.714578,9.450322,32.719712,9.775146,0.469020041,0.109130102,0.159340613
33.205084,9.837144,32.758263,9.550327,32.861916,9.847031,1.221286615,0.115088242,0.16057119
34.083031,10.686114,32.864614,9.594313,33.005588,9.918735,0.601644851,0.306663469,0.159661752
33.803961,11.219121,33.107397,9.78166,33.14871,9.989502,1.055082596,0.29437557,0.156816285
33.947995,10.173916,33.259659,10.033599,33.289127,10.059319,0.166795889,0.152680834,0.153229439
33.799482,10.249842,33.410221,10.058947,33.425615,10.128963,0.323874471,0.102864424,0.150322622
34.106141,10.145655,33.507423,10.092605,33.5584,10.199426,0.959498825,0.133368028,0.149004915
34.752911,9.436905,33.640511,10.101243,33.689026,10.271115,1.224991317,0.253715793,0.149262046
34.384118,10.605064,33.864018,9.981175,33.819616,10.343402,0.745893704,0.159677927,0.150332244
34.755193,9.958024,33.98375,10.086822,33.951844,10.414925,0.98655002,0.16558682,0.151285303
35.035802,10.903825,34.147153,10.060018,34.086211,10.484443,0.643550755,0.234547304,0.151471661
34.392508,10.885648,34.331783,10.20467,34.221972,10.551619,0.989421437,0.124172186,0.15068817
35.100034,10.194011,34.370021,10.322808,34.357624,10.617235,0.154240372,0.156581434,0.14914549
35.083182,10.347328,34.524683,10.298366,34.491639,10.68269,0.496370657,0.124355198,0.147272866
35.577941,10.387295,34.648908,10.304055,34.623075,10.749127,0.584520426,0.189848798,0.144683794
35.595354,10.971556,34.838443,10.314966,34.751579,10.815611,0.468901775,0.195547419,0.135266474
35.722771,10.520298,34.998451,10.427377,34.870945,10.879241,0.377148501,0.154947099,0.144499341
35.548662,10.854853,35.152803,10.440944,34.99698,10.949918,0.984257549,0.119027525,0.13613685
34.567059,10.782614,35.248902,10.511176,35.116799,11.014545,1.295002585,0.107000296,0.13271256
35.745667,10.246037,35.152429,10.557458,35.235027,11.074834,0.710132706,0.137644737,0.137550543
35.175434,10.669266,35.277655,10.500322,35.35888,11.134672,1.176688341,0.026952787,0.138540168
35.811807,11.659026,35.279419,10.527217,35.489458,11.180962,1.532768564,0.228439677,0.143486093
35.695218,10.130698,35.392911,10.72547,35.628526,11.216294,0.441945042,0.126961098,0.145358297
35.840362,9.713267,35.463909,10.620216,35.771152,11.244345,1.397680858,0.183544637,0.144328446
36.46727,10.962466,35.547699,10.456913,35.913601,11.267561,0.545504784,0.199983716,0.143749551
36.963687,10.736312,35.729294,10.540679,36.056017,11.287096,0.492406906,0.23416828,0.145178869
36.719944,11.16416,35.96133,10.572208,36.200454,11.301754,0.064225488,0.184806976,0.14972806
36.755175,11.11046,36.116065,10.673256,36.350034,11.308411,0.373610118,0.157911576,0.157678812
36.388363,11.039513,36.254972,10.748362,36.507617,11.302915,1.144854664,0.068133321,0.167962134
36.946062,12.039345,36.300473,10.799075,36.674285,11.282105,0.889305911,0.258238722,0.178295372
37.204348,11.188373,36.435835,11.018994,36.848811,11.245637,0.604956074,0.161067581,0.186133837
36.647638,11.425113,36.593425,11.052283,37.0283,11.196347,0.342065737,0.076119211,0.190123946
36.941587,11.250176,36.624825,11.121624,37.209562,11.138978,0.840638963,0.08075232,0.19123578
37.279989,12.019694,36.701114,11.148099,37.390678,11.077593,1.439502851,0.200038842,0.191743168
36.741649,10.684644,36.823489,11.306339,37.571473,11.013729,1.455372613,0.105053307,0.193484665
38.197019,10.687402,36.828431,11.201402,37.75287,10.946413,0.970300002,0.275543087,0.197804066
37.683128,9.86436,37.08917,11.1123,37.936367,10.872553,2.102844316,0.255231035,0.205617243
38.922907,11.56286,37.214862,10.890164,38.123677,10.787739,1.574924923,0.343815362,0.216436004
38.317143,10.109093,37.539027,11.004733,38.315993,10.688446,0.927235104,0.229538272,0.228096607
38.975005,10.762532,37.701484,10.842574,38.513338,10.574065,0.780678868,0.251724702,0.237788254
38.196617,10.702769,37.952376,10.822116,38.714477,10.447233,1.17795661,0.074934114,0.243526035
39.225114,10.128508,38.022082,10.794617,38.917361,10.312537,0.547128227,0.269293113,0.245532433
39.427771,10.63672,38.260538,10.669487,39.120087,10.174015,1.370859711,0.234309061,0.245756813
38.970425,9.3444,38.49439,10.654859,39.321681,10.033458,1.064981638,0.266345302,0.246292327
39.985523,9.666521,38.60641,10.413216,39.522214,9.890467,0.068101846,0.308085762,0.249136438
39.930071,9.626987,38.87794,10.267654,39.722761,9.74265,0.213701733,0.250782412,0.255863911
39.728208,9.556846,39.093292,10.139142,39.925105,9.586051,0.295948047,0.185336751,0.266211711
39.90695,9.79272,39.235107,10.019818,40.130767,9.417019,0.57447478,0.152961351,0.27788071
40.29649,9.370488,39.378104,9.965513,40.340076,9.234242,0.368355413,0.231053214,0.287873467
40.064117,9.084676,39.572918,9.841283,40.551984,9.039393,1.119407819,0.191681799,0.294000574
40.899073,8.339074,39.68927,9.688954,40.764592,8.836331,0.503599047,0.345573502,0.296189386
40.648447,7.902269,39.924196,9.435516,40.976215,8.629102,0.151295289,0.331679292,0.296155671
40.745907,7.786546,40.079892,9.142651,41.186163,8.420224,1.363626666,0.301857909,0.284128974
42.090932,7.562079,40.224938,8.877925,41.38643,8.218674,0.400343315,0.454367936,0.273977441
42.176869,7.95309,40.591291,8.609158,41.582376,8.027183,0.390996462,0.333411212,0.273997011
41.982393,7.613889,40.894819,8.471195,41.778322,7.835664,0.838542631,0.298070585,0.265183701
41.492502,6.93333,41.127304,8.284656,41.964926,7.647246,0.641631489,0.278593685,0.278301891
42.083858,7.182306,41.219246,8.021671,42.1576,7.446426,0.481901125,0.266481386,0.274860056
42.200507,6.714736,41.410422,7.836026,42.342189,7.242772,0.53346962,0.287688228,0.277699324
42.705772,6.543572,41.582933,7.605799,42.525749,7.034391,0.560786125,0.319755109,0.269013355
43.235932,6.360784,41.81459,7.385394,42.702441,6.831541,0.767706695,0.357141169,0.256950076
42.876641,7.039226,42.100511,7.171387,42.872898,6.639271,1.312474078,0.181923477,0.243401888
43.185625,5.763641,42.273809,7.116034,43.037095,6.459594,0.469254546,0.333823414,0.232002858
43.642375,5.871248,42.471037,6.846703,43.195536,6.290119,0.389162794,0.317764302,0.225412457
43.25652,5.92188,42.714924,6.643004,43.349075,6.125084,1.018661153,0.206660593,0.224770678
43.167295,4.907134,42.847881,6.484792,43.498891,5.957522,0.953903999,0.323212702,0.228752289
43.869158,5.553138,42.940447,6.175118,43.64647,5.782742,0.717146133,0.244597324,0.233844756
43.891851,6.269925,43.139893,6.033523,43.793069,5.600555,0.816098982,0.168833468,0.236124097
43.173463,5.882709,43.308233,6.046422,43.938969,5.4149,0.820367425,0.055017787,0.232542302
43.839716,5.404055,43.318596,5.992389,44.082817,5.232188,0.6211406,0.177478146,0.222913863
44.340231,5.036223,43.44258,5.865399,44.221848,5.057944,0.340096857,0.254507304,0.210460847
44.473688,5.349041,43.633066,5.696612,44.353517,4.893758,0.54751586,0.199214634,0.199102411
44.539286,4.805469,43.814191,5.613665,44.47691,4.737502,0.484275658,0.229327158,0.192034386
44.623416,4.328557,43.975396,5.450558,44.59334,4.584789,0.870187255,0.264060061,0.191356293
45.156672,3.640906,44.123145,5.231702,44.706397,4.430402,0.55055587,0.37258287,0.196085768
44.64625,3.847258,44.339748,4.92855,44.82024,4.270748,0.873967302,0.232533711,0.202443222
45.376152,3.366569,44.42836,4.713562,44.937128,4.105459,0.883914402,0.331037984,0.206425298
45.370934,4.250468,44.629994,4.451017,45.056406,3.936983,1.307066187,0.176301212,0.204976135
46.211114,3.249209,44.79581,4.391124,45.174581,3.769502,0.960434579,0.363416366,0.197709904
45.939108,4.170321,45.081911,4.167031,45.287087,3.606924,1.581555825,0.190205993,0.187548052
45.279847,2.732721,45.27097,4.146174,45.391212,3.450936,0.600445982,0.272423894,0.177932847
45.870631,2.625438,45.309747,3.876524,45.487066,3.301029,1.028999136,0.277376849,0.17154726
46.897139,2.696996,45.444318,3.633978,45.577166,3.155048,0.85513305,0.347654879,0.170458666
46.055697,2.849403,45.73719,3.446655,45.665775,3.00943,0.219374302,0.15776616,0.17447126
46.026832,2.631936,45.831024,3.319827,45.756951,2.860678,0.3090068,0.158349309,0.180737102
45.84143,2.384729,45.901535,3.178043,45.852544,2.70729,1.370603041,0.161647059,0.185723123
46.427731,3.623601,45.924835,3.018084,45.951755,2.550286,1.144740381,0.149700986,0.186341558
46.444263,2.47898,46.045101,3.107227,46.051402,2.392826,0.426188414,0.161016238,0.181594284
46.018843,2.504561,46.146448,2.982107,46.147356,2.238653,0.909066538,0.095414123,0.173532077
46.552824,1.768853,46.147693,2.886701,46.23673,2.089906,0.426106214,0.234159168,0.165276657
46.2355,2.053233,46.252042,2.677078,46.318743,1.946413,0.470952095,0.127479667,0.159682135
46.184376,1.585064,46.274854,2.551656,46.394825,1.806021,1.607773965,0.187088645,0.158905291
47.502127,2.506188,46.283917,2.364787,46.468776,1.665372,1.207963992,0.240631324,0.162656945
47.609337,1.302991,46.524312,2.375449,46.545352,1.521868,0.113501601,0.298518957,0.168198023
47.577541,1.194034,46.743751,2.173063,46.627753,1.375237,1.273988505,0.257139147,0.172368253
46.97918,2.318761,46.920523,1.986322,46.716228,1.227308,1.362270555,0.060228374,0.172794282
46.88438,0.959793,46.959755,2.03202,46.807806,1.080777,0.62686247,0.201261285,0.169096346
47.374022,1.35121,46.973491,1.831228,46.897565,0.93747,1.568732938,0.136583608,0.163285778
47.511401,-0.211496,47.069703,1.734283,46.981325,0.797304,0.737753346,0.371706965,0.157993677
48.193962,0.068487,47.173725,1.377428,47.057377,0.658819,1.383529212,0.322951517,0.155038063
47.28247,1.109321,47.380966,1.129741,47.12698,0.520283,1.458216682,0.023005059,0.154904793
47.733522,-0.277383,47.391036,1.109057,47.194289,0.380766,0.8443047,0.274794667,0.156680516
48.154733,0.454349,47.477859,0.848339,47.264537,0.240716,0.994687726,0.169465423,0.158979717
47.290459,-0.038027,47.623664,0.761971,47.341226,0.101456,1.406597584,0.160827528,0.160655069
48.251399,0.989159,47.590925,0.604511,47.42466,-0.035835,0.821943674,0.150227698,0.160833072
48.214835,0.168029,47.731473,0.657564,47.511958,-0.170914,0.570664885,0.147403634,0.159240926
47.784075,0.542334,47.841335,0.559288,47.598458,-0.304613,0.405317016,0.019595657,0.156519241
48.166068,0.406823,47.855006,0.545249,47.680075,-0.438168,0.863309214,0.084066313,0.153723934
47.944876,-0.427669,47.93208,0.511682,47.754931,-0.572435,1.124605904,0.176234153,0.151636266
49.050898,-0.224067,47.955951,0.337072,47.823835,-0.707512,0.837018436,0.240637562,0.150554694
48.535168,-0.883326,48.17077,0.228632,47.89015,-0.842675,0.560609427,0.224210883,0.150413416
48.088109,-1.221588,48.258633,0.022354,47.958484,-0.97667,0.746353502,0.231964342,0.150975362
48.478319,-0.585365,48.251643,-0.209505,48.032447,-1.108287,0.531486831,0.1008399,0.151707211
48.516076,-1.115509,48.313177,-0.289394,48.113001,-1.236841,0.206271198,0.168880757,0.151724781
48.600402,-0.927262,48.370221,-0.448349,48.19811,-1.362447,0.768411098,0.115626552,0.150343915
48.087117,-0.355428,48.431615,-0.54633,48.283704,-1.486047,2.239394217,0.046566607,0.147912749
49.217605,-2.28853,48.390151,-0.525136,48.365745,-1.609122,1.566335327,0.362667089,0.145673828
47.840158,-1.542845,48.555272,-0.848033,48.442174,-1.733136,1.220830038,0.174447588,0.14468828
48.913677,-0.961482,48.449146,-0.986486,48.513715,-1.8589,0.689863794,0.098789416,0.1449475
48.854663,-1.648817,48.547489,-0.995867,48.583523,-1.98593,0.674824609,0.146856924,0.145461736
48.440928,-1.115702,48.619391,-1.123918,48.655703,-2.11222,0.673649333,0.018234132,0.145148151
48.813557,-1.676907,48.604937,-1.135034,48.733205,-2.234945,0.542304613,0.119168926,0.143519202
48.291816,-1.528986,48.65774,-1.241866,48.816421,-2.351876,1.299564364,0.079317473,0.140774804
49.357851,-2.272247,48.60556,-1.301603,48.90329,-2.462652,1.354375461,0.237447762,0.137767468
49.0905,-0.944521,48.755275,-1.485904,48.990614,-2.569209,1.446682913,0.112140374,0.133766223
49.260194,-2.381217,48.826828,-1.399558,49.077421,-2.670983,0.699214042,0.206882863,0.130413951
49.20386,-3.078158,48.922143,-1.583176,49.162822,-2.769545,0.95976148,0.283118258,0.132286691
49.60325,-2.205444,48.989181,-1.858243,49.252104,-2.867159,0.420186327,0.141854762,0.124779376
49.183325,-2.220261,49.11148,-1.930116,49.339509,-2.956211,0.043167841,0.074129739,0.127957656
49.213399,-2.251229,49.145363,-1.996049,49.433649,-3.042876,0.924136958,0.063779769,0.122822437
50.117705,-2.060809,49.174485,-2.052792,49.53031,-3.118652,0.153143104,0.183922338,0.120558393
49.96476,-2.068596,49.358038,-2.064442,49.632294,-3.182945,0.240376672,0.126105165,0.114846475
50.193096,-2.14372,49.483805,-2.073671,49.735912,-3.232473,0.462275652,0.145856675,0.11367606
49.77533,-2.341635,49.628383,-2.092942,49.842951,-3.270747,0.007443274,0.067699576,0.11275171
49.772191,-2.348384,49.673975,-2.142988,49.951806,-3.300133,1.340844261,0.055277454,0.11309485
49.789999,-1.007658,49.709746,-2.185131,50.062346,-3.324036,0.393403485,0.206238584,0.113336687
50.01457,-1.330666,49.740551,-1.981206,50.173896,-3.344081,0.241316731,0.131723069,0.112856672
49.902441,-1.54435,49.804279,-1.865925,50.285663,-3.359726,1.307363693,0.067404258,0.111955193
50.961376,-2.311068,49.836091,-1.8065,50.397251,-3.368786,0.714435772,0.230150598,0.111847307
50.317378,-2.620398,50.049595,-1.892438,50.509098,-3.368524,0.524350608,0.142506929,0.113824073
50.758982,-2.33768,50.113462,-2.019832,50.622324,-3.356871,0.672298192,0.142294785,0.117961605
50.090627,-2.264972,50.243967,-2.076544,50.737915,-3.333341,0.775935931,0.036198057,0.122778444
50.844444,-2.448919,50.233169,-2.111094,50.855861,-3.299234,0.380982643,0.137625369,0.126302407
51.22153,-2.394569,50.356394,-2.172383,50.974923,-3.257085,1.186405655,0.170576435,0.127523786
51.866406,-3.390407,50.52201,-2.21322,51.093263,-3.209567,1.578742625,0.335047786,0.127081391
51.784779,-1.813776,50.781442,-2.425239,51.20957,-3.158358,0.755396541,0.220822254,0.126688863
51.361171,-1.188332,50.976328,-2.321403,51.323819,-3.103611,0.898294245,0.219688011,0.128034054
51.258504,-2.08074,51.069112,-2.12227,51.437162,-3.044062,0.480884966,0.051064431,0.131921821
50.790914,-1.968446,51.119367,-2.113214,51.551064,-2.977506,1.096395084,0.045707649,0.137878215
51.462225,-1.101599,51.083497,-2.084885,51.666217,-2.901676,1.83760039,0.193623778,0.144432132
51.655235,-2.929035,51.163605,-1.90861,51.782038,-2.815385,1.285256969,0.202709033,0.149981976
51.224639,-1.718055,51.26635,-2.083351,51.897154,-2.719245,0.625702162,0.068421104,0.153546445
51.811289,-1.500466,51.277683,-2.015875,52.010358,-2.615508,0.338492627,0.141681093,0.155188927
52.133792,-1.39766,51.383692,-1.921877,52.121338,-2.507032,0.408410957,0.176750202,0.155877528
51.755595,-1.551824,51.530923,-1.824083,52.230671,-2.395928,1.201066169,0.080960366,0.156776372
52.159978,-0.42088,51.589288,-1.767975,52.339167,-2.282758,0.869864894,0.272670096,0.158698471
52.653485,-1.137201,51.705543,-1.52133,52.447171,-2.166481,0.549265297,0.196011241,0.162059053
52.111215,-1.224583,51.885739,-1.444195,52.55431,-2.04489,1.215501377,0.079770761,0.166906721
53.065945,-0.472297,51.945637,-1.391511,52.659825,-1.915567,0.891690591,0.277333807,0.172787768
53.832378,-0.92803,52.160781,-1.216505,52.763212,-1.777123,0.883678623,0.316942336,0.178710044
53.043343,-0.530146,52.471541,-1.15421,52.864588,-1.629949,0.394895156,0.180067112,0.183491102
52.649479,-0.558665,52.599079,-1.027095,52.964513,-1.476053,0.730329486,0.102718664,0.186372279
52.97694,0.094137,52.629797,-0.929077,53.063417,-1.318089,0.553427185,0.213218006,0.18496513
53.467471,-0.162107,52.711273,-0.73204,53.158771,-1.159597,0.552212459,0.194018123,0.174318731
52.944631,0.015592,52.864873,-0.613507,53.250773,-1.011534,0.522239401,0.133880543,0.17532081
52.895625,0.535527,52.89871,-0.483973,53.343513,-0.86275,0.585403874,0.200237204,0.165264953
53.447368,0.731173,52.916176,-0.284499,53.427539,-0.72044,0.581602263,0.229219734,0.167965516
52.870229,0.803088,53.026986,-0.083843,53.510552,-0.574422,0.557429934,0.179724798,0.170930406
53.286393,1.173946,53.015651,0.095524,53.591162,-0.423693,1.080583786,0.223343794,0.172722728
54.145029,0.517893,53.078362,0.309883,53.668872,-0.269439,1.63535587,0.213009615,0.172217628
53.949893,2.141565,53.282463,0.370841,53.743857,-0.114403,0.973631608,0.363615743,0.16839866
54.18718,1.197291,53.418067,0.708225,53.815915,0.0378,0.337055348,0.191566587,0.160721685
53.860775,1.113231,53.572727,0.821265,53.883816,0.183474,0.828332124,0.104254855,0.152478025
53.348523,1.764178,53.643028,0.898251,53.947676,0.321935,0.294628604,0.180760322,0.145900472
53.183121,2.007998,53.609133,1.075805,54.008096,0.454737,1.692505033,0.199164218,0.142777431
54.872453,1.904409,53.549487,1.265828,54.065961,0.585263,1.012931791,0.284895151,0.143496478
53.865254,1.796794,53.798567,1.404119,54.121905,0.717405,0.501673879,0.098470082,0.146687045
53.76728,2.288808,53.827722,1.498174,54.176013,0.853748,0.948911086,0.163794683,0.149940481
54.500417,1.686361,53.833349,1.661872,54.22798,0.994395,1.78091951,0.132340895,0.150905281
53.796621,3.322315,53.963671,1.6849,54.277465,1.136956,1.711729613,0.316941255,0.14828679
54.534455,1.77777,53.953978,2.001693,54.324373,1.277628,1.04710055,0.118852677,0.142595297
54.063441,2.712952,54.071621,1.984779,54.368833,1.413115,0.534613671,0.150810476,0.135735401
54.460341,2.354787,54.086222,2.134881,54.410968,1.542145,0.356256061,0.096160745,0.129914785
54.504657,2.708276,54.164594,2.190601,54.450784,1.665808,0.491281878,0.136962515,0.127029919
54.956867,2.900276,54.242187,2.303464,54.488312,1.787168,0.629212261,0.190871395,0.12793202
54.467865,2.504315,54.386074,2.428877,54.523905,1.910049,0.923126189,0.044918959,0.131677072
54.804506,3.36387,54.417842,2.460634,54.558365,2.037137,0.459922754,0.197146307,0.135945519
55.239283,3.513863,54.503382,2.638256,54.592647,2.168689,1.518311894,0.228146574,0.138227633
53.720976,3.510008,54.651652,2.811654,54.627298,2.302503,1.240016352,0.20525177,0.137008602
54.828757,4.067199,54.504318,2.954556,54.661939,2.43506,0.63114756,0.228525791,0.13261989
55.334908,3.69016,54.576601,3.171349,54.695278,2.563421,0.412350161,0.187394442,0.126892646
55.131777,4.049006,54.726592,3.283685,54.725841,2.686578,1.456456613,0.179171823,0.122064653
55.517403,2.644528,54.815704,3.439125,54.752925,2.8056,0.562732988,0.187219291,0.119947887
55.201304,3.110092,54.957603,3.316995,54.777233,2.923059,1.398985944,0.065556905,0.121147842
55.134898,4.507501,55.019077,3.294221,54.800757,3.041901,0.416080261,0.230542461,0.124687273
55.025934,4.90906,55.057748,3.521497,54.825734,3.164061,0.845763573,0.261108123,0.128621211
55.297731,4.108159,55.069818,3.782326,54.853407,3.28967,0.402273954,0.094137878,0.130993562
54.926973,4.264245,55.126946,3.857148,54.883356,3.417194,0.542340372,0.090429329,0.130625921
55.388534,4.549016,55.107845,3.945537,54.913644,3.54426,0.441850917,0.138663937,0.127699887
55.276007,4.976298,55.172693,4.068103,54.941854,3.668805,0.526113673,0.180026556,0.123538482
55.612515,4.571875,55.206436,4.244939,54.966397,3.789881,0.412126911,0.114625956,0.119773722
55.553199,4.164039,55.293574,4.319411,54.98723,3.907829,0.436143476,0.062725398,0.117757912
55.724488,4.565139,55.355076,4.307083,55.005878,4.024101,0.778288188,0.099912839,0.118327975
55.330392,5.236273,55.436061,4.365598,55.024943,4.140883,0.18900134,0.166801301,0.122523143
55.48809,5.132096,55.433099,4.532373,55.052063,4.260367,0.570923246,0.122403675,0.134183942
55.155889,5.596419,55.457519,4.652316,55.087284,4.389846,0.670382487,0.185846989,0.139521299
55.339885,6.241057,55.418195,4.833955,55.130465,4.522517,1.450325001,0.265624939,0.140113353
54.993896,4.832606,55.41718,5.099578,55.179684,4.653701,0.445753771,0.069637493,0.144725152
55.43833,4.79833,55.353792,5.070745,55.228225,4.790043,1.651830455,0.040931207,0.139540145
56.279687,6.21983,55.378332,5.037986,55.278649,4.920154,0.514579266,0.280184855,0.140774179
56.121037,5.730318,55.548317,5.260716,55.328716,5.051724,0.649480459,0.150826242,0.14139299
56.054362,5.084269,55.66259,5.359155,55.382259,5.182587,0.513219417,0.089885842,0.146276807
56.109016,5.59457,55.745717,5.324959,55.442492,5.315887,0.990122831,0.09946338,0.154205548
55.363173,6.24577,55.824793,5.385291,55.512203,5.453436,0.547135629,0.177919233,0.163200615
55.725756,6.655515,55.756391,5.549536,55.592192,5.59569,0.696888498,0.210000049,0.170496187
56.321244,6.29351,55.762937,5.759434,55.680988,5.741238,0.370734704,0.156152528,0.174145331
56.174539,6.633983,55.873403,5.869801,55.775429,5.887551,0.33449948,0.160903055,0.174131526
55.840071,6.629394,55.936861,6.017662,55.872119,6.032371,0.573956956,0.124593463,0.172242919
56.35492,6.375707,55.932247,6.14217,55.96891,6.174846,1.194471585,0.107761535,0.170805849
55.814849,7.441111,56.021003,6.203284,56.065585,6.31566,1.392258124,0.237107306,0.171717552
56.120536,6.082826,55.996841,6.439157,56.163932,6.456425,1.350295361,0.055493101,0.175890002
55.635088,7.342841,56.030052,6.394699,56.267279,6.598751,1.361208425,0.193094788,0.176307607
56.964299,7.636246,55.969825,6.578161,56.375534,6.73791,1.003300468,0.276415441,0.176018108
57.313277,6.695594,56.155174,6.783225,56.483662,6.876801,0.981567093,0.214324711,0.183995059
56.697851,7.460267,56.369498,6.782673,56.60089,7.018617,0.372337061,0.158762448,0.171837869
56.401323,7.685447,56.444854,6.922412,56.712921,7.148914,0.925331345,0.152896169,0.17620952
57.16482,7.162656,56.451538,7.075162,56.82818,7.2822,0.699642838,0.1438004,0.166732444
57.025524,7.848292,56.59139,7.108628,56.937148,7.408397,0.193842079,0.174045011,0.16342257
56.985085,8.037869,56.682916,7.256664,57.043106,7.532815,0.590105431,0.16589339,0.155806935
57.482821,8.35486,56.748141,7.409197,57.143676,7.651817,0.584180117,0.240401026,0.151547786
57.926074,8.735377,56.895433,7.599191,57.242008,7.767132,1.513424312,0.298068459,0.148603382
59.080444,7.756662,57.094047,7.821446,57.340162,7.878706,0.680176582,0.370891088,0.147979125
58.529026,8.154881,57.464784,7.832136,57.440282,7.987673,0.678737664,0.22541589,0.148553619
58.412298,8.823506,57.676446,7.90967,57.543043,8.09495,0.141654696,0.239031718,0.148775296
58.364012,8.956677,57.831048,8.091973,57.647589,8.2008,0.422087985,0.211375042,0.147272715
57.979552,8.782468,57.949419,8.267095,57.75206,8.304603,1.290476811,0.117609518,0.143578945
58.891198,9.695831,57.977512,8.3813,57.854499,8.405207,1.685205037,0.315019924,0.138321744
57.704195,8.499612,58.160314,8.637856,57.953678,8.501625,0.787149276,0.060171184,0.132930167
58.452965,8.256821,58.100146,8.638475,58.049608,8.593646,0.975778418,0.091832466,0.128994556
57.973493,9.106674,58.180046,8.593207,58.143576,8.682018,1.498977718,0.112694287,0.127459166
59.405562,8.663828,58.159481,8.704009,58.237613,8.768058,0.824536148,0.235690009,0.128149885
59.051684,9.408563,58.394826,8.716757,58.333609,8.852953,0.610825661,0.194136725,0.129942106
59.157263,8.806931,58.527766,8.858235,58.432536,8.937205,0.778762953,0.128836254,0.131325107
58.691538,8.182774,58.656181,8.868645,58.534072,9.020492,2.076550838,0.106711705,0.131067626
58.725931,10.25904,58.679247,8.764456,58.636759,9.101942,0.324577767,0.281036146,0.128736473
58.809041,9.945283,58.702044,9.044566,58.738663,9.18061,0.843544146,0.176783662,0.124862407
59.607828,9.674163,58.731151,9.218937,58.838283,9.255886,0.925463051,0.194282575,0.120721047
59.815285,10.576074,58.897439,9.319406,58.9353,9.327728,0.637581404,0.304840965,0.117758861
60.233823,10.0951,59.075115,9.567114,59.030776,9.396659,0.682614132,0.248854017,0.116922093
59.660449,10.465511,59.294387,9.684792,59.126643,9.463594,0.857827932,0.181370464,0.118234696
59.176554,9.757193,59.374498,9.847511,59.224763,9.529563,1.162228019,0.022716704,0.120775078
60.302228,10.046385,59.353457,9.856074,59.32603,9.595378,1.184202149,0.18876389,0.123077012
59.142321,10.285028,59.533559,9.912599,59.429967,9.661295,0.955344083,0.101938594,0.123813217
59.901475,10.865,59.474639,9.995785,59.535024,9.726814,1.477400549,0.199153745,0.123706863
58.738899,9.953337,59.561453,10.175021,59.640226,9.791898,2.418340997,0.138016372,0.12634342
60.988245,10.84149,59.424552,10.15751,59.74554,9.861695,0.90773748,0.31615096,0.129839192
60.122849,11.115492,59.70728,10.298989,59.855479,9.930772,0.873109853,0.185360933,0.131680598
59.724658,10.338469,59.789883,10.464927,59.964564,10.00453,1.255177429,0.00648227,0.135066665
60.927766,10.696242,59.785543,10.460112,60.075831,10.081098,1.13095845,0.221495179,0.140161727
59.844687,11.021829,59.997223,10.525317,60.192922,10.158137,1.88129655,0.108617383,0.145447474
61.652015,11.544172,59.979918,10.632547,60.310842,10.243283,1.40280451,0.350337859,0.151779755
60.287459,11.869514,60.282092,10.809825,60.432396,10.334177,0.735079791,0.213796116,0.158227145
60.703123,11.263242,60.296881,11.023109,60.55639,10.432469,1.147532546,0.105389809,0.164082116
61.269789,10.265384,60.379153,11.088975,60.682512,10.537427,1.247553049,0.209424394,0.168893055
60.920327,11.462992,60.547837,10.964861,60.811024,10.647015,1.473554354,0.131935457,0.172408409
60.894557,12.936321,60.626035,11.071125,60.941508,10.759703,1.426139153,0.354531474,0.166199263
61.955034,11.982769,60.685128,11.420697,61.065109,10.870811,0.712867662,0.266650955,0.163867988
61.242959,11.949161,60.921685,11.543756,61.18908,10.977974,0.938342457,0.118630384,0.1616367
62.114872,11.602384,60.992404,11.639003,61.310873,11.084242,1.159197605,0.213577693,0.154877765
61.251033,12.375379,61.205369,11.655169,61.423294,11.190772,0.972593233,0.150542338,0.162505047
61.459459,11.425381,61.22895,11.803853,61.541154,11.302651,0.873648826,0.071722789,0.167770433
61.645709,12.278946,61.283967,11.757839,61.661569,11.419472,0.830593921,0.135297979,0.175907446
61.096607,11.65575,61.361623,11.868632,61.781248,11.548392,1.48322455,0.039313037,0.180286677
62.154311,12.695566,61.327598,11.848939,61.90552,11.679005,0.275455275,0.229468547,0.178971907
62.245061,12.435489,61.485489,12.015451,62.024955,11.812295,0.373759619,0.174037674,0.175792777
62.389673,12.090839,61.63311,12.107631,62.142175,11.943301,0.774220148,0.149171568,0.173119438
62.315511,12.861499,61.781585,12.12203,62.255687,12.074012,0.809318488,0.183930933,0.173782567
62.556873,12.089009,61.891589,12.26944,62.368997,12.205774,1.038917365,0.134567217,0.179117908
62.108428,13.026157,62.0253,12.254284,62.484671,12.342532,0.8977428,0.156878164,0.188398286
62.17543,13.921396,62.057371,12.407849,62.604299,12.488076,0.794229839,0.282160718,0.198928736
62.969624,13.913851,62.088879,12.688245,62.727343,12.644386,0.830468235,0.296904386,0.207547427
63.687807,14.330853,62.261384,12.929894,62.851786,12.810488,0.751043629,0.375449487,0.209026299
63.265554,13.70975,62.52601,13.196231,62.977039,12.977831,0.961759422,0.406426156,0.197668044
62.967719,14.624231,62.730531,13.547448,63.095888,13.135779,0.758768512,0.033014285,0.196077519
63.621568,15.009213,62.748697,13.575015,63.211321,13.294277,2.175873922,0.33099338,0.181824561
63.640564,12.833422,62.921288,13.857449,63.327096,13.434478,1.857797706,0.212026724,0.181664915
63.977735,14.660367,63.063742,13.700407,63.440769,13.576184,0.696415084,0.271503012,0.182684137
63.448367,15.112875,63.248726,13.89914,63.555274,13.718529,1.689877794,0.24729314,0.192652395
64.975525,14.389359,63.304329,14.140101,63.671694,13.872026,1.383402089,0.323618893,0.203266817
63.659614,14.816184,63.619904,14.211806,63.79197,14.035889,0.383077153,0.136474064,0.209331575
64.009308,14.65978,63.649043,14.345133,63.909933,14.208818,0.395988677,0.110552759,0.210668935
64.026961,14.264185,63.728857,14.421629,64.02846,14.382981,1.280846475,0.075291415,0.207718064
63.743519,15.513276,63.804143,14.422532,64.145508,14.554581,0.893014798,0.216002004,0.204122399
64.556935,15.881827,63.811067,14.638423,64.262661,14.721737,0.226948058,0.286374609,0.201940582
64.382934,16.027529,63.959236,14.883487,64.377736,14.887682,0.94540834,0.247170311,0.203756354
64.572833,15.101389,64.050772,15.113083,64.491443,15.05676,1.441496126,0.111747618,0.21065392
63.919261,16.386206,64.159536,15.138733,64.604804,15.234311,1.750567925,0.248553678,0.221412173
65.30382,17.457413,64.13251,15.385813,64.719528,15.423683,0.900533453,0.453603552,0.232619429
64.40345,17.47457,64.353881,15.781731,64.83664,15.624672,1.911404037,0.334075138,0.24057832
65.779919,16.148373,64.377991,16.114935,64.955747,15.833697,1.053646995,0.266420222,0.242964858
65.124425,16.973297,64.641245,16.155887,65.075059,16.045349,0.274771722,0.205195895,0.240502788
64.908926,17.143766,64.744259,16.333351,65.192416,16.255275,0.575077209,0.181988062,0.236257266
65.465143,17.289836,64.790307,16.509417,65.306716,16.462043,0.505396959,0.217930216,0.233257341
65.945059,17.448287,64.925861,16.680059,65.418466,16.666789,1.004301364,0.259468445,0.233997883
65.66943,18.414025,65.123323,16.848382,65.529496,16.872768,0.218684559,0.330657457,0.239865182
65.886685,18.438989,65.238272,17.158416,65.641858,17.084688,0.149236784,0.29373978,0.249571296
65.814405,18.308424,65.371356,17.420278,65.756369,17.306438,0.866525411,0.207899355,0.259827264
65.713985,19.169111,65.464447,17.606171,65.872286,17.538975,0.995670509,0.325971013,0.267259027
66.313311,18.374021,65.529514,17.925582,65.988048,17.779862,0.415754174,0.1950416,0.269789724
66.374114,18.785305,65.685545,18.04261,66.10226,18.024284,1.985850104,0.219974788,0.267960685
66.505455,20.766807,65.826347,18.211618,66.214487,18.267611,0.856375215,0.507539849,0.264235738
66.160364,19.98304,65.964441,18.70001,66.325233,18.507519,0.3762724,0.273929263,0.261066054
66.512929,20.114489,66.017639,18.968724,66.435307,18.744245,0.468759434,0.266555419,0.260647129
66.048416,20.177442,66.122827,19.213647,66.545267,18.980562,1.439694576,0.212624143,0.264508044
67.324224,20.844551,66.126524,19.426239,66.655141,19.22117,1.052507687,0.465956134,0.272132001
67.008636,19.840471,66.469276,19.741891,66.764647,19.470297,1.142773918,0.035750279,0.281109658
66.977329,20.982816,66.48462,19.774181,66.873697,19.729393,0.714983463,0.272559704,0.288473312
66.360496,21.344366,66.589524,20.025744,66.982559,19.996537,0.64561666,0.280695566,0.291903184
66.999957,21.433307,66.569508,20.305725,67.091476,20.267359,1.134641664,0.258904756,0.291052073
68.095518,21.728532,66.661801,20.547621,67.200131,20.537369,0.848479759,0.36657811,0.287465526
67.262335,21.568145,66.931395,20.796013,67.30765,20.80397,0.949985788,0.193597668,0.283362651
67.761829,22.376216,67.00869,20.973511,67.413117,21.066974,0.508174882,0.326012367,0.281236689
67.548837,22.837601,67.160349,21.2621,67.516225,21.328628,0.22552955,0.332279517,0.283213182
67.350018,22.731137,67.247925,21.582631,67.617689,21.593042,0.939379874,0.248867247,0.289426901
67.195126,23.657659,67.283998,21.82887,67.718856,21.864212,1.071424978,0.367269438,0.297773007
67.857996,22.815902,67.284565,22.196139,67.820794,22.143993,0.396959284,0.193474713,0.305198345
67.560259,23.078446,67.401006,22.350651,67.923589,22.431359,0.652867707,0.177082327,0.309075833
67.650843,23.724999,67.444258,22.52237,68.026162,22.722918,0.189645046,0.259743008,0.308559095
67.691192,23.539696,67.494942,22.77712,68.12691,23.014566,1.006578653,0.183172878,0.304854086
68.270374,24.362951,67.543074,22.953856,68.224771,23.303286,0.62706765,0.323358194,0.300258907
68.755023,24.760857,67.685004,23.244401,68.319798,23.588111,0.139134813,0.371837039,0.297378619
68.620318,24.795686,67.889136,23.555195,68.413039,23.870494,0.764618681,0.300960992,0.298268126
68.065234,25.321541,68.035242,23.818312,68.505837,24.153959,1.041367955,0.310969007,0.303209332
68.515454,26.260556,68.057408,24.12849,68.598895,24.442535,0.801678646,0.434159061,0.310484959
68.184814,25.530237,68.154091,24.551747,68.691887,24.738767,0.656979156,0.222153363,0.317396875
68.637357,26.0065,68.174736,24.772939,68.783824,25.042557,1.287175937,0.282320751,0.321504843
68.621398,27.293577,68.270771,25.038424,68.873803,25.351214,0.634355123,0.453741445,0.321702477
69.160414,26.95911,68.347002,25.485716,68.961583,25.660709,1.230084066,0.349604451,0.318663254
68.053223,27.495053,68.505367,25.797395,69.04758,25.967549,1.984894589,0.358116058,0.314344777
69.813246,28.412727,68.439786,26.149455,69.132375,26.270241,0.144954134,0.521182773,0.311119154
69.668316,28.415372,68.695987,26.603319,69.216239,26.569844,1.207678421,0.420987205,0.310925356
69.106752,27.346198,68.884209,26.979886,69.298991,26.869555,1.184015701,0.133023147,0.314436541
68.332573,28.242044,68.940741,27.100299,69.38027,27.173305,0.960975219,0.270621387,0.320650594
69.278251,28.071262,68.848329,27.354653,69.459961,27.483895,0.874628076,0.198664991,0.327331561
69.81379,28.762762,68.936929,27.532467,69.538357,27.8017,0.295341494,0.315616295,0.332027687
69.545852,28.887003,69.10526,27.799447,69.615937,28.124537,0.692449744,0.258370189,0.333163198
68.925414,29.194482,69.197636,28.040739,69.692933,28.448681,1.188401587,0.254606262,0.330842375
70.09292,28.972608,69.163136,28.292997,69.769072,28.770643,1.219763227,0.243669212,0.326742172
69.549807,30.064785,69.340179,28.46042,69.843749,29.088737,0.800312335,0.333902601,0.322819886
70.335887,30.215045,69.390983,28.790435,69.91619,29.403324,0.996829506,0.349794304,0.320380194
69.766411,31.033193,69.571924,29.089795,69.985519,29.716113,0.896299842,0.384757111,0.32301732
70.307298,31.747892,69.618209,29.471758,70.053717,30.031849,0.077821527,0.47139042,0.328600376
70.271438,31.678825,69.753859,29.923209,70.121492,30.353384,0.7334812,0.377655758,0.335066574
70.409919,32.399115,69.859974,30.28565,70.189182,30.681542,1.693264046,0.441177442,0.339929761
69.646303,33.910417,69.971929,30.712386,70.256606,31.014718,2.028876045,0.63540023,0.341502538
70.837065,32.267729,69.93163,31.346507,70.323203,31.349664,1.009865025,0.272464056,0.339677366
69.948232,32.747107,70.101939,31.559184,70.388455,31.683015,1.131889926,0.280344319,0.33589501
70.289091,33.826454,70.091056,31.839317,70.452277,32.012791,0.68098098,0.413315495,0.332353247
70.784944,34.293214,70.1382,32.249935,70.51501,32.33917,0.318545013,0.440654387,0.331017508
70.505213,34.140828,70.264562,32.672083,70.577127,32.664307,0.319139941,0.326070313,0.333021036
70.638589,33.850895,70.319657,32.993465,70.63893,32.991543,0.701145596,0.222879185,0.337882537
71.326147,33.98826,70.388221,33.205536,70.700443,33.323779,1.96946979,0.265155196,0.343695297
71.314109,35.957693,70.566799,33.401539,70.761486,33.66201,1.546199511,0.529668788,0.348209867
69.828515,35.52904,70.713409,33.910513,70.821894,34.00494,1.366033186,0.374113962,0.349945263
71.190457,35.423396,70.570616,34.256304,70.881538,34.349765,0.768361253,0.291640638,0.348663704
71.84592,35.824329,70.691075,34.521905,70.940442,34.693417,1.8362298,0.360609322,0.345438552
70.227623,36.692001,70.907826,34.810103,70.998779,35.033894,0.643198433,0.404975749,0.342177154
70.812967,36.958603,70.800758,35.200669,71.056731,35.371128,0.304192125,0.369835261,0.340635454
70.896244,37.251174,70.813108,35.570298,71.114367,35.706852,0.20076888,0.357380741,0.341871476
70.696201,37.268231,70.837048,35.926876,71.171616,36.043896,0.166029858,0.296942871,0.345784852
70.755296,37.423388,70.820421,36.223353,71.228337,36.384997,0.080457372,0.270484054,0.351007455
70.683121,37.387833,70.815884,36.493799,71.28447,36.731487,0.932832879,0.215457426,0.355541737
70.494016,38.301297,70.798316,36.708539,71.340098,37.08265,1.183686216,0.340476572,0.3576967
71.601044,38.720346,70.749061,37.045434,71.395367,37.436051,0.617567507,0.384514746,0.356916393
71.142062,39.133535,70.904027,37.397339,71.450298,37.788715,0.263008338,0.366759759,0.354066373
70.909476,39.256324,70.952255,37.760914,71.5047,38.138577,0.761650152,0.321438942,0.350801946
71.641708,39.046688,70.950663,38.082349,71.558293,38.485261,0.660693153,0.260582888,0.348785296
72.04553,39.569606,71.078902,38.309193,71.610914,38.830054,0.48035911,0.31994396,0.349217271
71.674916,39.875204,71.255967,38.575674,71.662628,39.175421,1.502141519,0.30537619,0.352305359
71.676165,41.377345,71.34189,38.868713,71.713665,39.52401,1.307084354,0.503340628,0.356973534
71.006605,40.254777,71.411457,39.367223,71.764231,39.877384,1.976883598,0.212065503,0.361372832
71.979243,41.975836,71.347915,39.569545,71.814346,40.235265,0.53004468,0.50832849,0.363789778
71.794161,42.472517,71.469835,40.063036,71.863805,40.595677,0.78608223,0.475113823,0.363477445
71.071467,42.163262,71.534308,40.533755,71.912269,40.955909,1.417789222,0.367035265,0.361009529
72.464925,42.424798,71.46285,40.893767,71.959474,41.313819,0.842847997,0.379979176,0.357807398
71.797201,42.93913,71.647725,41.225739,72.005375,41.66867,0.347271068,0.365807018,0.355455306
71.457644,42.866341,71.683657,41.589777,72.050142,42.021295,0.29155247,0.288328694,0.355235161
71.74511,42.914984,71.652277,41.876393,72.094011,42.373811,1.890876361,0.244265879,0.357568513
72.010906,44.787086,71.675899,42.119514,72.13709,42.728775,0.811067478,0.535081532,0.361656151
71.852604,43.991617,71.742096,42.650485,72.17927,43.087963,1.715064982,0.300046009,0.357269974
71.93207,45.70484,71.768318,42.949383,72.225395,43.442243,1.261971142,0.550842626,0.354682808
72.707662,44.709336,71.803374,43.499109,72.267103,43.794465,0.79484727,0.324638592,0.350800346
71.947391,44.94122,71.970111,43.777657,72.306412,44.143056,1.075687162,0.26850376,0.336995693
71.726414,45.993965,71.973607,44.046138,72.351261,44.477054,0.532449077,0.407981918,0.337070655
71.563409,46.500849,71.935925,44.452376,72.39105,44.811768,1.35110086,0.429731024,0.326105053
72.729517,45.818452,71.873454,44.877542,72.435416,45.134841,1.959912685,0.276182367,0.323729087
72.063939,47.66189,72.027277,45.106922,72.478166,45.455735,0.496948724,0.514177057,0.318312419
72.115506,47.167624,72.0369,45.621009,72.522257,45.770979,1.391588388,0.338198567,0.313991899
72.547309,48.490524,72.052642,45.958841,72.566691,46.081811,1.184911241,0.520256985,0.309689773
72.009228,47.434833,72.141075,46.471527,72.611101,46.3883,0.697655478,0.237452145,0.304808019
72.189344,48.108837,72.118327,46.707887,72.655636,46.689837,0.206921695,0.311471428,0.299513099
72.025368,48.235045,72.129665,47.019152,72.700592,46.985957,0.577090019,0.277955551,0.294105166
72.353716,48.709619,72.108637,47.296311,72.746304,47.276488,0.887039176,0.313133107,0.288927366
71.978613,49.513445,72.148017,47.606958,72.792914,47.561631,1.472781349,0.399012714,0.284258946
72.608358,48.18209,72.113043,48.004435,72.840297,47.841913,0.974479308,0.12221525,0.280245196
73.186257,48.966719,72.194785,48.095291,72.888164,48.11804,1.159689454,0.270206903,0.276824049
72.648343,49.994108,72.365531,48.304713,72.936265,48.390653,0.399274822,0.355953905,0.273731507
72.805072,50.361336,72.41227,48.657585,72.984568,48.660089,0.84002962,0.351089438,0.270617332
72.121473,49.873133,72.478552,49.002361,73.033264,48.926289,0.879893672,0.228258765,0.267217359
72.880334,49.427776,72.410189,49.220142,73.082629,49.188907,1.099586815,0.117247745,0.263453285
72.258348,50.334542,72.487184,49.308566,73.132836,49.447532,1.536984948,0.234210283,0.259450723
72.416283,51.863391,72.44037,49.53805,73.18389,49.70191,0.540312508,0.448998152,0.255491207
72.909351,52.084347,72.429273,49.986911,73.235685,49.952096,0.966906996,0.437216853,0.251936114
72.397121,51.264268,72.503104,50.417849,73.288097,50.19852,0.601286452,0.204024813,0.249057868
72.994682,51.331098,72.474743,50.619893,73.341011,50.441892,0.69955272,0.185692541,0.246836942
73.406858,51.896328,72.558177,50.785786,73.394314,50.682905,0.766834324,0.288673873,0.244957421
73.292035,52.654517,72.697986,51.038345,73.447893,50.921931,0.406477731,0.347624048,0.242979366
73.396367,53.047377,72.795249,51.372085,73.501655,51.158888,1.295678765,0.359303641,0.240606342
73.644203,51.775622,72.894258,51.717478,73.555574,51.393375,1.003297744,0.141197869,0.237824686
73.19164,52.671051,73.02052,51.780682,73.609741,51.624949,0.509177551,0.20087589,0.234892032
72.914724,53.098344,73.045987,51.979937,73.664354,51.853404,1.181117106,0.243596318,0.232182181
73.407975,52.025152,73.016385,52.221728,73.719603,52.078917,2.074164171,0.063307332,0.229963808
73.28352,54.095579,73.079692,52.221523,73.775464,52.301993,0.827815788,0.378382414,0.228248268
72.727892,53.481937,73.10723,52.598902,73.831594,52.523232,1.294411388,0.211040287,0.226801125
74.002892,53.258608,73.031704,52.795965,73.887452,52.743047,1.64729955,0.199280699,0.225322648
72.772488,54.353917,73.195303,52.909755,73.942563,52.961526,1.139972424,0.303255285,0.223644049
73.862604,54.020474,73.112946,53.201613,73.996743,53.178508,0.443200391,0.219882378,0.221785109
73.627433,54.396135,73.235745,53.38401,74.050153,53.393766,0.149028872,0.231318647,0.219882547
73.679955,54.256668,73.295299,53.607531,74.103171,53.607161,0.611447403,0.163849664,0.218070105
74.069622,54.727866,73.35525,53.760019,74.156149,53.818698,1.664108545,0.239342639,0.216392923
72.40559,54.743827,73.474042,53.967801,74.209165,54.028496,1.400237832,0.261594533,0.214671651
73.741906,55.162068,73.277658,54.140616,74.261661,54.23665,0.055652949,0.227104706,0.205786085
73.723995,55.109376,73.348949,54.356241,74.3093,54.436846,0.354578318,0.177261973,0.211420873
73.657356,54.761116,73.405403,54.524273,74.362554,54.64145,1.514485255,0.083372071,0.208567689
74.079831,56.215482,73.440906,54.599708,74.415498,54.843186,0.585059,0.334837322,0.198302641
73.632924,55.8379,73.545241,54.917875,74.46229,55.035889,0.735734085,0.197051587,0.203271103
74.17174,55.336919,73.55307,55.114771,74.511253,55.233175,1.471674587,0.12560664,0.193994428
73.663366,56.717999,73.655322,55.18772,74.555713,55.422006,0.202373666,0.302886185,0.194499292
73.469246,56.660793,73.650267,55.490564,74.601169,55.611119,0.3490244,0.244089827,0.19145666
73.294623,56.962993,73.610849,55.73145,74.646536,55.797123,0.923224228,0.252990473,0.192591726
74.206512,56.818766,73.547811,55.976461,74.695688,55.983337,0.271698115,0.21729224,0.185554447
74.024836,56.616742,73.653115,56.166532,74.734932,56.164694,0.483431313,0.127900306,0.183758391
74.261751,57.038141,73.7111,56.280533,74.774331,56.344179,0.968272002,0.189920451,0.185147664
73.420893,56.558028,73.801627,56.44749,74.816189,56.524533,1.787527595,0.084791197,0.180344758
73.823252,58.299683,73.729813,56.492571,74.850566,56.701571,0.204184346,0.347997087,0.181235288
73.707811,58.468101,73.736439,56.840505,74.885973,56.879314,0.665726204,0.323739966,0.178977262
74.00568,57.872731,73.722811,57.163958,74.917765,57.055445,0.796205975,0.166187156,0.177365851
73.551574,57.218719,73.764323,57.324877,74.947065,57.230374,0.849852789,0.045069958,0.175733206
74.194347,57.77468,73.719943,57.332733,74.974127,57.404011,0.86873048,0.13527631,0.17403354
73.74187,58.516271,73.793993,57.445942,74.999117,57.576241,0.421213836,0.212971129,0.172451244
73.359484,58.692912,73.778352,57.658338,75.022203,57.74714,0.717525361,0.227005666,0.171015381
73.539078,57.998226,73.695707,57.869765,75.043357,57.916842,0.949716632,0.071750065,0.169620334
73.631958,58.94339,73.654896,57.928778,75.06232,58.085399,0.911432959,0.199410447,0.168100657
73.745882,58.039105,73.642714,58.127816,75.078748,58.252695,0.309166253,0.016609794,0.166370731
74.044286,58.119968,73.648219,58.143487,75.092408,58.418504,1.262798319,0.063054161,0.164466481
73.231391,59.086333,73.707827,58.164047,75.103261,58.582612,1.112339476,0.206501519,0.158786161
74.315173,59.336764,73.614362,58.348186,75.106742,58.74136,0.439314796,0.22805241,0.155333234
74.165475,58.923741,73.727883,58.545976,75.103251,58.896654,0.746510071,0.111045616,0.15312368
74.854742,59.210426,73.79847,58.6317,75.091318,59.049312,0.643144347,0.219114788,0.143150283
74.445891,58.713963,73.978624,58.756423,75.072781,59.191257,0.782859394,0.079487848,0.146301714
73.793914,59.147316,74.055522,58.776548,75.048218,59.335482,0.503928545,0.099610439,0.138911416
74.297796,59.154165,74.006437,58.863225,75.019234,59.471336,1.375278385,0.08651277,0.13859355
73.638095,60.36089,74.055007,58.934817,74.983727,59.605304,1.803007426,0.283866024,0.132018674
73.802306,58.565376,73.977388,59.207865,74.941749,59.730471,1.756931249,0.099757636,0.128288815
73.905365,60.319282,73.94161,59.114744,74.891572,59.84854,1.052731799,0.231985572,0.125924554
73.191096,61.092628,73.92961,59.346419,74.832383,59.959687,0.79397822,0.357724782,0.124774155
73.511028,60.365961,73.791936,59.67659,74.764572,60.064426,1.230913481,0.15728118,0.124166673
72.316583,60.663365,73.73313,59.822464,74.689623,60.163421,1.668817654,0.313349267,0.123066313
73.842669,59.988077,73.471408,59.99477,74.609605,60.256922,0.740420554,0.056553906,0.121178095
73.981968,60.715276,73.523468,60.016863,74.52623,60.344858,0.377880562,0.161057925,0.1191154
73.62746,60.584441,73.593147,60.162068,74.440108,60.427147,0.871750759,0.096448134,0.11790486
73.196859,61.34242,73.589603,60.258451,74.350555,60.50384,0.606809226,0.227433924,0.118261106
73.790063,61.214645,73.510534,60.471698,74.256041,60.574923,1.021616739,0.159282367,0.12010455
72.832584,60.858366,73.5501,60.625988,74.155126,60.640048,0.632474738,0.15039874,0.122626246
72.799829,61.489992,73.413832,60.689634,74.047368,60.698575,0.851387066,0.202435674,0.124840167
72.849464,60.640053,73.293875,60.8527,73.933607,60.74999,0.193156789,0.092609637,0.126192521
72.97211,60.49083,73.20277,60.836074,73.815486,60.794397,0.573831027,0.06884401,0.126835812
72.492142,60.805334,73.149164,60.792878,73.694565,60.832678,0.543410204,0.130390612,0.127393571
72.390801,61.339211,73.019918,60.810117,73.571643,60.866134,0.966212116,0.165370873,0.125249467
73.095642,60.678329,72.894318,60.917691,73.449761,60.894982,1.080532948,0.035723856,0.119790648
72.215047,61.304511,72.915644,60.889031,73.334415,60.92731,0.471020955,0.15790168,0.123907021
72.589043,61.018176,72.781286,60.971982,73.214414,60.958176,0.646167198,0.055032058,0.115408115
72.239185,61.561436,72.730844,60.993985,73.102249,60.985343,1.119474619,0.150405858,0.118620488
71.911128,60.491108,72.630076,61.105644,72.985799,61.007931,0.818522786,0.172104498,0.118158554
72.524938,61.032603,72.488453,61.007854,72.868818,61.024571,0.880890535,0.012427173,0.117988353
71.73056,61.413302,72.482901,61.018972,72.751454,61.036693,0.471200767,0.165588067,0.115962911
71.290981,61.243595,72.336493,61.096329,72.635948,61.046977,0.810430877,0.207179782,0.112811123
70.929101,60.518446,72.132509,61.132578,72.523656,61.057787,1.083229488,0.251818117,0.107754058
71.114734,61.585651,71.90208,61.031016,72.416582,61.069874,0.588183762,0.185964538,0.102749645
71.650719,61.827891,71.746964,61.133592,72.314605,61.082451,0.907997299,0.137856965,0.099065259
71.015879,61.178709,71.706332,61.265325,72.216183,61.093722,0.313031042,0.142148815,0.097821946
71.059662,60.868755,71.564314,61.259228,72.118694,61.101786,0.168485736,0.124458561,0.099196876
70.907091,60.797274,71.456251,61.197484,72.019565,61.105455,0.742700342,0.130425645,0.102031936
70.961564,61.537974,71.34366,61.13165,71.917536,61.104681,0.486874322,0.119005698,0.1043567
71.34478,61.237654,71.253495,61.20932,71.813266,61.100428,0.397858313,0.011085078,0.10441083
70.964802,61.119722,71.251451,61.220215,71.709043,61.094168,0.641495966,0.068215917,0.101636218
70.500279,61.562142,71.184328,61.208053,71.607644,61.087228,0.64764298,0.153156596,0.09701996
70.99741,61.147049,71.047217,61.276299,71.510872,61.080296,0.894642478,0.030115229,0.092417905
70.893478,62.035634,71.022163,61.259589,71.418717,61.07333,1.075135851,0.148443313,0.089575919
71.723429,61.352188,70.984749,61.40324,71.329468,61.065684,1.137103826,0.118015834,0.089487938
70.751269,60.762349,71.102758,61.40197,71.24048,61.056238,0.42379649,0.12873249,0.091951809
70.404944,61.006608,71.030628,61.295343,71.14938,61.043751,0.52477744,0.129881299,0.095613734
70.037071,61.380855,70.909424,61.248666,71.055164,61.027462,0.266692715,0.168402231,0.098628415
69.997045,61.117183,70.743249,61.275964,70.958563,61.007567,0.736189584,0.14760075,0.099418267
69.497459,61.657913,70.597582,61.25215,70.861681,60.985254,0.70294214,0.223211987,0.097425886
70.14931,61.921006,70.387847,61.328536,70.767034,60.962151,1.333287103,0.125592267,0.09342692
69.418434,60.805894,70.329298,61.439646,70.676409,60.939442,0.587826869,0.206104448,0.08900511
69.984471,60.964458,70.151831,61.334839,70.59021,60.917269,1.094212158,0.076415402,0.08582909
69.436162,60.017538,70.104989,61.274464,70.507391,60.894738,2.195648343,0.257595585,0.085154179
70.594328,61.882886,69.969636,61.055295,70.42578,60.87043,1.530359874,0.175714434,0.087173404
69.076943,61.684029,70.066702,61.201766,70.342942,60.843281,1.34857197,0.211124029,0.090684696
68.640941,60.407883,69.875634,61.291579,70.257364,60.813279,1.474904305,0.279977844,0.097630263
68.814702,61.872516,69.64012,61.140183,70.164407,60.783435,0.920531992,0.207265326,0.105412191
69.460013,61.216046,69.480307,61.272163,70.06425,60.750567,0.609121039,0.025609895,0.109937112
68.967821,60.857193,69.454914,61.268837,69.959454,60.717341,0.66169872,0.124180032,0.108470447
68.889381,61.514226,69.350662,61.201367,69.854489,60.689988,0.758738134,0.111293111,0.110052254
68.195111,61.208166,69.256085,61.26003,69.749869,60.655839,1.03798981,0.208154882,0.107872332
68.918155,60.463431,69.047947,61.257379,69.646204,60.626006,0.81494207,0.142001383,0.112370395
68.621334,61.222396,69.005963,61.121726,69.539274,60.591465,0.823620429,0.084565339,0.117896361
68.212874,60.507196,68.923787,61.141686,69.425763,60.559609,0.77444799,0.182703826,0.127310117
68.157937,61.279693,68.777192,61.032642,69.302168,60.529078,0.903987131,0.135787889,0.141591098
67.451052,60.716216,68.649186,61.07795,69.16372,60.49941,0.649683966,0.239440016,0.155066651
67.06069,61.235549,68.417773,61.016472,69.011406,60.470322,0.806976207,0.260196243,0.163708976
67.841614,61.438941,68.16074,61.056921,68.850285,60.441328,0.322788324,0.106253315,0.167675481
67.525937,61.371559,68.081377,61.12757,68.685104,60.412513,1.167288806,0.133826967,0.16910292
68.662806,61.636308,67.956771,61.176386,68.518339,60.384491,1.964685972,0.13563993,0.170688854
67.046442,60.519456,68.060816,61.263408,68.349722,60.357977,0.707492005,0.234075862,0.175052959
67.745647,60.411487,67.863242,61.137885,68.17641,60.33335,1.391991533,0.131584988,0.184083924
66.613743,61.221693,67.823189,61.012544,67.993753,60.310474,0.346374465,0.236008891,0.197552147
66.668487,60.879672,67.590382,61.051288,67.797371,60.289004,0.327909333,0.186270502,0.212897101
66.365702,61.005552,67.406221,61.023334,67.585426,60.268892,0.776842374,0.206537135,0.226665321
65.704479,60.597792,67.199686,61.022395,67.359505,60.250538,0.516732285,0.29811483,0.236155088
65.217274,60.769965,66.910656,60.94936,67.123895,60.234502,0.470459024,0.328761835,0.240826987
65.687703,60.77528,66.583312,60.91886,66.883449,60.220961,0.317316787,0.190307591,0.242505448
65.937318,60.971194,66.394576,60.894453,66.64122,60.209385,0.997764932,0.111995309,0.243969166
64.98944,60.659646,66.283533,60.909027,66.397481,60.19879,0.601289945,0.262237623,0.247732892
65.370402,61.124853,66.024811,60.866231,66.149966,60.188402,1.022768919,0.153957811,0.255493484
64.722528,61.916254,65.878194,60.913204,65.894667,60.178435,1.967387677,0.296476992,0.267206102
64.632571,59.950924,65.643146,61.0939,65.627584,60.170325,1.447416547,0.288768781,0.280821897
64.721192,61.395625,65.432578,60.896293,65.346797,60.165898,1.4379173,0.181890851,0.293396099
63.791426,60.298747,65.274799,60.986792,65.053401,60.166139,0.747201122,0.317743531,0.302421387
64.2547,60.884995,64.980127,60.867925,64.751011,60.170496,0.775352306,0.162007659,0.307011008
63.47981,60.858224,64.818174,60.872133,64.444072,60.177145,0.23397573,0.270428871,0.308344606
63.702264,60.930742,64.547747,60.871127,64.135808,60.184195,0.376845259,0.184646225,0.308631737
63.421516,61.182124,64.363503,60.883308,63.827248,60.190849,0.80870097,0.208490515,0.310022181
62.614238,61.134171,64.162423,60.9384,63.517304,60.197811,0.814333115,0.311332308,0.314267777
62.055615,61.72669,63.853409,60.976323,63.203172,60.207048,0.85567697,0.373118834,0.322057184
61.304651,61.316524,63.505985,61.11239,62.881406,60.22074,0.337893253,0.438999382,0.332273115
61.151025,61.617474,63.069177,61.156199,62.549689,60.239956,0.957928297,0.393791277,0.342414084
60.513003,60.902943,62.685564,61.245152,62.208132,60.264168,0.43674025,0.434722844,0.349851914
60.949676,60.910607,62.254055,61.192389,61.85937,60.291762,0.962565968,0.283684275,0.353198156
60.685315,61.836159,61.973754,61.148707,61.507393,60.321107,0.060851964,0.295297582,0.353044981
60.741329,61.859937,61.706691,61.274715,61.155658,60.351492,1.213676866,0.244240977,0.351316271
59.539904,61.687921,61.489089,61.385634,60.80578,60.383249,0.969980152,0.406321198,0.350283583
59.72072,60.734943,61.087878,61.449873,60.457155,60.417296,0.504825324,0.31474689,0.352075482
59.292761,61.002711,60.795977,61.332147,60.107062,60.454606,0.763677726,0.310316014,0.357813098
59.068255,61.732643,60.490265,61.278891,59.751626,60.495782,0.898650977,0.312181483,0.366678347
58.441205,61.088918,60.189907,61.363993,59.387736,60.540916,0.568336519,0.371550226,0.376287035
57.94334,61.363029,59.82071,61.322242,59.014629,60.589733,0.896595176,0.384898322,0.383983296
57.176193,61.827107,59.436004,61.334408,58.634189,60.641777,0.574793959,0.451911891,0.388137027
57.195369,61.252633,58.993388,61.425597,58.24993,60.696507,0.81268257,0.385366185,0.388936134
56.579397,61.782757,58.608732,61.402212,57.865163,60.753302,0.17197825,0.423451133,0.388030007
56.606651,61.952562,58.191631,61.475271,57.481524,60.811512,0.775253365,0.351681641,0.373655099
55.834254,61.886074,57.851885,61.566115,57.112662,60.871169,0.347774949,0.42170904,0.3670821
55.997977,62.1929,57.435055,61.630078,56.749635,60.925581,0.874077546,0.332753053,0.36411108
55.589727,62.96578,57.120228,61.737821,56.389314,60.97798,1.394765913,0.401355297,0.356802734
54.195216,62.992445,56.789164,61.964719,56.036949,61.034079,0.739348071,0.555127465,0.368827561
54.827152,62.608658,56.269247,62.159277,55.672449,61.090413,0.771006591,0.331857238,0.365281363
54.208247,62.148867,55.950793,62.252638,55.312308,61.151478,0.863933886,0.371287662,0.366688067
53.46347,61.711044,55.579544,62.24728,54.950804,61.212919,0.381053441,0.446190763,0.356798064
53.844163,61.694474,55.141498,62.162416,54.599258,61.273913,1.130546578,0.303453743,0.343346761
52.748345,61.416412,54.847857,62.085871,54.260862,61.332009,0.540334341,0.450121277,0.328605394
52.807586,61.953489,54.412898,61.970027,53.936844,61.386725,0.097306106,0.348303777,0.316641751
52.901196,61.980053,54.064612,61.966508,53.624551,61.439023,0.468097728,0.269213546,0.310099825
52.858028,62.446156,53.795399,61.96705,53.318843,61.491028,1.090947922,0.241562239,0.309580917
51.823458,62.099988,53.568295,62.049367,53.014032,61.545163,0.86342021,0.368310464,0.312785758
51.588456,62.930812,53.200041,62.055816,52.706586,61.602712,1.507417099,0.377116686,0.315761826
50.216519,62.306236,52.854895,62.207774,52.396669,61.663185,1.129681694,0.528050088,0.314807594
51.342655,62.39567,52.327062,62.222914,52.087957,61.724835,0.416641396,0.226155664,0.310240315
51.312298,61.980136,52.102638,62.250847,51.783697,61.785456,0.549516395,0.216330643,0.303697633
51.067804,62.472265,51.892743,62.198473,51.485255,61.841711,0.825125695,0.196445389,0.296695228
50.280267,62.226058,51.701224,62.242191,51.194433,61.900453,0.843010312,0.315472933,0.290770018
50.117817,63.053268,51.385899,62.232531,50.908566,61.953625,1.104617089,0.311598117,0.287110513
50.131767,61.948739,51.107019,62.371525,50.627127,62.01041,1.455098265,0.239612131,0.288953704
49.508175,63.263442,50.881163,62.291506,50.344434,62.070234,1.421993211,0.340260306,0.295591264
49.173338,61.881433,50.58391,62.457089,50.054832,62.129436,1.324559538,0.30742322,0.303672479
49.316179,63.198268,50.295093,62.351762,49.756642,62.186879,0.485974622,0.26947676,0.310313835
48.922007,63.482521,50.063747,62.489953,49.451272,62.24205,0.482508083,0.307527603,0.312868861
48.465566,63.326074,49.80968,62.663225,49.142899,62.294899,0.720016474,0.31185012,0.311047705
47.872192,62.918237,49.520477,62.779896,48.83627,62.347142,1.485101599,0.344024202,0.306609694
46.7731,63.916998,49.177301,62.804039,48.53428,62.400166,1.113445314,0.51817764,0.301836023
46.847408,62.806035,48.698151,63.001329,48.237289,62.45403,0.312662973,0.385019928,0.298912407
46.702786,62.52883,48.31457,62.968073,47.943221,62.507627,0.912483071,0.350946639,0.299867388
46.447858,63.404979,47.972535,62.889488,47.647833,62.559264,0.636773464,0.338725257,0.305308046
46.223196,62.809154,47.645721,62.978524,47.346397,62.607734,0.448347124,0.310029356,0.313647549
45.780968,62.882975,47.337329,62.946703,47.03603,62.652979,1.44021598,0.33211703,0.322024503
45.227413,64.212561,47.005522,62.932356,46.716869,62.695828,1.434247644,0.433864541,0.327554234
45.976306,62.989358,46.633984,63.156405,46.391943,62.737239,1.074452125,0.175427151,0.328672176
44.914646,63.154662,46.461047,63.126952,46.06575,62.777532,1.608504967,0.328091321,0.326045128
44.221972,64.606382,46.132978,63.130779,45.742013,62.816259,1.799368242,0.472295513,0.317941426
43.926801,62.831389,45.73946,63.391943,45.425854,62.849878,0.787147398,0.389537328,0.304955225
44.599719,62.422999,45.362036,63.295556,45.122851,62.884329,0.413268063,0.246216852,0.304904218
44.187384,62.395244,45.170678,63.140621,44.819952,62.91924,1.234594907,0.265160765,0.298145011
43.559427,63.458209,44.942733,63.005154,44.523135,62.947349,1.599589586,0.306883434,0.306878671
42.170822,62.664192,44.645196,63.080315,44.217584,62.975864,0.665629709,0.497611016,0.308762236
42.685047,63.086845,44.153671,63.002727,43.909672,62.998762,0.636007698,0.31644434,0.311829512
42.916318,63.679314,43.837393,63.012986,43.598488,63.018816,1.329033363,0.24696364,0.305480684
42.64265,62.378762,43.618745,63.127808,43.29341,63.034496,0.513051642,0.263205254,0.295045024
42.698002,62.888819,43.392357,62.993549,42.998704,63.048636,1.161986092,0.165648675,0.281702043
42.438912,64.021552,43.228061,62.972423,42.717345,63.062534,1.284247676,0.269443512,0.269437026
41.358104,63.327905,43.030845,63.156014,42.448282,63.076726,0.617325649,0.335504637,0.261261571
41.433542,63.940604,42.696847,63.187774,42.187376,63.090352,0.361780858,0.30292703,0.258641918
41.220512,63.648194,42.42618,63.323804,41.928976,63.101536,0.89417828,0.26779532,0.260492412
40.407648,64.020762,42.165898,63.386793,41.668583,63.108732,0.756440928,0.387292818,0.263626204
40.783269,63.364171,41.798028,63.507902,41.404976,63.111914,0.483677343,0.229426099,0.264345033
40.700697,63.840748,41.569168,63.491795,41.140632,63.112653,0.955449389,0.213664792,0.259842414
39.977409,64.465038,41.367638,63.562776,40.88079,63.113117,1.469406346,0.329048637,0.249872783
39.464731,63.08797,41.084755,63.730854,40.630921,63.114492,1.116604305,0.34680051,0.237002343
40.270549,63.860927,40.753062,63.62961,40.393925,63.116226,0.768878173,0.150078633,0.224626644
39.502687,63.82141,40.612923,63.683319,40.169299,63.116764,0.520974182,0.23422236,0.215737169
39.397593,63.311146,40.38116,63.717172,39.953571,63.114775,0.795525346,0.232679134,0.212361223
38.645478,63.570344,40.155863,63.659027,39.741261,63.110111,0.386296703,0.310617541,0.214078031
38.796211,63.926019,39.845284,63.654134,39.527273,63.103903,0.318914583,0.23704471,0.217975621
38.485859,63.852615,39.61572,63.713215,39.309387,63.097653,0.981793495,0.245918419,0.220778878
37.509481,63.749637,39.372557,63.749925,39.088674,63.09226,0.411073826,0.373365034,0.223663842
37.839756,63.994382,38.999398,63.762327,38.865014,63.090949,0.664754755,0.256016276,0.226003102
37.525561,63.408566,38.749124,63.816246,38.639048,63.086854,0.799206009,0.267729015,0.221451348
36.812469,63.047692,38.487957,63.757334,38.417628,63.083128,0.337395009,0.360237902,0.215200874
36.584231,63.296173,38.146284,63.643181,38.202433,63.081538,0.423060347,0.327117203,0.214307547
36.956266,63.497593,37.823282,63.591457,37.988271,63.073641,0.835803948,0.200501406,0.213018629
36.786779,64.316032,37.622937,63.583539,37.775263,63.071513,0.720405019,0.237881234,0.220666584
36.852259,63.598609,37.429909,63.722563,37.554608,63.069252,0.702823804,0.14594094,0.231245299
36.768417,64.296414,37.284368,63.711766,37.323376,63.071732,0.704995168,0.174908117,0.243902061
36.064562,64.336493,37.152193,63.82632,37.079528,63.076867,0.563183162,0.253473064,0.254332666
35.720092,63.890942,36.920666,63.929489,36.825278,63.083351,0.457490026,0.251682481,0.259824744
35.843139,63.45031,36.669079,63.936421,36.565535,63.089868,0.513846627,0.199397618,0.259835314
35.550318,63.872559,36.483717,63.862934,36.305781,63.096368,0.520091304,0.203878306,0.256570869
35.035134,63.943836,36.280219,63.875381,36.04931,63.103526,0.443578536,0.259452577,0.253163752
35.422183,64.160527,36.021754,63.897997,35.796283,63.111846,0.908840786,0.155036708,0.251820313
34.545966,63.919207,35.877537,63.954899,35.54465,63.121557,0.382452137,0.272958208,0.25700711
34.181631,63.80289,35.604614,63.959283,35.287858,63.13207,0.140353337,0.290783858,0.266898795
34.044815,63.771578,35.314368,63.941605,35.021231,63.144112,0.940391114,0.256995086,0.278035114
33.926693,64.704521,35.058383,63.918842,34.743604,63.159171,1.742227421,0.288575132,0.274486407
33.281593,63.086126,34.811284,64.067898,34.469851,63.179223,1.201804408,0.352154894,0.277657795
33.507109,64.266582,34.499883,63.903452,34.192912,63.199189,0.787320928,0.22002793,0.268069208
32.792626,63.935843,34.291071,63.972805,33.925582,63.219083,0.697215924,0.313887994,0.251766867
32.614875,64.61002,33.977186,63.974176,33.674706,63.240244,0.330158924,0.542428138,0.250577287
32.367575,64.391279,33.462479,64.145363,33.424724,63.257506,0.798359633,0.048216769,0.238151464
32.95142,63.846758,33.415073,64.154168,33.187228,63.275163,0.935169491,0.133832027,0.237858933
32.025283,63.97642,33.289726,64.107273,32.950024,63.292802,0.644644182,0.257406023,0.235098896
31.758687,63.389485,33.032992,64.088685,32.715911,63.31431,0.691248482,0.291621108,0.234285938
31.939295,64.056722,32.767156,63.968793,32.483074,63.340326,0.392445637,0.188095217,0.232052422
31.583768,64.222897,32.579791,63.985351,32.252901,63.3698,0.553514754,0.228502819,0.226914341
31.437993,63.688923,32.355374,64.028369,32.028034,63.400213,0.836571908,0.211611149,0.219092398
31.344578,64.520263,32.152347,63.968709,31.810881,63.4293,0.840346135,0.207062359,0.209812308
30.639701,64.062737,31.969351,64.065597,31.60285,63.456582,0.834306026,0.274922464,0.200758193
31.099276,64.759054,31.694429,64.065092,31.4039,63.483466,0.88001374,0.190152462,0.193792718
30.222785,64.837716,31.549142,64.187769,31.21226,63.512271,0.378440215,0.297501916,0.190273394
30.449303,64.534555,31.275346,64.304144,31.024762,63.544651,0.189160624,0.190786489,0.189917255
30.537871,64.36741,31.089464,64.347125,30.838256,63.580485,0.619828448,0.136364074,0.190874116
29.931746,64.497024,30.953203,64.352426,30.651138,63.618165,0.477808036,0.219699001,0.190899605
29.483555,64.66263,30.73508,64.378694,30.463994,63.655845,0.888292334,0.264094608,0.188475261
29.172087,63.830734,30.475825,64.429021,30.279169,63.692759,1.059545178,0.289594322,0.183503726
28.602285,64.724021,30.206696,64.322089,30.099414,63.729661,0.293804974,0.330585978,0.177169072
28.864681,64.856194,29.88309,64.389663,29.926448,63.768023,0.986687461,0.235247167,0.171221303
28.686567,63.885716,29.661676,64.469143,29.760162,63.808836,0.695725979,0.238264328,0.167268997
28.021194,64.088973,29.448666,64.362388,29.598527,63.851883,0.553835488,0.297900513,0.166151175
28.286052,64.575372,29.155867,64.307493,29.438319,63.895924,0.196974482,0.198735158,0.167595305
28.480925,64.604068,28.96112,64.347107,29.276534,63.939671,0.607049625,0.130129332,0.170473339
28.092744,65.070785,28.836684,64.385177,29.111581,63.982702,1.130468847,0.204437204,0.173274735
27.42382,64.159467,28.667352,64.499725,28.943716,64.025661,1.758359474,0.265353411,0.174596106
28.283614,65.69328,28.410453,64.433277,28.774766,64.069703,1.165748298,0.224399477,0.173690723
27.442142,64.8865,28.350995,64.649656,28.60724,64.115567,1.439804248,0.199091536,0.170784964
27.640494,63.460424,28.15557,64.687689,28.443188,64.163048,1.176191099,0.254954359,0.166994351
27.537693,64.632114,28.030957,64.465263,28.283313,64.211288,0.946700334,0.120868744,0.164002488
27.122327,65.482827,27.911826,64.485685,28.126562,64.259516,0.47178651,0.23964037,0.163368955
27.253788,65.029726,27.7411,64.653852,27.970424,64.307582,1.010145656,0.131609999,0.165610694
26.472744,65.670323,27.624357,64.714616,27.812,64.355839,1.242040984,0.28192021,0.171493674
27.180219,64.649468,27.395494,64.879239,27.647158,64.403138,1.060923787,0.08497419,0.178262165
26.129943,64.499536,27.322734,64.835346,27.473948,64.445277,0.41138756,0.24202064,0.186837382
25.882675,64.828319,27.089135,64.772057,27.291835,64.487027,0.643538626,0.248555454,0.18682118
26.520372,64.914832,26.840588,64.774107,27.107802,64.519183,0.406184698,0.083420206,0.1810785
26.140132,64.771991,26.759454,64.793503,26.929358,64.549959,0.546811037,0.143600479,0.178009675
26.080175,64.228477,26.616322,64.781913,26.754907,64.585375,1.104303519,0.164910781,0.167076498
24.980739,64.332047,26.490374,64.675458,26.591589,64.620614,0.435241805,0.300003711,0.167114074
25.275646,64.011945,26.198519,64.606011,26.428205,64.655725,0.979688708,0.218270598,0.171481289
24.399076,64.449455,26.012159,64.49238,26.25926,64.685109,0.736112987,0.321100706,0.179567221
24.370626,65.185018,25.691852,64.469817,26.080825,64.705242,1.356532386,0.289967493,0.187585533
24.477295,63.832686,25.425469,64.584365,25.893425,64.713583,2.332411368,0.247044081,0.191939704
24.554053,66.163834,25.224268,64.441016,25.70159,64.719922,0.99522767,0.329196649,0.186718535
25.421574,65.676099,25.078805,64.736331,25.514874,64.718949,0.754688377,0.162538996,0.181407949
24.818134,65.222872,25.101682,64.897252,25.333468,64.71979,0.935483925,0.096446197,0.176249519
25.248383,64.3922,25.023092,64.953158,25.157236,64.722275,1.282265626,0.101671471,0.1744799
24.246686,65.192705,25.036823,64.852418,24.982786,64.725505,0.349574475,0.173319719,0.17677201
24.010817,65.450713,24.873234,64.909675,24.806014,64.725445,0.370953633,0.200497335,0.182747287
23.663597,65.581269,24.696138,65.003676,24.623451,64.71724,0.418799483,0.231904088,0.190709149
24.023406,65.366955,24.487926,65.10579,24.433768,64.697483,1.34889698,0.118437107,0.198156532
23.801602,64.036419,24.379437,65.153303,24.238036,64.66658,0.835410714,0.234929878,0.202526712
23.967079,64.855277,24.251899,64.956006,24.039106,64.628581,0.755183813,0.077846538,0.202511877
23.212428,64.88364,24.176878,64.935223,23.84052,64.588899,0.537992603,0.194944682,0.19924563
22.96083,64.408104,23.982335,64.922715,23.644925,64.550933,1.028148022,0.226691698,0.195093268
21.93286,64.427236,23.776589,64.827543,23.453256,64.514541,0.623662444,0.361442667,0.192069355
22.52155,64.221326,23.423399,64.750747,23.264883,64.477041,0.414884782,0.214701059,0.192298864
22.934297,64.179263,23.233957,64.649711,23.077324,64.434609,0.909539384,0.123558966,0.197697961
22.049784,64.391156,23.151499,64.557692,22.886248,64.38387,0.80081273,0.226802807,0.207652811
21.249556,64.421753,22.928103,64.518529,22.687576,64.323462,1.028818475,0.328243488,0.21899662
21.527039,63.431061,22.60096,64.491673,22.479777,64.254331,0.408744948,0.29793475,0.22802278
21.24028,63.722337,22.378513,64.293475,22.26457,64.178963,0.513322997,0.260805144,0.231948694
20.949102,64.145085,22.144051,64.179252,22.046422,64.100149,0.487393578,0.246129719,0.230806269
21.34309,63.85816,21.898716,64.159489,21.830102,64.019668,0.409193619,0.148239748,0.227432129
20.998924,64.079495,21.76619,64.093067,21.617826,63.938033,1.639558886,0.169437212,0.22507035
20.785434,62.453895,21.597442,64.0778,21.408572,63.855151,1.382901942,0.348756234,0.226499505
20.465039,63.79917,21.421306,63.77679,21.198541,63.770363,0.542508233,0.195076959,0.228434803
21.007416,63.787238,21.226457,63.767362,20.987989,63.681761,1.15379305,0.077002131,0.230350344
19.967662,64.287388,21.150676,63.753703,20.774469,63.595329,1.21649359,0.247760503,0.240484005
19.476449,63.174479,20.917429,63.837256,20.552335,63.503193,0.945630371,0.319964672,0.236517185
20.405858,63.34888,20.625119,63.707132,20.337007,63.405345,1.619564293,0.104001584,0.241701931
18.863741,62.854043,20.55353,63.631691,20.117914,63.303276,0.596362441,0.355769243,0.234633564
19.457882,62.905469,20.229684,63.484397,19.906778,63.200931,0.704727742,0.209446893,0.230533356
19.154223,63.541419,20.055549,63.368014,19.698551,63.102001,0.634986066,0.188428216,0.225911245
18.694268,63.103642,19.868157,63.387748,19.492279,63.009872,1.214453615,0.256851817,0.227037188
18.824321,61.896172,19.61954,63.323231,19.286319,62.91434,1.487038123,0.319171834,0.224943016
19.143813,63.348483,19.443571,63.05695,19.081405,62.821552,1.432190648,0.094438505,0.226702276
17.892785,62.651275,19.356676,63.093935,18.876296,62.72499,0.542955323,0.306347715,0.231660414
18.081282,63.16046,19.064204,63.002781,18.671875,62.616001,0.171210667,0.209282146,0.238522094
17.949425,63.05125,18.85551,63.01846,18.460751,62.505008,0.139464947,0.195248007,0.244101133
17.99415,63.183349,18.660316,63.013868,18.246655,62.387755,1.132326121,0.153816478,0.247537613
18.041564,62.052016,18.507946,63.034913,18.028684,62.270437,1.093949632,0.21625944,0.247117961
17.040977,61.609804,18.392004,62.85236,17.811977,62.151671,0.303379028,0.357058785,0.244001384
17.334104,61.531603,18.11996,62.621096,17.59868,62.033176,0.777526637,0.269989482,0.240261004
16.560159,61.457059,17.946813,62.413938,17.390607,61.913047,0.221766168,0.335924644,0.23890206
16.774716,61.513144,17.667011,62.228045,17.185138,61.791159,1.14830108,0.241495346,0.241266791
15.96454,62.326907,17.473507,62.083559,16.978552,61.666532,0.727209842,0.304126827,0.246710542
16.450428,61.785846,17.170449,62.109034,16.767756,61.538348,1.164450179,0.179891396,0.253277831
15.291724,61.670307,17.005893,62.036355,16.551998,61.40569,0.128904244,0.349826973,0.258755298
15.32114,61.79581,16.665294,61.956535,16.332979,61.267904,1.742157512,0.280671683,0.261657509
14.651465,60.187504,16.387937,61.913527,16.113558,61.125359,0.477194179,0.473387909,0.26167423
14.971532,60.541441,16.039704,61.592856,15.89612,60.979777,0.929852507,0.309494502,0.259738524
15.565163,61.257142,15.808038,61.38763,15.681452,60.833552,0.378418709,0.094894694,0.257511105
15.324709,60.964939,15.723533,61.344457,15.468429,60.688869,0.887063588,0.139013906,0.246191312
14.541998,60.547512,15.614545,61.258164,15.260874,60.556464,1.08917924,0.268965109,0.248349708
13.685516,59.874645,15.387847,61.113422,15.053974,60.419096,1.300478536,0.415076539,0.243286261
14.658712,60.737277,15.048873,60.87387,14.852164,60.283225,0.785508509,0.117169759,0.241505706
14.272203,60.053439,14.941215,60.827626,14.650542,60.150283,1.007641216,0.223086188,0.248696708
14.225171,61.059982,14.784936,60.668427,14.446018,60.008791,0.969425298,0.14139904,0.245421
13.710611,60.23839,14.652279,60.717374,14.240683,59.87437,0.864283469,0.227305889,0.244052727
12.929077,59.86935,14.450535,60.612649,14.036207,59.741136,1.029118988,0.337691071,0.236794506
13.584837,59.076214,14.148388,60.461843,13.836514,59.613879,0.325694477,0.299063669,0.228539671
13.357869,59.3098,14.013884,60.194733,13.643332,59.491768,0.828782756,0.226570471,0.221736062
12.800754,59.923399,13.87147,60.018516,13.455744,59.373541,0.76988598,0.231784194,0.216818398
12.926696,59.163884,13.644482,59.971608,13.271637,59.259021,0.650170115,0.222884175,0.21524293
12.356083,59.475528,13.492121,59.808932,13.087577,59.147435,1.645849346,0.253447459,0.215677189
12.462537,57.833125,13.254793,59.719988,12.9017,59.038044,2.214056056,0.390731334,0.21519953
12.131153,60.022241,13.090224,59.365604,12.71502,58.930986,0.964741863,0.220561105,0.211416042
12.10209,59.057937,12.885292,59.447152,12.530814,58.827232,1.299852763,0.185422216,0.203546762
12.261062,60.348032,12.723135,59.357227,12.352841,58.728455,2.432375258,0.186351098,0.193202655
11.478172,58.045092,12.607483,59.503348,12.183076,58.636221,0.836761126,0.360734492,0.183282944
11.743977,58.838513,12.380444,59.223022,12.020687,58.551236,0.964056397,0.168309525,0.1764558
11.050298,59.508001,12.240536,59.12946,11.862326,58.4734,0.667930655,0.241003647,0.174035279
11.182221,58.853228,12.003201,59.171351,11.703811,58.401558,1.29477458,0.189910867,0.17552386
10.977203,57.574788,11.830708,59.091901,11.542796,58.331681,0.823785885,0.342208204,0.177778363
10.262597,57.984619,11.653523,58.799135,11.380849,58.258344,0.571837666,0.321917418,0.178819916
10.74966,58.284232,11.381605,58.626823,11.22069,58.17881,0.682654332,0.164887042,0.178294271
10.364456,57.720641,11.243312,58.53703,11.063594,58.094491,0.555679379,0.250490268,0.176373474
9.873963,57.459497,11.062835,58.363325,10.908713,58.010114,0.334678555,0.302545002,0.173697209
9.578462,57.616624,10.828021,58.172548,10.754082,57.930994,0.454789254,0.278554964,0.170822147
10.016084,57.740399,10.581991,58.041926,10.598779,57.859852,0.465529295,0.151628613,0.167342627
9.68817,58.070838,10.456742,57.956463,10.444086,57.796027,0.761131542,0.160150126,0.163041099
10.205164,57.512234,10.296952,57.945729,10.292299,57.736503,0.595675036,0.11253301,0.159249845
9.719006,57.168026,10.258265,57.840055,10.144556,57.677068,0.238828841,0.187266885,0.158139467
9.489737,57.234921,10.143291,57.692238,9.999567,57.613931,0.992911923,0.173507047,0.160395725
8.773972,57.923074,10.009309,57.581995,9.854615,57.54526,0.705679096,0.239151404,0.164390586
8.814227,57.218544,9.77224,57.613486,9.707704,57.471494,0.503965747,0.212443924,0.167050232
9.050196,57.663853,9.582934,57.517072,9.562646,57.388645,0.475510042,0.114326003,0.169631153
8.722063,57.319704,9.468608,57.517096,9.416859,57.301922,1.449260968,0.156982025,0.164946979
9.333535,56.005756,9.321362,57.462672,9.276902,57.214632,0.708031096,0.286619574,0.156693845
9.225304,56.705466,9.302285,57.176688,9.147009,57.126992,1.626867402,0.10788324,0.15824686
8.157864,57.933175,9.276433,57.071948,9.014793,57.040038,1.79778031,0.247016748,0.154898357
7.808129,56.169741,9.061697,57.194037,8.889131,56.94947,1.182906842,0.313254357,0.162266534
8.955967,56.455637,8.823973,56.990038,8.760498,56.850556,0.934000196,0.118947713,0.166499822
8.579481,57.310397,8.830436,56.871266,8.636634,56.739291,0.842873609,0.081099488,0.171313524
8.829335,56.505407,8.774275,56.929773,8.518648,56.615083,0.716328592,0.09946261,0.173605318
8.462716,55.890007,8.768384,56.830485,8.40844,56.480945,0.710379628,0.198476167,0.173140157
7.82806,56.209148,8.703094,56.643055,8.305669,56.341605,0.424201637,0.188736661,0.171427343
8.251693,56.231105,8.539812,56.548395,8.207448,56.201106,0.538253428,0.1046214,0.170246848
8.555511,55.786795,8.474766,56.466452,8.110525,56.061142,0.507998095,0.141916384,0.170610339
8.356004,55.319613,8.478193,56.324577,8.013228,55.920995,1.178230315,0.203585873,0.171733283
7.921754,56.4149,8.447285,56.123351,7.917866,55.778172,0.364911478,0.105477203,0.173152003
7.603482,56.236397,8.346034,56.152909,7.828784,55.629693,0.843094438,0.140917394,0.17645534
8.200232,55.640832,8.205228,56.147307,7.748923,55.472344,0.850832757,0.108976909,0.181215004
8.222626,54.790294,8.194294,56.03888,7.678846,55.305227,0.428731267,0.240556986,0.185709464
7.955637,55.125745,8.190897,55.798347,7.615589,55.130623,1.248042797,0.149051591,0.188590651
7.491884,53.967063,8.142055,55.657525,7.555937,54.951715,0.467687868,0.34475291,0.189192837
7.081246,54.190912,8.02004,55.335086,7.498684,54.771393,1.053091018,0.288132914,0.188385073
8.132213,54.124061,7.845687,55.105692,7.44411,54.591086,1.296088706,0.206293291,0.185726114
7.120164,54.933754,7.887376,54.903655,7.394454,54.412121,1.743923817,0.14540065,0.184610525
8.320669,53.66882,7.743828,54.880518,7.350485,54.232823,1.190643544,0.258960207,0.18677189
7.402513,54.426858,7.838039,54.639303,7.31257,54.04994,0.568043471,0.105389886,0.191894761
7.000286,54.025751,7.755313,54.574008,7.28115,53.860635,0.92624554,0.186798248,0.195330568
7.247296,53.133049,7.615051,54.450638,7.257324,53.666763,0.594307395,0.269853322,0.191406386
7.608156,53.605258,7.541959,54.190872,7.233413,53.476856,0.247265622,0.131810173,0.194603198
7.465121,53.806954,7.546007,54.059124,7.211726,53.283465,0.813862185,0.074870451,0.181683792
7.596916,53.003834,7.524959,53.987273,7.194092,53.102639,0.538604818,0.200399387,0.179180541
7.451574,53.522458,7.531729,53.786988,7.178218,52.924163,1.354524571,0.075888652,0.173679459
8.072091,52.318425,7.512359,53.713613,7.164847,52.750999,1.53196516,0.288960346,0.170056753
6.597499,52.733751,7.607214,53.440665,7.152556,52.581387,1.327830175,0.237828452,0.167685817
7.628872,51.897448,7.425114,53.287688,7.141684,52.414054,0.817399744,0.276131062,0.166296289
6.904306,52.275795,7.45569,53.013255,7.13371,52.247949,0.264187416,0.190555516,0.163444579
7.131867,52.41,7.352954,52.852766,7.130159,52.084543,2.057020406,0.117006483,0.160330207
7.105158,50.353153,7.307342,52.745016,7.130781,51.924214,1.142262527,0.455451663,0.157218238
7.952458,51.119212,7.264593,52.291575,7.133484,51.767019,1.107405864,0.268019219,0.154109129
7.3778,52.065846,7.379836,52.049597,7.136211,51.612934,1.153495527,0.03156637,0.150904019
6.663473,51.160148,7.374976,52.018407,7.13834,51.462045,1.014520754,0.226740957,0.147339895
7.677927,51.14851,7.243479,51.833691,7.140435,51.31472,0.582752471,0.167050348,0.142361829
7.577478,50.57448,7.314054,51.682281,7.144047,51.172404,0.060435097,0.224598497,0.138358776
7.622417,50.614889,7.356303,51.461692,7.15044,51.034193,0.916665602,0.191689925,0.136365675
6.932586,50.011226,7.398152,51.274626,7.159988,50.898162,0.82193949,0.263127947,0.136212941
7.536576,50.568703,7.312334,51.025886,7.172003,50.76248,0.767927728,0.123430307,0.137276759
7.134919,51.223214,7.345237,50.906922,7.185282,50.625847,2.072264175,0.049864737,0.13864348
6.830996,49.173358,7.302571,50.932731,7.19886,50.48787,1.585300484,0.351009196,0.13849587
7.386094,50.658297,7.212184,50.593559,7.212726,50.35007,1.857994914,0.027305048,0.13536593
7.711733,48.829061,7.236466,50.581071,7.228309,50.215604,1.65455957,0.345132895,0.130152416
6.6871,50.128174,7.313128,50.24456,7.246478,50.086726,1.818921758,0.131007945,0.124942038
7.289498,48.411901,7.194522,50.188921,7.266539,49.963405,0.838698848,0.343309103,0.12145297
7.781198,49.091347,7.202387,49.845702,7.286753,49.843646,0.863554054,0.189798083,0.120334701
7.54138,49.920933,7.296504,49.680883,7.305817,49.724831,0.658203355,0.038915532,0.121279168
7.251395,49.330052,7.333357,49.693384,7.324173,49.604949,0.328371078,0.093262909,0.123260431
7.03962,49.079096,7.31272,49.602433,7.343953,49.483286,0.982763653,0.130121101,0.125023454
7.924143,49.507399,7.257515,49.484603,7.367301,49.360462,0.492609666,0.112804263,0.125467628
7.577972,49.156928,7.368499,49.46442,7.394617,49.238004,0.15563067,0.08288721,0.123842248
7.574548,49.001335,7.400468,49.387946,7.424139,49.117732,0.240223246,0.093185144,0.120258408
7.564766,49.241359,7.426624,49.298507,7.453225,49.001044,0.999011625,0.036290288,0.11594122
7.230638,50.182838,7.446837,49.268367,7.480456,48.888346,1.143408294,0.150587917,0.112512251
7.080626,49.049313,7.404774,49.412961,7.506707,48.778939,1.457891822,0.099446673,0.111232645
8.19222,48.106017,7.342563,49.335376,7.534463,48.671225,0.857655518,0.27335237,0.113312966
7.673129,48.788745,7.487504,49.103614,7.565823,48.562338,0.190145711,0.078040714,0.119685057
7.776552,48.629186,7.517367,49.031513,7.59754,48.446932,1.147479186,0.09732592,0.132314133
7.704646,49.77441,7.560583,48.944308,7.634009,48.319743,2.293346837,0.134190576,0.135243951
7.787712,47.482568,7.584417,49.076365,7.665014,48.188101,0.199184055,0.293382848,0.135936943
7.678897,47.649402,7.618818,48.785006,7.691754,48.05482,1.420699974,0.220504712,0.138282097
6.300662,47.994158,7.627209,48.564661,7.72112,47.919692,1.640664961,0.266196324,0.13631879
7.907098,48.327542,7.389056,48.445734,7.747096,47.785871,1.254023422,0.093481596,0.139558169
6.706304,47.966061,7.474097,48.406916,7.776525,47.649451,0.177531624,0.167111249,0.144393825
6.878191,47.92165,7.334004,48.315811,7.806586,47.508221,0.497750838,0.122786901,0.15132534
7.339223,47.734019,7.245752,48.23044,7.834508,47.359494,0.858232498,0.106615353,0.159641703
7.141184,46.898948,7.251899,48.124002,7.858648,47.201688,0.682901079,0.231026533,0.167409788
7.72458,46.543979,7.225428,47.894497,7.878404,47.035448,0.213490269,0.269335135,0.173174047
7.559004,46.678748,7.30544,47.637321,7.895062,46.863077,1.028472181,0.198790009,0.176291205
6.937763,45.859105,7.342647,47.442044,7.910714,46.687482,0.571028601,0.313521445,0.177341792
7.375031,46.226352,7.26457,47.1384,7.926709,46.510863,0.562123931,0.188029183,0.177555191
7.504922,46.773263,7.276677,46.950761,7.942861,46.334044,0.996561482,0.066851194,0.178242622
7.376806,45.784971,7.310419,46.89305,7.95777,46.156426,1.290452971,0.221376281,0.180757622
7.878093,44.595862,7.31623,46.67175,7.969647,45.976059,1.365169522,0.406067442,0.186031372
8.038499,45.951575,7.410174,46.276699,7.977273,45.790184,0.898673958,0.139466116,0.193626194
7.139928,45.965178,7.518029,46.188279,7.980518,45.596585,0.815472859,0.097126535,0.201753502
7.866308,45.594546,7.449013,46.119939,7.980068,45.394832,1.000464501,0.139571037,0.208245244
7.224506,44.82707,7.51996,45.999745,7.976762,45.186613,0.650855846,0.240895473,0.211727551
6.676858,45.178773,7.465359,45.765119,7.971069,44.974962,1.270733223,0.194776583,0.212405561
7.812784,44.609181,7.321804,45.633476,7.96302,44.762709,1.093910498,0.224263158,0.211764085
6.964455,43.918545,7.403083,45.42446,7.952548,44.551204,0.464082292,0.306892062,0.211697782
7.240151,43.54523,7.320708,45.12883,7.939691,44.339897,1.522195298,0.312634107,0.213906521
7.446603,45.05336,7.300418,44.816855,7.924396,44.126538,1.571560494,0.022204025,0.219097565
7.526779,43.483846,7.320536,44.826251,7.906156,43.908201,0.410052397,0.269503454,0.226422651
7.892122,43.297654,7.351987,44.558589,7.88402,43.682863,0.125463608,0.271114568,0.23397588
7.797769,43.38035,7.443675,44.303449,7.857082,43.450443,0.905877812,0.205539338,0.239844634
7.467024,42.53701,7.504203,44.107024,7.825139,43.212735,0.473287014,0.311803321,0.243007475
7.689515,42.95474,7.496138,43.795325,7.789065,42.97242,1.107865059,0.187108519,0.243761534
7.063895,42.040429,7.528787,43.611087,7.750509,42.731727,1.596691028,0.324793618,0.243307805
7.013928,43.636338,7.444711,43.297364,7.711039,42.491642,1.556279015,0.084570774,0.243121013
7.569865,42.182743,7.365949,43.328166,7.671244,42.2518,0.282911872,0.242919321,0.244509801
7.299685,42.266659,7.397059,43.087247,7.630304,42.010742,1.1162709,0.172851091,0.248141364
6.939283,41.210169,7.376904,42.915575,7.586414,41.766513,0.328947013,0.34366369,0.253643696
6.828207,41.519795,7.295523,42.581686,7.537952,41.517542,1.076515264,0.248144081,0.25976482
6.004542,40.826642,7.205807,42.350328,7.484548,41.263326,1.193138704,0.376133817,0.264920677
7.176578,41.050051,6.985547,42.045431,7.427308,41.004663,0.802537011,0.215358782,0.267904357
7.186714,40.247578,7.008972,41.83135,7.368136,40.743375,1.153822647,0.319348908,0.268434794
6.044094,40.087184,7.031462,41.512794,7.308647,40.481615,1.108431467,0.345107502,0.267205684
6.879181,40.816053,6.84801,41.220485,7.249446,40.22105,0.082340033,0.103967137,0.26559614
6.948598,40.771768,6.844913,41.116564,7.190087,39.962172,1.175268024,0.098201606,0.265218721
6.205421,39.861305,6.853862,41.018771,7.129497,39.703967,0.821364252,0.269247956,0.267183777
6.874723,39.385202,6.73059,40.7794,7.066608,39.44429,0.92673885,0.34954784,0.271450001
6.387179,40.17333,6.681949,40.433253,7.000827,39.180931,2.262012972,0.03034394,0.276799976
6.570331,37.918744,6.674178,40.403921,6.932123,38.912793,0.509700595,0.474710054,0.281478279
6.150115,38.207211,6.646629,39.930011,6.860845,38.640489,0.730017236,0.366638426,0.284061575
6.782304,38.572262,6.547838,39.576933,6.787521,38.366054,0.070588267,0.222802446,0.284160923
6.798079,38.503459,6.57962,39.356409,6.712771,38.091901,1.517434796,0.195430922,0.28256304
5.370841,37.988095,6.610229,39.16339,6.637222,37.819625,0.129350042,0.337400244,0.280808097
5.499673,37.97653,6.382945,38.914029,6.561297,37.549276,0.344260169,0.258367767,0.280449969
5.286712,37.706044,6.217926,38.715226,6.484883,37.279437,1.464899265,0.281016997,0.282360097
6.459331,36.828038,6.04041,38.497376,6.407117,37.007997,0.768740304,0.348110924,0.286376305
5.908178,36.292135,6.097738,38.154018,6.326558,36.733185,0.691956006,0.375436832,0.29145675
6.134792,35.638339,6.052054,37.781371,6.241802,36.454324,1.462545971,0.425244571,0.296205541
4.721256,35.262897,6.055191,37.356138,6.152253,36.171979,0.808664643,0.487095115,0.299481794
5.351077,35.770109,5.807608,36.936657,6.058525,35.887542,0.596618318,0.274455366,0.300847026
4.803608,36.00724,5.712396,36.679246,5.96216,35.602546,1.44194775,0.243687599,0.300726184
4.816844,34.565353,5.536426,36.510669,5.864736,35.318038,1.017296963,0.41849162,0.300177894
4.687619,33.556297,5.392236,36.117802,5.766898,35.034252,0.413016005,0.524509658,0.300389669
4.86527,33.18344,5.249689,35.613034,5.667938,34.750631,1.140672148,0.493078326,0.302238438
5.17455,34.281383,5.163269,35.127588,5.566165,34.466043,0.529034158,0.207606921,0.305993918
4.929078,33.812746,5.147603,34.920573,5.45985,34.179112,0.504592777,0.256973552,0.311143188
4.735273,34.278636,5.092723,34.669528,5.348226,33.888681,1.208942202,0.145359209,0.316491543
3.98969,33.326981,5.013838,34.547436,5.231881,33.59435,1.171734939,0.33131291,0.320666111
5.095147,33.715475,4.816436,34.281352,5.112352,33.296794,1.369816303,0.152555162,0.32277193
4.504295,32.479639,4.848817,34.132273,4.991232,32.997609,0.070119926,0.34822313,0.322848251
4.507642,32.549679,4.772842,33.792439,4.869375,32.698641,0.978646176,0.275269944,0.32185709
3.535422,32.661646,4.711155,33.52417,4.746694,32.401082,1.346490145,0.300013405,0.321158578
3.966223,31.385932,4.487824,33.323842,4.622573,32.104878,0.154612913,0.40536053,0.321911961
4.059309,31.262481,4.378168,32.933595,4.496445,31.808704,0.656239969,0.352933346,0.324578988
3.608627,31.739489,4.304372,32.588463,4.368128,31.510566,1.369378511,0.234096742,0.32863288
3.984706,30.422765,4.167668,32.398428,4.237801,31.20888,0.972368936,0.403442103,0.332756065
3.558541,31.29677,4.114852,31.998458,4.105834,30.903411,0.864218948,0.210144303,0.335500189
3.61021,30.434097,3.998693,31.823336,3.972679,30.595466,0.24619317,0.297452609,0.336030281
3.851059,30.485115,3.915924,31.537631,3.838883,30.287221,0.807357142,0.235280601,0.334563008
3.20775,29.997284,3.888365,31.30397,3.705131,29.980557,0.450514007,0.319579888,0.332171107
3.218277,29.546893,3.749233,31.016266,3.572169,29.676158,0.45508291,0.608312569,0.330170341
2.838137,29.296705,3.499114,30.461753,3.440546,29.373358,0.443603829,0.056018052,0.329588639
3.262638,29.425481,3.479906,30.409131,3.310224,29.070629,1.341825729,0.229730634,0.330802952
2.169216,28.647712,3.423923,30.186326,3.180401,28.766365,1.139817159,0.400173503,0.333345556
2.285617,27.513854,3.184213,29.865892,3.049865,28.459641,1.239268797,0.499299449,0.336129914
2.863012,28.610395,3.00529,29.399752,2.917751,28.150563,1.638198706,0.197008816,0.338010336
2.211681,27.107244,2.959779,29.208072,2.784126,27.840087,0.05766801,0.449353249,0.33835042
2.155427,27.094552,2.80802,28.785121,2.649976,27.529467,0.433861893,0.377614433,0.337266029
1.721569,27.092714,2.672608,28.432621,2.516605,27.219692,0.86228662,0.34707214,0.33547887
2.576265,26.978552,2.483742,28.141436,2.384835,26.911175,0.985931363,0.259275159,0.333938738
1.786024,26.388993,2.479412,27.882197,2.254498,26.603722,0.53365964,0.347310327,0.333518718
1.359221,26.709355,2.337669,27.565127,2.124421,26.296615,0.671342656,0.280809751,0.334737248
1.620828,26.091081,2.144675,27.361148,1.99294,25.988781,1.204116839,0.298198737,0.337497698
1.178138,24.971294,2.03118,27.085392,1.858714,25.679123,1.062545904,0.459057158,0.341066118
0.115772,24.990846,1.859394,26.659689,1.721315,25.366957,1.407157125,0.481243191,0.344399802
1.263903,24.177282,1.528195,26.310544,1.581242,25.052329,0.704506261,0.438685674,0.346612168
0.638593,23.852757,1.456407,25.877772,1.439443,24.736049,0.730697184,0.448773472,0.347385642
0.564825,24.579721,1.287729,25.461905,1.296663,24.419362,0.751108166,0.26282554,0.34707664
-0.125446,24.283597,1.135449,25.24769,1.153044,24.103394,1.287338298,0.335909913,0.34653983
0.565183,23.197194,0.887297,25.021292,1.008125,23.788611,0.726335,0.386634137,0.346774375
1.254453,23.426256,0.804301,24.643671,0.861143,23.474527,1.41774833,0.276698763,0.348492695
-0.021367,22.807957,0.860193,24.372676,0.711404,23.159844,0.345619404,0.376130915,0.351737276
-0.067668,22.465453,0.683053,24.040869,0.558533,22.843064,1.046545484,0.368214419,0.355815172
0.622311,23.252337,0.528199,23.7068,0.402522,22.523275,2.123240263,0.135010656,0.359624008
-0.158919,21.278045,0.523225,23.571881,0.243643,22.20065,0.619697407,0.479851692,0.362163326
-0.703625,20.982545,0.382592,23.1131,0.082365,21.876379,0.776902417,0.482400432,0.362992563
-1.064778,21.670401,0.169626,22.680254,-0.080699,21.552074,0.37380322,0.337271053,0.362393302
-1.337582,21.414849,-0.071577,22.444515,-0.244866,21.228998,0.510419021,0.332363574,0.361201785
-1.006765,21.026149,-0.315079,22.218302,-0.409557,20.907527,0.894948423,0.30161983,0.360418379
-1.333734,20.193068,-0.462915,21.955397,-0.574496,20.587064,0.255790909,0.404842661,0.360665556
-1.114008,20.062112,-0.642287,21.59246,-0.739895,20.26656,1.469167409,0.340879513,0.351117003
-0.792884,18.628469,-0.751034,21.269392,-0.905168,19.956773,2.035662503,0.533611305,0.351419876
-2.369244,19.916495,-0.787322,20.737016,-1.067722,19.645209,0.756151743,0.354596985,0.346876097
-1.764755,19.462228,-1.085584,20.545238,-1.228112,19.337641,0.992669407,0.285175323,0.336755451
-2.138656,18.542668,-1.230356,20.299543,-1.388642,19.04161,0.177372371,0.420866577,0.339633796
-1.962136,18.560036,-1.420715,19.924187,-1.54704,18.741175,0.567769221,0.321087473,0.335578345
-2.06413,18.001503,-1.54183,19.626818,-1.704355,18.444755,0.284726587,0.350232111,0.335072751
-1.801459,18.111381,-1.653599,19.294899,-1.862686,18.14945,0.779032435,0.280348833,0.327569036
-2.579997,18.139132,-1.706492,19.019585,-2.015877,17.859909,1.315903006,0.274468068,0.313580455
-2.350658,16.843368,-1.882278,18.808796,-2.159778,17.581296,0.883253177,0.415318402,0.300943246
-2.990557,17.452191,-1.98631,18.406718,-2.301102,17.3156,1.165342868,0.288168985,0.293207271
-2.810209,16.300888,-2.180295,18.193619,-2.437332,17.055962,1.26180296,0.421500569,0.289627966
-3.922854,16.896008,-2.316749,17.794817,-2.571106,16.799079,0.890297457,0.373775675,0.28891092
-3.032557,16.895106,-2.622851,17.580318,-2.702814,16.541936,1.583957374,0.199447396,0.288264252
-3.390381,15.352095,-2.71915,17.405659,-2.832442,16.284462,1.349254508,0.439154062,0.285106813
-4.272704,16.372876,-2.860524,16.989883,-2.959736,16.02935,1.300421069,0.317800985,0.278013016
-3.740484,15.186353,-3.133523,16.82719,-3.084042,15.780675,0.400222488,0.366829853,0.267544563
-4.052882,15.436524,-3.26548,16.484916,-3.204427,15.541745,0.47799698,0.288666467,0.256080997
-3.594214,15.571078,-3.42888,16.246948,-3.320122,15.313289,1.359276681,0.178528539,0.246162209
-4.35905,14.447397,-3.481635,16.076392,-3.430986,15.093505,0.160579945,0.381624371,0.239567099
-4.332358,14.605743,-3.658942,15.738458,-3.53789,14.879113,0.568985635,0.288093462,0.237007111
-3.851175,14.9094,-3.800526,15.487556,-3.642791,14.666585,1.293487121,0.15456311,0.237474427
-4.855306,14.094029,-3.831115,15.33605,-3.747828,14.453603,1.095593431,0.33472464,0.238594916
-3.769311,13.949323,-4.032678,15.068818,-3.854033,14.239949,0.53483479,0.246890018,0.237899218
-4.274701,13.774311,-4.006404,14.82333,-3.960799,14.027353,1.091689378,0.241387617,0.233645565
-4.782059,12.807681,-4.07147,14.590877,-4.066142,13.818803,0.950987524,0.389591886,0.225824281
-4.007436,13.359348,-4.214114,14.228338,-4.167879,13.617194,0.752787896,0.202778175,0.216339821
-4.745135,13.209382,-4.194069,14.026553,-4.265118,13.423939,0.703974874,0.221635082,0.207555805
-5.268149,12.738174,-4.306255,13.835408,-4.358699,13.238677,0.540411794,0.293586454,0.201378456
-5.577744,13.181114,-4.488369,13.605131,-4.450648,13.059516,,,
,,,,,STDDEV,0.452095498,0.108591443,0.080630698
,,,,,AVERAGE,0.859289916,0.232764685,0.212202225
,,,,,SUM,991.6205631,268.6104465,244.8813679
