sample,timestamp_s,lintasan,run_ke,gps_x,gps_y,ekf_x,ekf_y,ekf_vx,ekf_vy,ekf_yaw_deg,ekf_yaw_rate,imu_yaw_deg,imu_yaw_rate_rads,gt_x,gt_y,gt_yaw_deg,error_ekf_m,error_gps_m,error_ekf_x,error_ekf_y,error_gps_x,error_gps_y
1,0.000,B,5,-0.863751,-25.878813,-1.095847,-25.475173,0.001079,0.008551,-4.5266,-0.073373,-7.0313,-0.149689,-0.935312,-25.309087,-4.4485,0.230989,0.574203,-0.160535,-0.166086,0.071561,-0.569726
2,0.002,B,5,-1.347895,-25.467348,-1.095698,-25.474518,0.000995,0.007888,-5.1863,-0.099748,-7.0313,-0.149689,-0.907888,-25.298692,-5.1687,0.257269,0.471224,-0.187811,-0.175826,-0.440008,-0.168656
3,0.004,B,5,-1.142649,-25.270335,-1.140410,-25.472460,-0.008217,0.006837,-6.0715,-0.119344,-7.0313,-0.149689,-0.871485,-25.288632,-6.0769,0.325751,0.271781,-0.268926,-0.183828,-0.271165,0.018297
4,0.006,B,5,-1.201485,-25.121725,-1.151948,-25.381059,-0.011409,0.025791,-6.4263,-0.097656,-7.0313,-0.149689,-0.830150,-25.283658,-6.3880,0.336215,0.405108,-0.321797,-0.097401,-0.371335,0.161934
5,0.054,B,5,-0.594024,-24.925045,-1.152737,-25.378466,-0.010313,0.023313,-7.2430,-0.115529,-7.2809,-0.069308,-0.782177,-25.273591,-7.2451,0.385115,0.396088,-0.370560,-0.104875,0.188153,0.348546
6,0.185,B,5,-1.266930,-25.754095,-1.053925,-25.295494,0.009331,0.039205,-7.7018,-0.102445,-7.7417,-0.122865,-0.731417,-25.267162,-7.6828,0.323750,0.723795,-0.322508,-0.028332,-0.535513,-0.486934
7,0.336,B,5,-1.253417,-25.225137,-1.090499,-25.373480,0.002418,0.018182,-8.2681,-0.099747,-8.2900,-0.081912,-0.675289,-25.259352,-8.2536,0.430609,0.579139,-0.415210,-0.114128,-0.578128,0.034215
8,0.492,B,5,-1.013725,-24.827267,-1.118989,-25.345355,-0.004252,0.021122,-8.8026,-0.096777,-8.8212,-0.088187,-0.612757,-25.252947,-8.7802,0.514597,0.584789,-0.506232,-0.092408,-0.400967,0.425680
9,0.617,B,5,-1.230986,-25.664606,-1.100265,-25.251081,-0.002292,0.038131,-9.3153,-0.093607,-9.3235,-0.082341,-0.541799,-25.248555,-9.2841,0.558471,0.805032,-0.558466,-0.002525,-0.689186,-0.416051
10,0.779,B,5,-0.835163,-25.993402,-1.123206,-25.321016,-0.004837,0.019046,-9.7935,-0.089184,-9.8053,-0.082271,-0.461180,-25.246236,-9.7675,0.666236,0.835535,-0.662026,-0.074779,-0.373983,-0.747165
11,0.918,B,5,-0.946389,-25.507112,-1.072173,-25.438846,0.009285,-0.005417,-10.2626,-0.085971,-10.2645,-0.069456,-0.371062,-25.245462,-10.2286,0.727292,0.632030,-0.701111,-0.193384,-0.575327,-0.261650
12,1.051,B,5,-1.340207,-25.971105,-1.049252,-25.451503,0.013524,-0.006806,-10.6129,-0.082512,-10.7007,-0.074909,-0.272992,-25.245568,-10.6666,0.803112,1.290485,-0.776260,-0.205935,-1.067215,-0.725537
13,1.187,B,5,-0.594920,-26.009711,-1.099824,-25.545042,0.004429,-0.026422,-11.1288,-0.078772,-11.1165,-0.076277,-0.169211,-25.246263,-11.0839,0.977399,0.874117,-0.930613,-0.298778,-0.425709,-0.763448
14,1.335,B,5,-0.755664,-24.948321,-1.010122,-25.630356,0.024718,-0.037435,-11.5361,-0.075386,-11.5160,-0.068116,-0.061696,-25.247772,-11.4845,1.022684,0.755819,-0.948426,-0.382584,-0.693968,0.299451
15,1.464,B,5,0.408575,-26.058656,-0.963669,-25.512758,0.027711,-0.008166,-11.8456,-0.072577,-11.9024,-0.069134,0.048546,-25.250539,-11.8720,1.045627,0.884689,-1.012214,-0.262218,0.360029,-0.808117
16,1.608,B,5,-0.227021,-25.714987,-0.717824,-25.611018,0.079472,-0.018259,-12.2187,-0.069422,-12.2769,-0.069661,0.161798,-25.254866,-12.2474,0.948989,0.602405,-0.879622,-0.356153,-0.388819,-0.460121
17,1.779,B,5,-0.710659,-25.270088,-0.622345,-25.633404,0.088738,-0.016521,-12.6740,-0.067853,-12.6378,-0.069165,0.279562,-25.260745,-12.6095,0.975864,0.990265,-0.901907,-0.372659,-0.990221,-0.009343
18,1.933,B,5,0.045077,-27.211450,-0.631512,-25.571855,0.076092,-0.002817,-12.9647,-0.066252,-12.9824,-0.053006,0.403844,-25.268007,-12.9555,1.079020,1.976281,-1.035356,-0.303847,-0.358767,-1.943443
19,2.103,B,5,0.203441,-25.279472,-0.510647,-25.859117,0.111733,-0.060010,-13.0883,-0.063854,-13.3095,-0.053566,0.536058,-25.276611,-13.2840,1.197876,0.332630,-1.046706,-0.582506,-0.332618,-0.002861
20,2.260,B,5,0.560900,-25.650280,-0.378474,-25.774858,0.123575,-0.025645,-13.5919,-0.058940,-13.6208,-0.056608,0.676249,-25.286790,-13.5964,1.162175,0.381354,-1.054723,-0.488068,-0.115350,-0.363490
21,2.417,B,5,0.783837,-25.598632,-0.205609,-25.759711,0.143327,-0.010415,-13.9548,-0.056012,-13.9201,-0.045815,0.823060,-25.298913,-13.8965,1.127162,0.302275,-1.028669,-0.460797,-0.039224,-0.299719
22,2.576,B,5,1.013540,-25.202039,-0.021107,-25.736218,0.164657,0.004715,-14.2433,-0.053676,-14.2107,-0.049798,0.974407,-25.313137,-14.1878,1.081686,0.117789,-0.995514,-0.423080,0.039133,0.111098
23,2.726,B,5,0.675018,-24.995737,0.175409,-25.646339,0.182045,0.032451,-14.5336,-0.052452,-14.4936,-0.041702,1.128424,-25.329151,-14.4713,1.004413,0.562799,-0.953015,-0.317188,-0.453406,0.333414
24,2.888,B,5,0.655891,-26.423927,0.281175,-25.533202,0.177018,0.057100,-14.7986,-0.049897,-14.7674,-0.045751,1.284174,-25.346295,-14.7459,1.020265,1.247410,-1.002999,-0.186907,-0.628284,-1.077632
25,3.034,B,5,0.918415,-25.587275,0.365228,-25.689810,0.181182,0.022983,-15.0482,-0.047219,-15.0299,-0.046196,1.441939,-25.364001,-15.0094,1.124926,0.569148,-1.076712,-0.325809,-0.523525,-0.223274
26,3.190,B,5,1.441506,-25.880414,0.480715,-25.674091,0.182538,0.029315,-15.3096,-0.046426,-15.2799,-0.035056,1.603047,-25.382266,-15.2603,1.159651,0.523685,-1.122332,-0.291825,-0.161540,-0.498148
27,3.364,B,5,1.667418,-26.109377,0.669004,-25.712739,0.200828,0.027843,-15.5430,-0.043922,-15.5180,-0.048485,1.769210,-25.401766,-15.4993,1.143310,0.714895,-1.100206,-0.310972,-0.101793,-0.707611
28,3.515,B,5,1.891335,-25.063244,0.865763,-25.785939,0.220301,0.020329,-15.7779,-0.042708,-15.7467,-0.043415,1.941678,-25.423472,-15.7286,1.135331,0.363729,-1.075916,-0.362466,-0.050344,0.360228
29,3.668,B,5,1.441816,-25.832307,1.069203,-25.661366,0.228402,0.053251,-15.9956,-0.040671,-15.9681,-0.039616,2.120670,-25.448020,-15.9506,1.072893,0.780076,-1.051467,-0.213347,-0.678854,-0.384287
30,3.813,B,5,3.226703,-24.864134,1.158015,-25.692963,0.221091,0.045670,-16.2109,-0.039460,-16.1828,-0.040466,2.305327,-25.475271,-16.1659,1.167783,1.105632,-1.147313,-0.217692,0.921376,0.611137
31,3.962,B,5,2.569390,-26.677714,1.547823,-25.547338,0.264067,0.089976,-16.4165,-0.037910,-16.3893,-0.036746,2.494119,-25.504367,-16.3731,0.947272,1.175758,-0.946297,-0.042970,0.075271,-1.173346
32,4.113,B,5,2.215460,-24.943405,1.756338,-25.747476,0.285242,0.051889,-16.6185,-0.036697,-16.5861,-0.037706,2.685457,-25.534266,-16.5708,0.953268,0.754992,-0.929119,-0.213210,-0.469997,0.590861
33,4.283,B,5,2.294802,-25.912232,1.865850,-25.607482,0.265883,0.079385,-16.8015,-0.034636,-16.7728,-0.036303,2.878289,-25.564367,-16.7582,1.013357,0.679314,-1.012439,-0.043115,-0.583487,-0.347865
34,4.431,B,5,2.795847,-25.297940,1.968908,-25.661855,0.258265,0.065459,-16.9816,-0.033340,-16.9505,-0.032574,3.072500,-25.594845,-16.9366,1.105625,0.405820,-1.103592,-0.067009,-0.276653,0.296906
35,4.581,B,5,3.174573,-26.498042,2.141727,-25.598375,0.258433,0.080131,-17.1501,-0.031705,-17.1211,-0.034669,3.268966,-25.626485,-17.1077,1.127590,0.876654,-1.127240,0.028110,-0.094394,-0.871558
36,4.732,B,5,3.055883,-24.772212,2.351536,-25.758550,0.278549,0.051846,-17.3185,-0.030745,-17.2859,-0.032580,3.469177,-25.660156,-17.2729,1.121964,0.979417,-1.117641,-0.098393,-0.413294,0.887944
37,4.892,B,5,3.429977,-25.031787,2.503976,-25.586264,0.265950,0.088263,-17.4802,-0.029728,-17.4442,-0.023264,3.674560,-25.696298,-17.4318,1.175744,0.708093,-1.170584,0.110035,-0.244582,0.664512
38,5.034,B,5,3.836506,-26.032336,2.695731,-25.487217,0.266611,0.108635,-17.6189,-0.027421,-17.5941,-0.017624,3.885819,-25.734741,-17.5825,1.215557,0.301653,-1.190089,0.247524,-0.049314,-0.297595
39,5.198,B,5,4.130180,-26.076760,2.926340,-25.582106,0.286174,0.091421,-17.7537,-0.025818,-17.7338,-0.022508,4.102570,-25.774916,-17.7230,1.191928,0.303105,-1.176230,0.192810,0.027610,-0.301845
40,5.356,B,5,5.024568,-25.598750,3.169475,-25.670237,0.305519,0.078407,-17.8890,-0.024853,-17.8632,-0.023765,4.323452,-25.816247,-17.8532,1.163177,0.734077,-1.153977,0.146010,0.701116,0.217497
41,5.517,B,5,4.222986,-26.490787,3.529940,-25.659456,0.339390,0.093317,-18.0196,-0.024058,-17.9843,-0.029381,4.546717,-25.858425,-17.9748,1.036062,0.710411,-1.016777,0.198969,-0.323731,-0.632362
42,5.671,B,5,5.226209,-26.759777,3.687075,-25.809034,0.339701,0.063222,-18.1404,-0.022716,-18.0993,-0.016230,4.771035,-25.901436,-18.0903,1.087891,0.971563,-1.083959,0.092402,0.455175,-0.858341
43,5.817,B,5,4.732545,-25.023573,3.993964,-25.982736,0.370489,0.041254,-18.2580,-0.021991,-18.2093,-0.018914,4.996120,-25.945408,-18.2007,1.002851,0.958776,-1.002156,-0.037328,-0.263576,0.921834
44,5.988,B,5,5.279053,-27.213063,4.160509,-25.819416,0.349728,0.078444,-18.3490,-0.019580,-18.3136,-0.017757,5.222836,-25.990470,-18.3055,1.076011,1.223885,-1.062327,0.171054,0.056217,-1.222593
45,6.163,B,5,5.114262,-26.118732,4.393879,-26.070841,0.370092,0.035397,-18.3097,-0.006649,-18.2320,0.096558,5.450907,-26.037709,-18.2732,1.057547,0.346258,-1.057028,-0.033133,-0.336645,-0.081024
46,6.339,B,5,5.798625,-26.094167,4.549856,-26.085370,0.367179,0.039178,-17.8772,0.028116,-17.7719,0.013857,5.670006,-26.084899,-17.7766,1.120150,0.128953,-1.120150,-0.000470,0.128619,-0.009268
47,6.489,B,5,5.414889,-26.936512,4.813490,-26.095787,0.368790,0.048606,-18.1306,-0.006661,-18.0980,-0.037620,5.897613,-26.131186,-18.0774,1.084701,0.938921,-1.084123,0.035398,-0.482723,-0.805327
48,6.648,B,5,5.884173,-26.108721,4.955728,-26.251867,0.363614,0.021612,-17.8120,0.022659,-17.7067,0.139923,6.116828,-26.179524,-17.7750,1.163351,0.243190,-1.161100,-0.072343,-0.232655,0.070803
49,6.815,B,5,6.102976,-25.933681,5.146329,-26.232904,0.366493,0.035624,-17.4474,0.041594,-17.3796,-0.021995,6.335402,-26.228859,-17.3718,1.189080,0.375702,-1.189073,-0.004045,-0.232426,0.295179
50,6.974,B,5,6.265856,-26.971075,5.348968,-26.186833,0.361296,0.053622,-17.2820,0.038208,-17.0191,0.134966,6.555201,-26.278830,-17.0810,1.209736,0.750283,-1.206233,0.091996,-0.289345,-0.692246
51,7.126,B,5,6.368026,-26.287828,5.551926,-26.332027,0.360140,0.030473,-16.5904,0.065645,-16.4800,0.068707,6.769115,-26.330688,-16.5100,1.217190,0.403372,-1.217189,-0.001339,-0.401089,0.042861
52,7.287,B,5,6.637353,-26.997393,5.730992,-26.331193,0.353028,0.037893,-16.3396,0.054526,-16.2664,0.016860,6.983955,-26.381266,-16.2709,1.253962,0.706927,-1.252962,0.050072,-0.346602,-0.616128
53,7.444,B,5,7.300029,-26.729910,5.925848,-26.455529,0.357391,0.021028,-15.9695,0.061284,-15.8377,0.158478,7.198469,-26.431889,-15.9079,1.272841,0.314850,-1.272622,-0.023639,0.101560,-0.298021
54,7.593,B,5,7.150555,-27.500003,6.204030,-26.511109,0.373303,0.024022,-15.0269,0.103216,-14.8828,0.100592,7.412413,-26.484951,-14.9297,1.208665,1.048285,-1.208382,-0.026158,-0.261857,-1.015053
55,7.750,B,5,7.277012,-27.090721,6.407735,-26.694177,0.380342,-0.002696,-14.8233,0.072989,-14.7166,0.046721,7.630660,-26.533359,-14.7347,1.233454,0.660091,-1.222925,-0.160818,-0.353648,-0.557362
56,7.902,B,5,7.087637,-27.257136,6.597829,-26.773951,0.377914,-0.007433,-14.1863,0.090323,-14.0043,0.151803,7.848056,-26.587391,-14.0728,1.264070,1.013309,-1.250228,-0.186560,-0.760419,-0.669745
57,8.058,B,5,7.547615,-26.410278,6.720124,-26.869354,0.363363,-0.018697,-13.7072,0.084430,-13.6121,0.047828,8.069364,-26.640341,-13.6317,1.368538,0.570220,-1.349240,-0.229012,-0.521749,0.230063
58,8.194,B,5,7.792076,-27.317628,6.900833,-26.797497,0.352893,0.006978,-13.2589,0.082228,-13.1450,0.122884,8.295300,-26.694640,-13.2015,1.398256,0.800843,-1.394467,-0.102857,-0.503225,-0.622988
59,8.321,B,5,7.565178,-26.925834,7.092732,-26.896975,0.354932,-0.003599,-12.7980,0.079684,-12.7026,0.062095,8.526719,-26.749258,-12.7312,1.441576,0.977620,-1.433988,-0.147717,-0.961542,-0.176576
60,8.464,B,5,9.211288,-27.834624,7.210105,-26.909850,0.337622,-0.000021,-12.3351,0.079643,-12.2456,0.067505,8.763672,-26.803704,-12.2738,1.557188,1.123903,-1.553567,-0.106146,0.447617,-1.030920
61,8.604,B,5,9.296562,-26.381054,7.598120,-27.081052,0.383379,-0.015015,-11.8993,0.077874,-11.8119,0.075561,9.005031,-26.858078,-11.8455,1.424470,0.559055,-1.406911,-0.222974,0.291531,0.477024
62,8.752,B,5,8.983032,-27.039604,7.936163,-26.965183,0.400307,0.025332,-11.4674,0.076515,-11.4029,0.070398,9.249035,-26.913163,-11.4348,1.313902,0.294524,-1.312872,-0.052020,-0.266002,-0.126441
63,8.882,B,5,8.501126,-27.061542,8.160751,-26.983508,0.399293,0.028814,-11.0800,0.072408,-11.0148,0.071277,9.494415,-26.969166,-11.0451,1.333741,0.997575,-1.333664,-0.014342,-0.993289,-0.092376
64,9.016,B,5,9.768701,-27.187340,8.259565,-27.001937,0.373544,0.025976,-10.6995,0.069578,-10.6447,0.066367,9.740896,-27.025657,-10.6738,1.481521,0.164057,-1.481331,0.023720,0.027805,-0.161683
65,9.162,B,5,9.853173,-27.785722,8.563959,-27.038914,0.392365,0.028435,-10.3329,0.066912,-10.2874,0.067285,9.989150,-27.081861,-10.3156,1.425838,0.716875,-1.425191,0.042948,-0.135977,-0.703861
66,9.305,B,5,9.812437,-27.051606,8.831081,-27.175706,0.405778,0.008784,-9.9879,0.063849,-9.9387,0.066539,10.240361,-27.137286,-9.9663,1.409804,0.436418,-1.409280,-0.038420,-0.427925,0.085680
67,9.435,B,5,9.965785,-27.131625,9.044324,-27.159372,0.400685,0.019329,-9.6426,0.062123,-9.5982,0.065816,10.495693,-27.192156,-9.6251,1.451739,0.533354,-1.451369,0.032784,-0.529908,0.060531
68,9.567,B,5,11.068645,-27.039377,9.246671,-27.158884,0.394697,0.024801,-9.3003,0.060992,-9.2692,0.055189,10.755774,-27.247263,-9.2950,1.511689,0.375639,-1.509103,0.088379,0.312870,0.207886
69,9.701,B,5,10.797207,-26.795086,9.608848,-27.141153,0.420703,0.038785,-8.9783,0.058881,-8.9549,0.053051,11.020396,-27.303308,-8.9795,1.420832,0.555070,-1.411548,0.162155,-0.223189,0.508222
70,9.841,B,5,10.926204,-28.713343,9.860892,-27.082006,0.420314,0.055001,-8.6726,0.056389,-8.6557,0.046855,11.288575,-27.360316,-8.6792,1.454557,1.400713,-1.427683,0.278310,-0.362371,-1.353028
71,9.993,B,5,11.698791,-27.678579,10.091379,-27.373090,0.427987,-0.001746,-8.3778,0.054345,-8.3689,0.051311,11.559000,-27.417560,-8.3915,1.468295,0.296095,-1.467621,0.044471,0.139790,-0.261019
72,10.132,B,5,11.645490,-27.913860,10.418179,-27.433440,0.446003,-0.002824,-8.1087,0.051139,-8.0906,0.045357,11.830625,-27.474083,-8.1126,1.413030,0.477158,-1.412445,0.040643,-0.185135,-0.439778
73,10.254,B,5,11.833225,-27.474887,10.679183,-27.525097,0.449742,-0.012582,-7.8148,0.051261,-7.8191,0.042729,12.103043,-27.529389,-7.8405,1.423867,0.275268,-1.423861,0.004293,-0.269818,0.054502
74,10.391,B,5,11.468805,-27.996515,10.918216,-27.521801,0.456586,-0.003180,-7.5961,0.049939,-7.5553,0.045442,12.376538,-27.583783,-7.5760,1.459639,0.997160,-1.458322,0.061982,-0.907733,-0.412732
75,10.524,B,5,12.059177,-28.454134,11.066314,-27.613194,0.426383,-0.016809,-7.2833,0.047685,-7.3021,0.036080,12.651936,-27.638115,-7.3219,1.585819,1.008589,-1.585623,0.024921,-0.592760,-0.816019
76,10.671,B,5,12.682023,-28.297533,11.283616,-27.769580,0.425328,-0.040086,-7.0429,0.045253,-7.0613,0.045092,12.930312,-27.693135,-7.0801,1.648470,0.653410,-1.646696,-0.076445,-0.248289,-0.604398
77,10.810,B,5,12.905812,-27.471462,11.572708,-27.872247,0.437176,-0.048070,-6.8008,0.044069,-6.8320,0.037685,13.212494,-27.748912,-6.8500,1.644417,0.413560,-1.639785,-0.123335,-0.306681,0.277450
78,10.976,B,5,12.982970,-28.108462,11.842299,-27.808842,0.449964,-0.023057,-6.6242,0.042144,-6.6105,0.032673,13.498602,-27.804812,-6.6280,1.656308,0.598397,-1.656303,-0.004030,-0.515632,-0.303650
79,11.130,B,5,13.095362,-28.195317,12.096060,-27.870606,0.441293,-0.025894,-6.3523,0.040309,-6.3938,0.041080,13.787927,-27.860005,-6.4110,1.691900,0.769468,-1.691867,-0.010601,-0.692565,-0.335312
80,11.275,B,5,14.095150,-27.569604,12.315949,-27.935504,0.436452,-0.030548,-6.1346,0.039448,-6.1813,0.037864,14.079249,-27.914084,-6.1981,1.763429,0.344848,-1.763299,-0.021420,0.015902,0.344481
81,11.424,B,5,13.953976,-28.097262,12.663023,-27.876217,0.466403,-0.006683,-5.9809,0.038124,-5.9749,0.034594,14.371408,-27.967332,-5.9911,1.710813,0.437186,-1.708385,0.091115,-0.417432,-0.129930
82,11.570,B,5,13.753438,-28.538438,12.947343,-27.921942,0.460678,-0.008410,-5.7324,0.036064,-5.7776,0.035467,14.663782,-28.020422,-5.7930,1.719262,1.047410,-1.716439,0.098480,-0.910345,-0.518017
83,11.700,B,5,14.381691,-28.231099,13.122129,-28.034974,0.457451,-0.027220,-5.5997,0.034867,-5.5906,0.026605,14.956486,-28.073856,-5.6052,1.834768,0.595915,-1.834356,0.038882,-0.574795,-0.157243
84,11.831,B,5,14.818561,-28.489839,13.395918,-28.077618,0.450908,-0.026137,-5.3876,0.032858,-5.4125,0.026065,15.250331,-28.127580,-5.4265,1.855086,0.563611,-1.854413,0.049962,-0.431770,-0.362259
85,11.974,B,5,15.416525,-28.308027,13.682305,-28.155771,0.469223,-0.033558,-5.2402,0.032703,-5.2399,0.031014,15.546484,-28.181042,-5.2536,1.864350,0.181699,-1.864178,0.025271,-0.129959,-0.126985
86,12.122,B,5,15.094099,-28.600645,14.041908,-28.191107,0.478433,-0.028730,-5.0349,0.031275,-5.0698,0.036712,15.845872,-28.233667,-5.0834,1.804465,0.836561,-1.803963,0.042560,-0.751772,-0.366978
87,12.255,B,5,15.597352,-28.482337,14.274481,-28.270583,0.471525,-0.036843,-4.8672,0.030424,-4.9016,0.028410,16.148686,-28.285324,-4.9150,1.874263,0.585476,-1.874205,0.014741,-0.551333,-0.197013
88,12.390,B,5,16.315952,-28.792196,14.554589,-28.315501,0.474340,-0.036307,-4.6966,0.030169,-4.7374,0.029230,16.454285,-28.336418,-4.7503,1.899811,0.476309,-1.899696,0.020917,-0.138333,-0.455778
89,12.544,B,5,15.965166,-29.185710,14.913054,-28.407374,0.493544,-0.044014,-4.5360,0.029312,-4.5798,0.034588,16.761537,-28.387534,-4.5921,1.848590,1.127515,-1.848483,-0.019840,-0.796370,-0.798176
90,12.690,B,5,17.839770,-30.277838,15.147206,-28.553721,0.486430,-0.064324,-4.3925,0.027528,-4.4298,0.021043,17.069356,-28.438926,-4.4416,1.925575,1.993773,-1.922150,-0.114794,0.770414,-1.838911
91,12.847,B,5,17.384323,-29.434143,15.672454,-28.870063,0.541899,-0.111679,-4.2612,0.025702,-4.2860,0.023847,17.377140,-28.490287,-4.2973,1.746477,0.943883,-1.704685,-0.379775,0.007183,-0.943856
92,12.991,B,5,17.424685,-28.280813,16.028295,-28.984887,0.553140,-0.116048,-4.1029,0.026459,-4.1455,0.024812,17.684961,-28.540984,-4.1567,1.715108,0.368012,-1.656667,-0.443903,-0.260276,0.260171
93,13.125,B,5,17.623378,-28.682740,16.329019,-28.874434,0.548192,-0.075455,-3.9592,0.026072,-4.0062,0.028936,17.993536,-28.590551,-4.0174,1.688551,0.381466,-1.664517,-0.283883,-0.370158,-0.092190
94,13.257,B,5,18.020713,-28.795897,16.611452,-28.851112,0.541596,-0.057625,-3.8235,0.024980,-3.8678,0.026481,18.303903,-28.639062,-3.8788,1.705683,0.323719,-1.692451,-0.212050,-0.283190,-0.156835
95,13.400,B,5,17.466855,-29.370420,16.913862,-28.850187,0.540190,-0.046232,-3.6831,0.024812,-3.7320,0.010601,18.616920,-28.687080,-3.7427,1.710851,1.337761,-1.703058,-0.163107,-1.150065,-0.683340
96,13.539,B,5,18.834074,-28.612588,17.063857,-28.950508,0.509602,-0.059076,-3.5587,0.023602,-3.6008,0.030023,18.932854,-28.735217,-3.6111,1.881356,0.157465,-1.868997,-0.215291,-0.098779,0.122629
97,13.673,B,5,18.986649,-28.134872,17.427445,-28.898949,0.523605,-0.036684,-3.4168,0.024154,-3.4747,0.020551,19.251286,-28.783656,-3.4847,1.827481,0.700680,-1.823841,-0.115294,-0.264637,0.648783
98,13.809,B,5,20.219290,-28.286265,17.754998,-28.769379,0.527659,-0.001742,-3.2872,0.023571,-3.3520,0.023364,19.571338,-28.831984,-3.3618,1.817419,0.847142,-1.816340,0.062605,0.647951,0.545719
99,13.957,B,5,19.619334,-28.731667,18.244267,-28.686338,0.564727,0.021729,-3.1599,0.023014,-3.2302,0.016245,19.892053,-28.879508,-3.2399,1.659070,0.310214,-1.647786,0.193169,-0.272719,0.147841
100,14.100,B,5,19.570940,-28.075607,18.543430,-28.694689,0.560195,0.021159,-2.6357,0.054588,-2.6438,0.154339,20.206768,-28.929713,-2.7162,1.679860,1.064788,-1.663338,0.235024,-0.635828,0.854106
101,14.251,B,5,19.897057,-29.341565,18.780155,-28.584583,0.542094,0.043706,-2.2164,0.059571,-2.2788,-0.021387,20.511965,-28.976578,-2.2735,1.775620,0.715072,-1.731810,0.391995,-0.614908,-0.364987
102,14.392,B,5,20.453749,-29.592028,19.031226,-28.717537,0.531855,0.014439,-2.2984,0.030488,-2.3537,0.074240,20.817500,-29.020883,-2.3838,1.811849,0.677142,-1.786275,0.303346,-0.363751,-0.571145
103,14.552,B,5,20.416832,-28.626605,19.335714,-28.872974,0.533779,-0.015866,-1.5533,0.073747,-1.5520,0.117479,21.109798,-29.071752,-1.6061,1.785186,0.823624,-1.774085,0.198777,-0.692966,0.445146
104,14.671,B,5,21.104717,-29.414947,19.579367,-28.831925,0.521114,-0.003591,-1.2430,0.063745,-1.2734,0.062244,21.406895,-29.119211,-1.2999,1.849971,0.422814,-1.827529,0.287285,-0.302178,-0.295736
105,14.794,B,5,21.503069,-29.989453,19.901097,-28.936379,0.527035,-0.022019,-0.4886,0.094224,-0.4747,0.136254,21.698598,-29.170580,-0.5399,1.812694,0.841893,-1.797501,0.234201,-0.195529,-0.818873
106,14.933,B,5,20.836165,-29.757685,20.237109,-29.125891,0.535611,-0.055911,0.1470,0.101266,0.1536,0.138504,21.990826,-29.220960,0.0903,1.756293,1.273309,-1.753718,0.095069,-1.154661,-0.536725
107,15.065,B,5,23.010065,-28.324267,20.395356,-29.242989,0.506413,-0.072778,0.9704,0.119005,0.9930,0.116055,22.277148,-29.272618,0.9378,1.882025,1.198556,-1.881792,0.029629,0.732917,0.948351
108,15.189,B,5,22.783944,-29.709073,20.909528,-29.084761,0.551658,-0.030885,1.8332,0.132627,1.8807,0.160084,22.557161,-29.323962,1.8054,1.664907,0.446924,-1.647634,0.239201,0.226783,-0.385111
109,15.338,B,5,23.158857,-28.906049,21.301000,-29.196481,0.566557,-0.049969,2.8494,0.146559,2.8501,0.180504,22.828430,-29.375942,2.7699,1.537936,0.574441,-1.527429,0.179461,0.330428,0.469894
110,15.468,B,5,22.951870,-28.644049,21.682295,-29.145741,0.580706,-0.034815,3.8130,0.160484,3.8917,0.189215,23.091518,-29.428785,3.8058,1.437368,0.797065,-1.409224,0.283044,-0.139648,0.784736
111,15.585,B,5,23.671446,-29.225273,21.963938,-29.055232,0.570913,-0.014218,4.9166,0.173728,5.0012,0.194719,23.348388,-29.482732,4.9100,1.448951,0.413100,-1.384450,0.427500,0.323058,0.257459
112,15.723,B,5,23.261690,-29.741384,22.324785,-29.080956,0.577344,-0.020948,6.1228,0.185938,6.1760,0.204972,23.601851,-29.537670,6.0796,1.356276,0.396496,-1.277066,0.456714,-0.340161,-0.203714
113,15.850,B,5,24.242678,-29.684089,22.549305,-29.193727,0.554798,-0.044625,7.4082,0.198557,7.4148,0.224223,23.854393,-29.593167,7.3133,1.364848,0.398788,-1.305089,0.399440,0.388285,-0.090922
114,15.978,B,5,23.966902,-29.493566,22.899997,-29.277651,0.562395,-0.062439,8.6196,0.210539,8.7163,0.232399,24.107111,-29.648720,8.6099,1.262860,0.209120,-1.207114,0.371069,-0.140209,0.155154
115,16.102,B,5,23.958204,-29.676087,23.143984,-29.313166,0.545879,-0.067351,9.7600,0.203013,9.7889,0.094637,24.360410,-29.701169,9.7408,1.276808,0.402987,-1.216426,0.388003,-0.402206,0.025082
116,16.240,B,5,24.900174,-29.301393,23.341639,-29.374828,0.521216,-0.076855,10.6946,0.188966,10.7531,0.249408,24.606466,-29.750305,10.6379,1.319383,0.536456,-1.264827,0.375477,0.293708,0.448911
117,16.369,B,5,24.514204,-29.743217,23.669317,-29.358102,0.527143,-0.073636,12.3808,0.233290,12.4707,0.249756,24.847713,-29.810255,12.3548,1.262164,0.340179,-1.178396,0.452152,-0.333509,0.067038
118,16.505,B,5,25.144788,-29.110348,23.860261,-29.422904,0.514969,-0.086298,13.2018,0.212343,13.3583,0.123218,25.080325,-29.860352,13.3014,1.296116,0.752769,-1.220064,0.437448,0.064463,0.750004
119,16.650,B,5,25.281184,-30.323485,24.146237,-29.362780,0.503302,-0.072753,14.5361,0.208270,14.6317,0.283341,25.305268,-29.914289,14.4982,1.283555,0.409904,-1.159031,0.551508,-0.024084,-0.409196
120,16.790,B,5,24.932180,-30.743557,24.396945,-29.527597,0.488925,-0.107227,15.6488,0.198603,15.6850,0.106287,25.524491,-29.967914,15.6353,1.210471,0.975938,-1.127546,0.440317,-0.592312,-0.775643
121,16.930,B,5,25.000472,-30.661570,24.540499,-29.740694,0.452045,-0.143758,16.7038,0.194586,16.7899,0.210414,25.740230,-30.020464,16.6924,1.231919,0.978907,-1.199730,0.279770,-0.739758,-0.641106
122,17.071,B,5,25.645673,-29.356820,24.668194,-29.904906,0.417487,-0.166014,17.6816,0.183960,17.7382,0.181559,25.954374,-30.071407,17.6552,1.296913,0.778416,-1.286180,0.166501,-0.308702,0.714587
123,17.206,B,5,25.982187,-29.538763,24.885032,-29.809892,0.416354,-0.139293,18.6754,0.178858,18.7095,0.161352,26.167803,-30.121652,18.6349,1.320112,0.611729,-1.282771,0.311759,-0.185616,0.582889
124,17.347,B,5,26.156306,-30.025866,25.122352,-29.761034,0.417134,-0.126646,19.5963,0.170912,19.6310,0.163283,26.379560,-30.169980,19.5586,1.322046,0.265727,-1.257207,0.408946,-0.223253,0.144114
125,17.486,B,5,26.099815,-30.457670,25.348231,-29.805706,0.410312,-0.133932,20.4838,0.163818,20.5149,0.151837,26.594180,-30.214521,20.4456,1.311305,0.550925,-1.245949,0.408816,-0.494365,-0.243149
126,17.627,B,5,26.747748,-29.759242,25.523610,-29.919582,0.389971,-0.151496,21.3411,0.157577,21.3607,0.139439,26.813499,-30.254369,21.2944,1.332627,0.499474,-1.289889,0.334787,-0.065751,0.495127
127,17.761,B,5,26.463073,-30.763293,25.781569,-29.890518,0.396322,-0.145053,22.1463,0.150158,22.1668,0.137522,27.034021,-30.291209,22.1038,1.314987,0.740841,-1.252453,0.400691,-0.570949,-0.472083
128,17.921,B,5,27.223235,-30.431566,25.943619,-30.044052,0.371324,-0.168905,22.9191,0.143494,22.9323,0.129847,27.253608,-30.326353,22.8726,1.340062,0.109509,-1.309989,0.282302,-0.030373,-0.105212
129,18.070,B,5,27.047769,-30.220339,26.210614,-30.113625,0.374382,-0.181487,23.6601,0.137301,23.6584,0.130607,27.472106,-30.360100,23.6017,1.285344,0.446761,-1.261491,0.246475,-0.424337,0.139761
130,18.222,B,5,28.613921,-30.516462,26.399583,-30.133841,0.365339,-0.178322,24.3571,0.130380,24.3478,0.124387,27.691197,-30.391623,24.2939,1.317087,0.931131,-1.291614,0.257783,0.922724,-0.124838
131,18.363,B,5,27.694057,-30.425445,26.832735,-30.202477,0.399586,-0.203347,25.0217,0.124179,25.0050,0.116101,27.913762,-30.419293,24.9535,1.102556,0.219791,-1.081027,0.216817,-0.219705,-0.006151
132,18.519,B,5,28.138890,-30.141044,27.029103,-30.243329,0.386933,-0.203064,25.6448,0.117443,25.6335,0.109060,28.142615,-30.441465,25.5842,1.131003,0.300444,-1.113512,0.198136,-0.003725,0.300421
133,18.670,B,5,28.540314,-30.525844,27.268642,-30.226296,0.388109,-0.195851,26.2514,0.112358,26.2353,0.106592,28.379108,-30.457361,26.1881,1.134251,0.175150,-1.110466,0.231065,0.161206,-0.068484
134,18.823,B,5,28.845683,-29.794107,27.536813,-30.279634,0.388500,-0.205445,26.8383,0.108030,26.8103,0.097054,28.622460,-30.467450,26.7653,1.101774,0.709379,-1.085648,0.187816,0.223222,0.673343
135,18.967,B,5,28.280840,-30.358925,27.811958,-30.193648,0.401474,-0.189312,27.3931,0.103252,27.3583,0.094262,28.870064,-30.473172,27.3154,1.094406,0.600198,-1.058107,0.279524,-0.589225,0.114247
136,19.125,B,5,28.930278,-29.526759,27.938115,-30.221274,0.375702,-0.183715,27.9304,0.099141,27.8798,0.090854,29.118664,-30.476146,27.8390,1.207748,0.967898,-1.180549,0.254872,-0.188386,0.949387
137,19.289,B,5,28.379991,-30.095234,28.154779,-30.096101,0.382775,-0.159035,28.4337,0.094191,28.3768,0.078005,29.365861,-30.477382,28.3379,1.269683,1.057344,-1.211082,0.381280,-0.985870,0.382147
138,19.438,B,5,28.945560,-29.947129,28.234468,-30.091762,0.353303,-0.147336,28.9049,0.089233,28.8511,0.077855,29.611019,-30.476997,28.8139,1.429440,0.850644,-1.376551,0.385234,-0.665459,0.529868
139,19.581,B,5,29.607500,-30.069790,28.397616,-30.061824,0.344635,-0.140155,29.3588,0.085082,29.3042,0.074637,29.855370,-30.474335,29.2687,1.514996,0.474443,-1.457755,0.412510,-0.247870,0.404545
140,19.732,B,5,30.195201,-29.968255,28.648472,-30.058511,0.350174,-0.147108,29.7876,0.080859,29.7368,0.082897,30.101559,-30.468195,29.7030,1.509736,0.508634,-1.453087,0.409684,0.093642,0.499940
141,19.873,B,5,30.954489,-29.876514,28.960036,-30.037725,0.367400,-0.156319,30.1990,0.076854,30.1498,0.070112,30.352450,-30.457255,30.1174,1.454243,0.836488,-1.392414,0.419530,0.602040,0.580742
142,20.018,B,5,30.659929,-30.204639,29.353130,-30.003935,0.398199,-0.170545,30.5891,0.073138,30.5441,0.073625,30.609645,-30.440663,30.5132,1.330248,0.241321,-1.256514,0.436728,0.050284,0.236024
143,20.163,B,5,30.782990,-29.827101,29.627051,-30.034060,0.397730,-0.183356,30.9685,0.070153,30.9218,0.053516,30.872678,-30.418456,30.8922,1.303591,0.598118,-1.245628,0.384396,-0.089689,0.591355
144,20.320,B,5,30.544613,-29.920784,29.874667,-29.992447,0.399567,-0.179734,31.3405,0.068139,31.2849,0.062417,31.139239,-30.391604,31.2563,1.326073,0.758454,-1.264572,0.399157,-0.594626,0.470820
145,20.494,B,5,30.317200,-31.218178,30.027193,-29.975430,0.391284,-0.175778,31.6232,0.065974,31.6344,0.055321,31.406297,-30.361592,31.6069,1.432149,1.385595,-1.379105,0.386162,-1.089097,-0.856586
146,20.641,B,5,31.843266,-30.056636,30.117851,-30.190700,0.339331,-0.204162,31.9646,0.063465,31.9704,0.058428,31.671569,-30.329765,31.9440,1.559929,0.322614,-1.553718,0.139066,0.171697,0.273129
147,20.783,B,5,31.733953,-29.966366,30.460205,-30.166145,0.364672,-0.213075,32.2851,0.060335,32.2923,0.050481,31.934391,-30.296814,32.2671,1.479965,0.386486,-1.474186,0.130669,-0.200438,0.330448
148,20.925,B,5,31.544123,-29.877216,30.733372,-30.128784,0.365718,-0.206053,32.6552,0.056943,32.5998,0.047183,32.195785,-30.262526,32.5757,1.468515,0.757051,-1.462413,0.133742,-0.651662,0.385310
149,21.073,B,5,31.764778,-30.075105,30.917802,-30.081621,0.360221,-0.193734,32.9505,0.054876,32.8933,0.047647,32.458007,-30.225751,32.8703,1.546935,0.709409,-1.540206,0.144129,-0.693229,0.150645
150,21.213,B,5,32.477843,-29.686545,31.099476,-30.077798,0.358884,-0.194886,33.1726,0.052629,33.1750,0.044217,32.723551,-30.184803,33.1528,1.627597,0.555548,-1.624076,0.107005,-0.245708,0.498258
151,21.359,B,5,33.246391,-30.159610,31.389660,-30.004338,0.367307,-0.186960,33.4844,0.049239,33.4474,0.043238,32.993938,-30.138319,33.4259,1.609863,0.253349,-1.604278,0.133981,0.252453,-0.021291
152,21.519,B,5,32.436777,-30.057739,31.750507,-30.028062,0.393508,-0.213942,33.7032,0.048844,33.7126,0.042402,33.269022,-30.086033,33.6916,1.519621,0.832726,-1.518515,0.057971,-0.832245,0.028295
153,21.695,B,5,33.071246,-29.795325,31.922025,-30.028716,0.368581,-0.203662,34.0260,0.048101,33.9708,0.043168,33.547103,-30.028976,33.9504,1.625078,0.530125,-1.625078,0.000260,-0.475856,0.233652
154,21.864,B,5,33.467689,-29.864799,32.166890,-29.983432,0.372577,-0.199628,34.2875,0.047356,34.2209,0.046947,33.825738,-29.968968,34.2012,1.658912,0.372895,-1.658849,-0.014464,-0.358050,0.104169
155,22.027,B,5,33.149095,-30.354029,32.438837,-29.957838,0.378414,-0.202647,34.5469,0.046579,34.4619,0.044056,34.102862,-29.907686,34.4429,1.664781,1.053041,-1.664025,-0.050152,-0.953768,-0.446343
156,22.189,B,5,33.643972,-30.141769,32.606262,-30.023675,0.355524,-0.209284,34.7923,0.045131,34.6933,0.043977,34.377566,-29.845917,34.6751,1.780202,0.791006,-1.771305,-0.177758,-0.733595,-0.295852
157,22.354,B,5,34.801381,-29.448154,32.830522,-30.041618,0.350141,-0.213601,35.0112,0.042346,34.9159,0.043004,34.650331,-29.783310,34.8984,1.838050,0.367622,-1.819809,-0.258308,0.151050,0.335156
158,22.506,B,5,34.114514,-29.811981,33.220634,-29.933331,0.387512,-0.215253,35.2248,0.040380,35.1313,0.046390,34.922847,-29.718538,35.1143,1.715711,0.813716,-1.702213,-0.214793,-0.808333,-0.093443
159,22.677,B,5,35.006421,-29.741860,33.422106,-29.907043,0.379432,-0.209181,35.4425,0.039408,35.3412,0.030228,35.197357,-29.649878,35.3245,1.793781,0.211937,-1.775251,-0.257165,-0.190936,-0.091982
160,22.841,B,5,34.772669,-29.308303,33.745524,-29.872741,0.393513,-0.216684,35.6417,0.037733,35.5468,0.038719,35.475608,-29.576068,35.5305,1.755336,0.752211,-1.730084,-0.296673,-0.702939,0.267764
161,23.016,B,5,34.745595,-29.435432,33.971212,-29.767042,0.397830,-0.200321,35.8504,0.037293,35.7484,0.032468,35.758011,-29.496929,35.7324,1.807101,1.014282,-1.786799,-0.270112,-1.012416,0.061497
162,23.192,B,5,34.606359,-29.100939,34.151280,-29.701151,0.389406,-0.187338,36.0443,0.036033,35.9454,0.036219,36.043431,-29.413423,35.9298,1.913902,1.470653,-1.892151,-0.287727,-1.437071,0.312484
163,23.368,B,5,35.743754,-28.624307,34.273122,-29.586798,0.377960,-0.161123,36.2214,0.033929,36.1374,0.036035,36.329707,-29.327140,36.1222,2.072912,0.915049,-2.056585,-0.259658,-0.585953,0.702833
164,23.555,B,5,36.347798,-30.074177,34.573276,-29.406391,0.405145,-0.148177,36.4041,0.033145,36.3243,0.032514,36.614670,-29.239535,36.3095,2.048201,0.876270,-2.041394,-0.166856,-0.266873,-0.834642
165,23.739,B,5,36.580863,-29.325965,34.929078,-29.513745,0.404248,-0.190994,36.3210,0.010638,36.1766,-0.109555,36.893552,-29.150368,36.2285,1.997799,0.358621,-1.964474,-0.363376,-0.312689,-0.175597
166,23.918,B,5,36.632935,-29.162851,35.265410,-29.472387,0.417782,-0.202126,36.0723,-0.009073,35.9666,0.038979,37.160898,-29.067477,35.9480,1.938253,0.536508,-1.895487,-0.404910,-0.527963,-0.095374
167,24.094,B,5,37.492749,-27.863498,35.552702,-29.408814,0.424230,-0.202657,36.4828,0.025220,36.4150,0.018322,37.428083,-28.986110,36.4040,1.922428,1.124473,-1.875380,-0.422704,0.064667,1.122612
168,24.269,B,5,37.695552,-29.131363,35.942529,-29.125629,0.473020,-0.179248,36.1158,-0.014536,35.9919,-0.081505,37.684222,-28.903119,36.0338,1.755849,0.228525,-1.741693,-0.222510,0.011329,-0.228244
169,24.465,B,5,37.082135,-28.650936,36.301455,-29.113807,0.478648,-0.199518,36.0489,-0.010533,35.9651,0.026479,37.943779,-28.818414,35.9480,1.668677,0.877770,-1.642323,-0.295393,-0.861644,0.167478
170,24.631,B,5,37.204768,-28.905481,36.489000,-29.020148,0.465328,-0.183442,35.7528,-0.029999,35.6008,-0.101924,38.202223,-28.729674,35.6525,1.737673,1.012831,-1.713223,-0.290474,-0.997456,-0.175807
171,24.785,B,5,39.078039,-28.067581,36.663100,-28.988190,0.443986,-0.177686,35.4212,-0.040412,35.2886,-0.064263,38.460179,-28.637929,35.3178,1.830895,0.840861,-1.797079,-0.350261,0.617860,0.570348
172,24.943,B,5,39.280586,-27.788895,37.137813,-28.813983,0.491562,-0.184885,34.9382,-0.058942,34.7983,-0.062145,38.713302,-28.545347,34.8306,1.598227,0.945532,-1.575489,-0.268636,0.567285,0.756452
173,25.112,B,5,37.374541,-27.368241,37.568375,-28.619460,0.528864,-0.182288,34.4424,-0.070945,34.2887,-0.095462,38.959651,-28.454801,34.3340,1.400987,1.921767,-1.391277,-0.164659,-1.585111,1.086560
174,25.270,B,5,38.845573,-28.402986,37.585942,-28.382797,0.498604,-0.123875,33.8494,-0.084577,33.6807,-0.124227,39.196207,-28.367808,33.7321,1.610335,0.352395,-1.610265,-0.014989,-0.350635,-0.035178
175,25.438,B,5,38.339097,-27.637010,37.856801,-28.370114,0.487507,-0.138777,33.1592,-0.099234,32.9969,-0.123443,39.423400,-28.284419,33.0543,1.568942,1.262875,-1.566600,-0.085695,-1.084303,0.647409
176,25.566,B,5,39.070749,-28.137813,37.989489,-28.225574,0.470091,-0.113600,32.4191,-0.111778,32.2416,-0.137930,39.643372,-28.203090,32.3046,1.654036,0.576332,-1.653883,-0.022484,-0.572623,0.065277
177,25.745,B,5,38.780528,-28.265360,38.226127,-28.195509,0.458990,-0.122046,31.6000,-0.124689,31.4202,-0.157443,39.859471,-28.121301,31.4882,1.635029,1.088517,-1.633344,-0.074209,-1.078942,-0.144059
178,25.894,B,5,39.860982,-27.540551,38.359827,-28.197635,0.438932,-0.126046,30.8971,-0.134510,30.5381,-0.156937,40.074910,-28.036701,30.6108,1.722617,0.540305,-1.715083,-0.160933,-0.213928,0.496150
179,26.057,B,5,39.614861,-28.068610,38.679696,-28.067554,0.447454,-0.121303,29.7106,-0.147844,29.5990,-0.166222,40.291369,-27.948330,29.6762,1.616077,0.687118,-1.611673,-0.119224,-0.676508,-0.120280
180,26.204,B,5,40.028702,-27.421447,38.889584,-28.057240,0.433531,-0.128079,28.7207,-0.157689,28.6038,-0.180526,40.508356,-27.857040,28.6855,1.631105,0.647928,-1.618772,-0.200200,-0.479654,0.435594
181,26.348,B,5,40.511091,-28.150778,39.133406,-27.935769,0.439697,-0.117764,27.6927,-0.168986,27.5514,-0.189385,40.723424,-27.765040,27.6377,1.599158,0.440317,-1.590018,-0.170729,-0.212333,-0.385738
182,26.478,B,5,39.878136,-27.785574,39.410147,-27.967000,0.445259,-0.141489,26.8528,-0.176835,26.4413,-0.193774,40.933220,-27.674701,26.5322,1.550867,1.060893,-1.523073,-0.292299,-1.055083,-0.110873
183,26.629,B,5,41.116459,-26.980806,39.544236,-27.927267,0.412029,-0.127924,25.4725,-0.188011,25.2761,-0.211042,41.135141,-27.587227,25.3712,1.626839,0.606708,-1.590905,-0.340040,-0.018682,0.606421
184,26.766,B,5,40.968005,-26.574067,39.855854,-27.755641,0.447152,-0.115519,24.4976,-0.196181,24.0603,-0.224333,41.328513,-27.502219,24.1593,1.494305,0.995706,-1.472659,-0.253422,-0.360508,0.928151
185,26.915,B,5,41.418829,-26.870428,40.095194,-27.539813,0.460180,-0.085130,23.2292,-0.206408,22.7993,-0.224347,41.514817,-27.418153,22.9017,1.424826,0.556072,-1.419623,-0.121660,-0.095988,0.547725
186,27.063,B,5,41.363474,-27.527812,40.381253,-27.410439,0.461152,-0.075292,21.6635,-0.216297,21.4977,-0.226839,41.697297,-27.333176,21.6033,1.318310,0.386421,-1.316044,-0.077264,-0.333823,-0.194636
187,27.216,B,5,41.811647,-26.243913,40.599813,-27.422423,0.446806,-0.087171,20.3445,-0.221694,20.1576,-0.248076,41.879691,-27.246006,20.2662,1.291979,1.004400,-1.279878,-0.176417,-0.068043,1.002093
188,27.364,B,5,41.893854,-26.684690,40.849654,-27.208698,0.470546,-0.059546,19.2278,-0.228994,18.7785,-0.251455,42.064423,-27.156507,18.8903,1.215890,0.501702,-1.214769,-0.052191,-0.170569,0.471817
189,27.519,B,5,42.102589,-27.130207,41.086978,-27.105691,0.458473,-0.050244,17.5360,-0.236689,17.3595,-0.252417,42.251521,-27.065566,17.4745,1.165234,0.162355,-1.164543,-0.040125,-0.148932,-0.064641
190,27.669,B,5,41.790005,-27.038112,41.311155,-27.102263,0.447990,-0.059970,16.0740,-0.243764,15.9003,-0.257809,42.438622,-26.974495,16.0184,1.134684,0.651729,-1.127467,-0.127768,-0.648617,-0.063618
191,27.808,B,5,41.917441,-26.610887,41.439362,-27.085179,0.421902,-0.058155,14.5778,-0.250703,14.4029,-0.261821,42.622068,-26.884292,14.5240,1.199646,0.755811,-1.182706,-0.200888,-0.704627,0.273405
192,27.943,B,5,41.704551,-26.772582,41.565313,-26.996699,0.403307,-0.042160,13.0649,-0.255671,12.8707,-0.272760,42.798818,-26.795173,12.9945,1.249858,1.094500,-1.233504,-0.201526,-1.094267,0.022591
193,28.079,B,5,42.708372,-26.482033,41.628975,-26.952552,0.371832,-0.031972,11.5120,-0.261611,11.3070,-0.282709,42.967860,-26.706708,11.4332,1.361268,0.343239,-1.338885,-0.245843,-0.259488,0.224675
194,28.213,B,5,42.271500,-26.725398,41.856867,-26.865626,0.378226,-0.023761,9.9180,-0.267904,9.7141,-0.282346,43.130501,-26.618256,9.8426,1.297434,0.865657,-1.273634,-0.247369,-0.859001,-0.107142
195,28.352,B,5,42.496013,-28.251473,41.966907,-26.837319,0.357628,-0.020494,8.2980,-0.273502,8.0934,-0.283563,43.289927,-26.529306,8.2241,1.358401,1.896354,-1.323020,-0.308013,-0.793914,-1.722167
196,28.490,B,5,43.287630,-26.672844,42.094760,-27.086475,0.329776,-0.072544,6.6515,-0.278567,6.4456,-0.291688,43.449905,-26.439645,6.5784,1.501602,0.284104,-1.355145,-0.646830,-0.162274,-0.233199
197,28.627,B,5,43.367566,-26.058573,42.339302,-27.017106,0.343270,-0.060009,4.9646,-0.284597,4.7719,-0.293576,43.612967,-26.349361,4.9067,1.438091,0.380498,-1.273665,-0.667746,-0.245401,0.290788
198,28.761,B,5,43.668667,-25.476537,42.555908,-26.850414,0.353066,-0.027043,3.2657,-0.289115,3.0742,-0.295749,43.779314,-26.258719,3.2109,1.358980,0.789969,-1.223407,-0.591695,-0.110647,0.782182
199,28.908,B,5,43.062348,-27.232506,42.788410,-26.607687,0.366478,0.018247,1.5446,-0.293236,1.3535,-0.300239,43.946824,-26.168019,1.4920,1.239044,1.383991,-1.158414,-0.439667,-0.884476,-1.064487
200,29.048,B,5,43.715142,-25.564463,42.872092,-26.716687,0.338189,-0.007094,-0.2021,-0.297653,-0.3905,-0.305555,44.112050,-26.077479,-0.2501,1.395021,0.648630,-1.239958,-0.639209,-0.396908,0.513016
201,29.175,B,5,44.003796,-25.439888,43.054995,-26.513403,0.340031,0.031899,-1.9695,-0.301702,-2.1584,-0.307962,44.271969,-25.987153,-2.0161,1.325883,0.609439,-1.216974,-0.526250,-0.268173,0.547265
202,29.316,B,5,44.026786,-25.995308,43.256967,-26.321463,0.344166,0.065047,-3.7716,-0.306506,-3.9503,-0.314630,44.425317,-25.896928,-3.8061,1.243091,0.410494,-1.168351,-0.424535,-0.398531,-0.098380
203,29.448,B,5,44.148036,-26.730108,43.427452,-26.260220,0.339290,0.069441,-5.5801,-0.309875,-5.7643,-0.313903,44.572975,-25.806599,-5.6184,1.232070,1.016584,-1.145523,-0.453621,-0.424939,-0.923510
204,29.583,B,5,45.166386,-26.304734,43.588495,-26.341090,0.332494,0.045589,-7.4067,-0.312925,-7.5975,-0.321194,44.717684,-25.716032,-7.4503,1.290645,0.740205,-1.129190,-0.625057,0.448702,-0.588702
205,29.728,B,5,44.504975,-25.365400,43.901299,-26.335593,0.357374,0.043710,-9.2569,-0.316485,-9.4464,-0.326240,44.862962,-25.625343,-9.2980,1.195513,0.442408,-0.961663,-0.710250,-0.357987,0.259942
206,29.866,B,5,44.629557,-25.872978,44.043626,-26.165255,0.342955,0.075560,-11.1232,-0.319740,-11.3086,-0.333848,45.011413,-25.534934,-11.1591,1.154953,0.509988,-0.967787,-0.630321,-0.381856,-0.338044
207,29.984,B,5,44.508152,-25.219628,44.181704,-26.113288,0.330172,0.080556,-13.0116,-0.323289,-13.1845,-0.324199,45.163540,-25.445313,-13.0339,1.187516,0.693157,-0.981837,-0.667975,-0.655388,0.225685
208,30.108,B,5,45.580390,-25.074304,44.272878,-25.954626,0.306446,0.106152,-14.9113,-0.326235,-15.0769,-0.337803,45.317589,-25.356796,-14.9248,1.203670,0.385832,-1.044711,-0.597830,0.262801,0.282493
209,30.269,B,5,44.949843,-26.222512,44.536893,-25.796927,0.318943,0.134199,-16.8385,-0.329970,-16.9891,-0.337482,45.470393,-25.269276,-16.8353,1.072304,1.086108,-0.933499,-0.527651,-0.520550,-0.953236
210,30.386,B,5,45.624971,-25.180013,44.643236,-25.869814,0.305657,0.108883,-18.7903,-0.333868,-18.9222,-0.338702,45.618982,-25.182175,-18.7668,1.193703,0.006368,-0.975745,-0.687639,0.005990,0.002162
211,30.535,B,5,46.060520,-24.602715,44.850658,-25.747624,0.305618,0.130133,-20.8306,-0.337220,-20.8745,-0.338901,45.761951,-25.094700,-20.7177,1.121055,0.575493,-0.911293,-0.652924,0.298569,0.491985
212,30.680,B,5,45.396407,-25.321997,45.098459,-25.543593,0.308781,0.168730,-22.7962,-0.339313,-22.8423,-0.343904,45.899922,-25.006304,-22.6844,0.964896,0.594298,-0.801464,-0.537289,-0.503515,-0.315693
213,30.815,B,5,46.030841,-24.573893,45.177113,-25.502094,0.293152,0.166568,-24.3054,-0.341415,-24.8215,-0.351301,46.035263,-24.917155,-24.6628,1.038545,0.343291,-0.858150,-0.584939,-0.004422,0.343262
214,30.959,B,5,46.695011,-25.847647,45.359520,-25.335679,0.284180,0.192835,-26.2919,-0.342902,-26.7482,-0.287368,46.171484,-24.828559,-26.6145,0.957317,1.145696,-0.811964,-0.507120,0.523527,-1.019088
215,31.105,B,5,46.228659,-25.264066,45.634104,-25.422369,0.303254,0.169691,-28.1255,-0.304491,-28.1696,-0.300368,46.313051,-24.746929,-28.0342,0.957699,0.523978,-0.678947,-0.675439,-0.084392,-0.517137
216,31.243,B,5,45.978270,-25.537000,45.766288,-25.394506,0.297762,0.169926,-29.7472,-0.323147,-30.3405,-0.414908,46.467239,-24.670040,-30.1476,1.008059,0.995344,-0.700951,-0.724466,-0.488968,-0.866960
217,31.402,B,5,46.623666,-25.111599,45.841596,-25.420719,0.272600,0.148763,-32.1079,-0.326941,-32.1322,-0.212300,46.625254,-24.601576,-32.0299,1.133629,0.510026,-0.783658,-0.819143,-0.001588,-0.510024
218,31.566,B,5,46.349483,-24.487998,46.010409,-25.368056,0.266957,0.156519,-33.5407,-0.296852,-33.5983,-0.333813,46.783585,-24.539918,-33.4464,1.132966,0.437196,-0.773176,-0.828138,-0.434102,0.051920
219,31.738,B,5,46.414554,-25.904407,46.094729,-25.214190,0.242501,0.178703,-35.0980,-0.311185,-35.4405,-0.232620,46.945223,-24.477801,-35.3296,1.124992,1.522109,-0.850494,-0.736389,-0.530669,-1.426606
220,31.909,B,5,47.110412,-24.791206,46.178943,-25.335860,0.241546,0.145013,-36.4713,-0.280806,-36.8617,-0.327600,47.101936,-24.420462,-36.7150,1.299949,0.370841,-0.922992,-0.915398,0.008476,-0.370744
221,32.101,B,5,46.083713,-25.243803,46.375655,-25.242892,0.232517,0.162345,-38.3420,-0.273345,-38.3400,-0.251788,47.259094,-24.364120,-38.2263,1.246075,1.468115,-0.883438,-0.878772,-1.175381,-0.879683
222,32.282,B,5,47.551443,-26.000318,46.350980,-25.244787,0.201336,0.141075,-39.8118,-0.265629,-39.7865,-0.243174,47.417779,-24.312024,-39.6754,1.417076,1.693577,-1.066798,-0.932763,0.133664,-1.688294
223,32.471,B,5,46.225929,-24.959092,46.587576,-25.381705,0.233023,0.129269,-41.1977,-0.255373,-41.1423,-0.235990,47.580816,-24.267136,-41.0361,1.492913,1.521356,-0.993241,-1.114569,-1.354887,-0.691956
224,32.642,B,5,47.310651,-24.928109,46.548466,-25.311997,0.191174,0.121600,-42.5055,-0.243787,-42.4388,-0.218731,47.750891,-24.231256,-42.3372,1.616733,0.824267,-1.202425,-1.080740,-0.440240,-0.696853
225,32.822,B,5,47.617874,-25.311837,46.705608,-25.247954,0.186294,0.137544,-43.7501,-0.232509,-43.6787,-0.211562,47.928352,-24.204982,-43.5815,1.607138,1.149576,-1.222743,-1.042973,-0.310478,-1.106856
226,32.990,B,5,47.721191,-24.185384,46.889888,-25.262609,0.195472,0.143075,-44.9501,-0.222720,-44.8671,-0.203831,48.111230,-24.187261,-44.7738,1.627283,0.390044,-1.221342,-1.075348,-0.390039,0.001876
227,33.159,B,5,47.974322,-24.395700,47.061118,-25.075004,0.174600,0.178297,-46.0956,-0.212957,-46.0094,-0.193478,48.296154,-24.175838,-45.9196,1.527682,0.389763,-1.235036,-0.899166,-0.321832,-0.219862
228,33.322,B,5,46.870478,-24.492605,47.247769,-24.954833,0.166286,0.201290,-47.1951,-0.204028,-47.1096,-0.187050,48.480070,-24.168247,-47.0231,1.461945,1.641948,-1.232301,-0.786586,-1.609592,-0.324358
229,33.477,B,5,48.612610,-24.224514,47.205891,-24.871224,0.129019,0.184956,-48.2765,-0.197757,-48.1684,-0.181223,48.661650,-24.162838,-48.0853,1.618964,0.078796,-1.455758,-0.708386,-0.049040,-0.061676
230,33.628,B,5,47.836244,-24.647656,47.477838,-24.754170,0.136929,0.219181,-49.3099,-0.190385,-49.1848,-0.172381,48.841579,-24.159358,-49.1051,1.487814,1.117647,-1.363741,-0.594813,-1.005335,-0.488298
231,33.780,B,5,48.238245,-24.403804,47.566244,-24.731684,0.130162,0.209998,-50.2998,-0.183145,-50.1571,-0.170928,49.022029,-24.159165,-50.0809,1.564317,0.821076,-1.455785,-0.572519,-0.783784,-0.244639
232,33.921,B,5,48.933513,-25.179608,47.709465,-24.670367,0.125842,0.215510,-51.2308,-0.174588,-51.0850,-0.164569,49.205598,-24.164958,-51.0124,1.579193,1.050498,-1.496133,-0.505409,-0.272085,-1.014650
233,34.066,B,5,48.775165,-25.100748,47.950857,-24.757848,0.157133,0.214879,-52.1186,-0.166322,-51.9715,-0.154519,49.393974,-24.179605,-51.9020,1.554655,1.109698,-1.443117,-0.578244,-0.618809,-0.921143
234,34.215,B,5,48.906406,-24.000376,48.123004,-24.818419,0.171002,0.208291,-52.9852,-0.160062,-52.8213,-0.146312,49.587136,-24.204624,-52.7546,1.587585,0.710712,-1.464132,-0.613795,-0.680730,0.204247
235,34.348,B,5,48.878260,-25.397007,48.288475,-24.674302,0.150496,0.228935,-53.8970,-0.161318,-53.7667,-0.227161,49.783997,-24.238249,-53.6619,1.557796,1.470741,-1.495522,-0.436053,-0.905736,-1.158758
236,34.496,B,5,50.160619,-25.498796,48.419538,-24.802226,0.169696,0.206751,-55.2695,-0.193071,-55.1266,-0.165377,49.978129,-24.267968,-55.0489,1.647615,1.244282,-1.558591,-0.534258,0.182490,-1.230827
237,34.634,B,5,49.054693,-25.269075,48.754749,-24.928526,0.212195,0.220416,-55.8257,-0.150664,-55.6360,-0.074982,50.167418,-24.301924,-55.6017,1.545401,1.474292,-1.412670,-0.626602,-1.112725,-0.967150
238,34.770,B,5,49.112447,-25.965378,48.837035,-24.994403,0.208158,0.200345,-56.7923,-0.161722,-56.6934,-0.274923,50.352106,-24.327422,-56.5671,1.655386,2.054180,-1.515071,-0.666981,-1.239659,-1.637956
239,34.918,B,5,49.666502,-24.916815,48.912786,-25.173799,0.222227,0.168202,-57.9802,-0.178090,-57.8330,-0.116958,50.534490,-24.347474,-57.7786,1.820092,1.038052,-1.621704,-0.826325,-0.867988,-0.569341
240,35.060,B,5,50.059791,-24.698450,49.071987,-25.137837,0.209159,0.179567,-58.7955,-0.165745,-58.6851,-0.229693,50.714945,-24.371285,-58.5775,1.812984,0.732300,-1.642958,-0.766552,-0.655154,-0.327165
241,35.205,B,5,50.414487,-24.323775,49.272931,-25.068562,0.196257,0.200682,-60.0902,-0.189380,-59.9742,-0.159296,50.897114,-24.392408,-59.9042,1.759305,0.487483,-1.624183,-0.676154,-0.482627,0.068632
242,35.334,B,5,50.192763,-25.967759,49.502370,-24.943273,0.177800,0.230610,-61.1806,-0.192624,-61.0991,-0.248558,51.079039,-24.420479,-60.9827,1.661083,1.783132,-1.576668,-0.522794,-0.886275,-1.547280
243,35.477,B,5,50.287212,-24.792502,49.652550,-25.130325,0.205299,0.209559,-62.3780,-0.198912,-62.2830,-0.232387,51.261367,-24.451557,-62.1819,1.746145,1.032096,-1.608818,-0.678768,-0.974155,-0.340945
244,35.621,B,5,50.173839,-24.220076,49.786829,-25.077396,0.190955,0.219727,-63.4095,-0.207846,-63.5770,-0.238951,51.443261,-24.483883,-63.4691,1.759552,1.296544,-1.656432,-0.593512,-1.269422,0.263807
245,35.760,B,5,50.417482,-24.484874,49.887022,-24.933406,0.149359,0.222196,-64.9831,-0.218306,-64.8902,-0.233722,51.623432,-24.514998,-64.7834,1.786109,1.206326,-1.736410,-0.418408,-1.205950,0.030124
246,35.896,B,5,50.368594,-24.696966,50.001625,-24.857464,0.132870,0.230072,-66.0708,-0.225067,-66.2487,-0.241648,51.801199,-24.542405,-66.1384,1.826946,1.440919,-1.799574,-0.315060,-1.432605,-0.154561
247,36.028,B,5,51.163043,-25.515870,50.096138,-24.832538,0.118694,0.218072,-67.7229,-0.232385,-67.6496,-0.248896,51.976392,-24.565498,-67.5360,1.899122,1.250898,-1.880254,-0.267040,-0.813349,-0.950373
248,36.158,B,5,50.903311,-24.596566,50.304141,-24.956182,0.149656,0.224922,-68.8699,-0.238657,-69.0918,-0.254643,52.149431,-24.585516,-68.9750,1.882149,1.246168,-1.845289,-0.370666,-1.246119,-0.011050
249,36.305,B,5,51.485577,-24.957124,50.439957,-24.899189,0.130027,0.224204,-70.4335,-0.230302,-70.3046,-0.137498,52.321324,-24.607489,-70.2437,1.903847,0.905935,-1.881367,-0.291700,-0.835747,-0.349636
250,36.442,B,5,51.791768,-24.985673,50.644996,-24.913383,0.137639,0.241073,-71.2294,-0.211796,-71.4046,-0.276524,52.492191,-24.636699,-71.2817,1.867802,0.782544,-1.847195,-0.276684,-0.700424,-0.348974
251,36.579,B,5,51.798045,-25.496469,50.879005,-24.933140,0.140457,0.250866,-73.2746,-0.254430,-73.1881,-0.263877,52.669533,-24.678418,-73.0670,1.808556,1.195282,-1.790528,-0.254722,-0.871488,-0.818051
252,36.713,B,5,51.591613,-26.605309,51.069218,-25.039628,0.158006,0.250078,-74.3217,-0.221507,-74.1552,-0.139902,52.841881,-24.729520,-74.0917,1.799584,2.254275,-1.772663,-0.310108,-1.250268,-1.875789
253,36.852,B,5,52.132660,-25.365135,51.188809,-25.326613,0.202279,0.224196,-75.5927,-0.224813,-75.4775,-0.288312,53.017926,-24.785866,-75.3418,1.907374,1.057945,-1.829117,-0.540747,-0.885265,-0.579269
254,36.988,B,5,53.415705,-26.305159,51.382295,-25.347415,0.195213,0.234373,-76.7703,-0.213471,-76.5676,-0.115665,53.192442,-24.845182,-76.5142,1.878528,1.476949,-1.810147,-0.502233,0.223263,-1.459977
255,37.121,B,5,53.277689,-25.874793,51.769838,-25.531681,0.231608,0.271216,-77.8903,-0.208808,-77.7211,-0.215345,53.365102,-24.905762,-77.6178,1.713664,0.972965,-1.595265,-0.625919,-0.087414,-0.969031
256,37.263,B,5,52.832995,-25.954703,52.068035,-25.609538,0.236613,0.293787,-78.8517,-0.191195,-78.6821,-0.208739,53.533825,-24.968405,-78.5889,1.599873,1.209937,-1.465791,-0.641133,-0.700830,-0.986298
257,37.395,B,5,53.592814,-26.479037,52.235995,-25.688178,0.233150,0.288904,-79.8614,-0.184556,-79.6906,-0.164872,53.701774,-25.035134,-79.6145,1.604673,1.448008,-1.465780,-0.653044,-0.108960,-1.443902
258,37.539,B,5,52.348429,-27.073998,52.508348,-25.846544,0.250361,0.301678,-80.7898,-0.175131,-80.6279,-0.156731,53.867902,-25.104883,-80.5548,1.548693,2.487210,-1.359554,-0.741661,-1.519473,-1.969115
259,37.675,B,5,53.174153,-26.106228,52.511984,-26.084089,0.268175,0.257099,-81.6600,-0.165208,-81.5122,-0.143261,54.032788,-25.173287,-81.4435,1.772683,1.267925,-1.520804,-0.910803,-0.858635,-0.932942
260,37.819,B,5,52.827262,-27.165664,52.657954,-26.110257,0.248144,0.255613,-82.4943,-0.157147,-82.3422,-0.141050,54.197213,-25.243436,-82.2777,1.766549,2.360451,-1.539258,-0.866821,-1.369951,-1.922229
261,37.950,B,5,53.523969,-25.991372,52.715227,-26.318616,0.262855,0.229811,-83.2931,-0.149892,-83.1230,-0.135437,54.360661,-25.316865,-83.0621,1.926384,1.074715,-1.645434,-1.001750,-0.836692,-0.674507
262,38.079,B,5,54.160805,-26.214366,52.884051,-26.283191,0.231042,0.238525,-84.0494,-0.142564,-83.8635,-0.122455,54.521729,-25.392744,-83.8056,1.864105,0.897401,-1.637678,-0.890447,-0.360924,-0.821621
263,38.215,B,5,54.129175,-25.296011,53.136357,-26.291049,0.213675,0.261498,-84.7649,-0.135287,-84.5714,-0.120101,54.679125,-25.468267,-84.5159,1.748458,0.576296,-1.542768,-0.822782,-0.549950,0.172257
264,38.343,B,5,54.157369,-26.867901,53.340150,-26.132472,0.162740,0.276962,-85.4656,-0.130122,-85.2492,-0.123261,54.832614,-25.540055,-85.1961,1.605741,1.489674,-1.492464,-0.592416,-0.675245,-1.327846
265,38.474,B,5,53.575904,-26.611324,53.513159,-26.277055,0.177215,0.276170,-86.1074,-0.122597,-85.8948,-0.103525,54.983089,-25.605684,-85.8445,1.615993,1.729590,-1.469930,-0.671370,-1.407185,-1.005639
266,38.606,B,5,54.375278,-27.376669,53.551855,-26.351794,0.172440,0.250495,-86.7163,-0.116177,-86.5051,-0.106016,55.131820,-25.664646,-86.4577,1.722923,1.871731,-1.579965,-0.687148,-0.756542,-1.712023
267,38.736,B,5,54.307014,-25.956148,53.723142,-26.549518,0.195734,0.252233,-87.2743,-0.108412,-87.0786,-0.091032,55.279484,-25.718708,-87.0340,1.764212,1.001037,-1.556341,-0.830810,-0.972470,-0.237441
268,38.890,B,5,54.413102,-26.374609,53.852212,-26.461708,0.157472,0.250931,-87.8128,-0.102754,-87.6178,-0.087187,55.425672,-25.771241,-87.5758,1.718290,1.178707,-1.573460,-0.690467,-1.012570,-0.603367
269,39.021,B,5,54.541508,-26.440072,53.976707,-26.460550,0.140790,0.247276,-88.3184,-0.097049,-88.1309,-0.091107,55.569660,-25.831422,-88.0906,1.712689,1.194802,-1.592953,-0.629128,-1.028152,-0.608650
270,39.157,B,5,54.468352,-26.886049,54.101369,-26.469872,0.127899,0.243933,-88.8067,-0.092411,-88.6256,-0.081661,55.710841,-25.906257,-88.5866,1.705304,1.582330,-1.609472,-0.563615,-1.242488,-0.979792
271,39.295,B,5,54.616335,-26.869577,54.190304,-26.555852,0.131384,0.232884,-89.2856,-0.089058,-89.1054,-0.077719,55.848850,-25.992738,-89.0676,1.751535,1.512593,-1.658547,-0.563113,-1.232515,-0.876838
272,39.428,B,5,54.331809,-26.560584,54.288588,-26.624137,0.130811,0.225358,-89.7500,-0.086145,-89.5692,-0.079541,55.984271,-26.085744,-89.5327,1.779103,1.719332,-1.695683,-0.538393,-1.652462,-0.474840
273,39.570,B,5,54.275689,-26.754611,54.317992,-26.625352,0.116008,0.205351,-90.1896,-0.082449,-90.0149,-0.073425,56.118053,-26.180493,-89.9799,1.854217,1.929745,-1.800061,-0.444859,-1.842363,-0.574118
274,39.708,B,5,55.872727,-26.797384,54.330116,-26.659603,0.109493,0.183958,-90.6263,-0.080095,-90.4418,-0.070403,56.250741,-26.274419,-90.4083,1.958869,0.645281,-1.920625,-0.385184,-0.378015,-0.522965
275,39.848,B,5,54.718721,-26.676349,54.622198,-26.695060,0.105040,0.221953,-91.0394,-0.077089,-90.8510,-0.073299,56.382113,-26.367912,-90.8189,1.790063,1.691746,-1.759915,-0.327148,-1.663392,-0.308437
276,39.976,B,5,55.146831,-28.007940,54.656394,-26.700250,0.096237,0.208290,-91.3711,-0.075764,-91.2458,-0.071723,56.511279,-26.464242,-91.2146,1.869839,2.060273,-1.854885,-0.236009,-1.364449,-1.543699
277,40.118,B,5,55.381716,-27.699320,54.762218,-26.941631,0.135697,0.206247,-91.7784,-0.074231,-91.6303,-0.066582,56.637248,-26.568268,-91.5998,1.911842,1.689864,-1.875030,-0.373363,-1.255532,-1.131052
278,40.268,B,5,55.834201,-27.692358,54.894627,-27.092306,0.147584,0.205244,-92.2421,-0.071402,-92.0064,-0.067138,56.759595,-26.684137,-91.9767,1.909112,1.368526,-1.864968,-0.408169,-0.925394,-1.008221
279,40.395,B,5,55.606963,-27.333280,55.081694,-27.214788,0.154600,0.219643,-92.6258,-0.068809,-92.3727,-0.054406,56.878657,-26.813304,-92.3438,1.841267,1.373893,-1.796963,-0.401484,-1.271694,-0.519976
280,40.526,B,5,55.977639,-27.914597,55.190454,-27.247948,0.146611,0.222206,-92.8688,-0.064874,-92.7265,-0.056938,56.995162,-26.953891,-92.6987,1.828508,1.399395,-1.804708,-0.294057,-1.017522,-0.960706
281,40.659,B,5,55.811851,-27.704922,55.349686,-27.380712,0.156348,0.230560,-93.1960,-0.062000,-93.0675,-0.065043,57.109654,-27.101493,-93.0407,1.781979,1.431230,-1.759968,-0.279219,-1.297803,-0.603429
282,40.782,B,5,55.098691,-28.281577,55.456303,-27.457144,0.149485,0.221084,-93.5790,-0.059560,-93.3984,-0.062678,57.222141,-27.251201,-93.3722,1.777806,2.360236,-1.765837,-0.205944,-2.123449,-1.030377
283,40.922,B,5,56.517895,-28.178045,55.412918,-27.619446,0.165324,0.188158,-93.8950,-0.057963,-93.7227,-0.058426,57.332202,-27.399852,-93.6969,1.931805,1.126356,-1.919283,-0.219594,-0.814306,-0.778193
284,41.055,B,5,56.413006,-28.440493,55.626365,-27.736037,0.167720,0.210819,-94.2274,-0.058367,-94.0424,-0.058565,57.439399,-27.547208,-94.0169,1.822841,1.360677,-1.813034,-0.188829,-1.026393,-0.893285
285,41.190,B,5,56.441182,-29.831615,55.785250,-27.879050,0.175508,0.220245,-94.5523,-0.058032,-94.3572,-0.060607,57.543580,-27.695815,-94.3323,1.767851,2.403523,-1.758329,-0.183235,-1.102398,-2.135800
286,41.316,B,5,56.707337,-28.518332,55.921586,-28.245130,0.227646,0.226844,-94.8702,-0.057289,-94.6645,-0.052633,57.644905,-27.849998,-94.6403,1.768038,1.151392,-1.723320,-0.395132,-0.937568,-0.668334
287,41.457,B,5,56.449569,-29.019697,56.081214,-28.317486,0.213795,0.233983,-95.1779,-0.056159,-94.9605,-0.054336,57.743616,-28.013989,-94.9373,1.689879,1.638904,-1.662402,-0.303497,-1.294047,-1.005707
288,41.600,B,5,56.653526,-28.981477,56.167227,-28.464980,0.217625,0.226549,-95.4492,-0.052669,-95.2430,-0.054014,57.839752,-28.189831,-95.2209,1.695007,1.426126,-1.672525,-0.275149,-1.186227,-0.791646
289,41.742,B,5,56.585976,-29.221543,56.273412,-28.579852,0.214001,0.223716,-95.7092,-0.049920,-95.5132,-0.045441,57.933125,-28.376370,-95.4919,1.672141,1.590324,-1.659714,-0.203482,-1.347150,-0.845173
290,41.869,B,5,57.550349,-28.946099,56.348335,-28.716711,0.215644,0.215358,-95.9560,-0.047424,-95.7739,-0.041472,58.023557,-28.569733,-95.7534,1.681658,0.604630,-1.675223,-0.146978,-0.473209,-0.376366
291,42.004,B,5,56.748870,-29.035804,56.580522,-28.780598,0.199446,0.238668,-96.5222,-0.072499,-96.4251,-0.188324,58.115002,-28.762409,-96.3360,1.534588,1.393220,-1.534480,-0.018189,-1.366132,-0.273395
292,42.142,B,5,56.507940,-29.687633,56.630902,-28.847835,0.188910,0.222641,-97.1179,-0.083203,-96.9773,-0.016710,58.204114,-28.942800,-96.9684,1.576076,1.852507,-1.573213,0.094965,-1.696174,-0.744833
293,42.273,B,5,56.416575,-29.876109,56.628118,-29.017779,0.201415,0.199813,-97.1013,-0.048131,-96.9595,-0.067867,58.289140,-29.119115,-96.9305,1.664110,2.019787,-1.661022,0.101336,-1.872565,-0.756994
294,42.420,B,5,57.534652,-29.926781,56.606717,-29.192355,0.213730,0.176256,-97.9036,-0.088909,-97.8150,-0.145789,58.380705,-29.285491,-97.7486,1.776431,1.061630,-1.773988,0.093136,-0.846053,-0.641290
295,42.555,B,5,57.545596,-30.335606,56.785732,-29.345853,0.215869,0.195621,-98.2948,-0.077911,-98.1740,-0.047271,58.467838,-29.454964,-98.1540,1.685641,1.275172,-1.682106,0.109111,-0.922242,-0.880643
296,42.699,B,5,56.677494,-30.240222,56.936254,-29.545522,0.227416,0.208363,-99.0236,-0.101059,-98.9543,-0.162758,58.556718,-29.627499,-98.8805,1.622536,1.976591,-1.620464,0.081977,-1.879224,-0.612723
297,42.841,B,5,57.311119,-30.717286,56.906325,-29.693998,0.231670,0.182236,-99.6801,-0.106157,-99.5980,-0.118334,58.643457,-29.807013,-99.5455,1.740805,1.613606,-1.737133,0.113015,-1.332338,-0.910273
298,42.980,B,5,57.778377,-30.411909,56.991534,-29.901260,0.244081,0.184234,-100.4951,-0.121771,-100.4220,-0.118392,58.729904,-29.989989,-100.3653,1.740633,1.040874,-1.738370,0.088730,-0.951527,-0.421919
299,43.124,B,5,58.120284,-31.275519,57.144469,-30.018743,0.234758,0.197346,-101.3275,-0.132157,-101.2552,-0.148459,58.815507,-30.172418,-101.1876,1.678089,1.303904,-1.671038,0.153675,-0.695223,-1.103101
300,43.266,B,5,57.672158,-32.100069,57.331873,-30.268618,0.251536,0.220284,-102.2398,-0.143699,-102.1735,-0.164648,58.901930,-30.348558,-102.0979,1.572090,2.140123,-1.570056,0.079940,-1.229772,-1.751510
301,43.391,B,5,57.845626,-31.242830,57.407387,-30.622937,0.290514,0.222355,-103.2093,-0.154582,-103.1537,-0.166739,58.989760,-30.515715,-103.0730,1.586001,1.355632,-1.582373,-0.107222,-1.144134,-0.727115
302,43.544,B,5,58.416458,-30.780565,57.499441,-30.765552,0.281756,0.220614,-104.1553,-0.158041,-104.1002,-0.106923,59.078973,-30.675160,-104.0478,1.582116,0.670847,-1.579532,-0.090391,-0.662515,-0.105405
303,43.673,B,5,58.056325,-31.764237,57.676681,-30.799789,0.248763,0.232005,-104.6805,-0.131513,-104.6313,-0.157043,59.165139,-30.832998,-104.5610,1.488828,1.447990,-1.488458,0.033210,-1.108814,-0.931238
304,43.808,B,5,58.203048,-32.160892,57.759030,-31.000612,0.256087,0.230389,-105.9702,-0.173377,-105.9713,-0.247949,59.252483,-31.000406,-105.8551,1.493453,1.564622,-1.493453,-0.000205,-1.049435,-1.160485
305,43.931,B,5,58.191306,-31.941487,57.852137,-31.237060,0.268785,0.233195,-106.8997,-0.165498,-106.8216,-0.056970,59.333682,-31.174264,-106.7940,1.482875,1.376101,-1.481545,-0.062796,-1.142376,-0.767223
306,44.063,B,5,58.213153,-32.592059,57.926301,-31.393700,0.264770,0.228725,-107.5607,-0.147367,-107.5109,-0.205992,59.410190,-31.356584,-107.4194,1.484353,1.720261,-1.483889,-0.037116,-1.197037,-1.235475
307,44.207,B,5,57.960070,-31.758239,57.990525,-31.639425,0.278619,0.227680,-108.6438,-0.159798,-108.5132,-0.093472,59.487282,-31.548709,-108.4708,1.499504,1.541519,-1.496757,-0.090716,-1.527212,-0.209531
308,44.336,B,5,58.029802,-32.740025,57.996798,-31.691563,0.256330,0.205887,-109.2281,-0.140478,-109.1400,-0.181565,59.558153,-31.741870,-109.0567,1.562165,1.825423,-1.561355,0.050307,-1.528351,-0.998155
309,44.460,B,5,58.300918,-32.347068,58.010907,-31.901403,0.273124,0.201900,-109.8649,-0.138662,-109.8739,-0.126123,59.628353,-31.935375,-109.8190,1.617803,1.389811,-1.617446,0.033972,-1.327435,-0.411693
310,44.588,B,5,58.042970,-32.359018,58.073375,-32.018035,0.254030,0.193452,-110.7210,-0.129978,-110.5836,-0.121052,59.696254,-32.126793,-110.5297,1.626520,1.669514,-1.622879,0.108759,-1.653284,-0.232225
311,44.716,B,5,58.505767,-32.782226,58.074609,-32.101035,0.246734,0.181269,-111.2146,-0.124467,-111.2391,-0.109736,59.762178,-32.317288,-111.1880,1.701368,1.339677,-1.687569,0.216253,-1.256411,-0.464937
312,44.848,B,5,59.150904,-33.324677,58.158192,-32.249132,0.241495,0.186780,-111.8230,-0.116665,-111.7489,-0.015557,59.826185,-32.508711,-111.7380,1.688071,1.059153,-1.667994,0.259579,-0.675281,-0.815966
313,44.980,B,5,59.113791,-32.992744,58.344234,-32.472976,0.238438,0.212003,-111.8528,-0.062827,-111.7317,-0.053287,59.889264,-32.691881,-111.7068,1.560461,0.831790,-1.545030,0.218905,-0.775472,-0.300863
314,45.117,B,5,58.472841,-33.754064,58.491634,-32.595703,0.223653,0.224164,-112.5809,-0.091258,-112.4791,-0.142624,59.951438,-32.885457,-112.4107,1.488283,1.714854,-1.459804,0.289754,-1.478597,-0.868606
315,45.248,B,5,58.194023,-33.036416,58.497140,-32.822666,0.246926,0.221265,-112.8385,-0.079163,-112.6679,0.066187,60.009795,-33.076218,-112.6974,1.533758,1.816209,-1.512655,0.253552,-1.815773,0.039803
316,45.384,B,5,58.297929,-33.793092,58.455712,-32.896204,0.229764,0.188312,-112.7926,-0.041099,-112.6550,-0.078573,60.062473,-33.265649,-112.6215,1.648687,1.841687,-1.606761,0.369444,-1.764544,-0.527443
317,45.514,B,5,58.381664,-33.208539,58.433866,-33.076178,0.245062,0.180450,-113.0091,-0.043066,-112.8098,0.062434,60.111683,-33.460248,-112.8373,1.721215,1.748234,-1.677817,0.384070,-1.730019,0.251709
318,45.651,B,5,58.917934,-33.524636,58.432677,-33.132399,0.222033,0.159745,-112.7748,-0.008117,-112.6210,-0.002538,60.157260,-33.646452,-112.6200,1.799566,1.245299,-1.724584,0.514052,-1.239326,0.121816
319,45.785,B,5,59.256155,-35.117572,58.525017,-33.227821,0.207223,0.165907,-112.6045,0.008627,-112.4043,0.048205,60.202884,-33.828061,-112.4317,1.782000,1.599730,-1.677867,0.600239,-0.946729,-1.289511
320,45.909,B,5,59.216456,-33.852928,58.662311,-33.588479,0.240387,0.200143,-112.2959,0.027584,-112.0826,0.078666,60.249388,-34.001681,-112.1191,1.639985,1.043589,-1.587077,0.413201,-1.032933,0.148753
321,46.044,B,5,57.846366,-35.107244,58.770177,-33.664164,0.218537,0.203025,-111.8755,0.046489,-111.6520,0.079852,60.296337,-34.167910,-111.6904,1.607149,2.623873,-1.526161,0.503746,-2.449971,-0.939334
322,46.172,B,5,58.960187,-34.681477,58.616389,-33.947724,0.258374,0.172370,-111.3541,0.064931,-111.1209,0.095817,60.341740,-34.329304,-111.1668,1.767043,1.425733,-1.725351,0.381580,-1.381553,-0.352173
323,46.304,B,5,58.541006,-35.465495,58.684261,-34.107362,0.253427,0.177261,-110.7465,0.081903,-110.5011,0.110228,60.383027,-34.489245,-110.5538,1.741160,2.084731,-1.698766,0.381883,-1.842020,-0.976250
324,46.431,B,5,59.616540,-34.922575,58.666460,-34.377800,0.276544,0.173664,-110.0606,0.097419,-109.7992,0.134352,60.418648,-34.650619,-109.8583,1.773300,0.846958,-1.752188,0.272819,-0.802108,-0.271957
325,46.556,B,5,59.288812,-35.495366,58.842474,-34.505275,0.255727,0.196130,-109.2771,0.113315,-109.0175,0.139255,60.448758,-34.814592,-109.0830,1.635795,1.344964,-1.606284,0.309318,-1.159946,-0.680774
326,46.680,B,5,59.030246,-35.129426,58.932055,-34.710786,0.258772,0.205177,-108.4063,0.129195,-108.1559,0.154696,60.474937,-34.980131,-108.2278,1.566216,1.452385,-1.542882,0.269346,-1.444691,-0.149294
327,46.815,B,5,59.055516,-35.896245,58.960785,-34.815006,0.246842,0.194076,-107.4583,0.144137,-107.2152,0.173033,60.499176,-35.144396,-107.2933,1.573259,1.627707,-1.538391,0.329390,-1.443659,-0.751849
328,46.955,B,5,59.211114,-36.117560,58.988859,-35.035603,0.258715,0.191914,-106.4432,0.157255,-106.2001,0.189848,60.522668,-35.304035,-106.2839,1.557121,1.543372,-1.533809,0.268431,-1.311554,-0.813525
329,47.088,B,5,58.854461,-36.510578,59.039639,-35.257116,0.268147,0.193864,-105.3570,0.170445,-105.1195,0.189242,60.545316,-35.456664,-105.2066,1.518843,1.992417,-1.505677,0.199548,-1.690855,-1.053914
330,47.227,B,5,59.092311,-36.382008,59.018082,-35.510080,0.287450,0.183130,-104.6981,0.144012,-104.5089,0.097401,60.567246,-35.608821,-104.5548,1.552308,1.665309,-1.549164,0.098741,-1.474935,-0.773187
331,47.365,B,5,59.734416,-36.312018,59.041832,-35.696342,0.289049,0.177557,-103.6789,0.160653,-103.4132,0.270165,60.584031,-35.760665,-103.5357,1.543540,1.012836,-1.542199,0.064323,-0.849616,-0.551353
332,47.519,B,5,59.311239,-36.225003,59.175780,-35.836613,0.275390,0.190829,-102.3686,0.185809,-102.1349,0.140155,60.595819,-35.916783,-102.1979,1.422300,1.321039,-1.420038,0.080171,-1.284579,-0.308220
333,47.651,B,5,59.195190,-36.705688,59.212105,-35.935541,0.261098,0.181012,-101.7768,0.150519,-101.5806,0.151264,60.608790,-36.083327,-101.6477,1.404482,1.544539,-1.396685,0.147785,-1.413600,-0.622362
334,47.802,B,5,59.191527,-36.338426,59.221583,-36.100567,0.263053,0.170157,-100.6168,0.172770,-100.4139,0.164827,60.612783,-36.254824,-100.4923,1.399726,1.423713,-1.391200,0.154258,-1.421256,-0.083602
335,47.917,B,5,59.576780,-36.442890,59.227666,-36.170795,0.246378,0.154825,-99.9828,0.145012,-99.8188,0.137197,60.619377,-36.434810,-99.8782,1.416532,1.042628,-1.391711,0.264015,-1.042597,-0.008080
336,48.059,B,5,59.322275,-38.352832,59.300629,-36.244957,0.229436,0.154445,-99.0618,0.150475,-98.9206,0.103635,60.621225,-36.617954,-98.9670,1.372262,2.167273,-1.320597,0.372997,-1.298951,-1.734877
337,48.201,B,5,59.527522,-37.435193,59.316202,-36.644124,0.281642,0.156414,-98.3315,0.141233,-98.1976,0.139397,60.624381,-36.804380,-98.2623,1.317958,1.265315,-1.308179,0.160257,-1.096858,-0.630812
338,48.347,B,5,59.236451,-38.045959,59.365025,-36.813762,0.281108,0.154475,-97.6212,0.133500,-97.5092,0.112726,60.626332,-36.992038,-97.5638,1.273844,1.744282,-1.261307,0.178276,-1.389881,-1.053921
339,48.473,B,5,59.671954,-38.283670,59.353636,-37.061815,0.298727,0.143166,-96.9496,0.126199,-96.8483,0.109838,60.626684,-37.181133,-96.8997,1.278628,1.458458,-1.273048,0.119318,-0.954730,-1.102538
340,48.613,B,5,59.687942,-37.649199,59.420812,-37.309341,0.311598,0.148175,-96.3086,0.119789,-96.2264,0.107592,60.625161,-37.373114,-96.2748,1.206037,0.977038,-1.204349,0.063773,-0.937219,-0.276085
341,48.748,B,5,59.450233,-38.556399,59.479372,-37.401059,0.292291,0.145377,-95.6968,0.113891,-95.6378,0.095900,60.622119,-37.570100,-95.6838,1.155183,1.531700,-1.142748,0.169041,-1.171886,-0.986299
342,48.874,B,5,59.247225,-38.871275,59.483389,-37.629501,0.311919,0.139108,-95.2380,0.108851,-95.0751,0.094624,60.618430,-37.773771,-95.1193,1.144173,1.756336,-1.135041,0.144271,-1.371205,-1.097503
343,49.022,B,5,59.045009,-38.337831,59.453767,-37.886220,0.322126,0.120454,-94.5760,0.102709,-94.5322,0.092104,60.614903,-37.984500,-94.5749,1.165288,1.609164,-1.161137,0.098279,-1.569894,-0.353331
344,49.151,B,5,58.579177,-38.441416,59.390268,-37.998384,0.309115,0.096183,-94.0517,0.097910,-94.0071,0.091806,60.611810,-38.201169,-94.0484,1.238260,2.046782,-1.221542,0.202785,-2.032633,-0.240247
345,49.288,B,5,59.791128,-39.569413,59.252413,-38.101516,0.304583,0.060781,-93.6485,0.094293,-93.5014,0.084672,60.608864,-38.421711,-93.5411,1.393730,1.409224,-1.356451,0.320194,-0.817736,-1.147702
346,49.425,B,5,59.476048,-39.140947,59.353215,-38.396692,0.320906,0.078558,-93.0741,0.088807,-93.0169,0.081382,60.605671,-38.644027,-93.0548,1.276644,1.234090,-1.252456,0.247335,-1.129623,-0.496920
347,49.578,B,5,59.846129,-39.283202,59.379862,-38.553720,0.322863,0.079370,-92.6965,0.086360,-92.5533,0.076522,60.602226,-38.866857,-92.5897,1.261835,0.863149,-1.222364,0.313137,-0.756097,-0.416345
348,49.726,B,5,59.840540,-39.854609,59.470128,-38.719516,0.310693,0.089080,-92.1557,0.082243,-92.1077,0.078439,60.599039,-39.090287,-92.1428,1.188238,1.076805,-1.128910,0.370771,-0.758499,-0.764322
349,49.865,B,5,58.661557,-39.723232,59.543692,-38.951555,0.320790,0.096698,-91.7143,0.079677,-91.6752,0.079196,60.596822,-39.315684,-91.7094,1.114304,1.977712,-1.053130,0.364129,-1.935265,-0.407548
350,49.995,B,5,59.463376,-40.322166,59.395284,-39.120064,0.319717,0.057289,-91.2767,0.078184,-91.2518,0.076078,60.595992,-39.544999,-91.2854,1.273683,1.373611,-1.200708,0.424935,-1.132616,-0.777167
351,50.132,B,5,59.623960,-40.699625,59.412454,-39.364815,0.332241,0.056496,-90.8500,0.076514,-90.8361,0.066959,60.596402,-39.779817,-90.8691,1.254575,1.338540,-1.183948,0.415002,-0.972442,-0.919808
352,50.265,B,5,59.687781,-40.931671,59.455295,-39.634348,0.348170,0.060808,-90.4320,0.074978,-90.4295,0.070764,60.597515,-40.020630,-90.4616,1.205769,1.287482,-1.142220,0.386282,-0.909734,-0.911041
353,50.402,B,5,60.092594,-41.703698,59.502484,-39.898685,0.361271,0.065032,-90.0361,0.072529,-90.0335,0.071971,60.598884,-40.266634,-90.0648,1.156493,1.523641,-1.096399,0.367949,-0.506289,-1.437064
354,50.534,B,5,59.099944,-41.023413,59.614011,-40.254560,0.391192,0.081921,-89.6540,0.069868,-89.6484,0.066956,60.600549,-40.516093,-89.6788,1.020616,1.584042,-0.986538,0.261532,-1.500605,-0.507320
355,50.675,B,5,59.922760,-41.413022,59.530776,-40.428975,0.381777,0.056029,-89.2860,0.067391,-89.2725,0.059651,60.603025,-40.767102,-89.3023,1.124298,0.938068,-1.072248,0.338127,-0.680265,-0.645920
356,50.824,B,5,59.467126,-42.136284,59.606582,-40.640705,0.380498,0.065279,-88.9117,0.066419,-88.9037,0.072244,60.606886,-41.018422,-88.9330,1.069242,1.596455,-1.000304,0.377717,-1.139760,-1.117863
357,50.961,B,5,60.165930,-41.643871,59.588977,-40.943364,0.398050,0.054278,-88.5391,0.065725,-88.5414,0.061380,60.612307,-41.270011,-88.5701,1.074199,0.582258,-1.023331,0.326646,-0.446378,-0.373860
358,51.095,B,5,59.277541,-42.036646,59.698019,-41.106109,0.385158,0.069895,-88.1809,0.064309,-88.1864,0.073353,60.618916,-41.523009,-88.2145,1.010869,1.436353,-0.920897,0.416900,-1.341375,-0.513637
359,51.239,B,5,59.729467,-42.260571,59.631241,-41.308572,0.381674,0.047710,-87.8265,0.063137,-87.8408,0.058636,60.626063,-41.779185,-87.8680,1.100521,1.017653,-0.994822,0.470613,-0.896596,-0.481386
360,51.374,B,5,59.755651,-42.525361,59.654866,-41.514571,0.379470,0.046174,-87.4939,0.061091,-87.5059,0.059542,60.633311,-42.040137,-87.5323,1.110664,1.002861,-0.978445,0.525566,-0.877660,-0.485225
361,51.500,B,5,59.937372,-43.473451,59.679008,-41.730738,0.379604,0.044608,-87.1592,0.059812,-87.1812,0.052548,60.640746,-42.306575,-87.2068,1.120950,1.362473,-0.961738,0.575837,-0.703374,-1.166876
362,51.624,B,5,59.760598,-42.531867,59.731316,-42.077226,0.406343,0.047928,-86.8496,0.057384,-86.8645,0.054940,60.648866,-42.577994,-86.8896,1.045307,0.889465,-0.917550,0.500768,-0.888268,0.046127
363,51.760,B,5,59.602210,-43.698822,59.743384,-42.196901,0.383752,0.043829,-86.5430,0.055725,-86.5543,0.052031,60.658132,-42.852891,-86.5789,1.125649,1.352986,-0.914747,0.655990,-1.055922,-0.845931
364,51.897,B,5,59.863064,-44.620931,59.724869,-42.500829,0.400901,0.032376,-86.2528,0.053615,-86.2514,0.042249,60.668539,-43.129457,-86.2753,1.133881,1.695076,-0.943670,0.628628,-0.805475,-1.491474
365,52.032,B,5,59.614216,-43.241815,59.755333,-42.916415,0.439141,0.030782,-85.9625,0.052324,-85.9584,0.053998,60.679557,-43.406406,-85.9814,1.046079,1.077980,-0.924224,0.489991,-1.065341,0.164592
366,52.181,B,5,59.924305,-44.551632,59.736225,-43.016252,0.408437,0.022131,-85.6916,0.050018,-85.6784,0.054542,60.690484,-43.683530,-85.7003,1.164418,1.157857,-0.954259,0.667278,-0.766179,-0.868102
367,52.314,B,5,59.184220,-44.393418,59.774968,-43.328564,0.424992,0.023665,-85.4169,0.048999,-85.4126,0.052414,60.700939,-43.961693,-85.4333,1.121728,1.576966,-0.925971,0.633129,-1.516719,-0.431725
368,52.449,B,5,59.535854,-45.139696,59.675473,-43.558668,0.421257,-0.002289,-85.1666,0.046642,-85.1597,0.040448,60.711114,-44.242395,-85.1795,1.240982,1.478643,-1.035641,0.683728,-1.175260,-0.897301
369,52.582,B,5,59.712279,-44.398159,59.653975,-43.880477,0.437479,-0.010917,-84.9297,0.044425,-84.9168,0.041159,60.721628,-44.527111,-84.9359,1.248206,1.017553,-1.067653,0.646634,-1.009349,0.128952
370,52.723,B,5,60.121384,-44.964349,59.667126,-44.014613,0.414265,-0.009105,-84.6857,0.043559,-84.6815,0.044993,60.733056,-44.816631,-84.7001,1.333956,0.629256,-1.065930,0.802018,-0.611671,-0.147718
371,52.863,B,5,60.190483,-45.264812,59.749998,-44.215027,0.418317,0.005639,-84.5073,0.041826,-84.4538,0.042319,60.745494,-45.110684,-84.4717,1.339109,0.576014,-0.995495,0.895657,-0.555010,-0.154128
372,52.999,B,5,59.332739,-46.677271,59.833674,-44.447662,0.410065,0.018043,-84.2384,0.040462,-84.2356,0.043392,60.758488,-45.408032,-84.2527,1.333264,1.908855,-0.924815,0.960370,-1.425749,-1.269239
373,53.122,B,5,60.132837,-46.455231,59.749663,-44.874239,0.458302,-0.008674,-84.0642,0.039630,-84.0294,0.039653,60.771370,-45.707005,-84.0454,1.318099,0.983650,-1.021707,0.832766,-0.638533,-0.748226
374,53.254,B,5,59.720246,-46.045738,59.821291,-45.196518,0.473657,0.001084,-83.8536,0.038399,-83.8530,0.031300,60.783675,-46.005431,-83.8623,1.257188,1.064192,-0.962383,0.808913,-1.063428,-0.040307
375,53.401,B,5,59.231288,-47.200732,59.809010,-45.399509,0.449591,-0.005597,-83.7124,0.029862,-83.7480,0.007936,60.795119,-46.299309,-83.7556,1.334935,1.805029,-0.986109,0.899800,-1.563831,-0.901423
376,53.543,B,5,59.354684,-47.511271,59.710111,-45.753264,0.478442,-0.032695,-83.6467,0.024448,-83.6650,0.012552,60.806395,-46.593653,-83.6708,1.381337,1.717407,-1.096283,0.840389,-1.451710,-0.917618
377,53.683,B,5,59.550503,-47.194541,59.649121,-46.118900,0.485783,-0.048243,-83.5684,0.018159,-83.6036,0.009298,60.818350,-46.889531,-83.6079,1.400346,1.304020,-1.169229,0.770631,-1.267847,-0.305010
378,53.824,B,5,59.713217,-47.990196,59.632160,-46.347326,0.487004,-0.052176,-83.5279,0.014923,-83.5524,0.000606,60.832541,-47.187049,-83.5566,1.464941,1.377654,-1.200381,0.839723,-1.119324,-0.803147
379,53.962,B,5,59.736450,-48.182178,59.646970,-46.693630,0.490789,-0.049553,-83.4572,0.012928,-83.4957,0.011804,60.849822,-47.486117,-83.5005,1.440447,1.313049,-1.202852,0.792487,-1.113372,-0.696061
380,54.102,B,5,59.964120,-48.576284,59.663573,-47.005772,0.497277,-0.047346,-83.3948,0.012185,-83.4367,0.012999,60.868668,-47.786622,-83.4413,1.435960,1.200738,-1.205095,0.780850,-0.904548,-0.789662
381,54.240,B,5,59.728863,-49.581880,59.717625,-47.322767,0.517310,-0.038987,-83.3537,0.011019,-83.3860,0.006730,60.886439,-48.088491,-83.3896,1.397304,1.889495,-1.168814,0.765725,-1.157576,-1.493389
382,54.380,B,5,60.162883,-48.711878,59.722020,-47.782029,0.538937,-0.043134,-83.2939,0.009933,-83.3489,0.001433,60.901826,-48.391682,-83.3513,1.328013,0.805333,-1.179806,0.609653,-0.738943,-0.320196
383,54.510,B,5,60.221906,-49.422409,59.802376,-47.999417,0.522300,-0.026937,-83.2765,0.007108,-83.3162,0.003559,60.916055,-48.696066,-83.3191,1.313621,1.004698,-1.113679,0.696649,-0.694149,-0.726343
384,54.645,B,5,59.957271,-49.451124,59.880371,-48.302804,0.524901,-0.015118,-83.2352,0.007182,-83.2753,0.003698,60.931905,-49.001654,-83.2790,1.262583,1.073282,-1.051534,0.698851,-0.974634,-0.449469
385,54.785,B,5,60.198947,-49.536249,59.898600,-48.557493,0.516004,-0.015649,-83.1849,0.007960,-83.2201,0.012477,60.951466,-49.308230,-83.2251,1.293110,0.786307,-1.052866,0.750737,-0.752520,-0.228019
386,54.922,B,5,59.839993,-50.532359,59.956499,-48.781126,0.502805,-0.007444,-83.1208,0.009536,-83.1528,0.014067,60.974524,-49.615915,-83.1584,1.316528,1.458434,-1.018025,0.834789,-1.134531,-0.916444
387,55.067,B,5,59.745630,-50.757293,59.940905,-49.140904,0.516862,-0.018269,-83.0505,0.010653,-83.0841,0.012984,60.998694,-49.925144,-83.0894,1.316795,1.504208,-1.057789,0.784239,-1.253064,-0.832149
388,55.207,B,5,60.038816,-51.161153,59.910471,-49.478242,0.524394,-0.030375,-82.9847,0.011180,-83.0243,0.006663,61.021409,-50.236247,-83.0286,1.344899,1.349422,-1.110938,0.758005,-0.982593,-0.924906
389,55.338,B,5,59.739724,-49.487390,59.936593,-49.828256,0.534936,-0.030048,-82.9448,0.009491,-82.9768,-0.002605,61.041898,-50.549052,-82.9804,1.319562,1.680113,-1.105305,0.720796,-1.302174,1.061662
390,55.468,B,5,59.825274,-52.196914,59.904994,-49.818988,0.470463,-0.032751,-82.9039,0.008716,-82.9314,0.011452,61.061911,-50.863161,-82.9353,1.558446,1.818837,-1.156917,1.044173,-1.236637,-1.333753
391,55.611,B,5,60.170611,-51.500860,59.893316,-50.287590,0.510222,-0.042800,-82.8524,0.008933,-82.8771,0.011415,61.084140,-51.178096,-82.8819,1.486964,0.968872,-1.190824,0.890505,-0.913529,-0.322764
392,55.747,B,5,59.784281,-51.598261,59.944746,-50.552745,0.505932,-0.034055,-82.7882,0.009845,-82.8084,0.016919,61.110064,-51.493640,-82.8144,1.497748,1.329904,-1.165318,0.940894,-1.325783,-0.104621
393,55.882,B,5,60.142836,-51.967654,59.919096,-50.787482,0.494117,-0.041154,-82.7124,0.011310,-82.7302,0.005736,61.138810,-51.809908,-82.7365,1.591558,1.008389,-1.219714,1.022425,-0.995974,-0.157746
394,56.031,B,5,59.919213,-53.415345,59.961064,-51.045137,0.489982,-0.034428,-82.6442,0.011655,-82.6534,0.011375,61.167864,-52.127273,-82.6592,1.620920,1.793950,-1.206800,1.082135,-1.248651,-1.288072
395,56.168,B,5,60.109559,-53.212829,59.956416,-51.514185,0.527769,-0.043268,-82.5833,0.011201,-82.5869,0.012948,61.195075,-52.446180,-82.5917,1.550126,1.328945,-1.238658,0.931996,-1.085516,-0.766648
396,56.301,B,5,59.912289,-53.379534,59.986149,-51.867410,0.538697,-0.041313,-82.5212,0.011000,-82.5302,0.010629,61.220346,-52.766875,-82.5345,1.527180,1.444425,-1.234197,0.899465,-1.308057,-0.612659
397,56.435,B,5,60.320721,-54.207704,59.975846,-52.188502,0.540843,-0.046902,-82.4624,0.010781,-82.4744,0.010052,61.245597,-53.089222,-82.4791,1.556780,1.451343,-1.269751,0.900720,-0.924876,-1.118481
398,56.565,B,5,60.304119,-55.046759,60.039653,-52.600091,0.562866,-0.039331,-82.3945,0.011238,-82.4093,0.011267,61.273157,-53.412838,-82.4150,1.477189,1.899666,-1.233503,0.812747,-0.969037,-1.633921
399,56.699,B,5,60.704032,-54.754345,60.090231,-53.089772,0.597731,-0.037437,-82.3157,0.012280,-82.3338,0.009228,61.303953,-53.737282,-82.3394,1.375641,1.180814,-1.213722,0.647510,-0.599921,-1.017063
400,56.830,B,5,60.310915,-54.883636,60.203681,-53.443514,0.602848,-0.019638,-82.2387,0.012843,-82.2619,0.009579,61.337363,-54.061097,-82.2676,1.290985,1.315357,-1.133682,0.617583,-1.026448,-0.822539
401,56.984,B,5,61.230675,-54.383346,60.228781,-53.757510,0.597050,-0.020717,-82.1611,0.013240,-82.1951,0.010846,61.370215,-54.386209,-82.2000,1.303125,0.139569,-1.141434,0.628698,-0.139540,0.002862
402,57.110,B,5,60.270340,-55.331915,60.412990,-53.926043,0.566902,0.014199,-82.1102,0.011327,-82.1404,0.004106,61.400840,-54.712794,-82.1444,1.262864,1.288931,-0.987850,0.786751,-1.130501,-0.619121
403,57.281,B,5,59.963076,-55.254298,60.396425,-54.230068,0.562131,0.000953,-82.0771,0.009076,-82.0954,0.007010,61.429603,-55.040888,-82.0988,1.313349,1.481974,-1.033179,0.810820,-1.466527,-0.213409
404,57.420,B,5,60.721588,-55.784866,60.326852,-54.465967,0.542726,-0.019643,-82.0322,0.008735,-82.0496,0.008782,61.458586,-55.370453,-82.0535,1.448765,0.845521,-1.131734,0.904487,-0.736999,-0.414413
405,57.553,B,5,59.769105,-57.066526,60.402507,-54.752641,0.539759,-0.010064,-81.9881,0.008381,-81.9935,0.004515,61.489848,-55.701429,-81.9984,1.443090,2.196462,-1.087341,0.948788,-1.720743,-1.365098
406,57.685,B,5,60.123516,-56.314557,60.296099,-55.216071,0.567681,-0.043183,-81.9237,0.009680,-81.9261,0.006322,61.523783,-56.033771,-81.9317,1.475073,1.428141,-1.227684,0.817700,-1.400267,-0.280786
407,57.825,B,5,59.877318,-58.433979,60.268977,-55.466196,0.551631,-0.050662,-81.8625,0.010117,-81.8554,0.013628,61.558848,-56.367528,-81.8609,1.573585,2.664163,-1.289872,0.901332,-1.681530,-2.066451
408,57.951,B,5,60.566381,-57.979005,60.201781,-56.035242,0.615293,-0.076168,-81.8032,0.011198,-81.7920,0.013630,61.592835,-56.702826,-81.7967,1.542952,1.637755,-1.391054,0.667584,-1.026454,-1.276179
409,58.092,B,5,61.418875,-57.402510,60.268202,-56.452318,0.616071,-0.064139,-81.7346,0.010402,-81.7401,0.013790,61.624672,-57.039698,-81.7439,1.478184,0.417115,-1.356470,0.587380,-0.205797,-0.362812
410,58.223,B,5,60.551643,-58.630733,60.474206,-56.666447,0.609347,-0.021637,-81.6969,0.009752,-81.6941,0.010891,61.655237,-57.377934,-81.6978,1.378784,1.669558,-1.181030,0.711487,-1.103594,-1.252798
411,58.358,B,5,60.594451,-58.945458,60.494135,-57.070625,0.622403,-0.026931,-81.6408,0.009939,-81.6429,0.017603,61.686635,-57.717192,-81.6475,1.356505,1.643625,-1.192500,0.646566,-1.092184,-1.228266
412,58.490,B,5,61.093640,-58.662917,60.519129,-57.472681,0.619063,-0.029935,-81.5409,0.012345,-81.5786,0.005355,61.720561,-58.057300,-81.5843,1.336120,0.871666,-1.201432,0.584618,-0.626921,-0.605618
413,58.631,B,5,60.667422,-58.985323,60.627291,-57.743731,0.605040,-0.012694,-81.4758,0.011884,-81.5021,0.012872,61.756996,-58.398424,-81.5085,1.305702,1.237588,-1.129705,0.654693,-1.089574,-0.586899
414,58.778,B,5,60.076133,-59.651252,60.641910,-58.022309,0.591461,-0.016505,-81.3926,0.013078,-81.4218,0.014881,61.794335,-58.740898,-81.4282,1.358106,1.944470,-1.152425,0.718588,-1.718202,-0.910355
415,58.922,B,5,61.073329,-59.800341,60.548224,-58.368647,0.589870,-0.043690,-81.3216,0.012841,-81.3464,0.014464,61.830752,-59.084929,-81.3521,1.468992,1.041876,-1.282528,0.716281,-0.757423,-0.715412
416,59.055,B,5,59.856194,-60.161324,60.646132,-58.680173,0.587142,-0.028311,-81.2505,0.012710,-81.2769,0.015793,61.865734,-59.430442,-81.2824,1.431898,2.138326,-1.219602,0.750269,-2.009540,-0.730881
417,59.189,B,5,60.721991,-60.438212,60.511478,-59.000060,0.579432,-0.061723,-81.1866,0.012058,-81.2060,0.012199,61.900543,-59.777100,-81.2119,1.591632,1.351316,-1.389065,0.777040,-1.178552,-0.661113
418,59.327,B,5,60.747660,-61.249794,60.551695,-59.312093,0.576268,-0.056015,-81.1034,0.013188,-81.1234,0.016251,61.937202,-60.124436,-81.1306,1.606091,1.637511,-1.385507,0.812343,-1.189542,-1.125358
419,59.456,B,5,61.172924,-60.566157,60.589906,-59.712518,0.591152,-0.054150,-81.0143,0.014187,-81.0242,0.019064,61.976919,-60.472096,-81.0327,1.581380,0.809478,-1.387013,0.759578,-0.803995,-0.094061
420,59.592,B,5,60.656470,-62.054163,60.697510,-59.921450,0.568037,-0.032799,-80.9046,0.016202,-80.9118,0.023380,62.019204,-60.820071,-80.9211,1.598247,1.838485,-1.321694,0.898621,-1.362734,-1.234092
421,59.732,B,5,61.298454,-61.747882,60.695830,-60.355498,0.589388,-0.042898,-80.7967,0.017203,-80.7950,0.019142,62.062355,-61.168703,-80.8043,1.590186,0.958641,-1.366525,0.813205,-0.763900,-0.579179
422,59.874,B,5,61.766927,-62.049640,60.808165,-60.659927,0.585839,-0.025032,-80.6973,0.017084,-80.6805,0.013776,62.104911,-61.518370,-80.6895,1.555144,0.629667,-1.296745,0.858444,-0.337984,-0.531270
423,60.026,B,5,61.184200,-62.359311,60.985629,-60.963196,0.584574,0.003762,-80.5959,0.017327,-80.5675,0.020070,62.146861,-61.869137,-80.5766,1.472816,1.080272,-1.161232,0.905940,-0.962661,-0.490175
424,60.174,B,5,61.086772,-63.720642,61.030617,-61.267084,0.579388,0.002531,-80.4793,0.018527,-80.4485,0.021830,62.189650,-62.220706,-80.4585,1.500917,1.861760,-1.159033,0.953621,-1.102878,-1.499937
425,60.299,B,5,60.555345,-62.378716,61.050200,-61.758715,0.611624,-0.009842,-80.3567,0.019783,-80.3160,0.024511,62.235025,-62.572673,-80.3272,1.437476,1.690841,-1.184825,0.813958,-1.679680,0.193957
426,60.437,B,5,61.023654,-64.245334,60.971122,-61.927171,0.572102,-0.030167,-80.2231,0.021194,-80.1682,0.021579,62.283636,-62.924801,-80.1805,1.648623,1.825202,-1.312514,0.997630,-1.259983,-1.320533
427,60.563,B,5,61.885017,-64.170116,60.987135,-62.394504,0.600161,-0.039059,-80.0623,0.024007,-80.0106,0.025427,62.334572,-63.277094,-80.0233,1.610761,0.999794,-1.347437,0.882590,-0.449555,-0.893022
428,60.701,B,5,61.586650,-64.062400,61.153394,-62.767970,0.611187,-0.013880,-79.8867,0.026723,-79.8518,0.029116,62.386098,-63.629710,-79.8644,1.504046,0.909031,-1.232704,0.861740,-0.799448,-0.432690
429,60.841,B,5,62.030454,-64.715218,61.239635,-63.056449,0.601245,-0.004930,-79.7337,0.026541,-79.7058,0.012859,62.437032,-63.982824,-79.7103,1.513912,0.837679,-1.197397,0.926375,-0.406578,-0.732393
430,60.971,B,5,61.728030,-64.515065,61.389602,-63.408850,0.607449,0.013559,-80.1059,-0.013488,-80.1402,-0.069029,62.491295,-64.328642,-80.1089,1.435181,0.785702,-1.101693,0.919792,-0.763265,-0.186423
431,61.113,B,5,61.351733,-65.638934,61.461319,-63.663011,0.590583,0.017473,-80.0416,-0.000173,-80.0096,0.102467,62.541957,-64.669060,-80.0557,1.476452,1.535347,-1.080638,1.006049,-1.190224,-0.969875
432,61.251,B,5,61.907437,-65.355898,61.453724,-64.070312,0.603562,-0.000346,-79.7742,0.016320,-79.7972,-0.059247,62.592863,-65.004786,-79.7709,1.473390,0.770122,-1.139139,0.934474,-0.685426,-0.351112
433,61.384,B,5,62.046237,-66.085869,61.543990,-64.356529,0.594191,0.007837,-80.2498,-0.024258,-80.2892,-0.023796,62.651178,-65.330350,-80.2759,1.474514,0.967865,-1.107188,0.973821,-0.604941,-0.755520
434,61.515,B,5,61.712021,-67.204342,61.644058,-64.720473,0.601796,0.014179,-80.1626,-0.007188,-80.1947,-0.037518,62.707259,-65.658401,-80.1810,1.417782,1.838595,-1.063201,0.937929,-0.995238,-1.545941
435,61.645,B,5,61.083567,-67.530709,61.666624,-65.219548,0.632859,-0.000195,-80.6802,-0.042790,-80.7509,-0.070794,62.767179,-65.979003,-80.7187,1.337158,2.289616,-1.100555,0.759454,-1.683612,-1.551706
436,61.772,B,5,62.112907,-66.626378,61.572486,-65.691120,0.650790,-0.035194,-80.9221,-0.042869,-81.0074,-0.110298,62.823744,-66.299019,-80.9585,1.391110,0.782594,-1.251258,0.607899,-0.710837,-0.327359
437,61.910,B,5,62.818929,-67.697594,61.673093,-65.907426,0.637611,-0.018602,-81.3662,-0.060782,-81.5137,-0.075713,62.880828,-66.611612,-81.4787,1.398035,1.087745,-1.207735,0.704187,-0.061900,-1.085982
438,62.042,B,5,61.626814,-67.782365,61.883008,-66.283443,0.648559,0.014383,-81.8858,-0.073839,-82.1087,-0.103242,62.937995,-66.916752,-82.0603,1.230479,1.571140,-1.054987,0.633309,-1.311181,-0.865613
439,62.189,B,5,61.728023,-68.744860,61.846829,-66.608354,0.638711,-0.005074,-82.4853,-0.086743,-82.7404,-0.114874,62.996140,-67.213919,-82.6875,1.299087,1.987939,-1.149311,0.605566,-1.268117,-1.530941
440,62.320,B,5,61.499364,-68.325420,61.833338,-67.058546,0.642243,-0.020783,-83.3087,-0.102673,-83.4367,-0.127649,63.055492,-67.503709,-83.3786,1.300704,1.759757,-1.222154,0.445163,-1.556128,-0.821711
441,62.452,B,5,61.900200,-69.171650,61.778122,-67.332602,0.636601,-0.038054,-83.7632,-0.099853,-83.8409,0.017106,63.111779,-67.788886,-83.8479,1.409551,1.838467,-1.333656,0.456283,-1.211579,-1.382765
442,62.598,B,5,62.516407,-68.016588,61.803172,-67.730011,0.630281,-0.038421,-84.1771,-0.084868,-84.2959,-0.165992,63.164313,-68.065709,-84.2207,1.401927,0.649766,-1.361141,0.335698,-0.647906,0.049122
443,62.744,B,5,62.477873,-68.953223,61.930529,-67.829866,0.595181,-0.010810,-85.1030,-0.126413,-85.4278,-0.142302,63.224946,-68.340986,-85.3645,1.391676,0.965895,-1.294418,0.511120,-0.747074,-0.612238
444,62.876,B,5,62.075948,-69.822295,62.030179,-68.097123,0.567807,0.004382,-85.6872,-0.098249,-85.7153,-0.046618,63.272700,-68.612610,-85.6955,1.345208,1.701633,-1.242521,0.515487,-1.196752,-1.209686
445,63.003,B,5,61.703640,-69.643883,62.041262,-68.445216,0.589004,-0.001357,-86.1651,-0.105293,-86.5062,-0.175363,63.324585,-68.881033,-86.4234,1.355306,1.791481,-1.283323,0.435817,-1.620945,-0.762850
446,63.135,B,5,61.658539,-69.233711,61.927548,-68.813363,0.582724,-0.032608,-86.8408,-0.095152,-86.9536,-0.027732,63.373422,-69.144285,-86.9410,1.483260,1.717213,-1.445874,0.330922,-1.714883,-0.089427
447,63.269,B,5,61.935018,-70.402935,61.927181,-68.869485,0.526736,-0.029470,-87.4681,-0.102272,-87.5675,-0.100156,63.422642,-69.401103,-87.5188,1.587142,1.793514,-1.495461,0.531618,-1.487624,-1.001833
448,63.406,B,5,62.288151,-69.373857,61.927753,-69.193700,0.531310,-0.030771,-87.8958,-0.090802,-87.9881,-0.096243,63.468671,-69.650065,-87.9448,1.607077,1.212402,-1.540918,0.456365,-1.180520,0.276208
449,63.550,B,5,62.150853,-70.967255,61.990742,-69.277019,0.487661,-0.015293,-88.3721,-0.087028,-88.4515,-0.074518,63.513064,-69.891281,-88.4158,1.641579,1.735897,-1.522323,0.614262,-1.362211,-1.075974
450,63.681,B,5,61.895782,-71.046726,62.018736,-69.625058,0.502053,-0.011761,-88.8641,-0.086818,-88.9933,-0.165478,63.555151,-70.125875,-88.9224,1.615978,1.897754,-1.536414,0.500817,-1.659369,-0.920851
451,63.820,B,5,62.484176,-72.606418,61.995595,-69.926456,0.504844,-0.017709,-89.9043,-0.124596,-89.9958,-0.109521,63.598780,-70.354071,-89.9441,1.659234,2.513048,-1.603185,0.427615,-1.114604,-2.252347
452,63.961,B,5,61.394513,-71.030237,62.080869,-70.452190,0.553775,-0.002366,-90.1521,-0.087703,-90.1698,-0.006940,63.637747,-70.587291,-90.1670,1.562729,2.286548,-1.556878,0.135101,-2.243234,-0.442945
453,64.094,B,5,62.480726,-71.571213,61.957974,-70.608240,0.520680,-0.027567,-90.7216,-0.095923,-90.8349,-0.206527,63.678681,-70.816800,-90.7393,1.733300,1.415710,-1.720707,0.208560,-1.197955,-0.754413
454,64.228,B,5,62.223710,-71.894500,62.046967,-70.829691,0.505849,-0.006775,-91.5977,-0.116854,-91.6788,-0.068917,63.722202,-71.043049,-91.6470,1.688768,1.723499,-1.675236,0.213358,-1.498493,-0.851450
455,64.364,B,5,62.840502,-71.565689,62.076260,-71.067856,0.495797,-0.000154,-92.0813,-0.105445,-92.1908,-0.175738,63.761859,-71.270098,-92.1112,1.697688,0.967612,-1.685599,0.202242,-0.921357,-0.295591
456,64.496,B,5,62.651903,-71.669576,62.209755,-71.204177,0.466169,0.027482,-93.0871,-0.132808,-93.2041,-0.106944,63.804971,-71.489274,-93.1539,1.620492,1.167079,-1.595216,0.285097,-1.153068,-0.180303
457,64.637,B,5,62.224998,-72.047377,62.288333,-71.331994,0.438025,0.041013,-93.8683,-0.136497,-94.0247,-0.199710,63.844945,-71.705441,-93.9285,1.600782,1.655641,-1.556611,0.373447,-1.619947,-0.341936
458,64.763,B,5,62.286349,-71.228938,62.277619,-71.501677,0.421842,0.035389,-94.7939,-0.146325,-94.9551,-0.189027,63.886146,-71.915575,-94.8691,1.660924,1.740925,-1.608527,0.413898,-1.599796,0.686637
459,64.902,B,5,62.421181,-72.785654,62.278804,-71.493808,0.371455,0.031957,-95.8065,-0.158765,-95.9590,-0.177670,63.928757,-72.121747,-95.8768,1.765404,1.647288,-1.649953,0.627939,-1.507575,-0.663907
460,65.038,B,5,63.170823,-73.368521,62.302921,-71.759564,0.382123,0.036369,-96.8619,-0.169137,-97.0135,-0.183040,63.972901,-72.325843,-96.9272,1.763379,1.315487,-1.669980,0.566279,-0.802078,-1.042678
461,65.185,B,5,62.357170,-73.558324,62.455690,-72.083038,0.401384,0.067958,-97.9699,-0.179213,-98.1184,-0.192190,64.018164,-72.529237,-98.0281,1.624936,1.953950,-1.562474,0.446198,-1.660994,-1.029087
462,65.328,B,5,63.534861,-73.649037,62.438483,-72.384701,0.416219,0.062201,-99.1284,-0.188497,-99.2740,-0.205068,64.063727,-72.732379,-99.1797,1.662017,1.058283,-1.625245,0.347677,-0.528866,-0.916658
463,65.474,B,5,62.631529,-74.362538,62.632374,-72.650456,0.417802,0.100101,-100.3326,-0.197440,-100.4797,-0.216308,64.109131,-72.934613,-100.3815,1.503848,2.054818,-1.476757,0.284157,-1.477602,-1.427925
464,65.616,B,5,63.370797,-74.432612,62.633548,-72.996394,0.439075,0.097599,-101.5827,-0.205903,-101.7329,-0.216844,64.154699,-73.134568,-101.6310,1.527414,1.516384,-1.521152,0.138174,-0.783903,-1.298043
465,65.761,B,5,62.889469,-74.562786,62.764550,-73.295432,0.444710,0.121557,-102.8731,-0.213830,-103.0292,-0.229759,64.201369,-73.330853,-102.9240,1.437256,1.799650,-1.436819,0.035421,-1.311900,-1.231933
466,65.897,B,5,63.481965,-73.822354,62.787750,-73.565369,0.446503,0.121361,-104.2113,-0.221601,-104.3652,-0.225518,64.250055,-73.522696,-104.2569,1.462928,0.824474,-1.462305,-0.042672,-0.768091,-0.299658
467,66.035,B,5,62.928448,-74.493270,62.911461,-73.655847,0.408389,0.135984,-105.5801,-0.228714,-105.7387,-0.249696,64.301032,-73.710262,-105.6275,1.390636,1.580217,-1.389571,0.054415,-1.372584,-0.783007
468,66.166,B,5,62.851163,-74.394277,62.915754,-73.846213,0.398662,0.129397,-106.9967,-0.236018,-107.1492,-0.247323,64.353774,-73.894542,-107.0350,1.438832,1.583533,-1.438020,0.048329,-1.502611,-0.499735
469,66.308,B,5,62.509759,-74.199149,62.904288,-73.983968,0.380163,0.118965,-108.4366,-0.242088,-108.5963,-0.246376,64.407338,-74.076927,-108.4792,1.505922,1.901512,-1.503050,0.092959,-1.897580,-0.122222
470,66.460,B,5,62.846768,-74.838805,62.832868,-74.060366,0.354564,0.095565,-109.8974,-0.247093,-110.0787,-0.264002,64.460983,-74.258660,-109.9589,1.640146,1.715301,-1.628116,0.198293,-1.614215,-0.580145
471,66.601,B,5,63.268412,-75.731035,62.831653,-74.233967,0.347484,0.094197,-111.4085,-0.253587,-111.5939,-0.265854,64.514574,-74.440362,-111.4715,1.695530,1.794090,-1.682921,0.206395,-1.246162,-1.290673
472,66.760,B,5,63.958597,-76.135504,62.904579,-74.534797,0.361428,0.115598,-112.9612,-0.260327,-113.1389,-0.265744,64.568545,-74.621805,-113.0142,1.666238,1.631969,-1.663965,0.087008,-0.609948,-1.513700
473,66.895,B,5,63.254838,-76.063353,63.087670,-74.856191,0.369971,0.158433,-114.5383,-0.266170,-114.7125,-0.271287,64.623517,-74.802011,-114.5855,1.536803,1.861253,-1.535847,-0.054180,-1.368679,-1.261341
474,67.022,B,5,62.818132,-76.089284,63.115447,-75.111277,0.373517,0.163342,-116.2115,-0.271943,-116.3150,-0.284423,64.679901,-74.979695,-116.1857,1.569977,2.167341,-1.564454,-0.131582,-1.861769,-1.109588
475,67.161,B,5,63.810133,-76.646832,63.059813,-75.324373,0.374797,0.150242,-117.8477,-0.277324,-117.9473,-0.287397,64.737719,-75.153887,-117.8156,1.686545,1.757641,-1.677906,-0.170486,-0.927586,-1.492945
476,67.300,B,5,63.407154,-76.307564,63.188971,-75.588493,0.380466,0.183041,-119.1095,-0.281139,-119.6093,-0.294772,64.796707,-75.324456,-119.4752,1.629273,1.702163,-1.607736,-0.264037,-1.389553,-0.983108
477,67.450,B,5,63.316222,-75.983886,63.224555,-75.754647,0.364628,0.183541,-120.7966,-0.286178,-121.2987,-0.289256,64.856492,-75.492253,-121.1626,1.652898,1.616829,-1.631937,-0.262394,-1.540270,-0.491633
478,67.589,B,5,62.867149,-76.629137,63.237498,-75.832886,0.335450,0.172451,-122.5035,-0.290647,-123.0121,-0.305694,64.916665,-75.658766,-122.8742,1.688170,2.267627,-1.679166,-0.174120,-2.049515,-0.970371
479,67.725,B,5,63.659854,-76.511840,63.167950,-76.008152,0.335699,0.157048,-124.2336,-0.294716,-124.7462,-0.299086,64.976744,-75.825418,-124.6067,1.818001,1.485051,-1.808795,-0.182733,-1.316891,-0.686422
480,67.865,B,5,63.286533,-77.848127,63.248973,-76.131032,0.310687,0.166742,-125.9842,-0.298776,-126.5000,-0.307933,65.036200,-75.992867,-126.3590,1.792560,2.550162,-1.787228,-0.138165,-1.749667,-1.855260
481,68.014,B,5,63.186300,-77.023567,63.249032,-76.474558,0.327804,0.180272,-128.1010,-0.302353,-128.2752,-0.310819,65.094626,-76.160703,-128.1323,1.872090,2.094336,-1.845594,-0.313855,-1.908326,-0.862864
482,68.162,B,5,63.717867,-76.035199,63.231513,-76.607492,0.314153,0.171503,-129.7027,-0.290112,-129.8057,-0.183024,65.149919,-76.329358,-129.7197,1.938464,1.461952,-1.918406,-0.278134,-1.432052,0.294159
483,68.302,B,5,63.181727,-76.698590,63.311384,-76.539794,0.257218,0.158102,-131.0815,-0.271581,-131.2145,-0.322769,65.199849,-76.497788,-131.0671,1.888932,2.028088,-1.888465,-0.042006,-2.018122,-0.200802
484,68.447,B,5,63.863553,-77.395452,63.282792,-76.596459,0.239844,0.142432,-133.1456,-0.308037,-133.3027,-0.311080,65.245437,-76.672803,-133.1574,1.964130,1.559431,-1.962645,0.076344,-1.381884,-0.722649
485,68.589,B,5,62.939546,-77.914141,63.379814,-76.764878,0.227112,0.162719,-134.4849,-0.273390,-134.5717,-0.192239,65.284094,-76.843232,-134.4838,1.905891,2.577548,-1.904280,0.078353,-2.344549,-1.070909
486,68.744,B,5,63.117251,-78.222902,63.296654,-76.995429,0.247417,0.160626,-136.0631,-0.276556,-136.1908,-0.337645,65.322598,-77.017384,-136.0349,2.026063,2.513331,-2.025944,0.021954,-2.205347,-1.205519
487,68.921,B,5,63.698890,-76.974974,63.257649,-77.241080,0.261467,0.168891,-137.4757,-0.260065,-137.5285,-0.169451,65.357350,-77.192513,-137.4509,2.100263,1.672667,-2.099701,-0.048567,-1.658460,0.217539
488,69.079,B,5,63.383667,-77.328992,63.328399,-77.222854,0.218596,0.158066,-138.8852,-0.255914,-138.9626,-0.249410,65.387607,-77.370807,-138.8458,2.064516,2.004376,-2.059208,0.147953,-2.003940,0.041814
489,69.260,B,5,64.265177,-77.535325,63.332239,-77.267038,0.198994,0.146958,-140.1009,-0.237420,-140.1714,-0.246424,65.409111,-77.550357,-140.0601,2.096108,1.144034,-2.076873,0.283319,-1.143935,0.015032
490,69.430,B,5,63.722439,-77.933574,63.492238,-77.338182,0.162953,0.163435,-141.3687,-0.229683,-141.4148,-0.212519,65.421468,-77.733681,-141.3176,1.969352,1.710748,-1.929230,0.395499,-1.699029,-0.199894
491,69.608,B,5,64.651835,-79.235810,63.530391,-77.466202,0.156074,0.168988,-142.5660,-0.220455,-142.5938,-0.202349,65.423884,-77.919900,-142.5014,1.947089,1.525673,-1.893493,0.453699,-0.772049,-1.315909
492,69.783,B,5,63.409754,-78.595386,63.727039,-77.803298,0.153977,0.227123,-143.7155,-0.211792,-143.7184,-0.189010,65.418042,-78.109457,-143.6305,1.718495,2.066240,-1.691003,0.306160,-2.008288,-0.485929
493,69.942,B,5,63.812258,-78.499371,63.671203,-77.970410,0.166513,0.219406,-144.7917,-0.201360,-144.7854,-0.178734,65.406073,-78.301870,-144.7021,1.766250,1.606005,-1.734870,0.331460,-1.593815,-0.197501
494,70.115,B,5,63.936226,-79.871699,63.695074,-78.090972,0.158755,0.216269,-145.8207,-0.191923,-145.7989,-0.166370,65.389479,-78.495891,-145.7196,1.742116,2.001198,-1.694405,0.404919,-1.453252,-1.375808
495,70.283,B,5,63.090350,-79.221948,63.736369,-78.433573,0.176574,0.251262,-146.7905,-0.182215,-146.7673,-0.163868,65.368512,-78.690010,-146.6912,1.652165,2.339441,-1.632143,0.256437,-2.278162,-0.531938
496,70.452,B,5,63.581547,-79.473041,63.620118,-78.603132,0.195375,0.235675,-147.7238,-0.173848,-147.6986,-0.159003,65.342385,-78.883305,-147.6254,1.744907,1.856970,-1.722267,0.280174,-1.760838,-0.589736
497,70.598,B,5,63.470193,-78.376404,63.609096,-78.787045,0.196228,0.237575,-148.6304,-0.167141,-148.5959,-0.151786,65.309848,-79.076098,-148.5254,1.725140,1.968223,-1.700752,0.289053,-1.839655,0.699693
498,70.750,B,5,62.949605,-79.661128,63.580155,-78.743283,0.172969,0.199735,-149.4877,-0.159653,-149.4558,-0.144354,65.269737,-79.269900,-149.3885,1.769749,2.352886,-1.689582,0.526617,-2.320132,-0.391229
499,70.903,B,5,63.594932,-80.185728,63.463050,-78.931442,0.193748,0.195264,-150.3106,-0.152785,-150.2725,-0.138251,65.221344,-79.466455,-150.2088,1.837890,1.778361,-1.758294,0.535013,-1.626412,-0.719273
500,71.042,B,5,64.021541,-79.957941,63.479091,-79.180131,0.195829,0.217029,-151.3030,-0.163739,-151.3071,-0.265225,65.167117,-79.667702,-151.1878,1.757030,1.181771,-1.688025,0.487571,-1.145576,-0.290239
501,71.179,B,5,63.555262,-80.692659,63.568523,-79.345926,0.175348,0.230363,-152.5315,-0.182163,-152.4956,-0.126390,65.115884,-79.866803,-152.4369,1.632678,1.765666,-1.547360,0.520877,-1.560622,-0.825856
502,71.331,B,5,62.154936,-80.364733,63.561305,-79.613050,0.184015,0.249611,-152.9793,-0.137605,-152.9120,-0.117547,65.057532,-80.062871,-152.8623,1.562381,2.918251,-1.496227,0.449822,-2.902596,-0.301862
503,71.471,B,5,63.147578,-79.891016,63.305616,-79.775777,0.223854,0.223605,-154.1273,-0.167068,-154.1271,-0.252341,65.006061,-80.257400,-154.0106,1.767336,1.894254,-1.700445,0.481623,-1.858483,0.366385
504,71.634,B,5,64.144342,-80.535680,63.267266,-79.824934,0.209357,0.202967,-155.1011,-0.165167,-155.0406,-0.079178,64.952788,-80.447782,-155.0033,1.796920,0.813210,-1.685522,0.622848,-0.808446,-0.087898
505,71.760,B,5,63.149979,-80.632404,63.412946,-79.977711,0.173503,0.221060,-156.0675,-0.170029,-156.0809,-0.265574,64.898939,-80.635956,-155.9577,1.625258,1.748963,-1.485993,0.658245,-1.748960,0.003552
506,71.915,B,5,62.684571,-81.018490,63.359083,-80.120261,0.176123,0.216469,-157.1791,-0.177393,-157.1663,-0.155459,64.846786,-80.824232,-157.0947,1.645855,2.170923,-1.487703,0.703972,-2.162215,-0.194257
507,72.087,B,5,63.668906,-81.160959,63.231017,-80.305583,0.195420,0.213941,-158.3316,-0.187810,-158.4927,-0.210356,64.795208,-81.012468,-158.2619,1.716502,1.136049,-1.564191,0.706885,-1.126302,-0.148491
508,72.226,B,5,62.451088,-81.752391,63.298221,-80.484962,0.175559,0.228074,-159.5713,-0.196388,-159.5433,-0.222301,64.743721,-81.199832,-159.4448,1.612609,2.358280,-1.445500,0.714870,-2.292633,-0.552558
509,72.372,B,5,62.221235,-81.359631,63.138433,-80.736901,0.205858,0.235653,-160.8250,-0.205675,-160.7945,-0.224227,64.692926,-81.385155,-160.6924,1.684245,2.471823,-1.554493,0.648254,-2.471691,0.025524
510,72.503,B,5,62.381413,-80.804635,62.963900,-80.874098,0.225689,0.220739,-162.0774,-0.214612,-162.1000,-0.229621,64.642939,-81.567316,-161.9936,1.816515,2.386668,-1.679040,0.693218,-2.261526,0.762681
511,72.632,B,5,62.960376,-81.976678,62.845930,-80.888255,0.222493,0.189352,-163.4269,-0.223237,-163.4559,-0.238763,64.594282,-81.746440,-163.3457,1.947619,1.650048,-1.748352,0.858186,-1.633906,-0.230237
512,72.776,B,5,63.518470,-82.931183,62.849740,-81.106244,0.211212,0.209265,-164.8825,-0.232304,-164.8553,-0.250412,64.547304,-81.923683,-164.7419,1.884126,1.439984,-1.697564,0.817438,-1.028834,-1.007500
513,72.907,B,5,63.066689,-82.544419,62.954142,-81.454809,0.190229,0.259934,-166.2559,-0.239370,-166.2919,-0.257726,64.501909,-82.100282,-166.1757,1.676967,1.502369,-1.547767,0.645473,-1.435220,-0.444137
514,73.052,B,5,62.639141,-81.748083,62.961884,-81.677198,0.180442,0.273448,-167.3266,-0.214316,-167.3116,-0.139769,64.453491,-82.275307,-167.2489,1.607056,1.889400,-1.491608,0.598109,-1.814350,0.527224
515,73.185,B,5,62.828375,-81.928582,62.893041,-81.719078,0.174960,0.246207,-168.5913,-0.219780,-168.6323,-0.305463,64.400034,-82.450473,-168.4917,1.675102,1.656044,-1.506993,0.731395,-1.571659,0.521891
516,73.333,B,5,62.556866,-82.724468,62.869119,-81.782604,0.162443,0.229180,-170.3003,-0.250560,-170.3391,-0.212101,64.338362,-82.626182,-170.2381,1.694195,1.784205,-1.469242,0.843577,-1.781496,-0.098286
517,73.464,B,5,62.600739,-82.993228,62.801655,-81.974407,0.166225,0.237194,-171.2236,-0.211752,-171.2391,-0.190323,64.271850,-82.792675,-171.1538,1.682569,1.683102,-1.470195,0.818269,-1.671111,-0.200552
518,73.611,B,5,62.537856,-83.142503,62.752912,-82.180313,0.165682,0.248494,-172.6823,-0.231349,-172.7289,-0.242997,64.201587,-82.962619,-172.6126,1.646409,1.673427,-1.448675,0.782306,-1.663731,-0.179884
519,73.749,B,5,62.578596,-83.167146,62.701551,-82.377079,0.164518,0.256960,-173.6898,-0.205674,-173.6917,-0.166738,64.129036,-83.126512,-173.6162,1.612254,1.550972,-1.427485,0.749433,-1.550440,-0.040633
520,73.885,B,5,63.070645,-83.643290,62.666151,-82.543756,0.158332,0.259454,-174.9353,-0.210942,-174.9407,-0.175630,64.053090,-83.292629,-174.8575,1.576201,1.043150,-1.386938,0.748873,-0.982445,-0.350662
521,74.029,B,5,62.301198,-83.468902,62.724707,-82.765583,0.135221,0.276029,-175.9616,-0.198769,-175.9550,-0.199952,63.972458,-83.454680,-175.8634,1.425391,1.671320,-1.247752,0.689097,-1.671260,-0.014222
522,74.155,B,5,61.775474,-84.531083,62.637905,-82.917947,0.140980,0.272437,-176.9851,-0.190195,-176.9504,-0.178529,63.885059,-83.614787,-176.8742,1.428628,2.299988,-1.247154,0.696840,-2.109585,-0.916295
523,74.286,B,5,62.235707,-84.040076,62.471706,-83.231501,0.165456,0.300178,-177.9746,-0.182605,-177.9191,-0.163519,63.789511,-83.772017,-177.8431,1.424349,1.576757,-1.317805,0.540517,-1.553804,-0.268059
524,74.433,B,5,62.445739,-84.192327,62.414470,-83.404644,0.161041,0.299464,-178.9127,-0.174560,-178.8457,-0.159107,63.685508,-83.926661,-178.7732,1.374060,1.267914,-1.271038,0.522017,-1.239769,-0.265666
525,74.585,B,5,62.017187,-83.668504,62.404775,-83.573783,0.146849,0.299095,-179.8042,-0.166463,-179.7281,-0.149793,63.573881,-84.079344,-179.6592,1.273736,1.609996,-1.169107,0.505561,-1.556694,0.410841
526,74.731,B,5,61.914492,-85.007242,62.321678,-83.619265,0.146925,0.272840,179.3533,-0.158202,179.4342,-0.139782,63.456155,-84.230559,179.4996,1.288688,1.726256,-1.134477,0.611294,-1.541662,-0.776683
527,74.868,B,5,61.274232,-84.665759,62.234356,-83.892178,0.149945,0.295958,178.5546,-0.150371,178.6387,-0.135552,63.333883,-84.380201,178.7009,1.202966,2.079352,-1.099527,0.488023,-2.059651,-0.285558
528,75.006,B,5,61.044669,-85.148395,62.048116,-84.057628,0.171076,0.294307,177.7985,-0.142632,177.8805,-0.134448,63.207985,-84.527647,177.9399,1.251485,2.250614,-1.159870,0.470019,-2.163316,-0.620748
529,75.150,B,5,61.889605,-83.859440,61.851714,-84.279078,0.191505,0.304806,177.0852,-0.134914,177.1555,-0.114081,63.078323,-84.672250,177.2124,1.288082,1.440039,-1.226609,0.393172,-1.188719,0.812810
530,75.281,B,5,60.734948,-84.215653,61.838575,-84.232684,0.171719,0.260370,176.3918,-0.129090,176.4627,-0.122655,62.943749,-84.813854,176.5169,1.248667,2.288372,-1.105174,0.581171,-2.208801,0.598201
531,75.409,B,5,60.991445,-85.439654,61.624077,-84.253292,0.195081,0.235263,175.7198,-0.124122,175.8049,-0.109125,62.802623,-84.952909,175.8561,1.370560,1.875443,-1.178546,0.699617,-1.811178,-0.486745
532,75.558,B,5,61.529214,-85.854440,61.490819,-84.485380,0.198028,0.256119,175.0918,-0.118079,175.1858,-0.098352,62.653560,-85.090074,175.2338,1.310581,1.359562,-1.162741,0.604694,-1.124346,-0.764366
533,75.688,B,5,60.444749,-85.542260,61.476286,-84.751859,0.175630,0.280876,174.5131,-0.110965,174.6066,-0.097123,62.496069,-85.225640,174.6515,1.124466,2.075611,-1.019783,0.473780,-2.051320,-0.316621
534,75.838,B,5,59.944437,-85.338544,61.273124,-84.917561,0.194479,0.284378,173.9571,-0.105228,174.0636,-0.101843,62.330826,-85.359249,174.1058,1.146220,2.386479,-1.057702,0.441688,-2.386389,0.020706
535,75.995,B,5,61.437859,-85.635040,61.015064,-85.017436,0.222731,0.275336,173.4326,-0.099450,173.5501,-0.080830,62.159427,-85.490174,173.5903,1.238163,0.735966,-1.144363,0.472738,-0.721568,-0.144865
536,76.121,B,5,59.800674,-85.484278,61.065863,-85.151225,0.184406,0.269977,172.9380,-0.094155,173.0610,-0.089223,61.983695,-85.617907,173.0993,1.029663,2.187107,-0.917831,0.466681,-2.183021,0.133628
537,76.248,B,5,60.509771,-85.980374,60.824760,-85.229144,0.215513,0.265286,172.5579,-0.090197,172.5948,-0.073581,61.804851,-85.742579,172.6312,1.106433,1.316730,-0.980091,0.513435,-1.295080,-0.237796
538,76.394,B,5,60.612187,-85.850376,60.741326,-85.388666,0.199552,0.263440,172.0246,-0.084431,172.1025,-0.078343,61.623029,-85.864860,172.1879,1.002078,1.010946,-0.881703,0.476194,-1.010842,0.014484
539,76.512,B,5,59.150496,-86.676458,60.695745,-85.493164,0.183243,0.255150,171.6089,-0.079645,171.7398,-0.074321,61.437372,-85.985388,171.7719,0.890110,2.389013,-0.741627,0.492224,-2.286876,-0.691070
540,76.636,B,5,59.129678,-86.081905,60.404912,-85.720134,0.220466,0.285106,171.2947,-0.075820,171.3538,-0.066308,61.248944,-86.104484,171.3837,0.927424,2.119387,-0.844032,0.384350,-2.119266,0.022579
541,76.772,B,5,59.574060,-86.457453,60.154768,-85.807067,0.244060,0.276523,170.9324,-0.070584,170.9930,-0.061218,61.065115,-86.222449,171.0211,1.000637,1.509461,-0.910347,0.415382,-1.491055,-0.235004
542,76.911,B,5,59.324072,-86.553450,60.018842,-85.949502,0.233852,0.271028,170.5228,-0.064434,170.6535,-0.054135,60.884392,-86.338212,170.6799,0.948827,1.575095,-0.865550,0.388710,-1.560320,-0.215238
543,77.046,B,5,58.298377,-85.847104,59.869678,-86.078029,0.233384,0.270296,170.2118,-0.061368,170.3324,-0.056310,60.704795,-86.450956,170.3574,0.914601,2.481024,-0.835117,0.372927,-2.406417,0.603852
544,77.188,B,5,59.096871,-86.655556,59.569939,-86.054606,0.273606,0.249345,169.9657,-0.058742,170.0293,-0.045443,60.525627,-86.560662,170.0529,1.081404,1.431904,-0.955689,0.506056,-1.428757,-0.094894
545,77.334,B,5,58.272033,-87.017140,59.451081,-86.183306,0.255717,0.244709,169.6280,-0.054301,169.7451,-0.050127,60.347772,-86.668014,169.7671,1.019312,2.104895,-0.896691,0.484708,-2.075739,-0.349126
546,77.466,B,5,58.260290,-86.648253,59.212843,-86.350217,0.268361,0.257646,169.3602,-0.051329,169.4796,-0.044125,60.173306,-86.773887,169.5002,1.049755,1.917136,-0.960463,0.423670,-1.913015,0.125634
547,77.603,B,5,58.199890,-86.466800,59.013391,-86.422722,0.274726,0.249166,169.1063,-0.048650,169.2307,-0.043174,60.004613,-86.878788,169.2500,1.091108,1.851151,-0.991222,0.456066,-1.804723,0.411988
548,77.740,B,5,58.500094,-86.104843,58.838155,-86.449015,0.277014,0.231793,168.8698,-0.045720,168.9953,-0.040386,59.843367,-86.982651,169.0137,1.138078,1.604659,-1.005213,0.533637,-1.343273,0.877808
549,77.868,B,5,57.811744,-87.602568,58.747546,-86.404460,0.264605,0.199421,168.6422,-0.043372,168.7711,-0.039742,59.689713,-87.085005,168.7886,1.162248,1.947983,-0.942167,0.680545,-1.877969,-0.517564
550,77.998,B,5,58.066993,-86.876325,58.552162,-86.631411,0.264637,0.228926,168.4283,-0.041084,168.5569,-0.030186,59.542135,-87.185352,168.5737,1.134414,1.507163,-0.989972,0.553941,-1.475142,0.309027
551,78.136,B,5,57.700442,-88.170259,58.436469,-86.691406,0.254803,0.218864,168.2360,-0.038063,168.3531,-0.043717,59.397116,-87.283271,168.3691,1.128338,1.914537,-0.960648,0.591864,-1.696675,-0.886988
552,78.261,B,5,57.771950,-87.090577,58.277110,-86.970137,0.246335,0.255350,168.0326,-0.037079,168.1570,-0.033034,59.243744,-87.377279,168.1724,1.048878,1.499458,-0.966634,0.407142,-1.471794,0.286702
553,78.404,B,5,57.139677,-87.906930,58.158936,-87.010614,0.239748,0.238617,167.8384,-0.036006,167.9688,-0.027022,59.080765,-87.467464,167.9836,1.028825,1.990214,-0.921829,0.456851,-1.941088,-0.439466
554,78.549,B,5,57.396259,-88.169697,57.950092,-87.187659,0.246461,0.254735,167.6698,-0.033536,167.7865,-0.021798,58.911412,-87.554340,167.8009,1.028878,1.635344,-0.961320,0.366681,-1.515153,-0.615356
555,78.687,B,5,57.071133,-87.121796,57.823096,-87.381273,0.235269,0.269070,167.5122,-0.031406,167.6076,-0.019217,58.739773,-87.638375,167.6218,0.952049,1.746773,-0.916677,0.257102,-1.668641,0.516579
556,78.821,B,5,56.450676,-87.792309,57.661561,-87.355396,0.241208,0.239587,167.3442,-0.030732,167.4301,-0.034759,58.569014,-87.719976,167.4442,0.977951,2.119572,-0.907453,0.364580,-2.118337,-0.072333
557,78.956,B,5,56.625854,-87.890619,57.418248,-87.450510,0.257592,0.241116,167.1698,-0.030762,167.2540,-0.034789,58.400107,-87.799440,167.2680,1.042017,1.776594,-0.981859,0.348930,-1.774253,-0.091180
558,79.082,B,5,56.381394,-88.704113,57.247851,-87.545886,0.257488,0.239538,166.9875,-0.031360,167.0812,-0.027406,58.231394,-87.876809,167.0948,1.037722,2.026556,-0.983543,0.330923,-1.850000,-0.827304
559,79.218,B,5,56.099477,-87.759435,57.064269,-87.768860,0.254385,0.264122,166.8356,-0.029642,166.9146,-0.025760,58.059287,-87.951770,166.9276,1.011690,1.969225,-0.995018,0.182910,-1.959810,0.192335
560,79.363,B,5,56.318808,-87.551520,56.862912,-87.786268,0.264072,0.245985,166.6700,-0.029458,166.7571,-0.035785,57.879924,-88.023724,166.7694,1.044366,1.630969,-1.017013,0.237456,-1.561116,0.472204
561,79.503,B,5,55.422282,-87.959699,56.735870,-87.761609,0.259760,0.218399,166.5150,-0.028463,166.6100,-0.018355,57.690891,-88.092055,166.6214,1.010575,2.272468,-0.955022,0.330446,-2.268610,0.132356
562,79.635,B,5,56.147320,-88.147840,56.472868,-87.811404,0.279493,0.214983,166.3954,-0.025426,166.4727,-0.027213,57.492236,-88.156513,166.4834,1.076202,1.344944,-1.019368,0.345109,-1.344916,0.008674
563,79.779,B,5,55.750503,-88.092871,56.383913,-87.885031,0.261361,0.208835,166.2609,-0.024746,166.3439,-0.023338,57.286363,-88.217467,166.3539,0.961733,1.540906,-0.902450,0.332436,-1.535860,0.124595
564,79.932,B,5,54.974279,-88.272652,56.241940,-87.935543,0.256831,0.201316,166.1368,-0.023702,166.2225,-0.018596,57.076916,-88.275834,166.2319,0.901656,2.102639,-0.834976,0.340292,-2.102637,0.003183
565,80.066,B,5,55.137092,-88.195505,55.987649,-88.008371,0.273927,0.204409,166.0182,-0.022603,166.1082,-0.016280,56.867090,-88.332663,166.1171,0.937326,1.735426,-0.879440,0.324291,-1.729998,0.137158
566,80.212,B,5,54.429146,-88.281466,55.805951,-88.054348,0.275929,0.198520,165.9139,-0.020970,166.0015,-0.017686,56.658167,-88.388592,166.0098,0.915419,2.231593,-0.852216,0.334244,-2.229021,0.107126
567,80.321,B,5,54.736868,-89.123507,55.530483,-88.106787,0.295867,0.199154,165.8187,-0.019350,165.9034,-0.011798,56.449078,-88.443558,165.9109,0.978382,1.842279,-0.918595,0.336772,-1.712210,-0.679948
568,80.470,B,5,54.247734,-89.105402,55.356878,-88.299358,0.286576,0.222547,165.7323,-0.017798,165.8149,-0.017589,56.236987,-88.496860,165.8216,0.901997,2.080253,-0.880109,0.197502,-1.989253,-0.608542
569,80.605,B,5,54.169366,-88.542455,55.127374,-88.456787,0.290985,0.239061,165.6500,-0.016424,165.7370,-0.008180,56.018468,-88.547483,165.7428,0.895698,1.849109,-0.891094,0.090696,-1.849102,0.005028
570,80.747,B,5,54.258720,-88.290235,54.924001,-88.487377,0.295871,0.227455,165.5962,-0.013679,165.6698,-0.008852,55.790984,-88.594605,165.6748,0.873589,1.562202,-0.866983,0.107227,-1.532265,0.304370
571,80.895,B,5,53.820501,-89.177599,54.772553,-88.466394,0.292492,0.204537,165.5457,-0.011828,165.6131,-0.004400,55.554094,-88.638046,165.6172,0.800169,1.815617,-0.781541,0.171651,-1.733594,-0.539553
572,81.047,B,5,52.722153,-88.666380,54.570947,-88.604995,0.291454,0.218212,165.4952,-0.010716,165.5660,-0.011316,55.309704,-88.678369,165.5694,0.742391,2.587579,-0.738756,0.073374,-2.587551,0.011989
573,81.220,B,5,53.123385,-89.278923,54.209465,-88.629185,0.327675,0.215835,165.4498,-0.009633,165.5268,-0.010069,55.061295,-88.716578,165.5297,0.856302,2.017852,-0.851830,0.087393,-1.937910,-0.562345
574,81.374,B,5,52.818467,-88.466853,53.977352,-88.758118,0.328428,0.227558,165.4000,-0.009041,165.4934,-0.004701,54.812333,-88.753582,165.4959,0.834993,2.014377,-0.834981,-0.004537,-1.993866,0.286729
575,81.496,B,5,52.842367,-88.407372,53.745445,-88.715985,0.347917,0.210106,165.3820,-0.007628,165.4641,-0.005964,54.564642,-88.789751,165.4664,0.822511,1.764212,-0.819196,0.073766,-1.722275,0.382379
576,81.633,B,5,51.904890,-89.283610,53.549408,-88.672005,0.349194,0.187054,165.3627,-0.005928,165.4382,-0.002395,54.317854,-88.824863,165.4401,0.783501,2.456185,-0.768446,0.152857,-2.412964,-0.458748
577,81.768,B,5,51.838031,-88.836729,53.214243,-88.791080,0.361453,0.202090,165.3256,-0.005950,165.4157,-0.008999,54.069837,-88.858260,165.4174,0.858228,2.231909,-0.855594,0.067180,-2.231805,0.021531
578,81.915,B,5,51.889880,-88.865396,52.930954,-88.809174,0.374296,0.196696,165.2989,-0.005494,165.3971,-0.007557,53.817585,-88.889072,165.3984,0.890223,1.927851,-0.886631,0.079899,-1.927705,0.023676
579,82.054,B,5,51.801140,-88.699876,52.714553,-88.826538,0.381799,0.193063,165.2913,-0.004312,165.3822,0.000758,53.558594,-88.916561,165.3832,0.848829,1.770762,-0.844041,0.090023,-1.757454,0.216684
580,82.187,B,5,50.796137,-89.233219,52.505852,-88.813880,0.371281,0.174781,165.2790,-0.003329,165.3703,-0.002599,53.292209,-88.940483,165.3712,0.796483,2.513179,-0.786357,0.126603,-2.496072,-0.292736
581,82.322,B,5,51.526945,-88.498690,52.162926,-88.895653,0.391403,0.188166,165.2673,-0.002931,165.3602,0.001280,53.020068,-88.961217,165.3610,0.859646,1.563121,-0.857142,0.065564,-1.493123,0.462527
582,82.472,B,5,50.690724,-88.980201,52.008825,-88.832979,0.379611,0.162037,165.2786,-0.001060,165.3506,0.000051,52.745431,-88.979592,165.3514,0.751055,2.054708,-0.736606,0.146613,-2.054708,-0.000609
583,82.620,B,5,50.566329,-88.640862,51.735043,-88.864967,0.387825,0.163661,165.2733,-0.001279,165.3405,-0.003753,52.471595,-88.996502,165.3413,0.748204,1.938174,-0.736552,0.131535,-1.905266,0.355639
584,82.757,B,5,50.406151,-88.197356,51.487049,-88.830826,0.393447,0.150805,165.2684,-0.001291,165.3297,-0.002455,52.200370,-89.012480,165.3306,0.736087,1.970697,-0.713320,0.181654,-1.794218,0.815124
585,82.886,B,5,50.188954,-89.171265,51.254424,-88.722505,0.399235,0.124081,165.2674,-0.000805,165.3184,-0.007277,51.931641,-89.027538,165.3193,0.742744,1.748604,-0.677217,0.305034,-1.742687,-0.143726
586,83.023,B,5,50.022074,-88.730808,51.024641,-88.804149,0.394009,0.137622,165.2637,-0.000861,165.3069,-0.005762,51.663653,-89.041180,165.3078,0.681557,1.670662,-0.639012,0.237032,-1.641579,0.310372
587,83.153,B,5,50.343065,-89.210942,50.806194,-88.794255,0.391879,0.131038,165.2587,-0.000812,165.2958,0.001838,51.393593,-89.052589,165.2966,0.641697,1.062396,-0.587400,0.258334,-1.050528,-0.158353
588,83.283,B,5,49.011485,-88.512016,50.684111,-88.871004,0.366593,0.137270,165.2380,-0.002228,165.2858,-0.004311,51.118811,-89.061052,165.2865,0.474428,2.177674,-0.434700,0.190048,-2.107326,0.549036
589,83.416,B,5,48.379943,-88.705623,50.348940,-88.810886,0.393155,0.126901,165.2281,-0.002144,165.2779,-0.002590,50.838177,-89.066388,165.2784,0.551936,2.484565,-0.489236,0.255503,-2.458234,0.360765
590,83.562,B,5,49.359037,-88.249015,49.958756,-88.794318,0.425195,0.129135,165.2278,-0.001412,165.2730,-0.001760,50.552652,-89.069072,165.2733,0.654371,1.448175,-0.593896,0.274754,-1.193615,0.820058
591,83.704,B,5,48.372899,-89.111518,49.809339,-88.698841,0.410324,0.103183,165.2288,-0.000787,165.2713,-0.007078,50.264790,-89.069995,165.2713,0.587529,1.892346,-0.455450,0.371154,-1.891890,-0.041523
592,83.851,B,5,48.487306,-89.287494,49.512969,-88.771927,0.417327,0.120921,165.3150,0.007041,165.4014,0.095917,49.978578,-89.069253,165.3603,0.552443,1.507156,-0.465608,0.297325,-1.491271,-0.218241
593,83.995,B,5,47.454349,-89.235464,49.288625,-88.865393,0.408348,0.136762,165.8892,0.044414,165.9890,0.033491,49.708328,-89.067747,165.9715,0.465938,2.260210,-0.419704,0.202354,-2.253979,-0.167717
594,84.133,B,5,47.586957,-89.377646,48.920800,-88.934144,0.429882,0.153333,165.7196,0.010711,165.7693,-0.042851,49.438012,-89.068778,165.7914,0.534448,1.876647,-0.517212,0.134634,-1.851055,-0.308868
595,84.269,B,5,47.125462,-89.170909,48.639740,-89.017487,0.431232,0.166214,166.0215,0.031729,166.1457,0.169451,49.180602,-89.068649,166.0721,0.543276,2.057682,-0.540862,0.051163,-2.055140,-0.102260
596,84.402,B,5,46.607898,-89.455599,48.326191,-89.050823,0.441442,0.169268,166.5487,0.053957,166.6190,0.009586,48.927968,-89.066571,166.6164,0.601983,2.352459,-0.601777,0.015748,-2.320069,-0.389028
597,84.531,B,5,46.976482,-88.030196,47.975334,-89.129019,0.455660,0.182484,166.8579,0.056583,166.9797,0.146482,48.669789,-89.063839,166.9135,0.697507,1.983862,-0.694455,-0.065179,-1.693307,1.033643
598,84.662,B,5,46.898771,-89.800454,47.750901,-88.941140,0.456571,0.135139,167.5178,0.079178,167.6226,0.079128,48.413341,-89.056976,167.5867,0.672492,1.687211,-0.662440,0.115835,-1.514569,-0.743479
599,84.805,B,5,46.844704,-89.129756,47.549921,-89.098306,0.435284,0.159654,168.2145,0.094665,168.3031,0.134299,48.155066,-89.048678,168.2413,0.607177,1.312868,-0.605145,-0.049628,-1.310362,-0.081077
600,84.944,B,5,45.876404,-88.659808,47.383795,-89.110310,0.418530,0.151426,168.9162,0.109449,169.1583,0.135639,47.900305,-89.039303,168.9963,0.521368,2.059172,-0.516510,-0.071007,-2.023901,0.379495
601,85.089,B,5,45.410755,-88.751793,47.073345,-89.037360,0.434860,0.133148,169.7540,0.124749,169.9133,0.160225,47.652875,-89.029695,169.8421,0.579581,2.259277,-0.579530,-0.007665,-2.242120,0.277902
602,85.233,B,5,45.796965,-89.072139,46.734188,-88.992440,0.453828,0.123083,170.6720,0.139324,170.8451,0.171088,47.414910,-89.020171,170.7678,0.681287,1.618779,-0.680723,0.027731,-1.617945,-0.051968
603,85.362,B,5,45.716382,-88.441204,46.522533,-89.011883,0.442755,0.120917,171.6680,0.153582,171.8519,0.179344,47.186006,-89.010516,171.7687,0.663475,1.576043,-0.663473,-0.001367,-1.469624,0.569312
604,85.504,B,5,45.388268,-88.912736,46.344274,-88.915528,0.441535,0.096548,172.5113,0.163994,172.9054,0.156663,46.963310,-89.000113,172.8319,0.624788,1.577463,-0.619036,0.084585,-1.575041,0.087377
605,85.640,B,5,45.283381,-89.498081,46.124666,-88.919481,0.425381,0.091502,173.3187,0.138485,173.4754,0.132643,46.735478,-88.990795,173.4157,0.614962,1.538157,-0.610813,0.071314,-1.452098,-0.507285
606,85.768,B,5,44.586019,-89.284421,45.933648,-89.027173,0.410969,0.108183,174.5092,0.170059,174.7468,0.311869,46.500742,-88.977034,174.6088,0.569306,1.939240,-0.567094,-0.050139,-1.914723,-0.307387
607,85.899,B,5,44.633213,-88.476346,45.662502,-89.078764,0.426635,0.116524,175.5646,0.188879,175.9031,0.115569,46.257389,-88.962673,175.8506,0.606108,1.695423,-0.594887,-0.116091,-1.624176,0.486326
608,86.030,B,5,44.427260,-88.469143,45.442897,-88.982864,0.424252,0.089327,176.1922,0.154982,176.5510,0.186331,46.005117,-88.951240,176.4675,0.563109,1.649864,-0.562220,-0.031624,-1.577858,0.482097
609,86.165,B,5,44.601943,-89.384727,45.213357,-88.898299,0.414802,0.064601,177.5788,0.176971,177.7450,0.143534,45.751982,-88.933274,177.6775,0.539759,1.235475,-0.538625,0.034975,-1.150039,-0.451453
610,86.302,B,5,44.326756,-89.018580,45.063997,-88.989943,0.395219,0.078185,178.2546,0.152262,178.4052,0.176386,45.498884,-88.920576,178.3264,0.440384,1.176218,-0.434886,-0.069367,-1.172128,-0.098005
611,86.445,B,5,43.879829,-88.636399,44.902016,-89.000560,0.391586,0.075490,179.0536,0.158903,179.3029,0.101632,45.249483,-88.905592,179.2556,0.360211,1.395856,-0.347467,-0.094968,-1.369653,0.269193
612,86.577,B,5,42.840122,-89.496079,44.676256,-88.943547,0.384720,0.056093,179.9820,0.147892,-179.8993,0.125974,45.001582,-88.893142,-179.9561,0.329207,2.243979,-0.325326,-0.050405,-2.161459,-0.602937
613,86.709,B,5,43.315993,-88.719002,44.312179,-89.047984,0.412813,0.074199,-179.2348,0.142692,-179.1343,0.126599,44.752401,-88.881219,-179.1939,0.470751,1.445539,-0.440223,-0.166765,-1.436408,0.162217
614,86.842,B,5,42.922234,-88.894012,44.095090,-88.997398,0.409528,0.056618,-178.5170,0.134992,-178.4115,0.127954,44.497963,-88.868602,-178.4678,0.422959,1.575934,-0.402872,-0.128796,-1.575729,-0.025410
615,86.977,B,5,43.260070,-87.295378,43.847021,-88.985843,0.412579,0.048488,-177.8167,0.129164,-177.7299,0.111762,44.235140,-88.854711,-177.7830,0.409673,1.839098,-0.388118,-0.131133,-0.975070,1.559333
616,87.115,B,5,42.612289,-88.663874,43.702774,-88.691308,0.394767,-0.016951,-177.1589,0.122881,-177.0846,0.110329,43.963367,-88.840169,-177.1351,0.300115,1.362532,-0.260593,0.148862,-1.351078,0.176295
617,87.259,B,5,41.633854,-89.409992,43.470703,-88.687016,0.396209,-0.016431,-176.5220,0.117694,-176.4669,0.106547,43.685016,-88.826346,-176.5155,0.255622,2.132582,-0.214313,0.139329,-2.051162,-0.583646
618,87.395,B,5,42.101434,-89.063977,43.105824,-88.816899,0.424895,0.010202,-175.9035,0.113316,-175.8709,0.102037,43.404383,-88.814357,-175.9178,0.298570,1.326644,-0.298559,-0.002542,-1.302948,-0.249620
619,87.530,B,5,40.962809,-89.289541,42.886403,-88.865073,0.420600,0.017115,-175.3183,0.108553,-175.2962,0.096262,43.125444,-88.804208,-175.3413,0.246668,2.216424,-0.239041,-0.060865,-2.162635,-0.485333
620,87.674,B,5,41.075270,-89.070620,42.503956,-88.945999,0.450239,0.027991,-174.7646,0.103317,-174.7468,0.099821,42.849960,-88.794815,-174.7897,0.377592,1.795994,-0.346004,-0.151184,-1.774690,-0.275805
621,87.811,B,5,40.554958,-89.117678,42.206813,-88.975149,0.458759,0.027127,-174.2458,0.097649,-174.2270,0.086134,42.577325,-88.784838,-174.2674,0.416530,2.049573,-0.370512,-0.190311,-2.022367,-0.332840
622,87.950,B,5,40.963681,-88.065275,41.869143,-89.007909,0.474555,0.025920,-173.7460,0.093100,-173.7381,0.080719,42.305036,-88.773697,-173.7761,0.494831,1.516936,-0.435893,-0.234212,-1.341355,0.708422
623,88.085,B,5,40.222524,-88.923654,41.662770,-88.847815,0.459082,-0.012906,-173.2728,0.088643,-173.2755,0.077085,42.029429,-88.762295,-173.3118,0.376500,1.814095,-0.366659,-0.085520,-1.806905,-0.161359
624,88.214,B,5,40.425208,-88.762748,41.362423,-88.865549,0.467041,-0.013252,-172.8217,0.084519,-172.8298,0.072508,41.747379,-88.752561,-172.8651,0.401195,1.322211,-0.384956,-0.112988,-1.322172,-0.010187
625,88.343,B,5,39.817473,-88.998566,41.150933,-88.851816,0.455530,-0.018803,-172.3880,0.080730,-172.3928,0.073279,41.457964,-88.746057,-172.4276,0.324736,1.659810,-0.307032,-0.105759,-1.640491,-0.252509
626,88.480,B,5,39.063081,-88.696055,40.870017,-88.882217,0.460235,-0.016609,-171.9597,0.078206,-171.9630,0.081967,41.162835,-88.742952,-171.9970,0.324248,2.100278,-0.292817,-0.139265,-2.099754,0.046897
627,88.615,B,5,39.748759,-88.936297,40.504368,-88.854041,0.480191,-0.028891,-171.5254,0.077209,-171.5453,0.073710,40.865369,-88.741919,-171.5781,0.378012,1.133402,-0.361001,-0.112122,-1.116610,-0.194378
628,88.756,B,5,38.772929,-89.158407,40.323861,-88.872935,0.461527,-0.026396,-171.1111,0.075115,-171.1456,0.060936,40.568911,-88.741163,-171.1768,0.278232,1.843812,-0.245050,-0.131771,-1.795982,-0.417243
629,88.899,B,5,38.803462,-89.004756,40.003620,-88.928346,0.474114,-0.020714,-170.7347,0.071124,-170.7660,0.056475,40.275335,-88.739796,-170.7957,0.330728,1.495532,-0.271716,-0.188551,-1.471874,-0.264961
630,89.042,B,5,37.879739,-89.047036,39.744747,-88.947538,0.471930,-0.021811,-170.3618,0.068626,-170.4038,0.063803,39.984714,-88.738320,-170.4323,0.318365,2.127493,-0.239967,-0.209218,-2.104975,-0.308716
631,89.199,B,5,38.276974,-89.333970,39.367766,-88.971059,0.493857,-0.025708,-170.0005,0.066368,-170.0526,0.063300,39.695307,-88.738271,-170.0805,0.401838,1.538352,-0.327541,-0.232788,-1.418333,-0.595699
632,89.326,B,5,37.656622,-89.535455,39.126471,-89.041686,0.487372,-0.016130,-169.6326,0.065593,-169.7058,0.064637,39.403881,-88.741268,-169.7335,0.408910,1.919283,-0.277410,-0.300418,-1.747259,-0.794187
633,89.475,B,5,37.824598,-89.064783,38.818483,-89.136720,0.495831,-0.005221,-169.2887,0.063308,-169.3610,0.062258,39.107143,-88.747962,-169.3885,0.484207,1.321097,-0.288660,-0.388757,-1.282545,-0.316821
634,89.609,B,5,37.154798,-89.195967,38.594596,-89.132485,0.483220,-0.013122,-168.9367,0.062586,-169.0214,0.059197,38.803446,-88.757781,-169.0483,0.428977,1.705886,-0.208850,-0.374704,-1.648648,-0.438186
635,89.740,B,5,37.083322,-88.717057,38.292477,-89.151677,0.488466,-0.018394,-168.6065,0.060582,-168.6923,0.051134,38.493549,-88.769495,-168.7182,0.431849,1.411202,-0.201072,-0.382183,-1.410227,0.052438
636,89.888,B,5,35.791987,-88.918716,38.030862,-89.082036,0.481803,-0.039755,-168.2878,0.058861,-168.3761,0.051455,38.180269,-88.782115,-168.4010,0.335075,2.392185,-0.149406,-0.299922,-2.388281,-0.136601
637,90.022,B,5,36.577895,-89.457700,37.596700,-89.057856,0.524526,-0.057589,-168.0406,0.057349,-168.0706,0.045157,37.867077,-88.795534,-168.0947,0.376718,1.449295,-0.270378,-0.262322,-1.289183,-0.662165
638,90.151,B,5,36.195180,-87.899850,37.367930,-89.133762,0.514079,-0.044427,-167.7376,0.055656,-167.7718,0.053387,37.556525,-88.810331,-167.7955,0.374401,1.637754,-0.188595,-0.323431,-1.361345,0.910482
639,90.292,B,5,36.095764,-88.924403,37.102778,-88.921530,0.488123,-0.091626,-167.3830,0.053879,-167.4768,0.053175,37.249356,-88.827061,-167.5003,0.174383,1.157692,-0.146579,-0.094468,-1.153592,-0.097342
640,90.441,B,5,35.542533,-89.070912,36.885898,-88.923490,0.486490,-0.091762,-167.1425,0.053426,-167.1861,0.052172,36.944166,-88.845764,-167.2091,0.097141,1.419600,-0.058268,-0.077726,-1.401633,-0.225148
641,90.586,B,5,35.591722,-89.146801,36.602306,-88.951491,0.489288,-0.087719,-166.8661,0.051413,-166.9033,0.045180,36.637795,-88.866005,-166.9255,0.092560,1.083104,-0.035489,-0.085486,-1.046073,-0.280795
642,90.726,B,5,33.856322,-90.206776,36.365932,-88.989383,0.470438,-0.078402,-166.5392,0.048892,-166.6325,0.041791,36.326889,-88.887384,-166.6536,0.109216,2.800804,0.039042,-0.102000,-2.470568,-1.319392
643,90.866,B,5,33.814303,-89.482735,35.875626,-89.209315,0.523852,-0.047263,-166.2974,0.046807,-166.3750,0.043029,36.009654,-88.909954,-166.3952,0.327994,2.268843,-0.134029,-0.299360,-2.195352,-0.572781
644,91.002,B,5,34.553651,-89.416317,35.459169,-89.265645,0.548001,-0.049421,-166.0564,0.044992,-166.1281,0.038253,35.686674,-88.934188,-166.1476,0.402023,1.231337,-0.227505,-0.331457,-1.133023,-0.482130
645,91.136,B,5,33.101713,-89.690543,35.243693,-89.301001,0.528347,-0.046705,-165.8053,0.044048,-165.8874,0.043744,35.360562,-88.960527,-165.9065,0.359973,2.373883,-0.116870,-0.340473,-2.258849,-0.730016
646,91.276,B,5,33.326491,-89.307198,34.825359,-89.376410,0.568126,-0.047237,-165.6302,0.042786,-165.6511,0.039351,35.034638,-88.988835,-165.6698,0.440468,1.737562,-0.209279,-0.387575,-1.708147,-0.318362
647,91.403,B,5,32.479424,-88.964518,34.496689,-89.374757,0.555185,-0.056994,-165.3673,0.040742,-165.4209,0.037268,34.711402,-89.018216,-165.4390,0.416200,2.232623,-0.214712,-0.356540,-2.231977,0.053699
648,91.540,B,5,33.194060,-90.107091,34.096634,-89.308849,0.580397,-0.084789,-165.1946,0.039833,-165.2010,0.034520,34.391612,-89.047455,-165.2182,0.394130,1.599050,-0.294977,-0.261393,-1.197552,-1.059636
649,91.690,B,5,32.857891,-88.946549,33.871721,-89.458301,0.552222,-0.055021,-164.9416,0.038417,-164.9801,0.035652,34.076703,-89.077395,-164.9972,0.432558,1.225816,-0.204982,-0.380905,-1.218813,0.130846
650,91.836,B,5,32.720833,-88.461809,33.638663,-89.376053,0.530068,-0.076616,-164.7572,0.035873,-164.7761,0.036714,33.761417,-89.106643,-164.7918,0.296058,1.224184,-0.122754,-0.269410,-1.040584,0.644834
651,91.978,B,5,32.266264,-89.493001,33.424170,-89.219800,0.502969,-0.109469,-164.5649,0.035011,-164.5871,0.034933,33.442463,-89.136305,-164.6017,0.085475,1.229096,-0.018294,-0.083495,-1.176199,-0.356696
652,92.112,B,5,31.560699,-90.407395,33.168692,-89.271232,0.497576,-0.100003,-164.3933,0.032852,-164.4069,0.034873,33.118371,-89.168298,-164.4213,0.114576,1.990403,0.050321,-0.102934,-1.557673,-1.239097
653,92.252,B,5,30.168387,-88.880889,32.833932,-89.477042,0.516420,-0.065668,-164.3108,0.023690,-164.3556,-0.057419,32.790247,-89.204677,-164.3292,0.275846,2.641777,0.043685,-0.272365,-2.621860,0.323788
654,92.382,B,5,30.755050,-89.634350,32.309962,-89.377730,0.554168,-0.105194,-164.6989,-0.012994,-164.7493,-0.001477,32.470583,-89.244259,-164.7476,0.208839,1.759326,-0.160621,-0.133471,-1.715534,-0.390091
655,92.517,B,5,30.813464,-88.593304,31.979123,-89.428281,0.557575,-0.100842,-164.3454,0.020821,-164.3311,0.083926,32.151097,-89.280845,-164.3692,0.226523,1.503986,-0.171974,-0.147436,-1.337633,0.687541
656,92.652,B,5,30.378387,-89.989045,31.717367,-89.284595,0.536703,-0.131320,-164.4410,0.001421,-164.5076,-0.126936,31.843171,-89.316751,-164.4500,0.129849,1.611699,-0.125804,0.032156,-1.464784,-0.672294
657,92.787,B,5,29.174874,-90.340519,31.425965,-89.411217,0.538532,-0.106952,-164.7468,-0.018710,-164.7884,0.028375,31.543368,-89.351536,-164.8011,0.131702,2.566681,-0.117404,-0.059682,-2.368494,-0.988983
658,92.939,B,5,28.783220,-90.192545,30.972671,-89.580317,0.574153,-0.085812,-164.8269,-0.019628,-164.9189,-0.117026,31.245086,-89.383998,-164.8672,0.335785,2.591242,-0.272416,-0.196318,-2.461866,-0.808547
659,93.083,B,5,29.491454,-88.968494,30.527395,-89.695179,0.601200,-0.077135,-165.2853,-0.042882,-165.3618,-0.035813,30.953335,-89.420177,-165.3467,0.507002,1.530070,-0.425940,-0.275002,-1.461881,0.451683
660,93.229,B,5,29.018990,-89.213392,30.285240,-89.572959,0.572679,-0.104898,-165.6865,-0.055187,-165.7890,-0.090772,30.662581,-89.458772,-165.7441,0.394239,1.661806,-0.377341,-0.114186,-1.643590,0.245381
661,93.368,B,5,28.262965,-90.469389,30.003892,-89.512349,0.558500,-0.119257,-166.1720,-0.067681,-166.2911,-0.099782,30.374194,-89.500737,-166.2482,0.370484,2.322837,-0.370302,-0.011612,-2.111228,-0.968653
662,93.500,B,5,29.048077,-90.104845,29.639027,-89.684196,0.574512,-0.090438,-166.5031,-0.061148,-166.5718,0.036188,30.085545,-89.543990,-166.5846,0.468013,1.179364,-0.446518,-0.140207,-1.037469,-0.560856
663,93.646,B,5,28.073708,-90.326858,29.478104,-89.763496,0.543801,-0.072386,-166.7431,-0.055897,-166.8566,-0.133946,29.795933,-89.586022,-166.7970,0.364023,1.874807,-0.317830,-0.177475,-1.722226,-0.740837
664,93.778,B,5,28.746813,-90.424352,29.175383,-89.867898,0.545784,-0.058176,-167.6915,-0.101672,-167.8322,-0.107278,29.503088,-89.632071,-167.7773,0.403739,1.095291,-0.327705,-0.235828,-0.756275,-0.792282
665,93.914,B,5,28.298915,-89.287383,29.046634,-89.972834,0.513206,-0.036781,-167.9326,-0.073707,-168.0151,-0.019583,29.212110,-89.672009,-168.0080,0.343334,0.990890,-0.165476,-0.300825,-0.913195,0.384626
666,94.067,B,5,27.261502,-90.512144,28.864616,-89.857261,0.484418,-0.063627,-168.5102,-0.087263,-168.6377,-0.162639,28.924324,-89.717777,-168.5633,0.151726,1.842823,-0.059708,-0.139484,-1.662822,-0.794367
667,94.190,B,5,27.044427,-90.105512,28.532321,-89.976844,0.499688,-0.047533,-168.9221,-0.077319,-168.9845,0.006056,28.638394,-89.764886,-168.9851,0.237018,1.629956,-0.106073,-0.211958,-1.593967,-0.340626
668,94.339,B,5,26.361374,-89.585842,28.219418,-90.004191,0.505190,-0.050157,-169.3587,-0.078860,-169.4572,-0.084869,28.351807,-89.815178,-169.4149,0.230765,2.003601,-0.132389,-0.189013,-1.990433,0.229336
669,94.470,B,5,26.869188,-89.799776,27.840055,-89.933756,0.519120,-0.074292,-169.6771,-0.068830,-169.7649,-0.078254,28.061258,-89.864768,-169.7327,0.231711,1.193841,-0.221203,-0.068988,-1.192070,0.064992
670,94.627,B,5,25.955811,-89.975804,27.616903,-89.911614,0.502609,-0.079043,-170.0371,-0.065521,-170.1315,-0.066002,27.764838,-89.914845,-170.0993,0.147970,1.810054,-0.147935,0.003231,-1.809027,-0.060959
671,94.756,B,5,25.565206,-91.182541,27.282920,-89.923510,0.524134,-0.082650,-170.3130,-0.063405,-170.4642,-0.056768,27.462728,-89.964975,-170.4385,0.184528,2.254564,-0.179809,0.041465,-1.897522,-1.217566
672,94.892,B,5,24.502238,-90.348940,26.916194,-90.148248,0.533547,-0.040278,-170.7133,-0.059708,-170.7707,-0.054250,27.157110,-90.016533,-170.7472,0.274571,2.675600,-0.240916,-0.131715,-2.654871,-0.332407
673,95.025,B,5,24.260131,-91.517950,26.448698,-90.187068,0.581955,-0.046322,-170.9353,-0.056581,-171.0486,-0.050837,26.851147,-90.070504,-171.0273,0.418990,2.967905,-0.402449,-0.116563,-2.591016,-1.447446
674,95.160,B,5,24.798375,-89.653341,26.006929,-90.426944,0.613646,-0.007922,-171.2058,-0.052444,-171.3019,-0.035532,26.547423,-90.126400,-171.2824,0.618433,1.811892,-0.540494,-0.300544,-1.749048,0.473059
675,95.297,B,5,24.463893,-91.065926,25.736791,-90.297542,0.593522,-0.043245,-171.4364,-0.047108,-171.5381,-0.046933,26.246859,-90.182563,-171.5197,0.522867,1.989799,-0.510068,-0.114979,-1.782966,-0.883363
676,95.418,B,5,24.155038,-90.957224,25.445035,-90.439260,0.576054,-0.018151,-171.7188,-0.043998,-171.7635,-0.044168,25.948640,-90.237381,-171.7458,0.542561,1.932662,-0.503604,-0.201878,-1.793602,-0.719843
677,95.551,B,5,23.402750,-89.861896,25.160604,-90.537436,0.569480,-0.005521,-171.9499,-0.042270,-171.9798,-0.043832,25.650755,-90.290468,-171.9629,0.548855,2.288493,-0.490151,-0.246968,-2.248005,0.428572
678,95.694,B,5,23.545860,-90.493590,24.805347,-90.423460,0.585177,-0.039726,-172.1161,-0.039834,-172.1838,-0.027167,25.350817,-90.342955,-172.1681,0.551379,1.811232,-0.545470,-0.080505,-1.804957,-0.150636
679,95.835,B,5,23.368649,-90.504901,24.516970,-90.440292,0.563945,-0.039621,-172.3395,-0.036417,-172.3700,-0.029347,25.047066,-90.396578,-172.3558,0.531895,1.681908,-0.530096,-0.043714,-1.678417,-0.108323
680,95.965,B,5,22.746911,-90.580410,24.258560,-90.455120,0.550908,-0.039619,-172.5190,-0.034136,-172.5360,-0.029550,24.739168,-90.452248,-172.5234,0.480616,1.996375,-0.480607,-0.002872,-1.992257,-0.128162
681,96.098,B,5,22.639137,-91.068840,23.936778,-90.480422,0.552462,-0.039177,-172.6664,-0.030399,-172.6857,-0.022982,24.428343,-90.509297,-172.6742,0.492412,1.874658,-0.491564,0.028875,-1.789205,-0.559543
682,96.235,B,5,21.574002,-91.438827,23.652743,-90.587399,0.548663,-0.020963,-173.2724,-0.064650,-173.3406,-0.144642,24.122474,-90.569763,-173.2750,0.470062,2.692579,-0.469731,-0.017636,-2.548472,-0.869063
683,96.366,B,5,21.903888,-90.353219,23.230203,-90.742732,0.574415,0.001295,-173.6302,-0.060526,-173.6274,0.019461,23.826211,-90.624326,-173.6393,0.607656,1.941346,-0.596008,-0.118406,-1.922323,0.271107
684,96.504,B,5,22.182874,-91.029925,22.939372,-90.680014,0.564853,-0.019006,-173.5882,-0.034257,-173.5882,-0.084745,23.535523,-90.674394,-173.5520,0.596177,1.398592,-0.596151,-0.005619,-1.352648,-0.355530
685,96.633,B,5,21.162347,-91.783448,22.750391,-90.745614,0.539264,-0.008076,-174.3627,-0.076733,-174.3769,-0.096884,23.257797,-90.729000,-174.3310,0.507678,2.345799,-0.507406,-0.016614,-2.095450,-1.054448
686,96.773,B,5,21.084316,-90.611678,22.415983,-90.934619,0.548875,0.022980,-174.5795,-0.058750,-174.5736,-0.056384,22.978943,-90.780140,-174.5491,0.583770,1.902101,-0.562960,-0.154479,-1.894627,0.168462
687,96.919,B,5,20.854144,-90.374877,22.126658,-90.883547,0.542568,0.003692,-175.3185,-0.089969,-175.3448,-0.123907,22.704739,-90.836485,-175.2858,0.579993,1.907297,-0.578081,-0.047063,-1.850594,0.461608
688,97.069,B,5,20.925367,-90.810737,21.848267,-90.797321,0.534157,-0.019894,-175.8151,-0.088406,-175.8531,-0.139107,22.427746,-90.892337,-175.7914,0.587217,1.504593,-0.579479,0.095015,-1.502379,0.081600
689,97.222,B,5,20.410146,-91.156550,21.632541,-90.800965,0.516064,-0.020841,-176.5387,-0.103208,-176.5815,-0.123813,22.152247,-90.949712,-176.5253,0.540574,1.754337,-0.519706,0.148747,-1.742101,-0.206838
690,97.371,B,5,20.068670,-91.051833,21.365302,-90.864642,0.511627,-0.010104,-177.3067,-0.116283,-177.3663,-0.141294,21.878930,-91.005815,-177.3013,0.532677,1.810845,-0.513629,0.141174,-1.810260,-0.046018
691,97.513,B,5,19.880382,-91.912677,21.085342,-90.898634,0.509722,-0.006251,-178.1517,-0.129360,-178.2180,-0.153903,21.610803,-91.060670,-178.1473,0.549877,1.928801,-0.525461,0.162036,-1.730421,-0.852007
692,97.642,B,5,19.479381,-91.362481,20.821645,-91.079421,0.506823,0.027783,-179.0576,-0.141299,-179.1355,-0.160151,21.349690,-91.115316,-179.0599,0.529264,1.886570,-0.528045,0.035896,-1.870309,-0.247165
693,97.777,B,5,19.318730,-90.942990,20.533938,-91.132556,0.507155,0.032415,179.9854,-0.151934,179.8910,-0.180826,21.095514,-91.171220,179.9708,0.562905,1.791382,-0.561576,0.038664,-1.776784,0.228230
694,97.914,B,5,19.448109,-91.887222,20.268898,-91.101169,0.501952,0.020393,178.9595,-0.162971,178.8679,-0.179062,20.846386,-91.229195,178.9515,0.591510,1.545374,-0.577489,0.128026,-1.398277,-0.658027
695,98.061,B,5,19.255935,-91.801412,20.074295,-91.241503,0.484302,0.045831,177.9010,-0.171996,177.7962,-0.187111,20.599362,-91.288866,177.8838,0.527199,1.437880,-0.525067,0.047362,-1.343427,-0.512546
696,98.221,B,5,18.287381,-90.771739,19.881749,-91.343199,0.467687,0.061110,176.8042,-0.179829,176.6734,-0.196875,20.351673,-91.349025,176.7651,0.469959,2.143492,-0.469923,0.005826,-2.064291,0.577286
697,98.361,B,5,18.664583,-91.395473,19.552928,-91.243957,0.480265,0.034483,175.6397,-0.189426,175.4984,-0.215160,20.101986,-91.408632,175.5943,0.573221,1.437463,-0.549058,0.164674,-1.437402,0.013159
698,98.498,B,5,17.423712,-91.138142,19.348463,-91.269969,0.466118,0.037117,174.4228,-0.198635,174.2751,-0.222210,19.850914,-91.467595,174.3746,0.539919,2.449458,-0.502450,0.197625,-2.427201,0.329453
699,98.633,B,5,18.158185,-91.670140,18.961044,-91.244646,0.490936,0.031057,173.1556,-0.207765,173.0102,-0.232595,19.600692,-91.526789,173.1128,0.699110,1.449613,-0.639648,0.282142,-1.442507,-0.143351
700,98.763,B,5,17.576539,-91.161989,18.770859,-91.316908,0.471925,0.044908,171.8377,-0.216547,171.7088,-0.233943,19.354195,-91.587380,171.8142,0.642990,1.827845,-0.583336,0.270473,-1.777656,0.425392
701,98.912,B,5,17.175065,-91.592061,18.512892,-91.286282,0.469982,0.038083,170.4918,-0.223958,170.3717,-0.236366,19.113578,-91.649943,170.4800,0.702192,1.939377,-0.600686,0.363661,-1.938514,0.057883
702,99.051,B,5,16.394102,-91.248888,18.229588,-91.335887,0.471900,0.049841,169.1119,-0.230679,168.9969,-0.245727,18.879445,-91.714147,169.1083,0.751927,2.528516,-0.649857,0.378260,-2.485343,0.465258
703,99.188,B,5,17.085463,-91.920110,17.867714,-91.316545,0.502774,0.050415,167.9951,-0.234899,167.5831,-0.251595,18.650791,-91.779136,167.6977,0.909506,1.571664,-0.783077,0.462591,-1.565328,-0.140973
704,99.323,B,5,16.311077,-91.675172,17.682759,-91.417720,0.479806,0.071760,166.5535,-0.241351,166.1313,-0.254204,18.425403,-91.844119,166.2488,0.856351,2.121066,-0.742644,0.426400,-2.114327,0.168947
705,99.451,B,5,16.770637,-91.081520,17.385413,-91.457670,0.472417,0.080689,164.7704,-0.249577,164.6453,-0.261246,18.200776,-91.908758,164.7653,0.931825,1.652156,-0.815364,0.451088,-1.430139,0.827237
706,99.622,B,5,16.036970,-91.774611,17.226760,-91.385004,0.451210,0.063629,163.1254,-0.256304,163.1288,-0.269922,17.975412,-91.973126,163.2512,0.952033,1.948581,-0.748652,0.588121,-1.938442,0.198515
707,99.768,B,5,16.162782,-92.483769,16.984306,-91.448618,0.456808,0.082163,162.0116,-0.260348,161.5825,-0.267342,17.749677,-92.037392,161.7073,0.965633,1.648480,-0.765371,0.588774,-1.586895,-0.446377
708,99.906,B,5,16.455212,-91.488892,16.783969,-91.624645,0.424732,0.116532,160.0006,-0.267099,160.0037,-0.283449,17.525749,-92.101614,160.1313,0.881894,1.233482,-0.741780,0.476970,-1.070537,0.612723
709,100.033,B,5,15.759254,-92.942010,16.685249,-91.596573,0.396794,0.103606,158.4531,-0.272465,158.3894,-0.285291,17.306563,-92.165820,158.5199,0.842658,1.731079,-0.621314,0.569247,-1.547309,-0.776190
710,100.172,B,5,15.975008,-92.656598,16.482789,-91.830239,0.377214,0.149592,156.8817,-0.277440,156.7394,-0.288390,17.094282,-92.230237,156.8727,0.730699,1.197730,-0.611493,0.399997,-1.119274,-0.426361
711,100.312,B,5,15.461572,-91.820613,16.361278,-91.975018,0.356421,0.172316,155.5471,-0.282004,155.0573,-0.295725,16.889368,-92.295349,155.1929,0.617650,1.504651,-0.528090,0.320331,-1.427796,0.474736
712,100.437,B,5,15.295899,-93.385792,16.165842,-91.947745,0.355370,0.161311,153.8403,-0.288363,153.3481,-0.307240,16.690534,-92.361554,153.4857,0.668236,1.730338,-0.524692,0.413808,-1.394635,-1.024239
713,100.578,B,5,14.577127,-91.899773,15.967780,-92.200810,0.325322,0.202522,151.7454,-0.295721,151.6164,-0.306144,16.495304,-92.428596,151.7557,0.574602,1.989738,-0.527524,0.227786,-1.918177,0.528823
714,100.720,B,5,14.789987,-92.351703,15.684264,-92.148628,0.344111,0.192110,149.9950,-0.299245,149.8636,-0.310929,16.301208,-92.495341,150.0046,0.707693,1.518032,-0.616944,0.346713,-1.511221,0.143638
715,100.870,B,5,14.484438,-92.302766,15.487541,-92.183211,0.337310,0.193389,148.2048,-0.304222,148.0877,-0.319791,16.107038,-92.560286,148.2307,0.725232,1.642908,-0.619497,0.377076,-1.622600,0.257520
716,101.024,B,5,14.471038,-91.913493,15.270411,-92.202100,0.335437,0.194350,146.3187,-0.309128,146.2853,-0.320259,15.913289,-92.622459,146.4305,0.768111,1.607084,-0.642878,0.420359,-1.442251,0.708966
717,101.187,B,5,14.765176,-92.927176,15.092824,-92.147724,0.333771,0.179836,144.5646,-0.312649,144.4547,-0.323977,15.721634,-92.682100,144.6022,0.825202,0.987357,-0.628810,0.534376,-0.956458,-0.245075
718,101.358,B,5,13.594606,-91.665271,14.998160,-92.280988,0.298286,0.192713,142.7100,-0.316940,142.5978,-0.332422,15.533825,-92.740655,142.7472,0.705855,2.217436,-0.535665,0.459667,-1.939219,1.075383
719,101.528,B,5,14.057121,-92.477183,14.715134,-92.167815,0.324228,0.181240,140.8164,-0.322283,140.7184,-0.338055,15.350776,-92.799950,140.8695,0.896457,1.333313,-0.635643,0.632135,-1.293656,0.322767
720,101.687,B,5,13.897359,-92.697496,14.562926,-92.215775,0.306927,0.186002,138.9096,-0.326366,138.8201,-0.329412,15.172328,-92.861135,138.9726,0.887616,1.285427,-0.609402,0.645361,-1.274968,0.163639
721,101.899,B,5,13.256267,-92.616249,14.410539,-92.294665,0.287280,0.195985,136.9991,-0.328972,136.9044,-0.342656,14.997470,-92.924005,137.0583,0.860556,1.768192,-0.586932,0.629339,-1.741204,0.307755
722,102.063,B,5,12.830962,-92.795948,14.172277,-92.345708,0.286185,0.211149,135.0504,-0.333301,134.9705,-0.335084,14.824684,-92.987008,135.1259,0.914822,2.002855,-0.652407,0.641300,-1.993721,0.191060
723,102.238,B,5,12.937910,-93.061294,13.899898,-92.419510,0.286489,0.233511,133.0962,-0.336204,133.0174,-0.338758,14.652390,-93.048057,133.1744,0.980467,1.714532,-0.752492,0.628547,-1.714481,-0.013237
724,102.400,B,5,13.229527,-92.700333,13.693467,-92.528040,0.270476,0.251057,131.3857,-0.317284,131.3799,-0.184238,14.478382,-93.102732,131.4719,0.972812,1.312084,-0.784916,0.574691,-1.248855,0.402399
725,102.560,B,5,13.060156,-93.172992,13.575645,-92.554658,0.252718,0.242732,129.7931,-0.303505,129.7365,-0.372734,14.301587,-93.149162,129.9020,0.938311,1.241660,-0.725943,0.594504,-1.241432,-0.023830
726,102.699,B,5,12.322581,-92.874240,13.450298,-92.659767,0.226366,0.248319,127.5779,-0.337275,127.5192,-0.316800,14.115891,-93.187149,127.6682,0.849203,1.820405,-0.665593,0.527383,-1.793310,0.312910
727,102.840,B,5,12.911491,-92.591922,13.217487,-92.694659,0.227406,0.258920,126.1669,-0.296269,126.1636,-0.223093,13.933869,-93.217104,126.2682,0.886652,1.198378,-0.716382,0.522445,-1.022378,0.625182
728,102.990,B,5,12.602440,-92.593692,13.130204,-92.672880,0.215709,0.239679,124.4244,-0.301903,124.3775,-0.329839,13.747343,-93.246565,124.5317,0.842601,1.317971,-0.617139,0.573686,-1.144903,0.652874
729,103.139,B,5,12.397256,-92.753156,13.005682,-92.654335,0.209521,0.229208,122.9897,-0.277258,122.9934,-0.221123,13.564135,-93.273002,123.0963,0.833437,1.277437,-0.558453,0.618666,-1.166878,0.519846
730,103.287,B,5,11.860078,-92.787737,12.868043,-92.666462,0.200379,0.226460,121.4618,-0.272705,121.4553,-0.209305,13.379292,-93.297667,121.5556,0.812278,1.602511,-0.511249,0.631206,-1.519214,0.509930
731,103.433,B,5,12.224211,-93.566495,12.660188,-92.682391,0.199616,0.236224,120.1305,-0.256022,120.1225,-0.228806,13.195373,-93.316545,120.2299,0.829803,1.002811,-0.535185,0.634154,-0.971162,-0.249950
732,103.576,B,5,11.382537,-92.927689,12.553099,-92.834030,0.163722,0.244842,118.8274,-0.243673,118.8307,-0.215238,13.007996,-93.327623,118.9312,0.671242,1.673937,-0.454898,0.493593,-1.625459,0.399934
733,103.724,B,5,10.733348,-92.675318,12.316703,-92.847650,0.168856,0.258126,117.6063,-0.230530,117.6185,-0.203587,12.815666,-93.328388,117.7125,0.692873,2.182326,-0.498963,0.480738,-2.082318,0.653069
734,103.882,B,5,11.740910,-92.407034,12.005652,-92.813393,0.188645,0.278007,116.4483,-0.218313,116.4866,-0.189295,12.617725,-93.318246,116.5743,0.793417,1.264561,-0.612074,0.504853,-0.876816,0.911213
735,104.009,B,5,11.358668,-92.650133,11.926719,-92.736551,0.187984,0.251853,115.3581,-0.206062,115.4278,-0.195017,12.415472,-93.298476,115.5101,0.744742,1.239833,-0.488754,0.561926,-1.056805,0.648344
736,104.157,B,5,11.351542,-93.429001,11.796123,-92.714910,0.182838,0.243844,114.3325,-0.194362,114.3132,-0.167444,12.211620,-93.271705,114.5075,0.694737,0.874343,-0.415497,0.556795,-0.860078,-0.157296
737,104.285,B,5,10.743292,-93.071641,11.688247,-92.835304,0.150371,0.246830,113.3536,-0.184592,113.4806,-0.161589,12.008822,-93.240796,113.5548,0.516907,1.276785,-0.320575,0.405492,-1.265531,0.169154
738,104.409,B,5,10.452840,-92.542601,11.491393,-92.872963,0.144082,0.257286,112.4020,-0.173846,112.5762,-0.156472,11.808235,-93.207683,112.6469,0.460897,1.509777,-0.316842,0.334720,-1.355394,0.665082
739,104.542,B,5,10.971364,-93.134023,11.285787,-92.811551,0.161026,0.266500,111.7453,-0.166137,111.7178,-0.144725,11.609141,-93.172650,111.7847,0.484716,0.638945,-0.323354,0.361099,-0.637777,0.038627
740,104.688,B,5,10.101212,-92.577558,11.193527,-92.862716,0.136847,0.251092,110.6867,-0.155348,110.9094,-0.140083,11.409721,-93.134096,110.9722,0.346969,1.421947,-0.216195,0.271380,-1.308510,0.556538
741,104.834,B,5,9.690026,-92.182854,10.974009,-92.808144,0.149738,0.259341,109.9924,-0.146334,110.1517,-0.128566,11.208427,-93.088954,110.2106,0.365795,1.768208,-0.234418,0.280810,-1.518401,0.906100
742,104.967,B,5,10.072260,-92.329531,10.723932,-92.693132,0.177778,0.273371,109.4113,-0.139592,109.4381,-0.121179,11.005085,-93.034055,109.4938,0.441900,1.168982,-0.281153,0.340923,-0.932826,0.704525
743,105.112,B,5,9.783886,-92.898218,10.573138,-92.619705,0.178376,0.258673,108.5808,-0.130747,108.7568,-0.117345,10.800943,-92.967808,108.8104,0.416018,1.019436,-0.227805,0.348104,-1.017058,0.069590
744,105.244,B,5,9.278690,-92.337874,10.409839,-92.662121,0.165650,0.269341,108.0512,-0.125613,108.0977,-0.102998,10.597797,-92.891116,108.1498,0.296255,1.430426,-0.187958,0.228995,-1.319107,0.553242
745,105.381,B,5,8.871518,-92.066331,10.181118,-92.597587,0.175702,0.278304,107.4178,-0.119545,107.4569,-0.107554,10.396945,-92.807012,107.5075,0.300733,1.695741,-0.215827,0.209425,-1.525427,0.740681
746,105.506,B,5,9.497528,-92.780998,9.913142,-92.493368,0.189879,0.284499,106.6796,-0.113958,106.8364,-0.110487,10.198685,-92.719125,106.8852,0.364007,0.703882,-0.285544,0.225756,-0.701157,-0.061874
747,105.631,B,5,8.903981,-90.889012,9.807749,-92.534700,0.166789,0.274678,106.0816,-0.110074,106.2393,-0.101003,10.002658,-92.629870,106.2862,0.216903,2.058562,-0.194910,0.095170,-1.098677,1.740858
748,105.764,B,5,8.603901,-93.006120,9.617471,-92.233661,0.217270,0.260332,105.4802,-0.108139,105.6661,-0.096723,9.808564,-92.539452,105.7111,0.360589,1.291895,-0.191094,0.305791,-1.204663,-0.466668
749,105.892,B,5,8.705503,-92.868642,9.407423,-92.357361,0.181091,0.278592,104.9132,-0.104738,105.1129,-0.094188,9.616557,-92.445885,105.1566,0.227098,1.004361,-0.209133,0.088524,-0.911054,-0.422757
750,106.020,B,5,8.162056,-91.244521,9.252143,-92.438168,0.153556,0.281451,104.3374,-0.104030,104.5191,-0.152095,9.426748,-92.346140,104.5871,0.197373,1.677203,-0.174605,-0.092028,-1.264691,1.101619
751,106.156,B,5,7.856240,-91.261370,9.028728,-92.217510,0.191293,0.279851,103.2199,-0.142606,103.3858,-0.151187,9.237497,-92.247316,103.4555,0.210886,1.697045,-0.208769,0.029805,-1.381257,0.985946
752,106.298,B,5,9.008293,-91.053232,8.789849,-92.035555,0.217695,0.284257,102.7889,-0.111695,103.0205,-0.005117,9.054914,-92.140537,103.0223,0.285098,1.088304,-0.265065,0.104982,-0.046621,1.087305
753,106.439,B,5,7.783418,-91.562572,8.797626,-91.846382,0.228973,0.240062,102.2185,-0.110534,102.3774,-0.204455,8.875184,-92.032366,102.4718,0.201507,1.188553,-0.077558,0.185984,-1.091766,0.469793
754,106.574,B,5,8.161745,-92.322058,8.590200,-91.778632,0.226074,0.249904,101.1723,-0.138530,101.3257,-0.101391,8.693789,-91.926264,101.3761,0.180350,0.663116,-0.103589,0.147632,-0.532044,-0.395794
755,106.710,B,5,7.517974,-91.259631,8.486075,-91.858634,0.188982,0.245597,100.6285,-0.121873,100.7457,-0.174644,8.517409,-91.815163,100.8252,0.053586,1.143454,-0.031334,-0.043471,-0.999436,0.555532
756,106.845,B,5,6.823884,-91.338856,8.287529,-91.737946,0.199826,0.251176,99.5495,-0.149150,99.6525,-0.128165,8.340700,-91.710735,99.7120,0.059729,1.561738,-0.053171,-0.027212,-1.516816,0.371879
757,106.982,B,5,6.699053,-91.670199,8.000269,-91.651489,0.206006,0.275617,98.6257,-0.156131,98.7029,-0.207110,8.169295,-91.608197,98.7918,0.174482,1.471549,-0.169026,-0.043291,-1.470243,-0.062001
758,107.111,B,5,6.921751,-91.648030,7.739648,-91.638631,0.194956,0.295339,97.5930,-0.166352,97.6650,-0.196674,8.001167,-91.510520,97.7566,0.291213,1.088140,-0.261519,-0.128112,-1.079416,-0.137510
759,107.243,B,5,6.568789,-90.600341,7.563591,-91.624954,0.181371,0.296058,96.4811,-0.178320,96.5511,-0.201182,7.835632,-91.416047,96.6423,0.342999,1.506740,-0.272041,-0.208906,-1.266842,0.815706
760,107.388,B,5,7.289707,-90.625347,7.356705,-91.427931,0.206511,0.296724,95.3268,-0.188229,95.3824,-0.214020,7.671469,-91.322320,95.4777,0.332009,0.794679,-0.314764,-0.105610,-0.381762,0.696973
761,107.535,B,5,6.226554,-91.424419,7.314930,-91.267641,0.215677,0.266161,94.1153,-0.197964,94.1654,-0.210309,7.507620,-91.227172,94.2645,0.196894,1.296162,-0.192691,-0.040468,-1.281066,-0.197247
762,107.681,B,5,6.378946,-90.739594,7.094417,-91.276112,0.194684,0.280292,92.8681,-0.206501,92.9035,-0.227527,7.344010,-91.129365,93.0061,0.289536,1.040803,-0.249593,-0.146746,-0.965065,0.389771
763,107.824,B,5,5.682213,-89.382646,6.939602,-91.162778,0.198250,0.276750,91.5713,-0.214681,91.5962,-0.235376,7.181384,-91.029192,91.7025,0.276231,2.226798,-0.241782,-0.133586,-1.499171,1.646547
764,107.956,B,5,5.614560,-90.185305,6.689539,-90.827020,0.247613,0.289053,90.2124,-0.224164,90.2428,-0.239933,7.020599,-90.928359,90.3528,0.346223,1.590306,-0.331060,0.101339,-1.406039,0.743054
765,108.090,B,5,5.766766,-90.740711,6.470865,-90.688476,0.249933,0.298187,88.8278,-0.231449,88.8443,-0.249995,6.861839,-90.829213,88.9578,0.415533,1.098643,-0.390974,0.140736,-1.095072,0.088501
766,108.216,B,5,5.743422,-90.331641,6.317637,-90.672553,0.225465,0.295024,87.3846,-0.240094,87.4047,-0.256571,6.704349,-90.733638,87.5213,0.391507,1.041624,-0.386712,0.061085,-0.960926,0.401997
767,108.367,B,5,5.938516,-90.387299,6.188438,-90.588467,0.216803,0.286962,86.0011,-0.239290,86.0649,-0.167012,6.547178,-90.640949,86.1438,0.362558,0.659399,-0.358739,0.052482,-0.608662,0.253650
768,108.504,B,5,6.026137,-89.892695,6.117965,-90.529926,0.203334,0.268317,85.0424,-0.210681,85.0991,-0.231388,6.392811,-90.546989,85.2069,0.275375,0.750034,-0.274846,0.017063,-0.366674,0.654294
769,108.628,B,5,5.773615,-89.497146,6.078307,-90.394344,0.206748,0.246097,83.3328,-0.249967,83.3444,-0.303101,6.235203,-90.443824,83.4831,0.164513,1.053215,-0.156896,0.049480,-0.461588,0.946678
770,108.781,B,5,5.742443,-89.124147,6.002513,-90.211054,0.218877,0.234510,82.0742,-0.229850,82.2161,-0.104235,6.083579,-90.336287,82.2655,0.149181,1.259229,-0.081066,0.125233,-0.341136,1.212140
771,108.917,B,5,4.517719,-89.431278,5.941742,-89.999959,0.241704,0.228279,81.3369,-0.211117,81.0938,-0.287484,5.934433,-90.222867,81.2196,0.223027,1.622865,0.007309,0.222908,-1.416714,0.791588
772,109.058,B,5,5.168829,-89.634426,5.668083,-89.867902,0.230408,0.255328,79.7176,-0.219632,79.8124,-0.128764,5.784938,-90.102172,79.8743,0.261796,0.773548,-0.116855,0.234269,-0.616109,0.467745
773,109.195,B,5,5.092020,-89.464870,5.563388,-89.805339,0.219201,0.254590,79.0029,-0.198297,78.8099,-0.234791,5.640942,-89.977916,78.9211,0.189202,0.751353,-0.077554,0.172577,-0.548922,0.513046
774,109.345,B,5,4.729937,-89.777563,5.456152,-89.714378,0.204157,0.243852,77.6870,-0.188806,77.8248,-0.167013,5.498339,-89.849475,77.8991,0.141531,0.771760,-0.042187,0.135097,-0.768402,0.071912
775,109.482,B,5,4.508610,-89.508889,5.309104,-89.702148,0.178493,0.246200,76.7251,-0.182786,76.8198,-0.164423,5.357679,-89.717304,76.8976,0.050885,0.874274,-0.048575,0.015156,-0.849069,0.208415
776,109.622,B,5,4.701177,-89.473856,5.152076,-89.649850,0.166871,0.257185,75.9894,-0.174887,75.9058,-0.144461,5.219899,-89.581256,75.9771,0.096463,0.529723,-0.067823,-0.068594,-0.518722,0.107400
777,109.759,B,5,3.634959,-89.118195,5.053086,-89.597896,0.154059,0.249885,75.1063,-0.166184,75.0420,-0.144943,5.084878,-89.440292,75.1093,0.160779,1.485265,-0.031792,-0.157604,-1.449919,0.322097
778,109.892,B,5,4.523776,-89.066440,4.778830,-89.488651,0.143129,0.275095,74.1184,-0.155386,74.2264,-0.133946,4.953006,-89.293518,74.2900,0.261561,0.485595,-0.174176,-0.195133,-0.429230,0.227078
779,110.021,B,5,3.904548,-88.790160,4.711989,-89.393008,0.142212,0.260881,73.3481,-0.146613,73.4557,-0.129989,4.824822,-89.140414,73.5158,0.276650,0.984673,-0.112833,-0.252595,-0.920273,0.350254
780,110.161,B,5,3.605377,-88.556629,4.548537,-89.265306,0.142912,0.269100,72.6182,-0.138518,72.7256,-0.128006,4.700765,-88.981061,72.7826,0.322441,1.174742,-0.152229,-0.284244,-1.095388,0.424432
781,110.307,B,5,3.937096,-88.732922,4.360495,-89.118194,0.145522,0.282467,71.9028,-0.132827,72.0324,-0.120503,4.580950,-88.816164,72.0866,0.373929,0.649213,-0.220455,-0.302030,-0.643854,0.083242
782,110.438,B,5,4.774580,-87.895452,4.263874,-89.027790,0.140959,0.273695,71.2287,-0.126609,71.3732,-0.123144,4.465167,-88.646771,71.4248,0.430922,0.812537,-0.201292,-0.381019,0.309414,0.751319
783,110.573,B,5,3.246641,-88.713689,4.334434,-88.805137,0.171764,0.240925,70.6043,-0.119152,70.7458,-0.109863,4.353129,-88.473787,70.7949,0.331877,1.132197,-0.018695,-0.331350,-1.106489,-0.239903
784,110.716,B,5,3.456708,-87.369781,4.124631,-88.765351,0.147112,0.256326,70.0019,-0.113379,70.1481,-0.104193,4.244767,-88.297577,70.1949,0.482954,1.217310,-0.120136,-0.467773,-0.788059,0.927797
785,110.857,B,5,3.697390,-87.392102,3.987792,-88.495199,0.173801,0.269836,69.4360,-0.107543,69.5780,-0.097132,4.140332,-88.117911,69.6226,0.406957,0.850292,-0.152540,-0.377287,-0.442942,0.725809
786,110.998,B,5,2.966993,-86.769331,3.917964,-88.274097,0.191696,0.266306,68.8886,-0.102604,69.0329,-0.087287,4.040307,-87.934164,69.0757,0.361278,1.583931,-0.122343,-0.339933,-1.073313,1.164833
787,111.128,B,5,3.108676,-87.654166,3.731783,-87.979702,0.213654,0.290803,68.3706,-0.097649,68.5107,-0.091614,3.945211,-87.745593,68.5517,0.316794,0.841516,-0.213428,-0.234109,-0.836535,0.091427
788,111.263,B,5,2.992749,-87.007234,3.602567,-87.892175,0.196718,0.288009,67.8570,-0.094432,68.0092,-0.087929,3.855387,-87.551653,68.0485,0.424115,1.020067,-0.252820,-0.340522,-0.862638,0.544419
789,111.404,B,5,2.445328,-86.664094,3.475702,-87.706592,0.200287,0.291990,67.3775,-0.090092,67.5269,-0.081146,3.770871,-87.352311,67.5648,0.461129,1.493555,-0.295169,-0.354281,-1.325543,0.688217
790,111.544,B,5,3.874453,-86.490457,3.274044,-87.492316,0.203170,0.312042,66.9071,-0.087057,67.0625,-0.078766,3.691422,-87.148154,67.0991,0.540973,0.682690,-0.417378,-0.344162,0.183030,0.657697
791,111.684,B,5,3.175217,-86.831850,3.361146,-87.284289,0.225254,0.274915,66.4587,-0.083637,66.6143,-0.078008,3.616700,-86.940175,66.6496,0.428628,0.454578,-0.255554,-0.344114,-0.441483,0.108325
792,111.815,B,5,2.883393,-86.231433,3.312595,-87.173293,0.216316,0.260790,66.0188,-0.081050,66.1806,-0.077687,3.546453,-86.729312,66.2148,0.501806,0.829175,-0.233859,-0.443981,-0.663060,0.497879
793,111.945,B,5,3.017035,-86.732097,3.221919,-86.976380,0.221177,0.262961,65.5986,-0.078144,65.7599,-0.077026,3.480599,-86.516057,65.7931,0.528027,0.511434,-0.258680,-0.460323,-0.463564,-0.216040
794,112.080,B,5,2.906025,-85.729508,3.171283,-86.903014,0.205215,0.247932,65.1918,-0.075349,65.3516,-0.065908,3.419192,-86.300335,65.3838,0.651675,0.767583,-0.247909,-0.602679,-0.513167,0.570827
795,112.217,B,5,2.578679,-85.752694,3.110903,-86.666196,0.220706,0.249610,64.8046,-0.072334,64.9557,-0.074396,3.362372,-86.081609,64.9869,0.636379,0.849917,-0.251469,-0.584587,-0.783693,0.328915
796,112.355,B,5,2.679389,-84.448498,3.003629,-86.474074,0.222042,0.256485,64.4299,-0.069594,64.5727,-0.065454,3.310330,-85.859143,64.6028,0.687172,1.545317,-0.306701,-0.614931,-0.630941,1.410644
797,112.500,B,5,2.293247,-85.040251,2.933135,-86.083507,0.262768,0.272388,64.0626,-0.067554,64.2024,-0.063137,3.263244,-85.632393,64.2316,0.558996,1.136453,-0.330110,-0.451114,-0.969997,0.592142
798,112.624,B,5,2.877766,-85.180706,2.806882,-85.863511,0.262242,0.282869,63.7127,-0.065030,63.8445,-0.062450,3.221179,-85.401356,63.8727,0.620668,0.408190,-0.414297,-0.462154,-0.343413,0.220650
799,112.765,B,5,3.200377,-84.465769,2.806418,-85.707331,0.260499,0.263746,63.3695,-0.063058,63.4979,-0.056399,3.183993,-85.166635,63.5253,0.659481,0.701057,-0.377575,-0.540697,0.016384,0.700866
800,112.919,B,5,2.445976,-84.289766,2.865264,-85.452572,0.282122,0.244688,63.0377,-0.061064,63.1623,-0.049153,3.151325,-84.929151,63.1887,0.596490,0.952014,-0.286061,-0.523421,-0.705349,0.639385
801,113.059,B,5,2.737939,-83.743800,2.782107,-85.210701,0.286333,0.253022,62.7362,-0.057705,62.8378,-0.057058,3.122687,-84.689714,62.8633,0.622432,1.021168,-0.340580,-0.520987,-0.384748,0.945914
802,113.199,B,5,2.870595,-83.177087,2.767149,-84.921913,0.312002,0.258567,62.4761,-0.057399,62.5253,-0.051869,3.097624,-84.448719,62.5498,0.577172,1.291739,-0.330476,-0.473194,-0.227029,1.271632
803,113.335,B,5,3.101099,-84.291986,2.776232,-84.565817,0.335421,0.253980,62.1105,-0.054587,62.2259,-0.050740,3.075892,-84.206099,62.2493,0.468181,0.089510,-0.299660,-0.359719,0.025207,-0.085887
804,113.470,B,5,3.549587,-83.695516,2.828883,-84.486680,0.323887,0.228057,61.8964,-0.052965,61.9399,-0.048644,3.057562,-83.961427,61.9623,0.572874,0.559283,-0.228679,-0.525253,0.492025,0.265911
805,113.596,B,5,2.393050,-83.844674,2.951883,-84.301112,0.324152,0.191566,61.5681,-0.049801,61.6673,-0.051811,3.042986,-83.714128,61.6886,0.594012,0.662917,-0.091103,-0.586984,-0.649936,-0.130546
806,113.739,B,5,2.753292,-82.947867,2.850942,-84.182283,0.298410,0.198805,61.3035,-0.047583,61.4075,-0.045505,3.032554,-83.463769,61.4278,0.741111,0.586637,-0.181612,-0.718514,-0.279262,0.515902
807,113.864,B,5,2.657618,-83.255348,2.831532,-83.938507,0.314476,0.208058,61.1337,-0.045774,61.1797,-0.046307,3.026393,-83.210297,61.1797,0.753831,0.371517,-0.194861,-0.728210,-0.368776,-0.045052
808,114.000,B,5,2.594068,-82.979832,2.798012,-83.782955,0.303284,0.205399,60.8970,-0.044001,60.9264,-0.044566,3.024216,-82.954079,60.9447,0.859188,0.430919,-0.226204,-0.828877,-0.430148,-0.025753
809,114.144,B,5,2.517336,-82.181198,2.759172,-83.602209,0.289571,0.201038,60.6248,-0.042072,60.7063,-0.039768,3.025419,-82.695731,60.7234,0.944770,0.723113,-0.266247,-0.906479,-0.508083,0.514533
810,114.291,B,5,2.128259,-82.446472,2.712763,-83.313749,0.302961,0.214064,60.4066,-0.040679,60.5004,-0.034532,3.029351,-82.435877,60.5164,0.933213,0.901155,-0.316588,-0.877872,-0.901092,-0.010595
811,114.436,B,5,2.646321,-82.749651,2.604755,-83.123107,0.291255,0.227202,60.2287,-0.036845,60.3087,-0.029994,3.035581,-82.174956,60.3235,1.041442,0.694117,-0.430826,-0.948151,-0.389260,-0.574695
812,114.573,B,5,2.960203,-81.065404,2.607157,-83.021245,0.275839,0.210603,60.0554,-0.034212,60.1305,-0.029980,3.044034,-81.913104,60.1443,1.191151,0.851834,-0.436877,-1.108142,-0.083831,0.847699
813,114.708,B,5,1.421540,-81.969597,2.665979,-82.639186,0.317368,0.213721,59.8761,-0.033083,59.9651,-0.023579,3.054970,-81.650090,59.9779,1.062838,1.664385,-0.388991,-0.989096,-1.633430,-0.319507
814,114.846,B,5,2.116944,-80.481165,2.441671,-82.483024,0.285889,0.244287,59.7299,-0.030134,59.8121,-0.023414,3.068796,-81.385392,59.8239,1.264152,1.312878,-0.627125,-1.097632,-0.951851,0.904228
815,114.984,B,5,3.215530,-80.873422,2.377473,-82.090670,0.315566,0.266766,59.5922,-0.027783,59.6718,-0.010926,3.085794,-81.118444,59.6825,1.202889,0.277249,-0.708320,-0.972226,0.129736,0.245021
816,115.125,B,5,2.291848,-79.821466,2.520074,-81.834740,0.338488,0.236690,59.4621,-0.025942,59.5448,-0.019117,3.105942,-80.848932,59.5545,1.146761,1.310891,-0.585868,-0.985809,-0.814094,1.027466
817,115.267,B,5,3.136885,-80.575462,2.476441,-81.436575,0.364924,0.257436,59.3551,-0.023049,59.4315,-0.016135,3.128935,-80.576968,59.4401,1.079199,0.008092,-0.652493,-0.859607,0.007951,0.001506
818,115.407,B,5,2.405720,-80.667663,2.590664,-81.240491,0.368773,0.227660,59.2624,-0.020273,59.3315,-0.012358,3.154352,-80.303049,59.3391,1.093866,0.832703,-0.563689,-0.937442,-0.748632,-0.364614
819,115.564,B,5,2.506066,-79.762859,2.557063,-81.096863,0.347867,0.221998,59.1739,-0.018292,59.2436,-0.013533,3.181845,-80.027853,59.2502,1.238198,0.725878,-0.624781,-1.069010,-0.675778,0.264994
820,115.705,B,5,2.841033,-79.885037,2.546847,-80.819699,0.355133,0.226660,59.0820,-0.017589,59.1664,-0.012930,3.211216,-79.751953,59.1722,1.257565,0.393379,-0.664369,-1.067746,-0.370183,-0.133084
821,115.844,B,5,3.221944,-78.640298,2.598075,-80.612780,0.355536,0.212872,59.0229,-0.014573,59.0990,-0.010613,3.242443,-79.475568,59.1040,1.307082,0.835521,-0.644368,-1.137213,-0.020499,0.835269
822,115.978,B,5,2.369906,-78.280250,2.709227,-80.221757,0.394234,0.209322,58.9683,-0.012574,59.0411,-0.012719,3.275662,-79.198435,59.0453,1.169631,1.289751,-0.566435,-1.023322,-0.905756,0.918186
823,116.119,B,5,2.224277,-79.088244,2.651149,-79.833258,0.410427,0.235591,58.9205,-0.010816,58.9931,-0.010105,3.311108,-78.919936,58.9966,1.126811,1.099786,-0.659959,-0.913322,-1.086831,-0.168308
824,116.260,B,5,2.379802,-78.108250,2.576138,-79.655169,0.386227,0.239996,58.8770,-0.009636,58.9556,-0.001973,3.349018,-78.639417,58.9582,1.276360,1.105223,-0.772880,-1.015752,-0.969216,0.531167
825,116.402,B,5,1.438876,-78.315685,2.541012,-79.336075,0.393485,0.251733,58.5139,-0.035632,58.5154,-0.153604,3.384686,-78.357340,58.5849,1.292171,1.946256,-0.843674,-0.978734,-1.945810,0.041656
826,116.545,B,5,2.628331,-77.063327,2.344261,-79.109468,0.366810,0.280703,58.1332,-0.045636,58.2014,0.023875,3.418612,-78.082894,58.1912,1.485962,1.289985,-1.074350,-1.026574,-0.790281,1.019567
827,116.689,B,5,3.209742,-77.614343,2.390132,-78.701112,0.400192,0.283215,58.3500,-0.011703,58.4342,-0.035665,3.456298,-77.809682,58.4476,1.389732,0.314558,-1.066165,-0.891429,-0.246556,0.195339
828,116.834,B,5,2.505016,-77.550434,2.533731,-78.460655,0.410718,0.251097,57.7428,-0.053353,57.7762,-0.104703,3.484900,-77.540964,57.8263,1.323085,0.979930,-0.951170,-0.919691,-0.979884,-0.009470
829,116.985,B,5,2.710261,-77.765342,2.529315,-78.252346,0.398800,0.245037,57.5443,-0.043315,57.6329,0.000868,3.517743,-77.273450,57.6320,1.391125,0.945507,-0.988428,-0.978896,-0.807482,-0.491891
830,117.128,B,5,3.741264,-76.119339,2.562623,-78.120707,0.378907,0.225179,57.0198,-0.067022,57.0453,-0.139013,3.547079,-77.008313,57.1127,1.485455,0.909935,-0.984456,-1.112395,0.194185,0.888974
831,117.265,B,5,2.118838,-77.107071,2.774458,-77.722206,0.426484,0.205649,56.5719,-0.069972,56.6261,-0.082055,3.576673,-76.744981,56.6624,1.264325,1.502129,-0.802215,-0.977225,-1.457835,-0.362090
832,117.411,B,5,3.041589,-76.496222,2.664301,-77.567530,0.391667,0.217816,55.9234,-0.087749,55.9681,-0.069605,3.602660,-76.484792,56.0022,1.432773,0.561187,-0.938359,-1.082738,-0.561070,-0.011430
833,117.556,B,5,2.529399,-74.390197,2.735642,-77.334005,0.394006,0.206285,55.2728,-0.099119,55.2844,-0.125361,3.627262,-76.228410,55.3449,1.420326,2.141105,-0.891620,-1.105595,-1.097862,1.838213
834,117.694,B,5,3.105170,-76.060906,2.704946,-76.767529,0.441283,0.250791,54.5414,-0.111252,54.5367,-0.133571,3.649503,-75.976541,54.5992,1.232010,0.550832,-0.944557,-0.790987,-0.544333,-0.084365
835,117.834,B,5,3.549805,-75.971190,2.781186,-76.593239,0.428164,0.228762,54.1571,-0.089039,54.2277,0.047593,3.673906,-75.730513,54.2079,1.241469,0.270789,-0.892720,-0.862726,-0.124101,-0.240678
836,117.975,B,5,3.418653,-75.727602,2.923972,-76.436294,0.421221,0.196372,54.0894,-0.060934,54.1206,-0.116057,3.693659,-75.495208,54.1707,1.215755,0.360049,-0.769687,-0.941086,-0.275006,-0.232394
837,118.143,B,5,3.436655,-76.030129,3.020930,-76.266390,0.411986,0.177285,53.5099,-0.077651,53.5345,-0.098568,3.715359,-75.257167,53.5786,1.225057,0.821673,-0.694429,-1.009223,-0.278704,-0.772962
838,118.287,B,5,3.085179,-75.048557,3.102763,-76.190616,0.395926,0.155942,53.0853,-0.082889,53.0256,-0.084630,3.739156,-75.024327,53.0634,1.328618,0.654425,-0.636393,-1.166289,-0.653976,-0.024230
839,118.438,B,5,3.598778,-74.282145,3.110168,-75.950404,0.392107,0.166250,52.6389,-0.080578,52.5958,-0.066806,3.764397,-74.795598,52.6272,1.327250,0.539503,-0.654229,-1.154806,-0.165619,0.513453
840,118.577,B,5,3.647362,-73.397517,3.209509,-75.606387,0.407119,0.168471,52.1883,-0.071856,52.2437,-0.049855,3.790474,-74.570806,52.2692,1.187413,1.181985,-0.580965,-1.035581,-0.143113,1.173289
841,118.727,B,5,3.567674,-74.663240,3.295819,-75.183744,0.450993,0.190712,51.9689,-0.064592,51.9625,-0.051575,3.817245,-74.350846,51.9826,0.982652,0.399845,-0.521426,-0.832898,-0.249571,-0.312394
842,118.879,B,5,3.513950,-74.344586,3.355734,-75.048100,0.428716,0.175672,51.7202,-0.055451,51.7424,-0.040789,3.844955,-74.137145,51.7580,1.034010,0.390635,-0.489220,-0.910955,-0.331005,-0.207441
843,119.023,B,5,4.095294,-73.547670,3.397932,-74.873983,0.403219,0.166274,51.5068,-0.043538,51.5758,-0.030529,3.873852,-73.930730,51.5872,1.056516,0.442460,-0.475920,-0.943254,0.221441,0.383059
844,119.174,B,5,3.096488,-73.035394,3.530789,-74.606662,0.426039,0.162577,51.3984,-0.036535,51.4605,-0.019459,3.903881,-73.731483,51.4678,0.951386,1.066032,-0.373092,-0.875178,-0.807392,0.696090
845,119.323,B,5,3.279256,-72.854632,3.468799,-74.279238,0.412560,0.191273,51.2985,-0.026029,51.3994,-0.012282,3.934730,-73.538192,51.4022,0.875353,0.947048,-0.465932,-0.741046,-0.655474,0.683560
846,119.491,B,5,4.440574,-73.051162,3.445520,-73.983492,0.409127,0.209740,51.2834,-0.016159,51.3954,-0.005015,3.966223,-73.349301,51.3936,0.820567,0.560264,-0.520704,-0.634191,0.474350,0.298140
847,119.652,B,5,3.642620,-73.275939,3.631257,-73.774375,0.418343,0.182124,51.3141,-0.007380,51.4474,0.018917,3.998676,-73.163802,51.4413,0.712598,0.373297,-0.367419,-0.610573,-0.356056,-0.112137
848,119.790,B,5,3.057527,-72.564550,3.642426,-73.651799,0.400519,0.179003,51.4094,0.002172,51.5486,0.026098,4.032852,-72.981691,51.5389,0.775549,1.060785,-0.390425,-0.670108,-0.975325,0.417141
849,119.937,B,5,4.294810,-71.388258,3.550372,-73.411330,0.372170,0.199307,51.5806,0.012979,51.6906,0.028173,4.069422,-72.803768,51.6779,0.799090,1.433341,-0.519051,-0.607562,0.225387,1.415509
850,120.084,B,5,3.772279,-73.818895,3.689889,-73.011410,0.410331,0.204436,51.7711,0.021538,51.8680,0.036987,4.108354,-72.630995,51.8525,0.565534,1.234525,-0.418466,-0.380415,-0.336075,-1.187900
851,120.223,B,5,2.752868,-71.620864,3.713392,-73.111903,0.349895,0.164356,51.9911,0.028587,52.0806,0.047450,4.148756,-72.463896,52.0622,0.780676,1.630707,-0.435364,-0.648007,-1.395888,0.843031
852,120.369,B,5,3.379200,-71.844269,3.550549,-72.810319,0.337033,0.209181,52.2451,0.035028,52.3318,0.048988,4.189368,-72.302333,52.3102,0.816173,0.930695,-0.638818,-0.507987,-0.810167,0.458064
853,120.517,B,5,3.640405,-71.049045,3.523815,-72.600408,0.328255,0.215537,52.5359,0.041428,52.6235,0.051326,4.229391,-72.145751,52.5987,0.839375,1.244857,-0.705576,-0.454656,-0.588986,1.096706
854,120.657,B,5,3.380841,-71.909852,3.547086,-72.286614,0.343456,0.226066,52.8599,0.047584,52.9539,0.063792,4.269025,-71.993610,52.9262,0.779132,0.892125,-0.721939,-0.293004,-0.888184,0.083759
855,120.807,B,5,3.750115,-71.762451,3.519916,-72.180135,0.317520,0.217445,53.2207,0.053864,53.3174,0.064128,4.309352,-71.845615,53.2872,0.857388,0.565387,-0.789436,-0.334520,-0.559237,0.083164
856,120.964,B,5,3.869780,-71.991501,3.562258,-72.068828,0.304055,0.199183,53.5797,0.057270,53.7075,0.072309,4.351643,-71.701624,53.6754,0.870613,0.562335,-0.789385,-0.367204,-0.481862,-0.289877
857,121.098,B,5,3.947229,-71.513833,3.618772,-72.020162,0.283819,0.172902,53.9886,0.062817,54.1215,0.074948,4.396503,-71.561447,54.0875,0.902931,0.451790,-0.777731,-0.458715,-0.449274,0.047614
858,121.248,B,5,3.618370,-71.454605,3.679635,-71.898121,0.278326,0.157856,54.4354,0.068951,54.5607,0.086403,4.443454,-71.424825,54.5245,0.898570,0.825621,-0.763819,-0.473296,-0.825084,-0.029780
859,121.392,B,5,4.018803,-70.932652,3.671759,-71.788539,0.263106,0.154060,54.9047,0.074026,55.0282,0.084053,4.491237,-71.291640,54.9897,0.958359,0.593352,-0.819478,-0.496898,-0.472434,0.358988
860,121.531,B,5,4.325660,-70.710075,3.735730,-71.606894,0.270171,0.147525,55.4019,0.079299,55.5254,0.088413,4.538614,-71.162134,55.4846,0.917842,0.499706,-0.802884,-0.444761,-0.212954,0.452059
861,121.666,B,5,4.378459,-70.458888,3.843568,-71.417730,0.282964,0.135170,55.9257,0.084198,56.0496,0.092122,4.585110,-71.036872,56.0068,0.833629,0.613816,-0.741542,-0.380858,-0.206652,0.577984
862,121.811,B,5,4.552146,-70.865843,3.943002,-71.217150,0.295207,0.126640,56.4593,0.087730,56.5956,0.105395,4.631176,-70.916421,56.5513,0.751014,0.093829,-0.688174,-0.300729,-0.079030,0.050578
863,121.952,B,5,3.677142,-70.785974,4.056747,-71.124149,0.289904,0.103784,57.0343,0.092740,57.1587,0.091484,4.677694,-70.800920,57.1131,0.700038,1.000664,-0.620947,-0.323229,-1.000552,0.014945
864,122.106,B,5,4.491370,-69.709858,3.995777,-71.035154,0.264294,0.112050,57.6208,0.096482,57.7371,0.099090,4.725314,-70.689834,57.6902,0.807137,1.007513,-0.729537,-0.345319,-0.233944,0.979976
865,122.260,B,5,3.982750,-71.137020,4.088190,-70.771882,0.288596,0.113384,58.2163,0.099413,58.3325,0.102963,4.774074,-70.582103,58.2842,0.711655,0.966502,-0.685884,-0.189779,-0.791324,-0.554917
866,122.430,B,5,4.432605,-69.640054,4.074675,-70.807511,0.247779,0.098343,58.8309,0.102447,58.9481,0.101839,4.823504,-70.476685,58.8980,0.818652,0.923446,-0.748829,-0.330826,-0.390899,0.836630
867,122.549,B,5,4.179878,-68.878527,4.142318,-70.574348,0.266357,0.101111,59.4582,0.105297,59.5849,0.122207,4.873047,-70.373173,59.5332,0.757916,1.647558,-0.730729,-0.201175,-0.693169,1.494645
868,122.691,B,5,4.811197,-69.441817,4.153223,-70.245472,0.293130,0.123226,60.1218,0.109363,60.2411,0.118578,4.922439,-70.272030,60.1880,0.769674,0.837633,-0.769216,0.026559,-0.111242,0.830213
869,122.838,B,5,4.614325,-69.581544,4.273798,-70.071988,0.302188,0.106598,60.7928,0.112238,60.9123,0.117548,4.971792,-70.174282,60.8582,0.705450,0.692185,-0.697994,0.102294,-0.357467,0.592738
870,122.965,B,5,3.834667,-69.714155,4.338203,-69.960483,0.300710,0.097015,61.3411,0.114554,61.5945,0.124313,5.021347,-70.080855,61.5396,0.693668,1.242046,-0.683144,0.120372,-1.186680,0.366700
871,123.101,B,5,4.442300,-70.075328,4.254224,-69.888112,0.269912,0.108218,62.0379,0.117131,62.2861,0.120380,5.071123,-69.992019,62.2304,0.823481,0.634318,-0.816899,0.103907,-0.628823,-0.083309
872,123.233,B,5,4.368106,-69.500084,4.291070,-69.888803,0.236326,0.086274,62.9203,0.120433,62.9884,0.117667,5.120833,-69.907259,62.9318,0.829968,0.855798,-0.829763,0.018456,-0.752727,0.407175
873,123.371,B,5,4.736584,-70.007582,4.307424,-69.796586,0.227313,0.082492,63.6100,0.122290,63.7040,0.130912,5.170160,-69.825575,63.6462,0.863223,0.470228,-0.862736,0.028989,-0.433576,-0.182007
874,123.500,B,5,4.771636,-70.248086,4.386268,-69.810910,0.206258,0.057377,64.3116,0.121403,64.3717,0.073988,5.219521,-69.745416,64.3373,0.835823,0.673260,-0.833253,-0.065494,-0.447885,-0.502670
875,123.641,B,5,4.323193,-69.132293,4.457635,-69.871920,0.182746,0.032861,64.5022,0.093019,64.6471,0.116160,5.267545,-69.659612,64.5964,0.837274,1.081603,-0.809909,-0.212307,-0.944352,0.527319
876,123.776,B,5,5.050416,-68.971640,4.438596,-69.720491,0.183365,0.045837,65.7600,0.141460,65.8855,0.267464,5.317826,-69.584174,65.7649,0.889735,0.668361,-0.879230,-0.136318,-0.267410,0.612534
877,123.920,B,5,5.029961,-68.546840,4.549256,-69.573282,0.203823,0.034634,66.6551,0.158581,66.8424,0.089855,5.367561,-69.507193,66.8019,0.820969,1.017965,-0.818305,-0.066089,-0.337600,0.960354
878,124.058,B,5,5.000780,-68.840264,4.639955,-69.368378,0.221640,0.031301,67.4878,0.143520,67.5916,0.225468,5.418012,-69.426639,67.4908,0.780236,0.719666,-0.778058,0.058261,-0.417232,0.586376
879,124.208,B,5,3.667677,-69.115636,4.708981,-69.253448,0.223080,0.024662,68.8380,0.180749,68.9325,0.172318,5.471312,-69.356572,68.8541,0.769274,1.819656,-0.762331,0.103124,-1.803635,0.240936
880,124.337,B,5,4.259735,-68.700499,4.528990,-69.212335,0.194558,0.059701,69.5118,0.168710,69.8439,0.230173,5.522204,-69.280984,69.7394,0.995584,1.389530,-0.993215,0.068649,-1.262470,0.580485
881,124.477,B,5,5.108644,-69.740926,4.481930,-69.098816,0.185256,0.069084,71.0521,0.194064,71.1565,0.192480,5.572991,-69.211943,71.0655,1.096910,0.703876,-1.091061,0.113127,-0.464348,-0.528983
882,124.619,B,5,4.878552,-68.300361,4.592891,-69.193850,0.154735,0.032714,72.2735,0.202919,72.3850,0.245662,5.622352,-69.141216,72.2716,1.030805,1.122619,-1.029461,-0.052634,-0.743799,0.840855
883,124.757,B,5,4.872880,-68.752617,4.644800,-69.019645,0.173612,0.031788,73.5916,0.213965,73.6918,0.235860,5.672638,-69.071602,73.5866,1.029151,0.861025,-1.027838,0.051958,-0.799758,0.318985
884,124.892,B,5,5.437920,-68.417818,4.686882,-68.955145,0.168819,0.024381,74.9502,0.223467,75.0539,0.239146,5.725149,-69.001844,74.9433,1.039316,0.650836,-1.038266,0.046700,-0.287229,0.584026
885,125.018,B,5,4.765442,-68.290914,4.822067,-68.843021,0.179805,0.002863,76.3572,0.232349,76.4610,0.244171,5.780172,-68.931743,76.3467,0.962204,1.200141,-0.958105,0.088722,-1.014730,0.640829
886,125.153,B,5,5.140431,-68.476829,4.815412,-68.727916,0.180830,0.010688,77.8074,0.240840,77.9158,0.255707,5.836618,-68.861299,77.7975,1.029880,0.795296,-1.021206,0.133384,-0.696188,0.384470
887,125.277,B,5,5.414986,-68.093669,4.875602,-68.665848,0.175508,0.001046,79.3168,0.250336,79.4216,0.268731,5.892968,-68.790952,79.2992,1.025029,0.845381,-1.017366,0.125104,-0.477981,0.697283
888,125.403,B,5,5.600622,-67.964780,4.974165,-68.547226,0.183701,-0.012302,80.8594,0.258019,80.9780,0.274571,5.948495,-68.721364,80.8517,0.989769,0.832727,-0.974330,0.174138,-0.347873,0.756583
889,125.531,B,5,5.428230,-67.890220,5.089141,-68.426036,0.191908,-0.027921,82.4682,0.267106,82.5787,0.281115,6.003829,-68.653051,82.4493,0.942438,0.955628,-0.914688,0.227015,-0.575599,0.762831
890,125.670,B,5,5.856973,-68.155511,5.154088,-68.312584,0.194980,-0.032930,84.1094,0.274791,84.2150,0.288297,6.060428,-68.586057,84.0829,0.946699,0.476197,-0.906339,0.273474,-0.203454,0.430546
891,125.804,B,5,5.239100,-67.804878,5.283889,-68.265963,0.186710,-0.053515,85.7659,0.280466,85.8800,0.296063,6.119459,-68.519834,85.7458,0.873285,1.134104,-0.835570,0.253871,-0.880358,0.714955
892,125.945,B,5,5.424932,-69.497773,5.281961,-68.166366,0.184874,-0.043997,87.4449,0.285366,87.5729,0.293517,6.180919,-68.453419,87.4364,0.943676,1.289260,-0.898958,0.287054,-0.755987,-1.044354
893,126.091,B,5,4.751259,-67.708077,5.312727,-68.385447,0.120351,-0.051640,89.1697,0.291493,89.2978,0.308585,6.243687,-68.385939,89.1585,0.930960,1.639158,-0.930960,0.000492,-1.492428,0.677862
894,126.227,B,5,5.439310,-68.047589,5.217551,-68.253652,0.130732,-0.023819,90.9295,0.297666,91.0584,0.311286,6.306468,-68.317083,90.9162,1.090763,0.908069,-1.088917,0.063432,-0.867158,0.269495
895,126.375,B,5,5.691644,-66.816565,5.258804,-68.204285,0.126248,-0.028860,92.7043,0.302109,92.8540,0.316797,6.368827,-68.247217,92.7092,1.110853,1.582827,-1.110023,0.042932,-0.677184,1.430652
896,126.501,B,5,5.625349,-67.076786,5.337161,-67.945053,0.164914,-0.038851,94.5501,0.309969,94.6782,0.323197,6.431499,-68.177065,94.5314,1.118663,1.363999,-1.094338,0.232013,-0.806150,1.100279
897,126.632,B,5,4.895787,-67.452160,5.390244,-67.774413,0.180621,-0.044674,96.3912,0.314016,96.5237,0.329435,6.495746,-68.107253,96.3754,1.154520,1.728877,-1.105502,0.332840,-1.599959,0.655093
898,126.762,B,5,6.245551,-67.006900,5.304261,-67.699573,0.174947,-0.022611,98.2593,0.318168,98.3862,0.329808,6.562314,-68.038045,98.2366,1.302789,1.078702,-1.258053,0.338472,-0.316762,1.031145
899,126.914,B,5,5.256814,-66.215848,5.470792,-67.559002,0.181905,-0.055198,100.1487,0.322579,100.2670,0.337295,6.630864,-67.969338,100.1158,1.230505,2.227720,-1.160072,0.410335,-1.374049,1.753489
900,127.053,B,5,5.791904,-67.618877,5.433980,-67.302114,0.213199,-0.045392,102.0705,0.327365,102.1699,0.339079,6.700247,-67.900744,102.0168,1.400640,0.951071,-1.266267,0.598630,-0.908343,0.281867
901,127.177,B,5,5.390572,-67.452850,5.497514,-67.335785,0.180106,-0.052748,104.1592,0.331409,104.0979,0.339290,6.769374,-67.831691,103.9428,1.365119,1.429900,-1.271860,0.495907,-1.378802,0.378841
902,127.310,B,5,6.054094,-66.250228,5.478955,-67.343503,0.162301,-0.044101,105.5543,0.333102,106.0393,0.326450,6.837973,-67.761538,105.8911,1.421859,1.702505,-1.359018,0.418034,-0.783879,1.511310
903,127.455,B,5,6.015920,-67.539477,5.580369,-67.130388,0.179011,-0.065736,107.4024,0.298336,107.4458,0.258408,6.901612,-67.684359,107.3288,1.432678,0.897464,-1.321243,0.553972,-0.885692,0.144883
904,127.594,B,5,6.352562,-66.487855,5.658135,-67.187820,0.147331,-0.073393,108.8494,0.305582,109.4024,0.418912,6.965767,-67.600280,109.2121,1.371140,1.270240,-1.307632,0.412460,-0.613205,1.112425
905,127.732,B,5,5.433539,-67.364068,5.782515,-67.048571,0.152521,-0.097190,111.0009,0.332006,111.3528,0.251074,7.028373,-67.510214,111.2385,1.328636,1.601516,-1.245857,0.461643,-1.594834,0.146146
906,127.867,B,5,6.319182,-67.493540,5.724529,-67.085287,0.127155,-0.070863,112.6242,0.285635,112.6316,0.283121,7.083656,-67.415717,112.5030,1.398717,0.768425,-1.359127,0.330430,-0.764474,-0.077822
907,128.002,B,5,5.711247,-66.390767,5.830983,-67.146042,0.096780,-0.081959,114.1193,0.300468,114.4679,0.272038,7.142820,-67.317243,114.3442,1.322961,1.705215,-1.311837,0.171200,-1.431573,0.926476
908,128.129,B,5,6.136221,-66.683044,5.813196,-66.998394,0.113006,-0.077044,115.7088,0.264802,115.6942,0.263748,7.193545,-67.217687,115.5785,1.397660,1.184811,-1.380349,0.219293,-1.057324,0.534642
909,128.255,B,5,6.455676,-66.577384,5.872360,-66.928680,0.108820,-0.084396,117.2983,0.264170,117.2042,0.189972,7.244228,-67.113945,117.1152,1.384320,0.953787,-1.371867,0.185264,-0.788551,0.536561
910,128.391,B,5,5.977237,-66.404726,5.978198,-66.853516,0.102400,-0.100669,118.5228,0.248359,118.4968,0.199948,7.288182,-67.005629,118.4022,1.318786,1.442103,-1.309984,0.152112,-1.310945,0.600903
911,128.530,B,5,5.544274,-66.714766,5.980934,-66.763372,0.109580,-0.099285,119.5229,0.237708,119.7266,0.212171,7.327145,-66.890043,119.6297,1.352157,1.791467,-1.346211,0.126671,-1.782872,0.175277
912,128.679,B,5,5.977317,-65.805913,5.906697,-66.738979,0.105194,-0.074208,120.9817,0.224992,120.9028,0.200847,7.361202,-66.766059,120.8110,1.454757,1.684344,-1.454505,0.027080,-1.383884,0.960145
913,128.826,B,5,6.152095,-66.347031,5.919638,-66.563884,0.126595,-0.085788,121.8943,0.215824,122.0180,0.189649,7.389945,-66.634528,121.9308,1.472004,1.270798,-1.470307,0.070644,-1.237850,0.287497
914,128.964,B,5,6.215973,-65.630695,5.961233,-66.511358,0.117470,-0.088829,122.9783,0.204580,123.0810,0.186643,7.413235,-66.497689,122.9977,1.452066,1.478214,-1.452002,-0.013669,-1.197262,0.866994
915,129.105,B,5,6.493829,-66.221866,6.007287,-66.338522,0.127312,-0.101853,124.1995,0.191433,124.0988,0.170797,7.431248,-66.358114,124.0189,1.424096,0.947269,-1.423961,0.019592,-0.937419,0.136248
916,129.247,B,5,6.077133,-65.679436,6.094875,-66.302004,0.109977,-0.109322,125.1824,0.182960,125.0739,0.162078,7.444662,-66.217466,124.9975,1.352432,1.469562,-1.349787,-0.084538,-1.367529,0.538031
917,129.387,B,5,6.721982,-66.156456,6.093969,-66.176634,0.118926,-0.109861,126.1291,0.175533,126.0051,0.157179,7.454363,-66.075838,125.9323,1.364123,0.736804,-1.360394,-0.100796,-0.732381,-0.080618
918,129.521,B,5,5.888660,-65.573977,6.207360,-66.157401,0.096033,-0.118834,127.0095,0.166407,126.8898,0.155093,7.460754,-65.931917,126.8207,1.273514,1.612328,-1.253394,-0.225483,-1.572094,0.357940
919,129.665,B,5,5.304401,-65.955970,6.154041,-66.039451,0.110702,-0.109374,127.8693,0.159626,127.7288,0.141338,7.463171,-65.783877,127.6633,1.333843,2.165618,-1.309130,-0.255574,-2.158769,-0.172093
920,129.804,B,5,6.104569,-65.178473,6.004616,-66.009942,0.119846,-0.075261,128.6737,0.151607,128.5281,0.131325,7.459982,-65.630468,128.4654,1.504024,1.428791,-1.455366,-0.379474,-1.355413,0.451995
921,129.947,B,5,6.219961,-63.787062,6.020605,-65.848484,0.130722,-0.088315,129.4346,0.144052,129.2971,0.128872,7.449437,-65.471615,129.2365,1.477698,2.085505,-1.428832,-0.376869,-1.229476,1.684553
922,130.095,B,5,6.549103,-65.171949,6.054113,-65.466624,0.173898,-0.129610,130.1889,0.138880,130.0433,0.134233,7.430741,-65.308257,129.9843,1.385707,0.892112,-1.376628,-0.158367,-0.881637,0.136308
923,130.242,B,5,6.424981,-64.803352,6.140762,-65.393259,0.154884,-0.137826,130.9263,0.134816,130.7680,0.119410,7.404638,-65.141727,130.7109,1.288662,1.036448,-1.263875,-0.251533,-0.979657,0.338375
924,130.389,B,5,5.925392,-63.597613,6.191391,-65.268320,0.150475,-0.145777,131.6382,0.130601,131.4673,0.122082,7.373060,-64.973154,131.4124,1.217976,1.996961,-1.181669,-0.295166,-1.447668,1.375541
925,130.548,B,5,5.684655,-63.786208,6.144515,-64.950927,0.189068,-0.162097,132.3194,0.125884,132.1360,0.124126,7.338011,-64.803208,132.0837,1.202603,1.941102,-1.193497,-0.147719,-1.653357,1.017000
926,130.712,B,5,6.076047,-64.072190,6.061662,-64.719800,0.213894,-0.160525,132.9719,0.121068,132.7730,0.109109,7.300388,-64.632120,132.7231,1.241825,1.346304,-1.238726,-0.087680,-1.224341,0.559931
927,130.865,B,5,6.092024,-64.601054,6.061301,-64.578989,0.210829,-0.160633,133.5975,0.116337,133.3821,0.107195,7.259477,-64.459770,133.3342,1.204093,1.175971,-1.198176,-0.119218,-1.167453,-0.141284
928,131.034,B,5,5.612461,-64.438661,6.063926,-64.557585,0.189245,-0.145509,134.1775,0.110357,133.9706,0.104325,7.213436,-64.285717,133.9241,1.181223,1.608264,-1.149511,-0.271868,-1.600975,-0.152944
929,131.189,B,5,5.172372,-63.646683,5.980861,-64.513705,0.185131,-0.122227,134.7423,0.105712,134.5441,0.095608,7.160417,-64.109201,134.4987,1.246987,2.041139,-1.179556,-0.404505,-1.988045,0.462518
930,131.357,B,5,5.490109,-63.357791,5.832598,-64.338633,0.210169,-0.110062,135.2912,0.101881,135.1029,0.096147,7.099619,-63.929309,135.0589,1.331498,1.707968,-1.267021,-0.409324,-1.609510,0.571519
931,131.537,B,5,5.650092,-62.693272,5.764518,-64.142383,0.224313,-0.114651,135.8126,0.097619,135.6422,0.084631,7.031652,-63.745424,135.5999,1.327857,1.736587,-1.267134,-0.396959,-1.381560,1.052153
932,131.717,B,5,5.796786,-62.701061,5.736099,-63.861570,0.243470,-0.136804,136.3138,0.093611,136.1566,0.086179,6.958075,-63.557740,136.1164,1.259182,1.443084,-1.221976,-0.303830,-1.161290,0.856679
933,131.888,B,5,6.071359,-63.964098,5.738835,-63.629348,0.248567,-0.154500,136.7898,0.089483,136.6448,0.085790,6.880506,-63.367436,136.6066,1.171329,1.005347,-1.141671,-0.261912,-0.809147,-0.596661
934,132.043,B,5,5.385313,-61.669921,5.790758,-63.661703,0.207637,-0.139644,137.2538,0.086003,137.1102,0.076036,6.799875,-63.176227,137.0737,1.119823,2.066385,-1.009117,-0.485476,-1.414563,1.506306
935,132.227,B,5,5.800552,-63.050642,5.712740,-63.283879,0.248671,-0.167169,137.6964,0.082554,137.5577,0.074176,6.716230,-62.985450,137.5225,1.046926,0.917997,-1.003491,-0.298429,-0.915679,-0.065193
936,132.391,B,5,5.253148,-61.591135,5.721432,-63.214408,0.228368,-0.159369,138.1103,0.078407,137.9900,0.068696,6.629052,-62.795273,137.9560,0.999724,1.828403,-0.907619,-0.419135,-1.375904,1.204137
937,132.584,B,5,5.289272,-62.510526,5.631724,-62.899520,0.259165,-0.174881,138.5220,0.075897,138.4055,0.062566,6.537717,-62.604527,138.3730,0.952809,1.251979,-0.905993,-0.294993,-1.248445,0.094000
938,132.769,B,5,4.858024,-62.010937,5.564882,-62.807088,0.258082,-0.163141,138.8245,0.072604,138.7997,0.066744,6.441754,-62.411315,138.7690,0.962051,1.633555,-0.876872,-0.395773,-1.583730,0.400377
939,132.946,B,5,4.902739,-61.758771,5.428814,-62.632009,0.267089,-0.148271,139.2958,0.069705,139.1688,0.065171,6.340875,-62.214123,139.1402,1.003236,1.508502,-0.912060,-0.417886,-1.438135,0.455352
940,133.121,B,5,4.290480,-61.564844,5.324791,-62.448998,0.277032,-0.144713,139.6431,0.066136,139.5131,0.057347,6.234993,-62.012761,139.4864,1.009342,1.995435,-0.910202,-0.436236,-1.944513,0.447917
941,133.290,B,5,5.008123,-61.314221,5.132695,-62.271002,0.306075,-0.132348,139.8893,0.063035,139.8369,0.056897,6.124379,-61.808473,139.8116,1.094245,1.220783,-0.991684,-0.462530,-1.116256,0.494252
942,133.455,B,5,4.585655,-60.913414,5.093423,-62.066721,0.297285,-0.140236,140.3047,0.060942,140.1446,0.055875,6.009792,-61.603178,140.1205,1.026939,1.582385,-0.916369,-0.463543,-1.424137,0.689764
943,133.642,B,5,3.271369,-61.464079,4.990116,-61.834115,0.310168,-0.146274,140.5926,0.057759,140.4379,0.049710,5.892379,-61.398341,140.4150,1.001988,2.621834,-0.902264,-0.435775,-2.621010,-0.065738
944,133.812,B,5,4.229580,-60.868425,4.670329,-61.738646,0.335921,-0.102029,140.8820,0.054949,140.7150,0.050202,5.773266,-61.194223,140.6935,1.229987,1.577692,-1.102937,-0.544423,-1.543686,0.325798
945,133.987,B,5,4.508541,-60.873622,4.572984,-61.555951,0.336012,-0.105839,141.1471,0.051542,140.9730,0.041601,5.653034,-60.989966,140.9531,1.219363,1.150391,-1.080050,-0.565984,-1.144493,0.116344
946,134.156,B,5,4.235220,-60.052998,4.546371,-61.412331,0.327868,-0.115320,141.3346,0.048080,141.1917,0.037396,5.531342,-60.784289,141.1917,1.168163,1.488193,-0.984971,-0.628043,-1.296122,0.731291
947,134.326,B,5,4.132069,-59.760985,4.470527,-61.137891,0.330156,-0.132649,141.5935,0.043447,141.4274,0.037110,5.406948,-60.576256,141.4106,1.091933,1.513269,-0.936420,-0.561635,-1.274879,0.815271
948,134.502,B,5,3.826967,-60.103266,4.393267,-60.863250,0.339413,-0.150555,141.7937,0.040270,141.6300,0.038733,5.278317,-60.365701,141.6142,1.015317,1.474886,-0.885050,-0.497549,-1.451350,0.262435
949,134.673,B,5,4.535620,-59.624028,4.275733,-60.696476,0.339993,-0.144475,141.9886,0.038186,141.8223,0.035745,5.144566,-60.153111,141.8072,1.024751,0.806687,-0.868832,-0.543365,-0.608946,0.529083
950,134.839,B,5,3.813926,-59.724220,4.304695,-60.474507,0.324331,-0.166641,142.1667,0.035490,142.0061,0.028696,5.006084,-59.939205,141.9917,0.882323,1.211388,-0.701389,-0.535301,-1.192158,0.214986
951,135.009,B,5,2.995237,-58.797729,4.202480,-60.309196,0.323941,-0.160728,142.3397,0.033634,142.1800,0.029247,4.864379,-59.724568,142.1665,0.883120,2.086318,-0.661899,-0.584628,-1.869142,0.926839
952,135.166,B,5,3.587601,-59.329914,3.972270,-60.008923,0.360914,-0.160964,142.5048,0.031865,142.3414,0.027666,4.721222,-59.509541,142.3290,0.900172,1.147763,-0.748952,-0.499381,-1.133620,0.179627
953,135.344,B,5,3.192109,-59.108712,3.885648,-59.854683,0.352324,-0.156171,142.6545,0.029720,142.4896,0.018250,4.577658,-59.294345,142.4782,0.890425,1.397929,-0.692010,-0.560338,-1.385549,0.185633
954,135.495,B,5,3.237020,-59.509700,3.744342,-59.689413,0.354812,-0.146965,142.7726,0.026226,142.6261,0.016479,4.433524,-59.079171,142.6155,0.920525,1.271605,-0.689182,-0.610242,-1.196504,-0.430529
955,135.665,B,5,2.983082,-58.503927,3.635408,-59.625559,0.339181,-0.126727,142.9021,0.024937,142.7550,0.014830,4.287600,-58.864083,142.7448,1.002596,1.353322,-0.652192,-0.761476,-1.304519,0.360156
956,135.825,B,5,3.723959,-57.899181,3.500584,-59.396551,0.350021,-0.132227,143.0225,0.023647,142.8803,0.020466,4.138238,-58.648810,142.8703,0.982710,0.856487,-0.637654,-0.747742,-0.414278,0.749629
957,135.999,B,5,2.612725,-58.229208,3.521034,-59.099623,0.342942,-0.167364,143.1490,0.023389,143.0043,0.018537,3.984173,-58.432713,142.9944,0.811952,1.386464,-0.463139,-0.666910,-1.371448,0.203505
958,136.154,B,5,2.783767,-58.216773,3.342539,-58.912019,0.355182,-0.156362,143.2756,0.023169,143.1264,0.012922,3.825093,-58.215110,143.1168,0.847667,1.041327,-0.482554,-0.696909,-1.041326,-0.001662
959,136.319,B,5,2.098035,-57.611694,3.224643,-58.755781,0.352330,-0.149126,143.3890,0.022083,143.2452,0.021378,3.661635,-57.995768,143.2358,0.876688,1.610080,-0.436992,-0.760013,-1.563600,0.384074
960,136.484,B,5,1.783589,-57.709224,3.005383,-58.520424,0.375875,-0.143226,143.5046,0.021607,143.3600,0.027015,3.494912,-57.775213,143.3509,0.891616,1.712595,-0.489529,-0.745211,-1.711323,0.065988
961,136.658,B,5,1.518710,-57.338871,2.766982,-58.343505,0.392654,-0.126346,143.6229,0.021465,143.4726,0.028170,3.325881,-57.554574,143.4636,0.966840,1.819999,-0.558899,-0.788931,-1.807171,0.215703
962,136.829,B,5,0.867806,-56.924918,2.521562,-58.132578,0.412793,-0.116227,143.7384,0.021081,143.5863,0.028953,3.154942,-57.335020,143.5771,1.018464,2.323612,-0.633379,-0.797558,-2.287135,0.410102
963,136.990,B,5,1.868848,-56.005792,2.201886,-57.885121,0.447155,-0.104333,143.7076,0.008308,143.4988,-0.102833,2.981768,-57.119153,143.5416,1.093125,1.574218,-0.779881,-0.765968,-1.112920,1.113361
964,137.157,B,5,1.600861,-57.063748,2.114236,-57.516670,0.454370,-0.141684,143.2972,-0.022353,143.0986,0.012310,2.814152,-56.913028,143.0966,0.924265,1.222617,-0.699916,-0.603641,-1.213291,-0.150720
965,137.329,B,5,0.539850,-56.445506,1.995546,-57.399274,0.435371,-0.130161,143.6517,0.014979,143.4923,0.045358,2.646089,-56.704887,143.4702,0.951514,2.122151,-0.650543,-0.694387,-2.106240,0.259382
966,137.499,B,5,1.255794,-57.935183,1.710375,-57.194347,0.456327,-0.113986,143.3809,-0.014277,143.1324,-0.117602,2.479180,-56.505530,143.1927,1.032245,1.881643,-0.768805,-0.688817,-1.223386,-1.429653
967,137.664,B,5,1.306541,-56.142972,1.600970,-57.291077,0.409749,-0.071736,143.1096,-0.024907,142.9183,0.040639,2.310220,-56.306740,142.8994,1.213242,1.016952,-0.709250,-0.984337,-1.003679,0.163768
968,137.842,B,5,0.997007,-55.301774,1.521288,-57.057464,0.403667,-0.091802,142.9125,-0.031775,142.6657,-0.139901,2.137803,-56.107321,142.7269,1.132635,1.396539,-0.616515,-0.950143,-1.140795,0.805547
969,138.020,B,5,0.737632,-55.913280,1.402675,-56.714235,0.417990,-0.122541,142.4564,-0.048697,142.2546,-0.026341,1.963307,-55.912968,142.2628,0.977925,1.225676,-0.560632,-0.801268,-1.225675,-0.000312
970,138.207,B,5,0.005374,-55.410705,1.265061,-56.544732,0.422891,-0.121945,142.0510,-0.063762,141.7237,-0.077065,1.788895,-55.722845,141.7624,0.974628,1.810629,-0.523834,-0.821887,-1.783521,0.312140
971,138.380,B,5,0.170034,-55.637561,1.018065,-56.310516,0.444819,-0.115502,141.5391,-0.074617,141.2050,-0.091094,1.617040,-55.538179,141.2493,0.977382,1.450415,-0.598974,-0.772337,-1.447006,-0.099382
972,138.545,B,5,0.152906,-55.291957,0.842522,-56.157021,0.441597,-0.105034,140.9279,-0.087829,140.5884,-0.112818,1.449548,-55.360579,140.6413,1.001399,1.298456,-0.607026,-0.796442,-1.296642,0.068622
973,138.723,B,5,-0.360148,-55.478885,0.688689,-55.961565,0.430008,-0.102465,140.0744,-0.103316,139.8877,-0.124540,1.286297,-55.189456,139.9464,0.976364,1.671690,-0.597608,-0.772109,-1.646444,-0.289429
974,138.888,B,5,-0.081121,-54.181266,0.483529,-55.849630,0.438348,-0.084484,139.4974,-0.112777,139.1174,-0.142873,1.125498,-55.023313,139.1814,1.046386,1.471385,-0.641970,-0.826317,-1.206619,0.842047
975,139.065,B,5,-1.270452,-52.852481,0.353072,-55.513879,0.441931,-0.109233,138.5079,-0.127188,138.2841,-0.140529,0.964525,-54.860385,138.3529,0.894946,3.004464,-0.611454,-0.653493,-2.234977,2.007904
976,139.238,B,5,-0.951102,-54.366470,0.046082,-55.013144,0.515634,-0.138602,137.8056,-0.136022,137.3930,-0.156091,0.801246,-54.699068,137.4663,0.817873,1.783633,-0.755164,-0.314076,-1.752349,0.332599
977,139.405,B,5,-0.623118,-55.299376,-0.162553,-54.848058,0.499267,-0.117346,136.6800,-0.148852,136.4454,-0.177998,0.635186,-54.538475,136.5233,0.855704,1.470476,-0.797739,-0.309583,-1.258304,-0.760901
978,139.573,B,5,-0.757712,-52.818760,-0.271331,-54.886760,0.453288,-0.082949,135.6645,-0.160315,135.4393,-0.185197,0.467787,-54.378784,135.5220,0.896847,1.983815,-0.739118,-0.507976,-1.225499,1.560024
979,139.743,B,5,-0.743321,-53.616637,-0.382615,-54.482410,0.472156,-0.119184,134.6022,-0.170526,134.3729,-0.188451,0.301673,-54.221270,134.4604,0.732424,1.207308,-0.684288,-0.261140,-1.044994,0.604633
980,139.900,B,5,-1.452559,-53.271912,-0.469856,-54.287707,0.457399,-0.122049,133.4855,-0.180348,133.2473,-0.206112,0.139263,-54.067833,133.3394,0.647588,1.779715,-0.609119,-0.219875,-1.591822,0.795921
981,140.056,B,5,-0.766653,-53.393774,-0.665674,-54.066567,0.464351,-0.112752,132.2997,-0.190987,132.0677,-0.208682,-0.018451,-53.920063,132.1639,0.663596,0.914760,-0.647222,-0.146504,-0.748202,0.526289
982,140.230,B,5,-1.503490,-53.411763,-0.705008,-53.906321,0.439266,-0.116777,131.0698,-0.200409,130.8403,-0.220986,-0.172110,-53.778380,130.9401,0.548042,1.380935,-0.532898,-0.127941,-1.331380,0.366617
983,140.370,B,5,-1.320831,-52.902686,-0.865791,-53.778738,0.430039,-0.097674,129.8663,-0.202739,129.6829,-0.140086,-0.323874,-53.640797,129.7499,0.559198,1.240456,-0.541918,-0.137941,-0.996957,0.738111
984,140.525,B,5,-1.922588,-53.385978,-0.965870,-53.585040,0.422935,-0.098274,129.1000,-0.174438,128.9189,-0.205783,-0.475221,-53.500080,129.0097,0.497951,1.451857,-0.490649,-0.084960,-1.447366,0.114103
985,140.672,B,5,-2.228230,-52.328229,-1.153600,-53.511426,0.411005,-0.068300,127.5754,-0.214774,127.3385,-0.280793,-0.635505,-53.353781,127.4689,0.541549,1.894342,-0.518096,-0.157645,-1.592725,1.025553
986,140.812,B,5,-2.168395,-52.761980,-1.363144,-53.265123,0.429210,-0.061089,126.4701,-0.201558,126.3014,-0.090687,-0.794508,-53.199933,126.3443,0.572361,1.442001,-0.568637,-0.065190,-1.373887,0.437952
987,140.954,B,5,-2.240997,-53.381885,-1.526019,-53.138619,0.420644,-0.044890,125.5454,-0.187038,125.3346,-0.260544,-0.953858,-53.041384,125.4489,0.580364,1.331415,-0.572161,-0.097235,-1.287139,-0.340501
988,141.109,B,5,-2.646331,-52.807262,-1.672833,-53.146047,0.389813,-0.015055,124.2910,-0.197287,124.1160,-0.125554,-1.116847,-52.882105,124.1746,0.615457,1.531314,-0.555987,-0.263942,-1.529484,0.074843
989,141.247,B,5,-1.915452,-52.983985,-1.865829,-53.053655,0.383719,0.006417,123.4074,-0.181347,123.2218,-0.221781,-1.275147,-52.721485,123.3239,0.677674,0.692023,-0.590682,-0.332170,-0.640304,-0.262500
990,141.394,B,5,-2.588599,-51.738828,-1.895290,-53.010627,0.349939,0.005715,122.4202,-0.175235,122.2731,-0.164951,-1.432973,-52.561746,122.3471,0.644385,1.418685,-0.462317,-0.448881,-1.155626,0.822918
991,141.534,B,5,-3.047049,-52.222356,-2.036614,-52.755958,0.368135,-0.001665,121.4619,-0.170864,121.3332,-0.164139,-1.589396,-52.400931,121.4046,0.571006,1.468551,-0.447218,-0.355027,-1.457653,0.178575
992,141.675,B,5,-1.906259,-51.141262,-2.234438,-52.630348,0.369490,0.017281,120.5387,-0.166134,120.4465,-0.157041,-1.745422,-52.236686,120.5157,0.627779,1.107168,-0.489016,-0.393662,-0.160836,1.095423
993,141.826,B,5,-2.840949,-50.912635,-2.194657,-52.335473,0.371876,-0.024289,119.2492,-0.193395,119.1163,-0.267180,-1.904332,-52.073040,119.2402,0.391356,1.491238,-0.290325,-0.262433,-0.936617,1.160405
994,141.976,B,5,-3.602196,-51.180938,-2.324453,-52.049684,0.391934,-0.030395,118.1866,-0.186649,118.1254,-0.095099,-2.059250,-51.909475,118.1685,0.299986,1.706297,-0.265203,-0.140209,-1.542946,0.728537
995,142.126,B,5,-3.873808,-51.084429,-2.566965,-51.860304,0.405303,-0.004933,117.6264,-0.150861,117.5633,-0.184770,-2.213682,-51.741033,117.6445,0.372873,1.785258,-0.353283,-0.119271,-1.660126,0.656604
996,142.253,B,5,-4.122606,-50.703974,-2.816282,-51.686869,0.414672,0.021600,116.2742,-0.187170,116.1732,-0.199092,-2.371122,-51.580161,116.2704,0.457771,1.958418,-0.445160,-0.106708,-1.751484,0.876187
997,142.398,B,5,-3.450453,-51.180241,-3.067917,-51.476774,0.429159,0.042674,115.4526,-0.166692,115.3852,-0.148161,-2.525455,-51.414522,115.4500,0.546022,0.954207,-0.542462,-0.062252,-0.924999,0.234281
998,142.537,B,5,-3.705095,-50.699498,-3.152640,-51.395267,0.412228,0.046415,114.4725,-0.184752,114.0923,-0.225328,-2.678862,-51.255462,114.1949,0.493975,1.167155,-0.473778,-0.139806,-1.026233,0.555964
999,142.675,B,5,-4.261430,-50.516256,-3.274593,-51.230494,0.396929,0.047122,113.0702,-0.189563,113.0272,-0.225030,-2.828635,-51.098474,113.1283,0.465088,1.546570,-0.445957,-0.132020,-1.432794,0.582218
1000,142.813,B,5,-4.217454,-49.988236,-3.467969,-51.070976,0.398142,0.062877,111.8750,-0.200140,111.7975,-0.195728,-2.976901,-50.948667,111.8867,0.506070,1.568885,-0.491068,-0.122310,-1.240553,0.960431
1001,142.946,B,5,-4.466497,-50.756419,-3.620396,-50.844822,0.406641,0.064164,110.6344,-0.206898,110.5402,-0.227317,-3.123728,-50.803892,110.6437,0.498352,1.343609,-0.496669,-0.040930,-1.342770,0.047474
1002,143.079,B,5,-4.680456,-49.744005,-3.785742,-50.801012,0.390986,0.086069,109.6023,-0.212915,109.2452,-0.228173,-3.270371,-50.663104,109.3503,0.533502,1.683176,-0.515370,-0.137907,-1.410084,0.919099
1003,143.226,B,5,-3.606103,-50.122542,-3.968316,-50.573576,0.394246,0.090754,107.9559,-0.221748,107.9107,-0.234154,-3.417369,-50.523903,108.0189,0.553181,0.443522,-0.550947,-0.049673,-0.188734,0.401361
1004,143.360,B,5,-4.371629,-49.539274,-3.919116,-50.468065,0.374030,0.064947,106.9233,-0.226600,106.5378,-0.246598,-3.564848,-50.384475,106.6490,0.363996,1.168443,-0.354268,-0.083590,-0.806781,0.845200
1005,143.505,B,5,-4.963933,-49.496251,-4.018236,-50.263756,0.368374,0.060743,105.1931,-0.234361,105.1278,-0.260069,-3.712626,-50.244276,105.2419,0.306231,1.457845,-0.305610,-0.019480,-1.251308,0.748024
1006,143.637,B,5,-4.316522,-49.225893,-4.200760,-50.094109,0.370776,0.077786,103.7347,-0.242353,103.6828,-0.255212,-3.860455,-50.104244,103.7997,0.340456,0.989696,-0.340305,0.010135,-0.456067,0.878351
1007,143.768,B,5,-5.584132,-49.209535,-4.235740,-49.908041,0.366339,0.064342,102.3105,-0.248674,102.2051,-0.264581,-4.008158,-49.966289,102.3245,0.234918,1.748248,-0.227582,0.058247,-1.575974,0.756754
1008,143.900,B,5,-5.087192,-48.579791,-4.488854,-49.748829,0.369337,0.096999,100.7492,-0.254156,100.6961,-0.268436,-4.155628,-49.832345,100.8179,0.343533,1.560995,-0.333226,0.083516,-0.931565,1.252554
1009,144.042,B,5,-4.708688,-48.357734,-4.609566,-49.508793,0.380583,0.097111,99.2605,-0.260358,99.1564,-0.272161,-4.302786,-49.703497,99.2807,0.363351,1.405644,-0.306780,0.194704,-0.405902,1.345763
1010,144.166,B,5,-4.610321,-48.145597,-4.641419,-49.269454,0.384936,0.081005,97.6974,-0.265100,97.5867,-0.278077,-4.449590,-49.579476,97.7134,0.364571,1.442860,-0.191829,0.310022,-0.160731,1.433880
1011,144.298,B,5,-5.566516,-48.773634,-4.648056,-49.034050,0.387083,0.063134,96.4944,-0.238544,96.4436,-0.162925,-4.594352,-49.454824,96.5158,0.424188,1.187065,-0.053704,0.420775,-0.972164,0.681190
1012,144.440,B,5,-5.108684,-48.298369,-4.821112,-48.951041,0.365619,0.087594,95.1246,-0.241357,95.0136,-0.321926,-4.739498,-49.325818,95.1621,0.383560,1.091764,-0.081614,0.374777,-0.369186,1.027449
1013,144.582,B,5,-6.234326,-48.575326,-4.882790,-48.800406,0.355428,0.085283,93.3085,-0.270618,93.2182,-0.229504,-4.886421,-49.187759,93.3255,0.387370,1.480514,0.003631,0.387353,-1.347905,0.612433
1014,144.719,B,5,-5.774497,-48.752009,-5.133235,-48.726277,0.336555,0.124007,92.2921,-0.230501,92.2492,-0.198059,-5.026547,-49.044380,92.3395,0.335517,0.803063,-0.106688,0.318103,-0.747950,0.292371
1015,144.854,B,5,-6.362635,-48.196641,-5.260017,-48.698605,0.306175,0.135135,90.7813,-0.245829,90.7189,-0.246468,-5.171898,-48.895578,90.8356,0.215785,1.380713,-0.088119,0.196973,-1.190737,0.698937
1016,144.994,B,5,-6.900338,-48.402314,-5.469274,-48.579650,0.298752,0.159883,89.7115,-0.219383,89.7146,-0.184974,-5.311455,-48.744981,89.8000,0.228563,1.625413,-0.157819,0.165331,-1.588882,0.342667
1017,145.128,B,5,-5.771443,-47.598313,-5.738661,-48.518704,0.280370,0.195467,88.4428,-0.220104,88.4383,-0.170011,-5.452287,-48.591924,88.5150,0.295586,1.043611,-0.286374,0.073220,-0.319155,0.993611
1018,145.258,B,5,-6.482505,-47.680302,-5.762145,-48.327478,0.286643,0.176091,87.3837,-0.206197,87.3846,-0.187356,-5.587755,-48.437279,87.4689,0.206078,1.172003,-0.174390,0.109801,-0.894750,0.756977
1019,145.393,B,5,-6.770147,-47.383935,-5.905597,-48.183736,0.283252,0.184412,86.3315,-0.196479,86.3509,-0.170992,-5.720302,-48.279123,86.4326,0.208406,1.379687,-0.185295,0.095388,-1.049845,0.895189
1020,145.525,B,5,-6.711661,-47.949444,-6.074990,-48.012772,0.285197,0.197588,85.3368,-0.186744,85.3569,-0.172644,-5.850197,-48.115388,85.4345,0.247106,0.877301,-0.224792,0.102616,-0.861464,0.165944
1021,145.658,B,5,-6.436807,-46.504204,-6.204802,-47.972365,0.259840,0.201585,84.3784,-0.178172,84.4141,-0.158224,-5.978008,-47.944370,84.4877,0.228516,1.511481,-0.226795,-0.027995,-0.458800,1.440166
1022,145.801,B,5,-7.032708,-46.247107,-6.262402,-47.684261,0.287557,0.192179,83.4638,-0.170226,83.5208,-0.168117,-6.103797,-47.765493,83.5906,0.178197,1.779992,-0.158605,0.081231,-0.928911,1.518385
1023,145.952,B,5,-6.624349,-45.988157,-6.414139,-47.398772,0.310349,0.204005,82.6033,-0.161508,82.6697,-0.144936,-6.226778,-47.579641,82.7365,0.260418,1.640391,-0.187361,0.180869,-0.397571,1.591484
1024,146.095,B,5,-7.070520,-46.161634,-6.466683,-47.115557,0.330821,0.195384,81.7875,-0.153364,81.8520,-0.139847,-6.345842,-47.388778,81.9163,0.298751,1.425146,-0.120840,0.273221,-0.724678,1.227144
1025,146.238,B,5,-7.680185,-46.916758,-6.587802,-46.911466,0.331509,0.201220,80.9967,-0.146783,81.0616,-0.141923,-6.460392,-47.195022,81.1239,0.310865,1.251130,-0.127410,0.283556,-1.219793,0.278264
1026,146.379,B,5,-7.007365,-47.046763,-6.796150,-46.877583,0.295510,0.221100,80.2230,-0.141812,80.2984,-0.130783,-6.570789,-46.999640,80.3583,0.256293,0.439112,-0.225362,0.122057,-0.436576,-0.047122
1027,146.517,B,5,-7.375638,-45.440432,-6.849775,-46.875964,0.260167,0.206721,79.4729,-0.137314,79.5660,-0.123505,-6.678033,-46.802501,79.6234,0.186793,1.530322,-0.171741,-0.073462,-0.697605,1.362070
1028,146.655,B,5,-7.694018,-45.831186,-6.957924,-46.592139,0.284075,0.212475,78.7771,-0.130695,78.8684,-0.119062,-6.782929,-46.602266,78.9229,0.175288,1.193585,-0.174995,0.010127,-0.911088,0.771080
1029,146.792,B,5,-7.357352,-46.540670,-7.103380,-46.425764,0.280108,0.222356,78.1054,-0.125101,78.2054,-0.115013,-6.885364,-46.397136,78.2572,0.219888,0.493331,-0.218016,-0.028628,-0.471989,-0.143534
1030,146.923,B,5,-6.948161,-45.594065,-7.163899,-46.415334,0.247640,0.209387,77.4732,-0.118784,77.5720,-0.110056,-6.984277,-46.185734,77.6217,0.291514,0.592771,-0.179623,-0.229600,0.036116,0.591670
1031,147.065,B,5,-7.416921,-45.012120,-7.139773,-46.241542,0.254407,0.186697,76.8556,-0.114177,76.9613,-0.103033,-7.078399,-45.967738,77.0095,0.280598,1.013806,-0.061374,-0.273804,-0.338522,0.955618
1032,147.232,B,5,-7.149492,-44.623225,-7.200720,-45.994763,0.271751,0.186789,76.2736,-0.108867,76.3697,-0.104287,-7.167204,-45.743986,76.4164,0.253008,1.120901,-0.033516,-0.250778,0.017712,1.120761
1033,147.363,B,5,-8.189508,-45.606662,-7.202539,-45.720980,0.294579,0.176760,75.7037,-0.104973,75.7985,-0.099547,-7.251343,-45.516067,75.8433,0.210645,0.942529,0.048804,-0.204913,-0.938165,-0.090595
1034,147.514,B,5,-8.273379,-44.397993,-7.387574,-45.668804,0.262908,0.195499,75.1690,-0.100266,75.2518,-0.098592,-7.332240,-45.285638,75.2946,0.387141,1.293698,-0.055334,-0.383166,-0.941138,0.887645
1035,147.647,B,5,-8.264862,-44.358146,-7.556633,-45.413241,0.275445,0.217976,74.6443,-0.096728,74.7329,-0.090365,-7.411133,-45.053771,74.7734,0.387800,1.101248,-0.145500,-0.359470,-0.853729,0.695625
1036,147.802,B,5,-8.231439,-44.436346,-7.696834,-45.191522,0.280232,0.230678,74.1036,-0.092798,74.2411,-0.084377,-7.488285,-44.820644,74.2795,0.425492,0.836638,-0.208548,-0.370879,-0.743154,0.384298
1037,147.946,B,5,-8.350752,-43.393521,-7.805991,-45.024778,0.275624,0.234331,73.6342,-0.088468,73.7727,-0.082721,-7.562910,-44.585612,73.8094,0.501951,1.428907,-0.243080,-0.439166,-0.787842,1.192091
1038,148.081,B,5,-8.239678,-42.917455,-7.912698,-44.712297,0.308367,0.251147,73.3056,-0.085700,73.3234,-0.062445,-7.633772,-44.347503,73.3587,0.459211,1.553113,-0.278926,-0.364795,-0.605906,1.430048
1039,148.216,B,5,-7.979145,-43.688113,-7.984371,-44.360430,0.339523,0.255615,72.8829,-0.080884,72.8915,-0.062895,-7.700036,-44.105059,72.9254,0.382179,0.501742,-0.284335,-0.255372,-0.279108,0.416946
1040,148.368,B,5,-7.615153,-44.035289,-7.999220,-44.196685,0.323825,0.232496,72.4038,-0.075628,72.4791,-0.072019,-7.761808,-43.857495,72.5113,0.414022,0.230474,-0.237413,-0.339190,0.146655,-0.177794
1041,148.528,B,5,-8.433830,-43.067753,-7.943134,-44.130185,0.302085,0.198465,71.9978,-0.072464,72.0900,-0.063055,-7.819981,-43.604960,72.1202,0.539470,0.815722,-0.123153,-0.525225,-0.613849,0.537207
1042,148.664,B,5,-8.082244,-42.580686,-8.037009,-43.916179,0.311341,0.211682,71.7186,-0.069709,71.7260,-0.063872,-7.875616,-43.348612,71.7542,0.590068,0.795239,-0.161392,-0.567567,-0.206628,0.767926
1043,148.810,B,5,-7.719337,-42.308821,-8.054425,-43.646130,0.327669,0.206984,71.3616,-0.066678,71.3853,-0.055338,-7.929314,-43.090178,71.4118,0.569856,0.809079,-0.125111,-0.555952,0.209977,0.781356
1044,148.960,B,5,-8.316375,-43.281374,-8.004635,-43.366636,0.340083,0.185980,70.9670,-0.062269,71.0638,-0.054537,-7.981008,-42.831181,71.0890,0.535976,0.561377,-0.023627,-0.535455,-0.335367,-0.450193
1045,149.102,B,5,-8.232337,-41.703847,-8.066267,-43.314663,0.306932,0.179729,70.6558,-0.059115,70.7581,-0.047265,-8.030275,-42.572263,70.7820,0.743273,0.891613,-0.035992,-0.742401,-0.202062,0.868415
1046,149.242,B,5,-7.976660,-41.624612,-8.102183,-42.994544,0.330764,0.186107,70.3923,-0.053909,70.4672,-0.050594,-8.076789,-42.312929,70.4899,0.682088,0.695562,-0.025394,-0.681615,0.100128,0.688318
1047,149.381,B,5,-8.695952,-41.476345,-8.085873,-42.714918,0.347275,0.179510,70.1207,-0.051119,70.1931,-0.045954,-8.120524,-42.051787,70.2143,0.664036,0.813788,0.034651,-0.663131,-0.575428,0.575442
1048,149.531,B,5,-9.150475,-40.876481,-8.199148,-42.457239,0.349173,0.197462,69.8634,-0.048687,69.9386,-0.044624,-8.161611,-41.787204,69.9582,0.671085,1.344347,-0.037537,-0.670035,-0.988864,0.910723
1049,149.676,B,5,-8.814918,-42.126939,-8.374520,-42.137871,0.358370,0.229582,69.6204,-0.046253,69.7053,-0.040771,-8.200081,-41.518172,69.7232,0.643782,0.865229,-0.174438,-0.619699,-0.614836,-0.608768
1050,149.824,B,5,-9.073242,-40.840472,-8.461576,-42.095832,0.319041,0.222665,69.4018,-0.043053,69.4913,-0.024430,-8.235791,-41.244865,69.5078,0.880411,0.929978,-0.225785,-0.850966,-0.837451,0.404393
1051,149.980,B,5,-9.065788,-40.142107,-8.579578,-41.836159,0.323679,0.237312,69.2068,-0.039523,69.2931,-0.040824,-8.268595,-40.968564,69.3085,0.921646,1.148280,-0.310983,-0.867595,-0.797193,0.826457
1052,150.127,B,5,-9.170636,-39.512718,-8.676276,-41.497393,0.344173,0.251863,69.0155,-0.037093,69.1075,-0.027594,-8.298614,-40.690978,69.1219,0.890469,1.465852,-0.377663,-0.806416,-0.872023,1.178260
1053,150.259,B,5,-9.294404,-39.981322,-8.774898,-41.104506,0.372292,0.269128,68.8368,-0.034783,68.9332,-0.023319,-8.326334,-40.413395,68.9467,0.823920,1.060116,-0.448564,-0.691111,-0.968070,0.432072
1054,150.401,B,5,-8.388574,-38.762761,-8.878511,-40.861832,0.368037,0.274993,68.6864,-0.031375,68.7713,-0.021913,-8.352409,-40.136164,68.7838,0.896313,1.373880,-0.526102,-0.725668,-0.036166,1.373404
1055,150.541,B,5,-9.151102,-39.684065,-8.802944,-40.445694,0.409922,0.258668,68.5384,-0.029221,68.6235,-0.018666,-8.377233,-39.858694,68.6348,0.725120,0.793328,-0.425712,-0.586999,-0.773869,0.174629
1056,150.682,B,5,-9.155027,-39.480080,-8.874128,-40.264321,0.391820,0.255347,68.8547,0.009308,68.9799,0.111722,-8.398727,-39.587449,68.9315,0.827142,0.763884,-0.475402,-0.676873,-0.756301,0.107368
1057,150.825,B,5,-9.763169,-39.592168,-8.933579,-40.080713,0.377017,0.250407,68.9973,0.012661,69.0574,-0.067953,-8.422993,-39.320804,69.0852,0.915511,1.367374,-0.510586,-0.759909,-1.340177,-0.271364
1058,150.964,B,5,-8.644497,-38.838232,-9.090368,-39.951140,0.346560,0.260653,68.7047,-0.012302,68.7687,0.039886,-8.445854,-39.050795,68.7534,1.107257,0.290933,-0.644514,-0.900344,-0.198643,0.212563
1059,151.121,B,5,-9.197444,-39.183117,-9.022859,-39.712998,0.356576,0.234983,69.2399,0.033200,69.3487,0.059795,-8.463440,-38.793010,69.3155,1.076721,0.831231,-0.559419,-0.919989,-0.734003,-0.390107
1060,151.271,B,5,-8.986441,-38.300360,-9.062730,-39.578562,0.337923,0.225157,69.1686,0.010533,69.2035,-0.123838,-8.482326,-38.527442,69.2569,1.200717,0.552900,-0.580404,-1.051120,-0.504115,0.227082
1061,151.426,B,5,-8.730447,-37.593240,-9.057523,-39.312894,0.349571,0.217468,68.9163,-0.008991,69.0039,0.055711,-8.505537,-38.268905,68.9790,1.180932,0.712115,-0.551986,-1.043989,-0.224910,0.675665
1062,151.570,B,5,-9.291378,-37.536443,-9.007516,-38.968077,0.378251,0.207778,69.6580,0.051835,69.8243,0.181347,-8.516516,-38.017085,69.7387,1.070264,0.911827,-0.491000,-0.950992,-0.774862,0.480642
1063,151.711,B,5,-9.130443,-36.488384,-9.064587,-38.672271,0.386598,0.215870,70.2105,0.066975,70.3189,-0.005716,-8.532403,-37.775074,70.3186,1.043159,1.418881,-0.532184,-0.897196,-0.598040,1.286690
1064,151.853,B,5,-9.163477,-36.846869,-9.082785,-38.241395,0.422479,0.225251,69.9426,0.018466,70.0070,-0.008816,-8.559048,-37.533011,70.0123,0.880971,0.914398,-0.523737,-0.708384,-0.604429,0.686141
1065,152.005,B,5,-9.254193,-36.600587,-9.103995,-37.947626,0.428081,0.223993,70.3547,0.043851,70.5126,0.156540,-8.578444,-37.303617,70.4399,0.831235,0.975135,-0.525551,-0.644009,-0.675749,0.703030
1066,152.157,B,5,-9.015590,-37.338344,-9.137731,-37.661911,0.430720,0.224490,70.9169,0.063480,71.0190,-0.002767,-8.595643,-37.082640,71.0175,0.793357,0.491671,-0.542088,-0.579271,-0.419947,-0.255705
1067,152.300,B,5,-9.511887,-35.653194,-9.122373,-37.558078,0.401838,0.202798,70.7504,0.024585,70.8464,0.035235,-8.620599,-36.860167,70.8334,0.859568,1.500393,-0.501774,-0.697911,-0.891288,1.206973
1068,152.456,B,5,-8.753361,-36.492685,-9.197989,-37.176186,0.423224,0.219965,71.2978,0.055636,71.4256,0.085101,-8.635804,-36.644313,71.3851,0.773912,0.191861,-0.562184,-0.531873,-0.117557,0.151628
1069,152.624,B,5,-10.107884,-36.329171,-9.125713,-37.009140,0.411244,0.192001,71.3735,0.035452,71.4619,0.012589,-8.656173,-36.427010,71.4592,0.747892,1.455004,-0.469540,-0.582130,-1.451711,0.097839
1070,152.766,B,5,-8.788634,-35.779873,-9.306050,-36.843103,0.383128,0.215211,71.7651,0.049227,71.8510,0.041007,-8.672983,-36.213444,71.8313,0.892886,0.448730,-0.633067,-0.629660,-0.115651,0.433570
1071,152.907,B,5,-8.614998,-35.447569,-9.220477,-36.622695,0.397160,0.193288,71.8767,0.041260,72.0137,0.046917,-8.692245,-36.002191,71.9938,0.814895,0.559975,-0.528231,-0.620504,0.077247,0.554622
1072,153.052,B,5,-10.035992,-34.493250,-9.119455,-36.365238,0.399178,0.164047,72.1689,0.040839,72.2512,0.041540,-8.710259,-35.797125,72.2342,0.700138,1.859477,-0.409195,-0.568113,-1.325732,1.303875
1073,153.204,B,5,-9.460348,-34.482774,-9.285969,-35.990943,0.414161,0.201179,72.4114,0.040885,72.4893,0.036364,-8.727811,-35.599007,72.4718,0.682022,1.335135,-0.558158,-0.391936,-0.732537,1.116233
1074,153.345,B,5,-9.702299,-34.951241,-9.323555,-35.678829,0.423999,0.205021,72.6310,0.039608,72.7041,0.041734,-8.745219,-35.407488,72.6872,0.638826,1.060265,-0.578336,-0.271341,-0.957080,0.456247
1075,153.492,B,5,-9.852344,-34.957497,-9.397677,-35.504640,0.403944,0.206511,72.8323,0.037336,72.9141,0.029912,-8.762571,-35.221158,72.8974,0.695501,1.121214,-0.635106,-0.283481,-1.089773,0.263662
1076,153.640,B,5,-9.895791,-34.634815,-9.484365,-35.372979,0.386601,0.212638,72.9849,0.035669,73.1230,0.039764,-8.779916,-35.037919,73.1063,0.780074,1.186453,-0.704450,-0.335060,-1.115875,0.403104
1077,153.796,B,5,-8.944405,-34.343071,-9.565742,-35.202495,0.370795,0.215180,73.1943,0.035797,73.3315,0.033034,-8.796846,-34.856005,73.3149,0.843361,0.533737,-0.768897,-0.346490,-0.147559,0.512934
1078,153.953,B,5,-9.043777,-33.428177,-9.466320,-35.003419,0.364426,0.178449,73.4543,0.036538,73.5365,0.038977,-8.812659,-34.674777,73.5204,0.731627,1.267844,-0.653662,-0.328641,-0.231119,1.246600
1079,154.106,B,5,-9.165379,-33.090016,-9.397776,-34.684676,0.388110,0.163656,73.6619,0.036171,73.7342,0.031759,-8.826836,-34.494916,73.7187,0.601648,1.445115,-0.570940,-0.189759,-0.338543,1.404900
1080,154.243,B,5,-9.924043,-32.759997,-9.361164,-34.360724,0.408225,0.156821,73.8496,0.034567,73.9227,0.033822,-8.839487,-34.318009,73.9079,0.523422,1.898332,-0.521676,-0.042715,-1.084556,1.558012
1081,154.396,B,5,-8.721684,-34.176490,-9.465015,-34.034090,0.418365,0.177954,74.0377,0.033566,74.1040,0.028689,-8.851421,-34.145730,74.0896,0.623667,0.133334,-0.613593,0.111641,0.129737,-0.030760
1082,154.553,B,5,-9.825883,-33.040825,-9.338181,-34.016047,0.380947,0.133669,74.2219,0.032861,74.2815,0.030149,-8.863688,-33.979054,74.2673,0.475932,1.343910,-0.474492,-0.036993,-0.962195,0.938229
1083,154.687,B,5,-9.554492,-32.878515,-9.427465,-33.803788,0.373136,0.147715,74.3931,0.031255,74.4579,0.030619,-8.876901,-33.817932,74.4438,0.550746,1.158289,-0.550564,0.014144,-0.677591,0.939417
1084,154.830,B,5,-9.575492,-33.541619,-9.454197,-33.600720,0.368096,0.147302,74.5692,0.030821,74.6330,0.041551,-8.890817,-33.661395,74.6191,0.566639,0.695072,-0.563381,0.060675,-0.684675,0.119775
1085,154.988,B,5,-9.013221,-32.984851,-9.480091,-33.552294,0.333568,0.137951,74.7598,0.031584,74.8043,0.036022,-8.904463,-33.507926,74.7908,0.577335,0.534262,-0.575628,-0.044368,-0.108758,0.523075
1086,155.123,B,5,-9.772086,-33.079717,-9.401424,-33.416874,0.325861,0.114090,74.9312,0.030578,74.9690,0.031436,-8.916783,-33.356045,74.9561,0.488444,0.898833,-0.484641,-0.060829,-0.855303,0.276328
1087,155.264,B,5,-9.921837,-33.043449,-9.469884,-33.323774,0.302656,0.119326,75.0824,0.028725,75.1268,0.023604,-8.927347,-33.204932,75.1144,0.555401,1.007515,-0.542537,-0.118842,-0.994490,0.161483
1088,155.408,B,5,-9.391610,-32.277059,-9.553970,-33.242853,0.278964,0.126316,75.2452,0.028446,75.2803,0.029522,-8.936616,-33.054760,75.2681,0.645372,0.901021,-0.617354,-0.188093,-0.454994,0.777702
1089,155.564,B,5,-9.311596,-32.732952,-9.530068,-33.041887,0.287394,0.117770,75.4102,0.028482,75.4327,0.033029,-8.945642,-32.906626,75.4205,0.599874,0.405073,-0.584425,-0.135262,-0.365953,0.173674
1090,155.703,B,5,-9.645767,-32.642463,-9.495225,-32.957244,0.272629,0.101759,75.5667,0.027788,75.5856,0.017463,-8.955418,-32.762059,75.5734,0.574011,0.700632,-0.539807,-0.195185,-0.690349,0.119596
1091,155.831,B,5,-9.035611,-32.338737,-9.525000,-32.873368,0.256011,0.100184,75.7073,0.026308,75.7381,0.027033,-8.966317,-32.622341,75.7260,0.612487,0.291947,-0.558682,-0.251027,-0.069293,0.283604
1092,155.974,B,5,-9.580356,-33.085260,-9.441191,-32.751924,0.254619,0.078421,75.8577,0.026105,75.8874,0.025333,-8.978026,-32.487961,75.8756,0.533103,0.848274,-0.463165,-0.263963,-0.602330,-0.597300
1093,156.128,B,5,-10.094461,-32.012626,-9.467307,-32.785706,0.217232,0.072692,76.0065,0.026121,76.0313,0.032222,-8.989888,-32.358376,76.0200,0.640733,1.157421,-0.477418,-0.427330,-1.104573,0.345750
1094,156.276,B,5,-9.774076,-31.202970,-9.580727,-32.626162,0.217715,0.094665,76.1486,0.025440,76.1697,0.026819,-9.001391,-32.232157,76.1588,0.700621,1.286961,-0.579336,-0.394005,-0.772685,1.029187
1095,156.420,B,5,-9.122883,-32.119058,-9.619051,-32.350333,0.244890,0.105123,76.2952,0.025457,76.3050,0.015450,-9.012461,-32.107593,76.2942,0.653355,0.111016,-0.606590,-0.242739,-0.110422,-0.011465
1096,156.545,B,5,-9.580722,-31.815342,-9.535000,-32.283833,0.233876,0.079694,76.4260,0.024362,76.4402,0.023011,-9.023412,-31.983518,76.4294,0.593221,0.582131,-0.511587,-0.300316,-0.557309,0.168175
1097,156.690,B,5,-9.706700,-32.172694,-9.545348,-32.176780,0.227422,0.077760,76.5600,0.023797,76.5771,0.020144,-9.034652,-31.859867,76.5661,0.601036,0.741289,-0.510696,-0.316913,-0.672048,-0.312828
1098,156.840,B,5,-9.427011,-31.611341,-9.575736,-32.157449,0.208479,0.077534,76.6685,0.023729,76.7146,0.019193,-9.046413,-31.737693,76.7037,0.675558,0.401024,-0.529324,-0.419756,-0.380599,0.126353
1099,156.965,B,5,-9.892407,-30.706090,-9.552292,-32.035862,0.205154,0.068095,76.8145,0.022634,76.8502,0.026278,-9.058709,-31.618628,76.8395,0.646304,1.236034,-0.493583,-0.417234,-0.833698,0.912539
1100,157.107,B,5,-9.561500,-31.834502,-9.614756,-31.778541,0.229149,0.084804,76.9396,0.022193,76.9817,0.024679,-9.071500,-31.504078,76.9713,0.608652,0.590999,-0.543256,-0.274463,-0.490000,-0.330424
1101,157.248,B,5,-10.646463,-31.008147,-9.608265,-31.765213,0.205619,0.074314,77.0745,0.022581,77.1084,0.015559,-9.084870,-31.394589,77.0984,0.641331,1.608698,-0.523395,-0.370624,-1.561593,0.386441
1102,157.405,B,5,-9.566988,-30.734151,-9.794348,-31.614208,0.207933,0.112229,77.1803,0.022738,77.2317,0.020034,-9.099004,-31.289610,77.2219,0.767376,0.726322,-0.695344,-0.324597,-0.467984,0.555459
1103,157.550,B,5,-9.679433,-30.652224,-9.760799,-31.432417,0.217489,0.098580,77.3345,0.022585,77.3539,0.020739,-9.113984,-31.187724,77.3441,0.691552,0.778777,-0.646815,-0.244693,-0.565449,0.535501
1104,157.701,B,5,-9.946866,-31.363578,-9.750188,-31.276072,0.229187,0.094527,77.4439,0.022959,77.4765,0.021104,-9.129607,-31.087282,77.4666,0.648662,0.862700,-0.620581,-0.188790,-0.817259,-0.276296
1105,157.838,B,5,-9.764862,-30.148329,-9.788974,-31.269145,0.202152,0.091749,77.5705,0.022567,77.5993,0.017278,-9.145437,-30.987159,77.5894,0.702607,1.042748,-0.643537,-0.281986,-0.619425,0.838830
1106,157.993,B,5,-10.109370,-29.704410,-9.789979,-31.044821,0.218848,0.089416,77.7273,0.022382,77.7209,0.023210,-9.161066,-30.887214,77.7112,0.648360,1.516016,-0.628912,-0.157607,-0.948303,1.182804
1107,158.129,B,5,-10.066878,-31.520320,-9.850639,-30.784826,0.242796,0.102893,77.8372,0.021361,77.8400,0.023721,-9.176409,-30.788273,77.8306,0.674239,1.152748,-0.674230,0.003448,-0.890469,-0.732047
1108,158.266,B,5,-9.691436,-30.921839,-9.893836,-30.890699,0.191962,0.094822,77.9601,0.021407,77.9561,0.023001,-9.191785,-30.691688,77.9470,0.729713,0.550110,-0.702051,-0.199011,-0.499651,-0.230151
