gps_x,gps_y,ekf_x,ekf_y,gt_x,gt_y,GPS ?s,EKF ?s,GT ?s
0.95722,6.511431,0.682388,6.843312,1.034556,6.996407,0.825060534,0.075291169,0.130919926
1.372199,7.224535,0.7349,6.789356,1.165184,6.987669,0.428010564,0.136618199,0.145805081
1.612419,7.578777,0.853651,6.856904,1.310989,6.987515,0.065457561,0.186038548,0.15864284
1.677687,7.583755,0.995239,6.977582,1.469245,6.998587,0.812704129,0.169646253,0.165636616
2.100376,6.889621,1.127737,7.083526,1.634101,7.014649,0.530780381,0.188186794,0.165604543
1.680063,7.213758,1.313459,7.053168,1.799328,7.025825,0.194947731,0.084262275,0.161713444
1.522046,7.099586,1.392156,7.083283,1.961039,7.026714,0.760604241,0.043887904,0.158111742
2.212733,6.781042,1.435612,7.089425,2.119008,7.019997,1.068418104,0.16258346,0.157763204
3.273605,6.654283,1.589623,7.037329,2.276664,7.014182,1.555860526,0.318866824,0.163113769
1.879839,7.345744,1.901428,6.970593,2.439751,7.017137,1.015643644,0.068438798,0.174414797
2.870635,7.122461,1.918763,7.0368,2.613716,7.029655,0.414397067,0.192827625,0.188020409
3.284974,7.129398,2.110879,7.053351,2.801105,7.045051,0.717728658,0.230110473,0.19949347
3.104955,7.824184,2.34051,7.068198,3.000366,7.054679,0.878845848,0.209067453,0.206133015
3.523662,7.051491,2.499425,7.204048,3.206499,7.054601,0.120699284,0.206853137,0.207026702
3.407495,7.084256,2.704973,7.180848,3.413445,7.048821,1.351906048,0.150325055,0.20358997
4.702075,6.694753,2.854629,7.166681,3.617011,7.045697,1.478872531,0.362663081,0.199442226
3.331846,7.251113,3.208005,7.085134,3.816381,7.051064,1.157782473,0.059046259,0.198024434
4.484445,7.360547,3.258828,7.115192,4.013968,7.064219,1.359134664,0.248566644,0.201086599
4.740958,6.025838,3.503338,7.159916,4.214555,7.078385,1.169590223,0.318851896,0.209013927
4.65721,7.192426,3.751717,6.95998,4.423434,7.085894,1.212995784,0.194818701,0.220391494
4.289592,8.348374,3.942576,6.999059,4.643822,7.084653,1.876759846,0.255857899,0.231564186
5.445665,6.869955,4.034353,7.23789,4.875329,7.079507,0.705987691,0.286299876,0.238763805
4.741743,6.815988,4.313871,7.175944,5.114089,7.078159,0.725821553,0.12349623,0.240483492
5.445099,6.995173,4.42059,7.113796,5.354471,7.085145,0.883935938,0.212442779,0.237870516
5.503312,7.87719,4.63203,7.093179,5.591987,7.098127,0.430205231,0.231686166,0.233485106
5.931693,7.837614,4.816937,7.232778,5.825158,7.110234,0.923348254,0.253751018,0.230359038
5.849235,6.917955,5.045393,7.34322,6.055458,7.115449,0.76867496,0.188016439,0.231370814
6.615269,6.981619,5.219452,7.272131,6.286816,7.113014,0.384509053,0.283511987,0.237587372
6.392464,6.668242,5.498691,7.223094,6.524358,7.108371,1.067140456,0.215096295,0.24748308
7.441339,6.864838,5.690489,7.125729,6.771841,7.10857,0.459783271,0.3475057,0.258017044
6.981951,6.883899,6.034788,7.078629,7.029736,7.116505,0.874119337,0.207364219,0.265653108
6.92483,7.75615,6.238979,7.042491,7.295095,7.129002,0.789750333,0.201147646,0.267885649
7.580881,7.316488,6.396527,7.167547,7.562787,7.139186,0.948082357,0.246826499,0.265398798
8.512551,7.492133,6.641847,7.194776,7.828169,7.142172,1.113375607,0.372204854,0.261145818
7.547665,6.936615,7.010099,7.248877,8.089296,7.139037,1.049918056,0.144364993,0.25780908
8.304948,7.663836,7.144184,7.195375,8.34708,7.135441,1.005728507,0.251285293,0.257660198
9.30863,7.727963,7.381087,7.279168,8.604733,7.137367,0.587924859,0.385638369,0.262287419
8.739416,7.58082,7.75794,7.361014,8.866865,7.146395,0.69052225,0.227749641,0.270719978
8.865821,8.259674,7.981458,7.404713,9.137323,7.158302,0.709165519,0.242976383,0.279982753
9.571625,8.190707,8.168739,7.559514,9.417178,7.166759,1.023327645,0.318838272,0.287137472
9.814263,7.196561,8.463993,7.679859,9.704312,7.168171,0.212269112,0.290761638,0.290156483
9.904015,7.388922,8.744224,7.602316,9.994446,7.164559,0.926546067,0.24075953,0.288874123
9.742942,6.476484,8.982709,7.5693,10.283309,7.162024,1.550447109,0.263351939,0.28525783
10.514279,7.821447,9.165981,7.380182,10.568545,7.165553,1.087979862,0.282000336,0.281791011
11.558471,7.515893,9.436849,7.458634,10.850163,7.175426,0.404890567,0.425186993,0.280528639
11.154957,7.482534,9.861854,7.471073,11.130446,7.187163,0.884617595,0.274093525,0.283080521
11.61099,6.724522,10.135918,7.475096,11.413423,7.194818,0.716390318,0.333776561,0.289635169
11.377233,7.401702,10.44262,7.343412,11.703056,7.195939,1.011636212,0.211680579,0.298168042
12.182271,8.014337,10.654089,7.352874,12.001213,7.193373,1.124431754,0.337027084,0.305587656
11.885162,6.929868,10.970114,7.469987,12.3068,7.19274,0.360155153,0.228395141,0.309482281
12.2453,6.926353,11.178117,7.375652,12.616236,7.198092,1.458319731,0.24733068,0.309196902
13.317481,7.914849,11.412094,7.295482,12.925253,7.208638,0.513301922,0.39777625,0.30583121
13.512483,7.44003,11.794764,7.404062,13.230886,7.219647,1.094839128,0.351747048,0.301601097
14.590181,7.247054,12.146439,7.411181,13.532412,7.226377,1.378268121,0.48325517,0.299199504
13.240675,6.966953,12.62886,7.382799,13.831609,7.227601,0.748730117,0.176487068,0.30056598
13.989051,6.943928,12.789177,7.309001,14.132173,7.22651,0.601590898,0.270332249,0.295121368
14.408754,6.512928,13.051381,7.243209,14.427275,7.223129,0.758382981,0.318310402,0.300587113
14.889284,7.099644,13.341115,7.111392,14.72781,7.228726,1.345843697,0.323983111,0.301132679
16.187089,6.743277,13.66504,7.105256,15.02879,7.238314,0.526549914,0.502568538,0.294209541
16.050923,7.251916,14.163067,7.037845,15.322984,7.241338,0.377659264,0.390701557,0.29796333
16.287241,7.546501,14.552242,7.072349,15.620938,7.243696,0.444436402,0.372803507,0.285730947
15.915272,7.303267,14.915747,7.155093,15.906554,7.235592,0.74856878,0.234776378,0.279898935
16.303031,6.662956,15.14895,7.182228,16.186331,7.227331,0.693787369,0.274272129,0.26934732
16.561972,7.30661,15.407903,7.091848,16.45558,7.220054,0.396124335,0.260698809,0.261229926
16.388988,6.950252,15.665634,7.131073,16.716778,7.21597,0.574136786,0.182453728,0.257030671
16.909449,6.707861,15.845671,7.101475,16.973795,7.213319,0.572462271,0.247565394,0.256352025
16.871984,7.279096,16.083916,7.034185,17.230089,7.207865,1.124770079,0.193611967,0.257967104
17.949073,7.603113,16.272037,7.079968,17.487825,7.196948,0.958712841,0.357710491,0.259250706
18.57826,6.87975,16.616277,7.177208,17.746616,7.181516,1.951676856,0.399047757,0.257516938
18.346564,8.817625,17.012672,7.131272,18.003623,7.165318,1.773082006,0.410682265,0.252528639
18.879535,7.126542,17.288546,7.435498,18.255801,7.152015,0.115829833,0.342470987,0.249915803
18.76956,7.162902,17.628667,7.395447,18.505661,7.146734,0.685872741,0.243962768,0.248028507
18.97401,6.50821,17.870601,7.36405,18.753596,7.139924,1.688244743,0.288641617,0.246307986
19.253,8.173243,18.123655,7.225206,18.999838,7.134223,0.794865749,0.295423632,0.248393432
19.619175,7.467745,18.361839,7.399973,19.248121,7.126817,0.61283108,0.279168271,0.252952662
19.331061,6.926864,18.639744,7.426501,19.500675,7.112621,0.498531936,0.185547264,0.256940373
19.399268,7.420708,18.808839,7.350116,19.757532,7.106076,0.471116629,0.156169224,0.261087716
19.797962,7.169722,18.963096,7.37448,20.018617,7.104885,0.54645407,0.179015436,0.264345687
20.332097,7.285099,19.139737,7.34542,20.282852,7.112534,0.879077281,0.259348994,0.267104514
21.121167,7.672585,19.399085,7.346138,20.549661,7.125095,0.440877976,0.353026503,0.269220404
21.024394,7.242459,19.745536,7.413957,20.818612,7.137136,0.571523648,0.270356269,0.270545971
20.588125,7.611659,20.015185,7.394414,21.089014,7.145961,1.436429913,0.152415887,0.270963085
22.017132,7.757501,20.159628,7.443064,21.359877,7.153325,0.87411001,0.367124288,0.270686133
21.860725,6.897498,20.521072,7.507395,21.630362,7.163758,0.474496646,0.303653466,0.270820012
21.446301,6.666414,20.809522,7.412516,21.900626,7.181103,0.968915341,0.199531826,0.272883165
21.891009,7.527246,20.966153,7.288905,22.172383,7.205869,1.259721422,0.211506171,0.277359124
23.120328,7.252159,21.17197,7.337631,22.448184,7.235227,0.808070236,0.387117073,0.283057212
22.370481,7.553335,21.559008,7.329807,22.729612,7.265553,0.818296642,0.193295392,0.281895812
23.182371,7.451139,21.746617,7.376347,23.009754,7.296949,0.710441998,0.297996649,0.275998111
22.9908,8.135265,22.043898,7.396987,23.284574,7.322423,1.051723936,0.252750184,0.272731034
23.957294,8.550009,22.255045,7.53591,23.556058,7.348474,1.086247698,0.393567219,0.25778061
23.868312,7.467412,22.599661,7.726002,23.811749,7.38123,0.51274985,0.271332323,0.258244755
24.307636,7.203013,22.868932,7.69262,24.067684,7.415692,0.236504021,0.30941695,0.252105737
24.386804,7.425873,23.168746,7.616132,24.317,7.453093,0.856562647,0.262648255,0.254399215
24.623183,8.249174,23.430125,7.590342,24.568882,7.488792,0.775435806,0.285131619,0.25235861
24.166178,7.622718,23.686972,7.714155,24.818809,7.52374,1.253410428,0.129950112,0.2497888
25.208204,6.926141,23.816662,7.705937,25.066115,7.558871,0.696024621,0.318288383,0.243345368
25.301777,7.615847,24.106252,7.573857,25.306514,7.596624,1.126645707,0.25569401,0.235480171
25.855588,8.596981,24.36173,7.584365,25.538414,7.63753,0.533226414,0.358730916,0.228180517
25.338116,8.468322,24.670442,7.76708,25.762606,7.680007,1.200044678,0.208451113,0.223068596
25.042047,7.305373,24.833312,7.897177,25.981781,7.721503,1.929573989,0.122204286,0.220431581
26.932801,7.690477,24.904326,7.797724,26.198707,7.760659,0.66013952,0.407020656,0.219385061
26.732767,8.31958,25.311063,7.782531,26.41477,7.798693,0.134175486,0.310934236,0.218529829
26.606184,8.275085,25.606365,7.87988,26.629608,7.838692,0.463865495,0.224128955,0.216856746
27.062951,8.355925,25.818527,7.952137,26.841849,7.883196,0.931490648,0.281785149,0.213963127
27.985645,8.228212,26.090034,8.027548,27.050146,7.93211,0.662288653,0.382231359,0.209801988
27.406724,7.906534,26.470309,8.066171,27.253786,7.982584,0.99097627,0.204329549,0.204728699
27.6223,8.873778,26.672935,8.039841,27.452695,8.031051,0.162774398,0.258601206,0.19952204
27.697096,8.729206,26.884525,8.188516,27.6471,8.075948,0.551259034,0.210959336,0.1950148
28.159751,8.429478,27.071196,8.28679,27.837339,8.118842,0.648740346,0.24510173,0.191900484
27.913103,7.829454,27.314601,8.31558,28.024031,8.163248,0.972167033,0.170852673,0.190603109
28.517925,8.590571,27.463097,8.231084,28.208288,8.212022,0.374228066,0.236239124,0.190723523
28.173981,8.738047,27.690838,8.293877,28.391443,8.265217,0.357762767,0.148238807,0.190892979
28.001103,8.424826,27.816811,8.372015,28.57426,8.320154,1.145631046,0.07126917,0.189686896
29.048443,7.960553,27.887484,8.381214,28.756287,8.373514,1.973233176,0.252986718,0.186596475
29.8561,9.760925,28.128766,8.305153,28.935957,8.423882,1.071819925,0.427375664,0.182232548
29.802403,8.690451,28.471835,8.560013,29.111505,8.472786,0.676836382,0.27608698,0.177885745
29.132818,8.591641,28.746956,8.583088,29.282069,8.523296,0.340279476,0.10795703,0.174745515
29.386743,8.818163,28.854911,8.58375,29.44819,8.577516,0.592109631,0.137428316,0.173189867
28.800339,8.736162,28.986466,8.623497,29.611567,8.634985,0.314422707,0.018318852,0.172702424
28.986778,8.989346,28.988584,8.641693,29.774191,8.693119,1.552595436,0.067253992,0.172544163
30.538504,8.937394,29.019575,8.701381,29.937314,8.749354,0.684817354,0.301151028,0.172252634
29.88369,9.137877,29.318085,8.741177,30.100951,8.803149,0.391521849,0.148212039,0.171585639
30.183548,9.38962,29.449642,8.809438,30.264095,8.856306,0.865895943,0.189921534,0.170439988
30.974794,9.037902,29.610308,8.910713,30.425361,8.91147,0.650118507,0.273318088,0.168745456
30.343114,8.884167,29.882786,8.932126,30.583638,8.96998,0.826310614,0.113932901,0.166329434
30.745483,9.605893,29.996249,8.921789,30.738419,9.030876,0.447721235,0.202069964,0.163220711
30.666208,10.04654,30.159864,9.040374,30.889856,9.091768,2.007314398,0.214412993,0.160205273
31.800171,8.390207,30.280367,9.217721,31.03882,9.150721,1.353139924,0.333253929,0.158574067
30.589432,8.994441,30.579586,9.071003,31.186802,9.207704,0.862241171,0.037181342,0.159032711
31.335207,9.427199,30.612608,9.053915,31.335381,9.264411,0.253064162,0.168578292,0.160962596
31.22015,9.652595,30.769485,9.115626,31.485413,9.322715,1.181972933,0.141833732,0.162677844
32.214312,9.013297,30.877913,9.20706,31.636456,9.383131,0.171146713,0.267287356,0.162216698
32.242056,9.18218,31.142519,9.169295,31.786873,9.443868,0.447487466,0.224336917,0.151971048
31.936666,8.855099,31.366841,9.166708,31.928966,9.497764,1.15380303,0.139519798,0.154786537
33.073841,9.050277,31.492848,9.106808,32.071096,9.559066,1.033689538,0.314112602,0.150723618
32.046867,9.167914,31.806408,9.088184,32.210237,9.617009,1.316349138,0.074013846,0.152009483
33.338279,9.422924,31.880174,9.094236,32.353622,9.667483,0.6694789,0.292202077,0.160468269
32.683681,9.563293,32.168103,9.144025,32.506373,9.716648,0.842085844,0.139719235,0.161444799
31.896491,9.862359,32.290764,9.210926,32.662012,9.759554,0.32446496,0.1168319,0.165696841
32.113422,9.621074,32.250635,9.32065,32.822505,9.800754,1.529603964,0.049626557,0.167002281
33.324497,8.686737,32.251992,9.370258,32.985148,9.838662,0.742025762,0.247035495,0.166382865
32.995575,9.351878,32.465168,9.245428,33.148193,9.871822,0.257591612,0.114136664,0.166427528
32.8035,9.523519,32.578446,9.259402,33.312226,9.899952,0.457449643,0.080019018,0.168572546
33.255598,9.453751,32.647724,9.299447,33.47919,9.923184,0.688785773,0.131258326,0.173006484
33.873141,9.758819,32.776982,9.322275,33.651192,9.9418,0.61146526,0.223540448,0.17855363
34.440252,9.530182,32.987992,9.396066,33.829204,9.955697,0.794996767,0.281026219,0.183453466
34.038705,8.844048,33.268272,9.416532,34.012461,9.964185,1.465423146,0.199227369,0.186485061
34.279592,10.289537,33.43702,9.310628,34.198931,9.966555,1.342857719,0.239324872,0.187579301
34.053941,8.965774,33.606533,9.479571,34.386475,9.962916,0.700536867,0.140657852,0.187702286
34.582244,9.425826,33.711927,9.386422,34.573985,9.954422,0.625747154,0.184701056,0.188266558
33.961033,9.501035,33.896619,9.388251,34.761878,9.942568,0.031910288,0.040743712,0.190251439
33.954204,9.532206,33.934213,9.403959,34.951576,9.928067,1.573324138,0.033343496,0.193579479
35.134318,8.491687,33.961664,9.422886,35.144335,9.910263,1.356122799,0.285334126,0.197437145
34.775509,9.799481,34.191474,9.253762,35.340448,9.887435,0.15651106,0.155930617,0.20108673
34.714101,9.65552,34.318707,9.343907,35.539335,9.857773,0.964288034,0.106358445,0.204311657
35.415487,8.993773,34.412195,9.394623,35.740223,9.820527,1.288783108,0.214177547,0.207189911
35.784056,10.22873,34.61284,9.319699,35.9427,9.776587,1.173462206,0.279924253,0.209707745
36.009595,9.077146,34.844894,9.476251,36.146698,9.727985,0.245043027,0.243807235,0.211764647
35.950341,8.839375,35.077515,9.403248,36.352147,9.676653,0.89599363,0.209727393,0.213367378
36.846295,8.847802,35.259671,9.299302,36.558715,9.623218,1.29918041,0.32122747,0.213971551
37.550096,9.939834,35.569149,9.213218,36.765095,9.566728,1.015182337,0.401652316,0.213667252
36.725674,10.532222,35.951844,9.335157,36.969796,9.505481,0.617576237,0.270223151,0.215988132
36.656999,9.918476,36.123779,9.543625,37.175017,9.438137,0.503307589,0.144675555,0.219021404
37.130944,9.749081,36.252344,9.609973,37.381192,9.36423,0.917639326,0.190450889,0.222561658
37.587215,8.952916,36.441104,9.635295,37.588947,9.284408,0.490145915,0.265327103,0.226148853
37.626301,8.464331,36.677289,9.514402,37.798739,9.199965,0.316668997,0.270708478,0.22912957
37.310907,8.492719,36.872139,9.326475,38.010355,9.112107,0.998503619,0.194340671,0.231157929
37.656892,9.429364,36.988876,9.171102,38.222879,9.021181,1.344479256,0.154669638,0.232117103
38.826833,8.766897,37.138961,9.208481,38.434939,8.926794,1.29201333,0.341816495,0.232637477
38.513978,7.513334,37.469816,9.122612,38.645704,8.828314,0.562381238,0.368611593,0.233828293
38.864645,7.952999,37.690232,8.827161,38.855657,8.72538,0.377972954,0.295983058,0.236535952
39.182399,8.157684,37.932952,8.657771,39.066433,8.618036,0.311466946,0.267431381,0.240662505
39.478472,8.060976,38.180715,8.557108,39.279598,8.506326,1.05703873,0.283932441,0.245122092
38.425799,8.156947,38.445047,8.453444,39.495469,8.390203,1.519941439,0.081874539,0.248686915
39.618628,7.214938,38.48389,8.38137,39.712936,8.269566,1.192118855,0.315901209,0.250774432
39.708914,8.403633,38.710979,8.16177,39.930316,8.144531,1.478116516,0.217393829,0.25175868
40.051922,6.965866,38.927375,8.182575,40.146559,8.015607,1.002270719,0.321672935,0.252532513
40.753463,7.681678,39.15346,7.953754,40.361809,7.883546,0.556024787,0.33206691,0.253820733
40.27181,7.95948,39.477848,7.882755,40.577054,7.74903,0.526758756,0.177381416,0.255975243
40.076524,7.470258,39.65516,7.877793,40.79336,7.612154,0.658028004,0.141812337,0.258922319
40.709892,7.291804,39.765421,7.788612,41.011205,7.47221,0.371571047,0.227074501,0.262242853
40.484301,6.996552,39.966747,7.683585,41.230274,7.328057,0.551235522,0.187317241,0.265404659
40.777349,7.463439,40.092162,7.544449,41.449799,7.178898,1.362803139,0.157224875,0.260473946
41.237731,6.180754,40.246092,7.51243,41.661986,7.027824,0.768803808,0.327506759,0.255567674
41.980276,5.98154,40.453909,7.259304,41.871338,6.881241,0.369859556,0.391013289,0.257076371
41.889272,5.623051,40.757232,7.012552,42.081959,6.73384,1.26639077,0.35754886,0.242980743
42.149812,4.383751,40.99282,6.743592,42.279843,6.592838,1.557041706,0.505427108,0.24859824
42.192552,5.940206,41.233635,6.299222,42.483264,6.449936,0.568994137,0.226727982,0.240608161
42.593439,5.536419,41.440104,6.205541,42.678413,6.309191,0.811425603,0.282431634,0.240996836
41.823707,5.793176,41.681304,6.058605,42.872646,6.166527,1.406484351,0.096872954,0.235718718
43.219854,5.963387,41.743439,5.984284,43.060747,6.024466,1.354933233,0.298243057,0.231115546
42.377166,4.902387,42.04031,5.955709,43.24422,5.883924,0.91850351,0.230570365,0.225862649
43.287948,4.783539,42.136597,5.746206,43.423443,5.746472,0.683175549,0.308376592,0.220549391
42.738467,5.189494,42.376098,5.55195,43.598764,5.612664,1.461993724,0.133272622,0.215803709
44.159444,5.533369,42.476272,5.464048,43.77021,5.481601,0.769533573,0.333602766,0.212000282
43.401109,5.664174,42.80975,5.454925,43.937593,5.351497,0.958127999,0.143247169,0.209285354
44.09354,5.001944,42.951743,5.473839,44.100961,5.220687,0.661123638,0.25860029,0.207455752
44.160539,4.344224,43.19069,5.374953,44.260888,5.088546,0.873440177,0.28786965,0.205857593
44.642421,5.072707,43.400111,5.177439,44.418195,4.955761,1.194293065,0.260302846,0.203638906
44.258911,3.941665,43.658214,5.143669,44.573281,4.823787,0.819536992,0.269408642,0.20023239
44.500082,4.724913,43.803515,4.916802,44.725652,4.693879,0.391914696,0.168433231,0.195738458
44.629328,5.094903,43.964693,4.8679,44.874108,4.566308,1.7496227,0.157073339,0.190915416
45.049368,3.396449,44.119341,4.895396,45.017546,4.440315,0.117126495,0.34191388,0.186727937
45.084201,3.284622,44.320735,4.619089,45.155776,4.314777,0.399312124,0.30657803,0.183779465
45.456342,3.429402,44.496189,4.367681,45.289748,4.188974,0.728529504,0.272848423,0.182075188
45.77228,4.085861,44.700702,4.187069,45.421085,4.062871,1.179966618,0.221527105,0.181129635
45.064465,3.141764,44.920155,4.156826,45.551171,3.936833,0.616088287,0.207820991,0.180237763
45.078864,3.757684,44.989822,3.96103,45.680344,3.811135,0.978482485,0.071566604,0.178779147
45.502414,4.639746,45.040779,3.910779,45.807755,3.685722,1.8559247,0.160494973,0.176485162
45.696361,2.793983,45.148426,4.02982,45.931966,3.560348,0.157953201,0.266065055,0.173510647
45.631703,2.938096,45.283929,3.800845,46.051888,3.43495,0.226612227,0.186848049,0.170265215
45.598523,2.713926,45.375475,3.63796,46.167415,3.309875,1.039720662,0.188379409,0.167194842
46.63311,2.610733,45.445076,3.46291,46.279349,3.185678,0.164058108,0.283072784,0.16474815
46.470109,2.592139,45.678449,3.3027,46.388883,3.062616,0.345222112,0.225804169,0.163344428
46.133261,2.667715,45.855183,3.162156,46.497092,2.940255,0.401216274,0.128412196,0.163075178
46.241633,2.281412,45.935759,3.06217,46.604604,2.817639,1.057497823,0.172265167,0.163464665
46.537073,3.296802,46.020004,2.91191,46.711495,2.693966,1.019857093,0.128472134,0.163619492
46.858424,2.328896,46.134396,2.970387,46.817383,2.56923,0.150890368,0.203385146,0.162716239
46.897391,2.183124,46.295865,2.846721,46.921657,2.444316,0.445289241,0.185079456,0.160549282
46.608177,1.844542,46.431257,2.720533,47.023758,2.320415,0.707147425,0.174974834,0.157709734
46.748367,2.537654,46.491279,2.556175,47.123411,2.198179,0.27847993,0.073610035,0.155246412
46.912846,2.762371,46.563732,2.543175,47.220779,2.077262,0.350431658,0.092745636,0.154055185
47.262792,2.780814,46.651074,2.57437,47.316547,1.956591,1.146931386,0.136564251,0.154322298
47.500041,1.658689,46.783921,2.606016,47.411825,1.835193,0.771319199,0.22863785,0.155347731
47.722489,0.920143,46.935741,2.43506,47.507714,1.712971,1.019842282,0.319639531,0.156029194
46.795785,1.345934,47.101206,2.161581,47.604751,1.590787,1.098136615,0.155655547,0.155635071
47.496447,2.191497,47.073589,2.008395,47.702656,1.469804,1.053755991,0.101176897,0.154244495
48.255115,1.46018,47.172018,2.031815,47.800562,1.350616,0.60178891,0.240970314,0.15260348
48.366367,2.051596,47.387558,1.924069,47.897588,1.232829,0.573206857,0.19937867,0.151493514
48.482988,1.490378,47.586243,1.940686,47.993345,1.115437,0.542619574,0.203438302,0.151185958
48.10829,1.097902,47.771733,1.857136,48.088106,0.997634,0.436511888,0.163557724,0.151336436
47.701076,0.940678,47.85885,1.71871,48.182655,0.879468,1.680376635,0.141842683,0.151356673
49.119861,1.841075,47.852292,1.577019,48.277917,0.76185,1.164846501,0.25607942,0.150943447
49.226543,0.681124,48.105161,1.617441,48.374563,0.645904,1.0194051,0.281482242,0.150268449
48.274089,0.317781,48.330568,1.448847,48.472803,0.532196,0.65886882,0.20593274,0.149739755
48.509434,0.933184,48.34898,1.243739,48.572425,0.420404,0.369594075,0.077999698,0.149579401
48.738968,1.222863,48.398368,1.183367,48.672958,0.309647,0.831566374,0.088833,0.149629609
49.245385,0.563284,48.487201,1.183367,48.774434,0.199685,0.242104242,0.195055339,0.147387159
49.0426,0.431024,48.645376,1.06923,48.879761,0.096587,0.306363281,0.147344774,0.150940206
48.767591,0.296011,48.735363,0.952556,48.991223,-0.005193,1.077292228,0.1276805,0.147388513
49.035008,1.339585,48.769077,0.829407,49.104844,-0.099074,0.559335689,0.106739109,0.145147978
49.029544,0.780276,48.833656,0.914394,49.221392,-0.185587,0.917314825,0.061283021,0.149432786
49.098981,-0.134407,48.888677,0.887407,49.343667,-0.271488,0.542466285,0.192104063,0.146046275
49.399853,0.316975,48.945438,0.70388,49.468106,-0.347937,0.408027848,0.128266388,0.14875053
49.075174,0.069851,49.04942,0.62878,49.597984,-0.420452,0.757646174,0.107097632,0.148771857
49.780469,-0.206892,49.072478,0.524194,49.731987,-0.485076,0.239481792,0.197873705,0.149367532
49.54125,-0.218108,49.216258,0.388248,49.870269,-0.541545,0.619460665,0.139187151,0.15043746
50.143812,-0.361811,49.29395,0.272762,50.012604,-0.59025,0.647287186,0.207813615,0.15186715
49.860816,0.220335,49.463249,0.152245,50.158558,-0.632215,1.202065648,0.090915548,0.153246461
50.721273,-0.619055,49.554105,0.155535,50.307476,-0.66838,0.601984213,0.269559746,0.154202435
50.1223,-0.558919,49.781636,0.010994,50.458584,-0.699117,0.313217722,0.13755065,0.154668213
50.353382,-0.770358,49.864736,-0.098617,50.6112,-0.724229,0.788140152,0.16824799,0.155020411
49.725715,-0.293704,49.973567,-0.226926,50.765053,-0.743218,1.445332075,0.031262839,0.155922042
51.14049,0.001925,49.95129,-0.24886,50.920487,-0.755545,0.54485998,0.233164233,0.157844602
50.641101,0.219831,50.181658,-0.212858,51.078243,-0.760833,0.516932354,0.124773236,0.160649503
51.019494,-0.132359,50.284588,-0.142333,51.238882,-0.758996,0.447622452,0.151552211,0.16365041
50.572002,-0.143165,50.436127,-0.144334,51.402298,-0.75024,0.374810837,0.045627179,0.166077356
50.745399,-0.475455,50.481668,-0.147137,51.567669,-0.734939,0.78095622,0.090327447,0.167591746
51.15892,0.187035,50.548492,-0.207912,51.733886,-0.713517,0.44974146,0.144192514,0.168449389
51.54884,-0.037085,50.675963,-0.140513,51.900142,-0.686422,0.168405803,0.175339188,0.169286696
51.65742,-0.165813,50.850413,-0.122877,52.066308,-0.654067,1.182870336,0.16412229,0.170742225
52.644148,0.486529,51.014362,-0.130417,52.232895,-0.616628,0.904569896,0.330060972,0.17313632
52.033403,-0.180732,51.32544,-0.020096,52.400657,-0.573825,0.275021376,0.152786543,0.175987495
51.760888,-0.143687,51.476092,-0.045546,52.570944,-0.529396,0.792104532,0.076850098,0.170916163
52.446977,-0.539555,51.551526,-0.060231,52.73706,-0.489174,0.896636776,0.200641096,0.172900558
51.864938,0.142492,51.734304,-0.14299,52.902542,-0.439071,1.218513793,0.070334316,0.169730202
53.038541,0.47026,51.781773,-0.09109,53.067256,-0.398112,0.754176739,0.261194546,0.169627121
53.79166,0.430331,52.022423,0.010449,53.230102,-0.35063,1.185571933,0.352762069,0.16894761
53.614694,1.602621,52.365907,0.090822,53.390224,-0.296739,0.868795679,0.371976942,0.175555095
53.010122,0.978683,52.615763,0.366392,53.556146,-0.239385,0.976150291,0.156218437,0.17693237
53.029697,0.002729,52.714971,0.487065,53.721174,-0.175582,1.040416101,0.110958613,0.177478929
53.817902,0.681845,52.798522,0.414051,53.885485,-0.108495,0.288922621,0.209175619,0.177028366
54.044173,0.861505,53.000009,0.470242,54.048757,-0.040075,1.144926731,0.232337295,0.176114276
54.556193,1.885562,53.217096,0.55303,54.209983,0.030794,0.594219806,0.364123708,0.171083171
54.19503,1.413695,53.482662,0.80215,54.364436,0.104372,0.456005273,0.192597614,0.166902772
54.341222,0.981759,53.632432,0.92324,54.516262,0.173693,0.379547181,0.162429698,0.173315838
53.965898,0.925297,53.792035,0.953411,54.672308,0.249112,1.206865558,0.060100282,0.168631136
54.256238,2.096718,53.851189,0.964034,54.821905,0.32694,0.436773494,0.236941434,0.173681569
54.003216,1.740697,53.949147,1.179778,54.974014,0.410774,1.465044122,0.121666225,0.172037826
55.369127,1.210941,53.983475,1.296501,55.12216,0.498237,1.494431586,0.269094629,0.167487333
54.156816,2.084799,54.252561,1.298656,55.264835,0.585963,1.3321881,0.155496426,0.162184038
55.423451,1.672051,54.26059,1.453945,55.403111,0.670718,0.463574447,0.235911296,0.155169301
55.866257,1.53485,54.489894,1.509387,55.536636,0.749766,1.073595722,0.270050079,0.149805977
55.091504,2.278063,54.759184,1.529634,55.666852,0.823831,1.182138314,0.170636226,0.146812467
55.386715,1.133379,54.845226,1.676989,55.794731,0.895948,0.822413221,0.146710392,0.145731322
55.924357,1.755717,54.967151,1.595391,55.920157,0.97015,0.428091907,0.199505111,0.146371262
55.929245,2.183781,55.162594,1.635445,56.043019,1.049708,0.889375522,0.195377666,0.147928735
56.571823,1.568897,55.325238,1.743701,56.163583,1.135424,1.049142595,0.249103885,0.149010255
56.009451,2.454582,55.573534,1.723655,56.282454,1.225278,0.370930943,0.174867068,0.148096535
55.781172,2.162215,55.679537,1.86273,56.399948,1.315432,0.567889144,0.078145419,0.144477074
56.316717,1.973298,55.725019,1.926276,56.515442,1.402235,0.731941454,0.131853976,0.138761377
56.906999,2.406086,55.855616,1.944439,56.627461,1.484128,0.790260903,0.230806706,0.132566714
56.117659,2.367946,56.067914,2.035,56.734631,1.562157,0.42699886,0.076666543,0.127914357
56.539809,2.303779,56.103403,2.102958,56.836781,1.639147,0.680046919,0.111287093,0.126497721
56.675038,2.970245,56.205537,2.147156,56.935461,1.718292,0.483368285,0.188017661,0.128535112
56.969644,2.587032,56.313069,2.301388,57.033274,1.801682,1.242287308,0.152708919,0.132328847
56.338652,3.657138,56.453485,2.361416,57.132291,1.889469,1.642919057,0.239448288,0.135285706
56.418614,2.016166,56.45723,2.600835,57.232752,1.980077,1.664329458,0.093221769,0.135242152
57.277872,3.441532,56.471889,2.508773,57.332791,2.071086,1.70047969,0.238636773,0.131552328
57.038954,1.75792,56.63512,2.682851,57.429413,2.160362,0.577113208,0.180214485,0.125522424
57.430138,2.182225,56.727627,2.528191,57.520343,2.246893,0.845861719,0.155674412,0.120558934
56.939179,2.871022,56.872692,2.471705,57.607069,2.330637,0.694249284,0.078668865,0.109865482
57.547745,3.205132,56.901238,2.545012,57.68978,2.402951,0.214155987,0.183769332,0.113982589
57.656854,3.020855,57.038744,2.666927,57.771344,2.482571,0.129645169,0.142169883,0.114799012
57.663855,2.891399,57.164249,2.733716,57.856284,2.559798,0.690323541,0.117711905,0.116985301
58.064836,3.453325,57.27685,2.768025,57.944488,2.636646,1.19803776,0.20523598,0.118380845
57.527489,2.382553,57.43815,2.894927,58.034084,2.714019,1.084676755,0.092457886,0.117326778
58.148808,3.271646,57.474184,2.80978,58.12273,2.790879,0.71204582,0.163629583,0.113283056
58.530425,3.872793,57.613624,2.895402,58.208851,2.864474,0.435557699,0.255548742,0.107108313
58.727804,3.484525,57.796874,3.073516,58.292129,2.931831,0.731582475,0.198451893,0.100603274
57.996859,3.453991,57.979211,3.151851,58.373081,2.991562,0.02946132,0.065905064,0.095508575
58.022011,3.43865,58.004644,3.212651,58.452417,3.044738,0.959102666,0.052973664,0.092828748
57.918725,4.392175,58.02817,3.260114,58.53084,3.094407,1.828944206,0.210289682,0.092661714
58.280062,2.59928,58.030973,3.470385,58.609195,3.143871,1.173044929,0.156753846,0.094174706
58.552909,3.740152,58.09211,3.326045,58.688453,3.194734,1.17281642,0.126657235,0.095796929
58.706355,2.577417,58.190242,3.406121,58.769298,3.246126,1.664891291,0.177034153,0.095874068
58.641664,4.241051,58.298181,3.265799,58.851535,3.29541,0.570456372,0.190633845,0.093510715
58.82982,3.702518,58.372352,3.441412,58.933811,3.33985,0.819483764,0.113961887,0.088962358
59.570113,4.053972,58.472674,3.495475,59.01407,3.378227,0.803272505,0.236560499,0.083342471
59.382701,3.272868,58.684137,3.601514,59.090606,3.411215,0.377153726,0.151427724,0.07821383
59.109563,3.532946,58.826869,3.550938,59.163109,3.440553,1.198105572,0.069469179,0.075241179
59.742628,4.550141,58.896281,3.553756,59.233183,3.467955,1.537691819,0.248806072,0.075426467
58.820921,3.319307,59.065149,3.73648,59.303813,3.494423,1.262022647,0.070225554,0.083012876
60.076744,3.194368,59.041132,3.670489,59.380233,3.526844,0.993375844,0.215871834,0.081450513
59.216168,3.690558,59.242157,3.591815,59.457477,3.552681,1.265647202,0.025749484,0.081749576
60.021292,4.667102,59.256194,3.613402,59.535837,3.575977,1.720772652,0.245138137,0.08680777
59.238939,3.134463,59.40912,3.804991,59.616959,3.606877,1.131526216,0.112543948,0.079275821
59.094519,4.256735,59.396552,3.693151,59.693904,3.625959,0.088379369,0.111676439,0.078721818
59.164495,4.310719,59.358155,3.798019,59.768857,3.650025,0.528333813,0.099900657,0.073129501
59.498256,4.72028,59.336377,3.895517,59.840315,3.665571,1.167597342,0.15931516,0.074389369
59.574214,3.555156,59.37579,4.04988,59.912577,3.683234,0.592038924,0.090405344,0.075964259
60.153148,3.679033,59.421197,3.971705,59.987015,3.698385,1.390167155,0.146951431,0.080106503
59.117468,4.606358,59.561214,3.927096,60.065371,3.71504,1.28491196,0.143791112,0.083913557
60.125396,3.809439,59.493352,4.053866,60.147118,3.733985,1.36901568,0.126027614,0.086027408
59.55041,5.051854,59.614257,4.0183,60.230489,3.755198,1.490841958,0.190466789,0.085970592
60.149503,3.686681,59.612326,4.208757,60.31362,3.777111,1.102408723,0.133026166,0.084465223
59.262192,4.340886,59.716169,4.125615,60.395613,3.797397,0.704656834,0.08524886,0.082884603
59.965974,4.375988,59.643074,4.169484,60.476757,3.814294,0.726085374,0.079317549,0.082310293
60.568941,3.971475,59.708121,4.214873,60.557985,3.827598,0.377790952,0.162269906,0.082995698
60.411355,4.31483,59.86616,4.17806,60.640211,3.838875,0.325779384,0.109803262,0.08462388
60.107223,4.198057,59.971613,4.208661,60.723994,3.850775,1.024390482,0.034041299,0.086850189
60.80047,4.952235,60.005328,4.213363,60.809564,3.865632,0.253230707,0.203086887,0.089377239
60.895018,5.187153,60.155036,4.350592,60.896984,3.884234,0.885874584,0.21460854,0.091731792
60.689553,4.325435,60.298816,4.509916,60.986211,3.905524,0.628224554,0.083809997,0.093310796
60.837526,4.935984,60.379892,4.488684,61.076952,3.927272,0.573438231,0.12911531,0.093739117
61.274152,5.307722,60.472647,4.578502,61.16852,3.94733,0.918781843,0.208696862,0.093091259
60.415143,5.633703,60.626393,4.719628,61.259983,3.964665,1.622568594,0.177504912,0.091885513
60.697489,4.035889,60.60104,4.895313,61.350643,3.979622,1.659897439,0.140054615,0.091013853
61.150266,5.63284,60.628401,4.757957,61.440571,3.993639,0.56068346,0.195511606,0.091422113
61.440934,5.153384,60.730025,4.924982,61.53075,4.008664,1.121762518,0.143102543,0.093473524
60.468491,4.594183,60.863445,4.976726,61.622527,4.026392,0.570547582,0.077772433,0.096520318
61.005949,4.402706,60.805657,4.924677,61.716691,4.047589,1.383018243,0.092462727,0.099186794
62.382476,4.536545,60.849361,4.843195,61.812874,4.071814,0.957766335,0.284043107,0.100199793
61.47927,4.217899,61.129795,4.798059,61.909699,4.0976,0.221977051,0.120859804,0.099253507
61.6135,4.394693,61.204316,4.702908,62.005627,4.123077,0.847191703,0.098215261,0.097258306
61.050616,5.027856,61.289462,4.653955,62.099954,4.146775,1.164882913,0.07716133,0.095675699
62.19067,5.267082,61.25926,4.72496,62.193185,4.168265,0.315703096,0.203177539,0.095549026
61.875401,5.283632,61.434652,4.827521,62.28658,4.188439,1.104124215,0.126622752,0.096861723
62.682038,4.529691,61.524567,4.916676,62.381179,4.209253,1.223543839,0.225444525,0.098657084
61.498966,4.841781,61.742173,4.857745,62.476975,4.23284,0.968052961,0.029266014,0.09981046
62.391495,5.216639,61.713361,4.86288,62.572897,4.260428,0.876071038,0.150052457,0.099727762
61.570509,4.91089,61.845656,4.933688,62.667581,4.291742,0.853320537,0.036548453,0.098457416
62.160916,5.526987,61.809402,4.938318,62.760079,4.325476,1.437550582,0.134118583,0.08914477
61.665634,4.177451,61.881896,5.051156,62.842812,4.358673,0.642852406,0.148341936,0.093675761
61.479895,4.792886,61.853847,4.90549,62.931613,4.388498,1.198299894,0.059667644,0.089706231
62.214962,5.739247,61.795903,4.891252,63.016708,4.416889,0.754934174,0.175443691,0.086026518
61.849795,5.078506,61.876299,5.047191,63.098943,4.442147,0.80023073,0.01348038,0.080140655
62.563555,5.440329,61.878155,5.060543,63.175609,4.465489,0.375546865,0.145631549,0.067908019
62.505542,5.06929,62.003975,5.133877,63.239966,4.487161,0.262692858,0.096006283,0.058430767
62.748058,5.170253,62.099927,5.130649,63.294187,4.508938,0.248393292,0.1236546,0.051851299
62.965025,5.291185,62.222722,5.145204,63.34085,4.531546,0.221903477,0.147239679,0.045599643
62.799339,5.143573,62.365819,5.179885,63.380608,4.553876,0.230897893,0.085673786,0.036868945
62.888935,5.356379,62.451492,5.179518,63.411918,4.573344,0.632232673,0.096456529,0.025017279
63.518274,5.295959,62.540162,5.217485,63.432715,4.587249,0.471872562,0.185944544,0.011982603
63.077901,5.126444,62.724954,5.238156,63.442402,4.594302,1.080979303,0.077422337,0.001096389
62.127004,4.612332,62.80122,5.224825,63.4425,4.595394,0.678695347,0.147711688,0.007409604
62.637608,5.059446,62.695453,5.121713,63.435481,4.59302,1.031850769,0.008039844,0.013093703
62.397417,6.062952,62.69713,5.11385,63.422804,4.589743,0.184801714,0.176439059,0.019228788
62.371434,5.879986,62.653011,5.284684,63.403795,4.586844,0.904137214,0.118954976,0.027718702
63.233437,5.607195,62.610272,5.395696,63.37623,4.583929,0.730362242,0.124638886,0.038242519
63.203102,6.336927,62.726793,5.439942,63.338244,4.579507,0.894080858,0.18998274,0.048724465
62.540533,5.736608,62.819033,5.60603,63.290101,4.572002,0.890241619,0.05204059,0.056951772
61.936658,5.082494,62.778141,5.638218,63.234323,4.560499,0.512720484,0.168965153,0.062296318
62.285716,5.458048,62.635332,5.547914,63.173994,4.544967,1.024605067,0.059651739,0.066205695
63.202688,5.000907,62.576551,5.537759,63.110527,4.526122,0.744347034,0.14514217,0.070981779
62.585739,5.417352,62.68981,5.446992,63.042707,4.505173,0.616820817,0.014907001,0.077973532
62.291315,4.875335,62.675188,5.444091,62.967789,4.483559,0.973960984,0.118675315,0.086613181
61.752323,5.686561,62.609922,5.344974,62.883735,4.46266,1.628329613,0.162883361,0.094834087
62.84118,4.475839,62.458866,5.405909,62.790886,4.443358,0.84764825,0.177048536,0.100671238
62.002305,4.597479,62.525,5.241676,62.691793,4.425602,1.492008168,0.149481124,0.103886022
61.998378,6.089482,62.431318,5.125193,62.589351,4.408341,2.416093143,0.185600421,0.106242205
62.220415,3.683613,62.352144,5.293059,62.484688,4.390091,1.062927107,0.287414239,0.110134848
62.055782,4.733713,62.324565,5.006971,62.376414,4.369931,0.465665853,0.074977411,0.116589954
62.336614,4.362259,62.272246,4.953265,62.261859,4.348243,0.553632026,0.110658887,0.124450926
61.81348,4.543475,62.278211,4.842767,62.139296,4.326648,0.731353583,0.10616795,0.130267298
62.204575,5.161474,62.190449,4.783022,62.010077,4.310155,1.059498171,0.060638091,0.120994837
61.154533,5.020236,62.186731,4.843546,61.889911,4.296017,2.011424179,0.191156457,0.111682556
60.442261,3.139147,61.997533,4.870839,61.778337,4.291094,2.357956655,0.421797212,0.10803654
61.173916,5.380718,61.711328,4.561001,61.670372,4.295025,0.142678039,0.176731048,0.111815761
61.196583,5.521584,61.601896,4.699776,61.558868,4.303369,0.759482461,0.167066526,0.115757681
60.936421,4.808051,61.515749,4.842919,61.443693,4.314969,1.121689085,0.117230231,0.11467915
60.649931,5.892537,61.398639,4.837611,61.330485,4.333279,1.767904573,0.239672974,0.105773726
60.79732,4.130787,61.251306,5.026651,61.226208,4.35101,1.306469434,0.182028795,0.092772765
60.223817,5.304651,61.153531,4.873111,61.135448,4.37023,0.260930337,0.1965348,0.094075925
60.398489,5.498492,60.973749,4.952511,61.045684,4.398385,0.997227675,0.156659258,0.09685308
61.1853,4.8858,60.854597,5.054221,60.95683,4.436927,1.003663193,0.050967655,0.100814525
60.182868,4.935498,60.899168,5.0295,60.868719,4.485917,0.258558072,0.141339136,0.109329782
60.169002,5.193684,60.758273,5.018304,60.778384,4.547501,0.326885741,0.124654431,0.104222765
60.068936,5.504877,60.63898,5.054469,60.696575,4.612074,0.275895091,0.144231768,0.099915235
60.344388,5.520507,60.522774,5.139903,60.622227,4.678823,0.585502076,0.091208755,0.093883983
59.810912,5.279227,60.472548,5.216037,60.555851,4.745219,0.572204813,0.130221423,0.094292104
60.366411,5.416483,60.343567,5.233968,60.491954,4.81456,0.607394839,0.044160122,0.100552365
59.807265,5.653726,60.329483,5.275822,60.42652,4.890909,0.474579639,0.130442535,0.108822465
60.154759,5.97695,60.22305,5.351236,60.359713,4.976811,1.124361849,0.122993679,0.114355817
59.069332,5.683628,60.197077,5.471456,60.295932,5.071728,1.221682048,0.21850826,0.115113375
60.262588,5.945634,59.984009,5.519911,60.240666,5.172707,0.487263062,0.092838385,0.104364271
59.937986,6.309033,60.018479,5.606113,60.195785,5.266928,0.977897847,0.138706969,0.102534288
60.062682,5.339118,59.991764,5.742223,60.153502,5.360338,0.690693659,0.059138565,0.104154477
59.592432,5.845006,59.992983,5.683097,60.111371,5.455591,0.794928457,0.090107794,0.097184413
60.143599,6.417829,59.911692,5.721971,60.065626,5.541336,0.449692598,0.137080385,0.107967611
60.566348,6.571148,59.942684,5.855502,60.016957,5.637712,1.041971754,0.172333316,0.101297494
59.526013,6.629528,60.045253,5.993988,59.969959,5.727447,0.46206026,0.159274263,0.099659625
59.107741,6.433191,59.94747,6.119713,59.929943,5.81872,1.089607609,0.170873321,0.09163196
60.099104,6.885346,59.791339,6.189145,59.89848,5.904781,1.273526503,0.144729237,0.087380801
59.051228,7.609104,59.837158,6.32643,59.872615,5.988246,0.832519881,0.28380585,0.086729888
59.606709,6.988999,59.690168,6.569205,59.847094,6.071136,0.095105712,0.095295953,0.08820503
59.614525,7.083783,59.666029,6.661393,59.818466,6.154566,0.422510627,0.09409378,0.088599601
59.471674,6.686154,59.647998,6.753743,59.787637,6.237629,1.045509577,0.04006494,0.085404657
60.258647,7.374459,59.608231,6.75862,59.759072,6.318115,0.848830298,0.164489446,0.079476045
59.48974,7.014883,59.715592,6.883241,59.737403,6.39458,0.435282206,0.060142137,0.074592803
59.824798,7.292744,59.669821,6.922255,59.723903,6.467941,1.283441716,0.083252948,0.073504452
59.418717,8.51025,59.691328,7.002682,59.715742,6.540991,1.577355626,0.287717782,0.07561247
59.317846,6.936123,59.63736,7.285293,59.70846,6.616252,1.313611505,0.07692778,0.078275285
59.354465,8.249224,59.574369,7.241134,59.699528,6.694016,1.346232629,0.199702756,0.078589161
60.010905,7.073882,59.528105,7.435404,59.69022,6.772052,1.370386276,0.091715962,0.075398084
59.717002,8.412381,59.606583,7.387938,59.684296,6.847217,0.76772449,0.196754715,0.070500501
60.344069,7.96945,59.620625,7.584191,59.684756,6.917716,0.304147012,0.148409769,0.067004548
60.601231,7.807052,59.744723,7.665586,59.691353,6.984395,1.277523711,0.155000465,0.066379137
59.525036,8.495435,59.894242,7.706442,59.700824,7.050095,1.214097307,0.171068324,0.068053367
58.486311,7.866879,59.828754,7.864479,59.709647,7.117574,0.66483613,0.239337437,0.070561862
59.118115,8.073835,59.589784,7.877736,59.71693,7.187759,0.967718944,0.132929327,0.072178109
60.031264,8.394208,59.590974,8.01066,59.725102,7.259473,0.322937741,0.015568356,0.072240259
60.239315,8.641197,59.585296,8.025156,59.737881,7.330574,1.192107875,0.163643848,0.071551716
59.275648,7.939437,59.696339,8.145359,59.757083,7.399501,0.86119185,0.081011287,0.070715245
59.744958,7.217357,59.618504,8.122897,59.780944,7.466069,1.491551665,0.147903167,0.071746889
59.341509,8.653308,59.635701,7.975997,59.802357,7.534546,0.51051039,0.139860231,0.064174103
59.082996,8.21309,59.579444,8.104044,59.817516,7.596904,0.378875599,0.097327601,0.066897623
59.433447,8.357072,59.486346,8.132424,59.831936,7.662229,0.961817244,0.050801133,0.065936832
60.172956,7.742077,59.47059,8.18072,59.842389,7.727332,1.005193706,0.137777787,0.06579507
59.325769,8.283084,59.589522,8.111165,59.853817,7.792127,0.548267463,0.061945782,0.066208596
59.684571,8.697642,59.539498,8.147701,59.868491,7.856689,0.561201602,0.106033505,0.066313353
59.577269,8.146794,59.56129,8.251471,59.884228,7.921108,0.498124111,0.011379727,0.065086534
59.856198,8.5595,59.560929,8.240097,59.896098,7.985103,1.459728113,0.080149768,0.062951426
59.191268,9.85899,59.610431,8.303133,59.900225,8.047919,0.335467199,0.293598677,0.06087618
59.426839,9.62015,59.533668,8.586519,59.896734,8.108695,0.074524676,0.196500732,0.058733426
59.467627,9.557778,59.510838,8.781689,59.889466,8.166977,0.587818292,0.152259517,0.056419893
59.3513,8.981585,59.498992,8.933487,59.88287,8.22301,0.370001602,0.038453382,0.054859452
59.637423,8.74699,59.468634,8.957089,59.878511,8.277696,0.619086223,0.034966426,0.054648278
59.241776,9.223153,59.494391,8.933441,59.87386,8.332146,0.22303948,0.079578599,0.056056472
59.148714,9.020456,59.446008,8.996622,59.864339,8.387388,0.930075607,0.059157382,0.061252707
59.205278,9.94881,59.388961,9.012282,59.851278,8.447232,0.335474219,0.181010387,0.06107128
59.084628,9.635782,59.351318,9.189335,59.826988,8.503265,0.136984462,0.106010267,0.060918742
59.008805,9.521696,59.298679,9.281353,59.802264,8.558941,0.54268638,0.079858099,0.061970907
58.815772,10.028891,59.24138,9.336978,59.781588,8.617361,0.73555121,0.158401063,0.058031905
59.523644,9.829009,59.159485,9.472566,59.757706,8.670251,0.861296266,0.096340223,0.059075498
58.675734,9.677748,59.217236,9.549678,59.737191,8.72565,0.515478365,0.107753372,0.059538361
59.160688,9.502998,59.115818,9.586081,59.710752,8.778996,0.290237164,0.002557991,0.063408938
59.113376,9.216643,59.117424,9.58409,59.679862,8.834372,1.236109103,0.056242184,0.067163427
59.332595,10.433158,59.112221,9.528089,59.644826,8.891673,0.79825629,0.172751181,0.069175711
58.872779,9.780638,59.146515,9.697402,59.608721,8.950679,1.04984072,0.059843518,0.069128321
59.660114,10.475094,59.093617,9.725385,59.57449,9.010737,0.719379425,0.171435381,0.068058015
59.293155,9.856347,59.19074,9.866655,59.542423,9.070767,0.58410742,0.020787939,0.067371439
59.49225,10.405476,59.206663,9.880019,59.510239,9.129954,0.861257374,0.114054434,0.069351855
58.631661,10.371552,59.257137,9.982297,59.475462,9.189956,0.584818718,0.137437062,0.073022461
59.184825,10.561348,59.146019,10.063178,59.440214,9.253908,0.520961516,0.100536826,0.084467638
58.730183,10.306983,59.151432,10.163569,59.400637,9.32853,0.661379676,0.084796202,0.084881272
59.359708,10.104199,59.075555,10.201425,59.368629,9.407145,1.280197777,0.048466796,0.088770737
58.111597,9.819374,59.123707,10.19591,59.339398,9.490965,0.871600684,0.189186286,0.093686406
58.91791,10.150353,58.943142,10.13945,59.312037,9.580567,0.280362748,0.015109134,0.096980293
59.124409,9.960718,58.933588,10.151155,59.288219,9.674577,0.742197011,0.039886095,0.102599924
59.224669,10.696112,58.963602,10.124886,59.264548,9.774409,1.082413166,0.116371877,0.108941355
58.799146,9.700849,59.007322,10.232733,59.241109,9.880799,0.672730607,0.095156632,0.115056236
59.276489,10.174885,58.968722,10.145757,59.220063,9.993914,1.080221405,0.053669694,0.120971869
59.133606,11.245615,59.021411,10.15597,59.203053,10.113684,1.114166201,0.199462385,0.126569288
58.086491,11.626294,59.040808,10.354487,59.190659,10.239645,0.810216951,0.289361203,0.131887989
58.888563,11.740889,58.871189,10.588921,59.181948,10.371245,0.174043228,0.216750171,0.136957982
58.847807,11.910093,58.871461,10.805671,59.175187,10.508036,0.72683205,0.211291103,0.141740626
58.265258,12.344744,58.865089,11.016866,59.169197,10.64965,1.202937572,0.275740847,0.146199798
59.113312,11.491595,58.75668,11.270402,59.164189,10.795764,1.016846546,0.084570404,0.150446819
58.096475,11.487189,58.81679,11.329891,59.161512,10.946187,1.455221049,0.138078663,0.154852432
58.174179,12.940334,58.686995,11.376997,59.162543,11.101036,1.375598674,0.310980661,0.159792421
58.84576,11.739813,58.592161,11.673165,59.167612,11.260748,0.534226164,0.052424527,0.165298572
59.300907,11.460101,58.632494,11.706655,59.175793,11.425844,0.419004092,0.118126565,0.171000561
59.01665,11.767936,58.748126,11.682507,59.185654,11.59656,1.313001817,0.057143831,0.17632093
59.550426,12.967543,58.795374,11.714648,59.196337,11.772557,0.601955792,0.274127638,0.18076635
59.443833,12.3751,58.930482,11.953168,59.208088,11.952941,0.510529181,0.133082849,0.184215271
59.058172,12.040577,59.025307,12.046545,59.22187,12.13664,1.83927777,0.020072332,0.187066404
59.580865,13.804021,59.036179,12.063418,59.238441,12.322971,1.774527218,0.34147685,0.190047096
58.955595,12.143303,59.13809,12.389333,59.257668,12.512043,0.945686943,0.034848105,0.193759058
58.693667,13.051993,59.112088,12.366132,59.27861,12.704667,1.288953477,0.155993109,0.19830923
58.212941,14.247946,59.043011,12.505997,59.300259,12.901791,0.931845499,0.358782946,0.203275082
58.568883,13.38676,58.898956,12.83459,59.322333,13.103864,0.31738592,0.13430786,0.207989119
58.851881,13.530447,58.840823,12.955665,59.345463,13.310563,1.323902348,0.124835462,0.211942331
58.547069,14.818782,58.84236,13.080491,59.37062,13.521007,0.352637871,0.330387383,0.215042353
58.435971,15.153462,58.789913,13.406689,59.398234,13.734269,1.311572675,0.351531961,0.217583086
59.737059,14.987954,58.725574,13.752283,59.427734,13.949843,0.780094656,0.298976262,0.220026377
58.976192,15.160085,58.904028,13.99216,59.457912,14.16779,0.307557825,0.234013638,0.222766994
58.978889,15.467631,58.91864,14.225717,59.487814,14.388541,1.042622198,0.253690969,0.225939723
59.719158,16.20184,58.931653,14.479074,59.51747,14.612526,0.958286071,0.376034151,0.229417668
59.091825,15.477433,59.075546,14.826488,59.547882,14.839919,0.83377413,0.152613929,0.232988793
59.648489,16.098162,59.083586,14.97889,59.580289,15.070643,0.849959334,0.257262176,0.236499069
58.804407,16.197944,59.189166,15.213489,59.615248,15.304544,0.201304967,0.219934915,0.23983239
58.895544,16.377437,59.126989,15.424452,59.652236,15.541507,0.941251273,0.208536359,0.242862171
58.576767,15.49181,59.090297,15.629735,59.690058,15.781406,0.831769937,0.088795682,0.245482936
59.385404,15.686611,59.002172,15.640628,59.727763,16.023976,1.430774986,0.080070623,0.247708005
60.228899,16.842307,59.071694,15.680352,59.765361,16.268814,1.056020539,0.314589413,0.249721828
59.719992,17.767614,59.280271,15.915856,59.803798,16.51556,0.521771356,0.369388283,0.251850951
59.404972,17.351672,59.364909,16.275417,59.844238,16.764143,0.440201401,0.225471037,0.254422024
59.19838,16.96296,59.379336,16.500426,59.887232,17.014906,1.485850772,0.119062011,0.257562448
58.540915,18.295436,59.353876,16.616734,59.932417,17.268474,1.647181814,0.359218503,0.261074774
60.020254,17.57103,59.214663,16.94788,59.978941,17.52537,1.078416644,0.206165694,0.264509224
59.36232,18.425492,59.360228,17.093877,60.026223,17.785619,0.739047333,0.270906463,0.267394213
59.375656,19.164419,59.365352,17.364735,60.07444,18.04863,0.214300401,0.355664055,0.269529968
59.548837,19.290645,59.371495,17.720346,60.124364,18.313496,0.396298082,0.319604917,0.271134946
59.945106,19.285844,59.406997,18.037973,60.17673,18.579526,0.613089774,0.280444338,0.272700699
59.474697,19.679029,59.506954,18.299999,60.231651,18.846639,0.840369056,0.285843021,0.274692746
60.241859,20.022078,59.506844,18.585842,60.288584,19.115367,0.787598009,0.326555469,0.277308726
59.64524,20.536234,59.642667,18.882811,60.346852,19.386485,0.738541522,0.336704763,0.280411965
60.060511,21.146966,59.650177,19.219432,60.406286,19.660526,1.278516788,0.395155152,0.283626221
60.812282,20.112826,59.729596,19.606524,60.467426,19.937484,0.98912033,0.242145804,0.286534164
60.132485,20.831321,59.929524,19.743138,60.531112,20.216851,0.896150592,0.241985388,0.288907558
60.889838,21.310385,59.975925,19.980633,60.597802,20.497956,0.48906256,0.328993643,0.290784244
60.482806,21.581507,60.1486,20.260669,60.667166,20.780346,1.388406382,0.278281258,0.292400073
59.98248,22.876631,60.217726,20.530228,60.73831,21.063959,1.565258076,0.460483123,0.294041229
61.058522,21.739896,60.187805,20.989738,60.810448,21.349014,0.855381247,0.25256833,0.295915819
60.252796,21.452698,60.354876,21.179153,60.8835,21.635771,1.931176397,0.094973126,0.298106489
60.97034,23.245621,60.349062,21.273948,60.958148,21.92438,0.656672673,0.401505614,0.300584244
61.033894,23.899211,60.467786,21.657499,61.035308,22.214892,0.544288018,0.455537832,0.303215024
60.638404,23.525263,60.579754,22.099062,61.115418,22.507333,0.830939166,0.301359309,0.305775684
61.462769,23.420945,60.602693,22.399547,61.198096,22.801719,0.904429744,0.281588946,0.308042487
60.7753,24.008635,60.766635,22.628491,61.282421,23.097995,0.736416272,0.302059711,0.309879665
60.177973,24.439343,60.784141,22.930043,61.367582,23.395943,1.066986773,0.321141577,0.31131016
61.200219,24.745078,60.686804,23.236078,61.45341,23.695188,1.011880796,0.330355496,0.312508725
61.684257,23.856478,60.786696,23.550969,61.540384,23.99535,1.229737189,0.197480161,0.313757883
60.933264,24.830266,60.955525,23.653415,61.629162,24.296286,1.28815781,0.262794045,0.315332135
62.221333,24.845392,60.965828,23.916007,61.720023,24.598244,1.613523564,0.314863776,0.317348366
62.580648,26.418399,61.200062,24.12642,61.812652,24.901773,1.31192225,0.521064818,0.319666286
61.282547,26.60833,61.459901,24.578075,61.906402,25.207383,0.968426097,0.409201135,0.321957476
62.082081,27.154768,61.44609,24.987043,62.000783,25.515196,0.981438811,0.454462251,0.323871638
61.752301,28.079142,61.574675,25.422935,62.095771,25.824825,1.255985364,0.52767809,0.325226444
61.480323,26.852958,61.622427,25.948448,62.191703,26.135581,0.933939176,0.218197493,0.326100071
62.387861,26.632465,61.612357,26.166413,62.288868,26.446869,1.136197236,0.204494897,0.32677318
62.403398,27.768556,61.763622,26.304025,62.38715,26.758512,0.910851903,0.337292856,0.327584707
61.905683,28.5314,61.892195,26.615851,62.486043,27.070813,0.722263767,0.392643135,0.328765845
61.950435,27.810524,61.910071,27.008087,62.585008,27.38433,0.337509133,0.196985038,0.330338797
62.17148,28.065576,61.931261,27.203929,62.683884,27.699524,0.155673444,0.21150758,0.332106303
62.318719,28.116122,61.986787,27.408018,62.783,28.016495,0.759724644,0.188915021,0.333779133
61.869862,28.729073,62.058213,27.58291,62.882879,28.33498,1.308289965,0.251591037,0.33512358
62.753427,29.693923,62.036951,27.833601,62.98377,28.654556,1.309876393,0.401721064,0.336058859
63.343286,30.863471,62.174864,28.210907,63.085372,28.974888,1.039195412,0.564896804,0.336654615
62.45462,30.324769,62.394645,28.731296,63.186977,29.295844,1.383618838,0.337367315,0.337084431
63.536597,31.187165,62.419936,29.067714,63.287937,29.617454,0.745246814,0.479940625,0.337555489
62.809813,31.022308,62.632023,29.498251,63.388111,29.939803,0.676256967,0.330306262,0.338240402
63.159921,30.443734,62.679475,29.825131,63.487943,30.262975,1.616562981,0.193702714,0.33921133
63.599577,31.999362,62.779804,29.990826,63.588122,30.587056,0.50551246,0.440350675,0.34042112
63.135002,32.198643,62.940636,30.400755,63.689058,30.912169,0.673536241,0.365843725,0.34170944
63.761612,31.951639,62.988197,30.763494,63.790596,31.238444,1.005067749,0.30548308,0.342865004
62.871593,32.418573,63.140256,31.028443,63.892147,31.565925,1.314542818,0.312297178,0.343713878
64.097266,31.943443,63.111398,31.339404,63.993139,31.894467,1.460438927,0.248520614,0.344195131
62.97583,32.878998,63.300385,31.500793,64.093426,32.223728,0.91899586,0.28880652,0.344404116
63.523614,33.616891,63.255441,31.786081,64.193359,32.553315,0.411703665,0.390453746,0.344571365
63.9179,33.735375,63.318114,32.171472,64.293489,32.883017,0.730083027,0.35359229,0.344954684
63.724034,34.439248,63.437631,32.504253,64.39416,33.212955,0.30337813,0.388363636,0.345708598
63.469825,34.604826,63.498367,32.887838,64.495287,33.543542,0.853016453,0.369440842,0.346804317
63.799282,35.391652,63.507932,33.257155,64.596508,33.875246,0.801577922,0.439423115,0.348044386
64.429777,34.896674,63.570742,33.692066,64.697539,34.208304,0.768508726,0.317188322,0.349171772
64.35318,35.661356,63.734318,33.963822,64.798444,34.542578,0.488871099,0.378497942,0.349984994
64.424288,36.145028,63.856889,34.321924,64.899599,34.877626,0.239767385,0.397792035,0.342771494
64.657337,36.088667,63.970842,34.703045,65.000152,35.205317,0.717130072,0.332977441,0.329832637
65.299333,36.408224,64.105914,35.007396,65.098765,35.520063,0.336642588,0.380946881,0.332492038
65.000564,36.563354,64.332151,35.313888,65.195266,35.838243,1.034195808,0.310060742,0.319002444
64.141746,37.139542,64.467007,35.593086,65.293208,36.141838,1.118997321,0.333671392,0.318238447
65.234579,36.898978,64.425066,35.924111,65.389745,36.445081,1.558790419,0.277939847,0.315363724
64.877787,38.416386,64.581705,36.153708,65.486334,36.745289,0.67283447,0.461815791,0.311857526
65.519522,38.214192,64.647492,36.610814,65.583314,37.041684,0.511070195,0.38112346,0.306761908
66.024945,38.289957,64.814386,36.953453,65.68056,37.332624,1.060695774,0.373305939,0.300999082
65.23924,39.002518,65.042269,37.249133,65.777839,37.61747,0.766574221,0.372525737,0.293655054
65.777066,38.456277,65.091375,37.618408,65.875164,37.894528,0.527243612,0.246966675,0.286394125
65.424041,38.847888,65.225515,37.82577,65.97237,38.163921,0.733903247,0.242376365,0.280459695
65.460622,39.580879,65.272776,38.063494,66.069333,38.427086,0.499912684,0.327206129,0.276365994
65.770959,39.188956,65.316117,38.387817,66.166301,38.685882,0.424329653,0.216365616,0.274030081
66.10304,39.453111,65.405204,38.584991,66.263796,38.941982,1.233113832,0.245354964,0.272658765
66.55242,40.601426,65.536834,38.792048,66.362291,39.196229,0.505070837,0.417692574,0.271070049
66.285454,41.030175,65.724852,39.165031,66.461865,39.448348,0.606492303,0.399654521,0.268223901
66.784021,40.684829,65.832764,39.549841,66.56213,39.697127,0.702386539,0.311631031,0.263647837
66.390021,41.266302,66.009469,39.80653,66.662403,39.940962,0.745088608,0.322564266,0.256914489
66.193351,41.984966,66.085197,40.120079,66.761002,40.178203,1.06987448,0.386577651,0.251131289
66.304339,40.920864,66.110768,40.50581,66.859147,40.409362,1.435893568,0.134930716,0.24675941
66.907842,42.223774,66.149514,40.635058,66.957912,40.635494,0.485679642,0.361593568,0.244305217
66.423033,42.194706,66.286786,40.969582,67.058051,40.858333,1.375766736,0.27188052,0.243121846
66.890542,40.900809,66.313691,41.240128,67.158941,41.079533,1.528027472,0.104352502,0.242026064
66.381434,42.34153,66.417716,41.231867,67.259049,41.299885,0.753505741,0.245338327,0.240309557
65.657807,42.551613,66.412601,41.477152,67.357471,41.519115,0.833121152,0.262035622,0.237895064
66.460904,42.773257,66.278238,41.702117,67.454713,41.736228,0.496073656,0.234742028,0.234831936
66.185703,43.185996,66.305752,41.935241,67.551938,41.949988,1.83993303,0.265490596,0.231174409
67.842846,43.985515,66.2788,42.19936,67.649789,42.159432,1.551272297,0.458013906,0.227223246
67.616294,42.450875,66.547334,42.570394,67.748028,42.364321,1.225011247,0.188161443,0.2236055
66.958883,43.48454,66.733813,42.5955,67.846059,42.565292,0.545698918,0.193269561,0.220957307
67.440909,43.740349,66.772622,42.784833,67.943354,42.763675,0.478389358,0.246827473,0.219380923
67.792869,43.416342,66.888806,43.002606,68.039375,42.960926,0.96610292,0.195807179,0.21838324
67.582689,44.359305,67.047811,43.116877,68.133606,43.157933,0.239812812,0.275985225,0.217223193
67.707196,44.564264,67.142547,43.376093,68.225783,43.354629,1.213664204,0.269695309,0.215472773
66.830648,43.724833,67.242466,43.626596,68.316201,43.550213,1.205963584,0.092639492,0.213060083
67.622759,44.634178,67.169492,43.683665,68.405546,43.743635,0.270043435,0.219294803,0.210044743
67.892326,44.618144,67.246994,43.888808,68.494313,43.934001,0.479333616,0.200044503,0.206598831
67.414295,44.58283,67.358821,44.054677,68.582453,44.120855,1.613042354,0.129380641,0.203143563
67.51749,46.192568,67.366806,44.183811,68.669531,44.304389,0.81360043,0.391342113,0.200303311
67.502591,45.379104,67.389834,44.574475,68.75503,44.485528,0.404870895,0.18095722,0.198809395
67.901489,45.448392,67.405266,44.754773,68.838658,44.665893,1.121875286,0.179995598,0.198435768
67.480422,46.488251,67.488007,44.914624,68.920042,44.846872,1.041964476,0.314990036,0.198369165
68.169523,45.706695,67.481365,45.229544,68.998926,45.028882,0.098865941,0.168497249,0.197334005
68.079824,45.665119,67.597265,45.351849,69.075105,45.210919,1.035710774,0.121969976,0.194692589
68.151682,46.698334,67.678147,45.443144,69.148837,45.39111,0.935962294,0.268503187,0.191312985
67.891382,45.799296,67.757653,45.699606,69.221047,45.568272,0.343123595,0.055861235,0.18866251
68.085498,46.082232,67.777562,45.751799,69.290793,45.743569,0.302469423,0.103469972,0.185332781
67.810474,45.956337,67.828152,45.842058,69.3537,45.917899,1.035101247,0.050303486,0.189357938
68.283087,46.877245,67.821109,45.891866,69.412574,46.097872,0.150797418,0.216526698,0.184676998
68.388499,46.769411,67.898269,46.094178,69.460652,46.276181,0.917452157,0.169758197,0.185360272
67.66766,46.201864,67.981317,46.242235,69.502134,46.45684,1.482554218,0.062035618,0.185691365
68.168396,47.597296,67.922684,46.262498,69.53645,46.639333,0.770371288,0.264784039,0.182041951
68.794819,47.148892,67.961368,46.524441,69.560904,46.819725,0.848745477,0.199188798,0.180456577
67.949779,47.228115,68.104805,46.662651,69.57728,46.999437,0.120550982,0.130600404,0.179892364
68.003819,47.335875,68.074898,46.789781,69.585597,47.179137,0.560745038,0.124011182,0.180034117
68.539679,47.170681,68.058717,46.912732,69.585802,47.359171,1.379957511,0.108115169,0.181012701
68.853394,48.514506,68.14007,46.98394,69.5782,47.540024,0.701009387,0.320890816,0.181718971
68.223528,48.2068,68.26365,47.28008,69.562715,47.721082,0.493265142,0.191938903,0.181641996
67.750502,48.066954,68.255114,47.471829,69.53912,47.901185,0.890666487,0.156682289,0.181012671
67.336886,48.855756,68.164028,47.599315,69.507452,48.079406,0.438499535,0.296730495,0.180536259
67.52213,48.458306,68.011496,47.85384,69.468238,48.255632,0.365071418,0.167645262,0.180848792
67.643488,48.113996,67.915888,47.99155,69.422216,48.430527,0.979994078,0.073685673,0.182052235
68.360039,48.782534,67.858831,48.038177,69.369839,48.604882,0.780115497,0.171958086,0.183603076
68.063665,49.504159,67.939487,48.190046,69.31114,48.778849,0.332714611,0.257600389,0.184787121
68.251438,49.229495,67.953736,48.447252,69.245992,48.951771,0.864416365,0.176505536,0.185327485
67.953714,50.041022,67.997904,48.618142,69.174321,49.122679,0.689057817,0.28044471,0.185610737
68.078855,49.363423,67.983528,48.898218,69.096172,49.291036,0.601913636,0.112545065,0.186284525
67.727644,49.852249,67.993912,49.010283,69.011778,49.457107,0.824959021,0.1856185,0.187638523
68.032844,50.618676,67.940391,49.188018,68.921625,49.621669,0.462311489,0.282753655,0.189418188
67.903311,50.174882,67.949681,49.470619,68.82629,49.785347,1.008697009,0.15628679,0.191089528
67.001225,49.723539,67.934782,49.626194,68.726108,49.94807,0.827667001,0.178874211,0.192260949
67.281248,50.502397,67.762169,49.673106,68.621067,50.1091,0.742393668,0.198685645,0.192959459
67.686548,51.124394,67.667033,49.847534,68.511054,50.267626,1.018929651,0.254371095,0.193610657
66.757037,50.706989,67.659687,50.101799,68.396075,50.423398,1.40558244,0.218498712,0.194780322
67.923128,49.9222,67.488965,50.238165,68.276187,50.576911,1.313048032,0.070693971,0.196711395
67.390397,51.122322,67.55377,50.209917,68.151391,50.728968,0.851089332,0.190510474,0.199094714
67.522153,51.963151,67.514599,50.396357,68.021703,50.88003,0.83525164,0.303834799,0.201299392
66.689906,51.892368,67.505822,50.700065,67.887276,51.029866,1.089731,0.285469571,0.202920782
67.0782,50.874163,67.35112,50.939982,67.748313,51.177738,1.35762112,0.062646016,0.204096902
66.595247,52.142978,67.290934,50.957365,67.604897,51.322953,1.086550895,0.272963416,0.205351635
65.901941,51.306366,67.15536,51.19428,67.456968,51.465383,2.241270295,0.241015944,0.207152992
66.257782,53.519208,66.919024,51.241545,67.304431,51.605543,2.173674227,0.450799586,0.209633963
65.42748,51.510363,66.784622,51.671843,67.147166,51.744158,0.820094516,0.259117935,0.212582855
65.272716,52.315722,66.525508,51.673271,66.98496,51.881565,0.527695962,0.281587403,0.215597916
65.528397,52.777339,66.281696,51.814151,66.817545,52.017413,0.653587118,0.25258856,0.218352435
65.268188,52.177783,66.12421,52.011633,66.644776,52.150937,0.226081423,0.185027317,0.220839115
65.489687,52.223071,65.947937,52.067873,66.466693,52.281537,1.289235014,0.111712805,0.223359703
64.516927,53.069159,65.846753,52.115218,66.283407,52.409192,0.080538812,0.322256908,0.226265227
64.567222,53.132063,65.587351,52.306425,66.094959,52.534425,0.611257028,0.267235517,0.229631596
64.415418,53.72417,65.380592,52.475734,65.901312,52.657841,1.759849528,0.314832963,0.233220126
64.644217,51.979257,65.18244,52.720388,65.702418,52.779631,1.168368813,0.16255857,0.236738606
63.807523,52.79475,65.059227,52.614351,65.498205,52.89939,0.747856341,0.254164168,0.240083576
63.260081,53.304256,64.810437,52.666341,65.288562,53.016394,0.560625531,0.330689166,0.243379163
63.742887,53.019301,64.507041,52.797894,65.073405,53.130152,0.960201045,0.176626111,0.246788275
63.404537,52.120688,64.340255,52.856025,64.852797,53.240771,2.901317124,0.226616886,0.250361277
63.775924,54.998137,64.143598,52.743414,64.626963,53.348844,1.006439388,0.42352633,0.253983172
62.932408,54.449137,64.047042,53.155787,64.396207,53.454953,1.590038493,0.344710669,0.257412303
63.221841,52.885663,63.813309,53.409153,64.160844,53.55919,1.353473954,0.153695262,0.260409642
62.11096,53.658861,63.676821,53.33849,63.921204,53.661101,0.964605354,0.317896092,0.262927742
62.383805,54.584074,63.367954,53.413717,63.67762,53.760085,0.598387755,0.306929074,0.265181772
61.878751,54.263156,63.159879,53.63935,63.430354,53.855902,0.366668397,0.292153913,0.267466732
62.016631,53.923399,62.89859,53.770048,63.17957,53.948885,0.846445352,0.197297811,0.269859446
61.933792,54.765781,62.707005,53.817182,62.925449,54.039696,1.262393725,0.254229028,0.272152017
62.040237,53.507883,62.534933,54.004328,62.668308,54.128832,1.433921309,0.139868482,0.274049602
61.189349,54.662058,62.413036,53.93574,62.408584,54.216277,0.630724521,0.289352412,0.275386412
60.783029,54.17965,62.162806,54.081032,62.146741,54.301576,1.7061427,0.281182745,0.267999292
59.712597,55.50822,61.883766,54.115679,61.890414,54.379807,1.648879963,0.497219913,0.26340393
60.081221,53.901073,61.462215,54.37935,61.639308,54.459352,1.789271996,0.292715217,0.259514449
59.966773,55.686681,61.177079,54.313171,61.392115,54.538367,0.491199471,0.364821578,0.248796536
59.770732,55.236298,60.921428,54.573435,61.15383,54.609921,1.069733032,0.281006253,0.252029822
58.913471,55.876167,60.676073,54.710422,60.913007,54.68424,1.030204217,0.420923752,0.244076601
59.640275,55.146046,60.321856,54.937814,60.678654,54.752446,0.135228295,0.174405359,0.24303933
59.649297,55.280973,60.15786,54.997165,60.445317,54.820431,0.607017573,0.149501314,0.236065501
59.082382,55.063999,60.026691,55.068896,60.218153,54.884645,1.033051125,0.20737623,0.228929182
58.126969,54.671086,59.820257,55.088642,59.997649,54.94618,1.900008118,0.343619746,0.221533122
58.536852,56.526356,59.481092,55.033491,59.784219,55.005548,1.233317593,0.350443017,0.214796736
58.260981,55.324288,59.27336,55.315728,59.577276,55.0631,0.189071788,0.220229546,0.209684005
58.189515,55.149243,59.054263,55.338034,59.375167,55.118951,0.97117067,0.192837397,0.206515103
57.602551,55.922965,58.861942,55.323931,59.175802,55.172822,0.718541819,0.289546392,0.204915628
56.886384,55.864594,58.600485,55.448339,58.977457,55.224297,0.658935424,0.355256032,0.203976701
57.545164,55.850283,58.257682,55.541575,58.779429,55.273199,1.253176993,0.182389415,0.202644599
57.514673,54.597477,58.091226,55.616129,58.582202,55.319743,0.98553629,0.214368348,0.200168227
56.833281,55.309507,57.950458,55.454456,58.387071,55.364366,1.395589537,0.235327132,0.196449897
56.354992,56.620579,57.715369,55.443872,58.195384,55.407362,0.566694285,0.356963359,0.192073483
56.734801,56.199999,57.437245,55.667635,58.007796,55.448629,0.373593962,0.197193069,0.188024093
56.449475,56.441166,57.275488,55.780417,57.823884,55.487737,0.940722825,0.227684284,0.18531494
56.706991,55.536376,57.093458,55.917184,57.642205,55.524266,0.778403647,0.113271903,0.184524022
56.224871,56.1475,56.990496,55.869968,57.460823,55.558173,0.472359191,0.173524694,0.185446283
55.786249,55.972189,56.829151,55.933832,57.278114,55.589918,0.819723781,0.223569347,0.187148309
56.421564,55.454191,56.607372,55.962069,57.093434,55.620213,1.520325635,0.096977826,0.188431699
54.986295,55.955582,56.543021,55.889518,56.907301,55.649556,0.952409968,0.299732157,0.188378162
55.781933,56.479075,56.244269,55.913738,56.721063,55.677871,0.832748063,0.167230858,0.186767127
55.103964,56.962632,56.126151,56.03212,56.536206,55.704514,1.355293911,0.278273594,0.184135138
54.223149,55.93259,55.915979,56.214504,56.353663,55.728676,0.656531697,0.324831845,0.182372893
54.518635,55.346312,55.592916,56.180651,56.172594,55.750445,0.695919328,0.261420321,0.183939453
55.004882,55.844175,55.364546,56.05342,55.990239,55.774536,0.728493697,0.098719511,0.193589969
54.361076,56.185081,55.26846,56.03077,55.798067,55.797924,1.05841727,0.195598968,0.196294354
54.701697,55.182971,55.077198,56.071731,55.603918,55.826866,1.762001511,0.17407101,0.200047645
53.08424,55.881886,54.980197,55.927192,55.406435,55.858796,0.65949387,0.365595699,0.205926347
53.366382,56.47798,54.61461,55.929714,55.202891,55.890029,1.179872094,0.275852816,0.206328042
54.295667,57.204979,54.360754,56.037658,54.999716,55.925962,0.923208692,0.224066838,0.208981546
53.471856,56.788266,54.316688,56.257349,54.794004,55.962784,0.435880176,0.210496902,0.210802278
53.901506,56.861699,54.137341,56.367547,54.586951,56.002365,1.294346809,0.126230787,0.213036936
53.20253,55.772311,54.066641,56.472121,54.37837,56.045709,0.850429046,0.209759857,0.216395199
53.30414,56.616648,53.886213,56.36514,54.167109,56.092567,1.108314127,0.143063089,0.220105151
52.268563,56.221755,53.755784,56.423922,53.952895,56.14315,0.890639506,0.291490328,0.223494013
53.018847,56.701664,53.465095,56.402323,53.736126,56.197563,0.710524618,0.126507186,0.2258763
52.846647,57.391006,53.35723,56.468423,53.517893,56.255825,0.974586336,0.212848572,0.226986638
52.454406,56.498837,53.239506,56.645752,53.299509,56.317723,1.427248775,0.165888368,0.227178945
52.11098,57.884152,53.073949,56.635272,53.081857,56.382822,0.772028013,0.307709507,0.227218274
51.745716,57.203998,52.877017,56.87171,52.86501,56.450686,0.79864991,0.240105444,0.227805579
51.104393,57.679967,52.649563,56.948621,52.648384,56.521174,0.197114202,0.336541711,0.229254979
50.978387,57.528387,52.347355,57.096711,52.431212,56.594619,0.842749267,0.289684817,0.231493601
50.919666,58.369088,52.074117,57.192931,52.212942,56.671739,0.084053013,0.329127273,0.234186136
50.954882,58.292768,51.837644,57.421853,51.993405,56.753266,1.158112041,0.258963212,0.236895525
50.582433,57.19618,51.648921,57.599182,51.772751,56.839471,0.39187821,0.226398469,0.239224224
50.501943,57.579703,51.427659,57.55123,51.551287,56.929925,0.99856211,0.198368671,0.240998746
49.68201,58.149647,51.230958,57.576898,51.329284,57.023707,0.978878287,0.330516997,0.242352487
50.517944,57.640317,50.923481,57.698139,51.106851,57.119927,0.785697489,0.106558628,0.243635729
49.74195,57.517216,50.817351,57.707687,50.88392,57.218213,0.885437758,0.217263831,0.245240862
49.7912,58.401283,50.600928,57.688591,50.660275,57.318841,0.93296972,0.225645783,0.247500237
48.902083,58.118611,50.42567,57.83072,50.435529,57.422502,0.506278779,0.308925446,0.250631122
49.26241,57.762967,50.124347,57.898833,50.209075,57.529901,1.441234723,0.193215082,0.254601308
48.682686,59.082466,49.931175,57.894753,49.98018,57.641386,0.685477978,0.343193338,0.25904268
49.06711,58.514929,49.67422,58.122252,49.748266,57.756794,0.181163612,0.158016593,0.256451169
48.888146,58.543074,49.54015,58.205885,49.520229,57.874124,1.145202887,0.167201037,0.251936456
48.441744,59.59769,49.391904,58.283211,49.294465,57.985939,1.199045727,0.32020894,0.255467183
48.75952,58.44152,49.192066,58.533408,49.065264,58.098768,1.153292939,0.11508072,0.241981566
47.606454,58.464398,49.077234,58.54097,48.849307,58.207936,1.123477749,0.292317353,0.248088171
47.848429,59.561508,48.784953,58.54558,48.627436,58.318936,0.602451398,0.280241416,0.242202686
47.253605,59.65707,48.585446,58.742385,48.411949,58.429514,0.497513252,0.324848106,0.244151851
47.6232,59.990115,48.315445,58.923011,48.194995,58.541501,1.614167636,0.261880304,0.240523298
46.372378,58.96983,48.157562,59.131947,47.981839,58.652928,1.361577686,0.351764005,0.237577534
46.279775,60.328255,47.805896,59.123644,47.771407,58.763207,0.643726916,0.386097653,0.232589608
46.875446,60.572305,47.497139,59.355464,47.565496,58.871367,0.923778688,0.27957766,0.22735136
46.567082,59.701513,47.347187,59.591426,47.364366,58.977364,0.694691798,0.181479263,0.222693249
46.104883,60.220135,47.170333,59.632137,47.167698,59.081834,0.382217413,0.25844263,0.219294002
45.870206,60.521825,46.943233,59.755499,46.974646,59.185857,1.420244398,0.276287307,0.217224747
44.91137,59.4741,46.714194,59.910017,46.784295,59.290514,1.029213593,0.364178529,0.215918423
44.890452,60.503101,46.35493,59.85039,46.59615,59.396449,0.165209326,0.328724989,0.214418612
45.020304,60.605241,46.052896,59.980142,46.410429,59.503608,0.30792933,0.258722203,0.211822151
44.846589,60.35099,45.826178,60.104786,46.228016,59.611284,0.69910199,0.224427981,0.209368127
44.934977,61.044482,45.609097,60.16174,46.048652,59.719282,0.981398198,0.234372039,0.211036811
44.60115,60.121605,45.446714,60.330743,45.867202,59.827043,0.490701728,0.192995082,0.211451729
44.740613,60.592071,45.255301,60.306082,45.688133,59.939498,1.046784534,0.145137258,0.212615112
43.769955,60.983965,45.123432,60.366707,45.506449,60.049934,0.286563892,0.303471551,0.213101237
43.900679,60.728955,44.844091,60.485297,45.325178,60.161974,0.187946147,0.214111006,0.213773624
44.063195,60.63455,44.636462,60.537582,45.146026,60.278609,0.431782311,0.143598725,0.217080976
43.796064,60.97378,44.495134,60.563018,44.963009,60.395352,0.650956793,0.180772152,0.220399836
43.679767,61.614264,44.333015,60.642993,44.777748,60.514744,0.480896771,0.236136975,0.224609957
43.251142,61.396222,44.179865,60.822731,44.588695,60.636023,0.139522064,0.231242304,0.228631907
43.355458,61.488875,43.977188,60.934064,44.395867,60.758864,0.801210971,0.17358121,0.231677017
42.75518,62.01954,43.839415,61.039653,44.200673,60.883658,0.667154969,0.291237628,0.233522076
42.59574,62.667363,43.613111,61.222972,44.004419,61.010216,1.526584736,0.343269124,0.234433493
41.928585,61.294277,43.398004,61.490484,43.807749,61.137809,0.835484445,0.305615298,0.235041913
42.657153,61.703206,43.092863,61.473464,43.610424,61.26551,1.193657512,0.117399915,0.236102521
41.530282,61.309531,42.986655,61.52349,43.411561,61.392781,0.76449043,0.294214514,0.238231502
41.297831,62.037825,42.693664,61.496686,43.210055,61.519862,0.802701268,0.31106256,0.24164788
42.054601,62.30546,42.401405,61.603197,43.004947,61.647629,1.261768384,0.167718821,0.24600742
41.945884,63.562536,42.300707,61.737322,42.795669,61.776944,0.952877377,0.349572612,0.250533389
42.207598,62.646304,42.200703,62.072285,42.58213,61.907971,0.71454064,0.117145631,0.246190697
41.536949,62.892877,42.173734,62.186284,42.375123,62.04123,0.753602663,0.208133841,0.243639657
40.918404,63.323364,42.023114,62.329927,42.168085,62.169665,0.566002383,0.298238903,0.241382691
41.019608,62.766483,41.795357,62.522471,41.961543,62.294589,0.591224738,0.180872896,0.231711141
40.434142,62.684165,41.624884,62.582919,41.766759,62.420085,0.231250804,0.246431461,0.236555859
40.661081,62.639717,41.380771,62.616643,41.564398,62.542595,1.142116829,0.162569794,0.23208456
39.699024,63.255247,41.219189,62.634537,41.368665,62.667302,0.579470748,0.327215548,0.234558254
39.765855,62.679643,40.915625,62.75668,41.169804,62.791688,0.513533536,0.239965786,0.23260956
39.384083,63.023106,40.675667,62.754747,40.973639,62.916694,0.275316437,0.272130464,0.230266535
39.257699,62.778512,40.409599,62.811868,40.779487,63.040499,0.98896717,0.242400674,0.226502055
38.404685,63.278935,40.16721,62.814247,40.588518,63.162294,1.762620712,0.362782525,0.22224621
39.476383,64.678326,39.815455,62.903014,40.40139,63.282196,0.866165728,0.337653941,0.218805686
38.97676,63.970781,39.713834,63.225013,40.217742,63.401147,0.21158269,0.222390177,0.216971971
39.129686,64.117003,39.543671,63.368198,40.036431,63.520324,0.537043327,0.182572102,0.218361493
38.719146,64.463229,39.43174,63.512434,39.85401,63.640342,0.529190517,0.243724583,0.223261098
38.23782,64.243302,39.268353,63.693283,39.664428,63.758258,0.769671537,0.245546396,0.230645232
37.468213,64.233335,39.048981,63.803596,39.468309,63.879644,0.908956964,0.329794356,0.232874947
38.1131,64.8739,38.731222,63.891877,39.265916,63.99483,0.777312401,0.231185492,0.234006977
37.453483,64.462658,38.590133,64.075018,39.06169,64.109071,0.230823293,0.251843169,0.234271453
37.669633,64.381673,38.351636,64.155914,38.857997,64.224796,0.478807304,0.174794437,0.233011959
37.360213,64.747071,38.185319,64.209689,38.653764,64.336972,0.345992621,0.213949007,0.233384999
37.334867,64.402008,37.999583,64.315879,38.448605,64.44823,1.226606657,0.155720124,0.235818803
36.394755,65.189887,37.845895,64.340954,38.239764,64.557756,0.419218002,0.337714352,0.240166852
36.597816,64.823131,37.548629,64.501216,38.02482,64.664897,0.479390224,0.206329144,0.245704012
37.074262,64.87618,37.352529,64.565376,37.802781,64.770107,0.936728901,0.1160982,0.250642223
37.338376,65.774904,37.257389,64.631913,37.574545,64.873692,1.899162366,0.209712469,0.253320425
35.689859,64.831925,37.244435,64.841225,37.342601,64.975541,0.210642378,0.30670914,0.253121119
35.622961,65.031662,36.93787,64.850627,37.109936,65.075227,0.178725032,0.27744964,0.250832682
35.479524,64.925039,36.663799,64.893794,36.87867,65.172351,0.628328255,0.246675755,0.248156899
36.080837,64.742778,36.417514,64.907673,36.649223,65.266881,1.102585653,0.098899815,0.246812598
35.337423,65.557045,36.321138,64.885473,36.420303,65.359142,0.83382709,0.243597956,0.247844397
34.559895,65.858239,36.111836,65.010103,36.189489,65.449429,0.852323541,0.348142667,0.251171015
34.200793,66.631221,35.801186,65.167265,35.954284,65.537551,1.354986051,0.419030036,0.255615609
34.428082,65.295434,35.479372,65.435634,35.713295,65.622778,1.161776026,0.226603014,0.259545569
33.886883,66.323455,35.253155,65.422413,35.466881,65.704289,0.655661204,0.329579748,0.261716347
33.365443,65.925973,34.970683,65.592214,35.216893,65.781758,1.001827466,0.33359701,0.261855597
34.32282,66.221079,34.644605,65.662642,34.965674,65.855632,0.737557169,0.148434594,0.260707978
33.585592,66.199046,34.545011,65.772705,34.714876,65.926829,0.190733817,0.227516621,0.259505748
33.772208,66.159627,34.334768,65.859663,34.464784,65.996091,1.001799592,0.153512822,0.258079971
32.779832,66.022542,34.195405,65.924038,34.216543,66.066672,0.631849626,0.290821644,0.249056218
33.051349,66.593079,33.905902,65.951701,33.978022,66.138343,0.249053423,0.22747676,0.25285253
32.863441,66.429622,33.71475,66.075016,33.733496,66.202697,1.13991365,0.203513104,0.246106636
32.847487,67.569424,33.524757,66.147956,33.496694,66.269729,0.915640646,0.306766461,0.249613897
31.937102,67.47146,33.366118,66.410519,33.254666,66.330799,0.822708889,0.354493743,0.251140963
31.576553,66.731964,33.074599,66.612218,33.010913,66.391266,0.457477506,0.307527475,0.251815902
31.155097,66.55403,32.769163,66.648023,32.766079,66.450152,0.302441486,0.32765971,0.251381143
30.853031,66.538964,32.441528,66.643999,32.521231,66.50709,0.052121518,0.325056959,0.25106383
30.816998,66.501304,32.116579,66.635622,32.276531,66.563259,0.763055457,0.275574643,0.249901944
30.113114,66.206684,31.841469,66.619626,32.032771,66.618323,1.145469352,0.358156449,0.247247417
30.232642,67.3459,31.489764,66.551953,31.790468,66.667522,1.296179034,0.305887355,0.248375361
30.959563,66.272743,31.219991,66.696139,31.547077,66.717031,2.028466372,0.116320017,0.25202859
29.508609,67.690279,31.127574,66.625503,31.299539,66.764395,1.002010441,0.382302526,0.257976064
29.61853,66.694316,30.796678,66.816979,31.045171,66.80739,0.922666223,0.254600901,0.265032133
29.40915,67.592911,30.542652,66.799879,30.782786,66.844755,0.849313773,0.285214529,0.271096519
28.663495,67.1863,30.296627,66.944167,30.513492,66.875965,0.881593389,0.338085868,0.274636874
27.983601,67.747505,29.961953,66.992077,30.240099,66.902074,0.986095788,0.423312298,0.275160579
28.483593,66.897568,29.562153,67.131193,29.965915,66.925236,0.977135608,0.231147068,0.273472671
28.022803,66.035903,29.333963,67.094338,29.693344,66.947425,1.436223621,0.342155476,0.27113029
27.895123,67.46644,29.045591,66.910186,29.423101,66.969342,0.574039052,0.273985416,0.269650294
27.859699,66.893495,28.789788,67.008333,29.154258,66.990192,0.893219707,0.199793817,0.270133303
27.351051,67.627742,28.590984,66.98847,28.884722,67.008146,0.426186267,0.287416692,0.26621516
27.466782,67.21757,28.326746,67.101548,28.618755,67.019638,0.457108309,0.198196826,0.264528024
27.493616,67.67389,28.129834,67.124079,28.354513,67.031936,0.404655155,0.19275266,0.266904335
27.641024,68.050741,27.964913,67.223852,28.087799,67.042014,1.125831154,0.17506528,0.257316308
26.990855,67.131624,27.873465,67.373134,27.830527,67.046789,0.97307557,0.206160939,0.259923606
26.056913,66.858442,27.670505,67.336946,27.570661,67.052261,0.345525006,0.335278499,0.24925549
26.214172,67.166106,27.345078,67.256268,27.321427,67.055534,0.412934349,0.241882269,0.244118424
25.889032,66.91155,27.103583,67.242586,27.077339,67.059388,0.412752042,0.262670482,0.234246818
25.476369,66.902977,26.847145,67.185706,26.843112,67.062435,0.801403007,0.288848606,0.226874526
25.118558,67.620067,26.562547,67.136335,26.61625,67.064819,0.566795026,0.31077881,0.221849169
25.021373,67.061666,26.263992,67.222639,26.394403,67.0658,0.331538747,0.26511851,0.219386875
25.351277,67.094549,26.000184,67.196311,26.17502,67.064496,0.925905713,0.15914514,0.218153024
24.693007,67.745688,25.841853,67.180234,25.956918,67.059778,1.01589835,0.266015077,0.216444282
24.579684,66.73613,25.596475,67.282965,25.74066,67.0508,0.260489518,0.240554083,0.21488377
24.407636,66.931717,25.374555,67.190133,25.526086,67.039266,1.19199258,0.216932882,0.211248568
23.607287,67.815056,25.16195,67.147017,25.315253,67.026022,0.786985034,0.339069118,0.205792089
23.598502,67.02812,24.84539,67.268498,25.109958,67.011727,1.142253394,0.266003986,0.199520989
22.978154,67.98724,24.582002,67.231284,24.911004,66.996696,1.105695486,0.355642556,0.193952712
23.118048,66.89043,24.254994,67.371096,24.717707,66.980761,0.967000006,0.257275533,0.190370771
22.326907,67.446474,24.009556,67.293954,24.528134,66.963351,1.565576934,0.343918796,0.189203381
23.068203,66.067521,23.667353,67.328265,24.339947,66.943766,1.020308427,0.264216147,0.191292062
23.116893,67.086667,23.516135,67.111601,24.149362,66.927334,1.254292335,0.113440576,0.185376134
21.900875,66.779178,23.402702,67.11029,23.964961,66.908345,0.577149113,0.311916493,0.19023708
22.441761,66.980532,23.095719,67.055033,23.775891,66.887305,0.398273166,0.157779009,0.187225595
22.178704,66.681496,22.938282,67.04465,23.589535,66.869281,1.352161898,0.185177232,0.182030448
21.566209,67.88698,22.763654,66.983041,23.408162,66.853824,1.254386321,0.300962571,0.175698342
21.874807,66.671146,22.510824,67.146306,23.232968,66.840521,1.039047465,0.169930264,0.169756537
22.254457,67.638351,22.360491,67.067083,23.063576,66.829402,1.385208548,0.119318294,0.165429442
21.108467,66.860206,22.304618,67.172511,22.898366,66.820884,0.928203598,0.254420748,0.163242441
21.051911,67.786685,22.055025,67.123183,22.735218,66.815332,0.707449951,0.243575223,0.168173269
21.51897,67.255327,21.844594,67.245852,22.567157,66.809188,0.823019852,0.093021373,0.16366289
21.406284,66.440058,21.751974,67.254484,22.403523,66.806113,1.367433329,0.164463503,0.159408742
20.88344,67.703588,21.664345,67.11531,22.244117,66.807048,1.085887524,0.205667751,0.165484779
21.102656,66.640058,21.489531,67.223658,22.078696,66.802454,0.613074514,0.136270012,0.15559879
20.513635,66.470015,21.396436,67.124145,21.923139,66.80606,1.076594399,0.222234311,0.15495249
19.592348,67.027048,21.205537,67.010366,21.768197,66.807863,1.147482796,0.316108521,0.147718097
20.720046,66.814883,20.889439,67.012945,21.620644,66.814845,1.352045701,0.071587612,0.145092495
19.447984,67.273016,20.827394,66.977235,21.475741,66.822258,0.199101704,0.27956159,0.143095141
19.538529,67.450338,20.552562,67.028441,21.332902,66.830816,0.834015154,0.21809016,0.143419114
20.294729,67.802109,20.347512,67.102723,21.189775,66.839965,0.655452894,0.133685655,0.144594235
19.664532,67.621914,20.300714,67.22795,21.045524,66.849922,1.17347552,0.159845263,0.145428222
18.701496,66.951387,20.158306,67.300548,20.900522,66.861048,0.755639446,0.293786703,0.144721466
19.4571,66.944068,19.870527,67.241439,20.75636,66.873761,0.48735737,0.116588384,0.142876125
18.998042,66.780413,19.76614,67.189514,20.614184,66.887888,0.463206703,0.181375951,0.144165059
19.373999,67.050999,19.600242,67.116199,20.470375,66.898014,0.811303538,0.070751533,0.14688929
18.857777,67.676881,19.530904,67.102127,20.324,66.910295,0.241660852,0.177305319,0.147431417
18.619174,67.638559,19.383993,67.201396,20.176779,66.918169,0.660835449,0.180124615,0.150379548
19.139985,67.231792,19.220983,67.278029,20.026469,66.922742,0.61410515,0.042194391,0.155500722
19.491939,66.728549,19.179604,67.269774,19.87119,66.931043,1.22718401,0.101523796,0.160038372
18.340169,67.152113,19.21062,67.173104,19.71116,66.93268,0.179870291,0.176150375,0.16582506
18.368607,66.974505,19.034586,67.166702,19.545335,66.932821,0.844655026,0.145328576,0.171013144
17.673661,66.494409,18.894064,67.129635,19.374406,66.927457,0.788745264,0.266206148,0.17594622
17.560414,67.274982,18.654838,67.012859,19.19876,66.917183,0.288733987,0.22264201,0.180428325
17.609069,66.990377,18.435933,67.05348,19.018843,66.903609,0.270135086,0.173462694,0.184305326
17.848967,66.866192,18.263226,67.037306,18.835176,66.888283,0.433747941,0.105763124,0.187640523
18.032684,66.473273,18.163587,67.001839,18.648276,66.871629,1.265919273,0.110425921,0.190788134
17.202091,67.428609,18.115581,66.902394,18.458432,66.852672,0.680536808,0.204665342,0.194258044
17.034475,66.769037,17.930148,66.989011,18.265523,66.829818,0.944869111,0.188392037,0.198474904
17.335526,67.664663,17.746972,66.944987,18.069002,66.802037,0.967349719,0.158030785,0.203558522
16.534729,67.121994,17.647082,67.067444,17.868061,66.769498,1.022795232,0.220164794,0.209166334
17.519231,66.844747,17.427035,67.074645,17.662054,66.733281,1.869710571,0.044265508,0.214545649
15.920233,65.875715,17.418142,67.031282,17.45105,66.694459,0.504988833,0.356493276,0.218867972
16.327775,66.173915,17.129299,66.822339,17.236072,66.653378,1.247873312,0.202428348,0.221733791
15.350802,66.95026,16.966853,66.701556,17.0187,66.609614,0.440857773,0.319416293,0.223508617
14.911141,66.982722,16.649208,66.735148,16.80021,66.562516,0.518630756,0.339831361,0.225142156
15.080998,66.492695,16.311313,66.771374,16.580838,66.511871,0.195396669,0.256987901,0.227501055
15.053436,66.299252,16.060524,66.71527,16.359775,66.458132,0.584867642,0.228652095,0.23091092
14.483946,66.166018,15.846896,66.633754,16.135786,66.402018,0.406110298,0.281703965,0.235102382
14.635646,66.542731,15.579701,66.544513,15.908001,66.343819,0.736965394,0.209124682,0.239373815
14.665708,65.806379,15.37088,66.533247,15.676464,66.28307,1.641445192,0.211364914,0.242933479
13.757928,67.17396,15.2108,66.395227,15.44214,66.218969,1.280484419,0.319057804,0.245329891
14.643482,66.249063,14.918494,66.523114,15.206364,66.151172,1.258148887,0.101301278,0.246678206
13.531509,66.837667,14.834023,66.467198,14.970107,66.08023,0.729420624,0.27115389,0.247580542
12.846153,67.08735,14.569205,66.525472,14.733512,66.007299,1.544283707,0.353798255,0.248693815
13.232163,65.592088,14.228143,66.619546,14.496066,65.933353,1.396813047,0.284063838,0.250398403
13.359672,66.983069,14.013882,66.43304,14.25712,65.858492,0.790964151,0.178267133,0.252748622
13.076553,66.244511,13.860496,66.52388,14.016281,65.781821,0.448419485,0.183454055,0.255638847
12.697026,66.005682,13.685291,66.469487,13.773426,65.701992,0.197120816,0.228378871,0.258834825
12.888062,65.957083,13.474521,66.38155,13.528554,65.618128,1.183958012,0.161722338,0.261985655
12.45332,64.855831,13.335241,66.29936,13.28168,65.530437,0.522507318,0.326005133,0.264724102
11.93185,64.822923,13.1448,66.034763,13.032864,65.440052,1.142933227,0.337570439,0.266871025
11.30107,65.77603,12.895697,65.806944,12.782295,65.348208,1.486112485,0.318676194,0.266991969
11.372932,64.291656,12.577709,65.786012,12.53092,65.258234,0.298734061,0.376161369,0.256119223
11.67166,64.289753,12.327136,65.505458,12.288443,65.17576,0.416519147,0.280497771,0.259275141
11.300837,64.100073,12.17373,65.270627,12.044917,65.086773,1.653913931,0.298420978,0.249905636
9.778378,64.746254,11.983177,65.040965,11.808275,65.00644,0.669966723,0.433823699,0.250613018
10.278428,65.19213,11.556117,64.964658,11.571863,64.923276,0.690648801,0.266757721,0.252093139
10.670732,64.623717,11.289929,64.982083,11.334188,64.839243,0.583735049,0.17159278,0.252087243
10.447506,65.163084,11.140547,64.897649,11.095724,64.757494,1.49053176,0.162897699,0.250606736
9.06309,64.610746,10.97986,64.924395,10.858014,64.678136,0.433114375,0.384303307,0.246735976
9.474379,64.474991,10.602805,64.850108,10.62345,64.601596,0.312216406,0.254264452,0.240500826
9.722947,64.286065,10.363297,64.764748,10.394328,64.528495,0.68042868,0.184645616,0.233869805
9.079272,64.506668,10.210826,64.660601,10.171076,64.458827,0.290762054,0.242612977,0.228861314
9.369734,64.519874,9.972833,64.61348,9.952146,64.39214,0.789438073,0.148353242,0.226612719
8.85782,63.918911,9.82889,64.577576,9.734858,64.327803,0.628640338,0.247977354,0.226980387
8.276431,64.158025,9.621477,64.441662,9.516808,64.264761,0.526767571,0.284156022,0.22842426
8.286775,64.684691,9.346494,64.370045,9.297231,64.201804,0.3171958,0.218649671,0.228903948
8.009871,64.839408,9.131563,64.410199,9.077329,64.138242,1.330981975,0.249642681,0.226986567
6.948622,64.036125,8.887679,64.46351,8.859463,64.074545,0.305140846,0.379829084,0.222590012
6.831271,63.754452,8.518186,64.375504,8.645734,64.012366,1.38698671,0.368820424,0.216974786
8.207136,63.929745,8.173675,64.24382,8.436831,63.953735,2.008217608,0.076084403,0.211810664
6.200883,63.840937,8.147639,64.172329,8.231975,63.899904,1.194119758,0.395890294,0.208189771
7.316747,63.415767,7.760506,64.089521,8.029712,63.850582,0.337044821,0.174358637,0.206272996
7.592452,63.609638,7.651606,63.953353,7.828801,63.803856,1.490322252,0.101209394,0.205478641
6.449826,62.652838,7.600337,63.86609,7.628722,63.75706,0.609807802,0.326261419,0.204977458
6.937705,63.018679,7.372065,63.632984,7.429641,63.708249,1.802418399,0.177599962,0.204103677
5.821086,64.433555,7.259895,63.49529,7.232011,63.657252,1.692304403,0.319357408,0.202483423
5.656051,62.749317,6.973506,63.636607,7.036204,63.605685,1.127776736,0.321329337,0.200049211
6.705617,63.161981,6.708222,63.455287,6.842434,63.555957,0.920018289,0.082885046,0.196987455
5.801238,63.330896,6.67731,63.378382,6.650911,63.509881,0.589640606,0.185884456,0.193587664
5.341519,62.961661,6.494364,63.345461,6.461945,63.467833,0.5448784,0.249322919,0.19027409
4.803886,63.050223,6.262678,63.253355,6.275731,63.428736,0.315336368,0.292855505,0.187695289
5.100925,63.156076,5.976146,63.192826,6.091962,63.390546,0.44373746,0.186715001,0.186487511
5.253292,62.739318,5.791967,63.162157,5.909696,63.351091,0.119380753,0.157941869,0.186711561
5.134808,62.753923,5.66842,63.063761,5.727802,63.308951,1.307651376,0.144218515,0.18762874
4.039572,63.468353,5.547567,62.985062,5.545647,63.263961,1.025159259,0.299392066,0.188031743
4.439287,62.52433,5.25464,63.046944,5.363533,63.217159,0.828007098,0.206190939,0.186966812
4.625727,63.331074,5.083088,62.932556,5.182541,63.170271,1.114741415,0.117977621,0.184439977
4.170392,62.313568,4.975522,62.981015,5.003763,63.124922,0.401369245,0.21741369,0.181445404
3.968732,62.660599,4.808191,62.842202,4.827483,63.081936,0.231315805,0.183762005,0.179320004
4.194934,62.708969,4.633138,62.786301,4.652914,63.040932,1.06650344,0.105221787,0.17808754
3.665448,63.634752,4.533374,62.752853,4.480799,62.995198,1.875885527,0.22308946,0.179459951
4.114927,61.813512,4.356438,62.88873,4.309147,62.942839,1.132773349,0.217778348,0.183633789
3.558795,62.800372,4.291199,62.680953,4.136458,62.88039,0.553776539,0.150641008,0.17935015
3.592383,62.247615,4.140565,62.682406,3.972703,62.807241,0.3238219,0.151641043,0.183893001
3.400778,61.986563,4.022907,62.586742,3.806691,62.728142,0.866629183,0.18074052,0.178885131
2.920623,61.265108,3.892957,62.461123,3.648623,62.64439,1.028049351,0.294895426,0.17970619
2.589294,62.238302,3.705849,62.233189,3.491363,62.557421,0.178761187,0.223003629,0.176377893
2.739299,62.14107,3.484412,62.206802,3.340109,62.466694,0.918507581,0.156996754,0.176862946
2.775447,61.223274,3.331052,62.173206,3.19156,62.370706,0.92935273,0.225347817,0.178321169
3.106197,62.091779,3.210789,61.982632,3.0463,62.267275,0.699162154,0.038765128,0.180304466
2.40721,62.107428,3.172142,61.979608,2.905302,62.154895,1.285181238,0.149625287,0.181941224
2.95985,60.947135,3.022673,61.986445,2.769801,62.033478,0.430945592,0.20912036,0.182582082
3.337432,61.154851,2.989961,61.779899,2.640611,61.904458,1.541903035,0.140017094,0.182182677
1.835453,60.806248,3.034925,61.647298,2.517542,61.770128,1.354156134,0.277068338,0.181264288
2.437614,62.019154,2.812619,61.481929,2.399516,61.632554,1.627477073,0.109326976,0.180515543
1.324764,60.831616,2.72773,61.550822,2.285325,61.492746,1.541993251,0.302379221,0.180323813
1.556459,62.356103,2.463553,61.403704,2.174491,61.350505,1.61277787,0.233188599,0.180706651
1.98806,60.802149,2.284057,61.55256,2.067643,61.204771,0.562922704,0.165417939,0.181585686
1.696238,60.320774,2.212257,61.403537,1.966245,61.054133,0.616215228,0.236528193,0.183011202
1.274293,60.769866,2.102678,61.193923,1.871746,60.897407,0.539023856,0.190278873,0.185003882
1.708407,60.450348,1.937817,61.098913,1.784684,60.734169,0.674405527,0.147221199,0.187263818
1.738674,59.776622,1.878708,60.964079,1.704381,60.564997,1.135946348,0.235094928,0.189188242
1.476303,60.881853,1.836952,60.732722,1.629411,60.391297,0.810131557,0.07976211,0.190244715
0.701506,60.645204,1.757289,60.736697,1.558492,60.214765,1.118666796,0.206091868,0.190351535
1.141002,59.616487,1.554452,60.700214,1.491162,60.036719,0.798296274,0.230175939,0.189980932
0.699863,58.95115,1.464078,60.488522,1.427799,59.857616,1.134937116,0.331603303,0.190021875
0.784725,60.08291,1.311972,60.193862,1.369179,59.676862,1.215172758,0.119372423,0.191443017
0.817414,58.868177,1.20117,60.149447,1.315994,59.492955,0.52268454,0.264995984,0.194666994
0.793892,58.346022,1.116091,59.89848,1.268554,59.304157,0.203381506,0.31041521,0.199162091
0.781671,58.143008,1.042751,59.596853,1.226753,59.109431,1.488375075,0.293719627,0.203681588
1.474529,59.460281,0.981158,59.309664,1.190201,58.909056,2.121377445,0.073538278,0.206984007
0.552312,57.549847,1.054585,59.30562,1.158397,58.70453,0.101826417,0.354463053,0.20856565
0.451526,57.535328,0.954348,58.965625,1.130824,58.497795,1.049698526,0.302876897,0.208897562
0.398158,58.583669,0.853709,58.679957,1.10696,58.290265,1.404033225,0.105491173,0.209071704
1.088453,57.361048,0.76102,58.629587,1.086316,58.082215,0.140188433,0.260375627,0.210195017
1.009032,57.476569,0.807574,58.373407,1.068658,57.872763,0.386892569,0.193387825,0.212899975
1.034476,57.862624,0.834251,58.181868,1.054296,57.660348,1.133367233,0.093209268,0.217049707
0.362062,56.950275,0.862492,58.09304,1.044098,57.443538,0.47206928,0.252042054,0.221854688
0.467538,56.49014,0.767682,57.85951,1.039039,57.221741,0.04438369,0.281463559,0.226323579
0.461806,56.534152,0.707613,57.584531,1.039551,56.995418,0.321950605,0.22573895,0.229723632
0.15275,56.443949,0.657053,57.364527,1.045166,56.765763,1.206311443,0.219758512,0.231840787
1.008657,55.593884,0.560505,57.167113,1.054692,56.534118,0.858523583,0.512536452,0.232983808
0.160912,55.729498,0.549865,56.654687,1.066857,56.301452,0.66453753,0.029581798,0.23376964
0.458822,55.135478,0.544806,56.625541,1.081007,56.068111,0.652637159,0.300427491,0.234890764
1.109197,55.18977,0.523584,56.325864,1.097486,55.833799,1.014577775,0.265323265,0.236933222
0.10867,55.021503,0.621133,56.079124,1.117493,55.597712,1.77609854,0.245180669,0.24016935
1.884579,54.995556,0.527127,55.852681,1.142413,55.358839,0.578860016,0.304431412,0.24437183
1.309973,54.925507,0.76441,55.661958,1.17304,55.116394,0.382076762,0.195046334,0.248832063
0.987387,54.720761,0.862525,55.493386,1.209191,54.870202,0.375898038,0.175808143,0.252630569
1.134335,55.066746,0.887723,55.319393,1.249931,54.620878,1.76663529,0.093387625,0.255077838
0.577201,53.390261,0.934837,55.238761,1.294183,54.369668,1.182317327,0.367025792,0.25462153
1.377676,54.260384,0.875065,54.876635,1.341944,54.119566,1.394508747,0.172349436,0.243303411
0.860567,52.965296,0.966597,54.7306,1.387607,53.880586,0.585458767,0.34948224,0.243908571
1.263128,53.390392,0.951523,54.381443,1.432891,53.640918,0.28271784,0.221994001,0.23437616
1.187519,53.662812,1.009973,54.167282,1.479421,53.411207,1.244496315,0.13220466,0.233199971
1.698194,52.527919,1.0452,54.039857,1.52856,53.183243,0.273719734,0.32763007,0.23630895
1.461495,52.390456,1.165228,53.735005,1.581302,52.952895,1.018858563,0.282989566,0.23469154
1.739764,53.370578,1.223324,53.458043,1.638256,52.725219,1.046774046,0.111638605,0.233607767
1.003541,52.62646,1.32085,53.403712,1.697613,52.499278,0.778673326,0.180779605,0.228121268
1.769699,52.765507,1.270855,53.229983,1.75779,52.279237,1.276060329,0.149956,0.217478102
1.615612,51.498784,1.364056,53.112508,1.816641,52.069873,0.565199736,0.324221132,0.20906518
2.159018,51.654221,1.414021,52.79216,1.873329,51.86864,0.879943677,0.275151256,0.202686144
2.044036,50.781822,1.551652,52.553904,1.928535,51.673617,0.994204541,0.364171904,0.198883276
1.328144,51.471707,1.64572,52.202091,1.984016,51.482629,0.750111833,0.176216035,0.197757662
2.06139,51.313536,1.59604,52.033023,2.042166,51.293614,1.158896517,0.187604685,0.198325295
0.933866,51.04571,1.683277,51.866935,2.104611,51.105376,1.038987985,0.223591337,0.19913676
1.908993,50.687069,1.554739,51.683984,2.170885,50.917591,1.679390642,0.223043463,0.198327659
3.010211,49.419129,1.618763,51.470327,2.239076,50.731355,1.680000231,0.472434767,0.195081857
2.632857,51.056201,1.867439,51.068637,2.307121,50.548525,1.294784858,0.144054524,0.189339904
1.855677,50.020605,2.007201,51.033733,2.373216,50.371096,0.170673421,0.224134228,0.182462377
1.819476,50.187395,1.987526,50.810464,2.437189,50.200216,0.712055674,0.149784547,0.176199542
2.162937,49.56365,1.961727,50.662918,2.500251,50.035688,0.492293928,0.234077109,0.172151848
2.649621,49.489542,1.999569,50.43192,2.564124,49.875824,1.088371095,0.234982475,0.171114562
2.177992,48.508666,2.116678,50.228199,2.630021,49.717907,0.781516029,0.34537929,0.172428986
1.416446,48.684208,2.129955,49.883075,2.697982,49.559436,0.689073575,0.271439344,0.17665458
2.049637,48.956038,2.004094,49.642579,2.767038,49.396838,0.591797692,0.159666948,0.181445615
1.904692,48.382265,2.009937,49.483019,2.834809,49.228524,0.973538396,0.240480407,0.189503413
2.875044,48.460967,1.987336,49.243603,2.907187,49.053387,0.760676892,0.234026485,0.187856838
2.128006,48.317567,2.140642,49.066782,2.97273,48.877335,0.470137728,0.17001018,0.186469075
2.202521,47.853372,2.13639,48.896825,3.04135,48.703951,0.643837033,0.221453551,0.184304745
2.034969,48.475025,2.145206,48.675547,3.109349,48.532649,0.974488793,0.07507184,0.18422274
2.923829,48.07558,2.122438,48.604011,3.177133,48.36135,1.610617101,0.188098228,0.187455132
2.331298,46.577917,2.260939,48.476738,3.242725,48.185745,0.703065896,0.369875834,0.195057781
2.492304,47.262299,2.271466,48.107012,3.307793,48.00186,0.784070001,0.189301869,0.204611147
3.14728,47.693312,2.308334,47.921335,3.372323,47.807691,1.052750873,0.165508021,0.213734281
2.216424,47.201589,2.455513,47.84563,3.437156,47.604027,0.927245042,0.152996661,0.21990257
3.11425,46.969874,2.413342,47.69856,3.502541,47.39407,0.143709764,0.20333047,0.221338073
3.067988,47.105934,2.536888,47.537068,3.566638,47.182216,0.48966656,0.14415391,0.219805207
2.744821,46.738053,2.632226,47.428943,3.628726,46.971362,1.025329687,0.154433552,0.217520765
3.366898,45.922994,2.654285,47.276093,3.688548,46.762229,0.280037083,0.299342639,0.216596779
3.42608,46.196706,2.782622,47.005657,3.74611,46.553421,0.882325675,0.211489654,0.21906521
3.864244,45.430866,2.900411,46.830005,3.80235,46.341698,1.08525853,0.331322154,0.225489838
3.000251,44.77413,3.076458,46.549324,3.858523,46.123317,0.928840757,0.34954046,0.23438428
3.475629,45.572103,3.069591,46.199851,3.915246,45.8959,1.041281808,0.167392156,0.243009659
2.970397,44.661604,3.147125,46.051498,3.972089,45.659632,0.511812712,0.283856787,0.248777219
3.482174,44.655558,3.121239,45.768824,4.027974,45.417213,0.299523499,0.244652192,0.250527706
3.278665,44.435789,3.189343,45.533842,4.082059,45.172593,0.476580987,0.233527746,0.249111308
3.708946,44.640698,3.209456,45.301182,4.134449,44.929053,1.15262562,0.180691438,0.246666026
3.458191,43.515679,3.302046,45.146016,4.186103,44.687856,1.636455629,0.328094476,0.245503234
3.518036,45.15104,3.334363,44.819517,4.238126,44.447928,1.495569465,0.042356164,0.2473531
3.583933,43.656923,3.371441,44.839993,4.290972,44.206286,0.778409692,0.247945317,0.252609346
2.993666,44.164374,3.413477,44.595637,4.34412,43.959331,1.274046605,0.134021675,0.260028013
4.008582,43.394218,3.343203,44.481517,4.396547,43.704643,0.164869576,0.254343328,0.267390206
4.00404,43.229411,3.463709,44.257533,4.447606,43.442173,0.77724665,0.238547412,0.272553019
3.654292,42.535301,3.56374,44.040972,4.497539,43.174233,0.221461005,0.302576776,0.274400056
3.704192,42.751067,3.584914,43.739137,4.547275,42.904378,1.474182017,0.205625868,0.273376505
4.752004,41.714099,3.609795,43.535022,4.597704,42.635693,0.553558208,0.41348306,0.271061411
4.287488,41.413015,3.816583,43.176962,4.64907,42.369543,0.697254797,0.362412159,0.26937276
4.017542,42.055894,3.907538,42.826149,4.700892,42.105202,0.739025943,0.179315787,0.269993855
4.215718,41.343935,3.935234,42.648985,4.752313,41.84015,0.311189463,0.285370143,0.273741589
3.915119,41.263442,3.994184,42.36977,4.802675,41.571081,0.679392097,0.237649785,0.279981611
3.874354,40.585274,3.987874,42.132204,4.851919,41.295464,0.95494878,0.31617284,0.286855585
3.499792,39.706849,3.974246,41.816325,4.900511,41.012754,0.887118417,0.424885581,0.292169716
3.936555,40.479,3.895195,41.398858,4.948976,40.724632,0.432808896,0.209353372,0.294440893
4.213444,40.14635,3.905633,41.189765,4.997434,40.434206,0.402515694,0.237117155,0.293650674
4.39641,39.787822,3.963232,40.95975,5.045537,40.144522,1.261139662,0.264827226,0.291170125
4.001075,38.590248,4.04386,40.707495,5.092816,39.857216,0.875286883,0.420360848,0.28898404
4.447563,39.343093,4.04084,40.287145,5.13906,39.571956,1.008278925,0.227984425,0.288914589
5.072756,38.552043,4.117184,40.072323,5.184367,39.286616,0.145680066,0.361411932,0.291899406
4.978073,38.441328,4.292205,39.756117,5.228857,38.998127,0.295310296,0.309102709,0.29744646
4.7709,38.230882,4.422022,39.475596,5.27236,38.703879,0.443545342,0.277471054,0.303850119
4.697608,37.793434,4.493453,39.207477,5.314377,38.402948,1.035365056,0.301758412,0.309057188
4.465132,36.784506,4.539438,38.909243,5.354352,38.096487,0.181701869,0.425195313,0.311618851
4.464111,36.966205,4.535601,38.484065,5.392068,37.787159,0.224582797,0.319968012,0.311352254
4.685504,36.928488,4.531075,38.164129,5.427844,37.477869,0.588556949,0.272437161,0.309341602
4.903619,36.381839,4.565707,37.893902,5.462306,37.170453,0.450294295,0.32584719,0.307259798
4.706525,36.786708,4.632824,37.575042,5.495889,36.865034,0.972755036,0.191700452,0.306686444
5.213405,35.956452,4.6534,37.384449,5.528441,36.56008,0.264038756,0.320566572,0.308611791
5.089664,36.1897,4.760049,37.082143,5.559231,36.253008,0.346886571,0.217874685,0.312985732
4.923245,36.49406,4.826944,36.874792,5.587417,35.941294,1.29843058,0.117557829,0.318641472
4.469318,35.27756,4.852645,36.760078,5.612635,35.623652,0.85008277,0.313488709,0.323790403
4.879018,34.53272,4.792454,36.452422,5.635231,35.300651,0.631875843,0.386983625,0.326835661
4.681268,33.932585,4.813772,36.066026,5.656033,34.974478,0.775591749,0.427236296,0.327135812
4.930857,33.19825,4.795797,35.639168,5.675801,34.64794,0.608389317,0.48529466,0.32530406
4.67542,33.750418,4.824417,35.154718,5.694762,34.323189,0.553609667,0.293246537,0.322805912
4.598858,33.202128,4.801709,34.862352,5.712558,34.000874,0.871279344,0.36184754,0.321293384
4.377047,34.0447,4.769858,34.501909,5.728613,33.679982,1.315179836,0.140019745,0.322056353
4.986183,32.879088,4.702087,34.379383,5.742634,33.358231,0.759992577,0.33214687,0.325396929
4.542726,32.261889,4.753746,34.051278,5.754891,33.033065,0.739056142,0.368892152,0.330345414
5.102089,31.77886,4.717814,33.68414,5.766017,32.702907,0.922403227,0.396948999,0.335102082
5.949071,32.144167,4.786882,33.293246,5.776566,32.367971,1.673654387,0.322457614,0.337933564
4.472853,31.355561,4.994287,33.046341,5.786686,32.030189,0.657313675,0.361645273,0.338025904
5.048251,31.673332,4.907624,32.695233,5.796164,31.692296,1.128112663,0.24571488,0.335880809
5.023495,30.545491,4.936637,32.451237,5.804791,31.356526,0.722070773,0.391101789,0.332938715
4.652407,31.16491,4.955637,32.060597,5.81269,31.023681,1.199133388,0.218600084,0.330870426
4.737688,29.968813,4.905213,31.847892,5.820339,30.692899,0.632151614,0.386571061,0.330959372
5.322907,29.729785,4.877522,31.462314,5.828242,30.362034,0.31464051,0.370058863,0.333539939
5.389784,29.422334,4.958094,31.101133,5.836528,30.028597,0.434816764,0.361412347,0.337744878
5.779241,29.228972,5.037661,30.748588,5.844823,29.690954,1.862700508,0.352255437,0.34193743
4.365999,28.015547,5.173656,30.423643,5.852555,29.349104,0.997967307,0.502365515,0.344542379
5.289697,28.393331,5.03617,29.940457,5.859419,29.00463,0.044651567,0.336552698,0.344791796
5.287725,28.348723,5.084192,29.607348,5.865677,28.659895,1.165603489,0.284348349,0.343048831
5.55783,27.214847,5.123965,29.325795,5.87203,28.316905,0.391004689,0.439615675,0.340502261
5.250214,27.456212,5.205173,28.893745,5.879141,27.976477,1.006211603,0.314380986,0.338585069
4.591259,26.695791,5.218367,28.579641,5.887164,27.637987,1.254887871,0.407279987,0.338465649
5.610278,27.428146,5.111675,28.186584,5.89558,27.299626,1.126340552,0.214007986,0.340586796
5.233493,26.366696,5.202802,27.992947,5.903487,26.959131,0.411581755,0.345230924,0.34439712
5.60577,26.19117,5.212236,27.647845,5.910184,26.614799,1.327637015,0.323749133,0.348595231
5.023577,24.997993,5.286089,27.332632,5.91561,26.266246,0.604386457,0.473032092,0.351729337
5.572703,25.250468,5.244282,26.861451,5.920305,25.914548,1.25754604,0.350781322,0.352859918
4.3836,24.841254,5.306408,26.516215,5.924976,25.561719,0.162173996,0.390809124,0.351993443
4.545099,24.856035,5.146706,26.159526,5.929971,25.209761,1.015870332,0.309482064,0.350008056
5.536535,24.634569,5.040662,25.868779,5.935064,24.85979,0.401013059,0.290609446,0.348236172
5.937381,24.646143,5.127933,25.591583,5.939648,24.511584,1.102845265,0.267328969,0.347938654
5.479851,23.642682,5.272964,25.367015,5.943153,24.163663,0.187519162,0.363365433,0.349774205
5.644423,23.732568,5.313574,25.005926,5.945398,23.813896,1.366716638,0.288535648,0.353418161
5.926343,22.395244,5.376725,24.724386,5.946634,23.46048,0.798032382,0.479831458,0.35768658
5.128509,22.413037,5.479703,24.255735,5.947278,23.102794,0.691866071,0.377046095,0.361102122
5.610569,21.916754,5.422849,23.883,5.947575,22.741692,0.776340934,0.419675013,0.362592019
5.781202,22.674111,5.462073,23.465162,5.947459,22.3791,2.948252302,0.209279155,0.361991813
5.35135,19.757363,5.524129,23.265295,5.946692,22.017109,1.575784752,0.683579903,0.360073332
4.896039,21.265935,5.499637,22.582154,5.945143,21.657039,0.406359619,0.300016083,0.358122727
5.208428,21.006048,5.396396,22.300461,5.942948,21.298923,0.564991638,0.303858823,0.357391892
4.921508,20.519332,5.365874,21.998139,5.940427,20.94154,1.425693104,0.33223517,0.358571239
5.580068,19.254856,5.288597,21.675016,5.937853,20.582978,0.846486794,0.49271171,0.361462294
4.819812,19.62708,5.340682,21.185065,5.935261,20.221525,0.778792047,0.351474672,0.36504067
5.38801,19.094475,5.249373,20.845658,5.93247,19.856495,0.211499328,0.373938178,0.367948664
5.538598,19.242985,5.273639,20.472508,5.929299,19.48856,0.740672703,0.284528725,0.369134688
4.804658,19.143345,5.321067,20.19196,5.925789,19.119442,0.835532504,0.251221502,0.368339954
5.265111,18.446138,5.230597,19.957594,5.922255,18.751119,0.868167489,0.337018862,0.366183506
5.966048,17.933886,5.236217,19.620622,5.91911,18.384949,0.649047506,0.380573057,0.363812603
5.51989,17.462499,5.365989,19.262858,5.916608,18.021145,0.178049634,0.379653258,0.359397578
5.43828,17.620744,5.396003,18.884393,5.914794,17.661752,1.550797015,0.283698283,0.348665248
6.625281,16.622746,5.406608,18.600893,5.913542,17.313089,1.138329045,0.464753616,0.341310506
5.68705,15.978141,5.626643,18.191527,5.912528,16.97178,1.167811307,0.452942475,0.337559083
4.887259,16.829092,5.644685,17.738944,5.911673,16.634222,1.213544157,0.256744,0.335598446
5.114308,15.636977,5.51685,17.516288,5.911126,16.298624,0.463229928,0.398348541,0.332955003
5.526693,15.425978,5.449089,17.123745,5.911082,15.965669,0.902764812,0.361542291,0.327564394
4.769413,14.93454,5.465248,16.762564,5.91159,15.638105,0.210783104,0.403277347,0.318656325
4.559205,14.9501,5.34402,16.377939,5.912509,15.31945,0.93000668,0.343678846,0.307108977
5.203208,15.621049,5.204507,16.063851,5.913611,15.012343,0.912396468,0.137944486,0.29511319
5.138669,14.710938,5.201908,15.925931,5.914748,14.717232,0.229763637,0.271556423,0.285069409
5.357646,14.641365,5.18872,15.654695,5.91592,14.432165,0.968130815,0.236074644,0.278476832
4.88366,13.7972,5.217022,15.420323,5.917176,14.153691,0.716675044,0.346451846,0.275385952
5.423373,13.325678,5.156887,15.07913,5.918451,13.878308,0.355344369,0.367908767,0.274405071
5.068281,13.339068,5.202686,14.714083,5.919517,13.603905,1.046586857,0.299688141,0.27330158
4.922777,12.302645,5.178431,14.415378,5.92008,13.330604,0.341108878,0.432096894,0.27001803
4.891048,11.963015,5.132418,13.985738,5.919953,13.060586,0.613430758,0.418159432,0.263487175
4.568226,11.441399,5.08837,13.569905,5.919166,12.7971,0.500637565,0.446405571,0.254210904
4.276396,11.848183,4.994233,13.133538,5.917951,12.542892,0.808609306,0.316522842,0.244082021
4.721759,11.173275,4.863469,12.845289,5.91655,12.298814,0.665055496,0.344599496,0.235284292
5.155127,11.677746,4.83435,12.501922,5.914972,12.063535,0.276817324,0.221415852,0.229357001
5.042071,11.425068,4.885847,12.286578,5.91294,11.834187,0.964347087,0.210438005,0.226726014
5.026354,10.460849,4.910677,12.07761,5.910082,11.607479,0.367578013,0.330193592,0.226416227
5.163963,10.801697,4.929616,11.74796,5.906262,11.381095,0.298078213,0.23681198,0.226423124
5.461923,10.810091,4.97003,11.514622,5.901692,11.154718,0.265859521,0.186330878,0.224675854
5.716184,10.732421,5.05721,11.349944,5.896773,10.930096,1.050610743,0.197208283,0.21988961
5.612955,9.686894,5.175802,11.192378,5.891828,10.710262,0.572250203,0.322952699,0.212286207
5.373175,9.167302,5.257294,10.879876,5.8869,10.498033,0.890471738,0.361120996,0.203502872
4.59747,9.604591,5.284297,10.519766,5.881762,10.294595,0.774358941,0.241538715,0.195533358
5.368363,9.531408,5.167686,10.308241,5.876122,10.099143,0.645127831,0.189285913,0.189934169
4.752303,9.722876,5.206158,10.122906,5.869893,9.909311,1.158554669,0.132675228,0.187367928
5.209034,8.658148,5.128446,10.015372,5.86336,9.722057,0.423853099,0.291666801,0.187152663
5.24707,9.080291,5.144656,9.724156,5.857072,9.53501,0.389302315,0.15882834,0.187511014
5.616863,8.958597,5.164751,9.566604,5.851493,9.347582,0.491186848,0.170614612,0.186456743
5.156472,9.129783,5.247387,9.417337,5.846734,9.161186,1.572102347,0.083680354,0.182665914
6.103414,7.87487,5.234214,9.3347,5.842507,8.978569,,,
,,,,,STDDEV,0.435102748,0.102502305,0.073878913
,,,,,AVERAGE,0.842139797,0.227194637,0.207061836
,,,,,SUM,990.356401,267.1808936,243.5047188
