sample,timestamp_s,lintasan,run_ke,gps_x,gps_y,ekf_x,ekf_y,ekf_vx,ekf_vy,ekf_yaw_deg,ekf_yaw_rate,imu_yaw_deg,imu_yaw_rate_rads,gt_x,gt_y,gt_yaw_deg,error_ekf_m,error_gps_m,error_ekf_x,error_ekf_y,error_gps_x,error_gps_y
1,0.000,A,5,-1.583091,6.732324,-1.386472,6.979997,0.018532,-0.021191,-1.3788,0.000654,-1.4009,0.001348,-0.651930,6.862005,-1.4009,0.743958,0.940148,-0.734542,0.117991,-0.931161,-0.129681
2,0.139,A,5,-2.333877,7.607905,-1.419496,6.933524,0.009456,-0.027947,-1.3797,0.000358,-1.4011,-0.005606,-0.650727,6.861496,-1.4011,0.772136,1.841229,-0.768769,0.072028,-1.683151,0.746410
3,0.279,A,5,-1.463024,7.771535,-1.580762,7.050778,-0.025457,-0.001819,-1.3870,-0.000452,-1.4002,0.006797,-0.649416,6.861199,-1.4002,0.950446,1.220930,-0.931347,0.189580,-0.813609,0.910336
4,0.421,A,5,-1.725355,6.286721,-1.562640,7.178845,-0.018918,0.024456,-1.3792,0.000270,-1.3981,-0.000905,-0.648072,6.861125,-1.3981,0.968184,1.220851,-0.914568,0.317719,-1.077283,-0.574404
5,0.564,A,5,-2.228954,6.539373,-1.593346,7.022539,-0.022191,-0.010197,-1.3702,0.001225,-1.3951,-0.001369,-0.646729,6.861270,-1.3951,0.960256,1.614638,-0.946617,0.161269,-1.582225,-0.321898
6,0.702,A,5,-1.150894,7.166734,-1.708579,6.935652,-0.042568,-0.027199,-1.3627,0.001341,-1.3913,0.005432,-0.645369,6.861616,-1.3913,1.065784,0.590468,-1.063210,0.074035,-0.505525,0.305118
7,0.834,A,5,-1.724449,6.822227,-1.613119,6.974565,-0.018928,-0.016083,-1.3630,0.000561,-1.3866,-0.002414,-0.643952,6.862139,-1.3866,0.975666,1.081234,-0.969167,0.112426,-1.080497,-0.039912
8,0.984,A,5,-1.451609,6.700071,-1.635063,6.945729,-0.020642,-0.019833,-1.3459,0.002397,-1.3814,-0.000238,-0.642439,6.862820,-1.3814,0.996081,0.825375,-0.992625,0.082909,-0.809170,-0.162749
9,1.129,A,5,-1.270281,6.858328,-1.604446,6.900154,-0.011819,-0.026643,-1.3414,0.001678,-1.3755,0.000206,-0.640827,6.863649,-1.3755,0.964310,0.629476,-0.963619,0.036506,-0.629454,-0.005320
10,1.271,A,5,-2.249438,7.784115,-1.546172,6.890179,0.001424,-0.025307,-1.3417,0.000204,-1.3692,0.001537,-0.639165,6.864619,-1.3692,0.907366,1.854306,-0.907006,0.025560,-1.610272,0.919497
11,1.410,A,5,-1.251633,6.498584,-1.671255,7.046840,-0.024892,0.008826,-1.3268,0.001956,-1.3625,-0.004943,-0.637546,6.865717,-1.3625,1.049457,0.715465,-1.033709,0.181122,-0.614087,-0.367133
12,1.544,A,5,-1.305156,6.561252,-1.598942,6.950165,-0.006865,-0.011481,-1.3158,0.002549,-1.3557,-0.000502,-0.636075,6.866921,-1.3557,0.966458,0.735596,-0.962867,0.083244,-0.669080,-0.305669
13,1.676,A,5,-1.638133,6.979459,-1.547336,6.879857,0.004743,-0.024186,-1.3147,0.001315,-1.3489,-0.002332,-0.634846,6.868194,-1.3489,0.912565,1.009438,-0.912490,0.011662,-1.003287,0.111265
14,1.817,A,5,-0.697298,6.387031,-1.563095,6.895250,0.000921,-0.018338,-1.3178,0.000212,-1.3435,-0.000664,-0.628506,6.869494,-1.3435,0.934945,0.487342,-0.934590,0.025755,-0.068793,-0.482463
15,1.946,A,5,-1.430383,7.097466,-1.412674,6.854303,0.031426,-0.022463,-1.3332,-0.001819,-1.3413,-0.000875,-0.611305,6.870842,-1.3413,0.801539,0.849851,-0.801369,-0.016538,-0.819078,0.226624
16,2.076,A,5,-0.524804,7.155929,-1.409706,6.852075,0.028407,-0.020304,-1.3474,-0.002669,-1.3434,0.004712,-0.585704,6.872157,-1.3434,0.824246,0.290233,-0.824002,-0.020082,0.060900,0.283772
17,2.211,A,5,-1.790539,6.988380,-1.249496,6.904144,0.057421,-0.006622,-1.3405,-0.000237,-1.3510,0.001143,-0.554324,6.873366,-1.3510,0.695853,1.241554,-0.695172,0.030778,-1.236215,0.115014
18,2.349,A,5,-1.200900,6.732904,-1.340304,6.918373,0.032280,-0.003397,-1.3482,-0.001300,-1.3644,0.000111,-0.518846,6.874457,-1.3644,0.822631,0.696588,-0.821458,0.043917,-0.682054,-0.141553
19,2.494,A,5,-1.399838,7.198005,-1.312396,6.884958,0.034373,-0.009656,-1.3578,-0.001493,-1.3830,0.001404,-0.479529,6.875470,-1.3830,0.832921,0.975191,-0.832867,0.009489,-0.920309,0.322535
20,2.619,A,5,-0.741592,7.288695,-1.324679,6.939676,0.027645,0.002514,-1.3808,-0.003085,-1.4059,-0.008349,-0.435204,6.876447,-1.4059,0.891720,0.513636,-0.889475,0.063228,-0.306388,0.412248
21,2.759,A,5,-0.376467,7.101485,-1.218223,7.001978,0.045769,0.015384,-1.4139,-0.004207,-1.4319,-0.004221,-0.383714,6.877389,-1.4319,0.843758,0.224212,-0.834509,0.124588,0.007247,0.224095
22,2.891,A,5,-1.403066,7.325572,-1.063954,7.021054,0.071720,0.018227,-1.4421,-0.004307,-1.4599,0.004783,-0.322939,6.878240,-1.4599,0.754652,1.169094,-0.741015,0.142815,-1.080127,0.447333
23,3.028,A,5,-1.229713,7.358034,-1.117378,7.076840,0.052302,0.027192,-1.4646,-0.004574,-1.4897,-0.001491,-0.251912,6.878909,-1.4897,0.887811,1.088878,-0.865466,0.197930,-0.977801,0.479125
24,3.160,A,5,-0.628899,7.008723,-1.132278,7.129380,0.042968,0.034647,-1.4939,-0.004865,-1.5216,-0.004734,-0.171337,6.879325,-1.5216,0.992943,0.475507,-0.960942,0.250054,-0.457562,0.129398
25,3.305,A,5,-0.387743,7.559776,-1.038458,7.111117,0.057145,0.027406,-1.5304,-0.005529,-1.5561,-0.005849,-0.083263,6.879479,-1.5561,0.982880,0.745327,-0.955195,0.231638,-0.304480,0.680297
26,3.446,A,5,-0.589857,7.042665,-0.917063,7.193460,0.074775,0.041587,-1.5707,-0.006566,-1.5936,-0.000848,0.009878,6.879445,-1.5936,0.978686,0.621549,-0.926941,0.314015,-0.599736,0.163219
27,3.578,A,5,-0.603338,7.929331,-0.851520,7.170412,0.079563,0.032441,-1.6125,-0.006780,-1.6338,-0.005673,0.106306,6.879338,-1.6338,1.001076,1.267312,-0.957826,0.291073,-0.709644,1.049993
28,3.702,A,5,-1.349504,6.971737,-0.799604,7.308401,0.080174,0.056999,-1.6611,-0.007679,-1.6765,-0.012869,0.205507,6.879235,-1.6765,1.092900,1.557760,-1.005110,0.429166,-1.555011,0.092502
29,3.851,A,5,-0.651038,7.110082,-0.889633,7.253725,0.052912,0.038817,-1.7161,-0.008971,-1.7209,-0.008935,0.308395,6.879126,-1.7209,1.255227,0.986840,-1.198028,0.374599,-0.959433,0.230956
30,3.992,A,5,0.594497,6.999012,-0.841968,7.231727,0.056599,0.030129,-1.7609,-0.007810,-1.7665,-0.015378,0.416944,6.878916,-1.7665,1.307416,0.214355,-1.258912,0.352811,0.177553,0.120096
31,4.132,A,5,-0.231578,6.334467,-0.580743,7.193006,0.103348,0.020281,-1.8358,-0.011540,-1.8125,-0.014831,0.533253,6.878485,-1.8125,1.157546,0.938575,-1.113997,0.314521,-0.764832,-0.544019
32,4.267,A,5,0.384931,6.615479,-0.508604,7.041800,0.106945,-0.012352,-1.8952,-0.010819,-1.8584,-0.007665,0.658495,6.877759,-1.8584,1.178571,0.378983,-1.167099,0.164041,-0.273564,-0.262280
33,4.401,A,5,0.332267,6.089058,-0.339321,6.964369,0.129438,-0.025616,-1.9513,-0.010160,-1.9040,-0.001901,0.792333,6.876742,-1.9040,1.135041,0.912199,-1.131654,0.087627,-0.460066,-0.787684
34,4.531,A,5,-0.461268,6.924342,-0.210301,6.806867,0.145164,-0.055162,-1.9725,-0.006632,-1.9492,-0.010115,0.933084,6.875519,-1.9492,1.145445,1.395207,-1.143385,-0.068652,-1.394353,0.048823
35,4.668,A,5,0.948334,7.018853,-0.241542,6.822127,0.121712,-0.045779,-2.0131,-0.007310,-1.9942,-0.007497,1.078492,6.874214,-1.9942,1.321062,0.194581,-1.320034,-0.052086,-0.130159,0.144640
36,4.812,A,5,0.061254,7.244977,-0.016344,6.851654,0.150948,-0.031913,-2.0616,-0.006939,-2.0390,-0.016536,1.226706,6.872933,-2.0390,1.243232,1.223395,-1.243050,-0.021278,-1.165452,0.372044
37,4.960,A,5,-0.454453,7.272545,0.011852,6.918058,0.138773,-0.014563,-2.1053,-0.007165,-2.0838,-0.004007,1.377004,6.871718,-2.0838,1.365938,1.874806,-1.365152,0.046340,-1.831457,0.400827
38,5.107,A,5,1.183921,7.116702,-0.060061,6.979359,0.110377,-0.000959,-2.1359,-0.006716,-2.1280,-0.004143,1.530054,6.870532,-2.1280,1.593835,0.424745,-1.590115,0.108827,-0.346133,0.246171
39,5.241,A,5,0.271568,7.243395,0.173639,7.003248,0.142897,0.005745,-2.1841,-0.007455,-2.1713,-0.014165,1.687603,6.869282,-2.1713,1.519879,1.464621,-1.513964,0.133966,-1.416035,0.374113
40,5.378,A,5,1.236131,7.970072,0.202106,7.045819,0.135093,0.014262,-2.2175,-0.007277,-2.2128,-0.007726,1.851648,6.867867,-2.2128,1.659113,1.262425,-1.649542,0.177952,-0.615517,1.102205
41,5.517,A,5,1.680771,7.264612,0.401192,7.211398,0.156016,0.047676,-2.2641,-0.006884,-2.2519,-0.009414,2.023465,6.866222,-2.2519,1.658588,0.525503,-1.622273,0.345176,-0.342694,0.398390
42,5.666,A,5,1.146249,6.198826,0.643985,7.224830,0.187030,0.046716,-2.3148,-0.008174,-2.2882,-0.008529,2.202992,6.864352,-2.2882,1.600139,1.248851,-1.559006,0.360478,-1.056743,-0.665526
43,5.797,A,5,1.336766,6.968724,0.751484,7.046046,0.188562,0.005926,-2.3449,-0.005913,-2.3217,-0.004369,2.388843,6.862324,-2.3217,1.647633,1.057443,-1.637358,0.183723,-1.052077,0.106401
44,5.937,A,5,2.116232,7.983365,0.873747,7.032106,0.191663,0.003379,-2.3851,-0.007329,-2.3527,-0.002331,2.578928,6.860250,-2.3527,1.713819,1.214691,-1.705181,0.171856,-0.462696,1.123115
45,6.078,A,5,2.142681,6.639864,1.113259,7.200919,0.216748,0.039145,-2.4238,-0.007072,-2.3818,-0.009778,2.771371,6.858239,-2.3818,1.693153,0.665537,-1.658113,0.342679,-0.628691,-0.218375
46,6.210,A,5,2.337415,6.747224,1.317409,7.103944,0.233905,0.016605,-2.4484,-0.005004,-2.4090,-0.000728,2.965295,6.856348,-2.4090,1.666382,0.637292,-1.647885,0.247596,-0.627879,-0.109124
47,6.357,A,5,1.585886,7.000822,1.521454,7.041088,0.248800,0.003617,-2.4604,-0.003300,-2.4341,0.001287,3.161133,6.854555,-2.4341,1.650255,1.582023,-1.639679,0.186533,-1.575246,0.146266
48,6.506,A,5,2.466071,6.920280,1.556818,7.033241,0.227284,0.001910,-2.4798,-0.003801,-2.4568,-0.010722,3.360389,6.852768,-2.4568,1.812577,0.896862,-1.803571,0.180473,-0.894318,0.067512
49,6.648,A,5,3.077751,7.469348,1.740475,7.012365,0.238476,-0.000989,-2.5058,-0.004092,-2.4765,-0.010196,3.564918,6.850867,-2.4765,1.831578,0.787307,-1.824444,0.161498,-0.487167,0.618482
50,6.793,A,5,2.510015,7.242235,2.001388,7.092597,0.263203,0.017658,-2.5312,-0.004316,-2.4927,0.006393,3.776053,6.848763,-2.4927,1.791338,1.325772,-1.774665,0.243834,-1.266038,0.393472
51,6.921,A,5,3.686725,7.496146,2.117306,7.119813,0.256069,0.022152,-2.5428,-0.002993,-2.5051,-0.003873,3.993952,6.846453,-2.5051,1.896450,0.718672,-1.876646,0.273359,-0.307227,0.649693
52,7.059,A,5,3.257632,6.839075,2.421396,7.187839,0.287587,0.036059,-2.5448,-0.001579,-2.5137,-0.004290,4.217499,6.844018,-2.5137,1.828715,0.959880,-1.796103,0.343821,-0.959867,-0.004943
53,7.202,A,5,3.276452,6.125723,2.598013,7.127983,0.290706,0.021306,-2.5629,-0.002970,-2.5190,-0.005212,4.444789,6.841581,-2.5190,1.868852,1.370206,-1.846776,0.286403,-1.168337,-0.715858
54,7.332,A,5,4.101277,6.941488,2.746769,6.950369,0.288866,-0.015880,-2.5751,-0.002547,-2.5215,-0.000939,4.673973,6.839240,-2.5215,1.930405,0.581752,-1.927204,0.111129,-0.572696,0.102248
55,7.468,A,5,4.301713,5.924883,3.015562,6.946018,0.310069,-0.012524,-2.5770,-0.001632,-2.5219,-0.008234,4.904059,6.837024,-2.5219,1.891639,1.093079,-1.888497,0.108993,-0.602346,-0.912141
56,7.613,A,5,4.644166,7.116860,3.274213,6.761708,0.328377,-0.046160,-2.5755,-0.000411,-2.5203,-0.002438,5.135267,6.834883,-2.5203,1.862492,0.566296,-1.861054,-0.073174,-0.491101,0.281977
57,7.750,A,5,4.717429,6.522622,3.549426,6.819087,0.345759,-0.026694,-2.5612,0.001450,-2.5164,0.003025,5.368857,6.832716,-2.5164,1.819483,0.721469,-1.819432,-0.013629,-0.651428,-0.310095
58,7.894,A,5,4.994805,6.764887,3.790414,6.762280,0.355217,-0.032963,-2.5385,0.002703,-2.5098,-0.001628,5.606540,6.830432,-2.5098,1.817404,0.615237,-1.816126,-0.068152,-0.611735,-0.065545
59,8.030,A,5,5.644264,7.312870,4.038759,6.758069,0.364605,-0.027765,-2.5406,0.000586,-2.4999,0.003685,5.849684,6.827989,-2.4999,1.812274,0.526600,-1.810925,-0.069920,-0.205420,0.484881
60,8.168,A,5,5.588951,6.946504,4.359461,6.852623,0.386705,-0.002467,-2.5278,0.001159,-2.4861,0.000841,6.098648,6.825416,-2.4861,1.739399,0.523883,-1.739187,0.027207,-0.509697,0.121089
61,8.328,A,5,5.302114,7.004700,4.615432,6.867483,0.393826,0.003136,-2.4934,0.004381,-2.4687,0.005839,6.352574,6.822782,-2.4687,1.737717,1.066096,-1.737142,0.044701,-1.050460,0.181918
62,8.462,A,5,6.139670,6.772877,4.775484,6.890572,0.380584,0.008891,-2.4787,0.003093,-2.4483,-0.002560,6.609759,6.820159,-2.4483,1.835627,0.472461,-1.834276,0.070413,-0.470089,-0.047282
63,8.600,A,5,6.230311,6.380621,5.054890,6.868905,0.393510,0.005955,-2.4651,0.002520,-2.4259,-0.000884,6.868424,6.817581,-2.4259,1.814261,0.773384,-1.813535,0.051324,-0.638114,-0.436960
64,8.770,A,5,5.939837,7.076979,5.301924,6.780945,0.398961,-0.010404,-2.4517,0.002098,-2.4022,0.001484,7.127497,6.815044,-2.4022,1.825891,1.216202,-1.825573,-0.034099,-1.187660,0.261935
65,8.908,A,5,6.782691,6.862042,5.453765,6.831025,0.383221,0.002301,-2.4241,0.003372,-2.3773,0.003965,7.387001,6.812517,-2.3773,1.933324,0.606336,-1.933236,0.018508,-0.604310,0.049525
66,9.055,A,5,6.220485,6.820928,5.728736,6.835187,0.394380,0.005281,-2.3984,0.003521,-2.3509,-0.000284,7.647966,6.809963,-2.3509,1.919396,1.427523,-1.919230,0.025224,-1.427481,0.010965
67,9.198,A,5,7.342054,6.740298,5.845009,6.831846,0.382109,0.005127,-2.3707,0.005285,-2.3223,0.006966,7.911957,6.807350,-2.3223,2.067093,0.573834,-2.066948,0.024496,-0.569903,-0.067052
68,9.348,A,5,7.359862,6.875708,6.155263,6.814356,0.392357,0.003539,-2.3226,0.005997,-2.2910,0.011385,8.180363,6.804661,-2.2910,2.025123,0.823572,-2.025100,0.009695,-0.820501,0.071046
69,9.480,A,5,7.203338,7.050254,6.405925,6.824176,0.398493,0.007291,-2.2721,0.008192,-2.2567,0.004396,8.453720,6.801895,-2.2567,2.047917,1.274809,-2.047796,0.022281,-1.250382,0.248360
70,9.619,A,5,8.157529,6.858565,6.586076,6.863598,0.388604,0.015936,-2.2344,0.006762,-2.2196,-0.000689,8.731426,6.799064,-2.2196,2.146320,0.576973,-2.145350,0.064535,-0.573897,0.059501
71,9.752,A,5,8.866725,7.015171,6.903046,6.862811,0.407956,0.016556,-2.1810,0.008527,-2.1805,0.006263,9.011999,6.796191,-2.1805,2.110005,0.262786,-2.108953,0.066620,-0.145274,0.218979
72,9.893,A,5,8.480641,7.065872,7.282711,6.889911,0.448382,0.023811,-2.1470,0.008260,-2.1402,0.000427,9.293765,6.793306,-2.1402,2.013373,0.857592,-2.011054,0.096604,-0.813124,0.272565
73,10.032,A,5,8.075419,6.956801,7.545470,6.922051,0.440252,0.029230,-2.0960,0.007508,-2.0992,0.004943,9.575599,6.790439,-2.0992,2.034391,1.509376,-2.030129,0.131612,-1.500180,0.166362
74,10.181,A,5,9.009116,6.551883,7.682198,6.929565,0.417006,0.028423,-1.9406,0.027316,-1.9047,0.107201,9.855544,6.785900,-1.9047,2.178089,0.878183,-2.173346,0.143665,-0.846428,-0.234018
75,10.330,A,5,9.088986,7.935128,7.958475,6.864106,0.425310,0.013907,-1.3027,0.079615,-1.2934,0.032352,10.122755,6.779355,-1.2934,2.165939,1.550642,-2.164280,0.084751,-1.033769,1.155773
76,10.478,A,5,9.586252,7.202323,8.200489,7.054972,0.423858,0.052659,-1.4489,-0.001277,-1.4864,-0.021555,10.394522,6.776038,-1.4864,2.211693,0.913794,-2.194033,0.278934,-0.808270,0.426285
77,10.622,A,5,9.054682,6.792965,8.487906,7.085450,0.432995,0.054564,-1.0675,0.059894,-1.0208,0.175299,10.656574,6.768115,-1.0208,2.191762,1.602084,-2.168667,0.317334,-1.601891,0.024850
78,10.761,A,5,9.675494,7.136862,8.630456,7.038146,0.412190,0.039374,-0.5172,0.074609,-0.5437,-0.000604,10.919497,6.760286,-0.5437,2.305844,1.299751,-2.289041,0.277859,-1.244003,0.376575
79,10.895,A,5,10.424078,6.380291,8.856102,7.059281,0.410264,0.040142,-0.1399,0.079987,-0.1087,0.148240,11.184377,6.752261,-0.1087,2.348431,0.846414,-2.328276,0.307021,-0.760300,-0.371969
80,11.030,A,5,10.766387,6.356500,9.174673,6.942604,0.428047,0.012949,0.5386,0.100533,0.5530,0.082935,11.446361,6.741571,0.5530,2.280566,0.781438,-2.271688,0.201033,-0.679974,-0.385071
81,11.169,A,5,10.168694,5.692251,9.499147,6.840322,0.444779,-0.008615,1.2412,0.119480,1.2802,0.138290,11.704132,6.729677,1.2802,2.207759,1.853057,-2.204984,0.110646,-1.535438,-1.037426
82,11.307,A,5,10.624278,6.157653,9.661250,6.636433,0.426572,-0.049117,2.0368,0.134914,2.0687,0.164550,11.954718,6.716545,2.0687,2.294866,1.443063,-2.293468,-0.080112,-1.330440,-0.558892
83,11.447,A,5,11.458726,6.705163,9.873880,6.548390,0.420384,-0.061752,2.9150,0.148124,2.9399,0.160434,12.196426,6.702099,2.9399,2.327627,0.737707,-2.322546,-0.153709,-0.737700,0.003064
84,11.579,A,5,11.752633,6.789091,10.196598,6.573013,0.437361,-0.050815,3.8788,0.162115,3.8930,0.169743,12.429939,6.686310,3.8930,2.236213,0.685060,-2.233341,-0.113297,-0.677306,0.102781
85,11.731,A,5,12.442411,6.858425,10.515769,6.610088,0.451773,-0.039435,4.9116,0.175457,4.9189,0.187539,12.657799,6.669166,4.9189,2.142845,0.286724,-2.142031,-0.059078,-0.215388,0.189259
86,11.880,A,5,11.763662,6.915392,10.902181,6.655008,0.478313,-0.029215,5.9994,0.185839,6.0141,0.198330,12.883265,6.650622,6.0141,1.981089,1.150484,-1.981084,0.004386,-1.119603,0.264770
87,12.023,A,5,12.750197,7.125208,11.101455,6.703968,0.463943,-0.018596,7.1381,0.192831,7.1392,0.160486,13.109621,6.630921,7.1392,2.009493,0.611151,-2.008165,0.073047,-0.359423,0.494288
88,12.159,A,5,12.361309,6.930202,11.439268,6.783188,0.479841,-0.005595,7.8051,0.136418,7.7802,0.154683,13.343685,6.614853,7.7802,1.911842,1.031749,-1.904417,0.168335,-0.982375,0.315349
89,12.297,A,5,12.435915,7.757213,11.649001,6.815841,0.467381,-0.002502,9.1056,0.210082,9.1548,0.301974,13.583992,6.596568,9.1548,1.947375,1.632537,-1.934991,0.219273,-1.148077,1.160645
90,12.443,A,5,12.819532,6.657693,11.833095,6.990896,0.454116,0.028788,10.3548,0.202245,10.3321,0.111049,13.826111,6.582208,10.3321,2.034487,1.009405,-1.993015,0.408688,-1.006579,0.075485
91,12.596,A,5,12.866206,6.531838,12.051124,6.942499,0.444489,0.009920,11.0725,0.154924,11.0647,0.199242,14.067463,6.571429,11.0647,2.050199,1.201910,-2.016339,0.371070,-1.201258,-0.039591
92,12.731,A,5,13.523735,6.005089,12.237894,6.879253,0.428996,-0.009663,12.3385,0.196840,12.3137,0.151536,14.305274,6.555362,12.3137,2.092597,0.955826,-2.067379,0.323891,-0.781539,-0.550273
93,12.887,A,5,13.670675,6.395652,12.507411,6.732033,0.428949,-0.046969,13.0634,0.151226,13.0311,0.192008,14.540143,6.544120,13.0311,2.041399,0.882052,-2.032732,0.187913,-0.869468,-0.148467
94,13.019,A,5,13.547936,6.298970,12.755657,6.677716,0.427126,-0.061490,14.0295,0.155282,13.9742,0.116586,14.774622,6.531176,13.9742,2.024277,1.248471,-2.018966,0.146540,-1.226687,-0.232206
95,13.180,A,5,13.832095,7.029996,12.941360,6.615217,0.411689,-0.074310,14.9344,0.149613,14.8247,0.123433,15.012774,6.521442,14.8247,2.073536,1.285546,-2.071414,0.093775,-1.180679,0.508554
96,13.323,A,5,14.925126,6.304861,13.128408,6.691466,0.415701,-0.060024,15.4977,0.142472,15.6260,0.145151,15.258419,6.515588,15.6260,2.137261,0.394322,-2.130012,0.175878,-0.333293,-0.210727
97,13.452,A,5,14.544786,7.133541,13.494045,6.629230,0.428607,-0.081021,16.4468,0.137958,16.3975,0.132865,15.513216,6.513482,16.3975,2.022486,1.149926,-2.019171,0.115748,-0.968430,0.620059
98,13.594,A,5,15.222525,7.140953,13.722457,6.723533,0.428377,-0.064334,17.2016,0.133153,17.1341,0.122925,15.775833,6.514608,17.1341,2.063977,0.835738,-2.053376,0.208926,-0.553308,0.626345
99,13.762,A,5,15.153620,6.289219,14.030220,6.804533,0.443258,-0.056864,17.9122,0.126348,17.8369,0.123990,16.042546,6.518071,17.8369,2.032613,0.917913,-2.012326,0.286462,-0.888926,-0.228852
100,13.906,A,5,15.865147,6.498886,14.272283,6.721197,0.434942,-0.079855,18.5888,0.120305,18.5088,0.111388,16.309009,6.523122,18.5088,2.046335,0.444523,-2.036726,0.198075,-0.443862,-0.024237
101,14.043,A,5,15.313416,6.500325,14.597670,6.688184,0.446237,-0.095596,19.2262,0.113649,19.1525,0.100574,16.572405,6.529396,19.1525,1.981109,1.259325,-1.974735,0.158788,-1.258990,-0.029072
102,14.195,A,5,16.392232,6.397727,14.768513,6.660512,0.426183,-0.100296,19.8401,0.109603,19.7694,0.106532,16.832467,6.536834,19.7694,2.067656,0.461691,-2.063954,0.123677,-0.440236,-0.139107
103,14.351,A,5,16.984058,6.687617,15.099198,6.619036,0.438387,-0.117199,20.4166,0.102985,20.3592,0.098879,17.091320,6.545621,20.3592,1.993474,0.177955,-1.992121,0.073415,-0.107262,0.141996
104,14.498,A,5,16.605241,6.566508,15.477930,6.635863,0.461793,-0.124668,20.9801,0.099763,20.9208,0.096725,17.352716,6.556362,20.9208,1.876471,0.747545,-1.874786,0.079501,-0.747476,0.010146
105,14.648,A,5,16.838342,6.474411,15.714627,6.627610,0.464506,-0.130740,21.4087,0.096178,21.4545,0.091737,17.620365,6.570153,21.4545,1.906604,0.787862,-1.905738,0.057457,-0.782023,-0.095742
106,14.783,A,5,16.843601,7.029573,15.967560,6.605979,0.447937,-0.134594,22.0260,0.090615,21.9638,0.085627,17.896002,6.588141,21.9638,1.928525,1.141232,-1.928443,0.017839,-1.052401,0.441432
107,14.921,A,5,16.967680,6.805342,16.168077,6.685758,0.439830,-0.118071,22.5097,0.086162,22.4534,0.087761,18.178598,6.610829,22.4534,2.011916,1.226442,-2.010521,0.074930,-1.210918,0.194514
108,15.063,A,5,17.526050,6.646968,16.353687,6.712978,0.426126,-0.112800,22.9842,0.084118,22.9266,0.077702,18.464914,6.637620,22.9266,2.112572,0.938911,-2.111227,0.075359,-0.938865,0.009348
109,15.214,A,5,17.573624,6.239179,16.604202,6.707521,0.423849,-0.119414,23.4368,0.080645,23.3830,0.079428,18.751127,6.666975,23.3830,2.147308,1.252806,-2.146925,0.040546,-1.177503,-0.427796
110,15.359,A,5,17.844179,7.189787,16.818678,6.630096,0.409468,-0.136574,23.8797,0.078518,23.8200,0.068746,19.034701,6.697223,23.8200,2.217040,1.288395,-2.216023,-0.067127,-1.190522,0.492564
111,15.489,A,5,19.139458,7.008030,17.042410,6.733866,0.412089,-0.118664,24.2957,0.074352,24.2351,0.075779,19.315209,6.727416,24.2351,2.272808,0.331108,-2.272799,0.006450,-0.175751,0.280614
112,15.638,A,5,18.380809,7.894736,17.456344,6.788915,0.446289,-0.127249,24.6938,0.070547,24.6279,0.060526,19.594162,6.757817,24.6279,2.138044,1.662771,-2.137818,0.031098,-1.213353,1.136918
113,15.783,A,5,18.773950,8.078542,17.664794,6.992734,0.449832,-0.091339,25.0600,0.065775,25.0011,0.056601,19.874458,6.789977,25.0011,2.218947,1.694556,-2.209664,0.202757,-1.100509,1.288566
114,15.941,A,5,19.779352,7.590103,17.904922,7.196562,0.459062,-0.062569,25.4139,0.062610,25.3595,0.061556,20.159205,6.826053,25.3595,2.284528,0.853265,-2.254283,0.370509,-0.379853,0.764050
115,16.085,A,5,20.081085,6.905576,18.280884,7.280399,0.482690,-0.071068,25.7659,0.062275,25.7074,0.059996,20.450240,6.867538,25.7074,2.208293,0.371109,-2.169356,0.412861,-0.369155,0.038038
116,16.236,A,5,19.759464,6.886240,18.646041,7.227964,0.490043,-0.103443,26.0983,0.059569,26.0454,0.057004,20.747318,6.914377,26.0454,2.124548,0.988255,-2.101277,0.313587,-0.987854,-0.028137
117,16.369,A,5,20.599937,6.590119,18.890886,7.179120,0.474363,-0.121589,26.4125,0.056604,26.3708,0.058842,21.048245,6.965016,26.3708,2.167957,0.584403,-2.157359,0.214105,-0.448308,-0.374897
118,16.508,A,5,20.157139,7.191645,19.241137,7.084349,0.475718,-0.155445,26.7397,0.057089,26.6805,0.058632,21.349844,7.017322,26.6805,2.109771,1.205377,-2.108706,0.067028,-1.192705,0.174323
119,16.655,A,5,19.965085,7.569184,19.451699,7.110837,0.461596,-0.151262,27.0360,0.053428,26.9744,0.053691,21.649413,7.069820,26.9744,2.198096,1.756794,-2.197714,0.041017,-1.684328,0.499363
120,16.797,A,5,21.029864,7.394025,19.589142,7.199736,0.441189,-0.129897,27.2728,0.042453,27.1999,-0.009911,21.945175,7.122693,27.1999,2.357293,0.954681,-2.356034,0.077043,-0.915312,0.271332
121,16.950,A,5,20.942121,8.087770,20.072463,7.389703,0.501466,-0.122533,26.9570,-0.025416,26.8582,-0.015541,22.227361,7.175140,26.8582,2.165554,1.576305,-2.154898,0.214563,-1.285240,0.912631
122,17.095,A,5,21.170308,7.993906,20.120701,7.401246,0.453288,-0.110749,27.2813,0.044012,27.2672,0.127776,22.508907,7.225281,27.2672,2.394680,1.543577,-2.388206,0.175965,-1.338599,0.768625
123,17.234,A,5,21.940594,8.257678,20.351111,7.517381,0.453285,-0.097918,27.4650,0.022813,27.3689,-0.081258,22.784878,7.276722,27.3689,2.445637,1.294253,-2.433767,0.240659,-0.844284,0.980956
124,17.379,A,5,22.431091,8.118816,20.677082,7.660695,0.473120,-0.090516,27.1375,-0.025594,27.0551,0.021004,23.059135,7.332687,27.0551,2.404531,1.006200,-2.382053,0.328008,-0.628044,0.786129
125,17.525,A,5,22.584017,7.809584,21.033693,7.755357,0.491743,-0.095746,27.2077,-0.004736,27.1066,-0.078316,23.340483,7.390931,27.1066,2.335398,0.864587,-2.306789,0.364426,-0.756465,0.418653
126,17.664,A,5,22.505498,8.618298,21.356004,7.778173,0.495366,-0.110243,26.8071,-0.045727,26.7145,-0.029917,23.618681,7.453135,26.7145,2.285904,1.611453,-2.262677,0.325038,-1.113183,1.165163
127,17.800,A,5,23.037462,7.799462,21.607928,7.939603,0.498611,-0.091434,26.5195,-0.051560,26.3971,-0.098494,23.894624,7.515542,26.3971,2.325685,0.902960,-2.286697,0.424060,-0.857162,0.283919
128,17.953,A,5,23.719314,8.361235,21.909284,7.927916,0.494522,-0.110571,26.0627,-0.070327,25.9589,-0.079866,24.161586,7.576862,25.9589,2.279496,0.900469,-2.252302,0.351053,-0.442272,0.784373
129,18.096,A,5,23.269488,8.002543,22.279007,8.016073,0.512520,-0.115426,25.5471,-0.084602,25.4402,-0.096539,24.417333,7.636026,25.4402,2.171837,1.204942,-2.138326,0.380047,-1.147846,0.366517
130,18.241,A,5,22.819142,8.741528,22.504596,8.024549,0.495099,-0.120764,24.9466,-0.098587,24.8436,-0.111811,24.662297,7.693112,24.8436,2.183008,2.120470,-2.157701,0.331437,-1.843155,1.048415
131,18.389,A,5,23.563335,7.634589,22.608740,8.161415,0.469190,-0.090922,24.2821,-0.110690,24.1715,-0.118547,24.899635,7.749208,24.1715,2.327684,1.341206,-2.290894,0.412207,-1.336300,-0.114619
132,18.564,A,5,24.092353,7.674050,22.823345,8.077802,0.446887,-0.114368,23.5303,-0.124864,23.4271,-0.132999,25.133974,7.806130,23.4271,2.326545,1.049962,-2.310629,0.271673,-1.041621,-0.132079
133,18.729,A,5,23.928956,8.566358,23.092970,8.012512,0.439175,-0.136222,22.7064,-0.137428,22.6152,-0.140201,25.369335,7.865691,22.6152,2.281095,1.601757,-2.276365,0.146820,-1.440379,0.700666
134,18.881,A,5,23.976923,8.858705,23.285869,8.114856,0.432831,-0.117629,21.8236,-0.149273,21.7415,-0.157763,25.607298,7.928762,21.7415,2.328876,1.876944,-2.321429,0.186094,-1.630375,0.929942
135,19.020,A,5,24.934142,7.777018,23.451848,8.251788,0.425066,-0.092018,20.9007,-0.156953,20.8099,-0.168063,25.846537,7.994788,20.8099,2.408440,0.938024,-2.394689,0.257000,-0.912395,-0.217769
136,19.152,A,5,25.502548,8.403956,23.756935,8.172965,0.426552,-0.120281,19.9062,-0.168074,19.8210,-0.174885,26.083408,8.061994,19.8210,2.329118,0.674045,-2.326473,0.110971,-0.580859,0.341963
137,19.296,A,5,25.099083,8.923312,24.110164,8.216426,0.447022,-0.125400,18.8469,-0.179549,18.7743,-0.184976,26.313559,8.128282,18.7743,2.205157,1.451559,-2.203395,0.088145,-1.214475,0.795031
138,19.438,A,5,25.369309,7.918946,24.330891,8.344103,0.446784,-0.102967,17.7541,-0.187130,17.6706,-0.202097,26.534119,8.192440,17.6706,2.208442,1.196487,-2.203228,0.151662,-1.164810,-0.273494
139,19.580,A,5,26.409972,8.201404,24.559521,8.271441,0.433395,-0.120878,16.5876,-0.197499,16.5132,-0.204754,26.744832,8.254663,16.5132,2.185375,0.339069,-2.185311,0.016778,-0.334860,-0.053259
140,19.726,A,5,26.358083,8.852837,24.932120,8.258849,0.453722,-0.134582,15.3828,-0.205913,15.3070,-0.214340,26.947909,8.316245,15.3070,2.016605,0.797387,-2.015789,-0.057395,-0.589825,0.536593
141,19.871,A,5,26.026347,8.471886,25.231505,8.362816,0.465829,-0.118183,14.1299,-0.214673,14.0574,-0.226263,27.147347,8.378931,14.0574,1.915910,1.124848,-1.915843,-0.016116,-1.121000,0.092955
142,20.007,A,5,26.837580,8.730993,25.419150,8.381452,0.449602,-0.111945,12.8361,-0.221270,12.7689,-0.229879,27.347363,8.443998,12.7689,1.929227,0.585017,-1.928213,-0.062546,-0.509783,0.286996
143,20.146,A,5,26.141615,9.927018,25.716147,8.441874,0.459105,-0.103977,11.5004,-0.228649,11.4426,-0.234298,27.550346,8.511536,11.4426,1.835522,1.997026,-1.834200,-0.069662,-1.408731,1.415482
144,20.295,A,5,27.413568,8.061892,25.837566,8.704542,0.444317,-0.046504,10.1274,-0.236415,10.0770,-0.242890,27.755842,8.580533,10.0770,1.922280,0.621402,-1.918276,0.124010,-0.342275,-0.518641
145,20.437,A,5,26.791564,8.547151,26.160600,8.592325,0.450914,-0.078747,8.7041,-0.243979,8.6697,-0.251607,27.960748,8.649522,8.6697,1.801057,1.173657,-1.800148,-0.057198,-1.169184,-0.102371
146,20.574,A,5,27.654352,8.406017,26.316798,8.582675,0.429395,-0.077982,7.2492,-0.250393,7.2206,-0.259645,28.160689,8.717484,7.2206,1.848813,0.594466,-1.843892,-0.134810,-0.506338,-0.311467
147,20.707,A,5,27.248763,8.818685,26.596536,8.548093,0.434069,-0.086715,5.7656,-0.255770,5.7326,-0.265419,28.352338,8.784451,5.7326,1.771639,1.104106,-1.755802,-0.236358,-1.103575,0.034234
148,20.834,A,5,27.387964,9.275563,26.755018,8.591414,0.417307,-0.073104,4.2479,-0.260649,4.2105,-0.262182,28.534851,8.851248,4.2105,1.798700,1.222863,-1.779833,-0.259834,-1.146887,0.424314
149,20.971,A,5,27.270366,8.979460,26.908432,8.708391,0.403707,-0.045364,2.6965,-0.267703,2.6587,-0.266542,28.709903,8.918788,2.6587,1.813716,1.440815,-1.801471,-0.210397,-1.439537,0.060672
150,21.110,A,5,28.333459,8.957274,27.011839,8.753503,0.379175,-0.033088,1.1306,-0.271081,1.0804,-0.276530,28.881181,8.987506,1.0804,1.883931,0.548555,-1.869342,-0.234002,-0.547722,-0.030231
151,21.251,A,5,27.756369,9.593492,27.283454,8.786336,0.390924,-0.027859,-0.4802,-0.277240,-0.5237,-0.284332,29.052983,9.057130,-0.5237,1.790129,1.403173,-1.769529,-0.270795,-1.296615,0.536362
152,21.389,A,5,28.682894,9.785019,27.405387,8.926267,0.372819,0.002388,-2.1182,-0.282473,-2.1546,-0.287237,29.228094,9.126939,-2.1546,1.833720,0.854584,-1.822707,-0.200672,-0.545201,0.658081
153,21.532,A,5,28.715107,9.325885,27.668764,9.076958,0.384791,0.030414,-3.7663,-0.284965,-3.8134,-0.295536,29.406557,9.196245,-3.8134,1.741883,0.703499,-1.737794,-0.119286,-0.691451,0.129640
154,21.670,A,5,29.185527,10.259557,27.892074,9.120822,0.385809,0.035307,-5.4444,-0.288896,-5.5007,-0.301180,29.585774,9.264802,-5.5007,1.699808,1.072257,-1.693700,-0.143980,-0.400247,0.994755
155,21.813,A,5,29.079146,10.324786,28.159804,9.322182,0.395505,0.072818,-7.1590,-0.295250,-7.2158,-0.296611,29.761745,9.332987,-7.2158,1.601978,1.203996,-1.601941,-0.010805,-0.682599,0.991799
156,21.942,A,5,28.899977,9.366190,28.362317,9.501852,0.389743,0.102788,-8.7753,-0.279164,-8.7861,-0.198530,29.931470,9.399552,-8.7861,1.572485,1.032032,-1.569154,0.102300,-1.031493,-0.033362
157,22.085,A,5,28.931537,9.475524,28.496440,9.481346,0.371915,0.089070,-9.9577,-0.234830,-9.9879,-0.285990,30.087842,9.462570,-9.9879,1.591513,1.156378,-1.591403,0.018776,-1.156305,0.012954
158,22.233,A,5,29.055547,10.474292,28.610551,9.481722,0.351832,0.081562,-11.9496,-0.316965,-12.0195,-0.332465,30.240959,9.537100,-12.0195,1.631348,1.511135,-1.630407,-0.055378,-1.185412,0.937191
159,22.369,A,5,29.143332,9.520899,28.724829,9.658417,0.330124,0.111036,-13.3596,-0.252797,-13.3405,-0.149272,30.385430,9.603444,-13.3405,1.661510,1.244837,-1.660601,0.054973,-1.242097,-0.082544
160,22.517,A,5,29.902563,8.944419,28.832599,9.636590,0.314022,0.097507,-14.6894,-0.249824,-14.7283,-0.329711,30.529248,9.670083,-14.7283,1.696979,0.958813,-1.696649,-0.033494,-0.626685,-0.725665
161,22.660,A,5,29.746931,9.203122,29.054260,9.514088,0.325938,0.069783,-16.2263,-0.250386,-16.2003,-0.161435,30.676256,9.736348,-16.2003,1.637154,1.071436,-1.621996,-0.222259,-0.929325,-0.533226
162,22.796,A,5,30.093815,9.641401,29.209307,9.456001,0.321235,0.056784,-17.4187,-0.229815,-17.4317,-0.270755,30.824952,9.797706,-17.4317,1.651385,0.747659,-1.615645,-0.341706,-0.731138,-0.156306
163,22.943,A,5,29.705891,9.618077,29.397728,9.484350,0.320070,0.064659,-18.6437,-0.212821,-18.6365,-0.225053,30.974209,9.857325,-18.6365,1.620001,1.290686,-1.576481,-0.372975,-1.268318,-0.239248
164,23.095,A,5,29.899694,10.295404,29.483697,9.503818,0.298959,0.065771,-19.8333,-0.207340,-19.8105,-0.196501,31.120110,9.916067,-19.8105,1.687542,1.278011,-1.636413,-0.412250,-1.220417,0.379337
165,23.250,A,5,30.138041,10.415423,29.581139,9.640706,0.282925,0.092769,-20.7335,-0.199823,-20.9157,-0.179473,31.258844,9.974708,-20.9157,1.710629,1.204338,-1.677705,-0.334002,-1.120803,0.440715
166,23.403,A,5,30.333403,9.604097,29.715565,9.776741,0.261824,0.114946,-22.0860,-0.186694,-21.9687,-0.173651,31.389023,10.034364,-21.9687,1.693172,1.139940,-1.673458,-0.257622,-1.055620,-0.430267
167,23.560,A,5,30.818853,10.400454,29.850734,9.746372,0.260222,0.104791,-23.0129,-0.178477,-22.9707,-0.170095,31.511636,10.095314,-22.9707,1.697161,0.757006,-1.660902,-0.348943,-0.692783,0.305139
168,23.707,A,5,31.194798,10.034704,30.049920,9.861651,0.260502,0.128177,-23.9527,-0.167662,-23.9213,-0.164223,31.629699,10.156916,-23.9213,1.607135,0.451746,-1.579779,-0.295264,-0.434900,-0.122212
169,23.855,A,5,30.849700,9.642250,30.281341,9.893012,0.272015,0.135805,-24.8611,-0.161023,-24.8212,-0.152448,31.747092,10.217645,-24.8212,1.501270,1.066016,-1.465750,-0.324633,-0.897391,-0.575395
170,24.003,A,5,32.126817,9.827627,30.411516,9.848971,0.268222,0.121710,-25.7130,-0.151717,-25.6727,-0.142685,31.866732,10.275802,-25.6727,1.516521,0.518174,-1.455216,-0.426830,0.260085,-0.448175
171,24.148,A,5,32.089896,10.222362,30.744791,9.843937,0.299999,0.132625,-26.5321,-0.145086,-26.4796,-0.140577,31.989277,10.330441,-26.4796,1.336201,0.147665,-1.244486,-0.486504,0.100618,-0.108079
172,24.292,A,5,30.931306,10.556686,31.015565,9.909271,0.310425,0.151509,-27.3137,-0.138528,-27.2459,-0.135218,32.113031,10.381934,-27.2459,1.194923,1.194577,-1.097466,-0.472663,-1.181726,0.174752
173,24.430,A,5,31.025715,11.027728,31.027620,10.023273,0.273760,0.160249,-27.9020,-0.132180,-27.9747,-0.124294,32.234799,10.431937,-27.9747,1.274476,1.347906,-1.207179,-0.408664,-1.209084,0.595791
174,24.577,A,5,31.293165,10.586299,31.062402,10.203404,0.226711,0.174993,-28.7427,-0.124575,-28.6675,-0.119017,32.351511,10.482605,-28.6675,1.318998,1.063414,-1.289109,-0.279201,-1.058346,0.103695
175,24.720,A,5,31.314577,9.912557,31.130727,10.275613,0.206404,0.174217,-29.4062,-0.118684,-29.3251,-0.114622,32.461645,10.535461,-29.3251,1.356047,1.305286,-1.330918,-0.259848,-1.147067,-0.622904
176,24.862,A,5,31.688278,10.559293,31.188868,10.215749,0.198369,0.148746,-30.0270,-0.111492,-29.9485,-0.118435,32.566805,10.590078,-29.9485,1.427877,0.879067,-1.377937,-0.374329,-0.878528,-0.030785
177,25.014,A,5,31.700145,10.606941,31.301435,10.279522,0.189605,0.153757,-30.6040,-0.103237,-30.5388,-0.095562,32.680643,10.638933,-30.5388,1.425269,0.981020,-1.379208,-0.359411,-0.980499,-0.031992
178,25.167,A,5,31.448127,11.009088,31.395639,10.341060,0.178512,0.156199,-31.1631,-0.099584,-31.0990,-0.094736,32.806805,10.679222,-31.0990,1.451117,1.398148,-1.411165,-0.338162,-1.358678,0.329866
179,25.319,A,5,31.999387,10.160861,31.427548,10.463800,0.151390,0.163251,-31.7040,-0.096327,-31.6332,-0.088277,32.944282,10.710642,-31.6332,1.536689,1.093200,-1.516734,-0.246842,-0.944895,-0.549781
180,25.490,A,5,32.454060,10.725152,31.549885,10.415438,0.160225,0.148199,-32.2233,-0.092574,-32.1435,-0.088040,33.091039,10.734134,-32.1435,1.573760,0.637042,-1.541154,-0.318697,-0.636979,-0.008982
181,25.667,A,5,32.691914,11.254547,31.731457,10.474184,0.167501,0.160033,-32.7277,-0.089754,-32.6298,-0.077717,33.244693,10.751599,-32.6298,1.538454,0.747342,-1.513236,-0.277415,-0.552778,0.502948
182,25.830,A,5,32.642198,10.324597,31.924376,10.617101,0.166878,0.186643,-33.1772,-0.082012,-33.0913,-0.086716,33.403441,10.764871,-33.0913,1.486428,0.879394,-1.479065,-0.147769,-0.761244,-0.440274
183,25.995,A,5,32.085974,11.037141,32.075334,10.571120,0.178519,0.173130,-33.6105,-0.077506,-33.5279,-0.078950,33.566888,10.774533,-33.5279,1.505361,1.504018,-1.491554,-0.203413,-1.480914,0.262608
184,26.160,A,5,32.696468,10.149556,32.100792,10.658362,0.152820,0.171022,-34.0242,-0.074089,-33.9410,-0.069756,33.735951,10.779667,-33.9410,1.639653,1.215552,-1.635160,-0.121305,-1.039484,-0.630111
185,26.314,A,5,32.540515,10.053293,32.228140,10.573087,0.166179,0.150541,-34.4147,-0.070104,-34.3331,-0.072615,33.912097,10.778587,-34.3331,1.696449,1.551543,-1.683956,-0.205500,-1.371581,-0.725295
186,26.487,A,5,32.970478,10.503739,32.305047,10.483396,0.169885,0.126384,-34.7928,-0.067493,-34.7063,-0.061724,34.096757,10.769703,-34.7063,1.814441,1.157257,-1.791710,-0.286307,-1.126280,-0.265964
187,26.649,A,5,33.090032,10.640584,32.443842,10.487562,0.173288,0.128038,-35.1424,-0.063347,-35.0607,-0.056900,34.290902,10.752235,-35.0607,1.865927,1.206050,-1.847061,-0.264673,-1.200871,-0.111651
188,26.827,A,5,33.815680,10.645597,32.579571,10.515166,0.173020,0.133288,-35.4782,-0.059986,-35.3952,-0.057458,34.494504,10.726605,-35.3952,1.926571,0.683641,-1.914933,-0.211439,-0.678825,-0.081007
189,26.996,A,5,33.979387,10.748251,32.820614,10.538943,0.190784,0.149426,-36.0123,-0.091354,-35.9727,-0.188422,34.705005,10.698678,-35.9727,1.891150,0.727310,-1.884392,-0.159735,-0.725619,0.049573
190,27.168,A,5,33.746507,9.473548,33.050175,10.576711,0.202704,0.165015,-36.8027,-0.115052,-36.7284,-0.049678,34.907537,10.675452,-36.7284,1.859985,1.671097,-1.857362,-0.098742,-1.161030,-1.201905
191,27.328,A,5,33.498168,9.998065,33.199079,10.381397,0.226715,0.130905,-36.8235,-0.034500,-36.7274,-0.038379,35.107108,10.649303,-36.7274,1.926745,1.735741,-1.908029,-0.267906,-1.608940,-0.651238
192,27.517,A,5,34.246750,10.164305,33.277219,10.309957,0.221784,0.113296,-37.5588,-0.112431,-37.5385,-0.173753,35.301768,10.632617,-37.5385,2.050100,1.154287,-2.024549,-0.322661,-1.055018,-0.468312
193,27.706,A,5,34.531335,9.881708,33.473278,10.279448,0.231981,0.118678,-38.1310,-0.093044,-38.0532,-0.016989,35.495454,10.611822,-38.0532,2.049310,1.209377,-2.022176,-0.332375,-0.964119,-0.730114
194,27.890,A,5,34.317820,9.638303,33.686104,10.203632,0.249040,0.118374,-38.7236,-0.113317,-38.7254,-0.203441,35.690296,10.590391,-38.7254,2.041169,1.670378,-2.004193,-0.386759,-1.372476,-0.952088
195,28.073,A,5,34.517673,10.477514,33.824245,10.096632,0.255660,0.104342,-39.5043,-0.118820,-39.4593,-0.096215,35.887637,10.566975,-39.4593,2.116319,1.372882,-2.063392,-0.470343,-1.369964,-0.089462
196,28.230,A,5,34.951003,9.845451,33.973010,10.156255,0.242638,0.120486,-40.3664,-0.145679,-40.3333,-0.128603,36.086581,10.543597,-40.3333,2.148771,1.333021,-2.113571,-0.387342,-1.135578,-0.698146
197,28.401,A,5,35.490914,10.145691,34.172259,10.094372,0.254100,0.121848,-41.1045,-0.132183,-41.0473,-0.072116,36.287009,10.518708,-41.0473,2.156902,0.879152,-2.114750,-0.424336,-0.796094,-0.373017
198,28.579,A,5,34.384481,9.953873,34.433083,10.096038,0.265733,0.141403,-41.5373,-0.098002,-41.4804,-0.136494,36.490002,10.489268,-41.4804,2.094170,2.172526,-2.056920,-0.393230,-2.105521,-0.535395
199,28.805,A,5,35.540017,9.503484,34.452470,10.063660,0.242104,0.122726,-42.7071,-0.181256,-42.6798,-0.212380,36.697143,10.453236,-42.6798,2.278229,1.496987,-2.244673,-0.389576,-1.157126,-0.949753
200,28.982,A,5,36.552464,10.277590,34.670986,9.956529,0.261965,0.120711,-43.4532,-0.134820,-43.3881,-0.052823,36.900920,10.412656,-43.3881,2.276107,0.373718,-2.229935,-0.456128,-0.348457,-0.135067
201,29.161,A,5,36.267612,10.109645,35.025713,10.005964,0.286435,0.165643,-43.8497,-0.109362,-44.0153,-0.192160,37.106327,10.370759,-44.0153,2.112352,0.878421,-2.080614,-0.364795,-0.838715,-0.261114
202,29.342,A,5,35.590043,9.320787,35.282203,10.015068,0.284663,0.179182,-44.9806,-0.144685,-44.9129,-0.075056,37.316775,10.326336,-44.9129,2.058245,1.998182,-2.034572,-0.311269,-1.726732,-1.005549
203,29.514,A,5,35.914191,9.812193,35.369607,9.883851,0.282430,0.150875,-45.5639,-0.118598,-45.4563,-0.168110,37.530478,10.275120,-45.4563,2.196009,1.681275,-2.160871,-0.391268,-1.616288,-0.462926
204,29.682,A,5,36.711723,10.669970,35.494680,9.862013,0.271623,0.148037,-46.2092,-0.110770,-46.1201,-0.073215,37.751479,10.214996,-46.1201,2.284237,1.134942,-2.256799,-0.352983,-1.039756,0.454974
205,29.842,A,5,36.586834,9.094658,35.740916,9.996173,0.257121,0.185232,-46.8891,-0.113489,-46.7865,-0.089656,37.979342,10.143095,-46.7865,2.243242,1.743071,-2.238426,-0.146922,-1.392508,-1.048436
206,30.000,A,5,37.379908,9.956319,35.920007,9.829770,0.277472,0.165561,-47.4566,-0.107075,-47.3987,-0.103929,38.212892,10.059238,-47.3987,2.304339,0.839319,-2.292885,-0.229467,-0.832985,-0.102919
207,30.170,A,5,37.298011,9.194537,36.209420,9.843027,0.284733,0.190146,-48.0514,-0.105086,-47.9930,-0.110703,38.451406,9.966664,-47.9930,2.245393,1.387985,-2.241987,-0.123636,-1.153396,-0.772127
208,30.337,A,5,38.291572,10.485393,36.434806,9.719233,0.301540,0.183688,-48.6188,-0.100255,-48.5614,-0.096783,38.693291,9.869203,-48.5614,2.263459,0.735573,-2.258485,-0.149970,-0.401719,0.616190
209,30.495,A,5,38.509231,8.621861,36.797622,9.845060,0.298768,0.233656,-49.1549,-0.095760,-49.1041,-0.093197,38.937004,9.769197,-49.1041,2.140727,1.224487,-2.139382,0.075863,-0.427773,-1.147335
210,30.633,A,5,37.910982,9.027756,37.137694,9.619999,0.344537,0.226311,-49.6869,-0.093264,-49.6254,-0.084014,39.181439,9.666568,-49.6254,2.044275,1.422020,-2.043745,-0.046569,-1.270457,-0.638812
211,30.780,A,5,38.674517,8.853372,37.313192,9.503196,0.346078,0.210780,-50.1908,-0.089679,-50.1311,-0.089410,39.426203,9.559574,-50.1311,2.113763,1.031384,-2.113011,-0.056379,-0.751686,-0.706203
212,30.921,A,5,38.914168,8.836817,37.592149,9.374663,0.363126,0.211542,-50.6910,-0.088117,-50.6253,-0.087029,39.672154,9.445746,-50.6253,2.081219,0.972285,-2.080004,-0.071083,-0.757986,-0.608929
213,31.059,A,5,38.514429,9.825851,37.865263,9.264475,0.374362,0.214327,-51.1768,-0.085440,-51.1067,-0.084720,39.921546,9.322855,-51.1067,2.057112,1.494317,-2.056283,-0.058381,-1.407117,0.502995
214,31.199,A,5,38.830523,8.839577,38.019451,9.349149,0.338316,0.224734,-51.4712,-0.054207,-51.3631,0.042088,40.172739,9.191185,-51.3631,2.159074,1.387506,-2.153288,0.157964,-1.342216,-0.351608
215,31.342,A,5,38.737808,8.248371,38.200943,9.246562,0.338792,0.213645,-51.3479,-0.009932,-51.2687,-0.051559,40.417902,9.063566,-51.2687,2.224499,1.867420,-2.216959,0.182997,-1.680094,-0.815194
216,31.491,A,5,39.108536,8.445225,38.332659,9.055985,0.346388,0.184920,-51.9776,-0.085026,-51.9279,-0.094464,40.669070,8.932172,-51.9279,2.339690,1.634743,-2.336412,0.123812,-1.560534,-0.486947
217,31.639,A,5,39.755160,9.021509,38.505268,8.932022,0.347982,0.174793,-51.9409,-0.007335,-51.8038,0.083424,40.907286,8.805203,-51.8038,2.405364,1.172255,-2.402018,0.126819,-1.152125,0.216306
218,31.775,A,5,39.216369,7.536042,38.761608,8.931977,0.340527,0.195115,-51.8785,-0.005871,-51.8096,-0.072621,41.143624,8.678071,-51.8096,2.395510,2.240210,-2.382016,0.253906,-1.927255,-1.142029
219,31.925,A,5,39.681309,6.947448,38.877494,8.669309,0.357443,0.157515,-51.8222,0.017002,-51.7026,0.086390,41.373536,8.551218,-51.7026,2.498834,2.331461,-2.496043,0.118090,-1.692227,-1.603770
220,32.063,A,5,40.651146,7.890497,39.053755,8.345258,0.389868,0.126195,-51.5510,0.031458,-51.4602,0.020250,41.596709,8.425080,-51.4602,2.544207,1.086218,-2.542954,-0.079822,-0.945563,-0.534583
221,32.214,A,5,41.273099,7.940063,39.371031,8.242609,0.401272,0.148968,-51.1864,0.055969,-51.0866,0.076753,41.813963,8.300753,-51.0866,2.443623,0.650100,-2.442931,-0.058144,-0.540864,-0.360689
222,32.363,A,5,40.908720,8.143557,39.745039,8.167897,0.414140,0.181579,-50.7246,0.073534,-50.6398,0.083809,42.025425,8.178413,-50.6398,2.280411,1.117249,-2.280387,-0.010516,-1.116705,-0.034857
223,32.515,A,5,40.791392,7.631051,39.990972,8.144062,0.401338,0.196420,-50.1785,0.089013,-50.0780,0.100602,42.233116,8.058015,-50.0780,2.243795,1.503618,-2.242144,0.086047,-1.441724,-0.426965
224,32.662,A,5,41.416289,6.974638,40.172778,8.035503,0.395394,0.188425,-49.5325,0.105959,-49.4212,0.126850,42.436970,7.938558,-49.4212,2.266266,1.403898,-2.264191,0.096945,-1.020680,-0.963920
225,32.803,A,5,41.852062,7.597573,40.432809,7.829883,0.415569,0.180922,-48.7929,0.121527,-48.6798,0.129392,42.636241,7.818971,-48.6798,2.203459,0.814834,-2.203432,0.010912,-0.784179,-0.221398
226,32.966,A,5,40.571884,7.300741,40.724979,7.770406,0.414832,0.197725,-47.9730,0.136400,-47.8612,0.152691,42.830478,7.698710,-47.8612,2.106718,2.293387,-2.105498,0.071696,-2.258593,-0.397969
227,33.157,A,5,42.955404,6.713858,40.738820,7.670151,0.384405,0.163548,-47.0622,0.152071,-46.9674,0.167480,43.020011,7.578174,-46.9674,2.283045,0.866727,-2.281191,0.091977,-0.064607,-0.864316
228,33.337,A,5,42.837142,7.195869,41.170336,7.484280,0.425898,0.186059,-46.0875,0.164170,-45.9963,0.168128,43.205638,7.458497,-45.9963,2.035465,0.452507,-2.035302,0.025783,-0.368496,-0.262628
229,33.508,A,5,42.412543,6.275183,41.508471,7.416553,0.432612,0.206514,-45.0300,0.178303,-44.9470,0.194220,43.387940,7.340803,-44.9470,1.880995,1.444626,-1.879469,0.075750,-0.975396,-1.065620
230,33.682,A,5,41.828150,6.859131,41.713178,7.198611,0.443571,0.183243,-43.9074,0.190319,-43.8228,0.201180,43.566884,7.225332,-43.8228,1.853898,1.776879,-1.853706,-0.026721,-1.738734,-0.366202
231,33.872,A,5,42.600254,7.296067,41.776793,7.121752,0.412769,0.160311,-42.7133,0.202681,-42.6315,0.217312,43.741984,7.111206,-42.6315,1.965219,1.156599,-1.965191,0.010547,-1.141730,0.184861
232,34.081,A,5,43.410541,6.997525,41.964682,7.137262,0.389202,0.170725,-41.4064,0.213306,-41.3819,0.222783,43.912840,6.997145,-41.3819,1.953190,0.502299,-1.948157,0.140117,-0.502299,0.000380
233,34.279,A,5,43.363023,6.770314,42.259662,7.101211,0.392697,0.188103,-40.1428,0.223854,-40.0789,0.231105,44.079611,6.882415,-40.0789,1.833053,0.725304,-1.819949,0.218796,-0.716588,-0.112101
234,34.466,A,5,43.417560,6.034749,42.496641,7.032582,0.391854,0.189119,-38.7836,0.233199,-38.7220,0.239006,44.243108,6.767241,-38.7220,1.766508,1.103664,-1.746467,0.265340,-0.825548,-0.732492
235,34.655,A,5,43.620382,7.061976,42.701603,6.846379,0.403045,0.167212,-37.3706,0.242732,-37.3077,0.248139,44.404351,6.652501,-37.3077,1.713750,0.884465,-1.702748,0.193878,-0.783969,0.409475
236,34.816,A,5,43.601428,6.102288,42.897132,6.876422,0.391722,0.182665,-36.1954,0.250486,-35.8342,0.262016,44.563850,6.539003,-35.8342,1.700530,1.056871,-1.666718,0.337419,-0.962422,-0.436715
237,34.987,A,5,44.250976,6.649012,43.069532,6.730287,0.384527,0.156782,-34.3683,0.261618,-34.3051,0.277251,44.721247,6.426939,-34.3051,1.679340,0.520069,-1.651715,0.303348,-0.470271,0.222073
238,35.150,A,5,43.934715,5.321965,43.318747,6.708306,0.382432,0.166308,-32.7919,0.269839,-32.7279,0.279009,44.875629,6.315773,-32.7279,1.605604,1.368566,-1.556882,0.392533,-0.940913,-0.993808
239,35.323,A,5,44.137052,6.448580,43.470055,6.455614,0.393834,0.124429,-31.0989,0.279685,-31.1105,0.285054,45.026305,6.204670,-31.1105,1.576352,0.922097,-1.556249,0.250944,-0.889252,0.243911
240,35.463,A,5,44.360299,6.948394,43.625839,6.446132,0.375731,0.126637,-29.5067,0.285115,-29.4562,0.295712,45.173392,6.093202,-29.4562,1.587287,1.180032,-1.547553,0.352931,-0.813093,0.855192
241,35.605,A,5,44.226304,5.753211,43.793732,6.528982,0.350993,0.144398,-27.8225,0.290385,-27.7635,0.295452,45.317716,5.981709,-27.7635,1.619269,1.115074,-1.523984,0.547273,-1.091411,-0.228498
242,35.749,A,5,44.921927,5.201711,43.907329,6.388237,0.345622,0.115737,-26.0851,0.298268,-26.0286,0.301701,45.460266,5.870945,-26.0286,1.636828,0.858885,-1.552938,0.517292,-0.538340,-0.669234
243,35.888,A,5,45.035423,4.464347,44.123017,6.173553,0.365957,0.087497,-24.3052,0.305862,-24.2502,0.314277,45.601676,5.761326,-24.2502,1.535045,1.415202,-1.478659,0.412227,-0.566253,-1.296979
244,36.033,A,5,44.348804,5.376063,44.321572,5.863741,0.390099,0.042331,-22.4769,0.313844,-22.4321,0.320894,45.741973,5.652494,-22.4321,1.436024,1.420329,-1.420401,0.211246,-1.393169,-0.276431
245,36.174,A,5,45.159743,5.263331,44.362959,5.766976,0.361850,0.023280,-20.6169,0.320313,-20.5814,0.321240,45.880706,5.543630,-20.5814,1.534092,0.773534,-1.517747,0.223345,-0.720963,-0.280299
246,36.320,A,5,45.446116,5.473363,44.538365,5.668080,0.360884,0.017747,-18.7354,0.325741,-18.7041,0.333567,46.017302,5.434137,-18.7041,1.497326,0.572531,-1.478937,0.233943,-0.571186,0.039226
247,36.465,A,5,44.878951,4.721645,44.733353,5.624826,0.358805,0.023491,-16.8209,0.331058,-16.8018,0.332543,46.151444,5.324121,-16.8018,1.449622,1.407912,-1.418091,0.300705,-1.272493,-0.602476
248,36.608,A,5,45.715168,4.904214,44.793450,5.456964,0.341965,-0.006603,-14.8858,0.335754,-14.8727,0.335781,46.283243,5.214322,-14.8727,1.509423,0.647206,-1.489792,0.242642,-0.568074,-0.310108
249,36.755,A,5,45.434000,5.305820,44.989292,5.350546,0.347274,-0.012410,-12.9077,0.342493,-12.9141,0.345889,46.413058,5.105521,-12.9141,1.444697,0.999337,-1.423766,0.245026,-0.979058,0.200299
250,36.899,A,5,46.086593,4.970245,45.100744,5.334662,0.329542,-0.007389,-10.9125,0.345908,-10.9262,0.348149,46.541234,4.997912,-10.9262,1.479328,0.455482,-1.440490,0.336750,-0.454640,-0.027667
251,37.049,A,5,45.728596,4.910259,45.307219,5.264139,0.335691,-0.008436,-8.8854,0.351034,-8.9131,0.349999,46.668032,4.890895,-8.9131,1.411071,0.939635,-1.360812,0.373243,-0.939436,0.019364
252,37.190,A,5,45.040481,4.293618,45.414119,5.196121,0.321496,-0.015786,-6.8506,0.353500,-6.8806,0.356021,46.793707,4.783497,-6.8806,1.439973,1.820380,-1.379589,0.412624,-1.753226,-0.489879
253,37.325,A,5,45.246932,4.876477,45.378773,5.030739,0.285271,-0.049036,-4.8036,0.355974,-4.8324,0.366009,46.918476,4.675150,-4.8324,1.580231,1.683625,-1.539704,0.355589,-1.671544,0.201327
254,37.463,A,5,45.671849,4.443140,45.382435,4.996657,0.254354,-0.050733,-2.7415,0.358205,-2.7683,0.355476,47.042341,4.566139,-2.7683,1.714827,1.376000,-1.659906,0.430517,-1.370492,-0.123000
255,37.591,A,5,46.531703,5.560669,45.458429,4.892753,0.243572,-0.063717,-0.6515,0.362686,-0.6856,0.367880,47.165014,4.457349,-0.6856,1.761253,1.272163,-1.706586,0.435404,-0.633311,1.103320
256,37.745,A,5,45.732293,4.216187,45.672249,5.005999,0.255181,-0.028547,1.4680,0.366963,1.4178,0.372630,47.286091,4.349553,1.4178,1.742242,1.559511,-1.613842,0.656446,-1.553798,-0.133366
257,37.889,A,5,46.754369,4.827570,45.707952,4.863919,0.235663,-0.053871,3.5905,0.369093,3.5407,0.377385,47.405330,4.242805,3.5407,1.807450,0.875043,-1.697378,0.621114,-0.650961,0.584765
258,38.010,A,5,46.493698,4.508999,45.916912,4.854634,0.250684,-0.047578,5.7437,0.372650,5.6792,0.372249,47.522794,4.136422,5.6792,1.759172,1.094464,-1.605882,0.718213,-1.029096,0.372577
259,38.148,A,5,47.442464,3.332839,46.044052,4.791762,0.247696,-0.054857,7.8942,0.373686,7.8287,0.371301,47.638823,4.029528,7.8287,1.767568,0.723832,-1.594771,0.762234,-0.196359,-0.696689
260,38.305,A,5,46.868496,3.881603,46.317677,4.531693,0.273773,-0.102503,10.0556,0.375587,9.9698,0.348487,47.754219,3.921830,9.9698,1.560637,0.886636,-1.436543,0.609863,-0.885723,-0.040227
261,38.451,A,5,46.254499,3.942697,46.443564,4.411590,0.266209,-0.116922,11.6852,0.306490,11.5651,0.296629,47.875360,3.818602,11.5651,1.549734,1.625605,-1.431796,0.592988,-1.620862,0.124095
262,38.583,A,5,46.525256,3.451286,46.437626,4.322794,0.232482,-0.121947,13.8146,0.362219,13.7615,0.457241,48.002058,3.715228,13.7615,1.678267,1.500202,-1.564431,0.607566,-1.476801,-0.263942
263,38.709,A,5,47.161002,4.227136,46.478250,4.162336,0.209639,-0.141749,15.9973,0.362458,15.8775,0.273005,48.132646,3.616989,15.8775,1.741961,1.147332,-1.654396,0.545347,-0.971644,0.610146
264,38.862,A,5,47.166775,3.738980,46.622706,4.166812,0.214136,-0.129557,17.5009,0.296896,17.3780,0.327697,48.266803,3.526273,17.3780,1.764467,1.120404,-1.644097,0.640539,-1.100028,0.212707
265,39.033,A,5,47.392392,4.120716,46.745066,4.085259,0.209939,-0.135878,19.6836,0.334078,19.4111,0.294266,48.403862,3.432206,19.4111,1.782717,1.223567,-1.658796,0.653053,-1.011470,0.688510
266,39.187,A,5,47.650554,3.864063,46.881750,4.086934,0.213241,-0.126821,20.9686,0.276091,20.8311,0.295230,48.542611,3.345478,20.8311,1.818850,1.031841,-1.660860,0.741456,-0.892057,0.518585
267,39.342,A,5,47.511706,3.857243,47.041947,4.043959,0.217431,-0.129286,22.6591,0.283370,22.5030,0.216597,48.685053,3.258174,22.5030,1.821334,1.317432,-1.643106,0.785785,-1.173347,0.599070
268,39.498,A,5,48.550476,3.199816,47.149570,4.007791,0.210835,-0.128045,24.1211,0.267123,23.9779,0.233309,48.831477,3.176725,23.9779,1.876029,0.281947,-1.681907,0.831067,-0.281000,0.023091
269,39.652,A,5,47.617882,3.989862,47.416739,3.863040,0.234091,-0.162238,25.2483,0.255188,25.3840,0.238730,48.983432,3.101169,25.3840,1.742117,1.629264,-1.566692,0.761871,-1.365549,0.888693
270,39.808,A,5,48.387643,3.464750,47.483556,3.880823,0.215543,-0.141772,26.8869,0.242012,26.7335,0.218608,49.141762,3.031689,26.7335,1.862975,0.869619,-1.658206,0.849133,-0.754119,0.433061
271,39.966,A,5,48.762175,3.338056,47.669054,3.804646,0.219682,-0.153967,28.1727,0.229720,28.0176,0.217973,49.306320,2.967791,28.0176,1.838741,0.658172,-1.637266,0.836856,-0.544145,0.370265
272,40.133,A,5,48.313096,2.559202,47.889199,3.719231,0.228305,-0.169993,29.3941,0.217787,29.2369,0.216301,49.475984,2.908471,29.2369,1.781915,1.214207,-1.586785,0.810761,-1.162888,-0.349269
273,40.290,A,5,48.356709,3.193678,47.992136,3.509876,0.203033,-0.198032,30.5623,0.208016,30.3945,0.192193,49.649025,2.853039,30.3945,1.782335,1.336457,-1.656889,0.656837,-1.292317,0.340639
274,40.447,A,5,48.402719,3.086304,48.083582,3.447486,0.190407,-0.194984,31.6573,0.196462,31.4955,0.193586,49.823861,2.801443,31.4955,1.856325,1.449410,-1.740279,0.646043,-1.421142,0.284861
275,40.606,A,5,49.604578,2.542389,48.165897,3.377184,0.176426,-0.193089,32.7180,0.188954,32.5447,0.181136,49.999754,2.754055,32.5447,1.936833,0.448293,-1.833858,0.623129,-0.395176,-0.211665
276,40.754,A,5,49.373232,3.536724,48.446345,3.222867,0.190845,-0.225708,33.7172,0.179759,33.5452,0.173730,50.177145,2.711293,33.5452,1.804821,1.152220,-1.730800,0.511574,-0.803913,0.825430
277,40.925,A,5,50.346400,3.452275,48.638440,3.271263,0.207201,-0.210681,34.6672,0.170326,34.4974,0.171645,50.357484,2.673488,34.4974,1.820013,0.778866,-1.719044,0.597775,-0.011084,0.778787
278,41.100,A,5,49.719267,2.609105,48.970134,3.298774,0.243650,-0.216327,35.5752,0.162123,35.4008,0.152330,50.542481,2.640987,35.4008,1.704393,0.823830,-1.572346,0.657787,-0.823213,-0.031882
279,41.282,A,5,50.112800,3.430308,49.134760,3.173151,0.230098,-0.230962,36.4284,0.153887,36.2565,0.148197,50.733085,2.614226,36.2565,1.693233,1.025058,-1.598324,0.558925,-0.620285,0.816082
280,41.442,A,5,50.330313,3.144366,49.339708,3.214569,0.242698,-0.220130,37.2404,0.145822,37.0683,0.138952,50.928897,2.593571,37.0683,1.706212,0.813436,-1.589189,0.620998,-0.598584,0.550795
281,41.611,A,5,49.950700,2.625992,49.547343,3.199734,0.247681,-0.221008,38.0116,0.138124,37.8420,0.127862,51.128394,2.579035,37.8420,1.698525,1.178630,-1.581051,0.620698,-1.177694,0.046957
282,41.772,A,5,50.370284,3.074503,49.651131,3.095791,0.224028,-0.225104,38.7434,0.131651,38.5816,0.126533,51.329797,2.570081,38.5816,1.759059,1.084023,-1.678666,0.525710,-0.959513,0.504422
283,41.941,A,5,50.089315,2.830952,49.809434,3.088883,0.223155,-0.219247,39.4392,0.124679,39.2879,0.119691,51.531998,2.565744,39.2879,1.800250,1.466857,-1.722564,0.523140,-1.442683,0.265208
284,42.097,A,5,50.648071,3.185650,49.889240,3.040512,0.204295,-0.211686,40.1030,0.118977,39.9589,0.120941,51.734940,2.565070,39.9589,1.905953,1.251561,-1.845701,0.475442,-1.086870,0.620580
285,42.265,A,5,50.766137,3.719075,50.052364,3.063677,0.209652,-0.203806,40.7270,0.111885,40.5927,0.105212,51.939406,2.567707,40.5927,1.951132,1.643841,-1.887043,0.495971,-1.173270,1.151369
286,42.459,A,5,50.965503,2.900585,50.207300,3.178838,0.224430,-0.181502,41.3146,0.105565,41.1897,0.096286,52.146476,2.574287,41.1897,2.031227,1.225221,-1.939175,0.604551,-1.180972,0.326298
287,42.617,A,5,50.614848,3.215514,50.369980,3.130680,0.217914,-0.189083,41.8665,0.099712,41.7543,0.097251,52.356944,2.586223,41.7543,2.060209,1.852271,-1.986964,0.544457,-1.742097,0.629291
288,42.786,A,5,51.924619,3.068687,50.441257,3.146353,0.205761,-0.174181,42.4122,0.097294,42.2925,0.087887,52.571007,2.604876,42.2925,2.197507,0.795575,-2.129751,0.541477,-0.646388,0.463812
289,42.956,A,5,51.492835,3.058468,50.731138,3.133821,0.225170,-0.194189,42.9161,0.091113,42.8084,0.092941,52.788310,2.630687,42.8084,2.117806,1.364277,-2.057172,0.503133,-1.295475,0.427781
290,43.136,A,5,51.833252,3.376976,50.895254,3.121677,0.222612,-0.195588,43.4013,0.086812,43.3018,0.088062,53.008213,2.662870,43.3018,2.162197,1.374948,-2.112958,0.458807,-1.174961,0.714107
291,43.313,A,5,52.746859,3.281353,51.090606,3.168374,0.232784,-0.192290,43.8718,0.083593,43.7697,0.074764,53.230026,2.699851,43.7697,2.190122,0.756039,-2.139420,0.468524,-0.483167,0.581502
292,43.472,A,5,52.758704,3.688783,51.414377,3.190969,0.257710,-0.210811,44.3030,0.078190,44.2217,0.103307,53.453128,2.739994,44.2217,2.088034,1.175766,-2.038751,0.450975,-0.694424,0.948789
293,43.640,A,5,52.697098,3.433644,51.685419,3.282877,0.280943,-0.210090,45.2646,0.147899,45.2344,0.160616,53.672795,2.771467,45.2344,2.052122,1.179179,-1.987376,0.511410,-0.975697,0.662177
294,43.816,A,5,52.562575,3.244435,51.898791,3.314894,0.284398,-0.210885,45.7453,0.092143,45.6407,-0.010117,53.889089,2.807024,45.6407,2.054074,1.396771,-1.990298,0.507871,-1.326514,0.437412
295,43.972,A,5,53.312791,3.104994,52.050526,3.307869,0.272678,-0.209033,46.0495,0.077602,46.0118,0.171262,54.101428,2.842298,46.0118,2.103082,0.831239,-2.050902,0.465570,-0.788637,0.262696
296,44.140,A,5,52.607945,3.997728,52.307834,3.277259,0.274093,-0.226026,47.1029,0.146578,47.0539,0.117025,54.311831,2.871161,47.0539,2.044730,2.042641,-2.003997,0.406098,-1.703886,1.126567
297,44.311,A,5,52.983073,3.803047,52.394960,3.410099,0.273810,-0.193473,47.6183,0.109038,47.5538,0.144339,54.524456,2.911400,47.5538,2.187111,1.780701,-2.129496,0.498699,-1.541383,0.891647
298,44.454,A,5,53.460128,3.320731,52.532243,3.487706,0.272550,-0.180058,48.7230,0.163401,48.6356,0.142918,54.737742,2.946859,48.6356,2.270846,1.331194,-2.205499,0.540848,-1.277614,0.373872
299,44.602,A,5,53.932542,2.922775,52.720045,3.464616,0.270875,-0.195328,49.3076,0.147814,49.4653,0.186801,54.952231,2.987278,49.4653,2.282653,1.021728,-2.232186,0.477338,-1.019689,-0.064503
300,44.739,A,5,54.492401,4.177915,52.973061,3.377681,0.255426,-0.218186,50.5634,0.168016,50.4932,0.177013,55.165025,3.024035,50.4932,2.220309,1.335613,-2.191964,0.353646,-0.672624,1.153881
301,44.884,A,5,53.990198,3.892849,53.266677,3.524309,0.295704,-0.222978,51.3839,0.180501,51.5799,0.199439,55.373821,3.057434,51.5799,2.158246,1.616271,-2.107144,0.466875,-1.383623,0.835415
302,45.033,A,5,54.353085,4.100239,53.436243,3.601035,0.288959,-0.208089,52.7852,0.194101,52.7244,0.208274,55.577298,3.087074,52.7244,2.201880,1.589088,-2.141056,0.513961,-1.224213,1.013165
303,45.180,A,5,54.437867,3.136614,53.623709,3.697555,0.302802,-0.205753,53.6909,0.202311,53.9350,0.217061,55.775989,3.113525,53.9350,2.230112,1.338320,-2.152280,0.584030,-1.338121,0.023088
304,45.313,A,5,54.979309,2.885288,53.806547,3.611821,0.271119,-0.217938,55.2068,0.216651,55.2055,0.223509,55.972110,3.138313,55.2055,2.216726,1.024536,-2.165563,0.473507,-0.992801,-0.253025
305,45.455,A,5,56.236097,3.229177,54.047261,3.492582,0.250962,-0.246279,56.1270,0.166600,56.0707,0.111138,56.169519,3.169886,56.0707,2.146652,0.089151,-2.122258,0.322696,0.066577,0.059291
306,45.613,A,5,55.504800,3.645196,54.469625,3.453434,0.267347,-0.290908,57.2199,0.194693,57.2372,0.287815,56.371897,3.207478,57.2372,1.918107,0.971316,-1.902272,0.245956,-0.867098,0.437718
307,45.744,A,5,55.484875,4.469222,54.691002,3.494843,0.269400,-0.288828,58.7834,0.241657,58.7849,0.183197,56.579365,3.252792,58.7849,1.903812,1.636340,-1.888362,0.242050,-1.094490,1.216430
308,45.883,A,5,55.505357,3.440400,54.869103,3.676216,0.288716,-0.264085,59.5748,0.164425,59.5230,0.153616,56.784584,3.309921,59.5230,1.950189,1.285864,-1.915480,0.366296,-1.279227,0.130480
309,46.025,A,5,56.711671,4.289220,55.018148,3.645909,0.266858,-0.262455,60.8647,0.213924,60.8541,0.225919,56.993217,3.366609,60.8541,1.994720,0.964614,-1.975069,0.279300,-0.281547,0.922611
310,46.167,A,5,56.367923,4.907327,55.353663,3.771090,0.294043,-0.275707,61.7219,0.159995,61.6671,0.145469,57.195016,3.428115,61.6671,1.873023,1.694743,-1.841354,0.342975,-0.827093,1.479213
311,46.317,A,5,56.200240,4.565384,55.570401,3.986144,0.319967,-0.258501,62.8016,0.180966,62.7603,0.148370,57.396351,3.488400,62.7603,1.892575,1.609527,-1.825949,0.497744,-1.196111,1.076984
312,46.460,A,5,56.428194,5.584951,55.718385,4.105536,0.318847,-0.242402,63.6735,0.164255,63.6340,0.181717,57.593791,3.552661,63.6340,1.955202,2.342823,-1.875406,0.552874,-1.165597,2.032290
313,46.597,A,5,57.068547,5.009778,55.878630,4.386248,0.347276,-0.214676,64.5582,0.155759,64.5045,0.146231,57.791627,3.621829,64.5045,2.060071,1.565007,-1.912997,0.764419,-0.723080,1.387949
314,46.736,A,5,56.083912,4.707918,56.123043,4.518948,0.354396,-0.220771,65.3995,0.149472,65.3338,0.140463,57.990754,3.697209,65.3338,2.040490,2.158143,-1.867711,0.821739,-1.906842,1.010708
315,46.865,A,5,56.063915,3.693397,56.149384,4.574857,0.325712,-0.195112,66.1998,0.142298,66.1234,0.133526,58.188497,3.772874,66.1234,2.191155,2.126068,-2.039113,0.801982,-2.124582,-0.079478
316,47.004,A,5,57.277240,4.326025,56.164067,4.439207,0.264651,-0.188079,66.9509,0.134776,66.8799,0.135249,58.384369,3.849737,66.8799,2.297219,1.205232,-2.220302,0.589470,-1.107129,0.476288
317,47.141,A,5,58.129742,4.724923,56.388668,4.435762,0.253263,-0.207919,67.6802,0.129552,67.6096,0.121170,58.577501,3.928244,67.6096,2.246902,0.913885,-2.188833,0.507518,-0.447759,0.796679
318,47.295,A,5,57.595457,5.157173,56.726089,4.502646,0.265238,-0.240380,68.3738,0.123309,68.3152,0.119191,58.766907,4.007094,68.3152,2.100121,1.641639,-2.040818,0.495552,-1.171451,1.150079
319,47.425,A,5,57.864140,4.598733,56.911448,4.634615,0.274287,-0.236092,69.0604,0.120512,68.9952,0.111632,58.952046,4.083907,68.9952,2.113604,1.203571,-2.040598,0.550708,-1.087906,0.514826
320,47.571,A,5,57.712186,4.377307,57.111553,4.645060,0.260566,-0.245466,69.7008,0.114627,69.6465,0.111869,59.132940,4.156499,69.6465,2.079591,1.437810,-2.021387,0.488560,-1.420754,0.220808
321,47.707,A,5,58.085891,5.029767,57.249235,4.612945,0.235067,-0.245642,70.3226,0.110223,70.2675,0.108009,59.309861,4.223837,70.2675,2.097042,1.465478,-2.060626,0.389108,-1.223970,0.805930
322,47.841,A,5,58.558158,5.395811,57.427855,4.700716,0.237851,-0.244357,70.9101,0.104337,70.8594,0.099837,59.483031,4.286420,70.8594,2.096518,1.444347,-2.055176,0.414296,-0.924873,1.109391
323,47.972,A,5,57.826712,5.850237,57.658498,4.838647,0.253339,-0.249690,71.4871,0.101438,71.4261,0.093519,59.652617,4.346211,71.4261,2.054022,2.365592,-1.994119,0.492437,-1.825905,1.504027
324,48.105,A,5,58.296635,5.198841,57.718710,5.034294,0.265341,-0.218387,72.0411,0.097548,71.9722,0.093261,59.818888,4.405749,71.9722,2.192217,1.716464,-2.100178,0.628545,-1.522253,0.793092
325,48.271,A,5,58.713497,5.432112,57.849327,5.081558,0.252636,-0.214960,72.5652,0.093476,72.5625,0.089416,59.982290,4.466811,72.5003,2.219785,1.594252,-2.132963,0.614747,-1.268793,0.965301
326,48.409,A,5,57.953372,6.092786,58.030025,5.161150,0.250760,-0.219496,73.0652,0.089030,73.0102,0.087199,60.143313,4.529602,73.0102,2.205638,2.690611,-2.113288,0.631548,-2.189941,1.563184
327,48.544,A,5,58.593448,5.032248,58.043380,5.343946,0.257610,-0.184841,73.5617,0.086966,73.4998,0.083173,60.302173,4.592790,73.4998,2.380416,1.764331,-2.258793,0.751156,-1.708724,0.439458
328,48.675,A,5,58.941967,5.600249,58.166313,5.308009,0.228445,-0.189507,74.0411,0.082216,73.9684,0.078174,60.458520,4.654267,73.9684,2.383609,1.787404,-2.292207,0.653742,-1.516553,0.945982
329,48.804,A,5,58.629799,6.246406,58.326959,5.375656,0.225338,-0.195000,74.4748,0.080034,74.4170,0.069671,60.611532,4.712165,74.4170,2.378969,2.506224,-2.284573,0.663491,-1.981733,1.534241
330,48.960,A,5,58.708469,4.883482,58.404532,5.546533,0.236942,-0.177334,74.9021,0.076964,74.8481,0.079950,60.760398,4.765529,74.8481,2.481949,2.055317,-2.355866,0.781003,-2.051930,0.117952
331,49.106,A,5,59.564490,5.814038,58.481032,5.446189,0.194438,-0.177734,75.3189,0.074537,75.2635,0.074060,60.904905,4.814656,75.2635,2.504794,1.671968,-2.423873,0.631533,-1.340415,0.999383
332,49.240,A,5,59.114880,5.461926,58.694940,5.525675,0.199533,-0.194474,76.0958,0.129054,76.0952,0.217712,61.049534,4.858113,76.0952,2.447397,2.026691,-2.354594,0.667562,-1.934654,0.603814
333,49.380,A,5,59.788709,6.503021,58.787685,5.525932,0.186012,-0.194917,76.7477,0.130857,76.7554,0.030354,61.190104,4.904068,76.7554,2.481599,2.126161,-2.402419,0.621864,-1.401396,1.598954
334,49.510,A,5,60.921271,5.587252,58.991434,5.715092,0.209060,-0.198639,76.9582,0.056653,76.9007,0.103497,61.329173,4.959468,76.9007,2.456826,0.748664,-2.337739,0.755625,-0.407902,0.627785
335,49.643,A,5,60.093616,6.420705,59.357652,5.708137,0.202222,-0.247926,77.9392,0.143408,77.9240,0.159987,61.472170,5.007137,77.9240,2.227686,1.974483,-2.114518,0.700999,-1.378553,1.413567
336,49.776,A,5,60.098149,6.175854,59.515766,5.849093,0.214207,-0.243526,78.4901,0.101861,78.4274,0.073033,61.611194,5.063521,78.4274,2.237844,1.877922,-2.095429,0.785572,-1.513045,1.112333
337,49.920,A,5,60.039318,6.597282,59.646246,5.923042,0.210030,-0.237778,79.4183,0.153002,79.3941,0.171666,61.750397,5.114141,79.3941,2.254279,2.264398,-2.104151,0.808902,-1.711079,1.483142
338,50.062,A,5,60.463420,6.208125,59.742138,6.058843,0.216754,-0.223294,80.2243,0.145831,80.2062,0.206860,61.886255,5.165690,80.2062,2.322706,1.763839,-2.144117,0.893153,-1.422835,1.042435
339,50.206,A,5,60.273860,5.951574,59.895008,6.102631,0.206741,-0.226146,81.2069,0.162851,81.1817,0.172880,62.021185,5.212879,81.1817,2.304840,1.897055,-2.126178,0.889751,-1.747325,0.738695
340,50.348,A,5,61.119526,5.439093,59.986833,6.092329,0.184270,-0.218917,82.2331,0.174631,82.2112,0.176480,62.155468,5.257625,82.2112,2.323727,1.051716,-2.168635,0.834705,-1.035942,0.181468
341,50.488,A,5,61.106505,5.867525,60.211668,5.991248,0.151002,-0.242488,83.3158,0.185354,83.3026,0.186857,62.289819,5.301414,83.3026,2.189654,1.311760,-2.078151,0.689835,-1.183314,0.566111
342,50.632,A,5,61.215776,5.481296,60.395676,5.981370,0.137632,-0.251806,84.4581,0.194924,84.4548,0.207855,62.424236,5.346299,84.4548,2.125646,1.215976,-2.028560,0.635071,-1.208460,0.134997
343,50.764,A,5,60.429021,7.081583,60.566998,5.903645,0.111169,-0.259685,85.6416,0.202737,85.6677,0.211326,62.558206,5.393778,85.6677,2.055450,2.717005,-1.991208,0.509867,-2.129185,1.687805
344,50.895,A,5,61.309742,6.247610,60.567762,6.122239,0.141939,-0.223911,86.9180,0.216602,86.9408,0.231887,62.691175,5.444154,86.9408,2.229054,1.598092,-2.123413,0.678085,-1.381433,0.803457
345,51.037,A,5,60.607618,6.624480,60.721842,6.157448,0.136018,-0.228453,88.2481,0.227540,88.2707,0.236063,62.822999,5.496467,88.2707,2.202670,2.486026,-2.101157,0.660981,-2.215381,1.128013
346,51.165,A,5,61.174176,6.633792,60.723583,6.253134,0.139311,-0.200696,89.6388,0.237997,89.6516,0.249674,62.954045,5.548994,89.6516,2.338968,2.084400,-2.230462,0.704140,-1.779869,1.084799
347,51.303,A,5,61.383942,6.318711,60.822854,6.334477,0.140939,-0.196526,91.0766,0.246707,91.0779,0.245683,63.084900,5.600071,91.0779,2.378277,1.846537,-2.262045,0.734405,-1.700957,0.718640
348,51.437,A,5,62.703348,5.951133,60.941192,6.345909,0.128025,-0.197907,92.3318,0.218215,92.2754,0.133666,63.214501,5.652913,92.2754,2.376590,0.591788,-2.273309,0.692996,-0.511153,0.298220
349,51.580,A,5,62.073110,6.124973,61.273249,6.289403,0.103832,-0.243008,93.3793,0.203323,93.3579,0.266015,63.341713,5.709040,93.3579,2.148339,1.335048,-2.068463,0.580363,-1.268603,0.415933
350,51.712,A,5,62.597506,7.239525,61.438200,6.272144,0.088374,-0.248632,95.1426,0.275377,95.1247,0.263222,63.470167,5.771516,95.1247,2.092730,1.707802,-2.031967,0.500628,-0.872661,1.468009
351,51.848,A,5,62.683141,6.498657,61.667127,6.455357,0.114506,-0.266809,96.1660,0.197313,96.0766,0.138183,63.589810,5.841846,96.0766,2.018193,1.119575,-1.922682,0.613510,-0.906668,0.656811
352,51.990,A,5,62.068368,6.594829,61.872053,6.477292,0.103984,-0.277859,97.4023,0.221243,97.3793,0.284493,63.711926,5.918246,97.3793,1.922931,1.777371,-1.839873,0.559046,-1.643558,0.676583
353,52.129,A,5,62.008119,7.068190,61.932021,6.511807,0.097862,-0.258457,98.5303,0.191642,98.4418,0.114921,63.829794,6.001481,98.4418,1.965191,2.111011,-1.897773,0.510326,-1.821675,1.066709
354,52.260,A,5,61.544422,7.826175,61.968481,6.623948,0.108286,-0.237838,99.5805,0.192923,99.5424,0.208595,63.946661,6.091344,99.5424,2.048625,2.963172,-1.978180,0.532604,-2.402239,1.734831
355,52.401,A,5,62.817166,6.548010,61.913397,6.851878,0.142518,-0.203835,100.5344,0.174262,100.4929,0.195394,64.058695,6.187525,100.4929,2.245811,1.292804,-2.145298,0.664353,-1.241529,0.360485
356,52.533,A,5,62.738371,6.987408,62.090912,6.815226,0.114199,-0.215411,101.4725,0.165802,101.4202,0.158078,64.167270,6.289747,101.4202,2.141820,1.590121,-2.076359,0.525480,-1.428900,0.697661
357,52.672,A,5,63.050396,7.461277,62.224099,6.861035,0.106269,-0.218714,102.3619,0.158168,102.3008,0.150767,64.272305,6.397937,102.3008,2.099907,1.619801,-2.048206,0.463098,-1.221909,1.063340
358,52.818,A,5,63.287528,7.898802,62.389217,6.982613,0.112954,-0.230470,103.1894,0.147803,103.1289,0.147367,64.374385,6.512191,103.1289,2.040144,1.761803,-1.985168,0.470422,-1.086857,1.386611
359,52.971,A,5,62.092286,8.200214,62.567821,7.161555,0.129227,-0.245891,103.9640,0.138710,103.9044,0.127505,64.473968,6.632650,103.9044,1.978165,2.851256,-1.906147,0.528905,-2.381682,1.567564
360,53.114,A,5,62.972019,8.090190,62.502816,7.364083,0.156863,-0.212345,104.6866,0.129083,104.6304,0.120842,64.570893,6.759317,104.6304,2.154688,2.080293,-2.068077,0.604765,-1.598874,1.330873
361,53.248,A,5,62.343107,7.461400,62.601982,7.513222,0.164083,-0.213823,105.3659,0.121353,105.3127,0.116406,64.664474,6.891967,105.3127,2.154026,2.390188,-2.062491,0.621255,-2.321367,0.569433
362,53.373,A,5,63.207104,9.204795,62.571477,7.524654,0.148505,-0.183742,106.0128,0.115992,105.9571,0.109935,64.754016,7.030219,105.9571,2.237843,2.668654,-2.182539,0.494435,-1.546912,2.174575
363,53.519,A,5,63.408459,8.244515,62.697205,7.842389,0.188070,-0.202367,106.6352,0.110706,106.5669,0.101047,64.839324,7.173726,106.5669,2.244056,1.787166,-2.142120,0.668663,-1.430865,1.070789
364,53.668,A,5,63.074862,8.570552,62.837071,7.937010,0.177876,-0.211386,107.2213,0.104842,107.1424,0.104617,64.920814,7.322303,107.1424,2.172522,2.228377,-2.083744,0.614706,-1.845952,1.248249
365,53.798,A,5,63.129466,8.256123,62.890668,8.067393,0.184436,-0.209406,107.6506,0.097563,107.6827,0.092883,64.999142,7.475910,107.6827,2.189866,2.025938,-2.108474,0.591483,-1.869676,0.780214
366,53.936,A,5,63.325329,8.561704,62.946131,8.122925,0.170953,-0.199558,108.1474,0.089755,108.1882,0.090038,65.074663,7.634513,108.1882,2.183849,1.979862,-2.128532,0.488412,-1.749334,0.927191
367,54.072,A,5,62.334317,9.390576,63.025799,8.221471,0.166146,-0.198290,108.6244,0.084545,108.6623,0.084239,65.147126,7.797994,108.6623,2.163183,3.232370,-2.121327,0.423477,-2.812810,1.592581
368,54.207,A,5,63.724922,8.521068,62.917272,8.453827,0.195019,-0.163592,109.1664,0.079853,109.1103,0.071935,65.215844,7.966158,109.1103,2.349735,1.590840,-2.298572,0.487668,-1.490922,0.554910
369,54.357,A,5,64.091417,9.781558,63.067289,8.484306,0.173452,-0.179956,109.5054,0.076274,109.5371,0.071284,65.280205,8.138824,109.5371,2.239722,2.027755,-2.212916,0.345482,-1.188788,1.642734
370,54.495,A,5,63.191272,9.192840,63.258826,8.734901,0.190598,-0.212963,109.9259,0.074040,109.9447,0.073992,65.340113,8.315900,109.9447,2.123044,2.320892,-2.081287,0.419001,-2.148841,0.876940
371,54.627,A,5,63.217608,10.022351,63.261624,8.844242,0.185151,-0.191368,110.3920,0.068857,110.3328,0.065956,65.396012,8.497375,110.3328,2.162390,2.659135,-2.134388,0.346867,-2.178404,1.524976
372,54.760,A,5,64.012483,9.038891,63.264640,9.076929,0.208152,-0.185152,110.7483,0.064172,110.7005,0.059860,65.448493,8.683217,110.7005,2.219058,1.479401,-2.183852,0.393713,-1.436010,0.355674
373,54.899,A,5,63.729388,9.731033,63.407211,9.095289,0.177968,-0.192424,111.0914,0.060905,111.0463,0.051354,65.497785,8.873234,111.0463,2.102334,1.965463,-2.090574,0.222054,-1.768397,0.857798
374,55.030,A,5,63.055013,10.006863,63.475679,9.231003,0.178592,-0.192621,110.8994,-0.013225,110.8146,-0.046445,65.541749,9.058329,110.8146,2.073273,2.661498,-2.066070,0.172673,-2.486736,0.948534
375,55.163,A,5,63.512123,10.813590,63.411897,9.391694,0.192990,-0.169405,111.0574,0.026238,111.0558,0.114150,65.587371,9.242506,111.0558,2.180583,2.602875,-2.175473,0.149188,-2.075247,1.571084
376,55.297,A,5,63.433379,10.042710,63.438020,9.667955,0.221442,-0.174301,111.5199,0.053442,111.4680,-0.025693,65.631496,9.425074,111.4680,2.206882,2.283242,-2.193476,0.242881,-2.198117,0.617636
377,55.436,A,5,63.456970,10.726742,63.445128,9.760536,0.212917,-0.162146,111.1634,-0.025695,111.0964,-0.017527,65.668692,9.600116,111.0964,2.229344,2.482136,-2.223565,0.160420,-2.211722,1.126626
378,55.578,A,5,64.706421,10.504543,63.454273,9.957252,0.225005,-0.159324,111.3457,0.016904,111.2982,-0.012636,65.705184,9.781465,111.2982,2.257765,1.233033,-2.250911,0.175787,-0.998763,0.723078
379,55.723,A,5,64.129844,11.381679,63.683683,10.080356,0.205768,-0.193386,110.9327,-0.048728,110.8644,-0.060226,65.735875,9.957781,110.8644,2.055849,2.146351,-2.052192,0.122575,-1.606031,1.423898
380,55.850,A,5,63.354453,11.074888,63.773416,10.337111,0.224206,-0.206690,110.7715,-0.036106,110.7002,-0.091893,65.765500,10.136600,110.7002,2.002149,2.587187,-1.992084,0.200510,-2.411048,0.938288
381,55.984,A,5,64.718811,11.007024,63.709915,10.495605,0.233002,-0.182201,110.3714,-0.055253,110.2918,-0.095439,65.792072,10.310934,110.2918,2.090331,1.279231,-2.082158,0.184671,-1.073261,0.696090
382,56.115,A,5,64.204881,11.543368,63.898283,10.613631,0.214932,-0.205373,109.8756,-0.075707,109.8051,-0.092969,65.816407,10.480426,109.8051,1.922743,1.930507,-1.918123,0.133205,-1.611525,1.062942
383,56.257,A,5,63.416448,11.490471,63.964596,10.805206,0.221839,-0.207877,109.3259,-0.090029,109.2560,-0.100182,65.838651,10.644493,109.2560,1.880933,2.565686,-1.874055,0.160713,-2.422203,0.845978
384,56.399,A,5,63.781834,11.625129,63.879021,10.953922,0.230665,-0.177959,108.7190,-0.100660,108.6300,-0.112949,65.858733,10.803566,108.6300,1.985414,2.233490,-1.979712,0.150356,-2.076900,0.821563
385,56.521,A,5,63.246024,12.601384,63.871042,11.099857,0.232509,-0.165884,108.0170,-0.116225,107.9294,-0.121073,65.876573,10.959308,107.9294,2.010450,3.101000,-2.005531,0.140549,-2.630549,1.642076
386,56.654,A,5,64.138637,12.168226,63.768397,11.393365,0.268897,-0.146915,107.2531,-0.128167,107.1574,-0.140299,65.891885,11.113696,107.1574,2.141826,2.045950,-2.123489,0.279669,-1.753248,1.054530
387,56.795,A,5,64.369230,12.442856,63.840437,11.560052,0.265134,-0.154632,106.4010,-0.142461,106.3186,-0.148922,65.904249,11.268135,106.3186,2.084355,1.932939,-2.063813,0.291917,-1.535019,1.174721
388,56.939,A,5,64.176242,12.493046,63.941978,11.745674,0.263824,-0.168065,105.4933,-0.153303,105.4176,-0.158789,65.913370,11.422861,105.4176,1.997647,2.040321,-1.971392,0.322813,-1.737128,1.070185
389,57.080,A,5,63.987505,12.236868,63.992823,11.907325,0.261581,-0.168294,104.5378,-0.162075,104.4598,-0.168144,65.919359,11.576922,104.4598,1.954663,2.041468,-1.926536,0.330403,-1.931854,0.659946
390,57.227,A,5,64.406613,12.407945,64.001357,11.994394,0.247892,-0.155461,104.0041,-0.103163,103.9687,-0.084735,65.924677,11.733717,103.9687,1.940905,1.661055,-1.923320,0.260677,-1.518064,0.674228
391,57.340,A,5,64.137306,12.914552,64.082527,12.094620,0.234252,-0.158809,103.0777,-0.154518,102.9785,-0.257587,65.924998,11.893337,102.9785,1.853433,2.058816,-1.842471,0.201283,-1.787692,1.021215
392,57.492,A,5,64.382581,12.834350,64.102522,12.265803,0.239718,-0.153501,101.8518,-0.184991,101.7900,-0.114269,65.923670,12.054440,101.7900,1.833372,1.727199,-1.821148,0.211363,-1.541089,0.779910
393,57.624,A,5,64.064123,13.386048,64.162200,12.392496,0.233934,-0.153817,101.3493,-0.117367,101.3126,-0.140327,65.926342,12.215833,101.3126,1.772966,2.199377,-1.764142,0.176663,-1.862219,1.170214
394,57.753,A,5,64.142301,13.525979,64.155276,12.594179,0.247143,-0.144357,100.2702,-0.170559,100.2142,-0.153875,65.921102,12.378114,100.2142,1.778996,2.117009,-1.765826,0.216065,-1.778801,1.147865
395,57.905,A,5,64.196089,13.098727,64.162636,12.785851,0.256284,-0.137770,99.7118,-0.115697,99.6852,-0.132702,65.919371,12.542549,99.6852,1.773503,1.810810,-1.756735,0.243303,-1.723282,0.556178
396,58.032,A,5,63.863888,14.739311,64.177753,12.867984,0.242439,-0.128155,98.8532,-0.136399,98.8519,-0.092744,65.912215,12.712037,98.8519,1.741458,2.881923,-1.734461,0.155947,-2.048327,2.027273
397,58.177,A,5,64.508403,13.577284,64.130955,13.225957,0.287658,-0.118422,98.1843,-0.124846,98.1868,-0.108746,65.905581,12.888594,98.1868,1.806409,1.557691,-1.774626,0.337363,-1.397178,0.688690
398,58.327,A,5,64.297338,15.597970,64.205644,13.317351,0.269910,-0.122838,97.5376,-0.116508,97.5425,-0.108303,65.898062,13.073027,97.5425,1.709963,2.989591,-1.692418,0.244324,-1.600723,2.524943
399,58.463,A,5,64.667237,14.204177,64.231167,13.751799,0.324538,-0.128818,96.8832,-0.111382,96.9184,-0.109832,65.889606,13.264294,96.9184,1.728607,1.541936,-1.658439,0.487506,-1.222369,0.939884
400,58.594,A,5,63.809069,14.025317,64.317227,13.863355,0.307058,-0.134849,96.3178,-0.104570,96.3226,-0.105202,65.880167,13.460129,96.3226,1.614117,2.146832,-1.562941,0.403226,-2.071098,0.565188
401,58.736,A,5,64.044295,14.765819,64.236905,13.924175,0.286113,-0.104656,95.7243,-0.099807,95.7540,-0.094590,65.869849,13.658159,95.7540,1.654470,2.135312,-1.632944,0.266016,-1.825554,1.107660
402,58.871,A,5,64.541445,15.414538,64.209801,14.101227,0.290004,-0.091931,95.2000,-0.096162,95.2101,-0.096489,65.859129,13.857001,95.2101,1.667312,2.040149,-1.649328,0.244225,-1.317683,1.557536
403,59.011,A,5,64.103552,14.852305,64.275383,14.363302,0.307545,-0.101062,94.6570,-0.094478,94.6872,-0.091124,65.848639,14.056759,94.6872,1.602843,1.917869,-1.573257,0.306543,-1.745087,0.795546
404,59.154,A,5,64.504218,15.019415,64.252276,14.480559,0.296249,-0.087283,94.1402,-0.091854,94.1824,-0.093928,65.838764,14.258859,94.1824,1.601903,1.536053,-1.586488,0.221700,-1.334546,0.760557
405,59.297,A,5,64.331467,15.196406,64.303585,14.605389,0.286140,-0.090038,93.6474,-0.087845,93.6949,-0.086287,65.829348,14.465427,93.6949,1.532169,1.666727,-1.525763,0.139962,-1.497881,0.730979
406,59.431,A,5,64.549706,16.650941,64.315600,14.738510,0.279787,-0.084482,93.1722,-0.084623,93.2261,-0.078525,65.819816,14.678357,93.2261,1.505417,2.346117,-1.504215,0.060152,-1.270110,1.972583
407,59.576,A,5,64.430974,16.273232,64.364520,15.107371,0.320976,-0.090902,92.7039,-0.080521,92.7777,-0.080650,65.809658,14.898420,92.7777,1.460166,1.947018,-1.445138,0.208952,-1.378685,1.374812
408,59.720,A,5,64.267150,16.040407,64.383542,15.344901,0.332380,-0.087949,92.3001,-0.075213,92.3491,-0.074056,65.798900,15.124879,92.3491,1.432358,1.784503,-1.415359,0.220022,-1.531750,0.915528
409,59.863,A,5,63.999844,17.527600,64.370162,15.500879,0.325771,-0.077079,91.9065,-0.070823,91.9372,-0.069654,65.788145,15.355817,91.9372,1.425384,2.813301,-1.417983,0.145062,-1.788300,2.171783
410,59.998,A,5,64.133995,16.608974,64.310968,15.893056,0.368334,-0.060873,91.5022,-0.071324,91.5381,-0.071218,65.778155,15.589017,91.5381,1.498358,1.934831,-1.467187,0.304039,-1.644160,1.019957
411,60.146,A,5,64.459180,16.079286,64.284570,16.055982,0.359109,-0.050040,91.1093,-0.069485,91.1500,-0.067478,65.769294,15.822975,91.1500,1.502896,1.334950,-1.484723,0.233007,-1.310113,0.256311
412,60.287,A,5,64.296543,16.528995,64.319869,16.094688,0.325155,-0.051574,90.7269,-0.067271,90.7738,-0.060865,65.761288,16.057466,90.7738,1.441900,1.538771,-1.441419,0.037222,-1.464745,0.471529
413,60.427,A,5,64.461309,16.547093,64.320397,16.203323,0.309633,-0.046386,90.3693,-0.064138,90.4126,-0.058512,65.753466,16.293547,90.4126,1.435907,1.316797,-1.433069,-0.090224,-1.292157,0.253546
414,60.569,A,5,63.632276,17.807754,64.349848,16.294283,0.292140,-0.047412,90.0119,-0.063196,90.0689,-0.055795,65.745271,16.533102,90.0689,1.415712,2.467688,-1.395423,-0.238819,-2.112995,1.274652
415,60.705,A,5,64.407948,18.026528,64.226891,16.591810,0.319390,-0.018273,89.6824,-0.060093,89.7432,-0.055747,65.736680,16.778000,89.7432,1.521227,1.823281,-1.509790,-0.186189,-1.328732,1.248529
416,60.856,A,5,64.112922,17.484418,64.261239,16.877821,0.340435,-0.023985,89.3612,-0.057873,89.4332,-0.065929,65.728220,17.029175,89.4332,1.474769,1.678224,-1.466982,-0.151354,-1.615299,0.455243
417,61.009,A,5,64.615628,17.877063,64.237614,17.018476,0.329716,-0.016568,89.0769,-0.052224,89.1594,-0.053362,65.720543,17.286149,89.1360,1.506893,1.253003,-1.482929,-0.267673,-1.104915,0.590914
418,61.158,A,5,63.888389,18.694546,64.307127,17.202933,0.329015,-0.028806,88.7984,-0.049941,88.8505,-0.050579,65.713904,17.547234,88.8505,1.448297,2.156115,-1.406777,-0.344302,-1.825516,1.147312
419,61.290,A,5,63.609663,18.828106,64.236197,17.500036,0.351327,-0.010857,88.5381,-0.047450,88.5780,-0.046798,65.707929,17.810331,88.5780,1.504088,2.332077,-1.471733,-0.310295,-2.098266,1.017775
420,61.424,A,5,65.389489,18.569027,64.126732,17.770194,0.365446,0.013142,88.2911,-0.044768,88.3213,-0.047549,65.701872,18.073870,88.3213,1.604147,0.585460,-1.575140,-0.303676,-0.312384,0.495157
421,61.561,A,5,64.046558,19.007438,64.351402,17.947452,0.359752,-0.033448,88.0531,-0.042331,88.0822,-0.031702,65.695162,18.337398,88.0822,1.399196,1.779564,-1.343760,-0.389946,-1.648604,0.670040
422,61.698,A,5,64.772506,19.092784,64.301644,18.170583,0.363328,-0.018574,87.8375,-0.038726,87.8603,-0.040308,65.687789,18.601645,87.8603,1.451624,1.038730,-1.386144,-0.431063,-0.915283,0.491139
423,61.844,A,5,64.045343,19.204543,64.388669,18.369514,0.362130,-0.033099,87.6275,-0.036796,87.6538,-0.041052,65.680289,18.868203,87.6538,1.384548,1.669183,-1.291620,-0.498689,-1.634946,0.336340
424,61.973,A,5,64.337069,20.298443,64.332272,18.552859,0.357208,-0.016721,87.4334,-0.034983,87.4604,-0.041055,65.673320,19.138824,87.4604,1.463477,1.769261,-1.341048,-0.585965,-1.336251,1.159619
425,62.125,A,5,64.015122,20.551952,64.336408,18.897796,0.385980,-0.013382,87.2597,-0.030460,87.2800,-0.026794,65.667149,19.414583,87.2800,1.427565,2.005692,-1.330741,-0.516787,-1.652027,1.137369
426,62.257,A,5,64.066744,20.559878,64.282408,19.229308,0.408285,0.001564,87.0910,-0.029929,87.1143,-0.032532,65.661461,19.695332,87.1143,1.455666,1.813990,-1.379053,-0.466024,-1.594716,0.864546
427,62.423,A,5,63.437565,21.372608,64.245964,19.505356,0.416830,0.011031,86.9357,-0.027324,86.9655,-0.020629,65.655597,19.979746,86.9655,1.487316,2.619108,-1.409632,-0.474390,-2.218032,1.392862
428,62.541,A,5,64.228840,21.711084,64.103269,19.877822,0.443032,0.041980,86.7907,-0.026577,86.8343,-0.024347,65.649029,20.265919,86.8343,1.593736,2.026188,-1.545760,-0.388097,-1.420189,1.445164
429,62.682,A,5,64.205960,21.823727,64.124277,20.237353,0.476436,0.037121,86.6911,-0.023852,86.7187,-0.014747,65.641705,20.552205,86.7187,1.549749,1.917846,-1.517428,-0.314852,-1.435745,1.271522
430,62.814,A,5,63.356937,21.183471,64.137956,20.562697,0.489455,0.033318,86.5864,-0.020582,86.6159,-0.008843,65.634004,20.837865,86.6159,1.521143,2.303146,-1.496048,-0.275168,-2.277068,0.345606
431,62.949,A,5,63.924444,22.116561,63.998568,20.727449,0.454179,0.058780,86.4742,-0.017809,86.5234,-0.018850,65.626400,21.123311,86.5234,1.675274,1.970583,-1.627831,-0.395862,-1.701955,0.993251
432,63.078,A,5,64.456726,22.121494,63.983085,21.009099,0.469902,0.059663,86.4146,-0.014836,86.4408,-0.008098,65.619109,21.409936,86.4408,1.684412,1.362882,-1.636024,-0.400837,-1.162383,0.711558
433,63.219,A,5,64.349474,22.532080,64.064072,21.259331,0.457005,0.037946,86.3734,-0.006637,86.4113,0.001427,65.610854,21.698038,86.4113,1.607793,1.512186,-1.546782,-0.438707,-1.261381,0.834041
434,63.355,A,5,64.253022,22.663905,64.114021,21.529889,0.459623,0.026636,86.3668,-0.003391,86.4051,0.006286,65.602422,21.990030,86.4051,1.557905,1.508306,-1.488401,-0.460142,-1.349400,0.673874
435,63.493,A,5,63.905299,23.000735,64.139010,21.775951,0.456695,0.021469,86.3694,-0.001200,86.4090,0.002364,65.594092,22.286585,86.4090,1.542080,1.833585,-1.455082,-0.510634,-1.688793,0.714150
436,63.641,A,5,63.875243,23.348637,64.098130,22.037908,0.456528,0.030498,86.3833,0.001228,86.4227,0.001627,65.585672,22.586629,86.4227,1.585521,1.872492,-1.487542,-0.548720,-1.710430,0.762008
437,63.783,A,5,64.415762,24.979684,64.058297,22.315174,0.459490,0.038491,86.3944,0.001223,86.4448,0.001391,65.577008,22.888343,86.4448,1.623270,2.392112,-1.518711,-0.573169,-1.161246,2.091341
438,63.918,A,5,64.025721,24.344197,64.121002,22.833741,0.512332,0.027797,86.4229,0.003833,86.4736,0.010418,65.568076,23.189998,86.4736,1.490283,1.926404,-1.447075,-0.356258,-1.542355,1.154199
439,64.060,A,5,64.270990,24.591904,64.104419,23.151987,0.517432,0.031934,86.4654,0.005698,86.5075,0.013009,65.558976,23.490647,86.5075,1.493462,1.694602,-1.454558,-0.338659,-1.287986,1.101257
440,64.178,A,5,64.008062,24.527673,64.134040,23.458158,0.520059,0.026069,86.5162,0.007445,86.5456,0.006543,65.549864,23.790479,86.5456,1.454302,1.708978,-1.415824,-0.332321,-1.541802,0.737193
441,64.318,A,5,64.005322,24.984474,64.112123,23.698568,0.508411,0.030492,86.5619,0.007818,86.5881,0.004928,65.540881,24.090777,86.5881,1.481613,1.776692,-1.428758,-0.392209,-1.535558,0.893697
442,64.453,A,5,64.375518,26.378838,64.093083,23.976402,0.505745,0.034268,86.6128,0.008587,86.6354,0.020027,65.532105,24.393352,86.6354,1.498209,2.297792,-1.439022,-0.416950,-1.156587,1.985486
443,64.595,A,5,64.401043,26.296250,64.142892,24.452800,0.544514,0.026071,86.6769,0.009928,86.6883,0.006447,65.523546,24.699671,86.6883,1.402552,1.951686,-1.380654,-0.246871,-1.122503,1.596579
444,64.725,A,5,63.249785,25.604637,64.189333,24.833424,0.559312,0.018267,86.7440,0.011335,86.7465,0.013690,65.515183,25.010163,86.7465,1.337578,2.342099,-1.325850,-0.176738,-2.265398,0.594475
445,64.867,A,5,63.828250,26.689850,64.023343,25.024449,0.531383,0.052080,86.8057,0.010551,86.8089,0.009771,65.507016,25.324046,86.8089,1.513619,2.164180,-1.483673,-0.299597,-1.678766,1.365804
446,65.011,A,5,63.833247,27.063654,63.986409,25.372153,0.540036,0.057659,86.8785,0.011990,86.8738,0.009626,65.499088,25.639733,86.8738,1.536163,2.191479,-1.512679,-0.267580,-1.665841,1.423921
447,65.155,A,5,63.774538,27.141321,63.956398,25.725357,0.548908,0.061189,86.9334,0.010149,86.9397,0.006013,65.491459,25.955558,86.9397,1.552225,2.086588,-1.535061,-0.230200,-1.716920,1.185763
448,65.295,A,5,63.739167,26.378249,63.920930,26.030380,0.546933,0.064791,86.9946,0.010662,87.0055,0.021898,65.484174,26.270494,87.0055,1.581577,1.748330,-1.563244,-0.240114,-1.745007,0.107755
449,65.443,A,5,64.468530,27.656407,63.885078,26.145101,0.506582,0.065834,87.0602,0.010609,87.0712,0.001123,65.477261,26.584588,87.0712,1.651726,1.471847,-1.592183,-0.439488,-1.008731,1.071818
450,65.582,A,5,63.798932,28.264935,63.985076,26.463106,0.513665,0.041434,87.1139,0.010000,87.1371,0.010817,65.470742,26.898959,87.1371,1.548280,2.158897,-1.485666,-0.435853,-1.671810,1.365975
451,65.718,A,5,63.615455,28.576423,63.950399,26.833339,0.529032,0.047688,87.1639,0.008571,87.2037,0.015056,65.464650,27.215283,87.2037,1.561678,2.296133,-1.514251,-0.381944,-1.849195,1.361141
452,65.852,A,5,63.940708,28.004869,63.888647,27.194611,0.540532,0.058540,87.2322,0.010328,87.2711,0.013967,65.459036,27.535012,87.2711,1.606859,1.589367,-1.570390,-0.340401,-1.518329,0.469857
453,65.981,A,5,63.764885,28.384800,63.894759,27.390988,0.517970,0.052554,87.2936,0.010246,87.3388,0.012442,65.453956,27.858717,87.3388,1.627840,1.769102,-1.559196,-0.467728,-1.689070,0.526083
454,66.121,A,5,64.072980,30.095900,63.868891,27.617884,0.503875,0.054024,87.3604,0.010528,87.4060,0.017084,65.449441,28.185850,87.4060,1.679501,2.354344,-1.580550,-0.567966,-1.376462,1.910050
455,66.262,A,5,64.042040,29.225511,63.902195,28.107650,0.545358,0.045923,87.4213,0.010557,87.4717,0.015658,65.445488,28.515021,87.4717,1.596152,1.573042,-1.543292,-0.407371,-1.403448,0.710489
456,66.424,A,5,64.599475,30.316776,63.924975,28.359280,0.533589,0.038428,87.4993,0.011976,87.5354,0.004641,65.442053,28.844630,87.5354,1.592824,1.696216,-1.517078,-0.485350,-0.842578,1.472146
457,66.545,A,5,64.463285,30.190348,64.043541,28.759136,0.554178,0.013749,87.5575,0.010100,87.5969,0.009072,65.439088,29.173583,87.5969,1.455788,1.409255,-1.395547,-0.414447,-0.975803,1.016764
458,66.693,A,5,63.950928,30.322780,64.119161,29.067166,0.553340,-0.000329,87.6102,0.009174,87.6625,0.016704,65.436346,29.501547,87.6625,1.386962,1.697318,-1.317185,-0.434381,-1.485418,0.821233
459,66.825,A,5,63.657151,30.436478,64.091394,29.343790,0.545266,0.007842,87.6833,0.010985,87.7407,0.015816,65.433571,29.829096,87.7407,1.427222,1.877387,-1.342177,-0.485305,-1.776420,0.607382
460,66.954,A,5,65.253192,30.698104,64.015395,29.590665,0.531669,0.024529,87.7572,0.011892,87.8156,0.012100,65.431522,30.158349,87.8156,1.525674,0.568451,-1.416127,-0.567684,-0.178330,0.539754
461,67.100,A,5,63.528677,31.728870,64.235325,29.838953,0.522548,-0.020835,87.8269,0.011606,87.8875,0.011485,65.430193,30.490700,87.8875,1.361060,2.269103,-1.194868,-0.651747,-1.901516,1.238171
462,67.229,A,5,64.410264,31.273533,64.113362,30.225502,0.539583,0.009580,87.8978,0.011097,87.9576,0.010364,65.429394,30.826788,87.9576,1.446888,1.112748,-1.316032,-0.601286,-1.019130,0.446745
463,67.368,A,5,64.144840,31.884372,64.167135,30.463910,0.526057,-0.000525,87.9723,0.011932,88.0270,0.008081,65.428896,31.166218,88.0270,1.444048,1.471239,-1.261760,-0.702307,-1.284055,0.718155
464,67.508,A,5,63.575440,32.048099,64.164935,30.767276,0.526828,0.002366,88.0518,0.012720,88.0960,0.018806,65.428593,31.507722,88.0960,1.464613,1.930333,-1.263658,-0.740445,-1.853153,0.540377
465,67.647,A,5,63.976558,32.983272,64.061424,31.045903,0.521696,0.025226,88.1319,0.012977,88.1639,0.009805,65.428551,31.849725,88.1639,1.585927,1.842068,-1.367127,-0.803821,-1.451993,1.133547
466,67.786,A,5,63.994140,33.126497,64.045469,31.440953,0.541487,0.028470,88.1867,0.010151,88.2298,0.013555,65.428896,32.191062,88.2298,1.573700,1.712764,-1.383427,-0.750109,-1.434756,0.935435
467,67.953,A,5,63.420133,33.662391,64.035182,31.793081,0.550330,0.029777,88.2449,0.009650,88.2936,0.010080,65.429665,32.531497,88.2936,1.577923,2.305892,-1.394483,-0.738416,-2.009531,1.130895
468,68.116,A,5,63.378142,32.632515,63.924383,32.178762,0.564269,0.051496,88.3085,0.010199,88.3563,0.018188,65.430741,32.871768,88.3563,1.658123,2.066496,-1.506358,-0.693006,-2.052599,-0.239253
469,68.271,A,5,64.430140,34.565228,63.823751,32.313859,0.525799,0.066847,88.3735,0.010295,88.4193,0.010641,65.431928,33.213207,88.4193,1.842568,1.682718,-1.608177,-0.899348,-1.001788,1.352021
470,68.408,A,5,64.194481,34.973934,63.926639,32.765358,0.557407,0.041134,88.4355,0.010292,88.4841,0.007557,65.433095,33.557135,88.4841,1.701858,1.881883,-1.506457,-0.791776,-1.238614,1.416799
471,68.550,A,5,63.325325,34.342216,63.971757,33.212209,0.584008,0.029993,88.4978,0.010370,88.5510,0.009726,65.434270,33.904268,88.5510,1.617989,2.153937,-1.462512,-0.692059,-2.108945,0.437948
472,68.692,A,5,63.646174,35.110101,63.855207,33.469521,0.568043,0.051709,88.5669,0.011018,88.6197,0.015107,65.435590,34.254369,88.6197,1.764540,1.983504,-1.580384,-0.784848,-1.789416,0.855732
473,68.834,A,5,64.876935,36.242548,63.814328,33.816240,0.572565,0.056017,88.6294,0.010152,88.6895,0.013991,65.437162,34.606330,88.6895,1.804946,1.729469,-1.622834,-0.790090,-0.560227,1.636218
474,68.989,A,5,64.168601,35.860523,63.999327,34.303339,0.606364,0.014656,88.7169,0.013671,88.7605,0.007617,65.438917,34.958667,88.7605,1.581732,1.557899,-1.439590,-0.655328,-1.270317,0.901856
475,69.132,A,5,64.382408,36.483112,64.029291,34.638920,0.604572,0.008630,88.7905,0.012652,88.8334,0.004852,65.440611,35.310203,88.8334,1.562832,1.579718,-1.411320,-0.671283,-1.058203,1.172909
476,69.261,A,5,64.767124,36.287415,64.092482,35.025310,0.613469,-0.003266,88.8558,0.011458,88.9092,0.015567,65.441963,35.660566,88.9092,1.491526,0.921057,-1.349481,-0.635256,-0.674838,0.626849
477,69.398,A,5,63.888123,36.823888,64.213992,35.308914,0.600749,-0.026237,88.9406,0.013446,88.9886,0.007798,65.442837,36.010272,88.9886,1.414907,1.754738,-1.228845,-0.701359,-1.554713,0.813616
478,69.530,A,5,64.466053,37.579944,64.159491,35.636248,0.597541,-0.010675,89.0264,0.014388,89.0715,0.012668,65.443329,36.360450,89.0715,1.474010,1.562765,-1.283837,-0.724201,-0.977276,1.219494
479,69.659,A,5,63.731761,38.256460,64.215980,36.039631,0.610666,-0.019213,89.1095,0.014416,89.1575,0.015196,65.443676,36.712351,89.1575,1.399925,2.305413,-1.227696,-0.672720,-1.711916,1.544109
480,69.780,A,5,63.760043,38.560106,64.132439,36.492869,0.631819,0.001777,89.2028,0.015576,89.2534,0.025773,65.443757,37.066483,89.2534,1.431289,2.250734,-1.311319,-0.573614,-1.683714,1.493624
481,69.916,A,5,63.897642,38.464455,64.066690,36.921545,0.645637,0.016493,89.3336,0.020168,89.3582,0.016701,65.443651,37.422865,89.3582,1.465383,1.864150,-1.376962,-0.501321,-1.546009,1.041590
482,70.051,A,5,64.061469,38.608205,64.035652,37.258343,0.639314,0.021994,89.4281,0.017092,89.4659,0.014614,65.443475,37.780917,89.4659,1.501682,1.610697,-1.407823,-0.522574,-1.382006,0.827288
483,70.193,A,5,63.764541,39.851360,64.038654,37.560082,0.626715,0.019716,89.5359,0.018067,89.5774,0.024036,65.442867,38.139291,89.5774,1.518979,2.397491,-1.404213,-0.579208,-1.678326,1.712070
484,70.343,A,5,64.004415,39.561204,63.988327,38.028176,0.649227,0.028903,89.6479,0.018775,89.6933,0.025248,65.441519,38.496799,89.6933,1.526884,1.788358,-1.453192,-0.468624,-1.437104,1.064405
485,70.484,A,5,62.924925,39.867207,63.988682,38.363460,0.642308,0.026229,89.7724,0.020142,89.8131,0.025087,65.439386,38.852921,89.8131,1.531050,2.711326,-1.450704,-0.489461,-2.514461,1.014286
486,70.619,A,5,63.808485,39.444557,63.796925,38.692828,0.634587,0.062759,89.8999,0.020891,89.9416,0.040727,65.436756,39.207891,89.9416,1.718819,1.645381,-1.639831,-0.515064,-1.628271,0.236666
487,70.775,A,5,63.716047,40.953844,63.792548,38.887575,0.600816,0.056552,90.5687,0.095084,90.6457,0.127710,65.439136,39.552278,90.6457,1.775691,2.221131,-1.646588,-0.664703,-1.723089,1.401567
488,70.896,A,5,63.815472,41.045896,63.772724,39.313152,0.617832,0.054296,90.8267,0.050160,90.8168,-0.055425,65.438136,39.894667,90.8168,1.764017,1.989564,-1.665412,-0.581515,-1.622664,1.151229
489,71.037,A,5,63.438787,41.368880,63.773811,39.686123,0.621134,0.047604,90.8674,0.028341,90.8904,0.110303,65.436568,40.233340,90.8904,1.750488,2.297951,-1.662757,-0.547217,-1.997781,1.135540
490,71.161,A,5,64.396405,42.342602,63.708367,40.040746,0.623560,0.055221,91.6435,0.103144,91.6924,0.076294,65.440824,40.562709,91.6924,1.809379,2.063694,-1.732457,-0.521962,-1.044419,1.779894
491,71.302,A,5,63.137419,41.898804,63.823538,40.510030,0.646346,0.024527,91.9240,0.065739,91.9723,0.099219,65.440398,40.897207,91.9723,1.662571,2.511356,-1.616860,-0.387177,-2.302979,1.001597
492,71.435,A,5,64.005052,42.629295,63.696349,40.818971,0.634634,0.046245,92.7386,0.119206,92.8178,0.102259,65.444782,41.223092,92.8178,1.794528,2.012518,-1.748433,-0.404122,-1.439731,1.406203
493,71.576,A,5,63.213438,42.415708,63.743427,41.201752,0.638749,0.029355,93.3959,0.119932,93.4864,0.144889,65.448005,41.546375,93.4864,1.739067,2.397715,-1.704579,-0.344623,-2.234568,0.869334
494,71.721,A,5,63.682216,42.529033,63.642042,41.478715,0.621735,0.044425,94.2421,0.135796,94.3154,0.151851,65.453304,41.860972,94.3154,1.851159,1.892898,-1.811262,-0.382256,-1.771089,0.668062
495,71.852,A,5,63.593401,43.465734,63.639894,41.724802,0.599862,0.037271,95.1570,0.152060,95.2437,0.160847,65.460399,42.166154,95.2437,1.873241,2.274772,-1.820505,-0.441352,-1.866998,1.299580
496,71.996,A,5,63.962676,42.685455,63.621710,42.094034,0.605150,0.032303,96.1757,0.165462,96.2306,0.189073,65.468797,42.462782,96.2306,1.883535,1.522493,-1.847087,-0.368748,-1.506121,0.222674
497,72.135,A,5,64.581334,43.421548,63.672900,42.254435,0.567800,0.015442,97.2130,0.180702,97.2916,0.187792,65.478369,42.752661,97.2916,1.872952,1.118965,-1.805469,-0.498226,-0.897035,0.668887
498,72.269,A,5,63.003996,44.515310,63.825438,42.516126,0.552792,-0.021864,98.3614,0.194676,98.4243,0.205133,65.488892,43.038505,98.4243,1.743548,2.890615,-1.663454,-0.522380,-2.484895,1.476805
499,72.394,A,5,63.691735,44.315419,63.672666,42.924378,0.574205,0.003293,99.5602,0.204678,99.6255,0.214519,65.500265,43.322634,99.6255,1.870487,2.063105,-1.827598,-0.398256,-1.808530,0.992785
500,72.525,A,5,63.747961,44.469603,63.667772,43.214694,0.580516,-0.003099,100.5558,0.211581,100.8913,0.220415,65.512460,43.606004,100.8913,1.885735,1.964501,-1.844688,-0.391310,-1.764500,0.863600
501,72.666,A,5,62.745311,45.716074,63.671673,43.489626,0.570210,-0.011604,101.8731,0.224531,102.2183,0.234594,65.525470,43.887852,102.2183,1.896087,3.327413,-1.853797,-0.398226,-2.780159,1.828222
502,72.797,A,5,63.498760,44.833631,63.493606,43.947116,0.590478,0.011651,103.5364,0.237923,103.6038,0.240211,65.539358,44.166112,103.6038,2.057440,2.147003,-2.045752,-0.218997,-2.040598,0.667519
503,72.942,A,5,64.708515,45.464469,63.479272,44.159430,0.565137,0.005184,104.9806,0.247054,105.0453,0.252511,65.554371,44.438454,105.0453,2.093775,1.329729,-2.075099,-0.279025,-0.845856,1.026015
504,73.089,A,5,62.867106,45.937897,63.682244,44.443991,0.548895,-0.047377,106.4791,0.256709,106.5393,0.268096,65.570934,44.703499,106.5393,1.906436,2.972276,-1.888691,-0.259508,-2.703828,1.234398
505,73.233,A,5,63.551788,46.143422,63.525580,44.761124,0.554818,-0.025136,108.0428,0.268017,108.0940,0.277498,65.588838,44.960752,108.0940,2.072893,2.355479,-2.063258,-0.199628,-2.037050,1.182669
506,73.364,A,5,63.436375,46.613168,63.514908,45.058170,0.549766,-0.034991,109.6469,0.275427,109.7072,0.286628,65.608043,45.211888,109.7072,2.098772,2.584516,-2.093135,-0.153718,-2.171667,1.401280
507,73.501,A,5,63.700007,46.048743,63.485118,45.385321,0.551883,-0.043002,111.3141,0.285100,111.3622,0.288135,65.628955,45.460296,111.3622,2.145147,2.016707,-2.143836,-0.074974,-1.928947,0.588447
508,73.637,A,5,64.043578,46.712111,63.506994,45.554120,0.519700,-0.052934,112.9993,0.290536,113.0566,0.304965,65.650696,45.708106,113.0566,2.149225,1.894955,-2.143702,-0.153985,-1.607117,1.004005
509,73.773,A,5,63.843413,46.401303,63.631186,45.911284,0.522721,-0.096316,114.7386,0.298395,114.7907,0.311164,65.672179,45.956058,114.7907,2.041484,1.882187,-2.040993,-0.044774,-1.828766,0.445246
510,73.913,A,5,63.446422,47.099532,63.617915,45.960596,0.472498,-0.087070,116.5277,0.307058,116.5652,0.315310,65.692724,46.203242,116.5652,2.088950,2.418515,-2.074809,-0.242645,-2.246303,0.896291
511,74.058,A,5,63.524468,47.221822,63.573517,46.207258,0.467684,-0.087469,118.3630,0.315783,118.3791,0.321437,65.712601,46.447673,118.3791,2.152552,2.321041,-2.139084,-0.240415,-2.188133,0.774149
512,74.214,A,5,63.484612,47.944100,63.549808,46.431023,0.457228,-0.091367,120.2131,0.320297,120.2277,0.326308,65.733034,46.687410,120.2277,2.198228,2.575785,-2.183225,-0.256386,-2.248421,1.256690
513,74.367,A,5,63.625042,49.261784,63.522425,46.742295,0.464021,-0.102714,122.0939,0.325849,122.1042,0.332929,65.755548,46.921592,122.1042,2.240309,3.164736,-2.233123,-0.179297,-2.130506,2.340192
514,74.510,A,5,63.926540,47.725805,63.523572,47.233160,0.499488,-0.135740,124.0022,0.330086,124.0026,0.331252,65.780951,47.150700,124.0026,2.258885,1.941542,-2.257379,0.082460,-1.854411,0.575104
515,74.649,A,5,64.015643,48.559862,63.578426,47.367831,0.460482,-0.143793,125.7071,0.297604,125.6499,0.201926,65.805463,47.378691,125.6499,2.227064,2.144439,-2.227037,-0.010860,-1.789819,1.181171
516,74.792,A,5,64.087838,48.223529,63.640655,47.623821,0.445887,-0.164794,127.1869,0.279401,127.1614,0.343942,65.826055,47.607500,127.1614,2.185461,1.844150,-2.185400,0.016321,-1.738217,0.616029
517,74.936,A,5,63.795290,48.424975,63.705791,47.774092,0.413195,-0.173921,129.3498,0.348134,129.3353,0.327724,65.842820,47.841848,129.3353,2.138102,2.128947,-2.137029,-0.067755,-2.047530,0.583128
518,75.085,A,5,64.115948,48.369992,63.708865,47.931054,0.391422,-0.172679,130.7694,0.266230,130.6792,0.209399,65.847413,48.076936,130.6792,2.143518,1.756090,-2.138548,-0.145882,-1.731465,0.293056
519,75.237,A,5,64.007318,49.426421,63.768621,48.048451,0.358462,-0.177145,132.3890,0.287971,132.3544,0.357856,65.850724,48.315887,132.3544,2.099209,2.152076,-2.082104,-0.267436,-1.843406,1.110533
520,75.416,A,5,63.575712,49.434498,63.799434,48.330339,0.358876,-0.196529,133.8746,0.254601,133.7711,0.172677,65.848432,48.554203,133.7711,2.061192,2.437248,-2.048999,-0.223864,-2.272720,0.880295
521,75.586,A,5,63.786176,50.298351,63.748590,48.564407,0.360688,-0.195855,135.2618,0.254218,135.2210,0.269402,65.844450,48.792676,135.2210,2.108254,2.550205,-2.095860,-0.228269,-2.058273,1.505675
522,75.773,A,5,64.374063,50.145604,63.742927,48.910390,0.373261,-0.218011,136.4958,0.223886,136.4406,0.246398,65.835446,49.028880,136.4406,2.095872,1.839215,-2.092520,-0.118490,-1.461383,1.116724
523,75.946,A,5,63.787352,49.362409,63.842731,49.170043,0.355887,-0.243540,137.7624,0.217599,137.7005,0.212281,65.823004,49.265108,137.7005,1.982553,2.037976,-1.980273,-0.095065,-2.035652,0.097301
524,76.134,A,5,63.283081,51.116725,63.822918,49.244463,0.328146,-0.223381,138.9330,0.207332,138.8673,0.200964,65.804645,49.501637,138.8673,1.998344,2.994461,-1.981727,-0.257174,-2.521564,1.615089
525,76.320,A,5,64.165717,50.848562,63.716333,49.614051,0.358667,-0.234959,140.0377,0.196357,139.9612,0.184833,65.779520,49.740028,139.9612,2.067030,1.957858,-2.063187,-0.125977,-1.613803,1.108534
526,76.487,A,5,64.456206,51.026094,63.783667,49.873187,0.343899,-0.255508,141.0766,0.185295,140.9883,0.173712,65.747247,49.981461,140.9883,1.966563,1.660736,-1.963580,-0.108274,-1.291041,1.044633
527,76.661,A,5,63.809945,50.332915,63.892403,50.118257,0.321708,-0.277874,142.0644,0.175695,141.9601,0.161174,65.708136,50.226319,141.9601,1.818946,1.901182,-1.815734,-0.108062,-1.898192,0.106596
528,76.855,A,5,63.975041,51.065375,63.869483,50.196429,0.298199,-0.254932,142.9802,0.164359,142.8850,0.153467,65.662793,50.472629,142.8850,1.814454,1.788813,-1.793309,-0.276200,-1.687751,0.592746
529,77.047,A,5,63.462996,51.545022,63.879680,50.387791,0.287220,-0.256637,143.8736,0.158640,143.7707,0.150437,65.612272,50.717925,143.7707,1.763764,2.302928,-1.732592,-0.330134,-2.149276,0.827096
530,77.216,A,5,63.804052,51.726870,63.797303,50.629689,0.297953,-0.254426,144.7134,0.150240,144.6202,0.137317,65.557726,50.960796,144.6202,1.791290,1.913698,-1.760423,-0.331107,-1.753674,0.766074
531,77.380,A,5,63.309756,51.089235,63.790699,50.853535,0.299977,-0.266341,145.3556,0.143838,145.4323,0.139398,65.499962,51.201519,145.4323,1.744326,2.193082,-1.709263,-0.347984,-2.190206,-0.112284
532,77.545,A,5,63.063163,52.169114,63.693365,50.941035,0.284602,-0.231755,146.3514,0.137051,146.2034,0.135364,65.439081,51.441545,146.2034,1.816048,2.484822,-1.745715,-0.500510,-2.375917,0.727569
533,77.725,A,5,62.447175,52.967087,63.571144,51.190545,0.302926,-0.231750,147.0132,0.129496,146.9322,0.123292,65.374138,51.682453,146.9322,1.868893,3.196466,-1.802993,-0.491909,-2.926962,1.284634
534,77.880,A,5,62.722584,52.702634,63.358504,51.540585,0.344051,-0.237359,147.7063,0.123211,147.6231,0.119250,65.303251,51.924971,147.6231,1.982371,2.695292,-1.944747,-0.384386,-2.580667,0.777663
535,78.049,A,5,63.000461,51.870465,63.229280,51.783936,0.353810,-0.235552,148.3717,0.118255,148.2851,0.114133,65.224556,52.168647,148.2851,2.032025,2.243995,-1.995275,-0.384711,-2.224095,-0.298182
536,78.215,A,5,63.602960,53.612047,63.171348,51.836305,0.328384,-0.210837,149.0118,0.113696,148.9265,0.112515,65.137392,52.412337,148.9265,2.048693,1.947764,-1.966044,-0.576032,-1.534432,1.199709
537,78.372,A,5,63.344262,53.284969,63.231010,52.185829,0.319332,-0.252547,149.6296,0.110032,149.5497,0.104657,65.042802,52.655022,149.5497,1.871558,1.811593,-1.811791,-0.469192,-1.698539,0.629947
538,78.521,A,5,63.001638,54.398004,63.236621,52.417770,0.306755,-0.263805,150.2270,0.106534,150.1510,0.100190,64.942991,52.896345,150.1510,1.772212,2.454350,-1.706370,-0.478575,-1.941353,1.501659
539,78.660,A,5,62.421326,54.331909,63.181344,52.806614,0.322551,-0.294452,150.8019,0.102416,150.7250,0.097351,64.840064,53.136504,150.7250,1.691207,2.698016,-1.658720,-0.329889,-2.418738,1.195406
540,78.809,A,5,62.220515,54.103893,63.032484,53.117640,0.343771,-0.298784,151.3421,0.097333,151.2698,0.088131,64.734951,53.375680,151.2698,1.721911,2.617763,-1.702467,-0.258040,-2.514436,0.728214
541,78.965,A,5,62.196020,54.374791,62.872488,53.334016,0.354217,-0.285611,151.8609,0.092655,151.7887,0.091595,64.627077,53.613687,151.7887,1.776738,2.547414,-1.754589,-0.279671,-2.431057,0.761104
542,79.094,A,5,61.958698,54.554529,62.734736,53.559346,0.360255,-0.278340,152.3677,0.089744,152.2889,0.084107,64.514666,53.850175,152.2889,1.803534,2.651243,-1.779931,-0.290829,-2.555968,0.704354
543,79.234,A,5,61.471326,54.479796,62.578081,53.776058,0.367816,-0.268966,152.8629,0.087322,152.7771,0.080078,64.395642,54.085156,152.7771,1.843657,2.950825,-1.817562,-0.309098,-2.924317,0.394640
544,79.383,A,5,61.772625,54.851931,62.361234,53.940201,0.379798,-0.245892,153.3415,0.085219,153.2547,0.086136,64.268785,54.319246,153.2547,1.944845,2.552364,-1.907550,-0.379046,-2.496159,0.532684
545,79.529,A,5,62.168753,55.418253,62.234233,54.139803,0.377754,-0.241045,153.8109,0.083141,153.7176,0.083313,64.134359,54.553326,153.7176,1.944603,2.147489,-1.900127,-0.413523,-1.965607,0.864927
546,79.676,A,5,61.738540,55.273348,62.199939,54.404144,0.365271,-0.257577,154.2412,0.077912,154.1605,0.078079,63.993872,54.787873,154.1605,1.834514,2.306991,-1.793932,-0.383729,-2.255332,0.485475
547,79.825,A,5,62.164376,55.757388,62.096758,54.596276,0.359484,-0.252987,154.6652,0.075240,154.5814,0.071018,63.849173,55.022425,154.5814,1.803486,1.838127,-1.752415,-0.426149,-1.684797,0.734963
548,79.971,A,5,61.299340,56.282292,62.087755,54.839647,0.341845,-0.267184,155.0574,0.070773,154.9838,0.070790,63.701566,55.255677,154.9838,1.666574,2.612399,-1.613811,-0.416030,-2.402226,1.026615
549,80.122,A,5,61.627036,56.500275,61.928216,55.133405,0.357827,-0.275428,155.4459,0.068860,155.3728,0.066359,63.551483,55.486248,155.3728,1.661173,2.175258,-1.623267,-0.352844,-1.924447,1.014027
550,80.260,A,5,61.123864,57.242628,61.854097,55.414967,0.354984,-0.288561,155.8169,0.066496,155.7521,0.059971,63.398606,55.713608,155.7521,1.573116,2.740867,-1.544509,-0.298641,-2.274742,1.529020
551,80.422,A,5,61.243806,57.249165,61.704273,55.779551,0.373322,-0.308974,155.7775,0.004015,155.6601,-0.062010,63.244993,55.932317,155.6601,1.548275,2.395587,-1.540720,-0.152766,-2.001187,1.316848
552,80.554,A,5,60.635334,56.325416,61.601676,56.082940,0.375222,-0.320219,155.8340,0.018510,155.7852,0.098860,63.095872,56.149403,155.7852,1.495673,2.466825,-1.494196,-0.066464,-2.460537,0.176013
553,80.709,A,5,60.511088,56.989457,61.409042,56.168705,0.374544,-0.282609,156.4123,0.070359,156.3401,0.013803,62.945107,56.367518,156.3401,1.548878,2.512222,-1.536066,-0.198813,-2.434019,0.621939
554,80.852,A,5,60.743655,57.512218,61.227299,56.354172,0.380471,-0.268835,156.0993,-0.022175,156.0021,-0.037595,62.795219,56.576376,156.0021,1.583587,2.254932,-1.567920,-0.222204,-2.051565,0.935842
555,80.998,A,5,60.350395,58.269796,61.118125,56.598660,0.377201,-0.273871,156.2565,0.019889,156.1852,0.019054,62.640889,56.789346,156.1852,1.534657,2.727286,-1.522764,-0.190687,-2.290493,1.480449
556,81.142,A,5,59.794008,57.525449,60.959013,56.934882,0.391166,-0.291209,155.9699,-0.035266,155.8512,-0.059717,62.486788,56.994232,155.8512,1.528927,2.744678,-1.527775,-0.059350,-2.692780,0.531218
557,81.275,A,5,60.421561,57.923502,60.728592,57.080879,0.400792,-0.265429,156.0658,0.013117,156.0000,0.077609,62.331082,57.198837,156.0000,1.606826,2.042402,-1.602490,-0.117957,-1.909520,0.724665
558,81.415,A,5,59.783713,57.524996,60.648992,57.269847,0.384888,-0.263185,156.1486,0.003384,156.0219,-0.080009,62.175805,57.400139,156.0219,1.532363,2.395348,-1.526814,-0.130292,-2.392092,0.124857
559,81.556,A,5,59.614965,59.648877,60.471697,57.353608,0.380230,-0.233560,155.4734,-0.084215,155.3172,-0.110078,62.017322,57.598547,155.3172,1.564913,3.158350,-1.545625,-0.244939,-2.402357,2.050330
560,81.702,A,5,59.829874,58.742209,60.295350,57.797855,0.405864,-0.274207,155.2889,-0.034845,155.2120,0.039713,61.864033,57.797090,155.2120,1.568683,2.243001,-1.568683,0.000765,-2.034159,0.945119
561,81.855,A,5,59.725280,58.421205,60.188054,58.006174,0.396232,-0.272080,155.2839,-0.018953,155.1855,-0.081658,61.710937,57.992066,155.1855,1.522948,2.031500,-1.522883,0.014108,-1.985657,0.429139
562,81.993,A,5,58.931150,58.096572,60.087073,58.111899,0.387344,-0.257871,154.9591,-0.046604,154.9243,0.038899,61.557413,58.185599,154.9243,1.472187,2.627772,-1.470341,-0.073701,-2.626264,-0.089028
563,82.142,A,5,59.648168,58.461599,59.851140,58.157282,0.380670,-0.210404,155.4101,0.040125,155.3654,0.031119,61.415181,58.382160,155.3654,1.580126,1.768798,-1.564042,-0.224878,-1.767013,0.079438
564,82.286,A,5,58.619488,60.649294,59.793297,58.241080,0.355694,-0.197364,155.2334,-0.011364,155.1836,-0.038554,61.263415,58.575853,155.1836,1.507753,3.359986,-1.470118,-0.334773,-2.643927,2.073441
565,82.420,A,5,59.205775,59.743295,59.566779,58.693071,0.404023,-0.244460,155.2299,-0.002415,155.2640,0.061724,61.112152,58.768432,155.2640,1.547208,2.141174,-1.545372,-0.075361,-1.906376,0.974863
566,82.581,A,5,58.132595,59.257318,59.473133,58.922835,0.385426,-0.245594,155.8207,0.069384,155.8310,0.059903,60.965274,58.963359,155.8310,1.492691,2.847890,-1.492141,-0.040524,-2.832679,0.293958
567,82.714,A,5,58.402854,60.444877,59.210592,59.018945,0.397271,-0.212869,156.0457,0.044693,156.0383,0.041943,60.812641,59.156968,156.0383,1.607984,2.732358,-1.602049,-0.138023,-2.409786,1.287909
568,82.861,A,5,58.556810,60.523738,59.040084,59.306546,0.406886,-0.227137,156.6346,0.092782,156.6567,0.131701,60.668793,59.350173,156.6567,1.629293,2.416139,-1.628709,-0.043627,-2.111983,1.173565
569,83.011,A,5,58.413951,59.509536,58.926649,59.558452,0.401743,-0.238183,157.1647,0.088437,157.1631,0.094946,60.528870,59.540270,157.1631,1.602324,2.115143,-1.602221,0.018182,-2.114920,-0.030734
570,83.168,A,5,58.349674,60.196653,58.808500,59.585630,0.379341,-0.206159,157.8873,0.117062,157.8989,0.120415,60.398066,59.727222,157.8989,1.595859,2.101494,-1.589566,-0.141592,-2.048392,0.469432
571,83.336,A,5,57.768361,61.866591,58.700280,59.726247,0.366922,-0.199935,158.6294,0.129090,158.6447,0.132344,60.272242,59.910515,158.6447,1.582725,3.177366,-1.571962,-0.184268,-2.503881,1.956076
572,83.499,A,5,57.576362,60.560418,58.508075,60.137612,0.393038,-0.238579,159.4578,0.140856,159.4765,0.157553,60.149881,60.091522,159.4765,1.642454,2.615888,-1.641807,0.046091,-2.573520,0.468897
573,83.670,A,5,57.764024,61.586414,58.314623,60.247213,0.392216,-0.216811,160.3852,0.156042,160.3959,0.164302,60.028026,60.272017,160.3959,1.713582,2.617889,-1.713403,-0.024804,-2.264001,1.314398
574,83.827,A,5,58.157434,61.026908,58.187644,60.517492,0.391105,-0.233399,161.3674,0.166743,161.3874,0.176328,59.904329,60.453208,161.3874,1.717889,1.838688,-1.716685,0.064285,-1.746895,0.573701
575,83.979,A,5,57.576603,60.658584,58.153444,60.641159,0.361229,-0.227736,162.4334,0.180402,162.4485,0.188468,59.778305,60.635051,162.4485,1.624873,2.201828,-1.624861,0.006109,-2.201703,0.023534
576,84.131,A,5,56.877189,61.408023,58.024033,60.675235,0.346271,-0.199145,163.5603,0.192100,163.5789,0.211347,59.651331,60.816277,163.5789,1.633399,2.836552,-1.627298,-0.141042,-2.774142,0.591746
577,84.282,A,5,57.521774,62.229659,57.792973,60.832938,0.360947,-0.191026,164.7551,0.203992,164.7780,0.214461,59.526044,60.995199,164.7780,1.740650,2.353931,-1.733071,-0.162261,-2.004270,1.234460
578,84.437,A,5,57.884523,62.049108,57.715447,61.107971,0.351731,-0.217328,166.0327,0.217285,166.0420,0.229682,59.405063,61.170797,166.0420,1.690784,1.755982,-1.689616,-0.062826,-1.520540,0.878310
579,84.587,A,5,56.704803,61.675533,57.717233,61.303638,0.322451,-0.230699,167.3690,0.228618,167.3649,0.233506,59.289751,61.343268,167.3649,1.573018,2.606215,-1.572518,-0.039630,-2.584948,0.332265
580,84.736,A,5,56.564452,62.006620,57.511276,61.397673,0.330361,-0.210957,168.7481,0.236775,168.7395,0.240631,59.179654,61.513719,168.7395,1.672408,2.661246,-1.668377,-0.116046,-2.615202,0.492901
581,84.886,A,5,56.892013,61.999014,57.315164,61.531512,0.337439,-0.202775,170.1758,0.245910,170.1611,0.258672,59.072544,61.683393,170.1611,1.763930,2.203254,-1.757379,-0.151882,-2.180530,0.315621
582,85.034,A,5,56.107372,62.270188,57.210839,61.638974,0.323982,-0.195901,171.6356,0.252435,171.6287,0.252634,58.965212,61.852866,171.6287,1.767364,2.888150,-1.754373,-0.213892,-2.857840,0.417322
583,85.176,A,5,56.669270,62.475452,56.985984,61.773727,0.336798,-0.190352,173.1482,0.260696,173.1448,0.267202,58.854966,62.021762,173.1448,1.885369,2.232286,-1.868982,-0.248035,-2.185696,0.453690
584,85.325,A,5,55.725273,62.483325,56.899147,61.920172,0.320750,-0.194573,174.7102,0.269194,174.7123,0.273375,58.740915,62.189175,174.7123,1.861309,3.029954,-1.841768,-0.269003,-3.015642,0.294150
585,85.453,A,5,56.163373,62.401598,56.660888,62.041029,0.335232,-0.188328,176.3153,0.276857,176.3300,0.284533,58.624315,62.354401,176.3300,1.988277,2.461394,-1.963427,-0.313372,-2.460942,0.047197
586,85.596,A,5,56.491718,62.814039,56.540980,62.124773,0.322760,-0.180334,177.9667,0.284981,177.9924,0.293342,58.507933,62.517435,177.9924,2.005764,2.037915,-1.966953,-0.392662,-2.016215,0.296605
587,85.714,A,5,56.268048,64.015441,56.501339,62.265400,0.296693,-0.187436,179.6493,0.290348,179.6924,0.300662,58.394627,62.678885,179.6924,1.937914,2.511717,-1.893288,-0.413485,-2.126579,1.336556
588,85.859,A,5,56.596706,63.748625,56.430497,62.594388,0.282967,-0.231363,-178.6141,0.298672,-178.5756,0.300281,58.285989,62.839419,-178.5756,1.871601,1.918420,-1.855492,-0.245031,-1.689284,0.909206
589,85.982,A,5,55.577057,63.392365,56.431575,62.820943,0.252890,-0.251093,-176.8419,0.305836,-176.8137,0.311691,58.181776,62.999270,-176.8137,1.759262,2.634214,-1.750201,-0.178327,-2.604719,0.393095
590,86.140,A,5,56.163499,62.991087,56.253452,62.944624,0.260320,-0.246137,-175.0390,0.311013,-175.0211,0.314898,58.080050,63.158137,-175.0211,1.839034,1.923817,-1.826597,-0.213513,-1.916551,-0.167050
591,86.279,A,5,55.349373,63.010138,56.215526,62.969910,0.243447,-0.228684,-173.5879,0.313930,-173.1966,0.321712,57.977954,63.315466,-173.1966,1.795985,2.646254,-1.762428,-0.345556,-2.628580,-0.305328
592,86.404,A,5,55.423753,64.071155,56.031570,62.998177,0.246933,-0.204299,-171.3608,0.320778,-171.3405,0.324200,57.873008,63.470863,-171.3405,1.901138,2.521745,-1.841438,-0.472687,-2.449255,0.600292
593,86.618,A,5,55.286938,64.805221,55.896412,63.204101,0.243399,-0.224162,-169.4722,0.326707,-169.2278,0.326253,57.764231,63.624329,-169.4557,1.914508,2.744355,-1.867819,-0.420228,-2.477292,1.180892
594,86.743,A,5,54.635906,63.979642,55.760197,63.504987,0.237642,-0.261698,-167.7009,0.306934,-167.7277,0.221067,57.651244,63.774307,-167.7277,1.910129,3.022321,-1.891047,-0.269320,-3.015338,0.205335
595,86.875,A,5,55.559429,63.902609,55.532448,63.608535,0.253258,-0.257795,-166.7857,0.199617,-166.8089,0.294200,57.543272,63.917962,-166.8089,2.034492,1.983903,-2.010824,-0.309427,-1.983843,-0.015353
596,87.005,A,5,55.886388,64.684486,55.507504,63.678942,0.226546,-0.243388,-165.1440,0.259113,-165.1646,0.277844,57.433974,64.064044,-165.1646,1.964585,1.667324,-1.926471,-0.385102,-1.547586,0.620442
597,87.135,A,5,55.420530,64.027005,55.552293,63.870656,0.189248,-0.258729,-163.9008,0.265396,-163.6365,0.251425,57.331583,64.204372,-163.6365,1.810314,1.919266,-1.779289,-0.333716,-1.911053,-0.177367
598,87.269,A,5,55.199890,64.696516,55.500505,63.919755,0.171090,-0.235452,-162.2354,0.243900,-162.3013,0.211407,57.238239,64.332954,-162.3013,1.786184,2.070518,-1.737734,-0.413199,-2.038349,0.363562
599,87.414,A,5,55.040281,64.727989,55.424099,64.074135,0.159215,-0.242510,-161.1102,0.207862,-161.1844,0.180217,57.151725,64.452217,-161.1844,1.768513,2.129378,-1.727626,-0.378082,-2.111445,0.275772
600,87.573,A,5,54.421722,64.202003,55.333523,64.207254,0.151693,-0.245425,-160.2066,0.170027,-160.2945,0.142139,57.068011,64.565923,-160.2945,1.771184,2.671195,-1.734488,-0.358669,-2.646289,-0.363920
601,87.715,A,5,54.591719,65.022396,55.149628,64.223218,0.168901,-0.230315,-159.5225,0.132130,-159.6261,0.104082,56.984279,64.674374,-159.6261,1.889308,2.417739,-1.834651,-0.451156,-2.392560,0.348023
602,87.858,A,5,54.672535,65.007024,55.027215,64.380217,0.163804,-0.241554,-159.0328,0.098463,-159.1551,0.062296,56.900442,64.774210,-159.1551,1.914212,2.240038,-1.873226,-0.393992,-2.227907,0.232814
603,88.004,A,5,54.892397,63.812549,54.945668,64.504160,0.156591,-0.248757,-158.7619,0.074006,-158.8511,0.042571,56.818854,64.861191,-158.8511,1.906908,2.193374,-1.873186,-0.357031,-1.926457,-1.048643
604,88.143,A,5,54.806700,65.573715,54.910317,64.400292,0.148405,-0.196829,-158.5310,0.041301,-158.6955,0.019125,56.742622,64.933765,-158.6955,1.908386,2.038954,-1.832305,-0.533473,-1.935923,0.639950
605,88.287,A,5,54.976119,64.843971,54.871543,64.621410,0.123788,-0.219086,-158.5125,0.014059,-158.6881,-0.019139,56.673791,64.994598,-158.6881,1.840480,1.704341,-1.802248,-0.373188,-1.697672,-0.150627
606,88.425,A,5,54.678947,64.916043,54.871391,64.676301,0.105633,-0.204316,-158.6589,-0.013940,-158.8385,-0.035228,56.612615,65.048795,-158.8385,1.780622,1.938220,-1.741224,-0.372495,-1.933669,-0.132752
607,88.575,A,5,54.134170,65.461698,54.820602,64.733603,0.099024,-0.195205,-158.9679,-0.042294,-159.1525,-0.066315,56.558067,65.100189,-159.1525,1.775717,2.450707,-1.737465,-0.366586,-2.423897,0.361509
608,88.721,A,5,53.780101,65.133129,54.682899,64.877329,0.103568,-0.209760,-159.4457,-0.071130,-159.6243,-0.100548,56.508771,65.148610,-159.6243,1.845915,2.728713,-1.825872,-0.271281,-2.728669,-0.015480
609,88.878,A,5,54.239948,65.800885,54.505934,64.938358,0.120933,-0.209707,-160.0610,-0.096594,-160.2352,-0.123373,56.463522,65.190075,-160.2352,1.973705,2.305942,-1.957588,-0.251717,-2.223574,0.610810
610,89.016,A,5,53.771815,65.127666,54.440944,65.106994,0.107420,-0.222129,-160.8043,-0.119334,-160.9615,-0.137090,56.421240,65.219710,-160.9615,1.983502,2.651023,-1.980297,-0.112716,-2.649425,-0.092044
611,89.171,A,5,54.081563,66.056127,54.305212,65.127620,0.119538,-0.209861,-161.6317,-0.136699,-161.7894,-0.156263,56.380831,65.235395,-161.7894,2.078415,2.441360,-2.075619,-0.107775,-2.299269,0.820732
612,89.314,A,5,53.635287,66.478081,54.248388,65.308578,0.104233,-0.224019,-162.5758,-0.156068,-162.7231,-0.165607,56.341488,65.239332,-162.7231,2.094245,2.976243,-2.093100,0.069247,-2.706201,1.238750
613,89.446,A,5,54.090770,65.383637,54.123599,65.534534,0.101077,-0.249742,-163.6313,-0.175659,-163.7767,-0.199538,56.303351,65.236374,-163.7767,2.200050,2.217476,-2.179752,0.298160,-2.212581,0.147263
614,89.576,A,5,53.369374,64.753887,54.101820,65.528158,0.094250,-0.220963,-164.8196,-0.197552,-164.9584,-0.218342,56.267843,65.230450,-164.9584,2.186386,2.937386,-2.166023,0.297708,-2.898469,-0.476564
615,89.708,A,5,54.307897,66.118799,53.957173,65.408788,0.119035,-0.181335,-166.1182,-0.217198,-166.2605,-0.240764,56.237068,65.221696,-166.2605,2.287559,2.127556,-2.279895,0.187092,-1.929171,0.897103
616,89.856,A,5,54.068767,64.849216,54.004650,65.549417,0.087911,-0.184677,-167.5323,-0.237461,-167.6625,-0.254863,56.212461,65.206645,-167.6625,2.234261,2.173288,-2.207811,0.342772,-2.143694,-0.357429
617,90.003,A,5,53.650857,65.307703,54.003954,65.440444,0.084303,-0.141992,-169.0135,-0.250366,-169.1435,-0.264845,56.193648,65.181203,-169.1435,2.204987,2.545936,-2.189694,0.259240,-2.542791,0.126500
618,90.154,A,5,53.868599,65.919179,53.930665,65.428923,0.089769,-0.127041,-170.5762,-0.264908,-170.6939,-0.284024,56.178257,65.143788,-170.6939,2.265607,2.436340,-2.247592,0.285135,-2.309658,0.775391
619,90.299,A,5,53.044169,65.793503,53.909411,65.526952,0.079073,-0.132554,-172.2084,-0.277887,-172.3210,-0.288158,56.162929,65.096382,-172.3210,2.294283,3.195722,-2.253518,0.430569,-3.118760,0.697121
620,90.448,A,5,53.746649,65.110278,53.746468,65.586408,0.099862,-0.136012,-173.9343,-0.293517,-174.0409,-0.315005,56.145082,65.042778,-174.0409,2.459448,2.399383,-2.398614,0.543630,-2.398433,0.067499
621,90.571,A,5,53.971929,65.622492,53.735565,65.513841,0.093598,-0.106084,-175.7786,-0.313122,-175.8622,-0.328650,56.124163,64.985558,-175.8622,2.446320,2.244502,-2.388598,0.528282,-2.152233,0.636933
622,90.719,A,5,53.336148,66.437073,53.768073,65.542724,0.075542,-0.098318,-177.7025,-0.327917,-177.7758,-0.335481,56.101603,64.924265,-177.7758,2.414095,3.152195,-2.333530,0.618459,-2.765455,1.512808
623,90.852,A,5,53.783824,65.545752,53.684152,65.711253,0.079163,-0.123001,-179.6950,-0.341498,-179.7606,-0.353310,56.079745,64.855886,-179.7606,2.543722,2.397326,-2.395594,0.855367,-2.295921,0.689866
624,90.985,A,5,53.836990,66.654661,53.694311,65.693666,0.068656,-0.104849,178.2723,-0.350138,178.2021,-0.363793,56.060383,64.777345,178.2021,2.537310,2.909948,-2.366072,0.916321,-2.223393,1.877317
625,91.116,A,5,52.590937,65.368552,53.714963,65.872161,0.055228,-0.131516,176.5949,-0.358585,176.1171,-0.363837,56.043843,64.688085,176.1171,2.612607,3.519317,-2.328880,1.184076,-3.452906,0.680467
626,91.263,A,5,53.416163,64.987823,53.509917,65.798165,0.090249,-0.100261,174.0250,-0.369534,173.9752,-0.383436,56.029079,64.590506,173.9752,2.793675,2.642951,-2.519162,1.207659,-2.612916,0.397317
627,91.390,A,5,53.549313,64.949712,53.485381,65.664752,0.085416,-0.061488,171.8175,-0.379722,171.7633,-0.393400,56.014244,64.488056,171.7633,2.789222,2.507790,-2.528862,1.176696,-2.464931,0.461656
628,91.530,A,5,53.988308,64.470178,53.489199,65.544749,0.074426,-0.029873,169.5453,-0.389787,169.5040,-0.371510,55.996773,64.382509,169.5040,2.763825,2.010377,-2.507574,1.162240,-2.008465,0.087669
629,91.671,A,5,53.711426,64.154906,53.570886,65.357657,0.047236,0.010646,167.8717,-0.308316,167.9107,-0.225780,55.971089,64.281733,167.9107,2.630321,2.263219,-2.400203,1.075924,-2.259663,-0.126828
630,91.802,A,5,53.078580,64.816280,53.591521,65.144685,0.034454,0.053348,166.5125,-0.306006,166.0738,-0.394047,55.944590,64.184311,166.0738,2.541505,2.934859,-2.353069,0.960374,-2.866010,0.631968
631,91.942,A,5,52.673372,64.843045,53.496214,65.082771,0.048464,0.062642,164.0889,-0.394791,163.4530,-0.517424,55.902589,64.091871,163.4530,2.602408,3.315435,-2.406376,0.990900,-3.229217,0.751174
632,92.078,A,5,54.104465,64.094844,53.344518,65.036494,0.072151,0.070028,161.5075,-0.421266,161.1743,-0.304044,55.860305,63.991144,161.1743,2.724325,1.758900,-2.515788,1.045351,-1.755840,0.103700
633,92.220,A,5,54.176329,64.407847,53.470366,64.865490,0.030707,0.091916,160.0261,-0.292887,160.0614,-0.089617,55.814710,63.888645,160.0614,2.539719,1.718681,-2.344344,0.976844,-1.638381,0.519202
634,92.357,A,5,53.725631,64.443180,53.589641,64.777246,-0.001587,0.093432,159.1019,-0.218137,158.9189,-0.279717,55.780426,63.780815,158.9189,2.406743,2.158914,-2.190784,0.996431,-2.054795,0.662364
635,92.492,A,5,54.451800,63.785658,53.610613,64.710041,-0.009619,0.095055,157.5418,-0.256351,157.3502,-0.268600,55.748518,63.684395,157.3502,2.371200,1.300666,-2.137905,1.025647,-1.296718,0.101263
636,92.638,A,5,53.425988,64.644810,53.756527,64.535408,-0.047296,0.107252,155.7209,-0.262132,155.8491,-0.252280,55.723549,63.601313,155.8491,2.177547,2.523426,-1.967022,0.934095,-2.297562,1.043497
637,92.790,A,5,53.271795,62.770952,53.697702,64.543689,-0.030308,0.096983,154.3201,-0.249189,154.4556,-0.227698,55.697894,63.524144,154.4556,2.245048,2.540325,-2.000192,1.019545,-2.426099,-0.753192
638,92.943,A,5,53.447684,64.633946,53.619880,64.219415,-0.034897,0.152524,153.0749,-0.225936,153.2148,-0.197314,55.664524,63.444428,153.2148,2.186589,2.515816,-2.044644,0.774987,-2.216840,1.189518
639,93.081,A,5,53.454393,64.061337,53.585712,64.278538,-0.020310,0.126324,151.9761,-0.201224,152.1310,-0.175111,55.622043,63.359554,152.1310,2.234094,2.278421,-2.036331,0.918984,-2.167650,0.701782
640,93.225,A,5,53.363814,63.845179,53.558264,64.228384,-0.017081,0.123219,151.0068,-0.178397,151.1617,-0.160804,55.575970,63.274144,151.1617,2.231975,2.284670,-2.017706,0.954240,-2.212156,0.571036
641,93.363,A,5,53.577335,63.975266,53.519225,64.149215,-0.014780,0.126832,150.1152,-0.162881,150.2520,-0.153928,55.535839,63.196037,150.2520,2.230534,2.107827,-2.016614,0.953178,-1.958504,0.779229
642,93.497,A,5,54.059001,64.803279,53.524603,64.107029,-0.017964,0.119385,149.2514,-0.154825,149.3758,-0.144207,55.508429,63.129180,149.3758,2.211731,2.214374,-1.983826,0.977849,-1.449429,1.674100
643,93.632,A,5,53.955864,62.941239,53.615379,64.219938,-0.022088,0.076807,148.4305,-0.146789,148.5457,-0.142466,55.493083,63.069984,148.5457,2.201856,1.542601,-1.877704,1.149954,-1.537219,-0.128745
644,93.778,A,5,53.853313,63.904340,53.673509,63.985059,-0.052420,0.104429,147.6906,-0.133580,147.8024,-0.126679,55.483608,63.011079,147.8024,2.055504,1.858972,-1.810100,0.973980,-1.630295,0.893261
645,93.941,A,5,52.734971,64.139668,53.704336,63.959490,-0.054473,0.093806,147.1287,-0.106211,147.2507,-0.080445,55.476199,62.952721,147.2507,2.037912,2.987168,-1.771863,1.006769,-2.741228,1.186947
646,94.110,A,5,53.494775,63.856386,53.531432,63.981325,-0.015635,0.096572,146.7774,-0.072485,146.9196,-0.043086,55.466585,62.895548,146.9196,2.218948,2.193455,-1.935152,1.085778,-1.971809,0.960839
647,94.275,A,5,53.992566,63.628847,53.521072,63.950516,-0.015294,0.091851,146.6297,-0.038917,146.7837,-0.008555,55.454923,62.844637,146.7837,2.227723,1.659360,-1.933852,1.105879,-1.462358,0.784210
648,94.435,A,5,53.764709,63.083192,53.601310,63.885033,-0.034422,0.084103,146.6322,-0.011165,146.7980,0.015804,55.445723,62.806970,146.7980,2.136371,1.703557,-1.844413,1.078063,-1.681014,0.276222
649,94.607,A,5,52.707677,63.378839,53.628651,63.733761,-0.051422,0.097536,146.7723,0.013780,146.9292,0.035944,55.444321,62.786103,146.9292,2.048099,2.800098,-1.815670,0.947657,-2.736643,0.592736
650,94.785,A,5,54.319556,63.989961,53.463756,63.660084,-0.025138,0.116776,147.0106,0.032947,147.1765,0.057001,55.453138,62.778943,147.1765,2.175787,1.658786,-1.989382,0.881141,-1.133582,1.211018
651,94.947,A,5,54.045718,63.935087,53.612043,63.708032,-0.042440,0.078894,147.3877,0.056364,147.5618,0.081667,55.470502,62.777648,147.5618,2.078337,1.835667,-1.858459,0.930384,-1.424784,1.157439
652,95.123,A,5,53.135233,63.949662,53.688629,63.739856,-0.047168,0.055956,147.9321,0.083771,148.1048,0.113065,55.493273,62.775435,148.1048,2.046179,2.634229,-1.804644,0.964422,-2.358040,1.174228
653,95.279,A,5,53.970165,63.775820,53.591151,63.770212,-0.021678,0.054932,148.6378,0.111553,148.8083,0.131855,55.519590,62.770789,148.8083,2.172032,1.846837,-1.928439,0.999423,-1.549425,1.005032
654,95.437,A,5,52.949160,62.548515,53.657691,63.765646,-0.031069,0.042157,149.4655,0.134786,149.6516,0.157966,55.549604,62.768873,149.6516,2.138431,2.609764,-1.891913,0.996772,-2.600444,-0.220358
655,95.594,A,5,53.274225,63.804800,53.532282,63.543901,-0.029662,0.089021,150.4151,0.155004,150.5963,0.177585,55.584257,62.778598,150.5963,2.190043,2.527713,-2.051975,0.765302,-2.310031,1.026201
656,95.753,A,5,53.592690,64.802446,53.484632,63.581428,-0.013923,0.077303,151.4347,0.169742,151.6140,0.175120,55.623222,62.805748,151.6140,2.274916,2.847782,-2.138589,0.775680,-2.030531,1.996698
657,95.903,A,5,53.919288,64.101369,53.501326,63.791604,0.006742,0.030005,152.5382,0.185208,152.7108,0.192802,55.664362,62.848658,152.7108,2.359634,2.148155,-2.163036,0.942947,-1.745074,1.252711
658,96.039,A,5,53.587372,63.447741,53.573772,63.844551,-0.001328,0.009844,153.7572,0.204760,153.9193,0.215907,55.705289,62.899615,153.9193,2.331580,2.187696,-2.131517,0.944936,-2.117917,0.548126
659,96.198,A,5,53.873179,64.708649,53.576000,63.773021,-0.008664,0.021154,155.1002,0.225140,155.2657,0.246846,55.745627,62.950653,155.2657,2.320251,2.568387,-2.169626,0.822368,-1.872448,1.757996
660,96.360,A,5,52.704751,62.824668,53.628584,63.937476,-0.001168,-0.015726,156.6539,0.250198,156.7450,0.269231,55.787813,62.999655,156.7450,2.354098,3.088024,-2.159229,0.937821,-3.083063,-0.174987
661,96.512,A,5,53.614495,64.090790,53.465039,63.740297,0.010239,0.037365,158.1737,0.266600,158.3253,0.280128,55.835509,63.051119,158.3253,2.468622,2.452309,-2.370470,0.689178,-2.221014,1.039671
662,96.666,A,5,54.238560,63.053538,53.489297,63.799701,0.010005,0.020060,159.8236,0.279659,159.9682,0.285846,55.891078,63.112241,159.9682,2.498230,1.653561,-2.401781,0.687460,-1.652519,-0.058702
663,96.825,A,5,54.146484,63.315279,53.621296,63.665751,-0.026797,0.031147,161.5145,0.289506,161.6512,0.296506,55.953363,63.187725,161.6512,2.380556,1.811375,-2.332067,0.478027,-1.806879,0.127554
664,96.974,A,5,54.067171,63.060627,53.715666,63.600887,-0.047587,0.032834,162.9007,0.296095,163.3849,0.309291,56.017617,63.276156,163.3849,2.324742,1.962318,-2.301951,0.324731,-1.950446,-0.215529
665,97.124,A,5,54.175225,63.637339,53.782493,63.499877,-0.061542,0.042658,165.0767,0.312168,165.2055,0.326709,56.078612,63.371497,165.2055,2.299705,1.921862,-2.296119,0.128380,-1.903387,0.265842
666,97.274,A,5,53.996416,64.118547,53.856975,63.519062,-0.067105,0.028985,167.0206,0.331315,167.1441,0.354411,56.133759,63.468006,167.1441,2.277357,2.234153,-2.276784,0.051056,-2.137343,0.650542
667,97.407,A,5,54.016868,64.636634,53.886058,63.621919,-0.059606,0.004271,168.6756,0.348802,169.1997,0.362465,56.184028,63.564456,169.1997,2.298688,2.417880,-2.297969,0.057463,-2.167159,1.072178
668,97.547,A,5,54.379036,63.887130,53.915232,63.800703,-0.046470,-0.032480,171.2311,0.365799,171.3364,0.377853,56.232946,63.665237,171.3364,2.321669,1.867142,-2.317714,0.135466,-1.853911,0.221893
669,97.678,A,5,53.597699,64.003295,54.002475,63.818778,-0.057275,-0.036779,173.4192,0.375043,173.5109,0.377209,56.284193,63.776707,173.5109,2.282106,2.696032,-2.281718,0.042071,-2.686493,0.226588
670,97.808,A,5,53.740829,64.589843,53.936277,63.854343,-0.036059,-0.036314,175.6253,0.380579,175.7046,0.393489,56.339454,63.901726,175.7046,2.403644,2.688189,-2.403177,-0.047382,-2.598626,0.688117
671,97.943,A,5,54.692163,64.463730,53.904817,63.988237,-0.020438,-0.057347,177.8666,0.386518,177.9316,0.385678,56.397950,64.037314,177.9316,2.493617,1.758278,-2.493134,-0.049076,-1.705787,0.426417
672,98.073,A,5,53.863111,64.814991,54.046562,64.078649,-0.043604,-0.073353,-179.8237,0.397159,-179.7751,0.410407,56.457239,64.177117,-179.7751,2.412688,2.671401,-2.410678,-0.098469,-2.594128,0.637874
673,98.219,A,5,54.338326,65.140619,54.017589,64.216531,-0.029489,-0.091722,-177.4280,0.411411,-177.3905,0.418030,56.514371,64.316592,-177.3905,2.498786,2.326842,-2.496782,-0.100060,-2.176045,0.824028
674,98.350,A,5,54.387375,65.734627,54.076320,64.389905,-0.035143,-0.117041,-174.9558,0.424590,-174.9199,0.435798,56.566696,64.456424,-174.9199,2.491265,2.526508,-2.490376,-0.066520,-2.179321,1.278203
675,98.473,A,5,54.522194,64.604029,54.132988,64.640552,-0.040446,-0.154640,-172.6692,0.396288,-172.6811,0.305029,56.607577,64.599968,-172.6811,2.474922,2.085387,-2.474589,0.040583,-2.085383,0.004061
676,98.607,A,5,54.723026,64.366523,54.204014,64.649554,-0.050561,-0.138631,-171.0113,0.324917,-171.0336,0.348614,56.641711,64.738895,-171.0336,2.439334,1.954486,-2.437698,-0.089341,-1.918685,-0.372372
677,98.739,A,5,54.210797,64.820543,54.298836,64.613524,-0.064076,-0.114654,-168.6730,0.390603,-168.6415,0.479094,56.667453,64.877612,-168.6415,2.383294,2.457319,-2.368617,-0.264087,-2.456656,-0.057069
678,98.864,A,5,54.103742,64.925082,54.286654,64.662351,-0.055239,-0.111265,-165.8360,0.458629,-165.8227,0.410540,56.689091,65.020142,-165.8227,2.428934,2.587096,-2.402437,-0.357791,-2.585349,-0.095061
679,99.001,A,5,54.226613,64.891243,54.256417,64.720606,-0.044369,-0.110644,-163.9104,0.359692,-163.9985,0.224598,56.705049,65.162347,-163.9985,2.488159,2.493220,-2.448632,-0.441742,-2.478436,-0.271104
680,99.137,A,5,55.265053,65.070444,54.252194,64.762308,-0.039925,-0.106234,-163.0350,0.210654,-163.1230,0.314114,56.729818,65.299155,-163.1230,2.535118,1.482513,-2.477624,-0.536847,-1.464765,-0.228711
681,99.279,A,5,54.638522,65.287653,54.432531,64.828467,-0.073886,-0.100418,-161.2995,0.275493,-161.3865,0.297364,56.755304,65.433664,-161.3865,2.400320,2.121811,-2.322772,-0.605198,-2.116782,-0.146011
682,99.430,A,5,53.918665,66.200523,54.472408,64.921615,-0.077510,-0.105343,-159.6401,0.284027,-159.7260,0.288520,56.783892,65.555152,-159.7260,2.396732,2.937010,-2.311484,-0.633536,-2.865227,0.645371
683,99.580,A,5,54.676554,65.542869,54.376750,65.160770,-0.061882,-0.144686,-158.0642,0.276578,-158.1706,0.263474,56.809080,65.668846,-158.1706,2.484828,2.136244,-2.432330,-0.508076,-2.132527,-0.125976
684,99.714,A,5,54.052540,66.638604,54.430055,65.243932,-0.070058,-0.141077,-156.6370,0.255313,-156.7610,0.230298,56.825124,65.781953,-156.7610,2.454755,2.901908,-2.395069,-0.538021,-2.772583,0.856652
685,99.862,A,5,53.730032,65.847675,54.363058,65.506820,-0.065468,-0.179496,-155.3713,0.229701,-155.5056,0.203872,56.830999,65.897494,-155.5056,2.498672,3.101368,-2.467941,-0.390674,-3.100968,-0.049819
686,99.996,A,5,55.177259,66.228378,54.248802,65.585452,-0.041663,-0.181312,-154.2343,0.206983,-154.3682,0.189608,56.831719,66.012184,-154.3682,2.617931,1.668525,-2.582917,-0.426732,-1.654460,0.216194
687,100.142,A,5,54.800330,66.189291,54.409558,65.717500,-0.077130,-0.173779,-153.1821,0.190743,-153.3015,0.182373,56.835803,66.119921,-153.3015,2.459391,2.036655,-2.426244,-0.402421,-2.035473,0.069369
688,100.272,A,5,54.704826,66.625612,54.477847,65.819792,-0.089162,-0.167559,-152.1712,0.180444,-152.2830,0.176852,56.849998,66.217509,-152.2830,2.405261,2.183646,-2.372151,-0.397717,-2.145172,0.408103
689,100.422,A,5,54.395507,66.472484,54.517904,65.981402,-0.099629,-0.174887,-151.2162,0.170424,-151.3317,0.151992,56.875281,66.306855,-151.3317,2.379736,2.485299,-2.357376,-0.325453,-2.479774,0.165629
690,100.576,A,5,54.684050,65.964976,54.496209,66.088040,-0.093415,-0.176031,-150.4254,0.145529,-150.5521,0.118314,56.909806,66.387901,-150.5521,2.432153,2.265581,-2.413597,-0.299861,-2.225757,-0.422925
691,100.707,A,5,54.319926,66.680074,54.529069,66.085354,-0.088617,-0.152172,-149.8423,0.112926,-149.9933,0.083398,56.945602,66.466912,-149.9933,2.446471,2.634315,-2.416533,-0.381558,-2.625676,0.213162
692,100.853,A,5,54.665512,66.841405,54.491743,66.208018,-0.083033,-0.160122,-149.5035,0.073466,-149.6670,0.032659,56.976131,66.546257,-149.6670,2.507307,2.329393,-2.484388,-0.338239,-2.310619,0.295149
693,101.010,A,5,54.008988,67.670361,54.521630,66.338039,-0.091234,-0.162087,-149.3766,0.036758,-149.5420,0.004131,57.001228,66.620153,-149.5420,2.495596,3.171189,-2.479599,-0.282115,-2.992241,1.050207
694,101.153,A,5,55.012861,66.589918,54.429839,66.592879,-0.089062,-0.197677,-149.2520,0.033126,-149.3656,0.089675,57.023748,66.678329,-149.3656,2.595316,2.012830,-2.593909,-0.085451,-2.010888,-0.088411
695,101.293,A,5,54.403116,65.999940,54.531060,66.613131,-0.098891,-0.168387,-148.5232,0.099493,-148.5938,0.072004,57.044333,66.727944,-148.5938,2.515893,2.739711,-2.513272,-0.114812,-2.641217,-0.728003
696,101.429,A,5,54.599786,66.135095,54.508208,66.519607,-0.075968,-0.137951,-148.4355,0.045400,-148.6097,-0.073675,57.063634,66.766914,-148.6097,2.567365,2.543569,-2.555426,-0.247306,-2.463848,-0.631819
697,101.574,A,5,55.189794,67.123417,54.523930,66.465875,-0.064391,-0.110452,-149.0701,-0.072775,-149.3170,-0.079576,57.082787,66.800163,-149.3170,2.580600,1.920394,-2.558857,-0.334288,-1.892993,0.323254
698,101.729,A,5,54.538016,66.374323,54.642436,66.597059,-0.090373,-0.106265,-149.2555,-0.019488,-149.2868,0.085321,57.106073,66.835634,-149.2868,2.475162,2.609161,-2.463637,-0.238575,-2.568057,-0.461311
699,101.866,A,5,55.459716,66.828470,54.626011,66.570679,-0.074390,-0.091047,-148.6455,0.067349,-148.6447,0.046766,57.128805,66.875542,-148.6447,2.521293,1.669752,-2.502794,-0.304863,-1.669089,-0.047072
700,102.016,A,5,55.155738,66.901901,54.775865,66.627746,-0.097834,-0.075012,-148.7829,-0.007705,-148.8686,-0.121739,57.144412,66.916540,-148.8686,2.386087,1.988727,-2.368546,-0.288794,-1.988673,-0.014639
701,102.166,A,5,54.445061,66.776615,54.846700,66.685203,-0.107418,-0.070707,-149.2714,-0.063433,-149.3742,-0.008193,57.153377,66.957150,-149.3742,2.322652,2.714327,-2.306677,-0.271946,-2.708317,-0.180534
702,102.313,A,5,55.327424,67.836431,54.781407,66.714286,-0.084306,-0.072847,-148.9684,0.031952,-148.9456,0.097320,57.151637,66.990998,-148.9456,2.386328,2.010599,-2.370230,-0.276712,-1.824213,0.845432
703,102.446,A,5,55.172902,67.016529,54.881862,66.924146,-0.113919,-0.090563,-148.8460,0.010767,-148.9302,-0.081356,57.144368,67.008002,-148.9302,2.264060,1.971485,-2.262507,-0.083855,-1.971467,0.008528
704,102.592,A,5,55.147806,67.917803,54.937438,66.951096,-0.116034,-0.080944,-149.1956,-0.039722,-149.2613,0.022243,57.129583,67.011570,-149.2613,2.192980,2.179151,-2.192146,-0.060474,-1.981778,0.906233
705,102.729,A,5,55.541152,67.148936,54.980055,67.134380,-0.129768,-0.099715,-148.9490,0.024764,-148.9207,0.026937,57.106088,67.015456,-148.9207,2.129357,1.570618,-2.126033,0.118924,-1.564936,0.133480
706,102.872,A,5,55.088512,66.719698,55.086551,67.153813,-0.132536,-0.078286,-149.0613,-0.015971,-149.1223,-0.030947,57.078686,67.017521,-149.1223,1.996791,2.012335,-1.992134,0.136292,-1.990174,-0.297823
707,103.009,A,5,54.276230,66.748615,55.093949,67.089550,-0.111787,-0.057264,-149.0378,0.000292,-149.0649,0.009405,57.046276,67.027626,-149.0649,1.953310,2.784063,-1.952328,0.061924,-2.770047,-0.279012
708,103.151,A,5,55.232973,67.552766,54.954797,67.039121,-0.069336,-0.056397,-149.1046,-0.009490,-149.1463,-0.021168,57.012762,67.037383,-149.1463,2.057966,1.852908,-2.057965,0.001738,-1.779789,0.515383
709,103.287,A,5,54.340735,67.163329,55.007256,67.138626,-0.080852,-0.061736,-149.1359,-0.003593,-149.1621,-0.015546,56.978410,67.042493,-149.1621,1.973497,2.640442,-1.971154,0.096133,-2.637675,0.120836
710,103.435,A,5,55.208225,67.038626,54.892247,67.152117,-0.052868,-0.068958,-149.1792,-0.004225,-149.2013,0.002290,56.942035,67.036830,-149.2013,2.053027,1.733811,-2.049788,0.115287,-1.733810,0.001796
711,103.580,A,5,55.104797,67.347315,54.949460,67.140205,-0.055483,-0.052946,-149.1854,-0.001873,-149.1947,-0.006315,56.898322,67.021298,-149.1947,1.952486,1.822915,-1.948862,0.118906,-1.793526,0.326016
712,103.720,A,5,53.882929,67.113456,54.979085,67.184170,-0.058816,-0.051403,-149.1934,-0.001393,-149.1976,-0.007258,56.842226,66.999727,-149.1976,1.872249,2.961482,-1.863142,0.184442,-2.959297,0.113729
713,103.862,A,5,54.088609,67.141268,54.786291,67.178729,-0.017822,-0.064607,-149.2264,-0.005084,-149.2377,-0.014468,56.771847,66.976789,-149.2377,1.995798,2.688274,-1.985556,0.201940,-2.683237,0.164479
714,104.008,A,5,54.811598,67.207937,54.660400,67.178277,0.006247,-0.070173,-149.3011,-0.010624,-149.3157,-0.021280,56.689989,66.954311,-149.3157,2.041909,1.895436,-2.029589,0.223966,-1.878391,0.253626
715,104.152,A,5,54.750610,66.334100,54.683359,67.189054,0.000400,-0.061551,-149.3929,-0.014020,-149.4047,-0.017939,56.602864,66.930145,-149.4047,1.936888,1.945793,-1.919505,0.258909,-1.852254,-0.596044
716,104.288,A,5,54.124166,67.534520,54.692275,67.041937,0.014095,-0.027827,-149.4768,-0.014093,-149.4751,-0.012280,56.516098,66.900745,-149.4751,1.829280,2.474471,-1.823823,0.141192,-2.391931,0.633774
717,104.437,A,5,54.135981,66.776171,54.588629,67.131246,0.021300,-0.050962,-149.5300,-0.010746,-149.5157,-0.003381,56.431569,66.864710,-149.5157,1.862115,2.297295,-1.842940,0.266536,-2.295588,-0.088539
718,104.590,A,5,53.745281,66.116256,54.503802,67.071229,0.039886,-0.043371,-149.5667,-0.008557,-149.5399,-0.005171,56.346753,66.823953,-149.5399,1.859466,2.696014,-1.842951,0.247276,-2.601472,-0.707697
719,104.737,A,5,53.851277,66.093791,54.363352,66.902901,0.077260,-0.023448,-149.6186,-0.009586,-149.5795,-0.009351,56.255851,66.782074,-149.5795,1.896351,2.501141,-1.892498,0.120827,-2.404574,-0.688283
720,104.881,A,5,54.658953,67.074612,54.264642,66.757076,0.100673,-0.005412,-149.7076,-0.014124,-149.6604,-0.013754,56.153200,66.740789,-149.6604,1.888628,1.531082,-1.888558,0.016288,-1.494247,0.333823
721,105.035,A,5,53.643242,66.935215,54.326214,66.809168,0.072877,-0.007547,-149.8251,-0.019197,-149.7773,-0.021941,56.036866,66.697879,-149.7773,1.714268,2.405361,-1.710652,0.111289,-2.393624,0.237335
722,105.171,A,5,53.683091,67.020774,54.198219,66.828732,0.084864,-0.023269,-149.9381,-0.019590,-149.8967,-0.024675,55.909280,66.648834,-149.8967,1.720492,2.257047,-1.711061,0.179898,-2.226190,0.371941
723,105.315,A,5,53.680601,66.745978,54.098348,66.860782,0.089278,-0.036448,-150.0300,-0.016708,-149.9858,-0.010863,55.775329,66.590340,-149.9858,1.698648,2.100502,-1.676981,0.270443,-2.094728,0.155638
724,105.469,A,5,54.182301,67.289931,54.014803,66.839104,0.095846,-0.036978,-150.0900,-0.012623,-150.0403,0.000062,55.639204,66.523336,-150.0403,1.654808,1.646279,-1.624401,0.315768,-1.456903,0.766595
725,105.613,A,5,53.465828,66.763412,54.034874,66.917837,0.073196,-0.044476,-150.1138,-0.006802,-150.0844,-0.006914,55.502170,66.452892,-150.0844,1.539198,2.059881,-1.467296,0.464946,-2.036342,0.310520
726,105.767,A,5,52.295680,66.179439,53.925350,66.890561,0.086776,-0.045702,-150.1606,-0.008190,-150.1475,-0.010979,55.363054,66.384725,-150.1475,1.524094,3.074235,-1.437704,0.505836,-3.067373,-0.205286
727,105.915,A,5,53.515868,65.856023,53.625824,66.763670,0.142363,-0.048573,-150.2444,-0.012948,-150.2432,-0.022128,55.219998,66.321295,-150.2432,1.654414,1.766504,-1.594174,0.442375,-1.704130,-0.465272
728,106.070,A,5,53.016320,66.361894,53.592027,66.599376,0.148547,-0.017451,-150.3689,-0.019548,-150.3594,-0.027831,55.071709,66.259647,-150.3594,1.518182,2.057930,-1.479682,0.339729,-2.055389,0.102247
729,106.213,A,5,52.136894,66.776752,53.476299,66.551526,0.156611,-0.018716,-150.4838,-0.019760,-150.4654,-0.018899,54.917727,66.193191,-150.4654,1.485301,2.841404,-1.441428,0.358334,-2.780833,0.583560
730,106.352,A,5,52.134392,66.664564,53.222425,66.585424,0.179545,-0.048092,-150.5602,-0.014354,-150.5364,-0.005122,54.757905,66.116684,-150.5364,1.605434,2.680111,-1.535481,0.468739,-2.623513,0.547880
731,106.511,A,5,53.325201,66.701696,53.012569,66.595470,0.195727,-0.065938,-150.5945,-0.009146,-150.5732,-0.000382,54.591942,66.029923,-150.5732,1.677577,1.433845,-1.579374,0.565547,-1.266741,0.671772
732,106.662,A,5,51.587631,66.388293,53.048694,66.610649,0.165238,-0.057352,-150.6327,-0.007764,-150.5996,-0.005257,54.419672,65.937771,-150.5996,1.527202,2.867651,-1.370978,0.672878,-2.832040,0.450521
733,106.802,A,5,52.785027,65.539986,52.772213,66.568133,0.199153,-0.070900,-150.6774,-0.008528,-150.6388,-0.008734,54.242002,65.846623,-150.6388,1.637332,1.488893,-1.469789,0.721510,-1.456975,-0.306638
734,106.942,A,5,51.554820,66.339854,52.754458,66.381770,0.197914,-0.031564,-150.7244,-0.009001,-150.6942,-0.012608,54.061480,65.759759,-150.6942,1.447481,2.572907,-1.307021,0.622011,-2.506659,0.580095
735,107.081,A,5,51.442039,65.556182,52.522921,66.367681,0.217371,-0.048539,-150.7772,-0.009364,-150.7530,-0.010128,53.881535,65.675642,-150.7530,1.524713,2.442420,-1.358614,0.692039,-2.439497,-0.119460
736,107.226,A,5,51.316556,65.392278,52.310017,66.217150,0.244921,-0.037518,-150.8262,-0.008876,-150.7984,-0.004546,53.704640,65.589856,-150.7984,1.529205,2.396243,-1.394622,0.627294,-2.388084,-0.197578
737,107.365,A,5,50.911446,65.514035,52.110874,66.062021,0.267295,-0.025541,-150.8448,-0.005179,-150.8202,-0.005748,53.530379,65.498549,-150.8202,1.527251,2.618978,-1.419505,0.563471,-2.618932,0.015485
738,107.507,A,5,51.065565,66.124400,51.873749,65.954115,0.289109,-0.027043,-150.8392,-0.000682,-150.8247,-0.006873,53.355171,65.401203,-150.8247,1.581241,2.401106,-1.481422,0.552912,-2.289606,0.723197
739,107.647,A,5,50.797443,66.462006,51.704376,65.973174,0.283803,-0.044099,-150.8684,-0.003545,-150.8631,-0.000715,53.174828,65.301696,-150.8631,1.616512,2.645425,-1.470452,0.671478,-2.377384,1.160310
740,107.785,A,5,50.600809,65.697251,51.517069,66.050632,0.276514,-0.071303,-150.9215,-0.007734,-150.9057,-0.001228,52.986149,65.201186,-150.9057,1.696983,2.436376,-1.469080,0.849446,-2.385340,0.496065
741,107.924,A,5,50.625211,64.858261,51.327402,65.980821,0.285107,-0.069468,-150.9775,-0.009326,-150.9532,-0.010371,52.790286,65.100783,-150.9532,1.707190,2.178616,-1.462884,0.880038,-2.165075,-0.242522
742,108.068,A,5,50.845034,64.480286,51.175208,65.773566,0.299673,-0.039724,-151.0290,-0.009588,-150.9959,-0.003928,52.591568,64.999355,-150.9959,1.614150,1.822036,-1.416360,0.774211,-1.746534,-0.519069
743,108.213,A,5,50.028628,65.020711,51.089387,65.532755,0.304081,-0.000860,-151.0593,-0.007034,-151.0236,-0.008351,52.394880,64.895114,-151.0236,1.452893,2.369583,-1.305493,0.637641,-2.366252,0.125597
744,108.348,A,5,50.442871,64.611911,50.874961,65.427548,0.317403,-0.003244,-151.0714,-0.004207,-151.0335,0.006603,52.202897,64.787645,-151.0335,1.474073,1.768777,-1.327936,0.639904,-1.760026,-0.175733
745,108.486,A,5,50.710043,65.562481,50.771184,65.267858,0.314900,0.015273,-151.0572,-0.000386,-151.0425,-0.027076,52.014988,64.678389,-151.0425,1.376416,1.576229,-1.243804,0.589469,-1.304945,0.884092
746,108.632,A,5,50.013246,64.892678,50.734435,65.304550,0.281408,0.003411,-151.5915,-0.071408,-151.6319,-0.079505,51.837275,64.569606,-151.6319,1.325292,1.852420,-1.102841,0.734943,-1.824029,0.323072
747,108.778,A,5,49.633261,64.525918,50.582411,65.218075,0.284413,0.003501,-151.6538,-0.018270,-151.6336,0.087812,51.658021,64.467866,-151.6336,1.311393,2.025593,-1.075610,0.750209,-2.024761,0.058052
748,108.918,A,5,48.638099,63.302554,50.389580,65.081555,0.299230,0.008568,-151.5724,-0.008160,-151.6143,-0.095707,51.477821,64.369349,-151.6143,1.300580,3.033492,-1.088242,0.712207,-2.839722,-1.066795
749,109.046,A,5,49.037388,64.541500,50.052705,64.750763,0.356963,0.033745,-152.2358,-0.080740,-152.2822,-0.054902,51.300821,64.266330,-152.2822,1.338831,2.280098,-1.248116,0.484433,-2.263433,0.275170
750,109.185,A,5,48.186450,65.273707,49.843152,64.694676,0.358548,0.019599,-152.3181,-0.032471,-152.3377,-0.061339,51.115433,64.160069,-152.3377,1.380038,3.133550,-1.272282,0.534606,-2.928984,1.113637
751,109.330,A,5,48.685270,64.440439,49.518519,64.780422,0.366898,-0.029183,-153.0011,-0.096074,-153.0412,-0.097882,50.936262,64.046637,-153.0412,1.596382,2.285179,-1.417743,0.733785,-2.250992,0.393801
752,109.467,A,5,48.096289,63.062762,49.337464,64.706517,0.364033,-0.029729,-153.3722,-0.075987,-153.4186,-0.124003,50.756395,63.933249,-153.4186,1.615954,2.798913,-1.418931,0.773268,-2.660106,-0.870487
753,109.608,A,5,47.279853,63.998341,49.083740,64.401121,0.396512,0.004801,-154.0057,-0.094104,-154.0511,-0.120971,50.584067,63.822543,-154.0511,1.608022,3.308887,-1.500327,0.578578,-3.304214,0.175797
754,109.749,A,5,48.058181,63.355171,48.728442,64.312751,0.423058,-0.012775,-154.7413,-0.117254,-154.7783,-0.133488,50.418569,63.717830,-154.7783,1.791775,2.388085,-1.690127,0.594920,-2.360388,-0.362659
755,109.915,A,5,47.892054,63.469687,48.571557,64.126352,0.419735,0.008328,-155.5221,-0.131454,-155.5660,-0.153445,50.259021,63.618151,-155.5660,1.762329,2.371619,-1.687465,0.508201,-2.366967,-0.148464
756,110.057,A,5,47.762803,63.960478,48.414004,63.992390,0.411983,0.017839,-156.4049,-0.147986,-156.4291,-0.150833,50.103909,63.520241,-156.4291,1.754623,2.382139,-1.689905,0.472149,-2.341107,0.440237
757,110.199,A,5,47.781623,63.595529,48.262351,63.969640,0.394092,0.006893,-157.3167,-0.155484,-157.3437,-0.166074,49.949873,63.419293,-157.3437,1.774997,2.175400,-1.687522,0.550347,-2.168250,0.176236
758,110.339,A,5,47.908561,63.687900,48.141924,63.888182,0.377711,0.011073,-158.2752,-0.163880,-158.2981,-0.169523,49.793317,63.312953,-158.2981,1.748710,1.921689,-1.651393,0.575229,-1.884756,0.374947
759,110.482,A,5,46.740405,63.172248,48.066921,63.838414,0.352098,0.013110,-159.2751,-0.171380,-159.3009,-0.179698,49.632016,63.202518,-159.3009,1.689345,2.891769,-1.565095,0.635896,-2.891611,-0.030270
760,110.639,A,5,46.791378,63.532753,47.799384,63.707254,0.371858,0.014668,-160.3308,-0.180335,-160.3705,-0.190869,49.466139,63.091811,-160.3705,1.776751,2.710863,-1.666756,0.615443,-2.674761,0.440942
761,110.785,A,5,47.201838,62.821482,47.586665,63.663373,0.372167,0.004953,-161.4538,-0.191741,-161.5172,-0.197772,49.298605,62.984593,-161.5172,1.841598,2.103102,-1.711940,0.678780,-2.096768,-0.163111
762,110.914,A,5,47.235178,63.310883,47.484107,63.502133,0.360664,0.027532,-162.6504,-0.203340,-162.7313,-0.222501,49.134079,62.881808,-162.7313,1.762728,1.946774,-1.649971,0.620325,-1.898901,0.429075
763,111.056,A,5,46.982699,62.916786,47.413782,63.458108,0.343759,0.028709,-163.6614,-0.212595,-163.9905,-0.228670,48.976365,62.781124,-163.9905,1.702930,1.998276,-1.562582,0.676984,-1.993665,0.135662
764,111.189,A,5,46.302478,63.222551,47.301155,63.348609,0.325570,0.038534,-165.2145,-0.220915,-165.2761,-0.223575,48.826402,62.679441,-165.2761,1.665582,2.581697,-1.525247,0.669168,-2.523924,0.543110
765,111.337,A,5,46.704404,63.086680,47.093999,63.315208,0.329922,0.027534,-166.5250,-0.225136,-166.5825,-0.229872,48.681966,62.575522,-166.5825,1.751792,2.042556,-1.587967,0.739686,-1.977562,0.511158
766,111.476,A,5,46.201422,62.316254,46.993069,63.264624,0.314139,0.028500,-167.9192,-0.230602,-167.9185,-0.234985,48.538601,62.470622,-167.9185,1.737557,2.342271,-1.545531,0.794002,-2.337179,-0.154368
767,111.601,A,5,45.895799,62.556591,46.823933,63.087616,0.321441,0.050816,-169.2367,-0.236383,-169.2989,-0.249378,48.391838,62.367033,-169.2989,1.725563,2.503227,-1.567905,0.720583,-2.496039,0.189558
768,111.730,A,5,46.535299,62.243634,46.629129,62.983228,0.327845,0.055629,-170.6620,-0.244312,-170.7287,-0.248392,48.239707,62.265955,-170.7287,1.763078,1.704554,-1.610578,0.717273,-1.704408,-0.022321
769,111.868,A,5,44.918837,62.206208,46.581831,62.841656,0.306046,0.075352,-172.1318,-0.252112,-172.1971,-0.263907,48.083581,62.166824,-172.1971,1.646405,3.164989,-1.501750,0.674832,-3.164744,0.039384
770,111.998,A,5,46.159528,63.341884,46.257531,62.718336,0.340150,0.077387,-173.6231,-0.256047,-173.6877,-0.267723,47.927449,62.067814,-173.6877,1.792152,2.179175,-1.669919,0.650522,-1.767922,1.274070
771,112.139,A,5,45.677024,62.432291,46.208550,62.818620,0.306548,0.047218,-175.1493,-0.262248,-175.1999,-0.265401,47.775756,61.966889,-175.1999,1.783698,2.149715,-1.567206,0.851731,-2.098732,0.465402
772,112.272,A,5,45.339783,62.396673,46.084828,62.743425,0.298364,0.053134,-176.6850,-0.266223,-176.7392,-0.268825,47.631456,61.864579,-176.7392,1.778884,2.352634,-1.546628,0.878846,-2.291673,0.532094
773,112.408,A,5,44.785596,62.018119,45.923734,62.675606,0.298112,0.056471,-178.2679,-0.272631,-178.3144,-0.277401,47.495073,61.763128,-178.3144,1.817064,2.721449,-1.571339,0.912478,-2.709476,0.254991
774,112.550,A,5,45.232726,62.779160,45.692510,62.553173,0.313076,0.069606,-179.9020,-0.281150,-179.9312,-0.283491,47.364933,61.664548,-179.9312,1.893846,2.405965,-1.672423,0.888625,-2.132207,1.114612
775,112.702,A,5,45.178713,62.523225,45.580681,62.587174,0.298724,0.053232,178.4465,-0.285351,178.4122,-0.288885,47.237647,61.568942,178.4122,1.944822,2.269331,-1.656965,1.018232,-2.058933,0.954283
776,112.832,A,5,44.534737,62.707403,45.480260,62.571988,0.284642,0.049431,176.7585,-0.291324,176.7259,-0.304804,47.109347,61.474344,176.7259,1.964369,2.854654,-1.629086,1.097644,-2.574610,1.233059
777,112.964,A,5,44.498202,61.884133,45.284530,62.593607,0.291155,0.038402,175.0532,-0.294895,175.0214,-0.308053,46.977585,61.378503,175.0214,2.083966,2.530415,-1.693055,1.215104,-2.479383,0.505630
778,113.097,A,5,44.885900,62.651958,45.116189,62.466861,0.291863,0.059914,173.3369,-0.297453,173.3014,-0.310326,46.842529,61.280757,173.3014,2.094539,2.389265,-1.726340,1.186104,-1.956629,1.371201
779,113.225,A,5,45.026115,61.874769,45.046720,62.497778,0.272222,0.047616,171.5765,-0.303636,171.5589,-0.306218,46.706996,61.182533,171.5589,2.118109,1.817843,-1.660276,1.315244,-1.680881,0.692236
780,113.359,A,5,44.229103,61.326070,45.016209,62.386651,0.245821,0.065505,169.7871,-0.309084,169.7839,-0.308632,46.575133,61.086155,169.7839,2.030156,2.358265,-1.558924,1.300496,-2.346030,0.239915
781,113.490,A,5,45.010683,62.550390,44.851367,62.196715,0.247681,0.099402,167.9864,-0.312224,167.9730,-0.318721,46.450185,60.992727,167.9730,2.001451,2.120963,-1.598818,1.203988,-1.439502,1.557664
782,113.623,A,5,43.203432,62.259919,44.854478,62.255473,0.219488,0.076591,166.1393,-0.318496,166.1309,-0.321485,46.333002,60.901150,166.1309,2.005050,3.411812,-1.478524,1.354323,-3.129570,1.358769
783,113.750,A,5,44.563697,61.013522,44.538644,62.255234,0.257331,0.076993,164.2693,-0.323646,164.2674,-0.326327,46.221748,60.808982,164.2674,2.219117,1.670619,-1.683103,1.446252,-1.658050,0.204540
784,113.889,A,5,43.251066,61.307601,44.516708,62.034386,0.224391,0.113560,162.3757,-0.327543,162.3929,-0.334477,46.112523,60.714401,162.3929,2.070987,2.922297,-1.595815,1.319985,-2.861457,0.593200
785,114.031,A,5,43.556535,61.432471,44.267452,61.902230,0.242443,0.137201,160.4741,-0.329507,160.5121,-0.327160,46.001229,60.617921,160.5121,2.157645,2.576824,-1.733777,1.284309,-2.444694,0.814550
786,114.180,A,5,43.297729,60.798510,44.114424,61.814774,0.240271,0.146287,158.5761,-0.330302,158.6201,-0.333249,45.885731,60.522181,158.6201,2.192789,2.602713,-1.771307,1.292592,-2.588002,0.276328
787,114.325,A,5,44.205480,60.091527,43.942040,61.630213,0.236202,0.175172,156.6577,-0.333434,156.7066,-0.334241,45.766671,60.429993,156.7066,2.183988,1.597459,-1.824631,1.200219,-1.561191,-0.338466
788,114.474,A,5,43.812567,60.938663,43.960574,61.350355,0.188451,0.208669,155.0769,-0.282397,155.1904,-0.218280,45.644244,60.346037,155.1904,1.960458,1.925161,-1.683670,1.004318,-1.831677,0.592625
789,114.620,A,5,43.035441,61.368758,43.909048,61.266940,0.170668,0.204370,153.3947,-0.301097,153.4510,-0.384710,45.518585,60.266838,153.4510,1.894944,2.716658,-1.609537,1.000102,-2.483143,1.101920
790,114.772,A,5,43.860275,61.096179,43.730130,61.275676,0.185033,0.192243,151.2093,-0.349566,151.2912,-0.291812,45.389226,60.189804,151.2912,1.982856,1.777415,-1.659096,1.085872,-1.528950,0.906375
791,114.919,A,5,42.600285,60.230289,43.728668,61.236216,0.160474,0.177991,149.8704,-0.262795,149.9808,-0.243053,45.263889,60.117082,149.9808,1.899832,2.666008,-1.535221,1.119134,-2.663604,0.113207
792,115.072,A,5,42.438081,59.929234,43.505605,61.051156,0.167437,0.210509,148.0786,-0.304554,148.1495,-0.304811,45.134236,60.038523,148.1495,1.917776,2.698368,-1.628631,1.012633,-2.696154,-0.109289
793,115.262,A,5,43.188672,60.277978,43.289806,60.843238,0.168428,0.243391,146.6769,-0.249213,146.8229,-0.243630,45.006127,59.964523,146.8229,1.928185,1.844287,-1.716321,0.878715,-1.817455,0.313455
794,115.432,A,5,43.321392,61.266782,43.245151,60.732306,0.146005,0.239954,145.1405,-0.258593,145.3003,-0.195164,44.871782,59.893674,145.3003,1.830091,2.071023,-1.626631,0.838632,-1.550390,1.373108
795,115.610,A,5,42.359130,60.674073,43.235188,60.817081,0.139018,0.198589,143.8646,-0.242259,143.9498,-0.232611,44.731992,59.833066,143.9498,1.791286,2.517492,-1.496804,0.984015,-2.372862,0.841007
796,115.775,A,5,41.854574,61.322708,43.062266,60.786078,0.153172,0.204063,142.7979,-0.236178,142.6353,-0.230750,44.583550,59.782609,142.6353,1.822431,3.133562,-1.521284,1.003469,-2.728975,1.540099
797,115.947,A,5,42.775484,59.982325,42.820565,60.874667,0.183510,0.187614,141.2895,-0.222031,141.3957,-0.210595,44.425957,59.740573,141.3957,1.965567,1.668084,-1.605393,1.134093,-1.650473,0.241752
798,116.132,A,5,42.677273,61.262396,42.787181,60.713312,0.149493,0.197116,140.1217,-0.208328,140.2337,-0.200945,44.260539,59.703609,140.2337,1.786136,2.221834,-1.473358,1.009703,-1.583265,1.558787
799,116.295,A,5,41.339154,59.191520,42.744643,60.805744,0.149693,0.164302,139.0149,-0.197694,139.1431,-0.181875,44.090646,59.669137,139.1431,1.761704,2.792638,-1.346003,1.136607,-2.751492,-0.477617
800,116.479,A,5,42.192667,60.942020,42.473108,60.516984,0.141540,0.225259,137.9767,-0.186516,138.1092,-0.180815,43.920194,59.636488,138.1092,1.693910,2.165355,-1.447086,0.880496,-1.727527,1.305531
801,116.655,A,5,40.672940,60.467614,42.398760,60.585798,0.145292,0.197674,136.9919,-0.176342,137.1177,-0.169428,43.751573,59.606593,137.1177,1.670013,3.196770,-1.352813,0.979205,-3.078633,0.861021
802,116.841,A,5,41.382615,60.569575,42.068707,60.561073,0.177085,0.221051,136.0411,-0.169261,136.1634,-0.160253,43.584283,59.580920,136.1634,1.804902,2.413458,-1.515576,0.980153,-2.201668,0.988655
803,117.005,A,5,41.858293,60.735748,41.919702,60.559450,0.179220,0.215495,135.1435,-0.160434,135.2520,-0.140858,43.414990,59.560769,135.2520,1.798124,1.950353,-1.495288,0.998680,-1.556696,1.174978
804,117.202,A,5,41.158008,61.303514,41.882006,60.588426,0.167856,0.191454,134.2998,-0.151361,134.3961,-0.145608,43.239266,59.547227,134.3961,1.710629,2.723267,-1.357260,1.041199,-2.081258,1.756287
805,117.377,A,5,41.261828,60.221884,41.728979,60.714616,0.188438,0.171463,133.5089,-0.142006,133.6027,-0.136148,43.054371,59.541344,133.6027,1.770093,1.917379,-1.325392,1.173272,-1.792543,0.680540
806,117.537,A,5,40.528009,60.510996,41.621355,60.628978,0.170478,0.179513,132.7588,-0.134340,132.8642,-0.126206,42.861023,59.543909,132.8642,1.647467,2.525512,-1.239668,1.085068,-2.333013,0.967087
807,117.699,A,5,40.633067,60.623375,41.403010,60.608656,0.179521,0.192802,132.0485,-0.127121,132.1620,-0.121527,42.663001,59.554825,132.1620,1.642601,2.293999,-1.259991,1.053831,-2.029934,1.068550
808,117.856,A,5,40.683859,61.538772,41.240696,60.611949,0.182340,0.193551,131.3624,-0.122761,131.4804,-0.116827,42.464950,59.572608,131.4804,1.605935,2.652939,-1.224254,1.039341,-1.781090,1.966164
809,118.012,A,5,39.849292,60.376543,41.116231,60.777945,0.202851,0.166015,130.7045,-0.118154,130.8159,-0.115200,42.269599,59.594722,130.8159,1.652354,2.543449,-1.153368,1.183224,-2.420307,0.781821
810,118.166,A,5,40.434215,61.043202,40.865919,60.711234,0.204298,0.193265,130.0682,-0.113320,130.1760,-0.104953,42.076543,59.618793,130.1760,1.630656,2.173979,-1.210625,1.092441,-1.642329,1.424409
811,118.301,A,5,39.961708,60.002052,40.622925,60.639219,0.202522,0.222463,129.4736,-0.106709,129.5714,-0.097342,41.883285,59.643921,129.5714,1.605966,1.954665,-1.260360,0.995298,-1.921577,0.358131
812,118.464,A,5,39.657478,59.974939,40.594060,60.640751,0.183065,0.201088,128.9055,-0.101380,129.0071,-0.093321,41.687146,59.671540,129.0071,1.460892,2.052220,-1.093086,0.969211,-2.029669,0.303399
813,118.607,A,5,40.877021,60.784646,40.401197,60.524054,0.169715,0.223092,128.3850,-0.093757,128.4769,-0.094755,41.486829,59.705230,128.4769,1.359806,1.239760,-1.085633,0.818824,-0.609809,1.079416
814,118.747,A,5,39.415579,60.424742,40.458990,60.569908,0.149364,0.182463,127.8788,-0.089589,127.9660,-0.069319,41.282821,59.748769,127.9660,1.163171,1.985834,-0.823831,0.821139,-1.867243,0.675973
815,118.880,A,5,39.137175,61.042347,40.250605,60.544864,0.155242,0.197211,127.3853,-0.088052,127.4627,-0.080079,41.076579,59.803686,127.4627,1.109765,2.301210,-0.825974,0.741178,-1.939404,1.238661
816,119.022,A,5,39.047879,60.693392,40.028402,60.633991,0.179782,0.197947,126.8990,-0.086351,126.9669,-0.081993,40.869439,59.868192,126.9669,1.137449,1.999758,-0.841037,0.765798,-1.821559,0.825200
817,119.173,A,5,39.109531,61.136028,39.828324,60.647170,0.186421,0.205195,126.4334,-0.082790,126.4878,-0.089017,40.662054,59.938069,126.4878,1.094499,1.960977,-0.833729,0.709101,-1.552522,1.197960
818,119.313,A,5,38.356216,61.539125,39.673969,60.737059,0.198496,0.194920,125.9720,-0.080351,126.0337,-0.080444,40.454620,60.009168,126.0337,1.067352,2.596934,-0.780651,0.727890,-2.098404,1.529957
819,119.466,A,5,38.760821,61.128401,39.413190,60.884492,0.231551,0.196089,125.5428,-0.076030,125.6059,-0.068197,40.247516,60.079707,125.6059,1.159215,1.819346,-0.834326,0.804786,-1.486694,1.048694
820,119.602,A,5,37.817373,61.945720,39.268864,60.935210,0.230615,0.190681,125.1266,-0.074375,125.1980,-0.067796,40.041507,60.150748,125.1980,1.101071,2.858092,-0.772642,0.784462,-2.224133,1.794972
821,119.749,A,5,38.103650,60.600171,38.982926,61.122898,0.269176,0.192510,124.7182,-0.072347,124.8009,-0.069083,39.837121,60.225365,124.8009,1.239037,1.773528,-0.854195,0.897532,-1.733471,0.374806
822,119.890,A,5,37.843989,61.658431,38.796454,61.040753,0.246925,0.210838,124.3215,-0.071079,124.4086,-0.066728,39.633655,60.307013,124.4086,1.113230,2.242596,-0.837201,0.733741,-1.789666,1.351419
823,120.035,A,5,37.437905,61.173923,38.596907,61.159048,0.261500,0.205400,123.9273,-0.069896,124.0241,-0.064090,39.429060,60.397618,124.0241,1.127943,2.137136,-0.832154,0.761430,-1.991156,0.776306
824,120.179,A,5,37.569529,61.474047,38.360235,61.171717,0.261129,0.219509,123.5611,-0.065873,123.6571,-0.067369,39.221198,60.496711,123.6571,1.094025,1.919166,-0.860963,0.675006,-1.651669,0.977336
825,120.342,A,5,36.203853,62.279748,38.188097,61.234915,0.261414,0.215566,123.2338,-0.059368,123.3153,-0.060931,39.009407,60.601976,123.3153,1.036900,3.268952,-0.821310,0.632939,-2.805553,1.677772
826,120.486,A,5,36.724543,61.620491,37.803942,61.430808,0.308185,0.232454,122.9149,-0.056699,122.9978,-0.059679,38.795248,60.710621,122.9978,1.225298,2.261787,-0.991305,0.720186,-2.070705,0.909870
827,120.626,A,5,36.999100,61.482734,37.575486,61.477990,0.306218,0.238543,122.6011,-0.054572,122.6963,-0.047841,38.581738,60.820734,122.6963,1.201885,1.715513,-1.006252,0.657255,-1.582637,0.661999
828,120.772,A,5,36.801373,61.357417,37.326728,61.467981,0.298346,0.257405,122.3214,-0.051352,122.4025,-0.056266,38.371469,60.931716,122.4025,1.174335,1.626783,-1.044741,0.536265,-1.570096,0.425701
829,120.911,A,5,36.725425,62.137245,37.290638,61.479008,0.269683,0.232673,122.0379,-0.050043,122.1132,-0.048858,38.165069,61.043907,122.1132,0.976699,1.807751,-0.874430,0.435101,-1.439644,1.093338
830,121.053,A,5,36.231949,61.389332,37.157405,61.606478,0.275102,0.214425,121.7548,-0.050112,121.8321,-0.047777,37.960742,61.158279,121.8321,0.919909,1.744164,-0.803337,0.448199,-1.728793,0.231054
831,121.195,A,5,35.309694,62.373443,36.962549,61.579082,0.260307,0.226390,121.5087,-0.046825,121.5678,-0.032657,37.755178,61.276343,121.5678,0.848476,2.680303,-0.792629,0.302739,-2.445484,1.097100
832,121.333,A,5,35.919366,62.325526,36.644362,61.727916,0.297348,0.244258,121.3229,-0.043141,121.3281,-0.040617,37.545615,61.399806,121.3281,0.959122,1.871268,-0.901254,0.328110,-1.626250,0.925720
833,121.480,A,5,35.161154,63.018366,36.475257,61.848396,0.295346,0.226791,121.0467,-0.041088,121.1133,-0.041987,37.331505,61.529876,121.1133,0.913573,2.631735,-0.856248,0.318519,-2.170352,1.488490
834,121.640,A,5,35.066021,63.297865,36.208260,62.069728,0.327857,0.222830,120.8380,-0.038008,120.9161,-0.025507,37.114618,61.666605,120.9161,0.991965,2.618733,-0.906359,0.403122,-2.048598,1.631260
835,121.780,A,5,35.101553,62.560023,35.970578,62.304418,0.355729,0.213164,120.6501,-0.034830,120.7282,-0.031823,36.897867,61.808620,120.7282,1.051514,1.947140,-0.927289,0.495798,-1.796315,0.751403
836,121.930,A,5,34.274402,63.804772,35.780940,62.368934,0.345810,0.214616,120.4800,-0.031875,120.5606,-0.025210,36.685576,61.953506,120.5606,0.995464,3.039893,-0.904636,0.415429,-2.411174,1.851266
837,122.074,A,5,33.848009,62.740431,35.478303,62.642735,0.385172,0.213603,120.3158,-0.030419,120.4032,-0.025640,36.475290,62.098876,120.4032,1.135679,2.704478,-0.996987,0.543859,-2.627282,0.641555
838,122.219,A,5,34.913228,62.946506,35.151797,62.681807,0.381574,0.241730,120.1715,-0.027116,120.2657,-0.022297,36.265690,62.243350,120.2657,1.197081,1.524329,-1.113893,0.438458,-1.352461,0.703156
839,122.359,A,5,34.335042,63.684521,35.070820,62.748973,0.357552,0.221000,120.0572,-0.023032,120.1505,-0.021113,36.055518,62.387835,120.1505,1.048833,2.154398,-0.984699,0.361138,-1.720476,1.296686
840,122.503,A,5,33.677977,63.039859,34.904319,62.934607,0.365859,0.205396,119.9831,-0.015807,120.0552,-0.013699,35.844212,62.535102,120.0552,1.021275,2.224265,-0.939893,0.399505,-2.166235,0.504757
841,122.644,A,5,32.981472,63.056372,34.651324,62.973999,0.356499,0.221938,119.9293,-0.011700,119.9927,0.015184,35.632057,62.688341,119.9927,1.021488,2.676014,-0.980733,0.285658,-2.650585,0.368031
842,122.792,A,5,32.612289,64.314922,34.318397,63.007475,0.355334,0.251197,120.4237,0.061117,120.5214,0.065060,35.428966,62.842168,120.5214,1.122804,3.178470,-1.110569,0.165308,-2.816677,1.472754
843,122.927,A,5,33.791675,63.834473,33.976595,63.257474,0.393155,0.256454,120.4200,0.006426,120.4241,-0.095303,35.222457,63.000511,120.4241,1.272086,1.656089,-1.245862,0.256964,-1.430782,0.833963
844,123.064,A,5,33.121366,63.847881,33.903346,63.380359,0.376765,0.227043,120.3447,0.005688,120.4086,0.090769,35.019022,63.157365,120.4086,1.137743,2.019383,-1.115676,0.222994,-1.897655,0.690516
845,123.222,A,5,33.008866,64.222123,33.726825,63.483478,0.369445,0.221100,120.9674,0.072931,121.0273,0.034786,34.824124,63.309923,121.0273,1.110940,2.031569,-1.097299,0.173555,-1.815259,0.912200
846,123.367,A,5,32.931132,63.672585,33.562533,63.634468,0.370134,0.208715,121.0966,0.039411,121.1780,0.098504,34.624477,63.463309,121.1780,1.075649,1.706228,-1.061944,0.171159,-1.693345,0.209276
847,123.509,A,5,32.357670,64.201099,33.414347,63.661069,0.347373,0.207625,121.7822,0.092123,121.8711,0.080034,34.435102,63.611310,121.8711,1.021968,2.159531,-1.020756,0.049759,-2.077432,0.589789
848,123.644,A,5,33.587509,64.140444,33.191562,63.774857,0.350321,0.210496,122.3236,0.097093,122.4174,0.123585,34.248823,63.758385,122.4174,1.057389,0.763745,-1.057261,0.016472,-0.661314,0.382060
849,123.786,A,5,31.602439,64.561338,33.226812,63.857392,0.320591,0.171187,123.0111,0.111542,123.1107,0.139017,34.069760,63.903797,123.1107,0.844224,2.553436,-0.842948,-0.046405,-2.467321,0.657541
850,123.930,A,5,31.878519,64.447478,32.906898,63.999156,0.342164,0.191534,123.7849,0.127897,123.8828,0.141013,33.895833,64.048602,123.8828,0.990170,2.056370,-0.988935,-0.049446,-2.017314,0.398876
851,124.071,A,5,32.032447,64.080260,32.690088,64.095656,0.342726,0.196103,124.6403,0.142926,124.7372,0.147299,33.724951,64.193042,124.7372,1.039435,1.696257,-1.034862,-0.097386,-1.692504,-0.112782
852,124.206,A,5,31.912070,64.923136,32.538691,64.108922,0.322110,0.197613,125.5746,0.156811,125.6785,0.173862,33.555684,64.337090,125.6785,1.042274,1.744969,-1.016993,-0.228168,-1.643614,0.586047
853,124.349,A,5,31.463942,65.873576,32.393439,64.267566,0.328209,0.181496,126.6020,0.172777,126.7013,0.179893,33.388131,64.480815,126.7013,1.017294,2.375350,-0.994692,-0.213249,-1.924189,1.392761
854,124.497,A,5,30.593019,64.670406,32.194703,64.567858,0.363631,0.159598,127.7007,0.185640,127.7945,0.198248,33.223772,64.624368,127.7945,1.030620,2.631155,-1.029069,-0.056510,-2.630753,0.046038
855,124.642,A,5,31.593933,65.132476,31.875952,64.603695,0.364688,0.189766,128.8562,0.196655,128.9475,0.207572,33.064355,64.767664,128.9475,1.199661,1.515001,-1.188403,-0.163969,-1.470422,0.364812
856,124.776,A,5,31.395156,66.603068,31.789267,64.713251,0.351131,0.168703,130.0652,0.205621,130.1558,0.213283,32.910705,64.910133,130.1558,1.138589,2.272206,-1.121438,-0.196882,-1.515549,1.692936
857,124.912,A,5,30.811814,65.934348,31.684346,65.064511,0.380751,0.123289,131.3467,0.218249,131.4211,0.227150,32.762277,65.050882,131.4211,1.078018,2.141219,-1.077931,0.013629,-1.950463,0.883466
858,125.071,A,5,30.055591,65.820566,31.495569,65.238350,0.388306,0.117273,132.6745,0.227148,132.7471,0.235673,32.617698,65.189294,132.7471,1.123201,2.638730,-1.122129,0.049055,-2.562107,0.631271
859,125.254,A,5,30.877215,66.174716,31.205375,65.360938,0.399927,0.133487,134.0710,0.237878,134.1343,0.240026,32.475766,65.325608,134.1343,1.270882,1.810069,-1.270391,0.035330,-1.598551,0.849109
860,125.415,A,5,30.410561,66.635506,31.107645,65.525558,0.391675,0.110934,135.6170,0.246058,135.5776,0.258849,32.336090,65.461003,135.5776,1.230140,2.255464,-1.228445,0.064555,-1.925529,1.174503
861,125.577,A,5,30.377653,66.851908,30.949938,65.740817,0.401754,0.092709,137.0573,0.255811,137.0683,0.259100,32.198995,65.596978,137.0683,1.257312,2.211817,-1.249057,0.143839,-1.821342,1.254929
862,125.749,A,5,29.296134,66.946514,30.814619,65.956928,0.406995,0.071952,138.5311,0.263374,138.6000,0.274509,32.064940,65.734341,138.6000,1.269980,3.022524,-1.250322,0.222586,-2.768806,1.212173
863,125.931,A,5,29.843350,66.903041,30.510233,66.152586,0.431274,0.079945,140.1060,0.271012,140.1717,0.274898,31.934054,65.872543,140.1717,1.451100,2.330873,-1.423821,0.280043,-2.090704,1.030498
864,126.120,A,5,30.328910,66.423956,30.362129,66.301672,0.434573,0.071519,141.4052,0.278241,141.7869,0.279654,31.806168,66.009932,141.7869,1.473215,1.534179,-1.444039,0.291740,-1.477258,0.414024
865,126.279,A,5,29.233048,67.236052,30.313311,66.346536,0.388554,0.060899,143.4027,0.287393,143.4485,0.294992,31.681168,66.144826,143.4485,1.382649,2.680310,-1.367856,0.201709,-2.448120,1.091226
866,126.440,A,5,29.241714,68.056455,30.087224,66.521373,0.401577,0.057247,145.1066,0.293740,145.1550,0.305912,31.559241,66.276669,145.1550,1.492218,2.922083,-1.472017,0.244705,-2.317526,1.779787
867,126.624,A,5,29.449168,67.149018,29.908714,66.806860,0.430668,0.030001,146.4970,0.299335,146.9004,0.305965,31.440716,66.406384,146.9004,1.583481,2.125505,-1.532002,0.400476,-1.991548,0.742635
868,126.783,A,5,28.887077,66.990935,29.784899,66.890353,0.401823,0.027302,148.6277,0.306319,148.6768,0.311642,31.325617,66.535691,148.6768,1.581011,2.480670,-1.540718,0.354662,-2.438540,0.455244
869,126.943,A,5,29.046287,68.129685,29.590656,66.925241,0.391166,0.041347,150.4416,0.312800,150.4797,0.318626,31.213306,66.665903,150.4797,1.643243,2.615077,-1.622649,0.259338,-2.167018,1.463782
870,127.095,A,5,29.377888,66.888693,29.458482,67.153769,0.394768,0.013458,152.2757,0.317196,152.3102,0.311387,31.102618,66.797066,152.3102,1.682385,1.727162,-1.644136,0.356703,-1.724730,0.091627
871,127.252,A,5,29.370316,67.480370,29.409876,67.122635,0.353935,0.021711,154.1428,0.322236,154.1732,0.327461,30.992506,66.928056,154.1732,1.594547,1.713637,-1.582630,0.194579,-1.622190,0.552314
872,127.395,A,5,29.006274,68.276506,29.370934,67.198757,0.327985,0.009454,156.0489,0.328803,156.0724,0.331468,30.882727,67.057511,156.0724,1.518377,2.237639,-1.511793,0.141247,-1.876453,1.218996
873,127.533,A,5,28.780935,67.283438,29.276231,67.401761,0.327399,-0.018344,157.9914,0.335211,158.0064,0.338929,30.774030,67.184848,158.0064,1.513424,1.995531,-1.497799,0.216913,-1.993094,0.098590
874,127.673,A,5,27.857620,68.464880,29.159541,67.393499,0.309588,-0.004335,159.9526,0.339451,159.9686,0.345162,30.667649,67.310628,159.9686,1.510383,3.037855,-1.508107,0.082871,-2.810029,1.154252
875,127.826,A,5,28.533179,67.568766,28.899569,67.593541,0.339051,-0.017392,161.9345,0.343354,161.9516,0.347597,30.564468,67.436001,161.9516,1.672336,2.035623,-1.664899,0.157540,-2.031289,0.132765
876,127.965,A,5,28.292020,67.834396,28.803833,67.600205,0.318079,-0.009392,163.9435,0.348048,163.9511,0.358186,30.464419,67.561730,163.9511,1.661032,2.189444,-1.660587,0.038475,-2.172399,0.272666
877,128.105,A,5,28.026035,67.834219,28.683438,67.650501,0.307771,-0.009107,165.9728,0.351926,165.9685,0.358013,30.366499,67.687632,165.9685,1.683470,2.345050,-1.683061,-0.037131,-2.340464,0.146587
878,128.246,A,5,28.412260,67.920778,28.537867,67.690416,0.302658,-0.005970,168.0216,0.354326,168.0086,0.355474,30.269304,67.812839,168.0086,1.735759,1.860178,-1.731437,-0.122423,-1.857044,0.107938
879,128.391,A,5,27.757125,69.137828,28.486978,67.737480,0.280545,-0.011771,170.0954,0.359551,170.0751,0.364440,30.171735,67.936626,170.0751,1.696487,2.696892,-1.684757,-0.199146,-2.414610,1.201203
880,128.528,A,5,27.812686,68.192150,28.330059,67.991361,0.293401,-0.051169,172.1817,0.362525,172.1664,0.366786,30.073457,68.059070,172.1664,1.744712,2.264685,-1.743398,-0.067709,-2.260771,0.133079
881,128.659,A,5,27.916325,68.741167,28.210591,68.035074,0.285055,-0.048433,174.2967,0.366701,174.2766,0.370560,29.974903,68.181014,174.2766,1.770337,2.133428,-1.764312,-0.145939,-2.058578,0.560154
882,128.793,A,5,27.598718,68.860353,28.130974,68.167369,0.273660,-0.066170,176.4258,0.369083,176.3994,0.371775,29.876911,68.303371,176.3994,1.751226,2.345292,-1.745937,-0.136002,-2.278193,0.556982
883,128.920,A,5,26.954022,68.574651,28.010044,68.297830,0.270856,-0.080677,178.5652,0.372030,178.5320,0.377209,29.780258,68.426369,178.5320,1.774875,2.830123,-1.770214,-0.128540,-2.826236,0.148282
884,129.057,A,5,27.505315,69.734252,27.796283,68.354448,0.283882,-0.076967,-179.2835,0.373596,-179.3233,0.371742,29.685331,68.549354,-179.3233,1.899077,2.481220,-1.889048,-0.194906,-2.180016,1.184898
885,129.201,A,5,27.482356,69.819079,27.716351,68.606112,0.272781,-0.117640,-177.1174,0.376555,-177.1628,0.379175,29.592031,68.671347,-177.1628,1.876814,2.401670,-1.875680,-0.065235,-2.109676,1.147732
886,129.318,A,5,27.165587,69.899295,27.647210,68.831078,0.258446,-0.149155,-174.9433,0.378162,-174.9850,0.380976,29.499805,68.791866,-174.9850,1.853010,2.583597,-1.852595,0.039212,-2.334218,1.107429
887,129.463,A,5,27.359264,69.236746,27.534836,69.032316,0.252567,-0.172471,-172.7500,0.381129,-172.7927,0.384642,29.407761,68.911327,-172.7927,1.876829,2.074183,-1.872925,0.120989,-2.048496,0.325419
888,129.594,A,5,27.819845,70.033508,27.477158,69.081509,0.234654,-0.163219,-170.5482,0.382816,-170.5916,0.386402,29.314944,69.030685,-170.5916,1.838489,1.800271,-1.837786,0.050824,-1.495099,1.002823
889,129.735,A,5,26.732133,69.544291,27.512514,69.262228,0.198692,-0.181363,-168.3355,0.384353,-168.3865,0.388791,29.220761,69.150621,-168.3865,1.711889,2.519573,-1.708247,0.111606,-2.488628,0.393669
890,129.857,A,5,27.351153,69.944707,27.351257,69.324766,0.206887,-0.176021,-166.1200,0.385232,-166.1772,0.389551,29.125318,69.270974,-166.1772,1.774876,1.897782,-1.774060,0.053792,-1.774164,0.673733
891,129.999,A,5,26.822308,68.568221,27.331943,69.443676,0.188379,-0.184970,-164.3304,0.387539,-164.0086,0.337401,29.028622,69.390556,-164.0086,1.697510,2.354582,-1.696679,0.053120,-2.206314,-0.822335
892,130.141,A,5,26.807966,70.050795,27.216103,69.301576,0.189421,-0.135286,-162.2412,0.318031,-162.3673,0.336807,28.926982,69.503195,-162.3673,1.722718,2.188629,-1.710879,-0.201620,-2.119017,0.547599
893,130.281,A,5,26.552409,69.556670,27.120841,69.441252,0.180741,-0.151439,-159.8556,0.385556,-160.0136,0.454246,28.820081,69.614958,-160.0136,1.708095,2.268421,-1.699239,-0.173706,-2.267672,-0.058288
894,130.422,A,5,26.332120,70.676561,26.998259,69.468825,0.182600,-0.145504,-157.7534,0.361763,-157.9872,0.255561,28.710664,69.719987,-157.9872,1.730726,2.563690,-1.712405,-0.251163,-2.378544,0.956574
895,130.564,A,5,25.923394,70.085172,26.858556,69.689093,0.177234,-0.180021,-156.2537,0.308900,-156.3909,0.353414,28.597903,69.820404,-156.3909,1.744297,2.687583,-1.739347,-0.131311,-2.674509,0.264768
896,130.721,A,5,25.685332,69.870905,26.669598,69.767565,0.188212,-0.185974,-154.2390,0.332975,-154.3923,0.270097,28.480214,69.923508,-154.3923,1.817320,2.795377,-1.810617,-0.155944,-2.794882,-0.052603
897,130.865,A,5,26.439361,70.082160,26.470630,69.793495,0.202380,-0.182975,-152.7657,0.284863,-152.9008,0.319537,28.358998,70.019612,-152.9008,1.901858,1.920656,-1.888368,-0.226117,-1.919637,0.062548
898,131.012,A,5,25.870908,69.510292,26.439530,69.851202,0.180325,-0.175493,-151.1532,0.273990,-151.3109,0.247807,28.232425,70.112256,-151.3109,1.811801,2.437032,-1.792895,-0.261054,-2.361517,-0.601965
899,131.170,A,5,25.269898,70.881728,26.315293,69.796554,0.186580,-0.155143,-149.6425,0.265152,-149.7935,0.262666,28.100373,70.197650,-149.7935,1.829587,2.911967,-1.785080,-0.401096,-2.830475,0.684078
900,131.317,A,5,25.585660,71.724347,26.106006,69.992525,0.186872,-0.191300,-148.2098,0.254771,-148.3643,0.243863,27.962637,70.274926,-148.3643,1.877985,2.784033,-1.856631,-0.282401,-2.376977,1.449421
901,131.467,A,5,26.324646,71.182956,25.987766,70.306070,0.158442,-0.237163,-146.8430,0.244040,-147.0084,0.223815,27.819000,70.345538,-147.0084,1.831660,1.712999,-1.831235,-0.039467,-1.494354,0.837419
902,131.622,A,5,25.818953,69.567316,26.021973,70.472666,0.117847,-0.236733,-145.5742,0.229636,-145.7264,0.208717,27.669889,70.411381,-145.7264,1.649055,2.034308,-1.647916,0.061285,-1.850936,-0.844065
903,131.760,A,5,24.710188,70.115985,25.963940,70.323836,0.128784,-0.189071,-144.3712,0.216153,-144.5165,0.198715,27.516491,70.473561,-144.5165,1.559753,2.828992,-1.552551,-0.149725,-2.806302,-0.357576
904,131.924,A,5,25.153800,70.942247,25.720415,70.293839,0.159109,-0.187459,-143.2314,0.204353,-143.3708,0.188944,27.360400,70.531810,-143.3708,1.657161,2.244447,-1.639985,-0.237972,-2.206600,0.410436
905,132.098,A,5,24.765168,71.107186,25.596380,70.414062,0.148760,-0.200099,-142.1442,0.194609,-142.2797,0.187670,27.202845,70.584951,-142.2797,1.615529,2.492989,-1.606465,-0.170890,-2.437676,0.522234
906,132.270,A,5,24.684778,70.939446,25.425172,70.543326,0.145789,-0.218237,-141.1034,0.185034,-141.2360,0.171541,27.043922,70.631855,-141.2360,1.621169,2.379112,-1.618750,-0.088529,-2.359144,0.307591
907,132.433,A,5,24.772484,71.059341,25.269256,70.620925,0.145663,-0.224190,-140.1190,0.175806,-140.2388,0.164252,26.882392,70.672075,-140.2388,1.613947,2.145154,-1.613136,-0.051150,-2.109908,0.387266
908,132.623,A,5,24.742502,70.677082,25.156172,70.706166,0.136963,-0.225966,-139.1687,0.169046,-139.2918,0.160778,26.716352,70.705803,-139.2918,1.560179,1.974058,-1.560179,0.000363,-1.973849,-0.028721
909,132.790,A,5,25.021329,70.712757,25.058404,70.708565,0.136376,-0.212386,-138.2693,0.160459,-138.3976,0.149910,26.544506,70.733342,-138.3976,1.486309,1.523316,-1.486102,-0.024777,-1.523177,-0.020585
910,132.951,A,5,24.411463,70.301787,25.028415,70.715692,0.124236,-0.192922,-137.4242,0.152036,-137.5534,0.147379,26.367116,70.754684,-137.5534,1.339269,2.007410,-1.338701,-0.038992,-1.955653,-0.452898
911,133.127,A,5,24.024066,70.902138,24.897408,70.647371,0.139028,-0.176808,-136.6262,0.142604,-136.7506,0.135063,26.185938,70.769553,-136.7506,1.294310,2.165934,-1.288530,-0.122182,-2.161872,0.132585
912,133.293,A,5,23.854991,70.782225,24.720578,70.695560,0.143919,-0.187159,-135.8589,0.137053,-135.9805,0.134462,26.003171,70.777847,-135.9805,1.285230,2.148185,-1.282593,-0.082287,-2.148180,0.004378
913,133.456,A,5,23.059299,70.443284,24.544048,70.713961,0.151666,-0.192042,-135.1251,0.131009,-135.2393,0.130440,25.820144,70.780032,-135.2393,1.277806,2.781307,-1.276096,-0.066071,-2.760846,-0.336748
914,133.610,A,5,23.004312,70.249536,24.256490,70.668171,0.183583,-0.202077,-134.4184,0.125577,-134.5295,0.118340,25.636673,70.777037,-134.5295,1.384471,2.684694,-1.380184,-0.108866,-2.632361,-0.527501
915,133.763,A,5,23.304256,70.202370,24.007531,70.594291,0.209434,-0.202193,-133.7490,0.118824,-133.8562,0.111891,25.451421,70.769628,-133.8562,1.454496,2.220833,-1.443889,-0.175337,-2.147165,-0.567258
916,133.915,A,5,23.879174,71.665379,23.854519,70.523193,0.217487,-0.189974,-133.1050,0.114499,-133.2222,0.103074,25.262914,70.757691,-133.2222,1.427783,1.654882,-1.408395,-0.234498,-1.383740,0.907688
917,134.052,A,5,22.172033,71.405675,23.831093,70.723580,0.167156,-0.200660,-132.5142,0.107049,-132.6238,0.099682,25.070525,70.740066,-132.6238,1.239541,2.973935,-1.239432,-0.016486,-2.898491,0.665610
918,134.208,A,5,22.604810,70.118661,23.510638,70.845773,0.176084,-0.241204,-131.9464,0.101605,-132.0523,0.097139,24.874766,70.715234,-132.0523,1.370360,2.347041,-1.364129,0.130539,-2.269956,-0.596573
919,134.341,A,5,22.682352,70.017649,23.320978,70.719028,0.200841,-0.223087,-131.3953,0.097925,-131.4998,0.098077,24.676785,70.682402,-131.4998,1.356301,2.102298,-1.355806,0.036626,-1.994432,-0.664753
920,134.496,A,5,23.431275,70.745958,23.178550,70.593700,0.215818,-0.200846,-130.8633,0.094552,-130.9644,0.090634,24.477552,70.642180,-130.9644,1.299906,1.051411,-1.299002,-0.048480,-1.046277,0.103778
921,134.639,A,5,21.616989,70.971742,23.195355,70.617695,0.184831,-0.178628,-130.3465,0.092356,-130.4304,0.120945,24.277354,70.596633,-130.4304,1.082203,2.686679,-1.081998,0.021062,-2.660364,0.375109
922,134.799,A,5,21.907062,71.012517,22.889838,70.677750,0.196121,-0.212201,-129.2573,0.165967,-129.1922,0.152469,24.081966,70.558605,-129.2994,1.198067,2.221766,-1.192128,0.119145,-2.174904,0.453912
923,134.918,A,5,21.720699,70.344911,22.687163,70.735415,0.191924,-0.226370,-128.7191,0.104753,-128.8257,0.000195,23.889058,70.516600,-128.8257,1.221651,2.175146,-1.201895,0.218816,-2.168359,-0.171689
924,135.097,A,5,21.315321,69.504976,22.486722,70.664939,0.207089,-0.221680,-128.2640,0.100121,-128.3151,0.187643,23.699504,70.477745,-128.3151,1.227144,2.574996,-1.212782,0.187194,-2.384182,-0.972769
925,135.251,A,5,21.143462,70.489181,22.249442,70.455519,0.246591,-0.205392,-127.1524,0.160137,-127.2053,0.126649,23.511317,70.445834,-127.2053,1.261912,2.368252,-1.261875,0.009685,-2.367855,0.043347
926,135.399,A,5,21.846492,69.817579,22.022580,70.454272,0.247543,-0.217179,-126.5291,0.127817,-126.5874,0.179860,23.323836,70.403209,-126.5874,1.302258,1.589184,-1.301256,0.051063,-1.477344,-0.585629
927,135.548,A,5,22.059583,69.986390,21.960519,70.333912,0.245652,-0.186752,-125.3933,0.175956,-125.4444,0.154505,23.137360,70.363772,-125.4444,1.177219,1.141937,-1.176841,-0.029860,-1.077777,-0.377382
928,135.686,A,5,21.155105,70.974391,21.949983,70.263063,0.229695,-0.158212,-124.4287,0.174313,-124.4677,0.192506,22.952015,70.319247,-124.4677,1.003605,1.912615,-1.002032,-0.056184,-1.796909,0.655144
929,135.821,A,5,20.837021,70.251353,21.788816,70.381086,0.208865,-0.185171,-123.5291,0.185978,-123.3357,0.211938,22.768050,70.277031,-123.3357,0.984746,1.931199,-0.979233,0.104055,-1.931028,-0.025678
930,135.963,A,5,21.150652,70.049566,21.589721,70.349493,0.209131,-0.188752,-122.1299,0.200745,-122.1527,0.206953,22.586145,70.238425,-122.1527,1.002595,1.447863,-0.996424,0.111068,-1.435493,-0.188860
931,136.112,A,5,20.802394,71.257167,21.485690,70.288394,0.207095,-0.177206,-120.9013,0.210287,-120.9192,0.222150,22.407375,70.204426,-120.9192,0.925502,1.919434,-0.921685,0.083968,-1.604981,1.052740
932,136.257,A,5,20.219374,70.668075,21.338016,70.451824,0.172400,-0.200396,-119.5545,0.221575,-119.6263,0.221982,22.232639,70.174179,-119.6263,0.936716,2.072961,-0.894623,0.277645,-2.013265,0.493896
933,136.400,A,5,19.868291,70.232860,21.120482,70.486022,0.175293,-0.224042,-118.5351,0.229317,-118.2727,0.234943,22.061794,70.145680,-118.2727,1.000950,2.195235,-0.941312,0.340342,-2.193504,0.087180
934,136.548,A,5,19.766673,69.530788,20.866858,70.434997,0.187039,-0.231542,-116.8549,0.241352,-116.8612,0.247044,21.893327,70.116832,-116.8612,1.074647,2.205925,-1.026468,0.318165,-2.126654,-0.586045
935,136.683,A,5,20.023369,69.232165,20.643532,70.267504,0.217518,-0.226344,-115.4001,0.249910,-115.3991,0.261341,21.725054,70.086132,-115.3991,1.096625,1.903941,-1.081522,0.181372,-1.701685,-0.853967
936,136.821,A,5,19.450044,69.216814,20.505072,70.073260,0.240140,-0.205340,-113.8933,0.258909,-113.8941,0.260215,21.555563,70.053042,-113.8941,1.050685,2.265499,-1.050491,0.020219,-2.105519,-0.836228
937,136.959,A,5,20.144823,70.164954,20.290481,69.907134,0.262423,-0.204213,-112.3507,0.266582,-112.3499,0.273701,21.385104,70.018091,-112.3499,1.100233,1.248946,-1.094624,-0.110956,-1.240281,0.146864
938,137.097,A,5,19.607967,69.869592,20.236926,69.936763,0.231348,-0.193527,-110.7678,0.273401,-110.7656,0.275768,21.215351,69.982699,-110.7656,0.979504,1.611359,-0.978426,-0.045936,-1.607384,-0.113107
939,137.248,A,5,19.434188,69.533016,20.099962,69.910071,0.221195,-0.194301,-109.1386,0.281274,-109.1390,0.292908,21.048263,69.948641,-109.1390,0.949085,1.666728,-0.948301,-0.038570,-1.614075,-0.415625
940,137.389,A,5,19.021454,69.044167,19.957265,69.828485,0.222247,-0.191888,-107.4599,0.289335,-107.4705,0.299537,20.884861,69.917238,-107.4705,0.931833,2.057799,-0.927596,-0.088753,-1.863407,-0.873071
941,137.528,A,5,18.644425,69.508919,19.767341,69.673472,0.240083,-0.193552,-105.7526,0.294688,-105.7645,0.302614,20.724649,69.888771,-105.7645,0.981220,2.114620,-0.957308,-0.215298,-2.080224,-0.379852
942,137.664,A,5,18.886476,69.336295,19.543755,69.626291,0.237275,-0.210527,-104.0279,0.298637,-104.0284,0.307183,20.565951,69.862312,-104.0284,1.049090,1.759923,-1.022195,-0.236021,-1.679474,-0.526017
943,137.816,A,5,19.027182,69.514661,19.402064,69.556901,0.232324,-0.209085,-102.2582,0.304997,-102.2696,0.310102,20.406871,69.835902,-102.2696,1.042823,1.416594,-1.004807,-0.279001,-1.379689,-0.321242
944,137.964,A,5,18.783588,69.813072,19.311272,69.531370,0.215648,-0.201375,-100.4846,0.307049,-100.4913,0.308947,20.246500,69.807236,-100.4913,0.975065,1.462924,-0.935228,-0.275866,-1.462912,0.005836
945,138.100,A,5,18.035973,68.956689,19.194740,69.564079,0.190566,-0.203153,-98.6681,0.313967,-98.6907,0.317366,20.085504,69.774740,-98.6907,0.915336,2.206759,-0.890764,-0.210662,-2.049531,-0.818052
946,138.238,A,5,18.932603,68.681410,18.967115,69.440104,0.204056,-0.218474,-96.8315,0.318466,-96.8621,0.328057,19.925557,69.738409,-96.8621,1.003791,1.450242,-0.958442,-0.298305,-0.992953,-1.056998
947,138.383,A,5,18.373296,70.856666,18.938382,69.287910,0.211378,-0.192545,-94.9721,0.322240,-95.0033,0.330581,19.768008,69.699860,-95.0033,0.926273,1.812021,-0.829626,-0.411950,-1.394712,1.156806
948,138.526,A,5,17.764250,69.203223,18.817196,69.547658,0.139576,-0.205043,-93.0821,0.327448,-93.1178,0.333079,19.612896,69.661490,-93.1178,0.803801,1.904599,-0.795700,-0.113831,-1.848645,-0.458266
949,138.683,A,5,18.301469,68.820694,18.609924,69.473310,0.144633,-0.220722,-91.1729,0.331086,-91.2135,0.332565,19.459052,69.625178,-91.2135,0.862602,1.409677,-0.849128,-0.151867,-1.157582,-0.804483
950,138.815,A,5,17.859033,69.060353,18.534061,69.343359,0.155512,-0.207407,-89.2430,0.334559,-89.2972,0.340140,19.305194,69.591399,-89.2972,0.810043,1.540581,-0.771132,-0.248040,-1.446161,-0.531046
951,138.968,A,5,16.990141,69.496303,18.394649,69.277237,0.153161,-0.210632,-87.3157,0.335362,-87.3717,0.336309,19.150901,69.559101,-87.3717,0.807072,2.161672,-0.756252,-0.281864,-2.160760,-0.062798
952,139.135,A,5,17.544527,69.423218,18.125543,69.299581,0.134043,-0.241378,-85.3748,0.338042,-85.4345,0.347592,18.996886,69.526189,-85.4345,0.900327,1.456005,-0.871343,-0.226608,-1.452359,-0.102971
953,139.278,A,5,17.742444,68.733206,18.000279,69.306252,0.117462,-0.239250,-83.4320,0.338340,-83.4804,0.341814,18.844442,69.490463,-83.4804,0.864028,1.337100,-0.844163,-0.184212,-1.101998,-0.757258
954,139.421,A,5,17.204566,68.924550,17.933384,69.190116,0.126823,-0.225489,-81.4585,0.342500,-81.5056,0.345800,18.694559,69.450646,-81.5056,0.804527,1.580145,-0.761176,-0.260530,-1.489993,-0.526096
955,139.564,A,5,17.943277,68.658113,17.784571,69.127004,0.123384,-0.230339,-79.4612,0.346412,-79.5109,0.345142,18.547341,69.406900,-79.5109,0.812502,0.962068,-0.762770,-0.279896,-0.604064,-0.748787
956,139.703,A,5,16.328358,69.682023,17.793656,69.027761,0.128740,-0.203596,-77.4425,0.350301,-77.5009,0.355563,18.402058,69.360673,-77.5009,0.693529,2.098452,-0.608402,-0.332912,-2.073701,0.321350
957,139.826,A,5,16.709351,68.781159,17.520887,69.129636,0.089531,-0.238991,-75.8264,0.351135,-75.4798,0.359118,18.257759,69.313976,-75.4798,0.759580,1.637516,-0.736872,-0.184340,-1.548408,-0.532817
958,139.969,A,5,16.602641,68.670599,17.353931,69.050774,0.087785,-0.242160,-73.3600,0.355853,-73.4491,0.357930,18.113995,69.268503,-73.4491,0.790635,1.625324,-0.760064,-0.217729,-1.511354,-0.597904
959,140.109,A,5,16.716955,69.320254,17.200934,68.967795,0.088331,-0.247838,-71.3314,0.354178,-71.4071,0.353317,17.971082,69.224997,-71.4071,0.811961,1.257740,-0.770148,-0.257202,-1.254127,0.095257
960,140.249,A,5,16.590365,67.518635,17.094297,69.013654,0.063913,-0.238539,-69.1911,0.358081,-69.3517,0.360564,17.829801,69.182959,-69.3517,0.754738,2.075133,-0.735504,-0.169305,-1.239436,-1.664324
961,140.394,A,5,16.120618,69.062158,16.987175,68.733918,0.106256,-0.246287,-67.1860,0.362619,-67.2816,0.364159,17.690886,69.140768,-67.2816,0.812857,1.572234,-0.703710,-0.406851,-1.570267,-0.078610
962,140.542,A,5,16.801096,69.162750,16.815464,68.772932,0.076305,-0.249423,-65.0957,0.363809,-65.1982,0.361168,17.554733,69.096307,-65.1982,0.806901,0.756560,-0.739269,-0.323375,-0.753637,0.066443
963,140.684,A,5,16.148521,69.316100,16.794298,68.825175,0.055469,-0.221696,-63.0098,0.363405,-63.1041,0.366350,17.421457,69.048019,-63.1041,0.665573,1.300859,-0.627159,-0.222845,-1.272936,0.268081
964,140.825,A,5,17.063492,68.967008,16.662950,68.897396,0.025687,-0.216288,-60.9175,0.364144,-61.0006,0.368963,17.291084,68.995738,-61.0006,0.635786,0.229399,-0.628134,-0.098342,-0.227593,-0.028730
965,140.960,A,5,15.617230,69.167634,16.720174,68.899814,0.026780,-0.184902,-59.2296,0.367138,-58.8861,0.372975,17.163614,68.940801,-58.8861,0.445330,1.562931,-0.443440,-0.040988,-1.546383,0.226833
966,141.108,A,5,16.406341,67.635492,16.508183,68.933626,-0.001467,-0.196301,-56.6681,0.371015,-56.7577,0.369143,17.038868,68.885368,-56.7577,0.532874,1.400814,-0.530684,0.048258,-0.632526,-1.249876
967,141.253,A,5,15.589074,68.500920,16.475071,68.692537,0.038959,-0.201111,-54.7576,0.337427,-54.9583,0.214130,16.920397,68.830967,-54.9583,0.466345,1.371624,-0.445326,-0.138430,-1.331323,-0.330047
968,141.410,A,5,15.804495,68.732388,16.304190,68.643820,0.026338,-0.213099,-53.5713,0.260604,-53.7040,0.335490,16.802168,68.784933,-53.7040,0.517585,0.999055,-0.497978,-0.141113,-0.997672,-0.052545
969,141.557,A,5,15.612915,68.239059,16.200608,68.644907,0.012087,-0.206591,-51.7508,0.299564,-51.8742,0.314710,16.685549,68.736514,-51.8742,0.493518,1.182372,-0.484941,-0.091607,-1.072634,-0.497454
970,141.706,A,5,15.817547,68.982829,16.081665,68.559146,0.012191,-0.212395,-50.0419,0.297447,-50.1690,0.282601,16.572785,68.691245,-50.1690,0.508575,0.809571,-0.491120,-0.132099,-0.755238,0.291585
971,141.861,A,5,15.599401,68.075977,16.019777,68.620148,-0.006938,-0.191459,-48.4493,0.282618,-48.5900,0.262059,16.463848,68.646557,-48.5900,0.444856,1.035775,-0.444071,-0.026409,-0.864447,-0.570580
972,142.028,A,5,14.995546,67.751839,15.931207,68.511419,0.000929,-0.196744,-46.9753,0.264068,-47.1341,0.239379,16.359079,68.600631,-47.1341,0.437074,1.606136,-0.427872,-0.089213,-1.363533,-0.848792
973,142.194,A,5,15.706484,68.030588,15.751571,68.362940,0.002320,-0.221215,-45.6230,0.244604,-45.7913,0.227855,16.259269,68.553671,-45.7913,0.542343,0.761044,-0.507698,-0.190731,-0.552785,-0.523083
974,142.385,A,5,15.349148,68.062358,15.728767,68.288709,0.010419,-0.208724,-44.3666,0.226643,-44.5481,0.206503,16.165030,68.507725,-44.5481,0.488152,0.929524,-0.436262,-0.219016,-0.815882,-0.445367
975,142.587,A,5,14.636774,66.456680,15.648145,68.233188,0.006788,-0.204381,-43.2162,0.208062,-43.3945,0.193954,16.075905,68.465155,-43.3945,0.486608,2.470844,-0.427760,-0.231967,-1.439130,-2.008475
976,142.757,A,5,14.512996,68.049792,15.456081,67.902117,0.029600,-0.254607,-42.1448,0.192864,-42.3283,0.175932,15.990145,68.427020,-42.3283,0.748831,1.524556,-0.534064,-0.524903,-1.477149,-0.377229
977,142.944,A,5,14.798590,68.758217,15.274138,67.907935,-0.000397,-0.251311,-41.1619,0.177785,-41.3526,0.161248,15.905580,68.392764,-41.3526,0.796102,1.165755,-0.631443,-0.484828,-1.106991,0.365453
978,143.145,A,5,14.105453,68.098592,15.173463,68.040773,-0.034273,-0.217924,-40.2820,0.161100,-40.4705,0.148372,15.820962,68.361016,-40.4705,0.722364,1.735464,-0.647499,-0.320243,-1.715509,-0.262424
979,143.343,A,5,15.183461,68.159394,14.967497,68.036838,-0.060008,-0.222438,-39.4920,0.145157,-39.6798,0.127894,15.736872,68.330577,-39.6798,0.823541,0.579281,-0.769375,-0.293738,-0.553411,-0.171183
980,143.531,A,5,14.498979,67.652171,14.987867,68.045797,-0.051590,-0.192501,-38.7973,0.128824,-38.9717,0.113861,15.655354,68.300961,-38.9717,0.714595,1.325945,-0.667486,-0.255164,-1.156375,-0.648790
981,143.700,A,5,14.432949,67.364293,14.885564,67.964227,-0.050153,-0.196396,-37.9297,0.153701,-38.0582,0.238054,15.580780,68.269608,-38.0582,0.759331,1.461887,-0.695217,-0.305381,-1.147832,-0.905315
982,143.879,A,5,14.953822,68.422690,14.789836,67.845357,-0.043329,-0.204580,-37.1031,0.135307,-37.3031,0.023382,15.509367,68.237380,-37.3031,0.819394,0.585636,-0.719531,-0.392023,-0.555544,0.185310
983,144.053,A,5,14.679333,67.735935,14.803636,67.935047,-0.048139,-0.165202,-37.1809,0.030962,-37.4147,0.031151,15.444044,68.212026,-37.4147,0.697739,0.900803,-0.640409,-0.276979,-0.764711,-0.476090
984,144.233,A,5,13.993937,68.013224,14.768315,67.889692,-0.042392,-0.157735,-36.6629,0.082492,-36.8471,0.098832,15.383673,68.179318,-36.8471,0.680109,1.399626,-0.615358,-0.289626,-1.389736,-0.166094
985,144.411,A,5,14.238721,67.727022,14.618151,67.901856,-0.062904,-0.156671,-36.6084,0.021656,-36.8683,-0.064271,15.324057,68.152353,-36.8683,0.749034,1.165702,-0.705906,-0.250496,-1.085336,-0.425331
986,144.593,A,5,14.896336,68.291167,14.536798,67.862254,-0.063698,-0.155077,-36.5996,0.018888,-36.8029,0.047899,15.264807,68.124513,-36.8029,0.773807,0.404406,-0.728009,-0.262259,-0.368471,0.166655
987,144.775,A,5,14.732131,67.978095,14.586906,67.930335,-0.056842,-0.119957,-36.7691,-0.023303,-37.0096,-0.058715,15.205546,68.099828,-37.0096,0.641439,0.488816,-0.618640,-0.169493,-0.473415,-0.121733
988,144.956,A,5,13.894377,67.301560,14.601461,67.932907,-0.048268,-0.103863,-36.9281,-0.026014,-37.1667,-0.064451,15.148091,68.074630,-37.1667,0.564703,1.472901,-0.546630,-0.141723,-1.253715,-0.773069
989,145.126,A,5,13.601679,68.067649,14.465892,67.815380,-0.050081,-0.127548,-37.2774,-0.047456,-37.5048,-0.077451,15.093894,68.050914,-37.5048,0.670718,1.492308,-0.628001,-0.235534,-1.492214,0.016735
990,145.307,A,5,13.802281,67.364918,14.300787,67.853514,-0.075656,-0.126985,-37.7259,-0.067371,-37.9207,-0.078267,15.044666,68.027149,-37.9207,0.763875,1.407860,-0.743879,-0.173636,-1.242385,-0.662231
991,145.514,A,5,13.940660,67.656717,14.198793,67.761431,-0.071994,-0.139777,-38.2392,-0.082177,-38.4263,-0.092456,15.000868,68.002849,-38.4263,0.837620,1.115280,-0.802075,-0.241418,-1.060209,-0.346132
992,145.702,A,5,13.816803,67.102491,14.139047,67.736613,-0.070175,-0.135040,-38.8260,-0.095648,-39.0184,-0.109954,14.961595,67.977507,-39.0184,0.857097,1.440904,-0.822548,-0.240894,-1.144793,-0.875017
993,145.896,A,5,13.437498,67.746390,14.067683,67.617572,-0.058600,-0.147339,-39.0444,-0.044127,-39.1782,-0.032983,14.926769,67.946205,-39.1782,0.919798,1.502615,-0.859086,-0.328633,-1.489271,-0.199815
994,146.097,A,5,13.848172,67.905169,13.942641,67.633522,-0.074005,-0.143676,-39.6613,-0.099580,-39.8676,-0.200853,14.899933,67.911666,-39.8676,0.996882,1.051781,-0.957293,-0.278143,-1.051761,-0.006497
995,146.284,A,5,14.167945,68.368557,13.910950,67.675747,-0.075653,-0.124299,-40.6446,-0.134447,-40.7786,-0.066329,14.877909,67.874244,-40.7786,0.987122,0.865098,-0.966959,-0.198497,-0.709964,0.494313
996,146.465,A,5,14.276482,68.129811,13.944065,67.794943,-0.076926,-0.086780,-40.8592,-0.069837,-40.9940,-0.093963,14.856179,67.832984,-40.9940,0.912908,0.651272,-0.912115,-0.038040,-0.579697,0.296827
997,146.648,A,5,13.370153,67.519349,13.992188,67.853101,-0.067900,-0.061505,-41.6999,-0.126246,-41.8444,-0.121297,14.844416,67.795148,-41.8444,0.854196,1.499839,-0.852228,0.057953,-1.474263,-0.275800
998,146.832,A,5,13.372831,67.868815,13.872669,67.793743,-0.070921,-0.079219,-42.0349,-0.073279,-42.1421,-0.086715,14.833686,67.752320,-42.1421,0.961909,1.465492,-0.961016,0.041423,-1.460854,0.116495
999,147.015,A,5,13.295212,67.380992,13.773581,67.806143,-0.079627,-0.081214,-42.6791,-0.098551,-42.7648,-0.054290,14.831992,67.707037,-42.7648,1.063041,1.570986,-1.058411,0.099106,-1.536780,-0.326046
1000,147.206,A,5,13.786249,66.867312,13.677476,67.730034,-0.075017,-0.096335,-43.1234,-0.086913,-43.2307,-0.099554,14.835734,67.653409,-43.2307,1.160790,1.311247,-1.158258,0.076624,-1.049486,-0.786098
1001,147.399,A,5,13.417636,67.794448,13.685115,67.574704,-0.044273,-0.107897,-43.6020,-0.083369,-43.6944,-0.082342,14.847352,67.591971,-43.6944,1.162366,1.443982,-1.162238,-0.017267,-1.429716,0.202477
1002,147.576,A,5,13.536132,66.708994,13.627297,67.609309,-0.052516,-0.098060,-44.0582,-0.079175,-44.1423,-0.076541,14.867330,67.524042,-44.1423,1.242961,1.560894,-1.240033,0.085267,-1.331198,-0.815048
1003,147.770,A,5,13.965999,67.546363,13.600753,67.445855,-0.027992,-0.114919,-44.4999,-0.076758,-44.5612,-0.066981,14.894988,67.452024,-44.5612,1.294250,0.933767,-1.294235,-0.006169,-0.928989,0.094340
1004,147.932,A,5,13.368455,66.619587,13.656098,67.457736,-0.018086,-0.092244,-44.8992,-0.070697,-44.9515,-0.062588,14.928607,67.378092,-44.9515,1.275000,1.734764,-1.272510,0.079644,-1.560152,-0.758505
1005,148.113,A,5,14.377805,67.323562,13.597306,67.303565,-0.003147,-0.112567,-45.2574,-0.063987,-45.3196,-0.065991,14.966056,67.302899,-45.3196,1.368750,0.588614,-1.368750,0.000666,-0.588251,0.020662
1006,148.299,A,5,14.448455,67.794966,13.728304,67.299654,0.017050,-0.081724,-45.6124,-0.061639,-45.6736,-0.050195,15.005843,67.225694,-45.6736,1.279677,0.796713,-1.277538,0.073961,-0.557387,0.569273
1007,148.467,A,5,13.918846,66.493946,13.852053,67.381086,0.021620,-0.042888,-45.9507,-0.059210,-46.0168,-0.064573,15.047953,67.145327,-46.0168,1.218917,1.303526,-1.195899,0.235759,-1.129106,-0.651382
1008,148.646,A,5,13.512243,67.314734,13.862321,67.218826,0.043773,-0.059932,-46.2874,-0.057638,-46.3478,-0.058556,15.094043,67.060515,-46.3478,1.241853,1.602098,-1.231721,0.158311,-1.581800,0.254219
1009,148.820,A,5,14.549347,67.468332,13.798748,67.228917,0.028157,-0.060663,-46.6028,-0.054419,-46.6593,-0.052376,15.146687,66.970576,-46.6593,1.372473,0.777545,-1.347940,0.258341,-0.597341,0.497755
1010,148.992,A,5,14.792136,66.730584,13.929981,67.265496,0.038385,-0.029441,-46.9059,-0.052776,-46.9455,-0.052859,15.207684,66.875278,-46.9455,1.335963,0.440020,-1.277703,0.390218,-0.415549,-0.144694
1011,149.170,A,5,13.726396,65.947700,14.083840,67.165577,0.070331,-0.017821,-47.1726,-0.047768,-47.2071,-0.045122,15.276829,66.774830,-47.2071,1.255351,1.757267,-1.192989,0.390747,-1.550433,-0.827130
1012,149.330,A,5,15.021941,66.685967,14.023438,66.942699,0.086289,-0.055999,-47.4351,-0.045836,-47.4515,-0.033150,15.351951,66.669789,-47.4515,1.356254,0.330406,-1.328513,0.272910,-0.330009,0.016177
1013,149.492,A,5,14.240171,66.540716,14.202784,66.887165,0.109652,-0.030904,-47.6821,-0.043893,-47.6876,-0.034759,15.430185,66.560988,-47.6876,1.270002,1.190187,-1.227401,0.326176,-1.190014,-0.020272
1014,149.660,A,5,14.402840,66.013651,14.214296,66.815696,0.109155,-0.035554,-47.9141,-0.041577,-47.9193,-0.041455,15.509650,66.449467,-47.9193,1.346131,1.189522,-1.295355,0.366230,-1.106810,-0.435816
1015,149.833,A,5,14.373187,66.381665,14.252278,66.662838,0.124516,-0.046968,-48.1385,-0.039999,-48.1444,-0.042049,15.590244,66.336231,-48.1444,1.377253,1.217905,-1.337966,0.326606,-1.217057,0.045433
1016,149.988,A,5,14.619749,65.527794,14.278386,66.600852,0.122987,-0.046157,-48.3547,-0.037518,-48.3573,-0.037846,15.673320,66.221734,-48.3573,1.445535,1.261573,-1.394934,0.379118,-1.053572,-0.693940
1017,150.146,A,5,14.202648,65.518673,14.343601,66.398040,0.148122,-0.058868,-48.5610,-0.036129,-48.5535,-0.032991,15.760755,66.105286,-48.5535,1.447076,1.664875,-1.417154,0.292754,-1.558107,-0.586612
1018,150.297,A,5,14.240027,65.205731,14.323628,66.227072,0.153993,-0.078391,-48.7391,-0.032062,-48.7337,-0.036987,15.853846,65.985082,-48.7337,1.549235,1.792149,-1.530218,0.241990,-1.613819,-0.779350
1019,150.459,A,5,14.639523,65.387241,14.312765,66.029157,0.164595,-0.097845,-48.9207,-0.031701,-48.9038,-0.027557,15.952667,65.859166,-48.9038,1.648689,1.395371,-1.639902,0.169992,-1.313144,-0.471925
1020,150.583,A,5,15.026062,65.832776,14.374181,65.896771,0.173955,-0.095123,-49.0937,-0.030415,-49.0708,-0.034902,16.056240,65.726654,-49.0708,1.690639,1.035629,-1.682059,0.170116,-1.030177,0.106122
1021,150.738,A,5,15.772012,64.931731,14.494242,65.866710,0.174632,-0.069898,-49.2519,-0.028990,-49.2373,-0.027652,16.163254,65.588380,-49.2373,1.692060,0.764367,-1.669012,0.278330,-0.391242,-0.656649
1022,150.873,A,5,15.155896,65.854287,14.727494,65.683091,0.213778,-0.050910,-49.4526,-0.035381,-49.4554,-0.089712,16.273017,65.447182,-49.4554,1.563424,1.188988,-1.545523,0.235910,-1.117121,0.407105
1023,151.043,A,5,15.303908,65.267175,14.811113,65.698174,0.202851,-0.030907,-50.0733,-0.099899,-50.2216,-0.093326,16.381155,65.315156,-50.2216,1.616087,1.078315,-1.570043,0.383018,-1.077247,-0.047981
1024,151.205,A,5,14.916632,63.793175,14.908300,65.605596,0.207573,-0.024521,-50.3308,-0.049739,-50.2186,0.053518,16.486536,65.182516,-50.2186,1.633959,2.096393,-1.578235,0.423079,-1.569903,-1.389341
1025,151.356,A,5,15.480746,63.934918,14.922249,65.263789,0.233435,-0.064014,-50.4803,-0.047530,-50.5040,-0.148269,16.589248,65.057294,-50.5040,1.679740,1.577500,-1.666999,0.206495,-1.108502,-1.122376
1026,151.506,A,5,15.753403,64.918837,15.030843,65.006035,0.260542,-0.073606,-51.1993,-0.094061,-51.1987,-0.037471,16.692351,64.936872,-51.1987,1.662947,0.939121,-1.661508,0.069163,-0.938948,-0.018035
1027,151.643,A,5,14.801783,63.786109,15.169570,64.966519,0.254714,-0.048613,-51.4689,-0.067613,-51.4727,-0.125567,16.796139,64.809709,-51.4727,1.634111,2.241699,-1.626569,0.156809,-1.994357,-1.023600
1028,151.787,A,5,15.689792,64.493084,15.116162,64.732331,0.254520,-0.081418,-52.3020,-0.112294,-52.2590,-0.076991,16.902712,64.684668,-52.2590,1.787186,1.227957,-1.786550,0.047664,-1.212920,-0.191584
1029,151.937,A,5,16.405336,64.505288,15.226340,64.667473,0.250296,-0.062821,-52.8591,-0.112797,-52.8969,-0.159510,17.010766,64.556012,-52.8969,1.787904,0.607551,-1.784426,0.111461,-0.605430,-0.050724
1030,152.076,A,5,15.790073,64.474520,15.445561,64.615594,0.257442,-0.027415,-53.5993,-0.122166,-53.6477,-0.149025,17.119623,64.429240,-53.6477,1.684402,1.330321,-1.674062,0.186354,-1.329550,0.045280
1031,152.226,A,5,16.548576,63.769837,15.516643,64.573127,0.249390,-0.018571,-54.2589,-0.134826,-54.4898,-0.141217,17.227537,64.306948,-54.4898,1.731476,0.865722,-1.710894,0.266179,-0.678960,-0.537111
1032,152.380,A,5,15.893651,64.273338,15.714326,64.406323,0.266434,-0.004762,-55.3170,-0.149943,-55.3856,-0.157735,17.332735,64.190269,-55.3856,1.632766,1.441479,-1.618408,0.216053,-1.439084,0.083068
1033,152.537,A,5,16.036448,63.565685,15.760232,64.361213,0.248566,-0.002040,-56.2788,-0.162510,-56.3481,-0.180293,17.434511,64.079081,-56.3481,1.697884,1.489347,-1.674279,0.282132,-1.398062,-0.513396
1034,152.678,A,5,16.564858,63.412981,15.822161,64.199503,0.253719,-0.010861,-57.3359,-0.177778,-57.3763,-0.188405,17.533563,63.971715,-57.3763,1.726495,1.118290,-1.711402,0.227788,-0.968705,-0.558734
1035,152.819,A,5,16.060108,62.282193,15.966227,64.038201,0.268037,-0.004553,-58.4521,-0.189656,-58.4657,-0.195585,17.631928,63.865767,-58.4657,1.674603,2.231216,-1.665701,0.172434,-1.571820,-1.583574
1036,152.967,A,5,15.816387,63.041696,15.995426,63.703426,0.296325,-0.037471,-59.5946,-0.196631,-59.6091,-0.207235,17.732002,63.759016,-59.6091,1.737466,2.045515,-1.736576,-0.055591,-1.915615,-0.717320
1037,153.123,A,5,16.489620,62.940482,15.974475,63.559228,0.284111,-0.052540,-60.7937,-0.205019,-60.8000,-0.202829,17.835129,63.650275,-60.8000,1.862880,1.521249,-1.860654,-0.091047,-1.345508,-0.709793
1038,153.266,A,5,16.734727,63.251728,16.074642,63.422621,0.285674,-0.043970,-62.0204,-0.211174,-62.0364,-0.217589,17.940808,63.539795,-62.0364,1.869841,1.240005,-1.866166,-0.117173,-1.206080,-0.288067
1039,153.421,A,5,16.602160,63.247553,16.200937,63.365717,0.276029,-0.022728,-63.3024,-0.220189,-63.3207,-0.220235,18.047013,63.429203,-63.3207,1.847168,1.456227,-1.846076,-0.063486,-1.444853,-0.181650
1040,153.555,A,5,16.979611,64.095864,16.282034,63.319761,0.260574,-0.010257,-64.6307,-0.228620,-64.6554,-0.240671,18.151453,63.320904,-64.6554,1.869420,1.404912,-1.869420,-0.001143,-1.171843,0.774960
1041,153.704,A,5,17.152700,62.576556,16.415994,63.434485,0.223574,0.026455,-66.0125,-0.236931,-66.0392,-0.245364,18.253003,63.217021,-66.0392,1.849836,1.273130,-1.837009,0.217464,-1.100303,-0.640464
1042,153.846,A,5,16.665891,62.617509,16.557640,63.262898,0.241983,0.032628,-67.4286,-0.243697,-67.4673,-0.252498,18.352217,63.118456,-67.4673,1.800381,1.759160,-1.794577,0.144442,-1.686326,-0.500946
1043,153.986,A,5,16.941355,62.447913,16.588295,63.127614,0.241261,0.022369,-68.8890,-0.250674,-68.9326,-0.264738,18.450798,63.024420,-68.9326,1.865360,1.615791,-1.862504,0.103194,-1.509443,-0.576508
1044,154.131,A,5,16.725159,62.718142,16.660984,62.985599,0.245709,0.021024,-70.3958,-0.257897,-70.4293,-0.263177,18.550533,62.932538,-70.4293,1.890294,1.837922,-1.889549,0.053061,-1.825374,-0.214396
1045,154.266,A,5,17.908265,62.393458,16.681906,62.916294,0.231847,0.017121,-71.9144,-0.262158,-71.9555,-0.264506,18.652276,62.839809,-71.9555,1.971854,0.867629,-1.970370,0.076485,-0.744011,-0.446350
1046,154.401,A,5,17.741255,62.204868,16.908122,62.802047,0.244250,0.048795,-73.4670,-0.267906,-73.5129,-0.273030,18.755641,62.744118,-73.5129,1.848427,1.148812,-1.847519,0.057929,-1.014386,-0.539250
1047,154.545,A,5,17.877255,62.324992,17.067015,62.674207,0.251882,0.064100,-75.0620,-0.274553,-75.1036,-0.275674,18.859532,62.645321,-75.1036,1.792750,1.033189,-1.792517,0.028885,-0.982278,-0.320329
1048,154.690,A,5,17.828502,62.627716,17.220116,62.594395,0.254676,0.082686,-76.3699,-0.280552,-76.7278,-0.285715,18.962982,62.545336,-76.7278,1.743556,1.137467,-1.742866,0.049059,-1.134480,0.082380
1049,154.808,A,5,17.162218,62.814952,17.343494,62.574929,0.231301,0.094809,-78.3563,-0.286351,-78.3824,-0.300157,19.065720,62.447177,-78.3824,1.726958,1.938705,-1.722226,0.127752,-1.903502,0.367776
1050,154.953,A,5,17.104532,62.348256,17.324527,62.597573,0.198921,0.082023,-80.0622,-0.293741,-80.0636,-0.307961,19.168131,62.353377,-80.0636,1.859706,2.063605,-1.843604,0.244196,-2.063599,-0.005121
1051,155.104,A,5,17.901506,60.718911,17.296168,62.535732,0.186320,0.064120,-81.7838,-0.297467,-81.7688,-0.295066,19.270747,62.264824,-81.7688,1.993077,2.065106,-1.974579,0.270908,-1.369240,-1.545913
1052,155.262,A,5,17.775427,63.293582,17.411450,62.195563,0.237097,0.063332,-83.5055,-0.299060,-83.4970,-0.303085,19.373799,62.180469,-83.4970,1.962406,1.947772,-1.962348,0.015094,-1.598372,1.113113
1053,155.404,A,5,18.825437,61.000368,17.483069,62.372014,0.182150,0.080076,-84.9085,-0.302979,-85.2480,-0.304465,19.477153,62.097766,-85.2480,2.012854,1.276329,-1.994084,0.274248,-0.651716,-1.097398
1054,155.550,A,5,18.226126,61.180592,17.731401,62.108117,0.218675,0.109253,-87.0331,-0.306797,-87.0218,-0.318359,19.580571,62.013795,-87.0218,1.851575,1.590205,-1.849171,0.094321,-1.354446,-0.833203
1055,155.683,A,5,17.894999,61.668984,17.830240,61.922420,0.233425,0.111147,-88.8298,-0.310677,-88.8166,-0.312978,19.684003,61.926624,-88.8166,1.853768,1.807461,-1.853764,-0.004204,-1.789004,-0.257640
1056,155.830,A,5,18.328807,62.523071,17.852482,61.854989,0.220346,0.101632,-90.6445,-0.313578,-90.6129,-0.281872,19.787593,61.835889,-90.6129,1.935205,1.612537,-1.935111,0.019100,-1.458787,0.687182
1057,155.975,A,5,18.267271,60.517645,17.946857,61.952196,0.176869,0.111263,-91.9491,-0.248376,-91.8752,-0.243917,19.888070,61.738903,-91.8752,1.952896,2.029399,-1.941213,0.213293,-1.620799,-1.221257
1058,156.109,A,5,19.019861,60.371106,18.013835,61.677746,0.212205,0.108645,-93.8982,-0.305449,-93.7511,-0.398079,19.990858,61.634364,-93.7511,1.977499,1.593316,-1.977023,0.043382,-0.970997,-1.263257
1059,156.248,A,5,17.992585,61.104016,18.200458,61.425229,0.241160,0.133459,-95.6234,-0.307607,-95.5608,-0.231844,20.090826,61.528260,-95.5608,1.893173,2.140700,-1.890367,-0.103031,-2.098241,-0.424244
1060,156.401,A,5,18.388813,60.893691,18.173751,61.343877,0.229457,0.113085,-96.8669,-0.248413,-96.7822,-0.279626,20.185606,61.423353,-96.7822,2.013424,1.873235,-2.011855,-0.079476,-1.796793,-0.529662
1061,156.543,A,5,18.788110,61.100808,18.219593,61.240490,0.223424,0.110283,-98.6301,-0.288321,-98.5306,-0.232127,20.284389,61.316524,-98.5306,2.066195,1.511748,-2.064795,-0.076034,-1.496278,-0.215716
1062,156.675,A,5,18.685984,61.106250,18.327715,61.192585,0.205964,0.120361,-99.8088,-0.233396,-99.7303,-0.268855,20.377266,61.209552,-99.7303,2.049620,1.694433,-2.049550,-0.016967,-1.691282,-0.103302
1063,156.805,A,5,18.666758,60.012535,18.399155,61.155544,0.188280,0.121896,-101.2229,-0.235078,-101.1213,-0.198402,20.470852,61.096282,-101.1213,2.072545,2.104581,-2.071698,0.059262,-1.804094,-1.083747
1064,156.940,A,5,18.425444,61.253953,18.454091,60.932172,0.210142,0.124040,-102.4865,-0.225300,-102.3868,-0.202698,20.560935,60.974508,-102.3868,2.107269,2.153697,-2.106844,-0.042335,-2.135491,0.279445
1065,157.093,A,5,18.713067,60.622736,18.456219,60.967047,0.178585,0.109601,-103.6832,-0.213373,-103.5896,-0.209007,20.647013,60.842205,-103.5896,2.194348,1.946359,-2.190794,0.124841,-1.933946,-0.219469
1066,157.235,A,5,18.723198,59.654662,18.507796,60.886529,0.172273,0.110128,-104.8371,-0.204350,-104.7352,-0.195286,20.728678,60.700138,-104.7352,2.228689,2.261630,-2.220881,0.186391,-2.005480,-1.045476
1067,157.396,A,5,18.566679,59.947062,18.551541,60.648651,0.198085,0.115051,-105.9350,-0.194979,-105.8311,-0.184504,20.806241,60.551206,-105.8311,2.256805,2.319618,-2.254700,0.097445,-2.239562,-0.604145
1068,157.532,A,5,18.566538,59.423396,18.559288,60.502427,0.203756,0.109570,-106.9962,-0.188451,-106.8812,-0.179929,20.880547,60.399078,-106.8812,2.323558,2.511293,-2.321259,0.103349,-2.314009,-0.975682
1069,157.676,A,5,18.958069,60.362584,18.564453,60.288652,0.222080,0.107860,-108.0113,-0.180671,-107.8876,-0.169188,20.952540,60.246442,-107.8876,2.388460,1.997849,-2.388087,0.042210,-1.994471,0.116142
1070,157.835,A,5,18.680992,59.478447,18.637619,60.278133,0.194743,0.110638,-108.9721,-0.171396,-108.8508,-0.164293,21.022766,60.093978,-108.8508,2.392246,2.421318,-2.385147,0.184155,-2.341774,-0.615531
1071,157.986,A,5,19.681584,59.727508,18.648955,60.114694,0.203484,0.109005,-109.8930,-0.163645,-109.7708,-0.158598,21.091045,59.940352,-109.7708,2.448306,1.425441,-2.442090,0.174342,-1.409461,-0.212844
1072,158.126,A,5,18.721028,58.595790,18.835639,60.023535,0.186999,0.138212,-110.7784,-0.157991,-110.6491,-0.144584,21.156342,59.782834,-110.6491,2.333152,2.709212,-2.320703,0.240700,-2.435314,-1.187045
1073,158.277,A,5,20.189219,58.819348,18.820801,59.748017,0.219478,0.136198,-111.6401,-0.152845,-111.4890,-0.138073,21.217049,59.618428,-111.4890,2.399750,1.301907,-2.396248,0.129590,-1.027830,-0.799080
1074,158.414,A,5,19.416368,59.151157,19.068297,59.558007,0.214829,0.180510,-112.4466,-0.145258,-112.2952,-0.137341,21.271743,59.445279,-112.2952,2.206327,1.878543,-2.203446,0.112728,-1.855375,-0.294122
1075,158.551,A,5,19.835766,58.989642,19.138162,59.459803,0.203949,0.179858,-113.2114,-0.137475,-113.0717,-0.137969,21.319923,59.263568,-113.0717,2.190568,1.509224,-2.181761,0.196236,-1.484157,-0.273926
1076,158.686,A,5,18.814125,58.664252,19.270234,59.351114,0.191666,0.192075,-113.9507,-0.131536,-113.8205,-0.127754,21.362280,59.075406,-113.8205,2.110136,2.581113,-2.092046,0.275708,-2.548155,-0.411154
1077,158.820,A,5,19.407256,59.338610,19.198211,59.204636,0.202315,0.167096,-114.6548,-0.125899,-114.5418,-0.125674,21.400367,58.883853,-114.5418,2.225397,2.044332,-2.202156,0.320783,-1.993111,0.454758
1078,158.965,A,5,19.668893,58.056722,19.241812,59.204040,0.175580,0.156260,-115.3538,-0.123307,-115.2351,-0.113233,21.435745,58.691468,-115.2351,2.253014,1.877410,-2.193933,0.512572,-1.766851,-0.634747
1079,159.113,A,5,19.663857,58.406733,19.323843,58.978075,0.191075,0.171418,-116.0130,-0.118107,-115.9006,-0.117392,21.469141,58.499305,-115.9006,2.198073,1.807656,-2.145298,0.478770,-1.805284,-0.092571
1080,159.263,A,5,19.852576,58.368909,19.390896,58.852588,0.186805,0.174412,-116.6578,-0.114466,-116.5400,-0.114463,21.500130,58.306738,-116.5400,2.178720,1.648727,-2.109234,0.545850,-1.647554,0.062171
1081,159.406,A,5,19.008915,57.389223,19.479809,58.742822,0.178007,0.180024,-117.2805,-0.110621,-117.1557,-0.109712,21.527308,58.111774,-117.1557,2.142540,2.619997,-2.047500,0.631047,-2.518393,-0.722551
1082,159.544,A,5,19.874876,56.959286,19.403214,58.478859,0.212456,0.167802,-117.8754,-0.106088,-117.7498,-0.100960,21.548946,57.911773,-117.7498,2.219404,1.926069,-2.145733,0.567087,-1.674071,-0.952487
1083,159.680,A,5,20.292795,57.600491,19.491513,58.182748,0.234289,0.190714,-118.4427,-0.101399,-118.3219,-0.096816,21.563897,57.704645,-118.3219,2.126819,1.275362,-2.072384,0.478103,-1.271101,-0.104154
1084,159.827,A,5,19.423206,57.307312,19.639331,58.050430,0.217904,0.207672,-118.9731,-0.095887,-118.8699,-0.093583,21.572183,57.489916,-118.8699,2.012484,2.156721,-1.932852,0.560515,-2.148977,-0.182604
1085,159.942,A,5,18.779327,57.219937,19.607993,57.890156,0.224471,0.192852,-119.4807,-0.090910,-119.3917,-0.078007,21.574943,57.269017,-119.3917,2.062694,2.796046,-1.966950,0.621140,-2.795616,-0.049079
1086,160.084,A,5,19.162101,56.797211,19.465445,57.748916,0.243050,0.162121,-119.8676,-0.087582,-119.8874,-0.085283,21.573837,57.044696,-119.8874,2.222890,2.424401,-2.108392,0.704220,-2.411736,-0.247485
1087,160.233,A,5,20.004062,56.566608,19.413359,57.547304,0.250651,0.149953,-120.4295,-0.083302,-120.3597,-0.085345,21.570228,56.819732,-120.3597,2.276279,1.586489,-2.156870,0.727572,-1.566166,-0.253124
1088,160.368,A,5,20.260427,56.030406,19.518507,57.344613,0.247519,0.171233,-120.8772,-0.079717,-120.8114,-0.077605,21.564678,56.595705,-120.8114,2.178917,1.421490,-2.046171,0.748908,-1.304251,-0.565299
1089,160.520,A,5,19.703052,56.086191,19.652218,57.081750,0.252247,0.201303,-121.3156,-0.077848,-121.2444,-0.077861,21.556945,56.372482,-121.2444,2.032498,1.875868,-1.904727,0.709268,-1.853893,-0.286291
1090,160.682,A,5,19.558515,56.312702,19.664989,56.873755,0.258419,0.201320,-121.7393,-0.074927,-121.6575,-0.069477,21.546223,56.148292,-121.6575,2.016268,1.994496,-1.881234,0.725464,-1.987708,0.164410
1091,160.815,A,5,19.488601,55.919806,19.649289,56.742610,0.253077,0.188802,-122.1283,-0.070518,-122.0475,-0.064849,21.531474,55.920440,-122.0475,2.053919,2.042874,-1.882185,0.822170,-2.042874,-0.000634
1092,160.962,A,5,19.770224,56.226672,19.622662,56.572347,0.262598,0.184454,-122.4134,-0.065648,-122.4106,-0.069625,21.511892,55.686674,-122.4106,2.086530,1.823460,-1.889230,0.885673,-1.741669,0.539997
1093,161.112,A,5,19.955115,55.456923,19.650112,56.481398,0.245309,0.177833,-122.7555,-0.061280,-122.7452,-0.056935,21.492614,55.494937,-122.6805,2.089956,1.537969,-1.842502,0.986461,-1.537499,-0.038014
1094,161.263,A,5,18.913118,54.173737,19.704822,56.267883,0.242010,0.184856,-123.1574,-0.058196,-123.0530,-0.055633,21.458394,55.201032,-123.0530,2.052604,2.744771,-1.753572,1.066851,-2.545276,-1.027294
1095,161.412,A,5,19.054798,54.628310,19.564417,55.863775,0.299891,0.182998,-123.4295,-0.052317,-123.3383,-0.057912,21.426341,54.953288,-123.3383,2.072618,2.393705,-1.861924,0.910486,-2.371543,-0.324978
1096,161.552,A,5,20.095678,55.252947,19.471822,55.608918,0.318958,0.173632,-123.6994,-0.048522,-123.6050,-0.043794,21.392527,54.705858,-123.6050,2.122411,1.407525,-1.920706,0.903060,-1.296850,0.547089
1097,161.708,A,5,18.955367,55.134680,19.580119,55.510499,0.287043,0.182973,-123.9521,-0.046101,-123.8551,-0.038876,21.358016,54.460170,-123.8551,2.064972,2.495534,-1.777897,1.050328,-2.402650,0.674510
1098,161.880,A,5,19.519557,53.641341,19.467718,55.410769,0.283180,0.153754,-124.1711,-0.041145,-124.0882,-0.032405,21.323246,54.215977,-124.0882,2.206923,1.893013,-1.855527,1.194792,-1.803689,-0.574636
1099,162.024,A,5,19.249962,53.598684,19.473747,55.064379,0.308590,0.175572,-124.3712,-0.037184,-124.3025,-0.037754,21.287776,53.971585,-124.3025,2.117759,2.071653,-1.814030,1.092794,-2.037815,-0.372902
1100,162.170,A,5,19.135972,53.593450,19.430909,54.769150,0.327675,0.181156,-124.5632,-0.034874,-124.4961,-0.037481,21.250322,53.724640,-124.4961,2.097919,2.118416,-1.819413,1.044510,-2.114350,-0.131191
1101,162.321,A,5,19.464193,52.679527,19.374728,54.523898,0.337507,0.178459,-124.7370,-0.031715,-124.6688,-0.025201,21.209343,53.473286,-124.6688,2.114142,1.917185,-1.834615,1.050612,-1.745149,-0.793759
1102,162.465,A,5,19.511866,53.170145,19.386139,54.158964,0.358640,0.201231,-124.9040,-0.030175,-124.8227,-0.022653,21.163919,53.217050,-124.8227,2.011891,1.652719,-1.777780,0.941915,-1.652053,-0.046904
1103,162.605,A,5,19.573167,52.697221,19.404602,53.943547,0.351234,0.205737,-125.0335,-0.025718,-124.9606,-0.031816,21.114304,52.956988,-124.9606,1.973924,1.562876,-1.709702,0.986558,-1.541136,-0.259767
1104,162.744,A,5,19.132626,52.495713,19.431350,53.682644,0.351271,0.216442,-125.1617,-0.023656,-125.0854,-0.016360,21.061821,52.695114,-125.0854,1.906213,1.939472,-1.630470,0.987530,-1.929194,-0.199401
1105,162.882,A,5,19.157688,52.372009,19.375659,53.431733,0.359020,0.211085,-125.2771,-0.021734,-125.1984,-0.013632,21.008188,52.433427,-125.1984,1.913574,1.851519,-1.632529,0.998306,-1.850500,-0.061418
1106,163.033,A,5,19.851860,51.866188,19.333436,53.203131,0.360525,0.206144,-125.3626,-0.017052,-125.3000,-0.006354,20.954679,52.173106,-125.3000,1.920777,1.144731,-1.621244,1.030026,-1.102819,-0.306918
1107,163.189,A,5,19.486611,51.690813,19.421784,52.925390,0.354837,0.229344,-125.4355,-0.014397,-125.3900,-0.007340,20.901555,51.914171,-125.3900,1.792285,1.432465,-1.479771,1.011218,-1.414944,-0.223358
1108,163.329,A,5,18.498557,52.082523,19.431469,52.665058,0.355975,0.234831,-125.4967,-0.012201,-125.4683,-0.010101,20.847883,51.655545,-125.4683,1.739353,2.387811,-1.416415,1.009513,-2.349326,0.426978
1109,163.463,A,5,19.549557,51.180463,19.263866,52.520368,0.358415,0.196785,-125.5646,-0.011898,-125.5356,-0.018692,20.791858,51.395458,-125.5356,1.897414,1.260767,-1.527991,1.124910,-1.242300,-0.214996
1110,163.613,A,5,18.473810,51.310832,19.310029,52.242761,0.357602,0.214252,-125.6234,-0.010864,-125.5938,-0.010402,20.731617,51.132188,-125.5938,1.803963,2.264863,-1.421588,1.110572,-2.257807,0.178643
1111,163.752,A,5,17.847193,49.870002,19.157854,52.036963,0.368203,0.188472,-125.6805,-0.010013,-125.6453,-0.005905,20.666124,50.864802,-125.6453,1.910193,2.989313,-1.508270,1.172161,-2.818930,-0.994800
1112,163.886,A,5,17.527836,50.053343,18.918565,51.611914,0.424141,0.177116,-125.7116,-0.006664,-125.6913,-0.002508,20.595566,50.593542,-125.6913,1.961993,3.114930,-1.677001,1.018372,-3.067731,-0.540199
1113,164.030,A,5,18.200095,49.973470,18.660993,51.291478,0.458460,0.151849,-125.7485,-0.007028,-125.7329,-0.003276,20.521136,50.319709,-125.7329,2.098682,2.346724,-1.860143,0.971769,-2.321041,-0.346239
1114,164.178,A,5,19.097281,49.574873,18.565030,51.012601,0.462886,0.151399,-125.7802,-0.005843,-125.7704,-0.008123,20.444340,50.045086,-125.7704,2.113739,1.426769,-1.879310,0.967515,-1.347059,-0.470213
1115,164.321,A,5,18.584507,49.636617,18.645543,50.712090,0.449495,0.182772,-125.8211,-0.006993,-125.8048,-0.007782,20.366224,49.771164,-125.8048,1.961143,1.786790,-1.720681,0.940926,-1.781717,-0.134547
1116,164.458,A,5,17.480160,48.736241,18.623621,50.475357,0.439211,0.186088,-125.8608,-0.007493,-125.8374,-0.005029,20.286898,49.498531,-125.8374,1.928906,2.908412,-1.663277,0.976826,-2.806737,-0.762290
1117,164.608,A,5,18.032546,48.713004,18.409821,50.121126,0.472246,0.171320,-125.8928,-0.006382,-125.8700,-0.009247,20.205503,49.226621,-125.8700,2.006144,2.232833,-1.795682,0.894506,-2.172957,-0.513617
1118,164.745,A,5,17.849240,48.539918,18.329349,49.824032,0.476200,0.173536,-125.9521,-0.009424,-125.9041,-0.010460,20.120562,48.953902,-125.9041,1.991374,2.308742,-1.791213,0.870130,-2.271322,-0.413984
1119,164.891,A,5,18.011446,49.142716,18.230494,49.548583,0.478285,0.169934,-125.9875,-0.007716,-125.9412,-0.004586,20.030608,48.678519,-125.9412,1.999355,2.071834,-1.800114,0.870064,-2.019162,0.464198
1120,165.025,A,5,18.720810,47.570698,18.177694,49.429520,0.448871,0.155775,-126.0186,-0.006579,-125.9813,-0.003653,19.934811,48.399146,-125.9813,2.036941,1.469736,-1.757117,1.030374,-1.214001,-0.828448
1121,165.163,A,5,17.028050,46.903375,18.261106,49.054936,0.448708,0.196112,-126.0487,-0.006192,-126.0240,-0.006552,19.833292,48.115635,-126.0240,1.831408,3.055970,-1.572186,0.939301,-2.805242,-1.212260
1122,165.318,A,5,18.125126,47.611355,18.031430,48.625964,0.494785,0.186793,-126.0841,-0.005916,-126.0690,-0.001140,19.727026,47.829115,-126.0690,1.873504,1.616634,-1.695596,0.796849,-1.601901,-0.217760
1123,165.462,A,5,17.518232,47.369634,18.037128,48.406518,0.484655,0.197073,-126.1036,-0.004823,-126.1164,-0.004808,19.617406,47.541499,-126.1164,1.801538,2.106199,-1.580278,0.865019,-2.099175,-0.171865
1124,165.606,A,5,17.461908,47.071872,17.930759,48.166142,0.471053,0.181368,-126.1460,-0.005863,-126.1662,-0.007330,19.505651,47.254598,-126.1662,1.819669,2.051895,-1.574892,0.911544,-2.043743,-0.182727
1125,165.754,A,5,16.895951,46.279771,17.834697,47.924662,0.467616,0.173467,-126.1870,-0.006327,-126.2187,-0.007624,19.392337,46.969324,-126.2187,1.827270,2.589870,-1.557641,0.955338,-2.496386,-0.689553
1126,165.896,A,5,17.434992,46.478223,17.653923,47.583927,0.490582,0.164352,-126.2389,-0.007857,-126.2735,-0.008626,19.277253,46.685344,-126.2735,1.855439,1.853868,-1.623331,0.898583,-1.842261,-0.207121
1127,166.040,A,5,17.095484,46.003486,17.603473,47.351575,0.490548,0.169255,-126.2932,-0.010285,-126.3294,-0.011076,19.159579,46.401267,-126.3294,1.823335,2.102074,-1.556106,0.950308,-2.064094,-0.397781
1128,166.187,A,5,16.305887,46.105928,17.496058,47.057094,0.484684,0.163806,-126.3589,-0.009612,-126.3842,-0.001118,19.038322,46.115280,-126.3842,1.807095,2.732451,-1.542264,0.941814,-2.732435,-0.009352
1129,166.321,A,5,17.037781,46.494302,17.269421,46.841121,0.491071,0.133701,-126.4021,-0.007519,-126.4355,-0.002886,18.912859,45.826024,-126.4355,1.931660,1.990606,-1.643438,1.015097,-1.875078,0.668278
1130,166.462,A,5,17.228232,45.402544,17.210504,46.733767,0.458914,0.121512,-126.4425,-0.006900,-126.4810,-0.005646,18.783322,45.533292,-126.4810,1.978610,1.560576,-1.572817,1.200475,-1.555089,-0.130748
1131,166.601,A,5,17.097260,44.733824,17.196814,46.454497,0.453159,0.138775,-126.4813,-0.006367,-126.5195,0.001831,18.650650,45.238164,-126.5195,1.895550,1.633211,-1.453837,1.216333,-1.553390,-0.504340
1132,166.738,A,5,15.847313,45.131314,16.934681,45.935821,0.524337,0.140062,-126.4993,-0.003341,-126.5511,-0.001523,18.516278,44.942526,-126.5511,1.867641,2.675633,-1.581596,0.993295,-2.668964,0.188788
1133,166.883,A,5,16.677724,44.264719,16.915513,45.887327,0.473958,0.126607,-126.5284,-0.004469,-126.5764,-0.000251,18.381573,44.648181,-126.5764,1.919587,1.746466,-1.466059,1.239146,-1.703848,-0.383462
1134,167.028,A,5,15.468279,44.783312,16.855836,45.554751,0.480722,0.142332,-126.5563,-0.004344,-126.5957,0.000280,18.247349,44.356045,-126.5957,1.836629,2.811723,-1.391513,1.198706,-2.779070,0.427267
1135,167.181,A,5,16.871470,43.937304,16.592345,45.372234,0.486770,0.104867,-126.5803,-0.003781,-126.6089,-0.001900,18.113653,44.065827,-126.6089,2.005262,1.248815,-1.521308,1.306407,-1.242183,-0.128524
1136,167.325,A,5,16.633628,43.275091,16.622229,45.073287,0.475733,0.133756,-126.5934,-0.003014,-126.6150,-0.003099,17.979848,43.776209,-126.6150,1.877643,1.436463,-1.357619,1.297079,-1.346220,-0.501117
1137,167.469,A,5,16.255124,42.970597,16.607299,44.708786,0.482067,0.159927,-126.5836,0.000702,-126.6120,0.008899,17.844941,43.485437,-126.6120,1.740213,1.671100,-1.237642,1.223350,-1.589816,-0.514840
1138,167.613,A,5,15.070108,43.605408,16.529337,44.353046,0.493839,0.171733,-126.5820,0.000428,-126.5986,-0.003533,17.708086,43.192144,-126.5986,1.654431,2.670152,-1.178749,1.160902,-2.637978,0.413263
1139,167.754,A,5,15.673699,42.908067,16.254544,44.171998,0.499537,0.128929,-126.5750,0.001564,-126.5743,0.000851,17.569053,42.896003,-126.5743,1.831965,1.895392,-1.314509,1.275994,-1.895354,0.012064
1140,167.899,A,5,15.663051,42.620927,16.132483,43.901004,0.500772,0.126887,-126.5426,0.004778,-126.5397,0.002898,17.428389,42.597857,-126.5397,1.837815,1.765488,-1.295905,1.303147,-1.765338,0.023071
1141,168.032,A,5,15.482171,42.691000,16.030087,43.627214,0.499942,0.128623,-126.4996,0.006544,-126.4964,0.007581,17.287176,42.299278,-126.4964,1.828575,1.847021,-1.257089,1.327936,-1.805005,0.391722
1142,168.182,A,5,15.695808,41.678201,15.913946,43.414586,0.490905,0.120506,-126.4400,0.009162,-126.4463,0.011410,17.146524,42.001781,-126.4463,1.874905,1.486365,-1.232578,1.412805,-1.450716,-0.323580
1143,168.335,A,5,15.246300,41.732791,15.856451,43.060669,0.498902,0.139967,-126.3796,0.009727,-126.3902,0.013122,17.007081,41.706117,-126.3902,1.777291,1.760983,-1.150630,1.354553,-1.760781,0.026674
1144,168.479,A,5,15.349966,41.487244,15.730236,42.777637,0.502710,0.137347,-126.3187,0.011082,-126.3280,0.011641,16.868771,41.411994,-126.3280,1.777988,1.520667,-1.138535,1.365643,-1.518804,0.075251
1145,168.632,A,5,15.121273,40.744920,15.644593,42.501144,0.500108,0.140822,-126.2454,0.012574,-126.2591,0.013080,16.730793,41.118228,-126.2591,1.758490,1.652245,-1.086200,1.382916,-1.609520,-0.373308
1146,168.781,A,5,14.921968,40.941350,15.533990,42.141747,0.514391,0.149765,-126.1642,0.013647,-126.1825,0.010564,16.591879,40.823234,-126.1825,1.690445,1.674083,-1.057889,1.318513,-1.669911,0.118116
1147,168.924,A,5,15.017170,40.436876,15.407546,41.879655,0.513051,0.143294,-126.0742,0.015371,-126.0984,0.024176,16.450806,40.525700,-126.0984,1.709265,1.436385,-1.043260,1.353955,-1.433636,-0.088823
1148,169.085,A,5,13.903352,39.322002,15.320194,41.574825,0.514174,0.149047,-125.9875,0.015663,-126.0077,0.014120,16.306943,40.225150,-126.0077,1.671914,2.567669,-0.986749,1.349675,-2.403591,-0.903148
1149,169.233,A,5,14.727116,39.173975,15.050615,41.125374,0.560779,0.141563,-125.8856,0.017554,-125.9118,0.012540,16.160502,39.922097,-125.9118,1.636987,1.616874,-1.109888,1.203277,-1.433386,-0.748122
1150,169.375,A,5,14.164481,39.306559,14.972548,40.726363,0.570790,0.160168,-125.7759,0.018874,-125.8119,0.016458,16.012375,39.617754,-125.8119,1.519952,1.873915,-1.039828,1.108609,-1.847895,-0.311195
1151,169.512,A,5,14.401461,38.490691,14.809193,40.420109,0.574674,0.151406,-125.6677,0.019492,-125.7090,0.020315,15.863630,39.313441,-125.7090,1.528578,1.677753,-1.054437,1.106667,-1.462169,-0.822750
1152,169.676,A,5,14.109063,39.103091,14.716302,40.023247,0.584605,0.165949,-125.5557,0.019899,-125.6035,0.023629,15.714950,39.010005,-125.6035,1.422659,1.608583,-0.998648,1.013243,-1.605887,0.093087
1153,169.802,A,5,13.598573,37.699210,14.588568,39.804457,0.568277,0.151731,-125.4480,0.019291,-125.4961,0.021235,15.566292,38.707496,-125.4961,1.469445,2.211009,-0.977724,1.096962,-1.967719,-1.008286
1154,169.938,A,5,13.868041,38.255680,14.392592,39.376636,0.596395,0.152660,-125.3427,0.019103,-125.3875,0.027820,15.416870,38.405174,-125.3875,1.411695,1.556027,-1.024278,0.971462,-1.548829,-0.149494
1155,170.084,A,5,13.048573,37.593629,14.278096,39.121837,0.583079,0.146246,-125.2307,0.019555,-125.2787,0.023885,15.265475,38.101791,-125.2787,1.419652,2.274397,-0.987379,1.020046,-2.216902,-0.508162
1156,170.236,A,5,13.039520,37.267241,14.038463,38.795889,0.597883,0.128214,-125.1102,0.021339,-125.1706,0.019960,15.111027,37.796115,-125.1706,1.466267,2.137954,-1.072564,0.999773,-2.071506,-0.528875
1157,170.374,A,5,13.153633,37.426251,13.836719,38.467359,0.606437,0.118584,-124.9971,0.020273,-125.0635,0.018052,14.953086,37.487490,-125.0635,1.485402,1.800494,-1.116367,0.979870,-1.799452,-0.061238
1158,170.523,A,5,12.867016,36.885566,13.691984,38.229849,0.593648,0.108871,-124.9035,0.018517,-124.9573,0.016609,14.792038,37.176163,-124.9573,1.523277,1.946833,-1.100054,1.053686,-1.925022,-0.290597
1159,170.662,A,5,13.449051,36.887737,13.520136,37.935613,0.593436,0.102130,-124.8061,0.017360,-124.8519,0.014493,14.628881,36.863222,-124.8519,1.542510,1.180084,-1.108745,1.072391,-1.179830,0.024515
1160,170.795,A,5,13.036628,36.695504,13.488802,37.709579,0.580793,0.114518,-124.7249,0.018250,-124.7476,0.015775,14.464732,36.550134,-124.7476,1.515504,1.435484,-0.975930,1.159445,-1.428104,0.145370
1161,170.936,A,5,12.275006,36.271322,13.382325,37.469320,0.553696,0.109090,-124.6059,0.017994,-124.6455,0.018256,14.300345,36.238123,-124.6455,1.535776,2.025611,-0.918021,1.231197,-2.025339,0.033199
1162,171.080,A,5,12.422525,35.526705,13.168766,37.216903,0.570133,0.092506,-124.5436,0.015388,-124.5462,0.014865,14.135862,35.927672,-124.5462,1.611643,1.759630,-0.967096,1.289231,-1.713337,-0.400967
1163,171.228,A,5,12.136544,35.680208,13.008779,36.858445,0.570632,0.094760,-124.4342,0.015188,-124.4502,0.017238,13.970865,35.618345,-124.4502,1.569541,1.835365,-0.962086,1.240100,-1.834322,0.061863
1164,171.370,A,5,12.058262,35.209903,12.695848,36.356798,0.631643,0.090244,-124.3449,0.015315,-124.3566,0.018720,13.804648,35.308986,-124.3566,1.525565,1.749194,-1.108800,1.047812,-1.746386,-0.099083
1165,171.501,A,5,11.492649,35.670992,12.668765,36.301691,0.570955,0.081574,-124.2452,0.016252,-124.2642,0.019652,13.636579,34.998270,-124.2642,1.623445,2.246996,-0.967814,1.303422,-2.143930,0.672722
1166,171.649,A,5,11.143358,33.508527,12.435162,36.139687,0.558912,0.051719,-124.1601,0.015726,-124.1716,0.009040,13.466417,34.685386,-124.1716,1.782829,2.604151,-1.031255,1.454302,-2.323060,-1.176859
1167,171.785,A,5,11.356526,34.471988,12.179335,35.624218,0.609928,0.062097,-124.0775,0.015186,-124.0783,0.015227,13.294434,34.370487,-124.0783,1.677882,1.940564,-1.115099,1.253731,-1.937908,0.101501
1168,171.920,A,5,10.771610,33.546307,12.005089,35.367263,0.602458,0.055119,-123.9856,0.015132,-123.9848,0.012791,13.121319,34.054642,-123.9848,1.723062,2.404066,-1.116230,1.312621,-2.349709,-0.508335
1169,172.056,A,5,10.448568,32.921341,11.757687,34.992211,0.624060,0.050089,-123.9054,0.014269,-123.8922,0.013948,12.947925,33.739336,-123.8922,1.728110,2.629810,-1.190238,1.252875,-2.499357,-0.817995
1170,172.193,A,5,10.311485,32.974453,11.495278,34.571067,0.652627,0.048237,-123.8221,0.014217,-123.8009,0.018704,12.774973,33.425764,-123.8009,1.717363,2.504486,-1.279694,1.145303,-2.463487,-0.451311
1171,172.339,A,5,11.022284,33.430681,11.253577,34.232124,0.661704,0.040560,-123.7327,0.015138,-123.7108,0.009788,12.602806,33.114324,-123.7108,1.752112,1.611872,-1.349229,1.117800,-1.580522,0.316357
1172,172.490,A,5,9.915045,31.743066,11.180375,34.034363,0.626816,0.045951,-123.6483,0.014404,-123.6210,0.010226,12.431278,32.804481,-123.6210,1.754243,2.730940,-1.250904,1.229882,-2.516233,-1.061415
1173,172.623,A,5,9.597933,31.468192,10.925549,33.573896,0.660853,0.049855,-123.5671,0.013470,-123.5306,0.013872,12.259789,32.495025,-123.5306,1.715855,2.853045,-1.334240,1.078871,-2.661856,-1.026833
1174,172.763,A,5,9.542740,31.490076,10.658228,33.143477,0.687339,0.047634,-123.4648,0.016684,-123.4390,0.017568,12.087513,32.184619,-123.4390,1.721123,2.637851,-1.429285,0.958858,-2.544773,-0.694543
1175,172.913,A,5,10.074061,31.770180,10.427155,32.791513,0.693440,0.042772,-123.3777,0.014666,-123.3462,0.017184,11.913767,31.872404,-123.3462,1.747792,1.842544,-1.486612,0.919109,-1.839706,-0.102224
1176,173.072,A,5,9.264452,31.314892,10.331097,32.551681,0.664641,0.048526,-123.2867,0.015260,-123.2531,0.010725,11.738340,31.558348,-123.2531,1.722511,2.485838,-1.407244,0.993333,-2.473888,-0.243456
1177,173.228,A,5,9.786915,31.962509,10.110149,32.275535,0.659379,0.036487,-123.1951,0.015427,-123.1601,0.012592,11.561604,31.243193,-123.1601,1.781137,1.914925,-1.451455,1.032342,-1.774689,0.719317
1178,173.368,A,5,9.264655,30.184377,10.020881,32.164807,0.611921,0.029482,-123.1107,0.014613,-123.0675,0.012293,11.384331,30.928044,-123.0675,1.840809,2.246346,-1.363450,1.236763,-2.119676,-0.743668
1179,173.505,A,5,9.545722,29.473565,9.856566,31.761344,0.627969,0.043270,-123.0196,0.015280,-122.9750,0.021521,11.207301,30.613835,-122.9750,1.772360,2.015207,-1.350735,1.147508,-1.661579,-1.140271
1180,173.648,A,5,9.253709,30.394031,9.771940,31.301196,0.642911,0.075168,-122.9383,0.014125,-122.8821,0.017894,11.030888,30.300915,-122.8821,1.607953,1.779617,-1.258948,1.000281,-1.777179,0.093116
1181,173.793,A,5,8.866085,30.351230,9.652237,31.083907,0.618849,0.070254,-122.8487,0.014894,-122.7889,0.019918,10.854844,29.988909,-122.7889,1.626433,2.021493,-1.202606,1.094998,-1.988758,0.362321
1182,173.929,A,5,7.935027,30.093832,9.485783,30.899830,0.597127,0.054192,-122.7572,0.014675,-122.6956,0.018240,10.678376,29.676848,-122.6956,1.708205,2.774858,-1.192593,1.222982,-2.743349,0.416984
1183,174.082,A,5,8.515999,29.208987,9.183142,30.705232,0.594798,0.017885,-122.6561,0.016415,-122.6028,0.011899,10.500512,29.363543,-122.6028,1.880318,1.990523,-1.317371,1.341689,-1.984514,-0.154555
1184,174.217,A,5,8.990622,29.891919,9.035032,30.389718,0.596195,0.025381,-122.5549,0.016546,-122.5103,0.019427,10.320574,29.048059,-122.5103,1.858136,1.575078,-1.285542,1.341659,-1.329952,0.843860
1185,174.351,A,5,7.728218,28.333844,8.998387,30.251443,0.554902,0.031364,-122.4696,0.014143,-122.4172,0.021436,10.138499,28.730108,-122.4172,1.901135,2.442639,-1.140112,1.521335,-2.410282,-0.396264
1186,174.486,A,5,8.145907,27.722994,8.746294,29.863433,0.584752,0.027293,-122.3733,0.015650,-122.3223,0.006670,9.954851,28.410166,-122.3223,1.890130,1.935066,-1.208557,1.453267,-1.808944,-0.687172
1187,174.624,A,5,7.914654,26.540837,8.611631,29.433473,0.605443,0.048215,-122.2752,0.016972,-122.2251,0.020357,9.770509,28.089259,-122.2251,1.774799,2.416983,-1.158878,1.344214,-1.855855,-1.548422
1188,174.787,A,5,7.977759,27.123552,8.460527,28.866799,0.648973,0.078717,-122.1635,0.018329,-122.1255,0.018137,9.586248,27.768502,-122.1255,1.572738,1.732974,-1.125721,1.098297,-1.608489,-0.644950
1189,174.931,A,5,7.610751,26.498791,8.353375,28.511839,0.662409,0.092154,-122.0742,0.018508,-122.0244,0.019096,9.402416,27.448599,-122.0244,1.493642,2.027856,-1.049041,1.063239,-1.791665,-0.949808
1190,175.074,A,5,7.412491,27.315020,8.196508,28.098479,0.675686,0.099909,-121.9621,0.018722,-121.9223,0.020214,9.218869,27.129527,-121.9223,1.408578,1.815877,-1.022361,0.968952,-1.806378,0.185493
1191,175.215,A,5,7.003911,26.935051,8.025757,27.887338,0.637173,0.079605,-121.8271,0.019120,-121.8190,0.017197,9.035145,26.810537,-121.8190,1.475928,2.035047,-1.009388,1.076801,-2.031234,0.124514
1192,175.351,A,5,6.876355,25.861356,7.819050,27.663930,0.625306,0.058901,-121.7392,0.017237,-121.7128,0.020834,8.850751,26.490496,-121.7128,1.562484,2.072211,-1.031701,1.173435,-1.974396,-0.629140
1193,175.487,A,5,6.102531,26.499279,7.624610,27.289038,0.638449,0.058994,-121.6240,0.019010,-121.6019,0.015560,8.665433,26.168444,-121.6019,1.529394,2.584168,-1.040823,1.120594,-2.562903,0.330835
1194,175.622,A,5,7.025360,25.092468,7.326451,27.093238,0.630441,0.021809,-121.5415,0.016034,-121.4850,0.022663,8.479310,25.844100,-121.4850,1.699832,1.636740,-1.152858,1.249138,-1.453949,-0.751632
1195,175.763,A,5,6.492409,25.214186,7.248981,26.695914,0.650014,0.049671,-121.4349,0.020211,-121.3619,0.017063,8.292841,25.518042,-121.3619,1.573857,1.825893,-1.043860,1.177871,-1.800432,-0.303856
1196,175.906,A,5,6.264402,24.614176,7.087584,26.379632,0.648748,0.049967,-121.3122,0.020814,-121.2337,0.012225,8.106676,25.191462,-121.2337,1.565341,1.930604,-1.019091,1.188169,-1.842273,-0.577286
1197,176.036,A,5,6.467140,25.101567,6.908696,26.001258,0.644003,0.052397,-121.1520,0.022501,-121.1021,0.020875,7.921446,24.865613,-121.1021,1.521629,1.473323,-1.012750,1.135645,-1.454306,0.235954
1198,176.185,A,5,5.462010,23.890046,6.802494,25.785518,0.618145,0.050780,-121.0229,0.022387,-120.9677,0.023411,7.737585,24.541242,-120.9677,1.556477,2.366918,-0.935091,1.244276,-2.275576,-0.651196
1199,176.328,A,5,6.368288,23.824512,6.537653,25.394728,0.642409,0.040315,-120.8780,0.024386,-120.8305,0.027506,7.555216,24.218305,-120.8305,1.555443,1.250548,-1.017563,1.176423,-1.186928,-0.393793
1200,176.470,A,5,5.525285,23.912026,6.479290,25.060285,0.632336,0.060707,-120.7294,0.024879,-120.6896,0.027338,7.374113,23.896044,-120.6896,1.468389,1.848897,-0.894823,1.164241,-1.848828,0.015982
1201,176.623,A,5,4.726912,22.956796,6.283591,24.800658,0.624950,0.046873,-120.5689,0.026957,-120.5442,0.025844,7.193779,23.573380,-120.5442,1.527957,2.542756,-0.910188,1.227278,-2.466867,-0.616584
1202,176.754,A,5,5.174815,22.491622,5.980007,24.418416,0.651060,0.028551,-120.4155,0.026314,-120.3942,0.033211,7.013642,23.249430,-120.3942,1.560426,1.988859,-1.033635,1.168986,-1.838827,-0.757808
1203,176.906,A,5,5.728026,21.831607,5.807538,24.020076,0.663254,0.036630,-120.2563,0.026655,-120.2405,0.027848,6.833321,22.923917,-120.2405,1.501264,1.553968,-1.025782,1.096159,-1.105294,-1.092310
1204,177.051,A,5,4.340804,22.889137,5.764453,23.573637,0.669017,0.071140,-120.1009,0.026521,-120.0845,0.028140,6.652818,22.597262,-120.0845,1.320038,2.330365,-0.888364,0.976375,-2.312014,0.291875
1205,177.197,A,5,4.458612,22.767355,5.484786,23.392624,0.652274,0.032610,-119.9445,0.027055,-119.9275,0.022769,6.472519,22.270349,-119.9275,1.495031,2.074328,-0.987732,1.122276,-2.013907,0.497006
1206,177.341,A,5,4.146290,21.240444,5.273594,23.225288,0.627915,0.008962,-119.7818,0.028323,-119.7701,0.027266,6.292976,21.944093,-119.7701,1.637255,2.259067,-1.019382,1.281196,-2.146686,-0.703649
1207,177.469,A,5,3.482649,20.386180,5.043856,22.819099,0.650103,0.009154,-119.6120,0.028991,-119.6123,0.031322,6.114586,21.619032,-119.6123,1.608299,2.906375,-1.070730,1.200067,-2.631937,-1.232852
1208,177.627,A,5,3.920559,20.852157,4.736014,22.331196,0.692074,0.003681,-119.4527,0.028159,-119.4542,0.013907,5.937320,21.295118,-119.4542,1.586378,2.064834,-1.201306,1.036078,-2.016761,-0.442961
1209,177.773,A,5,3.274373,20.438616,4.558573,22.009725,0.686654,0.004545,-119.2870,0.028923,-119.2963,0.027654,5.760648,20.971750,-119.2963,1.588199,2.542793,-1.202075,1.037975,-2.486275,-0.533135
1210,177.906,A,5,3.827342,21.504951,4.298143,21.672125,0.693077,-0.007887,-119.1383,0.027089,-119.1398,0.028048,5.583709,20.648001,-119.1398,1.643627,1.954275,-1.285566,1.024124,-1.756368,0.856950
1211,178.041,A,5,3.518709,20.678226,4.181290,21.584472,0.640169,-0.018920,-118.9805,0.027331,-118.9860,0.029450,5.405656,20.322967,-118.9860,1.757972,1.920098,-1.224366,1.261504,-1.886947,0.355258
1212,178.177,A,5,3.662422,18.759433,4.032013,21.370125,0.618975,-0.021790,-118.8336,0.026098,-118.8363,0.020516,5.226004,19.996115,-118.8363,1.820307,1.993532,-1.193991,1.374010,-1.563581,-1.236683
1213,178.303,A,5,2.773977,19.341444,3.935876,20.854257,0.648301,0.014963,-118.6847,0.025744,-118.6879,0.023549,5.047287,19.672271,-118.6879,1.622444,2.297256,-1.111411,1.181986,-2.273310,-0.330827
1214,178.434,A,5,2.590750,18.331902,3.700507,20.529511,0.654267,0.003570,-118.5338,0.026471,-118.5365,0.020087,4.872557,19.357146,-118.5365,1.657752,2.501554,-1.172051,1.172365,-2.281808,-1.025244
1215,178.571,A,5,2.494016,18.504335,3.473365,20.082797,0.680355,0.006770,-118.3704,0.027895,-118.3813,0.026405,4.701275,19.049377,-118.3813,1.604905,2.273557,-1.227910,1.033420,-2.207259,-0.545042
1216,178.718,A,5,2.701119,19.132863,3.268637,19.743872,0.682066,0.002725,-118.2182,0.027488,-118.2223,0.027329,4.532546,18.747285,-118.2223,1.609550,1.871576,-1.263910,0.996586,-1.831427,0.385577
1217,178.871,A,5,2.727665,18.309309,3.136952,19.577181,0.645774,-0.004892,-118.0520,0.028590,-118.0417,0.026442,4.365435,18.449549,-118.0611,1.667550,1.643763,-1.228483,1.127632,-1.637770,-0.140240
1218,179.008,A,5,1.996171,18.046492,3.034571,19.296810,0.631069,0.004539,-117.8840,0.029503,-117.8993,0.029047,4.199399,18.155656,-117.8993,1.630661,2.205931,-1.164828,1.141154,-2.203228,-0.109164
1219,179.151,A,5,2.466279,17.728462,2.821861,19.020373,0.628065,-0.007367,-117.7235,0.028116,-117.7377,0.029465,4.034600,17.866019,-117.7377,1.674298,1.574342,-1.212740,1.154355,-1.568321,-0.137556
1220,179.285,A,5,1.545890,16.392641,2.729959,18.737224,0.614952,0.004159,-117.5589,0.028664,-117.5755,0.028750,3.871851,17.581727,-117.5755,1.624528,2.612282,-1.141893,1.155497,-2.325961,-1.189085
1221,179.426,A,5,1.676440,17.421828,2.491124,18.264754,0.650819,0.005974,-117.3663,0.031655,-117.4116,0.034629,3.712219,17.304053,-117.4116,1.553711,2.039183,-1.221095,0.960701,-2.035779,0.117774
1222,179.550,A,5,1.570588,16.442916,2.317777,18.058728,0.629430,-0.006444,-117.2004,0.029729,-117.2453,0.027700,3.556458,17.033845,-117.2453,1.607705,2.071926,-1.238681,1.024882,-1.985870,-0.590930
1223,179.681,A,5,1.966667,16.120227,2.157804,17.719614,0.633755,-0.002454,-117.0317,0.031352,-117.0772,0.029764,3.404616,16.771112,-117.0772,1.566588,1.578401,-1.246813,0.948502,-1.437950,-0.650885
1224,179.820,A,5,0.838531,16.849031,2.094903,17.378506,0.627116,0.018410,-116.8634,0.028865,-116.9085,0.032985,3.256097,16.515047,-116.9085,1.447043,2.440527,-1.161194,0.863459,-2.417566,0.333985
1225,179.957,A,5,1.873069,15.978712,1.846613,17.231786,0.605080,-0.015073,-116.7174,0.027186,-116.7400,0.035174,3.110077,16.264352,-116.7400,1.591311,1.269559,-1.263464,0.967434,-1.237008,-0.285640
1226,180.097,A,5,0.698393,15.603045,1.824006,16.957580,0.586595,0.007909,-116.5519,0.028366,-116.5711,0.033221,2.966015,16.017715,-116.5711,1.479031,2.305224,-1.142009,0.939865,-2.267622,-0.414670
1227,180.236,A,5,1.267712,15.116348,1.599372,16.665786,0.592199,-0.006692,-116.3768,0.029826,-116.3999,0.027479,2.823958,15.774357,-116.3999,1.514680,1.689639,-1.224586,0.891428,-1.556246,-0.658010
1228,180.382,A,5,0.397648,15.562562,1.514646,16.339389,0.590564,0.008638,-116.1986,0.030663,-116.2246,0.026085,2.684502,15.534421,-116.2246,1.420048,2.287028,-1.169856,0.804968,-2.286854,0.028141
1229,180.523,A,5,1.198198,14.706746,1.291634,16.149732,0.577053,-0.015549,-116.0290,0.030135,-116.0451,0.027310,2.548454,15.298947,-116.0451,1.517707,1.474413,-1.256821,0.850785,-1.350257,-0.592201
1230,180.658,A,5,1.187646,14.882351,1.249464,15.843750,0.569713,0.006286,-115.8528,0.030400,-115.8631,0.022059,2.416434,15.069396,-115.8631,1.400516,1.242943,-1.166971,0.774354,-1.228789,-0.187045
1231,180.796,A,5,0.095077,14.178734,1.215208,15.623016,0.547075,0.019161,-115.6712,0.031739,-115.6813,0.033793,2.288628,14.846879,-115.6813,1.324621,2.293051,-1.073421,0.776138,-2.193551,-0.668145
1232,180.941,A,5,-0.331246,13.629889,0.994870,15.317719,0.559231,0.004143,-115.4808,0.032347,-115.5011,0.033628,2.164863,14.631576,-115.5011,1.356346,2.689598,-1.169992,0.686143,-2.496109,-1.001687
1233,181.084,A,5,0.417262,14.162027,0.736200,14.968515,0.581386,-0.012448,-115.3057,0.031062,-115.3226,0.034439,2.044825,14.422684,-115.3226,1.417896,1.648303,-1.308624,0.545831,-1.627563,-0.260657
1234,181.223,A,5,0.271876,14.762778,0.654578,14.774935,0.556790,-0.008871,-115.1171,0.032698,-115.1441,0.031862,1.928188,14.218749,-115.1441,1.389757,1.743369,-1.273609,0.556187,-1.656311,0.544030
1235,181.360,A,5,0.093933,13.079839,0.563013,14.724613,0.509703,-0.020290,-114.9379,0.031656,-114.9637,0.028302,1.814610,14.018281,-114.9637,1.437151,1.959950,-1.251598,0.706332,-1.720678,-0.938442
1236,181.494,A,5,-0.062692,13.464289,0.457209,14.388177,0.521702,-0.007966,-114.7629,0.030752,-114.7808,0.032510,1.703759,13.820438,-114.7808,1.369749,1.801997,-1.246550,0.567739,-1.766451,-0.356150
1237,181.617,A,5,-0.351919,14.151863,0.343054,14.178442,0.509819,-0.009857,-114.5878,0.030400,-114.5967,0.036428,1.595413,13.625395,-114.5967,1.369038,2.017243,-1.252359,0.553047,-1.947332,0.526468
1238,181.754,A,5,-0.020977,12.752205,0.198142,14.129467,0.472411,-0.031232,-114.3987,0.032187,-114.4135,0.024422,1.489576,13.434179,-114.4135,1.466707,1.657366,-1.291435,0.695288,-1.510554,-0.681973
1239,181.892,A,5,-0.470202,12.683160,0.137772,13.844176,0.475494,-0.014336,-114.2173,0.032010,-114.2330,0.034596,1.386500,13.248064,-114.2330,1.383717,1.940737,-1.248729,0.596112,-1.856703,-0.564904
1240,182.045,A,5,-0.810622,12.405292,0.009663,13.596359,0.477149,-0.015259,-114.0299,0.032388,-114.0553,0.030774,1.286562,13.067860,-114.0553,1.381949,2.199359,-1.276899,0.528499,-2.097185,-0.662568
1241,182.179,A,5,0.228504,11.662216,-0.089248,13.050246,0.537655,0.019117,-113.8345,0.033483,-113.8794,0.029572,1.190022,12.893549,-113.8794,1.288831,1.562273,-1.279269,0.156697,-0.961518,-1.231333
1242,182.312,A,5,-1.221227,12.169660,-0.108404,13.002191,0.485997,0.017282,-113.6463,0.033301,-113.7035,0.026710,1.096755,12.724355,-113.7035,1.236771,2.383427,-1.205159,0.277836,-2.317982,-0.554695
1243,182.446,A,5,-0.272034,12.190198,-0.323634,12.810491,0.483305,-0.008659,-113.4854,0.030106,-113.5273,0.031653,1.006114,12.559058,-113.5273,1.353310,1.330308,-1.329748,0.251433,-1.278148,-0.368860
1244,182.578,A,5,-0.723405,11.271220,-0.333652,12.657763,0.456583,0.003046,-113.3033,0.031557,-113.3518,0.037334,0.917099,12.396435,-113.3518,1.277760,1.989312,-1.250751,0.261328,-1.640504,-1.125215
1245,182.717,A,5,-0.509256,11.105559,-0.420024,12.370469,0.464263,0.010222,-113.1287,0.030825,-113.1793,0.029801,0.828820,12.235723,-113.1793,1.256092,1.751490,-1.248844,0.134745,-1.338075,-1.130165
1246,182.860,A,5,-1.476214,11.031808,-0.452423,12.103876,0.462821,0.024718,-112.9549,0.030525,-113.0113,0.031635,0.740919,12.076871,-113.0113,1.193648,2.451089,-1.193342,0.027005,-2.217133,-1.045062
1247,182.995,A,5,-1.955779,11.217846,-0.649740,11.871112,0.468703,0.003924,-112.7972,0.028835,-112.8477,0.026600,0.653699,11.920462,-112.8477,1.304373,2.702415,-1.303439,-0.049350,-2.609478,-0.702616
1248,183.147,A,5,-0.826152,11.344555,-0.899312,11.712987,0.464124,-0.030417,-112.6344,0.028843,-112.6873,0.026549,0.567874,11.767384,-112.6873,1.468195,1.456741,-1.467187,-0.054397,-1.394027,-0.422829
1249,183.264,A,5,-1.215402,10.744177,-0.906133,11.607288,0.430726,-0.019808,-112.4868,0.026754,-112.5288,0.031020,0.484070,11.618400,-112.5288,1.390247,1.911144,-1.390203,-0.011112,-1.699472,-0.874222
1250,183.415,A,5,-1.103016,10.219009,-0.979418,11.414533,0.422422,-0.015964,-112.3276,0.026820,-112.3723,0.029660,0.402390,11.473833,-112.3723,1.383080,1.959803,-1.381808,-0.059299,-1.505405,-1.254823
1251,183.559,A,5,-1.653146,10.011064,-1.017512,11.166071,0.423817,-0.001597,-112.1914,0.025791,-112.2194,0.022549,0.322317,11.333420,-112.2194,1.350239,2.377200,-1.339829,-0.167350,-1.975463,-1.322356
1252,183.676,A,5,-1.826166,9.966416,-1.146081,10.922818,0.430397,-0.006480,-112.0489,0.025836,-112.0839,0.028971,0.242984,11.196320,-112.0724,1.415734,2.407082,-1.389065,-0.273501,-2.069151,-1.229903
1253,183.810,A,5,-1.803207,9.766971,-1.283143,10.714488,0.430353,-0.015259,-111.9224,0.022723,-111.9324,0.025266,0.163658,11.061359,-111.9324,1.487801,2.354569,-1.446800,-0.346870,-1.966864,-1.294388
