sample,timestamp_s,lintasan,run_ke,gps_x,gps_y,ekf_x,ekf_y,ekf_vx,ekf_vy,ekf_yaw_deg,ekf_yaw_rate,imu_yaw_deg,imu_yaw_rate_rads,gt_x,gt_y,gt_yaw_deg,error_ekf_m,error_gps_m,error_ekf_x,error_ekf_y,error_gps_x,error_gps_y
1,0.000,B,5,1.950556,-26.940723,1.814923,-26.766666,0.161758,-0.022160,-10.3325,-0.037256,-10.2969,-0.036543,1.328851,-25.351152,-10.2804,1.496645,1.706826,0.486072,-1.415514,0.621706,-1.589571
2,0.133,B,5,2.802247,-26.673071,1.826964,-26.770622,0.149201,-0.020440,-10.4918,-0.034607,-10.4704,-0.031942,1.450141,-25.357032,-10.4396,1.462954,1.886836,0.376823,-1.413590,1.352106,-1.316039
3,0.294,B,5,3.780935,-26.913539,2.018389,-26.757525,0.175805,-0.007689,-10.6840,-0.034306,-10.6600,-0.034986,1.609706,-25.366489,-10.6297,1.449829,2.666008,0.408684,-1.391036,2.171229,-1.547050
4,0.453,B,5,1.996109,-26.245394,2.355949,-26.790029,0.235143,-0.001272,-10.8771,-0.034486,-10.8508,-0.033282,1.776131,-25.379652,-10.8201,1.524911,0.893252,0.579817,-1.410378,0.219977,-0.865742
5,0.614,B,5,3.042279,-27.088865,2.312605,-26.695166,0.193306,0.019466,-11.0658,-0.033026,-11.0398,-0.033203,1.946920,-25.395892,-11.0101,1.349755,2.016425,0.365686,-1.299274,1.095359,-1.692973
6,0.773,B,5,3.268894,-27.078213,2.464097,-26.768729,0.208702,0.006211,-11.2477,-0.031486,-11.2170,-0.030632,2.120239,-25.412859,-11.1899,1.398793,2.023070,0.343858,-1.355870,1.148655,-1.665354
7,0.935,B,5,3.350640,-25.732742,2.630485,-26.828548,0.225230,-0.001483,-11.4095,-0.027667,-11.3739,-0.025176,2.295327,-25.428272,-11.3503,1.439828,1.098357,0.335158,-1.400276,1.055313,-0.304471
8,1.100,B,5,3.414614,-26.888581,2.782991,-26.633374,0.225763,0.050805,-11.5364,-0.022878,-11.5104,-0.022051,2.472510,-25.441589,-11.4897,1.231564,1.726658,0.310482,-1.191785,0.942105,-1.446992
9,1.259,B,5,4.088796,-26.247770,2.920289,-26.679506,0.232922,0.040048,-11.6594,-0.021262,-11.6345,-0.021358,2.653131,-25.454500,-11.6150,1.253800,1.640247,0.267158,-1.225006,1.435665,-0.793270
10,1.417,B,5,3.202409,-27.500374,3.155941,-26.601697,0.256712,0.063896,-11.7761,-0.021255,-11.7565,-0.020870,2.839026,-25.469683,-11.7368,1.175539,2.062948,0.316915,-1.132014,0.363383,-2.030691
11,1.592,B,5,3.891963,-27.107478,3.189738,-26.764513,0.241341,0.019992,-11.9081,-0.022184,-11.8808,-0.021614,3.031630,-25.488760,-11.8608,1.285513,1.833145,0.158108,-1.275753,0.860333,-1.618718
12,1.754,B,5,4.241645,-26.700356,3.340756,-26.829987,0.250782,0.009333,-12.0319,-0.021509,-12.0025,-0.022833,3.231307,-25.511171,-11.9836,1.323349,1.560430,0.109449,-1.318815,1.010338,-1.189185
13,1.914,B,5,4.015323,-26.571226,3.528677,-26.810587,0.263796,0.021494,-12.1437,-0.019660,-12.1127,-0.018589,3.437164,-25.534689,-12.0961,1.279176,1.186877,0.091513,-1.275898,0.578160,-1.036537
14,2.084,B,5,4.742867,-26.734544,3.642583,-26.770325,0.257037,0.033712,-12.2391,-0.016772,-12.2066,-0.014873,3.647352,-25.557171,-12.1926,1.213163,1.608216,-0.004769,-1.213154,1.095515,-1.177373
15,2.261,B,5,4.106418,-26.826265,3.867904,-26.765951,0.278636,0.041470,-12.3167,-0.013598,-12.2878,-0.013132,3.859725,-25.578117,-12.2753,1.187862,1.272293,0.008179,-1.187834,0.246692,-1.248148
16,2.423,B,5,4.211919,-27.117304,3.938368,-26.778785,0.262488,0.037011,-12.3910,-0.013367,-12.3647,-0.012655,4.072606,-25.598824,-12.3524,1.187571,1.524857,-0.134237,-1.179960,0.139314,-1.518480
17,2.575,B,5,5.609229,-26.567349,4.013613,-26.842444,0.251827,0.021542,-12.4696,-0.013361,-12.4448,-0.013576,4.285544,-25.621287,-12.4316,1.251067,1.627015,-0.271930,-1.221157,1.323686,-0.946062
18,2.740,B,5,5.136930,-26.489076,4.328460,-26.795601,0.292671,0.045303,-12.5473,-0.014457,-12.5292,-0.013522,4.499727,-25.646664,-12.5156,1.161633,1.056260,-0.171267,-1.148938,0.637203,-0.842412
19,2.901,B,5,6.119938,-26.036011,4.504192,-26.741650,0.295980,0.061166,-12.6260,-0.014334,-12.6128,-0.013025,4.717446,-25.674464,-12.5998,1.088284,1.448344,-0.213253,-1.067186,1.402492,-0.361547
20,3.067,B,5,5.392030,-26.419565,4.827718,-26.613614,0.329437,0.099737,-12.6912,-0.012354,-12.6872,-0.011236,4.940835,-25.703106,-12.6762,0.917507,0.846693,-0.113117,-0.910508,0.451195,-0.716458
21,3.220,B,5,5.821971,-26.440560,4.963543,-26.575891,0.319852,0.103502,-12.7507,-0.010457,-12.7485,-0.008979,5.170737,-25.731288,-12.7395,0.869646,0.962897,-0.207194,-0.844603,0.651233,-0.709272
22,3.389,B,5,5.664349,-27.225555,5.152137,-26.548277,0.324128,0.107166,-12.3849,0.104740,-12.3355,0.124338,5.401091,-25.761646,-12.4602,0.825085,1.487391,-0.248954,-0.786630,0.263258,-1.463909
23,3.564,B,5,6.860506,-27.255836,5.278155,-26.668243,0.320872,0.073014,-12.1361,0.006951,-12.1419,-0.044686,5.669717,-25.795739,-12.1537,0.956339,1.884108,-0.391563,-0.872504,1.190788,-1.460098
24,3.722,B,5,5.882605,-26.499391,5.598149,-26.775043,0.362270,0.055805,-12.4194,-0.018601,-12.3900,0.037872,5.849738,-25.817989,-12.4147,0.989570,0.682194,-0.251589,-0.957054,0.032868,-0.681402
25,3.880,B,5,6.879346,-26.897033,5.685135,-26.726886,0.336930,0.064698,-11.8047,0.113489,-11.7599,0.084157,6.059147,-25.852295,-11.8471,0.951207,1.328234,-0.374012,-0.874591,0.820199,-1.044738
26,4.046,B,5,6.404049,-27.320777,5.935715,-26.758345,0.356548,0.062290,-11.6930,0.001711,-11.6707,-0.014293,6.270022,-25.885132,-11.6682,0.935020,1.441888,-0.334306,-0.873214,0.134027,-1.435646
27,4.224,B,5,6.301718,-26.833482,6.055834,-26.861952,0.347208,0.036832,-11.7711,0.013611,-11.7194,0.065310,6.525477,-25.921107,-11.7030,1.051548,0.939412,-0.469642,-0.940845,-0.223759,-0.912374
28,4.388,B,5,7.375442,-27.419829,6.134064,-26.859907,0.323980,0.036723,-11.0154,0.146443,-10.9564,0.125205,6.742992,-25.956052,-10.9296,1.089838,1.594564,-0.608928,-0.903855,0.632450,-1.463777
29,4.539,B,5,7.215683,-27.442923,6.392974,-26.964428,0.350357,0.020689,-10.7461,0.016167,-10.7409,-0.003979,6.966905,-25.987182,-10.7419,1.133316,1.476845,-0.573931,-0.977246,0.248778,-1.455740
30,4.697,B,5,8.781431,-28.044976,6.576546,-27.055965,0.355987,0.005648,-10.4223,0.080008,-10.3988,0.089386,7.191313,-26.022642,-10.3784,1.202370,2.572608,-0.614767,-1.033323,1.590118,-2.022334
31,4.857,B,5,7.768542,-26.968749,7.010965,-27.241378,0.424253,-0.017718,-10.0268,0.063446,-9.9958,0.057292,7.415212,-26.059955,-9.9826,1.248669,0.975063,-0.404247,-1.181423,0.353331,-0.908794
32,5.024,B,5,7.416329,-27.405248,7.180466,-27.198948,0.421618,0.001970,-9.8603,0.030557,-9.7608,0.071743,7.593969,-26.089035,-9.8253,1.184437,1.328146,-0.413503,-1.109913,-0.177639,-1.316213
33,5.196,B,5,8.608622,-26.603356,7.269418,-27.244088,0.384817,-0.005035,-9.4336,0.045267,-9.4171,0.024640,7.816202,-26.126703,-9.4407,1.243994,0.924730,-0.546785,-1.117384,0.792419,-0.476653
34,5.351,B,5,8.511303,-27.648898,7.541612,-27.133043,0.407526,0.034130,-9.1817,0.059454,-9.1174,0.038221,8.040171,-26.161923,-9.1523,1.091621,1.559827,-0.498559,-0.971120,0.471132,-1.486975
35,5.515,B,5,8.309510,-28.064088,7.763283,-27.230314,0.406092,0.015886,-8.8509,0.049104,-8.8257,0.047283,8.268059,-26.196338,-8.8711,1.150611,1.868210,-0.504775,-1.033976,0.041452,-1.867750
36,5.695,B,5,9.557120,-26.683147,7.901641,-27.386510,0.396655,-0.016772,-8.5855,0.047126,-8.5504,0.046451,8.501794,-26.231805,-8.5934,1.301355,1.147790,-0.600152,-1.154705,1.055326,-0.451342
37,5.861,B,5,8.795590,-27.190413,8.240529,-27.265393,0.423547,0.027102,-8.3123,0.044233,-8.2924,0.043246,8.741976,-26.269629,-8.3325,1.114896,0.922343,-0.501446,-0.995764,0.053614,-0.920784
38,6.009,B,5,8.950377,-28.157298,8.382261,-27.254896,0.405899,0.031732,-8.0648,0.041932,-8.0510,0.041626,8.987570,-26.309834,-8.0887,1.122293,1.847839,-0.605309,-0.945062,-0.037192,-1.847464
39,6.185,B,5,9.954974,-26.739948,8.524886,-27.421608,0.397483,-0.005672,-7.8423,0.039978,-7.8209,0.040027,9.236460,-26.350957,-7.8572,1.285547,0.817053,-0.711574,-1.070651,0.718514,-0.388991
40,6.345,B,5,10.215994,-27.906785,8.823106,-27.302932,0.415506,0.033768,-7.6036,0.039269,-7.5965,0.038396,9.486417,-26.391082,-7.6322,1.127586,1.682153,-0.663311,-0.911850,0.729577,-1.515703
41,6.514,B,5,10.787926,-27.449411,9.116908,-27.414791,0.439028,0.014131,-7.3876,0.038452,-7.3777,0.028197,9.736005,-26.429209,-7.4108,1.163896,1.465384,-0.619097,-0.985582,1.051921,-1.020202
42,6.675,B,5,9.823813,-27.632610,9.463321,-27.425084,0.468385,0.022195,-7.7021,-0.081724,-7.7227,-0.063964,9.980480,-26.460745,-7.6542,1.094259,1.182291,-0.517159,-0.964339,-0.156667,-1.171865
43,6.833,B,5,10.732933,-27.360582,9.573889,-27.466796,0.440099,0.013501,-7.6384,0.046826,-7.5903,0.099561,10.216536,-26.494183,-7.6742,1.165750,1.008619,-0.642647,-0.972613,0.516397,-0.866399
44,7.021,B,5,11.745099,-27.070611,9.827144,-27.451525,0.446676,0.023992,-7.2919,0.017062,-7.2884,-0.046502,10.451768,-26.530490,-7.2589,1.112861,1.401583,-0.624624,-0.921035,1.293331,-0.540120
45,7.187,B,5,12.174534,-27.416373,10.219413,-27.385331,0.483419,0.049746,-7.7703,-0.072696,-7.7685,-0.032396,10.682711,-26.560429,-7.7303,0.946102,1.719934,-0.463298,-0.824902,1.491823,-0.855943
46,7.345,B,5,11.825773,-27.549992,10.622350,-27.392428,0.520782,0.055476,-7.6750,0.014767,-7.6780,-0.029620,10.920181,-26.595167,-7.6640,0.851075,1.315974,-0.297831,-0.797261,0.905592,-0.954825
47,7.503,B,5,12.214716,-27.986527,10.891914,-27.422716,0.523175,0.050642,-8.1773,-0.093918,-8.1918,-0.061803,11.157387,-26.623950,-8.1262,0.841727,1.724692,-0.265473,-0.798766,1.057329,-1.362577
48,7.671,B,5,12.367561,-26.935668,11.183412,-27.527911,0.532885,0.029598,-8.4427,-0.059565,-8.4537,-0.094852,11.396299,-26.652473,-8.3697,0.900951,1.011706,-0.212887,-0.875438,0.971261,-0.283196
49,7.839,B,5,12.442249,-27.035234,11.626452,-27.355677,0.573075,0.084362,-8.8887,-0.061445,-8.9098,-0.047233,11.629926,-26.676899,-8.8578,0.678787,0.887847,-0.003474,-0.678778,0.812323,-0.358335
50,8.002,B,5,13.325751,-28.581897,11.682103,-27.356174,0.518014,0.076259,-8.8790,0.005401,-8.8824,-0.029799,11.859462,-26.704057,-8.8653,0.675805,2.382496,-0.177358,-0.652117,1.466290,-1.877839
51,8.165,B,5,13.317244,-27.110881,12.031863,-27.580347,0.546142,0.026769,-9.5152,-0.145834,-9.5663,-0.199093,12.087666,-26.729168,-9.3890,0.853006,1.287465,-0.055803,-0.851179,1.229578,-0.381713
52,8.342,B,5,12.642471,-28.004247,12.318270,-27.501376,0.545638,0.052392,-10.2134,-0.080469,-10.2072,-0.021104,12.314686,-26.753967,-10.1763,0.747418,1.292534,0.003585,-0.747409,0.327785,-1.250280
53,8.528,B,5,12.936917,-27.380993,12.429812,-27.597406,0.510338,0.028006,-10.2952,-0.037461,-10.3060,-0.085462,12.540920,-26.782714,-10.2360,0.822234,0.717462,-0.111108,-0.814692,0.395997,-0.598279
54,8.690,B,5,13.864369,-28.171741,12.571016,-27.564414,0.481494,0.037958,-10.9753,-0.104693,-10.9848,-0.059806,12.773750,-26.804400,-10.9199,0.786589,1.749020,-0.202734,-0.760014,1.090619,-1.367342
55,8.853,B,5,14.084276,-28.183182,12.852736,-27.680549,0.494593,0.017401,-11.1406,-0.041652,-11.1493,-0.088246,13.011203,-26.830884,-11.0790,0.864316,1.726325,-0.158467,-0.849665,1.073074,-1.352298
56,9.049,B,5,14.169151,-27.432028,13.113898,-27.778077,0.513409,0.003227,-11.5579,-0.071239,-11.5527,-0.015438,13.307168,-26.861959,-11.5581,0.936283,1.033438,-0.193270,-0.916118,0.861983,-0.570069
57,9.217,B,5,14.198267,-28.144028,13.351574,-27.724480,0.507228,0.026260,-11.8609,-0.070773,-11.8984,-0.042466,13.509200,-26.885153,-11.8653,0.854000,1.435124,-0.157625,-0.839327,0.689068,-1.258875
58,9.394,B,5,14.619623,-28.293026,13.551320,-27.807973,0.497937,0.012178,-12.1753,-0.057033,-12.2284,-0.054275,13.815886,-26.923781,-12.2409,0.922925,1.587711,-0.264566,-0.884192,0.803737,-1.369245
59,9.561,B,5,14.988614,-28.337300,13.799716,-27.906930,0.489996,-0.001414,-12.5518,-0.053120,-12.5321,-0.051055,14.072577,-26.956315,-12.5437,0.989000,1.657179,-0.272861,-0.950615,0.916037,-1.380985
60,9.715,B,5,14.631536,-28.272398,14.052194,-27.993486,0.506811,-0.010032,-12.7790,-0.048645,-12.8094,-0.045303,14.277681,-26.981267,-12.7669,1.037031,1.338743,-0.225487,-1.012219,0.353854,-1.291131
61,9.888,B,5,15.666733,-28.049812,14.202606,-28.055447,0.485032,-0.016135,-13.0333,-0.042832,-13.0594,-0.040589,14.585103,-27.016488,-13.0689,1.107131,1.495889,-0.382497,-1.038959,1.081630,-1.033324
62,10.045,B,5,15.880809,-28.027214,14.520934,-28.068438,0.491370,-0.001364,-13.3004,-0.038650,-13.2885,-0.038909,14.842646,-27.045416,-13.2973,1.072414,1.428883,-0.321712,-1.023022,1.038163,-0.981797
63,10.199,B,5,15.875150,-28.132900,14.814407,-28.072146,0.501119,0.012457,-13.5115,-0.037458,-13.5059,-0.035424,15.051111,-27.069905,-13.4716,1.029814,1.344991,-0.236704,-1.002242,0.824039,-1.062995
64,10.368,B,5,15.783108,-27.448787,15.054619,-28.093482,0.498214,0.018255,-13.7164,-0.036061,-13.7165,-0.035231,15.316440,-27.103484,-13.6833,1.024034,0.580529,-0.261821,-0.989998,0.466669,-0.345303
65,10.541,B,5,15.778866,-28.030750,15.234265,-27.985839,0.475086,0.050349,-13.9082,-0.035072,-13.9167,-0.034818,15.588055,-27.140228,-13.8858,0.916638,0.910735,-0.353789,-0.845611,0.190811,-0.890522
66,10.697,B,5,16.810411,-28.332875,15.378906,-28.000413,0.452785,0.048745,-14.0962,-0.032414,-14.0974,-0.031121,15.865605,-27.178567,-14.0701,0.955147,1.491672,-0.486699,-0.821845,0.944806,-1.154308
67,10.845,B,5,17.313108,-28.607259,15.682968,-28.067231,0.472689,0.043810,-14.2596,-0.026755,-14.2532,-0.025249,16.147279,-27.216653,-14.2299,0.969055,1.814647,-0.464311,-0.850578,1.165829,-1.390606
68,11.014,B,5,17.672545,-29.084419,16.024891,-28.172924,0.501075,0.032825,-14.4031,-0.023730,-14.3871,-0.022018,16.430515,-27.253672,-14.3668,1.004766,2.212300,-0.405624,-0.919252,1.242030,-1.830747
69,11.186,B,5,17.613231,-27.176421,16.372395,-28.348120,0.531203,0.007752,-14.5342,-0.021418,-14.5083,-0.021948,16.713128,-27.290246,-14.4893,1.111394,0.907271,-0.340733,-1.057874,0.900103,0.113825
70,11.357,B,5,17.374097,-28.450260,16.637552,-28.145499,0.531065,0.070081,-14.6068,-0.020480,-14.6256,-0.020501,16.994310,-27.327736,-14.6069,0.892195,1.185030,-0.356758,-0.817763,0.379786,-1.122524
71,11.552,B,5,18.236315,-27.915780,16.830493,-28.208461,0.503998,0.056775,-14.7453,-0.019600,-14.7415,-0.019924,17.275046,-27.367134,-14.7231,0.951555,1.106820,-0.444552,-0.841327,0.961269,-0.548646
72,11.745,B,5,18.541050,-27.939822,17.134857,-28.162297,0.511489,0.078135,-14.8483,-0.018862,-14.8508,-0.019483,17.557705,-27.408405,-14.8341,0.864381,1.117753,-0.422849,-0.753893,0.983345,-0.531417
73,11.908,B,5,18.864082,-28.124019,17.440499,-28.127205,0.518943,0.094670,-14.9373,-0.015839,-14.9445,-0.014749,17.844893,-27.450732,-14.9309,0.788131,1.221500,-0.404394,-0.676473,1.019189,-0.673287
74,12.068,B,5,19.077661,-28.480408,17.750394,-28.130794,0.528672,0.100774,-15.0119,-0.013361,-15.0176,-0.011424,18.138094,-27.493376,-15.0072,0.746065,1.362725,-0.387700,-0.637418,0.939567,-0.987032
75,12.220,B,5,18.888746,-27.932461,18.043820,-28.198418,0.537173,0.090648,-15.0790,-0.010799,-15.0732,-0.010091,18.436884,-27.536346,-15.0651,0.769960,0.600904,-0.393065,-0.662072,0.451861,-0.396115
76,12.389,B,5,19.804807,-29.480666,18.249933,-28.155011,0.518045,0.102168,-15.0903,0.006970,-15.0653,0.051479,18.738977,-27.580427,-15.1011,0.754527,2.178739,-0.489044,-0.574585,1.065830,-1.900239
77,12.560,B,5,19.700246,-28.716689,18.583886,-28.399925,0.547692,0.053831,-14.5317,0.092668,-14.4935,0.052238,19.029746,-27.628325,-14.5507,0.891156,1.278323,-0.445860,-0.771601,0.670500,-1.088365
78,12.724,B,5,20.532769,-29.112313,18.839533,-28.465871,0.545197,0.047585,-14.6611,-0.057044,-14.6710,-0.085043,19.317916,-27.673936,-14.5861,0.925209,1.882762,-0.478384,-0.791935,1.214852,-1.438377
79,12.874,B,5,20.496009,-28.604800,19.199886,-28.592567,0.570655,0.034444,-14.6153,0.057271,-14.5338,0.125038,19.597906,-27.718491,-14.6373,0.960431,1.261797,-0.398020,-0.874075,0.898103,-0.886309
80,13.050,B,5,20.044547,-29.448249,19.490061,-28.605086,0.570155,0.044746,-14.0109,0.070378,-13.9718,0.024624,19.865224,-27.765496,-14.0021,0.919598,1.692281,-0.375163,-0.839591,0.179323,-1.682754
81,13.221,B,5,20.665399,-29.137841,19.645368,-28.767828,0.547727,0.011221,-13.8376,0.062929,-13.7610,0.120987,20.138414,-27.809308,-13.8616,1.077893,1.429234,-0.493046,-0.958519,0.526985,-1.328532
82,13.381,B,5,21.739914,-28.854530,19.882728,-28.846429,0.541775,0.005665,-13.1410,0.098083,-13.0926,0.074366,20.405188,-27.856195,-13.1605,1.119610,1.666782,-0.522460,-0.990234,1.334725,-0.998334
83,13.543,B,5,20.714016,-29.185414,20.272048,-28.858789,0.567571,0.024582,-12.5397,0.120396,-12.4877,0.129369,20.674718,-27.903694,-12.6095,1.036508,1.282322,-0.402669,-0.955095,0.039298,-1.281719
84,13.704,B,5,21.818849,-28.823188,20.406463,-28.927525,0.534992,0.013163,-11.8265,0.128736,-11.7800,0.129819,20.940869,-27.953850,-11.8971,1.110691,1.235555,-0.534407,-0.973675,0.877980,-0.869338
85,13.887,B,5,22.362283,-28.930450,20.714423,-28.917239,0.541798,0.030745,-11.0231,0.141383,-10.9814,0.145708,21.252997,-28.016011,-10.9478,1.049893,1.437607,-0.538574,-0.901229,1.109286,-0.914439
86,14.064,B,5,22.032488,-29.220575,21.068659,-28.926232,0.559147,0.043642,-10.1014,0.155859,-10.1023,0.161531,21.454678,-28.057494,-10.2484,0.950640,1.298700,-0.386019,-0.868738,0.577810,-1.163081
87,14.216,B,5,22.840774,-29.426219,21.295910,-28.984417,0.549141,0.036279,-9.1810,0.169292,-9.1427,0.174275,21.698893,-28.108321,-9.3016,0.964334,1.743774,-0.402984,-0.876096,1.141881,-1.317899
88,14.392,B,5,22.240354,-29.030391,21.630068,-29.069041,0.565546,0.028379,-8.1463,0.182573,-8.1064,0.187042,21.935292,-28.158009,-8.2771,0.960802,0.924183,-0.305223,-0.911032,0.305062,-0.872382
89,14.573,B,5,23.156853,-29.242237,21.795419,-29.066366,0.536652,0.032599,-7.0324,0.195292,-6.9996,0.199370,22.211912,-28.217835,-6.9539,0.945236,1.393669,-0.416493,-0.848531,0.944941,-1.024402
90,14.733,B,5,23.897018,-29.194948,22.095055,-29.100694,0.544193,0.033187,-5.8607,0.205715,-5.8293,0.208064,22.439851,-28.269736,-5.7813,0.899653,1.726080,-0.344796,-0.830958,1.457167,-0.925212
91,14.895,B,5,22.276909,-29.281845,22.477936,-29.118897,0.569130,0.039732,-4.5763,0.216082,-4.6001,0.219200,22.667637,-28.324261,-4.5498,0.816966,1.034233,-0.189701,-0.794637,-0.390729,-0.957585
92,15.054,B,5,23.800582,-29.299079,22.493939,-29.148757,0.506978,0.027510,-3.3345,0.226959,-3.3119,0.231092,22.895519,-28.380679,-3.2592,0.866724,1.289417,-0.401580,-0.768079,0.905063,-0.918400
93,15.233,B,5,24.221820,-29.919452,22.770153,-29.175394,0.525387,0.027222,-2.2531,0.235518,-1.9628,0.239667,23.076836,-28.426144,-2.1828,0.809587,1.881743,-0.306683,-0.749250,1.144984,-1.493308
94,15.407,B,5,24.442919,-30.211404,23.092730,-29.308864,0.531430,0.000113,-0.5728,0.247510,-0.5530,0.249616,23.299909,-28.482294,-0.7825,0.852139,2.072750,-0.207179,-0.826570,1.143010,-1.729110
95,15.565,B,5,24.285385,-29.265643,23.378832,-29.471885,0.553440,-0.032704,0.5848,0.255254,0.9127,0.260805,23.516509,-28.537523,0.6747,0.944451,1.058929,-0.137677,-0.934362,0.768877,-0.728120
96,15.745,B,5,24.340937,-30.449257,23.604946,-29.436020,0.527813,-0.016636,2.4038,0.265507,2.4269,0.267651,23.725306,-28.592840,2.1817,0.851727,1.955834,-0.120360,-0.843180,0.615631,-1.856418
97,15.930,B,5,24.368088,-29.647962,23.790188,-29.618933,0.511742,-0.056300,3.9478,0.271882,3.9827,0.272750,23.926837,-28.649668,3.7312,0.978850,1.091464,-0.136649,-0.969265,0.441250,-0.998294
98,16.086,B,5,24.612326,-29.830467,23.944831,-29.625330,0.487467,-0.050955,5.5439,0.278704,5.5759,0.281646,24.123201,-28.708795,5.3185,0.933730,1.223679,-0.178371,-0.916535,0.489125,-1.121672
99,16.239,B,5,24.953205,-29.734655,24.113479,-29.662099,0.469563,-0.054168,6.9569,0.213601,6.9371,0.155361,24.319795,-28.768898,6.7842,0.916719,1.154943,-0.206316,-0.893201,0.633410,-0.965757
100,16.407,B,5,24.747017,-30.175336,24.311732,-29.674168,0.460576,-0.052029,8.1567,0.247079,8.1864,0.297220,24.521991,-28.825270,7.9219,0.874549,1.368691,-0.210259,-0.848898,0.225026,-1.350066
101,16.594,B,5,25.235540,-29.508323,24.435750,-29.763126,0.434583,-0.069004,10.0969,0.329403,10.1296,0.289236,24.731970,-28.882410,9.8542,0.929197,0.803337,-0.296220,-0.880716,0.503570,-0.625913
102,16.779,B,5,25.236171,-30.261711,24.623371,-29.715089,0.427698,-0.053014,11.2884,0.171596,11.2648,0.169600,24.947148,-28.930480,11.1176,0.848789,1.362244,-0.323777,-0.784609,0.289023,-1.331231
103,16.954,B,5,25.578584,-30.228835,24.776476,-29.810719,0.411247,-0.073234,12.7297,0.288538,12.7578,0.320802,25.163565,-28.978776,12.4586,0.917588,1.317152,-0.387089,-0.831943,0.415019,-1.250059
104,17.138,B,5,26.535044,-30.379077,24.962707,-29.884032,0.404389,-0.087380,14.0520,0.187769,14.0135,0.143719,25.378897,-29.027688,13.8806,0.952123,1.778463,-0.416189,-0.856344,1.156147,-1.351389
105,17.312,B,5,26.816139,-30.171913,25.288724,-29.971529,0.430172,-0.108188,15.3078,0.247579,15.3086,0.241641,25.592343,-29.074979,15.0776,0.946566,1.643454,-0.303619,-0.896551,1.223795,-1.096934
106,17.475,B,5,26.420765,-29.610255,25.609279,-30.005850,0.452671,-0.115721,16.4475,0.200652,16.4273,0.209788,25.804707,-29.120489,16.2357,0.906672,0.787018,-0.195428,-0.885360,0.616058,-0.489765
107,17.640,B,5,26.377595,-29.869798,25.801544,-29.931366,0.446448,-0.093623,17.6110,0.194614,17.5689,0.204782,26.018760,-29.163150,17.3870,0.798334,0.792537,-0.217215,-0.768216,0.358835,-0.706648
108,17.802,B,5,26.441733,-30.052907,25.949911,-29.915097,0.428410,-0.086706,18.7064,0.187996,18.6513,0.184688,26.237738,-29.201183,18.4815,0.769751,0.875812,-0.287827,-0.713914,0.203995,-0.851724
109,17.975,B,5,27.598014,-30.392915,26.081158,-29.934290,0.406707,-0.088639,19.7440,0.179710,19.6850,0.176088,26.464293,-29.234449,19.5228,0.797854,1.620916,-0.383134,-0.699842,1.133721,-1.158466
110,18.143,B,5,27.297141,-30.328479,26.397086,-30.011492,0.426626,-0.114482,20.7294,0.171691,20.6711,0.167581,26.698989,-29.263589,20.5165,0.806538,1.221383,-0.301902,-0.747903,0.598152,-1.064890
111,18.304,B,5,27.894488,-29.904894,26.603267,-30.064230,0.419731,-0.126478,21.6637,0.161936,21.6114,0.160658,26.939875,-29.289288,21.4639,0.844891,1.135895,-0.336608,-0.774942,0.954613,-0.615606
112,18.467,B,5,28.068679,-30.398357,26.880103,-30.030734,0.434841,-0.122840,22.5687,0.156272,22.5102,0.153284,27.183346,-29.311973,22.3689,0.780111,1.401443,-0.303243,-0.718761,0.885333,-1.086383
113,18.635,B,5,27.825355,-29.872174,27.139678,-30.091701,0.437515,-0.141095,23.4282,0.149586,23.3723,0.147789,27.426000,-29.331790,23.2367,0.812063,0.671937,-0.286322,-0.759912,0.399355,-0.540384
114,18.802,B,5,28.790677,-30.047651,27.308316,-30.046891,0.426541,-0.127654,24.2641,0.143652,24.2000,0.141649,27.666291,-29.348893,24.0698,0.784441,1.323822,-0.357976,-0.697997,1.124386,-0.698757
115,18.967,B,5,28.613769,-30.075323,27.620531,-30.040488,0.446050,-0.136247,25.0593,0.137890,24.9923,0.135870,27.904986,-29.363612,24.8681,0.734218,1.004443,-0.284455,-0.676876,0.708783,-0.711711
116,19.131,B,5,29.876518,-30.062642,27.845705,-30.039889,0.442983,-0.139234,25.8119,0.129644,25.7465,0.129019,28.144739,-29.376108,25.6285,0.728030,1.862898,-0.299034,-0.663782,1.731779,-0.686535
117,19.298,B,5,28.809347,-29.672443,28.259584,-30.036511,0.481993,-0.158139,26.5277,0.124217,26.4610,0.120612,28.388926,-29.385762,26.3493,0.663478,0.508861,-0.129342,-0.650749,0.420421,-0.286681
118,19.465,B,5,29.497705,-30.732025,28.407732,-29.962676,0.463585,-0.137196,27.2089,0.117186,27.1396,0.114622,28.639877,-29.391110,27.0332,0.616911,1.591829,-0.232145,-0.571566,0.857828,-1.340914
119,19.626,B,5,30.237843,-30.464244,28.652126,-30.093579,0.449639,-0.172889,27.8473,0.112932,27.7898,0.112388,28.897682,-29.390660,27.6874,0.744576,1.717153,-0.245556,-0.702919,1.340160,-1.073584
120,19.785,B,5,29.667069,-30.132995,28.986999,-30.154862,0.462857,-0.198395,28.4679,0.108733,28.4180,0.106921,29.160309,-29.383952,28.3189,0.790152,0.904363,-0.173311,-0.770911,0.506760,-0.749044
121,19.962,B,5,30.264284,-29.924304,29.159063,-30.146007,0.445561,-0.190617,29.0758,0.105628,29.0247,0.104278,29.424769,-29.372107,28.9292,0.818242,1.004842,-0.265706,-0.773900,0.839515,-0.552197
122,20.114,B,5,29.885946,-30.870862,29.406605,-30.100272,0.450093,-0.183951,29.6597,0.100100,29.6052,0.099678,29.688668,-29.357338,29.5143,0.794675,1.526326,-0.282063,-0.742933,0.197278,-1.513523
123,20.273,B,5,30.894959,-29.681061,29.540519,-30.234333,0.410950,-0.205310,30.1950,0.094277,30.1540,0.091985,29.951111,-29.341667,30.0685,0.982567,1.003015,-0.410592,-0.892666,0.943848,-0.339395
124,20.454,B,5,31.373218,-30.323332,29.831135,-30.130142,0.434574,-0.190439,30.7133,0.088010,30.6690,0.087006,30.264967,-29.322520,30.6890,0.916767,1.493267,-0.433831,-0.807622,1.108252,-1.000811
125,20.609,B,5,31.057186,-30.260966,30.317184,-30.177263,0.484076,-0.234648,31.1855,0.082244,31.1537,0.081554,30.474831,-29.308566,31.0779,0.882885,1.116335,-0.157647,-0.868696,0.582356,-0.952400
126,20.795,B,5,30.804053,-29.773031,30.368673,-30.172302,0.437566,-0.212105,31.6384,0.078499,31.6159,0.078517,30.793129,-29.282544,31.6340,0.985815,0.490608,-0.424456,-0.889757,0.010923,-0.490486
127,20.960,B,5,31.727304,-30.480388,30.485082,-30.095907,0.428908,-0.189343,32.0005,0.077762,32.0628,0.076610,31.063303,-29.253721,32.0804,1.021576,1.394851,-0.578222,-0.842186,0.664001,-1.226667
128,21.126,B,5,31.922028,-29.812394,30.764576,-30.158033,0.418611,-0.208551,32.5346,0.075612,32.4957,0.074747,31.283072,-29.225564,32.4276,1.066929,0.867545,-0.518496,-0.932469,0.638956,-0.586830
129,21.303,B,5,32.527744,-29.371258,31.018323,-30.090083,0.429594,-0.200414,32.9396,0.072025,32.9091,0.070409,31.617854,-29.176619,32.9251,1.092637,0.930475,-0.599531,-0.913464,0.909890,-0.194639
130,21.458,B,5,32.521084,-30.125026,31.328177,-29.954356,0.469640,-0.190968,33.2672,0.069067,33.2968,0.067131,31.899540,-29.132420,33.3117,1.001017,1.171146,-0.571363,-0.821936,0.621544,-0.992606
131,21.620,B,5,33.171859,-29.804663,31.600426,-29.974200,0.456146,-0.201689,33.7070,0.063205,33.6573,0.061579,32.125053,-29.096283,33.6013,1.022728,1.263964,-0.524627,-0.877917,1.046806,-0.708380
132,21.778,B,5,33.231854,-29.932859,31.933829,-29.934690,0.474194,-0.211252,34.0437,0.058279,33.9950,0.058563,32.405634,-29.050624,33.9422,1.002084,1.208709,-0.471805,-0.884066,0.826220,-0.882235
133,21.945,B,5,33.617688,-29.688306,32.219481,-29.925309,0.476426,-0.220366,34.3594,0.054999,34.3165,0.054483,32.684124,-29.003721,34.2659,1.032094,1.157670,-0.464643,-0.921588,0.933564,-0.684585
134,22.114,B,5,34.061577,-29.546200,32.523893,-29.873413,0.487299,-0.222674,34.6610,0.052137,34.6265,0.051652,32.961385,-28.954084,34.5776,1.018118,1.249409,-0.437492,-0.919329,1.100192,-0.592115
135,22.276,B,5,33.481077,-29.573559,32.854660,-29.804389,0.504150,-0.225137,34.9572,0.051405,34.9252,0.049206,33.239716,-28.900220,34.8784,0.982746,0.715291,-0.385056,-0.904169,0.241361,-0.673339
136,22.455,B,5,33.920911,-29.376506,33.020835,-29.752100,0.483880,-0.209867,35.2045,0.034648,35.1208,-0.028891,33.521407,-28.841110,35.1350,1.039459,0.668021,-0.500572,-0.910990,0.399504,-0.535396
137,22.620,B,5,34.622332,-29.697583,33.224121,-29.675665,0.488625,-0.201550,34.8757,-0.064703,34.7892,-0.013904,33.797931,-28.778779,34.7966,1.064736,1.234438,-0.573809,-0.896886,0.824401,-0.918804
138,22.781,B,5,35.222728,-29.057163,33.535981,-29.666812,0.482274,-0.212657,35.2574,0.096703,35.2370,0.108121,34.078437,-28.717274,35.1279,1.093563,1.193703,-0.542456,-0.949537,1.144291,-0.339889
139,22.950,B,5,35.836780,-30.381505,33.892911,-29.545366,0.511238,-0.211006,35.3461,-0.034081,35.2257,-0.101629,34.354623,-28.656347,35.3079,1.001765,2.274415,-0.461712,-0.889019,1.482158,-1.725158
140,23.123,B,5,35.443463,-28.975679,34.299091,-29.685993,0.511460,-0.267855,34.9990,-0.018982,34.9475,0.032621,34.621777,-28.593371,34.9286,1.139275,0.906271,-0.322686,-1.092622,0.821686,-0.382308
141,23.310,B,5,35.882247,-28.956981,34.562608,-29.549267,0.520548,-0.244653,35.0583,-0.027205,34.9581,-0.086839,34.889142,-28.530615,35.0273,1.069709,1.080761,-0.326535,-1.018652,0.993104,-0.426366
142,23.502,B,5,35.630999,-28.474363,34.857621,-29.431981,0.532130,-0.232313,34.6639,-0.043703,34.5794,-0.028091,35.143831,-28.465934,34.6051,1.007552,0.487241,-0.286210,-0.966047,0.487168,-0.008429
143,23.672,B,5,36.530774,-29.323580,35.053374,-29.246767,0.532059,-0.194823,34.3723,-0.072409,34.2513,-0.103013,35.393830,-28.401837,34.3473,0.910943,1.463644,-0.340456,-0.844930,1.136944,-0.921743
144,23.861,B,5,36.536646,-29.065080,35.375456,-29.247626,0.531735,-0.215067,33.9178,-0.077116,33.8123,-0.104500,35.638985,-28.338883,33.9014,0.946183,1.154624,-0.263530,-0.908743,0.897661,-0.726197
145,24.050,B,5,36.992754,-29.197480,35.641079,-29.203308,0.526552,-0.216317,33.3664,-0.096195,33.2724,-0.099875,35.881058,-28.276500,33.3641,0.957373,1.443632,-0.239979,-0.926808,1.111697,-0.920980
146,24.225,B,5,36.927056,-29.009117,35.941168,-29.192186,0.524414,-0.228295,32.7472,-0.108116,32.6579,-0.113373,36.120067,-28.213000,32.7608,0.995394,1.133593,-0.178899,-0.979185,0.806989,-0.796116
147,24.397,B,5,37.238772,-28.741330,36.175164,-29.150425,0.513797,-0.223715,32.0673,-0.119110,31.9780,-0.122536,36.355308,-28.146928,32.0909,1.019539,1.064810,-0.180144,-1.003497,0.883463,-0.594402
148,24.572,B,5,36.845830,-28.141221,36.422362,-29.068332,0.512519,-0.213123,31.3290,-0.130201,31.2361,-0.134712,36.586253,-28.078258,31.3591,1.003547,0.267104,-0.163892,-0.990074,0.259576,-0.062963
149,24.747,B,5,38.073408,-28.577006,36.552464,-28.891598,0.500671,-0.169287,30.5350,-0.142151,30.4284,-0.147503,36.812786,-28.008474,30.5623,0.920693,1.382894,-0.260322,-0.883124,1.260622,-0.568532
150,24.919,B,5,37.437350,-29.141776,36.879519,-28.824504,0.515150,-0.177454,29.6544,-0.154473,29.5489,-0.157594,37.035036,-27.939600,29.6945,0.898466,1.267708,-0.155517,-0.884904,0.402315,-1.202176
151,25.105,B,5,38.292715,-28.444560,37.032612,-28.873191,0.478633,-0.184914,28.6945,-0.166948,28.5981,-0.170113,37.253029,-27.872720,28.7547,1.024464,1.186570,-0.220417,-1.000471,1.039686,-0.571840
152,25.300,B,5,38.173421,-28.587951,37.311267,-28.789320,0.488692,-0.180233,27.6776,-0.178813,27.5837,-0.182395,37.466623,-27.807196,27.7498,0.994335,1.053157,-0.155356,-0.982123,0.706797,-0.780755
153,25.479,B,5,38.552817,-28.196790,37.518183,-28.746811,0.478117,-0.174817,26.6052,-0.186880,26.5173,-0.190469,37.675740,-27.741180,26.6910,1.017899,0.988355,-0.157556,-1.005632,0.877077,-0.455610
154,25.641,B,5,39.332980,-28.266038,37.755515,-28.641791,0.482771,-0.160289,25.4924,-0.194857,25.4068,-0.197170,37.880719,-27.673000,25.5873,0.976849,1.568680,-0.125204,-0.968792,1.452261,-0.593038
155,25.797,B,5,38.826531,-27.936933,38.091579,-28.568285,0.503608,-0.164645,24.3321,-0.202916,24.2529,-0.205613,38.082399,-27.602372,24.4406,0.965957,0.815882,0.009180,-0.965913,0.744132,-0.334561
156,25.970,B,5,38.998976,-27.885878,38.276363,-28.448475,0.496205,-0.140312,23.1293,-0.210811,23.0511,-0.213503,38.281683,-27.530514,23.2468,0.917976,0.800495,-0.005321,-0.917960,0.717292,-0.355364
157,26.147,B,5,38.968374,-28.065321,38.457456,-28.340399,0.487497,-0.120046,21.8758,-0.220541,21.7970,-0.223883,38.478908,-27.459159,22.0012,0.881500,0.779107,-0.021452,-0.881239,0.489466,-0.606161
158,26.328,B,5,39.623490,-27.979981,38.598456,-28.284232,0.465710,-0.107962,20.5645,-0.229389,20.4919,-0.231898,38.712026,-27.375411,20.4387,0.915890,1.093742,-0.113570,-0.908821,0.911464,-0.604570
159,26.482,B,5,39.789045,-27.977994,38.832798,-28.223527,0.466483,-0.105208,19.1553,-0.236546,19.1424,-0.239333,38.901960,-27.306469,19.0876,0.919662,1.112594,-0.069162,-0.917058,0.887085,-0.671525
160,26.656,B,5,39.788249,-27.804323,39.050984,-28.174723,0.463833,-0.102931,17.8197,-0.242520,17.7567,-0.245323,39.086959,-27.236777,17.7006,0.938636,0.902172,-0.035976,-0.937946,0.701290,-0.567546
161,26.820,B,5,39.576173,-28.352232,39.230856,-28.103929,0.454771,-0.091282,16.3982,-0.248061,16.3396,-0.250206,39.266991,-27.165384,16.2823,0.939241,1.226459,-0.036135,-0.938545,0.309182,-1.186848
162,26.987,B,5,39.762843,-28.238637,39.338000,-28.145869,0.420683,-0.098093,14.9374,-0.253622,14.8910,-0.254912,39.442957,-27.092561,14.8323,1.058525,1.189881,-0.104957,-1.053308,0.319886,-1.146076
163,27.151,B,5,41.517798,-27.618766,39.456758,-28.162132,0.395839,-0.099062,13.4455,-0.259633,13.4072,-0.262241,39.581694,-27.034080,13.6471,1.134950,2.022463,-0.124936,-1.128052,1.936104,-0.584686
164,27.324,B,5,41.110864,-28.464823,39.871322,-28.065288,0.449201,-0.098200,11.9225,-0.266271,11.8855,-0.268631,39.753482,-26.961699,12.1315,1.109863,2.025307,0.117840,-1.103589,1.357382,-1.503124
165,27.499,B,5,39.840839,-28.121477,40.140799,-28.139569,0.450989,-0.122294,10.3521,-0.272695,10.3271,-0.276093,39.923797,-26.890382,10.5787,1.267895,1.233887,0.217002,-1.249187,-0.082958,-1.231096
166,27.674,B,5,41.085901,-28.263530,40.130927,-28.140370,0.395581,-0.105898,8.7539,-0.278338,8.7372,-0.278440,40.092242,-26.819324,8.9934,1.321612,1.753024,0.038685,-1.321046,0.993659,-1.444207
167,27.838,B,5,40.590758,-27.401203,40.343650,-28.168121,0.395603,-0.112221,7.1294,-0.282376,7.1216,-0.282627,40.257969,-26.747264,7.3817,1.423437,0.733746,0.085681,-1.420856,0.332789,-0.653938
168,28.020,B,5,41.584815,-28.491486,40.428121,-28.035172,0.376267,-0.072195,5.4941,-0.286429,5.4831,-0.287718,40.420186,-26.673539,5.7468,1.361656,2.159003,0.007934,-1.361633,1.164628,-1.817948
169,28.204,B,5,41.242107,-27.406111,40.674826,-28.122845,0.384086,-0.095758,3.8207,-0.290708,3.8205,-0.292659,40.578519,-26.598638,4.0883,1.527247,1.045161,0.096306,-1.524207,0.663587,-0.807474
170,28.359,B,5,40.088503,-27.734269,40.815884,-28.000008,0.377366,-0.061310,2.1358,-0.294686,2.1307,-0.297604,40.733099,-26.523824,2.4030,1.478504,1.371379,0.082785,-1.476184,-0.644597,-1.210445
171,28.523,B,5,41.424627,-26.648933,40.720200,-27.956141,0.312334,-0.038613,0.4161,-0.300819,0.4122,-0.302704,40.884471,-26.450125,0.6890,1.514949,0.575581,-0.164271,-1.506016,0.540156,-0.198808
172,28.694,B,5,42.041850,-28.321965,40.879255,-27.722727,0.320749,0.016159,-1.3220,-0.304822,-1.3332,-0.306399,41.033438,-26.377515,-1.0524,1.354019,2.190383,-0.154184,-1.345212,1.008411,-1.944449
173,28.872,B,5,41.821162,-28.357553,41.121086,-27.832100,0.336405,-0.017099,-3.1018,-0.308539,-3.1005,-0.308786,41.180851,-26.304963,-2.8165,1.528306,2.150145,-0.059765,-1.527137,0.640311,-2.052590
174,29.043,B,5,42.944588,-27.180103,41.280135,-27.931974,0.331928,-0.040788,-4.8965,-0.310918,-4.8845,-0.312211,41.327322,-26.231295,-4.5981,1.701334,1.875043,-0.047187,-1.700679,1.617266,-0.948809
175,29.211,B,5,42.645902,-27.334837,41.614714,-27.803503,0.373612,-0.009299,-6.6899,-0.314155,-6.6841,-0.313137,41.472959,-26.156168,-6.3950,1.653424,1.662846,0.141756,-1.647336,1.172943,-1.178669
176,29.399,B,5,42.598937,-27.826523,41.838029,-27.724578,0.382781,0.010127,-8.5066,-0.318020,-8.5019,-0.318638,41.617281,-26.080353,-8.2096,1.658978,2.003186,0.220747,-1.644226,0.981655,-1.746170
177,29.555,B,5,43.019213,-27.341037,42.012736,-27.748639,0.378699,0.004552,-10.3485,-0.321532,-10.3422,-0.323378,41.759459,-26.005102,-10.0461,1.761837,1.836219,0.253277,-1.743537,1.259754,-1.335935
178,29.725,B,5,42.335183,-27.171742,42.231838,-27.681881,0.385188,0.022652,-12.2120,-0.325822,-12.2070,-0.326970,41.898808,-25.931128,-11.9070,1.782146,1.315122,0.333030,-1.750753,0.436375,-1.240614
179,29.887,B,5,42.257050,-26.883075,42.287580,-27.595403,0.351449,0.042630,-14.1006,-0.329859,-14.0934,-0.330494,42.035280,-25.858030,-13.7903,1.755597,1.048761,0.252300,-1.737373,0.221770,-1.025045
180,30.047,B,5,41.739722,-26.611875,42.316288,-27.470586,0.313797,0.068956,-16.0027,-0.332538,-15.9957,-0.333021,42.169600,-25.784653,-15.6905,1.692303,0.932250,0.146688,-1.685933,-0.429878,-0.827222
181,30.244,B,5,42.834614,-27.204226,42.242966,-27.316384,0.254763,0.096155,-17.9138,-0.334277,-17.9089,-0.334362,42.302935,-25.710076,-17.6022,1.607427,1.585927,-0.059969,-1.606308,0.531679,-1.494150
182,30.411,B,5,42.423987,-26.814018,42.376735,-27.295570,0.254748,0.095437,-19.8418,-0.336051,-19.8321,-0.334972,42.436270,-25.634434,-19.5236,1.662203,1.179648,-0.059535,-1.661137,-0.012282,-1.179585
183,30.572,B,5,43.850161,-28.444619,42.411854,-27.208095,0.228583,0.107014,-21.5828,-0.273355,-21.5322,-0.215619,42.571333,-25.559837,-21.3234,1.655956,3.155530,-0.159479,-1.648259,1.278828,-2.884782
184,30.739,B,5,42.826672,-27.133485,42.696505,-27.432731,0.278252,0.057741,-23.0716,-0.290829,-23.0435,-0.341768,42.709203,-25.491239,-22.7389,1.941534,1.646441,-0.012699,-1.941492,0.117469,-1.642246
185,30.899,B,5,43.592952,-26.821168,42.747083,-27.384243,0.253862,0.066041,-25.3007,-0.385807,-25.2667,-0.341404,42.856736,-25.425550,-24.9406,1.961760,1.577898,-0.109653,-1.958693,0.736216,-1.395617
186,31.063,B,5,43.648691,-26.255169,42.925985,-27.287531,0.257951,0.092882,-26.7738,-0.220865,-26.6911,-0.210022,43.003760,-25.368325,-26.5082,1.920781,1.096553,-0.077775,-1.919206,0.644931,-0.886844
187,31.228,B,5,43.413821,-26.524528,43.084257,-27.103924,0.249443,0.135686,-28.4187,-0.325025,-28.4000,-0.362162,43.153397,-25.311759,-28.0649,1.793498,1.240416,-0.069140,-1.792165,0.260425,-1.212769
188,31.386,B,5,43.897788,-26.289063,43.171892,-26.999119,0.230629,0.150884,-29.9605,-0.224525,-29.8824,-0.186427,43.306317,-25.255221,-29.7150,1.749071,1.191077,-0.134426,-1.743898,0.591471,-1.033841
189,31.583,B,5,44.334537,-25.539547,43.325007,-26.870028,0.231288,0.179743,-31.0958,-0.271654,-31.4005,-0.269154,43.492534,-25.190541,-31.4610,1.687821,0.911468,-0.167527,-1.679486,0.842003,-0.349006
190,31.802,B,5,44.282224,-26.051606,43.542953,-26.624941,0.222627,0.229242,-32.8104,-0.239577,-32.7236,-0.252483,43.650948,-25.142322,-32.7816,1.486547,1.106936,-0.107995,-1.482619,0.631277,-0.909284
191,32.001,B,5,44.734577,-26.380216,43.706545,-26.514764,0.220123,0.243088,-34.0734,-0.227988,-34.0451,-0.219436,43.781272,-25.108311,-33.8375,1.408436,1.589507,-0.074727,-1.406452,0.953305,-1.271904
192,32.188,B,5,44.879164,-26.635497,43.924124,-26.483786,0.236181,0.244304,-35.3328,-0.217547,-35.3029,-0.215189,43.949260,-25.072727,-35.1057,1.411282,1.818508,-0.025135,-1.411059,0.929905,-1.562770
193,32.392,B,5,44.474719,-26.805742,44.129790,-26.506235,0.252962,0.234042,-36.5394,-0.207251,-36.4968,-0.204485,44.159191,-25.039033,-36.5431,1.467496,1.794664,-0.029401,-1.467202,0.315529,-1.766709
194,32.565,B,5,44.399299,-26.184511,44.226574,-26.557521,0.247906,0.207481,-37.7217,-0.195052,-37.6214,-0.191089,44.340606,-25.016348,-37.6649,1.545386,1.169636,-0.114032,-1.541173,0.058693,-1.168163
195,32.750,B,5,44.293176,-27.139297,44.288008,-26.488777,0.222339,0.205303,-38.7372,-0.183586,-38.6792,-0.182032,44.526098,-24.997049,-38.7203,1.510608,2.154873,-0.238090,-1.491727,-0.232923,-2.142248
196,32.933,B,5,45.036273,-25.854537,44.318686,-26.605315,0.215929,0.161874,-39.7896,-0.173488,-39.6801,-0.168969,44.713395,-24.980857,-39.7191,1.671723,0.931432,-0.394709,-1.624458,0.322878,-0.873680
197,33.120,B,5,45.346304,-25.635116,44.468846,-26.470700,0.207597,0.194556,-40.5103,-0.166663,-40.6345,-0.161888,44.863392,-24.970509,-40.4846,1.551205,0.821527,-0.394546,-1.500190,0.482913,-0.664607
198,33.311,B,5,46.003042,-26.258534,44.660301,-26.317992,0.194605,0.223293,-41.6006,-0.157305,-41.5480,-0.156221,45.050903,-24.961484,-41.4046,1.411624,1.609009,-0.390602,-1.356508,0.952139,-1.297050
199,33.496,B,5,45.860243,-26.378222,44.932860,-26.304397,0.221557,0.237641,-42.4689,-0.149479,-42.4180,-0.147463,45.239801,-24.957350,-42.2820,1.381574,1.550427,-0.306942,-1.347047,0.620441,-1.420871
200,33.680,B,5,46.078312,-26.400252,45.134075,-26.315940,0.234292,0.236205,-43.3219,-0.141020,-43.2377,-0.139026,45.471668,-24.959381,-43.2694,1.397934,1.563370,-0.337593,-1.356558,0.606644,-1.440871
201,33.862,B,5,45.973161,-26.643747,45.336704,-26.330852,0.246493,0.235828,-44.0595,-0.132273,-44.0024,-0.129265,45.630862,-24.965267,-43.8837,1.396908,1.713028,-0.294158,-1.365585,0.342299,-1.678480
202,34.046,B,5,46.455013,-26.783852,45.485172,-26.388432,0.252700,0.219884,-44.7829,-0.123967,-44.7153,-0.121542,45.835134,-24.978092,-44.6043,1.453112,1.909194,-0.349962,-1.410341,0.619880,-1.805760
203,34.243,B,5,47.255348,-25.544616,45.693661,-26.463082,0.271573,0.212482,-45.4648,-0.117008,-45.3865,-0.115243,46.043653,-24.997172,-45.2815,1.507112,1.329624,-0.349992,-1.465910,1.211695,-0.547444
204,34.444,B,5,47.526928,-26.641271,46.011217,-26.300865,0.270739,0.266283,-46.1006,-0.112229,-46.0265,-0.111181,46.253928,-25.022123,-45.9259,1.301572,2.059653,-0.242711,-1.278742,1.273000,-1.619149
205,34.631,B,5,46.269783,-27.343171,46.323592,-26.364589,0.303558,0.273293,-46.7231,-0.107131,-46.6394,-0.104949,46.464078,-25.051834,-46.5432,1.320251,2.299559,-0.140486,-1.312755,-0.194295,-2.291336
206,34.810,B,5,46.771438,-27.142694,46.352563,-26.546232,0.301289,0.214201,-47.3170,-0.100920,-47.2228,-0.099638,46.673739,-25.084890,-47.1316,1.496220,2.060122,-0.321176,-1.461342,0.097699,-2.057804
207,34.985,B,5,46.630859,-27.363322,46.463451,-26.662515,0.303268,0.187250,-47.8679,-0.094163,-47.7713,-0.092003,46.883907,-25.120371,-47.6860,1.598434,2.257180,-0.420456,-1.542144,-0.253048,-2.242951
208,35.160,B,5,48.303189,-26.538074,46.526606,-26.799925,0.300456,0.152467,-48.3796,-0.087521,-48.2821,-0.085725,47.096067,-25.158578,-48.2028,1.737327,1.833072,-0.569461,-1.641347,1.207122,-1.379496
209,35.324,B,5,48.582618,-27.269497,46.880564,-26.764692,0.318294,0.200110,-48.8456,-0.082001,-48.7584,-0.079449,47.311249,-25.201102,-48.6842,1.621821,2.427887,-0.430685,-1.563590,1.271368,-2.068395
210,35.482,B,5,48.580561,-27.064025,47.225159,-26.867645,0.355093,0.218108,-49.2933,-0.078089,-49.2079,-0.078639,47.529586,-25.249994,-49.1374,1.646047,2.096487,-0.304427,-1.617651,1.050975,-1.814032
211,35.643,B,5,48.614972,-26.343517,47.510263,-26.916108,0.367889,0.233580,-49.7239,-0.075517,-49.6398,-0.083495,47.750516,-25.306486,-49.5702,1.627453,1.350080,-0.240253,-1.609622,0.864455,-1.037031
212,35.802,B,5,48.480176,-27.262306,47.751667,-26.824718,0.347360,0.263026,-50.6582,-0.190323,-50.6145,-0.170325,47.973435,-25.363306,-50.4467,1.478143,1.965449,-0.221768,-1.461412,0.506742,-1.899000
213,35.973,B,5,49.488408,-27.729100,47.925015,-26.914657,0.349363,0.248098,-51.1948,-0.056499,-51.0835,0.000608,48.189901,-25.420625,-51.0737,1.517331,2.648618,-0.264886,-1.494031,1.298507,-2.308475
214,36.144,B,5,49.020018,-28.105955,48.249442,-27.074772,0.387452,0.250925,-51.4111,-0.079949,-51.3456,-0.138939,48.403549,-25.479570,-51.2283,1.602628,2.697764,-0.154107,-1.595201,0.616469,-2.626385
215,36.306,B,5,48.338386,-26.684439,48.431566,-27.277341,0.405855,0.222232,-52.4384,-0.166637,-52.3667,-0.124472,48.616706,-25.527776,-52.2429,1.759334,1.189678,-0.185140,-1.749566,-0.278320,-1.156664
216,36.450,B,5,49.057673,-27.138035,48.455441,-27.187226,0.344788,0.214650,-52.8273,-0.063785,-52.7566,-0.100262,48.827454,-25.580900,-52.6754,1.648841,1.574062,-0.372013,-1.606326,0.230218,-1.557135
217,36.611,B,5,49.307187,-26.997551,48.601585,-27.192594,0.326919,0.215325,-53.8119,-0.188507,-53.7781,-0.163817,49.037432,-25.629377,-53.6176,1.622840,1.394513,-0.435847,-1.563217,0.269754,-1.368174
218,36.764,B,5,49.197221,-27.827756,48.765444,-27.170534,0.308526,0.223584,-54.4997,-0.124934,-54.4747,-0.168938,49.245148,-25.682234,-54.3295,1.563698,2.146057,-0.479704,-1.488300,-0.047927,-2.145522
219,36.922,B,5,49.470450,-27.108626,48.878603,-27.302416,0.312796,0.198734,-55.4675,-0.144103,-55.4379,-0.158831,49.451754,-25.733882,-55.3045,1.669970,1.374871,-0.573151,-1.568533,0.018696,-1.374744
220,37.088,B,5,50.147262,-27.996066,49.019269,-27.281462,0.292050,0.204972,-56.4560,-0.172077,-56.4395,-0.175925,49.656585,-25.786031,-56.2784,1.625573,2.263851,-0.637316,-1.495432,0.490677,-2.210035
221,37.274,B,5,50.211269,-26.821202,49.256415,-27.424843,0.318319,0.205159,-57.4945,-0.182014,-57.4785,-0.186084,49.900261,-25.846338,-57.5212,1.704762,1.023272,-0.643846,-1.578504,0.311009,-0.974863
222,37.428,B,5,50.595462,-27.479994,49.463608,-27.330615,0.291555,0.234227,-58.5692,-0.191062,-58.5712,-0.195513,50.061126,-25.884457,-58.3927,1.564736,1.682633,-0.597518,-1.446158,0.534336,-1.595537
223,37.593,B,5,50.336383,-27.396545,49.703513,-27.370716,0.297545,0.247619,-59.7126,-0.201227,-59.7179,-0.204638,50.259888,-25.929883,-59.5307,1.544524,1.468656,-0.556374,-1.440833,0.076495,-1.466662
224,37.763,B,5,51.488988,-28.460005,49.853706,-27.388670,0.285606,0.245622,-60.8455,-0.183257,-60.8257,-0.140279,50.494972,-25.983826,-60.8560,1.544283,2.668245,-0.641265,-1.404844,0.994016,-2.476179
225,37.918,B,5,50.199458,-27.636827,50.185124,-27.597164,0.336246,0.254614,-61.5324,-0.138954,-61.5216,-0.184301,50.687348,-26.034314,-61.5657,1.641563,1.675137,-0.502224,-1.562850,-0.487890,-1.602513
226,38.071,B,5,51.204123,-27.034456,50.225884,-27.622209,0.305712,0.229735,-63.0885,-0.287594,-63.0349,-0.278082,50.885667,-26.092713,-63.0972,1.665735,0.994129,-0.659784,-1.529496,0.318455,-0.941743
227,38.224,B,5,51.029698,-27.488689,50.436029,-27.531234,0.277399,0.257357,-64.1009,-0.147479,-64.0650,-0.084190,51.079807,-26.157945,-64.0835,1.516698,1.331687,-0.643778,-1.373289,-0.050108,-1.330744
228,38.385,B,5,51.348283,-28.222376,50.570977,-27.534456,0.267827,0.260718,-64.6765,-0.151188,-64.9393,-0.234980,51.235124,-26.212846,-64.7326,1.479103,2.012714,-0.664147,-1.321611,0.113159,-2.009530
229,38.560,B,5,52.507666,-28.512270,50.750630,-27.674996,0.279794,0.244885,-66.1588,-0.178074,-66.1307,-0.122240,51.434247,-26.284182,-66.0081,1.549740,2.473176,-0.683617,-1.390814,1.073419,-2.228087
230,38.740,B,5,52.172129,-28.652808,51.102436,-27.843437,0.321416,0.269864,-66.9454,-0.169993,-66.9498,-0.214176,51.627496,-26.359622,-66.7574,1.573974,2.356973,-0.525059,-1.483815,0.544633,-2.293185
231,38.910,B,5,51.458595,-27.956997,51.332615,-28.009789,0.343112,0.268098,-67.8977,-0.141397,-67.8695,-0.154027,51.820788,-26.438255,-67.7401,1.645610,1.561333,-0.488173,-1.571534,-0.362193,-1.518742
232,39.070,B,5,52.172900,-28.531930,51.391705,-28.021321,0.310606,0.248217,-68.8157,-0.154160,-68.7810,-0.156341,52.010677,-26.522008,-68.6409,1.622056,2.016458,-0.618972,-1.499313,0.162222,-2.009922
233,39.230,B,5,52.755472,-28.902591,51.566616,-28.134030,0.315437,0.244870,-69.6788,-0.148340,-69.6330,-0.147919,52.198955,-26.612015,-69.4990,1.648145,2.357213,-0.632339,-1.522015,0.556517,-2.290577
234,39.405,B,5,53.144428,-28.139860,51.815222,-28.294904,0.337047,0.253590,-70.4994,-0.141076,-70.4473,-0.140242,52.387735,-26.708924,-70.3198,1.686151,1.618692,-0.572513,-1.585980,0.756694,-1.430936
235,39.578,B,5,53.270357,-28.865005,52.091018,-28.289782,0.322222,0.284277,-71.2645,-0.133100,-71.2214,-0.131222,52.578124,-26.812857,-71.1001,1.555178,2.165756,-0.487106,-1.476925,0.692233,-2.052148
236,39.766,B,5,52.585902,-29.108041,52.341248,-28.415721,0.334304,0.293829,-72.0003,-0.127485,-71.9593,-0.124404,52.769527,-26.923417,-71.8433,1.552544,2.192328,-0.428279,-1.492304,-0.183626,-2.184624
237,39.965,B,5,52.281136,-28.658277,52.422193,-28.563910,0.333853,0.263905,-72.7108,-0.122047,-72.6694,-0.119892,52.960023,-27.039737,-72.5573,1.616281,1.755152,-0.537831,-1.524172,-0.678887,-1.618540
238,40.161,B,5,53.334501,-28.540331,52.430128,-28.604316,0.303313,0.231381,-73.3966,-0.118803,-73.3581,-0.118472,53.147693,-27.160636,-73.2492,1.612176,1.392284,-0.717565,-1.443680,0.186808,-1.379695
239,40.345,B,5,53.363242,-29.217711,52.624405,-28.614681,0.285498,0.246652,-74.0595,-0.116147,-74.0261,-0.115080,53.331931,-27.284992,-73.9207,1.506209,1.932972,-0.707526,-1.329689,0.031311,-1.932718
240,40.545,B,5,52.555313,-28.584796,52.788993,-28.744779,0.293494,0.244024,-74.7089,-0.111664,-74.6688,-0.110060,53.513775,-27.412264,-74.5679,1.516874,1.514424,-0.724783,-1.332515,-0.958463,-1.172531
241,40.717,B,5,54.283271,-29.290836,52.776492,-28.736738,0.255433,0.213325,-75.3280,-0.106817,-75.2806,-0.104376,53.695033,-27.542814,-75.1850,1.506377,1.844344,-0.918541,-1.193924,0.588238,-1.748022
242,40.888,B,5,53.339763,-29.835049,53.076756,-28.856803,0.274293,0.246988,-75.9079,-0.101047,-75.8592,-0.098945,53.876912,-27.677804,-75.7688,1.424881,2.223113,-0.800155,-1.178998,-0.537148,-2.157245
243,41.074,B,5,53.855037,-29.858155,53.153706,-29.054997,0.291682,0.221168,-76.4663,-0.095025,-76.4080,-0.094970,54.059201,-27.818681,-76.3219,1.532449,2.049668,-0.905495,-1.236316,-0.204163,-2.039474
244,41.269,B,5,54.134753,-29.505000,53.308360,-29.223897,0.305766,0.218701,-76.9955,-0.091270,-76.9336,-0.089416,54.240429,-27.965881,-76.8510,1.565681,1.542743,-0.932069,-1.258016,-0.105677,-1.539119
245,41.455,B,5,53.887182,-30.014670,53.485840,-29.299326,0.298155,0.228530,-77.4969,-0.087453,-77.4368,-0.086495,54.417135,-28.111068,-77.3578,1.509724,1.975994,-0.931295,-1.188258,-0.529953,-1.903603
246,41.625,B,5,54.842490,-29.834732,53.586318,-29.453074,0.304003,0.214867,-77.9828,-0.083378,-77.9170,-0.081485,54.588790,-28.251701,-77.8419,1.564688,1.603231,-1.002472,-1.201373,0.253700,-1.583031
247,41.789,B,5,54.885079,-31.274672,53.841319,-29.547300,0.304942,0.242347,-78.4314,-0.078597,-78.3693,-0.077735,54.757036,-28.388538,-78.2990,1.476911,2.888973,-0.915717,-1.158762,0.128043,-2.886134
248,41.953,B,5,55.633769,-29.720510,54.059659,-29.886424,0.359319,0.243969,-78.8599,-0.072507,-78.7886,-0.069778,54.923708,-28.522479,-78.7238,1.614598,1.392646,-0.864049,-1.363945,0.710061,-1.198031
249,42.137,B,5,55.336911,-29.810307,54.376136,-29.885957,0.334319,0.288329,-79.2318,-0.066635,-79.1750,-0.063758,55.089542,-28.654357,-79.1152,1.423301,1.182122,-0.713406,-1.231600,0.247369,-1.155950
250,42.306,B,5,56.005807,-31.072712,54.584390,-29.898827,0.308704,0.301805,-79.5821,-0.062269,-79.5345,-0.061346,55.253735,-28.784609,-79.4784,1.299809,2.408532,-0.669344,-1.114218,0.752073,-2.288102
251,42.505,B,5,54.900349,-29.752259,54.877005,-30.137063,0.342337,0.321346,-79.9251,-0.059789,-79.8753,-0.059058,55.446381,-28.938376,-79.8886,1.327042,0.980080,-0.569376,-1.198688,-0.546032,-0.813883
252,42.663,B,5,55.428299,-30.159483,54.917440,-30.093997,0.293412,0.295053,-80.2460,-0.056399,-80.2022,-0.055873,55.602132,-29.063307,-80.2150,1.237386,1.109874,-0.684691,-1.030690,-0.173833,-1.096176
253,42.839,B,5,55.998203,-30.092967,55.043223,-30.129086,0.272606,0.287728,-80.5539,-0.053484,-80.5140,-0.053549,55.754031,-29.184191,-80.5261,1.182402,0.941007,-0.710808,-0.944895,0.244172,-0.908777
254,42.989,B,5,55.099359,-31.418181,55.251554,-30.145665,0.253203,0.300867,-80.8605,-0.049815,-80.8058,-0.048279,55.903586,-29.300504,-80.8170,1.067447,2.265246,-0.652032,-0.845161,-0.804227,-2.117677
255,43.141,B,5,56.034251,-31.455085,55.253220,-30.395823,0.282325,0.254603,-81.1192,-0.046048,-81.0734,-0.045012,56.052084,-29.412540,-81.0836,1.266897,2.042622,-0.798864,-0.983283,-0.017833,-2.042544
256,43.303,B,5,55.917538,-31.298222,55.424808,-30.613010,0.306416,0.254661,-81.3755,-0.041771,-81.3174,-0.038781,56.170261,-29.499743,-81.2798,1.339801,1.816149,-0.745453,-1.113268,-0.252723,-1.798479
257,43.480,B,5,56.299510,-31.551353,55.541901,-30.762409,0.310146,0.245854,-81.5900,-0.038588,-81.5436,-0.038229,56.345327,-29.628068,-81.5523,1.390044,1.923830,-0.803426,-1.134340,-0.045817,-1.923285
258,43.640,B,5,57.377672,-32.202120,55.707427,-30.932239,0.319583,0.248419,-81.8046,-0.037155,-81.7587,-0.036376,56.459608,-29.712788,-81.7249,1.432773,2.653227,-0.752181,-1.219451,0.918065,-2.489332
259,43.827,B,5,56.679484,-31.413712,56.039403,-31.190750,0.355146,0.286246,-82.0067,-0.035772,-81.9659,-0.034682,56.626718,-29.839060,-81.9740,1.473773,1.575536,-0.587315,-1.351691,0.052766,-1.574652
260,43.998,B,5,56.625774,-32.220008,56.181225,-31.255456,0.341920,0.290212,-82.1591,-0.034142,-82.1621,-0.032430,56.762803,-29.942886,-82.1696,1.435644,2.281241,-0.581578,-1.312570,-0.137028,-2.277122
261,44.179,B,5,56.782536,-31.863440,56.298809,-31.464290,0.347018,0.269160,-82.3808,-0.030683,-82.3420,-0.028833,56.870533,-30.024217,-82.3145,1.549412,1.841326,-0.571724,-1.440073,-0.087997,-1.839222
262,44.338,B,5,56.877955,-31.917496,56.416881,-31.566680,0.333938,0.261233,-82.5389,-0.027286,-82.5027,-0.027017,57.004534,-30.122839,-82.4782,1.558850,1.799115,-0.587653,-1.443841,-0.126578,-1.794656
263,44.496,B,5,57.474716,-32.157758,56.529852,-31.659200,0.319836,0.253513,-82.6772,-0.023986,-82.6466,-0.022747,57.137631,-30.217677,-82.6245,1.564412,1.969147,-0.607779,-1.441523,0.337085,-1.940081
264,44.649,B,5,57.264500,-32.136720,56.723774,-31.771771,0.322874,0.271772,-82.7767,-0.022257,-82.7801,-0.022426,57.294638,-30.326943,-82.7853,1.553517,1.810029,-0.570865,-1.444829,-0.030138,-1.809778
265,44.796,B,5,57.541358,-32.667094,56.856264,-31.869692,0.304826,0.261559,-82.9268,-0.022069,-82.9087,-0.020511,57.421977,-30.415267,-82.9138,1.560572,2.254989,-0.565714,-1.454425,0.119381,-2.251826
266,44.949,B,5,56.965469,-32.223804,57.009441,-32.040924,0.313695,0.260835,-83.1021,-0.045322,-83.0886,-0.080822,57.521598,-30.484960,-83.0259,1.638087,1.825612,-0.512156,-1.555964,-0.556128,-1.738845
267,45.114,B,5,57.673997,-32.699371,57.029787,-32.101312,0.291104,0.232818,-83.8300,-0.119891,-83.8223,-0.079014,57.648783,-30.570014,-83.7403,1.651674,2.129506,-0.618996,-1.531298,0.025214,-2.129357
268,45.273,B,5,57.881505,-32.650333,57.173395,-32.236848,0.292403,0.234561,-83.8377,0.033812,-83.7836,0.062358,57.772037,-30.661034,-83.8482,1.685693,1.992309,-0.598641,-1.575814,0.109469,-1.989299
269,45.445,B,5,58.164874,-32.497942,57.326849,-32.336784,0.286079,0.240228,-84.0115,-0.077901,-84.0348,-0.144013,57.894772,-30.752685,-83.9145,1.682827,1.766034,-0.567923,-1.584099,0.270102,-1.745256
270,45.626,B,5,57.962597,-32.700773,57.505104,-32.391306,0.269990,0.252126,-84.7237,-0.091502,-84.7127,-0.042665,58.022090,-30.839264,-84.6651,1.635881,1.862460,-0.516986,-1.552042,-0.059493,-1.861509
271,45.801,B,5,58.534689,-32.446204,57.614875,-32.471338,0.259669,0.245891,-84.9125,-0.056494,-84.9169,-0.111427,58.144137,-30.929340,-84.8244,1.630300,1.566336,-0.529262,-1.541998,0.390552,-1.516864
272,45.966,B,5,58.601614,-32.119930,57.808011,-32.489812,0.238206,0.261820,-85.7387,-0.124605,-85.7194,-0.080629,58.268334,-31.012812,-85.6359,1.547069,1.156194,-0.460323,-1.476999,0.333280,-1.107117
273,46.129,B,5,58.464105,-33.226498,57.979369,-32.443591,0.203188,0.272458,-86.2998,-0.132974,-86.3197,-0.163380,58.388348,-31.097283,-86.1658,1.407056,2.130562,-0.408979,-1.346308,0.075757,-2.129214
274,46.282,B,5,59.372776,-32.618121,58.094819,-32.604258,0.219433,0.263645,-87.0430,-0.135335,-87.0491,-0.139927,58.508951,-31.179666,-86.9163,1.483566,1.677899,-0.414132,-1.424592,0.863824,-1.438455
275,46.430,B,5,58.871413,-32.924399,58.353933,-32.626960,0.204175,0.293201,-87.8337,-0.142284,-87.8496,-0.146774,58.629989,-31.262823,-87.7165,1.391789,1.679024,-0.276056,-1.364137,0.241424,-1.661577
276,46.599,B,5,58.614452,-33.249990,58.476929,-32.700005,0.199277,0.286197,-88.7046,-0.153172,-88.7178,-0.157496,58.751804,-31.347695,-88.5746,1.379963,1.907246,-0.274875,-1.352309,-0.137352,-1.902294
277,46.776,B,5,58.660876,-32.636715,58.529643,-32.818965,0.204261,0.262813,-89.6444,-0.164402,-89.6497,-0.167543,58.873643,-31.434475,-89.4962,1.426586,1.220922,-0.343999,-1.384490,-0.212767,-1.202240
278,46.950,B,5,58.138824,-34.063027,58.578885,-32.805475,0.177151,0.243740,-90.6424,-0.175894,-90.6481,-0.180197,58.994348,-31.522442,-90.4839,1.348622,2.680763,-0.415464,-1.283033,-0.855524,-2.540584
279,47.123,B,5,59.002931,-33.003348,58.521377,-33.051889,0.213321,0.198424,-91.7217,-0.187817,-91.7125,-0.192637,59.113283,-31.610326,-91.5379,1.558351,1.397386,-0.591906,-1.441563,-0.110352,-1.393022
280,47.281,B,5,59.399832,-32.703129,58.627436,-33.064410,0.191580,0.200228,-92.5556,-0.110514,-92.5043,-0.052698,59.229924,-31.699306,-92.4454,1.492146,1.018101,-0.602489,-1.365104,0.169907,-1.003823
281,47.437,B,5,59.515408,-33.590161,58.786608,-33.018219,0.158488,0.214752,-93.3363,-0.174243,-93.3424,-0.227840,59.343458,-31.790777,-93.1433,1.347848,1.807581,-0.556850,-1.227441,0.171950,-1.799383
282,47.589,B,5,59.893140,-34.003136,58.938685,-33.139298,0.168376,0.225245,-94.8130,-0.241552,-94.7943,-0.191125,59.459802,-31.890673,-94.6088,1.353007,2.156451,-0.521117,-1.248625,0.433338,-2.112463
283,47.759,B,5,59.523413,-33.973178,59.132311,-33.315062,0.189440,0.244845,-95.4928,-0.087871,-95.4205,-0.104515,59.591142,-32.013474,-95.4464,1.380093,1.960874,-0.458831,-1.301588,-0.067730,-1.959704
284,47.909,B,5,58.708675,-33.754264,59.224830,-33.455609,0.199355,0.238674,-96.5458,-0.214493,-96.5223,-0.228743,59.680995,-32.100123,-96.3017,1.430185,1.918747,-0.456165,-1.355486,-0.972320,-1.654141
285,48.107,B,5,59.928733,-32.756289,59.151163,-33.531571,0.193792,0.193893,-97.3603,-0.102462,-97.2839,-0.088203,59.809969,-32.234939,-97.3060,1.454400,0.534706,-0.658806,-1.296632,0.118764,-0.521350
286,48.282,B,5,59.167693,-33.940020,59.309056,-33.411624,0.140153,0.207181,-98.2677,-0.178877,-98.2155,-0.158134,59.894567,-32.329797,-98.0607,1.230111,1.766682,-0.585511,-1.081826,-0.726875,-1.610223
287,48.440,B,5,60.200903,-34.649890,59.300782,-33.524072,0.149829,0.182626,-99.0434,-0.147372,-98.9854,-0.152838,59.994834,-32.453460,-98.8407,1.275899,2.206076,-0.694052,-1.070612,0.206069,-2.196430
288,48.616,B,5,59.830496,-34.219577,59.479255,-33.746507,0.180819,0.207619,-99.8082,-0.133650,-99.7396,-0.129888,60.111220,-32.610915,-99.7696,1.299596,1.632972,-0.631965,-1.135592,-0.280725,-1.608662
289,48.769,B,5,60.242568,-35.689909,59.559633,-33.853388,0.182356,0.204670,-100.5420,-0.126684,-100.4695,-0.124517,60.205689,-32.749439,-100.4979,1.279098,2.940701,-0.646056,-1.103949,0.036879,-2.940470
290,48.929,B,5,60.057542,-34.905814,59.699342,-34.208989,0.240447,0.222876,-101.2406,-0.120042,-101.1611,-0.116865,60.298482,-32.893800,-101.1880,1.445230,2.026389,-0.599139,-1.315188,-0.240939,-2.012014
291,49.096,B,5,60.988039,-35.461010,59.781381,-34.364086,0.245306,0.220486,-101.9245,-0.113487,-101.8191,-0.110821,60.389151,-33.042862,-101.8448,1.454310,2.491205,-0.607770,-1.321224,0.598888,-2.418148
292,49.274,B,5,60.387122,-34.442101,60.016051,-34.590775,0.261800,0.257767,-102.5295,-0.109897,-102.4007,-0.108329,60.459473,-33.164869,-102.3509,1.493262,1.279280,-0.443422,-1.425906,-0.072351,-1.277232
293,49.445,B,5,60.266930,-35.041118,60.102264,-34.593827,0.227922,0.247860,-103.1348,-0.105872,-103.0593,-0.104890,60.543944,-33.320497,-102.9633,1.347758,1.742777,-0.441680,-1.273331,-0.277014,-1.720621
294,49.620,B,5,60.068445,-34.807300,60.150210,-34.702130,0.223909,0.234181,-103.7218,-0.101480,-103.6461,-0.099867,60.624617,-33.479779,-103.5538,1.311184,1.439319,-0.474407,-1.222351,-0.556172,-1.327521
295,49.783,B,5,59.806463,-35.835142,60.151945,-34.747554,0.207483,0.208997,-104.2820,-0.097177,-104.2073,-0.095166,60.702232,-33.643392,-104.1194,1.233689,2.367736,-0.550288,-1.104161,-0.895770,-2.191750
296,49.961,B,5,61.003370,-35.867462,60.103142,-34.969841,0.236443,0.183019,-104.8209,-0.092213,-104.7396,-0.089458,60.777629,-33.812209,-104.6564,1.339793,2.067613,-0.674487,-1.157632,0.225740,-2.055253
297,50.121,B,5,61.460980,-35.341476,60.277954,-35.160089,0.244021,0.211195,-105.3182,-0.087126,-105.2432,-0.084748,60.850999,-33.986757,-105.1644,1.305790,1.485712,-0.573045,-1.173331,0.609981,-1.354719
298,50.273,B,5,60.952108,-35.098557,60.503133,-35.215863,0.222009,0.247441,-105.6915,-0.083664,-105.7228,-0.080914,60.921741,-34.166789,-105.6474,1.129509,0.932263,-0.418609,-1.049075,0.030366,-0.931769
299,50.434,B,5,60.724720,-35.677376,60.604474,-35.225496,0.187158,0.236870,-106.2376,-0.079369,-106.1842,-0.078569,60.988957,-34.351340,-106.1114,0.954975,1.352107,-0.384483,-0.874157,-0.264237,-1.326036
300,50.586,B,5,60.468802,-36.265608,60.643018,-35.331510,0.186960,0.223628,-106.6852,-0.077768,-106.6311,-0.078272,61.052182,-34.539298,-106.5606,0.891636,1.822218,-0.409164,-0.792212,-0.583380,-1.726310
301,50.754,B,5,59.687707,-35.974987,60.626420,-35.525024,0.209934,0.204467,-107.1236,-0.075124,-107.0628,-0.074437,61.111803,-34.730006,-106.9949,0.931478,1.891567,-0.485383,-0.795019,-1.424095,-1.244981
302,50.944,B,5,60.634747,-36.990021,60.468096,-35.631861,0.218630,0.150383,-107.5472,-0.071652,-107.4760,-0.070417,61.168796,-34.923418,-107.4113,0.996430,2.134492,-0.700701,-0.708443,-0.534049,-2.066603
303,51.131,B,5,60.597112,-36.144713,60.505522,-35.903706,0.252457,0.157949,-107.9401,-0.067437,-107.8678,-0.065282,61.223992,-35.119892,-107.8065,1.063279,1.201348,-0.718470,-0.783814,-0.626880,-1.024821
304,51.291,B,5,60.935782,-35.771949,60.529062,-35.975417,0.237191,0.149346,-108.3062,-0.063838,-108.2388,-0.064152,61.277389,-35.319938,-108.1807,0.994809,0.566576,-0.748327,-0.655478,-0.341606,-0.452011
305,51.446,B,5,61.387304,-37.385677,60.609609,-35.964589,0.201147,0.149492,-108.6566,-0.061832,-108.5930,-0.060813,61.328076,-35.524001,-108.5373,0.842800,1.862618,-0.718466,-0.440588,0.059228,-1.861676
306,51.592,B,5,61.152980,-37.349842,60.758385,-36.246550,0.231308,0.184632,-108.9969,-0.060095,-108.9356,-0.059060,61.374898,-35.732253,-108.8814,0.802863,1.632740,-0.616513,-0.514296,-0.221918,-1.617588
307,51.747,B,5,60.754870,-38.596975,60.839557,-36.474462,0.249823,0.196969,-109.3277,-0.057797,-109.2689,-0.058175,61.417311,-35.944530,-109.2162,0.783982,2.733916,-0.577754,-0.529932,-0.662441,-2.652445
308,51.884,B,5,61.015454,-37.766922,60.833602,-36.890155,0.314547,0.201647,-109.5906,-0.029790,-109.5032,0.022380,61.455525,-36.160063,-109.5113,0.959074,1.666031,-0.621923,-0.730092,-0.440071,-1.606859
309,52.051,B,5,60.721909,-37.119877,60.874839,-37.084901,0.318082,0.201210,-109.2785,0.038364,-109.1989,-0.005002,61.490253,-36.365911,-109.2038,0.946404,1.076484,-0.615414,-0.718990,-0.768345,-0.753966
310,52.228,B,5,62.056990,-37.915681,60.855034,-37.126507,0.290998,0.176048,-109.7130,-0.105697,-109.6692,-0.109816,61.526535,-36.575281,-109.5578,0.868772,1.441547,-0.671501,-0.551227,0.530455,-1.340401
311,52.393,B,5,61.573906,-39.049706,61.080429,-37.302484,0.279243,0.219143,-109.7693,0.034802,-109.6591,0.103677,61.562919,-36.778849,-109.7425,0.712032,2.270884,-0.482489,-0.523635,0.010988,-2.270858
312,52.556,B,5,61.937583,-38.234310,61.181058,-37.653234,0.317318,0.242248,-109.4429,0.018974,-109.3731,-0.029668,61.595545,-36.974146,-109.3558,0.795588,1.305758,-0.414487,-0.679088,0.342037,-1.260165
313,52.710,B,5,60.959449,-39.023762,61.330665,-37.795671,0.300172,0.257999,-109.4363,0.037456,-109.3314,0.098056,61.626523,-37.175624,-109.4107,0.687015,1.964841,-0.295857,-0.620046,-0.667074,-1.848138
314,52.865,B,5,61.436796,-38.844131,61.276888,-38.054847,0.326785,0.235137,-108.9923,0.053418,-108.9125,0.035165,61.651462,-37.370153,-108.9443,0.780456,1.489527,-0.374574,-0.684694,-0.214667,-1.473978
315,53.017,B,5,61.215236,-39.733783,61.317269,-38.235693,0.325452,0.230129,-108.6040,0.083011,-108.5100,0.092525,61.673390,-37.565822,-108.5956,0.758650,2.215843,-0.356121,-0.669871,-0.458155,-2.167961
316,53.176,B,5,61.165254,-39.410712,61.309837,-38.545357,0.356921,0.224804,-108.0924,0.096140,-107.9992,0.109271,61.692872,-37.757949,-108.1022,0.875629,1.734937,-0.383034,-0.787408,-0.527618,-1.652763
317,53.353,B,5,62.065288,-39.522344,61.293605,-38.742331,0.360078,0.209339,-107.4786,0.109567,-107.3904,0.115451,61.715044,-37.982518,-107.3639,0.868865,1.579157,-0.421439,-0.759813,0.350245,-1.539826
318,53.520,B,5,61.790891,-39.335743,61.443355,-38.923413,0.346800,0.231612,-106.7683,0.124148,-106.6867,0.127973,61.733011,-38.164147,-106.6567,0.812641,1.173024,-0.289656,-0.759266,0.057880,-1.171595
319,53.699,B,5,61.689320,-38.360271,61.518693,-39.036785,0.325674,0.229230,-105.9732,0.139578,-105.8994,0.144493,61.746436,-38.305894,-106.0306,0.765551,0.078861,-0.227743,-0.730891,-0.057115,-0.054377
320,53.855,B,5,61.745085,-39.678596,61.562492,-38.949612,0.264292,0.205155,-105.1021,0.152524,-105.0369,0.155857,61.760906,-38.479535,-105.1797,0.510236,1.199165,-0.198414,-0.470077,-0.015820,-1.199061
321,54.020,B,5,61.034598,-40.493254,61.605892,-39.105681,0.271996,0.206625,-104.3588,0.162181,-104.1044,0.168424,61.771912,-38.650791,-104.2582,0.484239,1.984515,-0.166020,-0.454890,-0.737314,-1.842463
322,54.187,B,5,61.565971,-40.521387,61.520311,-39.388068,0.302381,0.177462,-103.1678,0.176684,-103.1024,0.179229,61.780604,-38.855480,-103.0608,0.592791,1.679676,-0.260293,-0.532587,-0.214633,-1.665907
323,54.337,B,5,61.657735,-41.715540,61.539251,-39.628413,0.320161,0.176345,-102.2403,0.137687,-102.2120,0.085443,61.785325,-39.029750,-102.1943,0.647264,2.688820,-0.246075,-0.598663,-0.127590,-2.685791
324,54.487,B,5,62.186904,-40.316992,61.571740,-40.044579,0.375313,0.189123,-101.6373,0.139175,-101.5709,0.192063,61.790489,-39.209800,-101.5258,0.862965,1.176018,-0.218749,-0.834780,0.396415,-1.107192
325,54.631,B,5,62.207166,-41.336202,61.692602,-40.125449,0.350700,0.203876,-100.4917,0.262255,-100.1266,0.226451,61.790666,-39.357133,-100.3460,0.774548,2.022421,-0.098064,-0.768315,0.416500,-1.979069
326,54.809,B,5,60.872784,-41.386557,61.799465,-40.380679,0.362889,0.219449,-99.4726,0.135574,-99.3780,0.068023,61.794682,-39.544327,-99.4331,0.836366,2.060026,0.004784,-0.836352,-0.921897,-1.842230
327,54.987,B,5,60.642992,-41.777698,61.647913,-40.607998,0.373189,0.165201,-98.5444,0.188669,-98.4605,0.243595,61.797107,-39.731456,-98.6743,0.889148,2.349274,-0.149195,-0.876541,-1.154116,-2.046242
328,55.170,B,5,61.877971,-42.012798,61.475728,-40.859437,0.396218,0.118234,-97.5575,0.130721,-97.5290,0.069385,61.794411,-39.916912,-97.6033,0.994943,2.097551,-0.318683,-0.942525,0.083560,-2.095886
329,55.340,B,5,60.480784,-41.933717,61.554195,-41.100232,0.411480,0.136927,-97.0138,0.143641,-96.7315,0.191682,61.793444,-40.104424,-96.9074,1.024145,2.251531,-0.239249,-0.995808,-1.312660,-1.829293
330,55.493,B,5,62.220801,-41.795354,61.368489,-41.299266,0.408622,0.082349,-96.0280,0.119692,-95.9856,0.140583,61.791540,-40.295202,-96.1030,1.089549,1.560358,-0.423052,-1.004063,0.429261,-1.500151
331,55.663,B,5,62.273633,-42.388488,61.527924,-41.429145,0.383821,0.114379,-95.1929,0.137703,-95.1759,0.115058,61.790337,-40.492786,-95.2882,0.972435,1.956339,-0.262413,-0.936360,0.483296,-1.895702
332,55.844,B,5,61.349370,-42.443051,61.671894,-41.641258,0.382431,0.141894,-94.4601,0.127819,-94.4470,0.122603,61.790520,-40.699326,-94.5566,0.949373,1.798664,-0.118627,-0.941933,-0.441150,-1.743726
333,56.015,B,5,61.800048,-42.390338,61.624365,-41.825059,0.381956,0.119731,-93.7511,0.122817,-93.7276,0.120453,61.790010,-40.914094,-93.8404,0.925902,1.476278,-0.165645,-0.910964,0.010038,-1.476244
334,56.191,B,5,62.125831,-42.058600,61.665827,-41.965294,0.368368,0.119063,-93.0691,0.116563,-93.0410,0.114360,61.788055,-41.134727,-93.1488,0.839512,0.983684,-0.122228,-0.830566,0.337776,-0.923873
335,56.376,B,5,61.949032,-42.707763,61.759340,-42.018033,0.334525,0.127794,-92.4133,0.111968,-92.3835,0.110488,61.785191,-41.358069,-92.4869,0.660469,1.359602,-0.025851,-0.659963,0.163841,-1.349694
336,56.559,B,5,62.618699,-44.743088,61.805179,-42.176152,0.331058,0.126919,-91.7788,0.109492,-91.7491,0.108941,61.782885,-41.581623,-91.8493,0.594947,3.270083,0.022294,-0.594529,0.835814,-3.161465
337,56.723,B,5,61.432376,-44.121001,61.965526,-42.675507,0.406070,0.160423,-91.1517,0.108028,-91.1326,0.107630,61.782552,-41.804420,-91.2302,0.890097,2.342897,0.182974,-0.871087,-0.350175,-2.316580
338,56.885,B,5,61.179866,-44.219902,61.883653,-42.978187,0.431162,0.127376,-90.5478,0.106243,-90.5320,0.105289,61.784554,-42.027241,-90.6270,0.956095,2.274513,0.099099,-0.950945,-0.604688,-2.192661
339,57.045,B,5,61.861639,-43.900932,61.766038,-43.236958,0.454485,0.090547,-90.0812,0.103435,-89.9788,0.058733,61.787988,-42.252383,-90.0431,0.984820,1.650193,-0.021950,-0.984575,0.073651,-1.648549
340,57.213,B,5,61.772843,-44.724864,61.793625,-43.408093,0.430579,0.085964,-90.0071,-0.009846,-90.0334,0.024418,61.796299,-42.475200,-90.0443,0.932897,2.249787,-0.002674,-0.932894,-0.023456,-2.249664
341,57.382,B,5,61.727320,-44.532292,61.798555,-43.689320,0.446043,0.079643,-89.4476,0.130136,-89.4232,0.186246,61.800171,-42.699045,-89.5843,0.990277,1.834694,-0.001616,-0.990276,-0.072851,-1.833247
342,57.553,B,5,62.868058,-44.432915,61.794051,-43.885631,0.439693,0.070383,-88.9279,0.042734,-88.9752,-0.023921,61.802920,-42.924561,-88.9647,0.961111,1.846524,-0.008869,-0.961070,1.065138,-1.508354
343,57.725,B,5,61.819206,-45.711393,61.997318,-44.027209,0.419659,0.110705,-89.0632,-0.000746,-89.1097,0.043961,61.813144,-43.146200,-89.1431,0.900053,2.565200,0.184174,-0.881009,0.006061,-2.565193
344,57.905,B,5,61.938597,-44.485084,61.976627,-44.374158,0.452257,0.093990,-88.4688,0.130567,-88.4573,0.152098,61.820584,-43.372772,-88.6062,1.013471,1.118555,0.156043,-1.001386,0.118013,-1.112312
345,58.071,B,5,61.571238,-44.798510,61.980071,-44.437607,0.413624,0.083381,-88.0884,0.027183,-88.1306,-0.025889,61.828749,-43.597088,-88.1167,0.854032,1.228709,0.151322,-0.840519,-0.257511,-1.201422
346,58.230,B,5,61.008403,-45.538724,61.914831,-44.542948,0.389594,0.057817,-88.4974,-0.066802,-88.5306,-0.028916,61.842346,-43.826482,-88.4944,0.720124,1.904530,0.072485,-0.716466,-0.833943,-1.712242
347,58.383,B,5,61.370770,-45.761349,61.756356,-44.761765,0.395200,0.013108,-88.2256,0.082584,-88.1974,0.107541,61.852873,-44.051696,-88.2971,0.716598,1.776326,-0.096517,-0.710069,-0.482103,-1.709652
348,58.535,B,5,61.976389,-45.538650,61.688747,-44.981856,0.400362,-0.005028,-87.9814,0.004408,-87.9994,-0.028547,61.864175,-44.273883,-87.9711,0.729384,1.269735,-0.175428,-0.707973,0.112214,-1.264767
349,58.727,B,5,61.981548,-46.006589,61.742060,-45.121771,0.386091,0.007647,-88.0680,-0.001447,-88.0688,0.022384,61.878802,-44.541121,-88.0638,0.596534,1.469065,-0.136742,-0.580650,0.102746,-1.465468
350,58.892,B,5,62.255006,-47.432861,61.787810,-45.320026,0.387397,0.016714,-87.9274,0.027979,-87.9253,0.031661,61.886325,-44.720968,-87.9562,0.607105,2.736839,-0.098515,-0.599058,0.368681,-2.711893
351,59.092,B,5,61.872810,-46.244990,61.876121,-45.742170,0.441887,0.033655,-87.8739,-0.013868,-87.9013,-0.034826,61.896245,-44.950556,-87.8702,0.791869,1.294646,-0.020124,-0.791614,-0.023436,-1.294434
352,59.286,B,5,62.071130,-47.072268,61.880386,-45.876102,0.421166,0.029815,-87.7537,0.025654,-87.7611,0.014628,61.907051,-45.187626,-87.7731,0.688992,1.891771,-0.026665,-0.688476,0.164078,-1.884642
353,59.467,B,5,61.751712,-47.418701,61.919678,-46.134391,0.432614,0.033937,-87.7032,0.020925,-87.7115,0.033646,61.922425,-45.482178,-87.7055,0.652219,1.944033,-0.002747,-0.652213,-0.170712,-1.936523
354,59.628,B,5,61.559697,-47.821889,61.894083,-46.409887,0.446376,0.021921,-87.6270,0.015778,-87.6500,0.009814,61.935560,-45.733460,-87.6475,0.677697,2.121982,-0.041477,-0.676426,-0.375863,-2.088429
355,59.775,B,5,62.045016,-46.962867,61.836629,-46.700569,0.473573,0.003644,-87.5823,0.011598,-87.5923,0.010301,61.945200,-45.936019,-87.6007,0.772220,1.031688,-0.108571,-0.764550,0.099817,-1.026848
356,59.953,B,5,62.105135,-47.652578,61.876382,-46.801175,0.430559,0.011456,-87.5214,0.007805,-87.5479,0.005444,61.957476,-46.239299,-87.5463,0.567698,1.420972,-0.081094,-0.561876,0.147659,-1.413279
357,60.134,B,5,62.541903,-48.293038,61.921363,-46.998927,0.426657,0.019079,-87.4929,0.004253,-87.5136,0.003601,61.966167,-46.490610,-87.5124,0.510288,1.892147,-0.044804,-0.508317,0.575736,-1.802429
358,60.303,B,5,62.407585,-48.472422,62.038837,-47.277049,0.442901,0.042231,-87.4703,0.002778,-87.4843,0.003866,61.972887,-46.691389,-87.4888,0.589361,1.833314,0.065951,-0.585659,0.434699,-1.781033
359,60.486,B,5,61.792431,-49.224851,62.112317,-47.538159,0.452824,0.052256,-87.4500,0.002972,-87.4562,0.002095,61.983589,-46.994853,-87.4551,0.558348,2.238177,0.128727,-0.543306,-0.191159,-2.229999
360,60.666,B,5,62.189757,-48.553908,62.061032,-47.891707,0.481897,0.030577,-87.4417,0.002824,-87.4300,0.002767,61.993039,-47.252923,-87.4291,0.642393,1.315774,0.067993,-0.638784,0.196718,-1.300985
361,60.833,B,5,61.547406,-49.240117,62.088300,-48.047510,0.474170,0.032765,-87.4288,0.002876,-87.4102,0.003236,62.000365,-47.464335,-87.4127,0.589767,1.832641,0.087935,-0.583175,-0.452959,-1.775782
362,60.983,B,5,60.667338,-49.992257,61.998289,-48.313558,0.468151,0.004839,-87.4143,0.002970,-87.4013,0.003817,62.008422,-47.735132,-87.4019,0.578515,2.625476,-0.010133,-0.578426,-1.341085,-2.257125
363,61.142,B,5,61.778590,-49.779985,61.755921,-48.667290,0.493955,-0.056627,-87.4221,0.001591,-87.4035,0.002348,62.014860,-48.011722,-87.4025,0.704854,1.783978,-0.258939,-0.655568,-0.236270,-1.768263
364,61.296,B,5,62.200477,-49.832445,61.756794,-48.919110,0.494897,-0.052228,-87.4169,0.000353,-87.4126,-0.000865,62.020093,-48.291208,-87.4109,0.680872,1.551757,-0.263300,-0.627902,0.180383,-1.541237
365,61.448,B,5,61.620677,-50.877919,61.835192,-49.134058,0.487777,-0.029658,-87.4123,-0.000018,-87.4225,-0.001266,62.025148,-48.570730,-87.4211,0.594492,2.342374,-0.189955,-0.563328,-0.404471,-2.307189
366,61.638,B,5,61.381877,-50.102365,61.795237,-49.499859,0.516044,-0.039341,-87.4243,-0.001669,-87.4302,-0.001309,62.030817,-48.848820,-87.4292,0.692351,1.411558,-0.235580,-0.651039,-0.648940,-1.253544
367,61.811,B,5,62.808980,-50.598488,61.718815,-49.649671,0.501796,-0.055683,-87.4375,-0.001849,-87.4366,-0.002582,62.037040,-49.125744,-87.4355,0.612997,1.662789,-0.318225,-0.523926,0.771940,-1.472744
368,61.993,B,5,62.493008,-50.685547,61.914393,-49.878345,0.487353,-0.003643,-87.4351,-0.002658,-87.4454,-0.004206,62.043019,-49.403245,-87.4437,0.492204,1.358966,-0.128626,-0.475100,0.449989,-1.282302
369,62.168,B,5,61.803733,-51.426692,62.021701,-50.072434,0.476456,0.020136,-87.4450,-0.003104,-87.4594,-0.001468,62.048005,-49.683976,-87.4568,0.389348,1.759752,-0.026304,-0.388458,-0.244271,-1.742716
370,62.321,B,5,61.997322,-52.143605,61.985914,-50.364996,0.488700,0.006227,-87.4656,-0.002787,-87.4763,-0.003701,62.052090,-49.970281,-87.4736,0.400224,2.174013,-0.066177,-0.394715,-0.054768,-2.173323
371,62.482,B,5,62.259280,-51.717903,61.990658,-50.736097,0.518516,0.002734,-87.4792,-0.002219,-87.4895,-0.001640,62.056230,-50.262926,-87.4879,0.477693,1.469078,-0.065572,-0.473171,0.203050,-1.454977
372,62.638,B,5,61.887346,-52.952980,62.042086,-50.964892,0.511576,0.012187,-87.4809,-0.000398,-87.4926,-0.000515,62.061568,-50.560668,-87.4929,0.404694,2.398648,-0.019482,-0.404224,-0.174221,-2.392312
373,62.786,B,5,61.327791,-52.447439,62.017198,-51.376267,0.547922,0.000556,-87.4776,0.001369,-87.4839,0.001626,62.068630,-50.860873,-87.4860,0.517955,1.751010,-0.051432,-0.515395,-0.740839,-1.586566
374,62.941,B,5,62.052080,-52.817752,61.893889,-51.624114,0.540197,-0.031273,-87.4786,0.001557,-87.4667,0.002803,62.076971,-51.160868,-87.4698,0.498112,1.657071,-0.183081,-0.463246,-0.024890,-1.656884
375,63.121,B,5,62.434964,-53.543565,61.922016,-51.893657,0.540112,-0.023719,-87.4541,0.003862,-87.4459,0.003317,62.085623,-51.459111,-87.4493,0.464325,2.113525,-0.163607,-0.434546,0.349341,-2.084454
376,63.317,B,5,61.306107,-53.993821,62.015563,-52.246301,0.560404,-0.002458,-87.4229,0.004022,-87.4244,0.005958,62.093936,-51.755557,-87.4279,0.496963,2.372867,-0.078374,-0.490744,-0.787830,-2.238264
377,63.487,B,5,62.312394,-54.505176,61.888434,-52.618542,0.580635,-0.036164,-87.4047,0.005335,-87.4002,0.007073,62.102156,-52.051628,-87.4045,0.605861,2.462538,-0.213722,-0.566913,0.210239,-2.453547
378,63.662,B,5,61.695327,-53.867324,61.964797,-53.018209,0.607094,-0.018017,-87.3558,0.007894,-87.3677,0.006871,62.111340,-52.349762,-87.3737,0.684322,1.573550,-0.146543,-0.668448,-0.416013,-1.517562
379,63.821,B,5,61.950284,-54.640364,61.916657,-53.231285,0.584900,-0.029547,-87.3132,0.008687,-87.3208,0.009174,62.122603,-52.652248,-87.3294,0.614571,1.995570,-0.205946,-0.579037,-0.172319,-1.988116
380,63.965,B,5,62.273807,-54.481327,61.922621,-53.544367,0.589596,-0.027993,-87.2534,0.010619,-87.2578,0.010601,62.136321,-52.960025,-87.2689,0.622192,1.527502,-0.213700,-0.584342,0.137487,-1.521302
381,64.135,B,5,62.387918,-54.523632,61.986711,-53.771905,0.574080,-0.011991,-87.1809,0.011689,-87.1823,0.012834,62.155162,-53.335036,-87.1791,0.468220,1.211171,-0.168451,-0.436869,0.232755,-1.188596
382,64.291,B,5,62.389108,-56.460750,62.061454,-53.964023,0.552165,0.004974,-87.1013,0.012826,-87.1002,0.013279,62.168298,-53.586715,-87.1135,0.392144,2.882504,-0.106845,-0.377308,0.220810,-2.874034
383,64.453,B,5,62.452111,-54.666117,62.123502,-54.459560,0.619940,0.013877,-87.0335,0.013731,-87.0153,0.014699,62.184730,-53.901035,-87.0290,0.561871,0.810459,-0.061228,-0.558525,0.267382,-0.765082
384,64.640,B,5,62.856041,-55.075469,62.187409,-54.554226,0.569614,0.026560,-86.9398,0.015489,-86.9274,0.016756,62.201358,-54.213561,-86.9418,0.340951,1.082355,-0.013949,-0.340665,0.654682,-0.861907
385,64.838,B,5,62.397049,-56.046026,62.315730,-54.711639,0.528050,0.051436,-86.8063,0.018487,-86.8332,0.019842,62.222773,-54.585874,-86.8293,0.156390,1.470516,0.092957,-0.125765,0.174277,-1.460152
386,65.008,B,5,62.259730,-56.684758,62.338377,-55.005079,0.534996,0.047153,-86.6924,0.020231,-86.7293,0.021647,62.242735,-54.895395,-86.7249,0.145526,1.789443,0.095642,-0.109683,0.016995,-1.789363
387,65.193,B,5,62.346700,-56.996555,62.331632,-55.362261,0.555826,0.035566,-86.5748,0.021556,-86.6008,0.021034,62.264598,-55.206754,-86.6104,0.169340,1.791684,0.067034,-0.155507,0.082102,-1.789802
388,65.340,B,5,62.799679,-56.878945,62.341068,-55.713088,0.572907,0.029131,-86.4523,0.022379,-86.4939,0.022168,62.287551,-55.522117,-86.4890,0.198328,1.450262,0.053517,-0.190971,0.512128,-1.356828
389,65.496,B,5,62.271024,-58.001785,62.430930,-55.980225,0.569188,0.043401,-86.3254,0.020968,-86.3708,0.020955,62.310660,-55.842382,-86.3659,0.182937,2.159767,0.120270,-0.137844,-0.039636,-2.159403
390,65.643,B,5,62.113351,-57.954134,62.408192,-56.390636,0.613554,0.028091,-86.2386,0.021128,-86.2489,0.020272,62.328955,-56.101682,-86.2683,0.299621,1.864957,0.079237,-0.288954,-0.215604,-1.852452
391,65.798,B,5,62.683534,-58.486582,62.361015,-56.730396,0.622465,0.008358,-86.1304,0.020249,-86.1275,0.019537,62.351814,-56.428088,-86.1470,0.302447,2.085051,0.009201,-0.302307,0.331720,-2.058494
392,65.974,B,5,62.133413,-58.476503,62.424259,-57.105920,0.640522,0.017235,-86.0078,0.021418,-86.0160,-0.004038,62.375292,-56.754915,-86.0242,0.354405,1.738497,0.048967,-0.351006,-0.241879,-1.721588
393,66.168,B,5,62.916464,-58.402306,62.377956,-57.426103,0.625036,-0.000811,-86.4431,-0.084274,-86.4826,-0.065069,62.409350,-57.135651,-86.4957,0.292144,1.364398,-0.031394,-0.290452,0.507115,-1.266656
394,66.335,B,5,62.405432,-59.795461,62.479714,-57.663866,0.608413,0.019839,-86.3583,0.048540,-86.3525,0.103943,62.430050,-57.383481,-86.4374,0.284749,2.412106,0.049664,-0.280384,-0.024618,-2.411980
395,66.495,B,5,62.471690,-59.498813,62.471975,-58.110346,0.641508,0.009071,-86.1554,-0.009870,-86.1935,-0.073328,62.454211,-57.687853,-86.1388,0.422866,1.811045,0.017764,-0.422493,0.017479,-1.810960
396,66.654,B,5,62.711436,-60.716380,62.476626,-58.424764,0.639653,0.004457,-86.6998,-0.073449,-86.7101,-0.027899,62.483633,-57.983145,-86.6758,0.441674,2.742712,-0.007008,-0.441619,0.227803,-2.733235
397,66.808,B,5,62.829715,-60.328231,62.523359,-58.903527,0.677524,0.007964,-86.6767,-0.008354,-86.6931,-0.057876,62.508011,-58.283184,-86.6517,0.620533,2.070196,0.015347,-0.620343,0.321704,-2.045047
398,66.970,B,5,62.255927,-60.012149,62.583373,-59.228033,0.674624,0.016602,-87.2455,-0.092546,-87.2647,-0.053258,62.536261,-58.580618,-87.2045,0.649127,1.458721,0.047112,-0.647415,-0.280334,-1.431531
399,67.128,B,5,61.688652,-60.477576,62.528213,-59.435592,0.642746,-0.001125,-87.6020,-0.078568,-87.6259,-0.095339,62.563155,-58.880512,-87.5382,0.556178,1.820815,-0.034942,-0.555079,-0.874504,-1.597064
400,67.305,B,5,62.042062,-61.290482,62.317725,-59.971879,0.699433,-0.059894,-88.1626,-0.095071,-88.1684,-0.101259,62.592079,-59.176550,-88.0706,0.841320,2.184314,-0.274354,-0.795329,-0.550017,-2.113932
401,67.496,B,5,62.564407,-61.695115,62.313852,-60.039216,0.632232,-0.054132,-88.7483,-0.105573,-88.7682,-0.110846,62.621705,-59.465980,-88.6666,0.650670,2.229871,-0.307852,-0.573235,-0.057298,-2.229134
402,67.666,B,5,62.903385,-61.808098,62.355242,-60.401773,0.643451,-0.041667,-89.0440,-0.015831,-89.0259,0.000402,62.649931,-59.749418,-89.0374,0.715827,2.074224,-0.294689,-0.652355,0.253453,-2.058681
403,67.817,B,5,62.514224,-61.510743,62.451836,-60.719943,0.643354,-0.016712,-89.5085,-0.120837,-89.5609,-0.176531,62.676251,-60.028286,-89.4087,0.727152,1.491284,-0.224414,-0.691656,-0.162027,-1.482456
404,67.968,B,5,62.357085,-62.429889,62.461467,-60.925845,0.615778,-0.013727,-90.5615,-0.155474,-90.5770,-0.103154,62.704220,-60.309089,-90.4731,0.662810,2.149023,-0.242753,-0.616757,-0.347134,-2.120801
405,68.127,B,5,63.105463,-62.062187,62.440153,-61.258995,0.621401,-0.018981,-90.7925,-0.033282,-90.7988,-0.065840,62.725069,-60.589472,-90.7492,0.727625,1.521049,-0.284917,-0.669523,0.380393,-1.472715
406,68.292,B,5,62.861200,-62.096804,62.558303,-61.465172,0.597077,0.010709,-91.5634,-0.160566,-91.6123,-0.143125,62.751115,-60.874168,-91.4693,0.621660,1.227582,-0.192811,-0.591004,0.110085,-1.222636
407,68.457,B,5,63.545036,-63.348893,62.612656,-61.637735,0.567205,0.022309,-91.9482,-0.039236,-91.9566,-0.051976,62.774781,-61.163278,-91.9193,0.501392,2.317371,-0.162124,-0.474457,0.770255,-2.185616
408,68.621,B,5,62.884264,-63.626537,62.782291,-62.004220,0.586939,0.059796,-92.5444,-0.111823,-92.5828,-0.075693,62.799959,-61.457989,-92.5014,0.546517,2.170186,-0.017669,-0.546231,0.084305,-2.168548
409,68.800,B,5,61.657162,-63.092524,62.803615,-62.356403,0.600610,0.058459,-92.9599,-0.083918,-93.0078,-0.092537,62.821074,-61.756249,-92.9242,0.600408,1.772096,-0.017459,-0.600154,-1.163912,-1.336275
410,68.992,B,5,63.038875,-62.778165,62.596908,-62.548243,0.575104,0.003641,-93.4541,-0.080543,-93.4776,-0.080297,62.840241,-62.056389,-93.4040,0.548754,0.748609,-0.243333,-0.491854,0.198633,-0.721776
411,69.154,B,5,63.588406,-64.318540,62.674253,-62.645392,0.529459,0.022537,-93.8966,-0.077136,-93.9250,-0.077818,62.857451,-62.356321,-93.8551,0.342234,2.093944,-0.183198,-0.289072,0.730955,-1.962220
412,69.313,B,5,62.807701,-63.980129,62.839055,-63.001297,0.549839,0.061629,-94.3102,-0.073250,-94.3459,-0.068914,62.874532,-62.655234,-94.2806,0.347876,1.326579,-0.035478,-0.346062,-0.066831,-1.324894
413,69.458,B,5,63.059413,-64.482133,62.834919,-63.232835,0.539306,0.055766,-94.7073,-0.067852,-94.7370,-0.065114,62.892629,-62.953578,-94.6764,0.285158,1.537627,-0.057710,-0.279257,0.166784,-1.528555
414,69.599,B,5,62.700791,-64.536842,62.876530,-63.512564,0.540998,0.062316,-95.0712,-0.062786,-95.1003,-0.061946,62.911488,-63.252911,-95.0438,0.261996,1.301104,-0.034958,-0.259653,-0.210697,-1.283931
415,69.777,B,5,62.618303,-65.542191,62.845518,-63.740506,0.544463,0.051959,-95.3534,-0.059649,-95.4412,-0.060166,62.933173,-63.616102,-95.4545,0.152184,1.951657,-0.087655,-0.124405,-0.314870,-1.926090
416,69.929,B,5,63.754152,-65.413708,62.803663,-64.129118,0.560515,0.040580,-95.7532,-0.055893,-95.7644,-0.054992,62.946035,-63.861670,-95.7139,0.302982,1.749821,-0.142373,-0.267447,0.808116,-1.552038
417,70.102,B,5,62.610780,-66.413357,62.974970,-64.417259,0.559351,0.081100,-96.0504,-0.053601,-96.0692,-0.052373,62.960229,-64.172544,-96.0218,0.245158,2.267898,0.014741,-0.244715,-0.349449,-2.240813
418,70.309,B,5,63.388820,-68.004491,62.910237,-64.835024,0.592614,0.063714,-96.3471,-0.049654,-96.3507,-0.049348,62.976131,-64.549722,-96.3615,0.292813,3.479330,-0.065894,-0.285302,0.412689,-3.454768
419,70.487,B,5,63.221142,-67.036892,62.996373,-65.455873,0.684136,0.090530,-96.5553,-0.045774,-96.6052,-0.043259,62.987297,-64.802203,-96.5663,0.653733,2.246891,0.009075,-0.653670,0.233844,-2.234689
420,70.660,B,5,62.236085,-67.752551,63.038271,-65.819949,0.672972,0.095597,-96.8405,-0.040169,-96.8331,-0.037888,63.002603,-65.117371,-96.7983,0.703483,2.744398,0.035668,-0.702578,-0.766518,-2.635180
421,70.849,B,5,62.918578,-67.257571,62.892996,-66.237052,0.694380,0.059427,-97.4771,-0.147916,-97.5023,-0.165945,63.022840,-65.428472,-97.3384,0.818938,1.832068,-0.129844,-0.808579,-0.104261,-1.829099
422,71.011,B,5,63.037595,-66.872782,62.894173,-66.489790,0.671374,0.059019,-97.9614,-0.046589,-97.9279,0.008743,63.046844,-65.787272,-97.9249,0.718916,1.085550,-0.152671,-0.702519,-0.009250,-1.085510
423,71.168,B,5,63.413213,-67.811183,62.917028,-66.624242,0.622674,0.061186,-97.8851,-0.015909,-97.8928,-0.073614,63.059662,-66.024021,-97.8350,0.616936,1.821797,-0.142635,-0.600221,0.353550,-1.787162
424,71.331,B,5,62.949016,-67.739272,63.004720,-66.887979,0.623928,0.083815,-98.5219,-0.156166,-98.7303,-0.120473,63.083087,-66.312843,-98.6093,0.580451,1.432716,-0.078368,-0.575136,-0.134071,-1.426429
425,71.513,B,5,63.309510,-68.460142,62.993375,-67.100482,0.600960,0.077583,-98.9658,-0.038930,-98.9939,-0.045180,63.107109,-66.662759,-99.0058,0.452258,1.808743,-0.113734,-0.437723,0.202401,-1.797383
426,71.702,B,5,62.780104,-68.313482,63.048528,-67.417579,0.588445,0.089356,-99.7623,-0.157138,-99.7586,-0.149641,63.127653,-66.895141,-99.6136,0.528396,1.460302,-0.079125,-0.522438,-0.347549,-1.418341
427,71.870,B,5,62.734496,-68.107411,62.998680,-67.623900,0.583706,0.075746,-100.1760,-0.082242,-100.2894,-0.126518,63.153034,-67.186386,-100.1854,0.463944,1.011662,-0.154355,-0.437514,-0.418538,-0.921025
428,72.033,B,5,63.094203,-69.210133,62.946807,-67.776533,0.538821,0.058567,-101.0888,-0.121560,-101.0651,-0.113487,63.181642,-67.473002,-100.9655,0.383769,1.739330,-0.234835,-0.303531,-0.087439,-1.737131
429,72.193,B,5,63.966030,-69.153800,62.968585,-68.089423,0.547228,0.068178,-101.8817,-0.141330,-101.8693,-0.144853,63.210727,-67.752515,-101.7370,0.414898,1.591880,-0.242142,-0.336909,0.755303,-1.401285
430,72.354,B,5,63.039761,-69.061394,63.145415,-68.325141,0.544219,0.113432,-102.5509,-0.150725,-102.7367,-0.156340,63.246975,-68.075258,-102.7728,0.269733,1.007671,-0.101560,-0.249883,-0.207214,-0.986136
431,72.517,B,5,62.677257,-70.363600,63.125050,-68.509667,0.524278,0.103225,-103.4694,-0.160851,-103.6682,-0.168420,63.272336,-68.283337,-103.5152,0.270035,2.163704,-0.147286,-0.226331,-0.595078,-2.080264
432,72.683,B,5,62.047859,-70.463121,63.040007,-68.906027,0.545943,0.086446,-104.6508,-0.173236,-104.6538,-0.177852,63.306083,-68.538076,-104.4929,0.454075,2.299766,-0.266075,-0.367951,-1.258223,-1.925044
433,72.857,B,5,62.896026,-70.366395,62.853172,-69.241957,0.567388,0.048789,-105.6996,-0.180436,-105.6856,-0.183635,63.342181,-68.790458,-105.5176,0.665568,1.637874,-0.489009,-0.451499,-0.446155,-1.575937
434,73.054,B,5,63.218875,-70.926389,62.849927,-69.500403,0.559969,0.055643,-106.7758,-0.189450,-106.7619,-0.193515,63.379560,-69.043576,-106.5865,0.699429,1.889658,-0.529632,-0.456827,-0.160685,-1.882814
435,73.244,B,5,62.987550,-71.069046,62.905758,-69.813187,0.562785,0.079016,-107.8917,-0.197784,-107.8878,-0.201316,63.416412,-69.298397,-107.7040,0.725104,1.821845,-0.510654,-0.514790,-0.428861,-1.770649
436,73.411,B,5,62.361264,-70.567873,62.910322,-70.095577,0.560596,0.087271,-109.0680,-0.207403,-109.0694,-0.210140,63.451349,-69.553512,-108.8765,0.765862,1.489031,-0.541027,-0.542064,-1.090085,-1.014361
437,73.569,B,5,64.513554,-71.822780,62.799967,-70.234926,0.532261,0.060939,-110.3148,-0.217488,-110.3077,-0.222612,63.484424,-69.805990,-110.1059,0.807755,2.264190,-0.684457,-0.428936,1.029130,-2.016791
438,73.736,B,5,63.372785,-72.506626,63.098645,-70.574684,0.527938,0.144235,-111.5718,-0.225602,-111.5967,-0.229462,63.517311,-70.052913,-111.3874,0.668974,2.457965,-0.418666,-0.521770,-0.144526,-2.453713
439,73.893,B,5,63.144298,-72.882927,63.141413,-70.978737,0.553932,0.164883,-112.9029,-0.233970,-112.9272,-0.235526,63.552243,-70.292851,-112.7119,0.799513,2.622006,-0.410830,-0.685886,-0.407945,-2.590076
440,74.063,B,5,62.941179,-71.705756,63.134349,-71.380509,0.579084,0.173444,-114.2784,-0.240775,-114.2920,-0.241523,63.590459,-70.526288,-114.0714,0.968365,1.346369,-0.456110,-0.854222,-0.649281,-1.179468
441,74.236,B,5,63.386563,-72.655986,63.090744,-71.497101,0.539368,0.153297,-115.6945,-0.247018,-115.6894,-0.248667,63.631307,-70.755087,-115.4635,0.918037,1.916589,-0.540563,-0.742014,-0.244744,-1.900899
442,74.419,B,5,62.992783,-73.858492,63.134261,-71.761191,0.530383,0.167247,-117.1350,-0.253164,-117.1237,-0.255150,63.672449,-70.981684,-116.8914,0.947248,2.956006,-0.538188,-0.779508,-0.679665,-2.876808
443,74.584,B,5,63.470717,-72.796972,63.097844,-72.195513,0.566124,0.177418,-118.6192,-0.259418,-118.6006,-0.262672,63.711178,-71.208236,-118.3613,1.162279,1.606830,-0.613333,-0.987277,-0.240461,-1.588736
444,74.746,B,5,62.831747,-73.232677,63.153706,-72.360985,0.529766,0.184959,-120.1340,-0.266300,-120.1210,-0.267777,63.746058,-71.435889,-119.8750,1.098492,2.016039,-0.592352,-0.925097,-0.914310,-1.796789
445,74.903,B,5,62.883769,-72.738943,63.083815,-72.572335,0.518837,0.169274,-121.6881,-0.271449,-121.6794,-0.271929,63.777618,-71.664434,-121.4279,1.142650,1.397690,-0.693803,-0.907901,-0.893850,-1.074509
446,75.066,B,5,63.731256,-73.168061,63.034370,-72.653386,0.479091,0.148180,-123.2751,-0.276411,-123.2681,-0.276980,63.807899,-71.892416,-123.0122,1.085091,1.277945,-0.773529,-0.760970,-0.076643,-1.275645
447,75.231,B,5,63.894606,-74.446777,63.147132,-72.793691,0.439857,0.170624,-124.4371,-0.169068,-124.4064,-0.170707,63.835652,-72.119458,-124.2589,0.963665,2.328066,-0.688520,-0.674233,0.058954,-2.327320
448,75.391,B,5,63.622152,-74.593002,63.271398,-73.138937,0.446030,0.215512,-125.8533,-0.285163,-125.8995,-0.338793,63.862388,-72.345768,-125.5974,0.989135,2.260039,-0.590990,-0.793170,-0.240236,-2.247234
449,75.545,B,5,63.999507,-73.126637,63.325340,-73.450481,0.450830,0.238149,-127.6912,-0.286827,-127.7058,-0.230635,63.887212,-72.574446,-127.4844,1.040740,0.563494,-0.561873,-0.876035,0.112294,-0.552191
450,75.730,B,5,63.354652,-74.931250,63.439518,-73.440210,0.380894,0.233380,-128.7013,-0.179202,-128.7200,-0.217492,63.904960,-72.796472,-128.5312,0.794377,2.204567,-0.465442,-0.643738,-0.550308,-2.134778
451,75.930,B,5,63.844772,-74.174669,63.417299,-73.753918,0.400914,0.241448,-130.2996,-0.290309,-130.3299,-0.260171,63.922778,-73.022276,-130.0800,0.889275,1.155031,-0.505479,-0.731643,-0.078006,-1.152394
452,76.103,B,5,63.216597,-73.820663,63.487257,-73.875055,0.367594,0.243562,-131.3787,-0.170248,-131.3803,-0.194513,63.933280,-73.246815,-131.2134,0.770468,0.918115,-0.446023,-0.628239,-0.716683,-0.573847
453,76.273,B,5,63.855019,-74.486192,63.431838,-73.906905,0.336909,0.209227,-132.7306,-0.229059,-132.7227,-0.185019,63.939402,-73.478002,-132.5418,0.664514,1.011715,-0.507564,-0.428903,-0.084383,-1.008190
454,76.433,B,5,63.575762,-75.626362,63.501042,-74.049914,0.314174,0.218494,-133.8305,-0.211541,-133.8321,-0.200872,63.936550,-73.712522,-133.6375,0.550908,1.947550,-0.435507,-0.337392,-0.360787,-1.913840
455,76.598,B,5,63.568245,-75.770680,63.507717,-74.373041,0.336277,0.240982,-134.8989,-0.188126,-134.8933,-0.185712,63.926375,-73.951601,-134.7259,0.594042,1.853997,-0.418658,-0.421440,-0.358130,-1.819079
456,76.782,B,5,63.243912,-75.687661,63.511271,-74.666555,0.349611,0.257231,-135.9369,-0.178817,-135.9290,-0.175768,63.909607,-74.192763,-135.7665,0.618991,1.636419,-0.398336,-0.473792,-0.665695,-1.494897
457,76.994,B,5,63.464630,-76.206511,63.456619,-74.884544,0.364582,0.256819,-136.7402,-0.172739,-136.9181,-0.167475,63.883502,-74.481925,-136.9567,0.586798,1.774725,-0.426884,-0.402620,-0.418872,-1.724586
458,77.221,B,5,63.459972,-76.254890,63.448979,-75.164300,0.373032,0.270225,-137.6959,-0.165194,-137.8618,-0.160518,63.863984,-74.673520,-137.7138,0.642723,1.632163,-0.415005,-0.490779,-0.404013,-1.581370
459,77.419,B,5,63.525458,-76.155020,63.439651,-75.412541,0.364780,0.270987,-138.7850,-0.155958,-138.7600,-0.152927,63.832684,-74.959149,-138.7950,0.600032,1.234705,-0.393033,-0.453392,-0.307226,-1.195871
460,77.603,B,5,63.019029,-76.168609,63.445457,-75.590350,0.350611,0.269544,-139.6423,-0.147523,-139.6131,-0.144178,63.804031,-75.196720,-139.6463,0.532466,1.249318,-0.358574,-0.393630,-0.785001,-0.971889
461,77.782,B,5,63.394911,-77.122712,63.358418,-75.736908,0.347651,0.247833,-140.4585,-0.139781,-140.4223,-0.136814,63.778121,-75.387522,-140.2957,0.546096,1.777002,-0.419703,-0.349386,-0.383210,-1.735190
462,77.955,B,5,63.058126,-76.540500,63.355857,-76.019982,0.362559,0.273060,-141.1104,-0.149641,-141.3420,-0.231454,63.741080,-75.628306,-141.1403,0.549370,1.139528,-0.385223,-0.391676,-0.682954,-0.912194
463,78.135,B,5,63.413402,-77.687795,63.288597,-76.162900,0.345772,0.249038,-142.6741,-0.200283,-142.6338,-0.150816,63.707333,-75.867930,-142.4867,0.512199,1.843449,-0.418737,-0.294971,-0.293931,-1.819865
464,78.308,B,5,63.488486,-77.352720,63.298604,-76.479689,0.353295,0.277061,-143.1405,-0.060126,-143.0713,-0.076185,63.665681,-76.105482,-143.0112,0.524191,1.259762,-0.367077,-0.374207,-0.177195,-1.247238
465,78.503,B,5,62.720565,-77.612302,63.321381,-76.680292,0.338351,0.284004,-144.1004,-0.208090,-144.0872,-0.216727,63.627076,-76.340433,-143.8775,0.457114,1.561863,-0.305695,-0.339859,-0.906512,-1.271869
466,78.696,B,5,62.676646,-77.927679,63.201016,-76.890821,0.351780,0.270210,-144.8386,-0.084193,-144.7452,-0.020133,63.588093,-76.572837,-144.7161,0.500942,1.632891,-0.387078,-0.317984,-0.911448,-1.354842
467,78.859,B,5,62.715133,-77.182983,63.092348,-77.120063,0.364086,0.264086,-145.3719,-0.134032,-145.3333,-0.190439,63.551032,-76.795651,-145.1689,0.561813,0.921278,-0.458684,-0.324411,-0.835900,-0.387331
468,79.018,B,5,63.103917,-78.799530,63.008833,-77.172049,0.343474,0.230565,-146.6881,-0.217392,-146.6385,-0.170602,63.521385,-77.025145,-146.4711,0.533190,1.822833,-0.512553,-0.146904,-0.417468,-1.774385
469,79.183,B,5,62.983286,-77.867296,63.009977,-77.505065,0.350691,0.266285,-147.1851,-0.058278,-147.1052,-0.067209,63.491533,-77.240913,-147.0540,0.549248,0.806642,-0.481556,-0.264152,-0.508247,-0.626383
470,79.352,B,5,62.403760,-79.454445,62.990323,-77.610712,0.327395,0.252466,-148.0451,-0.188963,-148.0237,-0.210800,63.465728,-77.453952,-147.8208,0.500583,2.264894,-0.475405,-0.156760,-1.061968,-2.000492
471,79.520,B,5,62.350142,-79.570490,62.868733,-77.983453,0.363657,0.277343,-148.7370,-0.078803,-148.6578,-0.049720,63.441754,-77.663580,-148.6169,0.656256,2.197253,-0.573021,-0.319873,-1.091611,-1.906910
472,79.686,B,5,63.057424,-78.868524,62.757480,-78.313223,0.386866,0.293506,-149.4503,-0.151449,-149.4169,-0.139862,63.417707,-77.868660,-149.2774,0.795950,1.062795,-0.660227,-0.444563,-0.360283,-0.999865
473,79.876,B,5,62.859802,-79.620744,62.794107,-78.457603,0.352728,0.292437,-150.0239,-0.107432,-149.9906,-0.120771,63.393743,-78.070980,-149.8797,0.713472,1.639165,-0.599637,-0.386623,-0.533942,-1.549764
474,80.075,B,5,63.153866,-79.399674,62.790202,-78.710723,0.344588,0.307667,-150.6367,-0.102003,-150.6062,-0.112367,63.370302,-78.271635,-150.5049,0.727539,1.148614,-0.580099,-0.439088,-0.216436,-1.128038
475,80.238,B,5,62.979933,-80.897647,62.841730,-78.878303,0.314643,0.311664,-151.2053,-0.098937,-151.1753,-0.096814,63.347567,-78.469097,-151.0863,0.650631,2.456219,-0.505838,-0.409206,-0.367635,-2.428550
476,80.397,B,5,63.130743,-79.833939,62.854088,-79.287055,0.326289,0.358649,-151.7373,-0.093537,-151.7154,-0.091682,63.326192,-78.662522,-151.6308,0.782894,1.187610,-0.472104,-0.624533,-0.195449,-1.171417
477,80.631,B,5,63.391086,-80.612585,62.892888,-79.431978,0.297232,0.350613,-152.2436,-0.088411,-152.2294,-0.085371,63.306696,-78.851475,-152.1488,0.712896,1.763131,-0.413807,-0.580503,0.084390,-1.761110
478,80.797,B,5,62.552998,-82.144732,62.973623,-79.690399,0.276631,0.371811,-152.7231,-0.084324,-152.7183,-0.083369,63.283023,-79.039581,-152.6417,0.720619,3.189811,-0.309400,-0.650818,-0.730025,-3.105150
479,80.971,B,5,62.371910,-80.439717,62.888934,-80.181393,0.319622,0.418395,-153.1877,-0.079961,-153.1819,-0.078944,63.251692,-79.229289,-153.1094,1.018870,1.496380,-0.362758,-0.952104,-0.879783,-1.210428
480,81.170,B,5,62.529083,-81.161850,62.739710,-80.435012,0.345278,0.407658,-153.6380,-0.075656,-153.6213,-0.075611,63.214084,-79.420115,-153.5525,1.120288,1.871595,-0.474373,-1.014897,-0.685000,-1.741736
481,81.421,B,5,62.421249,-81.093287,62.727233,-80.484801,0.312104,0.368491,-154.0572,-0.071908,-154.0387,-0.069146,63.162231,-79.649557,-154.0550,0.941730,1.622778,-0.434998,-0.835243,-0.740981,-1.443730
482,81.603,B,5,62.571971,-81.742301,62.659723,-80.640530,0.306392,0.349814,-154.4588,-0.069313,-154.4370,-0.068388,63.123995,-79.802278,-154.3745,0.958236,2.017033,-0.464271,-0.838253,-0.552024,-1.940024
483,81.771,B,5,62.533295,-81.401467,62.631311,-80.884276,0.302852,0.356437,-154.8396,-0.066249,-154.8182,-0.064211,63.071943,-79.992692,-154.7583,0.994524,1.508241,-0.440633,-0.891584,-0.538648,-1.408775
484,81.942,B,5,61.986089,-81.708710,62.601344,-81.021894,0.287922,0.340041,-155.5919,-0.173296,-155.6131,-0.200697,63.018175,-80.184699,-155.4209,0.935223,1.840600,-0.416831,-0.837194,-1.032086,-1.524010
485,82.129,B,5,63.075113,-81.841278,62.477098,-81.188048,0.297524,0.321639,-156.2855,-0.080727,-156.2283,-0.026410,62.956472,-80.409614,-156.2328,0.914198,1.436571,-0.479374,-0.778434,0.118641,-1.431664
486,82.292,B,5,63.330732,-82.368019,62.572221,-81.347108,0.258506,0.327611,-156.3429,-0.035775,-156.3170,-0.090917,62.898876,-80.594639,-156.3398,0.820313,1.825206,-0.326656,-0.752469,0.431855,-1.773380
487,82.454,B,5,62.191946,-82.957053,62.609654,-81.818099,0.274281,0.399531,-157.2589,-0.169065,-157.2787,-0.152548,62.856639,-80.746050,-157.1294,1.100133,2.308755,-0.246985,-1.072049,-0.664693,-2.211003
488,82.678,B,5,62.029388,-82.039455,62.601888,-81.854950,0.252982,0.368521,-157.6835,-0.069635,-157.6971,-0.056387,62.782803,-80.969927,-157.7120,0.903324,1.308252,-0.180915,-0.885022,-0.753415,-1.069527
489,82.884,B,5,62.198974,-82.337159,62.486791,-81.936229,0.249936,0.322723,-158.5657,-0.184340,-158.5821,-0.187227,62.721534,-81.157625,-158.6235,0.813222,1.290104,-0.234743,-0.778605,-0.522560,-1.179534
490,83.075,B,5,61.824823,-82.657750,62.423041,-82.046737,0.244391,0.302304,-159.2756,-0.106150,-159.2686,-0.132532,62.669465,-81.305515,-159.1569,0.781111,1.594352,-0.246424,-0.741222,-0.844641,-1.352235
491,83.279,B,5,61.864485,-82.977322,62.301976,-82.193228,0.255196,0.286902,-160.1982,-0.145306,-160.1919,-0.150679,62.595579,-81.525473,-160.2277,0.729451,1.625535,-0.293603,-0.667755,-0.731094,-1.451849
492,83.448,B,5,61.568050,-83.608005,62.211251,-82.362845,0.266739,0.288748,-160.9518,-0.162977,-161.1422,-0.168584,62.549166,-81.670061,-160.9875,0.770802,2.172145,-0.337915,-0.692784,-0.981116,-1.937944
493,83.629,B,5,60.987595,-82.557754,62.075905,-82.629009,0.282585,0.294770,-162.1488,-0.176619,-162.1437,-0.180585,62.484015,-81.884237,-162.1850,0.849258,1.641006,-0.408110,-0.744772,-1.496420,-0.673517
494,83.798,B,5,60.939957,-83.605082,61.860318,-82.650784,0.297836,0.246125,-163.2239,-0.186777,-163.2033,-0.189951,62.442531,-82.025730,-163.0300,0.854204,2.179927,-0.582212,-0.625055,-1.502574,-1.579353
495,84.000,B,5,62.097792,-82.542221,61.671549,-82.854928,0.321062,0.246628,-164.3467,-0.196560,-164.3191,-0.198910,62.390655,-82.201638,-164.1368,0.971546,0.449183,-0.719105,-0.653291,-0.292862,-0.340583
496,84.236,B,5,61.847016,-83.021217,61.725710,-82.829136,0.268288,0.216634,-165.5192,-0.205778,-165.4898,-0.207683,62.336541,-82.376756,-165.2988,0.760107,0.809299,-0.610831,-0.452380,-0.489525,-0.644461
497,84.471,B,5,61.872807,-82.947572,61.727743,-82.890597,0.240313,0.205378,-166.7379,-0.214392,-166.7138,-0.216953,62.278892,-82.551104,-166.5145,0.647318,0.567532,-0.551149,-0.339493,-0.406085,-0.396469
498,84.671,B,5,60.924592,-84.216704,61.735956,-82.925400,0.212053,0.189959,-168.0103,-0.223278,-167.9888,-0.225620,62.218099,-82.724470,-167.7815,0.522336,1.974823,-0.482143,-0.200931,-1.293507,-1.492235
499,84.872,B,5,61.514036,-84.120547,61.571241,-83.182118,0.241731,0.214438,-169.3302,-0.231014,-169.3120,-0.234691,62.156060,-82.896492,-169.0971,0.650842,1.382210,-0.584818,-0.285626,-0.642024,-1.224055
500,85.065,B,5,60.744724,-83.906481,61.541113,-83.377346,0.232251,0.232008,-170.6920,-0.239328,-170.6812,-0.242159,62.095330,-83.066768,-170.4591,0.635307,1.590363,-0.554217,-0.310578,-1.350606,-0.839713
501,85.253,B,5,60.940143,-84.735485,61.377174,-83.498684,0.249075,0.222728,-172.1072,-0.247261,-172.0949,-0.249506,62.037888,-83.235009,-171.8658,0.711384,1.859159,-0.660713,-0.263675,-1.097745,-1.500476
502,85.498,B,5,61.841499,-84.395464,61.275923,-83.747902,0.256393,0.248505,-173.5657,-0.255700,-173.5515,-0.258929,61.984170,-83.401173,-173.3157,0.788566,1.004476,-0.708247,-0.346729,-0.142671,-0.994292
503,85.746,B,5,60.832451,-84.789276,61.356441,-83.892393,0.214198,0.257291,-175.0596,-0.262538,-175.0491,-0.265904,61.933008,-83.565463,-174.8068,0.662807,1.645887,-0.576567,-0.326930,-1.100557,-1.223813
504,85.957,B,5,61.975416,-84.012481,61.241956,-84.081585,0.223529,0.265909,-176.1941,-0.161210,-176.1333,-0.152629,61.878795,-83.726780,-176.0044,0.729007,0.301597,-0.636840,-0.354805,0.096621,-0.285701
505,86.141,B,5,60.769002,-85.272284,61.355539,-84.096176,0.170412,0.243103,-177.5160,-0.267908,-177.5168,-0.319538,61.817655,-83.886295,-177.2320,0.507544,1.737999,-0.462115,-0.209881,-1.048652,-1.385990
506,86.336,B,5,60.208868,-86.287045,61.232435,-84.333715,0.187008,0.265828,-179.3083,-0.280137,-179.2782,-0.225706,61.744030,-84.046906,-179.0612,0.586506,2.715685,-0.511595,-0.286809,-1.535162,-2.240139
507,86.517,B,5,60.313980,-85.126245,61.027187,-84.714232,0.224139,0.317753,179.7363,-0.162560,179.7775,-0.197195,61.663402,-84.199116,179.9481,0.818605,1.637226,-0.636215,-0.515116,-1.349423,-0.927129
508,86.688,B,5,60.900503,-85.674640,60.875162,-84.818991,0.235139,0.301423,178.2252,-0.280322,178.2505,-0.257267,61.576321,-84.354474,178.4964,0.841071,1.483094,-0.701159,-0.464516,-0.675818,-1.320166
509,86.886,B,5,60.437794,-85.756277,60.855562,-85.002849,0.214759,0.309301,177.2080,-0.156187,177.2506,-0.175104,61.487182,-84.503921,177.4010,0.804906,1.633895,-0.631620,-0.498928,-1.049389,-1.252356
510,87.111,B,5,61.303439,-85.421884,60.756778,-85.168218,0.214257,0.310784,175.9250,-0.224578,175.9562,-0.187779,61.395770,-84.652928,176.1381,0.820874,0.774479,-0.638992,-0.515290,-0.092331,-0.768955
511,87.305,B,5,60.591334,-85.357401,60.833288,-85.242868,0.170621,0.292903,174.8837,-0.200759,174.9034,-0.194603,61.302265,-84.796204,175.0906,0.647649,0.905740,-0.468978,-0.446664,-0.710931,-0.561198
512,87.512,B,5,60.803138,-86.202296,60.770147,-85.290027,0.164765,0.269461,173.8272,-0.183759,173.8585,-0.179118,61.203839,-84.936802,174.0223,0.559336,1.327417,-0.433692,-0.353225,-0.400701,-1.265494
513,87.692,B,5,60.525390,-86.388703,60.756989,-85.479984,0.147572,0.282912,172.8228,-0.173876,172.8538,-0.171367,61.097934,-85.074478,173.0110,0.529791,1.433525,-0.340945,-0.405506,-0.572544,-1.314225
514,87.890,B,5,60.079211,-86.271510,60.696749,-85.670337,0.142626,0.295110,171.8716,-0.164010,171.9027,-0.160648,60.958062,-85.236659,171.8657,0.506321,1.357680,-0.261313,-0.433678,-0.878851,-1.034851
515,88.073,B,5,60.154294,-86.120078,60.566310,-85.805466,0.154519,0.293720,170.9644,-0.156224,171.0033,-0.152948,60.830562,-85.369021,170.9684,0.510210,1.010656,-0.264252,-0.436446,-0.676267,-0.751058
516,88.254,B,5,60.572320,-86.011937,60.471914,-85.887957,0.156621,0.280097,170.1001,-0.149036,170.1493,-0.147669,60.722646,-85.472570,170.2832,0.485194,0.559924,-0.250732,-0.415388,-0.150326,-0.539367
517,88.472,B,5,60.497660,-86.569646,60.470538,-85.934410,0.136839,0.258185,169.2798,-0.141571,169.3332,-0.141389,60.554533,-85.623295,169.3013,0.322254,0.948058,-0.083994,-0.311115,-0.056873,-0.946351
518,88.654,B,5,60.304865,-87.169236,60.457553,-86.071910,0.119913,0.260570,168.4969,-0.136052,168.5510,-0.134325,60.411694,-85.744805,168.5204,0.330303,1.428431,0.045859,-0.327104,-0.106828,-1.424431
519,88.820,B,5,59.352610,-86.209158,60.416285,-86.288631,0.111846,0.289154,167.8973,-0.130803,167.8031,-0.128715,60.296464,-85.839905,167.9204,0.464448,1.013513,0.119821,-0.448726,-0.943854,-0.369254
520,88.975,B,5,60.121863,-86.692558,60.203602,-86.302082,0.145251,0.258422,167.0307,-0.122406,167.0928,-0.120370,60.150628,-85.956985,167.2038,0.349139,0.736135,0.052974,-0.345097,-0.028766,-0.735573
521,89.164,B,5,59.258166,-87.723439,60.169278,-86.394149,0.132348,0.250775,166.3650,-0.115215,166.4226,-0.111429,59.970431,-86.095440,166.3966,0.358842,1.776993,0.198847,-0.298709,-0.712265,-1.628000
522,89.323,B,5,59.280629,-87.617661,59.989179,-86.651177,0.152327,0.295527,165.8619,-0.109450,165.7918,-0.105967,59.845310,-86.186052,165.8903,0.486867,1.538951,0.143869,-0.465125,-0.564681,-1.431609
523,89.493,B,5,58.776498,-87.206528,59.835374,-86.854339,0.157645,0.307982,165.1412,-0.102906,165.1954,-0.102951,59.681761,-86.296112,165.2888,0.578977,1.283884,0.153613,-0.558227,-0.905263,-0.910416
524,89.672,B,5,58.813074,-87.552585,59.620093,-86.942736,0.184571,0.301935,164.5667,-0.098339,164.6271,-0.095762,59.510043,-86.401366,164.7163,0.552442,1.345760,0.110050,-0.541370,-0.696969,-1.151219
525,89.951,B,5,58.755306,-86.802259,59.448014,-87.076693,0.195710,0.305755,164.0175,-0.095107,164.0830,-0.093482,59.295132,-86.521008,164.0617,0.576333,0.608699,0.152882,-0.555686,-0.539826,-0.281251
526,90.119,B,5,58.702958,-88.388581,59.295669,-87.049450,0.208696,0.271172,163.4921,-0.089889,163.5628,-0.090054,59.111464,-86.616425,163.5425,0.470577,1.818630,0.184205,-0.433025,-0.408506,-1.772156
527,90.274,B,5,57.510464,-86.846999,59.166366,-87.307607,0.204683,0.313588,163.0968,-0.087370,163.0679,-0.085591,58.925948,-86.709617,163.0486,0.644510,1.422135,0.240418,-0.597990,-1.415484,-0.137381
528,90.429,B,5,57.779685,-86.498452,58.839632,-87.245848,0.260639,0.280702,162.6073,-0.082071,162.5985,-0.079436,58.776928,-86.783199,162.6720,0.466879,1.037099,0.062704,-0.462649,-0.997243,0.284747
529,90.589,B,5,58.316612,-87.777852,58.616845,-87.127329,0.289164,0.232907,162.1465,-0.078368,162.1531,-0.075970,58.589837,-86.873810,162.2229,0.254953,0.944428,0.027008,-0.253519,-0.273225,-0.904042
530,90.753,B,5,57.513207,-87.502155,58.530325,-87.257452,0.266515,0.241629,161.7227,-0.074912,161.7279,-0.072709,58.400900,-86.961815,161.7948,0.322725,1.039214,0.129425,-0.295636,-0.887693,-0.540339
531,90.917,B,5,57.940338,-87.535721,58.315523,-87.314990,0.280965,0.240538,161.3088,-0.071652,161.3190,-0.069855,58.208415,-87.045635,161.3835,0.289870,0.558614,0.107108,-0.269355,-0.268077,-0.490086
532,91.106,B,5,57.052694,-87.555551,58.209332,-87.370156,0.261621,0.226565,160.8317,-0.069129,160.9242,-0.066921,58.010559,-87.124141,160.9864,0.316282,1.050533,0.198773,-0.246015,-0.957865,-0.431410
533,91.298,B,5,57.086869,-88.752127,57.967774,-87.415882,0.282055,0.226655,160.4527,-0.066267,160.5443,-0.064563,57.806340,-87.197279,160.6040,0.271750,1.713240,0.161434,-0.218603,-0.719471,-1.554848
534,91.458,B,5,56.700367,-88.720728,57.774205,-87.670454,0.274440,0.271167,160.1044,-0.062780,160.1815,-0.061539,57.596207,-87.265937,160.2383,0.441947,1.708493,0.177997,-0.404517,-0.895840,-1.454791
535,91.619,B,5,56.643302,-87.362572,57.544726,-87.876995,0.278679,0.302319,159.7687,-0.059972,159.8359,-0.058778,57.381920,-87.331253,159.8901,0.569508,0.739282,0.162806,-0.545742,-0.738618,-0.031319
536,91.784,B,5,56.458860,-88.553397,57.345409,-87.801011,0.295810,0.264127,159.4319,-0.057376,159.5072,-0.055244,57.168236,-87.394755,159.5586,0.443209,1.358553,0.177174,-0.406256,-0.709376,-1.158642
537,91.938,B,5,57.024128,-88.767555,57.148186,-87.951644,0.293512,0.281692,159.1240,-0.054897,159.1957,-0.054657,56.964625,-87.459038,159.2445,0.525695,1.309869,0.183562,-0.492606,0.059503,-1.308517
538,92.112,B,5,56.556305,-88.717238,57.089400,-88.115481,0.259036,0.289747,158.8267,-0.053420,158.8986,-0.051299,56.770125,-87.523215,158.9452,0.672842,1.213017,0.319275,-0.592266,-0.213820,-1.194023
539,92.274,B,5,55.740801,-87.864041,56.958851,-88.241972,0.247380,0.294056,158.5425,-0.050115,158.6156,-0.048887,56.581212,-87.585964,158.6598,0.756940,0.885222,0.377639,-0.656008,-0.840411,-0.278077
540,92.457,B,5,55.880759,-87.688874,56.704440,-88.190444,0.278729,0.268034,158.2620,-0.047533,158.3491,-0.045608,56.393771,-87.646265,158.3905,0.626615,0.514778,0.310669,-0.544179,-0.513012,-0.042609
541,92.663,B,5,55.483561,-89.405102,56.519983,-88.112849,0.292839,0.234018,158.0090,-0.042752,158.1026,-0.041578,56.204879,-87.703722,158.1406,0.516406,1.847969,0.315104,-0.409127,-0.721317,-1.701380
542,92.828,B,5,55.646056,-88.273294,56.296423,-88.358477,0.287424,0.279495,157.7974,-0.038307,157.8772,-0.038060,56.014116,-87.758591,157.9119,0.662994,0.632762,0.282306,-0.599887,-0.368061,-0.514703
543,92.990,B,5,55.267476,-87.821802,56.142150,-88.357251,0.287451,0.259079,157.5900,-0.035678,157.6706,-0.034397,55.823572,-87.811618,157.7026,0.631829,0.556190,0.318577,-0.545633,-0.556097,-0.010184
544,93.140,B,5,54.981084,-88.384047,55.947712,-88.271996,0.303449,0.226033,157.3947,-0.033167,157.4778,-0.032271,55.636908,-87.863796,157.5080,0.513056,0.837118,0.310804,-0.408200,-0.655824,-0.520251
545,93.297,B,5,54.796859,-88.748952,55.736267,-88.301100,0.311548,0.223935,157.2130,-0.031883,157.2934,-0.031115,55.455306,-87.915169,157.3225,0.477369,1.062424,0.280961,-0.385930,-0.658446,-0.833783
546,93.452,B,5,55.298037,-88.481106,55.529080,-88.390825,0.312374,0.235305,157.0416,-0.030482,157.1143,-0.030262,55.272122,-87.963249,157.1425,0.498847,0.518505,0.256957,-0.427576,0.025915,-0.517857
547,93.612,B,5,54.642934,-88.805198,55.307015,-88.485423,0.319122,0.251713,156.8763,-0.029861,156.9425,-0.029910,55.087324,-88.008544,156.9694,0.525051,0.912217,0.219692,-0.476880,-0.444389,-0.796655
548,93.783,B,5,54.696937,-89.086643,55.269310,-88.495589,0.288464,0.227526,156.7181,-0.027557,156.7811,-0.027797,54.900510,-88.051559,156.8061,0.577214,1.054913,0.368800,-0.444030,-0.203573,-1.035084
549,93.965,B,5,53.043856,-87.555572,55.130838,-88.612366,0.274051,0.238680,156.5815,-0.024324,156.6326,-0.025102,54.710054,-88.092042,156.6554,0.669176,1.750432,0.420785,-0.520324,-1.666197,0.536470
550,94.146,B,5,53.204005,-88.796175,54.717247,-88.430084,0.348619,0.207821,156.4339,-0.023062,156.4975,-0.022051,54.513807,-88.129031,156.5182,0.363347,1.469919,0.203441,-0.301053,-1.309801,-0.667144
551,94.317,B,5,52.979491,-88.506574,54.402741,-88.501562,0.369513,0.227592,156.3135,-0.021569,156.3753,-0.018627,54.310250,-88.161521,156.3940,0.352396,1.374766,0.092492,-0.340041,-1.330759,-0.345054
552,94.474,B,5,53.920926,-88.986944,54.101974,-88.508101,0.390716,0.229730,156.1988,-0.019585,156.2648,-0.017772,54.099178,-88.189131,156.2817,0.318982,0.817484,0.002796,-0.318970,-0.178251,-0.797813
553,94.651,B,5,52.448920,-89.883923,54.025654,-88.600405,0.352329,0.229777,156.1019,-0.018626,156.1548,-0.016246,53.837611,-88.216579,156.1622,0.427413,2.169908,0.188043,-0.383825,-1.388692,-1.667343
554,94.808,B,5,52.855568,-89.784865,53.698322,-88.840712,0.359466,0.285498,156.0249,-0.016350,156.0787,-0.015496,53.614974,-88.236084,156.0754,0.610345,1.724940,0.083348,-0.604628,-0.759406,-1.548780
555,94.954,B,5,53.210246,-89.045194,53.510930,-89.020843,0.349313,0.316287,155.9703,-0.014623,156.0031,-0.013233,53.435161,-88.250360,156.0144,0.774199,0.826044,0.075768,-0.770483,-0.224916,-0.794834
556,95.135,B,5,52.003681,-88.632926,53.403532,-89.042416,0.320670,0.286018,155.8815,-0.011626,155.9381,-0.010941,53.164061,-88.270410,155.9357,0.808295,1.215689,0.239471,-0.772006,-1.160380,-0.362516
557,95.312,B,5,52.176221,-89.560682,53.110248,-88.979438,0.353209,0.266539,155.8210,-0.009695,155.8821,-0.008677,52.936950,-88.285709,155.8800,0.715047,1.484676,0.173298,-0.693729,-0.760729,-1.274973
558,95.491,B,5,51.657356,-89.582030,52.900312,-89.094412,0.346301,0.280245,155.9207,0.042190,156.0109,0.101565,52.710704,-88.297604,156.0361,0.819057,1.661112,0.189608,-0.796808,-1.053348,-1.284426
559,95.645,B,5,51.302390,-88.636792,52.632748,-89.194389,0.353590,0.294036,156.4607,0.061956,156.5140,0.013706,52.537203,-88.307660,156.4921,0.891861,1.277925,0.095545,-0.886729,-1.234813,-0.329132
560,95.805,B,5,52.096049,-88.509019,52.348072,-89.105099,0.381752,0.266857,156.1866,-0.061037,156.2271,-0.034730,52.266378,-88.320622,156.2212,0.788720,0.253980,0.081694,-0.784477,-0.170330,-0.188397
561,95.957,B,5,51.309882,-89.803078,52.266929,-89.004087,0.372806,0.226597,156.3708,0.067331,156.6556,0.151160,52.091751,-88.326621,156.5135,0.699749,1.670702,0.175177,-0.677467,-0.781870,-1.476457
562,96.120,B,5,50.838385,-88.948468,52.043335,-89.156853,0.353978,0.248953,156.9783,0.034664,157.0187,-0.010718,51.828772,-88.333256,157.0159,0.851087,1.165913,0.214562,-0.823597,-0.990387,-0.615212
563,96.267,B,5,51.056492,-89.047023,51.784715,-89.127341,0.371491,0.237697,157.2969,0.101991,157.4130,0.140149,51.652499,-88.336485,157.2852,0.801831,0.927409,0.132216,-0.790855,-0.596007,-0.710538
564,96.433,B,5,50.859338,-89.233957,51.610403,-89.120290,0.365938,0.224185,157.9010,0.085660,157.9811,0.069192,51.438654,-88.338055,157.9168,0.800868,1.066887,0.171749,-0.782235,-0.579315,-0.895902
565,96.613,B,5,50.977601,-89.854540,51.433022,-89.147990,0.358567,0.219939,158.5461,0.123937,158.6423,0.128664,51.230019,-88.339144,158.5245,0.833932,1.536275,0.203003,-0.808846,-0.252418,-1.515396
566,96.808,B,5,49.694422,-88.008500,51.318451,-89.281946,0.337005,0.239292,159.1024,0.121496,159.2878,0.146808,51.029993,-88.340122,159.2208,0.985008,1.376126,0.288458,-0.941824,-1.335571,0.331622
567,96.983,B,5,50.041711,-89.767599,50.978304,-89.062021,0.384076,0.188155,160.0454,0.140664,160.1426,0.144946,50.838335,-88.341073,160.0096,0.734409,1.633887,0.139969,-0.720948,-0.796625,-1.426526
568,97.147,B,5,49.424535,-89.582964,50.767055,-89.195419,0.373016,0.213562,160.9293,0.154022,161.0185,0.157893,50.652907,-88.341541,160.8733,0.861474,1.746434,0.114148,-0.853878,-1.228372,-1.241423
569,97.297,B,5,49.032721,-88.466894,50.482109,-89.274318,0.384756,0.230097,161.8838,0.166533,161.9687,0.171768,50.471162,-88.340498,161.8118,0.933884,1.443984,0.010947,-0.933820,-1.438441,-0.126396
570,97.455,B,5,50.304986,-89.110137,50.175899,-89.137453,0.418734,0.198207,162.8938,0.179500,162.9887,0.184108,50.290859,-88.336783,162.8210,0.808881,0.773483,-0.114961,-0.800670,0.014126,-0.773354
571,97.618,B,5,50.689011,-89.163994,50.155402,-89.139159,0.373714,0.176082,163.9879,0.191306,164.0743,0.194922,50.110962,-88.329725,163.8964,0.810653,1.014961,0.044440,-0.809434,0.578049,-0.834270
572,97.784,B,5,49.554106,-88.807887,50.213477,-89.150191,0.315798,0.152306,165.1459,0.202189,165.2225,0.205318,49.932037,-88.319603,165.0347,0.876975,0.617457,0.281439,-0.830588,-0.377931,-0.488284
573,97.962,B,5,49.495618,-89.088700,50.060201,-89.094745,0.317195,0.133045,166.3556,0.212641,166.4317,0.214339,49.755993,-88.307525,166.2342,0.843954,0.823425,0.304208,-0.787220,-0.260375,-0.781175
574,98.166,B,5,48.831279,-88.463896,49.924783,-89.099341,0.309943,0.127651,167.2455,0.116703,167.2703,0.098165,49.580522,-88.295279,167.1909,0.874660,0.767983,0.344261,-0.804062,-0.749243,-0.168618
575,98.334,B,5,49.070909,-88.785297,49.693639,-88.989636,0.333394,0.103330,168.2695,0.213978,168.3549,0.267749,49.406492,-88.283638,168.1174,0.762159,0.603554,0.287148,-0.705998,-0.335582,-0.501659
576,98.551,B,5,48.382258,-89.429860,49.546809,-88.956308,0.329638,0.092572,169.8385,0.242780,169.8867,0.189456,49.233137,-88.268532,169.7025,0.755927,1.439680,0.313672,-0.687776,-0.850879,-1.161328
577,98.723,B,5,48.279070,-88.971126,49.302213,-89.046416,0.340906,0.116799,170.5658,0.116789,170.5920,0.146283,49.056594,-88.258043,170.4668,0.825748,1.055003,0.245619,-0.788372,-0.777524,-0.713083
578,98.876,B,5,47.988054,-89.139199,49.081750,-89.039155,0.351692,0.113496,171.8047,0.238383,171.8614,0.219765,48.880852,-88.240501,171.6472,0.823535,1.266785,0.200898,-0.798655,-0.892797,-0.898698
579,99.038,B,5,48.210333,-88.451483,48.847666,-89.064067,0.362759,0.117814,172.6225,0.112786,172.6366,0.123954,48.700829,-88.223176,172.5318,0.853615,0.541028,0.146837,-0.840891,-0.490496,-0.228307
580,99.215,B,5,47.659932,-89.665141,48.695320,-88.959817,0.360468,0.086663,173.6443,0.182641,173.6715,0.147319,48.515614,-88.202329,173.5261,0.778512,1.694701,0.179706,-0.757487,-0.855683,-1.462812
581,99.425,B,5,47.609737,-88.983667,48.471805,-89.093333,0.363505,0.117049,174.4683,0.153027,174.4888,0.167506,48.282999,-88.179654,174.5271,0.932983,1.048675,0.188805,-0.913679,-0.673263,-0.804013
582,99.605,B,5,47.139937,-88.576537,48.279005,-89.081778,0.366000,0.107959,175.3219,0.145608,175.3309,0.144681,48.122263,-88.165108,175.1985,0.929974,1.065006,0.156741,-0.916670,-0.982326,-0.411428
583,99.758,B,5,46.989714,-89.152183,48.035548,-88.997900,0.382914,0.084290,175.9875,0.088803,175.9604,0.029726,47.916681,-88.148423,175.9231,0.857753,1.366310,0.118867,-0.849477,-0.926967,-1.003760
584,99.914,B,5,45.967407,-89.140970,47.807886,-89.031904,0.389721,0.089568,176.1913,0.065753,176.1868,0.110457,47.718006,-88.135023,176.0938,0.901373,2.019041,0.089880,-0.896881,-1.750599,-1.005947
585,100.073,B,5,46.870772,-89.161138,47.433133,-89.059064,0.430306,0.096442,177.2017,0.181933,177.1752,0.154753,47.479983,-88.112153,177.2086,0.948069,1.213057,-0.046850,-0.946911,-0.609211,-1.048984
586,100.241,B,5,46.746347,-88.866483,47.288984,-89.085197,0.412675,0.094558,177.4636,0.000189,177.4228,-0.033989,47.327074,-88.100002,177.4574,0.985931,0.961633,-0.038090,-0.985195,-0.580727,-0.766481
587,100.397,B,5,46.449079,-88.927948,47.151712,-89.052554,0.397466,0.078605,177.7285,0.080459,177.7300,0.127433,47.137421,-88.085850,177.6182,0.966810,1.087633,0.014290,-0.966704,-0.688343,-0.842098
588,100.532,B,5,46.639503,-88.824971,46.983751,-89.036431,0.389919,0.068662,177.9893,-0.002346,177.9537,-0.035208,46.905636,-88.070572,177.9453,0.969013,0.799965,0.078115,-0.965859,-0.266133,-0.754399
589,100.702,B,5,45.741749,-89.990040,46.884880,-89.003043,0.368128,0.054220,178.1477,0.060417,178.1489,0.114814,46.748870,-88.063252,178.0544,0.949582,2.174121,0.136009,-0.939791,-1.007122,-1.926788
590,100.895,B,5,45.557879,-89.637659,46.641557,-89.187234,0.378548,0.095186,178.7985,0.082001,178.7593,0.028388,46.547003,-88.051880,178.7226,1.139285,1.868973,0.094554,-1.135354,-0.989124,-1.585779
591,101.086,B,5,45.083632,-88.279874,46.406214,-89.278191,0.387447,0.108600,178.5314,-0.073169,178.4641,-0.095118,46.335293,-88.043191,178.5501,1.237034,1.273842,0.070922,-1.235000,-1.251660,-0.236683
592,101.254,B,5,45.532969,-88.866758,46.033440,-89.063535,0.447050,0.050121,178.3501,0.008732,178.3585,0.065029,46.122136,-88.033596,178.3082,1.033751,1.020429,-0.088695,-1.029939,-0.589166,-0.833162
593,101.413,B,5,44.916894,-89.570156,45.982280,-89.067983,0.396016,0.044399,178.8951,0.076973,178.8721,0.029135,45.909831,-88.020682,178.8330,1.049803,1.840324,0.072449,-1.047300,-0.992937,-1.549473
594,101.573,B,5,45.122411,-88.722567,45.748575,-89.163826,0.403209,0.064225,178.6934,-0.055223,178.6316,-0.068432,45.697559,-88.013665,178.6936,1.151292,0.912873,0.051016,-1.150161,-0.575148,-0.708902
595,101.739,B,5,43.600813,-88.999907,45.602954,-89.087645,0.400488,0.040932,178.6623,0.019405,178.7563,0.086736,45.486525,-88.006177,178.6780,1.087717,2.131528,0.116429,-1.081468,-1.885712,-0.993730
596,101.911,B,5,44.599613,-88.598759,45.192306,-89.075380,0.441860,0.035885,178.9735,0.002212,178.9330,-0.043893,45.273497,-87.997428,178.9693,1.081005,0.903172,-0.081191,-1.077952,-0.673884,-0.601331
597,102.104,B,5,44.697783,-90.122994,45.041489,-88.990963,0.425788,0.012775,178.8612,0.008220,178.8646,0.052767,45.052992,-87.992174,178.8208,0.998855,2.160224,-0.011503,-0.998789,-0.355209,-2.130820
598,102.281,B,5,44.016795,-88.825838,44.937881,-89.198158,0.398095,0.060963,179.0553,0.007243,179.0252,-0.013283,44.824304,-87.982826,179.0396,1.220627,1.167365,0.113577,-1.215332,-0.807509,-0.843012
599,102.448,B,5,44.482227,-88.872991,44.731471,-89.135455,0.400153,0.040240,178.8915,-0.040916,178.8104,-0.101352,44.586652,-87.976959,178.8989,1.167512,0.902096,0.144819,-1.158495,-0.104426,-0.896032
600,102.605,B,5,42.878390,-89.482034,44.647449,-89.090543,0.372799,0.025347,178.4714,-0.038672,178.4609,0.010605,44.351958,-87.971585,178.4598,1.157316,2.110180,0.295491,-1.118957,-1.473568,-1.510449
601,102.764,B,5,43.234791,-88.792140,44.289038,-89.163525,0.412977,0.041923,178.7976,0.059635,178.7981,0.033500,44.116775,-87.964173,178.7552,1.211660,1.209721,0.172264,-1.199352,-0.881984,-0.827967
602,102.922,B,5,43.772147,-87.800781,44.057043,-89.098951,0.419299,0.023070,178.4831,-0.092839,178.4261,-0.118301,43.893306,-87.962580,178.5369,1.148106,0.202135,0.163737,-1.136371,-0.121159,0.161799
603,103.088,B,5,42.614046,-88.669556,43.964794,-88.863293,0.392792,-0.034910,178.1807,-0.012204,178.1902,0.023941,43.677417,-87.962381,178.1687,0.945636,1.277049,0.287377,-0.900912,-1.063371,-0.707175
604,103.244,B,5,42.816786,-88.144379,43.680957,-88.823336,0.413664,-0.038372,177.8812,-0.095469,177.8427,-0.140014,43.465656,-87.960674,177.9705,0.889124,0.674373,0.215302,-0.862662,-0.648870,-0.183705
605,103.419,B,5,43.479458,-88.888301,43.483896,-88.694210,0.412089,-0.062983,177.4682,-0.047132,177.4729,-0.060855,43.258813,-87.960580,177.5175,0.767383,0.953599,0.225084,-0.733630,0.220645,-0.927721
606,103.623,B,5,43.322139,-88.737048,43.443797,-88.721743,0.372434,-0.048538,177.4020,0.029110,177.4568,0.091070,43.052398,-87.957025,177.3851,0.859061,0.825346,0.391399,-0.764718,0.269741,-0.780023
607,103.781,B,5,42.388971,-89.283406,43.386071,-88.718351,0.341888,-0.043050,177.5734,-0.033073,177.5703,-0.108259,42.853841,-87.951413,177.6613,0.933522,1.410783,0.532230,-0.766938,-0.464870,-1.331993
608,103.943,B,5,41.886529,-89.729734,43.171680,-88.815563,0.351285,-0.013015,176.8215,-0.113814,176.8281,-0.057704,42.644327,-87.953172,176.8945,1.010850,1.931432,0.527352,-0.862391,-0.757798,-1.776562
609,104.100,B,5,41.942297,-87.549527,42.903763,-88.979008,0.371604,0.029775,177.0202,0.068187,177.0713,0.091801,42.446617,-87.950227,176.9837,1.125776,0.644127,0.457146,-1.028780,-0.504320,0.400701
610,104.263,B,5,41.301930,-89.020519,42.692781,-88.719455,0.379926,-0.033177,177.0937,-0.019915,177.0991,-0.075640,42.255838,-87.946207,177.1591,0.888162,1.436693,0.436943,-0.773248,-0.953908,-1.074312
611,104.436,B,5,41.110890,-89.123383,42.402946,-88.769143,0.402962,-0.014470,176.9232,0.011420,176.9818,0.073407,42.066383,-87.942970,176.9255,0.892097,1.518665,0.336562,-0.826173,-0.955493,-1.180413
612,104.591,B,5,41.225184,-90.236441,42.128872,-88.830386,0.419382,0.004656,177.4342,0.070642,177.4757,0.028167,41.891902,-87.932209,177.4396,0.928911,2.398749,0.236970,-0.898177,-0.666719,-2.304232
613,104.755,B,5,41.577430,-89.559111,41.923913,-89.085319,0.415386,0.066669,177.5097,0.025680,177.5466,0.077191,41.716837,-87.923818,177.4867,1.179816,1.641224,0.207076,-1.161501,-0.139407,-1.635293
614,104.948,B,5,40.766112,-88.363164,41.820656,-89.176547,0.389522,0.081387,178.0884,0.084006,178.1063,0.040869,41.550196,-87.911996,178.0587,1.293150,0.904622,0.270460,-1.264551,-0.784084,-0.451167
615,105.166,B,5,40.604818,-89.595644,41.590780,-89.035019,0.399191,0.040430,178.5610,0.109063,178.6716,0.080555,41.348675,-87.899407,178.6318,1.161133,1.852173,0.242105,-1.135612,-0.743857,-1.696237
616,105.305,B,5,40.320501,-88.191889,41.372695,-89.140375,0.402422,0.062516,179.1546,0.108534,179.1954,0.117344,41.214092,-87.890287,179.0925,1.260108,0.943116,0.158602,-1.250087,-0.893591,-0.301602
617,105.469,B,5,40.405349,-88.653709,41.142104,-88.973255,0.410770,0.017257,179.8389,0.123673,179.8924,0.129043,41.012626,-87.873953,179.9220,1.106900,0.988334,0.129478,-1.099302,-0.607277,-0.779756
618,105.618,B,5,39.616783,-88.565339,40.976532,-88.916776,0.411830,0.002893,-179.5451,0.135504,-179.3315,0.141766,40.846488,-87.857648,-179.2989,1.067082,1.418803,0.130044,-1.059128,-1.229706,-0.707691
619,105.796,B,5,40.274246,-88.848698,40.683146,-88.854026,0.423621,-0.011085,-178.5287,0.151140,-178.4790,0.154772,40.683936,-87.839417,-178.4433,1.014609,1.089263,-0.000790,-1.014609,-0.409690,-1.009281
620,105.951,B,5,40.207770,-89.718492,40.566287,-88.853427,0.400594,-0.009926,-177.5588,0.164422,-177.5495,0.169184,40.557288,-87.824167,-177.7035,1.029299,1.926300,0.009000,-1.029260,-0.349518,-1.894325
621,106.124,B,5,39.875073,-89.381333,40.464250,-89.012225,0.377343,0.028789,-176.5757,0.178047,-176.5427,0.183256,40.373031,-87.801169,-176.5008,1.214486,1.656768,0.091219,-1.211056,-0.497958,-1.580164
622,106.300,B,5,39.857787,-88.651656,40.328466,-89.083434,0.373997,0.042776,-175.7077,0.188770,-175.4609,0.195415,40.253121,-87.785779,-175.6388,1.299841,0.951857,0.075345,-1.297655,-0.395334,-0.865877
623,106.479,B,5,39.331559,-89.195772,40.057812,-89.043738,0.399046,0.026897,-174.5661,0.203011,-174.3108,0.207325,40.104522,-87.765798,-174.4991,1.278793,1.625515,-0.046710,-1.277940,-0.772963,-1.429974
624,106.624,B,5,39.157244,-88.340131,40.019911,-89.050268,0.360706,0.024303,-173.3659,0.210587,-173.1002,0.217651,39.955030,-87.744157,-173.2977,1.307721,0.995815,0.064880,-1.306111,-0.797786,-0.595974
625,106.772,B,5,39.058716,-88.984290,39.829202,-88.927104,0.362748,-0.011150,-172.1188,0.219900,-171.8341,0.225124,39.802995,-87.720613,-172.0404,1.206775,1.466571,0.026207,-1.206490,-0.744279,-1.263677
626,106.934,B,5,38.977871,-89.090200,39.655539,-88.941634,0.361958,-0.009512,-171.0073,0.163134,-170.9122,0.099999,39.644467,-87.697727,-170.9972,1.243956,1.543804,0.011071,-1.243907,-0.666596,-1.392473
627,107.101,B,5,39.586294,-88.649429,39.492050,-88.974583,0.350031,-0.004168,-169.8462,0.220019,-169.8072,0.272585,39.479835,-87.677761,-170.0487,1.296880,0.977483,0.012215,-1.296822,0.106458,-0.971668
628,107.259,B,5,38.859388,-88.635769,39.476005,-88.921112,0.311096,-0.017409,-168.2044,0.261569,-168.1904,0.209565,39.309158,-87.657400,-168.3926,1.274678,1.076800,0.166847,-1.263711,-0.449770,-0.978369
629,107.425,B,5,38.422207,-88.612690,39.333805,-88.873986,0.306362,-0.030832,-167.3941,0.127378,-167.4053,0.151716,39.135508,-87.645763,-167.5352,1.244128,1.201560,0.198298,-1.228224,-0.713301,-0.966928
630,107.595,B,5,38.486554,-89.111676,39.138151,-88.830561,0.314536,-0.043981,-166.1039,0.252212,-166.0834,0.240848,38.961319,-87.630021,-166.3158,1.213493,1.555861,0.176832,-1.200540,-0.474764,-1.481655
631,107.786,B,5,38.392812,-89.060094,38.989224,-88.885472,0.313865,-0.031797,-165.1977,0.124169,-165.2232,0.128049,38.786254,-87.616017,-165.3304,1.285579,1.496715,0.202970,-1.269455,-0.393441,-1.444077
632,107.971,B,5,37.717833,-88.779794,38.850763,-88.922536,0.310303,-0.025482,-164.1230,0.195843,-164.1400,0.161734,38.607791,-87.600771,-164.3003,1.343912,1.477200,0.242972,-1.321766,-0.889958,-1.179023
633,108.136,B,5,37.665999,-89.048975,38.615050,-88.903024,0.327426,-0.037886,-163.2664,0.159167,-163.2839,0.171708,38.423284,-87.589907,-163.4361,1.327045,1.643886,0.191765,-1.313117,-0.757285,-1.459068
634,108.308,B,5,37.445075,-89.137567,38.411158,-88.935802,0.337317,-0.036176,-162.3714,0.153153,-162.3974,0.147214,38.230023,-87.582997,-162.5371,1.364878,1.741503,0.181135,-1.352806,-0.784948,-1.554570
635,108.470,B,5,37.454800,-88.501645,38.203412,-88.979667,0.347454,-0.033171,-161.5181,0.147384,-161.5534,0.144539,38.027279,-87.581647,-161.6858,1.409071,1.083572,0.176133,-1.398019,-0.572480,-0.919998
636,108.643,B,5,37.079921,-89.429450,38.034241,-88.900683,0.340690,-0.057518,-160.7098,0.140837,-160.7498,0.138851,37.816179,-87.584556,-160.8755,1.334070,1.986381,0.218062,-1.316127,-0.736259,-1.844894
637,108.804,B,5,37.387208,-88.181817,37.828019,-89.003135,0.353479,-0.040122,-159.9322,0.133759,-159.9901,0.130926,37.599558,-87.589693,-160.1088,1.431787,0.629050,0.228461,-1.413442,-0.212350,-0.592124
638,108.984,B,5,36.819977,-89.307213,37.714210,-88.861945,0.328509,-0.075448,-159.2132,0.125873,-159.2721,0.123675,37.380890,-87.595589,-159.3844,1.309488,1.801189,0.333319,-1.266356,-0.560914,-1.711625
639,109.192,B,5,36.535420,-89.144462,37.519503,-88.947944,0.339349,-0.060518,-158.5237,0.118653,-158.5897,0.117458,37.162944,-87.602045,-158.6968,1.392329,1.665184,0.356559,-1.345899,-0.627524,-1.542418
640,109.362,B,5,36.012331,-88.354276,37.307917,-88.990768,0.349825,-0.059061,-157.8681,0.113450,-157.9369,0.111252,36.946683,-87.609885,-158.0395,1.427350,1.194626,0.361234,-1.380883,-0.934352,-0.744391
641,109.533,B,5,36.497565,-89.261269,37.038522,-88.882847,0.360981,-0.096709,-157.2536,0.107944,-157.3102,0.106728,36.730868,-87.620212,-157.4088,1.299576,1.657558,0.307655,-1.262635,-0.233303,-1.641057
642,109.698,B,5,36.631524,-87.989751,36.904584,-88.956939,0.353654,-0.079431,-156.6497,0.104047,-156.7097,0.101989,36.512658,-87.633767,-156.8039,1.379996,0.375305,0.391926,-1.323171,0.118867,-0.355984
643,109.863,B,5,35.490801,-88.951664,36.820337,-88.787450,0.316881,-0.115096,-156.0870,0.099093,-156.1364,0.096293,36.289123,-87.650777,-156.2263,1.254677,1.526311,0.531213,-1.136674,-0.798322,-1.300887
644,110.026,B,5,36.117928,-88.991312,36.545906,-88.820129,0.342774,-0.117207,-155.5395,0.094761,-155.5901,0.093279,36.058902,-87.671203,-155.6758,1.247881,1.321428,0.487005,-1.148927,0.059026,-1.320110
645,110.197,B,5,35.225286,-88.749859,36.433379,-88.854947,0.329749,-0.105632,-155.0185,0.090291,-155.0667,0.088071,35.823052,-87.694981,-155.1491,1.310733,1.212473,0.610327,-1.159966,-0.597766,-1.054878
646,110.384,B,5,34.686423,-88.571978,36.180275,-88.840440,0.344939,-0.118892,-154.5205,0.087095,-154.5616,0.085374,35.584606,-87.721948,-154.6413,1.267219,1.236642,0.595670,-1.118491,-0.898183,-0.850030
647,110.583,B,5,35.196722,-89.538461,35.873231,-88.795998,0.367175,-0.142611,-154.0398,0.084410,-154.0723,0.083916,35.347055,-87.751591,-154.1495,1.169465,1.793183,0.526176,-1.044408,-0.150332,-1.786870
648,110.745,B,5,34.946131,-89.506501,35.712488,-88.934697,0.371288,-0.110684,-153.5585,0.082105,-153.5996,0.081653,35.112630,-87.783009,-153.6740,1.298543,1.731515,0.599859,-1.151688,-0.166498,-1.723492
649,110.893,B,5,35.009518,-89.690914,35.536295,-89.045524,0.375831,-0.090541,-153.3330,0.000050,-153.4423,-0.062947,34.883490,-87.816503,-153.3946,1.391634,1.878643,0.652805,-1.229021,0.126027,-1.874411
650,111.058,B,5,34.385106,-89.183762,35.404278,-89.171600,0.371864,-0.065604,-153.3746,0.030778,-153.4357,0.082251,34.666819,-87.846568,-153.5004,1.516429,1.366547,0.737460,-1.325033,-0.281713,-1.337194
651,111.233,B,5,34.004931,-89.545275,35.183880,-89.184553,0.376466,-0.077054,-152.7243,0.106724,-152.7920,0.059930,34.406212,-87.878071,-152.7807,1.520416,1.714817,0.777668,-1.306482,-0.401281,-1.667205
652,111.404,B,5,33.822627,-89.966131,34.933554,-89.260458,0.393104,-0.076951,-152.9137,-0.066165,-153.0236,-0.064128,34.197574,-87.908460,-153.0370,1.539339,2.091553,0.735980,-1.351998,-0.374947,-2.057671
653,111.566,B,5,33.394843,-89.857405,34.694207,-89.399821,0.411809,-0.062495,-152.8390,0.047566,-152.9104,0.072375,33.982518,-87.941694,-152.8960,1.622540,2.003825,0.711689,-1.458127,-0.587675,-1.915712
654,111.751,B,5,32.902258,-88.732792,34.419549,-89.496069,0.431470,-0.062939,-152.9615,-0.060473,-153.0882,-0.094372,33.811112,-87.972621,-153.0041,1.640454,1.184852,0.608437,-1.523448,-0.908854,-0.760171
655,111.965,B,5,32.827477,-89.197235,34.101486,-89.370810,0.434645,-0.115230,-153.1739,-0.014335,-153.2483,-0.027628,33.554885,-88.023166,-153.2565,1.454275,1.381145,0.546601,-1.347644,-0.727408,-1.174069
656,112.162,B,5,32.402753,-89.709553,33.828582,-89.347669,0.439402,-0.135330,-153.5143,-0.061934,-153.5909,-0.050326,33.346621,-88.065650,-153.6006,1.369620,1.895601,0.481961,-1.282019,-0.943868,-1.643903
657,112.329,B,5,32.330465,-88.599924,33.523303,-89.421009,0.459359,-0.135470,-153.9153,-0.071481,-153.9805,-0.077392,33.185241,-88.097773,-153.9104,1.365738,0.991362,0.338062,-1.323236,-0.854776,-0.502151
658,112.490,B,5,33.085903,-88.951336,33.258395,-89.278719,0.446015,-0.177405,-154.4415,-0.087172,-154.4706,-0.092523,32.954056,-88.142653,-154.4920,1.176125,0.819362,0.304339,-1.136066,0.131847,-0.808684
659,112.649,B,5,32.513737,-88.724608,33.184747,-89.221645,0.403628,-0.176529,-154.9732,-0.100839,-155.0431,-0.106512,32.770068,-88.178825,-155.0676,1.122245,0.602979,0.414679,-1.042820,-0.256330,-0.545783
660,112.813,B,5,32.597268,-90.624860,33.029033,-89.132238,0.389214,-0.195365,-155.4907,-0.111104,-155.6886,-0.118035,32.590600,-88.216660,-155.7158,1.015139,2.408209,0.438434,-0.915578,0.006668,-2.408200
661,112.987,B,5,31.777761,-89.584095,32.902368,-89.402121,0.389414,-0.122692,-156.3238,-0.126182,-156.4007,-0.129068,32.447368,-88.249622,-156.2824,1.239064,1.493048,0.455000,-1.152499,-0.669608,-1.334473
662,113.171,B,5,31.615128,-89.741405,32.658569,-89.439064,0.399086,-0.124667,-157.1014,-0.137083,-157.1790,-0.140714,32.265614,-88.294838,-157.0499,1.209821,1.586093,0.392955,-1.144226,-0.650487,-1.446567
663,113.354,B,5,31.372796,-89.067496,32.437114,-89.496672,0.415291,-0.122421,-157.7728,-0.146939,-158.0270,-0.152941,32.079425,-88.343747,-157.8865,1.207136,1.011502,0.357689,-1.152925,-0.706629,-0.723749
664,113.517,B,5,30.985654,-89.763818,32.204481,-89.422452,0.409713,-0.147215,-158.6895,-0.159751,-158.9467,-0.166556,31.889980,-88.394621,-158.7948,1.074871,1.640885,0.314501,-1.027831,-0.904326,-1.369196
665,113.679,B,5,30.827984,-90.167497,31.934334,-89.485157,0.416595,-0.138309,-159.8660,-0.173922,-159.9349,-0.177019,31.700877,-88.445752,-159.7725,1.065300,1.930374,0.233457,-1.039405,-0.872892,-1.721745
666,113.845,B,5,30.966907,-89.737823,31.690450,-89.610090,0.432088,-0.117078,-160.9112,-0.184674,-160.9838,-0.186868,31.516540,-88.496359,-160.8122,1.127227,1.357693,0.173910,-1.113731,-0.549633,-1.241464
667,114.002,B,5,31.475734,-90.200967,31.515669,-89.635717,0.421491,-0.112862,-162.0155,-0.193004,-162.0853,-0.196570,31.339783,-88.546753,-161.9057,1.103076,1.659790,0.175886,-1.088963,0.135950,-1.654213
668,114.171,B,5,30.072009,-89.471182,31.466309,-89.740501,0.391770,-0.080057,-163.1662,-0.201870,-163.2346,-0.205275,31.170583,-88.597650,-163.0475,1.180492,1.403540,0.295726,-1.142851,-1.098574,-0.873532
669,114.358,B,5,30.583590,-89.879098,31.174173,-89.694087,0.405985,-0.105022,-164.3766,-0.209830,-164.4314,-0.213785,31.006365,-88.649536,-164.2366,1.057944,1.300217,0.167807,-1.044551,-0.422776,-1.229562
670,114.548,B,5,30.034101,-90.017540,31.026221,-89.727957,0.393652,-0.096323,-165.6279,-0.218743,-165.6777,-0.222230,30.842970,-88.702603,-165.4749,1.041600,1.543803,0.183251,-1.025354,-0.808869,-1.314937
671,114.741,B,5,29.862157,-89.575958,30.806493,-89.780315,0.400358,-0.089546,-166.8828,-0.208693,-166.9118,-0.170156,30.676342,-88.757049,-166.7459,1.031510,1.154776,0.130151,-1.023266,-0.814184,-0.818909
672,114.905,B,5,30.137654,-89.779296,30.595217,-89.742820,0.397745,-0.102203,-167.6495,-0.141321,-167.6761,-0.184956,30.499849,-88.810825,-167.5144,0.936862,1.033983,0.095368,-0.931995,-0.362195,-0.968471
673,115.064,B,5,29.899413,-90.233538,30.472440,-89.747430,0.378833,-0.096800,-169.1382,-0.292681,-169.2165,-0.308293,30.312303,-88.870287,-168.9223,0.891641,1.424405,0.160138,-0.877143,-0.412890,-1.363251
674,115.215,B,5,29.413115,-89.799489,30.330365,-89.833027,0.372083,-0.074380,-170.3907,-0.174548,-170.3971,-0.113507,30.119879,-88.929658,-170.2818,0.927567,1.120768,0.210486,-0.903369,-0.706764,-0.869831
675,115.403,B,5,29.962458,-89.860752,30.126920,-89.825216,0.374099,-0.079100,-171.2283,-0.178325,-171.2634,-0.231587,29.889739,-88.997738,-171.3180,0.860799,0.866072,0.237181,-0.827478,0.072719,-0.863014
676,115.568,B,5,29.263978,-90.365117,30.060273,-89.829194,0.345410,-0.071756,-172.5611,-0.200751,-172.5567,-0.146741,29.739181,-89.046903,-172.4118,0.845623,1.401252,0.321092,-0.782291,-0.475204,-1.318214
677,115.731,B,5,28.607179,-89.918616,29.881235,-89.923689,0.350930,-0.050206,-173.3616,-0.167116,-173.3843,-0.216998,29.555102,-89.101751,-173.1951,0.884276,1.251329,0.326133,-0.821938,-0.947922,-0.816864
678,115.900,B,5,28.872577,-90.143631,29.615262,-89.920990,0.370882,-0.057129,-174.3860,-0.150268,-174.3793,-0.148961,29.373417,-89.157808,-174.2520,0.800584,1.105752,0.241844,-0.763182,-0.500840,-0.985822
679,116.092,B,5,28.324633,-90.648774,29.443938,-89.958955,0.368524,-0.048361,-175.3299,-0.159561,-175.3229,-0.159542,29.188681,-89.211466,-175.1693,0.789871,1.677031,0.255257,-0.747489,-0.864048,-1.437308
680,116.260,B,5,28.044651,-90.314806,29.204135,-90.082081,0.385831,-0.022824,-176.2030,-0.151336,-176.1950,-0.147751,28.995273,-89.265578,-176.0584,0.842794,1.415826,0.208863,-0.816504,-0.950622,-1.049229
681,116.448,B,5,27.855372,-91.043393,28.955812,-90.123992,0.399725,-0.018545,-177.0295,-0.142246,-177.0222,-0.139448,28.748091,-89.331905,-177.0544,0.818870,1.930321,0.207720,-0.792086,-0.892720,-1.711487
682,116.618,B,5,27.197764,-90.619647,28.716558,-90.290949,0.413861,0.015881,-177.7983,-0.134121,-177.8079,-0.133428,28.575381,-89.376543,-177.6846,0.925241,1.855569,0.141177,-0.914407,-1.377616,-1.243104
683,116.786,B,5,27.216469,-90.757256,28.400212,-90.353018,0.440872,0.020369,-178.5426,-0.128310,-178.5608,-0.128570,28.310730,-89.442091,-178.5903,0.915311,1.710866,0.089481,-0.910927,-1.094261,-1.315164
684,116.947,B,5,27.321182,-90.459768,28.142133,-90.428986,0.451173,0.030290,-179.2637,-0.124682,-179.2869,-0.122488,28.091241,-89.494033,-179.3154,0.936337,1.235166,0.050892,-0.934953,-0.770060,-0.965735
685,117.131,B,5,27.277167,-90.369090,27.947505,-90.437632,0.443231,0.025462,-179.9935,-0.120986,-179.9872,-0.121313,27.876440,-89.543520,179.9853,0.896932,1.020144,0.071065,-0.894112,-0.599273,-0.825570
686,117.325,B,5,26.348714,-90.861425,27.784501,-90.427056,0.429471,0.017830,179.3508,-0.117262,179.3404,-0.116776,27.666687,-89.591600,179.3142,0.843722,1.830166,0.117814,-0.835456,-1.317973,-1.269825
687,117.509,B,5,26.732056,-90.911592,27.490905,-90.506241,0.460373,0.031577,178.8286,-0.113559,178.6993,-0.110042,27.459354,-89.639467,178.6744,0.867348,1.465355,0.031550,-0.866774,-0.727299,-1.272125
688,117.670,B,5,25.847969,-90.706622,27.312425,-90.579519,0.448730,0.043868,178.2059,-0.107535,178.0918,-0.104780,27.291872,-89.677959,178.1867,0.901795,1.772852,0.020553,-0.901561,-1.443903,-1.028664
689,117.824,B,5,25.771314,-90.745221,26.993806,-90.605419,0.461388,0.042216,177.4965,-0.100835,177.5168,-0.098228,27.031570,-89.735303,177.4945,0.870935,1.614986,-0.037764,-0.870116,-1.260256,-1.009917
690,117.982,B,5,26.355683,-89.958740,26.734984,-90.632200,0.479812,0.043935,177.0531,-0.096332,176.9703,-0.093376,26.849659,-89.772371,177.0560,0.867442,0.527964,-0.114675,-0.859829,-0.493976,-0.186369
691,118.142,B,5,26.239268,-90.023197,26.621614,-90.511129,0.449764,0.009780,176.5129,-0.091496,176.4483,-0.090058,26.613111,-89.816578,176.5302,0.694603,0.427141,0.008504,-0.694551,-0.373843,-0.206619
692,118.306,B,5,25.643682,-90.466009,26.502486,-90.419649,0.414667,-0.012532,175.9017,-0.086323,175.9498,-0.084472,26.320664,-89.866665,175.9303,0.582109,0.904168,0.181821,-0.552985,-0.676983,-0.599344
693,118.456,B,5,26.254182,-90.275138,26.306148,-90.423694,0.411899,-0.008824,175.4262,-0.082834,175.4761,-0.079548,26.124501,-89.899072,175.5502,0.555179,0.397798,0.181647,-0.524622,0.129681,-0.376066
694,118.636,B,5,25.637890,-91.394940,26.257310,-90.392463,0.374725,-0.014337,174.9787,-0.077007,175.0284,-0.074996,25.881506,-89.939559,175.0983,0.588515,1.475629,0.375804,-0.452903,-0.243616,-1.455381
695,118.836,B,5,24.559127,-90.690936,26.108400,-90.570478,0.363960,0.031244,174.5746,-0.072055,174.6060,-0.070648,25.642221,-89.980536,174.6719,0.751900,1.295284,0.466178,-0.589942,-1.083094,-0.710399
696,119.012,B,5,25.002873,-89.815795,25.790864,-90.591654,0.395635,0.036438,174.1861,-0.066777,174.2068,-0.066812,25.405309,-90.021672,174.2692,0.688137,0.452040,0.385555,-0.569982,-0.402436,0.205877
697,119.172,B,5,24.610481,-91.729679,25.609269,-90.449585,0.393437,0.001312,173.8057,-0.064094,173.8289,-0.061111,25.166928,-90.061996,173.8880,0.588124,1.758067,0.442341,-0.387589,-0.556448,-1.667683
698,119.340,B,5,23.270625,-90.286309,25.389395,-90.678647,0.395238,0.059111,173.4723,-0.060039,173.4726,-0.059101,24.922061,-90.100601,173.5280,0.743329,1.661845,0.467334,-0.578046,-1.651437,-0.185708
699,119.499,B,5,24.443045,-91.282895,24.964935,-90.607939,0.449833,0.043067,173.1367,-0.056621,173.1415,-0.055637,24.666884,-90.137277,173.1925,0.557097,1.167281,0.298051,-0.470663,-0.223839,-1.145618
700,119.658,B,5,23.589315,-90.561610,24.826264,-90.729708,0.426791,0.069804,172.8372,-0.052574,172.8401,-0.052209,24.400529,-90.172551,172.8862,0.701194,0.899686,0.425735,-0.557156,-0.811214,-0.389058
701,119.823,B,5,23.270816,-89.662132,24.559337,-90.700303,0.439697,0.060510,172.5506,-0.048357,172.5692,-0.046729,24.125407,-90.207210,172.6106,0.656838,1.013624,0.433930,-0.493093,-0.854590,0.545078
702,119.999,B,5,22.880522,-91.400943,24.282081,-90.511072,0.457138,0.015254,172.2794,-0.044309,172.3234,-0.042411,23.846214,-90.241682,172.3614,0.512397,1.508790,0.435867,-0.269390,-0.965692,-1.159261
703,120.197,B,5,22.437344,-91.039720,23.982744,-90.668529,0.469649,0.058170,172.0578,-0.040301,172.0951,-0.040659,23.567679,-90.275821,172.1307,0.571401,1.364258,0.415065,-0.392709,-1.130335,-0.763900
704,120.375,B,5,22.804291,-91.581540,23.655614,-90.735193,0.489262,0.075686,171.8435,-0.037728,171.8791,-0.036729,23.292373,-90.309266,171.9129,0.559784,1.362683,0.363242,-0.425927,-0.488081,-1.272275
705,120.533,B,5,22.339014,-91.361631,23.452754,-90.889817,0.474716,0.108927,171.6559,-0.034130,171.6754,-0.034252,23.019933,-90.341917,171.7070,0.698233,1.226160,0.432821,-0.547901,-0.680920,-1.019714
706,120.699,B,5,21.702309,-91.409800,23.203042,-90.979359,0.474532,0.124415,171.4773,-0.031705,171.4879,-0.031152,22.747344,-90.373965,171.5166,0.757735,1.471412,0.455698,-0.605394,-1.045035,-1.035835
707,120.862,B,5,22.147495,-91.551568,22.882639,-91.062650,0.491067,0.138934,171.3127,-0.028756,171.3211,-0.028617,22.470123,-90.405459,171.3463,0.775931,1.190653,0.412515,-0.657191,-0.322629,-1.146109
708,121.028,B,5,21.857514,-91.114020,22.699912,-91.157718,0.472724,0.150621,171.1716,-0.024806,171.1748,-0.024416,22.184574,-90.435910,171.1970,0.886894,0.752863,0.515338,-0.721809,-0.327060,-0.678110
709,121.187,B,5,21.145672,-91.440731,22.499249,-91.156953,0.463674,0.139097,171.0352,-0.022693,171.0432,-0.020940,21.889758,-90.464415,171.0636,0.922543,1.227541,0.609490,-0.692537,-0.744086,-0.976316
710,121.385,B,5,20.822359,-92.215600,22.206451,-91.214768,0.475461,0.145867,170.9105,-0.021695,170.9185,-0.021133,21.527187,-90.495034,170.9136,0.989655,1.859335,0.679264,-0.719734,-0.704828,-1.720565
711,121.579,B,5,20.722674,-91.009799,21.906800,-91.403674,0.483018,0.183081,170.8040,-0.020607,170.7963,-0.020376,21.223148,-90.517708,170.7914,1.119069,0.701875,0.683652,-0.885966,-0.500474,-0.492091
712,121.737,B,5,20.639780,-90.984553,21.642352,-91.341677,0.489741,0.155977,170.6783,-0.019858,170.6769,-0.019148,20.981883,-90.534752,170.6957,1.042759,0.565116,0.660469,-0.806925,-0.342103,-0.449801
713,121.891,B,5,19.918214,-91.486133,21.410796,-91.283614,0.487844,0.132069,170.5576,-0.019526,170.5635,-0.017669,20.684697,-90.555819,170.5811,1.028058,1.205397,0.726099,-0.727795,-0.766483,-0.930314
714,122.059,B,5,19.038211,-90.420478,21.090442,-91.325208,0.503506,0.137685,170.4525,-0.017671,170.4585,-0.018307,20.334128,-90.581666,170.4545,1.060597,1.305903,0.756314,-0.743542,-1.295917,0.161188
715,122.211,B,5,19.650588,-92.265182,20.666582,-91.165100,0.548809,0.099303,170.3310,-0.018164,170.3620,-0.017015,20.044094,-90.603050,170.3583,0.838685,1.708078,0.622488,-0.562051,-0.393506,-1.662132
716,122.369,B,5,19.188856,-91.470374,20.427773,-91.366107,0.532146,0.143551,170.2517,-0.016808,170.2708,-0.016997,19.751868,-90.622513,170.2672,1.004878,1.017767,0.675906,-0.743593,-0.563011,-0.847861
717,122.523,B,5,19.097367,-91.288753,20.149251,-91.389941,0.533232,0.142635,170.1583,-0.016216,170.1808,-0.017375,19.454156,-90.638418,170.1772,1.023691,0.741778,0.695095,-0.751522,-0.356790,-0.650335
718,122.689,B,5,18.783660,-91.729891,19.904683,-91.376147,0.527610,0.131869,170.0669,-0.014949,170.0904,-0.014885,19.149907,-90.650316,170.0868,1.047148,1.140009,0.754776,-0.725832,-0.366247,-1.079576
719,122.855,B,5,19.030132,-92.530831,19.659246,-91.443277,0.532954,0.145028,170.0063,-0.014048,170.0023,-0.014096,18.902823,-90.657582,170.0161,1.090639,1.877570,0.756423,-0.785696,0.127309,-1.873249
720,123.041,B,5,17.750970,-91.817070,19.483711,-91.647047,0.490806,0.179182,169.9264,-0.013951,169.9204,-0.012359,18.592253,-90.665350,169.9330,1.326057,1.426260,0.891458,-0.981697,-0.841283,-1.151720
721,123.201,B,5,17.571568,-92.479184,19.118477,-91.686628,0.516331,0.181625,169.8520,-0.012805,169.8464,-0.013166,18.221989,-90.674710,169.8436,1.351913,1.918117,0.896488,-1.011918,-0.650421,-1.804473
722,123.349,B,5,17.332721,-90.385353,18.784623,-91.839449,0.526947,0.209146,169.7865,-0.013122,169.7786,-0.013363,17.918179,-90.682905,169.7760,1.445102,0.656733,0.866444,-1.156545,-0.585458,0.297552
723,123.490,B,5,17.054696,-90.779029,18.466630,-91.585050,0.548804,0.137727,169.6859,-0.012722,169.7133,-0.012133,17.678380,-90.689114,169.7237,1.193330,0.630133,0.788249,-0.895935,-0.623685,-0.089915
724,123.642,B,5,16.071291,-91.478661,18.155100,-91.441439,0.562168,0.100593,169.1531,-0.128726,169.1594,-0.134946,17.383853,-90.699745,169.2936,1.070015,1.526280,0.771247,-0.741694,-1.312562,-0.778916
725,123.789,B,5,16.501562,-91.791983,17.732853,-91.447389,0.608798,0.110285,168.8147,-0.050981,168.9033,0.032998,17.099161,-90.707970,168.8807,0.973810,1.237824,0.633692,-0.739418,-0.597599,-1.084013
726,123.956,B,5,15.088327,-91.993577,17.440290,-91.509260,0.588785,0.121779,169.0046,-0.003441,169.0382,-0.063095,16.812189,-90.711825,169.0839,1.015093,2.148159,0.628101,-0.797435,-1.723862,-1.281752
727,124.143,B,5,15.096756,-91.409980,16.967199,-91.597319,0.641212,0.151826,168.4376,-0.131964,168.3177,-0.092603,16.527039,-90.722866,168.4124,0.978984,1.586768,0.440160,-0.874453,-1.430282,-0.687114
728,124.331,B,5,15.291694,-91.482293,16.553667,-91.564999,0.648347,0.141110,168.1492,-0.008472,168.1890,-0.031241,16.235171,-90.730099,168.2062,0.893587,1.206625,0.318496,-0.834900,-0.943477,-0.752194
729,124.495,B,5,15.016611,-91.576154,16.260012,-91.549996,0.640272,0.134167,167.5078,-0.136260,167.5760,-0.136826,15.942987,-90.741463,167.6396,0.868464,1.246949,0.317025,-0.808532,-0.926376,-0.834691
730,124.656,B,5,15.180720,-92.182387,15.970625,-91.553688,0.631270,0.132591,167.0702,-0.078179,167.0923,-0.117242,15.651876,-90.752287,167.1880,0.862465,1.505714,0.318749,-0.801402,-0.471156,-1.430100
731,124.821,B,5,14.928789,-91.691768,15.764652,-91.666676,0.598790,0.153129,166.3907,-0.103747,166.4115,-0.102778,15.368598,-90.765839,166.4993,0.984056,1.025073,0.396054,-0.900837,-0.439809,-0.925928
732,124.987,B,5,13.643036,-92.097722,15.552926,-91.671559,0.576411,0.146746,165.6752,-0.126074,165.6855,-0.129134,15.094934,-90.780279,165.8051,1.002067,1.960526,0.457992,-0.891280,-1.451898,-1.317443
733,125.153,B,5,14.046785,-91.530617,15.147721,-91.748488,0.597899,0.167818,164.9047,-0.137612,164.8983,-0.141157,14.830823,-90.797050,165.0287,1.002825,1.073702,0.316898,-0.951438,-0.784038,-0.733567
734,125.323,B,5,14.026633,-92.658568,14.887473,-91.708762,0.588916,0.152799,164.0599,-0.147885,164.0502,-0.151047,14.572744,-90.816768,164.1894,0.945890,1.921058,0.314729,-0.891994,-0.546111,-1.841800
735,125.509,B,5,13.717337,-92.237400,14.671962,-91.879869,0.559339,0.186438,163.1873,-0.156260,163.1520,-0.159252,14.315642,-90.839244,163.2988,1.099938,1.520792,0.356320,-1.040624,-0.598305,-1.398155
736,125.714,B,5,13.288229,-91.169453,14.441313,-91.945975,0.542048,0.193223,162.2478,-0.165871,162.2079,-0.169085,14.055223,-90.863109,162.3621,1.149637,0.825910,0.386090,-1.082866,-0.766994,-0.306344
737,125.905,B,5,12.332296,-91.373630,13.848773,-91.728764,0.636888,0.157204,161.2205,-0.176946,161.2139,-0.179207,13.789992,-90.886477,161.3766,0.844336,1.536944,0.058781,-0.842287,-1.457697,-0.487153
738,126.073,B,5,13.059864,-91.964906,13.786018,-91.722897,0.575694,0.142109,160.1618,-0.186361,160.1637,-0.189839,13.521724,-90.908138,160.3357,0.856553,1.153288,0.264293,-0.814759,-0.461861,-1.056768
739,126.228,B,5,12.438473,-91.269806,13.596945,-91.760352,0.547740,0.146994,159.0451,-0.197038,159.0549,-0.200386,13.254591,-90.928478,159.2361,0.899567,0.884620,0.342354,-0.831874,-0.816118,-0.341328
740,126.383,B,5,12.628133,-91.812659,13.331991,-91.664430,0.549064,0.126800,157.8631,-0.205407,157.8910,-0.208465,12.993233,-90.949557,158.0806,0.791076,0.937147,0.338758,-0.714873,-0.365100,-0.863103
741,126.548,B,5,12.944322,-91.637715,13.150266,-91.682087,0.523388,0.129799,156.6503,-0.212735,156.6792,-0.215911,12.740423,-90.973896,156.8760,0.818234,0.694428,0.409843,-0.708191,0.203899,-0.663819
742,126.731,B,5,12.311965,-91.538745,13.061748,-91.664979,0.482135,0.118313,155.3935,-0.219623,155.4262,-0.220717,12.496095,-91.002867,155.6293,0.870836,0.566629,0.565653,-0.662112,-0.184129,-0.535878
743,126.923,B,5,12.145942,-91.481683,12.878510,-91.632267,0.468135,0.112503,154.1020,-0.225960,154.1355,-0.228095,12.210752,-91.042729,154.0831,0.890761,0.443714,0.667758,-0.589538,-0.064810,-0.438955
744,127.113,B,5,11.473486,-92.150347,12.700112,-91.594150,0.455037,0.106591,152.7721,-0.232670,152.8059,-0.236041,12.022497,-91.070285,153.0214,0.856503,1.211589,0.677615,-0.523865,-0.549010,-1.080063
745,127.287,B,5,10.326760,-92.605319,12.433011,-91.683511,0.451799,0.137989,151.4103,-0.239782,151.4335,-0.243251,11.786571,-91.102915,151.6561,0.868894,2.094819,0.646440,-0.580597,-1.459811,-1.502405
746,127.459,B,5,11.665065,-92.421686,12.004717,-91.840716,0.477015,0.196240,150.0137,-0.247449,150.0161,-0.249589,11.548697,-91.131730,150.2459,0.842980,1.295194,0.456021,-0.708985,0.116368,-1.289956
747,127.631,B,5,11.792187,-92.159810,11.893520,-91.939242,0.434514,0.206203,148.5691,-0.253734,148.5552,-0.256162,11.309695,-91.156963,148.7917,0.976121,1.112880,0.583825,-0.782279,0.482492,-1.002847
748,127.806,B,5,10.471315,-92.206409,11.829016,-91.973985,0.392715,0.196866,147.0781,-0.260969,147.0546,-0.263270,11.072313,-91.180851,147.2972,1.096203,1.188684,0.756703,-0.793134,-0.600998,-1.025559
749,127.995,B,5,10.813928,-91.775672,11.539846,-92.010419,0.403042,0.212781,145.5484,-0.267549,145.5176,-0.270297,10.840020,-91.206397,145.7658,1.065930,0.569873,0.699826,-0.804022,-0.026092,-0.569275
750,128.176,B,5,9.908158,-91.739171,11.364413,-91.961717,0.396715,0.197829,143.9743,-0.274441,143.9462,-0.278455,10.615332,-91.235610,144.1998,1.043242,0.868141,0.749081,-0.726108,-0.707174,-0.503561
751,128.386,B,5,10.342713,-92.226068,11.057611,-91.912784,0.418144,0.200715,142.3591,-0.281645,142.3414,-0.283914,10.398897,-91.268653,142.6004,0.921308,0.959062,0.658714,-0.644131,-0.056184,-0.957415
752,128.575,B,5,9.668680,-91.967547,10.883823,-91.959562,0.397760,0.208605,140.7091,-0.288391,140.7039,-0.290402,10.189502,-91.304099,140.9681,0.954837,0.843456,0.694321,-0.655463,-0.520821,-0.663448
753,128.775,B,5,9.431147,-92.122262,10.620591,-91.951033,0.403870,0.216346,139.0244,-0.294202,139.0342,-0.298656,9.984303,-91.339548,139.3035,0.882483,0.958449,0.636288,-0.611485,-0.553156,-0.782714
754,129.000,B,5,9.524414,-91.983291,10.361302,-91.971127,0.403888,0.229744,137.3128,-0.298728,137.3353,-0.299229,9.738716,-91.378789,137.2668,0.859347,0.641364,0.622585,-0.592338,-0.214302,-0.604502
755,129.189,B,5,9.088865,-92.885591,10.165670,-91.962147,0.394397,0.228607,135.5811,-0.301819,135.6108,-0.303657,9.532026,-91.407330,135.5414,0.842215,1.543259,0.633644,-0.554817,-0.443161,-1.478262
756,129.372,B,5,9.390810,-92.102192,9.926867,-92.118038,0.370398,0.266080,133.8459,-0.305081,133.8629,-0.306199,9.323733,-91.432430,133.7925,0.913143,0.673113,0.603135,-0.685609,0.067078,-0.669763
757,129.556,B,5,9.188508,-91.588276,9.784668,-92.105917,0.353442,0.254129,132.0004,-0.309533,132.0904,-0.310239,9.116310,-91.455758,132.0190,0.932422,0.150909,0.668358,-0.650160,0.072197,-0.132518
758,129.742,B,5,9.176913,-91.537748,9.645725,-92.004711,0.360873,0.233513,130.6289,-0.312998,130.2903,-0.317386,8.953204,-91.474695,130.5803,0.872068,0.232425,0.692522,-0.530016,0.223709,-0.063053
759,129.906,B,5,8.588141,-92.142244,9.523422,-91.908201,0.354910,0.208992,128.7940,-0.318882,128.4613,-0.320570,8.754782,-91.500434,128.7558,0.870105,0.663091,0.768640,-0.407767,-0.166641,-0.641811
760,130.082,B,5,8.293530,-92.177439,9.318711,-91.936031,0.343584,0.224099,126.9389,-0.323974,126.6051,-0.326881,8.562686,-91.529523,126.9038,0.858384,0.701598,0.756025,-0.406508,-0.269156,-0.647916
761,130.254,B,5,7.863725,-92.222507,9.097694,-91.965656,0.334880,0.241417,125.0603,-0.328148,124.7265,-0.331184,8.375268,-91.561831,125.0283,0.827631,0.835565,0.722426,-0.403824,-0.511544,-0.660676
762,130.414,B,5,8.123944,-91.769599,8.830396,-91.995693,0.325040,0.259564,122.7943,-0.330468,122.8316,-0.331111,8.189537,-91.595657,123.1356,0.755466,0.185898,0.640858,-0.400036,-0.065593,-0.173942
763,130.580,B,5,8.481251,-92.401525,8.664473,-91.940800,0.321324,0.250661,120.8871,-0.332541,120.9260,-0.334907,8.002558,-91.628081,121.2315,0.732069,0.909595,0.661915,-0.312719,0.478693,-0.773444
764,130.745,B,5,7.486394,-92.452535,8.594483,-92.009761,0.280433,0.245377,118.9738,-0.334741,119.0109,-0.336113,7.812959,-91.656313,119.3180,0.857733,0.860589,0.781524,-0.353449,-0.326565,-0.796222
765,130.922,B,5,6.918429,-93.062461,8.359267,-92.076739,0.268178,0.270913,117.0490,-0.337202,117.0839,-0.336125,7.621312,-91.679130,117.3931,0.838254,1.551660,0.737955,-0.397609,-0.702883,-1.383331
766,131.109,B,5,6.858664,-92.254282,8.061905,-92.243123,0.245330,0.319837,115.1085,-0.341388,115.1413,-0.342266,7.429475,-91.697546,115.4533,0.835237,0.797358,0.632430,-0.545577,-0.570811,-0.556736
767,131.343,B,5,6.971017,-92.165875,7.804851,-92.235247,0.255951,0.338640,113.1371,-0.344235,113.1816,-0.345187,7.239439,-91.714473,113.4963,0.768697,0.525180,0.565412,-0.520774,-0.268422,-0.451402
768,131.508,B,5,6.471097,-91.530642,7.617101,-92.211840,0.253408,0.334686,111.1858,-0.332064,111.2586,-0.290658,7.052248,-91.733167,111.5343,0.740396,0.615429,0.564853,-0.478672,-0.581151,0.202526
769,131.653,B,5,6.950757,-92.262489,7.373659,-92.077402,0.279790,0.329793,109.8133,-0.242733,109.8970,-0.280464,6.875133,-91.754735,110.1476,0.593837,0.513355,0.498526,-0.322666,0.075624,-0.507754
770,131.796,B,5,6.931425,-92.002248,7.258657,-92.095302,0.254840,0.317967,107.7589,-0.394367,107.7733,-0.422188,6.692528,-91.784332,108.1704,0.645914,0.323356,0.566129,-0.310971,0.238897,-0.217916
771,131.964,B,5,6.182847,-91.855151,7.163240,-92.063702,0.240421,0.298133,105.8699,-0.284572,105.9523,-0.220470,6.507240,-91.813898,106.1675,0.701953,0.327006,0.656000,-0.249804,-0.324393,-0.041253
772,132.132,B,5,6.474149,-92.497959,6.952215,-92.010497,0.243682,0.303802,104.4905,-0.273491,104.5391,-0.323215,6.325438,-91.831399,104.8257,0.651864,0.682947,0.626777,-0.179098,0.148711,-0.666560
773,132.298,B,5,6.038881,-91.760533,6.831262,-92.082656,0.209324,0.301955,102.6268,-0.296490,102.7071,-0.240697,6.138292,-91.835304,102.9376,0.735792,0.124392,0.692970,-0.247352,-0.099412,0.074771
774,132.470,B,5,6.273883,-91.634569,6.655126,-92.010033,0.214846,0.299431,101.2925,-0.258952,101.3645,-0.307873,5.957418,-91.826830,101.6337,0.721360,0.370290,0.697709,-0.183203,0.316465,0.192261
775,132.641,B,5,5.561045,-92.157595,6.554110,-91.926607,0.215039,0.280490,99.8005,-0.229390,99.9116,-0.239167,5.774055,-91.809667,100.1187,0.788771,0.407955,0.780055,-0.116940,-0.213010,-0.347928
776,132.825,B,5,6.163978,-91.971451,6.343640,-91.951790,0.198517,0.297228,98.4236,-0.234428,98.5328,-0.229862,5.591426,-91.787932,98.7440,0.769854,0.601245,0.752214,-0.163858,0.572552,-0.183519
777,132.986,B,5,5.540983,-91.786864,6.280068,-91.940285,0.180877,0.276312,97.1415,-0.221855,97.2529,-0.217034,5.409264,-91.764027,97.4533,0.888463,0.133684,0.870804,-0.176258,0.131719,-0.022837
778,133.145,B,5,5.819968,-92.779300,6.117441,-91.897715,0.178229,0.278703,95.9253,-0.210129,96.0348,-0.207162,5.228556,-91.737884,96.2259,0.903140,1.197629,0.888885,-0.159831,0.591412,-1.041416
779,133.315,B,5,4.981549,-91.629301,6.034488,-92.043302,0.127315,0.273349,94.7747,-0.201387,94.8704,-0.196813,5.015381,-91.700285,94.8248,1.075286,0.078634,1.019107,-0.343017,-0.033831,0.070984
780,133.478,B,5,5.144995,-91.776794,5.816202,-91.957167,0.142094,0.287580,93.6587,-0.193779,93.7552,-0.189127,4.875834,-91.668723,93.9303,0.983612,0.290047,0.940368,-0.288444,0.269162,-0.108071
781,133.677,B,5,5.112083,-93.031157,5.665899,-91.911902,0.141493,0.286862,92.5953,-0.184163,92.6904,-0.182166,4.669449,-91.607724,92.6489,1.041843,1.490666,0.996450,-0.304178,0.442633,-1.423432
782,133.851,B,5,4.837894,-91.213563,5.536453,-92.102638,0.084317,0.290750,91.5949,-0.175106,91.6787,-0.171370,4.498999,-91.543095,91.6394,1.178728,0.472695,1.037454,-0.559543,0.338895,0.329531
783,134.018,B,5,4.384573,-91.591521,5.204884,-91.872441,0.140266,0.332372,90.6277,-0.165017,90.7182,-0.162684,4.363412,-91.483224,90.8687,0.927128,0.110345,0.841472,-0.389217,0.021160,-0.108297
784,134.197,B,5,4.653739,-91.968766,5.172887,-91.859118,0.126791,0.300436,89.7160,-0.158369,89.8003,-0.155749,4.162462,-91.383793,89.7643,1.116643,0.763902,1.010425,-0.475325,0.491277,-0.584973
785,134.362,B,5,5.036806,-92.339830,5.049639,-91.866315,0.112146,0.294310,88.8393,-0.152606,88.9143,-0.151175,3.999008,-91.296261,88.8794,1.195318,1.471754,1.050630,-0.570053,1.037797,-1.043569
786,134.518,B,5,3.571786,-91.924503,5.019082,-91.940977,0.081071,0.268222,87.9853,-0.149583,88.0534,-0.149239,3.840347,-91.206999,88.0195,1.388574,0.766118,1.178735,-0.733977,-0.268562,-0.717504
787,134.677,B,5,3.239414,-91.359648,4.730219,-91.928469,0.077816,0.304735,87.1465,-0.145947,87.2177,-0.144504,3.686213,-91.115998,87.1849,1.322897,0.508915,1.044006,-0.812471,-0.446799,-0.243649
788,134.837,B,5,3.544887,-90.637626,4.437070,-91.817589,0.099619,0.345596,86.4902,-0.142544,86.4120,-0.139777,3.565347,-91.040674,86.5386,1.167689,0.403567,0.871722,-0.776915,-0.020461,0.403048
789,135.015,B,5,2.792128,-90.982280,4.237879,-91.588715,0.140336,0.343290,85.5409,-0.135216,85.6414,-0.132372,3.416302,-90.940758,85.7622,1.046345,0.625553,0.821577,-0.647957,-0.624174,-0.041523
790,135.200,B,5,2.930701,-90.713748,3.950543,-91.465368,0.156668,0.380036,84.9474,-0.128494,84.9062,-0.125416,3.240312,-90.808390,84.8774,0.967496,0.323753,0.710232,-0.656978,-0.309611,0.094642
791,135.385,B,5,2.943151,-90.449944,3.735781,-91.313863,0.172875,0.386374,84.2355,-0.122899,84.1995,-0.119712,3.125647,-90.711391,84.3111,0.857459,0.318841,0.610134,-0.602472,-0.182496,0.261447
792,135.563,B,5,4.204461,-90.575278,3.557326,-91.136073,0.193635,0.385060,83.5503,-0.118234,83.5121,-0.117254,2.986765,-90.581144,83.6211,0.795919,1.217710,0.570561,-0.554929,1.217696,0.005866
793,135.718,B,5,3.669470,-90.706849,3.636372,-91.007300,0.196776,0.313610,82.7514,-0.114370,82.8386,-0.113837,2.853613,-90.443681,82.9454,0.964561,0.857251,0.782759,-0.563619,0.815857,-0.263168
794,135.876,B,5,3.039994,-90.976443,3.615108,-90.929664,0.190966,0.282733,82.1050,-0.112621,82.1811,-0.113462,2.725566,-90.302495,82.2850,1.088405,0.743688,0.889542,-0.627168,0.314429,-0.673948
795,136.046,B,5,3.099695,-90.550751,3.485726,-90.916013,0.168934,0.280310,81.4765,-0.109721,81.5457,-0.108696,2.600867,-90.159932,81.6457,1.163887,0.633695,0.884859,-0.756081,0.498828,-0.390819
796,136.199,B,5,2.492820,-90.094209,3.391192,-90.829032,0.167136,0.271318,80.8660,-0.105539,80.9375,-0.103897,2.477924,-90.016462,81.0329,1.222427,0.079160,0.913268,-0.812570,0.014896,-0.077746
797,136.362,B,5,2.713615,-91.620102,3.204356,-90.674545,0.179137,0.286947,80.2781,-0.101733,80.3571,-0.100843,2.356383,-89.870947,80.4482,1.168258,1.785261,0.847972,-0.803598,0.357232,-1.749155
798,136.543,B,5,2.607715,-89.817478,3.090359,-90.825143,0.118996,0.276184,79.7298,-0.097375,79.8002,-0.095610,2.237424,-89.721111,79.8880,1.395129,0.382625,0.852935,-1.104032,0.370291,-0.096367
799,136.724,B,5,1.983138,-90.271215,2.978660,-90.625209,0.148418,0.275517,79.1836,-0.094212,79.2605,-0.094027,2.122974,-89.564371,79.3459,1.362928,0.720543,0.855685,-1.060838,-0.139837,-0.706844
800,136.890,B,5,2.578245,-89.978176,2.774001,-90.541331,0.143796,0.293750,78.6678,-0.090522,78.7355,-0.089413,2.014260,-89.399065,78.8185,1.371852,0.808362,0.759741,-1.142266,0.563985,-0.579111
801,137.063,B,5,2.358775,-89.209612,2.713590,-90.419453,0.152925,0.277330,78.1614,-0.087531,78.2285,-0.087440,1.910941,-89.225286,78.3082,1.438847,0.448108,0.802648,-1.194167,0.447834,0.015674
802,137.226,B,5,2.888076,-89.332139,2.626241,-90.178912,0.187675,0.273762,77.6741,-0.083688,77.7458,-0.082696,1.811361,-89.044868,77.8212,1.396455,1.114379,0.814880,-1.134044,1.076716,-0.287271
803,137.390,B,5,2.011734,-89.563144,2.652398,-90.001330,0.207636,0.242177,77.2097,-0.079428,77.2909,-0.077967,1.713672,-88.860559,77.3618,1.477350,0.763195,0.938726,-1.140771,0.298062,-0.702585
804,137.541,B,5,1.785062,-88.234631,2.517526,-89.896642,0.201631,0.249471,76.7828,-0.074402,76.8619,-0.072293,1.617052,-88.674792,76.9290,1.517817,0.471136,0.900474,-1.221850,0.168010,0.440161
805,137.730,B,5,1.624335,-88.731670,2.365611,-89.569192,0.247282,0.269670,76.3719,-0.070880,76.4538,-0.070082,1.521965,-88.488833,76.5179,1.370735,0.263533,0.843646,-1.080359,0.102370,-0.242837
806,137.929,B,5,1.884128,-89.064712,2.153099,-89.329877,0.265061,0.300547,75.9857,-0.067365,76.0617,-0.065759,1.429539,-88.302455,76.1235,1.256637,0.887517,0.723561,-1.027422,0.454589,-0.762257
807,138.103,B,5,1.454820,-88.204003,2.131307,-89.298100,0.239597,0.271669,75.6187,-0.063980,75.6843,-0.063994,1.340734,-88.113847,75.7436,1.423890,0.145408,0.790573,-1.184253,0.114086,-0.090156
808,138.273,B,5,1.818410,-88.962836,1.988737,-89.069719,0.256864,0.283998,75.2658,-0.061086,75.3255,-0.060159,1.255749,-87.920192,75.3814,1.363335,1.184776,0.732988,-1.149527,0.562661,-1.042644
809,138.425,B,5,1.051369,-87.656531,1.937653,-89.019333,0.235125,0.264903,74.9350,-0.057291,74.9916,-0.056008,1.174031,-87.719097,75.0431,1.507890,0.137697,0.763622,-1.300236,-0.122662,0.062565
810,138.580,B,5,1.308479,-87.682223,1.757744,-88.742340,0.261533,0.289946,74.6298,-0.052705,74.6875,-0.051343,1.095452,-87.507267,74.7341,1.401441,0.275663,0.662292,-1.235073,0.213027,-0.174956
811,138.733,B,5,1.339097,-87.735572,1.655904,-88.517378,0.276615,0.291528,74.3413,-0.049857,74.4117,-0.047590,1.020301,-87.283335,74.4542,1.388112,0.553307,0.635602,-1.234044,0.318796,-0.452237
812,138.904,B,5,0.916578,-88.039841,1.578560,-88.341660,0.279689,0.284822,74.0769,-0.045850,74.1565,-0.045858,0.934546,-87.004378,74.1466,1.484277,1.035620,0.644015,-1.337282,-0.017967,-1.035464
813,139.055,B,5,1.384685,-87.837485,1.439056,-88.253180,0.258557,0.288414,73.8360,-0.043202,73.9148,-0.041759,0.880090,-86.815407,73.9527,1.542606,1.139850,0.558966,-1.437773,0.504594,-1.022078
814,139.243,B,5,1.158988,-86.405161,1.409557,-88.145809,0.250563,0.267447,73.6089,-0.039419,73.6840,-0.038620,0.814800,-86.577812,73.7202,1.677006,0.385064,0.594757,-1.567997,0.344188,0.172651
815,139.439,B,5,0.820709,-87.196296,1.346336,-87.798161,0.296603,0.271370,73.3979,-0.035232,73.4664,-0.032437,0.751957,-86.338512,73.5001,1.576027,0.860535,0.594379,-1.459648,0.068753,-0.857784
816,139.642,B,5,0.737395,-87.145011,1.233807,-87.653627,0.287371,0.274017,73.2212,-0.030675,73.2676,-0.030561,0.679099,-86.045665,73.2601,1.700954,1.100891,0.554709,-1.607962,0.058296,-1.099346
817,139.810,B,5,0.988852,-87.382774,1.125445,-87.525421,0.275320,0.274222,73.0568,-0.027643,73.0924,-0.025098,0.621024,-85.792504,73.0859,1.804838,1.632255,0.504420,-1.732917,0.367827,-1.590270
818,139.969,B,5,0.138541,-86.078138,1.083804,-87.467763,0.253256,0.255277,72.9186,-0.025728,72.9406,-0.025060,0.566784,-85.527862,72.9350,2.007617,0.697277,0.517020,-1.939901,-0.428242,-0.550276
819,140.137,B,5,1.283953,-86.270109,0.895455,-87.184015,0.275553,0.286432,72.7866,-0.023163,72.8072,-0.023340,0.517713,-85.251137,72.8021,1.969442,1.274923,0.377741,-1.932877,0.766240,-1.018972
820,140.295,B,5,1.280764,-85.988529,0.947927,-86.984076,0.291681,0.253712,72.6492,-0.021990,72.6859,-0.022671,0.482454,-85.022285,72.7046,2.016256,1.253365,0.465473,-1.961791,0.798309,-0.966243
821,140.480,B,5,0.581798,-85.816319,0.996342,-86.776074,0.315306,0.232238,72.5446,-0.021368,72.5735,-0.020720,0.435086,-84.670686,72.5692,2.178915,1.154989,0.561257,-2.105389,0.146712,-1.145633
822,140.654,B,5,0.667245,-84.902305,0.906902,-86.560301,0.313923,0.234646,72.4181,-0.017711,72.4704,-0.017582,0.405853,-84.433341,72.4862,2.185179,0.536892,0.501050,-2.126959,0.261393,-0.468963
823,140.837,B,5,0.691732,-84.574555,0.851024,-86.222688,0.349380,0.242544,72.3218,-0.016189,72.3783,-0.014300,0.370499,-84.135369,72.3923,2.141916,0.544128,0.480525,-2.087319,0.321234,-0.439186
824,141.001,B,5,0.630636,-84.547256,0.810142,-85.883359,0.381960,0.246442,72.2417,-0.012975,72.2976,-0.012133,0.335996,-83.836284,72.3098,2.101268,0.769606,0.474146,-2.047074,0.294640,-0.710971
825,141.159,B,5,1.410095,-85.027166,0.766187,-85.597748,0.398206,0.247047,72.1760,-0.011581,72.2268,-0.009704,0.303237,-83.534606,72.2376,2.114445,1.858191,0.462951,-2.063142,1.106859,-1.492560
826,141.325,B,5,0.534888,-82.583118,0.874206,-85.459010,0.399697,0.208152,72.1199,-0.011101,72.1623,-0.009239,0.274123,-83.227456,72.1723,2.310829,0.695104,0.600082,-2.231554,0.260764,0.644338
827,141.487,B,5,0.786235,-83.742352,0.804227,-84.885721,0.468781,0.235414,72.0430,-0.011320,72.1009,-0.009961,0.250412,-82.911803,72.1105,2.050138,0.988391,0.553815,-1.973918,0.535823,-0.830549
828,141.653,B,5,0.564461,-81.778899,0.793383,-84.627542,0.470614,0.228273,71.9848,-0.009969,72.0423,-0.009650,0.232640,-82.585912,72.0514,2.117235,0.872568,0.560742,-2.041630,0.331821,0.807014
829,141.827,B,5,1.096237,-82.353993,0.744961,-84.058818,0.539749,0.252715,71.9296,-0.009400,71.9887,-0.008048,0.219935,-82.250224,71.9968,1.883259,0.882424,0.525026,-1.808594,0.876302,-0.103769
830,141.994,B,5,-0.118000,-83.041989,0.803089,-83.703821,0.574148,0.241038,71.8859,-0.007875,71.9409,-0.006463,0.210713,-81.907254,71.9482,1.891709,1.181387,0.592376,-1.796567,-0.328713,-1.134735
831,142.207,B,5,0.041351,-81.595641,0.629543,-83.514882,0.523282,0.260160,71.8546,-0.007395,71.8969,-0.007070,0.203724,-81.560506,71.9038,2.000227,0.166131,0.425819,-1.954376,-0.162373,-0.035134
832,142.381,B,5,0.959240,-81.813107,0.514363,-83.109743,0.544142,0.284564,71.8226,-0.007398,71.8522,-0.008066,0.198681,-81.212889,71.8596,1.922943,0.968872,0.315682,-1.896854,0.760559,-0.600218
833,142.546,B,5,-0.105859,-80.339932,0.585834,-82.815360,0.551015,0.256083,71.7596,-0.010019,71.8033,-0.009274,0.196130,-80.865495,71.8115,1.988427,0.606147,0.389704,-1.949865,-0.301989,0.525563
834,142.727,B,5,1.345452,-80.680709,0.453062,-82.306420,0.590627,0.292713,71.7707,0.002864,71.8238,0.004868,0.195637,-80.520825,71.8177,1.804055,1.160877,0.257425,-1.785595,1.149814,-0.159884
835,142.897,B,5,0.879875,-80.944491,0.606778,-81.947506,0.612545,0.249587,71.7830,0.005386,71.8629,0.005146,0.198387,-80.174281,71.8564,1.819646,1.028422,0.408391,-1.773225,0.681489,-0.770210
836,143.073,B,5,0.911021,-80.165804,0.652165,-81.701313,0.598545,0.227778,71.8169,0.007261,71.9067,0.008076,0.205456,-79.820261,71.8989,1.933366,0.785634,0.446709,-1.881052,0.705565,-0.345542
837,143.260,B,5,0.789960,-79.702618,0.696484,-81.359974,0.607581,0.215800,71.8725,0.010656,71.9600,0.011459,0.216791,-79.456907,71.9513,1.962593,0.623616,0.479693,-1.903067,0.573169,-0.245710
838,143.471,B,5,1.057063,-78.471414,0.711949,-80.996066,0.618542,0.213419,71.9376,0.010869,72.0117,0.009457,0.232460,-79.084442,72.0039,1.970841,1.027509,0.479489,-1.911624,0.824604,0.613028
839,143.683,B,5,1.655563,-78.978801,0.773760,-80.473188,0.667455,0.212571,71.9948,0.010807,72.0590,0.013104,0.252123,-78.705496,72.0498,1.843052,1.429804,0.521637,-1.767692,1.403440,-0.273305
840,143.877,B,5,1.104062,-79.165640,0.934872,-80.133521,0.676532,0.175966,72.0565,0.013107,72.1187,0.013630,0.274096,-78.324192,72.1095,1.926213,1.181896,0.660776,-1.809329,0.829966,-0.841448
841,144.066,B,5,0.586411,-78.300030,0.901502,-79.607663,0.720209,0.205984,72.1258,0.008447,72.1693,0.007779,0.298694,-77.943321,72.1621,1.770144,0.458282,0.602808,-1.664342,0.287717,-0.356709
842,144.244,B,5,1.672785,-77.414875,0.903876,-79.535674,0.651015,0.186188,72.1638,0.005501,72.2089,0.003561,0.325640,-77.563746,72.2031,2.054958,1.355346,0.578235,-1.971927,1.347145,0.148871
843,144.445,B,5,1.296071,-77.515578,1.046137,-79.084183,0.685907,0.165027,72.1861,0.005721,72.2521,0.006493,0.353991,-77.184490,72.2449,2.021856,0.998565,0.692146,-1.899693,0.942080,-0.331088
844,144.655,B,5,0.875401,-78.362038,1.096702,-78.730746,0.687835,0.159801,72.2381,0.009888,72.3106,0.012252,0.383455,-76.802444,72.2993,2.055984,1.635342,0.713247,-1.928302,0.491946,-1.559594
845,144.846,B,5,0.450274,-77.132944,1.061820,-78.595934,0.633975,0.158432,72.3296,0.015137,72.3945,0.016086,0.414348,-76.414163,72.3802,2.275818,0.719678,0.647472,-2.181772,0.035926,-0.718781
846,145.034,B,5,0.899889,-77.089110,0.954202,-78.266684,0.625133,0.187748,72.4355,0.014364,72.4758,0.013344,0.449526,-76.018877,72.4640,2.303765,1.161131,0.504676,-2.247807,0.450363,-1.070233
847,145.206,B,5,1.056097,-75.637851,0.945149,-77.989336,0.612808,0.187526,72.5132,0.012046,72.5408,0.013252,0.490607,-75.618127,72.5313,2.414382,0.565834,0.454542,-2.371209,0.565490,-0.019724
848,145.392,B,5,0.871916,-75.618370,0.965872,-77.496476,0.652180,0.195980,72.3731,-0.059311,72.3953,-0.105495,0.541965,-75.134286,72.3690,2.399924,0.585836,0.423907,-2.362190,0.329950,-0.484084
849,145.558,B,5,1.484977,-75.828767,0.949982,-77.091249,0.666122,0.205929,71.9228,-0.050784,71.9472,-0.002118,0.580146,-74.744825,71.9487,2.375391,1.411967,0.369836,-2.346424,0.904832,-1.083942
850,145.713,B,5,1.478600,-74.649356,1.048389,-76.794296,0.661055,0.180784,72.2496,0.069253,72.3018,0.038491,0.619022,-74.360304,72.3087,2.471573,0.906877,0.429367,-2.433992,0.859578,-0.289052
851,145.874,B,5,1.240289,-74.164492,1.129725,-76.337764,0.691392,0.174021,71.9369,-0.097941,71.9212,-0.127971,0.647790,-73.986319,71.8935,2.400324,0.618708,0.481935,-2.351446,0.592498,-0.178173
852,146.040,B,5,1.162247,-74.795747,1.155050,-75.870503,0.715777,0.181436,71.6724,-0.002190,71.6967,0.034077,0.678921,-73.615376,71.7046,2.304842,1.275492,0.476129,-2.255127,0.483326,-1.180371
853,146.218,B,5,0.976025,-73.015408,1.161336,-75.606714,0.691582,0.178039,71.4023,-0.087513,71.3882,-0.127310,0.704886,-73.320266,71.5028,2.331563,0.407989,0.456450,-2.286447,0.271139,0.304859
854,146.410,B,5,2.071621,-72.571529,1.132987,-75.066328,0.728996,0.202983,70.9271,-0.061437,70.9349,-0.049405,0.746961,-72.883665,70.9218,2.216536,1.360938,0.386026,-2.182663,1.324660,0.312136
855,146.579,B,5,2.363094,-73.246572,1.309746,-74.533009,0.773848,0.178491,70.3166,-0.105376,70.3764,-0.103561,0.783346,-72.524706,70.3546,2.076146,1.736864,0.526400,-2.008304,1.579748,-0.721866
856,146.733,B,5,1.147394,-72.071066,1.510614,-74.228967,0.767406,0.135358,69.7627,-0.105284,69.8050,-0.109560,0.809567,-72.239740,69.9027,2.109145,0.377595,0.701047,-1.989227,0.337827,0.168674
857,146.896,B,5,1.404011,-72.918464,1.458373,-73.762466,0.776732,0.166753,69.1286,-0.115579,69.1617,-0.118430,0.836394,-71.888871,69.2687,1.974137,1.175692,0.621979,-1.873595,0.567617,-1.029593
858,147.051,B,5,0.893306,-71.997700,1.458232,-73.548616,0.750749,0.168093,68.5699,-0.123935,68.4882,-0.084825,0.858133,-71.546457,68.5758,2.090157,0.452611,0.600098,-2.002159,0.035172,-0.451243
859,147.220,B,5,1.234474,-72.463578,1.368795,-73.182117,0.719416,0.193830,68.2650,-0.039073,68.2799,-0.081810,0.882270,-71.210974,68.3433,2.030298,1.301178,0.486525,-1.971143,0.352204,-1.252604
860,147.390,B,5,1.334264,-71.198695,1.353167,-72.980129,0.677503,0.191102,67.3704,-0.194153,67.3153,-0.237164,0.907381,-70.876934,67.5339,2.149919,0.534564,0.445785,-2.103194,0.426883,-0.321761
861,147.571,B,5,1.389090,-71.064086,1.358686,-72.588607,0.684256,0.199966,66.5233,-0.105454,66.5343,-0.044535,0.935737,-70.544387,66.5864,2.087517,0.689649,0.422949,-2.044221,0.453353,-0.519699
862,147.771,B,5,1.360860,-69.927710,1.373201,-72.243014,0.680514,0.202716,66.2312,-0.081657,66.2109,-0.130461,0.969409,-70.213773,66.3216,2.069025,0.484837,0.403792,-2.029240,0.391452,0.286064
863,147.942,B,5,1.997116,-69.837639,1.378560,-71.768698,0.722547,0.224284,65.5039,-0.151240,65.3909,-0.071809,0.997219,-69.875797,65.4661,1.930930,1.000625,0.381341,-1.892900,0.999897,0.038159
864,148.096,B,5,1.307790,-69.570299,1.502515,-71.334151,0.726722,0.204547,65.1106,-0.066496,65.1209,-0.111536,1.028719,-69.537547,65.2118,1.858028,0.280987,0.473796,-1.796603,0.279072,-0.032752
865,148.242,B,5,1.444368,-70.595966,1.479297,-70.941268,0.724189,0.221451,64.5813,-0.065327,64.6155,-0.044988,1.057933,-69.194925,64.6557,1.796458,1.453358,0.421363,-1.746343,0.386435,-1.401041
866,148.410,B,5,1.503961,-68.820220,1.483864,-70.806355,0.667772,0.207323,64.1641,-0.072183,64.1851,-0.075374,1.092094,-68.854441,64.2534,1.990842,0.413286,0.391770,-1.951914,0.411867,0.034221
867,148.574,B,5,1.301229,-69.714134,1.497977,-70.378084,0.682730,0.220440,64.2075,0.045579,64.2603,0.054384,1.132378,-68.522971,64.2020,1.890795,1.203070,0.365599,-1.855112,0.168851,-1.191162
868,148.728,B,5,1.734232,-68.419791,1.471696,-70.188825,0.639965,0.218542,64.0845,-0.058201,64.0595,-0.109604,1.169996,-68.202817,64.1524,2.008793,0.604516,0.301700,-1.986008,0.564236,-0.216974
869,148.899,B,5,2.231209,-67.982261,1.528145,-69.802166,0.652835,0.218381,63.5154,-0.064323,63.5140,-0.002729,1.205542,-67.882032,63.5305,1.947046,1.030553,0.322603,-1.920135,1.025667,-0.100229
870,149.085,B,5,1.582497,-67.507679,1.665568,-69.405211,0.674216,0.202329,63.8573,0.064229,63.8613,0.031800,1.238312,-67.575747,63.8246,1.878693,0.350852,0.427256,-1.829464,0.344186,0.068068
871,149.277,B,5,2.175263,-67.376555,1.661758,-68.992791,0.682335,0.220504,63.7473,-0.027748,63.7255,0.006294,1.267467,-67.263482,63.7303,1.773691,0.914811,0.394292,-1.729310,0.907796,-0.113074
872,149.445,B,5,2.239533,-66.641445,1.765290,-68.630180,0.689416,0.208786,64.1338,0.074778,64.1401,0.048731,1.299148,-66.957431,64.0852,1.736484,0.992054,0.466142,-1.672749,0.940385,0.315987
873,149.601,B,5,2.060425,-67.161508,1.862595,-68.199431,0.709632,0.206819,64.3450,0.048795,64.3710,0.063768,1.335329,-66.651600,64.3134,1.635173,0.886437,0.527266,-1.547831,0.725096,-0.509908
874,149.759,B,5,2.020267,-67.982516,1.910011,-67.940216,0.685643,0.198403,64.7993,0.069632,64.8219,0.053607,1.376609,-66.353786,64.7722,1.673702,1.751301,0.533402,-1.586430,0.643658,-1.628729
875,149.929,B,5,1.958638,-66.631595,1.940686,-67.880109,0.620157,0.174248,65.2997,0.089977,65.3385,0.100433,1.418910,-66.062889,65.2538,1.890645,0.784049,0.521776,-1.817220,0.539728,-0.568706
876,150.102,B,5,1.767815,-66.516156,1.953265,-67.591439,0.609687,0.179837,65.9244,0.111507,65.9620,0.118146,1.458084,-65.780387,65.8554,1.877528,0.798304,0.495181,-1.811052,0.309730,-0.735769
877,150.301,B,5,2.080309,-66.592950,1.927115,-67.334948,0.589775,0.189530,66.6669,0.130652,66.6890,0.135976,1.498440,-65.451482,66.7202,1.931633,1.281218,0.428674,-1.883466,0.581869,-1.141468
878,150.480,B,5,1.302113,-66.249261,1.960297,-67.140398,0.564985,0.178804,67.4921,0.146019,67.5131,0.151015,1.528864,-65.184899,67.5479,2.002526,1.088247,0.431434,-1.955499,-0.226750,-1.064362
879,150.642,B,5,1.806272,-65.669708,1.844669,-66.921292,0.533910,0.203463,68.4091,0.158448,68.4153,0.163162,1.554499,-64.975633,68.2665,1.967177,0.738329,0.290171,-1.945659,0.251773,-0.694075
880,150.822,B,5,2.078366,-64.911601,1.837689,-66.638360,0.531287,0.207523,69.3759,0.169235,69.3787,0.172246,1.599811,-64.666056,69.4185,1.986597,0.537873,0.237878,-1.972304,0.478555,-0.245545
881,150.991,B,5,2.849433,-64.876167,1.880004,-66.268895,0.552762,0.207930,70.3952,0.179887,70.4017,0.185331,1.644042,-64.409984,70.4440,1.873827,1.292399,0.235962,-1.858911,1.205391,-0.466183
882,151.152,B,5,2.340421,-64.059546,2.054832,-65.958143,0.571393,0.172932,71.4772,0.193880,71.4963,0.197961,1.690643,-64.154837,71.5418,1.839713,0.656728,0.364189,-1.803306,0.649778,0.095292
883,151.305,B,5,1.737074,-63.806645,2.107433,-65.554827,0.597033,0.176050,72.6545,0.208593,72.6751,0.215499,1.726746,-63.952094,72.4807,1.647324,0.145815,0.380687,-1.602734,0.010328,0.145449
884,151.467,B,5,1.337011,-63.777516,2.039685,-65.176717,0.603997,0.201736,73.9277,0.222223,73.9364,0.227551,1.768717,-63.702531,73.7296,1.498881,0.438170,0.270968,-1.474185,-0.431706,-0.074984
885,151.657,B,5,2.431179,-62.795139,1.909369,-64.873942,0.603806,0.236815,75.0016,0.231331,75.2645,0.237064,1.816599,-63.412359,75.3187,1.464525,0.871016,0.092770,-1.461584,0.614580,0.617220
886,151.858,B,5,2.669523,-63.864567,1.994806,-64.424093,0.626941,0.218693,76.6354,0.239819,76.6398,0.242331,1.849814,-63.225852,76.4172,1.206981,1.039172,0.144992,-1.198240,0.819709,-0.638714
887,152.033,B,5,2.143367,-63.021613,2.110281,-64.258519,0.598897,0.177935,78.0255,0.244736,78.0498,0.247558,1.905089,-62.955652,78.1069,1.318926,0.247239,0.205193,-1.302867,0.238278,-0.065961
888,152.185,B,5,2.527127,-64.509469,2.110286,-63.973567,0.592548,0.175704,79.4633,0.251043,79.4970,0.254619,1.955883,-62.735836,79.5558,1.247325,1.863355,0.154403,-1.237731,0.571244,-1.773633
889,152.325,B,5,2.993781,-64.659227,2.179669,-64.011896,0.518632,0.135005,80.9468,0.260608,80.9938,0.258022,1.997707,-62.560794,80.7517,1.462466,2.322840,0.181962,-1.451102,0.996074,-2.098433
890,152.487,B,5,2.417927,-62.328563,2.323195,-64.087407,0.460463,0.082461,81.8343,0.170544,82.0242,0.179169,2.047406,-62.335054,81.8714,1.773922,0.370577,0.275789,-1.752353,0.370521,0.006491
891,152.650,B,5,2.739751,-61.801075,2.337133,-63.715619,0.481946,0.087560,83.4898,0.293250,83.5470,0.349160,2.095874,-62.103434,83.2400,1.630137,0.711336,0.241259,-1.612185,0.643877,0.302360
892,152.815,B,5,2.579247,-62.674160,2.405573,-63.320065,0.519886,0.080782,85.2602,0.268133,85.2431,0.210169,2.145456,-61.866896,85.0448,1.476266,0.916433,0.260118,-1.453169,0.433792,-0.807264
893,152.976,B,5,2.378185,-61.880421,2.432895,-63.152033,0.498689,0.071335,86.2279,0.178276,86.1879,0.216910,2.191502,-61.626596,85.9998,1.544419,0.315084,0.241393,-1.525438,0.186683,-0.253825
894,153.146,B,5,3.299113,-61.676114,2.417993,-62.872382,0.504204,0.076671,87.7573,0.264824,87.7102,0.225941,2.247247,-61.390301,87.4915,1.491884,1.090005,0.170746,-1.482081,1.051866,-0.285813
895,153.313,B,5,2.656157,-61.343056,2.571921,-62.605549,0.512622,0.040001,88.6760,0.155365,88.6327,0.187316,2.300856,-61.156107,88.4695,1.474571,0.401483,0.271065,-1.449442,0.355300,-0.186949
896,153.484,B,5,2.843697,-61.075739,2.583402,-62.326444,0.517717,0.039949,89.8894,0.194468,89.8426,0.151049,2.356916,-60.924321,89.6947,1.420298,0.509787,0.226486,-1.402123,0.486781,-0.151418
897,153.645,B,5,3.015196,-61.795763,2.626035,-62.049009,0.522762,0.031129,90.8959,0.181458,90.8722,0.161726,2.406948,-60.690168,90.7194,1.376389,1.261866,0.219087,-1.358840,0.608248,-1.105595
898,153.803,B,5,3.151063,-61.349562,2.692616,-61.952574,0.484961,0.012461,91.8925,0.174203,91.8854,0.172495,2.453214,-60.449956,91.7263,1.521570,1.138545,0.239402,-1.502618,0.697849,-0.899607
899,153.965,B,5,2.599444,-60.394137,2.772712,-61.796014,0.465715,-0.006558,92.8524,0.166035,92.8464,0.165333,2.498483,-60.200879,92.6968,1.618536,0.218041,0.274229,-1.595135,0.100961,-0.193258
900,154.131,B,5,3.221441,-60.199566,2.738589,-61.496233,0.480902,0.004687,93.7699,0.156750,93.7422,0.153572,2.545752,-59.942700,93.6033,1.565455,0.722867,0.192837,-1.553533,0.675689,-0.256866
901,154.312,B,5,2.547281,-60.048872,2.822118,-61.213915,0.491251,-0.014719,94.6165,0.146507,94.5761,0.142259,2.595835,-59.677862,94.4462,1.552632,0.374175,0.226284,-1.536054,-0.048554,-0.371011
902,154.505,B,5,2.351483,-60.012434,2.768899,-60.954849,0.494106,-0.000739,95.4220,0.138142,95.3661,0.137013,2.646381,-59.410429,95.2418,1.549272,0.670354,0.122518,-1.544420,-0.294897,-0.602005
903,154.682,B,5,2.542076,-59.642400,2.687818,-60.736249,0.487340,0.017186,96.1991,0.133797,96.1297,0.133915,2.693872,-59.144300,96.0088,1.591961,0.520717,-0.006054,-1.591949,-0.151797,-0.498100
904,154.847,B,5,3.177998,-59.458909,2.653892,-60.490848,0.487832,0.020837,96.9449,0.129197,96.8737,0.128341,2.736449,-58.881548,96.7561,1.611417,0.726851,-0.082557,-1.609301,0.441549,-0.577362
905,155.012,B,5,2.322290,-58.595729,2.741054,-60.256509,0.484632,-0.005431,97.6529,0.123876,97.5923,0.122915,2.775212,-58.621449,97.4796,1.635417,0.453651,-0.034158,-1.635061,-0.452922,0.025720
906,155.193,B,5,2.809323,-58.439151,2.658249,-59.908095,0.510631,0.009325,98.3348,0.116653,98.2722,0.114096,2.813235,-58.360692,98.1665,1.555146,0.078557,-0.154986,-1.547403,-0.003912,-0.078459
907,155.366,B,5,3.724313,-58.282325,2.677029,-59.592174,0.524420,-0.002418,98.9631,0.108486,98.9034,0.106296,2.852914,-58.095007,98.8056,1.507463,0.891305,-0.175885,-1.497167,0.871399,-0.187318
908,155.522,B,5,3.089892,-59.606176,2.859548,-59.303478,0.526690,-0.051956,99.5346,0.101710,99.4912,0.099538,2.893787,-57.821356,99.3994,1.482518,1.795561,-0.034238,-1.482122,0.196105,-1.784820
909,155.701,B,5,3.052796,-58.458833,2.897963,-59.307809,0.462108,-0.055602,100.0952,0.098307,100.0555,0.097547,2.932705,-57.539410,99.9659,1.768740,0.927232,-0.034742,-1.768399,0.120091,-0.919422
910,155.900,B,5,3.189709,-58.119716,2.923215,-59.108488,0.453452,-0.060939,100.6450,0.096016,100.6155,0.095779,2.966235,-57.251586,100.5258,1.857400,0.896432,-0.043020,-1.856902,0.223474,-0.868130
911,156.108,B,5,2.746605,-57.448845,2.969017,-58.884365,0.450911,-0.071742,101.1907,0.096138,101.1753,0.096353,2.998145,-56.903850,101.1976,1.980730,0.600243,-0.029128,-1.980516,-0.251540,-0.544995
912,156.260,B,5,3.062583,-57.262874,2.926254,-58.579061,0.470388,-0.063647,101.7405,0.094374,101.7238,0.093188,3.016252,-56.673260,101.6375,1.907925,0.591432,-0.089999,-1.905801,0.046331,-0.589614
913,156.421,B,5,2.847341,-56.690398,2.947351,-58.293720,0.480654,-0.071649,102.2660,0.090836,102.2453,0.089311,3.038726,-56.387665,102.1642,1.908244,0.358155,-0.091375,-1.906055,-0.191385,-0.302732
914,156.609,B,5,3.551203,-56.677249,2.925447,-57.955070,0.503641,-0.071353,102.7647,0.086178,102.7312,0.083961,3.068307,-56.047625,102.7499,1.912787,0.793483,-0.142860,-1.907444,0.482896,-0.629624
915,156.759,B,5,3.907432,-55.080516,3.035346,-57.683900,0.515545,-0.102473,103.1308,0.081293,103.1864,0.080496,3.088854,-55.820682,103.1150,1.863985,1.103593,-0.053508,-1.863217,0.818578,0.740167
916,156.930,B,5,3.320002,-55.303282,3.191503,-57.151283,0.560408,-0.147813,103.6657,0.079437,103.6280,0.080773,3.116165,-55.476329,103.6456,1.676648,0.267385,0.075338,-1.674955,0.203837,0.173047
917,157.103,B,5,4.169771,-55.266501,3.215386,-56.758854,0.584071,-0.154036,104.1180,0.078817,104.0753,0.078793,3.131071,-55.181032,104.0935,1.580073,1.042211,0.084316,-1.577822,1.038701,-0.085469
918,157.285,B,5,3.040287,-54.403060,3.389662,-56.426161,0.583172,-0.192406,104.5710,0.078122,104.5351,0.078638,3.136441,-54.936386,104.4611,1.511142,0.541925,0.253221,-1.489775,-0.096155,0.533326
919,157.450,B,5,3.360480,-55.660855,3.328993,-55.998223,0.616520,-0.177182,105.0202,0.075917,104.9953,0.074628,3.137106,-54.621741,104.9224,1.389793,1.062852,0.191888,-1.376483,0.223374,-1.039114
920,157.617,B,5,3.758199,-55.390445,3.335539,-55.877649,0.571328,-0.164649,105.4280,0.073369,105.4387,0.072924,3.134933,-54.300693,105.3694,1.589665,1.255397,0.200605,-1.576957,0.623266,-1.089752
921,157.784,B,5,3.022505,-54.273245,3.412505,-55.743123,0.543755,-0.174792,105.7507,0.071536,105.8573,0.071985,3.132934,-53.977248,105.7919,1.787869,0.315925,0.279571,-1.765875,-0.110429,-0.295997
922,157.944,B,5,3.107350,-54.575576,3.343114,-55.412548,0.547193,-0.152988,106.2468,0.070223,106.2562,0.070709,3.131038,-53.654155,106.1933,1.771136,0.921725,0.212075,-1.758393,-0.023689,-0.921421
923,158.106,B,5,2.738259,-53.535950,3.299656,-55.216817,0.542962,-0.139851,106.5779,0.070448,106.6478,0.071693,3.125142,-53.267464,106.6635,1.957149,0.470917,0.174514,-1.949353,-0.386884,-0.268485
924,158.255,B,5,3.463064,-53.902660,3.194504,-54.848915,0.556781,-0.118230,107.0858,0.072319,107.0440,0.072327,3.116584,-53.008725,106.9800,1.841839,0.958733,0.077920,-1.840190,0.346480,-0.893936
925,158.432,B,5,3.062312,-53.466686,3.238239,-54.622010,0.539856,-0.128481,107.5002,0.073038,107.4477,0.073509,3.099463,-52.680758,107.3829,1.946206,0.786806,0.138775,-1.941252,-0.037151,-0.785928
926,158.631,B,5,2.752095,-52.413575,3.201985,-54.358385,0.538138,-0.121885,107.9093,0.069994,107.8491,0.069269,3.076196,-52.343779,107.7856,2.018529,0.331531,0.125789,-2.014606,-0.324100,-0.069797
927,158.798,B,5,3.030373,-51.711500,3.114742,-53.951408,0.572588,-0.114111,108.2980,0.066152,108.2344,0.064758,3.048954,-51.995411,108.1742,1.957104,0.284518,0.065788,-1.955998,-0.018581,0.283911
928,158.961,B,5,2.798427,-52.081119,3.091961,-53.487647,0.611606,-0.126441,108.6509,0.061188,108.5987,0.061223,3.019276,-51.636659,108.5417,1.852414,0.496305,0.072685,-1.850987,-0.220849,-0.444459
929,159.122,B,5,3.148346,-51.295027,3.030798,-53.171904,0.614738,-0.119391,108.9941,0.059139,108.9484,0.059127,2.987571,-51.272902,108.8930,1.899493,0.162289,0.043226,-1.899001,0.160774,-0.022124
930,159.281,B,5,3.037448,-51.037249,3.043400,-52.770355,0.631837,-0.136368,109.3304,0.060328,109.2939,0.062017,2.954131,-50.913151,109.2386,1.859347,0.149472,0.089268,-1.857203,0.083317,-0.124098
931,159.458,B,5,3.306285,-52.554927,3.034151,-52.392915,0.642754,-0.145301,109.6782,0.061620,109.6411,0.060823,2.917906,-50.560047,109.5854,1.836551,2.032336,0.116245,-1.832868,0.388379,-1.994881
932,159.631,B,5,3.261300,-50.178240,3.075992,-52.359554,0.570755,-0.140413,110.0202,0.060771,109.9877,0.058889,2.879001,-50.212520,109.9326,2.156052,0.383833,0.196991,-2.147033,0.382299,0.034280
933,159.790,B,5,2.759847,-50.241591,3.103207,-51.905865,0.603115,-0.163782,110.3507,0.058608,110.3245,0.059203,2.838709,-49.866895,110.2718,2.056054,0.382906,0.264499,-2.038970,-0.078862,-0.374697
934,159.964,B,5,3.117761,-49.450579,3.034830,-51.542870,0.618136,-0.156727,110.6732,0.054773,110.6410,0.052631,2.798184,-49.518434,110.5919,2.038221,0.326702,0.236647,-2.024436,0.319577,0.067855
935,160.145,B,5,2.809357,-49.210012,3.042639,-51.100665,0.643248,-0.174219,110.9640,0.050920,110.9351,0.050737,2.756974,-49.163754,110.8893,1.957863,0.069885,0.285665,-1.936911,0.052384,-0.046258
936,160.321,B,5,2.233568,-48.399720,2.993236,-50.692491,0.661989,-0.174782,111.2495,0.049794,111.2157,0.048534,2.713190,-48.802630,111.1712,1.910497,0.626398,0.280046,-1.889860,-0.479622,0.402911
937,160.481,B,5,2.618816,-49.137750,2.846883,-50.209398,0.702809,-0.160133,111.5453,0.050353,111.4931,0.050741,2.665154,-48.437879,111.4487,1.780816,0.701403,0.181730,-1.771519,-0.046337,-0.699871
938,160.636,B,5,3.222449,-48.235410,2.794536,-49.945655,0.682223,-0.151193,111.8343,0.050190,111.7705,0.049989,2.612976,-48.073790,111.7263,1.880649,0.630537,0.181560,-1.871865,0.609472,-0.161620
939,160.794,B,5,2.500843,-48.506945,2.861337,-49.567699,0.679737,-0.179498,112.0957,0.047779,112.0418,0.047246,2.558890,-47.713730,111.9992,1.878476,0.795336,0.302447,-1.853969,-0.058047,-0.793215
940,160.965,B,5,2.793883,-47.880361,2.786780,-49.307467,0.662852,-0.163697,112.3553,0.043688,112.2981,0.042631,2.505818,-47.358586,112.2584,1.969030,0.596012,0.280962,-1.948881,0.288065,-0.521775
941,161.161,B,5,1.700737,-47.648166,2.778141,-48.982533,0.656759,-0.170143,112.5756,0.038084,112.5335,0.036509,2.455510,-47.007111,112.4973,2.001595,0.990270,0.322631,-1.975422,-0.754774,-0.641054
942,161.345,B,5,2.283460,-47.342762,2.572327,-48.674993,0.664242,-0.131107,112.7903,0.033785,112.7484,0.033389,2.407385,-46.656867,112.7151,2.024856,0.697000,0.164942,-2.018126,-0.123925,-0.685895
943,161.516,B,5,2.080047,-46.100585,2.506337,-48.368554,0.658624,-0.127864,112.9773,0.032955,112.9508,0.033557,2.358478,-46.305024,112.9188,2.068820,0.345426,0.147859,-2.063530,-0.278431,0.204439
944,161.680,B,5,2.854690,-45.377904,2.414884,-47.892091,0.693306,-0.134598,113.1713,0.033957,113.1509,0.036449,2.305327,-45.949402,113.1188,1.945776,0.792723,0.109557,-1.942689,0.549363,0.571498
945,161.867,B,5,1.914229,-46.077601,2.480444,-47.367551,0.720493,-0.179797,113.3622,0.037299,113.3517,0.036421,2.234143,-45.516808,113.3597,1.867060,0.645626,0.246301,-1.850743,-0.319914,-0.560792
946,162.019,B,5,2.196065,-46.206540,2.365397,-47.062166,0.712152,-0.160863,113.5776,0.036111,113.5469,0.036007,2.183524,-45.225705,113.5165,1.845445,0.980916,0.181872,-1.836461,0.012541,-0.980836
947,162.210,B,5,2.746565,-45.195225,2.321149,-46.837326,0.680728,-0.152708,113.7744,0.033721,113.7268,0.031856,2.107256,-44.788011,113.7336,2.060447,0.757983,0.213893,-2.049315,0.639309,-0.407214
948,162.367,B,5,2.207398,-44.918659,2.387759,-46.486349,0.687571,-0.185980,113.8941,0.029538,113.8879,0.025203,2.046159,-44.425232,113.8940,2.089233,0.519103,0.341600,-2.061117,0.161239,-0.493427
949,162.547,B,5,1.826123,-44.613457,2.342681,-46.122896,0.673986,-0.183683,114.0653,0.024320,114.0344,0.023554,1.987369,-44.066227,114.0401,2.087135,0.570492,0.355312,-2.056669,-0.161246,-0.547230
950,162.731,B,5,1.717993,-43.752029,2.238043,-45.781563,0.678026,-0.171009,114.1961,0.021815,114.1741,0.021212,1.929010,-43.711423,114.1797,2.093080,0.214888,0.309034,-2.070140,-0.211017,-0.040606
951,162.912,B,5,1.687591,-43.607283,2.131321,-45.345618,0.702385,-0.168513,114.3250,0.021758,114.3141,0.021913,1.881044,-43.429721,114.2915,1.932175,0.262587,0.250277,-1.915897,-0.193452,-0.177561
952,163.097,B,5,1.612938,-44.185458,2.037204,-44.960724,0.711493,-0.164572,114.4548,0.022200,114.4560,0.022129,1.805070,-43.007024,114.4616,1.967443,1.193994,0.232134,-1.953700,-0.192132,-1.178434
953,163.233,B,5,1.149244,-42.523403,1.945814,-44.750666,0.681185,-0.145368,114.5932,0.022825,114.5947,0.024056,1.751615,-42.722520,114.5730,2.037422,0.634427,0.194199,-2.028146,-0.602371,0.199117
954,163.376,B,5,1.275471,-42.696725,1.785851,-44.279545,0.717737,-0.138663,114.7327,0.022207,114.7232,0.022071,1.682471,-42.361973,114.7035,1.920357,0.526979,0.103380,-1.917572,-0.406999,-0.334751
955,163.543,B,5,1.488159,-42.567160,1.675906,-43.922951,0.720274,-0.132904,114.8549,0.020475,114.8534,0.020688,1.597538,-41.922937,114.8444,2.001550,0.653443,0.078368,-2.000015,-0.109379,-0.644224
956,163.705,B,5,1.496082,-41.339779,1.624062,-43.607746,0.707900,-0.136615,114.9689,0.020039,114.9508,0.018896,1.540096,-41.628724,114.9331,1.980803,0.292278,0.083966,-1.979022,-0.044014,0.288945
957,163.880,B,5,1.685268,-40.997659,1.583783,-43.127263,0.731581,-0.158633,115.0716,0.019994,115.0645,0.020220,1.467095,-41.262704,115.0459,1.868206,0.343290,0.116688,-1.864559,0.218172,0.265046
958,164.045,B,5,1.342436,-41.611839,1.589207,-42.684388,0.758531,-0.189107,115.1562,0.021529,115.1860,0.021370,1.392446,-40.901144,115.1660,1.794066,0.712453,0.196761,-1.783244,-0.050010,-0.710695
959,164.244,B,5,0.686317,-39.822593,1.527395,-42.404422,0.718075,-0.176911,115.3118,0.022835,115.3028,0.024051,1.316403,-40.544608,115.2926,1.871745,0.958287,0.210992,-1.859815,-0.630086,0.722014
960,164.453,B,5,0.563557,-40.524833,1.359797,-41.864537,0.765510,-0.173346,115.4471,0.022573,115.4392,0.022554,1.239652,-40.191315,115.4194,1.677531,0.753883,0.120145,-1.673223,-0.676095,-0.333518
961,164.613,B,5,0.749681,-41.013078,1.197970,-41.546983,0.758874,-0.149711,115.5846,0.021785,115.5582,0.020432,1.162395,-39.837906,115.5397,1.709448,1.245537,0.035575,-1.709077,-0.412714,-1.175172
962,164.767,B,5,1.452939,-40.276872,1.097629,-41.377669,0.715019,-0.127479,115.7065,0.020289,115.6711,0.021165,1.083613,-39.481219,115.6532,1.896502,0.877192,0.014017,-1.896450,0.369327,-0.795653
963,164.925,B,5,0.819017,-40.028763,1.143570,-41.109876,0.682917,-0.149210,115.8074,0.020369,115.7867,0.019367,1.001415,-39.119943,115.7675,1.995004,0.926943,0.142155,-1.989933,-0.182398,-0.908820
964,165.079,B,5,1.207225,-38.731848,1.068661,-40.847623,0.665530,-0.142029,115.9272,0.021159,115.9157,0.023054,0.914221,-38.755046,115.8938,2.098268,0.293921,0.154439,-2.092577,0.293004,0.023198
965,165.252,B,5,0.517746,-38.112030,1.078121,-40.398642,0.681685,-0.172793,116.0478,0.023714,116.0619,0.025220,0.821947,-38.389046,116.0374,2.025858,0.411432,0.256174,-2.009596,-0.304201,0.277016
966,165.430,B,5,0.404095,-39.219464,0.961967,-39.915926,0.715810,-0.176696,116.1961,0.025784,116.2197,0.026587,0.726344,-38.024636,116.1940,1.905911,1.237521,0.235623,-1.891290,-0.322249,-1.194828
967,165.601,B,5,0.530217,-37.819448,0.844990,-39.719766,0.684570,-0.150956,116.3634,0.027423,116.3793,0.027987,0.629992,-37.663543,116.3540,2.067432,0.185099,0.214997,-2.056222,-0.099776,-0.155905
968,165.761,B,5,0.838845,-37.141234,0.771242,-39.308171,0.698693,-0.159741,116.5238,0.028057,116.5339,0.027049,0.534683,-37.306182,116.5096,2.015917,0.346010,0.236559,-2.001989,0.304163,0.164948
969,165.908,B,5,-0.223613,-37.708024,0.767168,-38.846409,0.714596,-0.187745,116.6751,0.028837,116.6835,0.029370,0.440559,-36.952375,116.6598,1.921988,1.006046,0.326609,-1.894034,-0.664171,-0.755648
970,166.074,B,5,0.783274,-37.161028,0.571657,-38.569517,0.708888,-0.152745,116.8591,0.029361,116.8318,0.028350,0.349515,-36.607988,116.8078,1.974067,0.702851,0.222142,-1.961529,0.433759,-0.553040
971,166.240,B,5,-0.551001,-37.349547,0.592435,-38.245467,0.691425,-0.173012,117.0217,0.031307,116.9889,0.031571,0.259182,-36.271733,116.9628,2.001670,1.348362,0.333252,-1.973734,-0.810183,-1.077814
972,166.398,B,5,-0.170699,-36.463050,0.368446,-38.015549,0.681547,-0.129206,117.2212,0.031843,117.1613,0.031173,0.166633,-35.939648,117.1327,2.085688,0.622689,0.201813,-2.075901,-0.337332,-0.523402
973,166.562,B,5,-0.359538,-35.187661,0.251081,-37.668759,0.686510,-0.125731,117.3983,0.030973,117.3460,0.031669,0.071185,-35.609009,117.3160,2.067590,0.602542,0.179896,-2.059749,-0.430723,0.421348
974,166.741,B,5,-0.096366,-36.291433,0.119945,-37.152608,0.728244,-0.137954,117.5679,0.029694,117.5331,0.029846,-0.025501,-35.279465,117.5034,1.878782,1.014447,0.145446,-1.873144,-0.070865,-1.011969
975,166.911,B,5,-0.331395,-34.659359,0.059748,-36.927510,0.695717,-0.133071,117.7285,0.028415,117.7146,0.027897,-0.120621,-34.953377,117.6861,1.982356,0.361763,0.180370,-1.974133,-0.210774,0.294018
976,167.105,B,5,-0.078489,-34.118161,-0.031518,-36.449142,0.723933,-0.149502,117.8827,0.027886,117.8896,0.028481,-0.211882,-34.634921,117.8619,1.823165,0.533698,0.180364,-1.814221,0.133393,0.516759
977,167.280,B,5,-0.199223,-34.972409,-0.060105,-35.956147,0.745018,-0.179095,118.0396,0.030038,118.0628,0.029694,-0.298509,-34.328146,118.0350,1.645364,0.651868,0.238404,-1.628001,0.099285,-0.644263
978,167.452,B,5,-0.596130,-34.134532,-0.104068,-35.705657,0.713991,-0.175969,118.2191,0.032111,118.2403,0.033169,-0.381191,-34.034799,118.2114,1.693683,0.236950,0.277123,-1.670858,-0.214939,-0.099733
979,167.600,B,5,-0.466798,-34.229575,-0.211527,-35.350875,0.715454,-0.171385,118.4139,0.033150,118.4248,0.034765,-0.461267,-33.753253,118.3948,1.617024,0.476354,0.249740,-1.597622,-0.005530,-0.476322
980,167.773,B,5,-0.253295,-33.139225,-0.276462,-35.078246,0.694774,-0.167530,118.6083,0.033536,118.6142,0.033895,-0.555484,-33.424891,118.6218,1.676734,0.415840,0.279023,-1.653355,0.302189,0.285666
981,167.930,B,5,-0.926831,-33.398276,-0.403365,-34.434712,0.769208,-0.192522,118.7940,0.032475,118.8019,0.031054,-0.617656,-33.207824,118.7722,1.245462,0.363127,0.214292,-1.226888,-0.309175,-0.190452
982,168.101,B,5,-0.889668,-32.879957,-0.422849,-34.361061,0.695302,-0.174028,118.9775,0.031637,118.9828,0.032214,-0.694944,-32.935793,118.9544,1.451008,0.202571,0.272096,-1.425268,-0.194724,0.055837
983,168.266,B,5,-1.236857,-32.477234,-0.525862,-34.024703,0.694458,-0.169604,119.1586,0.030741,119.1583,0.030750,-0.771908,-32.663200,119.1304,1.383557,0.500761,0.246046,-1.361503,-0.464949,0.185966
984,168.442,B,5,-0.145123,-33.239966,-0.673959,-33.676555,0.701173,-0.157878,119.3485,0.031885,119.3337,0.031865,-0.863463,-32.339809,119.3408,1.350112,1.151649,0.189504,-1.336747,0.718339,-0.900157
985,168.613,B,5,-1.271941,-31.204120,-0.597435,-33.530807,0.639532,-0.171760,119.5201,0.032621,119.5132,0.033370,-0.937845,-32.078652,119.5204,1.491521,0.936177,0.340410,-1.452155,-0.334096,0.874532
986,168.781,B,5,-1.496811,-31.780839,-0.736531,-33.045327,0.680306,-0.177770,119.7124,0.033393,119.6964,0.031947,-0.994876,-31.877558,119.6669,1.196005,0.511168,0.258346,-1.167770,-0.501935,0.096719
987,168.935,B,5,-0.852390,-32.364256,-0.888762,-32.763398,0.692491,-0.161427,119.8640,0.031141,119.8797,0.029966,-1.074524,-31.589199,119.8869,1.188803,0.806261,0.185762,-1.174200,0.222133,-0.775058
988,169.085,B,5,-1.779021,-32.112412,-0.904756,-32.615827,0.627140,-0.152628,120.0631,0.028948,120.0585,0.028452,-1.135065,-31.358347,120.0655,1.278397,0.991611,0.230309,-1.257480,-0.643955,-0.754065
989,169.246,B,5,-1.153603,-31.892621,-1.077519,-32.476590,0.616545,-0.117967,120.2028,0.026763,120.2300,0.027112,-1.191516,-31.132081,120.2367,1.349333,0.761484,0.113997,-1.344509,0.037913,-0.760540
990,169.406,B,5,-1.509393,-30.708641,-1.110650,-32.316000,0.580830,-0.116204,120.3574,0.027157,120.3955,0.027559,-1.246406,-30.906997,120.4021,1.415528,0.329404,0.135756,-1.409003,-0.262987,0.198356
991,169.564,B,5,-1.660079,-30.553824,-1.203770,-31.966678,0.580024,-0.121130,120.5508,0.028986,120.5607,0.031671,-1.290942,-30.726640,120.5341,1.243098,0.407587,0.087171,-1.240038,-0.369137,0.172816
992,169.743,B,5,-1.877783,-30.864872,-1.306125,-31.653147,0.587618,-0.122678,120.7303,0.032026,120.7301,0.032713,-1.348328,-30.501202,120.7027,1.152718,0.642323,0.042203,-1.151945,-0.529455,-0.363670
993,169.902,B,5,-1.854714,-29.636299,-1.429821,-31.454094,0.573226,-0.106386,120.9252,0.033084,120.9028,0.034051,-1.406628,-30.277709,120.8751,1.176613,0.782424,-0.023193,-1.176384,-0.448086,0.641410
994,170.064,B,5,-1.734005,-31.416208,-1.527297,-31.069027,0.595642,-0.119621,121.1072,0.032039,121.0737,0.030368,-1.463027,-30.059024,121.0467,1.012046,1.383971,-0.064270,-1.010003,-0.270978,-1.357184
995,170.221,B,5,-1.186131,-29.862766,-1.584858,-31.077586,0.529913,-0.092828,121.2786,0.028367,121.2379,0.028886,-1.514540,-29.847618,121.2122,1.231976,0.328758,-0.070318,-1.229968,0.328409,-0.015148
