sample,timestamp_s,lintasan,run_ke,gps_x,gps_y,ekf_x,ekf_y,ekf_vx,ekf_vy,ekf_yaw_deg,ekf_yaw_rate,imu_yaw_deg,imu_yaw_rate_rads,gt_x,gt_y,gt_yaw_deg,error_ekf_m,error_gps_m,error_ekf_x,error_ekf_y,error_gps_x,error_gps_y
1,0.000,A,4,1.714564,6.743352,1.012399,6.812870,0.477025,-0.060522,-6.0871,0.001124,-6.0794,0.000966,1.743155,6.781491,-6.0793,0.731430,0.047666,-0.730757,0.031379,-0.028592,-0.038139
2,0.188,A,4,2.715620,6.153080,1.343359,6.773875,0.833962,-0.052068,-6.0734,0.002423,-6.0762,0.002608,1.892185,6.777148,-6.0766,0.548836,1.033202,-0.548826,-0.003273,0.823435,-0.624068
3,0.567,A,4,1.621532,7.022465,1.959537,6.517402,1.482948,-0.288158,-6.0785,-0.000435,-6.0760,-0.000296,2.015316,6.772294,-6.0768,0.260923,0.466531,-0.055779,-0.254892,-0.393784,0.250171
4,0.570,A,4,2.353978,7.620053,1.849762,6.681482,1.289496,-0.056385,-6.0653,-0.000896,-6.0770,-0.001278,2.079073,6.768623,-6.0808,0.245309,0.894710,-0.229310,-0.087141,0.274905,0.851430
5,0.630,A,4,2.465465,7.046767,2.218044,6.984162,1.163264,0.344372,-6.0924,-0.007001,-6.1388,-0.007575,2.390029,6.740385,-6.1346,0.298339,0.315532,-0.171985,0.243777,0.075436,0.306382
6,0.784,A,4,2.458795,6.572189,2.415324,7.026056,1.134214,0.341830,-6.1314,-0.005163,-6.1632,-0.003001,2.579675,6.721666,-6.1616,0.345926,0.192238,-0.164351,0.304390,-0.120881,-0.149477
7,0.928,A,4,2.621787,7.205936,2.541011,6.903495,1.052981,0.173221,-6.1577,-0.000223,-6.1615,0.000984,2.777112,6.706432,-6.1631,0.307534,0.523097,-0.236101,0.197063,-0.155325,0.499504
8,1.081,A,4,2.783151,6.448771,2.667782,6.999948,0.964811,0.239780,-6.1367,0.003472,-6.1382,0.004496,2.976592,6.696097,-6.1416,0.433231,0.313990,-0.308811,0.303851,-0.193441,-0.247326
9,1.230,A,4,3.403490,6.210948,2.795384,6.855742,0.913618,0.088451,-6.1241,0.004388,-6.1114,0.004689,3.172763,6.688231,-6.1141,0.412886,0.530126,-0.377379,0.167511,0.230727,-0.477283
10,1.435,A,4,2.809974,6.204359,3.048901,6.679469,0.970311,-0.043657,-6.1247,0.001676,-6.0992,-0.000715,3.402311,6.675808,-6.0992,0.353429,0.757052,-0.353410,0.003661,-0.592337,-0.471449
11,1.585,A,4,3.498499,7.671453,3.175812,6.802503,0.898481,0.090565,-6.1155,-0.002883,-6.1082,-0.003387,3.554590,6.663730,-6.1061,0.403399,1.009283,-0.378778,0.138773,-0.056092,1.007723
12,1.746,A,4,3.190330,7.429198,3.265976,6.801927,0.812156,0.081861,-6.1343,-0.003630,-6.1297,-0.002092,3.788424,6.641467,-6.1314,0.546534,0.989058,-0.522448,0.160460,-0.598094,0.787731
13,1.896,A,4,3.523111,6.216023,3.322966,6.952188,0.711347,0.172707,-6.1345,-0.001154,-6.1424,-0.000427,3.993425,6.623264,-6.1423,0.746798,0.622126,-0.670459,0.328924,-0.470314,-0.407241
14,2.043,A,4,3.241136,7.687903,3.438920,6.791286,0.683527,0.052341,-6.1377,0.003583,-6.1283,0.003545,4.210288,6.608533,-6.1260,0.792721,1.450619,-0.771368,0.182753,-0.969152,1.079370
15,2.182,A,4,4.548747,6.350384,3.460574,6.989626,0.578521,0.164440,-6.0884,0.007255,-6.0915,0.008177,4.391512,6.598930,-6.0965,1.009599,0.294105,-0.930939,0.390696,0.157235,-0.248546
16,2.339,A,4,4.391033,7.012738,3.753149,6.861010,0.666266,0.083901,-6.0542,0.007185,-6.0514,0.005870,4.624100,6.587179,-6.0557,0.912983,0.485201,-0.870951,0.273831,-0.233067,0.425559
17,2.493,A,4,4.456503,7.331423,3.937947,6.893618,0.687648,0.103273,-6.0268,0.005090,-6.0268,0.002029,4.857762,6.572587,-6.0287,0.974228,0.858394,-0.919815,0.321031,-0.401259,0.758836
18,2.654,A,4,4.456384,6.796350,4.120255,6.986816,0.658369,0.144575,-6.0110,0.000645,-6.0225,-0.000941,5.087672,6.553827,-6.0222,1.059895,0.676271,-0.967418,0.432989,-0.631288,0.242523
19,2.823,A,4,4.804522,6.241878,4.251713,6.955971,0.631058,0.115099,-6.0211,-0.001451,-6.0279,-0.000979,5.313488,6.532955,-6.0273,1.142939,0.586322,-1.061776,0.423016,-0.508967,-0.291077
20,2.978,A,4,5.167078,6.695531,4.421022,6.821229,0.630159,0.041783,-6.0327,0.001057,-6.0270,0.000093,5.538213,6.513444,-6.0279,1.158813,0.413397,-1.117191,0.307785,-0.371135,0.182087
21,3.135,A,4,5.980338,6.380020,4.624199,6.794849,0.637808,0.033610,-6.0031,0.011943,-5.9779,0.047804,5.765628,6.497554,-6.0049,1.179510,0.244774,-1.141428,0.297295,0.214710,-0.117533
22,3.274,A,4,6.106899,6.498278,4.939488,6.714255,0.695818,0.007280,-5.3659,0.116593,-5.3254,0.081458,5.988774,6.480437,-5.3861,1.075022,0.119465,-1.049286,0.233818,0.118125,0.017841
23,3.425,A,4,5.631920,6.449233,5.220958,6.669144,0.725490,-0.000969,-5.3342,-0.042129,-5.3503,-0.084332,6.218500,6.466121,-5.2962,1.017992,0.586823,-0.997542,0.203024,-0.586580,-0.016888
24,3.577,A,4,6.507318,6.794431,5.364681,6.622738,0.689385,-0.014612,-5.2942,0.066385,-5.2381,0.119817,6.451621,6.448722,-5.3147,1.100782,0.350167,-1.086940,0.174016,0.055696,0.345709
25,3.731,A,4,5.638728,6.449520,5.634106,6.646359,0.706620,0.008200,-4.5888,0.086353,-4.5710,0.047479,6.678626,6.421703,-4.6071,1.068407,1.040270,-1.044520,0.224656,-1.039898,0.027816
26,3.881,A,4,6.833030,6.599115,5.702743,6.607174,0.640470,-0.006604,-4.4237,0.055790,-4.3934,0.106321,6.911647,6.396435,-4.4594,1.227134,0.217393,-1.208904,0.210739,-0.078616,0.202680
27,4.057,A,4,6.488967,6.444001,5.959855,6.601000,0.656605,0.001025,-3.6347,0.117766,-3.6223,0.081084,7.132454,6.368630,-3.6817,1.195402,0.647886,-1.172600,0.232369,-0.643487,0.075371
28,4.228,A,4,6.679595,6.493271,6.113400,6.570534,0.629598,-0.006212,-3.0768,0.139252,-3.0385,0.170670,7.349500,6.346185,-3.1546,1.256295,0.685862,-1.236100,0.224349,-0.669904,0.147087
29,4.387,A,4,6.954589,5.639168,6.269761,6.554099,0.605921,-0.007354,-2.3250,0.131206,-2.2917,0.164761,7.556207,6.324467,-2.4030,1.306781,0.911910,-1.286447,0.229631,-0.601618,-0.685299
30,4.535,A,4,8.172769,6.305185,6.442866,6.398281,0.595197,-0.060187,-1.4971,0.146681,-1.4503,0.151033,7.755029,6.300952,-1.5539,1.315768,0.417762,-1.312163,0.097329,0.417740,0.004233
31,4.685,A,4,7.929113,6.619138,6.786812,6.376582,0.643352,-0.051997,-0.5957,0.157839,-0.5531,0.161576,7.949735,6.273103,-0.6639,1.167518,0.346649,-1.162923,0.103479,-0.020622,0.346035
32,4.835,A,4,7.729531,6.593557,7.036248,6.411765,0.648062,-0.028004,0.3735,0.168962,0.4062,0.172998,8.144361,6.240718,0.2875,1.121237,0.544591,-1.108113,0.171047,-0.414830,0.352839
33,4.985,A,4,8.415411,6.515258,7.211527,6.439885,0.625182,-0.012423,1.2226,0.108309,1.1985,0.063027,8.344221,6.207057,1.1507,1.156376,0.316316,-1.132694,0.232828,0.071191,0.308201
34,5.135,A,4,7.873086,6.077873,7.466338,6.452921,0.632885,-0.003569,1.8439,0.154937,1.8581,0.197290,8.552649,6.178154,1.7268,1.120522,0.686922,-1.086311,0.274766,-0.679563,-0.100281
35,5.306,A,4,8.571396,7.540225,7.592636,6.395015,0.595422,-0.023124,3.2698,0.251765,3.2809,0.209638,8.767622,6.149214,3.1328,1.200421,1.404784,-1.174986,0.245801,-0.196226,1.391012
36,5.480,A,4,8.661576,6.307146,7.805550,6.579960,0.589566,0.042848,4.0273,0.077775,3.9427,0.078002,8.984952,6.128027,3.8941,1.263025,0.369670,-1.179402,0.451934,-0.323377,0.179119
37,5.648,A,4,8.878304,6.585988,7.997713,6.545427,0.578833,0.024883,4.9296,0.207736,4.9116,0.243918,9.199584,6.103546,4.7446,1.280529,0.579630,-1.201871,0.441881,-0.321280,0.482442
38,5.791,A,4,8.982076,6.493318,8.191878,6.559871,0.569443,0.024752,5.8030,0.096315,5.7272,0.060663,9.410398,6.074868,5.6844,1.311495,0.598798,-1.218520,0.485003,-0.428321,0.418450
39,5.939,A,4,8.801304,6.346315,8.370177,6.557933,0.555558,0.018508,6.5631,0.172845,6.5330,0.168084,9.618570,6.045238,6.4121,1.349572,0.870960,-1.248394,0.512695,-0.817267,0.301077
40,6.100,A,4,9.249574,6.863089,8.490482,6.533148,0.523911,0.005406,7.2515,0.121995,7.2167,0.134006,9.827496,6.017182,7.1242,1.433118,1.024476,-1.337014,0.515966,-0.577921,0.845907
41,6.234,A,4,10.018543,6.093337,8.658374,6.592083,0.512385,0.020086,7.9889,0.122825,7.9495,0.133948,10.042624,5.993524,7.8580,1.508118,0.102677,-1.384250,0.598559,-0.024081,0.099813
42,6.378,A,4,10.022333,6.902451,8.918103,6.524274,0.529529,-0.010078,8.6803,0.121277,8.6515,0.120141,10.267906,5.975475,8.5685,1.457103,0.958953,-1.349804,0.548798,-0.245573,0.926976
43,6.543,A,4,10.928773,6.209237,9.139013,6.590265,0.534100,0.006030,9.3599,0.115430,9.3235,0.115155,10.504282,5.960680,9.2450,1.503442,0.491907,-1.365269,0.629585,0.424491,0.248557
44,6.754,A,4,10.201553,6.184275,9.465501,6.541426,0.568394,-0.019792,9.9809,0.107314,9.9517,0.106455,10.749325,5.945717,9.8788,1.415300,0.597465,-1.283824,0.595709,-0.547772,0.238558
45,6.929,A,4,10.668272,5.807014,9.632903,6.494625,0.547680,-0.038290,10.5617,0.100477,10.5366,0.100601,10.998287,5.929103,10.4683,1.477866,0.351875,-1.365383,0.565522,-0.330015,-0.122089
46,7.093,A,4,10.348713,6.125048,9.846508,6.395917,0.541090,-0.072505,11.1254,0.096050,11.0905,0.094817,11.246277,5.912160,11.0251,1.481005,0.922465,-1.399770,0.483757,-0.897564,0.212888
47,7.240,A,4,10.967733,6.192685,9.963103,6.357381,0.521930,-0.082838,11.5310,0.094259,11.6268,0.094240,11.490013,5.897399,11.5631,1.594691,0.599975,-1.526910,0.459982,-0.522280,0.295287
48,7.389,A,4,11.548447,5.223606,10.164418,6.334986,0.518445,-0.088907,12.0579,0.091688,12.1527,0.088964,11.729275,5.886495,12.0901,1.627858,0.687110,-1.564857,0.448492,-0.180828,-0.662888
49,7.545,A,4,11.913198,7.555775,10.433804,6.168622,0.516102,-0.139631,12.6493,0.088438,12.6648,0.086544,11.967680,5.879094,12.6044,1.560962,1.677565,-1.533876,0.289528,-0.054483,1.676680
50,7.700,A,4,11.872840,6.362261,10.709239,6.377970,0.544245,-0.072485,13.1685,0.082618,13.1512,0.081063,12.210934,5.873355,13.0946,1.584212,0.594422,-1.501695,0.504616,-0.338094,0.488907
51,7.851,A,4,12.331342,6.599447,10.938168,6.381284,0.545117,-0.074832,13.6204,0.077462,13.6015,0.075799,12.463680,5.867782,13.5495,1.609618,0.743537,-1.525512,0.513502,-0.132337,0.731665
52,8.016,A,4,12.907305,5.828580,11.451297,6.333586,0.637847,-0.113833,14.0240,0.070723,14.0187,0.069696,12.727276,5.862698,13.9699,1.360095,0.183234,-1.275979,0.470888,0.180029,-0.034118
53,8.222,A,4,13.014927,5.978383,11.513392,6.338004,0.576563,-0.102899,14.4277,0.069812,14.4186,0.068851,12.999198,5.860172,14.3709,1.560750,0.119253,-1.485805,0.477832,0.015730,0.118211
54,8.395,A,4,12.479549,6.357746,11.796462,6.288439,0.585639,-0.122217,14.8139,0.068751,14.8161,0.068858,13.274377,5.862218,14.7683,1.538147,0.936643,-1.477915,0.426221,-0.794828,0.495528
55,8.547,A,4,13.026970,6.644659,11.945278,6.301552,0.572023,-0.115874,15.1352,0.069278,15.2130,0.067488,13.547747,5.868832,15.1657,1.659865,0.934407,-1.602469,0.432720,-0.520777,0.775827
56,8.700,A,4,13.449186,5.915452,12.173044,6.358044,0.557619,-0.097476,15.6144,0.067584,15.6000,0.065752,13.816503,5.877704,15.5545,1.712217,0.369252,-1.643459,0.480340,-0.367317,0.037748
57,8.874,A,4,13.913211,6.074888,12.419550,6.297160,0.556323,-0.120229,15.9674,0.062468,15.9640,0.060941,14.081262,5.885851,15.9219,1.711859,0.252935,-1.661712,0.411309,-0.168051,0.189037
58,9.037,A,4,15.012177,6.677131,12.699088,6.267764,0.566580,-0.133623,16.2964,0.056656,16.2978,0.055210,14.345499,5.891953,16.2593,1.688758,1.030031,-1.646411,0.375810,0.666678,0.785178
59,9.211,A,4,14.336541,5.599071,13.102807,6.333046,0.618118,-0.126973,16.6142,0.053143,16.6053,0.052282,14.613617,5.897572,16.5693,1.572318,0.407276,-1.510810,0.435474,-0.277076,-0.298501
60,9.374,A,4,14.499775,6.026842,13.348984,6.228261,0.604873,-0.160210,16.8893,0.051631,16.9022,0.051935,14.888948,5.906314,16.8665,1.573258,0.407410,-1.539965,0.321947,-0.389174,0.120527
61,9.566,A,4,15.112180,5.954458,13.582027,6.200496,0.594738,-0.166350,17.1860,0.052130,17.2035,0.052122,15.172507,5.921349,17.1669,1.614790,0.068815,-1.590479,0.279147,-0.060326,0.033109
62,9.742,A,4,14.620747,6.713255,13.871193,6.165569,0.601327,-0.178445,17.4854,0.053421,17.5113,0.053673,15.462809,5.943078,17.4743,1.607091,1.141157,-1.591615,0.222491,-0.842062,0.770176
63,9.909,A,4,15.439229,6.475259,14.043833,6.249176,0.582380,-0.146300,17.8051,0.051548,17.8142,0.051382,15.756605,5.968813,17.7786,1.735566,0.597674,-1.712772,0.280363,-0.317375,0.506446
64,10.076,A,4,14.770779,6.455795,14.310765,6.287264,0.589365,-0.139091,18.0978,0.049047,18.0986,0.048324,16.050107,5.994562,18.0657,1.763798,1.359932,-1.739342,0.292702,-1.279328,0.461233
65,10.246,A,4,15.910635,6.002572,14.437831,6.317664,0.554585,-0.124068,18.3662,0.044871,18.3592,0.043208,16.340546,6.017801,18.3291,1.926199,0.430181,-1.902715,0.299862,-0.429911,-0.015230
66,10.426,A,4,16.797014,7.519701,14.713117,6.276204,0.560602,-0.143935,18.6004,0.042198,18.6014,0.041381,16.627313,6.039125,18.5730,1.928822,1.490269,-1.914196,0.237079,0.169701,1.480576
67,10.613,A,4,16.702639,6.839253,15.080678,6.467305,0.611591,-0.103265,18.8730,0.042140,18.8368,0.042664,16.911929,6.061452,18.8085,1.875686,0.805467,-1.831251,0.405853,-0.209290,0.777801
68,10.788,A,4,17.043581,6.307746,15.382405,6.533061,0.626816,-0.098355,19.1196,0.042415,19.0760,0.043894,17.197450,6.087941,19.0469,1.868828,0.268310,-1.815045,0.445120,-0.153869,0.219806
69,10.949,A,4,17.007012,7.434401,15.691297,6.510417,0.634344,-0.120239,19.3540,0.043695,19.3208,0.043208,17.487597,6.120015,19.2913,1.838235,1.399490,-1.796300,0.390402,-0.480585,1.314386
70,11.096,A,4,18.234720,6.812448,15.949554,6.658541,0.641527,-0.086991,19.6173,0.041522,19.5623,0.041839,17.785106,6.156694,19.5339,1.902919,0.795089,-1.835552,0.501847,0.449614,0.655754
71,11.258,A,4,18.087172,7.001105,16.352478,6.694816,0.678732,-0.103003,19.8362,0.038827,19.7901,0.037364,18.090140,6.195718,19.7637,1.807918,0.805392,-1.737662,0.499098,-0.002968,0.805386
72,11.415,A,4,18.930770,5.994732,16.676744,6.753833,0.691002,-0.103970,20.0451,0.035344,20.0017,0.034588,18.399934,6.235221,19.9770,1.799539,0.582772,-1.723190,0.518612,0.530837,-0.240490
73,11.569,A,4,18.770470,6.228416,17.079971,6.653798,0.709072,-0.157317,20.2072,0.034118,20.2034,0.034448,18.709896,6.274802,20.1794,1.673408,0.076295,-1.629925,0.378996,0.060574,-0.046386
74,11.721,A,4,18.281997,6.528941,17.402121,6.599691,0.706060,-0.183919,20.3852,0.035608,20.4043,0.034249,19.016077,6.315430,20.3800,1.638798,0.764500,-1.613956,0.284261,-0.734079,0.213511
75,11.882,A,4,18.225447,7.815081,17.603490,6.596361,0.674148,-0.181783,20.5862,0.035619,20.6089,0.035606,19.317249,6.358195,20.5842,1.730229,1.820590,-1.713759,0.238165,-1.091802,1.456886
76,12.070,A,4,19.744041,6.868805,17.763133,6.785506,0.653023,-0.122295,20.8323,0.036624,20.8152,0.035735,19.674511,6.412456,20.8316,1.947442,0.461615,-1.911377,0.373050,0.069530,0.456349
77,12.218,A,4,18.830637,7.609566,18.122171,6.809597,0.674327,-0.136019,21.0298,0.035442,21.0157,0.034472,19.913186,6.449805,20.9922,1.826796,1.586492,-1.791015,0.359791,-1.082549,1.159760
78,12.398,A,4,19.500263,6.721412,18.293180,6.940597,0.650922,-0.100069,21.2406,0.032518,21.2030,0.031755,20.215924,6.497374,21.1813,1.973167,0.749909,-1.922744,0.443223,-0.715661,0.224037
79,12.548,A,4,20.511233,7.130074,18.538100,6.922162,0.635393,-0.117613,21.4098,0.030626,21.3781,0.030023,20.525823,6.546606,21.3575,2.022890,0.583651,-1.987723,0.375556,-0.014590,0.583468
80,12.707,A,4,19.818551,7.568010,18.891788,6.964813,0.659993,-0.127601,21.5675,0.029593,21.5499,0.028777,20.906213,6.609962,21.5639,2.045441,1.449436,-2.014426,0.354852,-1.087662,0.958048
81,12.855,A,4,20.413063,6.837932,19.096245,7.067698,0.644201,-0.104474,21.7603,0.031105,21.7275,0.032883,21.162337,6.655592,21.7058,2.106791,0.771141,-2.066092,0.412106,-0.749274,0.182340
82,13.010,A,4,20.675620,7.761077,19.351904,7.046501,0.633573,-0.124374,21.9194,0.032111,21.9123,0.030757,21.481611,6.715934,21.8899,2.155209,1.319828,-2.129707,0.330568,-0.805991,1.045143
83,13.163,A,4,21.459749,7.155870,19.597561,7.162241,0.651489,-0.105594,22.0791,0.031553,22.0978,0.032147,21.797418,6.777971,22.0758,2.233167,0.506782,-2.199857,0.384271,-0.337668,0.377899
84,13.331,A,4,21.934717,7.362380,19.933886,7.175070,0.666889,-0.125559,22.2490,0.031536,22.2755,0.029980,22.109417,6.839374,22.2548,2.201279,0.551412,-2.175531,0.335696,-0.174700,0.523006
85,13.507,A,4,21.898739,7.428478,20.302626,7.218383,0.672262,-0.134001,22.4446,0.027918,22.4400,0.027745,22.419057,6.898963,22.4210,2.140400,0.742373,-2.116432,0.319421,-0.520318,0.529515
86,13.677,A,4,22.398133,7.268244,20.606934,7.262799,0.677053,-0.138036,22.2214,-0.094429,22.1623,-0.111844,22.724589,6.959735,22.2455,2.139231,0.449167,-2.117655,0.303063,-0.326456,0.308509
87,13.842,A,4,22.917794,7.894110,20.926753,7.273469,0.699984,-0.156579,21.9814,-0.015343,22.0438,0.060752,23.023304,7.017168,22.0077,2.112159,0.883267,-2.096551,0.256301,-0.105510,0.876942
88,14.001,A,4,23.402089,7.161259,21.303720,7.379935,0.711495,-0.145296,22.4222,0.027959,22.4393,-0.007216,23.325969,7.076477,22.4386,2.044890,0.113940,-2.022248,0.303458,0.076120,0.084782
89,14.153,A,4,23.304616,8.403314,21.686471,7.360378,0.725858,-0.174440,22.5140,0.049532,22.5549,0.030487,23.624193,7.138884,22.5291,1.950340,1.304191,-1.937722,0.221495,-0.319577,1.264430
90,14.310,A,4,23.030733,7.413211,21.999445,7.527880,0.739588,-0.141342,22.3248,-0.051755,22.3220,-0.019567,23.919445,7.206462,22.3411,1.946717,0.912444,-1.920000,0.321418,-0.888711,0.206749
91,14.461,A,4,24.132658,7.333624,22.224670,7.525191,0.708936,-0.149379,22.3330,-0.023259,22.3346,-0.051014,24.212048,7.270278,22.3695,2.003660,0.101565,-1.987379,0.254913,-0.079390,0.063346
92,14.633,A,4,24.152985,8.430006,22.578600,7.509062,0.715834,-0.174262,22.2327,-0.013537,22.2662,-0.000578,24.498021,7.332212,22.2684,1.927551,1.150740,-1.919421,0.176851,-0.345035,1.097795
93,14.811,A,4,24.490657,7.341639,22.883973,7.657440,0.726687,-0.145828,22.2023,-0.009617,22.2062,-0.009458,24.774941,7.389084,22.2130,1.909915,0.288216,-1.890968,0.268356,-0.284284,-0.047445
94,14.990,A,4,24.501552,7.491658,23.194077,7.623511,0.717391,-0.171255,22.1328,-0.008705,22.1563,-0.005978,25.040947,7.442418,22.1616,1.855727,0.541638,-1.846870,0.181093,-0.539395,0.049240
95,15.152,A,4,25.097614,7.610345,23.459584,7.614462,0.699762,-0.181803,22.0880,-0.005723,22.1218,-0.003789,25.296562,7.493962,22.1250,1.840926,0.230489,-1.836978,0.120499,-0.198948,0.116383
96,15.315,A,4,25.145470,8.100998,23.773203,7.622890,0.699440,-0.191599,22.0634,-0.003098,22.1039,-0.001635,25.544632,7.545213,22.1052,1.773131,0.684270,-1.771428,0.077677,-0.399161,0.555784
97,15.474,A,4,24.698028,8.259471,24.047400,7.702580,0.696247,-0.176375,22.0700,-0.000986,22.0982,-0.000853,25.789078,7.596586,22.0984,1.744900,1.276638,-1.741678,0.105994,-1.091049,0.662884
98,15.639,A,4,26.255704,7.930506,24.212995,7.795331,0.665158,-0.147461,22.0870,0.000246,22.0977,-0.000069,26.032970,7.647607,22.0977,1.825961,0.360059,-1.819975,0.147724,0.222734,0.282899
99,15.793,A,4,25.021190,7.984852,24.582855,7.826422,0.686980,-0.161580,22.0849,0.000729,22.0989,0.000851,26.277063,7.697654,22.0986,1.699094,1.288293,-1.694208,0.128768,-1.255873,0.287197
100,15.954,A,4,25.443934,8.592032,24.715322,7.860547,0.641508,-0.146846,22.0952,0.000952,22.1040,0.001872,26.519455,7.746514,22.1030,1.807734,1.368081,-1.804133,0.114033,-1.075521,0.845518
101,16.116,A,4,26.222684,8.685701,24.886545,7.980023,0.621749,-0.114942,21.9654,-0.063703,21.9138,-0.114242,26.756404,7.795838,21.9870,1.878908,1.037647,-1.869859,0.184185,-0.533720,0.889862
102,16.290,A,4,26.067347,8.635559,25.145701,8.097273,0.628290,-0.097200,21.4442,-0.050063,21.4213,-0.008615,26.982426,7.846011,21.4314,1.853832,1.208617,-1.836726,0.251262,-0.915079,0.789548
103,16.456,A,4,26.515510,8.976231,25.342935,8.191181,0.614486,-0.081103,21.7454,0.064659,21.7258,0.027472,27.207649,7.894457,21.7001,1.888175,1.284246,-1.864714,0.296723,-0.692139,1.081773
104,16.606,A,4,27.205956,8.211203,25.575807,8.323027,0.616326,-0.060542,21.3733,-0.124034,21.2835,-0.141016,27.419687,7.943070,21.3854,1.882620,0.342894,-1.843880,0.379956,-0.213731,0.268132
105,16.761,A,4,26.978897,8.523997,25.876653,8.322085,0.621956,-0.086074,20.9964,-0.015082,20.9857,0.021879,27.626225,7.989774,20.9717,1.780852,0.839302,-1.749572,0.332311,-0.647328,0.534224
106,16.936,A,4,27.761803,8.694819,26.100102,8.365787,0.610622,-0.087572,20.6822,-0.108501,20.6199,-0.139324,27.873196,8.044665,20.5562,1.801938,0.659628,-1.773093,0.321122,-0.111393,0.650154
107,17.071,A,4,27.984681,7.114168,26.406428,8.427361,0.625384,-0.092708,20.1221,-0.071737,20.0982,-0.066712,28.037328,8.082735,20.1437,1.666914,0.969996,-1.630900,0.344626,-0.052647,-0.968567
108,17.238,A,4,26.995727,8.279691,26.701537,8.242829,0.608825,-0.163076,19.5006,-0.114934,19.5148,-0.100314,28.243419,8.133272,19.5875,1.545769,1.256254,-1.541882,0.109556,-1.247692,0.146419
109,17.421,A,4,27.283088,9.231133,26.805865,8.252788,0.563003,-0.150588,18.8811,-0.113926,18.8906,-0.116065,28.449309,8.187306,18.9709,1.644748,1.565135,-1.643444,0.065482,-1.166221,1.043828
110,17.614,A,4,28.402502,8.664983,26.933171,8.402476,0.543974,-0.103400,18.2010,-0.126051,18.1823,-0.130269,28.692858,8.254745,18.1225,1.765878,0.502596,-1.759687,0.147731,-0.290356,0.410239
111,17.779,A,4,27.826660,8.750433,27.205413,8.447934,0.556384,-0.105438,17.4187,-0.140072,17.4003,-0.141898,28.851249,8.299270,17.4982,1.652536,1.119522,-1.645835,0.148664,-1.024589,0.451163
112,17.936,A,4,29.143364,8.710897,27.352365,8.498982,0.533224,-0.092259,16.5660,-0.152948,16.5430,-0.156337,29.043265,8.352883,16.6498,1.697200,0.371744,-1.690900,0.146099,0.100098,0.358014
113,18.097,A,4,29.354603,8.999242,27.671489,8.535846,0.559405,-0.101291,15.6314,-0.164709,15.6151,-0.168350,29.228521,8.404443,15.7299,1.562567,0.608015,-1.557032,0.131403,0.126081,0.594799
114,18.239,A,4,29.191689,9.307324,27.977312,8.609225,0.582387,-0.096730,14.6416,-0.175424,14.6260,-0.176277,29.408394,8.455811,14.7475,1.439281,0.878656,-1.431082,0.153415,-0.216705,0.851513
115,18.405,A,4,28.930823,8.750774,28.215346,8.717800,0.586950,-0.075425,13.6115,-0.183221,13.5859,-0.185751,29.585347,8.509224,13.7132,1.385788,0.697674,-1.370002,0.208576,-0.654525,0.241551
116,18.563,A,4,29.489853,10.402425,28.367196,8.727212,0.572416,-0.078099,12.7385,-0.190112,12.4999,-0.193474,29.762076,8.565805,12.6327,1.404188,1.856685,-1.394880,0.161407,-0.272223,1.836620
117,18.722,A,4,29.630275,9.331534,28.586507,8.974975,0.584972,-0.016466,11.6460,-0.198570,11.3653,-0.203671,29.940350,8.624880,11.5042,1.398376,0.771690,-1.353842,0.350095,-0.310075,0.706654
118,18.893,A,4,29.647585,9.873820,28.807496,9.038663,0.566495,-0.012539,10.2233,-0.208895,10.1762,-0.210961,30.120102,8.684615,10.3219,1.359517,1.279641,-1.312607,0.354047,-0.472517,1.189205
119,19.059,A,4,29.793436,8.696509,28.987623,9.171482,0.557845,0.014141,8.9901,-0.219117,8.9299,-0.222615,30.299383,8.743376,9.0824,1.379851,0.508114,-1.311760,0.428105,-0.505948,-0.046867
120,19.220,A,4,30.257960,10.155680,29.160862,9.109077,0.533251,-0.016588,7.6626,-0.228721,7.6305,-0.229952,30.475239,8.800847,7.7890,1.350034,1.372146,-1.314377,0.308230,-0.217278,1.354834
121,19.381,A,4,30.774486,8.768831,29.376567,9.269869,0.540111,0.018154,6.3327,-0.236234,6.2871,-0.237860,30.645292,8.858158,6.4503,1.333855,0.157068,-1.268725,0.411712,0.129194,-0.089327
122,19.535,A,4,30.841428,9.779018,29.636671,9.201008,0.543286,-0.018883,4.9206,-0.242109,4.9079,-0.243956,30.809016,8.916847,5.0751,1.206292,0.862780,-1.172345,0.284161,0.032412,0.862171
123,19.694,A,4,30.889304,9.062814,29.869102,9.288774,0.548243,-0.003106,3.5106,-0.247606,3.4965,-0.248477,30.967828,8.977610,3.6676,1.141938,0.115870,-1.098726,0.311164,-0.078524,0.085204
124,19.849,A,4,31.857387,9.868246,30.073882,9.256718,0.537784,-0.020972,2.0450,-0.253860,2.0506,-0.255786,31.124379,9.039835,2.2261,1.072652,1.106149,-1.050497,0.216883,0.733008,0.828411
125,20.001,A,4,30.689612,9.477039,30.392018,9.346080,0.567939,-0.005609,0.5608,-0.261205,0.5652,-0.262195,31.281447,9.102158,0.7456,0.922269,0.700575,-0.889429,0.243921,-0.591835,0.374881
126,20.175,A,4,31.322571,9.312043,30.491045,9.364813,0.527158,-0.001293,-0.9695,-0.268008,-0.9612,-0.271342,31.440686,9.163603,-0.7759,0.970723,0.189698,-0.949641,0.201210,-0.118115,0.148439
127,20.356,A,4,31.005386,9.508065,30.665648,9.354786,0.512450,-0.008053,-2.5435,-0.274206,-2.5242,-0.276822,31.601935,9.224284,-2.3350,0.945338,0.660608,-0.936287,0.130503,-0.596549,0.283782
128,20.518,A,4,31.952244,9.226450,30.765494,9.373874,0.478751,-0.002123,-4.1402,-0.279360,-4.1169,-0.279577,31.763397,9.285200,-3.9244,1.001836,0.197775,-0.997904,0.088674,0.188847,-0.058750
129,20.679,A,4,31.340003,9.516175,30.987946,9.346938,0.484145,-0.012557,-5.7686,-0.283368,-5.7344,-0.284996,31.922505,9.347438,-5.5390,0.934559,0.606449,-0.934559,-0.000499,-0.582502,0.168738
130,20.832,A,4,31.632935,9.828216,31.086623,9.365459,0.453476,-0.004801,-7.4159,-0.287746,-7.3767,-0.289189,32.077194,9.411311,-7.1782,0.991632,0.609242,-0.990571,-0.045852,-0.444259,0.416905
131,20.993,A,4,32.502075,9.453411,31.211387,9.427371,0.434521,0.015182,-9.0763,-0.291569,-9.0470,-0.295053,32.226791,9.476207,-8.8450,1.016577,0.276226,-1.015404,-0.048835,0.275284,-0.022795
132,21.145,A,4,31.039564,9.733539,31.444864,9.424552,0.449381,0.014475,-10.7808,-0.297328,-10.7479,-0.298982,32.372106,9.541162,-10.5422,0.934545,1.346357,-0.927241,-0.116611,-1.332542,0.192377
133,21.306,A,4,32.345978,9.563989,31.427420,9.463659,0.388190,0.026307,-12.5114,-0.303446,-12.4785,-0.303206,32.515162,9.605573,-12.2694,1.096961,0.174219,-1.087742,-0.141914,-0.169184,-0.041584
134,21.474,A,4,32.975194,10.461856,31.601020,9.471741,0.390923,0.030003,-14.2652,-0.306553,-14.2335,-0.308527,32.658546,9.669514,-14.0219,1.075860,0.853271,-1.057526,-0.197773,0.316649,0.792341
135,21.637,A,4,32.882234,9.832837,31.843280,9.610963,0.410327,0.074762,-16.0239,-0.310027,-16.0064,-0.312443,32.804233,9.733449,-15.7929,0.968727,0.126341,-0.960952,-0.122486,0.078002,0.099388
136,21.810,A,4,32.815544,9.417800,32.037773,9.638572,0.415246,0.081800,-17.8160,-0.312592,-17.7941,-0.312688,32.952579,9.797665,-17.5788,0.928537,0.403827,-0.914806,-0.159093,-0.137035,-0.379865
137,21.975,A,4,32.829236,9.761971,32.193545,9.599794,0.410383,0.068698,-19.6322,-0.315261,-19.5996,-0.318562,33.102101,9.862003,-19.3818,0.945636,0.290622,-0.908555,-0.262209,-0.272864,-0.100031
138,22.127,A,4,32.511172,11.236739,32.327472,9.615795,0.397364,0.073462,-21.4642,-0.320253,-21.4283,-0.321673,33.250165,9.926055,-21.2075,0.973460,1.504661,-0.922694,-0.310260,-0.738994,1.310684
139,22.289,A,4,32.491806,10.308811,32.394391,9.848765,0.354044,0.137694,-23.2871,-0.324722,-23.2837,-0.325119,33.422720,10.002377,-23.4333,1.039739,0.980052,-1.028329,-0.153612,-0.930914,0.306433
140,22.432,A,4,33.240784,10.446775,32.445791,9.915278,0.319913,0.145085,-25.0832,-0.289622,-25.0504,-0.247247,33.534739,10.052883,-24.8756,1.097608,0.491488,-1.088948,-0.137605,-0.293955,0.393892
141,22.608,A,4,32.369087,9.559748,32.598142,9.992840,0.317338,0.162182,-26.4155,-0.261286,-26.3976,-0.298810,33.702515,10.123774,-26.5397,1.112108,1.447811,-1.104373,-0.130934,-1.333428,-0.564026
142,22.747,A,4,33.512589,9.892703,32.597947,9.928573,0.282312,0.125627,-28.5344,-0.396793,-28.5255,-0.372038,33.821606,10.170632,-28.2634,1.247371,0.415616,-1.223659,-0.242059,-0.309018,-0.277929
143,22.929,A,4,33.784976,10.566664,32.763341,9.919644,0.293904,0.124058,-30.1211,-0.213698,-30.0701,-0.175639,33.971511,10.223996,-29.9442,1.245915,0.390150,-1.208170,-0.304352,-0.186536,0.342668
144,23.118,A,4,32.991793,10.386308,32.946075,10.010723,0.298699,0.153608,-31.5252,-0.290561,-31.5105,-0.332188,34.125620,10.272719,-31.2863,1.208291,1.139503,-1.179545,-0.261996,-1.133827,0.113589
145,23.299,A,4,33.569425,10.151353,32.985365,10.063639,0.266035,0.154967,-33.2375,-0.248678,-33.1755,-0.198794,34.287770,10.319730,-33.0327,1.327344,0.737815,-1.302405,-0.256091,-0.718345,-0.168377
146,23.478,A,4,33.881182,10.595369,33.101737,10.074363,0.262673,0.153430,-34.5110,-0.264045,-34.4871,-0.300332,34.449972,10.358214,-34.2817,1.377792,0.616251,-1.348236,-0.283851,-0.568790,0.237155
147,23.660,A,4,34.477117,10.198737,33.249681,10.148564,0.259321,0.173538,-35.9951,-0.205939,-35.8497,-0.214614,34.615466,10.392638,-35.7066,1.387423,0.238198,-1.365785,-0.244074,-0.138349,-0.193901
148,23.859,A,4,34.556106,10.211026,33.453116,10.154261,0.288219,0.186345,-36.9850,-0.230056,-37.1854,-0.217097,34.815703,10.427087,-37.2874,1.389632,0.337747,-1.362587,-0.272826,-0.259597,-0.216061
149,24.050,A,4,33.976591,11.209207,33.655007,10.158751,0.297160,0.189632,-38.4979,-0.216543,-38.4436,-0.213075,34.951204,10.446895,-38.2967,1.327838,1.237331,-1.296197,-0.288145,-0.974613,0.762311
150,24.243,A,4,34.763524,9.770213,33.737282,10.310696,0.258822,0.218505,-39.6757,-0.204994,-39.6322,-0.202331,35.123650,10.468516,-39.4928,1.395321,0.785695,-1.386367,-0.157819,-0.360126,-0.698302
151,24.436,A,4,35.544953,10.340090,33.921835,10.229609,0.284724,0.199747,-40.8239,-0.195736,-40.7616,-0.194192,35.300053,10.486224,-40.6289,1.401904,0.285186,-1.378218,-0.256614,0.244900,-0.146134
152,24.641,A,4,34.984711,9.583683,34.196343,10.241187,0.315394,0.222142,-41.9064,-0.186646,-41.8397,-0.183592,35.480152,10.498530,-41.7127,1.309347,1.040388,-1.283809,-0.257342,-0.495441,-0.914847
153,24.827,A,4,35.280687,10.598134,34.349870,10.138219,0.329853,0.195533,-42.9516,-0.179116,-42.8749,-0.177228,35.663156,10.504033,-42.7527,1.363283,0.393875,-1.313287,-0.365814,-0.382469,0.094101
154,25.015,A,4,35.176122,10.115879,34.524571,10.197891,0.320467,0.216581,-43.9418,-0.172592,-43.8714,-0.170005,35.848271,10.502486,-43.7539,1.358293,0.775403,-1.323700,-0.304595,-0.672149,-0.386608
155,25.204,A,4,35.471768,10.732011,34.658010,10.178622,0.315049,0.209603,-44.8998,-0.165492,-44.8278,-0.162965,36.035176,10.494956,-44.7153,1.413030,0.611248,-1.377166,-0.316333,-0.563408,0.237055
156,25.412,A,4,35.608260,10.771634,34.815144,10.253154,0.298738,0.230506,-45.8026,-0.156972,-45.7404,-0.155121,36.224104,10.483012,-45.6333,1.427587,0.680123,-1.408960,-0.229858,-0.615845,0.288622
157,25.592,A,4,35.677422,10.355886,34.969426,10.324524,0.283376,0.247944,-46.6613,-0.149441,-46.6076,-0.147779,36.415334,10.467643,-46.5059,1.452974,0.746327,-1.445908,-0.143118,-0.737913,-0.111757
158,25.788,A,4,35.445917,11.147811,35.110951,10.325112,0.279413,0.245004,-47.4852,-0.142348,-47.4327,-0.141302,36.608636,10.448764,-47.3357,1.502780,1.356680,-1.497685,-0.123651,-1.162718,0.699047
159,25.966,A,4,36.242602,10.487919,35.196864,10.443465,0.240259,0.258679,-48.2610,-0.136402,-48.2221,-0.136078,36.803316,10.425393,-48.1290,1.606554,0.564190,-1.606453,0.018072,-0.560715,0.062527
160,26.138,A,4,35.570743,10.150592,35.386716,10.448653,0.250434,0.265928,-49.0237,-0.131870,-48.9823,-0.130968,36.998867,10.396247,-48.8925,1.613002,1.449098,-1.612151,0.052406,-1.428124,-0.245655
161,26.294,A,4,37.003522,9.325755,35.449043,10.402517,0.241261,0.236180,-49.7648,-0.127448,-49.7150,-0.126295,37.195518,10.360553,-49.6286,1.746979,1.052458,-1.746475,0.041964,-0.191996,-1.034798
162,26.456,A,4,36.385615,9.898445,35.712572,10.237885,0.300640,0.226349,-50.4878,-0.121878,-50.4172,-0.119002,37.394078,10.318512,-50.3347,1.683438,1.092453,-1.681507,-0.080626,-1.008463,-0.420067
163,26.632,A,4,37.057728,10.634532,35.847898,10.178296,0.303492,0.214758,-51.1599,-0.115012,-51.0848,-0.114048,37.595257,10.271058,-51.0066,1.749819,0.648884,-1.747359,-0.092762,-0.537529,0.363474
164,26.804,A,4,36.900180,10.463918,36.062976,10.235888,0.297538,0.246401,-51.7818,-0.108666,-51.7168,-0.106811,37.799044,10.219126,-51.6427,1.736149,0.931600,-1.736068,0.016762,-0.898864,0.244791
165,26.976,A,4,37.320317,10.383384,36.224367,10.261576,0.287263,0.256469,-52.3723,-0.103428,-52.3172,-0.103112,38.004563,10.163043,-52.2466,1.782920,0.718848,-1.780196,0.098533,-0.684246,0.220340
166,27.140,A,4,36.763746,10.403472,36.424434,10.272320,0.288718,0.271028,-52.9446,-0.100032,-52.8925,-0.099966,38.210535,10.102592,-52.8246,1.794147,1.477743,-1.786101,0.169727,-1.446788,0.300879
167,27.315,A,4,37.739334,9.614415,36.512616,10.285178,0.266740,0.260019,-53.4986,-0.096424,-53.4472,-0.095339,38.416051,10.037485,-53.3817,1.919484,0.798082,-1.903436,0.247693,-0.676718,-0.423070
168,27.483,A,4,37.333053,10.229782,36.730809,10.178637,0.299242,0.256212,-54.0438,-0.093060,-53.9812,-0.092214,38.621219,9.967635,-53.9184,1.902150,1.314569,-1.890411,0.211002,-1.288166,0.262147
169,27.669,A,4,36.718224,10.543977,36.857532,10.177107,0.286120,0.253308,-54.5514,-0.088151,-54.4906,-0.087390,38.827159,9.893084,-54.4309,1.990000,2.207095,-1.969627,0.284023,-2.108935,0.650893
170,27.824,A,4,38.133576,10.368012,36.872618,10.223572,0.242224,0.234649,-55.0248,-0.082905,-54.9708,-0.080241,39.035173,9.813815,-54.9148,2.201032,1.058306,-2.162555,0.409757,-0.901597,0.554197
171,27.989,A,4,38.594007,9.991100,37.092791,10.238475,0.249297,0.259394,-55.4682,-0.077467,-55.4214,-0.075030,39.245766,9.729683,-55.3688,2.212278,0.702231,-2.152975,0.508792,-0.651759,0.261417
172,28.170,A,4,38.383035,9.278404,37.351027,10.195354,0.275344,0.279600,-55.6447,0.018100,-55.5497,0.068224,39.494757,9.623997,-55.5130,2.218565,1.164199,-2.143730,0.571357,-1.111722,-0.345593
173,28.312,A,4,39.530568,8.846302,37.542026,10.051451,0.308988,0.263775,-55.5776,-0.033929,-55.5228,-0.075249,39.656299,9.557497,-55.4765,2.171207,0.722224,-2.114273,0.493954,-0.125731,-0.711195
174,28.498,A,4,38.808952,8.818780,37.876392,9.860504,0.375174,0.275872,-56.2469,-0.106170,-56.1732,-0.060477,39.861153,9.468709,-56.1254,2.023062,1.236744,-1.984761,0.391795,-1.052201,-0.649929
175,28.645,A,4,38.916084,9.528084,38.057543,9.689360,0.400788,0.254609,-56.0650,0.077746,-55.9526,0.065141,40.053063,9.383998,-56.0018,2.018748,1.146073,-1.995520,0.305362,-1.136979,0.144086
176,28.821,A,4,39.430895,8.411586,38.227598,9.646847,0.390638,0.256435,-56.1036,-0.051135,-56.0474,-0.060048,40.245532,9.297990,-56.0028,2.047867,1.203887,-2.017934,0.348857,-0.814636,-0.886404
177,28.984,A,4,39.793532,9.446054,38.448540,9.444612,0.428664,0.242561,-55.9345,0.077070,-55.8146,0.096418,40.435864,9.211333,-55.8799,2.000969,0.683874,-1.987324,0.233279,-0.642332,0.234721
178,29.149,A,4,39.761916,8.310151,38.692016,9.423733,0.422281,0.267552,-55.6688,0.027147,-55.5863,0.046352,40.623512,9.123930,-55.6127,1.954625,1.185152,-1.931496,0.299803,-0.861597,-0.813779
179,29.312,A,4,39.408857,8.149926,38.895952,9.238313,0.449339,0.251674,-55.2656,0.075947,-55.1705,0.058916,40.807508,9.036263,-55.2139,1.922205,1.655843,-1.911556,0.202050,-1.398650,-0.886337
180,29.482,A,4,40.227505,7.907117,39.017114,9.054012,0.458568,0.218071,-54.8075,0.086908,-54.6974,0.092576,40.987300,8.948623,-54.7600,1.973003,1.289195,-1.970187,0.105389,-0.759795,-1.041506
181,29.646,A,4,39.684723,8.387442,39.240617,8.858838,0.486889,0.211438,-54.2397,0.102947,-54.1257,0.107389,41.161453,8.862133,-54.1990,1.920839,1.551150,-1.920836,-0.003295,-1.476731,-0.474691
182,29.821,A,4,40.970889,7.975393,39.350966,8.762538,0.468497,0.195067,-53.5759,0.118612,-53.4644,0.124387,41.330598,8.777298,-53.5485,1.979687,0.878887,-1.979632,-0.014760,-0.359710,-0.801905
183,29.991,A,4,40.451775,8.406285,39.625551,8.625632,0.503498,0.218864,-52.9705,0.131831,-52.7135,0.141375,41.495906,8.694117,-52.8082,1.871609,1.083077,-1.870355,-0.068486,-1.044131,-0.287833
184,30.150,A,4,41.012960,8.562087,39.802336,8.563500,0.474846,0.217781,-51.9545,0.150123,-51.8777,0.153534,41.657096,8.611908,-51.9825,1.855391,0.646059,-1.854760,-0.048408,-0.644135,-0.049822
185,30.313,A,4,40.924602,7.622436,40.028014,8.540852,0.460661,0.240107,-51.0145,0.163502,-50.9579,0.167533,41.816219,8.529533,-51.0724,1.788240,1.271930,-1.788205,0.011319,-0.891617,-0.907097
186,30.465,A,4,41.382634,8.742444,40.208088,8.384299,0.472537,0.224956,-50.0181,0.176553,-49.9617,0.179727,41.973401,8.445798,-50.0850,1.766384,0.661063,-1.765313,-0.061499,-0.590767,0.296646
187,30.627,A,4,41.752638,8.041220,40.429370,8.417705,0.445500,0.254335,-48.9254,0.188434,-48.8967,0.190188,42.128098,8.360162,-49.0279,1.699702,0.492640,-1.698728,0.057543,-0.375460,-0.318942
188,30.787,A,4,41.570416,8.629840,40.673877,8.346125,0.451313,0.266309,-47.7856,0.199313,-47.7668,0.201931,42.279743,8.273200,-47.9058,1.607521,0.793937,-1.605866,0.072925,-0.709327,0.356639
189,30.977,A,4,42.541683,7.774804,40.855886,8.374369,0.422381,0.279614,-46.7878,0.129348,-46.8292,0.080141,42.430345,8.186754,-46.8903,1.585597,0.426730,-1.574458,0.187615,0.111338,-0.411950
190,31.160,A,4,41.357853,7.456901,41.155256,8.274521,0.448863,0.294397,-46.0621,0.175833,-46.0585,0.219831,42.579216,8.107884,-46.2055,1.433677,1.384018,-1.423960,0.166637,-1.221363,-0.650983
191,31.348,A,4,42.128459,7.141613,41.236295,8.141602,0.439309,0.250204,-44.4948,0.273204,-44.4877,0.229876,42.715641,8.025082,-44.6526,1.483928,1.060802,-1.479346,0.116520,-0.587182,-0.883469
192,31.528,A,4,42.286032,7.152049,41.417006,7.980559,0.456164,0.227920,-43.6884,0.095018,-43.7115,0.095934,42.855491,7.950882,-43.7727,1.438791,0.981029,-1.438485,0.029678,-0.569459,-0.798833
193,31.721,A,4,41.951793,7.548252,41.593989,7.843125,0.465012,0.211085,-42.6525,0.233638,-42.6079,0.272312,42.991049,7.877615,-42.7938,1.397486,1.090199,-1.397060,-0.034490,-1.039256,-0.329364
194,31.914,A,4,42.486952,8.154288,41.694298,7.784325,0.440530,0.193918,-41.6146,0.121922,-41.6439,0.085733,43.122959,7.802832,-41.7032,1.428781,0.726654,-1.428661,-0.018507,-0.636007,0.351455
195,32.112,A,4,43.456872,8.125184,41.856496,7.826047,0.409858,0.211995,-40.6778,0.200324,-40.6889,0.196215,43.255300,7.728872,-40.8285,1.402175,0.444629,-1.398804,0.097175,0.201572,0.396312
196,32.304,A,4,42.786259,7.572441,42.138323,7.861599,0.409445,0.251798,-39.8154,0.146832,-39.8610,0.158905,43.386048,7.654709,-39.9701,1.264761,0.605404,-1.247725,0.206890,-0.599789,-0.082268
197,32.506,A,4,43.556372,6.970490,42.280865,7.812457,0.399164,0.239085,-38.9615,0.141512,-39.0070,0.152882,43.514863,7.581751,-39.1087,1.255379,0.612669,-1.233998,0.230706,0.041509,-0.611261
198,32.690,A,4,42.609378,7.153386,42.515824,7.681459,0.426795,0.229296,-38.1402,0.141244,-38.1813,0.140911,43.641226,7.511736,-38.2778,1.138128,1.092303,-1.125402,0.169723,-1.031848,-0.358350
199,32.875,A,4,42.693138,7.247133,42.575924,7.594948,0.404857,0.193360,-37.3621,0.135898,-37.3958,0.134287,43.764109,7.445179,-37.4883,1.197586,1.089128,-1.188184,0.149769,-1.070971,-0.198046
200,33.069,A,4,43.136385,7.097574,42.635837,7.534472,0.380168,0.167100,-36.6138,0.129772,-36.6450,0.127742,43.882640,7.381312,-36.7332,1.256176,0.798376,-1.246804,0.153160,-0.746256,-0.283738
201,33.259,A,4,43.578649,7.882735,42.749660,7.460811,0.372885,0.151555,-35.9013,0.123819,-35.9304,0.121590,43.996887,7.318955,-36.0143,1.255268,0.701976,-1.247227,0.141856,-0.418238,0.563780
202,33.453,A,4,43.630285,8.103895,42.910718,7.515136,0.352241,0.175012,-35.2047,0.117702,-35.2503,0.116000,44.107874,7.257156,-35.3302,1.224637,0.972141,-1.197156,0.257980,-0.477589,0.846739
203,33.633,A,4,43.466089,6.882572,43.055157,7.597724,0.325693,0.198463,-34.5363,0.113059,-34.5995,0.111950,44.217165,7.195608,-34.6762,1.229618,0.813700,-1.162008,0.402116,-0.751076,-0.313036
204,33.818,A,4,44.264621,6.886211,43.153378,7.489303,0.328420,0.166707,-33.9208,0.109495,-33.9727,0.108491,44.326013,7.134572,-34.0468,1.225115,0.255836,-1.172635,0.354731,-0.061392,-0.248361
205,34.004,A,4,43.143444,7.013015,43.354518,7.395614,0.351628,0.160730,-33.3183,0.105852,-33.3673,0.104962,44.434596,7.074482,-33.4388,1.126807,1.292614,-1.080078,0.321132,-1.291151,-0.061467
206,34.176,A,4,43.353235,7.427821,43.359920,7.332919,0.320930,0.126299,-32.7409,0.100783,-32.7849,0.100848,44.541875,7.015605,-32.8535,1.223808,1.258089,-1.181955,0.317314,-1.188640,0.412216
207,34.357,A,4,44.201534,7.061714,43.391435,7.340723,0.287321,0.117309,-32.1817,0.096153,-32.2284,0.094593,44.646177,6.957972,-32.2937,1.311822,0.456586,-1.254742,0.382752,-0.444644,0.103742
208,34.543,A,4,44.313132,7.694623,43.541780,7.294343,0.295678,0.117501,-31.6551,0.090919,-31.6994,0.091279,44.746169,6.901583,-31.7615,1.266812,0.903567,-1.204389,0.392760,-0.433037,0.793040
209,34.719,A,4,44.268425,6.967575,43.686869,7.349179,0.284397,0.140455,-31.1443,0.086533,-31.1963,0.085036,44.841554,6.846613,-31.2555,1.259313,0.585755,-1.154685,0.502566,-0.573129,0.120962
210,34.915,A,4,44.464309,6.656724,43.804148,7.289946,0.287704,0.128068,-30.6702,0.082581,-30.7151,0.082031,44.933117,6.793334,-30.7719,1.233367,0.488307,-1.128969,0.496612,-0.468808,-0.136610
211,35.082,A,4,44.408907,6.492657,43.934241,7.192001,0.299871,0.109384,-30.1359,0.108629,-30.1968,0.139253,45.022152,6.741581,-30.2868,1.177467,0.661840,-1.087911,0.450420,-0.613245,-0.248924
212,35.251,A,4,44.314383,6.141206,44.036876,7.082104,0.305853,0.084980,-29.0280,0.175650,-29.1323,0.136137,45.104643,6.688530,-29.2311,1.137992,0.961288,-1.067766,0.393573,-0.790260,-0.547324
213,35.409,A,4,44.721249,6.566960,44.099860,6.937193,0.316174,0.049647,-28.7570,0.046664,-28.8397,-0.005604,45.196590,6.634422,-28.8310,1.137755,0.480104,-1.096730,0.302771,-0.475341,-0.067462
214,35.568,A,4,44.484129,7.100398,44.226047,6.870155,0.311698,0.045021,-28.2822,0.146610,-28.2597,0.200517,45.288062,6.579631,-28.3917,1.101036,0.957866,-1.062016,0.290524,-0.803933,0.520767
215,35.726,A,4,45.043318,6.900750,44.294083,6.894105,0.285955,0.055289,-27.2115,0.138371,-27.2653,0.098595,45.370753,6.522141,-27.3361,1.139112,0.500559,-1.076670,0.371964,-0.327435,0.378609
216,35.897,A,4,44.789606,5.801656,44.432880,6.887630,0.286550,0.067549,-26.6688,0.130550,-26.7083,0.175584,45.459045,6.464608,-26.8248,1.109938,0.942154,-1.026166,0.423022,-0.669439,-0.662952
217,36.061,A,4,45.626631,6.227978,44.507228,6.721718,0.303244,0.028548,-25.8401,0.172989,-25.7133,0.101433,45.537695,6.406631,-25.7881,1.077563,0.199566,-1.030467,0.315087,0.088937,-0.178653
218,36.223,A,4,45.005992,6.197906,44.706065,6.636924,0.321992,0.031257,-24.7484,0.188116,-24.7528,0.161872,45.615791,6.349858,-24.8691,0.953944,0.628446,-0.909726,0.287066,-0.609799,-0.151952
219,36.383,A,4,45.660920,6.505390,44.780351,6.561601,0.312012,0.017971,-23.7601,0.181968,-23.7599,0.176363,45.691462,6.293343,-23.8826,0.949782,0.214235,-0.911111,0.268258,-0.030542,0.212047
220,36.545,A,4,45.546673,6.288677,44.939804,6.543342,0.317118,0.032691,-22.6755,0.190872,-22.6748,0.193315,45.765542,6.235909,-22.8083,0.881112,0.225141,-0.825738,0.307433,-0.218870,0.052768
221,36.703,A,4,45.864906,6.294830,45.059787,6.497057,0.315451,0.032172,-21.5247,0.202773,-21.5290,0.204902,45.839517,6.176555,-21.6696,0.843031,0.120970,-0.779730,0.320502,0.025390,0.118276
222,36.862,A,4,44.800439,6.021474,45.209282,6.459323,0.320688,0.037311,-20.3162,0.212841,-20.3252,0.215189,45.914194,6.114945,-20.4727,0.784536,1.117670,-0.704912,0.344378,-1.113755,-0.093472
223,37.020,A,4,45.642819,5.811964,45.178774,6.386758,0.282283,0.008506,-19.0601,0.221945,-19.0640,0.225559,45.989593,6.051620,-19.2184,0.877351,0.421529,-0.810819,0.335138,-0.346774,-0.239656
224,37.184,A,4,45.428967,5.593404,45.274229,6.293481,0.284423,-0.006436,-17.7431,0.232197,-17.7453,0.235783,46.064992,5.987645,-17.9066,0.847846,0.748301,-0.790763,0.305836,-0.636025,-0.394241
225,37.353,A,4,46.314501,6.519101,45.323618,6.180538,0.275992,-0.031069,-16.3743,0.240927,-16.3705,0.245707,46.139250,5.923938,-16.5384,0.855044,0.620429,-0.815632,0.256600,0.175251,0.595163
226,37.536,A,4,46.027180,5.554897,45.495842,6.221517,0.283598,0.002815,-14.9356,0.250703,-14.9435,0.252969,46.211348,5.860742,-15.1173,0.801316,0.357014,-0.715506,0.360775,-0.184168,-0.305845
227,37.694,A,4,45.288937,5.609529,45.601909,6.116007,0.289065,-0.015763,-13.4619,0.259849,-13.4694,0.259886,46.280934,5.797584,-13.6486,0.749979,1.009665,-0.679025,0.318423,-0.991997,-0.188056
228,37.861,A,4,45.758625,6.658661,45.582414,6.032632,0.256467,-0.039977,-11.9451,0.267195,-11.9528,0.268818,46.348602,5.733694,-12.1369,0.822440,1.097104,-0.766188,0.298938,-0.589977,0.924968
229,38.022,A,4,45.823655,6.067650,45.631647,6.117453,0.229746,-0.007640,-10.3701,0.272991,-10.3957,0.274505,46.415720,5.668558,-10.5847,0.903481,0.714013,-0.784073,0.448895,-0.592065,0.399091
230,38.176,A,4,46.457916,5.731465,45.681937,6.105723,0.216367,-0.006292,-8.7618,0.280666,-8.7977,0.282231,46.483833,5.602241,-8.9917,0.946854,0.131798,-0.801896,0.503482,-0.025917,0.129224
231,38.339,A,4,46.215759,4.447491,45.818273,6.047033,0.233021,-0.011229,-7.1195,0.288156,-7.1572,0.290493,46.553937,5.535257,-7.3563,0.896167,1.139123,-0.735664,0.511776,-0.338178,-1.087767
232,38.509,A,4,46.331187,4.385594,45.900837,5.805541,0.246797,-0.072877,-5.4473,0.294902,-5.4742,0.296704,46.626042,5.468160,-5.6784,0.799843,1.122002,-0.725205,0.337381,-0.294855,-1.082566
233,38.671,A,4,46.669585,5.510060,45.989076,5.585525,0.257117,-0.121444,-3.7345,0.301188,-3.7515,0.304077,46.699228,5.401158,-3.9602,0.733694,0.112865,-0.710152,0.184367,-0.029643,0.108902
234,38.824,A,4,47.225790,5.182866,46.114516,5.561882,0.262253,-0.106200,-1.9666,0.308048,-1.9936,0.308273,46.772153,5.334052,-2.2063,0.695983,0.478168,-0.657637,0.227830,0.453638,-0.151186
235,38.977,A,4,46.527372,5.765754,46.305160,5.495676,0.288183,-0.102399,-0.1716,0.313198,-0.2049,0.313826,46.843730,5.266479,-0.4211,0.585311,0.591065,-0.538570,0.229197,-0.316357,0.499275
236,39.157,A,4,46.208327,6.113167,46.365792,5.526488,0.267990,-0.079184,1.6581,0.318786,1.8321,0.319926,46.927461,5.184516,1.7588,0.657584,1.174541,-0.561669,0.341972,-0.719135,0.928651
237,39.319,A,4,46.771406,4.734384,46.367899,5.607099,0.231549,-0.047177,3.5154,0.323655,3.4573,0.323998,46.982473,5.129451,3.2344,0.778363,0.447914,-0.614575,0.477647,-0.211067,-0.395067
238,39.488,A,4,46.545062,4.791524,46.451231,5.474804,0.231548,-0.078466,5.3855,0.328618,5.3310,0.328294,47.051441,5.060450,5.1046,0.729343,0.573359,-0.600210,0.414355,-0.506379,-0.268926
239,39.654,A,4,46.696526,5.495453,46.488739,5.368186,0.216212,-0.100366,7.2837,0.332982,7.2329,0.334196,47.136194,4.977784,7.3862,0.756050,0.679183,-0.647455,0.390402,-0.439668,0.517669
240,39.805,A,4,46.685614,4.591690,46.541441,5.380667,0.204163,-0.084577,9.2191,0.336269,9.1612,0.338829,47.194548,4.922832,8.9285,0.797597,0.607181,-0.653106,0.457835,-0.508933,-0.331143
241,39.983,A,4,46.917413,4.892264,46.584340,5.258920,0.192070,-0.110785,10.7834,0.223181,10.6842,0.213514,47.290406,4.844549,10.7876,0.818678,0.376033,-0.706067,0.414371,-0.372994,0.047715
242,40.139,A,4,47.265113,4.857779,46.650105,5.199475,0.192126,-0.118510,12.0481,0.307727,12.4189,0.379719,47.359346,4.793178,12.1622,0.817373,0.114250,-0.709240,0.406297,-0.094233,0.064601
243,40.292,A,4,46.215699,4.720794,46.765593,5.141302,0.196660,-0.120665,14.6576,0.343674,14.5688,0.295245,47.451694,4.729291,14.3607,0.800305,1.236024,-0.686101,0.412011,-1.235995,-0.008497
244,40.465,A,4,47.085546,4.771306,46.701925,5.073716,0.155838,-0.128685,15.7076,0.203095,15.8633,0.248003,47.548293,4.674206,15.6977,0.935920,0.472825,-0.846368,0.399510,-0.462747,0.097100
245,40.661,A,4,46.775415,4.605524,46.779844,5.020372,0.153489,-0.128545,17.7714,0.343430,17.6968,0.319253,47.647265,4.615364,17.4725,0.957314,0.871906,-0.867421,0.405008,-0.871850,-0.009840
246,40.829,A,4,47.002092,5.145552,46.797461,4.951681,0.136452,-0.134218,19.1188,0.199028,19.0108,0.217467,47.747976,4.561771,18.8663,1.027379,0.947176,-0.950515,0.389910,-0.745884,0.583781
247,40.986,A,4,46.575590,4.137655,46.844361,4.972943,0.133443,-0.114222,20.6599,0.272050,20.5595,0.234619,47.852694,4.508319,20.3928,1.110230,1.329806,-1.008332,0.464624,-1.277103,-0.370664
248,41.151,A,4,47.705749,5.365771,46.821110,4.843023,0.102665,-0.137253,21.9566,0.239248,21.8674,0.241103,47.962908,4.460976,21.7002,1.204019,0.940630,-1.141798,0.382047,-0.257159,0.904795
249,41.334,A,4,48.296631,5.787370,46.966215,4.913039,0.135419,-0.109441,23.2518,0.222092,23.1466,0.220214,48.081127,4.418082,22.9955,1.219841,1.386143,-1.114912,0.494957,0.215503,1.369288
250,41.492,A,4,47.718413,5.904449,47.179284,5.039701,0.188012,-0.074930,24.4907,0.211401,24.3702,0.207958,48.208192,4.380563,24.2267,1.221931,1.600660,-1.028908,0.659138,-0.489779,1.523886
251,41.650,A,4,48.035576,4.146659,47.278122,5.169765,0.202510,-0.037038,25.6599,0.200915,25.5326,0.198278,48.343336,4.347941,25.3963,1.345390,0.367738,-1.065214,0.821823,-0.307761,-0.201283
252,41.812,A,4,48.037887,5.470612,47.410619,5.023612,0.202437,-0.085957,26.7563,0.190542,26.6370,0.189221,48.484329,4.319420,26.5074,1.284033,1.234727,-1.073710,0.704191,-0.446442,1.151191
253,41.979,A,4,48.018260,4.146288,47.524625,5.092101,0.215234,-0.067349,27.8131,0.181820,27.6875,0.179024,48.628440,4.294288,27.5641,1.361952,0.627872,-1.103815,0.797813,-0.610180,-0.148000
254,42.144,A,4,48.792377,5.740510,47.620041,4.955820,0.201494,-0.107311,28.8019,0.172469,28.6880,0.170558,48.773668,4.272147,28.5705,1.340994,1.468483,-1.153627,0.683674,0.018709,1.468364
255,42.306,A,4,48.733243,5.457013,47.815853,5.073862,0.242562,-0.082611,29.7608,0.164585,29.6410,0.164190,48.919534,4.252916,29.5291,1.375524,1.218423,-1.103681,0.820947,-0.186292,1.204097
256,42.474,A,4,48.334630,5.697012,47.976308,5.136357,0.263059,-0.073921,30.6674,0.156178,30.5472,0.152902,49.067159,4.236817,30.4409,1.413905,1.633636,-1.090850,0.899540,-0.732529,1.460195
257,42.645,A,4,48.201869,4.716015,48.054656,5.227024,0.261961,-0.050197,31.5260,0.146653,31.4072,0.146771,49.218700,4.224441,31.3064,1.536285,1.129420,-1.164044,1.002583,-1.016831,0.491574
258,42.824,A,4,49.584745,4.855918,48.100837,5.160163,0.233522,-0.068602,32.3319,0.140663,32.2227,0.137424,49.376253,4.216722,32.1271,1.586432,0.672339,-1.275417,0.943441,0.208491,0.639196
259,42.998,A,4,49.494390,4.480802,48.344597,5.122254,0.264626,-0.102072,33.0932,0.133191,32.9978,0.131585,49.540713,4.214598,32.9067,1.501510,0.270205,-1.196116,0.907656,-0.046323,0.266204
260,43.163,A,4,48.884217,5.183252,48.542995,5.033084,0.272179,-0.140160,33.8202,0.127618,33.7373,0.126696,49.711302,4.218490,33.6503,1.424255,1.270761,-1.168307,0.814594,-0.827085,0.964762
261,43.353,A,4,49.075661,5.438698,48.623013,5.059168,0.262469,-0.127719,34.5271,0.121983,34.4451,0.121589,49.885995,4.227939,34.3617,1.511974,1.456907,-1.262982,0.831229,-0.810334,1.210759
262,43.534,A,4,49.474954,4.623466,48.718022,5.120319,0.262823,-0.110168,35.2048,0.117037,35.1222,0.115247,50.062553,4.241694,35.0426,1.606159,0.700730,-1.344531,0.878625,-0.587599,0.381772
263,43.710,A,4,49.386071,4.372111,48.857893,5.052590,0.256039,-0.135106,35.8414,0.111956,35.7678,0.109302,50.239552,4.258298,35.6920,1.593701,0.861037,-1.381660,0.794292,-0.853482,0.113813
264,43.897,A,4,49.617353,5.569682,48.964556,4.955289,0.236522,-0.159886,36.4427,0.105290,36.3806,0.104950,50.416816,4.276827,36.3088,1.602926,1.520071,-1.452260,0.678462,-0.799463,1.292855
265,44.086,A,4,50.543342,5.137672,49.089084,5.048538,0.252559,-0.136113,37.0273,0.099133,36.9608,0.100990,50.595238,4.297404,36.8928,1.683064,0.841869,-1.506154,0.751134,-0.051897,0.840268
266,44.258,A,4,50.250025,5.102823,49.333333,5.066750,0.285053,-0.153638,37.5733,0.093939,37.5111,0.094188,50.776293,4.321279,37.4465,1.624148,0.942214,-1.442959,0.745470,-0.526267,0.781543
267,44.456,A,4,51.075583,5.395838,49.500881,5.077630,0.292703,-0.159408,38.0968,0.090918,38.0361,0.089760,50.961384,4.350271,37.9743,1.631600,1.051785,-1.460503,0.727358,0.114199,1.045567
268,44.648,A,4,51.205314,4.612194,49.767455,5.131186,0.330545,-0.170677,38.6024,0.088070,38.5399,0.087014,51.151263,4.385768,38.4805,1.571806,0.232788,-1.383808,0.745418,0.054051,0.226426
269,44.827,A,4,50.876662,5.437193,50.017429,5.061322,0.338633,-0.208978,39.0748,0.083677,39.0243,0.083466,51.345741,4.427919,38.9672,1.471602,1.112955,-1.328312,0.633402,-0.469080,1.009273
270,45.000,A,4,50.678197,4.752750,50.183575,5.122831,0.346835,-0.196925,39.5402,0.079885,39.4883,0.078891,51.543792,4.475553,39.4338,1.506373,0.908896,-1.360217,0.647278,-0.865595,0.277197
271,45.187,A,4,52.048697,4.225028,50.295341,5.074440,0.321865,-0.204040,39.9733,0.076698,39.9301,0.075507,51.743954,4.526832,39.8783,1.548662,0.428898,-1.448613,0.547608,0.304743,-0.301803
272,45.371,A,4,51.127873,5.143167,50.593847,4.953033,0.331588,-0.260498,40.3722,0.072392,40.3491,0.070244,51.944875,4.580255,40.2999,1.401514,0.992150,-1.351028,0.372778,-0.817002,0.562912
273,45.550,A,4,52.051141,5.157503,50.714037,4.983293,0.323721,-0.242824,40.7735,0.068340,40.7467,0.067819,52.145783,4.635343,40.7000,1.473420,0.530668,-1.431746,0.347950,-0.094642,0.522160
274,45.733,A,4,52.053359,6.058869,50.952515,5.012474,0.344426,-0.249137,41.1543,0.065451,41.1257,0.063971,52.346777,4.692716,41.0811,1.430459,1.397308,-1.394262,0.319758,-0.293418,1.366154
275,45.934,A,4,51.688145,5.520673,51.157360,5.173049,0.378207,-0.218413,41.5350,0.062354,41.4891,0.062388,52.548862,4.753711,41.4463,1.453314,1.152850,-1.391502,0.419338,-0.860717,0.766962
276,46.168,A,4,51.692857,5.654906,51.277692,5.233642,0.369840,-0.199897,41.8889,0.060462,41.8383,0.060100,52.794985,4.833632,41.8656,1.569136,1.374474,-1.517293,0.400010,-1.102129,0.821275
277,46.342,A,4,52.258384,5.917962,51.378859,5.306228,0.360300,-0.177658,42.2288,0.057937,42.1730,0.057575,53.004594,4.906707,42.1991,1.674107,1.256768,-1.625735,0.399521,-0.746210,1.011254
278,46.521,A,4,51.995407,6.360777,51.547189,5.408583,0.372943,-0.164239,42.5534,0.054896,42.4924,0.053199,53.175438,4.969294,42.4549,1.686467,1.824472,-1.628249,0.439290,-1.180031,1.391483
279,46.700,A,4,52.449528,6.516032,51.643522,5.560378,0.387004,-0.131341,42.8099,0.053031,42.7965,0.052436,53.392152,5.051916,42.7608,1.821054,1.741314,-1.748630,0.508462,-0.942624,1.464116
280,46.883,A,4,52.967534,5.901291,51.805154,5.722017,0.396977,-0.106902,43.1665,0.050180,43.0876,0.049872,53.609825,5.137367,43.0531,1.897012,0.998057,-1.804671,0.584650,-0.642291,0.763924
281,47.056,A,4,53.275811,6.135350,52.015153,5.768468,0.403068,-0.124010,43.4497,0.048895,43.3699,0.048132,53.820472,5.218349,43.3364,1.887275,1.066558,-1.805319,0.550119,-0.544661,0.917001
282,47.243,A,4,53.941275,5.820791,52.238420,5.840883,0.417378,-0.136502,43.7071,0.047766,43.6453,0.046526,54.023300,5.294307,43.6126,1.866694,0.532836,-1.784881,0.546577,-0.082025,0.526484
283,47.429,A,4,53.554652,5.690124,52.521972,5.852898,0.442046,-0.177236,43.9066,0.046654,43.9147,0.046719,54.220469,5.367165,43.8827,1.766587,0.740010,-1.698497,0.485733,-0.665817,0.322960
284,47.608,A,4,54.031293,6.179687,52.723683,5.849827,0.419619,-0.191061,44.2091,0.045008,44.1775,0.045081,54.414891,5.439245,44.1463,1.740334,0.833907,-1.691208,0.410582,-0.383597,0.740442
285,47.790,A,4,55.136201,5.907535,52.961745,5.914641,0.432294,-0.200707,44.4592,0.044634,44.4333,0.042708,54.608935,5.512405,44.4030,1.695591,0.658891,-1.647190,0.402236,0.527266,0.395130
286,47.966,A,4,53.955549,6.281090,53.331126,5.929301,0.461875,-0.246639,44.6872,0.042738,44.6823,0.043538,54.803304,5.587294,44.6528,1.511383,1.095464,-1.472179,0.342007,-0.847755,0.693796
287,48.142,A,4,54.353739,6.446427,53.472843,5.996598,0.448418,-0.230237,44.9834,0.067008,44.9964,0.109810,54.997048,5.662863,44.9264,1.560314,1.013814,-1.524205,0.333735,-0.643309,0.783564
288,48.325,A,4,55.167138,6.712577,53.650702,6.079268,0.447453,-0.220142,45.8479,0.134371,45.8491,0.094774,55.188326,5.731494,45.7794,1.576462,0.981312,-1.537624,0.347775,-0.021188,0.981083
289,48.502,A,4,54.146369,6.325761,53.922652,6.190588,0.472513,-0.224639,45.9706,-0.023375,45.9194,-0.030379,55.378169,5.806490,45.9453,1.505344,1.336777,-1.455517,0.384098,-1.231800,0.519271
290,48.672,A,4,55.373416,6.787620,54.003145,6.228560,0.438399,-0.205567,46.3447,0.124951,46.3674,0.176681,55.561066,5.875606,46.2507,1.597403,0.931119,-1.557922,0.352954,-0.187651,0.912014
291,48.838,A,4,54.370314,5.515667,54.251290,6.329654,0.456997,-0.210161,47.1693,0.098711,47.1451,0.056990,55.738074,5.933525,47.1015,1.538650,1.430165,-1.486784,0.396129,-1.367760,-0.417858
292,48.994,A,4,54.975219,7.165771,54.314003,6.226484,0.391682,-0.219309,47.5656,0.116100,47.5979,0.164762,55.912966,5.995034,47.4894,1.615628,1.499998,-1.598964,0.231450,-0.937747,1.170736
293,49.161,A,4,55.268524,6.489345,54.453419,6.380958,0.403990,-0.189439,48.4538,0.126545,48.4522,0.115298,56.086271,6.048811,48.3720,1.666292,0.928860,-1.632852,0.332148,-0.817748,0.440535
294,49.326,A,4,55.370091,6.952778,54.614515,6.414563,0.393893,-0.193444,49.2168,0.154183,49.2431,0.187745,56.261279,6.106392,49.1162,1.675351,1.229059,-1.646764,0.308171,-0.891188,0.846386
295,49.479,A,4,55.826896,6.590077,54.765937,6.512030,0.396318,-0.182213,50.1230,0.157842,50.1301,0.180358,56.438331,6.165477,50.0090,1.707922,0.744404,-1.672393,0.346552,-0.611435,0.424600
296,49.639,A,4,55.965896,7.472111,54.962119,6.542296,0.393049,-0.196190,51.1076,0.172970,51.1135,0.175966,56.616914,6.226802,50.9925,1.684602,1.405211,-1.654796,0.315494,-0.651018,1.245309
297,49.791,A,4,54.997191,7.006244,55.149947,6.699438,0.415469,-0.181709,52.1691,0.186156,52.1621,0.189339,56.795247,6.288859,52.0326,1.695755,1.935884,-1.645299,0.410579,-1.798056,0.717386
298,49.953,A,4,56.695811,6.317627,55.165140,6.766353,0.380995,-0.150170,53.2945,0.197061,53.2780,0.200451,56.971249,6.348587,53.1407,1.853796,0.277173,-1.806110,0.417766,-0.275438,-0.030961
299,50.117,A,4,56.916172,7.473806,55.427189,6.720985,0.374475,-0.199276,54.4550,0.207425,54.4559,0.210253,57.143614,6.403778,54.3115,1.745490,1.093933,-1.716425,0.317207,-0.227442,1.070028
300,50.274,A,4,56.996177,6.583720,55.685405,6.852532,0.406513,-0.208030,55.6988,0.217925,55.6920,0.218849,57.312249,6.453885,55.5407,1.674976,0.341700,-1.626845,0.398647,-0.316072,0.129835
301,50.435,A,4,56.770775,7.743317,55.919511,6.834360,0.395539,-0.239854,56.8707,0.180742,56.8478,0.137921,57.478698,6.501269,56.7479,1.594369,1.429629,-1.559187,0.333091,-0.707923,1.242048
302,50.598,A,4,56.953859,6.797682,56.086016,6.989867,0.412236,-0.220633,57.6602,0.170249,57.6476,0.210930,57.644556,6.554841,57.5071,1.618115,0.732144,-1.558540,0.435026,-0.690698,0.242841
303,50.755,A,4,56.886277,7.833018,56.254484,6.984186,0.389623,-0.234685,59.2451,0.298769,59.2563,0.275179,57.816771,6.613492,59.0622,1.605663,1.533969,-1.562286,0.370693,-0.930494,1.219525
304,50.911,A,4,57.467942,7.630633,56.386621,7.132197,0.398746,-0.211648,60.3213,0.130393,60.2531,0.081727,57.989097,6.682871,60.1917,1.664279,1.081598,-1.602476,0.449327,-0.521155,0.947762
305,51.064,A,4,58.140133,6.415774,56.808975,7.112752,0.417628,-0.301375,61.2358,0.233484,61.2525,0.257029,58.163684,6.760170,61.0803,1.399839,0.345200,-1.354708,0.352582,-0.023550,-0.344396
306,51.226,A,4,57.444156,7.563316,56.855157,7.135274,0.377497,-0.272431,62.4845,0.161205,62.4209,0.113762,58.342599,6.839789,62.3382,1.516508,1.153556,-1.487443,0.295485,-0.898443,0.723527
307,51.388,A,4,57.760027,7.904916,56.981072,7.218931,0.371521,-0.257160,63.3278,0.195423,63.3179,0.218270,58.517979,6.924538,63.1675,1.564848,1.239207,-1.536907,0.294394,-0.757952,0.980379
308,51.546,A,4,57.521067,8.385692,57.126826,7.337903,0.387533,-0.249558,64.1041,0.142216,64.2310,0.167549,58.692066,7.010275,64.1211,1.599161,1.806381,-1.565240,0.327628,-1.170999,1.375418
309,51.702,A,4,57.564089,7.988585,57.229940,7.520100,0.389283,-0.211479,65.2354,0.146819,65.1419,0.144764,58.863692,7.098796,65.0451,1.687199,1.575021,-1.633751,0.421304,-1.299603,0.889789
310,51.851,A,4,57.960761,7.891361,57.305620,7.609729,0.385088,-0.197035,65.8990,0.149289,66.0001,0.144723,59.033856,7.191768,65.8999,1.778059,1.281001,-1.728236,0.417961,-1.073095,0.699593
311,52.009,A,4,59.034816,8.949506,57.443384,7.684727,0.366059,-0.193117,66.9402,0.140283,66.8099,0.136501,59.239668,7.311350,66.8728,1.834679,1.650915,-1.796284,0.373377,-0.204852,1.638156
312,52.151,A,4,58.776606,8.244327,57.709359,7.898132,0.414687,-0.208966,67.6464,0.131653,67.5759,0.130733,59.379067,7.397321,67.4862,1.743197,1.039413,-1.669708,0.500811,-0.602461,0.847007
313,52.305,A,4,59.059201,8.219204,57.902106,7.979713,0.410526,-0.222956,68.3679,0.126107,68.3037,0.124186,59.555357,7.512060,68.2181,1.718121,0.863843,-1.653251,0.467654,-0.496156,0.707144
314,52.458,A,4,58.539607,7.812137,58.109077,8.044964,0.403877,-0.241831,69.0537,0.121150,69.0024,0.119999,59.729322,7.626275,68.9199,1.673468,1.204146,-1.620245,0.418689,-1.189715,0.185862
315,52.608,A,4,59.107926,8.504045,58.201763,8.033278,0.371818,-0.245002,69.5870,0.117546,69.6780,0.115544,59.898405,7.736622,69.5980,1.722381,1.101724,-1.696641,0.296656,-0.790479,0.767423
316,52.766,A,4,58.994272,8.407433,58.376503,8.133384,0.364966,-0.243781,70.3730,0.113186,70.3320,0.112873,60.062228,7.843108,70.2547,1.710535,1.207888,-1.685725,0.290276,-1.067956,0.564325
317,52.917,A,4,59.191762,8.280260,58.502328,8.199872,0.352272,-0.239940,71.0007,0.108418,70.9621,0.107494,60.221848,7.946216,70.8879,1.738129,1.082895,-1.719520,0.253656,-1.030086,0.334043
318,53.076,A,4,60.042753,8.381026,58.637922,8.236807,0.334036,-0.243136,71.5987,0.104042,71.5642,0.101689,60.378978,8.046693,71.4936,1.751405,0.474158,-1.741056,0.190114,-0.336224,0.334333
319,53.239,A,4,60.212700,9.164790,58.879678,8.282080,0.332241,-0.274043,72.1581,0.098115,72.1368,0.097554,60.534854,8.145365,72.0696,1.660813,1.069116,-1.655176,0.136715,-0.322154,1.019424
320,53.406,A,4,59.963943,8.487206,59.112921,8.436734,0.358723,-0.287001,72.7064,0.094644,72.6833,0.094347,60.689434,8.242975,72.6189,1.588375,0.765497,-1.576513,0.193759,-0.725491,0.244231
321,53.557,A,4,60.290786,9.783937,59.276391,8.469425,0.340270,-0.293384,73.2241,0.090706,73.2101,0.089195,60.841532,8.339829,73.1477,1.570497,1.545564,-1.565141,0.129595,-0.550746,1.444108
322,53.719,A,4,61.000367,9.222136,59.463580,8.689267,0.377700,-0.285984,73.7466,0.088831,73.7225,0.088588,60.989785,8.435479,73.6617,1.547162,0.786729,-1.526205,0.253788,0.010581,0.786658
323,53.876,A,4,60.440808,9.754075,59.729136,8.796566,0.387109,-0.313720,74.2365,0.085802,74.2207,0.084743,61.133636,8.528783,74.1618,1.429800,1.407604,-1.404500,0.267782,-0.692828,1.225292
324,54.048,A,4,60.822141,9.740115,59.874055,8.967504,0.400252,-0.298765,74.7291,0.083544,74.7009,0.082627,61.273686,8.618514,74.6444,1.442484,1.209083,-1.399631,0.348990,-0.451546,1.121600
325,54.214,A,4,60.063534,10.363368,60.053024,9.112810,0.407712,-0.298315,75.1914,0.078869,75.1587,0.077370,61.411172,8.704137,75.1050,1.418301,2.137563,-1.358148,0.408672,-1.347638,1.659230
326,54.376,A,4,60.455370,9.622437,60.091780,9.330209,0.420922,-0.252500,75.6520,0.075448,75.5929,0.074934,61.547098,8.786657,75.5420,1.553512,1.374917,-1.455318,0.543552,-1.091728,0.835780
327,54.545,A,4,60.568938,9.414606,60.179389,9.407194,0.397700,-0.239491,76.0654,0.071902,76.0070,0.070703,61.683278,8.875552,75.9582,1.595095,1.237874,-1.503889,0.531642,-1.114340,0.539055
328,54.707,A,4,60.905117,9.466511,60.269026,9.440049,0.364967,-0.232765,76.4572,0.069759,76.4067,0.069206,61.819110,8.973478,76.3593,1.618780,1.038492,-1.550084,0.466571,-0.913993,0.493034
329,54.853,A,4,60.738892,11.140060,60.393874,9.473082,0.339202,-0.236893,76.8346,0.067140,76.7952,0.067032,61.953247,9.078752,76.7491,1.608459,2.392415,-1.559373,0.394330,-1.214355,2.061308
330,55.012,A,4,61.614168,10.064760,60.474390,9.748744,0.381440,-0.207944,77.2298,0.064863,77.1713,0.064490,62.085178,9.189089,77.1269,1.705243,0.994309,-1.610788,0.559656,-0.471010,0.875671
331,55.162,A,4,61.984170,10.152561,60.672011,9.827579,0.372009,-0.232483,77.5752,0.062207,77.5309,0.060956,62.215356,9.302414,77.4888,1.630250,0.881021,-1.543345,0.525165,-0.231186,0.850148
332,55.314,A,4,61.338149,11.057171,60.897339,9.906581,0.365524,-0.262119,77.9006,0.058894,77.8702,0.057799,62.344683,9.417656,77.8306,1.527696,1.923830,-1.447344,0.488926,-1.006534,1.639515
333,55.493,A,4,61.831597,11.066078,60.994816,10.107698,0.384472,-0.242589,78.2332,0.055239,78.1887,0.053524,62.499625,9.559527,78.2134,1.601544,1.648016,-1.504809,0.548171,-0.668027,1.506551
334,55.662,A,4,61.539016,10.072075,61.149812,10.282470,0.397743,-0.244388,78.5390,0.053224,78.4904,0.051937,62.628395,9.683389,78.5140,1.595339,1.156644,-1.478583,0.599081,-1.089380,0.388686
335,55.805,A,4,62.120963,11.419350,61.366170,10.448188,0.418794,-0.268513,78.8225,0.050228,78.7812,0.050936,62.730747,9.787880,78.7467,1.515941,1.741703,-1.364577,0.660308,-0.609784,1.631470
336,55.983,A,4,61.818506,10.852483,61.399215,10.482722,0.378558,-0.242712,79.1054,0.049324,79.0655,0.049200,62.882387,9.953723,79.0881,1.574686,1.392699,-1.483171,0.528998,-1.063880,0.898760
337,56.130,A,4,62.093442,10.623684,61.485440,10.563029,0.369730,-0.238395,79.3281,0.048498,79.3444,0.047834,62.981256,10.063610,79.3113,1.576986,1.049713,-1.495816,0.499419,-0.887814,0.560074
338,56.284,A,4,61.943439,11.844508,61.609767,10.607582,0.335798,-0.236623,79.6457,0.046581,79.6147,0.046013,63.102763,10.197692,79.5829,1.548240,2.013960,-1.492996,0.409890,-1.159324,1.646816
339,56.454,A,4,61.671555,11.325701,61.687415,10.820035,0.359955,-0.216334,79.9162,0.044226,79.8734,0.044876,63.222816,10.328424,79.8430,1.612184,1.844172,-1.535401,0.491611,-1.551261,0.997277
340,56.603,A,4,62.302994,12.244899,61.711403,10.925996,0.347007,-0.190126,80.1670,0.042103,80.1204,0.042260,63.341735,10.456217,80.0913,1.696666,2.068421,-1.630332,0.469778,-1.038741,1.788682
341,56.779,A,4,63.696287,11.365663,61.823111,11.152806,0.375963,-0.185347,80.4125,0.041252,80.3589,0.039755,63.459083,10.581540,80.3305,1.732844,0.819216,-1.635972,0.571265,0.237204,0.784123
342,56.956,A,4,61.715716,12.270364,62.126365,11.217524,0.365688,-0.246546,80.6188,0.041148,80.5932,0.040912,63.574092,10.704831,80.5652,1.535828,2.429909,-1.447727,0.512693,-1.858376,1.565533
343,57.111,A,4,62.260944,12.440484,62.093861,11.405566,0.372525,-0.195994,80.8715,0.040928,80.8253,0.040958,63.686347,10.826243,80.7976,1.694588,2.153497,-1.592486,0.579323,-1.425403,1.614242
344,57.278,A,4,63.217710,12.046053,62.142832,11.592542,0.382945,-0.175672,81.1056,0.038897,81.0515,0.038528,63.796511,10.948137,81.0250,1.774798,1.241140,-1.653678,0.644405,-0.578800,1.097916
345,57.433,A,4,63.515513,11.771061,62.325649,11.694199,0.374640,-0.201638,81.3068,0.036339,81.2634,0.036363,63.906429,11.078160,81.2388,1.696576,0.795568,-1.580780,0.616039,-0.390916,0.692902
346,57.579,A,4,63.017538,12.574782,62.522155,11.732105,0.358684,-0.238008,81.4494,0.034432,81.4572,0.031616,64.016605,11.214451,81.4349,1.581565,1.687790,-1.494450,0.517654,-0.999067,1.360331
347,57.738,A,4,63.315306,11.982131,62.622425,11.887014,0.365167,-0.230167,81.6337,0.031168,81.6333,0.029838,64.126761,11.354430,81.6129,1.595829,1.025898,-1.504335,0.532584,-0.811455,0.627701
348,57.893,A,4,62.750819,13.108546,62.757091,11.937767,0.332564,-0.233068,81.8177,0.027737,81.7954,0.026810,64.236066,11.496466,81.7765,1.543410,2.191977,-1.478975,0.441302,-1.485247,1.612081
349,58.059,A,4,63.300903,12.497736,62.782641,12.141116,0.351465,-0.201708,81.9803,0.025650,81.9475,0.024236,64.343743,11.640229,81.9297,1.639490,1.350124,-1.561102,0.500887,-1.042840,0.857508
350,58.227,A,4,64.038885,12.609474,62.883881,12.225182,0.336974,-0.202285,82.1141,0.023650,82.0919,0.021502,64.449656,11.786928,82.0750,1.625951,0.919410,-1.565775,0.438254,-0.410771,0.822546
351,58.410,A,4,63.283587,13.227669,63.080059,12.312121,0.329519,-0.230399,82.2309,0.022746,82.2276,0.022157,64.554467,11.938952,82.2119,1.520899,1.809951,-1.474408,0.373169,-1.270879,1.288716
352,58.589,A,4,63.519454,12.717623,63.136539,12.477324,0.339146,-0.210780,82.3604,0.020456,82.3521,0.019084,64.659176,12.098598,82.3378,1.569031,1.296981,-1.522637,0.378726,-1.139722,0.619025
353,58.754,A,4,63.533690,12.704405,63.218089,12.542866,0.319632,-0.205582,82.4700,0.019147,82.4633,0.019048,64.764447,12.266892,82.4507,1.570791,1.306208,-1.546358,0.275974,-1.230757,0.437513
354,58.895,A,4,64.413609,13.497059,63.288801,12.594887,0.298064,-0.198514,82.5677,0.017136,82.5600,0.018287,64.870528,12.446699,82.5491,1.588654,1.145439,-1.581727,0.148189,-0.456919,1.050360
355,59.039,A,4,64.552628,14.484672,63.479340,12.755679,0.316109,-0.222615,82.6601,0.016609,82.6448,0.014663,64.976750,12.637804,82.6351,1.502042,1.894941,-1.497409,0.117875,-0.424122,1.846868
356,59.181,A,4,64.561920,12.963051,63.664569,13.041434,0.368040,-0.236994,82.7510,0.014459,82.7211,0.011653,65.082024,12.836519,82.7123,1.432191,0.535274,-1.417455,0.204915,-0.520104,0.126533
357,59.344,A,4,64.406577,13.647558,63.825695,13.061999,0.334899,-0.253874,82.8055,0.011812,82.7896,0.012303,65.185789,13.039676,82.7818,1.360276,0.988278,-1.360093,0.022324,-0.779212,0.607882
358,59.509,A,4,63.919460,14.156268,63.940678,13.178419,0.331875,-0.251224,82.8631,0.009743,82.8489,0.009524,65.288240,13.245777,82.8424,1.349244,1.643945,-1.347562,-0.067358,-1.368780,0.910491
359,59.687,A,4,64.726057,14.522279,63.965331,13.353161,0.342557,-0.220220,82.9175,0.006623,82.8975,0.006553,65.390074,13.455636,82.8923,1.428423,1.256441,-1.424742,-0.102476,-0.664016,1.066643
360,59.866,A,4,64.379434,14.482688,64.143761,13.691695,0.411758,-0.232565,82.9618,0.005593,82.9356,0.006372,65.491956,13.672071,82.9315,1.348338,1.376520,-1.348195,0.019624,-1.112522,0.810618
361,60.045,A,4,64.730917,14.207296,64.170782,13.728222,0.372198,-0.210218,82.9868,0.004281,82.9659,0.001515,65.594117,13.898497,82.9625,1.433484,0.916772,-1.423335,-0.170276,-0.863201,0.308798
362,60.251,A,4,64.784294,14.943824,64.279887,13.834200,0.360640,-0.211701,83.0077,0.004997,82.9926,0.005915,65.696339,14.137242,82.9895,1.448506,1.217540,-1.416452,-0.303042,-0.912046,0.806583
363,60.440,A,4,64.589772,15.003048,64.378638,14.030749,0.377675,-0.207097,83.0410,0.005039,83.0188,0.003981,65.798253,14.388417,83.0157,1.463978,1.355802,-1.419615,-0.357668,-1.208481,0.614631
364,60.589,A,4,65.100343,15.610313,64.434251,14.209570,0.385048,-0.190877,83.1050,0.021526,83.0860,0.057034,65.899745,14.649635,83.0534,1.530140,1.249779,-1.465494,-0.440065,-0.799402,0.960678
365,60.746,A,4,64.867761,16.309000,64.556075,14.453371,0.412994,-0.193726,83.7574,0.108576,83.7317,0.071529,66.004140,14.902177,83.6775,1.516021,1.808455,-1.448065,-0.448806,-1.136379,1.406823
366,60.906,A,4,65.314074,16.140032,64.625188,14.767906,0.456129,-0.178407,83.7434,-0.049456,83.6593,-0.079935,66.103737,15.150931,83.7160,1.527355,1.265657,-1.478549,-0.383025,-0.789663,0.989101
367,61.086,A,4,65.149848,15.799062,64.749791,15.014489,0.476044,-0.183897,83.8236,0.074404,83.8182,0.129078,66.221878,15.436444,83.8828,1.531368,1.131698,-1.472087,-0.421956,-1.072030,0.362618
368,61.246,A,4,65.559935,17.470098,64.831696,15.175409,0.466758,-0.179521,84.5004,0.079927,84.4652,0.038718,66.302077,15.618120,84.4334,1.535582,1.995143,-1.470381,-0.442711,-0.742141,1.851978
369,61.437,A,4,65.320974,16.049426,64.961560,15.561127,0.526109,-0.182117,84.7222,0.072681,84.7044,0.120573,66.418348,15.897924,84.7658,1.495213,1.107783,-1.456788,-0.336796,-1.097374,0.151502
370,61.583,A,4,65.208398,18.023075,65.036953,15.682930,0.498760,-0.177867,85.4648,0.105679,85.4324,0.081964,66.498267,16.082158,85.3755,1.514867,2.330434,-1.461315,-0.399228,-1.289870,1.940917
371,61.741,A,4,65.682735,17.196239,65.078719,16.067849,0.565456,-0.160035,85.9380,0.115460,86.0597,0.138870,66.596996,16.317564,85.9647,1.538675,1.268046,-1.518277,-0.249715,-0.914261,0.878674
372,61.889,A,4,65.155591,18.018573,65.190462,16.298035,0.552663,-0.162835,86.8384,0.131534,86.8169,0.155071,66.696787,16.552111,86.7133,1.527603,2.127393,-1.506326,-0.254076,-1.541197,1.466462
373,62.056,A,4,66.248524,17.882107,65.199677,16.595608,0.586567,-0.140934,87.5246,0.146092,87.6345,0.115102,66.796700,16.782574,87.5499,1.607929,1.228605,-1.597022,-0.186966,-0.548176,1.099533
374,62.227,A,4,65.491657,18.600433,65.374385,16.852262,0.580224,-0.165934,88.0232,0.057138,87.9782,0.094250,66.892663,17.012404,87.9177,1.526700,2.117700,-1.518278,-0.160143,-1.401006,1.588029
375,62.429,A,4,65.912217,18.000663,65.408896,17.168484,0.601492,-0.148637,89.0345,0.222550,89.0340,0.267365,66.989040,17.238134,88.8548,1.581678,1.319469,-1.580144,-0.069650,-1.076823,0.762529
376,62.608,A,4,66.241614,18.261237,65.495354,17.338580,0.593755,-0.156755,89.9350,0.159966,89.9859,0.076976,67.082887,17.460595,89.9284,1.592216,1.161365,-1.587534,-0.122014,-0.841273,0.800643
377,62.780,A,4,66.461661,18.740903,65.621961,17.541639,0.566805,-0.167457,90.4632,0.110140,90.4407,0.153472,67.170750,17.684233,90.3404,1.555339,1.272540,-1.548789,-0.142595,-0.709089,1.056670
378,62.932,A,4,66.384027,19.575034,65.762808,17.776515,0.567438,-0.185456,91.4801,0.157167,91.4510,0.111324,67.264348,17.908958,91.3686,1.507370,1.884349,-1.501541,-0.132443,-0.880321,1.666075
379,63.084,A,4,65.988407,18.822449,65.871548,18.101324,0.593593,-0.191389,91.9335,0.099037,91.9180,0.138498,67.351979,18.140405,91.8266,1.480947,1.524636,-1.480431,-0.039081,-1.363572,0.682044
380,63.230,A,4,65.726375,19.419555,65.901781,18.255286,0.580162,-0.180650,92.6183,0.133210,92.6828,0.085107,67.441425,18.378893,92.6241,1.544598,2.006085,-1.539644,-0.123607,-1.715050,1.040662
381,63.384,A,4,66.315427,19.898647,65.889336,18.483036,0.576263,-0.153957,93.2242,0.118367,93.3190,0.111701,67.525405,18.625118,93.2395,1.642226,1.756679,-1.636068,-0.142082,-1.209978,1.273529
382,63.539,A,4,66.791042,20.881977,65.965672,18.759707,0.572787,-0.154302,93.9762,0.107890,93.9405,0.106921,67.605674,18.876405,93.8659,1.644149,2.164704,-1.640002,-0.116697,-0.814633,2.005572
383,63.712,A,4,66.850166,19.779086,66.098947,19.132930,0.611194,-0.175531,94.5750,0.104606,94.5486,0.103846,67.682998,19.129577,94.4769,1.584054,1.056158,-1.584051,0.003353,-0.832832,0.649509
384,63.905,A,4,67.480772,19.702352,66.219975,19.277416,0.592462,-0.195834,95.0103,0.092510,95.0221,0.014040,67.758244,19.381641,95.0067,1.541796,0.424083,-1.538270,-0.104226,-0.277473,0.320711
385,64.089,A,4,66.522615,20.573775,66.424165,19.408699,0.541919,-0.229090,94.9581,0.015827,94.9787,0.056607,67.829931,19.621347,94.9456,1.421758,1.617465,-1.405766,-0.212647,-1.307316,0.952429
386,64.271,A,4,66.720747,21.579274,66.455669,19.636527,0.540954,-0.212914,95.7030,0.163876,95.7330,0.178797,67.904831,19.858086,95.6166,1.466001,2.089148,-1.449162,-0.221559,-1.184083,1.721188
387,64.436,A,4,66.790072,21.316701,66.509338,19.980470,0.573945,-0.207391,96.6520,0.120860,96.6316,0.078711,67.982490,20.090115,96.5740,1.477227,1.710665,-1.473152,-0.109645,-1.192418,1.226586
388,64.587,A,4,66.106389,20.812769,66.564165,20.237109,0.576937,-0.202628,96.6562,-0.048533,96.5802,-0.060832,68.051905,20.332299,96.6268,1.490782,2.003966,-1.487740,-0.095190,-1.945515,0.480470
389,64.740,A,4,67.264354,21.025409,66.508538,20.380222,0.547964,-0.164533,96.8225,0.075141,96.7884,0.119050,68.116934,20.580655,96.7099,1.620836,0.961612,-1.608395,-0.200433,-0.852579,0.444754
390,64.900,A,4,67.329111,22.719989,66.630345,20.530946,0.521445,-0.183786,97.6145,0.113378,97.5819,0.068616,68.180489,20.836710,97.5284,1.580012,2.066781,-1.550144,-0.305764,-0.851378,1.883279
391,65.067,A,4,66.997704,22.440620,66.744893,20.909807,0.565143,-0.204012,97.6106,-0.025002,97.5697,-0.000661,68.235655,21.097464,97.5749,1.502528,1.826633,-1.490763,-0.187657,-1.237951,1.343155
392,65.266,A,4,67.375185,22.506361,66.878350,21.384380,0.638160,-0.235096,98.0539,0.127888,98.0647,0.134919,68.295301,21.356727,97.9714,1.417221,1.472505,-1.416951,0.027652,-0.920116,1.149634
393,65.448,A,4,66.938591,23.194021,66.891951,21.448346,0.576845,-0.212511,98.3284,-0.001138,98.2844,-0.016931,68.354961,21.612154,98.2960,1.472152,2.123302,-1.463010,-0.163808,-1.416371,1.581868
394,65.616,A,4,67.611374,23.669536,66.910583,21.766777,0.597737,-0.201713,98.6470,0.093429,98.6306,0.083796,68.414129,21.863873,98.5684,1.506678,1.976066,-1.503546,-0.097096,-0.802755,1.805663
395,65.773,A,4,67.587037,22.446472,67.025251,22.110632,0.620413,-0.221847,98.8493,0.044084,98.8337,0.085398,68.469078,22.113966,98.7814,1.443831,0.942633,-1.443828,-0.003334,-0.882041,0.332506
396,65.928,A,4,66.933177,22.708005,67.120867,22.223117,0.572739,-0.226765,99.1434,0.047406,99.1294,0.059732,68.520366,22.366500,99.0888,1.406824,1.623512,-1.399498,-0.143383,-1.587188,0.341505
397,66.103,A,4,67.828271,23.162535,67.105367,22.353335,0.539902,-0.199309,99.4305,0.047330,99.4042,0.047198,68.567069,22.625811,99.3716,1.486881,0.913179,-1.461702,-0.272475,-0.738799,0.536725
398,66.267,A,4,67.366479,23.608135,67.223515,22.528629,0.519445,-0.216190,99.6761,0.044390,99.6662,0.044347,68.611252,22.894507,99.6357,1.435159,1.434826,-1.387737,-0.365879,-1.244773,0.713628
399,66.467,A,4,66.955499,23.627488,67.256647,22.742573,0.515880,-0.207882,99.9242,0.041413,99.9084,0.039557,68.654584,23.171990,99.8804,1.462404,1.759081,-1.397936,-0.429417,-1.699085,0.455497
400,66.659,A,4,67.500870,24.805345,67.222517,22.926976,0.506756,-0.180091,100.1644,0.038367,100.1336,0.037506,68.697293,23.454634,100.1072,1.566329,1.804397,-1.474776,-0.527658,-1.196423,1.350711
401,66.844,A,4,67.679341,24.695196,67.272101,23.258453,0.538281,-0.186673,100.3839,0.037597,100.3509,0.039970,68.738281,23.737486,100.3249,1.542451,1.427782,-1.466180,-0.479032,-1.058940,0.957710
402,67.012,A,4,67.682828,25.910650,67.340927,23.527141,0.546568,-0.195798,100.5992,0.037482,100.5673,0.037219,68.776277,24.017008,100.5413,1.516641,2.186667,-1.435351,-0.489867,-1.093449,1.893642
403,67.176,A,4,68.503620,25.603690,67.400337,23.938164,0.595610,-0.207863,100.8116,0.036302,100.7817,0.038920,68.810581,24.295219,100.7563,1.454743,1.343994,-1.410244,-0.357056,-0.306961,1.308471
404,67.337,A,4,68.501101,25.898482,67.573739,24.246958,0.603276,-0.247423,100.9905,0.034180,100.9864,0.033064,68.841769,24.576890,100.9627,1.310250,1.364793,-1.268031,-0.329931,-0.340668,1.321592
405,67.494,A,4,67.463360,25.669136,67.721155,24.541805,0.623030,-0.281369,101.1198,0.030952,101.1717,0.030171,68.871655,24.864625,101.1507,1.194932,1.621892,-1.150500,-0.322820,-1.408295,0.804511
406,67.652,A,4,68.182796,26.448119,67.699409,24.783818,0.602569,-0.245962,101.3278,0.026311,101.3339,0.026331,68.900794,25.161339,101.3155,1.259304,1.473542,-1.201385,-0.377521,-0.717998,1.286781
407,67.826,A,4,68.123038,26.558654,67.783076,25.093632,0.613219,-0.255742,101.4735,0.026497,101.4793,0.025000,68.927862,25.468582,101.4623,1.204625,1.354990,-1.144786,-0.374950,-0.804824,1.090072
408,68.037,A,4,68.141068,27.151436,67.846976,25.380278,0.615194,-0.257130,101.6303,0.025818,101.6187,0.025018,68.954867,25.849941,101.6298,1.203330,1.534978,-1.107890,-0.469663,-0.813799,1.301495
409,68.209,A,4,67.976816,26.898037,67.901965,25.702875,0.631325,-0.259347,101.7706,0.026658,101.7585,0.024717,68.968795,26.109685,101.7417,1.141762,1.267091,-1.066830,-0.406810,-0.991979,0.788352
410,68.377,A,4,67.543278,27.401118,67.925408,25.948423,0.621720,-0.247196,101.9251,0.024683,101.8957,0.024220,68.982461,26.437881,101.8797,1.164874,1.731784,-1.057054,-0.489457,-1.439184,0.963238
411,68.540,A,4,67.121677,28.960145,67.878464,26.226067,0.628211,-0.218742,102.0673,0.021677,102.0222,0.020715,68.996258,26.834706,102.0316,1.272755,2.833998,-1.117794,-0.608638,-1.874581,2.125439
412,68.694,A,4,67.725844,28.839623,67.772978,26.697204,0.692081,-0.187709,102.2076,0.017554,102.1309,0.016158,69.005389,27.100819,102.1189,1.296819,2.158860,-1.232410,-0.403615,-1.279545,1.738805
413,68.834,A,4,67.613431,28.195425,67.769218,27.085586,0.718429,-0.185668,102.2980,0.014404,102.2208,0.013142,69.017100,27.435877,102.2108,1.296115,1.595996,-1.247882,-0.350291,-1.403670,0.759549
414,68.988,A,4,67.109006,28.156882,67.748538,27.322394,0.698618,-0.170597,102.3714,0.011773,102.2986,0.011917,69.027660,27.775260,102.2896,1.356924,1.956238,-1.279123,-0.452866,-1.918654,0.381621
415,69.149,A,4,67.573754,29.002982,67.654515,27.515942,0.673033,-0.133878,102.4579,0.012312,102.3751,0.012166,69.034510,28.121222,102.3657,1.506901,1.706256,-1.379996,-0.605280,-1.460756,0.881760
416,69.335,A,4,67.893534,29.012561,67.640914,27.803820,0.673215,-0.130599,102.5361,0.014663,102.4561,0.015033,69.036050,28.475353,102.4462,1.548341,1.262512,-1.395136,-0.671533,-1.142516,0.537208
417,69.521,A,4,67.892409,29.832170,67.676771,28.050155,0.658411,-0.139676,102.6083,0.015210,102.5385,0.016395,69.032813,28.837721,102.5288,1.568154,1.513092,-1.356042,-0.787566,-1.140404,0.994448
418,69.697,A,4,67.420215,31.150608,67.666446,28.781302,0.804983,-0.165705,102.6888,0.012665,102.6132,0.011808,69.027016,29.206844,102.6049,1.425565,2.521910,-1.360569,-0.425542,-1.606801,1.943764
419,69.850,A,4,67.506643,30.505773,67.664980,28.860315,0.727644,-0.149772,102.7525,0.011483,102.6743,0.009984,69.020798,29.580412,102.6676,1.535181,1.774531,-1.355817,-0.720097,-1.514155,0.925362
420,70.025,A,4,67.666663,31.035171,67.639811,29.177370,0.730082,-0.143655,102.8047,0.009354,102.7240,0.008336,69.014641,29.956235,102.7184,1.580123,1.726600,-1.374830,-0.778866,-1.347978,1.078936
421,70.183,A,4,67.106504,30.847600,67.641643,29.526251,0.739711,-0.148193,102.8445,0.008978,102.7698,0.007594,69.007404,30.332849,102.7642,1.586160,1.969362,-1.365761,-0.806599,-1.900899,0.514751
422,70.338,A,4,68.241543,32.588582,67.559649,29.795955,0.730532,-0.123258,102.9037,0.008540,102.8193,0.007811,68.997374,30.710059,102.8130,1.703714,2.024877,-1.437726,-0.914105,-0.755831,1.878522
423,70.510,A,4,68.429059,31.866693,67.657373,30.284071,0.774161,-0.166971,102.9245,0.009734,102.8757,0.008626,68.983482,31.089442,102.8686,1.551511,0.954727,-1.326109,-0.805371,-0.554424,0.777251
424,70.690,A,4,67.953950,33.862644,67.771711,30.596559,0.760597,-0.199062,102.9500,0.010211,102.9356,0.010080,68.965993,31.473734,102.9284,1.481804,2.594441,-1.194282,-0.877174,-1.012043,2.388910
425,70.860,A,4,67.637059,33.558878,67.801076,31.159743,0.826319,-0.218852,102.9966,0.009359,102.9922,0.009772,68.946118,31.865206,102.9858,1.344917,2.140598,-1.145042,-0.705464,-1.309060,1.693672
426,71.022,A,4,67.624894,33.613833,67.779049,31.600057,0.851705,-0.213743,103.0518,0.008021,103.0419,0.008136,68.924945,32.264412,103.0363,1.324555,1.873786,-1.145896,-0.664354,-1.300051,1.349422
427,71.175,A,4,67.047546,34.193886,67.757407,31.985179,0.857969,-0.205965,103.1026,0.007716,103.0880,0.009052,68.902497,32.669938,103.0824,1.334213,2.400679,-1.145090,-0.684758,-1.854951,1.523949
428,71.326,A,4,67.578180,35.430064,67.651666,32.399819,0.877370,-0.177068,103.1792,0.008145,103.1384,0.008835,68.877755,33.079174,103.1319,1.401720,2.686183,-1.226089,-0.679355,-1.299576,2.350890
429,71.481,A,4,67.131109,35.117935,67.637882,32.938339,0.924051,-0.186357,103.2352,0.010793,103.1989,0.012081,68.849723,33.489540,103.1911,1.331308,2.367553,-1.211841,-0.551200,-1.718614,1.628395
430,71.634,A,4,67.469777,35.738654,67.559033,33.354394,0.933889,-0.168004,103.3220,0.012580,103.2692,0.013064,68.818413,33.899478,103.2604,1.372280,2.280656,-1.259380,-0.545083,-1.348636,1.839176
431,71.783,A,4,67.251523,36.018212,67.540605,33.801455,0.947478,-0.171438,103.3946,0.013287,103.3440,0.016202,68.784901,34.309130,103.3350,1.343877,2.296129,-1.244296,-0.507675,-1.533378,1.709081
432,71.965,A,4,67.737042,35.728323,67.492166,34.225003,0.954517,-0.164444,103.4775,0.012994,103.4172,0.011422,68.743486,34.802873,103.4229,1.378310,1.367255,-1.251321,-0.577870,-1.006444,0.925449
433,72.151,A,4,67.867045,35.798739,67.522760,34.542368,0.924935,-0.174035,103.5321,0.013233,103.4874,0.012356,68.711031,35.208109,103.4930,1.362057,1.030124,-1.188272,-0.665741,-0.843986,0.590630
434,72.302,A,4,67.520510,37.179617,67.569708,34.820308,0.886575,-0.184576,103.5879,0.014109,103.5589,0.014439,68.686717,35.525317,103.5500,1.320889,2.024042,-1.117009,-0.705009,-1.166207,1.654299
435,72.476,A,4,66.637710,36.940796,67.559469,35.259581,0.903146,-0.188368,103.6730,0.016673,103.6405,0.014202,68.656098,35.916347,103.6299,1.278256,2.263490,-1.096629,-0.656767,-2.018388,1.024449
436,72.631,A,4,66.959200,37.290551,67.418464,35.599177,0.897786,-0.147741,103.8057,0.017676,103.7398,0.018372,68.623298,36.303818,103.7269,1.395760,1.934649,-1.204835,-0.704641,-1.664098,0.986733
437,72.786,A,4,67.410120,37.560413,67.342829,35.938872,0.888729,-0.131009,103.9297,0.020307,103.8560,0.017867,68.588094,36.688428,103.8414,1.453450,1.465599,-1.245265,-0.749556,-1.177974,0.871985
438,72.949,A,4,67.153514,38.569249,67.344481,36.266925,0.872191,-0.137803,104.0338,0.020749,103.9810,0.019663,68.545116,37.143863,103.9911,1.486790,1.992054,-1.200635,-0.876938,-1.391602,1.425386
439,73.100,A,4,67.433259,38.143760,67.308306,36.695224,0.889039,-0.139983,104.1448,0.020172,104.1056,0.021301,68.511436,37.514518,104.1154,1.455598,1.248364,-1.203130,-0.819295,-1.078178,0.629242
440,73.255,A,4,66.931013,39.505456,67.262878,37.360390,0.987691,-0.157269,104.2568,0.020428,104.2262,0.021060,68.486868,37.802796,104.2119,1.301489,2.306455,-1.223990,-0.442405,-1.555854,1.702660
441,73.432,A,4,67.023457,38.591680,67.254087,37.456079,0.892795,-0.142154,104.3757,0.021336,104.3454,0.023241,68.458723,38.151292,104.3309,1.390852,1.501309,-1.204637,-0.695213,-1.435266,0.440388
442,73.617,A,4,66.591028,40.215477,67.211400,37.712119,0.858049,-0.130509,104.5111,0.023716,104.4694,0.022514,68.431828,38.487152,104.4540,1.445725,2.525005,-1.220428,-0.775033,-1.840800,1.728325
443,73.779,A,4,67.309934,39.223688,67.112138,38.150672,0.907423,-0.120233,104.6391,0.025396,104.6033,0.024230,68.404463,38.813068,104.5867,1.452196,1.169018,-1.292325,-0.662396,-1.094529,0.410620
444,73.923,A,4,67.568172,40.923813,67.131053,38.394227,0.864192,-0.128889,104.7696,0.025819,104.7474,0.025714,68.375922,39.132967,104.7297,1.447563,1.964584,-1.244870,-0.738741,-0.807750,1.790846
445,74.070,A,4,67.264810,40.729027,67.185752,38.868375,0.868553,-0.159932,104.9171,0.026323,104.8959,0.026302,68.346717,39.450412,104.8781,1.298694,1.674927,-1.160965,-0.582037,-1.081907,1.278615
446,74.218,A,4,66.128535,40.858693,67.192050,39.212717,0.881238,-0.171360,105.0234,0.025444,105.0428,0.024509,68.317848,39.766909,105.0253,1.254810,2.446443,-1.125798,-0.554192,-2.189313,1.091785
447,74.373,A,4,67.021759,41.753171,67.025793,39.557810,0.861582,-0.124247,105.2274,0.023611,105.1869,0.023617,68.289921,40.081253,105.1696,1.368215,2.098462,-1.264128,-0.523444,-1.268162,1.671917
448,74.530,A,4,66.962950,41.899828,67.014801,39.968543,0.872431,-0.136141,105.3539,0.024046,105.3320,0.022380,68.262857,40.390104,105.3144,1.317330,1.992242,-1.248056,-0.421561,-1.299908,1.509724
449,74.707,A,4,66.357737,41.560987,66.997043,40.341057,0.871473,-0.142166,105.9975,0.153902,106.0245,0.136157,68.241317,40.688730,105.9260,1.291934,2.075743,-1.244274,-0.347672,-1.883580,0.872257
450,74.891,A,4,66.186974,42.237020,66.789089,40.842967,0.932349,-0.102251,106.3576,-0.007527,106.3041,-0.028577,68.216716,40.978390,106.3197,1.434035,2.388306,-1.427627,-0.135423,-2.029742,1.258630
451,75.061,A,4,66.591815,41.681992,66.773402,40.931706,0.842772,-0.092411,106.3533,0.047907,106.3406,0.100893,68.189386,41.263376,106.2771,1.454310,1.651506,-1.415984,-0.331670,-1.597571,0.418616
452,75.229,A,4,66.991380,42.518517,66.731388,41.123784,0.795779,-0.084432,107.2004,0.136675,107.1805,0.100526,68.172783,41.534424,107.1077,1.498747,1.537580,-1.441395,-0.410640,-1.181403,0.984093
453,75.391,A,4,66.662822,42.926239,66.755085,41.407520,0.775532,-0.103566,107.4789,0.052407,107.4657,0.089914,68.152195,41.806776,107.4093,1.453039,1.863177,-1.397111,-0.399256,-1.489373,1.119463
454,75.548,A,4,67.190609,43.111545,66.727726,41.708272,0.766528,-0.107702,108.3202,0.151425,108.3104,0.121167,68.138731,42.074524,108.2229,1.457764,1.405116,-1.411005,-0.366251,-0.948123,1.037022
455,75.707,A,4,67.023454,43.657819,66.783084,41.990987,0.746710,-0.133884,108.9409,0.129296,108.9606,0.145835,68.123177,42.345259,108.8616,1.386131,1.712368,-1.340093,-0.354272,-1.099722,1.312560
456,75.860,A,4,66.718675,44.141942,66.807122,42.311844,0.742446,-0.151776,109.7646,0.136776,109.7950,0.145051,68.108321,42.615158,109.6992,1.336083,2.064506,-1.301199,-0.303313,-1.389646,1.526784
457,76.022,A,4,66.728685,44.134303,66.782542,42.657061,0.749413,-0.156686,110.6939,0.165495,110.7291,0.173523,68.092841,42.882789,110.6090,1.329600,1.851273,-1.310299,-0.225728,-1.364156,1.251515
458,76.202,A,4,67.303308,44.239068,66.762182,42.950138,0.740240,-0.158647,111.6923,0.177065,111.7235,0.182189,68.078453,43.145214,111.6000,1.330648,1.340659,-1.316271,-0.195076,-0.775145,1.093854
459,76.383,A,4,66.842778,44.725875,66.829999,43.214351,0.715876,-0.183422,112.7409,0.188996,112.7898,0.190735,68.067231,43.400648,112.6585,1.251179,1.804304,-1.237232,-0.186298,-1.224453,1.325227
460,76.541,A,4,66.585836,45.117071,66.820449,43.510096,0.710051,-0.187372,113.8671,0.198857,113.9179,0.200119,68.060505,43.648950,113.7794,1.247806,2.080871,-1.240056,-0.138855,-1.474669,1.468120
461,76.693,A,4,65.869909,45.470565,66.772994,43.819358,0.712045,-0.182795,115.0562,0.207938,115.1049,0.209603,68.057973,43.891470,114.9593,1.287000,2.698363,-1.284979,-0.072111,-2.188064,1.579095
462,76.840,A,4,66.479724,44.598250,66.623586,44.134621,0.725473,-0.152603,116.3328,0.219956,116.3520,0.221342,68.057825,44.130484,116.1991,1.434246,1.645968,-1.434240,0.004137,-1.578102,0.467766
463,76.997,A,4,66.744230,45.213471,66.583441,44.272512,0.677085,-0.139253,117.6474,0.230593,117.6615,0.231846,68.057766,44.368392,117.5011,1.477440,1.561901,-1.474325,-0.095879,-1.313536,0.845079
464,77.149,A,4,66.567575,45.136902,66.588021,44.476663,0.647912,-0.147692,119.0104,0.242149,119.0324,0.244181,68.056405,44.606764,118.8648,1.474136,1.580399,-1.468384,-0.130100,-1.488830,0.530138
465,77.305,A,4,66.842233,46.379062,66.566200,44.636247,0.612815,-0.143825,120.4462,0.252570,120.4589,0.255013,68.053977,44.845770,120.2850,1.502458,1.954304,-1.487777,-0.209523,-1.211743,1.533292
466,77.494,A,4,65.641858,46.502138,66.587896,44.953847,0.619306,-0.171775,121.9161,0.259974,121.9340,0.262935,68.052052,45.084150,121.7546,1.469943,2.796377,-1.464156,-0.130302,-2.410194,1.417989
467,77.688,A,4,66.101735,45.946195,66.380534,45.344598,0.676625,-0.146518,123.4787,0.268411,123.4529,0.269316,68.052506,45.319718,123.2684,1.672157,2.048897,-1.671972,0.024881,-1.950771,0.626478
468,77.862,A,4,66.097820,47.056460,66.355728,45.406317,0.611613,-0.132455,125.0470,0.274307,125.0148,0.276550,68.056410,45.550357,124.8251,1.706771,2.470712,-1.700682,-0.144040,-1.958590,1.506103
469,78.018,A,4,66.695286,46.982281,66.292229,45.707195,0.622555,-0.142545,126.6451,0.281501,126.6200,0.283863,68.063707,45.774987,126.4251,1.772775,1.824866,-1.771478,-0.067792,-1.368421,1.207294
470,78.167,A,4,66.382273,46.390041,66.326106,45.953381,0.603665,-0.170951,128.2708,0.289543,128.2679,0.291066,68.073565,45.994091,128.0680,1.747934,1.737022,-1.747460,-0.040709,-1.691292,0.395950
471,78.320,A,4,66.569467,47.585207,66.310475,46.073938,0.561113,-0.166138,129.9494,0.294828,129.9557,0.297357,68.084792,46.209736,129.7512,1.779506,2.046491,-1.774317,-0.135799,-1.515325,1.375470
472,78.477,A,4,66.515333,47.387260,66.324938,46.350507,0.558225,-0.194032,131.6587,0.300573,131.6782,0.302463,68.096151,46.424753,131.4699,1.772768,1.850785,-1.771213,-0.074246,-1.580818,0.962507
473,78.662,A,4,66.131192,47.450008,66.330142,46.557176,0.538534,-0.206796,133.4064,0.306602,133.4315,0.309089,68.106658,46.641233,133.2195,1.778503,2.134615,-1.776516,-0.084057,-1.975466,0.808776
474,78.870,A,4,66.925594,47.437015,66.277070,46.743014,0.524164,-0.201486,135.2727,0.312667,135.2147,0.314530,68.115844,46.859413,134.9991,1.842454,1.322996,-1.838774,-0.116399,-1.190250,0.577602
475,79.069,A,4,66.405611,47.821938,66.349769,46.897902,0.482213,-0.223158,137.1519,0.319041,137.0305,0.320188,68.125531,47.121005,137.1773,1.789722,1.857265,-1.775762,-0.223103,-1.719920,0.700933
476,79.253,A,4,66.427975,47.635372,66.343155,47.068906,0.476600,-0.232954,138.4819,0.324107,138.8329,0.270892,68.131766,47.293347,138.6401,1.802638,1.737782,-1.788611,-0.224441,-1.703791,0.342025
477,79.442,A,4,66.432870,49.342824,66.332088,47.207358,0.438829,-0.224536,140.1317,0.235066,140.1307,0.273156,68.133799,47.548683,140.2599,1.833758,2.472267,-1.801712,-0.341325,-1.700929,1.794141
478,79.630,A,4,66.578218,48.486638,66.326202,47.567989,0.465299,-0.266371,142.1064,0.391790,142.1589,0.404349,68.134288,47.719525,141.8747,1.814425,1.734882,-1.808086,-0.151537,-1.556069,0.767113
479,79.807,A,4,65.986374,48.215175,66.341852,47.754038,0.443308,-0.275719,143.9524,0.255601,143.8751,0.204863,68.132594,47.930261,143.7286,1.799392,2.165049,-1.790742,-0.176223,-2.146220,0.284914
480,79.982,A,4,66.261652,48.746369,66.270185,47.866688,0.426178,-0.251770,145.1746,0.260250,145.1741,0.301124,68.125188,48.139300,144.9711,1.874928,1.959923,-1.855003,-0.272613,-1.863535,0.607068
481,80.163,A,4,66.707339,49.250285,66.251985,48.031300,0.421158,-0.259652,146.6477,0.307266,146.9118,0.224385,68.118217,48.354140,146.7512,1.893951,1.671422,-1.866232,-0.322840,-1.410878,0.896145
482,80.361,A,4,67.107586,50.097205,66.295078,48.262343,0.394930,-0.282525,148.1041,0.234822,148.1175,0.274805,68.100957,48.567204,147.9323,1.831430,1.824195,-1.805878,-0.304860,-0.993370,1.530001
483,80.555,A,4,66.361126,48.982884,66.395946,48.578442,0.384175,-0.338820,149.5022,0.208993,149.5062,0.200691,68.076945,48.783606,149.3718,1.693473,1.727352,-1.680999,-0.205164,-1.715819,0.199277
484,80.708,A,4,65.782148,50.029736,66.374729,48.685107,0.359879,-0.318776,150.7977,0.220901,150.8059,0.223081,68.041990,48.998948,150.6514,1.696542,2.483830,-1.667261,-0.313841,-2.259842,1.030788
485,80.869,A,4,67.372534,50.397475,66.269970,48.927827,0.382411,-0.317744,152.0480,0.212609,152.0378,0.211066,67.997998,49.214085,151.8929,1.751578,1.338514,-1.728028,-0.286258,-0.625464,1.183390
486,81.038,A,4,66.376775,49.955744,66.414259,49.191167,0.346387,-0.367765,153.1981,0.201875,153.2107,0.199201,67.947336,49.429352,153.0732,1.551470,1.656427,-1.533078,-0.238185,-1.570561,0.526392
487,81.201,A,4,65.948190,50.919845,66.393969,49.351250,0.334104,-0.358641,154.3152,0.191123,154.3203,0.188056,67.892526,49.645081,154.1905,1.527092,2.324966,-1.498557,-0.293831,-1.944336,1.274764
488,81.372,A,4,65.808538,51.104740,66.312203,49.629010,0.357124,-0.369846,155.3771,0.181594,155.3697,0.177901,67.834703,49.860736,155.2467,1.540033,2.377581,-1.522499,-0.231725,-2.026165,1.244004
489,81.545,A,4,65.560750,50.322061,66.219517,49.894627,0.376776,-0.376495,156.3890,0.173256,156.3684,0.172205,67.773147,50.075101,156.2508,1.564077,2.226137,-1.553630,-0.180474,-2.212397,0.246960
490,81.725,A,4,65.955969,50.981701,66.081122,50.146038,0.405375,-0.378303,157.3657,0.166218,157.3270,0.165375,67.705948,50.287158,157.2138,1.630943,1.882768,-1.624826,-0.141120,-1.749979,0.694543
491,81.901,A,4,66.214634,51.464849,66.058846,50.194431,0.366425,-0.341959,158.2955,0.160188,158.2511,0.157825,67.631158,50.496969,158.1420,1.601154,1.715615,-1.572312,-0.302538,-1.416525,0.967880
492,82.049,A,4,65.199011,52.322674,66.060459,50.427101,0.352689,-0.361232,159.1724,0.153054,159.1381,0.149185,67.547658,50.705825,159.0339,1.513092,2.851376,-1.487199,-0.278724,-2.348646,1.616849
493,82.198,A,4,65.508385,52.260828,65.911375,50.753279,0.391695,-0.382210,160.0259,0.145862,159.9818,0.142849,67.455457,50.915357,159.8830,1.552564,2.366723,-1.544081,-0.162079,-1.947071,1.345471
494,82.356,A,4,65.998195,52.512838,65.827321,51.025024,0.400121,-0.396593,160.8230,0.137278,160.7791,0.133975,67.355515,51.126193,160.6858,1.531538,1.940386,-1.528193,-0.101169,-1.357319,1.386645
495,82.518,A,4,65.177438,52.806042,65.827955,51.295392,0.383681,-0.420788,161.5649,0.130374,161.5347,0.128958,67.249304,51.337304,161.4460,1.421966,2.539650,-1.421349,-0.041911,-2.071866,1.468738
496,82.677,A,4,66.160387,51.524966,65.707745,51.570078,0.400953,-0.428696,162.2912,0.124818,162.2575,0.124461,67.138284,51.546573,162.1723,1.430733,0.978136,-1.430540,0.023505,-0.977897,-0.021607
497,82.849,A,4,65.333182,52.286854,65.750876,51.614458,0.343377,-0.393806,162.9797,0.120673,162.9546,0.120888,67.023394,51.752227,162.8722,1.279953,1.772750,-1.272517,-0.137768,-1.690212,0.534627
498,83.037,A,4,65.413147,52.837376,65.667555,51.760243,0.338964,-0.376100,163.6578,0.115320,163.6270,0.114299,66.904794,51.954046,163.5478,1.252325,1.733575,-1.237238,-0.193803,-1.491646,0.883330
499,83.219,A,4,65.303286,52.739945,65.607815,51.964572,0.334716,-0.379846,164.2988,0.110749,164.2701,0.110893,66.781946,52.153430,164.1947,1.189223,1.590734,-1.174131,-0.188857,-1.478660,0.586516
500,83.394,A,4,64.787197,53.421036,65.540763,52.123853,0.327504,-0.370433,164.9112,0.105021,164.8781,0.102124,66.653796,52.352356,164.8071,1.136246,2.150876,-1.113033,-0.228503,-1.866599,1.068679
501,83.569,A,4,64.889910,53.328092,65.406452,52.359536,0.347227,-0.377009,165.4900,0.098169,165.4497,0.097518,66.519061,52.551967,165.3829,1.129128,1.804578,-1.112610,-0.192431,-1.629151,0.776125
502,83.740,A,4,64.513296,53.286310,65.304518,52.549106,0.349733,-0.373494,166.0586,0.094188,165.9908,0.092350,66.376810,52.751767,165.9272,1.091276,1.938665,-1.072293,-0.202662,-1.863515,0.534543
503,83.909,A,4,64.628779,53.422584,65.162862,52.699988,0.359979,-0.357322,166.5664,0.090186,166.5099,0.089703,66.196384,52.989453,166.5506,1.073293,1.626342,-1.033522,-0.289464,-1.567605,0.433132
504,84.051,A,4,63.886320,53.991111,65.057072,52.848946,0.357728,-0.346024,167.0705,0.087310,167.0122,0.087188,66.071294,53.145467,166.9528,1.056679,2.342910,-1.014221,-0.296521,-2.184974,0.845644
505,84.213,A,4,64.431587,54.296221,64.854440,53.060679,0.387796,-0.345516,167.5873,0.084287,167.4962,0.083548,65.911367,53.337489,167.4392,1.092574,1.763212,-1.056927,-0.276810,-1.479780,0.958732
506,84.397,A,4,63.860604,55.254841,64.762713,53.283866,0.384305,-0.359543,168.0224,0.079160,167.9566,0.077838,65.749095,53.527090,167.9027,1.015927,2.559595,-0.986383,-0.243224,-1.888492,1.727751
507,84.580,A,4,64.327075,55.144953,64.598373,53.619111,0.409749,-0.397654,168.4465,0.073805,168.3890,0.073621,65.585160,53.715550,168.3387,0.991488,1.904198,-0.986786,-0.096439,-1.258085,1.429403
508,84.733,A,4,63.408734,53.837199,64.532735,53.882045,0.408053,-0.429844,168.7584,0.070977,168.7938,0.069303,65.418981,53.903477,168.7466,0.886505,2.011339,-0.886246,-0.021432,-2.010247,-0.066277
509,84.882,A,4,63.862458,55.006998,64.329488,53.930518,0.408566,-0.365772,169.2443,0.065809,169.1762,0.065399,65.249022,54.090416,169.1312,0.933333,1.662132,-0.919534,-0.159898,-1.386564,0.916582
510,85.036,A,4,63.577316,55.075914,64.227362,54.132908,0.401064,-0.371643,169.6022,0.063461,169.5431,0.063743,65.073522,54.275337,169.4997,0.858063,1.696925,-0.846160,-0.142429,-1.496206,0.800577
511,85.191,A,4,62.885354,56.249006,64.098480,54.315547,0.400353,-0.369594,169.9556,0.061712,169.8988,0.061057,64.891464,54.457580,169.8567,0.805604,2.689551,-0.792985,-0.142033,-2.006110,1.791426
512,85.360,A,4,62.678960,55.910815,63.885035,54.645586,0.433678,-0.404998,170.2940,0.059672,170.2416,0.058125,64.703203,54.637420,170.2013,0.818209,2.391462,-0.818168,0.008166,-2.024242,1.273395
513,85.521,A,4,62.618555,55.827555,63.669916,54.879570,0.456364,-0.408864,170.6239,0.055753,170.5670,0.055921,64.510304,54.815791,170.5290,0.842804,2.145316,-0.840387,0.063779,-1.891748,1.011765
514,85.682,A,4,62.720493,54.940111,63.475637,55.066752,0.466851,-0.400628,170.9352,0.052327,170.8717,0.051471,64.314709,54.993430,170.8362,0.842269,1.595107,-0.839071,0.073322,-1.594215,-0.053319
515,85.848,A,4,61.941250,56.419877,63.324455,55.092638,0.453503,-0.349800,171.2351,0.048781,171.1571,0.047919,64.117763,55.170171,171.1237,0.797088,2.509776,-0.793308,-0.077533,-2.176513,1.249706
516,86.011,A,4,61.823491,55.993828,63.079475,55.330398,0.481487,-0.361575,171.5068,0.046744,171.4279,0.045118,63.919757,55.345035,171.3960,0.840410,2.194371,-0.840282,-0.014638,-2.096266,0.648793
517,86.154,A,4,62.365875,55.244228,62.850974,55.470311,0.495317,-0.344996,171.7750,0.045117,171.6892,0.045421,63.720004,55.517009,171.6582,0.870284,1.381331,-0.869031,-0.046698,-1.354129,-0.272781
518,86.301,A,4,61.712444,56.282832,62.736088,55.475940,0.466947,-0.298068,172.0348,0.043789,171.9434,0.042205,63.517156,55.685859,171.9133,0.808785,1.900884,-0.781068,-0.209920,-1.804712,0.596973
519,86.464,A,4,61.881250,56.791831,62.542488,55.630789,0.472964,-0.296437,172.2777,0.041929,172.1889,0.040550,63.309744,55.852364,172.1600,0.798609,1.709735,-0.767256,-0.221574,-1.428494,0.939467
520,86.621,A,4,61.528117,56.708507,62.402250,55.838468,0.465170,-0.313439,172.4949,0.040636,172.4230,0.040029,63.098155,56.017552,172.3954,0.718578,1.715353,-0.695905,-0.179084,-1.570038,0.690955
521,86.780,A,4,60.455304,56.462029,62.231054,56.003971,0.464979,-0.314779,172.7127,0.038789,172.6465,0.037151,62.891226,56.181178,172.6202,0.683541,2.452059,-0.660171,-0.177206,-2.435922,0.280851
522,86.930,A,4,60.979175,57.280979,61.925008,56.107683,0.500984,-0.291858,172.9443,0.037243,172.8618,0.038868,62.689758,56.342908,172.8362,0.800108,1.950916,-0.764750,-0.235225,-1.710583,0.938071
523,87.096,A,4,60.753523,57.189753,61.739181,56.316531,0.502223,-0.308470,173.1466,0.037905,173.0740,0.038067,62.492373,56.501831,173.0485,0.775650,1.869983,-0.753191,-0.185300,-1.738850,0.687922
524,87.301,A,4,60.549634,57.560769,61.547386,56.481961,0.502843,-0.310370,173.3581,0.038487,173.2881,0.037165,62.297912,56.657070,173.2622,0.770684,1.968032,-0.750526,-0.175109,-1.748279,0.903699
525,87.464,A,4,60.986989,58.396187,61.353608,56.678150,0.505107,-0.321219,173.5632,0.037678,173.5044,0.038196,62.105888,56.808514,173.4784,0.763492,1.942328,-0.752280,-0.130363,-1.118899,1.587673
526,87.628,A,4,60.064513,57.339766,61.253851,56.970969,0.483382,-0.363130,173.7445,0.037087,173.7189,0.036610,61.916601,56.956909,173.6934,0.662900,1.891246,-0.662750,0.014060,-1.852088,0.382857
527,87.807,A,4,59.191726,58.188988,61.033620,57.065552,0.491190,-0.337169,173.9642,0.035785,173.9264,0.034726,61.694270,57.132335,173.9426,0.664017,2.716476,-0.660650,-0.066783,-2.502544,1.056653
528,87.953,A,4,59.218644,58.847612,60.714709,57.270203,0.531193,-0.343119,174.1703,0.034665,174.1247,0.033772,61.549681,57.248009,174.1014,0.835267,2.827094,-0.834972,0.022194,-2.331036,1.599603
529,88.116,A,4,59.331174,57.713174,60.443484,57.543667,0.554632,-0.370688,174.3520,0.033183,174.3162,0.033647,61.373430,57.390723,174.2934,0.942439,2.067555,-0.929946,0.152943,-2.042256,0.322451
530,88.270,A,4,59.483161,58.584401,60.227669,57.609395,0.550985,-0.336387,174.5548,0.032633,174.5060,0.034129,61.201932,57.530421,174.4831,0.977458,2.016196,-0.974263,0.078973,-1.718771,1.053980
531,88.458,A,4,59.627473,58.439913,60.066650,57.792155,0.535870,-0.342803,174.7373,0.034256,174.6978,0.031906,61.034382,57.666404,174.6746,0.975868,1.605524,-0.967732,0.125751,-1.406909,0.773508
532,88.657,A,4,58.986541,58.250898,59.952702,57.926352,0.506979,-0.335981,174.9218,0.034494,174.8914,0.034158,60.869733,57.798842,174.8682,0.925853,1.936689,-0.917031,0.127509,-1.883192,0.452056
533,88.807,A,4,58.968322,58.138541,59.762521,58.011135,0.502247,-0.313120,175.1209,0.033207,175.0824,0.033639,60.706397,57.928741,175.0598,0.947465,1.750691,-0.943875,0.082394,-1.738075,0.209800
534,88.953,A,4,58.411687,58.175758,59.598277,58.064047,0.489435,-0.284803,175.3122,0.031169,175.2648,0.031632,60.535341,58.057638,175.2435,0.937086,2.126936,-0.937064,0.006409,-2.123654,0.118120
535,89.123,A,4,58.028045,59.270577,59.376264,58.111609,0.494986,-0.256828,175.4971,0.029505,175.4368,0.027226,60.355852,58.185917,175.4167,0.982403,2.568108,-0.979588,-0.074308,-2.327808,1.084660
536,89.275,A,4,59.221348,59.625195,59.129273,58.312870,0.511815,-0.276936,175.6495,0.028024,175.6005,0.028810,60.171354,58.312891,175.5812,1.042081,1.620077,-1.042081,-0.000022,-0.950005,1.312303
537,89.443,A,4,58.065222,58.553848,59.095907,58.539276,0.464313,-0.308294,175.7726,0.026889,175.7596,0.027463,59.985113,58.437422,175.7406,0.895021,1.923418,-0.889206,0.101853,-1.919891,0.116426
538,89.616,A,4,57.527356,59.248522,58.897717,58.575335,0.465015,-0.275007,175.9505,0.027468,175.9162,0.026551,59.798891,58.558761,175.8975,0.901327,2.373951,-0.901174,0.016574,-2.271535,0.689760
539,89.770,A,4,58.319466,58.977167,58.649889,58.705311,0.483590,-0.272742,176.1100,0.027049,176.0697,0.026733,59.612398,58.677078,176.0516,0.962924,1.327301,-0.962510,0.028233,-1.292932,0.300089
540,89.970,A,4,58.214571,58.839328,58.557734,58.773955,0.452777,-0.257231,176.2513,0.026250,176.2173,0.024546,59.385160,58.816481,176.2288,0.828518,1.170812,-0.827426,-0.042526,-1.170589,0.022847
541,90.137,A,4,57.932185,59.011879,58.464684,58.811134,0.424572,-0.234092,176.3931,0.024179,176.3560,0.023374,59.229095,58.908745,176.3399,0.770618,1.301004,-0.764411,-0.097610,-1.296910,0.103134
542,90.298,A,4,56.549427,59.415964,58.345859,58.866016,0.407877,-0.218474,176.5241,0.022710,176.4856,0.022376,58.984994,59.046643,176.4956,0.664168,2.463408,-0.639135,-0.180627,-2.435566,0.369321
543,90.445,A,4,56.482690,59.051192,58.039755,58.971184,0.449480,-0.215339,176.6600,0.021266,176.6085,0.020702,58.814393,59.137917,176.5941,0.792379,2.333315,-0.774638,-0.166733,-2.331703,-0.086724
544,90.599,A,4,57.336568,60.928601,57.765337,59.006053,0.474950,-0.192914,176.7928,0.020655,176.7268,0.021090,58.589614,59.250608,176.7128,0.859790,2.094227,-0.824277,-0.244555,-1.253045,1.677994
545,90.752,A,4,56.852573,60.042917,57.656720,59.314206,0.454417,-0.257408,176.8729,0.020802,176.8408,0.020834,58.355624,59.361150,176.8274,0.700478,1.650445,-0.698903,-0.046944,-1.503051,0.681767
546,90.921,A,4,55.894287,60.180122,57.494356,59.450002,0.448388,-0.262168,176.9748,0.018431,176.9480,0.019079,58.117134,59.469549,176.9356,0.623085,2.333659,-0.622778,-0.019547,-2.222847,0.710573
547,91.106,A,4,55.530990,60.241735,57.213681,59.586261,0.477861,-0.264225,177.0791,0.017450,177.0453,0.016878,57.877253,59.576357,177.0342,0.663646,2.438786,-0.663572,0.009903,-2.346263,0.665378
548,91.291,A,4,56.101014,61.050781,56.927882,59.705764,0.518221,-0.268102,177.1512,0.013654,177.1312,0.014158,57.636510,59.682193,177.1215,0.709020,2.056886,-0.708628,0.023570,-1.535496,1.368588
549,91.483,A,4,55.655534,60.202651,56.758227,59.932842,0.509068,-0.300340,177.2035,0.011950,177.2064,0.011678,57.392955,59.787342,177.1979,0.651191,1.786369,-0.634728,0.145500,-1.737421,0.415308
550,91.647,A,4,54.974459,61.450204,56.538676,60.009080,0.499690,-0.274649,177.2912,0.011815,177.2739,0.009565,57.142866,59.891634,177.2660,0.615499,2.670416,-0.604190,0.117446,-2.168406,1.558569
551,91.793,A,4,55.027477,60.095001,56.258408,60.252754,0.524238,-0.307466,177.3413,0.011073,177.3374,0.010078,56.882356,59.994666,177.3299,0.675219,1.857590,-0.623948,0.258088,-1.854878,0.100335
552,91.959,A,4,55.190481,59.957816,56.025551,60.260912,0.527585,-0.267857,177.4226,0.010589,177.3993,0.009740,56.609394,60.096228,177.3920,0.606624,1.425647,-0.583842,0.164684,-1.418912,-0.138411
553,92.158,A,4,55.074701,61.562751,55.851316,60.243522,0.512866,-0.226735,177.5044,0.012020,177.4585,0.011904,56.324873,60.196506,177.4516,0.475885,1.851906,-0.473557,0.047017,-1.250171,1.366245
554,92.351,A,4,54.721013,60.223536,55.687078,60.464426,0.500923,-0.261084,177.5409,0.010485,177.5126,0.008508,56.032222,60.295896,177.5065,0.384092,1.313204,-0.345144,0.168530,-1.311209,-0.072360
555,92.497,A,4,53.381924,60.578373,55.495791,60.455441,0.494732,-0.223159,177.6081,0.009108,177.5603,0.008310,55.735728,60.394593,177.5549,0.247532,2.360968,-0.239937,0.060848,-2.353804,0.183779
556,92.667,A,4,53.754862,61.670839,55.133509,60.496977,0.540489,-0.202350,177.6656,0.005731,177.6021,0.005790,55.438460,60.492361,177.5973,0.304986,2.055070,-0.304951,0.004617,-1.683598,1.178478
557,92.849,A,4,53.535218,61.260300,54.876550,60.693776,0.551819,-0.231511,177.6869,0.006361,177.6400,0.006307,55.141197,60.588737,177.6356,0.284730,1.740738,-0.264647,0.105039,-1.605979,0.671564
558,93.031,A,4,53.656959,60.870482,54.624165,60.802660,0.559055,-0.231322,177.7088,0.000320,177.6564,-0.027016,54.842465,60.683384,177.6697,0.248761,1.200180,-0.218301,0.119276,-1.185507,0.187098
559,93.194,A,4,52.632385,61.608412,54.426987,60.837299,0.548063,-0.210057,177.1562,-0.107861,177.0907,-0.071940,54.549644,60.771104,177.1456,0.139379,2.092120,-0.122657,0.066195,-1.917259,0.837307
560,93.362,A,4,52.385909,61.092557,54.107406,60.975295,0.576002,-0.220101,177.1798,0.051071,177.1708,0.096143,54.259963,60.860794,177.1102,0.190746,1.888330,-0.152556,0.114501,-1.874053,0.231763
561,93.520,A,4,52.293052,61.167447,53.796012,61.016416,0.596682,-0.200535,177.4923,0.047038,177.4507,0.035716,53.968383,60.951837,177.4214,0.184072,1.689149,-0.172372,0.064579,-1.675332,0.215611
562,93.675,A,4,52.227516,61.187705,53.515147,61.060707,0.605833,-0.184788,177.2434,-0.085506,177.1555,-0.070325,53.667769,61.037088,177.2092,0.154438,1.448107,-0.152621,0.023619,-1.440253,0.150617
563,93.828,A,4,51.722642,61.962534,53.265583,61.100219,0.604579,-0.169961,177.1896,-0.002495,177.1156,-0.037682,53.356202,61.123121,177.1362,0.093468,1.836609,-0.090619,-0.022902,-1.633560,0.839413
564,94.009,A,4,51.350029,62.249788,52.978039,61.248333,0.616218,-0.188360,176.9778,-0.022867,176.9281,-0.034177,53.038493,61.205958,176.9541,0.073827,1.985067,-0.060454,0.042375,-1.688464,1.043829
565,94.197,A,4,51.713834,61.369417,52.676839,61.419238,0.630797,-0.210896,176.8319,-0.021396,176.8084,-0.022008,52.659836,61.303076,176.7991,0.117400,0.948325,0.017002,0.116162,-0.946002,0.066341
566,94.365,A,4,49.814343,61.959059,52.473633,61.435403,0.612478,-0.186382,176.7253,-0.019285,176.6967,-0.018370,52.412954,61.366144,176.7097,0.092081,2.665394,0.060680,0.069259,-2.598610,0.592915
567,94.532,A,4,51.024167,61.746487,52.018744,61.534925,0.671844,-0.185697,176.6343,-0.016489,176.5926,-0.016343,52.111437,61.443328,176.6048,0.130314,1.128744,-0.092693,0.091596,-1.087270,0.303159
568,94.684,A,4,50.072709,62.476205,51.819908,61.583821,0.664845,-0.178501,176.5631,-0.015323,176.4958,-0.014455,51.755518,61.534072,176.4884,0.081370,1.928590,0.064390,0.049749,-1.682809,0.942133
569,94.831,A,4,49.189570,61.999047,51.486433,61.741527,0.667321,-0.193191,176.4541,-0.012382,176.4093,-0.012331,51.516893,61.593573,176.4189,0.151057,2.362381,-0.030460,0.147954,-2.327323,0.405473
570,94.980,A,4,48.553801,62.899436,51.080528,61.802530,0.704896,-0.180557,176.4010,-0.009801,176.3383,-0.010475,51.211131,61.666753,176.3459,0.188394,2.929318,-0.130603,0.135777,-2.657329,1.232683
571,95.128,A,4,49.163146,63.117103,50.633781,61.989110,0.751008,-0.205349,176.3293,-0.009320,176.2861,-0.008617,50.893459,61.738511,176.2914,0.360878,2.212352,-0.259678,0.250599,-1.730313,1.378592
572,95.283,A,4,48.446190,62.010162,50.361132,62.175529,0.761963,-0.236555,176.2706,-0.007982,176.2505,-0.007249,50.564366,61.808963,176.2541,0.419136,2.127710,-0.203234,0.366566,-2.118176,0.201199
573,95.480,A,4,48.820075,63.456428,49.824874,62.369092,0.816169,-0.256874,176.2203,-0.005973,176.2251,-0.006380,50.228562,61.878439,176.2278,0.635377,2.115156,-0.403688,0.490653,-1.408487,1.577990
574,95.671,A,4,47.848310,62.197965,49.745317,62.400044,0.737752,-0.232194,176.1930,-0.004293,176.2035,-0.005315,49.893098,61.947182,176.2060,0.476365,2.060109,-0.147780,0.452862,-2.044787,0.250783
575,95.822,A,4,48.171223,62.465084,49.394128,62.395418,0.750572,-0.195929,176.2041,-0.002760,176.1835,-0.003368,49.563782,62.015013,176.1858,0.416522,1.463484,-0.169654,0.380405,-1.392560,0.450071
576,95.973,A,4,46.874930,62.579266,49.140266,62.429375,0.732545,-0.176921,176.1983,-0.002181,176.1669,-0.002271,49.242403,62.081381,176.1686,0.362673,2.419260,-0.102137,0.347994,-2.367473,0.497886
577,96.133,A,4,47.615609,61.629098,48.732116,62.473359,0.762348,-0.160418,176.2040,-0.001584,176.1571,-0.001957,48.926956,62.145765,176.1578,0.381157,1.409459,-0.194840,0.327594,-1.311347,-0.516667
578,96.288,A,4,46.525992,63.134221,48.489982,62.367700,0.735941,-0.104849,176.2357,-0.000268,176.1567,-0.000327,48.612769,62.208208,176.1562,0.201281,2.283011,-0.122787,0.159491,-2.086777,0.926012
579,96.450,A,4,46.145183,63.124128,48.128999,62.496623,0.754273,-0.123208,176.2252,0.001518,176.1645,0.001245,48.293886,62.269640,176.1632,0.280552,2.312375,-0.164887,0.226983,-2.148703,0.854489
580,96.600,A,4,46.383449,63.002539,47.776460,62.603292,0.786471,-0.136139,176.2279,0.002984,176.1758,0.002294,47.965933,62.331343,176.1744,0.331446,1.718942,-0.189473,0.271949,-1.582485,0.671196
581,96.772,A,4,45.911048,63.462322,47.482130,62.683821,0.758335,-0.134105,176.2387,0.002866,176.1864,0.002903,47.628406,62.394108,176.1853,0.324546,2.022473,-0.146275,0.289713,-1.717358,1.068214
582,96.971,A,4,44.700354,62.617975,47.175583,62.817862,0.756714,-0.150971,176.2374,0.003395,176.1953,0.002932,47.284792,62.457844,176.1943,0.376217,2.589395,-0.109209,0.360018,-2.584439,0.160131
583,97.135,A,4,45.121862,63.545270,46.734195,62.807085,0.792222,-0.120730,176.2797,0.003607,176.2046,0.002782,46.941172,62.521530,176.2033,0.352677,2.087567,-0.206977,0.285555,-1.819310,1.023741
584,97.282,A,4,44.761618,63.912407,46.418108,62.933975,0.789061,-0.136958,176.2773,0.003297,176.2170,0.003400,46.602985,62.583836,176.2153,0.395951,2.270624,-0.184877,0.350140,-1.841367,1.328571
585,97.445,A,4,44.813719,63.295277,46.095801,63.098344,0.788830,-0.162035,176.2682,0.003167,176.2336,0.002863,46.272349,62.644153,176.2314,0.487298,1.597362,-0.176549,0.454191,-1.458631,0.651123
586,97.593,A,4,43.990363,64.076371,45.829669,63.148211,0.769944,-0.151472,176.2794,0.001341,176.2526,0.000794,45.948259,62.702982,176.2503,0.460753,2.391559,-0.118590,0.445230,-1.957896,1.373389
587,97.749,A,4,43.616402,63.247393,45.482189,63.306240,0.779449,-0.172425,176.2633,0.000034,176.2700,0.001325,45.627243,62.761669,176.2681,0.563558,2.068673,-0.145054,0.544571,-2.010841,0.485723
588,97.906,A,4,43.211762,63.549574,45.129907,63.318715,0.786398,-0.147986,176.2863,0.000353,176.2824,0.000402,45.303857,62.821518,176.2812,0.526748,2.215158,-0.173950,0.497197,-2.092095,0.728056
589,98.065,A,4,43.046988,63.532947,44.768934,63.372205,0.795816,-0.138454,176.2997,0.000756,176.2916,0.002701,44.973104,62.882705,176.2905,0.530373,2.032914,-0.204171,0.489500,-1.926117,0.650242
590,98.244,A,4,42.579383,63.494481,44.436358,63.414331,0.795508,-0.127316,176.3208,0.002598,176.3040,0.004326,44.633115,62.944291,176.3022,0.509559,2.126152,-0.196757,0.470040,-2.053732,0.550190
591,98.431,A,4,43.180487,63.587044,44.083567,63.443292,0.800943,-0.113330,176.3575,0.004561,176.3255,0.005218,44.285776,63.004991,176.3224,0.482696,1.249179,-0.202209,0.438300,-1.105289,0.582053
592,98.595,A,4,42.570776,63.883671,43.872609,63.480481,0.764104,-0.106186,176.3898,0.005555,176.3567,0.005951,43.935918,63.064002,176.3526,0.421264,1.592317,-0.063309,0.416479,-1.365142,0.819670
593,98.740,A,4,41.693800,63.762832,43.605533,63.555509,0.749077,-0.109996,176.4211,0.006616,176.3926,0.006430,43.588778,63.121520,176.3883,0.434312,2.000556,0.016755,0.433988,-1.894978,0.641311
594,98.883,A,4,41.726996,63.595517,43.248762,63.601443,0.761754,-0.103136,176.4608,0.005777,176.4276,0.004572,43.247256,63.178384,176.4236,0.423062,1.576449,0.001506,0.423059,-1.520260,0.417133
595,99.038,A,4,40.577441,63.315555,42.949075,63.614856,0.755461,-0.088691,176.5017,0.005659,176.4580,0.004918,42.911386,63.235330,176.4546,0.381393,2.335323,0.037689,0.379526,-2.333945,0.080225
596,99.196,A,4,40.393784,63.757403,42.522973,63.582862,0.786330,-0.060399,176.5557,0.005582,176.4846,0.005827,42.578560,63.292455,176.4814,0.295679,2.233702,-0.055587,0.290407,-2.184776,0.464948
597,99.377,A,4,40.168419,64.514783,42.129963,63.619170,0.804903,-0.056339,176.5920,0.006544,176.5147,0.006326,42.176145,63.360134,176.5175,0.263121,2.316069,-0.046183,0.259036,-2.007726,1.154648
598,99.557,A,4,40.476068,63.905863,41.760201,63.763024,0.816312,-0.084834,176.6067,0.008150,176.5580,0.008829,41.832511,63.414643,176.5622,0.355806,1.442648,-0.072310,0.348381,-1.356442,0.491220
599,99.726,A,4,39.154622,63.127698,41.490565,63.797087,0.794754,-0.079433,176.6608,0.010192,176.6193,0.011784,41.550592,63.456737,176.6111,0.345603,2.418458,-0.060027,0.340350,-2.395970,-0.329038
600,99.870,A,4,39.003537,63.566552,41.065925,63.708836,0.819318,-0.036052,176.7642,0.011871,176.6955,0.012327,41.190590,63.507828,176.6858,0.236528,2.187840,-0.124665,0.201008,-2.187052,0.058725
601,100.035,A,4,38.831385,63.619403,40.679471,63.695304,0.830934,-0.020780,176.8442,0.011952,176.7778,0.014477,40.826183,63.558110,176.7679,0.200864,1.995739,-0.146712,0.137194,-1.994798,0.061293
602,100.195,A,4,38.212309,64.094814,40.323817,63.690202,0.832192,-0.010525,176.9222,0.012553,176.8598,0.012998,40.390501,63.618304,176.8663,0.098062,2.229705,-0.066685,0.071898,-2.178192,0.476510
603,100.345,A,4,38.602222,64.355180,39.928722,63.755881,0.846180,-0.021735,176.9863,0.013461,176.9411,0.013615,40.103926,63.658102,176.9313,0.200642,1.655606,-0.175204,0.097779,-1.501704,0.697078
604,100.500,A,4,37.358101,64.709790,39.649489,63.851799,0.824783,-0.042531,177.0498,0.015338,177.0255,0.014251,39.680913,63.715921,177.0326,0.139464,2.526506,-0.031424,0.135878,-2.322812,0.993869
605,100.646,A,4,37.228876,64.597280,39.228389,63.988133,0.848524,-0.070291,177.1187,0.017310,177.1183,0.017479,39.401999,63.752447,177.1066,0.292725,2.331567,-0.173609,0.235686,-2.173123,0.844833
606,100.814,A,4,37.635018,65.097841,38.848716,64.089913,0.856493,-0.085287,177.2100,0.019153,177.2223,0.018382,39.052989,63.795745,177.2092,0.358137,1.925122,-0.204273,0.294168,-1.417971,1.302095
607,101.003,A,4,37.465954,64.299244,38.602484,64.249535,0.847018,-0.120801,177.2654,0.019612,177.3349,0.018894,38.699165,63.837442,177.3211,0.423282,1.316841,-0.096681,0.412092,-1.233211,0.461801
608,101.191,A,4,36.223960,64.238570,38.340030,64.275007,0.798216,-0.106483,177.4112,0.019398,177.4501,0.019177,38.337857,63.879003,177.4364,0.396010,2.144260,0.002172,0.396004,-2.113898,0.359567
609,101.337,A,4,36.390861,65.290217,37.946104,64.282929,0.815128,-0.089634,177.5380,0.019128,177.5631,0.020675,37.969701,63.921339,177.5497,0.362359,2.089632,-0.023597,0.361590,-1.578840,1.368878
610,101.495,A,4,35.070732,64.682061,37.634822,64.446073,0.807899,-0.121909,177.6199,0.018193,177.6738,0.019944,37.598365,63.964198,177.6605,0.483252,2.627595,0.036456,0.481875,-2.527633,0.717863
611,101.655,A,4,35.477969,65.553119,37.173518,64.496080,0.844051,-0.114865,177.7427,0.019063,177.7849,0.021161,37.228776,64.006334,177.7715,0.492853,2.336209,-0.055258,0.489746,-1.750808,1.546785
612,101.824,A,4,35.166579,64.727294,36.839029,64.668620,0.840083,-0.146731,177.8303,0.019446,177.8987,0.019408,36.864807,64.046549,177.8849,0.622605,1.829588,-0.025778,0.622071,-1.698228,0.680745
613,101.979,A,4,34.393754,65.707780,36.508606,64.694273,0.833255,-0.131712,177.9632,0.020240,178.0148,0.019486,36.508048,64.084595,178.0008,0.609678,2.665514,0.000558,0.609678,-2.114293,1.623184
614,102.129,A,4,34.885627,65.036381,36.112552,64.861363,0.848498,-0.159385,178.0583,0.019685,178.1308,0.018977,36.157387,64.121361,178.1170,0.741358,1.566728,-0.044836,0.740001,-1.271761,0.915019
615,102.314,A,4,33.563095,64.550321,35.848118,64.905403,0.821386,-0.149388,178.1749,0.018381,178.2432,0.018241,35.809157,64.158343,178.2300,0.748076,2.280009,0.038960,0.747061,-2.246062,0.391979
616,102.509,A,4,33.337145,64.821379,35.427961,64.868732,0.842467,-0.115128,178.3168,0.018051,178.3495,0.015768,35.458706,64.196585,178.3370,0.672850,2.211648,-0.030745,0.672147,-2.121561,0.624794
617,102.685,A,4,33.318282,65.260267,35.034899,64.874744,0.853534,-0.098223,178.4349,0.017006,178.4506,0.018784,35.102737,64.236014,178.4386,0.642323,2.057516,-0.067839,0.638730,-1.784455,1.024253
618,102.843,A,4,33.194261,65.147171,34.696675,64.943863,0.847804,-0.102792,178.5368,0.017893,178.5506,0.016808,34.740763,64.275657,178.5385,0.669658,1.775163,-0.044088,0.668205,-1.546502,0.871514
619,102.999,A,4,32.564145,64.201059,34.390959,64.986014,0.832855,-0.099397,178.6479,0.018982,178.6533,0.018855,34.375181,64.314409,178.6408,0.671791,1.814580,0.015778,0.671606,-1.811036,-0.113350
620,103.152,A,4,32.247216,64.626688,34.038294,64.879677,0.832053,-0.052479,178.7989,0.019190,178.7584,0.019286,34.010032,64.351826,178.7458,0.528606,1.784116,0.028263,0.527850,-1.762816,0.274861
621,103.307,A,4,32.083976,65.175279,33.690951,64.848286,0.830617,-0.033661,178.9187,0.017378,178.8624,0.016498,33.649018,64.388396,178.8501,0.461797,1.751725,0.041933,0.459890,-1.565042,0.786883
622,103.473,A,4,31.568001,64.517319,33.371205,64.901768,0.822048,-0.042565,178.9994,0.015386,178.9607,0.013478,33.293912,64.425087,178.9494,0.482906,1.728374,0.077292,0.476680,-1.725911,0.092232
623,103.642,A,4,31.182235,65.032641,33.022872,64.849500,0.821983,-0.019203,179.0981,0.013457,179.0504,0.014435,32.943856,64.462636,179.0402,0.394851,1.851544,0.079016,0.386864,-1.761621,0.570005
624,103.847,A,4,30.684523,65.303064,32.669051,64.879805,0.824303,-0.023151,179.1663,0.013169,179.1322,0.012112,32.595549,64.500993,179.1227,0.385877,2.072519,0.073502,0.378812,-1.911025,0.802071
625,104.003,A,4,30.806185,64.756532,32.293523,64.946324,0.833004,-0.037264,179.2270,0.013580,179.2116,0.012561,32.244490,64.539299,179.2019,0.409968,1.454617,0.049033,0.407025,-1.438305,0.217233
626,104.165,A,4,30.284278,65.371735,31.991442,64.922424,0.818282,-0.023737,179.3187,0.014741,179.2959,0.014008,31.886927,64.576489,179.2854,0.361379,1.789106,0.104515,0.345935,-1.602649,0.795246
627,104.322,A,4,29.012024,64.135616,31.657912,64.992700,0.815315,-0.039512,179.3964,0.016980,179.3906,0.016097,31.524806,64.612063,179.3786,0.403239,2.557552,0.133107,0.380637,-2.512782,-0.476447
628,104.480,A,4,29.570520,64.920289,31.184545,64.868813,0.852745,0.004455,179.5364,0.018675,179.4953,0.017821,31.167275,64.646474,179.4823,0.223009,1.620063,0.017270,0.222339,-1.596755,0.273815
629,104.640,A,4,28.700313,65.515332,30.861597,64.876585,0.841966,0.003151,179.6430,0.019216,179.6047,0.020459,30.815939,64.680480,179.5915,0.201350,2.274390,0.045658,0.196105,-2.115626,0.834852
630,104.779,A,4,28.557597,65.570772,30.457872,64.972168,0.856787,-0.023561,179.7299,0.018907,179.7153,0.018448,30.471955,64.714604,179.7020,0.257949,2.097091,-0.014082,0.257564,-1.914358,0.856168
631,104.934,A,4,28.013529,64.925915,30.091784,65.064203,0.858608,-0.046290,179.8179,0.019051,179.8276,0.019286,30.135832,64.748684,179.8139,0.318578,2.129690,-0.044048,0.315518,-2.122303,0.177231
632,105.141,A,4,28.139874,65.533821,29.698974,65.047991,0.867594,-0.034445,179.9466,0.021642,179.9607,0.022218,29.742135,64.788435,179.9557,0.263120,1.767156,-0.043161,0.259556,-1.602261,0.745386
633,105.310,A,4,27.420653,65.516403,29.382788,65.123890,0.853197,-0.051647,-179.9439,0.021919,-179.9258,0.023419,29.484481,64.813613,-179.9418,0.326517,2.180207,-0.101693,0.310277,-2.063828,0.702790
634,105.464,A,4,28.313317,65.079920,29.007797,65.187270,0.857863,-0.063024,-179.8186,0.023905,-179.7865,0.025341,29.166472,64.843410,-179.8038,0.378706,0.885331,-0.158676,0.343860,-0.853155,0.236510
635,105.613,A,4,27.048203,65.814849,28.821581,65.176841,0.805998,-0.051978,-179.6655,0.024927,-179.6394,0.025598,28.851993,64.871816,-179.6573,0.306538,2.035428,-0.030412,0.305025,-1.803790,0.943033
636,105.766,A,4,26.148274,64.792819,28.479277,65.276608,0.806892,-0.074513,-179.5364,0.025906,-179.4892,0.026040,28.540885,64.899630,-179.5073,0.381979,2.394994,-0.061608,0.376978,-2.392611,-0.106811
637,105.916,A,4,27.118294,64.560639,28.070626,65.209681,0.848949,-0.046478,-179.3910,0.025208,-179.3384,0.023153,28.234013,64.927335,-179.3565,0.326212,1.174434,-0.163387,0.282345,-1.115719,-0.366696
638,106.063,A,4,26.079662,65.966830,27.850496,65.116341,0.809432,-0.012553,-179.2158,0.026122,-179.1862,0.025854,27.932933,64.954747,-179.2047,0.181407,2.111617,-0.082437,0.161594,-1.853271,1.012083
639,106.215,A,4,26.279244,65.348971,27.495548,65.241038,0.791537,-0.046759,-179.0559,0.026197,-179.0303,0.025879,27.639246,64.981214,-179.0493,0.296913,1.408848,-0.143698,0.259824,-1.360002,0.367757
640,106.385,A,4,25.008253,65.484662,27.239821,65.260189,0.769648,-0.047163,-178.9063,0.026986,-178.8696,0.026347,27.353903,65.006201,-178.8891,0.278432,2.393950,-0.114082,0.253988,-2.345650,0.478460
641,106.573,A,4,25.271751,65.754031,26.828073,65.296747,0.794281,-0.052927,-178.4355,0.126426,-178.3750,0.176010,27.077286,65.032415,-178.4917,0.363289,1.944399,-0.249214,0.264332,-1.805536,0.721616
642,106.756,A,4,24.920411,65.841786,26.521459,65.367675,0.786928,-0.068592,-177.8619,0.058383,-177.8162,0.017387,26.809867,65.058634,-177.8326,0.422712,2.045330,-0.288408,0.309041,-1.889457,0.783153
643,106.932,A,4,24.999475,66.248293,26.206044,65.442332,0.781683,-0.083595,-177.9787,-0.004468,-177.9141,0.038999,26.536902,65.081338,-177.9366,0.489677,1.930146,-0.330858,0.360994,-1.537427,1.166954
644,107.089,A,4,24.295695,66.422956,25.950131,65.567918,0.759249,-0.111799,-177.2752,0.165127,-177.1438,0.147328,26.275975,65.110646,-177.2503,0.561492,2.375641,-0.325845,0.457272,-1.980280,1.312310
645,107.251,A,4,24.423657,66.409197,25.629270,65.702591,0.758513,-0.140001,-176.8799,0.027319,-176.7718,0.025961,26.015842,65.137949,-176.7850,0.684295,2.037431,-0.386572,0.564643,-1.592185,1.271249
646,107.437,A,4,23.803894,66.105177,25.375356,65.817277,0.738027,-0.158864,-176.2042,0.168012,-176.0389,0.180015,25.761377,65.166391,-176.1656,0.756746,2.170958,-0.386021,0.650886,-1.957482,0.938787
647,107.613,A,4,23.650409,65.155999,25.068665,65.870074,0.735944,-0.158225,-175.5234,0.093807,-175.3961,0.114773,25.512652,65.195330,-175.4695,0.807716,1.862659,-0.443987,0.674745,-1.862243,-0.039331
648,107.802,A,4,23.741503,65.645509,24.785121,65.771979,0.728709,-0.113794,-174.6073,0.145304,-174.5202,0.139067,25.271426,65.225731,-174.6147,0.731354,1.586467,-0.486304,0.546247,-1.529923,0.419777
649,108.019,A,4,23.082258,66.546923,24.558553,65.756577,0.704829,-0.099240,-173.7158,0.157190,-173.6455,0.156467,25.036145,65.256905,-173.7498,0.691207,2.341329,-0.477592,0.499672,-1.953887,1.290018
650,108.203,A,4,22.933638,64.397870,24.269478,65.875850,0.700288,-0.127716,-172.7657,0.170556,-172.6816,0.176222,24.806956,65.289886,-172.8009,0.795133,2.074853,-0.537478,0.585964,-1.873318,-0.892017
651,108.371,A,4,22.781420,65.486718,24.002172,65.657484,0.695554,-0.054084,-171.6651,0.182046,-171.6489,0.186461,24.582771,65.324644,-171.7764,0.669236,1.808627,-0.580599,0.332839,-1.801351,0.162073
652,108.550,A,4,22.855074,65.232751,23.753195,65.626382,0.682845,-0.045197,-170.5508,0.194795,-170.5482,0.195889,24.362493,65.360696,-170.6839,0.664705,1.512839,-0.609298,0.265685,-1.507419,-0.127946
653,108.719,A,4,22.694569,66.391431,23.553960,65.560121,0.658047,-0.026872,-169.3674,0.206323,-169.3811,0.209177,24.145347,65.397487,-169.5246,0.613342,1.758602,-0.591387,0.162634,-1.450778,0.993943
654,108.879,A,4,22.562963,65.483698,23.362759,65.674273,0.628976,-0.064314,-168.1598,0.216736,-168.1498,0.219042,23.931054,65.434739,-168.3009,0.616714,1.368967,-0.568296,0.239534,-1.368091,0.048960
655,109.062,A,4,21.303880,65.380478,22.911570,65.601160,0.696711,-0.052650,-166.8531,0.228044,-166.8581,0.229413,23.719860,65.472627,-167.0162,0.818446,2.417737,-0.808290,0.128533,-2.415981,-0.092149
656,109.248,A,4,22.085506,64.887873,22.845283,65.590209,0.629769,-0.047612,-165.5016,0.236572,-165.5105,0.237725,23.512262,65.511643,-165.6750,0.671590,1.557152,-0.666979,0.078566,-1.426756,-0.623769
657,109.436,A,4,21.424195,66.470695,22.672776,65.473591,0.606684,-0.017204,-164.0820,0.245288,-164.1109,0.247109,23.308580,65.552205,-164.2815,0.640646,2.096313,-0.635804,-0.078614,-1.884385,0.918490
658,109.600,A,4,21.701757,66.390176,22.429643,65.606759,0.595636,-0.067537,-162.6668,0.253636,-162.6619,0.255904,23.108677,65.594343,-162.8384,0.679148,1.616407,-0.679034,0.012416,-1.406920,0.795833
659,109.755,A,4,20.823841,65.916066,22.264086,65.711791,0.563803,-0.100605,-161.1973,0.261843,-161.1643,0.264533,22.911969,65.637689,-161.3466,0.652107,2.106602,-0.647883,0.074102,-2.088128,0.278377
660,109.911,A,4,21.506277,66.601514,21.995012,65.732434,0.569912,-0.112171,-159.6611,0.270228,-159.6190,0.273812,22.717546,65.681719,-159.8069,0.724312,1.520919,-0.722534,0.050715,-1.211268,0.919795
661,110.067,A,4,21.062486,65.888811,21.866500,65.852191,0.527864,-0.143329,-158.0911,0.278595,-158.0275,0.281098,22.524327,65.726025,-158.2208,0.669816,1.470877,-0.657827,0.126166,-1.461841,0.162786
662,110.230,A,4,21.115187,66.291738,21.694596,65.850299,0.511053,-0.139527,-156.4510,0.285468,-156.3935,0.285876,22.331349,65.770448,-156.5917,0.641740,1.323175,-0.636752,0.079851,-1.216162,0.521290
663,110.400,A,4,19.623298,67.234994,21.557684,65.907824,0.481501,-0.151452,-155.1428,0.178269,-155.1223,0.158473,22.134703,65.811814,-155.2267,0.584952,2.886624,-0.577019,0.096010,-2.511405,1.423180
664,110.579,A,4,20.577360,65.417304,21.220634,66.097594,0.500331,-0.216694,-153.8023,0.285512,-153.6945,0.326087,21.934077,65.849729,-153.9150,0.755273,1.423964,-0.713443,0.247865,-1.356717,-0.432425
665,110.772,A,4,20.733176,66.606161,21.073125,65.992395,0.488185,-0.176016,-151.8354,0.305092,-151.7846,0.258095,21.727157,65.886717,-151.9674,0.662515,1.227028,-0.654032,0.105678,-0.993981,0.719444
666,110.939,A,4,20.006687,66.766345,20.972678,66.075939,0.446619,-0.189446,-150.7510,0.169335,-150.7301,0.198160,21.518415,65.914128,-150.8614,0.569220,1.735395,-0.545736,0.161811,-1.511728,0.852217
667,111.102,A,4,19.100196,65.651829,20.781976,66.172506,0.432867,-0.214428,-149.2327,0.304354,-149.1556,0.283424,21.306601,65.944083,-149.3569,0.572196,2.225676,-0.524625,0.228423,-2.206405,-0.292254
668,111.259,A,4,18.922233,66.392059,20.485894,66.089672,0.468225,-0.200013,-148.0809,0.156487,-148.0540,0.168260,21.094220,65.968946,-148.1655,0.620190,2.212815,-0.608326,0.120726,-2.171986,0.423113
669,111.425,A,4,18.544854,65.500156,20.204676,66.125631,0.481075,-0.220001,-146.7678,0.236861,-146.7413,0.201300,20.878546,65.992420,-146.8856,0.686911,2.385045,-0.673870,0.133212,-2.333692,-0.492264
670,111.670,A,4,19.141240,65.648792,19.907947,66.023254,0.512467,-0.204120,-145.6598,0.207600,-145.6438,0.190869,20.659388,66.009435,-145.7809,0.751568,1.560396,-0.751441,0.013819,-1.518148,-0.360643
671,111.863,A,4,18.929685,65.727032,19.742512,65.954971,0.500655,-0.184400,-144.5829,0.185735,-144.5891,0.182656,20.434291,66.020383,-144.7145,0.694864,1.532936,-0.691779,-0.065412,-1.504605,-0.293351
672,112.090,A,4,18.631190,67.251533,19.582454,65.909689,0.498832,-0.177624,-143.7542,0.176926,-143.5765,0.174239,20.155177,66.024590,-143.4979,0.584135,1.956509,-0.572723,-0.114901,-1.523987,1.226944
673,112.281,A,4,17.346578,66.466115,19.393858,66.093739,0.459242,-0.234043,-142.8087,0.167273,-142.6191,0.164074,19.964135,66.022226,-142.7312,0.574744,2.654928,-0.570277,0.071513,-2.617557,0.443888
674,112.472,A,4,18.075815,65.768816,19.032528,66.137635,0.476900,-0.266516,-141.7093,0.157278,-141.7118,0.155193,19.672656,66.012250,-141.6412,0.652292,1.615290,-0.640128,0.125386,-1.596841,-0.243434
675,112.642,A,4,17.782308,65.935974,18.836566,66.073105,0.475352,-0.248509,-140.7913,0.149888,-140.8482,0.148344,19.476955,66.002132,-140.9497,0.644309,1.695938,-0.640389,0.070972,-1.694647,-0.066158
676,112.820,A,4,17.758891,65.627429,18.629193,66.041399,0.472313,-0.244148,-139.9592,0.143028,-140.0230,0.140975,19.232591,65.986353,-140.1201,0.605904,1.516779,-0.603399,0.055045,-1.473700,-0.358924
677,112.996,A,4,17.208924,66.154064,18.462400,65.970942,0.478613,-0.230975,-139.3472,0.137613,-139.2338,0.135623,18.989217,65.967511,-139.3266,0.526828,1.790041,-0.526817,0.003430,-1.780293,0.186553
678,113.183,A,4,17.246769,66.337324,18.229259,65.984672,0.474141,-0.247089,-138.5916,0.131489,-138.4800,0.127592,18.746207,65.945483,-138.5686,0.518431,1.549791,-0.516948,0.039189,-1.499438,0.391841
679,113.368,A,4,17.547645,66.051066,18.035642,66.024423,0.455058,-0.261589,-137.8771,0.125130,-137.7601,0.122766,18.502015,65.919395,-137.8448,0.478053,0.963411,-0.466373,0.105028,-0.954370,0.131671
680,113.548,A,4,16.438885,65.825363,17.906252,66.015512,0.419288,-0.245152,-137.0487,0.118261,-137.0701,0.117510,18.255261,65.887893,-137.1515,0.371610,1.817452,-0.349009,0.127619,-1.816376,-0.062530
681,113.728,A,4,16.919854,65.955213,17.642486,65.976085,0.435402,-0.253730,-136.3896,0.113870,-136.4039,0.111674,18.005672,65.849828,-136.4828,0.384506,1.090920,-0.363186,0.126257,-1.085818,0.105385
682,113.899,A,4,16.025073,65.741874,17.487870,65.961235,0.419158,-0.248153,-135.7524,0.110466,-135.7561,0.108427,17.754289,65.804945,-135.8330,0.308879,1.730367,-0.266420,0.156290,-1.729217,-0.063071
683,114.070,A,4,16.437742,66.316037,17.224650,65.916686,0.435035,-0.257114,-135.1336,0.107334,-135.1244,0.105473,17.502892,65.754156,-135.1993,0.322234,1.204265,-0.278241,0.162531,-1.065149,0.561881
684,114.241,A,4,15.970812,65.646120,17.060221,65.963714,0.408700,-0.268048,-134.5375,0.104740,-134.5099,0.103868,17.253136,65.699200,-134.5826,0.327389,1.283422,-0.192914,0.264514,-1.282324,-0.053079
685,114.409,A,4,15.573937,65.255192,16.852153,65.905782,0.415006,-0.262782,-133.9399,0.102023,-133.9153,0.102419,17.005981,65.641837,-133.9855,0.305500,1.483323,-0.153828,0.263945,-1.432045,-0.386645
686,114.577,A,4,14.594922,66.493437,16.616000,65.796826,0.436377,-0.253082,-133.3488,0.100231,-133.3423,0.097844,16.761569,65.582981,-133.4099,0.258690,2.350167,-0.145569,0.213846,-2.166646,0.910456
687,114.756,A,4,14.493255,65.122083,16.267913,65.885958,0.440213,-0.311191,-132.4212,0.219634,-132.3606,0.237170,16.519725,65.527933,-132.5265,0.437712,2.066711,-0.251812,0.358026,-2.026470,-0.405850
688,114.920,A,4,14.876284,65.586129,15.953056,65.759792,0.478284,-0.309601,-131.5158,0.106352,-131.5561,0.063687,16.287098,65.477001,-131.6023,0.437670,1.415029,-0.334043,0.282791,-1.410814,0.109128
689,115.088,A,4,14.952672,65.104111,15.739785,65.718705,0.472090,-0.306967,-131.2321,0.081055,-131.2642,0.130677,16.055794,65.418202,-131.3458,0.436078,1.146966,-0.316009,0.300503,-1.103122,-0.314091
690,115.246,A,4,14.323098,65.679664,15.570617,65.611540,0.470530,-0.282252,-130.0474,0.219729,-130.0990,0.190035,15.828332,65.368203,-130.2323,0.354443,1.537120,-0.257715,0.243338,-1.505234,0.311462
691,115.408,A,4,14.818802,65.298451,15.334666,65.603806,0.462192,-0.296153,-129.3662,0.091385,-129.4424,0.115264,15.601466,65.308774,-129.5156,0.397776,0.782732,-0.266800,0.295032,-0.782664,-0.010323
692,115.576,A,4,14.595845,65.726789,15.207735,65.541348,0.443331,-0.274585,-128.2604,0.216963,-128.3233,0.192016,15.375757,65.251623,-128.4615,0.334920,0.913261,-0.168021,0.289725,-0.779912,0.475166
693,115.761,A,4,13.455727,64.995567,15.069337,65.551387,0.413409,-0.273427,-127.3156,0.180216,-127.3673,0.202162,15.151420,65.192924,-127.5048,0.367741,1.707139,-0.082083,0.358463,-1.695693,-0.197357
694,115.947,A,4,13.820925,64.831521,14.783957,65.451656,0.440022,-0.282867,-126.1898,0.195299,-126.2493,0.202920,14.930582,65.138837,-126.3904,0.345477,1.151427,-0.146625,0.312819,-1.109658,-0.307316
695,116.127,A,4,13.364599,65.574199,14.593820,65.340157,0.446484,-0.269093,-125.0127,0.207170,-125.0828,0.209524,14.714831,65.089376,-125.2264,0.278451,1.434636,-0.121011,0.250781,-1.350232,0.484823
696,116.312,A,4,12.701798,65.136864,14.364588,65.353812,0.431362,-0.290977,-123.7955,0.217800,-123.8495,0.220175,14.504670,65.044545,-124.0010,0.339513,1.805234,-0.140082,0.309268,-1.802872,0.092319
697,116.488,A,4,12.421368,65.061597,14.070476,65.301275,0.444437,-0.313044,-122.5138,0.227313,-122.5515,0.230419,14.298951,65.002885,-122.7105,0.375816,1.878501,-0.228476,0.298391,-1.877584,0.058712
698,116.640,A,4,12.309051,64.528438,13.776397,65.244307,0.455778,-0.332803,-121.1746,0.237095,-121.1939,0.238738,14.095149,64.962227,-121.3596,0.425644,1.838021,-0.318753,0.282080,-1.786099,-0.433788
699,116.811,A,4,12.541924,63.748946,13.508092,65.115200,0.476701,-0.332364,-119.7715,0.245517,-119.7862,0.247195,13.890352,64.920465,-119.9574,0.429004,1.786257,-0.382260,0.194735,-1.348427,-1.171519
700,116.976,A,4,11.795023,64.130132,13.324973,64.892428,0.514897,-0.304371,-118.5932,0.252156,-118.3374,0.255557,13.682692,64.876178,-118.5132,0.358088,2.029749,-0.357719,0.016250,-1.887669,-0.746046
701,117.138,A,4,11.903230,65.314037,13.051033,64.749559,0.532974,-0.310648,-117.1052,0.260062,-116.8511,0.263946,13.472268,64.829102,-117.0314,0.428680,1.642268,-0.421235,-0.079544,-1.569039,0.484935
702,117.314,A,4,11.279867,64.991839,12.822264,64.795562,0.479835,-0.330961,-115.2983,0.269609,-115.3252,0.270898,13.260890,64.780302,-115.5105,0.438891,1.992285,-0.438626,0.015260,-1.981023,0.211537
703,117.487,A,4,11.807234,65.093261,12.544125,64.795186,0.463910,-0.360539,-113.7330,0.277489,-113.7569,0.280559,13.050958,64.731911,-113.9473,0.510768,1.295154,-0.506834,0.063275,-1.243724,0.361350
704,117.663,A,4,11.338667,64.525798,12.384751,64.811700,0.425496,-0.360310,-112.1276,0.283601,-112.1465,0.285844,12.802952,64.677593,-112.0160,0.439178,1.472132,-0.418201,0.134108,-1.464285,-0.151795
705,117.809,A,4,12.075629,63.415486,12.181978,64.742967,0.418980,-0.358744,-110.4818,0.287645,-110.5001,0.289043,12.639652,64.644661,-110.6993,0.468113,1.352403,-0.457674,0.098306,-0.564023,-1.229175
706,117.964,A,4,10.774685,65.399093,12.121118,64.518825,0.431777,-0.299668,-108.8492,0.255701,-108.9230,0.215553,12.394967,64.597322,-108.8291,0.284877,1.807803,-0.273849,-0.078497,-1.620282,0.801771
707,118.109,A,4,11.073472,64.874702,11.879431,64.618764,0.384039,-0.341252,-107.7899,0.215287,-107.8072,0.254263,12.232166,64.561443,-107.9780,0.357362,1.200294,-0.352735,0.057321,-1.158694,0.313260
708,118.256,A,4,10.531665,64.071449,11.717012,64.630627,0.352994,-0.345156,-105.9302,0.362001,-105.9271,0.341956,12.021750,64.510801,-106.1672,0.327450,1.553506,-0.304738,0.119826,-1.490084,-0.439353
709,118.411,A,4,10.419552,63.825065,11.500068,64.522449,0.363513,-0.348601,-104.4900,0.196460,-104.5677,0.147703,11.812343,64.449998,-104.6716,0.320570,1.526568,-0.312275,0.072451,-1.392791,-0.624933
710,118.584,A,4,9.923220,64.254248,11.307494,64.397887,0.383439,-0.353210,-103.6441,0.214509,-103.3909,0.289755,11.604756,64.378768,-103.5832,0.297876,1.686140,-0.297262,0.019119,-1.681536,-0.124521
711,118.763,A,4,9.695073,65.825216,10.855860,64.556192,0.324451,-0.454402,-101.8460,0.198144,-101.9197,0.171356,11.394363,64.302577,-102.0412,0.595236,2.281670,-0.538503,0.253615,-1.699291,1.522639
712,118.941,A,4,10.115827,64.263063,10.808910,64.535243,0.293277,-0.410745,-100.8156,0.223284,-100.8453,0.263866,11.190489,64.220332,-101.0216,0.494744,1.075512,-0.381579,0.314911,-1.074662,0.042731
713,119.118,A,4,10.282475,64.424659,10.662178,64.473583,0.286542,-0.395904,-99.6401,0.168800,-99.7052,0.183899,10.986853,64.136679,-99.8257,0.467887,0.760974,-0.324675,0.336904,-0.704379,0.287980
714,119.268,A,4,10.200368,63.714767,10.563793,64.444925,0.266267,-0.373018,-98.5372,0.182985,-98.5966,0.195186,10.785521,64.050255,-98.7285,0.452689,0.674505,-0.221728,0.394669,-0.585153,-0.335488
715,119.436,A,4,10.144174,63.180704,10.471181,64.315748,0.275976,-0.343110,-97.4991,0.175480,-97.5757,0.173996,10.585832,63.959474,-97.6951,0.374267,0.895290,-0.114651,0.356274,-0.441658,-0.778770
716,119.595,A,4,8.695009,63.556519,10.387362,64.124341,0.301312,-0.310538,-96.5096,0.167042,-96.6092,0.164168,10.388010,63.862066,-96.7227,0.262276,1.720351,-0.000648,0.262275,-1.693000,-0.305548
717,119.750,A,4,8.524416,63.876193,10.103092,64.013160,0.315029,-0.346534,-95.5940,0.159689,-95.6852,0.158401,10.192824,63.756001,-95.7941,0.272365,1.672732,-0.089732,0.257159,-1.668409,0.120192
718,119.908,A,4,8.488162,62.700757,9.832217,63.964721,0.306482,-0.379451,-94.7218,0.153128,-94.7950,0.152186,10.001312,63.640463,-94.9002,0.365700,1.781199,-0.169094,0.324258,-1.513150,-0.939706
719,120.067,A,4,8.598845,62.144285,9.594260,63.749069,0.343740,-0.389236,-93.8601,0.147026,-93.9333,0.144611,9.813948,63.514030,-94.0353,0.321724,1.831031,-0.219688,0.235040,-1.215103,-1.369744
720,120.239,A,4,7.834275,63.818891,9.407661,63.478753,0.388353,-0.381487,-93.0207,0.141812,-93.0994,0.140727,9.630626,63.376145,-93.1979,0.245442,1.850108,-0.222964,0.102608,-1.796351,0.442746
721,120.422,A,4,8.458592,62.966841,9.134617,63.493085,0.348148,-0.415671,-92.2529,0.137868,-92.2953,0.137568,9.451063,63.230734,-92.3901,0.411055,1.026956,-0.316446,0.262351,-0.992471,-0.263894
722,120.622,A,4,8.593133,62.107942,8.993099,63.382191,0.342168,-0.401627,-91.4737,0.134452,-91.5220,0.133813,9.275098,63.080488,-91.6132,0.412974,1.187821,-0.281998,0.301703,-0.681964,-0.972545
723,120.801,A,4,7.713134,63.403939,8.894982,63.159920,0.367319,-0.372884,-90.6971,0.131702,-90.7775,0.131391,9.103038,62.925991,-90.8654,0.313065,1.469785,-0.208056,0.233928,-1.389904,0.477948
724,120.993,A,4,7.920704,61.866391,8.572487,62.973724,0.394211,-0.420577,-89.9678,0.128028,-90.0570,0.127813,8.935538,62.766118,-90.1423,0.418219,1.356243,-0.363052,0.207606,-1.014834,-0.899726
725,121.180,A,4,8.018581,62.818918,8.532247,62.935604,0.356339,-0.380165,-89.2475,0.125041,-89.3553,0.124457,8.773112,62.598371,-89.4386,0.414418,0.786103,-0.240865,0.337233,-0.754531,0.220547
726,121.363,A,4,7.174582,61.738292,8.419734,62.883074,0.329218,-0.365766,-88.5554,0.122100,-88.6697,0.118674,8.615681,62.419656,-88.7511,0.503142,1.594059,-0.195948,0.463419,-1.441100,-0.681364
727,121.570,A,4,7.286771,61.258010,8.200363,62.679085,0.351941,-0.381809,-87.8886,0.115470,-87.9227,0.113544,8.432540,62.188037,-87.9489,0.543171,1.475716,-0.232177,0.491048,-1.145769,-0.930027
728,121.708,A,4,7.440147,61.125638,8.029496,62.431354,0.383067,-0.381811,-87.2392,0.111012,-87.3572,0.109517,8.313025,62.030658,-87.4330,0.490862,1.257369,-0.283529,0.400696,-0.872877,-0.905020
729,121.878,A,4,7.769638,61.320665,7.907477,62.197573,0.404980,-0.368660,-86.6116,0.107234,-86.7403,0.105719,8.165729,61.839578,-86.8130,0.441424,0.652809,-0.258252,0.357995,-0.396091,-0.518913
730,122.052,A,4,6.376338,61.030294,7.854423,62.025570,0.404960,-0.338199,-86.0079,0.103928,-86.1467,0.102659,7.992647,61.617882,-86.1000,0.430482,1.719801,-0.138224,0.407687,-1.616309,-0.587589
731,122.222,A,4,6.411013,60.354360,7.604644,61.835287,0.411046,-0.370301,-85.4489,0.099568,-85.5714,0.100676,7.852189,61.437927,-85.5260,0.468160,1.803083,-0.247546,0.397360,-1.441177,-1.083567
732,122.399,A,4,7.072387,60.859516,7.394901,61.571470,0.437127,-0.387282,-84.8917,0.097434,-85.0122,0.095392,7.715245,61.260714,-84.9682,0.446306,0.757777,-0.320343,0.310756,-0.642858,-0.401198
733,122.575,A,4,6.573697,61.078195,7.313855,61.419763,0.426448,-0.364627,-84.3491,0.094033,-84.4715,0.092793,7.581099,61.085114,-84.4292,0.428263,1.007425,-0.267243,0.334649,-1.007402,-0.006919
734,122.728,A,4,6.723734,60.858037,7.172756,61.324213,0.399865,-0.362610,-83.8458,0.090050,-83.9538,0.087939,7.475095,60.945518,-84.0146,0.484580,0.756436,-0.302339,0.378695,-0.751360,-0.087481
735,122.902,A,4,6.680515,60.439051,7.075482,61.212439,0.381379,-0.348283,-83.3610,0.085183,-83.4620,0.084225,7.343608,60.772498,-83.5196,0.515209,0.742212,-0.268126,0.439941,-0.663093,-0.333447
736,123.071,A,4,6.120499,59.591041,6.987906,61.056473,0.378104,-0.333780,-82.8949,0.080793,-82.9998,0.078086,7.189121,60.555180,-82.9642,0.540169,1.439276,-0.201215,0.501294,-1.068622,-0.964138
737,123.237,A,4,5.519427,59.376083,6.830493,60.795455,0.404317,-0.343572,-82.4400,0.075614,-82.5678,0.075175,7.089241,60.400715,-82.6181,0.471985,1.874616,-0.258748,0.394740,-1.569813,-1.024631
738,123.391,A,4,6.559240,59.967671,6.608540,60.541765,0.424559,-0.372854,-82.0568,0.071082,-82.1642,0.068165,6.967790,60.201128,-82.2111,0.495070,0.470548,-0.359251,0.340637,-0.408550,-0.233457
739,123.555,A,4,6.801904,59.871391,6.571641,60.410615,0.408879,-0.341114,-81.6754,0.065353,-81.7888,0.063998,6.826301,59.956680,-81.7600,0.520489,0.088710,-0.254660,0.453935,-0.024398,-0.085289
740,123.716,A,4,5.746004,59.619890,6.578576,60.284670,0.394184,-0.300235,-81.3132,0.057855,-81.4430,0.057847,6.733899,59.791634,-81.4829,0.516924,1.002713,-0.155323,0.493037,-0.987895,-0.171743
741,123.879,A,4,5.294738,59.334532,6.432486,60.145022,0.382215,-0.310962,-81.0332,0.052392,-81.1292,0.050156,6.619836,59.582036,-81.1651,0.593341,1.348014,-0.187349,0.562986,-1.325098,-0.247504
742,124.074,A,4,5.459301,58.905728,6.239089,59.982822,0.375920,-0.334667,-80.7826,0.045921,-80.8484,0.043467,6.507195,59.366087,-80.8804,0.672491,1.144558,-0.268106,0.616735,-1.047895,-0.460359
743,124.252,A,4,5.067366,59.814848,6.097039,59.781012,0.383238,-0.341961,-80.5442,0.041185,-80.5975,0.041823,6.396918,59.139973,-80.6263,0.707714,1.491028,-0.299880,0.641039,-1.329552,0.674875
744,124.443,A,4,4.744048,58.795146,5.916912,59.744136,0.339583,-0.354037,-80.3396,0.039215,-80.3696,0.038556,6.290619,58.900803,-80.3960,0.922425,1.550176,-0.373707,0.843333,-1.546571,-0.105656
745,124.601,A,4,4.983370,58.355704,5.713941,59.564315,0.342056,-0.376611,-80.1283,0.038991,-80.1586,0.040407,6.189357,58.648233,-80.1831,1.032098,1.240959,-0.475417,0.916081,-1.205988,-0.292529
746,124.807,A,4,5.246250,58.773921,5.575105,59.345035,0.357849,-0.379406,-79.9162,0.035501,-79.9630,0.036398,6.092877,58.384686,-79.9856,1.091036,0.931817,-0.517773,0.960349,-0.846628,0.389236
747,124.987,A,4,4.890771,57.233572,5.496256,59.219383,0.346449,-0.360795,-79.7243,0.032176,-79.7845,0.031911,5.999825,58.114224,-79.8049,1.214478,1.416174,-0.503568,1.105159,-1.109054,-0.880652
748,125.145,A,4,4.482788,57.228762,5.378102,58.883705,0.396104,-0.365135,-79.5449,0.028498,-79.6244,0.026491,5.908793,57.840534,-79.6427,1.170401,1.551695,-0.530691,1.043171,-1.426005,-0.611772
749,125.320,A,4,5.936617,57.817401,5.217107,58.592573,0.424442,-0.379983,-79.4034,0.023500,-79.4818,0.024041,5.819218,57.565541,-79.4981,1.190517,0.277877,-0.602111,1.027032,0.117399,0.251859
750,125.500,A,4,4.057418,56.837790,5.296412,58.429978,0.422348,-0.317340,-79.2595,0.021034,-79.3536,0.020434,5.731523,57.289202,-79.3683,1.220940,1.733898,-0.435111,1.140777,-1.674105,-0.451412
751,125.657,A,4,4.406503,56.258725,5.089149,58.146410,0.442551,-0.351957,-79.1568,0.020278,-79.2348,0.020121,5.646947,57.009475,-79.2487,1.266397,1.449941,-0.557798,1.136935,-1.240444,-0.750750
752,125.855,A,4,4.858283,57.387938,4.962276,57.816210,0.477380,-0.361392,-79.0413,0.019414,-79.1199,0.018728,5.567003,56.722838,-79.1336,1.249462,0.971927,-0.604727,1.093372,-0.708720,0.665100
753,126.041,A,4,3.998903,56.769261,4.921457,57.700580,0.449402,-0.334331,-78.9301,0.019913,-79.0053,0.019989,5.492574,56.426059,-79.0190,1.396631,1.532593,-0.571117,1.274521,-1.493671,0.343202
754,126.210,A,4,3.880773,55.683935,4.760474,57.512799,0.439845,-0.349304,-78.8318,0.019850,-78.8910,0.021383,5.423455,56.118002,-78.9047,1.544345,1.602586,-0.662981,1.394797,-1.542682,-0.434067
755,126.398,A,4,4.257543,55.877295,4.604553,57.191548,0.470388,-0.367948,-78.7223,0.019953,-78.7789,0.020001,5.358654,55.800236,-78.7922,1.582534,1.103804,-0.754101,1.391311,-1.101111,0.077059
756,126.596,A,4,3.990248,55.076480,4.527056,56.943882,0.479604,-0.357887,-78.6117,0.018362,-78.6694,0.019822,5.297173,55.476287,-78.6824,1.657383,1.366711,-0.770117,1.467596,-1.306925,-0.399806
757,126.765,A,4,4.551005,55.118414,4.422508,56.612893,0.510374,-0.361566,-78.5005,0.018446,-78.5612,0.018883,5.238668,55.149883,-78.5742,1.675266,0.688383,-0.816160,1.463010,-0.687663,-0.031469
758,126.931,A,4,4.727579,53.095830,4.417702,56.334626,0.527222,-0.333252,-78.3729,0.019544,-78.4519,0.020163,5.183420,54.823426,-78.4652,1.694123,1.786723,-0.765719,1.511200,-0.455842,-1.727596
759,127.094,A,4,3.635838,53.846381,4.443370,55.794621,0.619555,-0.314191,-78.2181,0.020583,-78.3399,0.020485,5.131888,54.497299,-78.3535,1.468707,1.631521,-0.688518,1.297322,-1.496050,-0.650919
760,127.279,A,4,4.040832,54.004969,4.305528,55.439105,0.637827,-0.335079,-78.1086,0.021203,-78.2247,0.021285,5.075353,54.103612,-78.2154,1.541483,1.039213,-0.769825,1.335492,-1.034521,-0.098644
761,127.428,A,4,3.884140,54.133022,4.247291,55.158246,0.636470,-0.326349,-77.9907,0.021016,-78.1074,0.020630,5.040920,53.836884,-78.1215,1.541377,1.194085,-0.793630,1.321362,-1.156780,0.296138
762,127.595,A,4,3.781445,53.591171,4.175178,54.938686,0.616645,-0.319393,-77.8801,0.020874,-77.9895,0.020651,5.001516,53.495637,-78.0036,1.662896,1.223805,-0.826337,1.443049,-1.220071,0.095533
763,127.747,A,4,4.114102,52.499764,4.098929,54.673006,0.612345,-0.317295,-77.7703,0.020241,-77.8714,0.022160,4.966175,53.144357,-77.8856,1.757522,1.068423,-0.867245,1.528649,-0.852073,-0.644593
764,127.913,A,4,3.851944,51.626265,4.084160,54.284338,0.647641,-0.305037,-77.6378,0.022259,-77.7459,0.024139,4.935113,52.784365,-77.7630,1.724540,1.585701,-0.850952,1.499973,-1.083169,-1.158099
765,128.100,A,4,4.232425,51.345167,4.034503,53.820209,0.698284,-0.309122,-77.4953,0.023397,-77.6064,0.023737,4.908683,52.420083,-77.6230,1.650619,1.269949,-0.874180,1.400126,-0.676259,-1.074916
766,128.277,A,4,3.898448,51.116444,4.048967,53.372083,0.739884,-0.292885,-77.3307,0.023802,-77.4672,0.023091,4.885587,52.053274,-77.4839,1.561791,1.360916,-0.836620,1.318809,-0.987139,-0.936830
767,128.452,A,4,3.714762,50.860745,4.015803,52.965103,0.765896,-0.291824,-77.2137,0.021188,-77.3383,0.020977,4.864852,51.685827,-77.3527,1.535393,1.415439,-0.849050,1.279276,-1.150090,-0.825082
768,128.649,A,4,4.012531,51.817397,3.960024,52.573036,0.780219,-0.295821,-77.0988,0.021816,-77.2189,0.022131,4.845803,51.320947,-77.2333,1.533732,0.969951,-0.885779,1.252089,-0.833272,0.496450
769,128.815,A,4,3.348345,50.096725,3.959042,52.396756,0.753347,-0.277619,-77.0042,0.020621,-77.1002,0.020741,4.828749,50.960157,-77.1146,1.679347,1.713800,-0.869707,1.436599,-1.480404,-0.863432
770,128.978,A,4,4.267147,49.919774,3.859116,51.981311,0.775555,-0.299255,-76.9076,0.020223,-76.9827,0.016798,4.813689,50.599478,-76.9965,1.679486,0.872185,-0.954573,1.381833,-0.546542,-0.679705
771,129.141,A,4,3.086256,49.846478,3.909322,51.598858,0.795136,-0.272039,-76.7829,0.018371,-76.8727,0.018948,4.800600,50.232574,-76.8854,1.631291,1.757284,-0.891278,1.366284,-1.714344,-0.386096
772,129.328,A,4,4.516849,49.023208,3.777261,51.244342,0.771216,-0.292629,-76.6954,0.017127,-76.7776,-0.000503,4.788241,49.778088,-76.7834,1.781006,0.802183,-1.010981,1.466253,-0.271392,-0.754880
773,129.493,A,4,3.560483,50.018215,3.877486,50.834294,0.799614,-0.254005,-77.1111,-0.101758,-77.2488,-0.073661,4.786897,49.474859,-77.1932,1.635571,1.341390,-0.909411,1.359435,-1.226414,0.543356
774,129.640,A,4,3.860171,48.902539,3.824932,50.648323,0.770222,-0.256152,-77.1889,0.017434,-77.1701,0.094976,4.783159,49.097152,-77.2299,1.823275,0.943283,-0.958228,1.551171,-0.922988,-0.194613
775,129.809,A,4,4.275432,47.918441,3.821858,50.297879,0.756976,-0.242014,-76.8440,-0.009935,-76.9732,-0.065348,4.780029,48.723944,-76.9355,1.842652,0.950501,-0.958172,1.573935,-0.504598,-0.805502
776,129.995,A,4,3.502498,48.505114,3.883325,49.866503,0.790885,-0.222359,-77.3676,-0.074297,-77.5017,-0.035779,4.784180,48.367321,-77.4729,1.749024,1.289067,-0.900854,1.499182,-1.281682,0.137793
777,130.181,A,4,3.486884,46.958826,3.823282,49.600742,0.785417,-0.235240,-77.3427,0.021832,-77.4750,-0.047964,4.786351,48.014986,-77.4482,1.855297,1.674541,-0.963069,1.585757,-1.299467,-1.056160
778,130.351,A,4,3.431735,47.288146,3.766139,49.115429,0.805354,-0.248217,-77.9938,-0.104926,-78.0744,-0.070094,4.789745,47.675773,-78.0218,1.766460,1.412249,-1.023606,1.439657,-1.358011,-0.387627
779,130.519,A,4,3.228842,47.373260,3.708612,48.762008,0.803309,-0.256359,-78.3763,-0.090025,-78.4401,-0.113681,4.788041,47.342208,-78.3628,1.783535,1.559509,-1.079429,1.419800,-1.559199,0.031052
780,130.701,A,4,3.042741,47.040717,3.627806,48.474193,0.781279,-0.265606,-78.9616,-0.100837,-78.9987,-0.101700,4.788924,47.015804,-78.9244,1.864161,1.746362,-1.161119,1.458389,-1.746184,0.024912
781,130.884,A,4,4.166153,46.406252,3.529103,48.181668,0.762401,-0.278747,-79.5857,-0.107791,-79.5955,-0.109725,4.794870,46.692471,-79.5205,1.954449,0.690801,-1.265767,1.489197,-0.628717,-0.286219
782,131.059,A,4,4.453305,46.322417,3.610703,47.839554,0.771535,-0.241043,-80.2150,-0.117633,-80.2534,-0.118195,4.805893,46.370587,-80.1711,1.893764,0.355863,-1.195190,1.468967,-0.352588,-0.048170
783,131.240,A,4,4.080420,45.663237,3.725856,47.535905,0.770458,-0.195354,-80.9088,-0.129964,-80.9795,-0.131069,4.819268,46.050831,-80.8883,1.844179,0.834342,-1.093412,1.485074,-0.738848,-0.387594
784,131.427,A,4,4.726925,45.364307,3.771226,47.180194,0.780412,-0.177773,-81.6977,-0.142955,-81.7847,-0.148615,4.831484,45.735388,-81.6838,1.792097,0.385531,-1.060258,1.444806,-0.104559,-0.371081
785,131.604,A,4,3.827509,44.692015,3.907154,46.832187,0.792063,-0.134874,-82.5499,-0.157354,-82.6677,-0.160081,4.841255,45.426785,-82.5579,1.687512,1.252026,-0.934100,1.405401,-1.013746,-0.734771
786,131.772,A,4,3.480646,44.220657,3.891096,46.435518,0.807989,-0.142773,-83.5113,-0.167759,-83.6165,-0.170421,4.850149,45.126885,-83.4996,1.622437,1.642189,-0.959052,1.308633,-1.369502,-0.906228
787,131.938,A,4,3.724410,44.715763,3.823548,46.026318,0.823233,-0.163963,-84.5335,-0.175270,-84.6161,-0.177083,4.861086,44.836311,-84.4939,1.578798,1.143051,-1.037538,1.190007,-1.136676,-0.120549
788,132.110,A,4,4.316257,43.970481,3.799488,45.750566,0.800346,-0.162053,-85.5806,-0.182012,-85.6560,-0.184586,4.876310,44.553561,-85.5291,1.610083,0.808481,-1.076822,1.197005,-0.560053,-0.583080
789,132.272,A,4,3.346428,44.383778,3.865854,45.406879,0.804422,-0.136138,-86.6456,-0.190087,-86.7364,-0.192344,4.895618,44.275260,-86.6043,1.530025,1.552987,-1.029764,1.131619,-1.549191,0.108518
790,132.425,A,4,4.000541,42.999318,3.778554,45.176532,0.768476,-0.152024,-87.8067,-0.199830,-87.8656,-0.201388,4.916782,43.998276,-87.7272,1.638245,1.355512,-1.138227,1.178255,-0.916241,-0.998958
791,132.594,A,4,3.613722,43.898269,3.798361,44.777325,0.790945,-0.140087,-88.9880,-0.209435,-89.0513,-0.212044,4.937435,43.721314,-88.9060,1.553270,1.335489,-1.139074,1.056011,-1.323713,0.176955
792,132.771,A,4,3.463278,42.497827,3.757514,44.570111,0.752458,-0.139089,-90.2482,-0.219142,-90.2923,-0.221401,4.956833,43.445291,-90.1408,1.644259,1.768728,-1.199319,1.124820,-1.493556,-0.947465
793,132.936,A,4,3.536874,42.714387,3.698178,44.189061,0.769602,-0.147622,-91.4758,-0.190293,-91.4747,-0.147368,4.975979,43.172414,-91.3693,1.632895,1.510236,-1.277801,1.016647,-1.439105,-0.458027
794,133.095,A,4,3.832862,42.741723,3.656946,43.895738,0.759709,-0.145880,-92.1790,-0.147410,-92.1842,-0.189188,4.990339,42.908691,-92.0588,1.658975,1.169458,-1.333393,0.987047,-1.157477,-0.166968
795,133.245,A,4,4.237182,41.884671,3.665129,43.651314,0.737875,-0.127524,-93.6922,-0.303834,-93.7359,-0.288066,5.018621,42.652061,-93.5325,1.682393,1.095233,-1.353492,0.999253,-0.781439,-0.767390
796,133.434,A,4,4.301534,42.562523,3.732173,43.317682,0.745835,-0.094056,-94.7732,-0.135721,-94.8238,-0.075413,5.049915,42.359293,-94.8062,1.629403,0.775486,-1.317742,0.958389,-0.748382,0.203230
797,133.589,A,4,3.865649,40.966326,3.801484,43.134105,0.708170,-0.061100,-95.5687,-0.189975,-95.6316,-0.233931,5.067822,42.169807,-95.4758,1.591692,1.701055,-1.266338,0.964298,-1.202173,-1.203481
798,133.753,A,4,4.725218,41.802520,3.796807,42.743893,0.735457,-0.053800,-96.7838,-0.167142,-96.8089,-0.119449,5.091662,41.925600,-96.7216,1.531748,0.386562,-1.294855,0.818292,-0.366444,-0.123081
799,133.928,A,4,4.514336,41.192521,3.921112,42.533516,0.706070,-0.007750,-97.5212,-0.173748,-97.6046,-0.210146,5.108787,41.675182,-97.4620,1.465371,0.765724,-1.187675,0.858334,-0.594451,-0.482661
800,134.104,A,4,4.723501,40.590463,4.000480,42.280210,0.710870,0.020661,-98.2668,-0.134719,-98.4849,-0.147547,5.127047,41.417697,-98.3887,1.418831,0.920416,-1.126567,0.862513,-0.403546,-0.827234
801,134.267,A,4,3.447768,40.896450,4.097834,41.949467,0.702153,0.052881,-99.2479,-0.141590,-99.3292,-0.138768,5.145359,41.157026,-99.2350,1.313496,1.717473,-1.047525,0.792441,-1.697590,-0.260576
802,134.456,A,4,4.168267,40.673326,3.994039,41.725515,0.682461,0.021838,-100.0549,-0.133324,-100.1026,-0.132313,5.167715,40.844335,-100.1627,1.467648,1.013972,-1.173676,0.881179,-0.999448,-0.171009
803,134.610,A,4,3.937812,40.187487,4.009415,41.501024,0.662509,0.030665,-100.8232,-0.127543,-100.8374,-0.125310,5.182351,40.637407,-100.7510,1.456576,1.323370,-1.172936,0.863617,-1.244540,-0.449920
804,134.794,A,4,3.387199,39.080200,3.988728,41.241984,0.657002,0.029657,-101.5323,-0.121566,-101.5400,-0.119852,5.199283,40.380686,-101.4572,1.485691,2.230451,-1.210555,0.861298,-1.812084,-1.300486
805,134.961,A,4,3.729241,39.456474,3.888227,40.860001,0.691617,0.010223,-102.2007,-0.116454,-102.2125,-0.115449,5.214060,40.124482,-102.1334,1.516186,1.628166,-1.325833,0.735518,-1.484819,-0.668009
806,135.128,A,4,4.578111,39.560631,3.850513,40.585875,0.687204,0.009544,-102.8482,-0.110363,-102.8518,-0.108924,5.226713,39.865461,-102.7770,1.553359,0.716663,-1.376200,0.720414,-0.648603,-0.304830
807,135.292,A,4,4.386367,39.494095,3.946782,40.381577,0.675162,0.047172,-103.3104,-0.105259,-103.4532,-0.101498,5.237651,39.600277,-103.3831,1.508898,0.857880,-1.290869,0.781300,-0.851284,-0.106182
808,135.469,A,4,4.203892,39.352327,4.001386,40.187990,0.646289,0.068112,-103.8726,-0.097823,-104.0157,-0.094975,5.247016,39.327419,-103.9501,1.513993,1.043421,-1.245630,0.860571,-1.043124,0.024908
809,135.633,A,4,3.919919,38.552775,4.022743,40.004424,0.619245,0.076575,-104.4061,-0.092273,-104.5452,-0.089703,5.254379,39.047921,-104.4831,1.559431,1.423359,-1.231636,0.956503,-1.334459,-0.495146
810,135.776,A,4,3.526513,37.930630,3.999467,39.731957,0.624322,0.075893,-104.9195,-0.087400,-105.0509,-0.086596,5.259610,38.708041,-105.0906,1.623689,1.899472,-1.260143,1.023917,-1.733097,-0.777411
811,135.918,A,4,3.914356,37.993161,3.920495,39.407402,0.647680,0.062593,-105.4230,-0.084500,-105.5392,-0.084380,5.260752,38.481396,-105.4815,1.629041,1.432186,-1.340256,0.926006,-1.346396,-0.488235
812,136.080,A,4,4.383711,38.828265,3.906432,39.125583,0.634270,0.067374,-105.9906,-0.081629,-106.0103,-0.082408,5.260151,38.199903,-105.9548,1.639950,1.078418,-1.353719,0.925680,-0.876440,0.628363
813,136.240,A,4,3.717724,37.347302,3.966722,39.020793,0.581790,0.084066,-106.4372,-0.078903,-106.4602,-0.077872,5.258397,37.920601,-106.4075,1.696716,1.643881,-1.291675,1.100191,-1.540673,-0.573299
814,136.402,A,4,3.945092,38.013826,3.922790,38.727916,0.612214,0.082929,-106.7887,-0.074415,-106.8512,-0.070933,5.256266,37.641816,-106.8347,1.719817,1.362927,-1.333476,1.086100,-1.311175,0.372010
815,136.561,A,4,3.796271,37.245616,3.914819,38.553661,0.572119,0.081513,-107.2757,-0.069289,-107.2807,-0.066589,5.253312,37.360593,-107.2345,1.793034,1.461570,-1.338492,1.193068,-1.457041,-0.114977
816,136.732,A,4,3.147644,36.669115,3.887775,38.303879,0.574262,0.082247,-107.6534,-0.064615,-107.6540,-0.063893,5.247949,37.074210,-107.6102,1.833619,2.139015,-1.360174,1.229669,-2.100305,-0.405095
817,136.903,A,4,3.973426,36.176392,3.767543,38.005423,0.596790,0.060501,-108.0270,-0.061454,-108.0105,-0.061336,5.238479,36.781482,-107.9684,1.913553,1.402317,-1.470936,1.223941,-1.265053,-0.605089
818,137.064,A,4,4.139621,36.363221,3.785492,37.676277,0.615017,0.083976,-108.3587,-0.059266,-108.3543,-0.057740,5.224255,36.483144,-108.3138,1.869119,1.091244,-1.438764,1.193133,-1.084635,-0.119924
819,137.216,A,4,4.970435,35.944970,3.826975,37.421588,0.607634,0.106178,-108.6733,-0.056420,-108.6840,-0.054055,5.206247,36.181377,-108.6453,1.854863,0.333909,-1.379272,1.240211,-0.235812,-0.236406
820,137.377,A,4,3.078984,35.676261,3.988284,37.142277,0.598266,0.162104,-108.9503,-0.053355,-108.9951,-0.050886,5.186493,35.878792,-108.9589,1.741292,2.117218,-1.198209,1.263484,-2.107509,-0.202532
821,137.538,A,4,3.811038,34.848411,3.848069,36.864343,0.613975,0.126066,-109.2681,-0.049989,-109.2850,-0.047158,5.166809,35.577464,-109.2514,1.842589,1.539361,-1.318740,1.286880,-1.355770,-0.729053
822,137.714,A,4,3.538744,35.670620,3.833993,36.503808,0.640630,0.137795,-109.5380,-0.046867,-109.5549,-0.045565,5.147711,35.278255,-109.5235,1.796618,1.656118,-1.313718,1.225553,-1.608967,0.392365
823,137.876,A,4,4.024922,34.952051,3.781485,36.317039,0.618016,0.122864,-109.8017,-0.044292,-109.8089,-0.044313,5.128171,34.980456,-109.7791,1.897372,1.103614,-1.346686,1.336583,-1.103249,-0.028405
824,138.044,A,4,3.451578,34.549887,3.808512,36.053300,0.612894,0.139307,-110.0358,-0.041824,-110.0511,-0.041400,5.106378,34.681988,-110.0226,1.888108,1.660065,-1.297866,1.371312,-1.654800,-0.132101
825,138.217,A,4,3.503297,34.486183,3.747200,35.768923,0.621963,0.131168,-110.2777,-0.039752,-110.2822,-0.039212,5.081008,34.380319,-110.2551,1.925426,1.581258,-1.333808,1.388604,-1.577710,0.105864
826,138.378,A,4,4.291987,33.954954,3.701561,35.517040,0.619332,0.125934,-110.5010,-0.037165,-110.4982,-0.036802,5.052032,34.073628,-110.4733,1.976667,0.769255,-1.350472,1.443412,-0.760046,-0.118673
827,138.534,A,4,3.910184,33.783106,3.780017,35.223698,0.616999,0.160339,-110.6798,-0.033747,-110.6944,-0.034692,5.020571,33.761694,-110.6720,1.917402,1.110594,-1.240554,1.462004,-1.110387,0.021413
828,138.709,A,4,2.895158,33.154189,3.792682,34.947652,0.616076,0.170807,-110.8552,-0.029952,-110.8692,-0.030460,4.988031,33.446116,-110.8493,1.919237,2.113135,-1.195349,1.501536,-2.092873,-0.291928
829,138.878,A,4,3.878455,33.087578,3.652453,34.618839,0.644593,0.142799,-111.0399,-0.027523,-111.0265,-0.025991,4.955261,33.129700,-111.0083,1.978596,1.077630,-1.302807,1.489139,-1.076806,-0.042121
830,139.042,A,4,2.983089,32.639577,3.676577,34.327334,0.643145,0.160843,-111.1783,-0.025965,-111.1723,-0.023409,4.922302,32.815203,-111.1552,1.959177,1.947150,-1.245726,1.512131,-1.939213,-0.175626
831,139.200,A,4,2.585207,33.073403,3.564727,34.012190,0.661764,0.141528,-111.3332,-0.024179,-111.3108,-0.021972,4.888735,32.504014,-111.2945,2.006885,2.372855,-1.324007,1.508175,-2.303528,0.569389
832,139.397,A,4,3.944544,31.685686,3.407643,33.807978,0.651786,0.101333,-111.4879,-0.022198,-111.4422,-0.021602,4.847150,32.133852,-111.4523,2.207913,1.007746,-1.439507,1.674126,-0.902607,-0.448166
833,139.535,A,4,4.038948,31.721683,3.473846,33.429074,0.669043,0.145948,-111.5778,-0.019705,-111.5625,-0.020519,4.818582,31.887094,-111.5489,2.045977,0.796989,-1.344737,1.541980,-0.779635,-0.165411
834,139.696,A,4,3.575145,31.652827,3.547587,33.108980,0.666830,0.181400,-111.6553,-0.016841,-111.6670,-0.016891,4.781920,31.576071,-111.6554,1.968093,1.209213,-1.234333,1.532909,-1.206774,0.076756
835,139.852,A,4,2.843982,29.950248,3.544126,32.825504,0.662543,0.187573,-111.7356,-0.014235,-111.7536,-0.013651,4.743919,31.260426,-111.7441,1.972048,2.307885,-1.199794,1.565078,-1.899938,-1.310178
836,140.039,A,4,3.012104,31.174384,3.432362,32.330263,0.728494,0.185382,-111.8204,-0.011579,-111.8260,-0.011905,4.703970,30.940090,-111.8179,1.884030,1.708012,-1.271608,1.390173,-1.691867,0.234294
837,140.215,A,4,3.127063,30.630720,3.359928,32.086071,0.712753,0.168366,-111.8939,-0.010734,-111.8907,-0.010708,4.661564,30.616836,-111.8831,1.962883,1.534565,-1.301637,1.469234,-1.534502,0.013884
838,140.379,A,4,2.860680,30.083763,3.314482,31.799146,0.707908,0.165569,-111.9561,-0.010687,-111.9521,-0.011316,4.607707,30.228832,-111.9569,2.034286,1.753040,-1.293225,1.570314,-1.747027,-0.145069
839,140.531,A,4,3.168868,29.903609,3.235838,31.473947,0.717701,0.158240,-112.0227,-0.010624,-112.0107,-0.009910,4.570786,29.971826,-112.0039,2.009590,1.403576,-1.334947,1.502121,-1.401917,-0.068217
840,140.692,A,4,3.028084,28.930551,3.213994,31.169773,0.714396,0.165364,-112.0717,-0.009063,-112.0630,-0.008977,4.524600,29.653014,-112.0572,2.004556,1.661780,-1.310606,1.516759,-1.496515,-0.722463
841,140.868,A,4,3.042620,29.734434,3.177370,30.781054,0.755869,0.181424,-112.1037,-0.008452,-112.1052,-0.008113,4.478971,29.336005,-112.1008,1.944821,1.490587,-1.301601,1.445048,-1.436351,0.398429
842,141.023,A,4,3.604017,29.932169,3.144283,30.539524,0.714163,0.171950,-112.1450,-0.005992,-112.1360,-0.004438,4.433405,29.018906,-112.1329,1.993518,1.233666,-1.289122,1.520619,-0.829387,0.913263
843,141.179,A,4,3.170539,28.435541,3.202454,30.379017,0.663011,0.184077,-112.1533,-0.004455,-112.1588,-0.003755,4.386274,28.699670,-112.1563,2.054662,1.244096,-1.183820,1.679347,-1.215735,-0.264129
844,141.341,A,4,2.413411,27.627671,3.191535,30.037515,0.693311,0.200674,-112.1668,-0.004456,-112.1798,-0.003906,4.335651,28.376853,-112.1772,2.016631,2.063076,-1.144116,1.660663,-1.922240,-0.749182
845,141.515,A,4,3.275908,28.467836,3.066638,29.597917,0.725381,0.185067,-112.2141,-0.004316,-112.2032,-0.003406,4.280503,28.050096,-112.2003,1.967033,1.087988,-1.213865,1.547821,-1.004595,0.417740
846,141.677,A,4,2.841795,28.021831,3.088022,29.357911,0.698481,0.194293,-112.2251,-0.003689,-112.2283,-0.002564,4.221333,27.720202,-112.2253,1.991603,1.412128,-1.133311,1.637709,-1.379538,0.301629
847,141.839,A,4,3.118326,27.674972,3.043085,29.089173,0.690016,0.187466,-112.2470,-0.003728,-112.2506,-0.004243,4.159839,27.388789,-112.2482,2.034317,1.080116,-1.116754,1.700384,-1.041513,0.286183
848,141.997,A,4,3.046619,26.149742,3.045898,28.809806,0.680278,0.195757,-112.2543,-0.001662,-112.2661,-0.002396,4.097814,27.057629,-112.2647,2.043685,1.388982,-1.051915,1.752176,-1.051195,-0.907887
849,142.173,A,4,2.484901,25.938653,3.038672,28.345057,0.723584,0.220781,-112.2551,-0.001464,-112.2751,-0.002288,4.035983,26.727898,-112.2743,1.899956,1.740334,-0.997310,1.617159,-1.551082,-0.789245
850,142.335,A,4,3.358078,26.668652,2.949171,27.913365,0.761486,0.216683,-112.2782,-0.002070,-112.2816,-0.003303,3.973645,26.399745,-112.2807,1.827729,0.671739,-1.024474,1.513620,-0.615567,0.268906
851,142.490,A,4,2.693313,25.671309,3.001847,27.651776,0.732407,0.233118,-112.2736,-0.002409,-112.2908,-0.002117,3.909231,26.072239,-112.2894,1.821615,1.280313,-0.907384,1.579537,-1.215918,-0.400930
852,142.659,A,4,2.246329,25.990146,2.949770,27.282478,0.748004,0.230926,-112.2960,-0.003519,-112.3053,-0.002972,3.841312,25.743569,-112.3033,1.778508,1.613931,-0.891542,1.538910,-1.594983,0.246577
853,142.828,A,4,3.452973,25.825389,2.837827,27.014637,0.740543,0.201484,-112.3341,-0.003061,-112.3216,-0.002048,3.769463,25.411707,-112.3198,1.854003,0.520863,-0.931636,1.602929,-0.316490,0.413682
854,142.995,A,4,2.326096,24.609570,2.920715,26.763796,0.707738,0.226945,-112.3171,-0.001525,-112.3329,-0.000847,3.694399,25.075428,-112.3320,1.857195,1.445434,-0.773684,1.688368,-1.368304,-0.465858
855,143.151,A,4,1.384858,24.302300,2.826147,26.370897,0.737530,0.216714,-112.3326,0.000517,-112.3335,-0.000186,3.617369,24.735047,-112.3340,1.817152,2.274066,-0.791223,1.635850,-2.232511,-0.432747
856,143.319,A,4,2.799122,23.792191,2.602938,25.988614,0.775032,0.171577,-112.3682,0.001296,-112.3236,0.001799,3.539369,24.392399,-112.3252,1.850622,0.953003,-0.936430,1.596215,-0.740247,-0.600208
857,143.502,A,4,2.151787,23.920785,2.619250,25.585343,0.786922,0.199667,-112.3349,0.002413,-112.3080,0.002872,3.460685,24.049967,-112.3100,1.750826,1.315257,-0.841435,1.535376,-1.308898,-0.129183
858,143.665,A,4,2.395283,22.788951,2.538383,25.259434,0.787004,0.189184,-112.3277,0.002506,-112.2915,0.002735,3.381082,23.709603,-112.2934,1.764119,1.348852,-0.842700,1.549830,-0.985799,-0.920653
859,143.813,A,4,1.881080,22.586358,2.505163,24.813600,0.814542,0.206379,-112.3009,0.003481,-112.2754,0.003603,3.300355,23.371690,-112.2774,1.646644,1.622063,-0.795192,1.441910,-1.419275,-0.785333
860,143.973,A,4,1.660689,23.099406,2.400553,24.401099,0.837525,0.198293,-112.2900,0.003787,-112.2561,0.002877,3.218669,23.035045,-112.2587,1.592299,1.559309,-0.818116,1.366054,-1.557980,0.064360
861,144.147,A,4,1.816142,23.110267,2.210301,23.978235,0.876773,0.168809,-112.2927,0.005328,-112.2272,0.005951,3.136405,22.697470,-112.2314,1.580515,1.383291,-0.926104,1.280765,-1.320262,0.412797
862,144.330,A,4,1.477440,21.830050,2.193407,23.894129,0.792537,0.152577,-112.2474,0.007362,-112.1837,0.007367,3.053734,22.356865,-112.1898,1.761631,1.661997,-0.860327,1.537264,-1.576294,-0.526814
863,144.484,A,4,2.067027,20.910671,2.071195,23.509886,0.812521,0.143201,-112.2085,0.008797,-112.1251,0.010024,2.970434,22.012374,-112.1329,1.746761,1.424743,-0.899239,1.497512,-0.903407,-1.101703
864,144.648,A,4,1.249012,20.657316,2.054025,23.044167,0.840547,0.172628,-112.1268,0.009211,-112.0550,0.010084,2.886158,21.664819,-112.0639,1.610914,1.922318,-0.832133,1.379347,-1.637146,-1.007503
865,144.816,A,4,1.163457,21.588333,1.918760,22.606683,0.870574,0.163042,-112.0703,0.011273,-111.9779,0.010942,2.800895,21.316237,-111.9874,1.563142,1.659891,-0.882135,1.290446,-1.637438,0.272096
866,144.973,A,4,1.080719,21.197160,1.788998,22.371218,0.841062,0.133559,-112.0142,0.012617,-111.8960,0.011310,2.715259,20.968787,-111.9060,1.680706,1.650417,-0.926261,1.402431,-1.634540,0.228372
867,145.147,A,4,1.664812,20.245700,1.664828,22.116165,0.819954,0.111384,-111.9370,0.015317,-111.8084,0.015778,2.630337,20.623738,-111.8193,1.777511,1.036894,-0.965509,1.492427,-0.965524,-0.378038
868,145.316,A,4,0.617228,19.889947,1.645605,21.759722,0.817526,0.131733,-111.8114,0.017623,-111.7128,0.018058,2.547124,20.281108,-111.7248,1.731773,1.969138,-0.901519,1.478615,-1.929896,-0.391161
869,145.501,A,4,1.081631,19.549607,1.474587,21.402870,0.832384,0.108150,-111.7131,0.019596,-111.6071,0.021120,2.465879,19.939856,-111.6204,1.767221,1.438207,-0.991292,1.463014,-1.384248,-0.390249
870,145.674,A,4,1.150494,19.225272,1.396168,21.047934,0.834613,0.112379,-111.5780,0.021664,-111.4915,0.020821,2.385815,19.598351,-111.5058,1.755190,1.290429,-0.989647,1.449583,-1.235322,-0.373079
871,145.824,A,4,1.051166,18.506801,1.340275,20.697168,0.832962,0.121617,-111.4356,0.022002,-111.3683,0.022261,2.289300,19.186111,-111.3582,1.784360,1.412247,-0.949026,1.511056,-1.238135,-0.679310
872,145.985,A,4,0.976441,18.659966,1.282737,20.308369,0.864530,0.136885,-111.3142,0.023305,-111.2405,0.022092,2.223818,18.909235,-111.2560,1.686182,1.272039,-0.941081,1.399134,-1.247377,-0.249269
873,146.157,A,4,1.819306,19.246205,1.220167,19.984398,0.855112,0.138493,-111.1736,0.023174,-111.1096,0.022001,2.123853,18.491304,-111.0990,1.745274,0.814018,-0.903686,1.493095,-0.304548,0.754901
874,146.323,A,4,1.048969,18.351690,1.289992,19.779993,0.777132,0.158995,-110.9839,0.023209,-110.9752,0.022587,2.056758,18.211815,-110.9915,1.745598,1.017450,-0.766766,1.568178,-1.007789,0.139875
875,146.481,A,4,0.081104,16.852045,1.244295,19.507355,0.780388,0.160253,-110.8719,0.024032,-110.8361,0.023966,1.973482,17.862784,-110.8531,1.798980,2.145388,-0.729187,1.644571,-1.892378,-1.010739
876,146.635,A,4,0.232229,17.120270,1.056536,19.023601,0.818095,0.137162,-110.7191,0.025724,-110.6923,0.027808,1.891849,17.516082,-110.7098,1.723474,1.706167,-0.835312,1.507520,-1.659620,-0.395811
877,146.808,A,4,0.687788,17.054677,0.917388,18.657947,0.830734,0.120859,-110.5703,0.026581,-110.5430,0.027045,1.814572,17.180530,-110.5612,1.728497,1.133790,-0.897184,1.477418,-1.126784,-0.125853
878,146.973,A,4,0.267061,16.473325,0.866833,18.342740,0.820723,0.125572,-110.4187,0.026029,-110.3884,0.027012,1.740862,16.856274,-110.4072,1.724387,1.522741,-0.874030,1.486467,-1.473801,-0.382949
879,147.126,A,4,0.388551,15.490561,0.761268,17.985497,0.828068,0.118665,-110.2717,0.026094,-110.2287,0.027340,1.668605,16.539473,-110.2481,1.707115,1.654918,-0.907337,1.446023,-1.280054,-1.048912
880,147.294,A,4,-0.765188,15.523043,0.689093,17.534467,0.856819,0.131430,-110.1072,0.026853,-110.0649,0.026590,1.596011,16.226151,-110.0848,1.591915,2.463661,-0.906919,1.308317,-2.361200,-0.703107
881,147.462,A,4,-0.746184,15.970217,0.455542,17.152496,0.880040,0.090751,-109.9797,0.028661,-109.8976,0.029617,1.522253,15.913846,-109.9179,1.634664,2.269137,-1.066711,1.238650,-2.268437,0.056371
882,147.635,A,4,0.406976,15.684468,0.255385,16.893394,0.862930,0.051138,-109.8316,0.031089,-109.7276,0.032234,1.447564,15.602587,-109.7481,1.757121,1.043804,-1.192179,1.290808,-1.040588,0.081881
883,147.793,A,4,-0.095383,15.646748,0.254888,16.633228,0.827446,0.071219,-109.6220,0.032191,-109.5560,0.032685,1.372898,15.294765,-109.5766,1.743970,1.509882,-1.118010,1.338463,-1.468281,0.351983
884,147.953,A,4,-0.011781,14.316067,0.182530,16.408742,0.794029,0.065176,-109.4370,0.031528,-109.3840,0.030836,1.299451,14.994099,-109.4047,1.802423,1.476163,-1.116921,1.414643,-1.311232,-0.678032
885,148.133,A,4,0.429936,14.193230,0.134415,16.022194,0.807088,0.082989,-109.2430,0.029960,-109.2123,0.029076,1.228141,14.703858,-109.2329,1.712964,0.947561,-1.093726,1.318335,-0.798205,-0.510628
886,148.298,A,4,-0.427728,14.482334,0.075770,15.501079,0.864952,0.108062,-109.0631,0.026940,-109.0405,0.026282,1.159175,14.425178,-109.0611,1.526869,1.587933,-1.083405,1.075901,-1.586904,0.057157
887,148.469,A,4,0.303440,13.566751,0.058544,15.419119,0.781850,0.097671,-108.9098,0.025989,-108.8690,0.024991,1.091946,14.156651,-108.8895,1.631487,0.984745,-1.033403,1.262469,-0.788506,-0.589900
888,148.633,A,4,-0.664475,13.551515,0.080095,15.068431,0.779756,0.126187,-108.7340,0.025030,-108.6985,0.026792,1.025225,13.895039,-108.7189,1.506692,1.724266,-0.945130,1.173393,-1.689700,-0.343524
889,148.805,A,4,-0.691249,13.244319,-0.043541,14.766990,0.778819,0.105808,-108.5904,0.026983,-108.5306,0.028176,0.957639,13.636516,-108.5506,1.510077,1.694889,-1.001180,1.130475,-1.648887,-0.392197
890,148.979,A,4,-0.657331,13.411693,-0.154306,14.465431,0.776757,0.091277,-108.4294,0.029589,-108.3657,0.031370,0.888333,13.378304,-108.3854,1.506300,1.546026,-1.042639,1.087127,-1.545665,0.033389
891,149.138,A,4,-0.294081,13.743406,-0.244546,14.234476,0.753284,0.077070,-108.2542,0.031887,-108.2033,0.032604,0.817358,13.119897,-108.2227,1.539456,1.274387,-1.061905,1.114578,-1.111440,0.623508
892,149.315,A,4,-0.140206,13.313950,-0.267422,14.090011,0.702052,0.074740,-108.0620,0.032266,-108.0418,0.032852,0.745580,12.863179,-108.0612,1.591003,0.993887,-1.013001,1.226833,-0.885786,0.450772
893,149.489,A,4,-0.600780,11.899712,-0.262275,13.907763,0.665064,0.084042,-107.8680,0.031112,-107.8805,0.031853,0.674352,12.611644,-107.8998,1.599123,1.460413,-0.936627,1.296120,-1.275131,-0.711931
894,149.667,A,4,-0.093806,11.554944,-0.324469,13.544544,0.689683,0.090610,-107.6908,0.029951,-107.7190,0.029447,0.604949,12.368733,-107.7384,1.498783,1.072618,-0.929418,1.175811,-0.698755,-0.813789
895,149.828,A,4,-0.891619,11.447124,-0.301467,13.181685,0.703127,0.119747,-107.5089,0.028087,-107.5585,0.028337,0.537960,12.136052,-107.5777,1.340890,1.586921,-0.839427,1.045633,-1.429579,-0.688928
896,149.992,A,4,-0.462883,11.870732,-0.398783,12.854757,0.716299,0.108019,-107.3654,0.026739,-107.4005,0.027494,0.473104,11.912863,-107.4193,1.283492,0.936935,-0.871887,0.941894,-0.935987,-0.042131
897,150.173,A,4,-0.943922,11.773050,-0.418831,12.638909,0.689499,0.108688,-107.2132,0.026124,-107.2461,0.026907,0.409502,11.696536,-107.2644,1.254672,1.355586,-0.828333,0.942373,-1.353424,0.076514
898,150.346,A,4,-0.345620,11.621390,-0.483442,12.324343,0.702361,0.108181,-107.0690,0.025855,-107.0941,0.026190,0.346202,11.483458,-107.1123,1.181270,0.705438,-0.829644,0.840885,-0.691822,0.137932
899,150.514,A,4,-1.011298,10.716253,-0.493250,12.256774,0.634879,0.097790,-106.9210,0.026130,-106.9412,0.027799,0.282741,11.270628,-106.9598,1.254849,1.407789,-0.775991,0.986145,-1.294039,-0.554376
900,150.670,A,4,-1.237432,11.029324,-0.579240,11.965558,0.645490,0.087620,-106.7734,0.027187,-106.7838,0.028689,0.219400,11.057122,-106.8030,1.209579,1.457097,-0.798640,0.908436,-1.456832,-0.027798
901,150.846,A,4,-0.450879,10.578774,-0.687328,11.763851,0.631617,0.064210,-106.6328,0.026745,-106.6202,0.027894,0.157052,10.844456,-106.6402,1.248304,0.663451,-0.844380,0.919394,-0.607931,-0.265683
902,151.029,A,4,-0.800353,9.899747,-0.663218,11.526928,0.617531,0.083787,-106.4586,0.027423,-106.4526,0.027584,0.084995,10.595057,-106.4392,1.195076,1.125743,-0.748213,0.931871,-0.885348,-0.695310
903,151.192,A,4,-0.628316,10.166889,-0.692550,11.224703,0.628395,0.091513,-106.2937,0.027808,-106.2852,0.027972,0.028030,10.395909,-106.2720,1.098241,0.695155,-0.720580,0.828793,-0.656347,-0.229020
904,151.362,A,4,-1.664481,9.597995,-0.691242,11.006327,0.611667,0.099300,-106.1231,0.028725,-106.1217,0.027054,-0.025960,10.206190,-106.1089,1.040585,1.747756,-0.665281,0.800137,-1.638521,-0.608195
905,151.524,A,4,-0.036188,10.215707,-0.844555,10.731808,0.624848,0.067107,-105.9677,0.028145,-105.9633,0.029326,-0.077117,10.025038,-105.9508,1.043305,0.195013,-0.767439,0.706770,0.040928,0.190670
906,151.679,A,4,-1.453985,9.508781,-0.733000,10.597693,0.576268,0.101809,-105.7788,0.029662,-105.8081,0.029744,-0.116212,9.884508,-105.8267,0.942900,1.389536,-0.616788,0.713184,-1.337774,-0.375727
907,151.849,A,4,-0.770059,9.490285,-0.846063,10.381377,0.576218,0.075472,-105.6327,0.029833,-105.6520,0.029379,-0.163240,9.711324,-105.6709,0.956670,0.645823,-0.682823,0.670053,-0.606818,-0.221039
