sample,timestamp_s,lintasan,run_ke,gps_x,gps_y,ekf_x,ekf_y,ekf_vx,ekf_vy,ekf2_x,ekf2_y,ekf_yaw_deg,ekf_yaw_rate,imu_yaw_deg,imu_yaw_rate_rads,gt_x,gt_y,gt_yaw_deg,error_ekf_m,error_ekf2_m,error_gps_m,error_ekf_x,error_ekf_y,error_gps_x,error_gps_y
1,0.000,B,3,-0.466718,-25.559207,-0.811548,-25.180453,-0.749871,-25.134859,-0.029585,-0.782827,-1.4453,-0.048381,-2.5485,-0.173176,-0.716252,-25.311024,-1.8455,0.161648,0.179344,0.351941,-0.095295,0.130571,0.249535,-0.248183
2,0.005,B,3,-0.944681,-26.485928,-0.811548,-25.180453,-0.750756,-25.136360,-0.031123,-0.707461,-1.9548,-0.048379,-2.5485,-0.173176,-0.712819,-25.305050,-2.1219,0.158971,0.172902,1.203425,-0.098729,0.124597,-0.231862,-1.180878
3,0.013,B,3,-0.324397,-25.488245,-0.751427,-25.761029,-0.787011,-25.383689,0.167724,-1.100728,-2.3023,-0.084794,-2.6294,-0.173059,-0.708392,-25.300184,-2.5485,0.462851,0.114691,0.427574,-0.043034,-0.460846,0.383995,-0.188061
4,0.179,B,3,-0.104147,-25.522967,-0.591467,-25.753039,-0.704399,-25.409604,0.437442,-0.714614,-3.0551,-0.078855,-3.1417,-0.060953,-0.703593,-25.295083,-3.1156,0.471483,0.114524,0.641301,0.112126,-0.457956,0.599446,-0.227884
5,0.358,B,3,-0.721603,-25.298171,-0.521241,-25.687520,-0.617239,-25.412326,0.230309,-0.249366,-3.4781,-0.116570,-3.8429,-0.090781,-0.699285,-25.287456,-3.8000,0.437894,0.149412,0.024757,0.178043,-0.400064,-0.022318,-0.010715
6,0.523,B,3,-0.493233,-25.666736,-0.527361,-25.645128,-0.615110,-25.418248,0.221388,-0.235381,-4.0504,-0.120182,-4.5309,-0.130529,-0.694590,-25.277047,-4.4711,0.404288,0.162033,0.438636,0.167228,-0.368081,0.201356,-0.389689
7,0.699,B,3,-0.532790,-23.968002,-0.527361,-25.645128,-0.591091,-25.468939,0.197396,-0.215291,-4.8119,-0.131570,-5.3104,-0.141518,-0.689950,-25.263474,-5.2454,0.414843,0.228011,1.304970,0.162589,-0.381654,0.157160,1.295471
8,0.870,B,3,-0.907541,-25.128953,-0.510795,-25.364882,-0.578072,-25.201344,0.088580,1.040089,-5.5485,-0.139865,-6.0081,-0.057120,-0.683000,-25.249494,-5.9804,0.207290,0.115449,0.254850,0.172205,-0.115389,-0.224541,0.120541
9,1.036,B,3,-1.455660,-25.000936,-0.561931,-25.045946,-0.635686,-25.187246,-0.125258,0.872773,-5.8458,-0.111559,-6.4255,-0.150140,-0.670186,-25.240323,-6.3581,0.222489,0.063304,0.821143,0.108255,0.194377,-0.785474,0.239387
10,1.198,B,3,-0.953137,-25.069190,-0.742964,-24.990630,-0.784225,-25.151984,-0.551306,0.702659,-6.2612,-0.095882,-7.6788,-0.203901,-0.644702,-25.230416,-7.5832,0.259138,0.160056,0.348032,-0.098261,0.239786,-0.308435,0.161226
11,1.362,B,3,-0.824564,-24.349199,-0.898294,-24.955297,-0.817548,-25.134842,-0.494694,0.496898,-7.3604,-0.190932,-8.2954,-0.031042,-0.613475,-25.226620,-8.2828,0.393368,0.223761,0.902455,-0.284820,0.271323,-0.211089,0.877421
12,1.540,B,3,-0.732029,-25.387372,-0.925288,-24.826222,-0.821579,-24.989450,-0.365847,0.810642,-8.7119,-0.140517,-9.0122,-0.209324,-0.575840,-25.221214,-8.9179,0.527382,0.337790,0.228043,-0.349448,0.394992,-0.156189,-0.166158
13,1.705,B,3,-0.332717,-25.752401,-0.903758,-24.794924,-0.807821,-25.056666,-0.153309,0.204260,-9.0979,-0.157689,-9.8323,-0.051748,-0.531512,-25.211407,-9.8070,0.558593,0.316689,0.576363,-0.372247,0.416483,0.198795,-0.540994
14,1.870,B,3,-1.060714,-25.668962,-0.767862,-25.285087,-0.723371,-25.180420,0.087893,-0.776665,-10.0945,-0.122286,-10.4577,-0.167666,-0.483319,-25.203359,-10.3809,0.296047,0.241145,0.741735,-0.284542,-0.081728,-0.577394,-0.465603
15,2.035,B,3,-1.011130,-25.015488,-0.845267,-25.344255,-0.825097,-25.224380,-0.090763,-0.373708,-11.0008,-0.114546,-11.0836,-0.120808,-0.429745,-25.196905,-11.0282,0.440875,0.396305,0.609033,-0.415522,-0.147350,-0.581385,0.181417
16,2.203,B,3,-0.601273,-26.095917,-0.840676,-25.454765,-0.827560,-25.225213,0.177359,-0.898243,-11.4616,-0.109182,-11.7415,-0.106552,-0.369560,-25.194256,-11.6934,0.538345,0.459045,0.930958,-0.471116,-0.260509,-0.231713,-0.901661
17,2.369,B,3,0.420013,-26.007548,-0.840676,-25.454765,-0.788546,-25.383720,0.151237,-0.813680,-12.0146,-0.111071,-12.3738,-0.106116,-0.301168,-25.195574,-12.3247,0.598539,0.522433,1.086004,-0.539508,-0.259191,0.721181,-0.811974
18,2.534,B,3,-0.011871,-25.031697,-0.618981,-25.708267,-0.576533,-25.498721,0.774670,-0.868272,-12.4998,-0.107151,-12.9677,-0.099979,-0.222999,-25.198569,-12.9217,0.645440,0.463764,0.269112,-0.395981,-0.509698,0.211128,0.166872
19,2.693,B,3,-0.481982,-24.980635,-0.351029,-25.703721,-0.468770,-25.420945,0.809219,-0.135220,-12.7505,-0.104243,-13.5182,-0.092688,-0.134735,-25.201232,-13.4758,0.547063,0.399816,0.411393,-0.216295,-0.502489,-0.347248,0.220597
20,2.850,B,3,0.296980,-23.909177,-0.275328,-25.497815,-0.466697,-25.344100,0.470122,0.336825,-13.2388,-0.098578,-14.0276,-0.086376,-0.037674,-25.203381,-13.9881,0.378380,0.451512,1.336772,-0.237655,-0.294434,0.334654,1.294204
21,3.037,B,3,0.108990,-25.214562,-0.177729,-25.121100,-0.325688,-25.091712,0.447851,1.495188,-13.9119,-0.090057,-14.5101,-0.083015,0.065750,-25.206580,-14.4721,0.258048,0.407944,0.043971,-0.243479,0.085480,0.043240,-0.007982
22,3.190,B,3,-0.193080,-25.628889,-0.018557,-24.871526,-0.236010,-25.110198,0.561516,0.987047,-14.3709,-0.085890,-14.9798,-0.081757,0.173192,-25.212694,-14.9425,0.391361,0.421843,0.554412,-0.191749,0.341168,-0.366272,-0.416195
23,3.367,B,3,0.032974,-25.688562,0.029060,-25.003754,-0.221425,-25.203177,0.469990,0.205223,-15.1927,-0.081257,-15.4407,-0.077558,0.283708,-25.222277,-15.4043,0.335556,0.505494,0.529424,-0.254648,0.218523,-0.250734,-0.466285
24,3.525,B,3,0.581590,-24.911443,0.043979,-25.212348,-0.165410,-25.292141,0.554152,-0.257443,-15.3761,-0.079707,-15.8844,-0.074957,0.398186,-25.234134,-15.8498,0.354876,0.566573,0.371169,-0.354207,0.021786,0.183404,0.322691
25,3.685,B,3,1.071210,-25.478529,0.156104,-25.255276,-0.020428,-25.224819,0.657027,0.155018,-15.7383,-0.076907,-16.2972,-0.071445,0.518627,-25.246394,-16.2655,0.362631,0.539487,0.599362,-0.362522,-0.008882,0.552583,-0.232135
26,3.845,B,3,0.870184,-25.266370,0.625059,-25.301623,0.186601,-25.271601,1.052537,0.098937,-16.6147,-0.064715,-16.6716,-0.059521,0.646933,-25.258163,-16.6430,0.048654,0.460527,0.223402,-0.021873,-0.043460,0.223251,-0.008207
27,3.996,B,3,1.529874,-24.612531,0.625059,-25.301623,0.325991,-25.273198,0.951949,0.083486,-16.9033,-0.060364,-17.0128,-0.058137,0.783874,-25.270428,-16.9864,0.161849,0.457891,0.994658,-0.158814,-0.031194,0.746000,0.657897
28,4.144,B,3,0.180207,-25.539499,0.868380,-25.186885,0.562642,-25.153596,1.081961,0.667901,-17.1723,-0.058215,-17.3349,-0.054901,0.928730,-25.285330,-17.3095,0.115471,0.389068,0.790499,-0.060350,0.098444,-0.748523,-0.254170
29,4.312,B,3,1.159607,-25.834963,0.943216,-25.142004,0.511583,-25.223567,0.674937,0.133359,-17.1723,-0.058220,-17.6493,-0.055108,1.079742,-25.304398,-17.6243,0.212159,0.573879,0.536542,-0.136526,0.162395,0.079865,-0.530565
30,4.468,B,3,0.985828,-24.683232,0.928336,-25.327602,0.642189,-25.335815,0.871185,-0.305905,-17.5819,-0.055442,-17.9566,-0.052870,1.235030,-25.327260,-17.9324,0.306694,0.592903,0.690560,-0.306694,-0.000342,-0.249202,0.644028
31,4.620,B,3,1.749552,-26.018802,1.019263,-25.322582,0.724750,-25.220809,0.554637,0.314184,-17.8301,-0.054925,-18.2483,-0.050240,1.393461,-25.351835,-18.2258,0.375341,0.681427,0.756072,-0.374199,0.029253,0.356091,-0.666966
32,4.777,B,3,1.154137,-25.130229,1.169928,-25.346543,0.928418,-25.367408,0.932596,-0.216136,-18.3338,-0.050089,-18.5154,-0.044471,1.554944,-25.375920,-18.4950,0.386135,0.626584,0.470117,-0.385016,0.029377,-0.400807,0.245691
33,4.944,B,3,2.052839,-25.317927,1.306526,-25.441217,0.988803,-25.328334,0.659107,0.046926,-18.5962,-0.045853,-18.7556,-0.040046,1.720070,-25.398844,-18.7372,0.415710,0.734659,0.342466,-0.413544,-0.042373,0.332769,0.080917
34,5.105,B,3,2.050728,-26.096596,1.449528,-25.386092,1.201171,-25.329489,0.967669,0.226775,-18.6943,-0.042807,-18.9754,-0.037889,1.889606,-25.421965,-18.9583,0.441537,0.694618,0.693605,-0.440077,0.035873,0.161122,-0.674631
35,5.262,B,3,1.517444,-25.006745,1.688093,-25.509961,1.376928,-25.472300,1.242694,-0.264511,-18.8761,-0.040711,-19.1857,-0.036025,2.064226,-25.447731,-19.1690,0.381246,0.687737,0.702452,-0.376133,-0.062230,-0.546782,0.440986
36,5.414,B,3,2.907709,-24.731709,1.786735,-25.548299,1.424952,-25.393343,0.752226,0.211131,-19.0615,-0.039374,-19.3933,-0.035631,2.244435,-25.477903,-19.3768,0.463083,0.823834,0.998367,-0.457701,-0.070396,0.663274,0.746194
37,5.581,B,3,2.322382,-25.404623,1.977252,-25.327162,1.716169,-25.276405,0.935700,0.820201,-19.4516,-0.036513,-19.5960,-0.035740,2.430414,-25.512267,-19.5801,0.489510,0.752181,0.152506,-0.453162,0.185105,-0.108031,0.107644
38,5.752,B,3,2.475360,-25.379627,2.238676,-25.220359,1.851703,-25.300508,0.937610,0.584074,-19.6477,-0.035615,-19.7860,-0.033839,2.621782,-25.548872,-19.7714,0.504669,0.809139,0.223793,-0.383106,0.328513,-0.146422,0.169245
39,5.903,B,3,2.518965,-26.180142,2.369405,-25.258114,1.990508,-25.316273,0.991542,0.461433,-19.7274,-0.034686,-19.9575,-0.029038,2.817523,-25.585523,-19.9444,0.554983,0.869741,0.665364,-0.448118,0.327409,-0.298559,-0.594620
40,6.053,B,3,2.659040,-25.054292,2.484253,-25.434031,2.112014,-25.475389,1.127882,-0.266107,-19.8816,-0.031444,-20.1120,-0.026804,3.016250,-25.621381,-20.1001,0.564022,0.915946,0.670216,-0.531997,0.187350,-0.357210,0.567090
41,6.213,B,3,2.751335,-26.390119,2.585042,-25.516290,2.236704,-25.403860,0.875623,0.206070,-20.1024,-0.028354,-20.2569,-0.023579,3.216745,-25.657440,-20.2454,0.647281,1.012316,0.868001,-0.631704,0.141150,-0.465411,-0.732679
42,6.386,B,3,3.245359,-25.582350,2.683811,-25.613088,2.355301,-25.586691,0.955982,-0.459389,-20.3239,-0.026158,-20.4003,-0.024749,3.418478,-25.695569,-20.3887,0.739282,1.068737,0.206854,-0.734667,0.082481,-0.173119,0.113219
43,6.542,B,3,3.907650,-25.699678,2.836384,-25.776173,2.542032,-25.592917,1.013914,-0.157778,-20.4454,-0.025732,-20.5454,-0.023267,3.621933,-25.737071,-20.5338,0.786522,1.089479,0.288154,-0.785549,-0.039102,0.285718,0.037393
44,6.713,B,3,4.624019,-26.326789,3.543595,-25.887183,2.816718,-25.618868,2.014806,-0.071944,-20.6414,-0.025064,-20.6888,-0.023171,3.828543,-25.781803,-20.6776,0.303811,1.024861,0.964257,-0.284949,-0.105381,0.795476,-0.544986
45,6.868,B,3,3.922937,-26.103190,3.871690,-26.041470,3.175006,-25.754407,1.806434,-0.099424,-20.7641,-0.023774,-20.8232,-0.022651,4.039968,-25.828470,-20.8129,0.271453,0.868127,0.298609,-0.168278,-0.213001,-0.117031,-0.274720
46,7.031,B,3,4.102796,-26.601208,4.032214,-26.199700,3.479571,-25.964497,1.751254,-0.423054,-20.8908,-0.020989,-20.9439,-0.019862,4.257022,-25.875794,-20.9348,0.394276,0.782495,0.741627,-0.224808,-0.323905,-0.154226,-0.725414
47,7.191,B,3,4.009399,-25.641531,4.032214,-26.199700,3.516478,-25.977735,1.582223,-0.385619,-20.9914,-0.019514,-21.0528,-0.016745,4.479064,-25.923528,-21.0444,0.525305,0.964111,0.547821,-0.446850,-0.276171,-0.469665,0.281998
48,7.346,B,3,5.084321,-25.179230,4.144453,-26.225961,3.639669,-25.928515,1.147527,0.122896,-21.0693,-0.017001,-21.1568,-0.017465,4.704260,-25.972567,-21.1485,0.614485,1.065502,0.879676,-0.559807,-0.253394,0.380061,0.793337
49,7.529,B,3,4.371685,-25.468615,4.355819,-25.975469,3.935172,-25.801588,1.245137,0.997270,-21.1160,-0.016534,-21.2626,-0.019886,4.930608,-26.024092,-21.2540,0.576841,1.020001,0.788003,-0.574788,0.048623,-0.558923,0.555477
50,7.707,B,3,4.728345,-25.671674,4.559523,-25.737375,4.049868,-25.746589,0.887724,1.059875,-21.1921,-0.017083,-21.3719,-0.019343,5.157004,-26.078463,-21.3631,0.687986,1.155807,0.590953,-0.597481,0.341088,-0.428659,0.406788
51,7.897,B,3,3.858836,-25.759933,4.619290,-25.631405,4.207120,-25.736794,0.330802,0.494217,-21.4107,-0.018973,-21.4810,-0.019576,5.383670,-26.134843,-21.4724,0.915274,1.242060,1.570247,-0.764380,0.503438,-1.524834,0.374911
52,8.049,B,3,4.179792,-26.271105,4.619290,-25.631405,4.176842,-25.744236,0.299848,0.446180,-21.5510,-0.015554,-21.5722,0.009163,5.611852,-26.191884,-21.5742,1.139876,1.503211,1.434250,-0.992562,0.560479,-1.432061,-0.079221
53,8.264,B,3,5.241549,-26.260513,4.492083,-25.741750,4.206994,-25.843406,0.268830,-0.107453,-21.4016,0.063789,-21.0645,0.073051,5.832102,-26.250107,-21.0998,1.433205,1.675226,0.590645,-1.340019,0.508357,-0.590553,-0.010406
54,8.460,B,3,6.541806,-26.041097,4.583813,-25.926606,4.414548,-25.922719,0.764139,-0.245563,-21.4016,0.063790,-21.1326,-0.090253,6.053983,-26.304430,-21.0924,1.517943,1.683286,0.554360,-1.470170,0.377823,0.487822,0.263332
55,8.616,B,3,5.660891,-26.278014,5.007036,-26.029483,4.818732,-25.949863,1.574599,0.135846,-21.0602,-0.026174,-21.2131,0.086184,6.275753,-26.358447,-21.2510,1.310672,1.513225,0.620101,-1.268717,0.328964,-0.614862,0.080433
56,8.776,B,3,6.452819,-26.477218,5.407388,-26.104537,5.014090,-26.017289,1.582680,0.026646,-21.2148,0.014768,-20.6053,0.043723,6.486891,-26.417524,-20.6267,1.123961,1.526214,0.068733,-1.079503,0.312987,-0.034072,-0.059694
57,8.938,B,3,6.603589,-27.849178,5.707096,-26.233505,5.310366,-26.107781,1.724134,0.000718,-20.5501,0.042971,-20.5253,0.076236,6.704918,-26.477673,-20.5583,1.027262,1.442773,1.375244,-0.997822,0.244167,-0.101329,-1.371506
58,9.104,B,3,7.730302,-26.284646,6.518285,-26.841137,5.585250,-26.434343,2.628355,-0.042149,-20.1859,0.089700,-19.8692,0.070103,6.913346,-26.541469,-19.9023,0.495857,1.332409,0.856374,-0.395061,-0.299669,0.816957,0.256823
59,9.262,B,3,6.603189,-26.147637,6.861356,-26.699894,6.014563,-26.419773,1.955327,0.432996,-19.6292,0.087895,-19.4049,0.106536,7.121677,-26.604037,-19.4533,0.277409,1.122344,0.690747,-0.260321,-0.095856,-0.518488,0.456400
60,9.421,B,3,7.055276,-27.133057,7.001196,-26.713957,6.166002,-26.381046,1.870585,0.032642,-19.0914,0.104838,-18.7408,0.104143,7.322483,-26.665382,-18.7876,0.324938,1.190922,0.538627,-0.321287,-0.048575,-0.267207,-0.467675
61,9.601,B,3,7.630086,-26.419175,7.231045,-26.759959,6.594500,-26.507295,1.762279,0.447789,-18.2141,0.097333,-18.0504,0.067030,7.517141,-26.725237,-18.0830,0.288195,0.948032,0.326237,-0.286095,-0.034722,0.112945,0.306062
62,9.766,B,3,7.457093,-26.534063,7.231045,-26.759959,6.642434,-26.516732,1.589927,0.416516,-17.8825,0.068392,-17.8095,0.103417,7.713182,-26.783561,-17.8552,0.482714,1.103494,0.357534,-0.482136,0.023601,-0.256089,0.249497
63,9.928,B,3,8.059537,-27.173378,7.446762,-26.678918,6.834388,-26.527839,1.377752,0.505560,-17.6910,0.104273,-16.7482,0.213587,7.908977,-26.847787,-16.8484,0.492097,1.121209,0.358717,-0.462215,0.168868,0.150559,-0.325592
64,10.093,B,3,7.419464,-27.202320,7.788440,-26.909175,7.100590,-26.651776,1.320776,-0.163522,-16.4199,0.139927,-16.0922,0.025400,8.108385,-26.911849,-16.1051,0.319956,1.040811,0.747653,-0.319945,0.002674,-0.688921,-0.290471
65,10.250,B,3,7.939193,-27.528688,7.851470,-27.097945,7.202765,-26.760023,1.324591,-0.503518,-15.8257,0.107770,-15.6523,0.159283,8.312973,-26.976618,-15.7243,0.477184,1.131139,0.666702,-0.461502,-0.121327,-0.373780,-0.552069
66,10.427,B,3,9.394013,-27.876852,8.176088,-27.355320,7.736350,-27.080792,2.037501,-0.670079,-15.1030,0.118595,-14.8476,0.057350,8.519546,-27.046632,-14.8756,0.461793,0.783941,1.205802,-0.343459,-0.308689,0.874467,-0.830220
67,10.593,B,3,8.497466,-27.708373,8.176088,-27.355320,7.786387,-27.095433,1.847276,-0.588631,-14.6924,0.094338,-14.3594,0.165960,8.731585,-27.112909,-14.4347,0.606086,0.945360,0.639835,-0.555497,-0.242411,-0.234119,-0.595463
68,10.764,B,3,8.826350,-26.867739,8.506731,-27.572562,7.961441,-27.219705,1.674287,-0.612116,-14.1324,0.089790,-13.8432,0.087493,8.945840,-27.179393,-13.8815,0.589405,0.985224,0.333775,-0.439109,-0.393170,-0.119490,0.311654
69,10.933,B,3,8.774951,-26.808497,8.668493,-27.540085,8.163143,-27.168849,1.512753,0.087763,-13.8873,0.088785,-13.2654,0.094836,9.162206,-27.245733,-13.3090,0.574801,1.002017,0.584074,-0.493713,-0.294352,-0.387256,0.437236
70,11.106,B,3,9.339264,-27.278911,8.813682,-27.330559,8.318233,-27.113212,1.171810,0.570213,-13.4513,0.089720,-12.7531,0.086784,9.380785,-27.312237,-12.7926,0.567399,1.081030,0.053241,-0.567103,-0.018322,-0.041521,0.033326
71,11.281,B,3,10.735155,-27.995173,9.386015,-27.356557,8.934965,-27.300385,2.062752,0.061552,-12.5432,0.083813,-12.2750,0.080832,9.601912,-27.380102,-12.3122,0.217177,0.671694,1.289400,-0.215897,0.023545,1.133243,-0.615071
72,11.437,B,3,9.999829,-27.707925,9.386015,-27.356557,8.987392,-27.310350,1.864062,0.070865,-12.1619,0.081631,-11.8230,0.076056,9.826475,-27.449367,-11.8583,0.450132,0.850520,0.311294,-0.440460,0.092810,0.173354,-0.258558
73,11.624,B,3,10.037550,-27.039272,9.794128,-27.537151,9.219374,-27.391188,1.811221,-0.040638,-11.7099,0.078053,-11.3902,0.074881,10.055469,-27.519085,-11.4243,0.261964,0.845820,0.480148,-0.261340,-0.018065,-0.017919,0.479813
74,11.795,B,3,11.143910,-27.866756,10.295721,-27.496075,9.415632,-27.335764,2.034266,0.134930,-11.0915,0.074397,-10.9701,0.071495,10.289432,-27.588200,-11.0034,0.092340,0.909533,0.898736,0.006289,0.092125,0.854478,-0.278556
75,11.953,B,3,10.467475,-27.055307,10.574591,-27.488012,9.776747,-27.438217,1.626795,0.525350,-10.7680,0.072010,-10.5607,0.071837,10.528109,-27.656356,-10.5930,0.174643,0.782387,0.604099,0.046482,0.168343,-0.060634,0.601048
76,12.111,B,3,10.831508,-27.381333,10.722496,-27.391941,9.951465,-27.375290,1.484347,0.488514,-10.2253,0.068675,-10.1653,0.067104,10.770547,-27.724081,-10.1963,0.335598,0.890253,0.348127,-0.048051,0.332141,0.060961,0.342748
77,12.276,B,3,11.603837,-27.349963,10.722496,-27.391941,10.158868,-27.380489,1.338708,0.450664,-9.9297,0.066023,-9.7889,0.062678,11.015602,-27.792240,-9.8182,0.496136,0.950543,0.735955,-0.293106,0.400299,0.588236,0.442277
78,12.452,B,3,11.516277,-27.960907,10.980675,-27.368258,10.468334,-27.378065,1.546800,0.491857,-9.6181,0.063494,-9.4333,0.060913,11.262557,-27.861220,-9.4610,0.567864,0.929639,0.272601,-0.281883,0.492962,0.253719,-0.099687
79,12.628,B,3,11.307342,-27.742507,11.265539,-27.456390,10.707146,-27.486502,1.706756,0.017068,-9.6181,0.063480,-9.0949,0.059060,11.511445,-27.930550,-9.1215,0.534132,0.918735,0.277521,-0.245906,0.474159,-0.204103,0.188043
80,12.810,B,3,12.199066,-27.875270,11.627060,-27.691994,10.856491,-27.536420,1.644529,-0.205329,-8.9250,0.058777,-8.7672,0.056072,11.762916,-27.999258,-8.7932,0.335958,1.017755,0.453431,-0.135856,0.307264,0.436150,0.123988
81,12.978,B,3,11.898979,-28.481298,11.854516,-27.890218,11.285329,-27.758997,1.553560,-0.718974,-8.5328,0.057317,-8.4448,0.056211,12.069323,-28.079987,-8.4064,0.286626,0.847161,0.435968,-0.214807,0.189769,-0.170344,-0.401311
82,13.133,B,3,11.574001,-28.208332,11.854516,-27.890218,11.335829,-27.767867,1.407927,-0.641991,-8.2644,0.055552,-8.1278,0.054893,12.276941,-28.132939,-8.1529,0.487193,1.009441,0.706972,-0.422425,0.242721,-0.702940,-0.075393
83,13.328,B,3,12.865217,-28.222177,11.920005,-28.095665,11.424958,-27.855818,1.070616,-0.685198,-7.9995,0.054475,-7.8206,0.053508,12.540373,-28.198970,-7.8447,0.628910,1.167006,0.325672,-0.620368,0.103305,0.324844,-0.023206
84,13.515,B,3,12.553431,-28.689883,12.096223,-28.195897,11.729699,-27.930897,1.502368,-0.582205,-7.8975,0.054146,-7.5279,0.047944,12.807768,-28.265601,-7.5508,0.714952,1.128831,0.494675,-0.711546,0.069704,-0.254337,-0.424282
85,13.690,B,3,13.756282,-27.821971,12.364113,-28.340082,11.924222,-28.077880,1.480593,-0.803369,-7.7618,0.052671,-7.2503,0.048196,13.078366,-28.332916,-7.2720,0.714289,1.181987,0.848902,-0.714253,-0.007166,0.677916,0.510945
86,13.847,B,3,13.371982,-28.708151,12.693800,-28.362930,12.301578,-28.041786,1.890527,-0.074306,-7.3366,0.048963,-6.9831,0.046875,13.351369,-28.400129,-7.0043,0.658621,1.109266,0.308711,-0.657569,0.037199,0.020613,-0.308022
87,14.008,B,3,13.967208,-27.627371,13.064743,-28.367537,12.543742,-28.171290,1.706849,-0.307677,-6.8664,0.045952,-6.7206,0.046948,13.626257,-28.466172,-6.7415,0.570111,1.121960,0.905447,-0.561514,0.098635,0.340951,0.838801
88,14.171,B,3,14.039137,-28.247426,13.371552,-28.322706,12.852180,-28.082103,1.787130,0.394410,-6.6224,0.045268,-6.4597,0.044843,13.902927,-28.530508,-6.4805,0.570562,1.142426,0.314147,-0.531375,0.207802,0.136210,0.283082
89,14.320,B,3,14.016863,-28.330921,13.693240,-28.195939,13.115076,-28.118082,1.915697,0.349414,-6.5243,0.045328,-6.2027,0.044138,14.181661,-28.593528,-6.2230,0.629788,1.167756,0.310034,-0.488421,0.397590,-0.164798,0.262608
90,14.483,B,3,15.000517,-28.843524,13.925781,-28.218785,13.317982,-28.161417,1.744437,0.211604,-6.3058,0.044417,-5.9546,0.041573,14.463012,-28.656220,-5.9740,0.692796,1.247366,0.569205,-0.537231,0.437436,0.537505,-0.187303
91,14.658,B,3,14.829651,-29.032456,14.557776,-28.568811,13.680825,-28.292351,2.023674,-0.596466,-5.7781,0.095937,-5.1999,0.158394,14.740023,-28.723374,-5.2738,0.238963,1.143539,0.321815,-0.182247,0.154563,0.089628,-0.309082
92,14.801,B,3,15.478289,-29.216276,14.557776,-28.568811,13.929914,-28.432306,1.834461,-0.521503,-5.0961,0.088443,-4.8106,-0.012183,15.013216,-28.787881,-4.8070,0.505388,1.140166,0.632310,-0.455440,0.219070,0.465073,-0.428395
93,14.962,B,3,15.643377,-29.140249,14.871359,-28.803773,14.271344,-28.585861,2.024477,-0.775208,-4.8385,0.019148,-4.7387,0.103659,15.288532,-28.850299,-4.7844,0.419759,1.050999,0.458243,-0.417172,0.046526,0.354846,-0.289950
94,15.124,B,3,16.159038,-28.815661,15.215966,-28.992584,14.562370,-28.695188,2.198860,-0.832212,-4.7668,0.057860,-3.8259,0.118589,15.552463,-28.917438,-3.8822,0.344786,1.014732,0.615054,-0.336497,-0.075146,0.606574,0.101777
95,15.284,B,3,15.677935,-28.797184,15.569057,-29.049682,14.915513,-28.730278,2.280369,-0.430551,-4.2304,0.129700,-3.4553,0.096431,15.822089,-28.979237,-3.4980,0.262655,0.940138,0.232214,-0.253032,-0.070445,-0.144154,0.182052
96,15.440,B,3,16.570280,-28.610543,15.822756,-29.010468,15.109162,-28.752310,1.890936,-0.156756,-3.6986,0.083314,-2.5277,0.143032,16.084194,-29.044119,-2.5947,0.263594,1.017762,0.651359,-0.261437,0.033651,0.486086,0.433576
97,15.619,B,3,16.261549,-28.717772,16.049822,-28.925520,15.428160,-28.734568,1.770163,0.211252,-2.3739,0.123281,-1.7994,0.157711,16.345886,-29.108024,-1.8712,0.347796,0.990803,0.399261,-0.296065,0.182503,-0.084337,0.390252
98,15.790,B,3,16.538219,-28.762095,16.289840,-28.835401,15.633806,-28.737216,1.552267,0.305698,-1.5950,0.151219,-0.8914,0.140001,16.601278,-29.174187,-0.9544,0.460184,1.061577,0.416889,-0.311438,0.338786,-0.063059,0.412092
99,15.973,B,3,17.243550,-29.214622,16.446078,-28.788277,15.850691,-28.745928,1.526637,0.316656,-1.2409,0.149237,-0.4645,0.083891,16.857257,-29.237405,-0.5018,0.608920,1.120145,0.386964,-0.411180,0.449127,0.386293,0.022783
100,16.179,B,3,17.805593,-29.009365,16.687816,-28.841542,16.155482,-28.834290,1.693386,-0.056319,-0.5155,0.094190,0.5326,0.252422,17.112701,-29.302322,0.4169,0.626774,1.065515,0.752279,-0.424885,0.460780,0.692892,0.292957
101,16.362,B,3,17.998240,-29.212364,17.427778,-28.996891,16.508082,-28.869278,2.077883,-0.252318,1.0134,0.177044,1.6096,0.100137,17.369020,-29.365784,1.5620,0.373543,0.993847,0.647654,0.058758,0.368893,0.629220,0.153420
102,16.554,B,3,17.251730,-30.321672,17.621071,-29.279526,16.907772,-29.180560,1.570810,-1.194528,1.7980,0.115552,2.1206,0.139395,17.628669,-29.423339,2.0581,0.144014,0.760680,0.974210,-0.007598,0.143814,-0.376939,-0.898333
103,16.718,B,3,17.809195,-29.208997,17.621071,-29.279526,16.965170,-29.189598,1.461434,-1.085077,2.4103,0.152030,3.0781,0.132387,17.889097,-29.484972,3.0157,0.337707,0.969994,0.287310,-0.268026,0.205446,-0.079902,0.275976
104,16.876,B,3,18.393358,-30.116378,17.937872,-29.607912,17.171032,-29.200312,1.546733,-1.109860,3.4279,0.123691,3.7182,0.119889,18.152259,-29.542974,3.6627,0.224006,1.039339,0.622029,-0.214388,-0.064937,0.241099,-0.573403
105,17.016,B,3,19.005334,-29.840397,18.271809,-29.790213,17.721763,-29.455838,1.825408,-1.004677,4.3363,0.129725,4.4468,0.137778,18.418244,-29.601258,4.3836,0.239055,0.711500,0.633927,-0.146434,-0.188955,0.587091,-0.239139
106,17.190,B,3,18.797569,-28.529131,18.582373,-29.629477,17.960843,-29.299327,1.810530,0.197273,4.9339,0.118956,5.0834,0.121767,18.687756,-29.656941,5.0267,0.108903,0.810117,1.133144,-0.105383,0.027463,0.109813,1.127810
107,17.366,B,3,18.833874,-29.081758,18.582373,-29.629477,18.018118,-29.303011,1.634405,0.197501,5.5076,0.113581,5.7106,0.109178,18.960528,-29.710157,5.6609,0.386666,1.026599,0.641036,-0.378155,0.080680,-0.126654,0.628400
108,17.526,B,3,19.810703,-28.597453,18.778872,-29.348837,18.218434,-29.265200,1.502783,0.416920,5.9847,0.109217,6.3196,0.104737,19.236172,-29.760895,6.2718,0.615561,1.132035,1.297568,-0.457300,0.412058,0.574531,1.163442
109,17.688,B,3,19.795109,-29.266434,19.396619,-29.009628,18.558443,-29.143860,1.916583,0.487332,6.6518,0.104106,6.9022,0.100205,19.514102,-29.809883,6.8566,0.808833,1.164848,0.611802,-0.117483,0.800255,0.281007,0.543449
110,17.854,B,3,20.292764,-29.373446,19.714089,-29.064183,19.094205,-29.200245,2.001665,0.099386,7.1851,0.099664,7.4571,0.094478,19.793795,-29.857835,7.4137,0.797645,0.960131,0.695416,-0.079706,0.793653,0.498970,0.484389
111,18.011,B,3,19.183339,-29.767172,19.847711,-29.211611,19.158229,-29.298915,1.262936,-0.385292,7.8961,0.093086,7.9856,0.089832,20.074944,-29.904869,7.9442,0.729549,1.098884,0.902176,-0.227233,0.693258,-0.891605,0.137697
112,18.184,B,3,20.174569,-29.609264,19.847711,-29.211611,19.211478,-29.298808,1.144736,-0.337898,8.2804,0.089350,8.4916,0.086673,20.357538,-29.950416,8.4518,0.897639,1.318350,0.387120,-0.509827,0.738805,-0.182969,0.341152
113,18.337,B,3,20.563302,-29.316245,19.905537,-29.377191,19.435162,-29.354607,1.154207,-0.512582,8.7475,0.086006,8.9792,0.084333,20.641830,-29.993656,8.9408,0.960290,1.365442,0.681947,-0.736294,0.616464,-0.078528,0.677411
114,18.532,B,3,20.873462,-29.885633,20.401925,-29.504253,19.898699,-29.443103,1.450693,-0.749629,9.2361,0.083364,9.4508,0.081838,20.928219,-30.034126,9.4136,0.746827,1.187106,0.158266,-0.526294,0.529873,-0.054757,0.148492
115,18.705,B,3,21.065747,-29.559748,20.673048,-29.602807,19.951930,-29.444641,1.526588,-0.633467,9.8320,0.080859,9.9062,0.079901,21.217060,-30.072026,9.8704,0.718411,1.412149,0.534158,-0.544012,0.469218,-0.151313,0.512278
116,18.853,B,3,22.024584,-29.442665,21.043064,-29.591791,20.203030,-29.466364,1.977595,-0.494341,10.1636,0.077918,10.3438,0.076405,21.508467,-30.108007,10.3094,0.695039,1.454604,0.842055,-0.465403,0.516216,0.516117,0.665342
117,19.001,B,3,21.385508,-29.603368,21.043064,-29.591791,20.583060,-29.462410,1.790938,-0.433229,10.5679,0.074955,10.7628,0.071091,21.802201,-30.142623,10.7299,0.937926,1.396064,0.681491,-0.759138,0.550832,-0.416693,0.539256
118,19.156,B,3,21.585047,-30.350128,21.365614,-29.581203,20.780350,-29.487781,1.606733,-0.396977,10.9517,0.072028,11.1648,0.067392,22.097711,-30.175900,11.1332,0.943202,1.486252,0.541460,-0.732097,0.594697,-0.512663,-0.174228
119,19.313,B,3,22.815734,-29.805551,21.529467,-29.729538,20.978708,-29.644862,1.450229,-0.963347,11.1020,0.070107,11.5526,0.066896,22.394343,-30.207343,11.5220,0.988083,1.523288,0.582243,-0.864875,0.477805,0.421391,0.401792
120,19.464,B,3,23.233516,-30.186971,21.849325,-29.877639,21.349125,-29.676052,1.895608,-0.863551,11.3963,0.068785,12.3618,0.204824,22.687462,-30.241307,12.2661,0.913634,1.452811,0.548751,-0.838136,0.363667,0.546055,0.054336
121,19.632,B,3,22.809884,-30.383693,22.330785,-29.954207,21.734618,-29.768328,2.186262,-1.059444,12.0410,0.141762,13.0058,0.032759,22.970900,-30.273625,12.9893,0.715384,1.335560,0.195041,-0.640115,0.319418,-0.161016,-0.110068
122,19.787,B,3,23.480141,-30.244470,22.687050,-30.103289,21.995640,-29.885060,1.762701,-1.050768,13.0712,0.051230,13.1404,0.100357,23.255340,-30.301370,13.0963,0.601822,1.326709,0.231891,-0.568290,0.198081,0.224802,0.056900
123,19.968,B,3,23.446320,-29.907482,22.973062,-30.216032,22.321201,-29.955453,1.865554,-1.000299,13.5023,0.144622,14.1529,0.161583,23.528980,-30.337527,14.0780,0.569040,1.266772,0.437918,-0.555918,0.121495,-0.082661,0.430045
124,20.124,B,3,23.911814,-29.820597,23.264568,-30.204939,22.581666,-29.951179,1.946324,-0.682704,13.8832,0.151617,14.6508,0.085375,23.805823,-30.368571,14.6133,0.565449,1.293359,0.558131,-0.541255,0.163633,0.105992,0.547975
125,20.274,B,3,24.018446,-30.177576,23.533518,-30.106606,22.867224,-29.929851,2.005219,-0.360948,14.5225,0.098835,15.6214,0.174108,24.078641,-30.403500,15.5400,0.620729,1.300720,0.233806,-0.545123,0.296894,-0.060194,0.225924
126,20.440,B,3,24.078790,-30.966149,23.786439,-30.067426,23.141340,-29.976294,1.916655,-0.439776,15.1742,0.158753,16.4363,0.164333,24.351153,-30.436770,16.3612,0.674772,1.294483,0.595335,-0.564714,0.369344,-0.272363,-0.529379
127,20.617,B,3,23.825526,-30.734453,23.996177,-30.241700,23.448297,-30.260232,1.370616,-0.930748,17.0239,0.162335,17.4303,0.180789,24.618661,-30.471332,17.3481,0.663488,1.189250,0.835641,-0.622484,0.229633,-0.793135,-0.263121
128,20.776,B,3,24.978889,-31.048211,24.117373,-30.477537,23.505828,-30.266761,1.006129,-0.985887,17.7620,0.176104,18.4904,0.189321,24.879752,-30.506614,18.4035,0.762934,1.394704,0.550595,-0.762380,0.029077,0.099136,-0.541597
129,20.925,B,3,25.269057,-30.745938,24.309551,-30.667338,23.822907,-30.413400,1.267435,-1.391283,17.7620,0.176098,19.6120,0.201425,25.133417,-30.543163,19.5199,0.833172,1.316918,0.243959,-0.823866,-0.124176,0.135641,-0.202775
130,21.072,B,3,25.057706,-29.711399,24.657817,-30.798810,24.138387,-30.479482,1.519406,-1.249212,18.8940,0.189753,20.7971,0.212083,25.380164,-30.581539,20.7001,0.754315,1.245963,0.927967,-0.722346,-0.217271,-0.322458,0.870140
131,21.238,B,3,24.943703,-29.138035,24.928509,-30.640472,24.358604,-30.344332,1.712090,-0.243280,20.4180,0.204784,22.0410,0.222539,25.621872,-30.621726,21.9394,0.693616,1.293365,1.631334,-0.693363,-0.018746,-0.678169,1.483691
132,21.407,B,3,25.366514,-31.183237,25.073508,-30.212865,24.516130,-30.124320,1.580828,0.761005,22.6763,0.223853,23.3392,0.223654,25.860891,-30.663043,23.2349,0.906991,1.448657,0.717642,-0.787383,0.450178,-0.494377,-0.520193
133,21.569,B,3,27.035595,-31.048816,25.198148,-30.137483,24.719875,-30.310664,1.166854,-0.219341,23.7050,0.172323,24.1684,0.143442,26.103615,-30.699124,24.1050,1.065510,1.437234,0.995425,-0.905467,0.561641,0.931980,-0.349692
134,21.726,B,3,26.724358,-30.791984,26.082355,-30.604222,25.189592,-30.441708,1.845890,-1.236385,25.0433,0.236808,25.4927,0.312093,26.350943,-30.732614,25.3513,0.297698,1.197231,0.378105,-0.268587,0.128393,0.373415,-0.059370
135,21.896,B,3,26.731741,-30.389140,26.419639,-30.614234,25.522133,-30.503347,1.911198,-0.919445,26.3077,0.250078,27.0100,0.174359,26.602241,-30.762086,26.9276,0.234955,1.110666,0.394790,-0.182602,0.147852,0.129499,0.372947
136,22.063,B,3,26.539445,-31.492241,26.628478,-30.736983,25.928409,-30.660007,1.317550,-1.401087,27.4399,0.175215,27.8082,0.190575,26.854043,-30.781935,27.7216,0.230000,0.933629,0.776857,-0.225565,0.044952,-0.314597,-0.710306
137,22.219,B,3,26.665272,-30.207570,26.628478,-30.736983,25.986213,-30.660779,1.217668,-1.240786,28.7913,0.226700,29.2179,0.208365,27.106170,-30.806354,29.1204,0.482702,1.129378,0.743595,-0.477691,0.069371,-0.440898,0.598784
138,22.378,B,3,27.261794,-30.229995,26.752741,-30.793491,26.161902,-30.577541,1.286045,-0.594773,29.3746,0.183813,30.0478,0.173055,27.354380,-30.825155,29.9698,0.602472,1.217915,0.602319,-0.601639,0.031664,-0.092587,0.595160
139,22.549,B,3,27.836700,-31.290913,26.931733,-30.602113,26.411768,-30.510322,1.572564,-0.342653,29.8259,0.163944,31.1726,0.142763,27.602063,-30.846088,31.1083,0.713348,1.236747,0.502915,-0.670330,0.243975,0.234636,-0.444825
140,22.727,B,3,28.237453,-30.376041,27.219859,-30.638443,26.720803,-30.645939,1.416111,-1.011432,30.5373,0.194955,32.1185,0.173853,27.849228,-30.861508,32.0367,0.667730,1.148830,0.621608,-0.629368,0.223065,0.388225,0.485467
141,22.891,B,3,27.305320,-30.895031,27.574918,-30.694447,27.047545,-30.592551,1.772860,-0.802680,31.8328,0.178751,32.9901,0.143657,28.098466,-30.870862,32.9242,0.552472,1.087149,0.793514,-0.523548,0.176415,-0.793146,-0.024168
142,23.066,B,3,28.513671,-30.346791,27.757320,-30.667623,27.146491,-30.641802,1.090735,-0.637182,33.3938,0.145493,33.7870,0.135156,28.351548,-30.872333,33.7248,0.628501,1.226910,0.549980,-0.594229,0.204710,0.162122,0.525542
143,23.242,B,3,28.278772,-29.760260,27.914799,-30.640042,27.443274,-30.582805,1.414783,-0.515658,34.0986,0.136210,34.5447,0.129764,28.610985,-30.866793,34.4854,0.732183,1.201748,1.155327,-0.696186,0.226751,-0.332213,1.106533
144,23.445,B,3,29.589504,-30.174727,28.497455,-30.211408,27.643922,-30.426027,2.113888,-0.344271,35.0230,0.128337,35.2672,0.122856,28.875594,-30.855296,35.2107,0.746713,1.304335,0.986328,-0.378139,0.643888,0.713910,0.680569
145,23.617,B,3,29.542454,-29.382919,28.933085,-29.994764,28.311013,-30.194082,2.494582,-0.023410,35.5950,0.122296,35.9568,0.118368,29.142350,-30.839379,35.9028,0.870153,1.052393,1.510417,-0.209265,0.844615,0.400104,1.456460
146,23.814,B,3,28.986850,-29.205600,29.166812,-29.668814,28.367964,-30.177332,2.327053,0.412204,36.4400,0.116791,36.6167,0.112038,29.408058,-30.820511,36.5649,1.176693,1.222897,1.668938,-0.241246,1.151698,-0.421207,1.614911
147,23.995,B,3,28.918005,-30.143609,29.166812,-29.668814,28.531591,-29.984380,2.099099,0.396537,36.9651,0.112044,37.2488,0.107746,29.670983,-30.799598,37.1993,1.238088,1.400997,0.998647,-0.504171,1.130784,-0.752977,0.655989
148,24.178,B,3,30.241539,-30.402976,29.223162,-29.572603,28.650387,-29.994304,1.413334,0.039443,37.4876,0.107710,37.8530,0.102393,29.931490,-30.776836,37.8058,1.397106,1.501192,0.485697,-0.708328,1.204233,0.310050,0.373860
149,24.369,B,3,30.350404,-30.450980,29.422453,-29.740149,28.985511,-30.051187,1.371879,-0.787147,37.7672,0.105447,38.4273,0.095238,30.191705,-30.751611,38.3825,1.270750,1.394811,0.339948,-0.769252,1.011463,0.158700,0.300631
150,24.561,B,3,30.079496,-30.400800,30.018808,-30.119407,29.281754,-30.108926,0.929924,-1.340433,38.8607,0.094259,38.9705,0.090901,30.454509,-30.722407,38.9282,0.743938,1.323523,0.494030,-0.435702,0.603000,-0.375013,0.321607
151,24.755,B,3,30.718821,-29.948841,30.244722,-30.160222,29.696457,-30.113818,1.189769,-1.184376,39.2683,0.090822,39.4848,0.089507,30.722068,-30.687252,39.4446,0.711069,1.175034,0.738418,-0.477346,0.527030,-0.003247,0.738411
152,24.925,B,3,30.832732,-30.107863,30.244722,-30.160222,29.749298,-30.101859,1.084887,-1.061026,39.8048,0.086655,39.9752,0.083487,30.994743,-30.644761,39.9367,0.892922,1.358630,0.560809,-0.750021,0.484539,-0.162011,0.536898
153,25.125,B,3,31.232078,-29.482014,30.514236,-30.130839,29.994297,-30.091466,1.133619,-1.036957,40.2310,0.083939,40.4461,0.081908,31.271082,-30.595031,40.4091,0.887857,1.372501,1.113699,-0.756846,0.464192,-0.039004,1.113016
154,25.356,B,3,32.068883,-29.880348,31.159462,-29.883344,30.587071,-29.953554,1.865276,-1.026937,40.8452,0.079463,40.9508,0.077322,31.548668,-30.539795,40.8626,0.763157,1.126209,0.839937,-0.389206,0.656451,0.520215,0.659447
155,25.541,B,3,31.905956,-29.060228,31.547114,-29.699525,30.649557,-29.938159,2.213846,-0.554563,41.1992,0.075946,41.3280,0.074234,31.825348,-30.481612,41.2945,0.830105,1.295309,1.423668,-0.278234,0.782087,0.080608,1.421385
156,25.724,B,3,31.488755,-29.329561,31.732329,-29.470092,30.923078,-29.766251,1.906888,-0.287011,41.5873,0.072486,41.7327,0.068472,32.100103,-30.422511,41.7013,1.020960,1.347614,1.252312,-0.367774,0.952419,-0.611348,1.092950
157,25.913,B,3,32.633772,-30.187831,31.732329,-29.470092,31.076646,-29.670679,1.725454,-0.247421,41.9113,0.067690,42.1110,0.061253,32.373148,-30.363052,42.0817,1.099102,1.469795,0.314050,-0.640818,0.892959,0.260625,0.175221
158,26.091,B,3,33.699004,-30.783134,31.944059,-29.510733,31.408227,-29.747904,1.445207,-0.930933,42.1923,0.062891,42.4651,0.058799,32.645624,-30.302066,42.4376,1.057546,1.355820,1.158031,-0.701565,0.791334,1.053380,-0.481068
159,26.264,B,3,32.774535,-29.776581,32.425121,-29.814249,31.863785,-29.924335,1.356972,-2.104653,42.3658,0.061034,42.8002,0.057261,32.919192,-30.237086,42.7739,0.650305,1.100771,0.482691,-0.494071,0.422837,-0.144657,0.460505
160,26.442,B,3,33.031123,-29.216777,32.811441,-29.989495,32.093562,-29.887204,1.320928,-1.657996,42.6946,0.057921,43.1211,0.053884,33.195426,-30.165623,43.0959,0.422451,1.136495,0.962966,-0.383984,0.176128,-0.164303,0.948846
161,26.628,B,3,33.648338,-29.057247,32.994177,-29.840922,32.317273,-29.756071,1.588797,-1.005249,43.0185,0.055698,43.4290,0.052943,33.475188,-30.086605,43.4049,0.540122,1.204168,1.043820,-0.481011,0.245683,0.173150,1.029358
162,26.821,B,3,34.190517,-29.675083,33.231535,-29.587040,32.611230,-29.617337,1.745118,-0.609338,43.6169,0.053274,43.7208,0.050916,33.758260,-30.000943,43.6982,0.669892,1.209475,0.541323,-0.526725,0.413903,0.432257,0.325860
163,26.997,B,3,34.778062,-29.465381,33.560847,-29.471580,32.939556,-29.616719,1.698622,-0.925669,43.8429,0.051514,43.9926,0.048385,34.043327,-29.910966,43.9716,0.652569,1.142318,0.859292,-0.482480,0.439385,0.734736,0.445585
164,27.180,B,3,33.724654,-29.420421,33.949878,-29.466752,33.330905,-29.574507,2.015582,-1.245920,43.8429,0.051513,43.9167,-0.104363,34.324780,-29.818567,43.9629,0.514126,1.023402,0.720188,-0.374902,0.351815,-0.600125,0.398146
165,27.363,B,3,34.214211,-28.486127,34.179592,-29.425812,33.458929,-29.534288,1.495550,-0.851776,44.0358,-0.020604,43.7720,0.052269,34.596281,-29.733690,43.7488,0.518091,1.154699,1.304756,-0.416689,0.307878,-0.382070,1.247562
166,27.544,B,3,34.273680,-28.230046,34.262850,-29.222982,33.649234,-29.330446,1.772234,-0.211881,43.8007,-0.009065,44.2661,0.026037,34.862777,-29.652011,44.2514,0.737549,1.255424,1.539162,-0.599927,0.429029,-0.589097,1.421966
167,27.727,B,3,34.738882,-29.588421,34.360931,-28.863628,33.813346,-29.113920,1.734140,0.261819,44.1503,-0.041902,43.9058,-0.074597,35.114034,-29.571737,43.9403,1.033723,1.378907,0.375522,-0.753103,0.708110,-0.375152,-0.016684
168,27.897,B,3,35.441898,-28.390097,34.491767,-28.798778,34.030306,-29.182604,1.148760,-0.389007,43.8921,-0.006217,43.9273,0.012251,35.366487,-29.490469,43.9188,1.115156,1.371190,1.102954,-0.874720,0.691692,0.075410,1.100373
169,28.080,B,3,35.943898,-29.415660,34.752173,-28.802664,34.335127,-29.023513,1.671339,-0.394556,43.8921,-0.006211,43.5448,-0.061428,35.615519,-29.405165,43.5743,1.052793,1.336061,0.328547,-0.863346,0.602501,0.328379,-0.010495
170,28.270,B,3,35.144981,-28.591635,35.126405,-28.794181,34.677344,-29.079087,1.411972,-1.146120,43.6943,-0.050985,43.2878,-0.110303,35.866238,-29.315648,43.3379,0.905142,1.212200,1.021962,-0.739834,0.521467,-0.721257,0.724013
171,28.449,B,3,36.114461,-28.417929,35.363213,-28.838118,34.813265,-28.977608,1.290714,-0.741153,43.4485,-0.045553,42.8619,-0.079491,36.113511,-29.223440,42.9016,0.843457,1.323281,0.805512,-0.750298,0.385322,0.000950,0.805511
172,28.637,B,3,36.223496,-27.716364,35.553036,-28.704138,35.098396,-28.862596,1.411389,-0.646895,42.7689,-0.074119,42.3706,-0.090557,36.356197,-29.131619,42.4132,0.909839,1.286249,1.421463,-0.803161,0.427481,-0.132700,1.415255
173,28.814,B,3,36.323978,-27.960979,35.842001,-28.449122,35.352389,-28.640062,1.855780,-0.275632,42.2803,-0.088040,41.7989,-0.104277,36.591243,-29.042716,41.8473,0.955887,1.302648,1.114265,-0.749243,0.593594,-0.267265,1.081737
174,28.996,B,3,36.520017,-28.101336,36.083306,-28.179005,35.578647,-28.499889,1.998339,-0.227738,42.0619,-0.094350,41.1568,-0.118198,36.817296,-28.957735,41.2107,1.070123,1.320559,0.906530,-0.733990,0.778730,-0.297280,0.856400
175,29.176,B,3,36.935389,-28.715518,36.297626,-28.055704,35.798897,-28.410289,1.806192,-0.356963,41.2920,-0.110171,40.7685,0.019342,37.037250,-28.877825,40.7613,1.105860,1.323672,0.191623,-0.739624,0.822121,-0.101861,0.162307
176,29.354,B,3,37.645987,-27.229733,36.537410,-28.118750,36.053990,-28.449393,1.373421,-0.932075,40.8622,-0.075261,40.4065,-0.149704,37.249035,-28.804876,40.4738,0.988523,1.246796,1.624391,-0.711625,0.686126,0.396952,1.575143
177,29.544,B,3,37.360345,-27.662984,36.873801,-28.033176,36.392558,-28.214238,1.860135,-0.540514,39.8383,-0.153271,39.3299,-0.130812,37.452166,-28.721777,39.3917,0.899265,1.174889,1.062767,-0.578365,0.688601,-0.091821,1.058793
178,29.733,B,3,37.427229,-28.337431,37.183854,-27.790615,36.619682,-28.097943,1.797029,-0.489230,39.1792,-0.063964,39.0854,-0.029617,37.659912,-28.646371,39.0971,0.979260,1.175947,0.386762,-0.476057,0.855756,-0.232683,0.308940
179,29.923,B,3,38.073576,-27.303667,37.605388,-27.784709,36.816858,-28.125514,1.731971,-0.615808,38.5626,-0.128718,38.3828,-0.173634,37.865970,-28.565381,38.4643,0.823013,1.137593,1.278679,-0.260582,0.780671,0.207606,1.261713
180,30.101,B,3,38.153990,-28.008722,37.872273,-27.715444,37.282910,-27.971140,1.462987,-0.893017,38.0481,-0.073522,37.9596,-0.012034,38.072669,-28.484748,37.9644,0.794976,0.942078,0.482922,-0.200396,0.769303,0.081321,0.476026
181,30.276,B,3,38.165847,-27.485435,38.075013,-27.703378,37.337285,-27.957007,1.444660,-0.664658,37.6652,-0.100666,37.4039,-0.108949,38.276256,-28.405222,37.4559,0.730126,1.040463,0.926391,-0.201243,0.701845,-0.110409,0.919788
182,30.455,B,3,38.220766,-27.293375,38.075013,-27.703378,37.537623,-27.858895,1.300740,-0.611800,37.2427,-0.073548,36.9659,-0.136752,38.473821,-28.329734,37.0265,0.742543,1.047929,1.066807,-0.398808,0.626357,-0.253055,1.036359
183,30.641,B,3,38.478160,-27.646959,38.219579,-27.574727,37.710365,-27.743665,1.306061,-0.366671,36.8204,-0.138710,35.9156,-0.138659,38.658407,-28.254858,35.9805,0.809413,1.077081,0.634059,-0.438829,0.680131,-0.180247,0.607899
184,30.835,B,3,39.009520,-28.064679,38.563537,-27.609045,37.896970,-27.713513,1.015911,-0.981621,35.5895,-0.044601,35.6286,0.029332,38.840435,-28.183621,35.6155,0.637817,1.054101,0.206729,-0.276898,0.574576,0.169085,0.118942
185,31.016,B,3,37.962442,-27.510436,38.630433,-27.670424,38.145022,-27.766270,0.635229,-0.481594,35.3952,-0.095081,35.1974,-0.173856,39.015901,-28.116282,35.2756,0.589386,0.938583,1.215248,-0.385468,0.445859,-1.053460,0.605846
186,31.207,B,3,39.006679,-27.373122,38.659478,-27.596134,38.157565,-27.711486,0.851602,-0.383967,34.6532,-0.156628,34.1517,-0.113633,39.181433,-28.047623,34.2056,0.690130,1.077634,0.696771,-0.521955,0.451489,-0.174754,0.674501
187,31.409,B,3,38.837567,-26.930702,38.659478,-27.596134,38.354792,-27.641789,0.766152,-0.355044,34.0340,-0.087298,33.7476,-0.119686,39.353600,-27.978675,33.8006,0.792554,1.054091,1.168134,-0.694121,0.382540,-0.516033,1.047973
188,31.577,B,3,39.376646,-27.602199,38.795428,-27.433736,38.473566,-27.506757,0.956250,0.022762,33.4684,-0.153468,32.6773,-0.160832,39.520695,-27.905349,32.7521,0.865119,1.120427,0.335634,-0.725267,0.471613,-0.144049,0.303150
189,31.746,B,3,39.885245,-26.863620,38.948671,-27.351044,38.683714,-27.513372,0.988511,-0.342880,33.0537,-0.162376,32.0066,-0.168321,39.693068,-27.829565,32.0810,0.884934,1.057721,0.984876,-0.744397,0.478521,0.192177,0.965945
190,31.909,B,3,39.729807,-27.622547,39.217150,-27.283824,38.941738,-27.388175,1.430567,-0.216498,32.2535,-0.129234,30.9941,-0.138385,39.860852,-27.750690,31.0574,0.795183,0.988022,0.183285,-0.643701,0.466867,-0.131045,0.128143
191,32.080,B,3,39.641438,-27.694215,39.474398,-27.245361,39.125738,-27.422930,1.182612,-0.608662,31.5660,-0.167689,30.0183,-0.167165,40.025528,-27.672210,30.0961,0.697097,0.933682,0.384719,-0.551130,0.426849,-0.384089,-0.022004
192,32.251,B,3,39.945531,-27.070105,39.628685,-27.374088,39.251400,-27.467750,0.869472,-0.813219,30.3611,-0.170955,28.9876,-0.186499,40.183572,-27.595909,29.0730,0.597582,0.940940,0.577177,-0.554887,0.221821,-0.238041,0.525804
193,32.429,B,3,40.519372,-27.276404,39.761681,-27.383764,39.422808,-27.392006,0.917697,-0.495672,28.5363,-0.187730,27.8890,-0.196810,40.333960,-27.522546,27.9790,0.588866,0.920456,0.308161,-0.572279,0.138782,0.185411,0.246142
194,32.604,B,3,40.181363,-26.538675,39.982084,-27.317291,39.652014,-27.368614,1.181792,-0.613650,28.1756,-0.191025,26.7358,-0.204443,40.477550,-27.451315,26.8299,0.513274,0.829669,0.959499,-0.495467,0.134025,-0.296188,0.912640
195,32.768,B,3,40.293725,-26.630150,40.176594,-27.170062,39.785913,-27.215796,1.316668,-0.024690,27.0941,-0.198718,25.5340,-0.212427,40.616685,-27.380064,25.6318,0.487628,0.846857,0.816500,-0.440091,0.210001,-0.322960,0.749913
196,32.928,B,3,40.672417,-26.093267,40.276092,-26.944179,39.914949,-27.105203,1.295839,0.207748,26.1443,-0.205616,24.2902,-0.219021,40.754477,-27.306522,24.3911,0.600121,0.863329,1.216027,-0.478385,0.362343,-0.082060,1.213255
197,33.093,B,3,41.241602,-27.739617,40.411690,-26.698418,40.095917,-26.914708,1.397596,0.500638,23.4781,-0.221944,23.0070,-0.226354,40.893387,-27.229655,23.1111,0.717109,0.857409,0.617507,-0.481698,0.531237,0.348214,-0.509963
198,33.277,B,3,40.657402,-26.548002,40.653299,-26.719383,40.340583,-27.057429,1.151639,-0.553494,22.4530,-0.227790,21.6834,-0.235708,41.034177,-27.150107,21.7909,0.574971,0.699758,0.710274,-0.380878,0.430724,-0.376775,0.602105
199,33.457,B,3,41.799511,-26.550884,40.830262,-26.837594,40.435936,-26.962365,1.103496,-0.226913,22.4530,-0.227784,20.3166,-0.240942,41.175520,-27.069674,20.4275,0.416010,0.747328,0.811485,-0.345258,0.232080,0.623991,0.518790
200,33.616,B,3,40.902504,-26.756760,41.032904,-26.731720,40.719836,-26.884842,1.469887,-0.260463,20.7509,-0.237749,18.9054,-0.249744,41.314545,-26.990143,19.0199,0.382236,0.603959,0.473545,-0.281641,0.258424,-0.412041,0.233383
201,33.782,B,3,41.621242,-26.329409,41.215364,-26.691526,40.791102,-26.858520,1.071054,-0.241341,19.4260,-0.244172,17.4524,-0.256267,41.448193,-26.912278,17.5701,0.320845,0.659287,0.608016,-0.232829,0.220753,0.173049,0.582870
202,33.943,B,3,41.660992,-27.296992,41.314972,-26.627958,40.977668,-26.760334,1.092160,-0.060886,16.9246,-0.256569,15.9624,-0.262499,41.574679,-26.835617,16.0828,0.332520,0.601739,0.469380,-0.259707,0.207658,0.086313,-0.461375
203,34.100,B,3,42.027169,-26.126881,41.490359,-26.682401,41.137317,-26.855476,0.878775,-0.623993,15.6350,-0.260448,14.4405,-0.266678,41.694389,-26.759014,14.5633,0.217940,0.565362,0.714377,-0.204030,0.076612,0.332780,0.632133
204,34.261,B,3,41.725859,-26.004447,41.809004,-26.478386,41.334349,-26.724246,1.123367,0.301706,13.7944,-0.267108,12.8902,-0.271328,41.809861,-26.681432,13.0152,0.203048,0.477435,0.682176,-0.000857,0.203046,-0.084002,0.676985
205,34.408,B,3,41.782353,-26.272431,41.866275,-26.335971,41.501955,-26.535879,0.949809,0.303925,11.5889,-0.274645,11.3121,-0.276705,41.924708,-26.602495,11.4394,0.272855,0.427970,0.359454,-0.058432,0.266525,-0.142355,0.330064
206,34.584,B,3,41.907615,-25.718992,41.922803,-26.183472,41.537814,-26.532144,0.924203,0.673045,10.3414,-0.279196,9.7047,-0.283441,42.041921,-26.522512,9.8344,0.359357,0.504199,0.814667,-0.119118,0.339040,-0.134306,0.803520
207,34.772,B,3,42.053113,-26.094721,41.922803,-26.183472,41.638115,-26.381968,0.852213,0.584683,8.9536,-0.283562,8.0667,-0.289484,42.162524,-26.442063,8.1989,0.352612,0.527841,0.364165,-0.239721,0.258591,-0.109410,0.347341
208,34.932,B,3,41.956592,-25.898405,41.996031,-26.045405,41.745308,-26.325554,0.792543,0.441118,7.5736,-0.287364,6.3989,-0.291425,42.285209,-26.361557,6.5334,0.428458,0.541100,0.567890,-0.289178,0.316151,-0.328617,0.463152
209,35.079,B,3,41.644393,-25.852409,42.052536,-25.984742,41.814540,-26.243942,0.704196,0.500461,6.7731,-0.289137,4.7034,-0.297459,42.407056,-26.281054,4.8400,0.462044,0.593676,0.874866,-0.354520,0.296312,-0.762663,0.428645
210,35.245,B,3,41.886785,-25.627092,41.980267,-25.814232,41.812694,-26.168189,0.318121,0.609738,3.9004,-0.298798,2.9824,-0.301827,42.524990,-26.200396,3.1210,0.667717,0.713024,0.857894,-0.544723,0.386164,-0.638205,0.573304
211,35.423,B,3,42.925623,-26.288111,42.132242,-25.831275,42.042659,-26.104492,0.758526,0.023879,1.5199,-0.304123,1.2369,-0.306356,42.637271,-26.119459,1.3774,0.581467,0.594800,0.334052,-0.505029,0.288184,0.288352,-0.168652
212,35.569,B,3,42.317231,-25.683770,42.132242,-25.831275,42.071529,-26.100392,0.685953,0.000684,0.1826,-0.307367,-0.5328,-0.311824,42.744247,-26.038267,-0.3903,0.646062,0.675580,0.554988,-0.612005,0.206992,-0.427016,0.354497
213,35.731,B,3,43.198446,-25.837032,42.316380,-25.868094,42.142670,-26.021921,0.623731,0.148645,-1.4428,-0.310641,-2.3263,-0.315602,42.848185,-25.956936,-2.1820,0.539175,0.708501,0.370216,-0.531805,0.088842,0.350261,0.119904
214,35.869,B,3,42.581804,-25.199400,42.497055,-25.825215,42.359843,-25.985727,1.035395,0.103059,-1.4428,-0.310642,-4.1423,-0.317461,42.952341,-25.875545,-3.9963,0.458059,0.602655,0.771018,-0.455286,0.050330,-0.370537,0.676145
215,36.021,B,3,42.764161,-25.026485,42.671315,-25.710403,42.422412,-25.841701,0.843935,0.553193,-3.1301,-0.313222,-5.9777,-0.320711,43.059576,-25.794123,-5.8302,0.397185,0.638939,0.822520,-0.388262,0.083720,-0.295415,0.767639
216,36.188,B,3,43.112200,-26.546324,42.733217,-25.480856,42.515702,-25.688587,0.752769,0.888663,-5.5683,-0.318796,-7.8297,-0.324792,43.171102,-25.712754,-7.6810,0.495500,0.655846,0.835649,-0.437886,0.231897,-0.058902,-0.833571
217,36.347,B,3,42.840957,-26.240382,42.856296,-25.551954,42.649212,-25.838852,0.821057,-0.206753,-8.8887,-0.324883,-9.6980,-0.328156,43.285986,-25.631633,-9.5479,0.437015,0.669642,0.754073,-0.429690,0.079679,-0.445028,-0.608749
218,36.492,B,3,43.321163,-26.425736,42.956193,-25.839698,42.708902,-25.911209,0.687665,-0.553579,-10.4931,-0.327720,-11.5848,-0.331967,43.401606,-25.550958,-11.4331,0.530813,0.780782,0.878468,-0.445413,-0.288739,-0.080443,-0.874777
219,36.651,B,3,43.296495,-25.720576,43.048355,-26.050978,42.842940,-26.007051,0.869353,-0.856691,-11.1095,-0.329329,-13.4927,-0.335019,43.514932,-25.470693,-13.3393,0.744596,0.859798,0.331898,-0.466576,-0.580285,-0.218437,-0.249883
220,36.816,B,3,43.397720,-25.652902,43.261593,-26.010133,42.943688,-25.959481,0.657029,0.008082,-14.6154,-0.334952,-15.4225,-0.337811,43.624056,-25.390444,-15.2673,0.717909,0.886963,0.346572,-0.362463,-0.619689,-0.226337,-0.262458
221,36.969,B,3,44.394113,-25.048983,43.492132,-25.797711,43.053031,-25.909251,0.965069,0.813934,-17.0246,-0.337758,-17.3712,-0.338365,43.729090,-25.309643,-17.2147,0.542550,0.903652,0.714282,-0.236959,-0.488068,0.665022,0.260660
222,37.117,B,3,43.645405,-25.076946,43.492132,-25.797711,43.319828,-25.757869,0.895779,0.707073,-17.8293,-0.338472,-19.3340,-0.342295,43.832036,-25.227979,-19.1766,0.663423,0.736981,0.240088,-0.339905,-0.569732,-0.186631,0.151033
223,37.260,B,3,44.867173,-25.202455,43.707357,-25.527421,43.400404,-25.636383,0.686693,0.981043,-19.8007,-0.341204,-21.3063,-0.342448,43.935875,-25.145838,-21.1483,0.444777,0.726198,0.933018,-0.228518,-0.381583,0.931298,-0.056617
224,37.427,B,3,44.465476,-25.080004,43.946285,-25.352726,43.697377,-25.558623,1.182012,1.209279,-20.6523,-0.342248,-23.2503,-0.301301,44.043382,-25.064448,-23.1106,0.304191,0.603264,0.422380,-0.097097,-0.288278,0.422094,-0.015556
225,37.601,B,3,44.638503,-24.947041,44.443909,-25.117737,43.866745,-25.472586,1.093833,1.200797,-24.2169,-0.267390,-24.6588,-0.284274,44.158182,-24.989923,-24.5303,0.313011,0.563825,0.482231,0.285727,-0.127814,0.480321,0.042883
226,37.751,B,3,44.038147,-25.761766,44.511582,-25.159352,44.030947,-25.377770,0.953891,0.457738,-25.4518,-0.325676,-26.7577,-0.431873,44.284992,-24.919374,-26.5583,0.330049,0.524085,0.877813,0.226590,-0.239977,-0.246845,-0.842391
227,37.914,B,3,44.011717,-24.434621,44.511582,-25.159352,44.067875,-25.446711,0.861002,0.370091,-28.1113,-0.306232,-28.6196,-0.232747,44.416225,-24.855344,-28.5121,0.318613,0.686341,0.583639,0.095357,-0.304008,-0.404508,0.420723
228,38.078,B,3,44.609829,-24.087312,44.449265,-25.112177,44.086021,-25.264554,0.275467,0.779812,-28.7476,-0.263293,-30.0126,-0.316733,44.546920,-24.797538,-29.8690,0.329446,0.656150,0.713007,-0.097655,-0.314639,0.062909,0.710226
229,38.226,B,3,43.435944,-24.580508,44.465483,-24.785566,44.207543,-25.049258,0.045842,1.374615,-29.4235,-0.272551,-31.8342,-0.239649,44.681450,-24.737193,-31.7227,0.221318,0.567426,1.255322,-0.215967,-0.048373,-1.245506,0.156685
230,38.390,B,3,43.940849,-24.348149,44.376456,-24.566772,44.089449,-24.959602,-0.447188,0.901611,-30.8310,-0.311564,-33.2302,-0.315892,44.812970,-24.680950,-33.0865,0.451200,0.775326,0.933462,-0.436514,0.114178,-0.872121,0.332800
231,38.568,B,3,44.104950,-24.439425,44.148205,-24.376008,44.087521,-24.840373,-0.455763,0.633186,-34.2588,-0.249972,-34.6454,-0.260933,44.947164,-24.625950,-34.5275,0.837142,0.885981,0.862622,-0.798959,0.249943,-0.842214,0.186525
232,38.744,B,3,44.455525,-24.846589,44.148205,-24.376008,44.109949,-24.759260,-0.397790,0.582288,-35.5638,-0.240252,-36.0289,-0.232655,45.085944,-24.576085,-35.9224,0.958845,0.993035,0.686003,-0.937738,0.200077,-0.630419,-0.270504
233,38.925,B,3,45.101177,-25.511031,44.189927,-24.417845,44.190395,-24.766705,-0.003760,0.274024,-36.6692,-0.230482,-37.3255,-0.221124,45.231623,-24.534519,-37.2241,1.048210,1.066802,0.985187,-1.041696,0.116673,-0.130446,-0.976512
234,39.094,B,3,44.463082,-25.038779,44.377887,-24.660278,44.372987,-24.895788,0.847099,-0.163193,-36.6692,-0.230485,-38.5580,-0.209299,45.386059,-24.502121,-38.4617,1.020502,1.086871,1.067655,-1.008172,-0.158157,-0.922977,-0.536658
235,39.281,B,3,45.498727,-25.042726,44.527796,-24.893958,44.408438,-24.919649,0.778126,-0.285530,-37.9225,-0.220064,-39.7263,-0.199560,45.548757,-24.478063,-39.6351,1.102420,1.222836,0.566875,-1.020961,-0.415895,-0.050030,-0.564663
236,39.481,B,3,45.792729,-24.700677,45.024981,-24.993817,44.624284,-24.941732,1.174617,0.506690,-40.4685,-0.197728,-40.8345,-0.190113,45.717151,-24.460165,-40.7479,0.874004,1.194264,0.252108,-0.692170,-0.533652,0.075578,-0.240512
237,39.647,B,3,46.163452,-24.434471,45.024981,-24.993817,44.857320,-24.899206,1.070391,0.437460,-41.3154,-0.189235,-41.8908,-0.179941,45.887620,-24.446097,-41.8080,1.021833,1.125533,0.276077,-0.862639,-0.547720,0.275832,0.011627
238,39.822,B,3,44.805823,-25.420673,45.379112,-24.877779,45.118554,-24.816032,1.073593,0.966377,-42.3570,-0.181391,-42.9029,-0.173003,46.057237,-24.434476,-42.8235,0.810167,1.013267,1.593305,-0.678125,-0.443303,-1.251413,-0.986197
239,40.006,B,3,47.150589,-25.203125,45.504239,-24.908040,45.087992,-24.925730,0.998027,0.258142,-42.3570,-0.181404,-44.0792,-0.284061,46.225396,-24.423131,-43.9508,0.869024,1.243500,1.210113,-0.721156,-0.484909,0.925193,-0.779995
240,40.191,B,3,46.595401,-24.682212,45.731592,-25.068794,45.485820,-24.980123,1.638585,0.708121,-43.6831,-0.217030,-45.5276,-0.173816,46.385933,-24.405384,-45.4471,0.931813,1.067955,0.347147,-0.654341,-0.663410,0.209469,-0.276828
241,40.375,B,3,46.745804,-25.163520,46.160855,-25.061757,45.716591,-24.931717,1.394196,1.043018,-44.8662,-0.237375,-46.1414,-0.127884,46.545149,-24.394064,-46.0849,0.770387,0.987715,0.795189,-0.384295,-0.667693,0.200655,-0.769456
242,40.552,B,3,46.214593,-24.872122,46.427104,-25.042124,45.934383,-24.978967,1.332606,0.834884,-46.8058,-0.213046,-47.4572,-0.293227,46.705668,-24.378879,-47.3212,0.719369,0.977234,0.696020,-0.278564,-0.663245,-0.491076,-0.493243
243,40.734,B,3,45.798170,-24.811780,46.557236,-25.055039,46.017096,-24.965908,0.936951,0.706078,-48.0664,-0.197555,-48.5957,-0.113797,46.870681,-24.368946,-48.5417,0.754302,1.041620,1.160337,-0.313445,-0.686094,-1.072511,-0.442834
244,40.889,B,3,46.531968,-24.392423,46.488775,-24.997685,46.006990,-24.943589,0.448213,0.480982,-48.0664,-0.197552,-49.6982,-0.285183,47.040342,-24.367169,-49.5684,0.837721,1.183248,0.509001,-0.551567,-0.630516,-0.508375,-0.025254
245,41.030,B,3,46.426260,-25.279187,46.453548,-24.863319,46.128782,-24.848606,0.099963,0.754280,-49.4498,-0.225201,-50.8798,-0.114564,47.211323,-24.367799,-50.8248,0.905407,1.184513,1.202892,-0.757775,-0.495519,-0.785062,-0.911388
246,41.195,B,3,46.750502,-24.673679,46.569507,-24.880573,46.208564,-24.930159,0.265091,0.507180,-51.1499,-0.122193,-51.4262,-0.154491,47.370729,-24.373186,-51.3566,0.948366,1.288738,0.689186,-0.801222,-0.507387,-0.620227,-0.300493
247,41.346,B,3,46.234105,-24.772626,46.569507,-24.880573,46.331680,-24.888682,0.247195,0.454402,-51.8193,-0.185083,-52.8470,-0.324696,47.533174,-24.369661,-52.6980,1.090727,1.308805,1.360133,-0.963667,-0.510911,-1.299069,-0.402964
248,41.532,B,3,46.958057,-24.690236,46.613932,-24.783601,46.338173,-24.871798,0.127286,0.485379,-53.7530,-0.217442,-54.2344,-0.150377,47.688305,-24.357483,-54.1646,1.155792,1.444776,0.802488,-1.074373,-0.426117,-0.730248,-0.332753
249,41.695,B,3,47.186836,-25.091848,46.777876,-24.813401,46.472664,-24.842784,0.493154,0.464187,-54.6466,-0.144034,-54.8175,-0.133229,47.834161,-24.349813,-54.7579,1.153539,1.447996,0.984706,-1.056285,-0.463588,-0.647325,-0.742035
250,41.857,B,3,47.047734,-24.706134,46.918606,-24.843652,46.624622,-24.891740,0.378226,0.542542,-55.5484,-0.211667,-56.0561,-0.258092,47.985458,-24.345628,-55.9376,1.177370,1.466327,1.004635,-1.066852,-0.498024,-0.937724,-0.360506
251,41.998,B,3,48.338831,-24.885303,47.196475,-24.832905,47.011123,-24.866855,0.806192,1.026252,-56.5818,-0.167721,-56.9638,-0.089557,48.137708,-24.350061,-56.9228,1.057856,1.239464,0.571781,-0.941234,-0.482844,0.201123,-0.535241
252,42.171,B,3,48.056483,-23.831605,47.196475,-24.832905,47.040746,-24.871740,0.742277,0.916850,-57.3132,-0.146991,-57.8374,-0.216104,48.293757,-24.363983,-57.7379,1.193280,1.351981,0.582860,-1.097283,-0.468922,-0.237275,0.532378
253,42.318,B,3,48.168718,-24.064654,47.562464,-24.669244,47.246878,-24.687430,0.230932,1.467077,-58.0766,-0.160834,-58.7003,-0.103254,48.455059,-24.387022,-58.6521,0.936149,1.244969,0.431175,-0.892595,-0.282223,-0.286341,0.322367
254,42.477,B,3,47.364032,-24.801714,47.821479,-24.394652,47.442400,-24.575543,0.087619,1.739938,-58.5200,-0.134650,-59.5823,-0.129619,48.618395,-24.417904,-59.5198,0.797255,1.186514,1.311768,-0.796916,0.023251,-1.254362,-0.383810
255,42.643,B,3,48.028987,-25.138950,47.908139,-24.362907,47.457443,-24.615518,0.275432,0.996257,-59.2752,-0.149095,-60.3739,-0.141871,48.780363,-24.454491,-60.3085,0.877019,1.332685,1.016391,-0.872224,0.091584,-0.751376,-0.684459
256,42.798,B,3,48.704782,-24.601180,47.932365,-24.549565,47.587090,-24.710881,0.777372,0.619565,-59.9738,-0.140148,-61.1617,-0.134315,48.940563,-24.494362,-61.0996,1.009708,1.370683,0.258849,-1.008198,-0.055204,-0.235781,-0.106819
257,42.959,B,3,48.736033,-25.093489,48.128811,-24.669909,47.815464,-24.694285,0.814806,0.880422,-60.7350,-0.137860,-61.9429,-0.164742,49.099048,-24.536779,-61.8694,0.979328,1.293211,0.664609,-0.970237,-0.133130,-0.363015,-0.556710
258,43.117,B,3,49.046584,-25.620737,48.363396,-24.747429,48.016150,-24.771121,1.021272,0.729303,-62.0500,-0.178679,-63.2717,-0.206039,49.257716,-24.572710,-63.1771,0.911227,1.257320,1.069083,-0.894320,-0.174719,-0.211132,-1.048028
259,43.277,B,3,49.093233,-25.445074,48.601019,-24.992853,48.232562,-24.931725,1.634223,0.640902,-62.6349,-0.208395,-63.9241,-0.031854,49.411789,-24.609929,-63.9086,0.896649,1.222346,0.893837,-0.810770,-0.382925,-0.318556,-0.835145
260,43.431,B,3,49.014725,-25.324030,48.837840,-25.248194,48.419261,-25.034716,1.667252,0.597965,-63.9007,-0.104989,-64.5926,-0.216166,49.564628,-24.648925,-64.4963,0.941989,1.208595,0.870724,-0.726788,-0.599268,-0.549903,-0.675105
261,43.584,B,3,48.392965,-25.665398,48.989001,-25.372370,48.551724,-25.096399,1.409584,0.551381,-64.3157,-0.141605,-65.8622,-0.152791,49.721470,-24.686505,-65.7904,1.003455,1.239483,1.650199,-0.732469,-0.685866,-1.328505,-0.978894
262,43.741,B,3,48.872501,-25.122135,48.981409,-25.488100,48.557262,-25.214134,1.089033,0.032619,-66.0799,-0.132500,-66.5262,-0.128712,49.876853,-24.736753,-66.4646,1.168906,1.403287,1.075752,-0.895444,-0.751347,-1.004352,-0.385382
263,43.899,B,3,49.324522,-25.207861,48.928811,-25.520270,48.640522,-25.211055,0.629610,0.148863,-66.6719,-0.106415,-67.2031,-0.184391,50.031214,-24.794214,-67.1194,1.320018,1.451820,0.818851,-1.102403,-0.726056,-0.706692,-0.413646
264,44.067,B,3,48.964045,-25.390684,49.009727,-25.443002,48.789531,-25.223121,0.469115,0.416233,-66.9066,-0.123932,-68.4567,-0.158725,50.192093,-24.859560,-68.3812,1.318482,1.448916,1.337982,-1.182367,-0.583442,-1.228048,-0.531124
265,44.231,B,3,49.507897,-24.463467,49.082642,-25.417771,48.845990,-25.265547,0.356531,0.300640,-67.7002,-0.183720,-69.1626,-0.176844,50.346756,-24.928749,-69.0831,1.355406,1.538094,0.959256,-1.264114,-0.489022,-0.838859,0.465282
266,44.388,B,3,49.728580,-25.543121,49.159762,-25.258025,48.989712,-25.131551,-0.302731,0.754140,-68.9885,-0.152663,-70.1453,-0.106088,50.503319,-24.996020,-70.0965,1.368866,1.519663,0.948441,-1.343558,-0.262005,-0.774739,-0.547101
267,44.564,B,3,50.020475,-24.945746,49.331268,-25.157754,49.147683,-25.214773,0.185307,0.681137,-70.4924,-0.159201,-70.9869,-0.130326,50.655977,-25.061045,-70.9280,1.328235,1.516109,0.645877,-1.324709,-0.096710,-0.635502,0.115299
268,44.741,B,3,50.093998,-24.954313,49.541920,-25.170650,49.330839,-25.175637,0.094060,0.936870,-71.4338,-0.144887,-71.8005,-0.140355,50.806776,-25.125692,-71.7367,1.265655,1.476782,0.733091,-1.264857,-0.044958,-0.712778,0.171379
269,44.903,B,3,50.314922,-26.004273,49.756167,-25.083022,49.495299,-25.143781,0.054371,1.128421,-71.4338,-0.144886,-72.5815,-0.132745,50.956894,-25.194980,-72.5202,1.205935,1.462491,1.032997,-1.200727,0.111958,-0.641972,-0.809293
270,45.045,B,3,50.272638,-25.269756,49.962751,-25.209278,49.670337,-25.307934,0.860625,0.945578,-72.4496,-0.136704,-73.3289,-0.126957,51.107942,-25.274615,-73.2704,1.147053,1.437991,0.835318,-1.145191,0.065337,-0.835304,0.004859
271,45.216,B,3,49.786345,-25.455263,50.139319,-25.370811,49.806625,-25.311804,0.689642,0.929078,-73.0542,-0.132124,-74.0397,-0.120347,51.261238,-25.367996,-73.9843,1.121923,1.455698,1.477473,-1.121919,-0.002815,-1.474893,-0.087267
272,45.396,B,3,50.627323,-27.078537,50.181086,-25.397034,49.829248,-25.347876,0.530876,0.491744,-74.4562,-0.119420,-74.7119,-0.115563,51.416953,-25.474752,-74.6596,1.238308,1.592766,1.787636,-1.235867,0.077718,-0.789630,-1.603785
273,45.560,B,3,51.250014,-25.867082,50.250628,-25.733586,49.997638,-25.673329,1.673399,0.292762,-75.0283,-0.113539,-75.3475,-0.109610,51.573897,-25.590974,-75.2979,1.330931,1.578409,0.425601,-1.323269,-0.142612,-0.323883,-0.276109
274,45.720,B,3,51.195413,-26.239801,50.509473,-26.063146,50.249667,-25.725656,1.515095,0.783962,-75.0283,-0.113527,-75.9519,-0.103360,51.730060,-25.711056,-75.9046,1.270354,1.480464,0.751943,-1.220587,-0.352090,-0.534646,-0.528745
275,45.870,B,3,51.297146,-26.707575,50.788577,-26.151296,50.448379,-25.836102,1.464028,0.901738,-75.8263,-0.106530,-76.5307,-0.098261,51.883761,-25.830376,-76.4852,1.141235,1.435394,1.055270,-1.095184,-0.320919,-0.586615,-0.877199
276,46.042,B,3,51.530899,-26.266632,51.211067,-26.476522,50.630362,-26.012723,1.286681,0.996189,-76.8015,-0.097314,-77.0861,-0.092069,52.034545,-25.947028,-77.0425,0.979020,1.405718,0.596494,-0.823478,-0.529494,-0.503646,-0.319604
277,46.213,B,3,52.133819,-25.881152,51.211067,-26.476522,50.822475,-26.079288,1.171475,0.889499,-77.4657,-0.091155,-77.6168,-0.087441,52.183319,-26.062281,-77.5753,1.056821,1.360950,0.187771,-0.972252,-0.414241,-0.049500,0.181129
278,46.373,B,3,51.924960,-26.218193,51.480229,-26.408708,51.090334,-26.063180,0.678579,1.271584,-77.6985,-0.088253,-78.1188,-0.081957,52.331809,-26.180254,-78.0798,0.881691,1.246982,0.408614,-0.851579,-0.228454,-0.406849,-0.037939
279,46.531,B,3,51.801238,-26.651418,51.737440,-26.325764,51.273836,-26.109192,0.564984,1.343574,-77.9305,-0.086896,-78.5882,-0.076399,52.481494,-26.306324,-78.5519,0.744308,1.223642,0.762782,-0.744054,-0.019439,-0.680256,-0.345093
280,46.670,B,3,52.090180,-27.052503,51.873945,-26.386650,51.401528,-26.225097,0.735303,1.070960,-78.4954,-0.079779,-79.0251,-0.074383,52.632725,-26.444498,-78.9912,0.760981,1.250593,0.814877,-0.758779,0.057848,-0.542544,-0.608005
281,46.832,B,3,52.097876,-27.333059,51.984446,-26.577947,51.557394,-26.393972,1.099803,0.903900,-78.8701,-0.076355,-79.4336,-0.070983,52.784681,-26.595449,-79.4018,0.800427,1.243715,1.007855,-0.800235,0.017502,-0.686805,-0.737611
282,47.009,B,3,52.855105,-27.536026,52.095175,-26.842198,51.687077,-26.586191,1.281875,0.617529,-79.6071,-0.070300,-79.8188,-0.067366,52.936014,-26.756203,-79.7888,0.845225,1.260455,0.784009,-0.840839,-0.085995,-0.080910,-0.779823
283,47.168,B,3,52.056292,-28.028623,52.281239,-27.124122,51.927885,-26.781085,1.554561,0.808015,-79.8837,-0.068554,-80.1840,-0.064568,53.085683,-26.921452,-80.1555,0.829582,1.166276,1.511779,-0.804445,-0.202670,-1.029391,-1.107171
284,47.341,B,3,52.319194,-28.277136,52.405792,-27.445263,51.975939,-27.027161,1.955709,0.450173,-80.0324,-0.067192,-80.5297,-0.058801,53.233469,-27.086165,-80.5027,0.902221,1.258914,1.501436,-0.827678,-0.359099,-0.914276,-1.190971
285,47.498,B,3,52.897468,-26.700828,52.404155,-27.799323,52.071176,-27.287357,2.120807,0.254011,-80.3599,-0.063554,-80.8549,-0.054722,53.379845,-27.247896,-80.8297,1.120733,1.309265,0.729364,-0.975691,-0.551426,-0.482378,0.547068
286,47.649,B,3,53.575350,-28.175158,52.510532,-27.809180,52.248282,-27.210967,0.822524,0.638579,-80.7752,-0.057088,-81.1586,-0.047664,53.525463,-27.407430,-81.1351,1.091553,1.292204,0.769347,-1.014931,-0.401750,0.049887,-0.767727
287,47.799,B,3,52.828951,-28.141954,52.773851,-27.762552,52.517161,-27.412112,1.077421,0.891242,-81.2665,-0.048895,-81.4404,-0.046408,53.670679,-27.568319,-81.4186,0.917620,1.164047,1.018609,-0.896828,-0.194233,-0.841729,-0.573635
288,47.950,B,3,53.083253,-27.217506,52.967714,-27.958086,52.603702,-27.572323,1.094954,0.686644,-81.5081,-0.046579,-81.7025,-0.040799,53.815379,-27.735628,-81.6822,0.876369,1.222633,0.896917,-0.847665,-0.222458,-0.732127,0.518123
289,48.117,B,3,53.720548,-28.255942,53.033249,-27.922792,52.719238,-27.535498,0.358751,0.787366,-81.6215,-0.044933,-81.9478,-0.041952,53.959262,-27.913585,-81.9288,0.926059,1.296384,0.417364,-0.926013,-0.009206,-0.238715,-0.342356
290,48.298,B,3,53.171743,-28.789731,53.339807,-28.145953,52.928910,-27.690721,1.202858,0.643071,-82.0538,-0.041922,-82.1772,-0.040120,54.102244,-28.103442,-82.1595,0.763621,1.243806,1.156212,-0.762437,-0.042511,-0.930501,-0.686289
291,48.501,B,3,53.677042,-27.975693,53.427401,-28.282296,53.001639,-27.915800,0.768068,0.758147,-82.3341,-0.039121,-82.3895,-0.036542,54.244519,-28.302932,-82.3731,0.817379,1.301776,0.655069,-0.817118,0.020636,-0.567477,0.327240
292,48.739,B,3,53.068724,-29.358012,53.466465,-28.474536,53.151390,-27.953862,1.465309,0.295442,-82.5228,-0.037209,-82.5836,-0.034386,54.386267,-28.507298,-82.5687,0.920385,1.353223,1.568322,-0.919802,0.032762,-1.317544,-0.850714
293,48.902,B,3,53.421558,-29.460310,53.466465,-28.474536,53.162939,-28.234666,1.352322,0.268711,-82.6634,-0.033762,-82.7616,-0.029779,54.527278,-28.711634,-82.7478,1.086986,1.445309,1.335339,-1.060812,0.237098,-1.105720,-0.748676
294,49.049,B,3,53.368702,-29.123549,53.444948,-28.873214,53.233578,-28.486509,1.813900,0.167343,-82.7300,-0.032004,-82.9273,-0.028806,54.666926,-28.913272,-82.9144,1.222634,1.495531,1.315143,-1.221978,0.040057,-1.298224,-0.210277
295,49.201,B,3,54.068420,-30.060513,53.459267,-29.121742,53.280359,-28.633487,1.551394,0.087788,-82.8738,-0.029171,-83.0843,-0.025331,54.804567,-29.112484,-83.0720,1.345332,1.597700,1.200280,-1.345300,-0.009258,-0.736147,-0.948029
296,49.365,B,3,54.149218,-29.816779,53.560107,-29.392328,53.444345,-28.924258,2.006925,0.315078,-83.0019,-0.027764,-83.2346,-0.025244,54.939962,-29.312040,-83.2228,1.382189,1.545071,0.938103,-1.379855,-0.080288,-0.790744,-0.504739
297,49.523,B,3,54.604918,-29.821620,53.753721,-29.695567,53.594330,-29.120714,1.691874,0.455891,-83.3242,-0.023884,-83.3770,-0.023497,55.073535,-29.516328,-83.3659,1.331929,1.531195,0.559290,-1.319814,-0.179238,-0.468617,-0.305292
298,49.697,B,3,54.037813,-29.856088,53.984565,-29.855779,53.800786,-29.282875,1.498672,0.771079,-83.4086,-0.022719,-83.5081,-0.021307,55.206198,-29.729476,-83.4981,1.228145,1.474664,1.175225,-1.221633,-0.126302,-1.168385,-0.126612
299,49.866,B,3,53.758788,-31.264016,54.131923,-30.253968,53.868167,-29.421425,2.047400,0.243104,-83.6006,-0.020329,-83.6247,-0.019127,55.338744,-29.953250,-83.6159,1.243724,1.563789,2.052893,-1.206821,-0.300718,-1.579956,-1.310767
300,50.032,B,3,54.594846,-30.898478,54.188824,-30.649568,53.999489,-29.987385,2.024207,0.441593,-83.7039,-0.019152,-83.7267,-0.016832,55.471308,-30.186259,-83.7190,1.363606,1.485195,1.129355,-1.282484,-0.463309,-0.876462,-0.712220
301,50.194,B,3,55.025322,-31.290186,54.414262,-30.931591,54.022716,-30.030326,2.123168,0.733177,-83.7738,-0.017303,-83.8185,-0.015361,55.603212,-30.424569,-83.8114,1.292545,1.628925,1.040793,-1.188949,-0.507023,-0.577890,-0.865618
302,50.343,B,3,54.565383,-31.065880,54.414262,-30.931591,54.226308,-30.298855,1.920228,0.659679,-83.8805,-0.015284,-83.9054,-0.016031,55.733337,-30.663582,-83.8985,1.346026,1.550536,1.235298,-1.319074,-0.268009,-1.167954,-0.402298
303,50.499,B,3,55.426706,-31.564361,54.583525,-31.143373,54.310981,-30.479056,1.614055,0.586122,-83.9216,-0.015571,-83.9908,-0.015156,55.860892,-30.900300,-83.9840,1.300289,1.606135,0.793407,-1.277367,-0.243073,-0.434186,-0.664061
304,50.666,B,3,55.836554,-32.563445,55.093947,-31.689234,54.536310,-30.716650,2.414570,1.208620,-84.0230,-0.014107,-84.0748,-0.013762,55.985865,-31.134255,-84.0682,1.050486,1.508510,1.436969,-0.891918,-0.554979,-0.149311,-1.429190
305,50.829,B,3,54.998168,-31.938163,55.278176,-32.012318,54.833268,-31.243851,1.985564,0.887115,-84.1324,-0.012950,-84.1547,-0.012396,56.108927,-31.367347,-84.1485,1.051729,1.281623,1.248846,-0.830751,-0.644970,-1.110759,-0.570816
306,50.988,B,3,54.845973,-31.716250,55.255428,-32.074472,54.861503,-31.292146,1.337549,0.552359,-84.1925,-0.012441,-84.2267,-0.013002,56.231025,-31.603326,-84.2213,1.083406,1.404430,1.389648,-0.975597,-0.471146,-1.385052,-0.112924
307,51.159,B,3,55.317758,-32.247837,55.255428,-32.074472,54.884114,-31.413128,1.209656,0.497793,-84.2578,-0.012198,-84.2887,-0.011029,56.352812,-31.846278,-84.2841,1.120858,1.531239,1.110218,-1.097384,-0.228194,-1.035053,-0.401559
308,51.326,B,3,56.367015,-33.354921,55.262155,-32.138889,54.986006,-31.606542,1.159315,0.467210,-84.3067,-0.009489,-84.3412,-0.008359,56.474312,-32.098515,-84.3373,1.212829,1.567511,1.260979,-1.212157,-0.040374,-0.107297,-1.256406
309,51.496,B,3,55.068812,-32.615582,55.481547,-32.452552,55.260073,-31.966031,1.996485,0.916848,-84.3273,-0.008738,-84.3870,-0.008015,56.595081,-32.359438,-84.3835,1.117421,1.391768,1.547613,-1.113535,-0.093113,-1.526269,-0.256143
310,51.647,B,3,55.857879,-33.544450,55.611301,-32.738885,55.251134,-32.128713,1.562882,0.471083,-84.3747,-0.008222,-84.4285,-0.007862,56.714546,-32.625787,-84.4253,1.109027,1.545529,1.256113,-1.103245,-0.113097,-0.856667,-0.918663
311,51.794,B,3,55.918313,-33.512921,55.624652,-32.966180,55.384240,-32.429429,1.907095,0.505401,-84.4151,-0.007825,-84.4669,-0.006763,56.832346,-32.893193,-84.4639,1.209897,1.520555,1.104319,-1.207694,-0.072988,-0.914033,-0.619729
312,51.947,B,3,56.812948,-33.640456,55.748161,-33.271252,55.504422,-32.671443,1.698224,0.476069,-84.4951,-0.006491,-84.5021,-0.006155,56.948494,-33.158348,-84.4994,1.205630,1.523949,0.500800,-1.200332,-0.112904,-0.135546,-0.482108
313,52.113,B,3,56.551008,-33.809954,55.981380,-33.493819,55.765731,-32.892803,1.664673,0.898192,-84.5036,-0.006851,-84.5335,-0.004331,57.063223,-33.420189,-84.5311,1.084346,1.400580,0.643647,-1.081843,-0.073630,-0.512216,-0.389764
314,52.293,B,3,57.121032,-32.815886,56.508462,-33.653371,55.929179,-33.095113,0.689339,1.364261,-84.5513,-0.003948,-84.5605,-0.003367,57.176760,-33.679997,-84.5585,0.668828,1.377878,0.865906,-0.668298,0.026626,-0.055728,0.864111
315,52.454,B,3,56.797488,-34.657245,56.735691,-33.754845,56.287918,-33.373307,1.474659,1.143577,-84.5569,-0.003304,-84.5829,-0.004966,57.289260,-33.941062,-84.5813,0.584051,1.151100,0.868768,-0.553569,0.186217,-0.491772,-0.716183
316,52.613,B,3,56.718589,-34.628328,56.834651,-34.135850,56.321075,-33.420928,1.731284,0.883898,-84.6023,-0.002900,-84.6005,-0.003469,57.400883,-34.207374,-84.5993,0.570731,1.335846,0.801703,-0.566232,0.071524,-0.682294,-0.420954
317,52.774,B,3,57.318452,-34.726846,56.834651,-34.135850,56.421191,-33.680901,1.565145,0.798586,-84.6104,-0.002204,-84.6126,-0.001732,57.511864,-34.481562,-84.6118,0.760351,1.353006,0.312366,-0.677213,0.345712,-0.193412,-0.245284
318,52.919,B,3,56.367096,-36.055602,56.965924,-34.420484,56.612382,-33.914028,1.660238,0.893737,-84.6195,-0.001378,-84.6181,-0.000578,57.622459,-34.763597,-84.6179,0.740787,1.319857,1.801448,-0.656535,0.343113,-1.255363,-1.292005
319,53.067,B,3,56.746982,-35.527914,57.001755,-34.875393,56.596350,-34.347033,2.638492,0.335402,-84.6202,-0.001287,-84.6169,0.001672,57.732758,-35.050840,-84.6172,0.751763,1.336700,1.095150,-0.731003,0.175447,-0.985775,-0.477074
320,53.223,B,3,57.864566,-36.091731,56.923886,-35.333479,56.643778,-34.599597,2.447915,0.170074,-84.6425,-0.000671,-84.6106,0.001518,57.842513,-35.339334,-84.6112,0.918646,1.408607,0.752720,-0.918627,0.005854,0.022053,-0.752397
321,53.392,B,3,57.619245,-37.011125,57.071557,-35.654727,56.893425,-34.927583,2.561318,0.614890,-84.6195,0.001053,-84.6014,0.001209,57.951229,-35.625736,-84.6022,0.880150,1.267425,1.424611,-0.879672,-0.028991,-0.331984,-1.385390
322,53.561,B,3,57.463811,-36.937312,57.315005,-36.125392,57.051605,-35.356584,2.764232,0.591105,-84.5981,0.001466,-84.5913,0.001687,58.058466,-35.908600,-84.5922,0.774424,1.148255,1.188218,-0.743461,-0.216791,-0.594655,-1.028712
323,53.724,B,3,56.796909,-37.290274,57.441890,-36.593053,57.153177,-35.697906,2.724396,0.515429,-84.5925,0.001079,-84.5806,0.000212,58.164118,-36.188691,-84.5815,0.827721,1.123775,1.755775,-0.722228,-0.404362,-1.367209,-1.101583
324,53.888,B,3,57.257016,-37.645942,57.332755,-37.320914,57.109262,-36.030891,2.716644,-0.006358,-84.5856,0.002086,-84.5680,0.002241,58.268549,-36.468784,-84.5691,1.265637,1.239232,1.552063,-0.935794,-0.852130,-1.011533,-1.177158
325,54.050,B,3,57.455577,-37.161968,57.359667,-37.521001,57.213719,-36.527779,2.002747,0.091313,-84.5686,0.002861,-84.5511,0.002848,58.372430,-36.752594,-84.5527,1.271274,1.180319,1.004095,-1.012763,-0.768407,-0.916853,-0.409374
326,54.206,B,3,57.953010,-37.981103,57.481021,-37.680633,57.362755,-36.835952,2.032621,0.353818,-84.5360,0.003552,-84.5284,0.003972,58.476314,-37.042956,-84.5304,1.182049,1.132636,1.074228,-0.995293,-0.637677,-0.523304,-0.938147
327,54.355,B,3,57.620584,-37.915025,57.481021,-37.680633,57.385600,-36.897425,1.837200,0.320559,-84.5095,0.004684,-84.5004,0.004526,58.580274,-37.340469,-84.5028,1.150682,1.274180,1.118534,-1.099253,-0.340164,-0.959690,-0.574556
328,54.505,B,3,57.769581,-38.002390,57.600945,-37.898832,57.449169,-37.138366,1.624219,0.300167,-84.4480,0.035877,-84.1377,0.155317,58.680536,-37.640213,-84.2070,1.110136,1.329705,0.980312,-1.079591,-0.258619,-0.910955,-0.362178
329,54.659,B,3,57.802626,-38.989655,57.664278,-38.034807,57.527799,-37.350038,1.486819,0.357428,-84.4480,0.035879,-83.7055,-0.003793,58.778072,-37.929612,-83.7050,1.118751,1.378074,1.440550,-1.113794,-0.105195,-0.975446,-1.060043
330,54.816,B,3,59.061617,-38.458463,57.734940,-38.297413,57.597657,-37.701349,1.936738,0.300197,-83.8115,0.050570,-83.9255,0.021880,58.876994,-38.219101,-83.9331,1.144736,1.380134,0.302291,-1.142054,-0.078312,0.184623,-0.239362
331,54.977,B,3,58.237687,-38.473327,57.979855,-38.552796,57.883655,-37.893437,1.641939,0.959298,-83.7925,-0.011707,-83.2681,0.127769,58.966399,-38.491693,-83.3285,0.988435,1.237030,0.728943,-0.986544,-0.061103,-0.728711,0.018366
332,55.147,B,3,57.481479,-39.194290,58.237410,-38.627011,57.972182,-38.051036,1.133925,0.788060,-83.0990,0.047087,-83.0350,-0.044805,59.056873,-38.761321,-83.0169,0.830397,1.296557,1.633808,-0.819463,0.134310,-1.575394,-0.432969
333,55.324,B,3,59.024476,-40.141271,58.195361,-38.783570,57.905923,-38.308685,1.309074,0.248403,-83.1494,-0.008079,-83.2055,0.048478,59.150742,-39.030708,-83.2266,0.986829,1.439060,1.117717,-0.955382,0.247138,-0.126266,-1.110562
334,55.506,B,3,58.536622,-39.462302,58.260757,-39.177956,58.128995,-38.691754,2.187990,0.612849,-83.1494,-0.008076,-82.4524,0.200961,59.242441,-39.305042,-82.5452,0.989876,1.271174,0.723127,-0.981684,0.127086,-0.705820,-0.157260
335,55.672,B,3,58.638179,-39.943659,58.461513,-39.508208,58.226221,-38.883965,1.838290,0.600186,-82.6993,0.130045,-81.6868,0.051923,59.331047,-39.581046,-81.7115,0.872580,1.306354,0.782019,-0.869534,0.072838,-0.692868,-0.362613
336,55.832,B,3,59.045583,-41.177557,58.557827,-39.696069,58.324153,-39.126748,1.813407,0.568592,-82.0179,0.121117,-81.8395,-0.026994,59.419830,-39.864999,-81.8243,0.878400,1.321183,1.364870,-0.862003,0.168930,-0.374247,-1.312558
337,55.982,B,3,58.814043,-40.458236,58.699347,-40.111798,58.478259,-39.549742,2.342867,0.539775,-81.6858,0.052705,-81.4657,0.147909,59.503643,-40.147072,-81.5314,0.805069,1.186683,0.756552,-0.804296,0.035275,-0.689600,-0.311164
338,56.145,B,3,58.811757,-41.732135,58.828364,-40.493913,58.563567,-39.768046,2.016947,0.497785,-81.1300,0.112666,-80.7485,0.050482,59.585926,-40.426274,-80.7735,0.760575,1.215928,1.518095,-0.757562,-0.067639,-0.774169,-1.305861
339,56.341,B,3,58.493923,-41.371740,58.884360,-40.850069,58.632536,-40.177175,2.705990,0.311191,-80.8773,0.086882,-80.8222,0.009897,59.675771,-40.703926,-80.8253,0.804791,1.168677,1.357476,-0.791411,-0.146143,-1.181849,-0.667814
340,56.501,B,3,58.932556,-41.427287,58.867818,-41.246512,58.630062,-40.449280,2.405933,0.037476,-80.7182,0.022200,-80.2700,0.126861,59.761118,-40.978792,-80.3306,0.932555,1.248868,0.942159,-0.893300,-0.267720,-0.828562,-0.448495
341,56.680,B,3,59.538454,-41.894848,58.860826,-41.455188,58.705804,-40.681432,2.045422,0.097283,-80.5327,0.088643,-80.0718,-0.018701,59.847667,-41.254183,-80.0621,1.007104,1.277456,0.711382,-0.986841,-0.201005,-0.309213,-0.640665
342,56.851,B,3,58.983143,-42.172497,59.003722,-41.663304,58.877794,-40.955155,1.831183,0.370780,-79.9397,0.057681,-79.7029,0.076507,59.929591,-41.533734,-79.7399,0.934891,1.200429,1.141833,-0.925868,-0.129569,-0.946448,-0.638763
343,57.028,B,3,59.238524,-44.789975,59.121550,-41.916773,58.919168,-41.229462,1.813707,0.224262,-79.6151,0.033941,-79.5264,0.059672,60.010452,-41.819638,-79.5537,0.894194,1.240648,3.069003,-0.888902,-0.097136,-0.771927,-2.970338
344,57.163,B,3,59.322886,-42.854015,59.161583,-42.594784,58.998471,-41.930666,3.767395,-0.096910,-79.6151,0.033930,-79.2712,0.050842,60.090114,-42.112025,-79.2944,1.046531,1.106606,1.067327,-0.928531,-0.482759,-0.767228,-0.741990
345,57.329,B,3,59.815184,-43.354507,59.377795,-43.372974,59.209300,-42.372895,2.530712,0.341234,-79.1437,0.042858,-79.0354,0.043454,60.172334,-42.408864,-79.0546,1.249320,0.963705,1.010840,-0.794539,-0.964111,-0.357150,-0.945644
346,57.473,B,3,59.007505,-43.681012,59.435969,-43.587254,59.233271,-42.438063,2.211181,0.029963,-78.8326,0.042116,-78.7940,0.041636,60.257244,-42.707197,-78.8133,1.203741,1.058751,1.584349,-0.821276,-0.880056,-1.249740,-0.973814
347,57.662,B,3,58.873347,-43.255955,59.435969,-43.587254,59.210121,-42.711120,1.998604,0.035397,-78.6455,0.041108,-78.5571,0.039010,60.342846,-43.004652,-78.5756,1.077892,1.170139,1.490832,-0.906877,-0.582601,-1.469499,-0.251303
348,57.850,B,3,60.119760,-44.274781,59.329936,-43.686329,59.171169,-42.878576,1.329070,-0.149003,-78.5471,0.040717,-78.3360,0.035820,60.426417,-43.300439,-78.3529,1.162403,1.324241,1.021461,-1.096481,-0.385890,-0.306657,-0.974343
349,57.996,B,3,59.999215,-44.434827,59.400278,-43.825878,59.360371,-43.187629,1.744696,0.229106,-78.4338,0.039582,-78.1365,0.032412,60.506562,-43.595246,-78.1517,1.130069,1.216514,0.980968,-1.106285,-0.230632,-0.507347,-0.839581
350,58.188,B,3,59.602671,-44.356981,59.721503,-44.317277,59.495828,-43.469950,1.609510,0.264118,-77.9804,0.032230,-77.9541,0.031176,60.599823,-43.950154,-77.9328,0.951958,1.203911,1.076949,-0.878320,-0.367122,-0.997152,-0.406826
351,58.341,B,3,60.474683,-44.856195,59.864547,-44.523285,59.703215,-43.896424,1.773115,0.557303,-77.8320,0.031925,-77.7755,0.033285,60.662583,-44.189165,-77.7900,0.865157,1.003037,0.692990,-0.798036,-0.334120,-0.187900,-0.667030
352,58.496,B,3,60.575884,-45.206842,59.864547,-44.523285,59.721055,-43.941318,1.601195,0.508696,-77.6491,0.032643,-77.5881,0.034554,60.744021,-44.492160,-77.6036,0.880025,1.161846,0.734194,-0.879474,-0.031125,-0.168137,-0.714682
353,58.667,B,3,59.542141,-44.926412,60.115135,-44.801567,59.902746,-44.235842,1.809009,0.652045,-77.5556,0.033147,-77.3897,0.036434,60.829138,-44.800298,-77.4058,0.714003,1.084809,1.293161,-0.714002,-0.001269,-1.286997,-0.126114
354,58.827,B,3,60.096400,-45.518084,60.165376,-45.000014,59.855020,-44.401672,1.529320,0.248655,-77.4642,0.033785,-77.1886,0.034025,60.916100,-45.112651,-77.2045,0.759127,1.277256,0.914486,-0.750725,0.112637,-0.819701,-0.405433
355,58.989,B,3,59.793973,-45.549135,60.117311,-45.177975,59.921774,-44.663944,1.629118,0.144080,-77.3128,0.034775,-76.9960,0.031479,61.002208,-45.427165,-77.0110,0.919314,1.322817,1.214375,-0.884897,0.249189,-1.208234,-0.121970
356,59.157,B,3,60.805924,-46.376863,60.101052,-45.395323,59.917486,-44.875309,1.500619,-0.086157,-77.0599,0.032603,-76.8156,0.031265,61.086015,-45.741532,-76.8297,1.044037,1.454580,0.694331,-0.984963,0.346208,-0.280091,-0.635331
357,59.329,B,3,59.826297,-46.824327,60.186385,-45.691761,60.096132,-45.197593,1.819221,0.161068,-76.7533,0.030582,-76.6419,0.031282,61.168325,-46.054102,-76.6558,1.046660,1.372300,1.547348,-0.981940,0.362341,-1.342028,-0.770225
358,59.512,B,3,59.524455,-46.397319,60.254678,-46.121524,60.066234,-45.544166,2.144283,-0.229357,-76.6028,0.031651,-76.4647,0.032939,61.251359,-46.364455,-76.4792,1.025860,1.441317,1.727217,-0.996682,0.242931,-1.726904,-0.032864
359,59.690,B,3,60.875057,-46.388081,60.144279,-46.547127,60.142281,-45.864755,1.574922,0.006873,-76.3949,0.033527,-76.2761,0.033882,61.337067,-46.673732,-76.2917,1.199489,1.442899,0.543184,-1.192788,0.126605,-0.462010,0.285651
360,59.858,B,3,61.255696,-47.282100,60.431819,-46.757616,60.159310,-45.918374,1.961697,0.407575,-76.1423,0.025510,-76.1060,-0.007889,61.425891,-46.984313,-76.1046,1.019593,1.655432,0.342992,-0.994072,0.226697,-0.170196,-0.297786
361,60.029,B,3,60.268234,-47.101443,60.573137,-47.015844,60.355566,-46.372484,1.720992,0.153067,-76.2834,-0.045570,-76.5198,-0.037614,61.519056,-47.289416,-76.5003,0.984685,1.481376,1.264867,-0.945919,0.273572,-1.250822,0.187973
362,60.186,B,3,61.333168,-47.765046,60.573137,-47.015844,60.373489,-46.426054,1.555800,0.136587,-76.4393,0.016465,-76.2512,0.127029,61.607557,-47.595962,-76.3082,1.185986,1.700473,0.322302,-1.034420,0.580118,-0.274389,-0.169084
363,60.350,B,3,61.536115,-48.037817,60.689130,-47.271591,60.564837,-46.718178,1.874152,0.396938,-76.1477,0.028838,-76.1332,-0.081163,61.693734,-47.900406,-76.0981,1.185174,1.634647,0.209107,-1.004604,0.628815,-0.157619,-0.137412
364,60.526,B,3,61.670745,-49.136090,60.962838,-47.605188,60.760628,-47.007877,2.234323,0.639535,-76.1477,0.028840,-76.5885,-0.010205,61.783833,-48.197157,-76.5831,1.012156,1.568864,0.945719,-0.820996,0.591968,-0.113088,-0.938934
365,60.692,B,3,62.058406,-48.615790,61.224677,-48.076652,60.947320,-47.445561,2.975403,0.593248,-76.4557,-0.034129,-76.5062,-0.053925,61.872436,-48.495167,-76.4837,0.771198,1.399110,0.221663,-0.647759,0.418515,0.185970,-0.120623
366,60.875,B,3,61.904032,-49.169170,61.735562,-48.808321,61.172216,-47.712845,2.719771,0.762026,-76.8794,-0.053946,-77.0244,-0.040831,61.966896,-48.781882,-77.0051,0.232841,1.332050,0.392357,-0.231335,-0.026438,-0.062865,-0.387288
367,61.034,B,3,61.516036,-49.440020,61.735562,-48.808321,61.330098,-48.032153,2.462104,0.675661,-77.1089,-0.060090,-77.3161,-0.104608,62.060904,-49.064087,-77.2683,0.413841,1.264502,0.661972,-0.325343,0.255766,-0.544868,-0.375933
368,61.208,B,3,61.173152,-50.049662,61.821666,-49.139075,61.388707,-48.343760,2.378318,0.363299,-77.5231,-0.062038,-77.7654,-0.092497,62.155053,-49.337917,-77.7238,0.388182,1.255243,1.212728,-0.333387,0.198842,-0.981901,-0.711745
369,61.364,B,3,61.275307,-50.168428,61.754800,-49.507643,61.371840,-48.710333,2.636470,-0.124356,-77.5231,-0.062052,-78.3309,-0.102303,62.247591,-49.605348,-78.2838,0.502384,1.252195,1.123564,-0.492791,0.097704,-0.972284,-0.563080
370,61.518,B,3,62.209290,-50.746945,61.640654,-49.878300,61.372870,-49.033712,2.481600,-0.404507,-78.2170,-0.092156,-78.9627,-0.115269,62.338679,-49.868305,-78.9094,0.698096,1.276453,0.888115,-0.698024,-0.009995,-0.129389,-0.878639
371,61.685,B,3,61.037641,-51.008150,61.683866,-50.629858,61.540822,-49.404377,2.557935,-0.616578,-79.5015,-0.120969,-79.6648,-0.127753,62.430186,-50.128061,-79.6063,0.899329,1.146599,1.647343,-0.746320,-0.501797,-1.392546,-0.880089
372,61.843,B,3,61.578024,-51.260973,61.683866,-50.629858,61.465506,-49.756748,2.305045,-0.586117,-80.1084,-0.130036,-80.4260,-0.136982,62.523924,-50.385411,-80.3631,0.874901,1.231043,1.288928,-0.840058,-0.244447,-0.945900,-0.875562
373,61.997,B,3,61.466088,-52.351024,61.576475,-50.973032,61.497612,-50.091971,2.261726,-0.585396,-80.7687,-0.120314,-81.0843,-0.048373,62.620248,-50.641887,-81.0607,1.095043,1.250088,2.062337,-1.043773,-0.331145,-1.154160,-1.709137
374,62.167,B,3,61.496511,-51.667400,61.547940,-51.430034,61.501810,-50.565161,2.960984,-0.759328,-80.7687,-0.120312,-81.4400,-0.139123,62.715303,-50.900391,-81.3782,1.281896,1.258945,1.440054,-1.167363,-0.529643,-1.218791,-0.767010
375,62.338,B,3,61.857408,-51.753331,61.510728,-51.808980,61.508673,-50.831241,2.399492,-0.660101,-81.3626,-0.101373,-82.6186,-0.190684,62.814237,-51.164101,-82.5290,1.454306,1.347329,1.123705,-1.303509,-0.644879,-0.956829,-0.589230
376,62.500,B,3,62.062629,-51.846253,61.649372,-52.028296,61.577965,-51.062940,1.496624,-0.057101,-82.9333,-0.114764,-83.1626,-0.018502,62.905629,-51.426748,-83.1555,1.392854,1.376607,0.941612,-1.256257,-0.601548,-0.843000,-0.419505
377,62.655,B,3,62.191293,-52.105206,61.649372,-52.028296,61.672171,-51.267180,1.352217,-0.065151,-83.5741,-0.132237,-83.8166,-0.201334,62.995412,-51.686930,-83.7270,1.388652,1.388221,0.906401,-1.346040,-0.341366,-0.804120,-0.418276
378,62.827,B,3,62.562835,-52.990077,61.791918,-52.115674,61.773056,-51.479059,1.210052,0.164606,-84.2714,-0.127649,-84.5798,-0.041861,63.087347,-51.945600,-84.5591,1.306546,1.394640,1.168780,-1.295429,-0.170075,-0.524512,-1.044478
379,62.996,B,3,62.250189,-53.169232,62.143555,-52.708928,61.981765,-52.052620,1.974583,0.400238,-85.0138,-0.123650,-85.2432,-0.139863,63.196353,-52.255445,-85.2432,1.146312,1.231407,1.315383,-1.052799,-0.453483,-0.946164,-0.913787
380,63.142,B,3,61.875426,-53.301995,62.158610,-53.010555,61.971027,-52.327473,1.956530,0.128312,-85.4973,-0.106540,-85.7655,-0.106551,63.286850,-52.516707,-85.7655,1.231588,1.329360,1.615176,-1.128239,-0.493847,-1.411424,-0.785287
381,63.287,B,3,62.394815,-53.503905,62.179026,-53.270746,61.978566,-52.391142,1.915390,0.214380,-86.0989,-0.098630,-86.2577,-0.100108,63.358804,-52.729832,-86.2130,1.297869,1.421184,1.236311,-1.179777,-0.540914,-0.963989,-0.774074
382,63.465,B,3,62.482599,-54.202046,62.274135,-53.580105,62.060975,-52.656445,2.269538,0.263505,-86.5087,-0.094703,-86.7923,-0.091418,63.446286,-53.002467,-86.7503,1.306753,1.427872,1.538728,-1.172151,-0.577638,-0.963687,-1.199579
383,63.654,B,3,63.499596,-53.594550,62.274135,-53.580105,62.143584,-52.990687,2.053610,0.219096,-87.0201,-0.090592,-87.3083,-0.087995,63.530824,-53.281534,-87.2676,1.291670,1.417402,0.314570,-1.256689,-0.298571,-0.031228,-0.313016
384,63.802,B,3,62.505487,-53.669380,62.710243,-53.882552,62.397248,-53.158974,1.260290,0.617595,-87.5677,-0.086316,-87.8052,-0.082957,63.613333,-53.564777,-87.7663,0.957368,1.282006,1.112774,-0.903090,-0.317775,-1.107846,-0.104603
385,63.945,B,3,63.716218,-53.846726,62.884365,-53.927084,62.656791,-53.403059,1.038221,1.066408,-88.0108,-0.083075,-88.2779,-0.079119,63.695022,-53.849209,-88.2410,0.814389,1.130032,0.021341,-0.810657,-0.077875,0.021196,0.002482
386,64.094,B,3,63.249446,-54.795850,63.125451,-54.138505,62.672620,-53.458088,1.531729,0.979297,-88.6513,-0.077578,-88.7253,-0.073664,63.776405,-54.132641,-88.6904,0.650980,1.293585,0.847072,-0.650953,-0.005864,-0.526958,-0.663209
387,64.255,B,3,62.963857,-54.373558,63.125451,-54.138505,62.788233,-53.740973,1.391328,0.874530,-89.0234,-0.075468,-89.1516,-0.074971,63.856840,-54.414566,-89.1181,0.781754,1.263190,0.893925,-0.731389,0.276060,-0.892984,0.041008
388,64.409,B,3,64.002407,-55.665928,63.190512,-54.376723,62.836886,-53.915865,1.213811,0.640238,-89.1991,-0.075442,-89.7657,-0.191384,63.936715,-54.694939,-89.6816,0.811221,1.347806,0.973208,-0.746203,0.318216,0.065692,-0.970989
389,64.586,B,3,62.526383,-55.585539,63.337308,-54.694254,63.061548,-54.283621,2.072574,1.006108,-89.4491,-0.109513,-90.6731,-0.082298,64.015245,-54.965433,-90.6346,0.730162,1.172350,1.612836,-0.677937,0.271179,-1.488862,-0.620105
390,64.753,B,3,62.814956,-55.926791,63.373647,-55.132325,62.979181,-54.572348,2.212429,0.310096,-90.1361,-0.156910,-90.7800,-0.041329,64.087133,-55.239001,-90.7631,0.721417,1.293052,1.446198,-0.713486,0.106676,-1.272177,-0.687791
391,64.938,B,3,62.719924,-56.786443,63.081366,-55.938246,62.960057,-54.871116,2.799590,-0.232042,-91.2268,-0.134182,-91.6117,-0.209643,64.161758,-55.508264,-91.5140,1.162812,1.360163,1.926818,-1.080392,-0.429982,-1.441835,-1.278179
392,65.097,B,3,62.885969,-56.335525,63.081366,-55.938246,62.924094,-55.272733,2.527525,-0.243859,-91.9424,-0.121281,-92.2852,-0.032812,64.235980,-55.779596,-92.2676,1.165462,1.406398,1.459995,-1.154614,-0.158649,-1.350011,-0.555929
393,65.273,B,3,63.724393,-57.351765,62.985098,-56.318377,62.922399,-55.521969,2.226540,-0.291266,-92.4522,-0.103842,-92.9381,-0.205001,64.309341,-56.053568,-92.8444,1.350460,1.485330,1.423895,-1.324243,-0.264809,-0.584948,-1.298196
394,65.444,B,3,63.171673,-57.278552,63.161767,-57.057242,63.071836,-55.910303,2.545361,0.121789,-93.4761,-0.123300,-93.7686,-0.089155,64.384986,-56.323789,-93.7269,1.426260,1.376711,1.543924,-1.223219,-0.733453,-1.213313,-0.954763
395,65.596,B,3,63.110957,-56.550630,63.151733,-57.168676,63.097949,-56.276272,1.595089,0.017279,-94.1146,-0.150501,-94.6748,-0.149751,64.459058,-56.588400,-94.6048,1.430321,1.396439,1.348630,-1.307325,-0.580277,-1.348101,0.037770
396,65.765,B,3,63.260028,-58.149412,63.154954,-57.361247,63.130094,-56.657534,2.117428,0.110911,-95.3565,-0.162122,-95.5921,-0.170174,64.531442,-56.844446,-95.5146,1.470307,1.413758,1.821929,-1.376488,-0.516801,-1.271413,-1.304966
397,65.929,B,3,63.421377,-56.807055,63.154954,-57.361247,63.133031,-56.719510,1.915388,0.068416,-96.1926,-0.172197,-96.5946,-0.180957,64.603287,-57.091035,-96.5122,1.473324,1.516471,1.215548,-1.448333,-0.270212,-1.181910,0.283980
398,66.106,B,3,63.580601,-58.584194,63.202116,-57.517879,63.187182,-56.791524,1.045188,0.119964,-96.9236,-0.179156,-97.6526,-0.188279,64.675741,-57.330348,-97.5661,1.485509,1.583078,1.664770,-1.473624,-0.187531,-1.095139,-1.253846
399,66.291,B,3,63.660633,-58.834829,63.288275,-57.682447,63.259887,-57.169266,1.815322,0.379887,-97.3592,-0.183137,-98.6977,-0.184091,64.748065,-57.564550,-98.6129,1.464543,1.539780,1.672159,-1.459789,-0.117897,-1.087431,-1.270279
400,66.467,B,3,63.613377,-58.253829,63.477893,-58.413754,63.333799,-57.526528,1.735965,0.501594,-99.5102,-0.188824,-99.7729,-0.192029,64.821392,-57.798606,-99.6860,1.477632,1.512269,1.290940,-1.343499,-0.615148,-1.208014,-0.455223
401,66.634,B,3,63.430567,-59.007167,63.502784,-58.616671,63.385850,-57.714755,1.872292,0.417408,-100.4487,-0.191718,-100.8769,-0.195361,64.894591,-58.034612,-100.7873,1.508614,1.542273,1.757620,-1.391806,-0.582059,-1.464023,-0.972555
402,66.786,B,3,64.740360,-58.692581,63.502784,-58.616671,63.394560,-58.003632,1.699437,0.344233,-101.2452,-0.196486,-102.0198,-0.204817,64.965934,-58.272158,-101.9264,1.503162,1.594152,0.477115,-1.463150,-0.344513,-0.225573,-0.420423
403,66.940,B,3,64.393972,-59.006592,63.685472,-58.815688,63.639026,-58.183352,1.299618,0.874006,-102.2702,-0.203770,-103.2173,-0.214297,65.034981,-58.508786,-103.1195,1.383967,1.433388,0.811605,-1.349509,-0.306901,-0.641009,-0.497806
404,67.108,B,3,64.028357,-58.824101,63.973209,-58.936917,63.779995,-58.385590,1.228874,1.094389,-102.7324,-0.206946,-104.4654,-0.222583,65.103200,-58.740805,-104.3639,1.146883,1.370054,1.078066,-1.129991,-0.196112,-1.074843,-0.083296
405,67.287,B,3,64.111823,-59.799042,64.091081,-59.023076,63.830123,-58.516384,0.891531,0.849556,-103.6216,-0.214136,-105.7569,-0.229321,65.173107,-58.965493,-105.6521,1.083557,1.416088,1.349492,-1.082025,-0.057583,-1.061284,-0.833549
406,67.466,B,3,64.404898,-59.823350,64.204442,-59.502370,63.885140,-58.798069,1.425884,0.903961,-106.4540,-0.229812,-107.0861,-0.234231,65.246513,-59.182241,-106.9784,1.090135,1.414540,1.057987,-1.042071,-0.320128,-0.841615,-0.641109
407,67.641,B,3,64.317251,-59.244457,64.204442,-59.502370,63.982626,-59.033863,1.307568,0.786876,-107.6504,-0.234816,-108.4508,-0.239995,65.323373,-59.392493,-108.3403,1.124313,1.387883,1.016954,-1.118931,-0.109877,-1.006122,0.148035
408,67.827,B,3,64.471817,-59.567293,64.279127,-59.611278,64.046981,-59.121117,0.836953,0.612735,-108.6393,-0.239505,-109.8523,-0.246676,65.401800,-59.599095,-109.7387,1.122739,1.436662,0.930527,-1.122673,-0.012183,-0.929983,0.031801
409,67.974,B,3,64.113037,-59.988319,64.337848,-59.621474,64.127470,-59.247862,0.706028,0.638318,-109.2229,-0.241961,-111.2924,-0.253380,65.479259,-59.805217,-111.1757,1.156106,1.462182,1.378437,-1.141411,0.183744,-1.366222,-0.183102
410,68.120,B,3,64.834851,-61.347361,64.347427,-59.737755,64.127889,-59.425617,0.887616,0.472527,-110.4769,-0.247892,-112.7704,-0.263304,65.554219,-60.013052,-112.6508,1.237795,1.542562,1.515873,-1.206793,0.275297,-0.719368,-1.334309
411,68.279,B,3,64.443386,-60.297617,64.404305,-60.129092,64.257052,-59.817732,1.778836,1.045984,-112.3224,-0.256085,-114.2767,-0.252791,65.626964,-60.222966,-114.1598,1.226257,1.428591,1.185930,-1.222659,0.093874,-1.183578,-0.074651
412,68.432,B,3,64.898661,-60.448292,64.488553,-60.471767,64.292937,-59.951428,1.282198,0.670702,-114.8115,-0.197965,-115.2736,-0.181427,65.694700,-60.436092,-115.1930,1.206675,1.483186,0.796132,-1.206147,-0.035676,-0.796039,-0.012200
413,68.632,B,3,64.047552,-61.533583,64.553319,-60.549302,64.404554,-60.086115,0.976897,0.727223,-115.5017,-0.207103,-116.7944,-0.346392,65.762015,-60.653617,-116.6381,1.213189,1.471313,1.927102,-1.208696,0.104315,-1.714463,-0.879966
414,68.806,B,3,64.402047,-61.721467,64.542691,-60.796425,64.341188,-60.391478,1.676199,0.675099,-116.0394,-0.253384,-118.4144,-0.191198,65.828342,-60.871623,-118.3250,1.287848,1.562743,1.660287,-1.285651,0.075198,-1.426295,-0.849844
415,68.985,B,3,64.689676,-61.338073,64.452160,-61.188697,64.350499,-60.677348,1.927045,0.729870,-117.5975,-0.267327,-119.3540,-0.222679,65.888099,-61.080612,-119.2535,1.440001,1.589603,1.225767,-1.435939,-0.108085,-1.198423,-0.257462
416,69.145,B,3,64.654728,-62.202530,64.464274,-61.429390,64.409528,-60.842841,1.528261,0.677754,-119.2548,-0.205667,-120.8730,-0.213063,65.951713,-61.290428,-120.7727,1.493916,1.605823,1.585591,-1.487439,-0.138962,-1.296984,-0.912102
417,69.309,B,3,64.740246,-61.385342,64.511043,-61.665988,64.451367,-61.133987,1.585736,0.758249,-121.4660,-0.181356,-121.8141,-0.207531,66.009884,-61.495820,-121.7206,1.508470,1.599967,1.274435,-1.498841,-0.170168,-1.269637,0.110477
418,69.493,B,3,64.279412,-62.235715,64.554958,-61.823166,64.501719,-61.216070,1.009719,0.552050,-122.3546,-0.208950,-123.0259,-0.148064,66.066855,-61.706553,-122.9575,1.516387,1.640190,1.864126,-1.511897,-0.116613,-1.787443,-0.529162
419,69.661,B,3,64.476616,-62.925073,64.532523,-61.916747,64.458563,-61.450679,1.283241,0.525428,-122.8136,-0.184065,-124.0646,-0.183529,66.115532,-61.921754,-123.9786,1.583016,1.722630,1.921638,-1.583009,0.005007,-1.638916,-1.003319
420,69.828,B,3,65.207016,-62.851353,64.476668,-62.234376,64.457002,-61.762716,1.673273,0.776880,-123.5709,-0.190679,-125.0403,-0.168625,66.155598,-62.144082,-124.9629,1.681356,1.740881,1.183233,-1.678930,-0.090294,-0.948582,-0.707271
421,70.000,B,3,65.114784,-62.299454,64.569750,-62.569764,64.588860,-61.993940,1.459869,1.130461,-124.8773,-0.175212,-125.9826,-0.160468,66.187364,-62.372740,-125.9090,1.629568,1.642773,1.075080,-1.617614,-0.197024,-1.072579,0.073286
422,70.168,B,3,65.150685,-62.711045,64.740592,-62.688628,64.679115,-62.093563,0.753668,0.835888,-126.4952,-0.159986,-126.8774,-0.153627,66.212831,-62.605057,-126.8075,1.474609,1.616760,1.067421,-1.472239,-0.083571,-1.062146,-0.105987
423,70.347,B,3,65.723406,-63.855340,64.868244,-62.715282,64.764360,-62.255723,0.577583,0.864984,-127.2677,-0.151925,-127.7262,-0.143718,66.234705,-62.837854,-127.6599,1.371948,1.581389,1.138729,-1.366461,0.122572,-0.511299,-1.017486
424,70.530,B,3,65.186332,-63.925233,65.060879,-62.985366,64.939424,-62.589306,0.965551,1.634916,-127.2677,-0.151927,-128.5323,-0.137806,66.254764,-63.068738,-128.4693,1.196792,1.399991,1.369353,-1.193885,0.083372,-1.068431,-0.856495
425,70.706,B,3,64.681623,-63.670150,65.172996,-63.656161,64.932532,-63.018250,1.289967,1.197467,-129.0123,-0.135771,-129.2993,-0.130588,66.273269,-63.296995,-129.2393,1.157412,1.369407,1.634804,-1.100274,-0.359166,-1.591647,-0.373155
426,70.862,B,3,65.745891,-63.603196,65.205142,-63.766559,64.933376,-63.066821,0.785924,1.190018,-129.5842,-0.103080,-129.6991,0.023292,66.288923,-63.519319,-129.7084,1.111624,1.429077,0.549472,-1.083781,-0.247241,-0.543032,-0.083878
427,71.021,B,3,64.632898,-64.079481,65.205142,-63.766559,65.002159,-63.363667,0.717213,1.071128,-129.8932,-0.079302,-129.9949,-0.130027,66.307434,-63.733249,-129.9378,1.102795,1.356589,1.709955,-1.102292,-0.033310,-1.674536,-0.346231
428,71.192,B,3,65.471541,-64.234003,65.216363,-63.891751,65.003049,-63.409683,0.972432,0.766415,-130.4681,-0.135476,-130.8985,-0.096034,66.319385,-63.954371,-130.8528,1.104798,1.424580,0.892767,-1.103022,0.062620,-0.847843,-0.279632
429,71.361,B,3,65.301593,-65.745717,65.178787,-64.070086,65.088611,-63.601703,0.912732,0.955083,-130.4681,-0.135474,-130.8913,0.017960,66.326559,-64.166694,-130.9009,1.151830,1.360783,1.882516,-1.147771,0.096608,-1.024965,-1.579023
430,71.539,B,3,65.066992,-64.598949,65.245709,-64.478901,65.128846,-64.033726,1.688280,1.621834,-130.9847,-0.019091,-131.2332,-0.088804,66.326443,-64.386646,-131.1907,1.084665,1.248515,1.277220,-1.080734,-0.092255,-1.259451,-0.212303
431,71.724,B,3,65.572167,-64.739945,65.236248,-64.839122,65.119391,-64.182878,1.346399,1.156569,-131.1143,-0.065834,-131.1807,0.053533,66.320381,-64.604854,-131.2067,1.109156,1.272965,0.760312,-1.084133,-0.234269,-0.748214,-0.135091
432,71.901,B,3,64.088271,-65.824901,65.263700,-64.905535,65.203260,-64.328541,0.823358,0.934894,-131.1831,0.002497,-131.1663,0.020054,66.310731,-64.820870,-131.1734,1.050448,1.211973,2.438731,-1.047030,-0.084666,-2.222460,-1.004032
433,72.062,B,3,65.256607,-66.869784,65.138348,-65.137196,65.002943,-64.643273,1.577623,0.753419,-131.1472,0.020349,-130.9461,0.022081,66.301269,-65.028925,-130.9572,1.167949,1.354391,2.116620,-1.162920,-0.108271,-1.044662,-1.840859
434,72.228,B,3,65.127074,-66.226295,64.987849,-65.668627,65.047131,-65.093432,2.228589,1.580417,-131.0657,0.031021,-130.6494,0.060985,66.294030,-65.228270,-130.6772,1.378414,1.254169,1.535526,-1.306182,-0.440357,-1.166957,-0.998024
435,72.390,B,3,64.220226,-66.022875,65.024349,-66.123883,65.061128,-65.349166,1.940450,1.473865,-130.8395,0.045189,-130.2475,0.076268,66.289317,-65.418463,-130.2833,1.448365,1.230142,2.155563,-1.264968,-0.705420,-2.069091,-0.604412
436,72.570,B,3,64.556706,-65.678078,64.905204,-66.283260,64.907998,-65.521183,1.754520,0.779928,-130.4977,0.062685,-129.7464,0.096179,66.285381,-65.602197,-129.7901,1.539069,1.379763,1.730339,-1.380177,-0.681063,-1.728674,-0.075881
437,72.747,B,3,65.269247,-66.085010,64.727094,-66.260367,64.841059,-65.597120,1.039021,0.217431,-129.4794,0.097086,-129.1486,0.113008,66.279100,-65.783182,-129.1999,1.623709,1.450028,1.053994,-1.552006,-0.477185,-1.009854,-0.301828
438,72.931,B,3,65.113494,-65.396400,64.747365,-66.213592,64.915573,-65.729546,0.626643,0.349997,-128.8735,0.113229,-128.4586,0.127026,66.267396,-65.964703,-128.5170,1.540273,1.372124,1.286257,-1.520032,-0.248890,-1.153902,0.568303
439,73.105,B,3,64.175971,-67.312296,64.859092,-66.099791,64.950710,-65.710157,-0.039122,0.020704,-128.8735,0.113229,-127.6829,0.143469,66.248847,-66.148298,-127.7480,1.390601,1.370083,2.377332,-1.389755,0.048508,-2.072876,-1.163998
440,73.270,B,3,64.670708,-66.908259,64.790756,-66.214168,64.810207,-66.038287,1.030375,0.375538,-127.8669,0.134330,-126.8255,0.156739,66.224524,-66.333248,-126.8970,1.438705,1.444748,1.656799,-1.433768,0.119080,-1.553816,-0.575011
441,73.434,B,3,65.326246,-67.097412,64.669138,-66.566942,64.783010,-66.236256,1.138513,0.533122,-127.2227,0.145271,-125.8881,0.170654,66.197568,-66.516847,-125.9660,1.529251,1.442119,1.047022,-1.528430,-0.050094,-0.871322,-0.580564
442,73.595,B,3,64.170492,-66.670757,64.749155,-66.793081,64.880757,-66.432315,0.869037,0.859084,-125.2870,0.172296,-124.8739,0.182122,66.171594,-66.695457,-124.9578,1.425784,1.317384,2.001255,-1.422438,-0.097623,-2.001102,0.024700
443,73.760,B,3,64.451911,-66.740992,64.747781,-66.905016,64.753152,-66.514838,0.793503,0.372957,-124.3927,0.183288,-123.7890,0.194860,66.148719,-66.866205,-123.8782,1.401475,1.439120,1.701422,-1.400938,-0.038811,-1.696808,0.125213
444,73.931,B,3,65.040192,-68.617993,64.618240,-66.904329,64.697755,-66.592501,0.674187,0.170840,-124.3927,0.183286,-122.6408,0.205144,66.128722,-67.028224,-122.7348,1.515554,1.495835,1.926723,-1.510482,0.123896,-1.088530,-1.589769
445,74.091,B,3,65.374704,-67.486535,64.641873,-67.230866,64.759916,-66.995355,1.522576,1.115441,-122.9889,0.197902,-121.4357,0.213412,66.109554,-67.182951,-121.5341,1.468462,1.362613,0.795090,-1.467680,-0.047915,-0.734850,-0.303584
446,74.289,B,3,64.792432,-68.410178,64.914079,-67.829325,64.874179,-67.123521,1.335142,1.304391,-120.7215,0.217141,-120.1768,0.223684,66.088483,-67.333785,-120.2795,1.274671,1.232374,1.684746,-1.174404,-0.495541,-1.296051,-1.076393
447,74.463,B,3,65.546354,-68.172080,64.914079,-67.829325,64.865221,-67.394844,1.180358,1.205598,-119.6388,0.225043,-118.8629,0.235079,66.063527,-67.484804,-118.9701,1.199969,1.201677,0.860126,-1.149448,-0.344521,-0.517172,-0.687277
448,74.636,B,3,64.288482,-68.419683,65.024882,-68.095236,64.995612,-67.574643,0.900091,1.370698,-118.5898,0.233010,-117.4966,0.243572,66.033849,-67.638019,-117.6078,1.107728,1.040170,1.912408,-1.008967,-0.457217,-1.745367,-0.781664
449,74.792,B,3,65.101491,-67.611842,65.036555,-68.271479,64.876610,-67.766444,1.195000,0.954316,-118.0478,0.235774,-116.0723,0.252405,66.001045,-67.793556,-116.1885,1.076406,1.124761,0.917723,-0.964489,-0.477923,-0.899554,0.181713
450,74.939,B,3,64.821336,-68.472144,64.973982,-68.275222,64.924409,-67.775773,0.406411,0.611375,-116.9141,0.242397,-114.5877,0.262651,65.968084,-67.949552,-114.7084,1.046088,1.058044,1.260212,-0.994102,-0.325670,-1.146748,-0.522592
451,75.103,B,3,64.009161,-68.531595,64.995420,-68.257232,64.913980,-67.935654,0.569237,0.535568,-114.9700,0.255210,-113.0522,0.267981,65.936454,-68.101517,-113.1766,0.953830,1.035840,1.974696,-0.941034,-0.155715,-1.927293,-0.430078
452,75.275,B,3,65.569463,-68.330251,64.841454,-68.388019,64.901684,-68.122144,0.758098,0.079737,-112.4303,0.270257,-111.4763,0.278101,65.906285,-68.245663,-111.6037,1.074304,1.012166,0.347280,-1.064830,-0.142355,-0.336821,-0.084587
453,75.463,B,3,65.090299,-68.574876,64.826350,-68.450943,64.908525,-68.148748,0.369099,0.421390,-111.0570,0.277810,-109.8671,0.286059,65.876799,-68.380724,-109.9970,1.052794,0.995675,0.810110,-1.050449,-0.070219,-0.786501,-0.194152
454,75.669,B,3,64.564663,-70.209042,64.979442,-68.491899,64.949922,-68.254873,0.384276,0.492563,-110.3773,0.280381,-108.4982,0.149391,65.848380,-68.510700,-108.5679,0.869141,0.934170,2.128919,-0.868938,0.018801,-1.283716,-1.698343
455,75.851,B,3,65.049118,-68.974483,64.949721,-68.851092,64.889850,-68.636782,1.637601,0.685376,-108.8876,0.243331,-107.7747,0.254012,65.826237,-68.634516,-107.8901,0.902876,0.936390,0.848228,-0.876516,-0.216576,-0.777119,-0.339967
456,76.025,B,3,64.947975,-70.112719,64.919327,-69.189161,64.928415,-68.737329,1.176564,0.620405,-108.1405,0.152366,-106.3626,0.266489,65.798993,-68.760994,-106.4828,0.978335,0.870900,1.597308,-0.879667,-0.428167,-0.851018,-1.351725
457,76.174,B,3,64.263009,-70.617999,64.954199,-69.392573,64.939999,-69.013797,1.645540,0.776266,-107.3195,0.213347,-104.5659,0.269799,65.770994,-68.895084,-104.6919,0.956373,0.839432,2.289641,-0.816795,-0.497490,-1.507985,-1.722915
458,76.348,B,3,64.707647,-68.244530,64.764486,-69.824840,64.807142,-69.150968,0.411591,0.060201,-103.8368,0.175890,-103.6814,0.051219,65.748389,-69.030604,-103.7070,1.264467,0.948912,1.304245,-0.983902,-0.794237,-1.040742,0.786074
459,76.525,B,3,65.257653,-69.837012,64.834985,-69.621891,64.892626,-69.299686,0.477655,0.369180,-103.1004,0.166933,-102.9294,0.207706,65.726152,-69.166484,-103.0228,1.000787,0.844102,0.817985,-0.891167,-0.455406,-0.468499,-0.670528
460,76.715,B,3,64.940020,-69.870867,64.921874,-69.734471,64.908226,-69.427495,0.527573,0.370171,-102.0589,0.154856,-101.7793,0.114379,65.699411,-69.304344,-101.8335,0.888579,0.800713,0.947430,-0.777537,-0.430126,-0.759391,-0.566523
461,76.888,B,3,64.395926,-69.612221,64.862686,-69.772490,64.916952,-69.458687,0.370410,0.004123,-101.5188,0.089922,-101.4161,0.103605,65.681319,-69.433428,-101.4625,0.886072,0.764784,1.297768,-0.818633,-0.339062,-1.285392,-0.178793
462,77.077,B,3,64.651476,-70.859730,64.862686,-69.772490,64.830211,-69.515029,0.334752,0.007549,-101.0966,0.124544,-100.6837,0.061383,65.662600,-69.558727,-100.7139,0.827984,0.833536,1.647720,-0.799915,-0.213763,-1.011125,-1.301002
463,77.256,B,3,64.466219,-70.482539,64.765154,-69.968541,64.803719,-69.786345,1.076723,0.113535,-100.6215,0.070795,-100.3446,0.096969,65.650873,-69.677018,-100.3913,0.932461,0.854179,1.432574,-0.885719,-0.291523,-1.184654,-0.805521
464,77.421,B,3,64.811634,-71.153519,64.695123,-70.267854,64.747429,-69.942596,1.234020,0.004078,-100.4878,0.080472,-100.0644,0.047272,65.641008,-69.793314,-100.0871,1.058247,0.905963,1.593117,-0.945885,-0.474540,-0.829374,-1.360206
465,77.577,B,3,64.903977,-70.480042,64.714300,-70.725773,64.788002,-70.243713,1.133728,0.259054,-99.9059,0.031657,-99.8976,0.018763,65.631724,-69.910727,-99.9066,1.227178,0.907053,0.923977,-0.917423,-0.815046,-0.727746,-0.569315
466,77.743,B,3,64.033774,-70.852191,64.640348,-70.790795,64.792525,-70.276601,1.101513,-0.142607,-99.8289,0.013863,-99.8501,-0.002923,65.621317,-70.032112,-99.8495,1.240121,0.864101,1.786847,-0.980969,-0.758683,-1.587543,-0.820080
467,77.899,B,3,64.058606,-69.861273,64.640348,-70.790795,64.658494,-70.411393,0.995715,-0.128620,-99.8501,-0.003633,-99.9182,-0.020738,65.609685,-70.158274,-99.9087,1.157453,0.984293,1.579258,-0.969337,-0.632521,-1.551079,0.297001
468,78.071,B,3,64.196047,-71.106685,64.452796,-70.704504,64.549696,-70.340692,0.181946,-0.474927,-99.9559,-0.020348,-100.0920,-0.036878,65.598141,-70.287663,-100.0744,1.218841,1.049785,1.623781,-1.145346,-0.416840,-1.402094,-0.819021
469,78.242,B,3,64.566537,-71.236688,64.325846,-70.661795,64.483231,-70.504704,0.604251,-0.456809,-100.0346,-0.027378,-100.3614,-0.055102,65.588456,-70.416997,-100.3365,1.286122,1.108700,1.310043,-1.262610,-0.244798,-1.021919,-0.819691
470,78.414,B,3,65.025758,-71.757259,64.305354,-70.863366,64.495046,-70.663339,0.841083,-0.175991,-100.2210,-0.040448,-100.7209,-0.069773,65.581657,-70.542797,-100.6889,1.315947,1.093278,1.335644,-1.276304,-0.320570,-0.555899,-1.214463
471,78.601,B,3,65.187462,-71.023414,64.423686,-71.130469,64.588940,-70.888545,1.244316,0.324228,-100.6184,-0.060257,-101.1693,-0.086036,65.577399,-70.663080,-101.1301,1.244792,1.013847,0.530935,-1.153713,-0.467389,-0.389937,-0.360334
472,78.785,B,3,64.817913,-70.829913,64.621504,-71.287613,64.697444,-70.941021,0.687100,0.518469,-101.4024,-0.087623,-101.7015,-0.102716,65.574385,-70.777723,-101.6559,1.080726,0.892015,0.758270,-0.952881,-0.509889,-0.756472,-0.052189
473,78.964,B,3,64.408635,-71.121140,64.753061,-71.224424,64.721110,-70.946573,0.254421,0.429301,-101.9114,-0.102142,-102.3181,-0.118372,65.571188,-70.888797,-102.2657,0.884294,0.852039,1.185543,-0.818126,-0.335627,-1.162553,-0.232344
474,79.115,B,3,64.931154,-71.525367,64.737788,-71.173412,64.665912,-71.001244,0.225753,0.183627,-102.2158,-0.108994,-103.0164,-0.130353,65.567121,-70.999890,-102.9577,0.847291,0.901210,0.824973,-0.829333,-0.173522,-0.635967,-0.525477
475,79.288,B,3,63.737279,-73.012231,64.627086,-71.631782,64.714206,-71.118197,1.768681,0.020268,-103.3858,-0.130937,-103.7893,-0.140985,65.561532,-71.138015,-103.8865,1.056879,0.847558,2.615451,-0.934445,-0.493767,-1.824253,-1.874216
476,79.438,B,3,64.599574,-72.083754,64.483950,-72.025879,64.547733,-71.591236,1.557100,0.074950,-104.1689,-0.141360,-104.6267,-0.150116,65.557948,-71.234144,-104.5575,1.334285,1.071471,1.280749,-1.073998,-0.791735,-0.958374,-0.849610
477,79.626,B,3,64.422771,-71.734907,64.483950,-72.025879,64.543796,-71.621148,1.408342,0.047046,-104.9435,-0.149939,-105.5230,-0.160455,65.554101,-71.357803,-105.4491,1.261566,1.044062,1.192525,-1.070150,-0.668076,-1.131330,-0.377104
478,79.794,B,3,64.330008,-72.490051,64.465917,-72.084349,64.517713,-71.668851,0.939966,-0.073746,-105.6460,-0.157472,-106.4794,-0.170506,65.550878,-71.482247,-106.4006,1.240834,1.049881,1.583096,-1.084962,-0.602102,-1.220870,-1.007804
479,79.981,B,3,65.239343,-71.576245,64.415568,-72.171043,64.478704,-71.843239,1.184060,-0.050784,-106.0549,-0.163059,-107.5005,-0.182211,65.547893,-71.603680,-107.4164,1.266515,1.095698,0.309767,-1.132325,-0.567362,-0.308550,0.027435
480,80.145,B,3,64.537895,-72.097466,64.500900,-72.186220,64.612260,-71.815734,0.334028,0.228886,-107.1010,-0.174518,-108.5870,-0.195295,65.545128,-71.719695,-108.4978,1.143704,0.937798,1.075746,-1.044228,-0.466525,-1.007233,-0.377771
481,80.333,B,3,65.534514,-71.980804,64.741264,-72.106038,64.596575,-71.888657,-0.007394,0.568807,-109.5217,-0.199957,-109.7327,-0.205790,65.543263,-71.830181,-109.6391,0.848116,0.948493,0.150877,-0.802000,-0.275857,-0.008750,-0.150623
482,80.482,B,3,64.094680,-71.888519,64.741264,-72.106038,64.764315,-71.930526,0.003735,0.514199,-110.5224,-0.206474,-110.8300,-0.210595,65.543120,-71.937283,-110.8300,0.819422,0.778834,1.449260,-0.801856,-0.168755,-1.448440,0.048764
483,80.732,B,3,64.096929,-72.057191,64.593705,-72.033819,64.643249,-71.942472,0.103950,-0.267141,-111.6973,-0.213094,-112.1602,-0.217549,65.544804,-72.044537,-112.0603,0.951159,0.907314,1.447930,-0.951099,0.010718,-1.447875,-0.012653
484,80.920,B,3,64.670514,-73.672259,64.525062,-72.330345,64.541360,-71.980604,1.254036,0.313717,-112.6704,-0.217906,-113.4290,-0.224088,65.547220,-72.155119,-113.3262,1.037069,1.020887,1.752234,-1.022159,-0.175226,-0.876706,-1.517139
485,81.087,B,3,64.906585,-72.961540,64.590671,-72.722935,64.559332,-72.304678,1.221850,0.517114,-114.2846,-0.202417,-114.6408,-0.155798,65.548329,-72.270883,-114.5675,1.058990,0.989574,0.942784,-0.957657,-0.452053,-0.641744,-0.690657
486,81.253,B,3,64.721239,-73.670761,64.649919,-73.000487,64.617413,-72.445825,1.628308,0.722145,-115.0323,-0.156117,-115.4303,-0.201435,65.542447,-72.392810,-115.3394,1.079758,0.926551,1.519059,-0.892528,-0.607677,-0.821207,-1.277951
487,81.426,B,3,64.430403,-72.994890,64.649919,-73.000487,64.632082,-72.691048,1.456890,0.605999,-115.9926,-0.235291,-117.0122,-0.290900,65.533790,-72.524809,-116.8773,1.003742,0.916904,1.199350,-0.883871,-0.475678,-1.103388,-0.470082
488,81.595,B,3,64.320790,-73.153031,64.622387,-73.208597,64.591174,-72.771258,1.132857,0.314926,-117.3135,-0.224805,-118.0976,-0.099602,65.519668,-72.655631,-118.0511,1.053985,0.935666,1.297966,-0.897281,-0.552966,-1.198878,-0.497400
489,81.752,B,3,64.119701,-72.353389,64.533939,-73.261637,64.536752,-72.864303,1.017367,0.115656,-117.8168,-0.179683,-119.0228,-0.245231,65.504619,-72.784563,-118.9125,1.081582,0.971146,1.450486,-0.970680,-0.477074,-1.384918,0.431174
490,81.901,B,3,64.362588,-73.161366,64.414190,-73.144800,64.456349,-72.789942,0.279075,-0.434704,-118.6208,-0.181326,-120.2559,-0.129871,65.494511,-72.915518,-120.1954,1.104384,1.045729,1.158313,-1.080321,-0.229282,-1.131922,-0.245847
491,82.056,B,3,63.729427,-73.886147,64.329403,-73.034445,64.431936,-72.875022,0.333571,-0.308662,-120.0763,-0.180895,-121.1037,-0.224295,65.482393,-73.043837,-121.0020,1.153028,1.063935,1.944833,-1.152990,0.009392,-1.752966,-0.842310
492,82.230,B,3,64.285838,-72.921983,64.213738,-73.214203,64.294190,-73.080481,0.892054,-0.227950,-121.7613,-0.149593,-122.0222,-0.132872,65.469698,-73.176304,-121.9626,1.256532,1.179408,1.210869,-1.255961,-0.037898,-1.183860,0.254321
493,82.411,B,3,64.453185,-74.284664,64.112510,-73.307928,64.282649,-73.070525,0.433506,-0.296457,-122.3776,-0.161133,-122.9416,-0.139112,65.451326,-73.314866,-122.8795,1.338834,1.193947,1.391687,-1.338816,0.006939,-0.998141,-0.969798
494,82.582,B,3,63.909463,-75.115628,64.149174,-73.441927,64.303390,-73.308564,0.997339,0.295917,-122.7481,-0.151456,-123.7889,-0.144430,65.425095,-73.461726,-123.7232,1.276075,1.132113,2.243331,-1.275921,0.019799,-1.515632,-1.653902
495,82.757,B,3,64.090050,-73.995174,64.136175,-73.928211,64.222035,-73.657561,1.896107,0.715190,-123.4780,-0.148978,-124.5832,-0.137684,65.392058,-73.617663,-124.5214,1.293709,1.170703,1.355633,-1.255883,-0.310547,-1.302008,-0.377511
496,82.920,B,3,64.184841,-74.130695,64.070319,-74.243347,64.187155,-73.744478,1.433698,0.466534,-124.1068,-0.144069,-125.3284,-0.128596,65.354817,-73.780809,-125.2705,1.365239,1.168228,1.221174,-1.284499,-0.462537,-1.169976,-0.349886
497,83.078,B,3,63.745406,-74.562344,64.058080,-74.284311,64.175906,-73.839058,0.974448,0.316396,-125.8388,-0.127277,-126.0289,-0.122279,65.316172,-73.947522,-125.9743,1.302391,1.145413,1.686805,-1.258092,-0.336789,-1.570766,-0.614821
498,83.235,B,3,63.967796,-74.156360,64.003559,-74.384437,64.087173,-73.993976,1.071170,0.226324,-126.1696,-0.122192,-126.6932,-0.113512,65.277690,-74.114001,-126.6412,1.302515,1.196552,1.310579,-1.274131,-0.270436,-1.309894,-0.042358
499,83.397,B,3,64.515289,-75.995927,63.931311,-74.442156,64.053961,-74.047373,0.764658,0.063510,-126.4789,-0.118677,-127.3283,-0.107147,65.239403,-74.278047,-127.2785,1.318346,1.207677,1.864257,-1.308092,-0.164109,-0.724114,-1.717880
500,83.571,B,3,63.600369,-74.872085,63.996410,-74.722998,64.126173,-74.424452,1.457108,1.028565,-127.2178,-0.110672,-127.9369,-0.101447,65.200293,-74.440055,-127.8893,1.236685,1.074233,1.657228,-1.203882,-0.282943,-1.599924,-0.432030
501,83.752,B,3,64.727526,-75.273997,64.000126,-75.052703,64.021217,-74.533896,1.270252,0.559511,-127.7799,-0.105302,-128.5165,-0.095348,65.158834,-74.602972,-128.4713,1.242925,1.139713,0.797685,-1.158708,-0.449731,-0.431308,-0.671025
502,83.938,B,3,63.878632,-74.813946,64.034713,-75.156664,64.138876,-74.695887,0.843627,0.792901,-128.8518,-0.094726,-129.0607,-0.090375,65.113368,-74.770979,-129.0186,1.145534,0.977381,1.235483,-1.078654,-0.385685,-1.234735,-0.042967
503,84.109,B,3,64.035471,-74.695767,64.106979,-75.197499,64.084180,-74.744897,0.553784,0.377110,-129.2827,-0.089397,-129.5654,-0.083230,65.062454,-74.947214,-129.5265,0.987712,0.998975,1.057316,-0.955475,-0.250285,-1.026982,0.251446
504,84.276,B,3,63.174795,-75.858823,63.919914,-75.192925,64.067429,-74.761242,0.981710,0.109364,-129.9654,-0.083319,-130.0337,-0.081647,65.005293,-75.132034,-129.9974,1.087086,1.008502,1.969504,-1.085379,-0.060890,-1.830498,-0.726789
505,84.434,B,3,63.207803,-76.581921,63.681107,-75.592512,63.897019,-74.983506,1.768316,0.449789,-130.3146,-0.079239,-130.4749,-0.076006,64.942138,-75.322904,-130.4403,1.289529,1.098847,2.143138,-1.261030,-0.269608,-1.734335,-1.259017
506,84.596,B,3,63.614693,-76.425288,63.555377,-75.994091,63.760102,-75.299161,1.820600,0.659637,-130.8207,-0.074911,-130.8982,-0.072636,64.874450,-75.515807,-130.8649,1.403107,1.135212,1.553752,-1.319073,-0.478284,-1.259758,-0.909481
507,84.749,B,3,63.825026,-76.124399,63.555377,-75.994091,63.719866,-75.532947,1.652161,0.578072,-131.3051,-0.146920,-131.8485,-0.178693,64.811774,-75.706237,-131.7648,1.288951,1.105574,1.071696,-1.256397,-0.287855,-0.986749,-0.418163
508,84.918,B,3,63.835957,-76.143863,63.554023,-76.200780,63.725400,-75.671066,1.306068,0.562038,-132.1216,-0.107492,-132.3557,-0.007225,64.751845,-75.886414,-132.3507,1.238388,1.048792,0.951384,-1.197822,-0.314366,-0.915888,-0.257449
509,85.084,B,3,64.151615,-76.450236,63.596714,-76.277957,63.733388,-75.787045,1.025143,0.546544,-132.1216,-0.107491,-132.5851,-0.131121,64.693897,-76.061675,-132.5265,1.118296,0.998998,0.667120,-1.097182,-0.216282,-0.542282,-0.388561
510,85.266,B,3,63.568309,-77.032384,63.690215,-76.365024,63.798587,-75.936807,0.753598,0.734687,-132.4832,-0.070706,-133.5993,-0.129235,64.647308,-76.235995,-133.5388,0.965752,0.899912,1.341072,-0.957093,-0.129029,-1.079000,-0.796388
511,85.433,B,3,63.534844,-76.742979,63.732887,-76.567068,63.747751,-76.165151,1.052712,0.844711,-133.0053,-0.140379,-133.8985,0.009994,64.592952,-76.412503,-133.9018,0.873843,0.880652,1.108516,-0.860065,-0.154565,-1.058109,-0.330476
512,85.612,B,3,63.358346,-76.928210,63.675024,-76.755622,63.699720,-76.300891,0.872859,0.574727,-134.0177,-0.068398,-134.1330,-0.126400,64.536051,-76.585236,-134.0762,0.877723,0.883347,1.226629,-0.861027,-0.170385,-1.177705,-0.342974
513,85.783,B,3,63.043972,-77.009432,63.594791,-76.860643,63.627804,-76.444909,0.906953,0.433456,-134.3178,-0.129128,-135.3059,-0.202390,64.479809,-76.771057,-135.2104,0.889541,0.912297,1.455490,-0.885018,-0.089586,-1.435837,-0.238375
514,85.933,B,3,63.205823,-77.023671,63.457094,-76.965958,63.510553,-76.576885,1.058734,0.234652,-134.7866,-0.167968,-135.8924,-0.007397,64.417930,-76.949092,-135.8872,0.960985,0.980750,1.214400,-0.960837,-0.016866,-1.212107,-0.074580
515,86.105,B,3,63.212651,-78.766125,63.251036,-77.399221,63.442483,-76.686793,1.767352,0.996463,-136.1087,-0.087790,-136.1525,-0.129953,64.352945,-77.118078,-136.0944,1.137210,1.007446,2.004079,-1.101910,-0.281143,-1.140294,-1.648047
516,86.304,B,3,62.074535,-76.870039,63.027500,-77.631297,63.154003,-77.053460,1.452576,-0.117042,-136.6977,-0.130213,-137.0934,-0.119632,64.298090,-77.290413,-137.0363,1.315523,1.168368,2.262943,-1.270590,-0.340884,-2.223555,0.420374
517,86.515,B,3,63.326999,-78.705695,63.027500,-77.631297,63.134530,-77.085365,1.311939,-0.118210,-137.2974,-0.067402,-137.3938,-0.045432,64.246294,-77.450012,-137.3754,1.232202,1.170037,1.556227,-1.218793,-0.181285,-0.919295,-1.255683
518,86.701,B,3,62.687674,-77.784649,62.870023,-77.774510,63.151417,-77.409347,1.540484,0.657897,-137.6656,-0.091237,-137.9353,-0.099946,64.202363,-77.606015,-137.8900,1.342953,1.069190,1.525186,-1.332341,-0.168496,-1.514689,-0.178635
519,86.891,B,3,63.236064,-77.880678,62.848574,-78.021914,63.050848,-77.510157,1.361041,0.365650,-137.6656,-0.091241,-138.4684,-0.041364,64.161764,-77.758198,-138.4482,1.339408,1.138270,0.933767,-1.313190,-0.263715,-0.925700,-0.122480
520,87.061,B,3,62.318561,-77.275390,62.831008,-78.041647,63.067215,-77.609741,0.887410,0.356952,-138.3949,-0.076808,-138.8482,-0.111322,64.118242,-77.905289,-138.7982,1.294436,1.091791,1.906732,-1.287234,-0.136358,-1.799681,0.629899
521,87.240,B,3,63.006282,-78.531312,62.770459,-77.936812,62.920201,-77.571348,0.547422,-0.385966,-138.7376,-0.090134,-139.2716,-0.065630,64.071099,-78.052901,-139.2421,1.305811,1.247581,1.167353,-1.300641,0.116089,-1.064817,-0.478412
522,87.420,B,3,63.154032,-79.051077,62.699499,-77.950206,62.915301,-77.771854,0.631668,0.173364,-139.5135,-0.069505,-139.6954,-0.074834,64.019354,-78.201325,-139.6612,1.343532,1.184643,1.212790,-1.319855,0.251119,-0.865322,-0.849752
523,87.604,B,3,62.264164,-78.927662,62.781087,-78.269723,62.946714,-78.026863,0.849868,0.803917,-139.8644,-0.065008,-140.0744,-0.062284,63.965315,-78.350601,-140.0454,1.186987,1.068809,1.796361,-1.184228,0.080878,-1.701151,-0.577061
524,87.800,B,3,62.711768,-77.962424,62.741154,-78.585651,62.806281,-78.225707,1.236309,0.793089,-139.9839,-0.064046,-140.4210,-0.057022,63.912518,-78.498803,-140.3942,1.174579,1.139448,1.315106,-1.171364,-0.086848,-1.200750,0.536379
525,87.991,B,3,62.927730,-78.885110,62.644438,-78.618375,62.774184,-78.207195,0.637050,0.224650,-140.3224,-0.059493,-140.7444,-0.053731,63.863922,-78.642754,-140.7192,1.219727,1.173559,0.967053,-1.219483,0.024379,-0.936192,-0.242356
526,88.173,B,3,61.951085,-78.960447,62.670474,-78.608865,62.788202,-78.356708,0.596884,0.493534,-140.6018,-0.057341,-141.0533,-0.053390,63.820522,-78.779782,-141.0290,1.162680,1.115651,1.878147,-1.150049,0.170917,-1.869438,-0.180664
527,88.352,B,3,61.826083,-78.939711,62.584239,-78.762102,62.623025,-78.492682,0.855747,0.271230,-141.3017,-0.103845,-141.7520,-0.199813,63.783651,-78.912148,-141.6591,1.208761,1.234101,1.957762,-1.199412,0.150047,-1.957568,-0.027563
528,88.531,B,3,61.643841,-79.801632,62.351272,-78.877908,62.462536,-78.599667,1.027377,0.069272,-142.0487,-0.113334,-142.3535,-0.024506,63.748827,-79.037936,-142.3407,1.406687,1.358906,2.239241,-1.397555,0.160028,-2.104986,-0.763697
529,88.716,B,3,62.178584,-79.303461,62.119890,-79.102542,62.295902,-78.843487,1.619143,0.387076,-142.2416,-0.086278,-142.3830,-0.073913,63.707202,-79.163900,-142.3506,1.588498,1.447216,1.534976,-1.587312,0.061358,-1.528619,-0.139560
530,88.895,B,3,63.134465,-79.469513,61.994492,-79.326503,62.255188,-78.954410,1.298540,0.371281,-142.3854,-0.030165,-143.2854,-0.150773,63.671524,-79.293610,-143.2145,1.677355,1.456387,0.565132,-1.677032,-0.032893,-0.537059,-0.175903
531,89.089,B,3,62.081446,-79.288289,62.245027,-79.470210,62.341004,-79.112607,0.545936,0.419913,-143.5658,-0.071900,-143.6755,-0.037086,63.628286,-79.425915,-143.6600,1.383968,1.324860,1.552950,-1.383259,-0.044295,-1.546839,0.137626
532,89.277,B,3,61.154693,-79.475582,62.245027,-79.470210,62.326281,-79.139392,0.496951,0.374982,-143.9466,-0.119201,-144.4754,-0.193121,63.585183,-79.560802,-144.3853,1.343215,1.327563,2.431984,-1.340157,0.090592,-2.430490,0.085221
533,89.467,B,3,61.768242,-80.400804,62.045694,-79.488683,62.099045,-79.224344,0.845745,-0.007669,-144.6692,-0.125136,-145.1400,-0.109351,63.540500,-79.694901,-145.0913,1.508964,1.516316,1.907668,-1.494806,0.206218,-1.772258,-0.705903
534,89.636,B,3,62.081916,-80.660394,61.838243,-79.685772,62.020914,-79.461223,1.234987,0.510847,-144.6692,-0.125119,-146.0404,-0.121364,63.498987,-79.826064,-145.9841,1.666658,1.522435,1.644443,-1.660743,0.140292,-1.417070,-0.834330
535,89.791,B,3,61.221518,-80.684121,61.816151,-80.039005,62.013810,-79.704695,1.282791,1.001730,-145.8939,-0.139168,-146.9363,-0.157763,63.460391,-79.952968,-146.8652,1.646490,1.467732,2.355236,-1.644241,-0.086037,-2.238873,-0.731153
536,89.954,B,3,61.513622,-80.062972,61.571715,-80.453832,61.852474,-79.910163,1.186522,0.429087,-147.3146,-0.165147,-147.9139,-0.175925,63.426731,-80.076828,-147.8338,1.892939,1.583054,1.913159,-1.855016,-0.377004,-1.913109,0.013856
537,90.107,B,3,61.672525,-80.383736,61.571715,-80.453832,61.771546,-79.966062,1.079036,0.369345,-148.1783,-0.174561,-148.9446,-0.185155,63.397084,-80.199524,-148.8602,1.842999,1.642217,1.734369,-1.825369,-0.254309,-1.724559,-0.184212
538,90.281,B,3,62.036631,-80.381437,61.522813,-80.451474,61.734117,-80.067789,0.853154,0.304166,-149.1842,-0.183051,-150.0279,-0.194061,63.368902,-80.323004,-149.9393,1.850554,1.654587,1.333553,-1.846089,-0.128469,-1.332272,-0.058433
539,90.456,B,3,61.692737,-80.575329,61.575044,-80.481044,61.770725,-80.149557,0.505953,0.353547,-149.5999,-0.185661,-151.1637,-0.204234,63.338860,-80.448299,-151.0709,1.764119,1.596338,1.651017,-1.763816,-0.032745,-1.646123,-0.127030
540,90.634,B,3,61.721657,-80.780327,61.632316,-80.521072,61.740396,-80.250320,0.437314,0.358132,-150.4990,-0.193660,-152.3538,-0.213064,63.304805,-80.575206,-152.2566,1.673365,1.597788,1.596382,-1.672489,0.054134,-1.583149,-0.205121
541,90.805,B,3,62.031274,-81.392262,61.638853,-80.610509,61.721373,-80.369285,0.419725,0.466406,-152.1402,-0.207043,-153.5983,-0.220739,63.266887,-80.702743,-153.4968,1.630645,1.581079,1.414982,-1.628034,0.092234,-1.235613,-0.689519
542,90.966,B,3,62.168676,-80.684374,61.699194,-80.815959,61.762684,-80.577864,0.428190,0.876905,-154.1040,-0.221809,-154.8939,-0.231232,63.227467,-80.829835,-154.7885,1.528336,1.486297,1.068737,-1.528273,0.013876,-1.058791,0.145461
543,91.130,B,3,60.820670,-80.748228,61.815453,-80.948188,61.823625,-80.621527,0.096883,0.658919,-155.1500,-0.229115,-156.0264,-0.123694,63.187817,-80.956208,-155.9687,1.372388,1.404647,2.376267,-1.372364,0.008020,-2.367148,0.207980
544,91.287,B,3,62.329747,-80.652954,61.724831,-80.919200,61.630460,-80.666359,0.525867,0.202472,-155.6424,-0.200721,-156.9360,-0.236494,63.146945,-81.080442,-156.8288,1.431226,1.572003,0.922257,-1.422115,0.161242,-0.817198,0.427489
545,91.459,B,3,61.473797,-81.799510,61.672030,-80.874157,61.745850,-80.680297,-0.004478,0.156994,-156.4329,-0.177882,-158.6042,-0.255499,63.102779,-81.210325,-158.4848,1.469711,1.456772,1.732259,-1.430748,0.336169,-1.628982,-0.589185
546,91.652,B,3,61.868152,-81.233701,61.711177,-81.230243,61.683766,-80.905120,0.315793,0.681953,-159.3206,-0.171456,-159.5253,-0.110481,63.056264,-81.334327,-159.4765,1.349108,1.438044,1.192366,-1.345087,0.104084,-1.188112,0.100626
547,91.806,B,3,61.255187,-80.987204,61.711177,-81.230243,61.705891,-80.985575,0.296154,0.611355,-160.0655,-0.196596,-160.6832,-0.283805,63.007181,-81.460287,-160.5540,1.316262,1.385174,1.814742,-1.296004,0.230044,-1.751993,0.473083
548,91.994,B,3,61.938993,-82.164672,61.658180,-81.236332,61.613864,-81.005438,0.400152,0.237396,-160.6794,-0.211404,-161.7709,-0.100857,62.951811,-81.588044,-161.7239,1.340591,1.459292,1.165461,-1.293631,0.351712,-1.012818,-0.576628
549,92.178,B,3,61.429906,-81.658362,61.631353,-81.621877,61.661287,-81.234109,0.533514,0.823134,-162.5487,-0.191393,-162.7856,-0.219058,62.887815,-81.715828,-162.6835,1.259970,1.317735,1.459041,-1.256462,0.093951,-1.457909,0.057466
550,92.320,B,3,61.773893,-82.238717,61.609530,-81.800732,61.638529,-81.492727,0.507002,1.130053,-163.2884,-0.165332,-163.6825,-0.183928,62.814201,-81.844788,-163.5998,1.205476,1.227253,1.112394,-1.204671,0.044056,-1.040308,-0.393929
551,92.469,B,3,61.647871,-81.187701,61.623464,-81.836021,61.628661,-81.517020,0.251621,0.363156,-164.1269,-0.164246,-164.6137,-0.162099,62.731660,-81.975972,-164.5393,1.116997,1.194673,1.340138,-1.108195,0.139952,-1.083789,0.788272
552,92.631,B,3,61.453691,-82.442759,61.623464,-81.836021,61.624796,-81.475029,0.232533,0.324681,-165.2280,-0.151972,-165.4704,-0.147977,62.641841,-82.107600,-165.4035,1.053967,1.197717,1.234517,-1.018376,0.271579,-1.188150,-0.335159
553,92.786,B,3,61.838532,-82.062968,61.589376,-81.879519,61.583409,-81.672567,0.430403,0.735143,-165.6323,-0.148612,-166.2841,-0.138302,62.547059,-82.239272,-166.2205,1.023025,1.117934,0.730133,-0.957683,0.359753,-0.708528,0.176304
554,92.959,B,3,60.867611,-81.545491,61.594060,-82.053106,61.620682,-81.764026,0.261299,0.736334,-166.0134,-0.145167,-167.0585,-0.132915,62.449330,-82.370353,-166.9979,0.912213,1.026786,1.783881,-0.855270,0.317247,-1.581719,0.824862
555,93.123,B,3,60.685493,-81.937405,61.509365,-82.014496,61.476213,-81.743899,0.512694,0.087688,-166.6203,-0.138931,-167.7962,-0.124124,62.349315,-82.500522,-167.7385,0.970431,1.155329,1.756531,-0.839950,0.486025,-1.663822,0.563116
556,93.313,B,3,60.900555,-83.120908,61.084471,-82.164051,61.247357,-82.030770,1.019965,0.825653,-168.1652,-0.123673,-168.4982,-0.117398,62.245876,-82.630018,-168.4434,1.251394,1.164533,1.432084,-1.161405,0.465967,-1.345321,-0.490890
557,93.486,B,3,61.131182,-82.178977,61.084471,-82.164051,61.232334,-82.052190,0.930857,0.735200,-168.7562,-0.118515,-169.1643,-0.111210,62.136889,-82.759443,-169.1123,1.209163,1.148227,1.161201,-1.052417,0.595392,-1.005707,0.580466
558,93.651,B,3,60.122632,-82.837790,61.010175,-82.372687,61.200095,-82.094411,0.725560,0.483943,-169.3563,-0.112587,-169.7942,-0.105741,62.020407,-82.889338,-169.7451,1.134679,1.142288,1.898476,-1.010232,0.516650,-1.897776,0.051548
559,93.815,B,3,60.475506,-83.225729,60.622128,-82.719806,60.990526,-82.247084,1.237149,1.037555,-170.2046,-0.105543,-170.3894,-0.100625,61.895401,-83.019794,-170.3430,1.308135,1.189907,1.434751,-1.273273,0.299988,-1.419895,-0.205936
560,93.966,B,3,60.000736,-82.663381,60.435173,-82.864929,60.879674,-82.443687,1.322885,0.635343,-170.6783,-0.100425,-170.9536,-0.097498,61.762131,-83.150342,-170.9095,1.357305,1.130528,1.827469,-1.326958,0.285413,-1.761395,0.486961
561,94.126,B,3,60.870632,-82.988437,60.358806,-82.914149,60.731768,-82.589929,0.850521,0.659801,-171.3886,-0.094055,-171.4911,-0.091267,61.622158,-83.280219,-171.4490,1.315320,1.126629,0.806181,-1.263352,0.366070,-0.751525,0.291783
562,94.281,B,3,59.854006,-83.911242,60.358806,-82.914149,60.712460,-82.611209,0.774295,0.589253,-171.8199,-0.090482,-172.0053,-0.088117,61.477853,-83.408773,-171.9649,1.223487,1.105412,1.699810,-1.119047,0.494624,-1.623847,-0.502469
563,94.450,B,3,60.263728,-84.119586,60.295089,-83.155344,60.538098,-82.866839,1.055940,1.122652,-172.1900,-0.087117,-172.4974,-0.085380,61.331388,-83.535771,-172.4588,1.103920,1.037679,1.216856,-1.036299,0.380427,-1.067659,-0.583816
564,94.660,B,3,59.668790,-83.051882,60.047164,-83.644583,60.467764,-83.117216,1.058849,0.775225,-172.6570,-0.083065,-172.9673,-0.081137,61.183553,-83.661434,-172.9305,1.136514,0.899181,1.632807,-1.136389,0.016850,-1.514763,0.609551
565,94.818,B,3,58.927573,-83.369569,59.760220,-83.569472,60.058309,-83.172658,1.426555,0.392982,-173.2913,-0.079071,-173.4145,-0.075647,61.033479,-83.786154,-173.3796,1.291565,1.152100,2.146715,-1.273259,0.216682,-2.105906,0.416585
566,94.965,B,3,58.927185,-83.094415,59.429586,-83.492384,59.834634,-83.177494,1.517215,-0.094197,-173.7165,-0.075806,-173.8396,-0.072569,60.879386,-83.910115,-173.8063,1.508780,1.276025,2.115763,-1.449799,0.417731,-1.952201,0.815700
567,95.110,B,3,59.625191,-83.400820,59.429586,-83.492384,59.804426,-83.197160,1.370783,-0.095324,-174.0496,-0.073060,-174.2449,-0.068904,60.719403,-84.033109,-174.2131,1.398575,1.239352,1.263760,-1.289817,0.540725,-1.094212,0.632288
568,95.279,B,3,59.209730,-83.868649,59.285595,-83.423379,59.744295,-83.251812,1.021473,-0.086627,-174.4240,-0.069606,-174.6336,-0.066066,60.552250,-84.154691,-174.6031,1.462612,1.211603,1.372654,-1.266655,0.731312,-1.342520,0.286042
569,95.442,B,3,58.566273,-84.361934,59.237434,-83.501658,59.621047,-83.380635,1.022332,0.264162,-174.5710,-0.068137,-175.0083,-0.062910,60.377830,-84.274524,-174.9788,1.377616,1.171221,1.813664,-1.140396,0.772866,-1.811557,-0.087410
570,95.618,B,3,59.365533,-83.261255,58.959524,-83.799079,59.402978,-83.576452,0.804989,0.178020,-175.2152,-0.063892,-175.3693,-0.062237,60.197429,-84.392557,-175.3410,1.372817,1.138938,1.404242,-1.237905,0.593478,-0.831896,1.131302
571,95.789,B,3,58.709571,-84.540870,58.916441,-83.870392,59.251316,-83.716379,0.890477,0.775224,-175.5048,-0.062226,-175.7162,-0.058902,60.013227,-84.508962,-175.6890,1.269138,1.099407,1.304046,-1.096786,0.638570,-1.303656,-0.031908
572,95.984,B,3,58.454237,-83.343896,58.916441,-83.870392,59.222689,-83.736819,0.809111,0.695914,-175.9500,-0.058908,-176.0485,-0.056989,59.827193,-84.623918,-176.0225,1.182062,1.073484,1.877089,-0.910752,0.753526,-1.372956,1.280021
573,96.168,B,3,57.850581,-84.422402,58.761032,-83.929079,59.056738,-83.683388,0.857846,0.073285,-176.1136,-0.058301,-176.3669,-0.054868,59.640028,-84.737416,-176.3419,1.194170,1.204659,1.816963,-0.878996,0.808337,-1.789447,0.315014
574,96.346,B,3,57.866593,-84.518077,58.247157,-84.153000,58.810091,-83.832513,1.375732,0.744574,-176.5480,-0.055594,-176.7089,-0.054581,59.412911,-84.871358,-176.7089,1.369313,1.201079,1.586161,-1.165753,0.718358,-1.546318,0.353281
575,96.498,B,3,57.010590,-84.828336,57.917185,-84.381503,58.608682,-83.973228,1.806086,1.016854,-176.8637,-0.081996,-177.2006,-0.176970,59.260165,-84.960978,-177.1218,1.462664,1.183249,2.253482,-1.342980,0.579475,-2.249575,0.132641
576,96.637,B,3,57.970237,-84.514996,57.684435,-84.543812,58.230332,-84.211110,1.405362,0.834734,-177.8173,-0.098258,-177.9720,-0.055913,59.075881,-85.071541,-177.9453,1.488160,1.206356,1.237817,-1.391446,0.527729,-1.105644,0.556544
577,96.789,B,3,56.977867,-85.975686,57.684435,-84.543812,58.194063,-84.230877,1.275230,0.746231,-178.0504,-0.026285,-177.9633,-0.031273,58.885921,-85.176820,-177.9511,1.358038,1.171954,2.068540,-1.201486,0.633007,-1.908054,-0.798867
578,96.965,B,3,56.917950,-85.682405,57.516405,-84.855438,57.939229,-84.566373,1.502705,1.618117,-178.1869,-0.089967,-178.7310,-0.186581,58.699571,-85.285443,-178.6441,1.258883,1.046509,1.825309,-1.183166,0.430005,-1.781622,-0.396961
579,97.142,B,3,56.973177,-84.662360,57.247195,-85.286662,57.717518,-84.792172,1.648249,1.870876,-178.4728,-0.129464,-179.2767,-0.010939,58.510324,-85.392573,-179.2692,1.267561,0.994496,1.701773,-1.263129,0.105911,-1.537147,0.730213
580,97.325,B,3,56.719546,-85.417236,57.044114,-85.360299,57.552994,-84.788379,1.478674,0.894442,-179.0564,-0.081617,-179.8599,-0.197938,58.318528,-85.498246,-179.7707,1.281857,1.044008,1.601033,-1.274413,0.137946,-1.598982,0.081010
581,97.507,B,3,56.441281,-84.501719,56.877658,-85.331014,57.195924,-84.849497,1.401606,0.838468,-179.5549,-0.109193,179.3620,-0.067202,58.129645,-85.605777,179.3912,1.281783,1.201580,2.017304,-1.251987,0.274763,-1.688364,1.104057
582,97.664,B,3,55.929294,-85.751741,56.694866,-85.250822,57.153576,-84.868867,1.253343,-0.017965,178.9097,-0.135665,178.5201,-0.139486,57.943789,-85.711842,178.5859,1.331296,1.155442,2.014891,-1.248924,0.461020,-2.014496,-0.039899
583,97.833,B,3,56.075564,-85.550415,56.449752,-85.230533,56.889839,-85.047702,1.424346,0.423969,178.1598,-0.147752,177.6824,-0.152820,57.762757,-85.816889,177.7537,1.437984,1.163459,1.708107,-1.313005,0.586356,-1.687194,0.266474
584,97.991,B,3,55.643525,-85.615680,56.217349,-85.391764,56.704567,-85.155677,1.437605,0.543759,178.1598,-0.147749,176.7594,-0.168335,57.587097,-85.921761,176.8363,1.468709,1.168651,1.967526,-1.369748,0.529997,-1.943572,0.306081
585,98.154,B,3,56.265110,-85.789188,56.008544,-85.487188,56.471390,-85.256468,1.490898,0.576117,176.9496,-0.160722,175.7676,-0.176173,57.415007,-86.026856,175.8490,1.506446,1.218158,1.174201,-1.406463,0.539668,-1.149896,0.237667
586,98.305,B,3,55.598927,-85.464096,55.891142,-85.594202,56.393267,-85.369973,1.060208,0.655353,176.0319,-0.170479,174.7223,-0.185972,57.243703,-86.132411,174.8078,1.455709,1.142171,1.775368,-1.352561,0.538210,-1.644776,0.668315
587,98.473,B,3,55.653260,-85.629226,55.815212,-85.638159,56.218604,-85.399992,0.985750,0.335652,174.0454,-0.187726,173.6280,-0.195219,57.070737,-86.238320,173.7173,1.391595,1.195376,1.542802,-1.255525,0.600162,-1.417477,0.609095
588,98.663,B,3,55.242616,-85.620615,55.684502,-85.630431,56.072326,-85.457618,0.901490,0.282435,173.1743,-0.195538,172.4862,-0.204654,56.895076,-86.344118,172.5793,1.405289,1.209462,1.803907,-1.210574,0.713687,-1.652460,0.723503
589,98.862,B,3,55.452505,-87.209549,55.415083,-85.931264,55.890902,-85.497498,0.751383,1.433243,171.8351,-0.132827,171.6938,-0.079146,56.714509,-86.447130,171.7276,1.398079,1.257032,1.474427,-1.299426,0.515866,-1.262004,-0.762419
590,99.010,B,3,55.597294,-86.337896,55.382515,-86.277626,55.766907,-85.824796,0.534610,1.267903,171.0947,-0.182256,170.7223,-0.251824,56.529608,-86.547638,170.8352,1.178444,1.050816,0.955615,-1.147093,0.270012,-0.932313,0.209743
591,99.162,B,3,55.395272,-86.474771,55.360234,-86.397846,55.645401,-86.031227,0.459950,1.149961,169.7907,-0.232175,169.2434,-0.187951,56.338550,-86.648080,169.3300,1.009812,0.927882,0.959067,-0.978317,0.250234,-0.943278,0.173309
592,99.308,B,3,55.493031,-86.331350,55.360234,-86.397846,55.609962,-86.049891,0.434789,1.031704,168.9158,-0.146065,168.5939,-0.130432,56.150365,-86.741147,168.6515,0.861489,0.877423,0.774610,-0.790132,0.343301,-0.657334,0.409796
593,99.458,B,3,55.283395,-86.883512,55.336935,-86.467465,55.554955,-86.118254,0.329192,0.769376,168.2543,-0.176687,167.3992,-0.219662,55.961905,-86.838784,167.5020,0.726956,0.827509,0.679982,-0.624969,0.371319,-0.678510,-0.044729
594,99.629,B,3,54.373903,-85.627577,55.311712,-86.574236,55.476264,-86.272535,0.279357,1.011788,167.8030,-0.201628,166.6543,-0.108752,55.775602,-86.932768,166.7026,0.586292,0.724921,1.915276,-0.463890,0.358531,-1.401699,1.305190
595,99.799,B,3,54.077456,-86.861056,55.130726,-86.512151,55.246803,-86.171098,0.899940,0.131762,166.8063,-0.134458,165.6619,-0.151294,55.586169,-87.027463,165.7331,0.687731,0.921157,1.517862,-0.455443,0.515312,-1.508712,0.166407
596,99.962,B,3,53.820444,-86.667300,54.810761,-86.439999,55.002941,-86.307713,1.155057,0.590374,166.1441,-0.170749,164.8921,-0.161123,55.392160,-87.116337,164.9674,0.891884,0.897421,1.634602,-0.581399,0.676338,-1.571716,0.449037
597,100.156,B,3,53.922525,-86.522094,54.479487,-86.560065,54.754564,-86.384976,1.274635,0.604691,164.6724,-0.137693,164.1201,-0.134026,55.190231,-87.200584,164.1814,0.956776,0.924675,1.437855,-0.710743,0.640520,-1.267706,0.678491
598,100.329,B,3,52.978539,-87.711375,54.202222,-86.588783,54.568106,-86.421274,1.315964,0.502805,163.9328,-0.133809,163.3716,-0.126515,54.980306,-87.279603,163.4302,1.040503,0.952176,2.047803,-0.778084,0.690820,-2.001767,-0.431772
599,100.490,B,3,52.955162,-87.771162,53.874625,-86.789728,54.242942,-86.665997,1.569616,1.464006,163.6447,-0.131221,162.6574,-0.121775,54.764336,-87.354576,162.7133,1.053868,0.863708,1.856516,-0.889710,0.564848,-1.809173,-0.416586
600,100.652,B,3,53.263351,-87.081130,53.239795,-87.326205,53.969050,-86.880472,1.438488,1.392784,162.4055,-0.120760,161.9754,-0.115061,54.545762,-87.426992,162.0288,1.309851,0.794533,1.328232,-1.305967,0.100788,-1.282412,0.345863
601,100.873,B,3,53.449037,-87.891843,53.145001,-87.451421,53.799381,-86.932770,0.963412,1.537213,161.4535,-0.114179,161.3222,-0.111843,54.327979,-87.497732,161.3735,1.183884,0.773691,0.963257,-1.182978,0.046311,-0.878942,-0.394112
602,101.028,B,3,51.803847,-87.345779,53.145001,-87.451421,53.694973,-87.121958,0.886492,1.379583,160.9287,-0.110822,160.6944,-0.107771,54.112812,-87.566703,160.7438,0.974652,0.610236,2.319509,-0.967811,0.115283,-2.308964,0.220924
603,101.192,B,3,53.001841,-86.845434,52.880577,-87.572517,53.312143,-87.178736,1.469246,1.199008,160.4695,-0.109345,160.0896,-0.104798,53.899908,-87.633137,160.1372,1.021133,0.742932,1.194571,-1.019332,0.060619,-0.898067,0.787702
604,101.360,B,3,52.533422,-86.935541,52.622573,-87.457936,53.213018,-87.132889,1.355059,0.493142,160.1803,-0.107427,159.5069,-0.101954,53.687026,-87.696072,159.5527,1.090766,0.736110,1.381741,-1.064454,0.238136,-1.153604,0.760531
605,101.551,B,3,52.421740,-87.473143,52.551600,-87.276353,53.049381,-87.108376,1.306440,0.114754,159.7132,-0.103773,158.9472,-0.096179,53.470897,-87.754701,158.9911,1.036303,0.771630,1.086281,-0.919297,0.478349,-1.049157,0.281559
606,101.723,B,3,51.673610,-87.570680,52.438451,-87.239215,52.896024,-87.183785,1.073742,0.308633,159.0414,-0.099280,158.4120,-0.091625,53.248666,-87.808538,158.4539,0.990241,0.717407,1.592915,-0.810215,0.569323,-1.575056,0.237858
607,101.884,B,3,51.803461,-87.198041,52.241574,-87.325791,52.635239,-87.263176,1.086944,0.536394,158.1781,-0.091753,157.9019,-0.087776,53.019323,-87.857457,157.9418,0.942105,0.707595,1.383167,-0.777749,0.531666,-1.215862,0.659416
608,102.044,B,3,51.394268,-86.980830,52.007677,-87.346542,52.444162,-87.260380,1.130904,0.388612,157.7472,-0.088057,157.4148,-0.083597,52.784184,-87.901703,157.4530,0.954550,0.725885,1.667295,-0.776506,0.555161,-1.389915,0.920874
609,102.194,B,3,51.644195,-87.771798,51.795446,-87.255460,52.213672,-87.216767,1.405435,0.214673,157.5128,-0.086002,156.9470,-0.079569,52.546204,-87.941869,156.9838,1.017248,0.797715,0.917902,-0.750758,0.686409,-0.902009,0.170070
610,102.356,B,3,51.531892,-87.588235,51.622689,-87.285540,52.069966,-87.322898,1.039076,0.608915,157.1397,-0.083303,156.4953,-0.077535,52.308419,-87.978759,156.5308,0.975078,0.697863,0.869197,-0.685730,0.693219,-0.776527,0.390524
611,102.517,B,3,50.479246,-87.182802,51.526616,-87.420482,51.933337,-87.377637,0.847737,0.669622,156.7169,-0.080301,156.0587,-0.073974,52.072393,-88.013135,156.0931,0.805673,0.650534,1.796543,-0.545777,0.592653,-1.593146,0.830333
612,102.708,B,3,50.340024,-87.259931,51.293953,-87.420426,51.631220,-87.348458,1.189620,0.503872,155.9090,-0.005831,156.0058,0.085294,51.842615,-88.043991,155.9688,0.830580,0.726949,1.694853,-0.548662,0.623565,-1.502591,0.784060
613,102.876,B,3,50.288148,-88.186999,50.943584,-87.356182,51.356401,-87.337027,1.419073,0.509997,155.9639,0.001097,155.9630,-0.083531,51.622777,-88.077681,156.0005,0.990890,0.787099,1.339098,-0.679193,0.721499,-1.334629,-0.109318
614,103.061,B,3,49.549280,-88.065058,50.320583,-87.726161,51.120429,-87.495384,1.449094,1.519382,155.5849,-0.070453,155.3240,-0.011850,51.352743,-88.116089,155.3240,1.103357,0.662755,1.804184,-1.032160,0.389929,-1.803462,0.051031
615,103.211,B,3,49.978382,-87.679065,50.031352,-87.819221,50.792263,-87.605426,1.358943,1.205022,155.4515,0.020481,155.6553,0.036091,51.136444,-88.142973,155.6553,1.151540,0.638293,1.247525,-1.105092,0.323752,-1.158062,0.463908
616,103.357,B,3,49.581629,-87.318806,49.826400,-87.744041,50.599586,-87.626855,1.502739,0.725858,155.5601,-0.024669,155.5074,-0.038047,50.953992,-88.162267,155.5271,1.202654,0.642082,1.610840,-1.127592,0.418226,-1.372363,0.843460
617,103.512,B,3,47.783125,-88.279383,49.826400,-87.744041,50.370627,-87.578157,1.358081,0.656665,155.5350,0.028846,155.8235,0.087056,50.727490,-88.181695,155.7818,1.001751,0.701148,2.945986,-0.901090,0.437655,-2.944366,-0.097688
618,103.668,B,3,49.307545,-87.758146,49.368229,-87.779087,49.855580,-87.711498,1.867824,1.367252,155.8281,0.041505,156.0603,0.062114,50.498729,-88.197692,156.0319,1.205512,0.806242,1.269693,-1.130500,0.418606,-1.191184,0.439546
619,103.822,B,3,48.885532,-87.549869,48.987755,-87.881092,49.705657,-87.728196,1.634951,1.099926,155.9590,0.044672,156.5031,0.062203,50.274728,-88.212072,156.4750,1.328852,0.746979,1.538953,-1.286973,0.330980,-1.389195,0.662203
620,103.984,B,3,47.442754,-88.172594,48.868211,-87.826605,49.518564,-87.702264,1.519433,0.709215,156.2880,0.069435,157.0252,0.100036,50.057475,-88.227066,156.9800,1.254878,0.752225,2.615289,-1.189264,0.400462,-2.614722,0.054473
621,104.169,B,3,48.651529,-88.295431,48.536027,-87.850381,49.104394,-87.792508,1.832616,1.186312,156.8981,0.090356,157.6422,0.115547,49.849003,-88.243351,157.5894,1.370522,0.870461,1.198605,-1.312975,0.392970,-1.197473,-0.052080
622,104.353,B,3,47.795334,-88.052593,48.265786,-88.000315,48.962910,-87.895338,1.126152,1.102803,157.9803,0.118024,158.3519,0.133480,49.647904,-88.260422,158.2918,1.406380,0.776210,1.864191,-1.382117,0.260107,-1.852570,0.207829
623,104.520,B,3,47.705584,-87.463014,48.126334,-88.094455,48.702122,-87.935085,1.189270,1.028137,158.5792,0.132025,159.1515,0.147413,49.450756,-88.276717,159.0843,1.336904,0.822901,1.925548,-1.324422,0.182262,-1.745171,0.813703
624,104.685,B,3,47.982997,-88.412813,47.905453,-88.011824,48.472717,-87.860071,1.441890,0.530240,158.9020,0.137851,160.0376,0.160970,49.253317,-88.290247,159.9636,1.376320,0.891284,1.276220,-1.347864,0.278423,-1.270320,-0.122566
625,104.845,B,3,47.422427,-87.790077,47.781528,-88.002833,48.336806,-87.970312,0.990815,0.797997,159.6911,0.151261,161.0055,0.173310,49.052491,-88.299646,160.9252,1.305161,0.787823,1.707855,-1.270963,0.296812,-1.630064,0.509568
626,104.998,B,3,47.437566,-87.864878,47.665853,-88.051252,48.125994,-87.949005,1.089206,0.525868,160.4303,0.161103,162.0509,0.187112,48.847739,-88.304919,161.9645,1.208802,0.804730,1.477236,-1.181886,0.253667,-1.410174,0.440041
627,105.152,B,3,46.622655,-89.243746,47.289953,-88.198862,47.957103,-87.944421,0.971765,1.433930,162.7986,0.190862,163.1697,0.201130,48.641289,-88.307367,163.0776,1.355686,0.774493,2.225240,-1.351337,0.108504,-2.018635,-0.936380
628,105.326,B,3,46.839573,-88.505750,47.289953,-88.198862,47.672332,-88.192149,0.875692,1.336377,163.3045,0.195512,164.3577,0.211393,48.437367,-88.308868,164.2602,1.152676,0.773887,1.609879,-1.147415,0.110005,-1.597794,-0.196883
629,105.523,B,3,46.383590,-88.368531,47.038179,-88.477643,47.478076,-88.265590,0.941333,1.317321,163.8616,0.201102,165.5990,0.200489,48.240197,-88.310794,165.5053,1.213542,0.763460,1.857504,-1.202018,-0.166849,-1.856606,-0.057737
630,105.711,B,3,46.229105,-87.990669,46.582545,-88.461862,47.237139,-88.301550,1.295679,0.582712,166.1936,0.148680,166.3493,0.146907,48.044645,-88.314879,166.2833,1.469469,0.807615,1.844260,-1.462100,-0.146983,-1.815539,0.324210
631,105.872,B,3,46.208391,-88.401545,46.382377,-88.400399,47.011598,-88.261953,1.230170,0.554005,167.0485,0.220207,167.6945,0.314341,47.852716,-88.316390,167.5515,1.472737,0.842878,1.646528,-1.470339,-0.084009,-1.644325,-0.085154
632,106.014,B,3,46.618327,-87.825393,46.382377,-88.400399,46.823625,-88.302968,1.099699,0.527195,168.3376,0.233896,169.0743,0.147616,47.661001,-88.316276,169.0043,1.281388,0.837482,1.152448,-1.278624,-0.084123,-1.042674,0.490883
633,106.183,B,3,46.066679,-88.418321,46.302166,-88.315596,46.745382,-88.231424,0.901923,0.009856,169.3346,0.159216,169.8180,0.194961,47.463038,-88.318057,169.7310,1.160874,0.722866,1.399954,-1.160872,0.002462,-1.396359,-0.100264
634,106.351,B,3,45.957495,-88.520148,46.238759,-88.249976,46.584322,-88.278468,0.925928,0.196534,169.7354,0.174302,171.1515,0.180443,47.261584,-88.310963,171.0669,1.024642,0.678041,1.320760,-1.022825,0.060986,-1.304089,-0.209185
635,106.515,B,3,45.669498,-87.569828,45.956401,-88.234454,46.433869,-88.335977,1.036829,-0.243494,171.5133,0.155208,171.9069,0.177748,47.051113,-88.306750,171.8276,1.097097,0.617935,1.565859,-1.094713,0.072296,-1.381615,0.736922
636,106.692,B,3,45.395864,-88.760945,45.764825,-88.206947,46.259083,-88.210568,1.055770,0.371509,172.3648,0.168922,172.9501,0.130067,46.835918,-88.298491,172.8909,1.074997,0.583497,1.512487,-1.071093,0.091544,-1.440054,-0.462454
637,106.891,B,3,45.687499,-88.697299,45.764825,-88.206947,45.999677,-88.388098,0.948602,0.351708,173.4209,0.167513,173.8505,0.155279,46.616819,-88.292570,173.7784,0.856286,0.624492,1.013628,-0.851994,0.085623,-0.929320,-0.404729
638,107.076,B,3,45.230325,-88.394811,45.625347,-88.390462,45.963199,-88.402361,0.764911,0.581672,174.1399,0.159789,174.6989,0.146811,46.397163,-88.287289,174.6315,0.778681,0.448961,1.171781,-0.771816,-0.103173,-1.166838,-0.107522
639,107.233,B,3,44.334559,-87.565614,45.508184,-88.470735,45.797002,-88.414659,0.907813,0.496063,174.4948,0.155221,175.5185,0.139713,46.178862,-88.281397,175.4546,0.696891,0.404445,1.978332,-0.670678,-0.189338,-1.844303,0.715783
640,107.411,B,3,44.851641,-88.227721,45.229494,-88.325737,45.497901,-88.273427,1.429088,-0.215581,175.2496,0.145662,176.2935,0.131814,45.962322,-88.274061,176.2331,0.734648,0.464421,1.111647,-0.732828,-0.051675,-1.110680,0.046340
641,107.581,B,3,44.257768,-87.622713,44.959948,-88.176364,45.344629,-88.274430,1.314089,-0.110666,176.1784,0.135981,177.0260,0.124116,45.746230,-88.265164,176.9688,0.791280,0.401707,1.621191,-0.786282,0.088800,-1.488462,0.642450
642,107.745,B,3,44.025199,-89.093342,44.747190,-88.071644,45.111691,-88.164843,1.354090,-0.416017,177.3576,0.124327,177.7215,0.118920,45.527869,-88.255576,177.6671,0.802053,0.425953,1.720426,-0.780678,0.183932,-1.502669,-0.837766
643,107.915,B,3,44.141387,-88.247055,44.470252,-88.152577,44.885946,-88.338236,1.407051,0.499182,178.0405,0.118566,178.3870,0.112893,45.304573,-88.246453,178.3347,0.839585,0.428570,1.163186,-0.834320,0.093876,-1.163186,-0.000602
644,108.069,B,3,44.782886,-87.997377,44.248604,-88.336681,44.707431,-88.333515,1.402522,0.384511,178.2942,0.116194,179.0264,0.107785,45.075126,-88.238365,178.9762,0.832349,0.379807,0.378787,-0.826522,-0.098316,-0.292241,0.240988
645,108.263,B,3,42.953388,-87.582707,44.213524,-88.285151,44.691811,-88.280074,0.869403,0.047488,178.7950,0.112196,179.6395,0.105010,44.840176,-88.230954,179.5915,0.628992,0.156285,1.995043,-0.626652,-0.054198,-1.886789,0.648247
646,108.458,B,3,42.444351,-88.488331,43.558659,-88.080072,44.337021,-88.162046,1.973877,0.050477,-179.8849,0.101854,-179.7763,0.098898,44.601701,-88.223334,-179.8219,1.052835,0.271682,2.173564,-1.043042,0.143262,-2.157349,-0.264997
647,108.617,B,3,42.893883,-88.289443,43.558659,-88.080072,43.955988,-88.226645,1.783680,0.063502,-179.3937,0.098202,-179.2227,0.093066,44.361975,-88.214932,-179.2659,0.814558,0.406156,1.469982,-0.803316,0.134859,-1.468093,-0.074511
648,108.787,B,3,42.778344,-87.304158,43.175155,-88.179955,43.720126,-88.245120,1.752344,0.167400,-179.1651,0.095702,-178.6980,0.088169,44.122668,-88.205975,-178.7390,0.947871,0.404441,1.618790,-0.947514,0.026020,-1.344325,0.901816
649,108.948,B,3,42.633033,-88.277088,42.941496,-88.050153,43.508744,-88.080353,1.757932,-0.564304,-178.9077,0.093417,-178.1978,0.086776,43.884208,-88.197317,-178.2371,0.954130,0.393261,1.253715,-0.942712,0.147164,-1.251175,-0.079771
650,109.106,B,3,41.769835,-87.549477,42.747715,-87.946754,43.308028,-88.119196,1.618628,-0.160124,-178.3153,0.088610,-177.7171,0.084562,43.645379,-88.189847,-177.7549,0.929997,0.344670,1.981852,-0.897664,0.243092,-1.875544,0.640369
651,109.260,B,3,41.366949,-87.809770,42.471640,-87.916892,42.996134,-88.019390,1.851536,-0.482926,-177.8564,0.085546,-177.2525,0.081213,43.403660,-88.183886,-177.2891,0.969509,0.439473,2.070786,-0.932020,0.266994,-2.036711,0.374116
652,109.414,B,3,41.446803,-87.185252,42.082734,-87.817673,42.658166,-87.983506,2.074533,-0.420412,-177.4025,0.083282,-176.8043,0.075835,43.156355,-88.179063,-176.8395,1.132813,0.535197,1.977430,-1.073621,0.361390,-1.709552,0.993811
653,109.605,B,3,41.831302,-88.995267,41.746493,-87.681846,42.383313,-87.840188,1.836896,-0.753442,-176.8045,0.077943,-176.3752,0.073784,42.901759,-88.174722,-176.4088,1.256012,0.617008,1.348767,-1.155266,0.492875,-1.070456,-0.820546
654,109.789,B,3,41.085474,-88.001459,41.416487,-88.043637,42.236261,-88.049467,1.630154,0.345509,-176.1717,0.073200,-175.9665,0.070495,42.639771,-88.170527,-175.9985,1.229847,0.421279,1.563465,-1.223284,0.126890,-1.554297,0.169068
655,109.954,B,3,40.524718,-87.912265,41.121962,-88.044943,41.721467,-88.021543,1.793249,0.153919,-175.6885,0.069876,-175.5755,0.066699,42.371836,-88.166803,-175.6062,1.255800,0.666394,1.864574,-1.249874,0.121860,-1.847118,0.254538
656,110.102,B,3,40.767777,-88.296997,40.864711,-88.089933,41.511521,-88.073385,1.642519,0.332327,-175.2754,0.067189,-175.1973,0.065956,42.100232,-88.164291,-175.2272,1.237757,0.595688,1.339047,-1.235521,0.074358,-1.332455,-0.132706
657,110.242,B,3,39.649641,-88.511341,40.864711,-88.089933,41.460813,-88.078486,1.482677,0.310268,-174.9484,0.065715,-174.8282,0.064428,41.827047,-88.163546,-174.8575,0.965147,0.375982,2.205008,-0.962336,0.073614,-2.177406,-0.347795
658,110.417,B,3,39.677887,-88.869506,40.555687,-88.226075,41.085169,-88.162615,1.865558,0.492095,-174.7644,0.064621,-174.4686,0.062553,41.553223,-88.164493,-174.4969,0.999435,0.468057,2.003479,-0.997536,-0.061582,-1.875336,-0.705014
659,110.582,B,3,39.606706,-88.079544,40.166366,-88.429236,40.780219,-88.298539,2.108926,0.851561,-174.5923,0.063682,-174.1216,0.057765,41.278062,-88.166492,-174.1488,1.142324,0.515058,1.673616,-1.111697,-0.262744,-1.671356,0.086948
660,110.764,B,3,39.054390,-88.319941,39.874858,-88.500373,40.516633,-88.268531,1.969124,0.323058,-174.2902,0.061803,-173.7910,0.055986,40.999581,-88.168901,-173.8168,1.172551,0.493118,1.951046,-1.124723,-0.331472,-1.945191,-0.151040
661,110.961,B,3,39.979641,-87.956955,39.579156,-88.442255,40.200402,-88.286473,2.037843,0.137033,-173.8889,0.057928,-173.4773,0.053219,40.715532,-88.171642,-173.5019,1.168153,0.527774,0.766568,-1.136375,-0.270613,-0.735891,0.214687
662,111.173,B,3,38.655838,-87.392579,39.428879,-88.361172,40.109087,-88.234695,1.258193,-0.199224,-173.3587,0.052907,-173.1767,0.050978,40.424498,-88.175335,-173.2004,1.012815,0.320949,1.934132,-0.995619,-0.185838,-1.768660,0.782755
663,111.351,B,3,39.127295,-87.996477,39.281531,-88.124715,39.797008,-88.087801,1.419932,-0.851544,-173.1176,0.051401,-172.8839,0.050739,40.126588,-88.180849,-172.9072,0.846919,0.342463,1.016159,-0.845057,0.056134,-0.999293,0.184372
664,111.511,B,3,38.698103,-87.713322,39.062116,-87.946236,39.626197,-88.073968,1.310737,-0.741919,-172.9919,0.051505,-172.5963,0.050879,39.823455,-88.188593,-172.6191,0.798984,0.228144,1.221598,-0.761340,0.242357,-1.125352,0.475271
665,111.669,B,3,37.665642,-89.420741,38.915159,-87.873347,39.410156,-88.010767,1.267754,-0.801162,-172.7365,0.052239,-172.3157,0.048283,39.517667,-88.198112,-172.3378,0.684462,0.216002,2.219193,-0.602508,0.324765,-1.852025,-1.222629
666,111.827,B,3,37.389861,-88.545129,38.600250,-88.085132,39.046305,-88.269051,1.859113,0.512236,-172.4795,0.050351,-171.9171,0.142077,39.212475,-88.207198,-171.9792,0.624275,0.177308,1.853677,-0.612225,0.122066,-1.822614,-0.337932
667,111.976,B,3,37.334269,-87.399347,38.170322,-88.411286,38.695750,-88.327241,1.918743,0.481964,-171.3876,0.122699,-171.0747,0.077790,38.920974,-88.210454,-171.1120,0.777053,0.253702,1.782001,-0.750652,-0.200832,-1.586705,0.811107
668,112.142,B,3,37.319286,-87.946496,37.799480,-88.303416,38.396636,-88.167051,1.872421,-0.395618,-171.0239,0.037104,-171.0529,-0.003351,38.629395,-88.217134,-171.0497,0.834388,0.238086,1.337771,-0.829915,-0.086282,-1.310109,0.270637
669,112.334,B,3,37.192721,-88.198431,37.305630,-88.079512,38.148479,-88.131435,1.731796,-0.352551,-170.7103,0.113134,-170.4442,0.203705,38.348465,-88.219277,-170.5361,1.052160,0.218428,1.155932,-1.042836,0.139764,-1.155744,0.020846
670,112.523,B,3,36.316440,-87.574962,37.015175,-88.002543,37.637735,-88.045934,1.889380,-0.761923,-170.0529,0.112379,-169.7466,0.040035,38.071330,-88.219546,-169.7668,1.078217,0.467061,1.869526,-1.056154,0.217003,-1.754890,0.644585
671,112.689,B,3,36.682096,-89.055678,36.732581,-88.101262,37.580040,-88.048053,1.842933,0.250654,-169.3353,0.130206,-169.1716,0.183999,37.790597,-88.223134,-169.2547,1.065012,0.273838,1.386327,-1.058016,0.121872,-1.108500,-0.832544
672,112.893,B,3,36.800331,-88.316885,36.732581,-88.101262,37.364537,-88.234552,1.662637,0.248923,-168.6801,0.134548,-168.3261,0.112264,37.512814,-88.223150,-168.3777,0.789696,0.148715,0.718622,-0.780233,0.121887,-0.712482,-0.093736
673,113.051,B,3,35.926412,-87.823124,36.608373,-88.317278,37.211225,-88.257159,1.366618,0.246087,-167.9894,0.144097,-167.4525,0.170114,37.236715,-88.222694,-167.5304,0.635421,0.042867,1.369873,-0.628342,-0.094584,-1.310303,0.399570
674,113.220,B,3,35.066674,-88.594622,36.429301,-88.265070,36.929082,-88.186373,1.524833,-0.245959,-167.6451,0.154814,-166.5147,0.184739,36.967280,-88.219668,-166.6002,0.539892,0.050673,1.937239,-0.537980,-0.045402,-1.900607,-0.374954
675,113.391,B,3,35.532046,-89.038472,36.049260,-88.266413,36.541276,-88.267893,2.011133,-0.010235,-167.0019,0.156459,-165.4987,0.182309,36.707726,-88.213619,-165.5829,0.660579,0.175075,1.436178,-0.658466,-0.052794,-1.175680,-0.824853
676,113.563,B,3,34.965290,-88.824447,35.704425,-88.482452,36.306245,-88.417746,1.978923,0.507477,-165.6538,0.174543,-164.4099,0.196227,36.458902,-88.204966,-164.4995,0.803886,0.261877,1.616983,-0.754477,-0.277485,-1.493612,-0.619481
677,113.748,B,3,34.681382,-88.563085,35.440864,-88.689926,36.011957,-88.505028,1.835704,0.501292,-163.8529,0.196487,-163.2550,0.208422,36.219354,-88.194189,-163.3498,0.922931,0.373677,1.581595,-0.778490,-0.495737,-1.537972,-0.368897
678,113.930,B,3,34.902536,-88.192624,35.134563,-88.756400,35.716980,-88.531371,1.843036,0.232086,-162.9035,0.205528,-162.0376,0.217391,35.985812,-88.181784,-162.1372,1.027039,0.441001,1.083331,-0.851249,-0.574616,-1.083276,-0.010840
679,114.087,B,3,34.658795,-87.397903,34.910376,-88.679607,35.519709,-88.484372,1.618387,-0.236831,-162.4084,0.210803,-160.7615,0.228096,35.754438,-88.168216,-160.8657,0.986894,0.393767,1.339333,-0.844061,-0.511391,-1.095643,0.770312
680,114.249,B,3,34.255607,-88.460518,34.565053,-88.219991,35.313324,-88.300407,1.327067,-0.784282,-160.2430,0.176557,-159.8284,0.102725,35.518590,-88.157372,-159.8735,0.955591,0.250186,1.298854,-0.953537,-0.062618,-1.262983,-0.303146
681,114.404,B,3,33.870028,-88.571168,34.310560,-88.299132,34.859069,-88.380119,1.522825,-0.503470,-159.0814,0.208018,-158.7151,0.275712,35.277543,-88.149437,-158.8395,0.978501,0.477844,1.469338,-0.966983,-0.149695,-1.407514,-0.421731
682,114.578,B,3,33.648356,-88.631805,34.310560,-88.299132,34.805955,-88.392013,1.387173,-0.421402,-157.7000,0.242773,-157.0915,0.210539,35.030885,-88.142669,-157.1897,0.737122,0.335807,1.466506,-0.720325,-0.156462,-1.382529,-0.489136
683,114.737,B,3,33.335549,-87.843315,34.038277,-88.403993,34.547606,-88.448023,1.524836,-0.240923,-156.6170,0.162254,-156.2947,0.155571,34.784657,-88.145180,-156.3642,0.789979,0.384587,1.480215,-0.746380,-0.258813,-1.449108,0.301865
684,114.908,B,3,33.140455,-88.094094,33.766109,-88.361324,34.279074,-88.351451,1.514900,-0.787697,-156.6170,0.162239,-154.9879,0.235818,34.542953,-88.142320,-155.0973,0.807124,0.336702,1.403327,-0.776844,-0.219004,-1.402498,0.048226
685,115.082,B,3,32.763626,-87.581081,33.496757,-88.231220,34.023606,-88.315865,1.494720,-0.868492,-155.2460,0.217759,-154.1622,0.122521,34.308233,-88.141844,-154.2163,0.816383,0.333610,1.643248,-0.811475,-0.089376,-1.544607,0.560763
686,115.281,B,3,32.188983,-87.532183,32.878024,-87.876301,33.745785,-88.192538,1.498163,-1.572338,-153.6452,0.181998,-153.1329,0.153413,34.075097,-88.138804,-153.2044,1.225517,0.333667,1.981266,-1.197073,0.262504,-1.886114,0.606621
687,115.441,B,3,31.807835,-88.097149,32.878024,-87.876301,33.413196,-88.080212,1.376637,-1.399568,-152.8331,0.155648,-152.3472,0.158843,33.842307,-88.140584,-152.4178,0.999844,0.433337,2.034936,-0.964283,0.264283,-2.034472,0.043435
688,115.613,B,3,32.334953,-89.106941,32.482644,-87.817681,33.081304,-88.087974,1.711046,-1.163012,-152.1254,0.146609,-151.5317,0.137967,33.606157,-88.147419,-151.5953,1.170901,0.528208,1.592684,-1.123513,0.329738,-1.271204,-0.959522
689,115.766,B,3,31.073783,-88.525264,32.211758,-88.069534,32.884532,-88.281091,2.001206,-0.173672,-151.7891,0.146225,-150.7538,0.132692,33.363741,-88.161930,-150.8149,1.155683,0.493802,2.318603,-1.151983,0.092397,-2.289958,-0.363334
690,115.922,B,3,31.389684,-88.544394,31.919807,-88.354963,32.505065,-88.337034,2.299230,-0.236754,-151.0438,0.138607,-150.0118,0.125265,33.112917,-88.182607,-150.0695,1.205495,0.627162,1.760802,-1.193110,-0.172356,-1.723234,-0.361787
691,116.080,B,3,31.102194,-88.225253,31.579475,-88.474602,32.249734,-88.387287,2.141819,-0.191198,-150.4625,0.133989,-149.3178,0.117715,32.854027,-88.207163,-149.3715,1.302308,0.630567,1.751927,-1.274552,-0.267438,-1.751833,-0.018089
692,116.240,B,3,31.628847,-88.294662,31.343370,-88.500302,31.988984,-88.370989,1.696342,-0.395233,-148.8877,0.115301,-148.6700,0.110481,32.589955,-88.233992,-148.7204,1.274714,0.616389,0.963021,-1.246585,-0.266310,-0.961108,-0.060670
693,116.420,B,3,30.516526,-88.546592,31.224252,-88.460362,31.871950,-88.369058,1.230509,-0.360626,-148.3987,0.110308,-148.0555,0.105765,32.324849,-88.263052,-148.1038,1.118144,0.465139,1.830416,-1.100597,-0.197310,-1.808322,-0.283540
694,116.613,B,3,30.966323,-88.492410,31.072009,-88.474990,31.577368,-88.412855,1.503410,-0.461380,-148.3987,0.110308,-147.4611,0.101935,32.061781,-88.295272,-147.5081,1.005956,0.498479,1.113055,-0.989772,-0.179718,-1.095458,-0.197138
695,116.779,B,3,31.087313,-88.878251,30.828274,-88.599748,31.417440,-88.439153,1.094868,-0.018411,-147.0962,0.101983,-146.8826,0.098726,31.801204,-88.331236,-146.9281,1.009303,0.398649,0.899370,-0.972931,-0.268511,-0.713892,-0.547015
696,116.948,B,3,30.206358,-88.134059,30.700573,-88.595610,31.311064,-88.530709,0.980392,-0.553030,-146.6382,0.098596,-146.3272,0.094147,31.540770,-88.370640,-146.3704,0.869794,0.279977,1.355222,-0.840197,-0.224970,-1.334412,0.236582
697,117.118,B,3,29.861150,-88.256159,30.431684,-88.473836,30.852593,-88.433212,1.051530,-0.845779,-145.9682,0.091463,-145.8077,0.086955,31.276393,-88.412981,-145.8477,0.846898,0.424282,1.423905,-0.844709,-0.060854,-1.415243,0.156822
698,117.292,B,3,29.750933,-88.479270,30.431684,-88.473836,30.803483,-88.443081,0.975466,-0.773141,-145.7224,0.087596,-145.3303,0.080652,31.004690,-88.458689,-145.3671,0.573206,0.201810,1.253926,-0.573006,-0.015147,-1.253757,-0.020581
699,117.457,B,3,28.877524,-87.841830,30.160258,-88.436127,30.567453,-88.459233,1.166015,-0.837243,-145.4951,0.084836,-144.8860,0.077663,30.725200,-88.509255,-144.9207,0.569655,0.165488,1.964526,-0.564942,0.073128,-1.847676,0.667424
700,117.639,B,3,29.050292,-88.964627,29.812102,-88.334569,30.215097,-88.356299,1.253691,-1.441814,-145.1231,0.079940,-144.4589,0.073285,30.440430,-88.566094,-144.4928,0.669626,0.307878,1.446137,-0.628328,0.231525,-1.390138,-0.398533
701,117.829,B,3,28.711320,-89.682388,29.445459,-88.345510,29.955869,-88.473879,1.652710,-0.898669,-144.5369,0.075511,-144.0377,0.073056,30.154484,-88.629187,-144.0712,0.763668,0.252128,1.786604,-0.709025,0.283677,-1.443164,-1.053201
702,118.010,B,3,28.140934,-89.407888,29.148267,-88.689716,29.682112,-88.703218,2.008812,-0.132897,-143.9787,0.030514,-144.1379,-0.043505,29.877553,-88.697082,-144.1159,0.729324,0.195537,1.876458,-0.729287,0.007366,-1.736620,-0.710806
703,118.187,B,3,28.565995,-89.280848,28.802941,-89.040368,29.353685,-88.845174,2.286499,-0.090673,-144.0476,0.008988,-143.8898,0.120355,29.609071,-88.758547,-143.9435,0.853973,0.269678,1.166536,-0.806130,-0.281821,-1.043076,-0.522302
704,118.366,B,3,28.378912,-88.409988,28.534258,-89.228352,29.160990,-88.940254,2.165328,-0.049754,-144.0202,0.042429,-143.3450,0.001049,29.344421,-88.815192,-143.3480,0.909431,0.222007,1.047090,-0.810163,-0.413160,-0.965509,0.405204
705,118.541,B,3,27.701234,-88.919108,28.387518,-89.172168,28.970700,-88.859819,1.456085,-0.639227,-143.5722,0.067774,-143.6486,-0.014595,29.092444,-88.869855,-143.6412,0.767016,0.122157,1.392081,-0.704926,-0.302313,-1.391210,-0.049253
706,118.723,B,3,27.846603,-89.500945,28.171889,-89.039932,28.542571,-88.992938,1.442621,-0.830209,-143.4850,-0.017851,-143.4290,0.000428,28.836533,-88.923246,-143.4311,0.674809,0.302110,1.146166,-0.664644,-0.116686,-0.989930,-0.577699
707,118.896,B,3,27.274567,-89.741454,27.944046,-89.117721,28.491449,-89.007467,1.378769,-0.423976,-143.5764,-0.038334,-143.7611,-0.028237,28.587049,-88.981833,-143.7470,0.657205,0.098976,1.516454,-0.643003,-0.135888,-1.312482,-0.759621
708,119.091,B,3,27.508519,-89.372198,27.721950,-89.320260,28.223529,-89.154288,1.655698,-0.242861,-143.7542,-0.021673,-143.8988,-0.066474,28.337155,-89.045998,-143.8681,0.673571,0.156964,0.890531,-0.615206,-0.274262,-0.828637,-0.326200
709,119.270,B,3,27.111876,-89.555398,27.517841,-89.447569,28.046297,-89.208689,1.521903,-0.303000,-143.8308,-0.040148,-144.2122,-0.063508,28.092418,-89.114714,-144.1839,0.664026,0.104682,1.075019,-0.574577,-0.332855,-0.980542,-0.440684
710,119.479,B,3,26.579826,-89.735975,27.106528,-89.590101,27.830604,-89.285768,1.636308,-0.382936,-144.3724,-0.060625,-144.6065,-0.075666,27.853342,-89.183228,-144.5718,0.850457,0.105032,1.388299,-0.746814,-0.406873,-1.273516,-0.552747
711,119.615,B,3,26.711428,-89.843476,26.868368,-89.699108,27.407288,-89.463529,1.582476,-0.298280,-144.9227,-0.080750,-145.0898,-0.091005,27.621698,-89.247345,-145.0478,0.878405,0.304479,1.088101,-0.753330,-0.451763,-0.910270,-0.596131
712,119.772,B,3,26.254764,-89.651772,26.868368,-89.699108,27.357286,-89.479379,1.427994,-0.282273,-145.3517,-0.093762,-145.6626,-0.107597,27.398633,-89.305750,-145.6137,0.660236,0.178484,1.195060,-0.530266,-0.393357,-1.143870,-0.346021
713,119.945,B,3,25.819986,-88.762173,26.650190,-89.755720,27.110977,-89.524518,1.399366,-0.479534,-145.9274,-0.106976,-146.3147,-0.119734,27.184474,-89.360385,-146.2599,0.664643,0.179838,1.489861,-0.534284,-0.395336,-1.364488,0.598212
714,120.105,B,3,25.490246,-89.135084,26.363152,-89.592169,26.830074,-89.397910,1.150407,-1.313405,-146.1801,-0.112248,-147.0327,-0.130830,26.978196,-89.415108,-146.9732,0.640023,0.149117,1.514070,-0.615044,-0.177062,-1.487950,0.280023
715,120.275,B,3,25.338770,-89.888169,26.040346,-89.359965,26.539248,-89.357164,1.162806,-1.528841,-146.7900,-0.122377,-147.8065,-0.138561,26.777020,-89.473497,-147.7426,0.745372,0.264705,1.496835,-0.736675,0.113531,-1.438250,-0.414672
716,120.437,B,3,25.272744,-89.718200,25.735048,-89.378740,26.272572,-89.458435,1.482773,-1.072732,-147.4846,-0.131089,-148.6354,-0.150297,26.577357,-89.536738,-148.5669,0.856999,0.314682,1.317172,-0.842309,0.157998,-1.304612,-0.181462
717,120.632,B,3,24.613720,-90.238770,25.484720,-89.505647,26.041936,-89.511076,1.350359,-0.792673,-148.8181,-0.149098,-149.5275,-0.161448,26.376693,-89.603322,-149.4535,0.897305,0.347235,1.873998,-0.891973,0.097675,-1.762973,-0.635448
718,120.810,B,3,24.743797,-90.607239,25.203017,-89.671414,25.733470,-89.648409,1.754075,-0.490087,-149.7287,-0.160916,-150.4907,-0.174104,26.174953,-89.670424,-150.4110,0.971936,0.442032,1.710505,-0.971935,-0.000990,-1.431155,-0.936815
719,120.971,B,3,24.151288,-89.943192,24.652762,-90.117176,25.260954,-89.849862,1.992739,-0.359356,-150.9773,-0.176845,-151.5243,-0.188139,25.974740,-89.735855,-151.4392,1.375875,0.722833,1.835202,-1.321979,-0.381321,-1.823452,-0.207336
720,121.132,B,3,24.282662,-90.811740,24.395448,-90.258539,25.043396,-90.027496,2.052786,0.071105,-152.4286,-0.189270,-152.6175,-0.194135,25.779985,-89.799420,-152.5281,1.458675,0.771092,1.807420,-1.384537,-0.459119,-1.497323,-1.012320
721,121.298,B,3,23.577710,-90.421250,24.133469,-90.433875,24.998953,-90.036381,2.088445,-0.166466,-153.2905,-0.195585,-153.7576,-0.202477,25.593566,-89.862490,-153.6649,1.567917,0.619518,2.091862,-1.460097,-0.571385,-2.015856,-0.558760
722,121.466,B,3,24.364235,-90.630865,23.958254,-90.520035,24.625087,-90.207757,1.638057,0.025780,-154.2487,-0.202260,-154.9369,-0.209594,25.415772,-89.926483,-154.8411,1.573742,0.839225,1.265656,-1.457518,-0.593552,-1.051537,-0.704382
723,121.653,B,3,23.319731,-90.023550,23.958254,-90.520035,24.572111,-90.217987,1.511103,-0.001072,-155.2701,-0.207713,-156.1564,-0.217174,25.244038,-89.991851,-156.0572,1.390042,0.708959,1.924568,-1.285784,-0.528184,-1.924307,-0.031699
724,121.846,B,3,23.252717,-90.223916,23.806504,-90.495279,24.296010,-90.190210,1.502849,-0.561126,-155.7746,-0.210154,-157.4245,-0.225914,25.073939,-90.058169,-157.3210,1.340693,0.789056,1.828749,-1.267435,-0.437110,-1.821223,-0.165747
725,122.026,B,3,24.206675,-89.913445,23.544442,-90.384990,24.067603,-90.200052,1.403652,-0.738454,-156.7986,-0.216950,-158.7479,-0.235276,24.901500,-90.125054,-158.6400,1.381728,0.837263,0.726334,-1.357058,-0.259936,-0.694825,0.211609
726,122.194,B,3,23.440310,-89.761233,23.492318,-90.268938,24.036261,-90.151660,0.665289,-0.789731,-158.4920,-0.229550,-160.1236,-0.243705,24.725155,-90.192876,-160.0119,1.235181,0.690126,1.355412,-1.232836,-0.076062,-1.284845,0.431643
727,122.357,B,3,24.348667,-89.709661,23.507478,-90.093997,23.884883,-90.080873,0.417610,-0.920173,-160.9457,-0.245104,-161.5396,-0.250510,24.546129,-90.262581,-161.4252,1.052244,0.685758,0.587121,-1.038651,0.168584,-0.197462,0.552920
728,122.521,B,3,22.436613,-90.674778,23.566475,-89.926075,23.928409,-90.011175,-0.131056,-0.810932,-162.0645,-0.250212,-162.9841,-0.253117,24.367629,-90.334858,-162.8676,0.899417,0.545605,1.960706,-0.801154,0.408783,-1.931016,-0.339920
729,122.680,B,3,22.201781,-90.426700,23.484588,-89.969272,23.621537,-90.126836,0.725452,-0.356269,-162.6545,-0.251436,-164.4542,-0.258494,24.193140,-90.409216,-164.3355,0.834024,0.637548,1.991435,-0.708552,0.439944,-1.991358,-0.017484
730,122.834,B,3,22.781226,-90.889249,23.104690,-90.143528,23.324842,-90.177713,1.251691,-0.259026,-163.8893,-0.255715,-165.8614,-0.188481,24.023914,-90.484085,-165.7728,0.980282,0.763260,1.307070,-0.919225,0.340556,-1.242689,-0.405164
731,122.979,B,3,21.685747,-90.379925,22.852672,-90.324029,23.185110,-90.303966,1.287644,0.249918,-165.1127,-0.250763,-166.8386,-0.233033,23.855539,-90.555340,-166.7329,1.029197,0.716006,2.176871,-1.002867,0.231311,-2.169792,0.175415
732,123.142,B,3,22.051707,-90.615811,22.584244,-90.452652,22.873205,-90.316010,1.492845,-0.075603,-167.8512,-0.297625,-168.6209,-0.327641,23.683029,-90.629882,-168.4695,1.112987,0.868522,1.631383,-1.098785,0.177229,-1.631323,0.014071
733,123.344,B,3,21.289361,-90.040313,22.273813,-90.493501,22.682100,-90.367592,1.481295,-0.034067,-169.2767,-0.243560,-169.9058,-0.133076,23.507261,-90.700093,-169.8439,1.250629,0.889633,2.313955,-1.233448,0.206591,-2.217900,0.659780
734,123.531,B,3,22.673974,-92.348873,21.872787,-90.718800,22.387949,-90.304935,1.327302,1.154705,-170.6826,-0.220935,-171.0116,-0.274828,23.326318,-90.770472,-170.8877,1.454448,1.047502,1.707895,-1.453530,0.051672,-0.652343,-1.578402
735,123.696,B,3,20.987599,-90.486967,21.763843,-91.002583,22.146441,-90.639140,1.575048,0.377552,-171.8609,-0.224912,-172.4033,-0.153207,23.138233,-90.848570,-172.3308,1.382993,1.013663,2.180822,-1.374390,-0.154012,-2.150634,0.361603
736,123.846,B,3,21.050501,-91.004261,21.447639,-90.967352,22.101820,-90.640653,1.634230,0.286487,-172.8528,-0.191704,-173.3936,-0.247207,22.944084,-90.924969,-173.2811,1.497045,0.888956,1.895242,-1.496445,-0.042383,-1.893582,-0.079292
737,124.004,B,3,21.574206,-91.142964,21.447639,-90.967352,21.869969,-90.706818,1.482199,0.228709,-173.8690,-0.189727,-174.4661,-0.166628,22.744610,-91.003090,-174.3916,1.297463,0.923457,1.178732,-1.296971,0.035738,-1.170404,-0.139874
738,124.157,B,3,20.813282,-91.848775,21.302462,-91.036394,21.774916,-90.786776,1.179991,0.300341,-174.7615,-0.180788,-175.5163,-0.175494,22.541782,-91.077987,-175.4370,1.240018,0.820297,1.892572,-1.239320,0.041593,-1.728500,-0.770788
739,124.333,B,3,20.354321,-90.674029,21.176187,-91.228496,21.560842,-90.981204,1.414202,0.834100,-175.2748,-0.178342,-176.5132,-0.167898,22.337145,-91.149238,-176.4355,1.163660,0.794281,2.038974,-1.160958,-0.079258,-1.982824,0.475209
740,124.494,B,3,21.399285,-90.799543,20.910154,-91.281578,21.302057,-90.929391,1.540683,0.073365,-176.0568,-0.174715,-177.4600,-0.160693,22.131668,-91.218761,-177.3861,1.223128,0.878629,0.843877,-1.221514,-0.062817,-0.732383,0.419218
741,124.689,B,3,20.241253,-91.610560,20.723400,-91.148765,21.279337,-90.907594,1.153533,0.208423,-178.0028,-0.157800,-178.3552,-0.151753,21.925207,-91.289104,-178.2856,1.209974,0.750132,1.714361,-1.201808,0.140338,-1.683954,-0.321457
742,124.859,B,3,19.733143,-90.519820,20.723400,-91.148765,21.053942,-91.035651,1.045467,0.172408,-178.7947,-0.149986,-179.1975,-0.141206,21.716431,-91.361290,-179.1320,1.015518,0.738195,2.154414,-0.993031,0.212525,-1.983287,0.841470
743,125.026,B,3,20.504451,-90.530229,20.430496,-91.118590,20.776485,-90.943564,1.310940,-0.417721,-179.5786,-0.142678,-179.9948,-0.135336,21.503621,-91.433977,-179.9324,1.118511,0.877058,1.347256,-1.073125,0.315387,-0.999170,0.903747
744,125.191,B,3,19.443394,-91.322189,20.247839,-90.899346,20.688233,-90.867175,1.067521,-0.737041,-179.8745,-0.139623,179.2407,-0.132031,21.285813,-91.504510,179.3009,1.201504,0.873669,1.851418,-1.037974,0.605163,-1.842419,0.182321
745,125.338,B,3,19.032298,-91.320342,20.077280,-90.872918,20.425310,-90.946308,1.336715,-0.213310,179.5035,-0.134650,178.5007,-0.126319,21.063294,-91.570933,178.5590,1.208077,0.892849,2.046397,-0.986014,0.698015,-2.030996,0.250591
746,125.495,B,3,19.562769,-91.402302,19.745204,-91.002277,20.133600,-91.011896,1.617080,0.096414,178.8757,-0.131326,177.7854,-0.119927,20.837295,-91.633470,177.8416,1.261376,0.938904,1.295320,-1.092091,0.631194,-1.274526,0.231168
747,125.665,B,3,19.443601,-91.782306,19.516696,-91.123517,19.987696,-91.081551,1.252159,0.283932,177.2970,-0.120034,177.1019,-0.116656,20.609312,-91.694231,177.1553,1.232690,0.872803,1.169034,-1.092616,0.570714,-1.165712,-0.088075
748,125.839,B,3,19.373665,-91.531070,19.410974,-91.301482,19.851091,-91.208952,1.089658,0.667362,176.9517,-0.117411,176.4560,-0.109407,20.380590,-91.755400,176.5062,1.070606,0.760904,1.031611,-0.969616,0.453918,-1.006924,0.224330
749,126.023,B,3,18.326266,-92.591038,19.323377,-91.457458,19.726454,-91.269627,1.000747,0.690832,176.6300,-0.114276,175.8474,-0.105658,20.151770,-91.817546,175.8948,0.903271,0.693620,1.982613,-0.828393,0.360088,-1.825504,-0.773492
750,126.195,B,3,18.375843,-91.561904,18.792637,-91.904592,19.245239,-91.521620,1.465556,0.917087,175.3939,-0.102747,175.2695,-0.100841,19.922552,-91.879216,175.3148,1.130200,0.765916,1.578922,-1.129915,-0.025376,-1.546709,0.317312
751,126.340,B,3,18.352524,-92.234269,18.564848,-91.965199,19.203197,-91.528379,1.405496,1.041456,174.8754,-0.099597,174.7126,-0.096903,19.691695,-91.938082,174.7566,1.127174,0.637563,1.371535,-1.126847,-0.027117,-1.339172,-0.296187
752,126.497,B,3,18.122326,-90.632333,18.564848,-91.965199,19.008446,-91.662605,1.280609,0.927517,174.2933,-0.138071,173.9088,-0.227039,19.458959,-91.995207,174.0106,0.894615,0.559988,1.908930,-0.894111,0.030008,-1.336633,1.362874
753,126.662,B,3,18.241204,-91.411865,18.364806,-91.826226,18.807706,-91.482044,1.366854,-0.237905,173.8717,-0.167230,172.9303,-0.088331,19.233259,-92.050945,172.9726,0.897057,0.710454,1.180083,-0.868454,0.224719,-0.992055,0.639080
754,126.817,B,3,18.234044,-92.520723,18.208752,-91.554532,18.673309,-91.470573,1.285656,-0.359233,173.3409,-0.147038,172.7195,-0.076578,19.004035,-92.101964,172.7525,0.965482,0.712765,0.876496,-0.795283,0.547432,-0.769991,-0.418759
755,126.965,B,3,17.558083,-91.886220,18.127489,-91.674549,18.548811,-91.662841,0.960030,0.493827,172.7465,-0.064963,171.7183,-0.212329,18.779989,-92.160108,171.8172,0.813341,0.548378,1.252225,-0.652499,0.485559,-1.221905,0.273888
756,127.122,B,3,17.435917,-92.339398,17.983952,-91.859506,18.332008,-91.707550,1.109301,0.472795,172.1124,-0.163583,171.0288,-0.041475,18.555108,-92.218286,171.0480,0.674494,0.557337,1.125725,-0.571156,0.358780,-1.119191,-0.121112
757,127.300,B,3,17.502053,-91.961395,17.765992,-91.969126,18.131532,-91.826503,1.035471,0.683772,170.7357,-0.135567,170.2082,-0.236602,18.330502,-92.276424,170.3156,0.642732,0.491954,0.886324,-0.564510,0.307299,-0.828449,0.315030
758,127.495,B,3,16.817390,-92.122226,17.595731,-92.060349,17.979325,-91.856355,0.997529,0.509785,169.9160,-0.162203,169.3247,-0.106334,18.108885,-92.334868,169.3717,0.581969,0.495742,1.308884,-0.513154,0.274519,-1.291495,0.212643
759,127.681,B,3,15.958948,-92.610381,17.383237,-92.082105,17.730966,-91.909155,1.296002,0.565104,169.4876,-0.136809,168.2876,-0.164590,17.891109,-92.391902,168.3650,0.594902,0.508617,1.944474,-0.507872,0.309797,-1.932161,-0.218478
760,127.829,B,3,16.688651,-92.548214,16.998511,-92.203020,17.369856,-92.040624,1.724362,0.961900,168.7242,-0.175079,167.2890,-0.170605,17.677108,-92.447934,167.3682,0.721441,0.510202,0.993531,-0.678597,0.244914,-0.988457,-0.100280
761,127.983,B,3,15.253101,-91.739972,16.686115,-92.363667,17.203426,-92.138343,1.486684,0.980077,167.8622,-0.178722,166.2045,-0.192173,17.466821,-92.505787,166.2929,0.793536,0.452096,2.342440,-0.780706,0.142120,-2.213720,0.765814
762,128.137,B,3,15.600096,-92.035377,16.349657,-92.320249,16.807194,-92.071018,1.916929,0.336517,165.8908,-0.192216,165.0793,-0.198554,17.258544,-92.566495,165.1707,0.941655,0.670235,1.741418,-0.908888,0.246246,-1.658448,0.531118
763,128.298,B,3,15.688160,-92.717552,15.941326,-92.178627,16.542172,-92.066210,1.934714,0.191170,164.8101,-0.197948,163.9161,-0.206325,17.050608,-92.629556,164.0107,1.197433,0.758858,1.365287,-1.109282,0.450930,-1.362448,-0.087996
764,128.460,B,3,15.644366,-93.093120,15.568109,-92.467513,16.340466,-92.184928,1.322416,1.088559,163.4189,-0.207371,162.7094,-0.215249,16.841997,-92.693061,162.8078,1.293701,0.713955,1.262683,-1.273888,0.225547,-1.197631,-0.400059
765,128.621,B,3,15.393571,-91.809210,15.437599,-92.483850,16.030472,-92.255469,1.384430,0.305560,161.7612,-0.217963,161.4524,-0.222726,16.632685,-92.755064,161.5549,1.225474,0.782468,1.558860,-1.195086,0.271214,-1.239114,0.945854
766,128.797,B,3,15.225380,-92.264599,15.296332,-92.337431,15.982918,-92.256697,1.277768,0.190202,160.6453,-0.225745,160.1445,-0.234225,16.423451,-92.815019,160.2508,1.224127,0.711191,1.318459,-1.127119,0.477588,-1.198070,0.550420
767,128.964,B,3,15.349229,-92.362216,15.296332,-92.337431,15.801967,-92.257864,1.158656,0.145304,159.6029,-0.232729,158.7929,-0.241549,16.215388,-92.874145,158.9024,1.064296,0.742104,1.006132,-0.919056,0.536714,-0.866159,0.511928
768,129.121,B,3,14.774338,-92.253667,15.204098,-92.315042,15.677496,-92.275414,0.939336,0.130637,158.5192,-0.239024,157.4070,-0.244888,16.009412,-92.934487,157.5190,1.015994,0.737933,1.410292,-0.805314,0.619446,-1.235074,0.680820
769,129.277,B,3,15.082558,-92.017218,15.085356,-92.296571,15.473240,-92.269097,1.089559,0.148776,157.9671,-0.241238,155.9921,-0.252278,15.806036,-92.997364,156.1064,1.005231,0.800703,1.218239,-0.720680,0.700793,-0.723478,0.980146
770,129.425,B,3,13.454820,-93.190725,14.968331,-92.222136,15.362579,-92.219804,0.955685,-0.094964,156.7566,-0.245461,154.5464,-0.254564,15.605441,-93.062470,154.6633,1.054548,0.876965,2.154442,-0.637110,0.840334,-2.150621,-0.128255
771,129.584,B,3,14.094191,-92.242675,14.696199,-92.332942,14.977493,-92.390419,1.245205,0.948426,154.7815,-0.252239,153.0645,-0.261972,15.407523,-93.128173,153.1845,1.066947,0.853936,1.583966,-0.711325,0.795232,-1.313332,0.885498
772,129.745,B,3,14.049090,-93.384853,14.340825,-92.462390,14.774877,-92.360310,1.225859,0.571060,152.3743,-0.262573,151.5418,-0.269177,15.211757,-93.192622,151.6651,1.136557,0.940004,1.178451,-0.870932,0.730232,-1.162667,-0.192231
773,129.944,B,3,13.658063,-93.308058,14.159560,-92.595460,14.600814,-92.541764,0.874082,1.148459,150.8559,-0.269207,149.7898,-0.275279,15.017218,-93.254922,150.1059,1.081881,0.825825,1.360194,-0.857658,0.659462,-1.359155,-0.053136
774,130.116,B,3,13.236113,-93.156285,13.972887,-92.882273,14.387874,-92.679176,0.831386,1.525516,150.8559,-0.269200,148.3838,-0.280602,14.823021,-93.315498,148.5125,0.954156,0.770882,1.594875,-0.850134,0.433226,-1.586909,0.159213
775,130.289,B,3,13.802924,-92.363269,13.717507,-93.053344,14.136693,-92.765384,0.992208,1.527624,148.6909,-0.277755,146.7601,-0.285038,14.628961,-93.375497,146.8909,0.966711,0.783942,1.306500,-0.911454,0.322152,-0.826037,1.012228
776,130.475,B,3,13.394012,-93.587261,13.549553,-92.997980,14.033851,-92.692162,1.071552,0.698479,147.3601,-0.281908,145.1100,-0.289582,14.435874,-93.435831,145.2430,0.988574,0.845379,1.052809,-0.886321,0.437851,-1.041862,-0.151430
777,130.648,B,3,13.643694,-93.749688,13.465284,-93.012221,13.877500,-92.851797,0.661611,0.954537,144.4445,-0.289678,143.4303,-0.293445,14.245378,-93.496605,143.5659,0.918245,0.742369,0.652744,-0.780094,0.484384,-0.601684,-0.253082
778,130.820,B,3,12.947427,-92.435711,13.401735,-93.260610,13.795622,-93.014604,0.260662,1.127392,143.1019,-0.293047,141.7170,-0.301494,14.059053,-93.557320,141.8554,0.721183,0.603272,1.579152,-0.657318,0.296710,-1.111626,1.121609
779,131.012,B,3,12.027663,-92.913016,12.982262,-93.056091,13.605133,-92.910776,1.362392,0.696132,140.7100,-0.259676,140.2348,-0.174492,13.876200,-93.615360,140.3174,1.054470,0.754928,1.977467,-0.893938,0.559269,-1.848537,0.702344
780,131.196,B,3,13.019793,-92.826340,12.758636,-92.972879,13.235497,-92.893711,1.153139,0.376716,139.1548,-0.271131,138.8646,-0.318485,13.695706,-93.667967,139.0094,1.166725,0.900702,1.079442,-0.937071,0.695087,-0.675913,0.841627
781,131.409,B,3,12.529816,-94.221770,12.679915,-93.143737,13.195294,-92.889329,0.425937,1.159105,137.6246,-0.319852,136.8083,-0.307445,13.508166,-93.715576,136.9510,1.006478,0.883500,1.101545,-0.828251,0.571839,-0.978350,-0.506195
782,131.621,B,3,12.571773,-92.029205,12.679915,-93.143737,13.037133,-93.126192,0.415559,1.036060,135.9901,-0.224858,135.5694,-0.189123,13.323286,-93.754824,135.6543,0.887329,0.690697,1.882161,-0.643370,0.611088,-0.751512,1.725619
783,131.806,B,3,11.808492,-92.494430,12.564918,-93.135778,12.916979,-92.925939,1.028422,0.154770,134.9737,-0.252652,133.9801,-0.338021,13.133446,-93.791842,134.1370,0.868126,0.892551,1.854395,-0.568528,0.656064,-1.324954,1.297412
784,131.981,B,3,12.334345,-92.195487,12.377012,-92.815672,12.689175,-92.842365,1.449782,0.162917,134.3327,-0.287537,132.6261,-0.163574,12.942809,-93.823552,132.7006,1.155832,1.013439,1.738052,-0.565796,1.007880,-0.608463,1.628065
785,132.145,B,3,11.419795,-92.781629,12.214822,-92.596255,12.591547,-92.716600,1.472339,-0.205450,133.0742,-0.229913,131.2116,-0.268240,12.752361,-93.849697,131.3359,1.363843,1.144452,1.707777,-0.537539,1.253443,-1.332566,1.068069
786,132.318,B,3,10.963860,-92.981769,12.048532,-92.489512,12.348018,-92.716667,1.351262,0.278994,131.8568,-0.256102,129.9878,-0.255225,12.564243,-93.868492,130.1021,1.472259,1.171945,1.829619,-0.515711,1.378981,-1.600383,0.886723
787,132.481,B,3,11.749592,-93.728670,11.731505,-92.563854,12.056837,-92.750424,1.121756,0.735513,129.1315,-0.218738,128.7044,-0.218974,12.375534,-93.881218,128.8052,1.466364,1.174846,0.644263,-0.644029,1.317365,-0.625942,0.152549
788,132.659,B,3,10.981595,-93.125134,11.541198,-92.805926,11.964441,-92.917097,0.321653,1.102065,128.5217,-0.215558,127.5102,-0.204505,12.186152,-93.887503,127.6041,1.259275,0.995411,1.425540,-0.644954,1.081577,-1.204557,0.762369
789,132.839,B,3,11.568972,-93.126880,11.405076,-93.028370,11.751472,-92.947540,0.419790,1.299164,127.9498,-0.212346,126.3692,-0.193927,11.993898,-93.888208,126.4583,1.042129,0.971405,0.871884,-0.588822,0.859838,-0.424926,0.761328
790,133.013,B,3,10.704791,-93.481409,11.164772,-93.192610,11.509713,-93.063616,0.203940,1.267707,125.6084,-0.191060,125.2862,-0.185529,11.798365,-93.883276,125.3709,0.937262,0.869000,1.165076,-0.633593,0.690666,-1.093574,0.401867
791,133.166,B,3,10.652250,-93.243162,10.947373,-93.281163,11.327153,-93.092100,0.348215,1.225973,124.6076,-0.183274,124.2545,-0.177399,11.600632,-93.872087,124.3354,0.880874,0.826541,1.137970,-0.653259,0.590925,-0.948383,0.628925
792,133.320,B,3,10.377245,-93.161140,10.947373,-93.281163,11.289900,-93.088187,0.334461,1.102399,123.8924,-0.176460,123.2649,-0.169066,11.402486,-93.854132,123.3427,0.731725,0.774175,1.237480,-0.455113,0.572969,-1.025241,0.692992
793,133.486,B,3,9.914934,-93.272502,10.736622,-93.281036,11.090196,-93.096876,0.528024,1.080760,123.0253,-0.170695,122.3130,-0.163917,11.205121,-93.829621,122.3877,0.721413,0.741703,1.405334,-0.468499,0.548585,-1.290187,0.557120
794,133.650,B,3,10.018311,-92.804714,10.473909,-93.274103,10.842124,-93.123841,0.711288,1.309453,122.6581,-0.168132,121.4011,-0.155175,11.008274,-93.799471,121.4724,0.749371,0.695760,1.403413,-0.534365,0.525367,-0.989962,0.994757
795,133.819,B,3,9.813801,-93.691343,10.226508,-93.196596,10.656677,-93.060998,1.027755,1.036652,121.8590,-0.161147,120.5363,-0.146603,10.810484,-93.764687,120.6036,0.814712,0.720302,0.999378,-0.583976,0.568091,-0.996683,0.073344
796,133.984,B,3,9.237947,-93.268071,9.788789,-93.296008,10.467469,-93.169225,0.743021,1.374841,120.0013,-0.143575,119.7242,-0.136256,10.610273,-93.725685,119.7872,0.927070,0.574492,1.446613,-0.821484,0.429678,-1.372326,0.457614
797,134.163,B,3,9.494230,-93.376476,9.788789,-93.296008,10.207870,-93.182886,0.688913,1.233253,119.3754,-0.136512,118.9642,-0.127999,10.407209,-93.681988,119.0232,0.728988,0.537438,0.962740,-0.618420,0.385980,-0.912979,0.305512
798,134.377,B,3,9.410294,-93.802521,9.562340,-93.309095,10.040493,-93.213840,0.594918,1.157732,118.7045,-0.127847,118.2491,-0.121144,10.202106,-93.632454,118.3049,0.716841,0.448728,0.809870,-0.639766,0.323359,-0.791812,-0.170067
799,134.541,B,3,9.039843,-92.677832,9.430310,-93.411478,9.888737,-93.317267,0.247046,1.291960,118.3758,-0.125002,117.5704,-0.114913,9.996263,-93.576008,117.6235,0.589383,0.280194,1.312044,-0.565953,0.164530,-0.956420,0.898176
800,134.698,B,3,9.626548,-92.639564,9.278257,-93.363186,9.698318,-93.199048,0.882886,0.936131,117.8355,-0.119900,116.9241,-0.109384,9.790380,-93.512431,116.9746,0.533427,0.326625,0.888109,-0.512123,0.149245,-0.163832,0.872867
801,134.857,B,3,8.616191,-92.721853,9.113463,-92.922518,9.466077,-93.026652,1.224488,0.504214,116.5681,-0.108122,116.3131,-0.103238,9.584073,-93.442585,116.3605,0.701387,0.432346,1.206752,-0.470610,0.520068,-0.967882,0.720732
802,135.023,B,3,8.754400,-92.093665,9.113463,-92.922518,9.429055,-93.017729,1.111531,0.444189,116.0243,-0.102350,115.7433,-0.094706,9.376317,-93.367865,115.7873,0.517133,0.354085,1.417874,-0.262854,0.445348,-0.621917,1.274200
803,135.191,B,3,7.763646,-92.273283,8.923438,-92.686743,9.273046,-92.840736,1.493913,0.240016,115.5227,-0.095911,115.2174,-0.087335,9.166431,-93.289269,115.2579,0.649680,0.461031,1.732061,-0.242993,0.602526,-1.402786,1.015986
804,135.348,B,3,8.807722,-92.361721,8.657271,-92.437164,8.965627,-92.724953,1.794189,0.670904,115.5227,-0.095902,114.7314,-0.081152,8.954778,-93.206823,114.7690,0.825157,0.481992,0.857801,-0.297507,0.769659,-0.147056,0.845102
805,135.546,B,3,8.129427,-92.203046,8.467977,-92.310928,8.901485,-92.644853,1.413111,0.409537,114.8789,-0.086000,114.2765,-0.077863,8.742579,-93.119736,114.3120,0.854152,0.500764,1.102849,-0.274601,0.808808,-0.613152,0.916690
806,135.741,B,3,8.048416,-92.421261,8.390640,-92.224735,8.728433,-92.549802,1.312216,0.495563,114.4157,-0.080843,113.8443,-0.074703,8.531015,-93.027001,113.8782,0.814454,0.516422,0.774482,-0.140375,0.802265,-0.482599,0.605740
807,135.934,B,3,7.220747,-92.342070,8.234830,-92.190466,8.572191,-92.510981,0.894753,0.562846,113.6823,-0.073580,113.4321,-0.068774,8.320314,-92.927978,113.4643,0.742450,0.487164,1.245928,-0.085484,0.737512,-1.099568,0.585908
808,136.108,B,3,7.133298,-92.343488,7.988570,-92.207533,8.294000,-92.465195,0.874547,0.957968,113.3414,-0.070386,113.0429,-0.064343,8.109612,-92.822694,113.0731,0.626956,0.402248,1.087579,-0.121042,0.615161,-0.976315,0.479205
809,136.295,B,3,6.804678,-91.281919,7.355072,-92.046689,8.048096,-92.428240,1.578265,1.126866,112.8624,-0.065468,112.6813,-0.060905,7.897772,-92.711731,112.7092,0.858373,0.320880,1.799782,-0.542700,0.665042,-1.093095,1.429811
810,136.451,B,3,6.490404,-91.870447,7.034987,-91.834800,7.555734,-92.145502,1.480404,1.312316,112.3908,-0.058194,112.3475,-0.055104,7.684465,-92.595827,112.3733,1.000492,0.468363,1.397125,-0.649478,0.761028,-1.194061,0.725380
811,136.611,B,3,6.365562,-91.144243,6.742262,-91.661525,7.512668,-92.125740,1.833345,1.173657,112.1722,-0.055421,112.0355,-0.052088,7.470632,-92.475444,112.0599,1.092239,0.352222,1.730108,-0.728369,0.813919,-1.105069,1.331201
812,136.782,B,3,6.301664,-91.151342,6.742262,-91.661525,7.264954,-91.928538,1.662919,1.051922,111.8925,-0.052811,111.7362,-0.051422,7.257941,-92.350631,111.7599,0.860692,0.422151,1.533870,-0.515679,0.689106,-0.956276,1.199289
813,136.970,B,3,6.356011,-90.925004,6.499855,-91.412104,7.049930,-91.765866,1.726161,0.957008,111.6595,-0.052495,111.4433,-0.051053,7.047644,-92.221250,111.4665,0.977134,0.455390,1.469221,-0.547789,0.809146,-0.691633,1.296247
814,137.164,B,3,6.006964,-91.047191,6.184076,-91.035803,6.884014,-91.590021,1.632065,0.808531,111.2897,-0.050535,111.1562,-0.051249,6.839767,-92.087245,111.1789,1.239138,0.499188,1.332394,-0.655691,1.051443,-0.832803,1.040054
815,137.327,B,3,6.109948,-91.445034,6.054129,-91.028617,6.685851,-91.466866,1.026371,0.819271,110.9474,-0.047792,110.8795,-0.046556,6.633221,-91.948648,110.9011,1.087108,0.484648,0.726252,-0.579092,0.920031,-0.523273,0.503614
816,137.499,B,3,6.386114,-91.933396,6.029353,-91.208670,6.541152,-91.437544,0.138845,0.753608,110.7167,-0.046717,110.6171,-0.043292,6.426739,-91.805407,110.6376,0.716945,0.385245,0.134281,-0.397385,0.596737,-0.040624,-0.127989
817,137.672,B,3,5.766168,-90.893484,6.029353,-91.208670,6.477532,-91.506612,0.128329,0.680683,110.5226,-0.044234,110.3690,-0.040557,6.219946,-91.657315,110.3885,0.487450,0.298432,0.888454,-0.190592,0.448645,-0.453778,0.763830
818,137.848,B,3,4.924310,-90.451249,5.981508,-91.268095,6.312687,-91.375710,0.467861,0.606593,110.3400,-0.042055,110.1298,-0.040013,6.013698,-91.504168,110.1488,0.238257,0.325416,1.515060,-0.032190,0.236073,-1.089389,1.052919
819,138.008,B,3,4.976821,-91.059918,5.737541,-91.050567,6.027557,-91.188442,1.163401,0.856238,110.2398,-0.041411,109.8928,-0.041822,5.809453,-91.346014,109.9118,0.304073,0.269070,0.880413,-0.071912,0.295447,-0.832632,0.286096
820,138.176,B,3,3.957272,-90.480304,5.433260,-90.912089,5.800326,-91.143290,0.979691,1.067211,109.9362,-0.041286,109.5849,-0.108397,5.607807,-91.183666,109.6330,0.322832,0.196707,1.794153,-0.174547,0.271577,-1.650535,0.703362
821,138.371,B,3,4.155593,-90.255830,4.650585,-90.614871,5.428108,-91.001683,1.652613,1.457817,109.1856,-0.120963,108.7464,-0.092846,5.408231,-91.028237,108.7899,0.863075,0.033170,1.471636,-0.757645,0.413366,-1.252638,0.772407
822,138.560,B,3,4.199547,-89.612964,4.650585,-90.614871,4.986134,-90.625015,1.504506,1.305548,108.6269,-0.050560,108.6987,0.034513,5.214997,-90.871212,108.6808,0.619896,0.336142,1.616888,-0.564412,0.256341,-1.015450,1.258248
823,138.726,B,3,4.266232,-91.192960,4.381437,-90.311305,4.940267,-90.595961,1.945248,1.062615,108.6033,-0.027593,108.2917,-0.171072,5.024123,-90.719691,108.3674,0.761462,0.149469,0.893523,-0.642686,0.408386,-0.757891,-0.473269
824,138.878,B,3,3.508685,-90.368110,4.213692,-90.259883,4.784681,-90.682627,0.963002,1.271046,108.5155,-0.069771,107.5491,-0.050503,4.832056,-90.573053,107.5740,0.693144,0.119376,1.339146,-0.618364,0.313170,-1.323371,0.204943
825,139.038,B,3,3.532061,-90.012804,4.006315,-90.379506,4.505335,-90.599196,0.958111,1.399267,107.7509,-0.091753,107.2223,-0.138685,4.643935,-90.420610,107.2845,0.638943,0.226060,1.184300,-0.637619,0.041103,-1.111873,0.407805
826,139.193,B,3,3.729734,-90.021193,3.754630,-90.279833,4.287058,-90.470245,1.126025,1.273036,107.4167,-0.073429,106.3510,-0.087649,4.455064,-90.272108,106.3925,0.700477,0.259778,0.767504,-0.700434,-0.007725,-0.725330,0.250915
827,139.349,B,3,3.568015,-88.950772,3.610891,-90.148257,4.144804,-90.365372,0.984942,0.888123,106.0473,-0.130962,105.6557,-0.173153,4.270765,-90.121009,105.7370,0.660436,0.274917,1.365033,-0.659874,-0.027248,-0.702751,1.170237
828,139.535,B,3,2.984387,-89.603951,3.527595,-89.865578,4.001244,-90.084234,1.636509,0.520998,105.3474,-0.097782,105.1800,-0.009777,4.089575,-89.970410,105.1852,0.571675,0.144078,1.164359,-0.561981,0.104832,-1.105188,0.366458
829,139.727,B,3,3.513356,-89.348860,3.374545,-89.583252,3.779110,-89.969290,1.579932,0.740248,105.3474,-0.097777,104.6342,-0.177359,3.910951,-89.819577,104.7144,0.586158,0.199489,0.616163,-0.536406,0.236325,-0.397595,0.470717
830,139.913,B,3,3.178373,-88.839966,3.224754,-89.246207,3.693744,-89.828799,1.609229,0.317989,103.9522,-0.177763,103.4557,-0.150873,3.729097,-89.665503,103.5265,0.655874,0.167079,0.992375,-0.504343,0.419296,-0.550724,0.825537
831,140.068,B,3,3.081158,-88.904925,3.146649,-89.027130,3.479925,-89.493454,1.510451,0.276271,103.0857,-0.091403,103.0616,-0.058985,3.554228,-89.511319,103.0870,0.632898,0.076421,0.769096,-0.407579,0.484189,-0.473070,0.606394
832,140.222,B,3,2.486163,-88.216911,3.146649,-89.027130,3.445475,-89.460303,1.367981,0.234896,102.5992,-0.139762,102.2393,-0.177604,3.376237,-89.356869,102.3219,0.401795,0.124469,1.446284,-0.229588,0.329740,-0.890074,1.139958
833,140.388,B,3,2.799408,-88.924064,2.993792,-88.770104,3.240282,-89.203064,1.751636,0.369118,101.9743,-0.107039,101.7159,-0.067184,3.202135,-89.199617,101.7455,0.477377,0.038303,0.487974,-0.208343,0.429513,-0.402727,0.275553
834,140.567,B,3,2.667182,-87.977898,2.758371,-88.454359,3.128918,-89.118938,1.610857,0.342782,101.2858,-0.109977,101.0093,-0.091484,3.028039,-89.035797,101.0535,0.640929,0.130725,1.117751,-0.269669,0.581437,-0.360858,1.057899
835,140.723,B,3,1.792736,-88.229309,2.553700,-88.243655,3.015582,-88.879330,1.503215,0.759831,100.7771,-0.105436,100.4609,-0.097682,2.855857,-88.859852,100.5076,0.686292,0.160909,1.236046,-0.302156,0.616197,-1.063121,0.630543
836,140.890,B,3,1.905874,-88.367527,2.286323,-88.174058,2.612295,-88.663030,1.165547,0.927786,100.0313,-0.091931,99.9390,-0.091801,2.683226,-88.672307,99.9809,0.637011,0.071535,0.834965,-0.396903,0.498248,-0.777351,0.304780
837,141.080,B,3,1.725120,-88.008051,2.286323,-88.174058,2.578534,-88.627455,1.061132,0.829050,99.6189,-0.088636,99.4350,-0.085623,2.509426,-88.475412,99.4740,0.374952,0.167012,0.912997,-0.223103,0.301354,-0.784306,0.467361
838,141.263,B,3,1.221169,-87.644291,2.073375,-88.106229,2.392967,-88.481974,1.062093,0.918776,99.2002,-0.084450,98.9666,-0.079157,2.334808,-88.271954,99.0029,0.309535,0.217924,1.278340,-0.261433,0.165725,-1.113639,0.627663
839,141.425,B,3,0.818411,-88.382129,1.815396,-87.944789,2.149208,-88.296759,1.344144,1.192449,99.2002,-0.084451,98.5287,-0.072960,2.160293,-88.064085,98.5628,0.364946,0.232939,1.379058,-0.344898,0.119296,-1.341883,-0.318045
840,141.583,B,3,1.583943,-86.581177,1.490019,-87.903184,1.874663,-88.278795,0.785912,1.530852,98.6139,-0.076696,98.1154,-0.068905,1.986994,-87.852502,98.1477,0.499552,0.440844,1.333686,-0.496975,-0.050682,-0.403051,1.271326
841,141.739,B,3,1.275474,-85.730732,1.301402,-87.699294,1.787892,-87.939234,1.714873,0.988885,98.2624,-0.072519,97.7239,-0.064922,1.815404,-87.636241,97.7544,0.517854,0.304239,1.980527,-0.514001,-0.063052,-0.539930,1.905509
842,141.918,B,3,1.166023,-87.022308,1.242373,-87.081252,1.663497,-87.502122,2.493828,0.566128,97.5765,-0.064411,97.3559,-0.060580,1.644983,-87.413155,97.3844,0.521779,0.090873,0.618194,-0.402610,0.331902,-0.478960,0.390847
843,142.064,B,3,0.560001,-85.189657,1.161024,-86.698967,1.549116,-87.382132,1.904379,0.538414,97.2624,-0.060418,97.0171,-0.053913,1.474484,-87.180893,97.0430,0.574900,0.214632,2.191187,-0.313460,0.481926,-0.914483,1.991236
844,142.235,B,3,0.391812,-86.249078,1.008898,-86.343979,1.335547,-86.936518,2.908885,0.645690,97.1384,-0.059196,96.7120,-0.050887,1.302860,-86.937941,96.7351,0.662726,0.032718,1.142166,-0.293962,0.593963,-0.911048,0.688864
845,142.420,B,3,-0.374445,-85.490658,0.786050,-85.972449,1.134253,-86.766399,2.271578,0.837925,96.8618,-0.054024,96.4395,-0.047730,1.130075,-86.684310,96.4602,0.790632,0.082195,1.920516,-0.344025,0.711861,-1.504519,1.193652
846,142.603,B,3,0.119582,-85.120298,0.481949,-85.781848,0.829398,-86.490212,2.300963,1.230954,96.4853,-0.049383,96.1926,-0.042078,0.957184,-86.421587,96.2117,0.796941,0.145047,1.547556,-0.475235,0.639739,-0.837602,1.301289
847,142.777,B,3,0.589824,-85.231808,0.211603,-85.477864,0.667066,-86.195457,2.328298,1.087517,96.2866,-0.045663,95.9630,-0.039942,0.785634,-86.152309,95.9809,0.885657,0.126175,0.941097,-0.574031,0.674445,-0.195810,0.920501
848,142.939,B,3,-0.466498,-85.402573,0.160040,-85.233203,0.626838,-85.983053,1.816283,0.611787,95.9131,-0.040376,95.7458,-0.036766,0.616303,-85.878856,95.7628,0.790596,0.104729,1.182922,-0.456262,0.645653,-1.082801,0.476283
849,143.104,B,3,-0.025531,-84.341803,0.055968,-85.135355,0.393116,-85.823083,1.473548,0.940121,95.7992,-0.039311,95.5413,-0.034178,0.448996,-85.602396,95.5571,0.610408,0.227652,1.346948,-0.393028,0.467041,-0.474526,1.260592
850,143.273,B,3,-0.551990,-84.118035,-0.222368,-84.590200,0.286126,-85.508783,2.046741,0.778734,95.4019,-0.032673,95.3532,-0.029119,0.282746,-85.322468,95.3675,0.889583,0.186345,1.465416,-0.505115,0.732269,-0.834737,1.204433
851,143.433,B,3,-0.585887,-84.757985,-0.385416,-84.425551,0.104244,-85.208904,1.459081,0.833905,95.2368,-0.029973,95.1846,-0.026186,0.116650,-85.037280,95.1974,0.791380,0.172072,0.756018,-0.502066,0.611729,-0.702537,0.279295
852,143.599,B,3,-0.424260,-83.100191,-0.480666,-84.165153,-0.052467,-85.076829,2.244857,0.624647,95.1233,-0.027226,95.0346,-0.025449,-0.049391,-84.744499,95.0461,0.722247,0.332344,1.686497,-0.431276,0.579346,-0.374869,1.644307
853,143.780,B,3,-0.776410,-83.571093,-0.480666,-84.165153,-0.148382,-84.672911,2.030654,0.559292,94.9828,-0.025363,94.8971,-0.022330,-0.214558,-84.442331,94.9078,0.384242,0.239888,1.036694,-0.266109,0.277179,-0.561852,0.871239
854,143.978,B,3,-0.722660,-83.686808,-0.689046,-83.575677,-0.290656,-84.422832,1.670166,0.588110,94.8157,-0.023440,94.7649,-0.021425,-0.377746,-84.130463,94.7754,0.636156,0.305065,0.561956,-0.311299,0.554786,-0.344913,0.443655
855,144.139,B,3,-0.890083,-82.222991,-0.776207,-83.240348,-0.397036,-84.239353,2.417908,0.501090,94.7172,-0.022895,94.6339,-0.020437,-0.538353,-83.810316,94.6444,0.617606,0.451712,1.625827,-0.237854,0.569968,-0.351730,1.587324
856,144.304,B,3,-1.060905,-83.216909,-0.884269,-82.929331,-0.513361,-83.824202,1.811058,0.571112,94.5737,-0.022107,94.5052,-0.021519,-0.696596,-83.484438,94.5153,0.585973,0.386024,0.451987,-0.187673,0.555107,-0.364308,0.267529
857,144.451,B,3,-1.404867,-82.838082,-0.884269,-82.929331,-0.638961,-83.661955,1.638178,0.512653,94.4756,-0.022005,94.3815,-0.021044,-0.853172,-83.155289,94.3912,0.228088,0.550088,0.636387,-0.031097,0.225958,-0.551695,0.317207
858,144.609,B,3,-1.591325,-82.572003,-1.036690,-82.837160,-0.803980,-83.462580,1.453224,0.671719,94.3531,-0.021354,94.2644,-0.019363,-1.008551,-82.824128,94.2736,0.031010,0.670425,0.634974,-0.028139,-0.013031,-0.582773,0.252126
859,144.767,B,3,-0.784562,-81.559628,-1.228432,-82.688691,-0.973487,-83.252255,1.482882,0.858440,94.3034,-0.021269,94.1523,-0.019608,-1.162529,-82.490634,94.1612,0.208734,0.784731,1.004804,-0.065903,-0.198057,0.377967,0.931006
860,144.914,B,3,-2.191253,-81.068705,-1.277113,-82.375253,-0.965624,-82.896584,2.028424,0.377217,94.2090,-0.020198,94.0412,-0.020766,-1.314343,-82.153206,94.0502,0.225146,0.821106,1.394673,0.037230,-0.222047,-0.876910,1.084501
861,145.086,B,3,-1.148454,-80.573554,-1.390884,-81.889922,-1.211991,-82.513726,2.563020,0.776377,94.0858,-0.020335,93.9269,-0.020606,-1.463268,-81.809677,93.9362,0.108068,0.747546,1.275581,0.072384,-0.080245,0.314814,1.236123
862,145.277,B,3,-1.438418,-80.953896,-1.524829,-81.368349,-1.226031,-82.107504,2.660144,0.340989,93.8419,-0.020032,93.8085,-0.019079,-1.609212,-81.458329,93.8181,0.123357,0.753827,0.532563,0.084384,0.089980,0.170794,0.504433
863,145.455,B,3,-2.943179,-80.861083,-1.506349,-80.984923,-1.287470,-81.841562,2.354089,0.261631,93.7650,-0.019363,93.6887,-0.019212,-1.752770,-81.098786,93.6982,0.271455,0.876481,1.213910,0.246420,0.113863,-1.190409,0.237704
864,145.617,B,3,-2.897133,-79.858950,-1.747626,-80.789319,-1.610570,-81.607589,2.174945,1.012048,93.7108,-0.019306,93.5712,-0.018802,-1.894692,-80.732259,93.5805,0.157748,0.920287,1.329495,0.147066,-0.057060,-1.002441,0.873309
865,145.777,B,3,-2.683243,-79.574091,-2.155544,-80.492453,-1.870994,-81.234735,2.506011,1.312223,93.6337,-0.019796,93.4218,-0.036336,-2.034913,-80.362446,93.4387,0.177351,0.887557,1.020703,-0.120631,-0.130007,-0.648330,0.788355
866,145.949,B,3,-2.892591,-79.993053,-2.434957,-80.074771,-2.047510,-80.875757,2.642341,1.270312,93.5199,-0.026315,93.1971,-0.039288,-2.172612,-79.994769,93.2152,0.274272,0.889826,0.719981,-0.262345,-0.080002,-0.719979,0.001716
867,146.144,B,3,-2.870779,-78.629292,-2.638157,-79.816585,-2.224149,-80.668780,2.113333,1.276295,93.2727,-0.035470,92.9713,-0.039291,-2.308563,-79.626011,92.9892,0.380724,1.046180,1.144349,-0.329594,-0.190573,-0.562216,0.996719
868,146.382,B,3,-2.641064,-79.380014,-2.807649,-79.489106,-2.376304,-80.231093,2.444304,1.007192,92.8587,-0.038463,92.7507,-0.040062,-2.442450,-79.255550,92.7682,0.433496,0.977783,0.234390,-0.365199,-0.233556,-0.198614,-0.124464
869,146.584,B,3,-2.965114,-77.519813,-2.879975,-79.171411,-2.453338,-80.016530,2.074260,0.815947,92.8587,-0.038462,92.5395,-0.037375,-2.573949,-78.882162,92.5562,0.421090,1.140761,1.417394,-0.306026,-0.289249,-0.391165,1.362349
870,146.776,B,3,-3.201572,-77.752579,-2.927114,-78.774201,-2.573250,-79.504091,2.978670,0.670193,92.5720,-0.038106,92.3338,-0.037387,-2.702817,-78.504155,92.3500,0.351046,1.008294,0.902011,-0.224297,-0.270045,-0.498755,0.751576
871,146.962,B,3,-3.494144,-77.731753,-3.031816,-78.213847,-2.713622,-79.122466,3.003865,0.664630,92.4078,-0.036968,92.1340,-0.034450,-2.829332,-78.119930,92.1498,0.223204,1.009191,0.769842,-0.202484,-0.093916,-0.664812,0.388177
872,147.142,B,3,-3.830277,-76.829349,-3.179959,-77.862159,-2.881521,-78.805226,2.455218,0.685039,92.0409,-0.033484,91.9435,-0.031084,-2.954231,-77.729026,91.9582,0.262064,1.078653,1.255737,-0.225728,-0.133133,-0.876046,0.899677
873,147.310,B,3,-4.007074,-76.625054,-3.380647,-77.479165,-3.080477,-78.381546,2.736951,0.845074,91.8649,-0.031025,91.7682,-0.028183,-3.078243,-77.332154,91.7817,0.336244,1.049394,1.167355,-0.302404,-0.147011,-0.928830,0.707100
874,147.467,B,3,-3.247824,-75.817955,-3.606329,-77.036548,-3.276501,-77.995601,2.950786,1.040290,91.7984,-0.029848,91.6083,-0.025647,-3.201416,-76.931064,91.6206,0.418427,1.067182,1.114076,-0.404913,-0.105484,-0.046407,1.113109
875,147.639,B,3,-3.481855,-75.694742,-3.649001,-76.085502,-3.299216,-77.531824,3.149833,0.401284,91.5178,-0.026873,91.4607,-0.024941,-3.323164,-76.527516,91.4721,0.549132,1.004594,0.847759,-0.325837,0.442014,-0.158691,0.832774
876,147.823,B,3,-3.148703,-75.324873,-3.586547,-75.674837,-3.359254,-77.121348,3.023002,0.045604,91.2621,-0.073569,91.1292,-0.137177,-3.444353,-76.124451,91.1907,0.471563,1.000523,0.852487,-0.142194,0.449614,0.295651,0.799578
877,148.015,B,3,-4.256831,-75.784787,-3.586547,-75.674837,-3.341949,-76.725472,2.732756,0.019775,90.6696,-0.075682,90.4686,-0.038537,-3.564868,-75.736962,90.4875,0.065799,1.013333,0.693614,-0.021679,0.062125,-0.691964,-0.047825
878,148.208,B,3,-4.679898,-73.741248,-3.639529,-75.437650,-3.526776,-76.485315,2.103788,0.379867,90.5211,-0.037172,90.6179,0.009218,-3.679914,-75.353664,90.6128,0.093190,1.141965,1.897329,0.040385,-0.083985,-0.999984,1.612417
879,148.366,B,3,-3.725759,-73.522074,-3.905907,-75.042629,-3.752289,-75.932526,3.200126,0.826964,90.5046,0.001927,90.0502,-0.167444,-3.798493,-74.980754,90.1302,0.123961,0.952893,1.460492,-0.107414,-0.061875,0.072734,1.458680
880,148.537,B,3,-4.820856,-73.853249,-4.038268,-74.375606,-3.773520,-75.406936,3.556942,0.506914,90.4491,-0.065762,89.6053,0.004941,-3.917337,-74.609216,89.6045,0.263055,0.810580,1.178063,-0.120931,0.233610,-0.903519,0.755967
881,148.689,B,3,-4.782615,-73.042439,-4.154199,-73.921893,-3.979021,-75.063263,3.125726,0.839603,89.8374,-0.081034,89.2103,-0.165643,-4.035098,-74.234908,89.2840,0.334908,0.830251,1.407397,-0.119102,0.313015,-0.747517,1.192469
882,148.842,B,3,-4.687685,-73.116797,-4.392648,-73.545492,-4.149773,-74.605719,2.873146,0.842385,88.7594,-0.092107,88.5913,-0.046767,-4.155464,-73.862750,88.6111,0.396118,0.742990,0.916355,-0.237185,0.317258,-0.532222,0.745954
883,149.005,B,3,-3.926888,-72.619904,-4.552942,-73.183620,-4.207898,-73.966247,2.580042,0.810123,88.3469,-0.116427,87.9186,-0.109843,-4.274627,-73.493856,87.9687,0.416780,0.477080,0.940593,-0.278314,0.310237,0.347740,0.873952
884,149.163,B,3,-5.451768,-72.414171,-4.535748,-72.885629,-4.222788,-73.898399,2.658948,0.378531,88.0776,-0.113745,87.2301,-0.132293,-4.393089,-73.133266,87.2907,0.285789,0.783857,1.279803,-0.142659,0.247637,-1.058679,0.719094
885,149.353,B,3,-5.039842,-71.883657,-4.618094,-72.584199,-4.464870,-73.538345,2.437583,0.837130,87.5247,-0.128275,86.4585,-0.141329,-4.511919,-72.784878,86.5232,0.227036,0.754935,1.044463,-0.106176,0.200679,-0.527923,0.901221
886,149.528,B,3,-5.318858,-71.346830,-4.988521,-71.880211,-4.717016,-72.839196,2.623834,0.941377,85.8835,-0.142821,85.6158,-0.148051,-4.631839,-72.449087,85.6855,0.671448,0.399300,1.298832,-0.356683,0.568876,-0.687020,1.102257
887,149.688,B,3,-6.024643,-71.290217,-4.988521,-71.880211,-4.736904,-72.755227,2.383931,0.816151,85.0627,-0.150579,84.7152,-0.158256,-4.753342,-72.123460,84.7893,0.338348,0.631981,1.520033,-0.235180,0.243249,-1.271301,0.833243
888,149.844,B,3,-6.294091,-71.143348,-5.241255,-71.517601,-4.983759,-72.427917,2.276475,1.168671,84.3587,-0.158030,83.7624,-0.168704,-4.876211,-71.803612,83.8404,0.463745,0.633500,1.564075,-0.365044,0.286011,-1.417879,0.660264
889,150.006,B,3,-5.676132,-70.663244,-5.577011,-71.246429,-5.244417,-72.104943,2.187088,1.559593,84.3587,-0.158020,82.7605,-0.177802,-4.999481,-71.484933,82.8424,0.624840,0.666638,1.064439,-0.577530,0.238504,-0.676651,0.821690
890,150.156,B,3,-5.660166,-70.233746,-5.778055,-70.971022,-5.343558,-71.767992,2.193401,1.291239,83.1055,-0.170790,82.2160,-0.082214,-5.118954,-71.161057,82.2517,0.685950,0.647161,1.073693,-0.659100,0.190035,-0.541212,0.927312
891,150.314,B,3,-5.855436,-69.638481,-5.821270,-70.638866,-5.420171,-71.415028,2.289158,1.039254,82.4065,-0.107980,81.2402,-0.254414,-5.237021,-70.829597,81.3533,0.614594,0.613411,1.342086,-0.584249,0.190731,-0.618415,1.191116
892,150.466,B,3,-5.326998,-69.413181,-5.859387,-70.240366,-5.515751,-71.018070,2.316591,0.811322,80.4050,-0.182327,80.0068,-0.129848,-5.353582,-70.492375,80.0673,0.565108,0.550140,1.079521,-0.505805,0.252009,0.026584,1.079193
893,150.665,B,3,-5.909863,-70.186408,-5.819711,-69.828007,-5.496111,-70.651961,2.430581,0.453892,79.9562,-0.123046,79.5279,-0.133263,-5.463191,-70.159148,79.5863,0.486581,0.493912,0.447503,-0.356520,0.331141,-0.446672,-0.027261
894,150.851,B,3,-6.091730,-69.612573,-5.846165,-69.602957,-5.582970,-70.493473,1.468905,0.494938,79.1527,-0.170638,78.4330,-0.160740,-5.578257,-69.829671,78.5095,0.350961,0.663819,0.557481,-0.267908,0.226714,-0.513473,0.217097
895,151.011,B,3,-6.582887,-68.145138,-6.004493,-69.240201,-5.686388,-70.264137,2.232095,0.967291,78.0216,-0.109450,77.8976,-0.114043,-5.688270,-69.509515,77.9483,0.415364,0.754625,1.631522,-0.316223,0.269314,-0.894617,1.364377
896,151.164,B,3,-5.928708,-67.980866,-6.104197,-68.697229,-5.872145,-69.486711,2.616598,0.838765,77.4386,-0.142547,77.0304,-0.099630,-5.800258,-69.192852,77.0778,0.581395,0.302524,1.218773,-0.303939,0.495622,-0.128450,1.211986
897,151.329,B,3,-5.782190,-68.140547,-6.104197,-68.697229,-5.883920,-69.409434,2.373923,0.730419,76.8558,-0.117201,76.3962,-0.116581,-5.906438,-68.877446,76.4509,0.267557,0.532464,0.747300,-0.197759,0.180217,0.124248,0.736899
898,151.494,B,3,-6.776162,-67.344183,-6.052104,-68.311473,-5.874746,-69.108405,2.260706,0.499452,76.0411,-0.113909,75.7640,-0.110130,-6.008152,-68.556504,75.8141,0.248942,0.567796,1.435118,-0.043952,0.245031,-0.768010,1.212321
899,151.656,B,3,-6.488701,-66.988571,-6.126737,-67.945561,-6.045707,-68.718275,2.578364,0.992129,76.0411,-0.113902,75.1587,-0.101999,-6.104774,-68.226232,75.2057,0.281529,0.495575,1.295841,-0.021963,0.280671,-0.383927,1.237661
900,151.808,B,3,-6.179599,-67.217404,-6.289364,-67.503850,-6.134950,-68.333495,2.670891,1.071493,75.3057,-0.105864,74.5913,-0.093651,-6.196787,-67.886575,74.6354,0.393762,0.451178,0.669392,-0.092577,0.382725,0.017189,0.669171
901,151.968,B,3,-6.611362,-66.476082,-6.362023,-66.902294,-6.151610,-68.059901,2.327806,0.932583,74.3344,-0.093490,74.0566,-0.090393,-6.285070,-67.541232,74.0984,0.643556,0.535565,1.114006,-0.076953,0.638938,-0.326292,1.065149
902,152.160,B,3,-6.750213,-67.110292,-6.362023,-66.902294,-6.242197,-67.703053,2.111708,0.823870,73.8345,-0.088749,73.5455,-0.086239,-6.370190,-67.196117,73.5857,0.293937,0.522844,0.389593,0.008167,0.293824,-0.380022,0.085825
903,152.356,B,3,-6.753344,-67.108500,-6.470989,-66.711007,-6.342103,-67.526456,1.471391,0.779875,73.4834,-0.086960,73.0507,-0.085353,-6.452298,-66.856154,73.0897,0.146346,0.679299,0.392819,-0.018690,0.145147,-0.301045,-0.252345
904,152.522,B,3,-7.376917,-65.303026,-6.574522,-66.721808,-6.425113,-67.385650,0.981828,0.737005,73.2910,-0.086124,72.5705,-0.083959,-6.531482,-66.523007,72.6084,0.203407,0.869176,1.484289,-0.043040,-0.198801,-0.845435,1.219981
905,152.679,B,3,-7.023421,-64.774486,-6.749224,-66.446384,-6.606497,-66.945833,1.786165,1.324338,72.8952,-0.085071,72.1080,-0.082402,-6.607936,-66.195078,72.1442,0.288300,0.750757,1.480104,-0.141288,-0.251306,-0.415485,1.420592
906,152.831,B,3,-7.118503,-65.677806,-6.925578,-65.841446,-6.692512,-66.486821,2.497706,1.491613,72.2420,-0.083397,71.6682,-0.077444,-6.681617,-65.868102,71.7024,0.245413,0.618815,0.476531,-0.243961,0.026657,-0.436886,0.190297
907,152.985,B,3,-7.235894,-64.756143,-7.015346,-65.468572,-6.780256,-66.272887,1.762220,1.138413,71.4732,-0.076339,71.2550,-0.070884,-6.751705,-65.536692,71.2871,0.272299,0.736749,0.918529,-0.263641,0.068120,-0.484188,0.780549
908,153.159,B,3,-6.694601,-63.722509,-7.105096,-65.221579,-6.871089,-65.946394,1.914956,1.193309,71.1853,-0.072637,70.8653,-0.066168,-6.816682,-65.197055,70.8959,0.289454,0.751311,1.479591,-0.288413,-0.024524,0.122081,1.474546
909,153.346,B,3,-7.385541,-64.987623,-7.102455,-64.722281,-6.850783,-65.466338,2.773781,1.168540,71.0230,-0.070126,70.4873,-0.060722,-6.874023,-64.845224,70.5174,0.259415,0.621548,0.530969,-0.228432,0.122943,-0.511518,-0.142399
910,153.526,B,3,-6.437466,-63.761513,-7.107974,-64.422812,-6.956082,-65.312019,1.827987,0.987141,70.6639,-0.064910,70.1120,-0.060064,-6.923103,-64.483477,70.1420,0.194569,0.829198,0.870101,-0.184870,0.060665,0.485637,0.721964
911,153.709,B,3,-7.252680,-62.712340,-7.064439,-64.253041,-6.870166,-64.966979,2.142149,0.619954,70.2293,-0.061263,69.7380,-0.061202,-6.965624,-64.118218,69.7678,0.167157,0.854112,1.434885,-0.098815,-0.134823,-0.287055,1.405878
912,153.858,B,3,-6.993319,-63.381507,-7.004667,-63.758124,-6.944657,-64.493159,2.475586,0.890251,69.5934,-0.061899,69.3703,-0.062739,-7.004358,-63.754632,69.3994,0.003505,0.740936,0.373288,-0.000310,-0.003492,0.011039,0.373125
913,154.019,B,3,-7.472937,-62.270098,-7.035053,-63.345417,-6.957791,-64.237936,2.148997,0.735221,69.2931,-0.061690,69.0150,-0.062529,-7.041584,-63.394581,69.0429,0.049595,0.847507,1.204378,0.006531,0.049164,-0.431353,1.124483
914,154.175,B,3,-7.401842,-62.429102,-7.092547,-62.989224,-7.056748,-63.803406,2.565090,1.149383,69.1361,-0.061663,68.6762,-0.060479,-7.078136,-63.037023,68.7027,0.049924,0.766682,0.688732,-0.014411,0.047799,-0.323706,0.607920
915,154.330,B,3,-7.130315,-61.826686,-7.199635,-62.596842,-7.124964,-63.486254,2.316148,1.154175,68.8227,-0.060607,68.3544,-0.057375,-7.112827,-62.678546,68.3796,0.119211,0.807799,0.852039,-0.086808,0.081704,-0.017489,0.851860
916,154.486,B,3,-7.916926,-62.235180,-7.231821,-62.266695,-7.131501,-63.117797,2.406445,1.072104,68.5358,-0.060224,68.0454,-0.052764,-7.142530,-62.314159,68.0698,0.101122,0.803714,0.778414,-0.089291,0.047464,-0.774397,0.078979
917,154.659,B,3,-6.859963,-61.031607,-7.330453,-62.021507,-7.277696,-62.903809,1.584130,1.060322,67.8515,-0.054404,67.7444,-0.050698,-7.164071,-61.939616,67.7682,0.185443,0.970865,0.957581,-0.166382,-0.081891,0.304108,0.908008
918,154.843,B,3,-8.002388,-60.418186,-7.365896,-61.737685,-7.208640,-62.501368,2.074921,0.879298,67.6065,-0.052142,67.4742,-0.048641,-7.176276,-61.553547,67.4742,0.264316,0.948373,1.404103,-0.189620,-0.184138,-0.826112,1.135361
919,155.022,B,3,-7.568423,-60.699796,-7.402239,-61.236235,-7.357774,-62.044704,2.515951,1.463539,67.6065,-0.052133,67.1713,-0.047095,-7.180546,-61.157943,67.1930,0.235111,0.904297,0.600290,-0.221693,-0.078291,-0.387877,0.458148
920,155.181,B,3,-7.064211,-60.098515,-7.532001,-60.829234,-7.402303,-61.731543,2.268132,1.319286,67.2624,-0.048048,66.9111,-0.042956,-7.180181,-60.757361,66.9311,0.359086,0.999184,0.668975,-0.351820,-0.071874,0.115970,0.658846
921,155.339,B,3,-7.390224,-60.203251,-7.490499,-60.506006,-7.346533,-61.366851,2.411363,1.026796,67.0363,-0.045605,66.6724,-0.041541,-7.178441,-60.356726,66.6907,0.345926,1.024016,0.261547,-0.312058,-0.149280,-0.211783,0.153475
922,155.490,B,3,-8.149970,-59.135922,-7.421635,-60.217750,-7.357962,-61.087399,1.895146,0.768490,66.5067,-0.039381,66.4520,-0.037643,-7.176786,-59.959115,66.4691,0.356150,1.142738,1.274650,-0.244849,-0.258635,-0.973184,0.823193
923,155.642,B,3,-7.525174,-59.009797,-7.525224,-59.870713,-7.505178,-60.665921,2.117936,1.257778,66.3479,-0.036260,66.2457,-0.034135,-7.174859,-59.565138,66.2618,0.464900,1.149276,0.656601,-0.350365,-0.305575,-0.350315,0.555341
924,155.815,B,3,-7.627998,-58.316280,-7.629649,-59.433484,-7.514220,-60.296459,2.367003,1.273043,66.3479,-0.036264,66.0506,-0.029544,-7.171037,-59.172894,66.0658,0.527477,1.174807,0.970876,-0.458612,-0.260590,-0.456962,0.856614
925,155.966,B,3,-7.774805,-57.668004,-7.632047,-58.993317,-7.539475,-59.867543,2.628381,1.344776,66.0893,-0.032419,65.8669,-0.029217,-7.162954,-58.778066,65.8811,0.516122,1.152705,1.267517,-0.469094,-0.215251,-0.611851,1.110062
926,156.134,B,3,-6.644981,-57.855551,-7.665625,-58.461274,-7.586482,-59.396933,2.924932,1.518592,65.9304,-0.030032,65.6991,-0.028335,-7.148652,-58.375662,65.7118,0.524013,1.111166,0.724017,-0.516973,-0.085611,0.503671,0.520111
927,156.316,B,3,-8.286807,-57.633480,-7.539475,-58.018577,-7.419121,-59.043835,2.608242,0.753393,65.6077,-0.026048,65.5537,-0.026273,-7.127604,-57.962727,65.5644,0.415641,1.119721,1.205055,-0.411872,-0.055850,-1.159203,0.329248
928,156.503,B,3,-7.667477,-56.277862,-7.508989,-57.727308,-7.577022,-58.715137,2.178828,1.100388,65.5210,-0.025233,65.4345,-0.022427,-7.100787,-57.539791,65.4431,0.449212,1.268164,1.383330,-0.408202,-0.187517,-0.566690,1.261928
929,156.654,B,3,-7.618207,-55.959043,-7.648401,-56.681540,-7.596460,-58.200320,3.119966,1.494023,65.3565,-0.021760,65.3392,-0.018942,-7.070121,-57.110706,65.3461,0.720133,1.210080,1.275431,-0.578280,0.429165,-0.548086,1.151663
930,156.808,B,3,-6.785787,-55.942209,-7.518675,-56.213658,-7.457846,-57.402458,3.107188,0.961489,65.2848,-0.018799,65.2612,-0.015023,-7.037522,-56.680805,65.2670,0.670622,0.835138,0.780316,-0.481153,0.467146,0.251735,0.738595
931,156.961,B,3,-7.625616,-55.557646,-7.411410,-55.841539,-7.486458,-57.005418,2.860420,1.051571,65.1806,-0.013755,65.1942,-0.012012,-7.004173,-56.254141,65.1993,0.579726,0.892758,0.933433,-0.407237,0.412601,-0.621443,0.696495
932,157.119,B,3,-7.490562,-56.029359,-7.411410,-55.841539,-7.485711,-56.921104,2.586741,0.947405,65.1518,-0.009767,65.1359,-0.006737,-6.970517,-55.832015,65.1402,0.440996,1.204799,0.556230,-0.440893,-0.009525,-0.520045,-0.197344
933,157.279,B,3,-7.262543,-54.519929,-7.432833,-55.631192,-7.485815,-56.682389,1.933061,0.708786,65.1186,-0.007090,65.0875,-0.004236,-6.936346,-55.412885,65.0909,0.542362,1.383313,0.950671,-0.496487,-0.218307,-0.326197,0.892956
934,157.438,B,3,-7.441034,-53.851905,-7.401339,-55.341251,-7.444268,-56.215608,2.549950,0.906119,65.0981,-0.005898,65.0536,0.000701,-6.900523,-54.992740,65.0556,0.610145,1.338306,1.262402,-0.500816,-0.348511,-0.540511,1.140835
935,157.620,B,3,-7.105852,-53.319701,-7.372013,-54.775875,-7.441892,-55.710142,2.973471,1.184129,65.0725,-0.003680,65.0384,0.001555,-6.861068,-54.566700,65.0389,0.552104,1.282503,1.270798,-0.510945,-0.209175,-0.244784,1.246999
936,157.784,B,3,-7.679988,-53.773273,-7.327919,-54.168063,-7.378902,-55.197306,3.347713,1.226377,65.0526,-0.001417,65.0428,0.000715,-6.816150,-54.131543,65.0418,0.513070,1.205214,0.935186,-0.511769,-0.036520,-0.863838,0.358270
937,157.947,B,3,-7.496279,-52.797127,-7.331489,-53.737261,-7.430847,-54.857920,2.485479,1.115891,65.0572,0.001949,65.0642,0.001651,-6.765179,-53.687205,65.0619,0.568519,1.346733,1.151845,-0.566311,-0.050055,-0.731100,0.890078
938,158.116,B,3,-6.705700,-52.252672,-7.397601,-53.372669,-7.441339,-54.404388,2.611772,1.243075,65.0654,0.002000,65.0983,0.003208,-6.709224,-53.236701,65.0952,0.701677,1.378218,0.984035,-0.688377,-0.135969,0.003523,0.984029
939,158.259,B,3,-7.474986,-51.864499,-7.307648,-52.879428,-7.306135,-53.933164,3.134023,1.062855,65.0773,0.002014,65.1417,0.006658,-6.650548,-52.784671,65.1379,0.663897,1.322434,1.235482,-0.657100,-0.094757,-0.824438,0.920172
940,158.422,B,3,-6.440583,-51.852079,-7.231108,-52.387347,-7.332965,-53.475654,3.079297,1.259005,65.0961,0.004484,65.1920,0.009107,-6.591397,-52.335078,65.1877,0.641843,1.360455,0.505996,-0.639711,-0.052269,0.150813,0.482998
941,158.577,B,3,-7.022167,-51.077034,-7.131599,-51.993732,-7.167387,-53.098468,2.949639,0.738608,65.1775,0.007687,65.2485,0.014708,-6.532941,-51.889673,65.2438,0.607635,1.365177,0.948538,-0.598658,-0.104060,-0.489226,0.812639
942,158.742,B,3,-6.565973,-50.384719,-6.986662,-51.609425,-7.134745,-52.649910,2.698629,0.782498,65.2854,0.012640,65.3114,0.014958,-6.474859,-51.447748,65.3061,0.536732,1.371365,1.066927,-0.511802,-0.161677,-0.091113,1.063029
943,158.944,B,3,-7.118076,-50.272031,-6.893924,-51.107912,-7.024972,-52.156236,3.024989,0.775624,65.3428,0.014401,65.3808,0.015335,-6.415360,-51.006342,65.3750,0.489224,1.301493,1.016378,-0.478565,-0.101570,-0.702717,0.734311
944,159.137,B,3,-6.814911,-50.097151,-6.842341,-50.631313,-7.034460,-51.730324,3.056409,1.016723,65.3723,0.014778,65.8877,0.154903,-6.351151,-50.569217,65.8157,0.495099,1.347249,0.661755,-0.491190,-0.062095,-0.463759,0.472066
945,159.302,B,3,-6.023628,-49.980138,-6.698326,-49.998209,-6.988927,-51.350197,2.574003,0.427530,66.1618,0.060120,66.2453,-0.013531,-6.288699,-50.138890,66.2509,0.433111,1.399137,0.308974,-0.409627,0.140681,0.265071,0.158752
946,159.448,B,3,-5.967846,-48.664727,-6.453313,-49.583197,-6.806804,-51.015739,3.146294,0.439431,66.1534,0.011789,66.1144,0.054266,-6.223762,-49.703122,66.0908,0.258989,1.436281,1.069466,-0.229550,0.119924,0.255916,1.038395
947,159.608,B,3,-6.026346,-49.134970,-6.453313,-49.583197,-6.644961,-50.507409,2.841550,0.414246,66.5644,0.100398,66.8807,0.119407,-6.155043,-49.279589,66.8249,0.425609,1.321953,0.193591,-0.298269,-0.303609,0.128697,0.144619
948,159.775,B,3,-6.226517,-47.454751,-6.263355,-49.161551,-6.524689,-50.195755,2.569406,0.248943,67.0291,0.055104,67.1605,0.052391,-6.087439,-48.851945,67.1384,0.356092,1.413157,1.404099,-0.175916,-0.309605,-0.139078,1.397194
949,159.938,B,3,-6.100216,-47.491839,-6.165719,-48.680362,-6.457352,-49.602996,3.449645,0.720435,67.0291,0.055119,67.9386,0.144667,-6.019601,-48.435884,67.8705,0.284816,1.246506,0.947481,-0.146119,-0.244478,-0.080615,0.944045
950,160.099,B,3,-6.082723,-47.846452,-6.115407,-48.064818,-6.382505,-49.134939,3.463896,0.840646,67.6546,0.125487,68.5641,0.138446,-5.953565,-48.028581,68.5018,0.165849,1.186599,0.223277,-0.161842,-0.036237,-0.129158,0.182129
951,160.267,B,3,-5.663358,-46.974361,-5.982546,-47.402469,-6.318882,-48.815797,2.889096,0.594929,69.1630,0.135904,69.4001,0.119780,-5.888515,-47.637074,69.3432,0.252748,1.254833,0.699917,-0.094031,0.234605,0.225157,0.662712
952,160.455,B,3,-5.510462,-46.758430,-5.982546,-47.402469,-6.191599,-48.398374,2.603599,0.574871,69.9076,0.146850,70.2598,0.155192,-5.824567,-47.258416,70.1891,0.213796,1.197588,0.590464,-0.157979,-0.144053,0.314105,0.499986
953,160.633,B,3,-5.979420,-45.422208,-5.836669,-47.030686,-6.059388,-48.017650,2.571425,0.437590,70.6209,0.158027,71.2207,0.172298,-5.760643,-46.890804,71.1411,0.159208,1.165775,1.484802,-0.076027,-0.139882,-0.218777,1.468596
954,160.797,B,3,-5.504240,-45.445288,-5.776651,-46.518124,-6.036869,-47.463704,3.330193,0.892822,70.6209,0.158038,72.2593,0.186169,-5.695989,-46.529184,72.1732,0.081417,0.994749,1.100726,-0.080662,0.011061,0.191749,1.083896
955,160.956,B,3,-6.158067,-45.080705,-5.741764,-45.937809,-5.934464,-47.011632,3.341681,0.825809,72.0562,0.178108,73.3788,0.200808,-5.629852,-46.169607,73.2864,0.257400,0.895429,1.210256,-0.111912,0.231798,-0.528215,1.088902
956,161.109,B,3,-5.808149,-45.806760,-5.755934,-45.484018,-5.970636,-46.575280,3.135508,1.120113,72.9772,0.191396,74.5738,0.215698,-5.561752,-45.810469,74.4756,0.379838,0.867250,0.246426,-0.194183,0.326451,-0.246398,0.003708
957,161.269,B,3,-5.140121,-43.917117,-5.827513,-45.261314,-5.939897,-46.350623,1.950407,0.807112,75.0447,0.215842,75.8366,0.227057,-5.491705,-45.453056,75.7332,0.386695,1.003246,1.575665,-0.335809,0.191743,0.351584,1.535940
958,161.434,B,3,-5.010228,-44.363870,-5.737508,-44.943804,-5.795158,-45.827443,2.669768,0.677580,76.1033,0.211731,76.7997,0.081176,-5.423307,-45.098276,76.7623,0.350120,0.818509,0.842607,-0.314201,0.154472,0.413079,0.734406
959,161.609,B,3,-5.007292,-44.235116,-5.544998,-44.491417,-5.651587,-45.478132,2.694582,0.343466,76.5264,0.174734,77.8064,0.263391,-5.357866,-44.756656,77.6879,0.324607,0.778974,0.628415,-0.187132,0.265238,0.350574,0.521540
960,161.798,B,3,-5.344615,-43.129216,-5.375304,-44.246088,-5.532924,-45.170625,2.379362,0.104456,77.1669,0.180199,79.4768,0.223849,-5.284107,-44.430357,79.3706,0.205601,0.780965,1.302547,-0.091197,0.184268,-0.060508,1.301141
961,161.969,B,3,-5.291551,-43.118648,-5.282986,-43.456698,-5.497593,-44.720201,2.659779,0.397882,80.0764,0.160804,80.2959,0.135510,-5.222551,-44.112953,80.2334,0.659032,0.666631,0.996697,-0.060436,0.656256,-0.069000,0.994305
962,162.120,B,3,-5.314532,-43.018254,-5.282986,-43.456698,-5.460415,-44.348844,2.397311,0.403221,80.8244,0.207575,81.6171,0.266912,-5.157400,-43.807266,81.4918,0.372384,0.620584,0.804506,-0.125586,0.350568,-0.157132,0.789012
963,162.286,B,3,-4.891958,-42.878784,-5.283355,-43.149578,-5.435664,-44.027894,2.201899,0.428890,81.9136,0.196473,82.5930,0.122194,-5.094911,-43.506343,82.5381,0.403475,0.622999,0.659561,-0.188444,0.356765,0.202954,0.627559
964,162.448,B,3,-6.018717,-43.001011,-5.232438,-42.919196,-5.339523,-43.741840,2.125144,0.199288,82.4205,0.162712,83.7299,0.192293,-5.030525,-43.207649,83.6398,0.352100,0.617122,1.009565,-0.201912,0.288454,-0.988192,0.206638
965,162.604,B,3,-5.779854,-41.368327,-5.302903,-42.786109,-5.465399,-43.533108,1.540837,0.618799,83.2626,0.199750,84.6894,0.184063,-4.966262,-42.908956,84.6040,0.358355,0.799189,1.742260,-0.336640,0.122847,-0.813592,1.540629
966,162.760,B,3,-5.168065,-41.388468,-5.524418,-41.948059,-5.529655,-43.069443,2.537101,0.626883,85.1159,0.172495,85.6359,0.168086,-4.901309,-42.611901,85.5605,0.910468,0.777280,1.252176,-0.623109,0.663842,-0.266757,1.223432
967,162.946,B,3,-5.218185,-41.054530,-5.524418,-41.948059,-5.473346,-42.691648,2.283371,0.605452,86.0685,0.166762,86.5605,0.162124,-4.837270,-42.319543,86.4876,0.781136,0.736922,1.321119,-0.687148,0.371485,-0.380915,1.265013
968,163.127,B,3,-5.819911,-40.871366,-5.461337,-41.534570,-5.435921,-42.321815,2.431218,0.464782,86.7906,0.162585,87.4561,0.155174,-4.775090,-42.035706,87.3855,0.849749,0.720108,1.564398,-0.686247,0.501136,-1.044821,1.164340
969,163.308,B,3,-4.675295,-40.030186,-5.504800,-41.168566,-5.514777,-41.986345,2.525313,0.664288,87.1766,0.160152,88.3224,0.147261,-4.714712,-41.762923,88.2542,0.988686,0.830675,1.733185,-0.790088,0.594357,0.039417,1.732737
970,163.453,B,3,-4.919523,-41.103220,-5.456657,-40.750466,-5.373349,-41.559514,2.884038,0.157838,87.9843,0.154068,89.1563,0.141609,-4.655244,-41.501190,89.0909,1.098112,0.720470,0.477727,-0.801413,0.750724,-0.264278,0.397970
971,163.625,B,3,-4.953760,-41.020177,-5.180605,-40.562585,-5.298832,-41.404370,1.219668,-0.206031,89.7253,0.139079,89.9548,0.133957,-4.595635,-41.248171,89.8922,0.901231,0.720335,0.424541,-0.584970,0.685586,-0.358125,0.227994
972,163.770,B,3,-5.533204,-39.966148,-5.180605,-40.562585,-5.242531,-41.267330,1.104916,-0.171244,90.3506,0.134467,90.7171,0.127990,-4.535429,-41.000167,90.6574,0.779571,0.755890,1.436924,-0.645176,0.437582,-0.997775,1.034019
973,163.930,B,3,-4.492361,-39.368733,-5.190579,-40.440824,-5.301311,-40.968316,1.379853,0.067852,90.9581,0.129149,91.4477,0.124756,-4.475141,-40.753602,91.3903,0.780821,0.853615,1.384976,-0.715438,0.312778,-0.017220,1.384869
974,164.107,B,3,-4.854660,-40.127155,-4.986817,-39.853231,-5.161763,-40.615361,1.431741,-0.355027,91.8943,0.124284,92.1534,0.122027,-4.415860,-40.506661,92.0977,0.867734,0.753782,0.580146,-0.570957,0.653430,-0.438799,0.379506
975,164.265,B,3,-5.344539,-40.246521,-5.003662,-39.867070,-5.110500,-40.464025,0.871096,-0.068929,92.7116,0.120634,92.8386,0.117801,-4.358444,-40.258910,92.7846,0.754881,0.779525,0.986173,-0.645218,0.391841,-0.986095,0.012390
976,164.467,B,3,-5.370487,-39.295606,-5.100335,-39.761552,-5.194822,-40.176039,1.197792,0.104090,93.2474,0.117334,93.5001,0.115271,-4.303541,-40.004298,93.4481,0.832950,0.907676,1.280866,-0.796794,0.242745,-1.066946,0.708692
977,164.651,B,3,-4.818705,-37.384286,-5.100335,-39.761552,-5.201149,-40.117642,1.081554,0.106555,93.7667,0.113441,94.1349,0.109633,-4.250466,-39.746273,94.0851,0.850006,1.020644,2.429378,-0.849869,-0.015279,-0.568239,2.361987
978,164.819,B,3,-5.292037,-38.699563,-5.100764,-39.189077,-5.137544,-39.579521,2.533987,-0.125385,94.2641,0.109930,94.7398,0.103271,-4.198159,-39.490151,94.6925,0.951494,0.943627,1.349665,-0.902605,0.301074,-1.093878,0.790587
979,164.975,B,3,-4.419416,-38.361807,-5.093346,-38.654114,-5.171096,-39.362314,2.313177,0.019668,94.5057,0.107579,95.3145,0.098552,-4.146242,-39.238505,95.2696,1.112887,1.032305,0.918272,-0.947104,0.584390,-0.273174,0.876698
980,165.129,B,3,-4.383266,-38.055952,-5.031472,-38.451257,-5.041140,-39.125235,2.046714,-0.355912,95.1722,0.101389,95.8589,0.084990,-4.095175,-38.990852,95.8185,1.080655,0.955463,0.978281,-0.936298,0.539594,-0.288091,0.934900
981,165.299,B,3,-4.767894,-38.093074,-4.745197,-38.051603,-4.925499,-38.862685,1.597165,-0.488525,95.9383,0.013213,95.8143,-0.010600,-4.049938,-38.751298,95.8218,0.986387,0.882618,0.974023,-0.695260,0.699696,-0.717956,0.658225
982,165.447,B,3,-5.077536,-37.184223,-4.745197,-38.051603,-4.897536,-38.669808,1.445288,-0.436327,96.0672,0.080665,96.2371,0.153929,-4.003245,-38.514744,96.1689,0.874639,0.907635,1.710084,-0.741952,0.463141,-1.074291,1.330521
983,165.615,B,3,-4.236748,-38.198125,-4.774227,-37.793753,-4.931279,-38.346580,1.816431,-0.250046,96.3367,0.103725,96.8256,0.007166,-3.957911,-38.273687,96.8216,0.946947,0.976094,0.288894,-0.816316,0.479934,-0.278837,0.075562
984,165.789,B,3,-3.827097,-37.842461,-4.726036,-37.646594,-4.806876,-38.276029,1.126722,-0.486503,96.6421,0.070219,96.6211,0.013171,-3.921148,-38.032573,96.6155,0.892651,0.918578,0.212104,-0.804888,0.385980,0.094050,0.190112
985,165.958,B,3,-4.905626,-36.835564,-4.502867,-37.681128,-4.627984,-38.149045,0.768400,-0.832922,96.7333,-0.003437,96.9859,0.016358,-3.882905,-37.780813,96.9748,0.627925,0.831106,1.392643,-0.619962,0.099686,-1.022721,0.945249
986,166.110,B,3,-4.816126,-37.313468,-4.424862,-37.495782,-4.672929,-37.855355,1.321472,-0.491334,96.8576,0.035961,96.7214,-0.027536,-3.850803,-37.531898,96.7327,0.575194,0.883468,0.989728,-0.574059,0.036116,-0.965323,0.218431
987,166.266,B,3,-4.673223,-37.053516,-4.520679,-37.277681,-4.695832,-37.709169,1.015657,-0.215145,96.8229,0.039283,97.0902,0.111296,-3.821225,-37.281259,97.0371,0.699463,0.973676,0.881912,-0.699454,0.003578,-0.851999,0.227742
988,166.428,B,3,-4.345713,-36.124099,-4.573702,-37.168130,-4.689759,-37.544514,0.996303,-0.140571,97.1665,0.027779,97.1719,-0.069681,-3.792167,-37.037995,97.2016,0.792295,1.030647,1.068467,-0.781535,-0.130135,-0.553547,0.913897
989,166.599,B,3,-4.563342,-35.612186,-4.549911,-36.892330,-4.625152,-37.242253,1.640600,-0.347269,97.1665,0.027778,96.5431,-0.070518,-3.766332,-36.797908,96.5787,0.789247,0.966961,1.428692,-0.783579,-0.094422,-0.797009,1.185722
990,166.757,B,3,-4.277246,-35.574862,-4.515011,-36.441161,-4.610504,-36.900085,2.197336,-0.372305,96.8015,-0.074866,96.6477,0.092990,-3.738435,-36.566181,96.6069,0.786575,0.933808,1.128286,-0.776576,0.125020,-0.538811,0.991318
991,166.898,B,3,-4.860230,-35.124012,-4.476916,-36.017813,-4.546710,-36.610964,2.290010,-0.505341,96.5188,0.008620,96.7815,-0.055544,-3.714358,-36.338402,96.8075,0.827208,0.875843,1.669661,-0.762558,0.320589,-1.145872,1.214390
992,167.064,B,3,-4.700917,-34.902258,-4.492764,-35.637945,-4.599634,-36.291461,2.242552,-0.239723,96.6686,-0.044069,96.3881,-0.007790,-3.698106,-36.105668,96.3944,0.922087,0.920474,1.566469,-0.794658,0.467723,-1.002811,1.203410
993,167.258,B,3,-4.836318,-34.050895,-4.572845,-35.265328,-4.615546,-35.988245,2.290429,-0.173617,96.4600,0.011418,96.6349,0.012501,-3.676465,-35.868585,96.6277,1.080470,0.946674,2.156213,-0.896379,0.603257,-1.159853,1.817689
994,167.441,B,3,-4.567761,-34.773450,-4.636089,-34.829223,-4.653975,-35.584182,2.885601,-0.117720,96.5229,0.028791,96.4088,-0.017180,-3.660522,-35.630404,96.4181,1.262388,0.994527,1.247980,-0.975567,0.801182,-0.907239,0.856954
995,167.603,B,3,-3.629112,-35.037117,-4.666329,-34.514321,-4.637470,-35.382248,2.222423,-0.132114,96.5055,-0.016198,96.4696,-0.023147,-3.640918,-35.391291,96.4784,1.349275,0.996593,0.354371,-1.025411,0.876970,0.011806,0.354174
996,167.773,B,3,-4.194744,-34.445681,-4.315000,-34.472942,-4.452544,-35.266984,1.156985,-0.607257,96.4214,-0.008056,96.4249,0.004417,-3.624088,-35.153525,96.4217,0.969821,0.836189,0.909226,-0.690912,0.680583,-0.570656,0.707844
997,167.923,B,3,-4.217510,-33.999014,-4.315000,-34.472942,-4.400323,-35.068545,1.045640,-0.549258,96.4166,-0.001796,96.4230,-0.001185,-3.608817,-34.921476,96.4229,0.836587,0.805054,1.105190,-0.706183,0.448535,-0.608693,0.922462
998,168.101,B,3,-4.765497,-34.091551,-4.250986,-34.302813,-4.361192,-34.826139,1.178782,-0.537318,96.4205,-0.000439,96.4301,0.002391,-3.595713,-34.698904,96.4293,0.765684,0.775981,1.318057,-0.655273,0.396092,-1.169784,0.607353
999,168.263,B,3,-4.567180,-32.957959,-4.293113,-34.131849,-4.428903,-34.644889,1.167767,-0.212769,96.4239,0.000763,96.4437,0.004450,-3.583336,-34.487356,96.4425,0.793832,0.860117,1.818517,-0.709777,0.355508,-0.983844,1.529397
1000,168.435,B,3,-4.059340,-33.783703,-4.364603,-33.576191,-4.380897,-34.201352,1.368320,-0.311120,96.4569,0.002707,96.4577,0.002862,-3.570049,-34.285666,96.4567,1.065210,0.815220,0.700980,-0.794555,0.709475,-0.489292,0.501963
1001,168.629,B,3,-4.428221,-32.633382,-4.324388,-33.344276,-4.376322,-34.150532,1.857467,-0.279907,96.4656,0.003676,96.4700,0.002486,-3.555128,-34.090479,96.4690,1.071718,0.823387,1.698654,-0.769260,0.746203,-0.873093,1.457098
1002,168.808,B,3,-3.712451,-33.384079,-4.324388,-33.344276,-4.381665,-33.828098,1.679087,-0.252457,96.4794,0.003249,96.4841,0.002737,-3.539417,-33.897595,96.4827,0.960386,0.845111,0.541886,-0.784971,0.553319,-0.173035,0.513517
1003,168.962,B,3,-3.985255,-32.920568,-4.240169,-33.123241,-4.256169,-33.699342,1.206281,-0.503067,96.4877,0.003516,96.5073,0.006164,-3.524716,-33.703900,96.5050,0.921433,0.731467,0.908683,-0.715453,0.580659,-0.460539,0.783332
1004,169.124,B,3,-4.063422,-32.831432,-4.106462,-33.033787,-4.200864,-33.512324,1.220383,-0.562635,96.4950,0.004526,96.5448,0.007780,-3.512369,-33.508697,96.5412,0.760583,0.688505,0.873126,-0.594093,0.474910,-0.551054,0.677265
1005,169.282,B,3,-4.340696,-32.650231,-4.054351,-32.895954,-4.169366,-33.344197,1.108536,-0.489880,96.5282,0.006332,96.5939,0.008490,-3.502225,-33.313843,96.5897,0.692441,0.667831,1.069305,-0.552127,0.417889,-0.838471,0.663612
1006,169.447,B,3,-4.404457,-33.782874,-4.146553,-32.857102,-4.194258,-33.175120,0.064641,0.032232,96.6326,0.009445,96.6466,0.009410,-3.492604,-33.122870,96.6424,0.705891,0.703596,1.125647,-0.653949,0.265768,-0.911853,-0.660004
1007,169.614,B,3,-3.519350,-33.425660,-4.146553,-32.857102,-4.227587,-33.244484,0.058404,0.029187,96.6728,0.008553,96.6954,0.009500,-3.481442,-32.939277,96.6917,0.670169,0.806154,0.487858,-0.665111,0.082176,-0.037908,-0.486383
1008,169.777,B,3,-3.482465,-31.912471,-4.087438,-33.088646,-4.094864,-33.242568,-0.282075,-0.270395,96.7124,0.007529,96.7387,0.007101,-3.467767,-32.764887,96.7354,0.699151,0.788308,0.852543,-0.619671,-0.323759,-0.014698,0.852416
1009,169.976,B,3,-4.808207,-31.221324,-3.944951,-32.436577,-3.977054,-32.969323,1.807561,-0.143871,96.7653,0.005701,96.7806,0.006469,-3.452214,-32.599222,96.7771,0.518887,0.642209,1.933215,-0.492737,0.162645,-1.355993,1.377899
1010,170.147,B,3,-4.959043,-32.992265,-4.212338,-32.239319,-4.269484,-32.683985,0.890700,0.434202,96.8121,0.005345,96.8275,0.005620,-3.436427,-32.439712,96.8234,0.801371,0.868132,1.619776,-0.775911,0.200393,-1.522616,-0.552553
1011,170.296,B,3,-3.966652,-31.570096,-4.308455,-32.172736,-4.269521,-32.648263,1.311955,0.097475,96.8562,0.006943,96.8918,0.009618,-3.419138,-32.251135,96.8918,0.892767,0.938543,0.873834,-0.889318,0.078399,-0.547514,0.681039
1012,170.437,B,3,-4.285631,-30.692887,-4.308455,-32.172736,-4.214643,-32.426598,1.185829,0.089146,96.8986,0.009252,96.9495,0.010803,-3.408730,-32.124569,96.9441,0.901014,0.860649,1.678889,-0.899725,-0.048166,-0.876901,1.431682
1013,170.609,B,3,-3.057670,-30.961353,-4.280166,-31.730513,-4.225896,-32.077857,1.954715,-0.023708,96.9573,0.011674,97.0159,0.013609,-3.395994,-31.964350,97.0107,0.914571,0.837628,1.058520,-0.884172,0.233837,0.338324,1.002997
1014,170.771,B,3,-3.507953,-30.743802,-4.113284,-31.301291,-4.010482,-31.835365,2.064397,-0.718894,96.9898,0.012754,97.0765,0.011703,-3.382195,-31.803138,97.0719,0.886759,0.629113,1.066775,-0.731089,0.501847,-0.125758,1.059337
1015,170.929,B,3,-3.754991,-31.015104,-3.751789,-30.834627,-3.884724,-31.493043,1.544326,-0.731585,97.1249,0.012090,97.1300,0.011107,-3.366513,-31.644114,97.1259,0.896497,0.539782,0.739303,-0.385276,0.809487,-0.388478,0.629010
1016,171.076,B,3,-3.466796,-29.637144,-3.670668,-30.537992,-3.877042,-31.451037,2.164838,-0.869144,97.1627,0.010994,97.1811,0.009083,-3.349314,-31.490880,97.1769,1.005616,0.529229,1.857455,-0.321353,0.952888,-0.117482,1.853736
1017,171.262,B,3,-4.263122,-30.363263,-3.670668,-30.537992,-3.795176,-31.081507,1.957660,-0.783602,97.2113,0.010106,97.2357,0.010698,-3.331657,-31.345676,97.2311,0.875947,0.533512,1.353796,-0.339011,0.807684,-0.931465,0.982413
1018,171.451,B,3,-3.829449,-30.357093,-3.774021,-30.148755,-3.872808,-30.908468,1.325714,-0.263660,97.2847,0.007761,97.2966,0.006488,-3.314278,-31.208471,97.2916,1.155146,0.634001,0.995112,-0.459744,1.059716,-0.515171,0.851379
1019,171.617,B,3,-4.029922,-29.766279,-3.812985,-30.020360,-3.890058,-30.589036,1.395934,-0.120677,97.3369,0.007687,97.3615,0.007741,-3.297033,-31.077009,97.3563,1.175888,0.767982,1.501712,-0.515952,1.056649,-0.732889,1.310730
1020,171.787,B,3,-3.320145,-29.351380,-3.770178,-29.770336,-3.785476,-30.332993,1.559577,-0.436401,97.3923,0.008430,97.4244,0.007650,-3.279166,-30.947661,97.4195,1.275613,0.796346,1.596807,-0.491012,1.177325,-0.040979,1.596281
1021,171.936,B,3,-3.546168,-30.057822,-3.662692,-29.654158,-3.779355,-30.287819,0.945252,-0.400915,97.4380,0.007691,97.4802,0.006408,-3.260136,-30.817112,97.4760,1.230656,0.741445,0.811379,-0.402556,1.162954,-0.286032,0.759290
1022,172.085,B,3,-4.184477,-28.959089,-3.662692,-29.654158,-3.731340,-30.205071,0.854727,-0.361706,97.4868,0.008379,97.5299,0.010014,-3.240178,-30.683931,97.5260,1.113081,0.685964,1.966413,-0.422513,1.029773,-0.944299,1.724842
1023,172.248,B,3,-3.370770,-29.412388,-3.706986,-29.522044,-3.808112,-29.940118,1.276130,-0.106261,97.5510,0.009570,97.5789,0.009382,-3.220147,-30.549107,97.5749,1.136605,0.846505,1.146655,-0.486839,1.027063,-0.150623,1.136719
