sample,timestamp_s,lintasan,run_ke,gps_x,gps_y,ekf_x,ekf_y,ekf_vx,ekf_vy,ekf2_x,ekf2_y,ekf_yaw_deg,ekf_yaw_rate,imu_yaw_deg,imu_yaw_rate_rads,gt_x,gt_y,gt_yaw_deg,error_ekf_m,error_ekf2_m,error_gps_m,error_ekf_x,error_ekf_y,error_gps_x,error_gps_y
1,0.000,B,1,-1.086994,-25.520003,-0.933834,-24.876113,-1.020412,-24.924321,0.112816,-0.237425,-0.8246,-0.000245,-0.8019,0.001615,-1.041150,-25.396345,-0.8170,0.531185,0.472479,0.131882,0.107315,0.520232,-0.045844,-0.123658
2,0.005,B,1,-1.608499,-24.760960,-1.047434,-24.964837,-1.020007,-24.924551,-0.260555,-0.013999,-0.8198,0.000126,-0.8010,0.000321,-1.040027,-25.396278,-0.8153,0.431504,0.472151,0.852519,-0.007407,0.431441,-0.568472,0.635318
3,0.045,B,1,-0.816745,-25.119803,-1.102502,-24.963750,-1.105211,-24.901674,-0.044029,-0.158719,-0.8054,0.001134,-0.7989,0.001856,-1.030488,-25.395435,-0.7998,0.437651,0.499383,0.348797,-0.072015,0.431685,0.213743,0.275632
4,0.226,B,1,-1.132610,-24.878604,-1.074168,-24.981636,-1.062965,-24.934506,-0.076977,-0.038111,-0.7946,0.001322,-0.7879,-0.000046,-1.024157,-25.394651,-0.7888,0.416031,0.461778,0.527320,-0.050011,0.413014,-0.108453,0.516047
5,0.390,B,1,-1.554206,-24.835533,-1.074168,-24.981636,-1.072940,-24.927280,-0.069577,-0.034457,-0.7860,0.001095,-0.7770,0.001447,-1.011835,-25.393642,-0.7778,0.416694,0.470347,0.778236,-0.062334,0.412005,-0.542372,0.558108
6,0.561,B,1,-0.111174,-24.370665,-1.159617,-24.943064,-1.144753,-24.914356,-0.294505,0.061484,-0.7773,0.001219,-0.7675,0.000066,-0.988441,-25.392327,-0.7681,0.480769,0.502881,1.346622,-0.171176,0.449263,0.877267,1.021663
7,0.748,B,1,-1.742551,-24.915723,-1.074187,-24.820306,-0.992293,-24.833448,0.326718,0.495912,-0.7737,0.000487,-0.7610,0.001193,-0.956689,-25.390815,-0.7613,0.582483,0.558503,0.918309,-0.117498,0.570509,-0.785862,0.475092
8,0.918,B,1,-1.008969,-24.879550,-1.029196,-24.739538,-1.101754,-24.843724,-0.165180,0.250740,-0.7691,0.000521,-0.7589,0.000925,-0.919391,-25.389214,-0.7589,0.658890,0.575166,0.517476,-0.109805,0.649676,-0.089578,0.509664
9,1.093,B,1,-1.429603,-25.434938,-1.128086,-24.773162,-1.088711,-24.847602,-0.067209,0.114359,-0.7601,0.000501,-0.7619,0.000069,-0.878326,-25.387569,-0.7615,0.663231,0.579505,0.553308,-0.249760,0.614407,-0.551277,-0.047370
10,1.289,B,1,-0.386176,-24.999417,-1.163270,-24.899281,-1.139969,-24.934145,-0.199646,-0.376227,-0.7631,-0.001217,-0.7696,-0.001900,-0.833772,-25.385862,-0.7688,0.587648,0.545714,0.591339,-0.329498,0.486581,0.447596,0.386445
11,1.486,B,1,-0.315589,-25.571101,-1.095977,-25.022257,-1.029146,-24.945314,0.237463,-0.303694,-0.7709,-0.002314,-0.7810,-0.002803,-0.784543,-25.384063,-0.7800,0.477383,0.502326,0.504876,-0.311434,0.361806,0.468953,-0.187038
12,1.671,B,1,-0.691510,-25.643880,-0.731745,-25.338810,-0.920977,-25.040331,0.538167,-0.884646,-0.7870,-0.001808,-0.7949,-0.003307,-0.728460,-25.382167,-0.7937,0.043482,0.392320,0.264308,-0.003286,0.043357,0.036949,-0.261712
13,1.840,B,1,-0.926628,-24.772790,-0.718259,-25.341150,-0.888659,-25.082200,0.329721,-0.216451,-0.8082,-0.002627,-0.8105,-0.003019,-0.663396,-25.380204,-0.8092,0.067344,0.373564,0.661999,-0.054863,0.039054,-0.263232,0.607414
14,2.012,B,1,-0.753250,-25.537899,-0.726403,-25.308951,-0.883843,-25.086745,0.273887,-0.404744,-0.8179,-0.002777,-0.8275,-0.003254,-0.588419,-25.378227,-0.8261,0.154398,0.415015,0.229488,-0.137984,0.069276,-0.164831,-0.159672
15,2.158,B,1,-1.364532,-24.635008,-0.726403,-25.308951,-0.860001,-25.158216,0.247455,-0.365936,-0.8370,-0.003150,-0.8464,-0.003799,-0.504327,-25.376290,-0.8448,0.232061,0.417206,1.135540,-0.222076,0.067339,-0.860205,0.741282
16,2.336,B,1,-0.597990,-24.131368,-0.806843,-25.248761,-0.930866,-25.085701,-0.113864,0.216694,-0.8544,-0.003193,-0.8678,-0.002319,-0.413307,-25.374429,-0.8660,0.413114,0.592648,1.256706,-0.393536,0.125668,-0.184683,1.243061
17,2.512,B,1,-1.197381,-24.665047,-0.854578,-24.944228,-0.879243,-24.946055,0.043951,0.981941,-0.8621,-0.002835,-0.8925,-0.004418,-0.317916,-25.372650,-0.8904,0.686696,0.705033,1.128787,-0.536662,0.428421,-0.879466,0.707602
18,2.711,B,1,-0.585700,-24.583709,-0.879176,-24.621496,-0.923544,-24.902534,0.040163,0.795425,-0.9007,-0.004530,-0.9207,-0.003662,-0.220000,-25.370932,-0.9183,0.998081,0.845205,0.868019,-0.659175,0.749436,-0.365700,0.787223
19,2.883,B,1,-0.224842,-25.334691,-0.737570,-24.691340,-0.871487,-24.852323,0.376082,0.059922,-0.9424,-0.005219,-0.9560,-0.006256,-0.099811,-25.368941,-0.9560,0.930526,0.928643,0.129637,-0.637758,0.677601,-0.125031,0.034250
20,3.048,B,1,-0.308545,-24.580148,-0.737570,-24.691340,-0.771959,-24.920895,0.339978,0.053986,-0.9774,-0.005929,-0.9860,-0.007042,-0.017266,-25.367667,-0.9832,0.988057,0.877022,0.839660,-0.720304,0.676327,-0.291279,0.787519
21,3.222,B,1,0.127013,-25.588496,-0.580844,-24.762897,-0.697676,-24.868840,0.458889,0.208230,-1.0047,-0.006593,-1.0218,-0.007370,0.090495,-25.366161,-1.0189,0.902565,0.931956,0.225313,-0.671339,0.603265,0.036518,-0.222334
22,3.392,B,1,0.008980,-25.048907,-0.405484,-24.868956,-0.569942,-24.973517,0.781680,-0.483209,-1.0047,-0.006599,-1.0584,-0.005131,0.205405,-25.364775,-1.0554,0.786779,0.868472,0.371961,-0.610888,0.495818,-0.196425,0.315868
23,3.540,B,1,-0.342745,-24.621663,-0.220517,-25.037335,-0.471761,-24.985730,0.827714,-0.423450,-1.0430,-0.006995,-1.0954,-0.006748,0.328758,-25.363525,-1.0924,0.638829,0.885189,1.000637,-0.549274,0.326189,-0.671503,0.741862
24,3.707,B,1,0.432285,-25.282282,-0.043012,-24.992885,-0.314889,-24.982996,0.824885,-0.276749,-1.1132,-0.006913,-1.1327,-0.006623,0.460288,-25.362432,-1.1297,0.624401,0.863059,0.084902,-0.503300,0.369547,-0.028003,0.080151
25,3.887,B,1,0.524966,-26.191970,-0.043012,-24.992885,-0.300825,-24.984001,0.745462,-0.250663,-1.1612,-0.006500,-1.1709,-0.005995,0.598310,-25.361510,-1.1678,0.739715,0.975170,0.833692,-0.641322,0.368626,-0.073344,-0.830460
26,4.084,B,1,0.518096,-25.694896,0.160677,-25.267190,-0.164458,-25.165081,0.892022,-1.023983,-1.1838,-0.007453,-1.2103,-0.007804,0.740523,-25.360746,-1.2071,0.587345,0.925891,0.401410,-0.579846,0.093555,-0.222427,-0.334150
27,4.251,B,1,0.570656,-24.063799,0.455858,-25.380318,-0.047231,-25.250088,0.891039,0.326197,-1.2280,-0.007363,-1.2511,-0.008272,0.885033,-25.360088,-1.2478,0.429651,0.938731,1.333866,-0.429175,-0.020230,-0.314377,1.296289
28,4.398,B,1,1.245662,-25.212065,0.656084,-25.139945,0.225239,-25.098944,1.156957,0.216789,-1.2713,-0.008107,-1.2932,-0.009138,1.031095,-25.359472,-1.2898,0.434541,0.846924,0.260322,-0.375011,0.219527,0.214567,0.147407
29,4.563,B,1,1.751630,-24.935721,0.979354,-25.101297,0.248872,-25.101549,1.496934,0.353861,-1.3246,-0.008040,-1.3360,-0.008127,1.179381,-25.358854,-1.3326,0.326108,0.965429,0.711695,-0.200027,0.257557,0.572249,0.423132
30,4.738,B,1,1.231725,-24.075061,0.979354,-25.101297,0.499051,-25.079438,1.353365,0.318780,-1.3640,-0.008059,-1.3787,-0.008192,1.331714,-25.358244,-1.3753,0.436096,0.878101,1.287073,-0.352361,0.256947,-0.099989,1.283183
31,4.907,B,1,1.572006,-25.287366,1.221288,-24.873256,0.634159,-24.930345,1.197179,0.981020,-1.3844,-0.007405,-1.4205,-0.006548,1.490256,-25.357711,-1.4172,0.554112,0.956841,0.107849,-0.268968,0.484454,0.081750,0.070345
32,5.057,B,1,0.661219,-26.589557,1.370664,-24.763179,0.800649,-24.980896,1.273501,0.414852,-1.3844,-0.007417,-1.4611,-0.006771,1.656473,-25.357352,-1.4579,0.659339,0.934962,1.583938,-0.285809,0.594173,-0.995254,-1.232204
33,5.231,B,1,1.903366,-25.459553,1.381813,-25.139730,0.807227,-25.220573,0.688926,-1.039834,-1.4476,-0.007926,-1.5006,-0.005935,1.830447,-25.357235,-1.4975,0.498579,1.032306,0.125642,-0.448634,0.217505,0.072919,-0.102318
34,5.414,B,1,1.898651,-25.639429,1.615184,-25.563186,0.995369,-25.262191,0.974455,-0.813480,-1.5301,-0.007598,-1.5389,-0.006804,2.010857,-25.357344,-1.5359,0.446014,1.019936,0.303582,-0.395673,-0.205842,-0.112206,-0.282085
35,5.572,B,1,1.335988,-24.792525,1.615184,-25.563186,1.156920,-25.324958,0.880291,-0.735967,-1.5579,-0.007048,-1.5763,-0.007003,2.195599,-25.357570,-1.5733,0.615760,1.039192,1.028692,-0.580416,-0.205616,-0.859611,0.565045
36,5.724,B,1,2.165429,-25.358689,1.677359,-25.492294,1.211474,-25.252724,0.567856,-0.031199,-1.5802,-0.006413,-1.6125,-0.005720,2.382740,-25.357757,-1.6097,0.718096,1.175966,0.217313,-0.705381,-0.134536,-0.217311,-0.000932
37,5.883,B,1,2.571340,-25.347915,1.985556,-25.367026,1.379899,-25.272993,1.070351,0.019178,-1.6340,-0.006657,-1.6475,-0.005621,2.571331,-25.357792,-1.6448,0.585849,1.194447,0.009877,-0.585776,-0.009234,0.000008,0.009877
38,6.037,B,1,2.960551,-25.171928,2.283913,-25.330115,1.784354,-25.271781,1.360500,0.179651,-1.6758,-0.005585,-1.6809,-0.004773,2.761778,-25.357667,-1.6783,0.478659,0.981190,0.272047,-0.477865,0.027552,0.198773,0.185739
39,6.191,B,1,3.263860,-24.847002,2.615725,-25.211414,1.820659,-25.275663,1.589981,0.514349,-1.6987,-0.005250,-1.7124,-0.005182,2.955635,-25.357488,-1.7099,0.369968,1.137922,0.596321,-0.339910,0.146074,0.308225,0.510486
40,6.345,B,1,2.986464,-23.575497,2.615725,-25.211414,2.069063,-25.215162,1.437466,0.464165,-1.7216,-0.005441,-1.7416,-0.003396,3.154896,-25.357412,-1.7394,0.558588,1.095111,1.789858,-0.539170,0.145998,-0.168431,1.781915
41,6.510,B,1,2.991938,-25.357767,2.869107,-24.834636,2.241905,-24.971609,1.318191,1.518980,-1.7211,-0.005167,-1.7682,-0.003911,3.361053,-25.357551,-1.7662,0.717948,1.183826,0.369115,-0.491945,0.522914,-0.369115,-0.000217
42,6.690,B,1,3.526262,-24.894014,3.008772,-24.639056,2.390177,-25.023663,1.258705,0.725699,-1.7465,-0.004604,-1.7916,-0.002706,3.574394,-25.357904,-1.7899,0.914698,1.230483,0.466380,-0.565622,0.718849,-0.048132,0.463890
43,6.863,B,1,4.221561,-25.172401,3.177015,-24.742780,2.595765,-25.000872,1.325999,0.484776,-1.7882,-0.004420,-1.8115,-0.002105,3.793856,-25.358366,-1.8101,0.871458,1.250289,0.466384,-0.616841,0.615586,0.427705,0.185964
44,7.011,B,1,3.947889,-25.032937,3.475448,-24.811993,2.875873,-25.022893,1.642898,0.085702,-1.8107,-0.004466,-1.8278,-0.003328,4.017501,-25.358782,-1.8266,0.769935,1.190015,0.333198,-0.542052,0.546789,-0.069612,0.325845
45,7.163,B,1,4.427385,-24.817869,3.759583,-24.901437,3.076542,-25.021895,1.408732,-0.044189,-1.8438,-0.003406,-1.8408,-0.002009,4.243385,-25.359041,-1.8399,0.665932,1.214574,0.571597,-0.483802,0.457604,0.184000,0.541172
46,7.321,B,1,4.492505,-24.228464,3.996182,-24.912046,3.319489,-24.989229,1.505425,0.052748,-1.8477,-0.001964,-1.8511,-0.001460,4.470408,-25.359123,-1.8504,0.651743,1.208899,1.130875,-0.474226,0.447077,0.022097,1.130659
47,7.480,B,1,4.299244,-24.322427,4.397222,-24.580098,3.537722,-24.872743,1.298971,0.741074,-1.8518,-0.001306,-1.8589,-0.000371,4.698732,-25.359093,-1.8584,0.835309,1.258762,1.110976,-0.301510,0.778995,-0.399488,1.036666
48,7.648,B,1,4.142847,-24.766056,4.441612,-24.529407,3.697088,-24.784446,0.952555,0.404073,-1.8550,-0.000621,-1.8642,-0.000499,4.929649,-25.359057,-1.8638,0.962548,1.359921,0.985245,-0.488037,0.829650,-0.786802,0.593001
49,7.813,B,1,4.978850,-24.690813,4.554347,-24.567619,3.974548,-24.762387,1.105510,0.237931,-1.8659,0.000653,-1.8661,0.002513,5.164971,-25.359099,-1.8661,0.999651,1.331606,0.693720,-0.610623,0.791480,-0.186121,0.668286
50,7.980,B,1,6.035041,-24.375546,4.554347,-24.567619,4.020707,-24.755112,0.999277,0.215150,-1.8659,0.001295,-1.8639,0.001352,5.406183,-25.359245,-1.8643,1.162882,1.511463,1.167530,-0.851836,0.791626,0.628858,0.983699
51,8.196,B,1,5.824440,-24.811757,4.911684,-24.537583,4.363135,-24.691886,1.543768,0.352898,-1.8692,-0.008859,-1.9646,-0.083592,5.653310,-25.358636,-1.9283,1.106407,1.452277,0.573028,-0.741626,0.821053,0.171130,0.546878
52,8.366,B,1,6.282093,-25.526546,5.312977,-24.541332,4.627537,-24.702620,1.795039,0.080798,-1.8692,-0.008868,-2.5475,-0.035916,5.895354,-25.354022,-2.5291,0.999813,1.425371,0.423476,-0.582377,0.812690,0.386739,-0.172525
53,8.520,B,1,5.961258,-25.547457,5.653412,-24.755894,4.922525,-24.820045,1.993411,-0.663978,-2.3496,-0.073576,-2.3126,0.059613,6.138820,-25.353140,-2.3416,0.769626,1.327992,0.263225,-0.485408,0.597246,-0.177562,-0.194317
54,8.680,B,1,6.671236,-25.231056,5.921010,-25.058715,5.127940,-24.927006,1.783070,-1.038850,-2.5320,0.011254,-2.5969,-0.149373,6.375003,-25.349557,-2.5307,0.539164,1.316706,0.319055,-0.453993,0.290841,0.296233,0.118500
55,8.837,B,1,6.204034,-24.536173,6.164512,-25.234625,5.410401,-24.974645,1.692118,-0.802758,-2.9186,-0.064570,-3.0651,-0.001140,6.606031,-25.342833,-3.0633,0.454585,1.251037,0.901278,-0.441519,0.108207,-0.401997,0.806660
56,8.991,B,1,6.684620,-24.457519,6.366468,-25.173121,5.567905,-24.912081,1.387092,-0.147694,-3.0658,-0.034377,-3.2682,-0.127102,6.837911,-25.338441,-3.2118,0.499590,1.339664,0.894160,-0.471444,0.165320,-0.153291,0.880922
57,9.151,B,1,7.901245,-24.460364,6.503175,-24.967202,5.793589,-24.846118,1.403244,0.360803,-3.1447,-0.061594,-3.8822,-0.043036,7.065265,-25.329087,-3.8619,0.668510,1.360301,1.205630,-0.562089,0.361885,0.835980,0.868723
58,9.335,B,1,7.503605,-25.071845,6.838638,-24.784162,6.158055,-24.788905,1.884026,0.644072,-3.6632,-0.068061,-4.4200,-0.113903,7.292573,-25.320123,-4.3682,0.702361,1.252727,0.325846,-0.453935,0.535961,0.211031,0.248277
59,9.518,B,1,8.087797,-24.553346,7.209175,-24.754621,6.412894,-24.830623,1.855032,0.250964,-4.0684,-0.092018,-4.8684,-0.014475,7.519246,-25.310047,-4.8606,0.636115,1.205761,0.946492,-0.310071,0.555426,0.568551,0.756701
60,9.680,B,1,7.382830,-24.988316,7.496857,-24.760020,6.717422,-24.790449,1.783799,0.359721,-4.9395,-0.049599,-5.0681,-0.111713,7.747507,-25.302319,-5.0184,0.597422,1.150255,0.481235,-0.250650,0.542299,-0.364677,0.314003
61,9.844,B,1,8.150638,-25.565366,7.695068,-24.756466,6.873109,-24.820610,1.406626,0.079525,-5.4057,-0.143052,-6.0998,-0.167033,7.982788,-25.290854,-6.0218,0.606921,1.205204,0.321762,-0.287720,0.534388,0.167850,-0.274512
62,9.998,B,1,7.387997,-24.967899,7.849295,-24.938847,7.117349,-24.934341,1.576485,-0.519786,-5.8384,-0.153246,-6.4972,0.013885,8.217119,-25.283566,-6.5036,0.504109,1.153887,0.887181,-0.367824,0.344719,-0.829122,0.315668
63,10.145,B,1,7.979956,-24.918074,7.926880,-25.080980,7.211579,-24.945101,1.015239,-0.381844,-6.4623,-0.058614,-6.9296,-0.159293,8.450887,-25.275774,-6.8577,0.559043,1.282665,0.591376,-0.524008,0.194794,-0.470931,0.357700
64,10.311,B,1,8.541921,-23.826235,7.935182,-25.067753,7.375968,-24.947142,0.897196,-0.185659,-6.7115,-0.085648,-7.5859,-0.027226,8.686264,-25.264785,-7.5716,0.776496,1.348248,1.445774,-0.751082,0.197033,-0.144343,1.438550
65,10.470,B,1,8.814391,-24.837618,8.093745,-24.842987,7.598399,-24.785732,0.868698,0.744305,-7.7872,-0.087368,-7.9718,-0.121057,8.921823,-25.257482,-7.9162,0.926023,1.404990,0.433391,-0.828078,0.414495,-0.107433,0.419865
66,10.666,B,1,9.002512,-24.905741,8.334151,-24.647962,7.818158,-24.794541,1.079038,0.511744,-8.2167,-0.085732,-8.4360,-0.062942,9.161093,-25.250085,-8.4075,1.022929,1.418095,0.379105,-0.826942,0.602123,-0.158581,0.344343
67,10.854,B,1,8.573076,-24.776311,8.733224,-24.732317,8.052882,-24.813600,1.053694,0.205784,-8.7604,-0.078083,-8.8808,-0.061387,9.405161,-25.244718,-8.8513,0.845017,1.419338,0.954867,-0.671937,0.512401,-0.832085,0.468407
68,11.035,B,1,9.524203,-25.545505,8.910311,-24.881625,8.374239,-24.917211,1.400836,-0.401527,-9.1007,-0.074415,-9.2766,-0.068414,9.654995,-25.241274,-9.2451,0.826983,1.321117,0.331154,-0.744684,0.359649,-0.130792,-0.304231
69,11.198,B,1,9.640105,-25.741465,9.194497,-25.173193,8.427229,-24.923788,1.583237,-0.844770,-9.4580,-0.069146,-9.6573,-0.065193,9.910301,-25.238588,-9.6277,0.718785,1.516114,0.570868,-0.715804,0.065395,-0.270196,-0.502876
70,11.359,B,1,10.860579,-24.818048,9.194497,-25.173193,8.655799,-25.052437,1.426020,-0.773121,-9.8151,-0.065344,-10.0140,-0.062047,10.169351,-25.236376,-9.9862,0.976899,1.524688,0.807957,-0.974854,0.063183,0.691228,0.418328
71,11.528,B,1,9.540178,-24.688160,9.604802,-25.265569,9.033028,-25.027580,1.930320,-0.179850,-10.0735,-0.062565,-10.3508,-0.057518,10.430009,-25.234677,-10.3245,0.825785,1.412248,1.044260,-0.825207,-0.030892,-0.889831,0.546517
72,11.702,B,1,10.895751,-24.735279,10.114579,-25.001921,9.412335,-24.949270,1.781592,0.520300,-10.5099,-0.056891,-10.6718,-0.053726,10.690689,-25.233920,-10.6466,0.621068,1.309662,0.539160,-0.576110,0.231999,0.205062,0.498641
73,11.853,B,1,10.719912,-25.615518,10.437980,-25.061052,9.651021,-25.050631,1.830251,-0.046731,-10.9310,-0.053194,-10.9795,-0.050883,10.950974,-25.234505,-10.9554,0.541524,1.312893,0.445601,-0.512994,0.173453,-0.231062,-0.381013
74,12.028,B,1,11.385268,-26.232256,10.746700,-25.377311,9.709234,-25.059534,2.146980,-0.773167,-11.1791,-0.051479,-11.2735,-0.049946,11.211665,-25.236492,-11.2505,0.485822,1.512817,1.010784,-0.464965,-0.140819,0.173603,-0.995764
75,12.211,B,1,11.020061,-25.414854,10.746700,-25.377311,10.011704,-25.243353,1.937155,-0.708661,-11.4420,-0.049361,-11.5516,-0.047284,11.474437,-25.239636,-11.5300,0.740646,1.462738,0.486990,-0.727737,-0.137675,-0.454376,-0.175218
76,12.406,B,1,11.822202,-24.888084,11.010202,-25.586238,10.216496,-25.282200,1.698353,-0.471252,-11.6814,-0.045944,-11.8120,-0.042727,11.741103,-25.243700,-11.7918,0.807186,1.525093,0.364746,-0.730901,-0.342539,0.081100,0.355615
77,12.566,B,1,11.783718,-24.374085,11.539295,-25.217735,10.509546,-25.236513,1.602118,0.995738,-11.9942,-0.042314,-12.0548,-0.039942,12.012684,-25.248758,-12.0360,0.474404,1.503188,0.904145,-0.473389,0.031024,-0.228966,0.874673
78,12.725,B,1,12.211250,-25.129184,11.798680,-25.037111,10.754903,-25.118363,1.679709,0.820701,-12.1875,-0.040327,-12.2830,-0.038141,12.288851,-25.255194,-12.2652,0.536496,1.540039,0.147987,-0.490172,0.218082,-0.077601,0.126009
79,12.878,B,1,12.463476,-25.736543,12.082382,-25.145998,11.235116,-25.214721,1.825936,0.201388,-12.3899,-0.038103,-12.5002,-0.036949,12.568071,-25.263393,-12.4831,0.499675,1.333843,0.484572,-0.485689,0.117396,-0.104595,-0.473149
80,13.033,B,1,12.445048,-24.567440,12.082382,-25.145998,11.297727,-25.223940,1.651174,0.175927,-12.5968,-0.036255,-12.7087,-0.034560,12.848390,-25.273390,-12.6923,0.776528,1.551450,0.813050,-0.766007,0.127393,-0.403342,0.705950
81,13.188,B,1,12.356031,-24.615893,12.316934,-25.141021,11.525695,-25.134528,1.438551,0.666604,-12.8118,-0.034722,-12.9086,-0.033774,13.128371,-25.284734,-12.8929,0.824065,1.609699,1.021694,-0.811437,0.143713,-0.772339,0.668842
82,13.349,B,1,12.602562,-24.585998,12.459239,-24.939357,11.705855,-25.062413,1.232652,0.913621,-12.8118,-0.034716,-13.0983,-0.033011,13.407610,-25.296755,-13.0835,1.013481,1.717815,1.073909,-0.948372,0.357399,-0.805049,0.710757
83,13.523,B,1,13.144935,-24.795890,12.568609,-24.788076,11.894056,-24.994187,1.059818,0.978639,-13.0600,-0.033178,-13.2763,-0.030452,13.686749,-25.309042,-13.2625,1.233549,1.820133,0.746249,-1.118140,0.520966,-0.541814,0.513152
84,13.734,B,1,13.575608,-25.655001,13.022218,-24.858482,12.133783,-24.965543,1.561109,0.040272,-13.3898,-0.029822,-13.4619,-0.028043,14.023570,-25.324478,-13.4619,1.104471,1.923572,0.556700,-1.001351,0.465997,-0.447961,-0.330523
85,13.875,B,1,14.133336,-24.807072,13.022218,-24.858482,12.402138,-25.068969,1.411218,0.032591,-13.5308,-0.023713,-13.5618,-0.015854,14.249602,-25.334787,-13.5549,1.316563,1.866490,0.540371,-1.227384,0.476305,-0.116266,0.527715
86,14.036,B,1,14.792683,-24.936056,13.370356,-24.986176,12.717081,-25.033493,1.656255,0.286200,-13.6113,-0.017393,-13.6471,-0.014080,14.534955,-25.349086,-13.6403,1.219834,1.845065,0.486845,-1.164599,0.362910,0.257728,0.413030
87,14.189,B,1,15.149042,-25.724037,13.792577,-24.958788,13.081259,-25.021240,2.194984,0.437928,-13.6113,-0.017392,-13.7311,-0.015129,14.824164,-25.366565,-13.7245,1.109258,1.776785,0.483045,-1.031587,0.407776,0.324879,-0.357472
88,14.370,B,1,14.849703,-25.072559,14.678838,-25.236609,13.449520,-25.128315,2.291376,0.109165,-13.7883,-0.014409,-13.8125,-0.012002,15.116223,-25.386595,-13.8062,0.462386,1.686596,0.411887,-0.437385,0.149985,-0.266520,0.314036
89,14.528,B,1,14.411364,-25.413513,14.822495,-25.273134,13.721115,-25.125047,1.784574,-0.091213,-13.8669,-0.013181,-13.8878,-0.012027,15.409700,-25.407665,-13.8821,0.602419,1.712072,0.998353,-0.587205,0.134531,-0.998336,-0.005848
90,14.688,B,1,14.872677,-25.283755,14.822495,-25.273134,13.886675,-25.172641,1.613008,-0.084518,-13.9378,-0.011859,-13.9547,-0.011258,15.703329,-25.428459,-13.9497,0.894424,1.834578,0.843162,-0.880834,0.155325,-0.830652,0.144704
91,14.888,B,1,15.570044,-24.878528,14.896523,-25.329106,14.080957,-25.193515,1.410079,-0.032938,-13.9848,-0.009838,-14.0137,-0.011505,15.996363,-25.448714,-14.0092,1.106324,1.932332,0.711941,-1.099840,0.119608,-0.426319,0.570186
92,15.067,B,1,16.320674,-25.406521,15.103572,-25.268801,14.371502,-25.152849,1.532566,0.408561,-13.9848,-0.009828,-14.0677,-0.011071,16.288798,-25.469290,-14.0635,1.202064,1.943234,0.070399,-1.185226,0.200489,0.031876,0.062769
93,15.229,B,1,16.991639,-24.676296,15.457419,-25.234613,14.720954,-25.194567,1.907662,0.328251,-14.0305,-0.010232,-14.1203,-0.008753,16.581538,-25.491520,-14.1161,1.153102,1.884132,0.912563,-1.124119,0.256907,0.410101,0.815224
94,15.389,B,1,16.620793,-26.116643,15.933221,-25.169636,15.121070,-25.121837,2.201544,0.904297,-14.1080,-0.010440,-14.1725,-0.009695,16.876157,-25.516249,-14.1684,1.004623,1.798858,0.652445,-0.942936,0.346613,-0.255363,-0.600395
95,15.550,B,1,17.521496,-25.235524,16.339672,-25.245146,15.409780,-25.272713,2.079306,0.014066,-14.2264,-0.008620,-14.2220,-0.007471,17.174140,-25.543301,-14.2183,0.886134,1.784989,0.464093,-0.834468,0.298156,0.347356,0.307777
96,15.712,B,1,17.828220,-25.237301,16.714252,-25.405514,15.789982,-25.273528,2.273363,0.279277,-14.2349,-0.007567,-14.2648,-0.006328,17.476107,-25.571755,-14.2617,0.779782,1.712296,0.485636,-0.761855,0.166241,0.352113,0.334454
97,15.869,B,1,17.855160,-25.358057,17.161605,-25.371598,16.161925,-25.273851,2.530466,0.496748,-14.2498,-0.007562,-14.2985,-0.005918,17.781479,-25.600708,-14.2962,0.660859,1.652208,0.253591,-0.619874,0.229110,0.073681,0.242651
98,16.022,B,1,18.201938,-25.128797,17.535920,-25.359218,16.484555,-25.291587,2.406252,0.485272,-14.2755,-0.007022,-14.3246,-0.004141,18.088757,-25.629928,-14.3227,0.615559,1.639494,0.513753,-0.552838,0.270710,0.113181,0.501131
99,16.199,B,1,17.645067,-26.159725,17.853180,-25.326032,16.811272,-25.272349,2.269747,0.661957,-14.3187,-0.005431,-14.3469,-0.004362,18.396227,-25.659855,-14.3452,0.637446,1.631638,0.902281,-0.543047,0.333823,-0.751160,-0.499870
100,16.392,B,1,18.329487,-25.212271,18.035963,-25.441459,17.006480,-25.409012,1.727984,-0.137332,-14.3806,-0.004201,-14.3691,-0.003771,18.702724,-25.691055,-14.3673,0.711946,1.719532,0.607075,-0.666761,0.249595,-0.373237,0.478784
101,16.558,B,1,18.931091,-25.062260,18.161442,-25.545775,17.271549,-25.387030,1.560468,0.195350,-14.3750,-0.002156,-14.3835,-0.000225,19.006782,-25.723260,-14.3832,0.863771,1.767508,0.665320,-0.845340,0.177486,-0.075691,0.661001
102,16.728,B,1,19.108026,-24.680227,18.420578,-25.425236,17.585943,-25.344391,1.704944,0.604776,-14.3750,-0.002148,-14.3813,0.001524,19.307685,-25.755533,-14.3820,0.946601,1.770150,1.093685,-0.887107,0.330297,-0.199659,1.075307
103,16.881,B,1,19.122675,-26.352461,18.718584,-25.228465,17.880648,-25.249077,1.599363,1.095308,-14.3780,0.000116,-14.3663,0.003127,19.608862,-25.787798,-14.3679,1.051403,1.810232,0.745133,-0.890278,0.559333,-0.486187,-0.564664
104,17.037,B,1,19.796184,-25.616997,18.959961,-25.306081,18.133414,-25.414873,1.747688,0.002482,-14.3642,0.001370,-14.3425,0.004617,19.913331,-25.820889,-14.3446,1.083486,1.825638,0.235150,-0.953370,0.514808,-0.117147,0.203893
105,17.196,B,1,20.112957,-25.060760,19.228830,-25.541964,18.447697,-25.450491,1.709694,0.026642,-14.3431,0.004120,-14.3164,0.002933,20.223561,-25.856523,-14.3185,1.043282,1.821690,0.803413,-0.994731,0.314559,-0.110604,0.795763
106,17.363,B,1,19.431133,-25.823221,19.566521,-25.496144,18.763068,-25.397928,1.736862,0.481988,-14.3104,0.003431,-14.2780,0.029754,20.538796,-25.894879,-14.2900,1.050860,1.843955,1.109979,-0.972275,0.398735,-1.107663,0.071658
107,17.533,B,1,21.650859,-25.235586,19.755778,-25.489082,18.930186,-25.464743,1.524136,0.094834,-14.2957,0.004023,-13.6521,0.093976,20.845887,-25.937606,-13.6964,1.178775,1.973197,1.068088,-1.090109,0.448523,0.804972,0.702020
108,17.721,B,1,20.521690,-25.753131,20.108812,-25.510690,19.400198,-25.434500,2.214329,0.590055,-14.0861,0.079447,-13.6061,-0.070434,21.150079,-25.976495,-13.5752,1.140706,1.831895,0.666906,-1.041266,0.465805,-0.628389,0.223364
109,17.890,B,1,21.214403,-26.559181,20.531144,-25.511462,19.636811,-25.484880,1.981615,0.297715,-13.5519,0.004958,-13.5725,0.108807,21.447841,-26.012630,-13.6196,1.044750,1.886359,0.594316,-0.916697,0.501168,-0.233438,-0.546551
110,18.049,B,1,20.662540,-25.292598,20.776348,-25.746073,19.939717,-25.648744,1.978938,-0.370950,-13.3072,0.098494,-12.8554,0.063419,21.729369,-26.051084,-12.8858,1.000641,1.834321,1.308979,-0.953022,0.305011,-1.066830,0.758486
111,18.208,B,1,21.917796,-25.060112,20.960414,-25.844161,20.115241,-25.602362,1.475989,0.121117,-12.7704,0.047930,-12.6436,0.101536,22.013688,-26.086532,-12.6878,1.080801,1.959215,1.030890,-1.053274,0.242371,-0.095893,1.026420
112,18.367,B,1,22.486234,-25.971289,21.181962,-25.640134,20.448537,-25.525209,1.723979,0.768516,-12.7704,0.047939,-11.8799,0.084271,22.288747,-26.126628,-11.9208,1.208987,1.935996,0.251259,-1.106785,0.486494,0.197487,0.155339
113,18.509,B,1,22.882770,-25.658901,21.605240,-25.590345,20.818535,-25.592093,2.127235,0.450640,-12.0460,0.102927,-11.2913,0.131160,22.566319,-26.168016,-11.3514,1.121328,1.840228,0.599449,-0.961080,0.577671,0.316451,0.509115
114,18.678,B,1,22.435765,-25.163437,22.065884,-25.657779,21.194900,-25.602923,2.359894,0.524270,-11.5819,0.110066,-10.5140,0.143989,22.841414,-26.212211,-10.5803,0.953332,1.755632,1.124490,-0.775530,0.554432,-0.405650,1.048773
115,18.860,B,1,23.011754,-26.605227,22.399526,-25.566217,21.450299,-25.537000,1.797174,0.803884,-10.1117,0.141340,-9.6700,0.154843,23.114136,-26.257040,-9.7410,0.993934,1.812957,0.362927,-0.714610,0.690824,-0.102382,-0.348187
116,19.053,B,1,23.713577,-26.551105,22.648743,-25.661940,21.752292,-25.693193,1.972030,-0.042810,-9.3150,0.154232,-8.7356,0.170794,23.381899,-26.301287,-8.8135,0.972770,1.739367,0.415235,-0.733155,0.639346,0.331679,-0.249818
117,19.219,B,1,23.299365,-25.747433,23.003933,-25.986394,22.114212,-25.821042,2.405651,-0.475774,-8.9418,0.161097,-7.7191,0.182114,23.642678,-26.344644,-7.8032,0.732351,1.615663,0.688857,-0.638744,0.358250,-0.343313,0.597211
118,19.408,B,1,23.786071,-26.344339,23.521800,-26.103001,22.361921,-25.811595,1.990554,-0.213521,-7.3019,0.182946,-6.6291,0.196793,23.895472,-26.387817,-6.7187,0.469842,1.638234,0.117724,-0.373673,0.284816,-0.109401,0.043479
119,19.571,B,1,24.003964,-25.700202,23.771487,-26.095271,22.822828,-25.863392,1.835595,0.254485,-5.7873,0.199260,-5.4742,0.205233,24.140920,-26.432016,-5.5688,0.499878,1.435514,0.744519,-0.369433,0.336745,-0.136957,0.731814
120,19.730,B,1,25.061206,-26.443416,23.771487,-26.095271,22.916294,-25.861926,1.654192,0.263710,-4.7685,0.209096,-4.2594,0.217356,24.381492,-26.478114,-4.3588,0.720191,1.589494,0.680599,-0.610005,0.382843,0.679714,0.034698
121,19.892,B,1,24.512369,-25.388851,24.132586,-26.095113,23.288407,-25.946164,2.050507,0.028582,-4.1458,0.214232,-2.9842,0.228368,24.620267,-26.525997,-3.0885,0.650764,1.452604,1.142254,-0.487681,0.430884,-0.107897,1.137146
122,20.047,B,1,23.884286,-25.897762,24.464978,-26.032286,23.554250,-25.859190,1.918437,0.645269,-3.5420,0.219909,-1.6453,0.237615,24.859324,-26.574755,-1.7548,0.670658,1.488372,1.187020,-0.394346,0.542469,-0.975038,0.676993
123,20.205,B,1,25.132760,-26.351237,24.524055,-25.880125,23.671877,-25.858042,1.254791,0.536668,-1.9851,0.231753,-0.2414,0.249457,25.098931,-26.623421,-0.3560,0.939665,1.619348,0.274278,-0.574875,0.743296,0.033829,0.272184
124,20.393,B,1,25.173886,-26.065767,24.629650,-25.933883,23.953397,-25.923339,1.424847,0.101365,-0.5424,0.242708,1.2234,0.258709,25.337557,-26.671727,1.1041,1.022519,1.573526,0.627675,-0.707907,0.737843,-0.163670,0.605960
125,20.582,B,1,25.601870,-26.595168,24.874347,-26.012333,24.198838,-25.936631,1.295045,0.098526,2.0742,0.261442,2.7408,0.267803,25.572767,-26.720245,2.6176,0.994450,1.581686,0.128419,-0.698420,0.707912,0.029103,0.125077
126,20.739,B,1,25.343597,-26.819549,25.118450,-26.116673,24.470682,-26.025829,1.442034,-0.297719,3.3744,0.268024,4.3028,0.277158,25.802371,-26.769846,4.1764,0.945718,1.525437,0.461458,-0.683921,0.653173,-0.458774,-0.049703
127,20.881,B,1,26.124241,-25.852444,25.322959,-26.329818,24.663580,-26.136505,1.368697,-0.740575,3.9913,0.271771,5.9052,0.281880,26.025262,-26.821072,5.7756,0.857065,1.524076,0.973672,-0.702303,0.491254,0.098979,0.968628
128,21.034,B,1,26.237018,-26.371488,25.844335,-26.285176,24.928572,-26.089227,1.644816,-0.175348,7.0264,0.279240,7.5303,0.258482,26.242158,-26.873769,7.4095,0.710426,1.530038,0.502307,-0.397823,0.588593,-0.005140,0.502281
129,21.182,B,1,26.480726,-25.737973,26.110045,-26.197950,25.194736,-26.120504,1.720888,0.293695,8.3821,0.216625,8.6416,0.217357,26.461610,-26.922900,8.5432,0.805699,1.499603,1.185081,-0.351566,0.724950,0.019116,1.184927
130,21.344,B,1,26.708656,-26.769106,26.110045,-26.197950,25.445700,-26.053742,1.548633,0.303530,9.6790,0.291215,10.3841,0.383016,26.685531,-26.972572,10.2095,0.964999,1.543187,0.204777,-0.575486,0.774622,0.023126,0.203467
131,21.509,B,1,26.947457,-26.580617,26.363724,-26.196953,25.693079,-26.147096,1.520573,-0.223335,10.9303,0.300267,12.0693,0.200495,26.915273,-27.019296,11.9756,0.990179,1.501496,0.439858,-0.551549,0.822343,0.032184,0.438679
132,21.680,B,1,27.602219,-26.487560,26.611890,-26.346755,25.938732,-26.200366,1.616330,-0.454846,10.9303,0.300256,13.1570,0.257007,27.151486,-27.058890,13.0411,0.893476,1.485878,0.727721,-0.539596,0.712135,0.450734,0.571329
133,21.867,B,1,27.121543,-26.333315,27.175247,-26.414824,26.244830,-26.232043,1.593224,-0.318849,14.1679,0.267399,14.7950,0.225691,27.391344,-27.103397,14.6899,0.721686,1.440053,0.815977,-0.216097,0.688573,-0.269801,0.770082
134,22.031,B,1,26.934946,-25.197778,27.252577,-26.180217,26.435021,-26.236176,1.415916,0.705856,15.1574,0.208578,15.8433,0.234138,27.632326,-27.141163,15.7382,1.033260,1.500847,2.064724,-0.379749,0.960946,-0.697380,1.943385
135,22.187,B,1,28.051513,-26.496487,27.252577,-26.180217,26.565970,-26.070402,1.265024,0.667069,16.8519,0.212295,17.1626,0.178003,27.872041,-27.178940,17.0805,1.175238,1.713090,0.705657,-0.619463,0.998723,0.179472,0.682453
136,22.350,B,1,28.052682,-26.270236,27.419505,-26.023181,26.840230,-26.117292,1.376175,0.111801,17.3151,0.213510,18.3543,0.200860,28.110617,-27.211744,18.2613,1.374889,1.676815,0.943290,-0.691112,1.188564,-0.057935,0.941509
137,22.519,B,1,27.600218,-27.421098,27.824141,-26.338222,27.074710,-26.124898,0.845948,-1.032541,18.8392,0.203245,19.4677,0.193628,28.350292,-27.241118,19.3779,1.045014,1.695009,0.771364,-0.526151,0.902896,-0.750074,-0.179980
138,22.678,B,1,28.451413,-26.644994,27.968428,-26.595953,27.207589,-26.303447,1.037545,-1.013234,19.8382,0.193060,20.5412,0.181757,28.593800,-27.267668,20.4573,0.917764,1.688580,0.638746,-0.625372,0.671715,-0.142387,0.622674
139,22.843,B,1,28.667001,-26.306101,28.230967,-26.590044,27.444368,-26.344834,1.278080,-0.691430,20.9428,0.182325,21.5591,0.175764,28.843118,-27.291123,21.4797,0.930720,1.688776,1.000643,-0.612151,0.701079,-0.176117,0.985022
140,23.009,B,1,29.561778,-26.390089,28.230967,-26.590044,27.678027,-26.330191,1.166199,-0.604405,22.0398,0.173078,22.5258,0.164115,29.098563,-27.310961,22.4501,1.128026,1.726220,1.030812,-0.867596,0.720917,0.463215,0.920872
141,23.199,B,1,29.045773,-26.216517,28.592057,-26.524080,28.010208,-26.328851,1.624838,-0.593799,22.8225,0.166757,23.4492,0.159214,29.358588,-27.326355,23.3768,1.109602,1.677243,1.153080,-0.766532,0.802275,-0.312816,1.109838
142,23.376,B,1,29.844690,-26.528940,28.919104,-26.446163,28.218884,-26.301545,1.695304,-0.383946,23.1977,0.163433,24.3360,0.152801,29.620684,-27.336968,24.2664,1.133909,1.742740,0.838503,-0.701580,0.890805,0.224005,0.808028
143,23.542,B,1,29.674297,-26.923888,29.198191,-26.406029,28.514581,-26.323628,1.819968,-0.576976,23.9890,0.156679,25.1873,0.145147,29.882570,-27.343440,25.1205,1.160652,1.706286,0.468403,-0.684379,0.937411,-0.208273,0.419552
144,23.713,B,1,29.535451,-26.297543,29.487047,-26.501683,28.742750,-26.401909,1.544002,-0.900485,24.7857,0.150537,25.9124,0.062087,30.142566,-27.346762,25.8820,1.069516,1.688855,1.212208,-0.655519,0.845079,-0.607115,1.049219
145,23.874,B,1,30.324186,-26.882980,29.645527,-26.537336,28.915638,-26.377863,1.260727,-0.468407,26.0356,0.056231,26.0828,0.087949,30.390893,-27.349852,26.0448,1.102612,1.766676,0.471614,-0.745366,0.812516,-0.066707,0.466873
146,24.037,B,1,30.662992,-26.926445,29.840664,-26.556102,29.178641,-26.443976,1.264480,-0.788686,26.4054,0.123418,27.0094,0.187748,30.639026,-27.355538,26.9214,1.129815,1.721532,0.429761,-0.798363,0.799436,0.023966,0.429093
147,24.196,B,1,30.294599,-27.535329,30.140298,-26.681011,29.453922,-26.508229,1.399146,-1.094717,26.7478,0.149934,27.4449,-0.026470,30.880922,-27.360447,27.4549,1.005066,1.662108,0.611848,-0.740624,0.679436,-0.586323,-0.174882
148,24.354,B,1,30.639454,-26.206928,30.353572,-26.892727,29.634804,-26.655980,0.929517,-1.472792,27.3647,0.083077,27.6058,0.105795,31.119928,-27.361069,27.5586,0.898134,1.644002,1.250158,-0.766356,0.468341,-0.480473,1.154141
149,24.536,B,1,31.346862,-26.835525,30.745442,-26.806458,29.838159,-26.587548,1.394034,-0.798361,27.9818,0.026876,27.9677,-0.029039,31.363559,-27.357500,27.9797,0.828081,1.708705,0.522242,-0.618118,0.551042,-0.016697,0.521975
150,24.704,B,1,31.384350,-26.080882,30.745442,-26.806458,30.116036,-26.620749,1.261818,-0.718652,28.0080,0.031050,28.0471,0.055964,31.604341,-27.348288,28.0207,1.015523,1.656612,1.286358,-0.858899,0.541830,-0.219991,1.267407
151,24.867,B,1,31.089743,-26.667732,31.034257,-26.684286,30.359226,-26.537220,1.553500,-0.260059,28.0733,-0.000448,28.0241,0.008844,31.843010,-27.336632,28.0196,1.039056,1.685430,1.007392,-0.808753,0.652346,-0.753267,0.668899
152,25.030,B,1,31.159350,-26.753194,31.279355,-26.584921,30.522346,-26.551651,1.036476,-0.386702,27.9747,-0.016207,27.9305,-0.027007,32.075855,-27.324981,27.9421,1.087245,1.735347,1.080242,-0.796500,0.740060,-0.916505,0.571787
153,25.191,B,1,31.678938,-26.333021,31.403347,-26.554538,30.815468,-26.542332,1.157563,-0.235699,27.8518,-0.028402,27.7295,-0.042432,32.299893,-27.314966,27.7491,1.175604,1.673464,1.161809,-0.896546,0.760427,-0.620955,0.981945
154,25.353,B,1,32.009471,-26.800366,31.611399,-26.544386,31.034758,-26.576364,1.117633,-0.548617,27.5168,-0.050011,27.4327,-0.059190,32.514651,-27.306628,27.4598,1.181896,1.650263,0.715198,-0.903253,0.762243,-0.505180,0.506263
155,25.524,B,1,32.374929,-27.498665,31.611399,-26.544386,31.089385,-26.574224,1.007530,-0.501410,27.2172,-0.062030,27.0472,-0.072352,32.721657,-27.298452,27.0811,1.342122,1.785726,0.400382,-1.110259,0.754067,-0.346728,-0.200213
156,25.692,B,1,33.204782,-26.379781,31.866578,-26.750306,31.320221,-26.710236,0.849960,-1.175642,26.9998,-0.069385,26.5797,-0.086960,32.923940,-27.288355,26.6199,1.186386,1.704739,0.950989,-1.057361,0.538050,0.280842,0.908574
157,25.869,B,1,32.992121,-26.149908,32.237370,-26.839096,31.660984,-26.664110,1.562018,-0.992565,26.7796,-0.075573,26.0352,-0.100140,33.124930,-27.274716,26.0815,0.988699,1.586183,1.132621,-0.887559,0.435620,-0.132808,1.124808
158,26.048,B,1,32.417829,-25.455092,32.606348,-26.661809,31.915394,-26.588995,1.798071,-0.553472,26.1724,-0.092649,25.4163,-0.113556,33.326955,-27.257090,25.4685,0.934684,1.561683,2.018343,-0.720607,0.595281,-0.909126,1.801998
159,26.216,B,1,33.635334,-26.547908,32.758505,-26.350103,32.042208,-26.419346,1.750603,0.369710,25.6584,-0.104555,24.7240,-0.127165,33.530115,-27.236265,24.7821,1.175018,1.697417,0.696352,-0.771610,0.886163,0.105218,0.688357
160,26.388,B,1,33.356583,-27.007913,32.948927,-26.182712,32.319838,-26.435204,1.765163,-0.209973,25.1167,-0.115706,23.9599,-0.139499,33.732200,-27.213738,24.0236,1.294810,1.612726,0.428314,-0.783273,1.031026,-0.375618,0.205826
161,26.550,B,1,33.703168,-26.920385,33.217525,-26.346923,32.525917,-26.518043,1.234151,-0.767255,23.8125,-0.136943,23.1270,-0.152783,33.929631,-27.190957,23.1961,1.104305,1.556672,0.352838,-0.712107,0.844034,-0.226463,0.270571
162,26.701,B,1,33.371671,-26.722234,33.424462,-26.558843,32.751959,-26.579248,1.182751,-1.119225,23.4301,-0.142331,22.2296,-0.159459,34.119303,-27.168630,22.3036,0.924470,1.488959,0.870760,-0.694842,0.609787,-0.747632,0.446395
163,26.855,B,1,34.073993,-26.696371,33.564295,-26.678428,32.905471,-26.605395,0.893798,-0.971365,22.7427,-0.150991,21.2719,-0.169391,34.300201,-27.146593,21.3506,0.872202,1.496050,0.503855,-0.735906,0.468165,-0.226207,0.450223
164,27.012,B,1,35.019573,-26.882700,34.035182,-26.781751,33.129164,-26.624546,1.398717,-1.143262,20.6502,-0.172701,20.2576,-0.178776,34.473627,-27.124217,20.3408,0.556344,1.434312,0.596982,-0.438446,0.342467,0.545946,0.241517
165,27.173,B,1,33.592594,-26.316932,34.035182,-26.781751,33.449463,-26.668423,1.245750,-1.055740,19.9070,-0.180460,19.1893,-0.188012,34.642582,-27.100752,19.2767,0.686074,1.269032,1.310285,-0.607400,0.319002,-1.049988,0.783820
166,27.366,B,1,34.112963,-26.722143,34.199216,-26.691649,33.534147,-26.627079,0.798693,-0.435993,18.4198,-0.192440,18.0686,-0.198658,34.810666,-27.075444,18.1602,0.721920,1.352971,0.782055,-0.611449,0.383794,-0.697703,0.353300
167,27.524,B,1,35.324600,-26.469128,34.422011,-26.667925,33.909307,-26.622670,1.291766,-0.406923,17.4000,-0.201330,16.8979,-0.208749,34.980453,-27.047708,16.9934,0.675346,1.152394,0.673195,-0.558441,0.379782,0.344147,0.578579
168,27.691,B,1,34.877059,-25.060697,34.698640,-26.352295,34.095359,-26.402742,1.609150,0.765081,16.3671,-0.208611,15.6801,-0.217834,35.152303,-27.017409,15.7792,0.805101,1.222680,1.975976,-0.453664,0.665114,-0.275244,1.956712
169,27.854,B,1,34.995676,-25.407995,34.857533,-25.917960,34.271382,-26.259610,1.638679,1.063766,15.2523,-0.217442,14.4173,-0.224577,35.324318,-26.985018,14.5200,1.164689,1.278628,1.610902,-0.466784,1.067058,-0.328642,1.577023
170,27.997,B,1,34.450350,-25.604599,34.857533,-25.917960,34.323878,-26.257688,1.502266,0.928475,14.0710,-0.223934,13.1105,-0.231677,35.493257,-26.951482,13.2167,1.213389,1.359704,1.703451,-0.635723,1.033522,-1.042907,1.346882
171,28.172,B,1,35.699950,-26.413760,34.906799,-25.691126,34.390706,-26.159401,1.115594,0.938554,12.3736,-0.233025,11.7599,-0.239314,35.656233,-26.917758,11.8695,1.437455,1.475352,0.505890,-0.749434,1.226632,0.043718,0.503998
172,28.325,B,1,35.314570,-26.417258,35.036620,-25.722464,34.629990,-26.195989,1.297177,0.114003,12.3736,-0.233034,10.3662,-0.247873,35.812088,-26.884304,10.4792,1.396862,1.367894,0.682390,-0.775468,1.161840,-0.497518,0.467046
173,28.500,B,1,35.922889,-26.046831,35.446209,-26.029364,34.777061,-26.230355,1.213146,-0.453432,9.2373,-0.249114,8.9316,-0.252428,35.961621,-26.850906,9.0478,0.969835,1.337261,0.805007,-0.515412,0.821541,-0.038732,0.804075
174,28.662,B,1,35.462918,-25.731768,35.599686,-25.995419,35.059724,-26.138187,1.010029,-0.151119,8.1096,-0.254469,7.4594,-0.260587,36.107286,-26.816780,7.5784,0.965553,1.248149,1.261927,-0.507601,0.821361,-0.644368,1.085011
175,28.823,B,1,35.632887,-25.488435,35.599686,-25.995419,35.106273,-26.140253,0.909177,-0.160034,6.7097,-0.259441,5.9541,-0.265514,36.252456,-26.780956,6.0756,1.021360,1.313102,1.433344,-0.652770,0.785537,-0.619569,1.292521
176,28.990,B,1,36.260470,-26.850330,35.658871,-25.867356,35.227227,-26.046344,0.850259,0.174569,5.3753,-0.265334,4.4171,-0.269956,36.399522,-26.742596,4.5411,1.146563,1.363467,0.175904,-0.740651,0.875240,-0.139052,-0.107734
177,29.214,B,1,36.782485,-26.159108,35.811630,-25.968467,35.421186,-26.168406,0.980298,-0.723189,4.6636,-0.267261,2.8509,-0.274985,36.549733,-26.702309,2.9773,1.040827,1.248468,0.590966,-0.738103,0.733843,0.232752,0.543201
178,29.380,B,1,36.914765,-26.924202,36.092536,-26.173622,35.664289,-26.174451,1.276434,-0.684190,3.4542,-0.272096,1.2534,-0.280960,36.701824,-26.661120,1.3824,0.780312,1.146004,0.338461,-0.609288,0.487498,0.212941,-0.263082
179,29.552,B,1,37.303413,-26.256624,36.399668,-26.347510,35.891839,-26.295023,1.383732,-1.200066,2.1105,-0.276539,-0.3782,-0.288733,36.852833,-26.619956,-0.2464,0.528758,1.014441,0.578820,-0.453165,0.272446,0.450580,0.363332
180,29.688,B,1,36.139671,-25.613714,36.704144,-26.492916,36.144255,-26.302735,1.396814,-0.820227,-0.7631,-0.287316,-2.0439,-0.292811,36.999747,-26.579021,-1.9094,0.307888,0.898999,1.292883,-0.295602,0.086105,-0.860075,0.965307
181,29.885,B,1,36.684751,-26.283917,36.804010,-26.357978,36.187807,-26.213370,0.868757,-0.060257,-2.4075,-0.292049,-3.7402,-0.296868,37.140980,-26.537685,-3.6035,0.381896,1.006837,0.522057,-0.336971,0.179708,-0.456229,0.253768
182,30.070,B,1,37.297494,-26.000183,36.766695,-26.241353,36.301409,-26.234616,0.770692,-0.098770,-3.0651,-0.293663,-5.4622,-0.300792,37.276906,-26.495020,-5.3236,0.569792,1.009656,0.495266,-0.510212,0.253667,0.020588,0.494838
183,30.229,B,1,37.247102,-26.767826,36.890670,-26.214344,36.487403,-26.211683,0.920855,0.105044,-5.1105,-0.298579,-7.2055,-0.305225,37.409745,-26.450505,-7.0653,0.570272,0.952759,0.356575,-0.519075,0.236161,-0.162643,-0.317321
184,30.386,B,1,37.110644,-25.256979,37.063243,-26.281148,36.637883,-26.306145,0.954215,-0.391367,-6.6216,-0.303338,-8.9682,-0.308242,37.542761,-26.404511,-8.8265,0.495132,0.910209,1.226195,-0.479518,0.123363,-0.432117,1.147531
185,30.530,B,1,37.408755,-25.641166,37.158848,-26.198249,36.738157,-26.162507,0.695127,0.557701,-8.2980,-0.306367,-10.7515,-0.313014,37.678684,-26.358124,-10.6080,0.543866,0.960654,0.766088,-0.519836,0.159876,-0.269929,0.716958
186,30.686,B,1,37.121101,-25.610604,37.240156,-25.931887,36.880386,-26.096992,0.656263,0.674694,-11.3129,-0.311320,-12.5573,-0.316517,37.818424,-26.312436,-12.4120,0.692251,0.962461,0.989357,-0.578268,0.380549,-0.697323,0.701832
187,30.827,B,1,37.118609,-26.193061,37.299782,-25.791070,36.951728,-26.033230,0.483682,0.781257,-12.0375,-0.313380,-14.3862,-0.321120,37.960805,-26.267840,-14.2391,0.815021,1.035991,0.845509,-0.661022,0.476770,-0.842195,0.074779
188,30.987,B,1,38.566592,-25.544647,37.297002,-25.790816,37.009309,-26.063964,0.406289,0.274382,-13.7349,-0.317940,-16.2368,-0.325144,38.103219,-26.223751,-16.0880,0.915106,1.105519,0.822129,-0.806217,0.432935,0.463372,0.679105
189,31.143,B,1,37.932631,-26.418494,37.496947,-25.796440,37.271281,-25.996133,0.971026,0.587983,-15.8813,-0.323088,-18.1063,-0.327089,38.242982,-26.178968,-17.9561,0.838388,0.988752,0.392034,-0.746034,0.382528,-0.310351,-0.239527
190,31.324,B,1,38.057988,-25.494412,37.779515,-25.853909,37.402937,-26.067005,1.099333,-0.033133,-17.4800,-0.325998,-19.9926,-0.332775,38.378527,-26.132442,-19.8411,0.660602,0.977782,0.714022,-0.599011,0.278533,-0.320538,0.638030
191,31.492,B,1,37.784126,-25.435383,37.918213,-25.896448,37.533414,-25.992681,0.870506,0.291278,-20.0752,-0.329734,-21.8275,-0.268671,38.509928,-26.084326,-21.7029,0.620826,0.980806,0.973609,-0.591715,0.187877,-0.725802,0.648942
192,31.657,B,1,38.588250,-26.222520,37.981418,-25.755286,37.603649,-25.918395,0.613689,0.525382,-21.0192,-0.320480,-23.1201,-0.278333,38.633371,-26.040933,-22.9939,0.711785,1.036988,0.187109,-0.651954,0.285647,-0.045122,-0.181587
193,31.808,B,1,38.675672,-25.934812,38.101394,-25.775436,37.773616,-25.969009,0.986730,0.136854,-22.9193,-0.261138,-25.2080,-0.403842,38.760500,-25.988811,-25.0205,0.692784,0.987083,0.100557,-0.659106,0.213375,-0.084829,0.053999
194,31.973,B,1,38.802597,-25.745798,38.320267,-25.885792,37.944557,-25.975152,1.091936,0.132891,-24.3415,-0.346980,-26.9032,-0.197009,38.885976,-25.939794,-26.8109,0.568281,0.942083,0.211155,-0.565710,0.054002,-0.083379,0.193996
195,32.133,B,1,38.568318,-25.075194,38.512368,-25.890826,38.103983,-25.951330,0.973350,0.235446,-27.8395,-0.267884,-28.2431,-0.317230,39.010105,-25.898515,-28.1001,0.497797,0.907660,0.934363,-0.497737,0.007689,-0.441787,0.823321
196,32.293,B,1,38.715661,-25.510858,38.632142,-25.738458,38.205963,-25.830830,0.598657,0.716943,-29.1707,-0.306611,-30.0027,-0.224589,39.140881,-25.853565,-29.8988,0.521599,0.935195,0.546132,-0.508739,0.115107,-0.425220,0.342706
197,32.458,B,1,39.560859,-25.778945,38.700161,-25.574980,38.307070,-25.788687,0.553937,0.730469,-29.1707,-0.306610,-31.2449,-0.288144,39.266993,-25.815366,-31.1146,0.615697,0.960294,0.296115,-0.566832,0.240386,0.293866,0.036421
198,32.636,B,1,39.248497,-25.049977,38.881743,-25.578206,38.633284,-25.687168,0.962940,0.666680,-30.8897,-0.253672,-32.6301,-0.189376,39.392300,-25.774011,-32.5447,0.546817,0.763969,0.738177,-0.510558,0.195805,-0.143803,0.724034
199,32.832,B,1,38.725633,-25.162206,39.102740,-25.505559,38.670142,-25.690830,0.691969,0.976997,-32.1466,-0.228592,-33.9288,-0.220107,39.511360,-25.732149,-33.8301,0.467240,0.842232,0.970671,-0.408620,0.226590,-0.785727,0.569943
200,33.016,B,1,39.572037,-25.234917,39.149063,-25.344318,38.712106,-25.616366,0.286029,0.762161,-34.4173,-0.220139,-35.1589,-0.209106,39.624220,-25.688505,-35.0631,0.586719,0.914963,0.456580,-0.475157,0.344187,-0.052183,0.453588
201,33.201,B,1,39.558132,-25.509721,39.209967,-25.261961,38.870865,-25.562512,0.441518,0.796952,-35.5181,-0.209970,-36.3255,-0.197996,39.731875,-25.643776,-36.2343,0.646662,0.864836,0.219448,-0.521909,0.381815,-0.173743,0.134054
202,33.393,B,1,38.480918,-25.534982,39.372855,-25.272896,39.004635,-25.556840,0.650168,0.623153,-35.9978,-0.205797,-37.4346,-0.188750,39.836911,-25.599215,-37.3480,0.567303,0.833354,1.357513,-0.464056,0.326320,-1.355993,0.064234
203,33.578,B,1,39.407270,-25.666863,39.250586,-25.435324,38.958127,-25.555543,0.420148,-0.050279,-38.3214,-0.183580,-38.4856,-0.177512,39.942045,-25.556283,-38.4037,0.701959,0.983918,0.546088,-0.691459,0.120959,-0.534775,-0.110580
204,33.776,B,1,39.468955,-25.903303,39.326514,-25.572803,39.111263,-25.621978,0.628424,-0.244275,-39.1425,-0.176115,-39.4804,-0.168371,40.048870,-25.516023,-39.4028,0.724584,0.943575,0.697343,-0.722356,-0.056780,-0.579915,-0.387280
205,33.969,B,1,39.830452,-25.879918,39.326514,-25.572803,39.138345,-25.626929,0.564188,-0.230475,-39.9103,-0.167164,-40.4235,-0.159481,40.157160,-25.478669,-40.3498,0.835962,1.029546,0.517434,-0.830645,-0.094134,-0.326707,-0.401249
206,34.170,B,1,39.468295,-25.142799,39.445841,-25.715173,39.265604,-25.669935,0.764769,-0.185697,-40.6970,-0.160999,-41.3218,-0.152297,40.265034,-25.443491,-41.2515,0.863069,1.024761,0.851591,-0.819193,-0.271682,-0.796738,0.300692
207,34.362,B,1,39.773589,-25.448564,39.533770,-25.682131,39.320851,-25.597823,0.355950,0.203658,-41.0667,-0.157774,-42.1852,-0.146365,40.375088,-25.413395,-42.1172,0.883197,1.070247,0.602526,-0.841319,-0.268735,-0.601499,-0.035168
208,34.557,B,1,40.255326,-25.655409,39.588624,-25.567876,39.411836,-25.579788,0.329202,0.335911,-41.8870,-0.150975,-43.0227,-0.143811,40.492791,-25.393258,-42.9566,0.920874,1.096931,0.353713,-0.904167,-0.174618,-0.237465,-0.262151
209,34.753,B,1,40.118065,-25.369810,39.746230,-25.564803,39.560616,-25.595071,0.595561,0.433212,-42.5587,-0.147327,-43.8361,-0.139658,40.614661,-25.379939,-43.7719,0.887889,1.075775,0.496699,-0.868431,-0.184864,-0.496595,0.010129
210,34.929,B,1,39.708306,-25.405735,39.919210,-25.549065,39.668205,-25.566101,0.462782,0.520498,-44.0667,-0.138986,-44.6255,-0.134357,40.738648,-25.371122,-44.5633,0.838536,1.088056,1.030924,-0.819439,-0.177943,-1.030342,-0.034613
211,35.121,B,1,39.579283,-25.415359,39.967096,-25.492329,39.698719,-25.545767,0.252970,0.414898,-45.0578,-0.134251,-45.3901,-0.133932,40.864792,-25.366422,-45.3298,0.906482,1.179785,1.286441,-0.897696,-0.125906,-1.285510,-0.048936
212,35.323,B,1,40.817350,-26.394467,39.912225,-25.456646,39.703288,-25.529108,0.059238,0.275769,-45.0578,-0.134251,-46.1278,-0.127680,40.993052,-25.365740,-46.0699,1.084644,1.300070,1.043624,-1.080827,-0.090906,-0.175703,-1.028727
213,35.510,B,1,41.223314,-25.689970,40.357863,-25.780884,39.888713,-25.661013,1.150168,0.488957,-46.4923,-0.127598,-46.8369,-0.121976,41.123137,-25.369138,-46.7812,0.869011,1.268461,0.336107,-0.765274,-0.411746,0.100177,-0.320831
214,35.693,B,1,39.820026,-25.260736,40.467468,-25.707775,40.067959,-25.612944,0.405920,0.424671,-47.3849,-0.120855,-47.5186,-0.118104,41.258205,-25.380233,-47.4651,0.855891,1.212782,1.443135,-0.790738,-0.327543,-1.438179,0.119497
215,35.865,B,1,41.075320,-25.548755,40.467468,-25.707775,40.092260,-25.617755,0.371469,0.379460,-47.9391,-0.116099,-48.1744,-0.110223,41.400501,-25.401712,-48.1229,0.981951,1.325960,0.356881,-0.933034,-0.306063,-0.325181,-0.147043
216,36.054,B,1,41.321739,-26.689701,40.518430,-25.615633,40.260940,-25.612501,0.519368,0.609463,-48.4385,-0.110763,-48.8060,-0.105380,41.550091,-25.433902,-48.7563,1.047545,1.301464,1.276391,-1.031661,-0.181731,-0.228352,-1.255799
217,36.223,B,1,41.452650,-24.580666,40.773847,-25.796574,40.442777,-25.778336,1.361970,0.252043,-48.6860,-0.108562,-49.4155,-0.101921,41.704778,-25.474637,-49.3675,0.985026,1.298029,0.928845,-0.930931,-0.321937,-0.252128,0.893971
218,36.430,B,1,41.302907,-25.722666,41.206672,-25.561813,40.619695,-25.609285,0.625178,0.961817,-49.7730,-0.101215,-50.0053,-0.100067,41.861073,-25.520250,-49.9588,0.655720,1.244567,0.593735,-0.654401,-0.041562,-0.558166,-0.202415
219,36.582,B,1,40.786059,-25.156087,41.237156,-25.502696,40.754811,-25.561914,0.114797,0.833932,-50.3590,-0.098845,-50.5768,-0.097928,42.015999,-25.567418,-50.5317,0.781527,1.261200,1.296898,-0.778843,0.064722,-1.229940,0.411331
220,36.745,B,1,41.391994,-25.471228,41.237156,-25.502696,40.783164,-25.564385,0.111105,0.752767,-50.8597,-0.096846,-51.1301,-0.095943,42.168372,-25.614567,-51.0865,0.937912,1.386118,0.789500,-0.931216,0.111871,-0.776379,0.143339
221,36.931,B,1,41.287129,-24.882673,41.254514,-25.417377,40.899735,-25.553181,0.197608,0.696143,-51.3763,-0.095866,-51.6647,-0.092572,42.318845,-25.662086,-51.6226,1.092100,1.423282,1.293028,-1.064331,0.244709,-1.031715,0.779412
222,37.090,B,1,41.847308,-26.294143,41.328162,-25.308446,40.983617,-25.455461,-0.139763,0.894719,-51.5794,-0.094494,-52.1796,-0.091783,42.469571,-25.712188,-52.1392,1.210711,1.507968,0.851987,-1.141408,0.403742,-0.622263,-0.581955
223,37.245,B,1,41.632725,-25.889326,41.446045,-25.378970,41.139697,-25.580965,0.736540,0.423276,-52.0026,-0.092890,-52.6740,-0.086839,42.623503,-25.768355,-52.6352,1.240173,1.495593,0.998136,-1.177459,0.389386,-0.990778,-0.120970
224,37.402,B,1,41.950241,-25.200800,41.585462,-25.626078,41.237311,-25.630693,0.861616,0.229899,-52.5180,-0.089042,-53.1478,-0.080613,42.782922,-25.833713,-53.1106,1.215328,1.558887,1.045914,-1.197460,0.207635,-0.832681,0.632913
225,37.555,B,1,42.047134,-26.151179,41.697028,-25.625845,41.369432,-25.571784,0.485374,0.512286,-53.3561,-0.081066,-53.6024,-0.075107,42.948216,-25.909379,-53.5667,1.282911,1.614475,0.932961,-1.251187,0.283534,-0.901082,-0.241800
226,37.735,B,1,42.016096,-27.003115,41.835253,-25.662575,41.496634,-25.661664,0.849646,0.290003,-53.7013,-0.076738,-54.0397,-0.074114,43.117754,-25.993903,-54.0054,1.324608,1.654815,1.494041,-1.282501,0.331328,-1.101658,-1.009212
227,37.914,B,1,42.554679,-26.987253,41.943245,-25.993300,41.594701,-25.865506,1.573166,-0.222949,-53.8739,-0.075553,-54.4614,-0.071136,43.288749,-26.083855,-54.4282,1.348547,1.708062,1.164039,-1.345503,0.090554,-0.734070,-0.903398
228,38.093,B,1,42.983212,-26.194507,42.352489,-26.575542,41.762216,-26.043271,1.681177,0.258160,-54.7526,-0.070619,-54.8676,-0.070482,43.458761,-26.175516,-54.8356,1.176375,1.701692,0.475928,-1.106272,-0.400027,-0.475549,-0.018991
229,38.268,B,1,43.306985,-26.790123,42.660897,-26.640032,41.974638,-26.085002,1.778890,0.477413,-55.0941,-0.068469,-55.2579,-0.065907,43.626765,-26.266594,-55.2272,1.035547,1.662077,0.613467,-0.965868,-0.373438,-0.319780,-0.523529
230,38.440,B,1,43.279948,-25.950000,42.660897,-26.640032,42.202509,-26.205695,1.610829,0.420772,-55.3924,-0.066491,-55.6314,-0.064970,43.793184,-26.356856,-55.6022,1.167161,1.597841,0.654938,-1.132288,-0.283176,-0.513237,0.406856
231,38.600,B,1,43.811467,-26.053201,42.948408,-26.623391,42.395764,-26.184691,1.044769,0.888983,-55.7541,-0.064174,-55.9876,-0.062202,43.959564,-26.448218,-55.9598,1.026217,1.585849,0.421867,-1.011156,-0.175173,-0.148097,0.395017
232,38.758,B,1,43.270631,-26.760690,43.224640,-26.446006,42.641050,-26.180133,0.890363,1.367394,-55.7541,-0.064161,-56.3264,-0.057548,44.128053,-26.544275,-56.2999,0.908742,1.530940,0.884312,-0.903413,0.098270,-0.857421,-0.216415
233,38.926,B,1,42.982349,-27.127386,43.433257,-26.631513,42.771087,-26.280589,1.087249,0.315224,-56.5673,-0.057184,-56.6484,-0.055251,44.300461,-26.648585,-56.6233,0.867372,1.573024,1.402380,-0.867204,0.017072,-1.318111,-0.478801
234,39.086,B,1,43.685553,-27.764685,43.477204,-26.955457,42.837418,-26.422274,1.658747,-0.042450,-56.8473,-0.054714,-56.9540,-0.052118,44.477420,-26.762740,-56.9301,1.018613,1.674970,1.277086,-1.000216,-0.192717,-0.791868,-1.001945
235,39.247,B,1,44.705273,-26.967226,43.477204,-26.955457,42.996155,-26.640582,1.499164,-0.046423,-57.0961,-0.052778,-57.2427,-0.049237,44.658169,-26.885600,-57.2202,1.183029,1.679977,0.094243,-1.180965,-0.069857,0.047104,-0.081626
236,39.415,B,1,44.492450,-27.955556,43.752373,-27.169382,43.283998,-26.711416,1.481779,0.526301,-57.3055,-0.049305,-57.5143,-0.047117,44.840924,-27.013835,-57.4932,1.099608,1.586025,1.004127,-1.088551,-0.155546,-0.348474,-0.941721
237,39.592,B,1,44.722867,-27.124874,44.334133,-27.496523,43.500727,-26.919175,1.580851,0.759896,-57.6443,-0.046014,-57.7692,-0.042521,45.023718,-27.143629,-57.7494,0.774636,1.539442,0.301435,-0.689584,-0.352894,-0.300851,0.018756
238,39.745,B,1,45.217019,-27.658895,44.623365,-27.534189,43.721020,-26.975220,1.676007,0.918552,-57.8589,-0.043264,-58.0089,-0.041627,45.205222,-27.272481,-57.9902,0.638004,1.513678,0.386594,-0.581857,-0.261709,0.011797,-0.386414
239,39.902,B,1,44.731738,-27.633894,44.834927,-27.632384,43.983524,-27.101562,1.419983,0.749098,-58.1396,-0.014702,-58.1467,0.041135,45.384300,-27.399838,-58.1623,0.596564,1.432181,0.693268,-0.549373,-0.232546,-0.652563,-0.234056
240,40.059,B,1,45.242884,-27.860468,44.834927,-27.632384,44.136832,-27.205887,1.281787,0.680492,-57.9465,0.040430,-57.7546,0.013435,45.552185,-27.519062,-57.7609,0.726156,1.449587,0.460680,-0.717259,-0.113323,-0.309301,-0.341407
241,40.223,B,1,45.432409,-28.259204,44.983342,-27.727302,44.342765,-27.328394,1.313263,0.679158,-57.8747,-0.035711,-58.1413,-0.091159,45.724483,-27.640709,-58.0956,0.746183,1.416575,0.683991,-0.741141,-0.086594,-0.292074,-0.618495
242,40.394,B,1,44.401893,-27.818723,45.194843,-28.005097,44.546800,-27.492970,0.975401,0.195798,-58.1563,0.001248,-58.0565,0.117017,45.892550,-27.761911,-58.1077,0.738874,1.372360,1.491739,-0.697707,-0.243186,-1.490657,-0.056813
243,40.546,B,1,44.908276,-28.060315,45.100322,-28.036278,44.616532,-27.639623,0.796144,0.066071,-57.7454,0.023975,-57.6958,-0.016253,46.057505,-27.886888,-57.6906,0.968770,1.462034,1.162241,-0.957183,-0.149390,-1.149229,-0.173427
244,40.723,B,1,45.678565,-28.744176,45.197857,-28.209167,44.803537,-27.823225,1.282765,0.050211,-57.7104,0.024813,-57.5705,0.111965,46.229391,-28.020201,-57.6206,1.048699,1.439396,0.909697,-1.031534,-0.188966,-0.550826,-0.723974
245,40.894,B,1,46.198439,-28.782465,45.197857,-28.209167,44.843740,-27.853183,1.159244,0.051925,-57.3610,0.062949,-57.0619,0.047772,46.395615,-28.154421,-57.0851,1.199008,1.580842,0.658268,-1.197758,-0.054746,-0.197176,-0.628044
246,41.058,B,1,46.246062,-28.343937,45.462351,-28.459605,45.082696,-28.018799,1.490251,0.274383,-56.9842,0.072291,-56.5646,0.109188,46.560209,-28.287812,-56.6156,1.111218,1.501803,0.319121,-1.097858,-0.171793,-0.314147,-0.056125
247,41.214,B,1,46.408557,-28.675851,45.754479,-28.565853,45.295612,-28.095047,1.384439,0.649226,-56.7336,0.089054,-55.9713,0.135429,46.718068,-28.415143,-56.0317,0.975304,1.458027,0.404679,-0.963589,-0.150710,-0.309510,-0.260708
248,41.368,B,1,46.223600,-29.660377,46.009421,-28.606809,45.502543,-28.207688,1.386646,0.761450,-56.2638,0.097493,-55.2811,0.129542,46.867988,-28.534699,-55.3394,0.861590,1.404057,1.297068,-0.858567,-0.072110,-0.644389,-1.125677
249,41.538,B,1,47.275667,-28.968963,46.192917,-28.853901,45.652202,-28.449963,1.847858,0.272597,-55.6452,0.112105,-54.5082,0.143853,47.011152,-28.647770,-54.5731,0.843800,1.373271,0.416092,-0.818235,-0.206131,0.264514,-0.321193
250,41.706,B,1,46.285652,-28.896886,46.451373,-29.082104,45.936220,-28.555463,1.613135,0.713988,-54.1617,0.143694,-53.6533,0.159257,47.149771,-28.757883,-53.7246,0.769987,1.230317,0.875228,-0.698399,-0.324221,-0.864119,-0.139002
251,41.881,B,1,46.699426,-28.194802,46.650773,-29.101032,46.033298,-28.633198,1.150919,0.584534,-53.4000,0.156770,-52.7185,0.172045,47.286764,-28.869639,-52.7961,0.676777,1.275571,0.894635,-0.635991,-0.231393,-0.587338,0.674837
252,42.039,B,1,46.848300,-29.158860,46.802839,-28.866442,46.175220,-28.592383,0.658860,0.720430,-52.2136,0.172626,-51.7073,0.183347,47.424404,-28.986529,-51.7909,0.633059,1.309889,0.601326,-0.621564,0.120088,-0.576104,-0.172330
253,42.209,B,1,46.901975,-28.976200,46.892946,-28.933300,46.317388,-28.696486,0.600001,0.619073,-51.1714,0.184220,-50.6235,0.193804,47.563437,-29.109266,-50.7128,0.693197,1.312641,0.674713,-0.670491,0.175965,-0.661462,0.133066
254,42.387,B,1,47.376972,-29.506082,47.027954,-29.046766,46.445664,-28.757260,0.992958,0.452379,-49.6907,0.198637,-49.4696,0.205145,47.702879,-29.235575,-49.5644,0.700836,1.345129,0.423544,-0.674924,0.188809,-0.325907,-0.270508
255,42.539,B,1,47.288559,-29.670708,47.027954,-29.046766,46.616301,-28.882343,0.888386,0.428517,-48.6745,0.209315,-48.2482,0.217135,47.840282,-29.361270,-48.3483,0.871085,1.314345,0.632574,-0.812328,0.314505,-0.551723,-0.309438
256,42.725,B,1,46.653230,-30.427266,47.183310,-29.258781,46.768070,-29.022593,1.107108,0.212815,-48.1536,0.214195,-47.2712,0.077887,47.975652,-29.482453,-47.3088,0.823307,1.292179,1.625261,-0.792342,0.223672,-1.322422,-0.944813
257,42.900,B,1,47.258095,-29.958212,47.183448,-29.577979,46.788156,-29.249871,1.438565,-0.567445,-47.6110,0.172420,-46.8595,0.192530,48.104341,-29.590405,-46.9478,0.920977,1.359524,0.922721,-0.920893,0.012426,-0.846246,-0.367807
258,43.094,B,1,47.752452,-30.411522,47.304041,-30.061609,46.895056,-29.377761,1.608247,-0.403689,-46.2326,0.162489,-45.8004,0.178609,48.225396,-29.697715,-45.8821,0.990612,1.368275,0.856268,-0.921354,-0.363893,-0.472943,-0.713807
259,43.274,B,1,47.642882,-30.356629,47.470310,-30.260564,47.059001,-29.553972,1.535284,-0.297120,-45.3959,0.168256,-44.8245,0.163983,48.343087,-29.798903,-44.8994,0.987355,1.307237,0.895179,-0.872777,-0.461661,-0.700205,-0.557726
260,43.473,B,1,47.682711,-30.197707,47.470310,-30.260564,47.183082,-29.697084,1.392120,-0.245086,-44.2197,0.157376,-43.9329,0.148049,48.459928,-29.898356,-44.0012,1.053821,1.292612,0.832873,-0.989618,-0.362208,-0.777217,-0.299351
261,43.683,B,1,47.917133,-30.816719,47.588640,-30.350728,47.294147,-29.795517,1.166085,-0.055872,-43.8508,0.152003,-43.0157,0.210305,48.579577,-29.999998,-43.1110,1.051174,1.301593,1.051602,-0.990937,-0.350730,-0.662445,-0.816721
262,43.879,B,1,48.288922,-31.000709,47.714305,-30.477564,47.423107,-29.970412,1.415602,-0.178529,-43.4221,0.164531,-41.8593,0.113638,48.702157,-30.109637,-41.9130,1.054145,1.286604,0.982228,-0.987852,-0.367927,-0.413235,-0.891072
263,44.062,B,1,48.536610,-30.843766,47.889214,-30.691851,47.588200,-30.147874,1.611389,-0.157131,-42.4613,0.199632,-41.7557,0.008642,48.829811,-30.212706,-41.7566,1.055605,1.243302,0.695847,-0.940597,-0.479145,-0.293201,-0.631060
264,44.255,B,1,48.536874,-30.760946,48.113487,-30.841456,47.766177,-30.276995,1.590087,0.078218,-41.7567,0.077156,-41.2310,0.171412,48.958330,-30.317679,-41.3079,0.994033,1.192847,0.611646,-0.844843,-0.523776,-0.421455,-0.443267
265,44.458,B,1,48.354336,-29.771306,48.320114,-30.894622,47.918632,-30.374286,1.258721,0.261609,-40.9466,0.092459,-40.7749,-0.020676,49.085343,-30.418867,-40.7670,0.901065,1.167563,0.976579,-0.765229,-0.475755,-0.731007,0.647562
266,44.662,B,1,48.509729,-30.614130,48.441432,-30.722095,48.091317,-30.352930,0.518951,0.831522,-40.7298,0.025258,-40.7569,0.076422,49.207770,-30.508436,-40.7902,0.795565,1.127231,0.705998,-0.766338,-0.213659,-0.698041,-0.105694
267,44.861,B,1,48.810448,-30.866810,48.622553,-30.599224,48.129116,-30.373685,0.724141,0.524495,-40.5497,0.019808,-40.5841,-0.060462,49.324179,-30.596695,-40.5582,0.701630,1.215693,0.580415,-0.701626,-0.002529,-0.513731,-0.270116
268,45.054,B,1,49.322061,-31.023140,48.815298,-30.718488,48.265036,-30.465816,1.065109,0.450341,-40.5989,0.009545,-40.6056,0.013274,49.435374,-30.680444,-40.6136,0.621242,1.189856,0.360944,-0.620076,-0.038044,-0.113313,-0.342697
269,45.246,B,1,48.902650,-30.958664,48.971395,-30.829032,48.521135,-30.624123,0.975286,0.273682,-40.6733,-0.019600,-40.7961,-0.003590,49.545193,-30.763600,-40.7957,0.577517,1.033513,0.671500,-0.573798,-0.065432,-0.642543,-0.195063
270,45.448,B,1,49.365239,-30.650436,48.971395,-30.829032,48.558396,-30.645203,0.882347,0.244647,-40.8777,-0.036507,-41.0504,-0.049852,49.658320,-30.848129,-41.0272,0.687191,1.118487,0.353524,-0.686925,0.019097,-0.293081,0.197693
271,45.656,B,1,49.891755,-30.925400,49.088140,-30.844489,48.712428,-30.665087,0.794661,0.455996,-41.1030,-0.048223,-41.3827,-0.064202,49.777563,-30.933520,-41.3532,0.695148,1.098439,0.114480,-0.689423,0.089031,0.114192,0.008121
272,45.843,B,1,49.000861,-30.533199,49.314861,-30.843457,48.922175,-30.721344,1.078794,0.614405,-41.1030,-0.048224,-41.7942,-0.077912,49.902336,-31.019366,-41.7583,0.613245,1.024467,1.024214,-0.587474,0.175908,-0.901475,0.486166
273,46.034,B,1,49.563179,-31.486758,49.451335,-30.892497,48.969289,-30.710383,0.922859,0.106416,-42.0699,-0.081155,-42.2907,-0.092588,50.028894,-31.104653,-42.2477,0.615293,1.130581,0.602408,-0.577560,0.212156,-0.465715,-0.382105
274,46.228,B,1,49.343335,-31.495846,49.504041,-31.122499,49.126680,-30.936001,0.963397,-0.240641,-42.4984,-0.094449,-42.8781,-0.109343,50.152378,-31.187939,-42.8278,0.651631,1.056187,0.865654,-0.648337,0.065440,-0.809043,-0.307906
275,46.424,B,1,49.959456,-32.029296,49.504041,-31.122499,49.159169,-30.956258,0.868493,-0.226661,-43.0635,-0.107982,-43.5547,-0.125167,50.269829,-31.267580,-43.4974,0.779410,1.153468,0.822522,-0.765788,0.145081,-0.310374,-0.761716
276,46.609,B,1,50.399793,-30.901408,49.592283,-31.394421,49.307667,-31.135286,1.298365,-0.475473,-43.9578,-0.127280,-44.3114,-0.137773,50.381462,-31.342219,-44.2482,0.790904,1.093553,0.441193,-0.789179,-0.052202,0.018331,0.440812
277,46.795,B,1,49.861971,-31.536989,49.809684,-31.487475,49.500157,-31.122427,1.107368,0.226218,-43.9578,-0.127272,-45.1362,-0.149325,50.489964,-31.411495,-45.0679,0.684510,1.031154,0.640410,-0.680280,-0.075980,-0.627993,-0.125495
278,46.984,B,1,50.524835,-32.002049,49.960083,-31.452359,49.584972,-31.203857,0.973447,0.090922,-44.6974,-0.138771,-46.0186,-0.158667,50.599142,-31.476887,-45.9460,0.639529,1.050279,0.530392,-0.639059,0.024528,-0.074307,-0.525161
279,47.165,B,1,50.076620,-31.409681,50.087613,-31.604877,49.754166,-31.343156,1.311267,-0.004428,-45.4572,-0.149273,-46.9553,-0.166826,50.711946,-31.541612,-46.8783,0.627530,0.978125,0.648880,-0.624333,-0.063265,-0.635326,0.131931
280,47.363,B,1,50.034552,-31.856950,50.206852,-31.690288,49.832015,-31.375240,0.800728,0.095611,-47.5914,-0.170689,-47.9507,-0.178380,50.828981,-31.608866,-47.8687,0.627435,1.023975,0.832264,-0.622129,-0.081421,-0.794429,-0.248084
281,47.561,B,1,49.667551,-31.677418,50.213821,-31.716899,49.889903,-31.468042,0.721900,-0.079782,-48.4478,-0.179703,-49.0102,-0.189974,50.948666,-31.679956,-48.9230,0.735774,1.079763,1.281118,-0.734846,-0.036944,-1.281116,0.002538
282,47.735,B,1,50.940290,-31.146188,50.142618,-31.771830,49.882094,-31.520629,0.401140,-0.226948,-48.4478,-0.179704,-50.1342,-0.202051,51.068397,-31.753390,-50.0420,0.925963,1.208922,0.620569,-0.925779,-0.018440,-0.128107,0.607202
283,47.900,B,1,51.465787,-30.919852,50.208245,-31.676901,50.061876,-31.485729,0.278878,0.480035,-49.8065,-0.192870,-51.3159,-0.211723,51.186060,-31.825422,-51.2195,0.989030,1.174386,0.947789,-0.977815,0.148521,0.279727,0.905570
284,48.063,B,1,50.478231,-32.243381,50.717767,-31.484717,50.295488,-31.419763,0.712322,0.455535,-51.7694,-0.210262,-52.5463,-0.219515,51.300957,-31.892232,-52.4462,0.711462,1.110943,0.894530,-0.583190,0.407515,-0.822725,-0.351150
285,48.221,B,1,51.051846,-32.617310,50.717767,-31.484717,50.349636,-31.557764,0.652630,0.397747,-53.0077,-0.218837,-53.8189,-0.223278,51.413441,-31.951976,-53.7156,0.838030,1.134497,0.757246,-0.695674,0.467259,-0.361595,-0.665335
286,48.393,B,1,50.789891,-30.890019,50.799148,-31.816246,50.478525,-31.733891,1.226423,0.009468,-54.1028,-0.224141,-55.1319,-0.231766,51.524221,-32.005538,-55.0254,0.749374,1.080403,1.335523,-0.725073,0.189292,-0.734329,1.115519
287,48.569,B,1,51.500698,-31.323733,51.010899,-31.609435,50.549744,-31.629454,0.314653,0.851509,-55.7489,-0.234177,-56.4874,-0.239999,51.634178,-32.056277,-56.3773,0.766906,1.165409,0.744606,-0.623279,0.446843,-0.133481,0.732545
288,48.724,B,1,51.274783,-32.085310,51.177706,-31.640284,50.716189,-31.601468,0.685799,0.539498,-57.4903,-0.244008,-57.8882,-0.249393,51.744458,-32.108394,-57.7744,0.735074,1.146434,0.470242,-0.566752,0.468110,-0.469675,0.023083
289,48.894,B,1,50.859277,-31.562615,51.202579,-31.710204,50.829211,-31.670538,0.365988,0.359393,-58.9358,-0.251256,-59.5090,-0.255471,51.878890,-32.176387,-59.5090,0.821415,1.165208,1.190095,-0.676311,0.466182,-1.019613,0.613772
290,49.052,B,1,51.098230,-32.372511,51.202579,-31.710204,50.853497,-31.686209,0.339319,0.315983,-60.2059,-0.257321,-60.8161,-0.261080,51.970362,-32.224974,-60.6962,0.924380,1.240022,0.884523,-0.767783,0.514769,-0.872132,-0.147538
291,49.213,B,1,51.355598,-32.431232,51.179693,-31.816707,50.906028,-31.799347,0.693435,-0.032312,-61.4619,-0.261341,-62.3317,-0.266881,52.086553,-32.287214,-62.2093,1.021652,1.277362,0.745008,-0.906860,0.470508,-0.730955,-0.144018
292,49.378,B,1,52.016884,-32.902680,51.224876,-32.052806,50.995838,-31.913636,1.004565,-0.142216,-61.9524,-0.263391,-63.8780,-0.271390,52.203441,-32.347945,-63.7531,1.022104,1.283327,0.585265,-0.978565,0.295139,-0.186557,-0.554735
293,49.565,B,1,51.524782,-31.853695,51.387358,-32.322059,51.165836,-32.080248,1.544380,-0.064332,-63.5250,-0.268551,-65.4575,-0.277938,52.318960,-32.404431,-65.3298,0.935237,1.197827,0.966452,-0.931602,0.082372,-0.794178,0.550737
294,49.722,B,1,51.420451,-32.288045,51.531878,-32.415189,51.239433,-32.069088,0.850517,0.161526,-64.9566,-0.274382,-67.0729,-0.285138,52.431455,-32.455553,-66.9423,0.900482,1.253104,1.024786,-0.899577,0.040363,-1.011003,0.167508
295,49.876,B,1,52.062551,-33.360787,51.547763,-32.358823,51.281617,-32.117701,0.578782,0.059005,-67.6106,-0.284744,-68.7241,-0.291398,52.540658,-32.501944,-68.5908,1.003157,1.316369,0.982954,-0.992895,0.143120,-0.478107,-0.858843
296,50.050,B,1,51.997071,-32.775481,51.636124,-32.567802,51.417399,-32.326374,1.261819,-0.034454,-69.2629,-0.271432,-70.1085,-0.156531,52.648112,-32.548686,-70.0352,1.012168,1.250630,0.689413,-1.011988,-0.019116,-0.651041,-0.226795
297,50.223,B,1,52.030201,-33.815350,51.783083,-32.805679,51.520759,-32.417402,1.207864,0.104428,-69.7986,-0.230314,-71.4389,-0.310226,52.755827,-32.601087,-71.2977,0.994026,1.248652,1.414555,-0.972743,-0.204592,-0.725625,-1.214263
298,50.389,B,1,51.466587,-32.781723,51.885570,-33.053363,51.612597,-32.649962,1.753415,-0.105722,-70.9362,-0.246429,-73.4043,-0.285125,52.871850,-32.665443,-73.2721,1.059825,1.259348,1.410065,-0.986279,-0.387920,-1.405263,-0.116280
299,50.549,B,1,51.582186,-32.472807,51.781285,-33.096458,51.606631,-32.698032,0.249390,-0.143552,-74.2722,-0.214151,-74.5296,-0.180710,52.984717,-32.739858,-74.4485,1.255154,1.378720,1.427729,-1.203432,-0.356600,-1.402531,0.267051
300,50.694,B,1,52.432933,-32.263221,51.781285,-33.096458,51.616281,-32.691132,0.222385,-0.134996,-75.3879,-0.265984,-76.0620,-0.315583,53.102747,-32.820936,-75.9157,1.349880,1.492123,0.871606,-1.321462,-0.275522,-0.669815,0.557715
301,50.846,B,1,52.033469,-33.017480,51.844300,-32.876790,51.749331,-32.651516,-0.208822,0.369054,-76.6802,-0.229335,-77.2973,-0.156390,53.218005,-32.906308,-77.2275,1.374022,1.490611,1.189741,-1.373705,0.029518,-1.184535,-0.111172
302,51.011,B,1,52.568832,-33.140450,51.968793,-32.791899,51.804754,-32.726372,0.028481,0.331096,-76.6802,-0.229336,-78.6493,-0.242529,53.331271,-32.993255,-78.5360,1.377276,1.549672,0.776518,-1.362478,0.201356,-0.762439,-0.147195
303,51.174,B,1,52.661937,-32.641409,52.280793,-32.894337,52.036107,-32.784690,0.133585,0.736852,-79.5301,-0.220588,-79.8113,-0.233437,53.440377,-33.081283,-79.7043,1.174557,1.435249,0.894124,-1.159584,0.186946,-0.778440,0.439874
304,51.321,B,1,52.714368,-32.963716,52.447531,-32.870394,52.148742,-32.828172,0.254306,0.788710,-80.5482,-0.205767,-80.9723,-0.197603,53.549208,-33.171429,-80.8815,1.142066,1.441919,0.860293,-1.101677,0.301035,-0.834840,0.207714
305,51.478,B,1,53.586827,-32.931193,52.447531,-32.870394,52.167024,-32.848411,0.244078,0.708193,-81.5350,-0.196531,-82.0741,-0.187701,53.658852,-33.266629,-81.9882,1.274481,1.549341,0.343081,-1.211321,0.396234,-0.072025,0.335436
306,51.665,B,1,53.276438,-33.893579,52.712444,-32.904073,52.394372,-32.880312,0.357334,1.123754,-82.5493,-0.186304,-83.1158,-0.178816,53.770251,-33.370342,-83.0346,1.156012,1.460538,0.719463,-1.057807,0.466269,-0.493813,-0.523236
307,51.819,B,1,52.728273,-33.809248,53.001301,-33.098392,52.545047,-33.050102,1.120338,1.116121,-82.5493,-0.186324,-84.1049,-0.169245,53.882344,-33.484871,-84.0275,0.962082,1.406195,1.198791,-0.881042,0.386479,-1.154070,-0.324377
308,51.976,B,1,53.535942,-34.036582,53.171026,-33.660129,52.592671,-33.184997,1.538815,0.764200,-84.7492,-0.167780,-85.0527,-0.162739,53.993040,-33.610136,-84.9781,0.823533,1.463481,0.625136,-0.822014,-0.049993,-0.457098,-0.426446
309,52.120,B,1,53.215746,-34.205409,53.290145,-33.909925,52.751345,-33.335677,1.606855,0.572491,-85.5098,-0.161803,-85.9664,-0.156698,54.100750,-33.743660,-85.8945,0.827481,1.409732,0.998220,-0.810605,-0.166265,-0.885004,-0.461749
310,52.291,B,1,53.352975,-33.216925,53.290145,-33.909925,52.839970,-33.490954,1.460538,0.494319,-86.3711,-0.156780,-86.8456,-0.150485,54.205500,-33.881776,-86.7767,0.915788,1.420357,1.081123,-0.915355,-0.028149,-0.852526,0.664851
311,52.473,B,1,53.167557,-33.500350,53.338722,-33.932743,52.935710,-33.477678,0.655680,0.497954,-87.0351,-0.151723,-87.6848,-0.142572,54.308723,-34.021445,-87.6193,0.974048,1.476769,1.254512,-0.970001,0.088702,-1.141166,0.521096
312,52.617,B,1,53.514483,-33.479093,53.354202,-33.796383,52.989527,-33.505237,0.317966,0.372703,-87.3848,-0.147646,-88.4794,-0.135295,54.411944,-34.161521,-88.4176,1.118992,1.566518,1.127450,-1.057742,0.365138,-0.897461,0.682428
313,52.765,B,1,54.095896,-34.867496,53.381167,-33.716949,53.085877,-33.523831,0.055957,0.418964,-88.0835,-0.141516,-89.2297,-0.125697,54.515561,-34.303005,-89.1712,1.276836,1.628223,0.703398,-1.134393,0.586056,-0.419665,-0.564491
314,52.922,B,1,54.437838,-34.094276,53.537447,-33.891873,53.253995,-33.745096,1.005644,0.681046,-88.8236,-0.134209,-89.9416,-0.122163,54.618496,-34.448600,-89.8859,1.215981,1.535180,0.397722,-1.081049,0.556727,-0.180658,0.354324
315,53.094,B,1,53.629720,-34.913372,53.796377,-34.136160,53.445335,-33.817388,0.776775,0.887205,-90.4287,-0.120402,-90.6237,-0.117894,54.719006,-34.601554,-90.5701,1.033362,1.495711,1.133037,-0.922629,0.465394,-1.089286,-0.311818
316,53.257,B,1,53.657451,-35.432278,53.925418,-34.327760,53.498760,-34.010192,1.201369,0.597086,-90.7180,-0.117477,-91.2800,-0.111999,54.816066,-34.764088,-91.2285,0.991784,1.517780,1.337485,-0.890647,0.436328,-1.158614,-0.668190
317,53.399,B,1,53.900015,-34.802387,53.896617,-34.696684,53.541976,-34.249638,1.817712,0.412358,-91.0481,-0.115488,-91.9075,-0.107970,54.910115,-34.936324,-91.8585,1.041445,1.530798,1.018941,-1.013499,0.239640,-1.010100,0.133936
318,53.561,B,1,54.168288,-35.801043,53.894112,-34.941793,53.613134,-34.363181,1.430387,0.344734,-91.7039,-0.110669,-92.5676,-0.100031,55.002637,-35.116235,-92.4533,1.122167,1.580446,1.079399,-1.108526,0.174442,-0.834350,-0.684809
319,53.730,B,1,54.422042,-36.209153,53.958184,-35.171711,53.712557,-34.608550,1.830178,0.434354,-92.2764,-0.105441,-93.0523,-0.094613,55.094940,-35.300584,-93.0094,1.144038,1.545928,1.130614,-1.136756,0.128874,-0.672898,-0.908568
320,53.905,B,1,53.922601,-34.885658,54.082361,-35.571636,53.835516,-34.883416,1.974799,0.521112,-93.2904,-0.093867,-93.5708,-0.088367,55.187112,-35.486420,-93.5304,1.108032,1.480009,1.399965,-1.104751,-0.085216,-1.264511,0.600762
321,54.067,B,1,54.160763,-35.720317,54.136103,-35.688666,53.865255,-34.920256,1.012902,0.298077,-93.6996,-0.089162,-94.0628,-0.083879,55.278048,-35.672269,-94.0243,1.142063,1.600470,1.118317,-1.141945,-0.016397,-1.117285,-0.048048
322,54.221,B,1,54.166281,-35.831189,54.130230,-35.652126,53.921659,-35.066903,1.008605,0.303087,-93.9412,-0.086746,-94.5355,-0.082716,55.366382,-35.858576,-94.4983,1.253273,1.647414,1.200414,-1.236152,0.206450,-1.200101,0.027387
323,54.389,B,1,54.624460,-36.450301,54.156508,-35.763612,53.975613,-35.222088,0.928198,0.265347,-94.3274,-0.082608,-94.9901,-0.077494,55.451538,-36.047525,-94.9545,1.325787,1.691066,0.919938,-1.295031,0.283913,-0.827078,-0.402776
324,54.555,B,1,55.029829,-37.225231,54.437506,-36.338017,54.086039,-35.440378,1.888922,0.864134,-95.2909,-0.075560,-95.4213,-0.071132,55.534135,-36.242168,-95.3879,1.100810,1.655249,1.104869,-1.096629,-0.095848,-0.504306,-0.983063
325,54.711,B,1,54.551159,-36.796133,54.437506,-36.338017,54.285858,-35.896021,1.713377,0.767990,-95.6329,-0.072383,-95.8210,-0.066869,55.615415,-36.444936,-95.7904,1.182752,1.438412,1.120706,-1.177909,0.106919,-1.064256,-0.351197
326,54.888,B,1,55.074711,-36.886615,54.580294,-36.680561,54.300176,-35.933550,1.602306,0.664501,-95.9784,-0.067508,-96.1854,-0.060993,55.696203,-36.656377,-96.1575,1.116171,1.572059,0.662768,-1.115909,-0.024184,-0.621492,-0.230237
327,55.057,B,1,54.659553,-36.986989,54.692011,-36.856597,54.432281,-36.124275,1.497830,0.870259,-95.9784,-0.067501,-96.5188,-0.057675,55.776281,-36.874839,-96.4931,1.084423,1.539377,1.122345,-1.084270,0.018242,-1.116727,-0.112150
328,55.228,B,1,55.242122,-37.842134,54.875469,-37.229324,54.483012,-36.296056,1.673410,0.871522,-96.7316,-0.057855,-96.8310,-0.054919,55.854607,-37.097215,-96.8066,0.988010,1.588436,0.964386,-0.979138,-0.132109,-0.612485,-0.744918
329,55.383,B,1,55.898463,-36.996330,55.123972,-37.394259,54.612215,-36.570096,1.008625,1.194939,-96.9303,-0.054835,-97.1296,-0.051300,55.930258,-37.320443,-97.1061,0.809657,1.516660,0.325669,-0.806285,-0.073815,-0.031794,0.324113
330,55.543,B,1,55.676983,-37.219996,55.123972,-37.394259,54.821764,-36.679016,0.917393,1.075320,-97.3346,-0.050660,-97.4164,-0.047689,56.003280,-37.542877,-97.3939,0.891778,1.463637,0.459044,-0.879307,0.148618,-0.326297,0.322881
331,55.715,B,1,55.580425,-37.952557,55.380810,-37.382833,54.970155,-36.802867,0.643159,1.109126,-97.4667,-0.048623,-97.6874,-0.043911,56.074703,-37.764826,-97.6664,0.792090,1.464715,0.528728,-0.693893,0.381993,-0.494278,-0.187732
332,55.871,B,1,54.605250,-38.524793,55.528106,-37.517519,55.083033,-37.016197,1.005966,1.132712,-97.5919,-0.047635,-97.9363,-0.042161,56.145730,-37.988312,-97.9173,0.776598,1.440254,1.631223,-0.617624,0.470793,-1.540480,-0.536481
333,56.033,B,1,55.349620,-38.019803,55.362773,-38.078923,55.033065,-37.284144,1.306853,0.432889,-98.1376,-0.038920,-98.1597,-0.036608,56.216710,-38.216159,-98.1427,0.864894,1.506542,0.889045,-0.853937,0.137235,-0.867090,0.196356
334,56.189,B,1,55.622051,-38.280408,55.417767,-38.197093,55.173542,-37.560734,1.183654,0.510634,-98.2910,-0.035708,-98.3600,-0.033326,56.286760,-38.450625,-98.3447,0.905222,1.425187,0.686157,-0.868993,0.253532,-0.664709,0.170218
335,56.353,B,1,55.268785,-38.529410,55.417767,-38.197093,55.192653,-37.608312,1.070535,0.460135,-98.3663,0.011725,-98.0829,0.100425,56.351050,-38.685952,-98.1307,1.053566,1.582148,1.093528,-0.933283,0.488860,-1.082265,0.156542
336,56.528,B,1,54.873697,-39.360275,55.445356,-38.351790,55.221414,-37.788971,1.104952,0.330073,-98.0964,0.026532,-98.0205,-0.067763,56.415172,-38.918001,-97.9914,1.123004,1.643096,1.603667,-0.969816,0.566211,-1.541474,-0.442274
337,56.686,B,1,55.221221,-39.443546,55.350082,-38.640576,55.185047,-38.066587,1.751136,0.106679,-98.0297,-0.006444,-98.3874,0.022750,56.478365,-39.153573,-98.3944,1.239431,1.689440,1.290153,-1.128283,0.512997,-1.257144,-0.289974
338,56.847,B,1,55.656926,-39.676006,55.260301,-39.005119,55.202995,-38.317723,1.922124,0.117634,-98.2534,-0.048891,-97.8663,0.067867,56.535079,-39.374773,-97.8986,1.327291,1.700529,0.928382,-1.274777,0.369654,-0.878153,-0.301233
339,57.009,B,1,55.283018,-39.820089,55.304223,-39.316878,55.282556,-38.567445,1.957842,0.371400,-98.2365,0.047011,-97.8494,0.017505,56.594998,-39.598148,-97.8556,1.321065,1.668787,1.330620,-1.290775,0.281271,-1.311980,-0.221941
340,57.191,B,1,56.068503,-40.080076,55.352579,-39.591896,55.295256,-38.802701,1.717160,0.289338,-97.5798,0.074639,-97.2970,0.098182,56.652068,-39.812175,-97.3430,1.318027,1.691147,0.642121,-1.299489,0.220279,-0.583566,-0.267901
341,57.337,B,1,55.752926,-41.230208,55.455662,-39.840920,55.422727,-39.042219,1.659006,0.647625,-97.3470,0.066687,-96.9051,0.097351,56.708877,-40.024852,-96.9495,1.266641,1.618563,1.538416,-1.253215,0.183931,-0.955951,-1.205356
342,57.492,B,1,55.388448,-40.348477,55.610505,-40.249597,55.486587,-39.418393,2.459837,0.824918,-97.1218,0.071825,-96.3115,0.092766,56.761960,-40.232793,-96.3535,1.151578,1.513217,1.378376,-1.151455,-0.016804,-1.373512,-0.115684
343,57.641,B,1,56.020216,-39.921005,55.632309,-40.578886,55.487092,-39.610965,1.904466,0.552882,-96.6379,0.095839,-95.6468,0.121322,56.811432,-40.438394,-95.7027,1.187464,1.561575,0.945365,-1.179123,-0.140491,-0.791216,0.517390
344,57.811,B,1,55.286451,-41.792116,55.684995,-40.558215,55.580821,-39.709515,0.996363,0.636691,-95.7766,0.113884,-94.9029,0.136314,56.857440,-40.641615,-94.9655,1.175407,1.580685,1.947218,-1.172445,0.083400,-1.570989,-1.150501
345,57.972,B,1,55.120138,-41.169242,55.705454,-40.757599,55.552713,-40.069024,1.677786,0.388865,-94.5135,0.138504,-94.0747,0.152271,56.901220,-40.842395,-94.1440,1.198769,1.554533,1.810824,-1.195766,0.084796,-1.781082,-0.326847
346,58.132,B,1,56.133215,-41.097517,55.603269,-41.226867,55.502233,-40.285827,1.287003,0.420721,-93.4430,0.156361,-93.1624,0.166577,56.943794,-41.040218,-93.2383,1.353456,1.627022,0.812602,-1.340525,-0.186650,-0.810579,-0.057299
347,58.303,B,1,56.270545,-42.807760,55.794550,-41.578216,55.704394,-40.798554,2.248445,0.763966,-92.6740,0.167944,-92.1708,0.181064,56.985170,-41.234447,-92.2529,1.239255,1.352919,1.728005,-1.190620,-0.343769,-0.714625,-1.573312
348,58.479,B,1,56.115367,-41.735028,55.949805,-41.936050,55.719137,-40.847640,1.718317,0.794009,-91.7208,0.178398,-91.1084,0.190575,57.024347,-41.424702,-91.1958,1.190007,1.427085,0.960493,-1.074541,-0.511348,-0.908980,-0.310326
349,58.645,B,1,56.128153,-42.176520,56.052475,-42.066067,55.798756,-41.043600,1.565703,0.769714,-90.5414,0.142948,-90.2241,0.075163,57.060749,-41.614075,-90.2606,1.104950,1.384943,1.089074,-1.008274,-0.451992,-0.932597,-0.562445
350,58.797,B,1,56.076700,-42.343547,56.052475,-42.066067,55.867048,-41.266093,1.406054,0.714180,-89.8369,0.145021,-89.5002,0.207175,57.096273,-41.806095,-89.5931,1.075686,1.342608,1.152556,-1.043798,-0.259972,-1.019573,-0.537452
351,58.938,B,1,56.781617,-41.463040,56.119999,-42.236817,55.918291,-41.479396,1.317254,0.631796,-88.9328,0.230107,-88.0429,0.213992,57.125696,-42.002452,-88.1420,1.032643,1.315832,0.639809,-1.005697,-0.234365,-0.344079,0.539412
352,59.103,B,1,56.066683,-41.465258,56.264480,-42.209019,56.067609,-41.527449,0.502351,0.929427,-88.3750,0.223531,-87.3574,0.081210,57.159901,-42.203807,-87.3936,0.895436,1.284742,1.319311,-0.895421,-0.005212,-1.093218,0.738550
353,59.285,B,1,56.107245,-42.204933,56.339452,-41.952571,56.089667,-41.563516,0.155795,0.392201,-86.6647,0.187765,-86.2001,0.225475,57.195878,-42.448195,-86.2001,0.989500,1.416461,1.115482,-0.856427,0.495624,-1.088634,0.243263
354,59.430,B,1,55.702641,-42.750012,56.241344,-42.140318,56.113367,-41.699776,0.693423,-0.019989,-85.6553,0.123309,-85.5088,0.068876,57.220735,-42.613063,-85.5405,1.087518,1.435395,1.524259,-0.979391,0.472745,-1.518094,-0.136949
355,59.579,B,1,56.720914,-42.777906,56.241344,-42.140318,56.072029,-41.895910,0.626967,-0.009524,-84.9611,0.158872,-84.6625,0.174983,57.250465,-42.821138,-84.7444,1.217309,1.498252,0.531313,-1.009121,0.680820,-0.529551,0.043232
356,59.745,B,1,56.010290,-43.492709,56.244531,-42.386749,56.186418,-42.066895,0.901275,0.257578,-84.5472,0.132948,-83.9496,0.137016,57.280050,-43.032023,-84.0127,1.220114,1.458596,1.350749,-1.035519,0.645274,-1.269760,-0.460686
357,59.928,B,1,56.341520,-44.076600,56.273147,-43.167597,56.179681,-42.318868,2.223784,-0.008340,-83.4574,0.125553,-83.2142,0.130095,57.308451,-43.246856,-83.2729,1.038333,1.461261,1.274140,-1.035303,0.079258,-0.966931,-0.829745
358,60.068,B,1,56.641240,-43.494711,56.353317,-43.504677,56.282705,-42.748486,1.915424,0.202227,-82.9077,0.120227,-82.5275,0.117103,57.336594,-43.466645,-82.5807,0.984012,1.275317,0.695921,-0.983277,-0.038032,-0.695355,-0.028066
359,60.220,B,1,55.528267,-43.286184,56.297458,-43.591149,56.190719,-42.867479,1.292524,-0.256687,-82.0551,0.113175,-81.8833,0.109889,57.364749,-43.691823,-81.9335,1.072029,1.434534,1.880747,-1.067291,0.100674,-1.836482,0.405639
360,60.381,B,1,55.614161,-43.817202,56.297458,-43.591149,56.205941,-42.913483,1.170740,-0.219579,-81.4343,0.107568,-81.2747,0.104094,57.393053,-43.922079,-81.3222,1.144484,1.557723,1.781981,-1.095596,0.330929,-1.778892,0.104877
361,60.557,B,1,56.375454,-43.950618,56.092285,-43.675702,56.132098,-43.090020,1.121713,-0.477184,-81.1561,0.104615,-80.6986,0.097475,57.421663,-44.156491,-80.7436,1.413649,1.673421,1.066272,-1.329378,0.480789,-1.046209,0.205872
362,60.722,B,1,56.104694,-44.653188,56.049940,-43.828722,56.179795,-43.259657,1.184993,-0.259376,-80.8771,0.101719,-80.1524,0.092001,57.450613,-44.393870,-80.1950,1.510390,1.703354,1.370673,-1.400673,0.565148,-1.345919,-0.259318
363,60.861,B,1,56.220528,-44.501029,56.093487,-44.074548,56.180790,-43.508450,1.565839,-0.290282,-80.3373,0.097189,-79.6341,0.089216,57.479853,-44.633241,-79.6745,1.494707,1.718348,1.266246,-1.386366,0.558693,-1.259324,0.132212
364,61.015,B,1,56.458883,-45.534131,56.111382,-44.340699,56.198202,-43.699291,1.507335,-0.193291,-79.9087,0.092512,-79.1421,0.084280,57.509374,-44.874278,-79.1805,1.496358,1.760615,1.240539,-1.397991,0.533579,-1.050491,-0.659853
365,61.184,B,1,56.426542,-44.946139,56.181986,-44.678670,56.248629,-44.015641,1.925673,-0.091625,-78.9894,0.085041,-78.6746,0.078268,57.539330,-45.117419,-78.7111,1.426493,1.697004,1.125892,-1.357344,0.438749,-1.112788,0.171279
366,61.363,B,1,57.056476,-45.982933,56.272928,-44.991315,56.287403,-44.200548,1.662464,0.029942,-78.5439,0.079815,-78.2291,0.075283,57.570056,-45.363553,-78.2640,1.349482,1.731410,0.804609,-1.297127,0.372238,-0.513580,-0.619380
367,61.524,B,1,56.533937,-46.230061,56.436829,-45.279796,56.414929,-44.511732,2.279795,0.296172,-78.3578,0.077852,-77.8027,0.073170,57.601972,-45.613543,-77.8362,1.212000,1.619586,1.233204,-1.165143,0.333747,-1.068035,-0.616518
368,61.691,B,1,56.998862,-45.424773,56.686864,-45.883038,56.448326,-44.816470,1.714094,0.436932,-77.6207,0.072448,-77.3922,0.069492,57.635456,-45.867818,-77.4246,0.948714,1.585752,0.775591,-0.948592,-0.015220,-0.636594,0.443045
369,61.848,B,1,57.404745,-45.961658,56.893133,-45.936127,56.545738,-44.957889,1.560802,0.710007,-77.2185,0.070827,-76.9949,0.067779,57.670712,-46.126165,-77.0263,0.800465,1.621862,0.312732,-0.777579,0.190039,-0.265968,0.164507
370,62.026,B,1,56.211218,-46.977710,56.929262,-46.217620,56.690710,-45.155671,1.951998,0.029261,-76.7121,0.067846,-76.6090,0.065981,57.707727,-46.387767,-76.6395,0.796843,1.597619,1.608594,-0.778465,0.170147,-1.496510,-0.589943
371,62.227,B,1,57.683354,-47.469049,56.929262,-46.217620,56.638607,-45.475339,1.800284,0.036721,-76.5402,0.067174,-76.2335,0.064298,57.746337,-46.651506,-76.2632,0.925132,1.615684,0.819966,-0.817075,0.433886,-0.062983,-0.817543
372,62.412,B,1,56.569467,-47.740454,57.073503,-47.140770,56.776073,-46.100534,2.642021,-0.155610,-76.0219,0.063986,-75.8678,0.063837,57.786387,-46.916442,-75.8967,0.747347,1.298630,1.469657,-0.712884,-0.224328,-1.216920,-0.824012
373,62.574,B,1,57.427023,-47.457440,57.097953,-47.458004,56.886516,-46.350530,2.317244,0.091148,-75.7039,0.063097,-75.5110,0.062210,57.827882,-47.182235,-75.5392,0.780286,1.256147,0.486237,-0.729930,-0.275769,-0.400860,-0.275205
374,62.719,B,1,58.187778,-48.662807,57.351550,-47.821789,57.092596,-46.738497,2.896338,0.419326,-75.2104,0.061678,-75.1617,0.060794,57.871035,-47.449222,-75.1894,0.639273,1.054085,1.254239,-0.519484,-0.372567,0.316743,-1.213585
375,62.863,B,1,57.048309,-47.761846,57.351550,-47.821789,57.118360,-46.805220,2.615682,0.395110,-74.9424,0.060712,-74.8182,0.059906,57.916181,-47.718166,-74.8455,0.574061,1.212431,0.868971,-0.564631,-0.103623,-0.867872,-0.043680
376,63.028,B,1,57.114111,-47.923058,57.493519,-48.112828,57.131754,-47.008353,1.929625,0.195751,-74.6549,0.060389,-74.4789,0.060008,57.963644,-47.989887,-74.5059,0.485934,1.286643,0.852157,-0.470125,-0.122941,-0.849533,0.066829
377,63.196,B,1,57.015456,-48.277507,57.433923,-48.159916,57.150907,-47.203268,1.528019,0.056067,-74.6549,0.060389,-74.1425,0.058532,58.013603,-48.264896,-74.1693,0.589110,1.367954,0.998227,-0.579681,0.104980,-0.998147,-0.012611
378,63.387,B,1,57.346486,-48.272459,57.363838,-48.244443,57.150821,-47.420153,1.286493,-0.159485,-74.3300,0.059081,-73.8087,0.055599,58.066045,-48.543131,-73.8353,0.763092,1.448694,0.768784,-0.702207,0.298688,-0.719559,0.270672
379,63.524,B,1,57.029598,-49.037913,57.331386,-48.339895,57.198228,-47.602911,1.045619,-0.101117,-73.9133,0.057400,-73.4777,0.056530,58.120792,-48.823924,-73.5041,0.925984,1.530358,1.111978,-0.789406,0.484029,-1.091194,-0.213989
380,63.686,B,1,57.571687,-49.401673,57.301409,-48.524183,57.190842,-47.870867,1.199924,-0.336561,-73.2851,0.057617,-73.1413,0.058946,58.177911,-49.105689,-73.1681,1.051858,1.580851,0.674622,-0.876502,0.581505,-0.606224,-0.295985
381,63.872,B,1,57.477607,-50.058307,57.307795,-48.847605,57.263771,-48.153855,1.564141,-0.275333,-73.0003,0.057690,-72.8092,0.059576,58.236811,-49.388177,-72.8356,1.074844,1.571737,1.012652,-0.929016,0.540572,-0.759204,-0.670130
382,64.041,B,1,58.222715,-49.084578,57.379924,-49.258698,57.309044,-48.481400,2.207671,-0.410258,-72.8705,0.058461,-72.4810,0.056534,58.297377,-49.671064,-72.5071,1.005866,1.546643,0.591220,-0.917453,0.412367,-0.074662,0.586486
383,64.192,B,1,58.144950,-50.293661,57.537816,-49.491899,57.465229,-48.639496,1.647692,0.193307,-72.6094,0.057815,-72.1566,0.055020,58.359701,-49.954577,-72.1824,0.943168,1.590446,0.401368,-0.821885,0.462678,-0.214751,-0.339084
384,64.330,B,1,57.561360,-50.733613,57.766594,-49.680597,57.586219,-48.940974,2.050121,0.240862,-72.3317,0.057319,-71.8362,0.057315,58.423917,-50.239384,-71.8617,0.862738,1.545189,0.994117,-0.657323,0.558787,-0.862558,-0.494230
385,64.505,B,1,57.126252,-50.533512,57.844503,-50.083388,57.603650,-49.264856,2.081700,-0.104234,-71.6692,0.055854,-71.5207,0.054533,58.490123,-50.526331,-71.5457,0.782958,1.541802,1.363890,-0.645621,0.442943,-1.363871,-0.007181
386,64.680,B,1,57.438001,-50.222372,57.741468,-50.404121,57.548547,-49.500381,1.827656,-0.452937,-71.3991,0.055022,-71.2107,0.051981,58.558391,-50.816001,-71.2353,0.914881,1.658505,1.267939,-0.816923,0.411880,-1.120390,0.593629
387,64.837,B,1,57.870595,-51.176421,57.629107,-50.526605,57.550801,-49.676393,1.388021,-0.442211,-71.3991,0.055020,-70.9067,0.054263,58.628744,-51.108354,-70.9308,1.156592,1.792337,0.761199,-0.999637,0.581748,-0.758149,-0.068067
388,64.987,B,1,57.748340,-52.956445,57.643342,-50.696265,57.610033,-49.943581,1.673645,-0.381403,-71.0098,0.052782,-70.6095,0.051150,58.701040,-51.402770,-70.6330,1.271957,1.821958,1.822510,-1.057698,0.706505,-0.952700,-1.553675
389,65.145,B,1,57.752206,-52.558685,57.699739,-51.283996,57.648608,-50.459829,2.963360,-0.803625,-70.7345,0.052122,-70.3208,0.050627,58.774825,-51.698587,-70.3436,1.152257,1.674183,1.336233,-1.075086,0.414591,-1.022619,-0.860097
390,65.321,B,1,58.174679,-51.790105,57.728046,-51.958523,57.679216,-50.836441,2.800654,-0.751547,-70.1305,0.049089,-70.0419,0.047040,58.849605,-51.995274,-70.0639,1.122161,1.647029,0.705421,-1.121559,0.036751,-0.674926,0.205169
391,65.501,B,1,57.955491,-52.200912,57.815895,-52.228873,57.767859,-51.044844,2.157498,-0.319454,-69.9909,0.047755,-69.7733,0.045578,58.925153,-52.292475,-69.7944,1.111080,1.701738,0.973976,-1.109258,0.063602,-0.969663,0.091563
392,65.660,B,1,57.889489,-52.631513,57.916270,-52.315314,57.808482,-51.267835,1.914618,-0.228371,-69.8612,0.047279,-69.5150,0.044585,59.001467,-52.590285,-69.5353,1.119492,1.781036,1.112741,-1.085197,0.274971,-1.111977,-0.041228
393,65.817,B,1,57.637035,-53.791325,57.950273,-52.485376,57.838779,-51.544823,1.758587,-0.265634,-69.6527,0.046704,-69.2669,0.041106,59.078687,-52.889201,-69.2863,1.198495,1.828858,1.700643,-1.128413,0.403825,-1.441651,-0.902124
394,65.995,B,1,58.131169,-52.951610,57.927099,-53.161588,57.868102,-52.087841,1.823622,-0.392105,-69.1296,0.042963,-69.0293,0.041428,59.156973,-53.189904,-69.0479,1.230199,1.695798,1.053117,-1.229873,0.028316,-1.025803,0.238294
395,66.146,B,1,58.301143,-54.374758,57.927099,-53.161588,57.882784,-52.158203,1.649869,-0.347581,-68.9482,0.041285,-68.8030,0.038189,59.236407,-53.492972,-68.8206,1.350593,1.901027,1.285404,-1.309308,0.331384,-0.935264,-0.881786
396,66.300,B,1,58.154048,-54.793096,58.029385,-53.471297,57.959043,-52.552360,2.245063,-0.426161,-68.7094,0.038765,-68.5884,0.036478,59.316937,-53.798598,-68.6051,1.328501,1.843092,1.530143,-1.287552,0.327300,-1.162890,-0.994498
397,66.465,B,1,57.843678,-54.475241,58.113135,-54.000616,58.002973,-52.953439,2.807027,-0.635427,-68.7094,0.038758,-68.3859,0.034701,59.398377,-54.106482,-68.4016,1.289594,1.810155,1.597834,-1.285242,0.105865,-1.554700,-0.368759
398,66.653,B,1,59.381995,-54.011905,58.283774,-54.503356,57.993826,-53.250149,1.900363,0.218513,-68.2856,0.034999,-68.1952,0.033871,59.480462,-54.415961,-68.2101,1.199875,1.889234,0.415880,-1.196688,-0.087395,-0.098467,0.404055
399,66.816,B,1,59.415208,-55.102248,58.659017,-54.651831,58.387964,-53.674190,2.212016,0.494421,-68.0992,0.033026,-68.0159,0.028736,59.562941,-54.726318,-68.0299,0.906987,1.577194,0.403916,-0.903924,0.074486,-0.147732,-0.375930
400,66.974,B,1,58.735802,-55.243349,58.659017,-54.651831,58.411642,-53.747471,1.998092,0.453124,-67.8857,0.030190,-67.8474,0.029381,59.645653,-55.037102,-67.8605,1.059190,1.784918,0.932935,-0.986636,0.385270,-0.909851,-0.206247
401,67.150,B,1,59.048337,-55.304417,58.858484,-54.947614,58.481816,-54.036941,1.971498,0.254357,-67.7643,0.028211,-67.6891,0.026197,59.728564,-55.348300,-67.7014,0.957908,1.809431,0.681640,-0.870080,0.400685,-0.680226,0.043883
402,67.320,B,1,59.799091,-55.936900,59.160353,-55.448653,58.763113,-54.529957,2.283812,0.448120,-67.6296,0.026115,-67.5410,0.024587,59.811771,-55.660307,-67.5525,0.684940,1.541874,0.276884,-0.651418,0.211653,-0.012680,-0.276593
403,67.480,B,1,58.855904,-56.484452,59.287252,-55.834395,58.800196,-54.874638,2.438665,-0.082827,-67.4418,0.023811,-67.4025,0.024672,59.895501,-55.973734,-67.4133,0.624005,1.551679,1.158273,-0.608249,0.139339,-1.039597,-0.510718
404,67.652,B,1,59.518327,-56.350918,59.329000,-56.173416,58.825978,-54.948985,2.300287,-0.007626,-67.3371,0.023022,-67.2729,0.023341,59.980038,-56.289117,-67.2830,0.661238,1.768560,0.465828,-0.651037,0.115700,-0.461710,-0.061802
405,67.817,B,1,58.459296,-56.414239,59.329000,-56.173416,58.952993,-55.225361,2.079287,-0.002192,-67.2259,0.022477,-67.1509,0.020225,60.065600,-56.606639,-67.1604,0.854553,1.773647,1.617785,-0.736600,0.433223,-1.606304,0.192400
406,67.994,B,1,59.498617,-58.338009,59.284949,-56.384366,58.903603,-55.469447,1.665562,-0.444744,-67.1277,0.020769,-67.0352,0.020084,60.152232,-56.926031,-67.0443,1.022536,1.918517,1.555922,-0.867283,0.541665,-0.653615,-1.411978
407,68.166,B,1,59.937913,-57.466476,59.230368,-56.862248,59.012826,-55.962913,2.918443,-0.797464,-67.0805,0.021422,-66.9249,0.017983,60.239792,-57.246682,-66.9335,1.080151,1.775813,0.373417,-1.009424,0.384434,-0.301879,-0.219794
408,68.331,B,1,59.768556,-57.457559,59.399657,-57.384201,59.172303,-56.258231,2.711987,-0.388764,-66.9840,0.020819,-66.8190,0.018067,60.328058,-57.567912,-66.8274,0.946403,1.746722,0.570281,-0.928401,0.183711,-0.559502,0.110354
409,68.516,B,1,59.355254,-57.269224,59.574381,-57.586311,59.284749,-56.507606,2.266144,-0.157336,-66.8375,0.019240,-66.7171,0.017967,60.416873,-57.889243,-66.7251,0.895299,1.786232,1.229413,-0.842492,0.302932,-1.061618,0.620019
410,68.699,B,1,59.606128,-58.787862,59.619885,-57.654405,59.319070,-56.689930,1.396132,-0.115973,-66.6818,0.017387,-66.6183,0.016058,60.506261,-58.210560,-66.6261,1.046408,1.929181,1.069354,-0.886376,0.556155,-0.900133,-0.577302
411,68.850,B,1,60.302347,-58.698579,59.619447,-57.899868,59.383970,-57.068457,1.943709,-0.408607,-66.5718,0.016613,-66.5217,0.017241,60.596472,-58.532124,-66.5294,1.163755,1.900653,0.337960,-0.977025,0.632256,-0.294125,-0.166455
412,68.997,B,1,60.120634,-58.719533,59.751184,-58.312215,59.542611,-57.379539,2.288204,-0.197919,-66.5718,0.016618,-66.4259,0.017089,60.687906,-58.854435,-66.4336,1.082336,1.867356,0.583092,-0.936723,0.542220,-0.567272,0.134902
413,69.152,B,1,59.487974,-59.659316,59.941618,-58.931016,59.652421,-57.647635,2.359755,-0.610197,-66.3824,0.016491,-66.3295,0.015403,60.780960,-59.177987,-66.3372,0.874923,1.901468,1.379671,-0.839343,0.246971,-1.292987,-0.481328
414,69.333,B,1,59.995897,-60.620434,59.919778,-59.499585,59.651586,-58.015223,3.030631,-0.899604,-66.2701,0.016757,-66.2193,0.017717,60.895072,-59.568188,-66.2193,0.977704,1.989461,1.384101,-0.975294,0.068603,-0.899175,-1.052246
415,69.479,B,1,60.761077,-60.354605,59.919778,-59.499585,59.719720,-58.457958,2.740819,-0.808556,-66.1755,0.017752,-66.1305,0.017560,60.972615,-59.829348,-66.1386,1.103272,1.857540,0.566254,-1.052837,0.329762,-0.211538,-0.525258
416,69.642,B,1,60.924262,-59.760515,60.084745,-60.024278,59.899907,-58.827869,2.827574,-0.452693,-66.0686,0.018002,-66.0267,0.018418,61.071032,-60.156486,-66.0351,0.995109,1.771089,0.422297,-0.986287,0.132208,-0.146770,0.395971
417,69.793,B,1,61.454564,-61.507205,60.353990,-60.225504,60.076494,-59.041314,2.373442,0.101998,-66.0686,0.018021,-65.9196,0.019188,61.170905,-60.483800,-65.9283,0.856777,1.810664,1.061989,-0.816915,0.258296,0.283659,-1.023405
418,69.975,B,1,60.156952,-61.146286,60.793993,-60.968876,60.309503,-59.483572,2.652936,-0.259855,-65.8505,0.018812,-65.8089,0.018452,61.272127,-60.810789,-65.8179,0.503591,1.639558,1.164549,-0.478135,-0.158087,-1.115176,-0.335497
419,70.123,B,1,59.982217,-61.410343,60.651417,-61.248858,60.268137,-60.042466,2.243669,-0.663551,-65.7569,0.019957,-65.6940,0.022014,61.374747,-61.137282,-65.7033,0.731886,1.556665,1.419050,-0.723331,-0.111577,-1.392530,-0.273061
420,70.266,B,1,60.672266,-61.371904,60.651417,-61.248858,60.290703,-60.117597,2.029213,-0.596074,-65.6155,0.020754,-65.5745,0.020976,61.478952,-61.463499,-65.5842,0.854919,1.795380,0.811869,-0.827535,0.214641,-0.806686,0.091595
421,70.421,B,1,61.222280,-62.650576,60.590859,-61.446637,60.371025,-60.381790,1.748527,-0.448606,-65.5600,0.021541,-65.4500,0.021741,61.584988,-61.789953,-65.4602,1.051740,1.859201,0.933932,-0.994129,0.343316,-0.362708,-0.860623
422,70.603,B,1,60.204040,-62.474319,60.720307,-61.776930,60.519551,-60.789867,2.520599,-0.464467,-65.4974,0.022884,-65.3203,0.023007,61.693061,-62.117193,-65.3309,1.030548,1.771700,1.531249,-0.972754,0.340262,-1.489021,-0.357127
423,70.776,B,1,60.919965,-63.241669,60.750910,-62.196938,60.496275,-61.115952,2.266245,-0.811269,-65.3896,0.023534,-65.1854,0.022954,61.803265,-62.445529,-65.1964,1.081318,1.864403,1.189141,-1.052355,0.248591,-0.883300,-0.796139
424,70.937,B,1,61.367252,-62.433496,60.721102,-62.579902,60.580084,-61.507706,2.572842,-0.837238,-65.2359,0.023102,-65.0454,0.024253,61.915554,-62.774885,-65.0568,1.210262,1.840985,0.645896,-1.194452,0.194983,-0.548302,0.341389
425,71.092,B,1,61.453367,-63.119682,60.865688,-62.825331,60.713694,-61.706633,1.812658,-0.231996,-64.8448,0.078288,-64.6966,0.143145,62.027423,-63.104013,-64.7604,1.194694,1.917956,0.574270,-1.161736,0.278682,-0.574057,-0.015668
426,71.282,B,1,61.572779,-63.583644,61.061005,-62.950698,60.851272,-62.003384,1.822204,-0.036165,-64.5521,0.104982,-64.0496,0.035656,62.133346,-63.421447,-64.0672,1.171119,1.911705,0.583561,-1.072341,0.470749,-0.560568,-0.162197
427,71.456,B,1,61.202408,-63.424303,61.244887,-63.209106,60.983481,-62.310476,2.112331,0.016691,-64.2500,0.089206,-64.1895,0.001216,62.244920,-63.738680,-64.1879,1.131598,1.905517,1.088882,-1.000033,0.529574,-1.042512,0.314378
428,71.614,B,1,61.694507,-64.775050,61.346744,-63.428577,61.041526,-62.547774,1.775656,-0.046508,-64.0467,0.008962,-63.5745,0.171371,62.347592,-64.045860,-63.6540,1.175898,1.987479,0.978896,-1.000848,0.617283,-0.653085,-0.729190
429,71.775,B,1,62.751081,-64.374442,61.433444,-63.776975,61.163994,-62.948761,2.461025,-0.287849,-63.9545,0.082529,-63.1026,0.012704,62.450082,-64.349848,-63.1089,1.166935,1.901859,0.302002,-1.016638,0.572873,0.300999,-0.024594
430,71.946,B,1,62.061546,-64.645740,61.724902,-64.183753,61.427240,-63.232424,2.319129,0.281023,-62.8072,0.108524,-62.5294,0.167134,62.552914,-64.652481,-62.6060,0.951477,1.812099,0.491414,-0.828011,0.468728,-0.491368,0.006740
431,72.121,B,1,62.373590,-65.198642,62.007474,-64.438286,61.553419,-63.513022,2.215477,0.231634,-62.2259,0.116165,-61.8337,0.094420,62.652378,-64.952096,-61.8773,0.824562,1.810703,0.372166,-0.644904,0.513810,-0.278788,-0.246546
432,72.290,B,1,62.240425,-65.138878,62.296367,-65.021471,61.708227,-63.832977,2.254331,0.095713,-61.2398,0.139261,-61.0132,0.151407,62.749982,-65.248534,-61.0835,0.507272,1.757571,0.521223,-0.453615,0.227063,-0.509558,0.109656
433,72.472,B,1,62.195422,-65.969140,62.357511,-65.337129,61.821730,-64.096268,2.426132,-0.254061,-60.5286,0.151618,-60.1568,0.159211,62.844875,-65.540253,-60.2305,0.527999,1.769722,0.778288,-0.487364,0.203125,-0.649453,-0.428886
434,72.639,B,1,61.664090,-65.354373,62.302296,-65.581272,61.876038,-64.574384,1.709455,-0.424083,-59.7965,0.157504,-59.2175,0.171730,62.936104,-65.825786,-59.2962,0.679338,1.640045,1.356558,-0.633808,0.244515,-1.272013,0.471413
435,72.785,B,1,62.115678,-66.728977,62.302296,-65.581272,61.909176,-64.646297,1.551446,-0.357448,-58.9561,0.170559,-58.1932,0.184869,63.023264,-66.104804,-58.2778,0.891000,1.835329,1.101500,-0.720968,0.523532,-0.907585,-0.624173
436,72.941,B,1,63.194683,-67.013526,62.228989,-65.866759,61.971746,-65.021558,1.998837,-0.717199,-57.9674,0.182637,-57.0971,0.197829,63.106628,-66.378185,-57.1874,1.015778,1.768726,0.641414,-0.877638,0.511426,0.088055,-0.635341
437,73.106,B,1,62.612782,-66.302249,62.595659,-66.605039,62.186141,-65.384663,2.066171,-0.245306,-56.6593,0.197244,-55.9334,0.208269,63.186776,-66.647545,-56.0289,0.592643,1.611254,0.669850,-0.591117,0.042506,-0.573994,0.345296
438,73.262,B,1,62.300309,-66.860650,62.622529,-66.731234,62.287610,-65.772622,1.780220,-0.403652,-55.5681,0.206722,-54.7061,0.218614,63.264519,-66.914630,-54.8066,0.667672,1.502842,0.965719,-0.641990,0.183396,-0.964210,0.053980
439,73.432,B,1,62.086255,-66.942171,62.550685,-66.901148,62.289337,-66.001309,1.411964,-0.573962,-53.8893,0.222639,-53.4184,0.231028,63.340616,-67.180571,-53.5236,0.837895,1.579825,1.276815,-0.789931,0.279424,-1.254361,0.238401
440,73.591,B,1,62.988542,-67.034165,62.550685,-66.901148,62.322917,-66.068707,1.287792,-0.489666,-52.7735,0.231313,-52.0727,0.240434,63.415416,-67.445426,-52.1824,1.021762,1.757529,0.592753,-0.864731,0.544278,-0.426874,0.411261
441,73.746,B,1,62.580796,-68.073704,62.585171,-67.029263,62.454575,-66.272480,1.271637,-0.208462,-51.5484,0.240053,-50.6710,0.249943,63.488614,-67.708260,-50.7851,1.130154,1.769379,0.978613,-0.903444,0.678997,-0.907819,-0.365444
442,73.914,B,1,62.420994,-67.966843,62.679920,-67.299915,62.507781,-66.598349,1.747221,-0.676621,-50.9000,0.244217,-49.2162,0.259637,63.559305,-67.967715,-49.3345,1.104208,1.726518,1.138311,-0.879385,0.667800,-1.138311,0.000872
443,74.080,B,1,63.118797,-68.507791,62.733030,-67.970716,62.528825,-66.860977,1.997798,-0.822500,-48.3681,0.260658,-47.7118,0.266889,63.626396,-68.222758,-47.8339,0.928239,1.749032,0.582152,-0.893366,0.252042,-0.507599,-0.285033
444,74.260,B,1,63.139470,-68.246028,62.893974,-68.233155,62.649802,-67.163829,1.848426,-0.541065,-46.9662,0.267916,-46.1619,0.273387,63.689172,-68.473202,-46.2875,0.830640,1.671750,0.594794,-0.795198,0.240047,-0.549702,0.227174
445,74.435,B,1,63.569634,-69.017842,62.893974,-68.233155,62.757474,-67.382600,1.683530,-0.443394,-45.5620,0.273935,-44.5702,0.282252,63.747666,-68.719714,-44.6990,0.982614,1.663838,0.347240,-0.853692,0.486559,-0.178032,-0.298128
446,74.625,B,1,63.829873,-68.285608,63.089188,-68.489204,62.914669,-67.681207,2.022381,-0.438835,-44.2121,0.279457,-42.9392,0.286688,63.802727,-68.963468,-43.0711,0.856776,1.559757,0.678403,-0.713539,0.474264,0.027146,0.677859
447,74.830,B,1,63.500173,-69.187430,63.532012,-68.778219,63.089266,-67.825953,1.860782,-0.162054,-42.1604,0.287481,-41.2704,0.293254,63.855755,-69.205648,-41.4053,0.536195,1.578310,0.356049,-0.323744,0.427429,-0.355583,0.018218
448,75.003,B,1,63.751793,-69.557457,63.650567,-69.067463,63.272071,-68.292500,1.980090,-0.380765,-39.8444,0.301306,-39.5494,0.312173,63.907875,-69.446577,-39.6922,0.458187,1.317628,0.191458,-0.257308,0.379114,-0.156082,-0.110880
449,75.201,B,1,62.603764,-69.954964,63.593769,-69.403079,63.213077,-68.580739,1.609882,-1.087914,-38.4087,0.312395,-37.7442,0.318281,63.958777,-69.684619,-37.8900,0.460972,1.332148,1.381718,-0.365008,0.281540,-1.355013,-0.270345
450,75.385,B,1,62.678316,-70.275135,63.593769,-69.403079,63.252481,-68.638465,1.485503,-0.937038,-36.5839,0.320239,-35.9022,0.326492,64.009195,-69.921517,-36.0508,0.664346,1.489577,1.377057,-0.415426,0.518438,-1.330879,-0.353619
451,75.579,B,1,63.787185,-69.714266,63.369816,-69.763927,63.205524,-68.933595,1.324856,-1.397516,-35.0025,0.324478,-34.0280,0.330221,64.057888,-70.156632,-34.1790,0.792251,1.490753,0.518621,-0.688073,0.392705,-0.270703,0.442366
452,75.789,B,1,63.359073,-71.080899,63.452118,-70.230250,63.319705,-69.090878,1.580444,-1.453117,-32.6773,0.330389,-32.1263,0.333198,64.103575,-70.389174,-32.2794,0.670561,1.516583,1.016251,-0.651457,0.158924,-0.744502,-0.691725
453,75.985,B,1,63.844801,-70.602515,63.535779,-70.557853,63.369206,-69.444591,1.586475,-1.119211,-30.8415,0.334511,-30.1993,0.338196,64.145741,-70.618440,-30.3544,0.612964,1.407454,0.301361,-0.609962,0.060587,-0.300940,0.015925
454,76.148,B,1,63.936894,-70.775745,63.692869,-70.721076,63.542989,-69.827048,1.559531,-0.867791,-29.0804,0.338613,-28.2468,0.343397,64.184866,-70.844177,-28.4039,0.507164,1.202729,0.257242,-0.491997,0.123101,-0.247972,0.068432
455,76.302,B,1,64.870180,-70.681956,63.692869,-70.721076,63.575299,-69.870722,1.435610,-0.735908,-27.3650,0.342491,-26.2695,0.345521,64.222142,-71.066905,-26.4285,0.632240,1.359875,0.753749,-0.529274,0.345828,0.648037,0.384949
456,76.458,B,1,64.744604,-70.753228,63.970531,-70.821244,63.804517,-70.036630,1.660368,-0.209340,-25.6741,0.345848,-24.2697,0.349562,64.259062,-71.287801,-24.4305,0.548567,1.331180,0.722163,-0.288531,0.466557,0.485542,0.534573
457,76.625,B,1,64.106764,-71.838817,64.314148,-70.859639,63.985089,-70.185040,1.754307,0.060481,-24.8269,0.347438,-22.2508,0.354940,64.296940,-71.508076,-22.4130,0.648666,1.359293,0.381519,0.017207,0.648437,-0.190176,-0.330741
458,76.798,B,1,64.528295,-71.598248,64.454005,-71.066311,64.047023,-70.468989,1.657687,-0.657004,-22.7995,0.350832,-20.2146,0.355776,64.336473,-71.728223,-20.3782,0.672267,1.292073,0.231709,0.117532,0.661913,0.191822,0.129976
459,76.951,B,1,63.780480,-72.245300,64.505812,-71.355499,64.160938,-70.676360,1.567099,-0.714180,-21.2083,0.353700,-18.7936,0.173446,64.381725,-71.944208,-18.7936,0.601645,1.286929,0.672422,0.124088,0.588710,-0.601245,-0.301091
460,77.115,B,1,64.527368,-72.996506,64.482892,-71.629625,64.147954,-70.948602,1.112382,-1.137538,-17.9094,0.260355,-17.3908,0.311529,64.421544,-72.155609,-17.5341,0.529550,1.237626,0.847530,0.061348,0.525984,0.105824,-0.840897
461,77.270,B,1,65.129908,-71.072659,64.444886,-72.066920,64.243993,-71.292787,1.350877,-1.712061,-16.7934,0.287726,-15.6579,0.293627,64.463754,-72.364992,-15.7926,0.298669,1.094495,1.453921,-0.018868,0.298073,0.666154,1.292333
462,77.442,B,1,63.721202,-71.953680,64.617246,-72.170957,64.422776,-71.312580,1.240502,-0.455641,-16.2100,0.290252,-14.0343,0.273731,64.504184,-72.566447,-14.1601,0.411333,1.256507,0.994255,0.113062,0.395489,-0.782982,0.612766
463,77.606,B,1,64.557797,-72.587097,64.631052,-72.027061,64.360254,-71.446542,0.528966,-0.478408,-15.3378,0.287223,-12.5238,0.254266,64.542332,-72.761854,-12.6403,0.740130,1.327854,0.175439,0.088721,0.734793,0.015465,0.174756
464,77.766,B,1,64.810665,-72.640395,64.531763,-72.155549,64.426198,-71.652375,0.597074,-0.789114,-12.9715,0.265799,-11.1295,0.233494,64.578910,-72.953289,-11.2368,0.799132,1.309847,0.389375,-0.047147,0.797741,0.231755,0.312894
465,77.930,B,1,64.706029,-73.045667,64.603547,-72.364361,64.518995,-71.835662,0.674981,-0.783041,-10.6204,0.233261,-9.8475,0.214646,64.615568,-73.141531,-9.9462,0.777264,1.309435,0.131807,-0.012021,0.777171,0.090460,0.095864
466,78.094,B,1,63.812939,-72.982879,64.681204,-72.593486,64.582475,-72.051633,0.717852,-1.058818,-9.4570,0.218086,-8.6658,0.197488,64.654066,-73.325647,-8.7570,0.732664,1.276024,0.908286,0.027138,0.732161,-0.841126,0.342768
467,78.265,B,1,65.162101,-73.143233,64.580100,-72.982132,64.502742,-72.227820,0.606953,-1.145918,-8.0658,0.197731,-7.5698,0.183187,64.695317,-73.503924,-7.6546,0.534361,1.290553,0.589902,-0.115218,0.521792,0.466783,0.360691
468,78.421,B,1,64.986955,-73.214131,64.746542,-73.127871,64.681580,-72.517945,0.708583,-1.027776,-6.7015,0.179477,-6.5512,0.172717,64.738897,-73.675333,-6.6299,0.547516,1.158807,0.523680,0.007646,0.547463,0.248058,0.461203
469,78.578,B,1,65.084315,-73.565082,64.868962,-73.292134,64.713947,-72.558131,0.801809,-1.108803,-5.9511,0.167200,-5.6106,0.158782,64.783256,-73.840346,-5.6828,0.554872,1.284087,0.407930,0.085705,0.548213,0.301059,0.275264
470,78.738,B,1,63.952972,-73.654305,64.868962,-73.292134,64.799518,-72.743444,0.740800,-0.990482,-5.1221,0.154218,-4.7534,0.141751,64.826516,-74.000513,-4.8188,0.709650,1.257358,0.939648,0.042446,0.708379,-0.873544,0.346208
471,78.915,B,1,64.744372,-74.011458,64.806149,-73.476488,64.703788,-72.915548,0.194124,-1.088124,-4.4155,0.141787,-3.9825,0.126756,64.867387,-74.157206,-4.0410,0.683467,1.252389,0.190723,-0.061239,0.680718,-0.123015,0.145748
472,79.082,B,1,65.324551,-74.310940,64.805094,-73.928620,64.819852,-73.287722,0.588048,-1.465538,-3.3921,0.121543,-3.2933,0.112800,64.905729,-74.310577,-3.3456,0.394992,1.026454,0.418822,-0.100635,0.381957,0.418822,-0.000363
473,79.238,B,1,64.171535,-74.725566,64.809308,-74.227152,64.749053,-73.531707,0.157094,-1.762180,-2.8473,0.110141,-2.6755,0.100533,64.942472,-74.459580,-2.7226,0.267872,0.947818,0.815532,-0.133165,0.232428,-0.770937,-0.265987
474,79.404,B,1,64.523343,-75.099096,64.688583,-74.573690,64.735382,-73.796673,0.076365,-2.020242,-2.3455,0.100313,-2.1185,0.091586,64.979100,-74.602933,-2.1610,0.291985,0.842291,0.673716,-0.290517,0.029243,-0.455757,-0.496163
475,79.555,B,1,64.605496,-75.375185,64.688583,-74.573690,64.755436,-73.844457,0.086452,-1.825401,-1.8587,0.092197,-1.6168,0.082503,65.016971,-74.740238,-1.6549,0.368208,0.933179,0.756617,-0.328388,0.166548,-0.411475,-0.634948
476,79.709,B,1,65.089671,-74.984164,64.653306,-74.928217,64.752245,-74.115857,0.079748,-1.993657,-1.4649,0.082839,-1.1720,0.072935,65.056711,-74.872355,-1.2054,0.407255,0.815469,0.116566,-0.403406,-0.055863,0.032959,-0.111810
477,79.886,B,1,65.086856,-75.150041,64.837646,-75.236895,64.820045,-74.290546,0.435810,-1.355410,-0.9551,0.070058,-0.7885,0.062131,65.097927,-75.000760,-0.8169,0.351433,0.762642,0.149690,-0.260280,-0.236134,-0.011070,-0.149280
478,80.045,B,1,65.008553,-75.261320,64.925307,-75.319624,64.877727,-74.463124,0.439126,-1.103090,-0.6209,0.060356,-0.4674,0.052628,65.139353,-75.126449,-0.4909,0.288327,0.713055,0.187880,-0.214046,-0.193175,-0.130800,-0.134871
479,80.194,B,1,65.620177,-75.552388,65.071676,-75.426644,64.915054,-74.625805,0.738144,-1.056526,-0.2305,0.046490,-0.2036,0.040125,65.179396,-75.249219,-0.2227,0.207565,0.677142,0.534976,-0.107719,-0.177425,0.440781,-0.303170
480,80.372,B,1,65.531651,-74.862232,65.071676,-75.426644,65.037529,-74.806595,0.671313,-0.952142,-0.0605,0.038747,0.0115,0.033877,65.216832,-75.367919,-0.0041,0.156585,0.589266,0.595676,-0.145156,-0.058725,0.314818,0.505687
481,80.539,B,1,64.668149,-75.049684,65.263811,-75.414548,65.130034,-74.856937,0.751138,-0.341796,0.0595,0.034968,0.1849,0.027397,65.251311,-75.481462,0.1725,0.068071,0.636191,0.725611,0.012500,0.066914,-0.583162,0.431778
482,80.704,B,1,65.262636,-76.284546,65.267251,-75.294583,65.076890,-74.916546,0.329743,-0.087474,0.1474,0.031604,0.3191,0.020646,65.283432,-75.589754,0.3098,0.295614,0.704179,0.695103,-0.016181,0.295171,-0.020796,-0.694792
483,80.850,B,1,65.314360,-74.927875,65.214123,-75.442244,65.119805,-75.154783,0.319798,-0.880753,0.2664,0.025283,0.4119,0.012517,65.314450,-75.693802,0.4061,0.270827,0.573087,0.765927,-0.100327,0.251558,-0.000090,0.765927
484,81.004,B,1,65.262371,-76.340368,65.289096,-75.600181,65.166638,-75.165475,0.257607,-0.860819,0.5022,0.044829,0.6810,0.117378,65.347974,-75.795032,0.6286,0.203552,0.655152,0.552015,-0.058878,0.194850,-0.085603,-0.545337
485,81.153,B,1,65.098766,-76.836824,65.289096,-75.600181,65.195807,-75.373984,0.237717,-0.776652,0.8599,0.058149,0.9552,-0.053820,65.383915,-75.898922,0.9779,0.313428,0.557624,0.980291,-0.094819,0.298741,-0.285149,-0.937902
486,81.308,B,1,65.822925,-75.169071,65.275373,-75.985949,65.196318,-75.630648,0.099179,-1.431114,0.8465,-0.057563,0.2965,-0.079093,65.417769,-75.993831,0.3345,0.142614,0.425373,0.918902,-0.142396,0.007882,0.405156,0.824761
487,81.464,B,1,64.736434,-76.416882,65.344876,-76.066200,65.298251,-75.589306,0.405406,-0.474808,0.8465,-0.057549,0.2914,0.050721,65.457570,-76.090077,0.2914,0.115195,0.525503,0.791732,-0.112694,0.023877,-0.721136,-0.326805
488,81.630,B,1,64.855517,-76.148051,65.343466,-76.030739,65.230124,-75.750967,-0.036169,-0.775525,0.2891,-0.000044,-0.1076,-0.155815,65.495355,-76.180178,-0.0362,0.213078,0.504549,0.640644,-0.151889,0.149439,-0.639838,0.032127
489,81.791,B,1,65.686323,-76.442436,65.190509,-76.159493,65.183686,-75.843005,-0.245663,-0.652925,0.1594,-0.068561,-0.5467,-0.011078,65.531098,-76.264977,-0.5410,0.356549,0.546586,0.235768,-0.340588,0.105484,0.155225,-0.177459
490,81.961,B,1,64.909160,-76.156154,65.205236,-76.252156,65.263827,-75.957306,0.086325,-0.741677,-0.4591,-0.056491,-1.1076,-0.124336,65.565558,-76.347677,-1.0487,0.372769,0.493387,0.683768,-0.360323,0.095522,-0.656398,0.191523
491,82.120,B,1,65.081958,-76.108999,65.226715,-76.312401,65.220163,-76.023413,-0.126961,-0.445519,-1.3028,-0.092883,-1.6608,-0.122963,65.599173,-76.429854,-1.6063,0.390538,0.555737,0.608654,-0.372458,0.117453,-0.517215,0.320855
492,82.280,B,1,65.719129,-76.479156,65.154089,-76.285691,65.204857,-76.065015,-0.168855,-0.247769,-1.3028,-0.092883,-2.3782,-0.127391,65.632250,-76.510767,-2.3194,0.528486,0.617543,0.092452,-0.478161,0.225076,0.086879,0.031611
493,82.439,B,1,65.853324,-75.933536,65.217593,-76.310572,65.285526,-76.153442,0.171161,-0.367249,-2.1373,-0.116601,-3.1527,-0.141157,65.666792,-76.589765,-3.0882,0.528894,0.579433,0.682225,-0.449199,0.279193,0.186531,0.656229
494,82.597,B,1,65.572279,-76.608756,65.387730,-76.292678,65.375697,-76.146550,0.429309,0.033514,-2.7438,-0.128226,-3.9927,-0.151265,65.703733,-76.664853,-3.9233,0.488233,0.613389,0.142923,-0.316003,0.372174,-0.131454,0.056097
495,82.734,B,1,65.557363,-75.781071,65.505235,-76.296726,65.411841,-76.238240,0.386249,-0.252147,-4.5552,-0.153843,-4.8924,-0.162632,65.743252,-76.735331,-4.8183,0.499026,0.597439,0.972197,-0.238017,0.438606,-0.185889,0.954260
496,82.900,B,1,66.370220,-77.227466,65.551009,-76.269603,65.440329,-76.192564,0.325181,0.206681,-5.2582,-0.163373,-5.8534,-0.173205,65.784459,-76.802185,-5.7741,0.581500,0.700044,0.723865,-0.233450,0.532582,0.585761,-0.425281
497,83.067,B,1,65.879897,-76.994311,65.702333,-76.357507,65.585273,-76.366011,0.792637,-0.612341,-5.2582,-0.163380,-6.8806,-0.185595,65.825811,-76.867293,-6.7959,0.524526,0.556005,0.138054,-0.123478,0.509785,0.054085,-0.127019
498,83.233,B,1,64.674536,-76.307596,65.868195,-76.643196,65.638068,-76.481592,0.719519,-0.869440,-6.5752,-0.178096,-7.9759,-0.197408,65.865972,-76.931892,-7.8858,0.288704,0.504688,1.345089,0.002224,0.288696,-1.191435,0.624296
499,83.408,B,1,66.462224,-77.137331,65.733554,-76.696356,65.502984,-76.477714,-0.095775,-0.446435,-7.4458,-0.187203,-9.1344,-0.207562,65.904513,-76.995588,-9.0396,0.344626,0.655301,0.575441,-0.170959,0.299232,0.557711,-0.141743
500,83.560,B,1,65.790609,-75.861359,65.698118,-76.748258,65.649437,-76.595922,0.381561,-0.640253,-9.8542,-0.209253,-10.3464,-0.216182,65.942074,-77.056748,-10.2477,0.393295,0.545891,1.204947,-0.243957,0.308490,-0.151466,1.195389
501,83.711,B,1,65.930566,-77.509067,65.831084,-76.696482,65.677402,-76.507102,0.213650,0.163988,-10.8438,-0.215537,-11.6020,-0.222987,65.980056,-77.113857,-11.5001,0.443164,0.678050,0.398296,-0.148971,0.417375,-0.049490,-0.395210
502,83.868,B,1,65.311766,-77.347488,65.858980,-76.711902,65.721117,-76.672669,0.370786,-0.593353,-10.8438,-0.215540,-12.8972,-0.229889,66.019963,-77.166830,-12.7920,0.482571,0.577498,0.730877,-0.160983,0.454927,-0.708197,-0.180658
503,84.030,B,1,65.958463,-76.790742,65.806331,-76.984079,65.665641,-76.791997,0.064255,-0.908045,-12.6530,-0.225938,-14.2350,-0.237826,66.062623,-77.217180,-14.1263,0.346441,0.581700,0.438975,-0.256292,0.233101,-0.104161,0.426438
504,84.186,B,1,65.757541,-77.778006,65.757227,-77.062244,65.712249,-76.811742,0.108454,-0.502640,-13.6987,-0.231742,-15.6217,-0.245051,66.107792,-77.266886,-15.5089,0.405924,0.603000,0.619612,-0.350565,0.204641,-0.350251,-0.511120
505,84.349,B,1,65.850487,-77.227914,65.782102,-77.185436,65.721820,-76.973986,0.154902,-0.897919,-16.2314,-0.247239,-17.0595,-0.254939,66.154443,-77.316902,-16.9427,0.394868,0.552045,0.316714,-0.372340,0.131466,-0.303956,0.088988
506,84.532,B,1,66.035269,-76.686199,65.785372,-77.345946,65.743066,-77.032420,0.132504,-0.679590,-17.7539,-0.255323,-18.5435,-0.262579,66.201495,-77.366417,-18.4233,0.416627,0.567196,0.700234,-0.416123,0.020470,-0.166226,0.680218
507,84.693,B,1,65.482741,-77.314651,65.824574,-77.261110,65.788759,-77.000698,0.098733,-0.069758,-17.7539,-0.255323,-20.0638,-0.268153,66.248413,-77.413496,-19.9411,0.450400,0.617805,0.772026,-0.423838,0.152385,-0.765672,0.098845
508,84.843,B,1,66.388274,-77.507868,65.803031,-77.193760,65.745610,-77.063906,-0.077028,-0.227852,-19.8145,-0.264690,-21.6127,-0.272243,66.295250,-77.456599,-21.4878,0.558000,0.675508,0.106217,-0.492219,0.262839,0.093024,-0.051269
509,84.997,B,1,66.884266,-77.333235,66.082505,-77.350557,65.841588,-77.146700,0.753810,-0.081941,-22.2895,-0.272058,-23.1883,-0.277002,66.342356,-77.495735,-23.0612,0.297656,0.610405,0.565749,-0.259851,0.145178,0.541910,0.162500
510,85.143,B,1,65.946150,-77.297623,66.082505,-77.350557,65.999203,-77.192210,0.679104,-0.092798,-23.6200,-0.276404,-24.7951,-0.282020,66.390164,-77.532482,-24.6653,0.357423,0.518302,0.502303,-0.307659,0.181925,-0.444015,0.234859
511,85.311,B,1,66.447952,-77.087168,66.210586,-77.362975,65.997142,-77.224874,0.434559,-0.086938,-25.0723,-0.281379,-26.4388,-0.289957,66.439169,-77.568864,-26.3059,0.307637,0.560105,0.481776,-0.228583,0.205889,0.008783,0.481696
512,85.468,B,1,65.224372,-76.954495,66.240319,-77.322502,66.068975,-77.220610,0.442294,0.176052,-25.7559,-0.284470,-28.1199,-0.297290,66.489935,-77.605944,-27.9841,0.377686,0.570692,1.423388,-0.249615,0.283442,-1.265563,0.651449
513,85.630,B,1,66.442016,-77.905381,66.145745,-77.223813,65.949148,-77.194613,-0.254709,0.145615,-27.2361,-0.290087,-29.8324,-0.301005,66.542973,-77.643254,-29.6945,0.577685,0.744249,0.280897,-0.397228,0.419441,-0.100957,-0.262128
514,85.794,B,1,66.603817,-77.862809,66.063699,-77.290555,66.023415,-77.312041,0.264217,-0.294683,-29.3395,-0.296924,-31.5676,-0.303039,66.598477,-77.679359,-31.4281,0.661178,0.682364,0.183528,-0.534778,0.388805,0.005340,-0.183450
515,85.978,B,1,65.771978,-78.048477,66.202836,-77.508272,66.111767,-77.408041,0.537911,-0.417338,-32.2442,-0.304058,-33.3202,-0.307211,66.656036,-77.713034,-33.1793,0.497311,0.623898,0.945559,-0.453201,0.204762,-0.884058,-0.335443
516,86.164,B,1,66.154907,-77.940299,66.212120,-77.701990,66.064394,-77.518124,0.382724,-0.759783,-33.7207,-0.306905,-35.0920,-0.310863,66.714608,-77.744107,-34.9494,0.504249,0.688365,0.593091,-0.502487,0.042117,-0.559701,-0.196192
517,86.339,B,1,66.763320,-78.011663,66.230816,-77.954581,66.078448,-77.597070,0.638632,-0.543539,-35.9291,-0.311535,-36.8889,-0.316557,66.772946,-77.773366,-36.7441,0.571615,0.716525,0.238491,-0.542130,-0.181215,-0.009627,-0.238296
518,86.547,B,1,65.774132,-78.142536,66.241861,-78.052623,66.180532,-77.677160,0.330412,-0.719140,-37.7179,-0.316663,-38.7153,-0.320616,66.830366,-77.801811,-38.5681,0.639723,0.661681,1.109831,-0.588505,-0.250813,-1.056234,-0.340726
519,86.719,B,1,65.755292,-78.386351,66.096984,-78.175901,66.121667,-77.761878,0.209614,-0.912432,-40.2256,-0.322757,-40.5698,-0.326146,66.887363,-77.829961,-40.4205,0.862770,0.768716,1.261409,-0.790378,-0.345940,-1.132070,-0.556390
520,86.902,B,1,66.894226,-77.660329,66.096984,-78.175901,66.066687,-77.867628,0.162667,-0.830462,-41.8334,-0.325989,-42.4450,-0.328933,66.945481,-77.857734,-42.2945,0.906188,0.878849,0.203950,-0.848496,-0.318167,-0.051254,0.197405
521,87.095,B,1,66.431154,-77.924160,66.141986,-78.169215,66.186163,-77.858457,0.204418,-0.125611,-42.5965,-0.327764,-44.3330,-0.331581,67.006344,-77.884871,-44.1816,0.909927,0.820607,0.576531,-0.864358,-0.284344,-0.575190,-0.039289
522,87.292,B,1,66.341725,-78.462157,66.282673,-78.069551,66.222515,-77.881119,0.171590,0.049131,-43.5182,-0.328782,-46.2308,-0.331459,67.070559,-77.911426,-46.0786,0.803597,0.848586,0.913512,-0.787886,-0.158124,-0.728834,-0.550731
523,87.467,B,1,65.963048,-78.495688,66.322221,-78.123947,66.240513,-77.985641,0.377136,-0.189421,-45.8728,-0.330649,-48.1424,-0.335352,67.137263,-77.937855,-47.9888,0.836017,0.898023,1.299984,-0.815043,-0.186092,-1.174215,-0.557833
524,87.616,B,1,66.399880,-77.698839,66.281796,-78.265949,66.198830,-78.076379,0.324379,-0.467646,-47.2545,-0.332035,-50.0748,-0.339885,67.204670,-77.964592,-49.9193,0.970831,1.012033,0.847532,-0.922874,-0.301357,-0.804789,0.265752
525,87.770,B,1,66.672359,-78.172389,66.248863,-78.235003,66.227141,-78.033900,-0.041180,0.011648,-49.5716,-0.336264,-52.0321,-0.344037,67.271237,-77.991521,-51.8746,1.050967,1.044956,0.625595,-1.022374,-0.243482,-0.598878,-0.180868
526,87.917,B,1,66.842849,-78.066151,66.327950,-78.143876,66.291800,-78.070420,0.129033,0.136267,-52.4905,-0.343284,-54.0116,-0.345852,67.336627,-78.017896,-53.8526,1.016514,1.046146,0.496130,-1.008677,-0.125980,-0.493778,-0.048255
527,88.071,B,1,66.769966,-78.313584,66.462717,-78.135875,66.373257,-78.080674,0.230612,0.349428,-53.4666,-0.344893,-56.0061,-0.347284,67.401806,-78.042871,-55.8462,0.943683,1.029243,0.687391,-0.939089,-0.093005,-0.631840,-0.270713
528,88.236,B,1,67.508580,-77.858607,66.587254,-78.156877,66.433147,-78.129847,0.405476,0.294957,-55.3090,-0.346757,-58.0087,-0.350487,67.468258,-78.066273,-57.8483,0.885651,1.037061,0.211544,-0.881004,-0.090605,0.040323,0.207666
529,88.409,B,1,67.285304,-77.747253,67.007932,-78.025987,66.596550,-78.102960,0.274279,0.947127,-59.5416,-0.351090,-60.0174,-0.351708,67.536874,-78.088939,-59.8564,0.532675,0.940428,0.424308,-0.528942,0.062952,-0.251570,0.341687
530,88.576,B,1,67.520714,-79.373905,67.007932,-78.025987,66.706280,-78.062092,0.277815,0.846915,-61.3974,-0.352633,-62.0363,-0.353127,67.607371,-78.112303,-61.8742,0.605622,0.902488,1.264574,-0.599439,0.086316,-0.086657,-1.261602
531,88.746,B,1,66.740467,-77.649618,67.192193,-78.211002,66.835041,-78.268020,1.238659,0.336607,-62.3927,-0.353139,-64.0718,-0.357986,67.678631,-78.137531,-63.9082,0.491956,0.853623,1.057455,-0.486438,-0.073471,-0.938164,0.487913
532,88.898,B,1,66.923795,-78.362780,67.239895,-78.342820,66.831264,-78.191366,0.417773,0.381218,-63.3468,-0.354363,-66.1271,-0.358793,67.749635,-78.164812,-65.9620,0.539928,0.918755,0.849237,-0.509740,-0.178008,-0.825841,-0.197968
533,89.055,B,1,67.197634,-79.279026,67.163553,-78.476125,66.853320,-78.228543,1.039275,-0.199147,-67.8767,-0.360577,-68.1996,-0.362018,67.820202,-78.193269,-68.0333,0.714979,0.967526,1.251583,-0.656649,-0.282855,-0.622568,-1.085757
534,89.215,B,1,67.493215,-78.113464,67.234425,-78.596879,66.994641,-78.355779,0.532599,0.135273,-69.3472,-0.362197,-70.2830,-0.365337,67.890953,-78.221538,-70.1161,0.756247,0.906309,0.412159,-0.656528,-0.375341,-0.397738,0.108074
535,89.358,B,1,66.467107,-78.825357,67.234425,-78.596879,67.004160,-78.370480,0.485554,0.104650,-71.1917,-0.363935,-72.3725,-0.366043,67.962614,-78.248596,-72.2052,0.807193,0.966172,1.602870,-0.728189,-0.348283,-1.495507,-0.576760
536,89.522,B,1,67.667399,-77.993488,67.171953,-78.596938,66.932051,-78.451013,0.437198,-0.369693,-73.1081,-0.365574,-74.4675,-0.365787,68.035308,-78.274345,-74.2997,0.921656,1.117313,0.462858,-0.863356,-0.322593,-0.367909,0.280856
537,89.698,B,1,66.517385,-77.857642,67.140548,-78.561508,67.045875,-78.397720,0.014236,0.144002,-74.1076,-0.365637,-76.5717,-0.367965,68.108418,-78.299605,-76.4029,1.002679,1.067062,1.651277,-0.967870,-0.261903,-1.591032,0.441964
538,89.893,B,1,67.303036,-78.196652,67.051249,-78.217308,66.974898,-78.328589,-0.455598,0.093185,-77.5156,-0.368785,-78.6893,-0.369415,68.181104,-78.325596,-78.5193,1.135033,1.206210,0.887485,-1.129855,0.108287,-0.878068,0.128943
539,90.054,B,1,67.826441,-78.590985,67.201212,-78.251417,67.142811,-78.356646,0.033936,0.401109,-80.1304,-0.370842,-80.8216,-0.373663,68.253032,-78.353296,-80.6506,1.056743,1.110227,0.488340,-1.051820,0.101879,-0.426591,-0.237688
540,90.217,B,1,67.155358,-78.582619,67.201212,-78.251417,67.151186,-78.365917,0.044139,0.361153,-82.1465,-0.373079,-82.9655,-0.374263,68.324671,-78.383091,-82.7937,1.131149,1.173611,1.186214,-1.123459,0.131674,-1.169312,-0.199527
541,90.374,B,1,67.236048,-78.522751,67.305177,-78.357399,67.158801,-78.406709,0.219887,0.191817,-84.0809,-0.374823,-85.1156,-0.375766,68.396897,-78.414745,-84.9434,1.093225,1.238122,1.165862,-1.091720,0.057346,-1.160849,-0.108006
542,90.536,B,1,68.106764,-79.438443,67.425108,-78.645090,67.176142,-78.432962,1.069656,0.441894,-86.9466,-0.375262,-87.2691,-0.376196,68.470221,-78.447599,-87.0967,1.063608,1.294161,1.055401,-1.045112,-0.197491,-0.363457,-0.990844
543,90.683,B,1,67.813448,-78.969538,67.610195,-78.888060,67.389443,-78.646232,1.023987,0.474532,-88.4307,-0.375454,-89.4275,-0.377687,68.544301,-78.480835,-89.2545,1.019013,1.166642,0.879192,-0.934107,-0.407225,-0.730854,-0.488703
544,90.842,B,1,67.137036,-79.376164,67.601666,-79.054043,67.398287,-78.661868,1.176697,0.074528,-90.3427,-0.376735,-91.4211,-0.378882,68.618168,-78.513765,-91.4211,1.151163,1.228838,1.713909,-1.016501,-0.540279,-1.481132,-0.862400
545,91.037,B,1,67.294513,-78.068401,67.601666,-79.054043,67.366174,-78.781886,1.065412,0.027081,-93.0772,-0.379568,-93.7747,-0.380951,68.690968,-78.546120,-93.5999,1.201900,1.345609,1.475908,-1.089302,-0.507923,-1.396455,0.477719
546,91.226,B,1,67.388720,-79.352061,67.497582,-79.002248,67.360701,-78.691879,0.098692,-0.089642,-94.8541,-0.381035,-95.9184,-0.330723,68.762570,-78.578573,-95.7650,1.334052,1.406441,1.576625,-1.264988,-0.423675,-1.373850,-0.773488
547,91.411,B,1,67.973550,-79.306540,67.444583,-78.936716,67.368193,-78.801808,0.489462,-0.108819,-94.8541,-0.381034,-97.5389,-0.325478,68.829873,-78.615844,-97.3907,1.421966,1.473463,1.100159,-1.385290,-0.320872,-0.856323,-0.690695
548,91.565,B,1,67.379515,-79.591821,67.510535,-79.097724,67.459966,-78.890030,0.609483,0.203653,-97.2034,-0.312636,-99.8741,-0.457435,68.899089,-78.663750,-99.6625,1.454790,1.456804,1.780567,-1.388554,-0.433974,-1.519574,-0.928071
549,91.715,B,1,68.093721,-78.411632,67.561527,-79.257993,67.450515,-79.005293,0.851929,0.078624,-99.1125,-0.404406,-101.8865,-0.257319,68.965200,-78.718111,-101.7671,1.503919,1.541670,0.923799,-1.403673,-0.539882,-0.871479,0.306479
550,91.867,B,1,67.387164,-78.605207,67.612575,-79.209481,67.547844,-78.933991,-0.072058,0.234390,-100.9906,-0.362515,-103.4833,-0.352642,69.026725,-78.777333,-103.3224,1.478706,1.487156,1.648571,-1.414150,-0.432148,-1.639561,0.172126
551,92.045,B,1,67.687554,-78.866942,67.651130,-78.984965,67.528996,-78.898245,-0.357541,-0.006812,-103.7755,-0.354324,-105.3668,-0.284496,69.090569,-78.843988,-105.3668,1.446326,1.562516,1.403203,-1.439439,-0.140977,-1.403016,-0.022955
552,92.200,B,1,67.486667,-80.270637,67.626081,-78.884467,67.555823,-78.903895,-0.356005,0.031306,-104.7593,-0.322936,-107.0451,-0.343403,69.146949,-78.912165,-106.8893,1.521120,1.591147,2.145224,-1.520868,0.027698,-1.660282,-1.358473
553,92.390,B,1,67.329265,-79.192308,67.567206,-79.324425,67.548280,-79.117505,0.520445,-0.042340,-107.8232,-0.277434,-108.6808,-0.279456,69.201415,-78.985015,-108.5544,1.669082,1.658436,1.883591,-1.634208,-0.339410,-1.872150,-0.207294
554,92.570,B,1,67.934371,-79.400812,67.577054,-79.356188,67.516901,-79.142478,0.426940,0.183400,-109.8130,-0.269947,-110.2603,-0.264914,69.252151,-79.062709,-110.1387,1.700612,1.737082,1.360463,-1.675097,-0.293479,-1.317780,-0.338104
555,92.759,B,1,68.293505,-79.868706,67.577054,-79.356188,67.578302,-79.194070,0.390181,0.155485,-111.0369,-0.261689,-111.7422,-0.252888,69.299380,-79.146928,-111.6263,1.734991,1.721723,1.238042,-1.722326,-0.209260,-1.005875,-0.721778
556,92.935,B,1,68.252393,-79.122833,67.734862,-79.487173,67.684691,-79.307970,0.578090,0.549364,-112.3963,-0.251795,-113.1524,-0.240557,69.343629,-79.239148,-113.0422,1.627774,1.660365,1.097417,-1.608767,-0.248025,-1.091235,0.116315
557,93.098,B,1,67.964593,-79.364096,67.909023,-79.530982,67.770922,-79.293461,0.099760,0.585200,-112.3963,-0.251790,-114.4952,-0.229433,69.384448,-79.339408,-114.3901,1.487810,1.614180,1.420070,-1.475425,-0.191575,-1.419855,-0.024689
558,93.241,B,1,67.861526,-78.400963,67.995147,-79.463080,67.805274,-79.320213,0.011643,0.451804,-114.0732,-0.236477,-115.7789,-0.219469,69.420954,-79.446394,-115.6782,1.425905,1.620600,1.877430,-1.425807,-0.016686,-1.559428,1.045431
559,93.384,B,1,68.273082,-79.421363,67.997029,-79.272130,67.819205,-79.196632,-0.714266,-0.010967,-115.1592,-0.227827,-117.0114,-0.209921,69.452574,-79.558120,-116.9145,1.483375,1.672892,1.187395,-1.455545,0.285990,-1.179493,0.136757
560,93.546,B,1,68.446532,-80.044361,68.039728,-79.129839,67.891584,-79.238442,-0.374529,0.242068,-117.3738,-0.211454,-118.1961,-0.203611,69.479639,-79.672928,-118.1031,1.538924,1.646420,1.097848,-1.439911,0.543089,-1.033106,-0.371433
561,93.705,B,1,67.948364,-78.599917,68.164240,-79.318317,67.979597,-79.367401,0.187737,0.642463,-118.4907,-0.204616,-119.3317,-0.193408,69.503255,-79.790228,-119.2428,1.419740,1.581239,1.958194,-1.339016,0.471910,-1.554891,1.190310
562,93.873,B,1,67.781897,-80.084969,68.205971,-79.327535,67.982618,-79.264937,-0.377320,0.140646,-118.9268,-0.201419,-120.4150,-0.184575,69.524496,-79.910610,-120.3303,1.441696,1.671611,1.751301,-1.318526,0.583075,-1.742599,-0.174359
563,94.116,B,1,68.372913,-81.219472,68.132429,-79.820657,67.958769,-79.394351,1.460129,1.026450,-121.1798,-0.181388,-121.4445,-0.175826,69.543497,-80.035296,-121.3640,1.427299,1.709437,1.665094,-1.411067,0.214639,-1.170584,-1.184176
564,94.296,B,1,68.768440,-80.197904,68.271705,-80.211140,68.023519,-79.676608,1.105069,1.130839,-122.1776,-0.172903,-122.4234,-0.167325,69.559187,-80.165314,-122.3468,1.288298,1.611556,0.791419,-1.287483,-0.045826,-0.790748,-0.032590
565,94.460,B,1,68.762574,-79.803603,68.271705,-80.211140,68.138380,-79.772033,1.016074,1.005107,-122.9386,-0.166685,-123.3585,-0.159889,69.569889,-80.300974,-123.2851,1.301289,1.526105,0.948228,-1.298184,0.089834,-0.807316,0.497371
566,94.619,B,1,67.408299,-80.645041,68.432843,-80.237554,68.237735,-79.795504,0.474508,0.845560,-123.6444,-0.160173,-124.2563,-0.153308,69.574378,-80.441892,-124.1857,1.159679,1.484733,2.175585,-1.141535,0.204339,-2.166079,-0.203148
567,94.777,B,1,69.401519,-80.618094,68.355208,-80.308965,68.121585,-79.938830,1.022500,0.451721,-123.6444,-0.160188,-125.1191,-0.147094,69.572703,-80.587369,-125.0514,1.248921,1.589449,0.173919,-1.217495,0.278404,-0.171184,-0.030725
568,94.929,B,1,68.084780,-80.375480,68.380081,-80.486984,68.315089,-80.059668,0.642606,0.988179,-124.9532,-0.150680,-125.9447,-0.140895,69.566164,-80.736714,-125.8801,1.212088,1.422525,1.524791,-1.186083,0.249730,-1.481383,0.361234
569,95.085,B,1,68.030455,-81.024708,68.496166,-80.558877,68.288000,-80.127248,0.557646,0.528167,-125.6453,-0.144914,-126.7302,-0.132811,69.556451,-80.889354,-126.6689,1.110594,1.479789,1.531988,-1.060285,0.330477,-1.525997,-0.135354
570,95.258,B,1,67.310956,-81.517629,68.381438,-80.666227,68.254375,-80.280928,0.809906,0.405636,-127.0597,-0.133209,-127.4751,-0.127954,69.544555,-81.044824,-127.4170,1.223183,1.499367,2.283092,-1.163117,0.378597,-2.233599,-0.472805
571,95.455,B,1,67.388637,-81.544337,68.165961,-80.935732,68.115838,-80.486715,1.417060,0.230300,-127.6358,-0.128435,-128.1831,-0.120507,69.530161,-81.202816,-128.1277,1.390100,1.585279,2.168586,-1.364201,0.267084,-2.141525,-0.341520
572,95.636,B,1,67.948582,-81.546405,67.765942,-81.423821,68.004472,-80.668598,1.545863,0.245830,-128.7487,-0.118753,-128.8599,-0.116513,69.511940,-81.363322,-128.8068,1.747046,1.659850,1.574043,-1.745998,-0.060499,-1.563359,-0.183083
573,95.787,B,1,67.687621,-81.916787,67.722054,-81.620751,67.946062,-80.983589,1.572546,0.344281,-129.2621,-0.115044,-129.5099,-0.110400,69.488430,-81.526783,-129.4589,1.768873,1.635224,1.842557,-1.766376,-0.093969,-1.800809,-0.390004
574,95.950,B,1,67.797237,-82.549258,67.677905,-81.925689,67.917492,-81.237641,1.778084,0.706063,-129.8069,-0.110773,-130.1333,-0.106434,69.458871,-81.694053,-130.0845,1.795967,1.607532,1.868797,-1.780966,-0.231636,-1.661634,-0.855205
575,96.098,B,1,67.924008,-81.527443,67.677905,-81.925689,67.908375,-81.273783,1.614033,0.620822,-130.3759,-0.106180,-130.7265,-0.102207,69.423503,-81.866009,-130.6803,1.746618,1.626759,1.537241,-1.745598,-0.059680,-1.499494,0.338566
576,96.273,B,1,67.894467,-82.390540,67.687062,-82.066066,67.902025,-81.344295,0.967244,0.335025,-130.8844,-0.101580,-131.2859,-0.095530,69.383213,-82.042937,-131.2424,1.696309,1.637687,1.528787,-1.696151,-0.023129,-1.488745,-0.347602
577,96.455,B,1,68.278550,-82.718476,67.807932,-82.340370,67.892386,-81.531071,0.976781,0.935082,-131.6289,-0.093539,-131.8119,-0.090399,69.338916,-82.224146,-131.7710,1.535389,1.603995,1.169932,-1.530984,-0.116224,-1.060367,-0.494331
578,96.649,B,1,67.864652,-83.486574,67.881150,-82.690524,67.941613,-81.740563,1.424261,1.290029,-132.0536,-0.088995,-132.3093,-0.085414,69.291090,-82.408183,-132.2704,1.437932,1.505591,1.788199,-1.409940,-0.282342,-1.426438,-1.078392
579,96.828,B,1,68.096314,-83.412925,67.913053,-83.063411,67.948206,-82.234839,1.403867,1.406812,-132.7169,-0.082988,-132.7839,-0.079927,69.239711,-82.593607,-132.7467,1.407387,1.340411,1.406641,-1.326658,-0.469804,-1.143397,-0.819318
580,97.015,B,1,67.763493,-82.184119,67.913053,-83.063411,67.941551,-82.279471,1.278985,1.261595,-133.0351,-0.065446,-133.2044,-0.000824,69.184502,-82.779534,-133.1838,1.302755,1.339773,1.540710,-1.271449,-0.283877,-1.421009,0.595415
581,97.150,B,1,67.840621,-83.653582,67.918812,-83.089256,67.908824,-82.305517,0.589365,0.499130,-133.1537,0.005442,-133.0167,-0.006871,69.129570,-82.954988,-133.0149,1.218180,1.382763,1.466092,-1.210758,-0.134268,-1.288950,-0.698594
582,97.313,B,1,67.343247,-83.778077,67.792726,-83.393888,67.891968,-82.542983,1.276006,0.716066,-133.2175,-0.065072,-133.5284,-0.153892,69.074110,-83.134600,-133.4560,1.307354,1.321919,1.846604,-1.281384,-0.259288,-1.730862,-0.643477
583,97.464,B,1,67.860097,-83.376290,67.720380,-83.541098,67.802911,-82.765600,0.927553,0.559769,-133.7902,-0.024690,-133.7820,0.058419,69.019374,-83.312505,-133.8070,1.318955,1.333750,1.161031,-1.298995,-0.228593,-1.159278,-0.063785
584,97.642,B,1,67.427836,-83.159984,67.676556,-83.519751,67.748398,-82.934692,0.655481,0.126732,-133.6500,0.019030,-133.5228,-0.026774,68.963560,-83.483847,-133.5124,1.287505,1.333488,1.569502,-1.287005,-0.035904,-1.535724,0.323863
585,97.795,B,1,67.481462,-83.285136,67.676556,-83.519751,67.738894,-82.974283,0.592642,0.113891,-133.6324,-0.015547,-133.6502,0.057849,68.903289,-83.663637,-133.6754,1.235143,1.353154,1.471345,-1.226734,0.143886,-1.421828,0.378500
586,97.958,B,1,67.433740,-83.773961,67.589191,-83.463255,67.693708,-83.049365,0.451637,-0.057141,-133.5553,0.042641,-133.2774,0.019342,68.840973,-83.835771,-133.2872,1.306035,1.390918,1.408589,-1.251782,0.372517,-1.407232,0.061810
587,98.130,B,1,67.233127,-83.958620,67.524522,-83.513925,67.644587,-83.197843,0.644576,0.072328,-133.4152,0.033046,-132.9974,0.078528,68.776709,-84.007510,-133.0334,1.345957,1.391855,1.544356,-1.252188,0.493585,-1.543582,0.048890
588,98.306,B,1,67.301830,-84.189046,67.441127,-83.665743,67.576260,-83.337241,0.851638,0.155887,-133.1879,0.046700,-132.5646,0.089968,68.713542,-84.172825,-132.6072,1.369735,1.411245,1.411805,-1.272415,0.507083,-1.411712,-0.016220
589,98.457,B,1,67.707862,-84.678896,67.359515,-83.852066,67.525895,-83.497434,0.996623,0.328300,-132.6878,0.071160,-132.0470,0.100369,68.653227,-84.332185,-132.0923,1.379929,1.402742,1.006937,-1.293711,0.480119,-0.945364,-0.346711
590,98.611,B,1,67.766450,-84.630066,67.373237,-84.114765,67.543698,-83.707131,1.109475,0.808076,-132.2123,0.089048,-131.4294,0.115541,68.596298,-84.486103,-131.4822,1.278190,1.309490,0.842243,-1.223061,0.371338,-0.829848,-0.143963
591,98.765,B,1,67.031160,-85.346740,67.464922,-84.380240,67.569742,-83.880017,0.908716,0.932768,-131.3149,0.113987,-130.7229,0.122634,68.541533,-84.635884,-130.7808,1.106547,1.231143,1.669294,-1.076612,0.255644,-1.510373,-0.710856
592,98.919,B,1,67.051059,-84.616511,67.443774,-84.683653,67.483059,-84.142584,1.490140,1.099649,-130.9559,0.120734,-130.6390,-0.082913,68.489363,-84.789164,-130.6023,1.050899,1.196124,1.448629,-1.045589,0.105511,-1.438304,0.172653
593,99.074,B,1,67.290046,-84.005824,67.321855,-84.889628,67.411630,-84.252662,1.196232,0.657009,-130.5466,0.013144,-130.3998,0.103232,68.437056,-84.935109,-130.4474,1.116128,1.231760,1.476212,-1.115201,0.045482,-1.147010,0.929285
594,99.247,B,1,67.407114,-85.074222,67.272940,-84.749384,67.385725,-84.253271,0.577026,0.344271,-130.0384,0.085795,-129.8363,0.092143,68.380595,-85.083752,-129.8793,1.157023,1.295942,0.973528,-1.107655,0.334367,-0.973481,0.009530
595,99.419,B,1,66.329714,-85.727208,67.272940,-84.749384,67.381869,-84.408967,0.518850,0.315730,-129.5821,0.087503,-129.3293,0.083591,68.325711,-85.233139,-129.3678,1.158597,1.253035,2.056236,-1.052771,0.483755,-1.995997,-0.494069
596,99.609,B,1,66.609175,-85.682777,67.139230,-85.015550,67.218774,-84.639477,1.241066,0.329585,-129.1321,0.081377,-128.8776,0.074810,68.273664,-85.381474,-128.9117,1.191991,1.289710,1.691540,-1.134434,0.365923,-1.664489,-0.301303
597,99.764,B,1,66.721095,-86.013381,66.913828,-85.322094,67.118411,-84.831429,1.550140,0.374294,-128.9559,0.078657,-128.4797,0.065185,68.225914,-85.526663,-128.5096,1.327938,1.307637,1.581573,-1.312086,0.204569,-1.504819,-0.486718
598,99.920,B,1,66.549751,-85.076417,66.704944,-85.672231,67.048522,-85.045295,1.058930,0.031149,-128.3290,0.064558,-128.1336,0.057386,68.183461,-85.667312,-128.1595,1.478525,1.294215,1.737287,-1.478517,-0.004919,-1.633710,0.590895
599,100.072,B,1,66.857899,-84.944965,66.664300,-85.512781,66.947821,-85.067880,0.411560,-0.218603,-128.0364,0.057758,-127.8363,0.047940,68.146416,-85.803295,-127.8584,1.510320,1.406223,1.548227,-1.482116,0.290514,-1.288517,0.858330
600,100.229,B,1,67.459989,-86.052676,66.664300,-85.512781,66.935484,-85.102435,0.373002,-0.195716,-127.6677,0.045534,-127.5847,0.040158,68.113915,-85.935740,-127.6032,1.510059,1.443294,0.664299,-1.449616,0.422959,-0.653926,-0.116936
601,100.400,B,1,66.640455,-86.662458,66.778591,-85.539775,67.003028,-85.275599,0.435859,0.417725,-127.5011,0.040188,-127.3761,0.032563,68.084409,-86.066536,-127.3912,1.408062,1.339764,1.562091,-1.305818,0.526760,-1.443954,-0.595922
602,100.559,B,1,66.586497,-85.964593,66.847712,-85.858417,66.941667,-85.515097,1.093791,0.759134,-127.4189,0.036840,-126.8739,0.147697,68.053571,-86.199737,-126.9432,1.253233,1.305780,1.485798,-1.205859,0.341320,-1.467073,0.235144
603,100.742,B,1,65.921315,-86.827958,66.777016,-86.082592,66.880951,-85.617503,0.920655,0.490665,-127.1581,0.082855,-126.6579,-0.064958,68.020721,-86.331414,-126.6301,1.268351,1.344895,2.157328,-1.243705,0.248822,-2.099406,-0.496545
604,100.922,B,1,66.755932,-86.464797,66.611783,-86.268029,66.729236,-85.832171,1.482273,0.401451,-126.7184,0.052461,-127.1775,-0.030319,67.993747,-86.465148,-127.1618,1.395951,1.414089,1.237815,-1.381964,0.197119,-1.237815,0.000351
605,101.083,B,1,66.035276,-86.283980,66.504644,-86.479437,66.721544,-85.962394,1.058013,0.407066,-127.1015,0.020207,-126.9764,0.020602,67.959478,-86.600656,-126.9880,1.459876,1.392789,1.950086,-1.454834,0.121219,-1.924202,0.316675
606,101.248,B,1,66.352171,-86.903995,66.441100,-86.522962,66.608602,-86.045433,0.904968,0.035190,-127.1082,-0.053366,-127.4278,-0.118437,67.932216,-86.734125,-127.3726,1.505994,1.492062,1.589150,-1.491116,0.211163,-1.580045,-0.169870
607,101.397,B,1,67.215681,-87.178172,66.336001,-86.610470,66.557751,-86.206630,1.064843,0.202580,-127.1082,-0.053363,-127.6500,-0.019241,67.905810,-86.864869,-127.6434,1.590288,1.500181,0.757916,-1.569808,0.254399,-0.690129,-0.313303
608,101.556,B,1,66.149198,-87.870157,66.435912,-86.819269,66.643501,-86.385094,0.892367,0.764671,-127.6434,-0.035463,-128.1862,-0.088278,67.883742,-86.991936,-128.1450,1.458090,1.380744,1.944201,-1.447831,0.172667,-1.734545,-0.878222
609,101.715,B,1,66.682111,-86.438737,66.495800,-87.137607,66.560735,-86.641069,1.458568,0.904676,-127.9220,-0.088024,-128.6330,-0.110702,67.861399,-87.116227,-128.5844,1.365766,1.384739,1.360041,-1.365599,-0.021380,-1.179288,0.677490
610,101.870,B,1,66.186837,-86.603134,66.466444,-87.232476,66.568357,-86.647924,0.524783,0.361649,-128.8602,-0.097904,-129.2601,-0.122037,67.840189,-87.239242,-129.2067,1.373762,1.402574,1.771499,-1.373745,0.006766,-1.653352,0.636109
611,102.062,B,1,66.627362,-87.137275,66.447794,-87.052059,66.501990,-86.673762,0.242847,-0.051896,-129.4080,-0.108856,-129.9588,-0.128464,67.817932,-87.363264,-129.9009,1.405037,1.485637,1.211829,-1.370138,0.311206,-1.190570,0.225990
612,102.245,B,1,65.793733,-88.346510,66.426593,-87.013867,66.510218,-86.772081,0.240542,0.122609,-129.6890,-0.116192,-130.7207,-0.138801,67.794095,-87.489919,-130.6571,1.447995,1.470929,2.176051,-1.367503,0.476051,-2.000362,-0.856591
613,102.406,B,1,67.206293,-88.527580,66.382244,-87.744868,66.393527,-87.035213,1.290341,1.270416,-131.3839,-0.143814,-131.5518,-0.150674,67.768803,-87.619280,-131.4828,1.392235,1.494161,1.068375,-1.386559,-0.125588,-0.562509,-0.908300
614,102.551,B,1,65.518453,-88.001179,66.364294,-88.024255,66.502356,-87.290117,1.451929,0.650352,-131.9991,-0.151903,-132.4521,-0.162530,67.742534,-87.749849,-132.3775,1.405292,1.322647,2.238237,-1.378241,-0.274406,-2.224081,-0.251330
615,102.707,B,1,66.548229,-87.954527,66.364294,-88.024255,66.346661,-87.431105,1.321550,0.567040,-132.9053,-0.162577,-133.4225,-0.174450,67.716171,-87.879395,-133.3423,1.359617,1.441015,1.170356,-1.351878,-0.144860,-1.167942,-0.075132
616,102.860,B,1,65.601073,-88.496859,66.248837,-88.109583,66.363956,-87.543623,0.951617,0.520011,-133.8526,-0.175033,-134.4616,-0.185968,67.690751,-88.006257,-134.3760,1.445611,1.405139,2.146495,-1.441914,-0.103326,-2.089678,-0.490601
617,103.062,B,1,66.136901,-87.976219,66.045376,-88.305611,66.238339,-87.718692,0.874509,0.124592,-135.1471,-0.189681,-135.5643,-0.197823,67.667049,-88.130199,-135.4739,1.631133,1.486792,1.537876,-1.621673,-0.175412,-1.530148,0.153980
618,103.229,B,1,65.870712,-88.683148,65.990059,-88.375469,66.208631,-87.790480,1.022739,0.240859,-136.1108,-0.198413,-136.7238,-0.208249,67.645157,-88.252332,-136.6291,1.659673,1.508945,1.825995,-1.655098,-0.123137,-1.774445,-0.430817
619,103.416,B,1,66.000082,-87.922110,65.934436,-88.399306,66.122812,-87.949824,0.548582,-0.106772,-137.6505,-0.210504,-137.9340,-0.215585,67.624216,-88.374453,-137.8354,1.689963,1.560297,1.685950,-1.689780,-0.024853,-1.624135,0.452343
620,103.608,B,1,65.893342,-88.965167,65.934436,-88.399306,66.106843,-87.980852,0.493517,-0.107915,-138.6198,-0.216247,-139.1915,-0.221382,67.602610,-88.498148,-139.0892,1.671100,1.582692,1.771922,-1.668174,0.098842,-1.709269,-0.467019
621,103.788,B,1,66.264825,-88.021769,65.902371,-88.451892,66.062673,-88.149175,0.757340,0.222362,-139.7498,-0.223608,-140.4961,-0.230784,67.578747,-88.624045,-140.3900,1.685193,1.588705,1.445382,-1.676376,0.172152,-1.313922,0.602275
622,103.972,B,1,65.842568,-88.545435,65.923203,-88.499939,66.074638,-88.164073,0.256994,0.012387,-139.7498,-0.223609,-141.8480,-0.238400,67.551988,-88.751667,-141.7381,1.648122,1.589916,1.721816,-1.628785,0.251729,-1.709420,0.206233
623,104.147,B,1,66.205645,-88.459042,65.940208,-88.449615,66.026017,-88.245982,0.328253,0.031933,-141.5848,-0.234515,-143.2457,-0.245526,67.523109,-88.879858,-143.1323,1.640331,1.625756,1.383039,-1.582901,0.430243,-1.317464,0.420816
624,104.317,B,1,65.729482,-88.185176,65.950901,-88.480636,66.038427,-88.301777,0.149728,0.107630,-142.8719,-0.241700,-144.6855,-0.254460,67.494000,-89.007432,-144.5689,1.630542,1.617604,1.946697,-1.543099,0.526796,-1.764518,0.822255
625,104.489,B,1,66.271580,-89.300226,65.944886,-88.436365,65.979639,-88.306475,0.076055,-0.171205,-145.2680,-0.253505,-146.1630,-0.262464,67.466672,-89.133700,-146.0435,1.673950,1.701637,1.206639,-1.521786,0.697334,-1.195093,-0.166526
626,104.658,B,1,66.141328,-88.236389,65.955151,-88.548307,66.009197,-88.473881,0.329760,0.489472,-146.4559,-0.260051,-147.6752,-0.265736,67.442245,-89.258569,-147.5530,1.648005,1.633818,1.654459,-1.487094,0.710262,-1.300916,1.022180
627,104.835,B,1,65.346653,-89.730884,66.025665,-88.643966,66.017069,-88.459902,0.024273,0.178490,-147.0592,-0.262394,-149.2205,-0.273742,67.420485,-89.382366,-149.0957,1.578212,1.679439,2.102913,-1.394819,0.738400,-2.073831,-0.348518
628,105.019,B,1,65.615148,-89.497211,65.944648,-88.789786,65.905667,-88.666803,0.835239,0.683875,-148.3011,-0.266927,-150.7985,-0.278265,67.399951,-89.505679,-150.6710,1.621854,1.713651,1.784823,-1.455303,0.715893,-1.784803,0.008468
629,105.202,B,1,65.587736,-89.709586,65.709718,-89.360522,65.847976,-88.811080,1.141146,0.910307,-151.9296,-0.280135,-152.4083,-0.284258,67.378708,-89.629229,-152.2783,1.690483,1.735657,1.792773,-1.668990,0.268707,-1.790971,-0.080357
630,105.361,B,1,65.206960,-90.029106,65.709718,-89.360522,65.793682,-88.966312,1.054385,0.793319,-153.2450,-0.285145,-154.0478,-0.290801,67.355346,-89.753635,-153.9156,1.691931,1.748906,2.165975,-1.645629,0.393112,-2.148386,-0.275471
631,105.525,B,1,65.638799,-89.563048,65.578890,-89.619490,65.689708,-89.146725,1.313491,0.867327,-154.7364,-0.290144,-155.7146,-0.295333,67.329692,-89.879131,-155.5803,1.769950,1.796097,1.720182,-1.750802,0.259641,-1.690893,0.316082
632,105.691,B,1,65.764970,-89.194794,65.491781,-89.706808,65.663591,-89.232644,0.568826,0.181676,-156.3946,-0.294668,-157.4074,-0.299866,67.302832,-90.005366,-157.2710,1.835495,1.812239,1.738403,-1.811051,0.298557,-1.537862,0.810572
633,105.852,B,1,66.001482,-89.976600,65.568918,-89.707889,65.661051,-89.249950,0.356788,0.493313,-158.8656,-0.301443,-159.1270,-0.304134,67.276537,-90.131461,-158.9884,1.759368,1.840342,1.284425,-1.707619,0.423571,-1.275055,0.154861
634,106.023,B,1,65.620161,-89.902374,65.621545,-89.821049,65.684185,-89.453952,0.351371,0.484912,-160.1981,-0.304869,-160.8745,-0.307736,67.252443,-90.256403,-160.7336,1.688005,1.761636,1.670234,-1.630898,0.435354,-1.632282,0.354029
635,106.199,B,1,65.952381,-89.894964,65.621545,-89.821049,65.669010,-89.477290,0.330897,0.428395,-161.4720,-0.307837,-162.6500,-0.312916,67.231437,-90.379580,-162.5070,1.704027,1.804246,1.367785,-1.609892,0.558531,-1.279056,0.484616
636,106.394,B,1,65.248796,-90.619990,65.659259,-89.884856,65.696420,-89.560309,0.147353,0.444752,-163.0270,-0.310937,-164.4516,-0.316480,67.213377,-90.501120,-164.3066,1.671844,1.785016,1.968174,-1.554117,0.616264,-1.964581,-0.118870
637,106.551,B,1,64.994900,-89.977818,65.471482,-90.183596,65.616119,-89.737712,0.723505,0.419698,-165.2948,-0.316350,-166.2760,-0.321076,67.197070,-90.621840,-166.1293,1.780368,1.811378,2.294410,-1.725588,0.438243,-2.202171,0.644022
638,106.707,B,1,65.756650,-91.123238,65.412749,-90.361453,65.544310,-89.986068,0.626269,1.106829,-167.8214,-0.320908,-168.1198,-0.323167,67.180697,-90.742725,-167.9716,1.808593,1.802857,1.474008,-1.767948,0.381273,-1.424047,-0.380513
639,106.875,B,1,65.504897,-90.307288,65.445312,-90.543247,65.524029,-90.054578,0.483265,0.721733,-169.1714,-0.322780,-169.9812,-0.326509,67.162631,-90.864266,-169.8316,1.747065,1.827734,1.748801,-1.717318,0.321020,-1.657733,0.556979
640,107.021,B,1,65.128099,-90.708785,65.445312,-90.543247,65.507442,-90.078924,0.457769,0.637889,-170.8907,-0.326205,-171.8610,-0.330384,67.142208,-90.986129,-171.7099,1.753739,1.869621,2.033115,-1.696896,0.442882,-2.014110,0.277344
641,107.193,B,1,66.152577,-90.576685,65.379107,-90.591697,65.434813,-90.193572,0.585067,0.609978,-172.5734,-0.323432,-173.6267,-0.240889,67.118785,-91.107333,-173.5140,1.814486,1.915913,1.102336,-1.739678,0.515636,-0.966208,0.530648
642,107.371,B,1,65.840258,-90.213576,65.427121,-90.658026,65.524231,-90.272377,0.091559,0.580019,-173.3907,-0.288419,-175.0119,-0.309995,67.090290,-91.224212,-174.8706,1.756900,1.832629,1.607471,-1.663169,0.566185,-1.250031,1.010636
643,107.548,B,1,65.464231,-91.076846,65.577143,-90.606667,65.557985,-90.284916,-0.125509,0.150884,-174.5853,-0.278465,-177.1866,-0.371181,67.053692,-91.343529,-177.0145,1.650201,1.832430,1.611678,-1.476549,0.736862,-1.589461,0.266683
644,107.719,B,1,65.720237,-91.272027,65.606864,-90.854186,65.532018,-90.421062,-0.002143,0.863972,-178.0729,-0.289442,-178.7300,-0.177583,67.015444,-91.456356,-178.6475,1.531896,1.808974,1.308258,-1.408580,0.602170,-1.295207,0.184329
645,107.873,B,1,64.736820,-91.568803,65.606864,-90.854186,65.547403,-90.567346,0.018192,0.780752,-179.3122,-0.265811,179.7329,-0.350258,66.975979,-91.568127,179.8918,1.544081,1.744246,2.239160,-1.369115,0.713941,-2.239160,-0.000676
646,108.031,B,1,65.211093,-91.703285,65.495650,-91.098958,65.417951,-90.731699,0.504236,1.050580,179.2997,-0.307179,178.0859,-0.194299,66.933107,-91.682214,178.1762,1.551281,1.788625,1.722143,-1.437457,0.583256,-1.722014,-0.021071
647,108.178,B,1,63.963397,-90.503364,65.322794,-91.351546,65.368883,-90.902096,0.559762,1.308972,178.6075,-0.267169,176.6622,-0.311868,66.886289,-91.792546,176.8054,1.624499,1.759381,3.194571,-1.563495,0.441001,-2.922892,1.289182
648,108.337,B,1,65.153998,-91.415733,64.842934,-91.245195,65.144774,-90.865104,0.866823,0.394007,175.5277,-0.247459,175.3096,-0.250404,66.832060,-91.900817,175.4222,2.094388,1.979807,1.746768,-1.989125,0.655621,-1.678062,0.485084
649,108.499,B,1,65.255923,-91.121742,64.880175,-91.270273,65.144296,-90.987461,0.535297,0.172617,174.4354,-0.242858,173.9427,-0.233044,66.768076,-92.005913,174.0507,2.026162,1.916744,1.751675,-1.887900,0.735640,-1.512153,0.884171
650,108.642,B,1,64.561789,-91.704316,64.880175,-91.270273,65.044535,-91.106881,0.487407,0.144584,173.2465,-0.230815,172.6598,-0.219525,66.693714,-92.106694,172.7604,1.997129,1.928579,2.169566,-1.813539,0.836420,-2.131926,0.402378
651,108.819,B,1,65.741230,-91.918316,64.840589,-91.334137,65.024212,-91.126340,0.578485,0.453027,172.0799,-0.220236,171.4336,-0.208539,66.609708,-92.204395,171.5294,1.971581,1.917290,0.914383,-1.769119,0.870259,-0.868478,0.286079
652,109.017,B,1,65.282461,-91.745629,64.895246,-91.521541,65.114545,-91.257768,-0.025622,0.755506,171.6212,-0.215372,170.2675,-0.198406,66.518167,-92.300207,170.3586,1.800054,1.748381,1.354447,-1.622922,0.778666,-1.235706,0.554579
653,109.158,B,1,63.877803,-90.142037,65.056127,-91.669814,65.121684,-91.352971,-0.159610,0.705820,170.6319,-0.205686,169.2460,-0.188879,66.421555,-92.394621,169.2460,1.545878,1.665743,3.397765,-1.365428,0.724807,-2.543751,2.252585
654,109.309,B,1,64.417603,-91.870324,64.655467,-91.294165,64.927704,-91.188706,0.663238,0.090612,168.3832,-0.186012,168.1024,-0.180416,66.321548,-92.487136,168.1852,2.049148,1.904920,2.001366,-1.666081,1.192971,-1.903946,0.616812
655,109.459,B,1,63.858087,-91.671645,64.655467,-91.294165,64.831639,-91.302903,0.600903,0.070976,167.3629,-0.177738,167.0892,-0.174791,66.218335,-92.576742,167.1688,2.021772,1.882974,2.527839,-1.562868,1.282577,-2.360248,0.905096
656,109.610,B,1,64.660974,-91.781461,64.458164,-91.442003,64.668669,-91.369275,0.849144,0.313232,166.5768,-0.170323,166.1167,-0.164716,66.110581,-92.662717,166.1930,2.054416,1.937034,1.696459,-1.652417,1.220714,-1.449608,0.881256
657,109.756,B,1,64.196203,-91.684006,64.344825,-91.545345,64.650608,-91.439661,0.564912,0.475185,166.5768,-0.170319,165.1881,-0.156875,65.995890,-92.745071,165.2606,2.040921,1.874534,2.089194,-1.651065,1.199725,-1.799687,1.061064
658,109.980,B,1,64.149499,-91.756117,64.315740,-91.626121,64.560185,-91.489853,0.562674,0.471588,165.4335,-0.161257,164.3110,-0.148376,65.871775,-92.824319,164.3791,1.963905,1.871114,2.026645,-1.556035,1.198198,-1.722276,1.068202
659,110.140,B,1,64.433415,-91.983754,64.228049,-91.678631,64.483460,-91.538184,0.529836,0.483623,164.5355,-0.153848,163.4903,-0.138521,65.736904,-92.900836,163.5539,1.941759,1.851470,1.593776,-1.508854,1.222205,-1.303489,0.917082
660,110.320,B,1,64.638339,-91.405085,64.204418,-91.765649,64.452495,-91.617292,0.257313,0.518412,163.1353,-0.138590,162.7229,-0.131709,65.591865,-92.974440,162.7826,1.840159,1.772009,1.836325,-1.387447,1.208791,-0.953525,1.569356
661,110.483,B,1,63.502289,-91.929951,64.267398,-91.764978,64.461927,-91.597114,0.108026,0.094078,162.5139,-0.132265,161.9993,-0.124930,65.438977,-93.044552,162.0558,1.734908,1.746340,2.234524,-1.171579,1.279574,-1.936688,1.114601
662,110.645,B,1,62.511975,-92.369325,64.188120,-91.746496,64.302848,-91.655451,0.472190,0.373666,162.1546,-0.128897,161.3096,-0.119298,65.281181,-93.110768,161.3637,1.748147,1.753591,2.866747,-1.093060,1.364272,-2.769206,0.741443
663,110.808,B,1,63.329981,-93.541223,63.809579,-91.897365,64.016816,-91.770002,1.074049,0.983884,161.5102,-0.123518,160.6501,-0.114089,65.120534,-93.173388,160.7017,1.829436,1.785409,1.827945,-1.310955,1.276022,-1.790553,-0.367835
664,110.959,B,1,62.930715,-93.345853,63.480737,-92.299078,63.888646,-92.043918,0.674740,2.000801,160.8725,-0.116922,160.0239,-0.106121,64.957355,-93.233370,160.0726,1.747370,1.599042,2.029759,-1.476618,0.934292,-2.026640,-0.112483
665,111.111,B,1,63.716618,-92.715281,63.289000,-92.777326,63.718780,-92.253694,0.618102,2.075521,159.8543,-0.106480,159.4368,-0.100267,64.790397,-93.291649,159.4823,1.587048,1.491882,1.218689,-1.501397,0.514324,-1.073779,0.576369
666,111.270,B,1,62.339777,-93.350649,63.207832,-92.978607,63.689632,-92.341848,0.365874,1.506760,159.2947,-0.100609,158.8913,-0.091756,64.617662,-93.348232,158.9335,1.457479,1.368959,2.277886,-1.409830,0.369625,-2.277885,-0.002417
667,111.439,B,1,63.413917,-93.350210,63.073786,-93.100337,63.461488,-92.510955,0.714511,1.785596,159.0711,-0.097194,158.3821,-0.087668,64.437485,-93.401828,158.4217,1.396629,1.321449,1.024869,-1.363699,0.301491,-1.023568,0.051618
668,111.614,B,1,62.879599,-92.863307,62.927149,-93.297640,63.424040,-92.657015,0.490016,0.910499,158.1779,-0.087433,157.8990,-0.083857,64.249453,-93.450598,157.9369,1.331122,1.145024,1.490440,-1.322305,0.152958,-1.369854,0.587291
669,111.777,B,1,63.337518,-93.624900,62.925250,-93.337812,63.318098,-92.842118,0.092782,0.943727,157.6771,-0.083611,157.4330,-0.080577,64.054636,-93.493452,157.4698,1.140060,0.983222,0.729066,-1.129386,0.155640,-0.717118,-0.131448
670,111.933,B,1,61.906245,-92.999760,62.925250,-93.337812,63.290145,-92.866868,0.090798,0.852342,157.2816,-0.080752,156.9814,-0.077304,63.855088,-93.530892,157.0170,0.949673,0.871831,2.019923,-0.929838,0.193080,-1.948843,0.531132
671,112.085,B,1,62.397249,-92.879370,62.791341,-93.374402,63.057978,-92.908354,0.695164,0.628819,156.8622,-0.077936,156.5468,-0.072988,63.652941,-93.564759,156.5809,0.882377,0.885916,1.430566,-0.861600,0.190357,-1.255691,0.685389
672,112.253,B,1,61.839228,-93.460452,62.549865,-93.254256,62.930224,-92.923736,0.888471,0.295203,156.6966,-0.075821,156.1322,-0.070906,63.449646,-93.596986,156.1646,0.962845,0.850333,1.616196,-0.899782,0.342730,-1.610419,0.136534
673,112.415,B,1,61.117899,-92.992232,62.355889,-93.231324,62.737908,-93.021038,0.994431,0.581368,156.3412,-0.072425,155.7375,-0.067397,63.245786,-93.628340,155.7684,0.974443,0.791679,2.220931,-0.889897,0.397015,-2.127887,0.636108
674,112.575,B,1,60.970404,-93.344162,62.021350,-93.229975,62.464608,-93.033751,1.491713,0.515646,155.7976,-0.068720,155.3585,-0.064399,63.041176,-93.657978,155.3884,1.105998,0.849759,2.094416,-1.019826,0.428002,-2.070772,0.313816
675,112.740,B,1,62.128858,-92.955943,61.635118,-93.206351,62.206035,-93.094725,1.485824,0.652673,155.1841,-0.065165,154.9897,-0.062928,62.834947,-93.683956,155.0190,1.291393,0.861815,1.014182,-1.199829,0.477605,-0.706089,0.728013
676,112.948,B,1,61.472112,-93.496593,61.496369,-93.180705,62.156169,-93.088254,1.067400,0.246321,154.8723,-0.063774,154.6272,-0.062623,62.625789,-93.704479,154.6560,1.244962,0.774775,1.172258,-1.129421,0.523774,-1.153678,0.207886
677,113.101,B,1,60.940684,-93.610909,61.489136,-93.188837,62.018741,-93.161202,0.896222,0.508141,154.7011,-0.063233,154.2712,-0.060059,62.412587,-93.719042,154.2994,1.064837,0.682861,1.475869,-0.923451,0.530204,-1.471903,0.108133
678,113.265,B,1,60.786880,-92.672106,61.116473,-93.264230,61.822751,-93.240415,1.216805,0.265709,153.9936,-0.058593,153.9250,-0.057398,62.195112,-93.728607,153.9523,1.174355,0.613991,1.760486,-1.078640,0.464377,-1.408232,1.056501
679,113.418,B,1,60.826669,-92.882238,60.943053,-93.090490,61.631881,-93.167751,1.215034,0.082879,153.7255,-0.057427,153.5917,-0.056507,61.974313,-93.734831,153.6179,1.216007,0.662449,1.429685,-1.031260,0.644341,-1.147643,0.852593
680,113.568,B,1,60.218628,-92.944092,60.943053,-93.090490,61.474601,-93.133355,1.098701,0.068699,153.4241,-0.056136,153.2713,-0.054386,61.751981,-93.738944,153.2965,1.036754,0.666092,1.727126,-0.808929,0.648455,-1.533353,0.794853
681,113.721,B,1,60.277484,-93.332236,60.737708,-93.002939,61.250112,-93.110834,1.273547,0.147336,153.1722,-0.054558,152.9606,-0.054570,61.529983,-93.741148,152.9852,1.082890,0.689654,1.317559,-0.792275,0.738208,-1.252499,0.408911
682,113.911,B,1,60.751032,-93.018328,60.423712,-93.058081,61.074408,-93.146970,0.882202,0.285613,152.7819,-0.054480,152.6562,-0.053071,61.309446,-93.740841,152.6804,1.118340,0.638690,0.913154,-0.885734,0.682760,-0.558414,0.722512
683,114.085,B,1,59.747364,-93.516863,60.297455,-93.124303,60.801529,-93.188420,0.911927,0.739256,152.4036,-0.054864,152.3562,-0.054477,61.090182,-93.737262,152.3800,1.002065,0.620120,1.360784,-0.792726,0.612959,-1.342817,0.220400
684,114.270,B,1,59.004485,-93.121125,59.950144,-93.195794,60.757339,-93.193271,1.369366,0.848066,152.1744,-0.052850,152.0617,-0.052149,60.870576,-93.730000,152.0850,1.064223,0.548544,1.962912,-0.920432,0.534206,-1.866091,0.608875
685,114.445,B,1,59.095306,-93.364901,59.950144,-93.195794,60.458275,-93.185972,1.241768,0.760138,151.9218,-0.051578,151.7771,-0.047208,60.648269,-93.719096,151.7994,0.872482,0.565968,1.592843,-0.698125,0.523302,-1.552963,0.354195
686,114.620,B,1,58.812701,-92.911392,59.585829,-93.222415,60.208660,-93.215485,1.307822,0.914766,151.6541,-0.049211,151.5073,-0.045009,60.421374,-93.704792,151.5283,0.964792,0.533543,1.793687,-0.835545,0.482377,-1.608673,0.793399
687,114.779,B,1,58.493984,-92.013784,59.277632,-93.200361,59.959385,-93.172295,1.636432,0.748791,151.5443,-0.047457,151.2542,-0.043287,60.189405,-93.687209,151.2739,1.033611,0.563956,2.382185,-0.911773,0.486848,-1.695421,1.673426
688,114.940,B,1,58.529460,-93.502458,58.970250,-92.939459,59.695137,-92.999850,2.112740,0.023027,151.3309,-0.044894,151.0156,-0.041936,59.953394,-93.666295,151.0343,1.222646,0.714734,1.433329,-0.983144,0.726836,-1.423934,0.163837
689,115.107,B,1,58.514836,-93.049749,58.536311,-92.957018,59.483869,-93.070606,1.403450,0.635503,150.8346,-0.038879,150.7874,-0.036345,59.715191,-93.642059,150.8053,1.363467,0.616498,1.338539,-1.178880,0.685042,-1.200356,0.592311
690,115.259,B,1,57.874769,-92.943417,58.536311,-92.957018,59.282785,-93.064538,1.270801,0.569581,150.6439,-0.037961,150.5672,-0.037361,59.476399,-93.614900,150.5845,1.147421,0.583425,1.736695,-0.940088,0.657882,-1.601630,0.671484
691,115.450,B,1,58.069910,-92.935145,58.323472,-92.959256,59.025346,-93.043662,1.370451,0.619432,150.5351,-0.037562,150.3565,-0.034202,59.237553,-93.585616,150.3729,1.108093,0.582019,1.336602,-0.914081,0.626360,-1.167643,0.650472
692,115.620,B,1,56.890896,-92.627716,58.111658,-92.943376,58.834067,-93.024109,1.323926,0.593838,150.4331,-0.037283,150.1599,-0.030812,58.997888,-93.554997,150.1749,1.076793,0.555588,2.302013,-0.886230,0.611621,-2.106992,0.927281
693,115.777,B,1,57.418104,-92.846053,57.818125,-92.876322,58.495988,-92.960974,1.788208,0.596810,150.2212,-0.032610,149.9828,-0.025919,58.755696,-93.523231,149.9961,1.139092,0.619339,1.499240,-0.937571,0.646909,-1.337592,0.677177
694,115.939,B,1,57.024629,-92.459836,57.507374,-92.810176,58.283460,-92.938294,1.592825,0.579489,150.0440,-0.029447,149.8281,-0.022445,58.509128,-93.489615,149.8397,1.210433,0.595719,1.806705,-1.001754,0.679440,-1.484499,1.029779
695,116.110,B,1,56.411155,-92.483606,57.303032,-92.732992,58.044410,-92.861052,1.513908,0.328239,149.7365,-0.022699,149.6947,-0.021836,58.256984,-93.452885,149.7046,1.195103,0.628851,2.084847,-0.953952,0.719893,-1.845829,0.969279
696,116.277,B,1,55.754332,-92.666802,57.015510,-92.613805,57.749071,-92.797124,1.710673,0.372725,149.6830,-0.021876,149.5785,-0.018120,57.999114,-93.411989,149.5872,1.266718,0.663762,2.365238,-0.983604,0.798184,-2.244782,0.745187
697,116.453,B,1,56.104122,-92.461239,56.618609,-92.565384,57.397682,-92.768920,2.042216,0.718493,149.6246,-0.020735,149.4768,-0.017039,57.736292,-93.366810,149.4844,1.375318,0.687117,1.866558,-1.117683,0.801427,-1.632170,0.905571
698,116.634,B,1,55.766647,-92.839656,56.038012,-92.549227,56.948027,-92.732445,1.676040,0.876155,149.4078,-0.015189,149.3899,-0.012680,57.469770,-93.318338,149.3963,1.625257,0.784530,1.769114,-1.431757,0.769111,-1.703123,0.478681
699,116.808,B,1,55.792277,-91.799253,55.830541,-92.450416,56.884854,-92.723678,1.800820,0.240576,149.3473,-0.013610,149.3201,-0.010189,57.200761,-93.268131,149.3250,1.595669,0.629465,2.035050,-1.370220,0.817715,-1.408484,1.468878
700,116.986,B,1,54.986352,-92.536361,55.830541,-92.450416,56.664624,-92.577414,1.628081,0.215400,149.2815,-0.011449,149.2689,-0.006707,56.930069,-93.217397,149.2723,1.340605,0.692849,2.059574,-1.099528,0.766981,-1.943717,0.681035
701,117.166,B,1,54.865678,-91.943855,55.577707,-92.324015,56.357758,-92.559890,1.649236,0.536493,149.2564,-0.008160,149.2349,-0.004001,56.657904,-93.166275,149.2371,1.369754,0.676601,2.169420,-1.080197,0.842260,-1.792226,1.222420
702,117.343,B,1,54.544470,-91.520473,55.263338,-92.259099,56.077094,-92.457213,1.929504,0.382435,149.2410,-0.006785,149.2138,-0.002431,56.383866,-93.113751,149.2151,1.409260,0.724673,2.433498,-1.120529,0.854652,-1.839397,1.593278
703,117.525,B,1,54.343522,-93.007609,54.970958,-92.037290,55.789464,-92.304833,2.165896,0.054599,149.2120,-0.004678,149.2005,-0.003067,56.107123,-93.058271,149.2014,1.527506,0.817665,1.764328,-1.136165,1.020982,-1.763601,0.050662
704,117.698,B,1,53.806443,-91.520135,54.686271,-92.065290,55.513991,-92.394729,1.609746,0.946147,149.1912,-0.002964,149.1917,-0.001079,55.826760,-92.998642,149.1923,1.473724,0.680100,2.503530,-1.140489,0.933353,-2.020317,1.478507
705,117.864,B,1,53.514046,-91.913436,54.375646,-92.103194,55.199166,-92.253187,1.809656,0.480227,149.1797,-0.001518,149.1871,-0.001018,55.542273,-92.934650,149.1873,1.432598,0.762964,2.270811,-1.166627,0.831456,-2.028227,1.021213
706,118.035,B,1,53.924267,-92.461941,54.030171,-91.946908,54.886148,-92.188857,1.883716,0.564098,149.1834,-0.000151,149.1875,-0.000672,55.253985,-92.867037,149.1873,1.531129,0.771513,1.390054,-1.223813,0.920129,-1.329717,0.405096
707,118.221,B,1,53.099662,-91.706851,53.800127,-91.999531,54.679927,-92.215983,1.485141,0.880944,149.1834,-0.000137,149.1925,0.002100,54.963158,-92.796949,149.1919,1.410148,0.646329,2.158920,-1.163031,0.797419,-1.863497,1.090099
708,118.408,B,1,53.206703,-92.131367,53.336349,-91.970550,54.383314,-92.128625,1.485564,0.768360,149.1940,0.001612,149.1991,0.002008,54.671626,-92.725259,149.1986,1.533803,0.662643,1.580730,-1.335277,0.754709,-1.464923,0.593893
709,118.582,B,1,53.195956,-91.755258,53.178666,-91.948529,54.008654,-92.064383,1.381866,0.508026,149.2073,0.002013,149.2037,0.002287,54.381047,-92.652200,149.2034,1.393152,0.695849,1.486253,-1.202381,0.703671,-1.185091,0.896943
710,118.731,B,1,52.292519,-91.521079,53.178666,-91.948529,53.943649,-92.051504,1.249028,0.459403,149.2050,0.000837,149.2033,-0.000241,54.092180,-92.577437,149.2035,1.109068,0.546504,2.086785,-0.913514,0.628907,-1.799661,1.056358
711,118.887,B,1,52.681278,-91.484998,52.942957,-91.825903,53.638254,-91.960569,1.576548,0.376779,149.2025,0.000450,149.1975,-0.002524,53.804598,-92.500401,149.1981,1.094245,0.564879,1.514229,-0.861641,0.674497,-1.123320,1.015403
712,119.038,B,1,51.984282,-91.139500,52.700456,-91.685731,53.435193,-91.876667,1.597547,0.204893,149.1995,-0.000053,149.1879,-0.000972,53.516996,-92.420588,149.1888,1.098522,0.550037,1.997598,-0.816540,0.734857,-1.532714,1.281087
713,119.196,B,1,51.994138,-91.161936,52.230828,-91.337228,53.160102,-91.752856,1.820965,-0.019760,149.1784,-0.000327,149.1765,0.000521,53.227950,-92.337682,149.1774,1.412502,0.588749,1.704310,-0.997122,1.000454,-1.233813,1.175746
714,119.355,B,1,51.590956,-91.622560,51.992455,-91.299491,52.733754,-91.645266,1.643552,0.391327,149.1710,-0.001047,149.1642,0.000101,52.936736,-92.251559,149.1653,1.340932,0.639369,1.485518,-0.944281,0.952068,-1.345780,0.628999
715,119.518,B,1,51.712031,-91.308939,51.992455,-91.299491,52.669219,-91.628605,1.485678,0.353580,149.1703,-0.001241,149.1504,-0.001832,52.643754,-92.162303,149.1516,1.081034,0.534306,1.263463,-0.651299,0.862812,-0.931723,0.853365
716,119.702,B,1,51.055900,-91.551157,51.783260,-91.314072,52.480081,-91.568972,1.358515,0.338614,149.1533,-0.002109,149.1337,-0.002125,52.350325,-92.070268,149.1352,0.945196,0.517817,1.394637,-0.567066,0.756196,-1.294425,0.519111
717,119.873,B,1,50.002940,-90.626833,51.559851,-91.326374,52.200477,-91.548732,1.447517,0.675125,149.1456,-0.001929,149.1135,-0.002613,52.057989,-91.976084,149.1152,0.818697,0.450480,2.458395,-0.498138,0.649711,-2.055049,1.349251
718,120.029,B,1,50.637021,-90.954344,51.146709,-91.222760,51.828161,-91.400846,2.179092,0.474331,149.1336,-0.002516,149.0906,-0.005100,51.767723,-91.880500,149.0925,0.904588,0.483447,1.461592,-0.621014,0.657739,-1.130702,0.926156
719,120.189,B,1,49.878759,-91.425404,50.767395,-91.039084,51.578581,-91.314978,2.005677,0.394775,149.0901,-0.004250,149.0666,-0.006020,51.479528,-91.784069,149.0685,1.030600,0.479435,1.640458,-0.712133,0.744985,-1.600769,0.358665
720,120.333,B,1,50.356020,-91.628641,50.478683,-91.048775,51.264804,-91.314879,1.712275,0.769174,149.0616,-0.004859,149.0436,-0.003840,51.192523,-91.686860,149.0454,0.957454,0.378938,0.838526,-0.713840,0.638085,-0.836502,0.058219
721,120.489,B,1,50.203640,-90.338855,50.241760,-91.191507,51.080262,-91.349686,1.271011,0.982757,149.0471,-0.004193,149.0228,-0.003235,50.905350,-91.588373,149.0244,0.773210,0.295915,1.433071,-0.663590,0.396866,-0.701710,1.249517
722,120.647,B,1,48.982641,-91.228753,50.125780,-91.115938,50.879258,-91.184650,1.544262,0.266236,149.0334,-0.003798,149.0046,-0.003638,50.616696,-91.487793,149.0060,0.615852,0.401042,1.654460,-0.490916,0.371855,-1.634055,0.259040
723,120.804,B,1,49.319313,-90.658420,49.858145,-90.986337,50.538793,-91.176222,1.701621,0.724080,148.9984,-0.003947,148.9895,-0.000234,50.325739,-91.384488,148.9905,0.614140,0.297937,1.240994,-0.467594,0.398150,-1.006425,0.726068
724,120.965,B,1,47.834842,-91.727195,49.534538,-90.945560,50.296895,-91.085429,1.743157,0.469834,148.9944,-0.003601,148.9782,-0.001397,50.032370,-91.278458,148.9790,0.598880,0.327465,2.242876,-0.497831,0.332898,-2.197528,-0.448737
725,121.128,B,1,48.340501,-91.002920,49.125937,-91.010930,49.870058,-91.167016,1.689519,1.289562,148.9858,-0.000956,148.9727,-0.001490,49.737127,-91.170424,148.9729,0.631658,0.132975,1.406635,-0.611190,0.159494,-1.396626,0.167504
726,121.314,B,1,48.317066,-89.337426,48.675847,-91.130454,49.591378,-91.134372,1.733928,1.150765,148.9734,0.000192,148.9748,0.001122,49.440870,-91.061471,148.9744,0.768126,0.167235,2.057976,-0.765023,-0.068983,-1.123803,1.724045
727,121.477,B,1,47.280607,-89.548318,48.414059,-90.794158,49.325391,-90.853791,2.419609,-0.089996,148.9740,0.000449,148.9855,0.003420,49.144347,-90.952483,148.9844,0.747253,0.206196,2.333496,-0.730287,0.158324,-1.863740,1.404164
728,121.639,B,1,47.458829,-89.754070,48.085111,-90.271357,48.956721,-90.642097,2.896544,-0.388482,148.9486,0.002483,149.0753,0.074013,48.848434,-90.843532,149.0442,0.953964,0.228697,1.765767,-0.763323,0.572176,-1.389606,1.089462
729,121.800,B,1,46.816970,-89.489805,47.400229,-89.725667,48.666952,-90.489259,2.832096,-0.305392,149.2617,0.083600,149.7135,0.063618,48.565176,-90.736773,149.6852,1.542542,0.267622,2.147360,-1.164947,1.011106,-1.748206,1.246968
730,121.962,B,1,46.917600,-89.631183,47.400229,-89.725667,48.121102,-90.219063,2.561193,-0.265099,149.6997,0.029047,149.5858,-0.060680,48.278676,-90.632091,149.6166,1.262250,0.442066,1.689481,-0.878447,0.906424,-1.361076,1.000908
731,122.137,B,1,46.152521,-89.866938,47.089341,-89.560894,48.046675,-90.192117,2.325216,-0.111885,149.6365,0.002844,149.8505,0.148931,47.998406,-90.529260,149.7850,1.328206,0.340580,1.961113,-0.909066,0.968365,-1.845886,0.662322
732,122.326,B,1,46.987435,-89.479067,46.565766,-89.515387,47.696442,-90.120051,1.845676,0.205132,150.3353,0.067936,150.4644,0.032332,47.724092,-90.425349,150.4489,1.473007,0.306547,1.199213,-1.158326,0.909962,-0.736657,0.946281
733,122.501,B,1,46.320572,-88.878830,46.459731,-89.346848,47.347756,-89.839533,1.905161,-0.145755,150.6214,0.079669,150.7800,0.142902,47.442236,-90.320853,150.7161,1.383474,0.490506,1.826900,-0.982505,0.974005,-1.121664,1.442024
734,122.670,B,1,45.308413,-89.451372,46.153871,-89.227552,47.276219,-89.812333,2.018401,0.357015,151.1954,0.101821,151.5184,0.085711,47.166580,-90.215005,151.4780,1.414440,0.417332,2.008960,-1.012708,0.987452,-1.858167,0.763633
735,122.822,B,1,45.301250,-89.463564,46.153871,-89.227552,46.917365,-89.734953,1.821060,0.341442,151.7528,0.114452,152.2105,0.142081,46.891358,-90.109663,152.1445,1.149785,0.375611,1.716359,-0.737487,0.882111,-1.590109,0.646099
736,122.984,B,1,45.243731,-89.376029,45.777910,-89.258718,46.608591,-89.672891,1.768404,0.625231,152.5112,0.127500,153.0137,0.147500,46.622842,-90.005739,152.9447,1.127808,0.333153,1.516075,-0.844932,0.747021,-1.379112,0.629710
737,123.146,B,1,44.882235,-88.691061,45.491938,-89.288116,46.336619,-89.609251,1.769801,0.748408,152.5112,0.127504,153.8966,0.161435,46.362342,-89.904079,153.8227,1.066309,0.295949,1.913669,-0.870404,0.615964,-1.480107,1.213018
738,123.310,B,1,45.297725,-88.259671,45.231007,-89.184633,46.051555,-89.454839,1.950101,0.361356,153.7196,0.151353,154.8622,0.175497,46.110042,-89.804826,154.7821,1.075798,0.354840,1.745669,-0.879034,0.620193,-0.812317,1.545154
739,123.469,B,1,44.174476,-88.355868,45.061284,-88.911513,45.870845,-89.258191,1.842713,-0.278265,154.3542,0.163249,155.9053,0.189524,45.864210,-89.707324,155.8191,1.130489,0.449182,2.163708,-0.802927,0.795811,-1.689734,1.351456
740,123.632,B,1,43.742034,-89.798361,44.847557,-88.648677,45.552030,-89.103888,1.911993,-0.202142,156.4797,0.190944,157.0230,0.200149,45.622202,-89.610207,156.9309,1.234753,0.511158,1.889559,-0.774645,0.961530,-1.880167,-0.188154
741,123.799,B,1,43.861336,-89.317568,44.463341,-88.738568,45.215248,-89.188398,1.670000,0.890313,157.6094,0.201801,158.2094,0.212703,45.381601,-89.511880,158.1122,1.200505,0.363750,1.532632,-0.918260,0.773312,-1.520265,0.194313
742,123.963,B,1,43.587130,-88.381108,43.875527,-88.972174,44.945080,-89.195231,1.778222,0.611511,159.1835,0.216913,159.4579,0.223941,45.141298,-89.411312,159.3559,1.339783,0.291877,1.864607,-1.265771,0.439138,-1.554168,1.030204
743,124.120,B,1,43.590891,-88.457825,43.663069,-88.790668,44.517856,-88.977181,1.700674,0.288350,160.2474,0.226023,160.7631,0.232434,44.901940,-89.308592,160.6567,1.342776,0.507301,1.562899,-1.238871,0.517925,-1.311049,0.850768
744,124.277,B,1,42.861680,-88.438336,43.412104,-88.660221,44.445236,-88.965258,1.877141,0.216640,161.4298,0.234990,162.1233,0.243149,44.665659,-89.204910,162.0125,1.366780,0.325606,1.960097,-1.253555,0.544689,-1.803980,0.766574
745,124.450,B,1,42.725522,-88.470437,43.412104,-88.660221,44.142839,-88.878344,1.691559,0.236598,162.7328,0.243406,163.5380,0.253216,44.435172,-89.101907,163.4229,1.114341,0.368020,1.822542,-1.023069,0.441685,-1.709650,0.631470
746,124.612,B,1,42.532085,-88.252056,43.106626,-88.569229,43.864528,-88.810312,1.739772,0.243004,163.8402,0.251067,165.0061,0.260258,44.212524,-89.000667,164.8867,1.187076,0.396657,1.839645,-1.105899,0.431437,-1.680439,0.748610
747,124.775,B,1,42.243972,-88.229327,42.837680,-88.476307,43.598933,-88.721396,1.894353,0.098867,164.4169,0.254574,166.7090,0.269681,43.998234,-88.901053,166.4006,1.235838,0.437856,1.878471,-1.160554,0.424746,-1.754263,0.671726
748,124.921,B,1,42.471444,-87.650083,42.577287,-88.372895,43.330329,-88.643236,1.891141,0.063848,165.6966,0.262114,168.0857,0.276022,43.791177,-88.801829,167.9592,1.287444,0.487373,1.751632,-1.213889,0.428934,-1.319733,1.151746
749,125.085,B,1,41.900662,-87.932115,42.388025,-88.196487,43.149254,-88.492620,1.731983,-0.418608,167.7899,0.271925,169.6863,0.281986,43.588949,-88.701415,169.5569,1.302756,0.486752,1.855300,-1.200925,0.504927,-1.688288,0.769300
750,125.331,B,1,41.162924,-87.657159,42.211904,-88.018342,42.887557,-88.402562,1.571782,-0.268254,170.3269,0.281801,171.3230,0.289116,43.388764,-88.598907,171.1907,1.312272,0.538294,2.416869,-1.176860,0.580565,-2.225840,0.941748
751,125.509,B,1,42.171604,-88.605028,41.705516,-87.943286,42.566716,-88.287773,1.367372,0.297250,172.3136,0.290412,172.9970,0.296542,43.188749,-88.494658,172.8616,1.582401,0.655536,1.023115,-1.483233,0.551372,-1.017145,-0.110370
752,125.665,B,1,40.995553,-87.053872,41.554557,-87.886328,42.455658,-88.331161,1.657243,-0.444773,174.2429,0.285538,174.6856,0.265926,42.988688,-88.389932,174.5624,1.519983,0.536261,2.399509,-1.434131,0.503604,-1.993135,1.336060
753,125.816,B,1,41.526937,-88.219305,41.364172,-87.783842,42.071547,-88.151784,1.302500,0.054778,175.5702,0.235423,175.8607,0.238214,42.783295,-88.288950,175.7535,1.506335,0.724844,1.258287,-1.419123,0.505108,-1.256358,0.069645
754,125.976,B,1,41.352112,-87.587587,41.289999,-87.809786,41.914890,-88.068149,1.119266,-0.138531,177.1337,0.323908,177.7074,0.404094,42.577138,-88.187160,177.5245,1.341320,0.672856,1.363883,-1.287139,0.377374,-1.225026,0.599573
755,126.128,B,1,41.037880,-87.744026,41.289999,-87.809786,41.852933,-88.065520,1.015156,-0.093488,178.9088,0.277760,179.4090,0.203582,42.372340,-88.087845,179.3140,1.117488,0.519886,1.378040,-1.082341,0.278059,-1.334460,0.343819
756,126.295,B,1,41.006779,-87.864877,41.182651,-87.753735,41.675499,-88.017335,0.990720,-0.064432,179.9790,0.225687,-179.4291,0.272036,42.168251,-87.993281,-179.5526,1.014293,0.493339,1.168549,-0.985600,0.239546,-1.161473,0.128404
757,126.482,B,1,39.804119,-86.785160,40.797404,-87.608633,41.521699,-87.994918,1.483994,-0.708996,-178.0202,0.255414,-177.7479,0.226002,41.967448,-87.892474,-177.8535,1.203981,0.457370,2.430255,-1.170044,0.283841,-2.163329,1.107314
758,126.650,B,1,40.130050,-87.131465,40.467453,-87.360777,41.057401,-87.718325,1.521062,-0.798499,-177.0743,0.213346,-176.6479,0.247026,41.765477,-87.797172,-176.7597,1.369418,0.712453,1.765726,-1.298024,0.436394,-1.635427,0.665707
759,126.823,B,1,40.500909,-86.708658,40.319555,-87.162944,40.925437,-87.569260,1.213009,-1.092230,-176.0832,0.218895,-175.3185,0.184213,41.560215,-87.700579,-175.4020,1.352142,0.648219,1.451219,-1.240660,0.537635,-1.059306,0.991921
760,126.976,B,1,38.763327,-87.827403,40.319555,-87.162944,40.867606,-87.562548,1.117361,-0.963593,-174.9526,0.217705,-174.1176,0.208187,41.347649,-87.609496,-174.2119,1.120886,0.482333,2.593493,-1.028094,0.446551,-2.584323,-0.217908
761,127.131,B,1,39.431386,-87.159431,40.014191,-87.151213,40.502569,-87.598594,1.768152,-0.246237,-173.7736,0.208321,-172.9550,0.196826,41.126287,-87.522862,-173.0458,1.172553,0.628299,1.733428,-1.112096,0.371649,-1.694902,0.363430
762,127.301,B,1,39.321946,-87.360982,39.626725,-87.243575,40.286968,-87.533186,1.792396,-0.315151,-173.1974,0.202988,-171.8467,0.190263,40.896825,-87.440096,-171.9335,1.285214,0.616922,1.576865,-1.270100,0.196521,-1.574879,0.079114
763,127.463,B,1,38.584236,-87.252019,39.425258,-87.245634,40.087975,-87.507432,1.647208,-0.140332,-172.2468,0.196034,-170.7910,0.179532,40.661922,-87.359549,-170.8735,1.241900,0.592693,2.080467,-1.236664,0.113915,-2.077686,0.107530
764,127.627,B,1,38.752152,-86.761882,38.901284,-87.185227,39.809885,-87.470612,1.615338,-0.522636,-170.0743,0.176768,-169.7887,0.172047,40.424880,-87.280299,-169.8670,1.526559,0.643768,1.751220,-1.523596,0.095072,-1.672728,0.518416
765,127.782,B,1,37.971887,-85.987149,38.901284,-87.185227,39.596634,-87.366753,1.468096,-0.447070,-169.2229,0.169735,-168.8344,0.163285,40.188150,-87.202716,-168.9092,1.286985,0.613840,2.527731,-1.286866,0.017489,-2.216263,1.215567
766,127.952,B,1,38.750446,-87.195338,38.624922,-86.894510,39.298983,-87.161754,1.575341,-1.221034,-168.4886,0.163736,-167.9202,0.156965,39.952409,-87.128021,-167.9920,1.347868,0.654296,1.203847,-1.327487,0.233511,-1.201963,-0.067317
767,128.124,B,1,37.962172,-86.502768,38.425035,-86.750023,39.159999,-87.162710,1.368890,-0.685855,-168.0571,0.160852,-167.0395,0.153281,39.716290,-87.057349,-167.1088,1.327323,0.566181,1.839699,-1.291255,0.307326,-1.754118,0.554581
768,128.292,B,1,38.396627,-86.755548,38.155116,-86.676462,38.927022,-87.062375,1.069991,-0.604772,-166.3475,0.149100,-166.1911,0.145519,39.476741,-86.991067,-166.2577,1.358554,0.554325,1.105493,-1.321625,0.314604,-1.080114,0.235519
769,128.433,B,1,38.043580,-85.846656,38.084779,-86.516749,38.793295,-87.013184,0.825255,-1.140453,-165.7428,0.144075,-165.3789,0.138098,39.230320,-86.928772,-165.4424,1.217386,0.445102,1.606029,-1.145541,0.412023,-1.186740,1.082116
770,128.580,B,1,37.025322,-85.956765,38.084779,-86.516749,38.629313,-86.835974,0.760300,-1.020370,-164.9908,0.137451,-164.6073,0.131024,38.974951,-86.869924,-164.6675,0.957674,0.347301,2.152885,-0.890172,0.353175,-1.949630,0.913159
771,128.751,B,1,37.243350,-86.284653,37.843934,-86.260220,38.339294,-86.698532,1.097562,-1.252844,-164.3703,0.132000,-163.8754,0.123118,38.711002,-86.814429,-163.9326,1.029055,0.389357,1.560341,-0.867068,0.554209,-1.467652,0.529775
772,128.923,B,1,36.821842,-86.271069,37.542582,-86.153290,38.122718,-86.628622,1.261208,-1.093842,-164.0648,0.129531,-163.1762,0.120422,38.441180,-86.762689,-163.2311,1.085747,0.345532,1.692319,-0.898598,0.609399,-1.619337,0.491620
773,129.075,B,1,36.096355,-86.361415,37.286272,-86.146656,37.875804,-86.567447,1.432786,-0.891559,-163.5034,0.124566,-162.5023,0.116835,38.169253,-86.715105,-162.5554,1.050138,0.328505,2.102856,-0.882981,0.568449,-2.072898,0.353690
774,129.239,B,1,36.273298,-86.799612,36.929940,-86.174183,37.556893,-86.529615,1.822077,-0.726195,-162.8104,0.119326,-161.8512,0.111534,37.898194,-86.671435,-161.9024,1.088473,0.369594,1.629944,-0.968254,0.497251,-1.624896,-0.128178
775,129.408,B,1,36.358843,-85.971766,36.583271,-86.303598,37.309572,-86.563887,1.742726,-0.174853,-161.4238,0.109849,-161.2258,0.107402,37.628936,-86.630686,-161.2748,1.095629,0.326275,1.430842,-1.045665,0.327089,-1.270092,0.658920
776,129.572,B,1,35.424317,-85.937334,36.373255,-86.341990,37.111517,-86.472191,1.464784,-0.464330,-160.9594,0.105781,-160.6315,0.100589,37.360229,-86.591723,-160.6778,1.018079,0.275945,2.043522,-0.986975,0.249733,-1.935912,0.654389
777,129.740,B,1,35.285426,-86.351827,36.109580,-86.217364,36.804656,-86.388132,1.719306,-0.823910,-160.9594,0.105774,-160.0713,0.095249,37.089373,-86.554225,-160.1149,1.036084,0.329622,1.815266,-0.979793,0.336861,-1.803947,0.202398
778,129.918,B,1,35.227995,-86.648090,35.479543,-86.294664,36.520809,-86.377837,1.882199,-0.283488,-159.7186,0.094174,-159.5423,0.091361,36.813621,-86.519224,-159.5837,1.352845,0.325161,1.590854,-1.334078,0.224560,-1.585626,-0.128866
779,130.065,B,1,34.848976,-85.408804,35.218881,-86.213244,36.064459,-86.269137,1.603392,-1.040982,-159.2027,0.089190,-159.0367,0.085884,36.531640,-86.488524,-159.0765,1.341311,0.516129,1.999289,-1.312759,0.275280,-1.682664,1.079720
780,130.257,B,1,34.764442,-85.507430,35.218881,-86.213244,35.999594,-86.263432,1.457561,-0.928206,-158.8051,0.087507,-158.4893,0.084483,36.244133,-86.463377,-158.5858,1.055324,0.315876,1.761624,-1.025253,0.250133,-1.479691,0.955947
781,130.423,B,1,33.614086,-86.156609,34.612509,-85.870366,35.756204,-86.146246,1.917822,-1.105466,-158.2112,0.083948,-158.0717,0.080138,35.953441,-86.443461,-158.1092,1.458266,0.356706,2.356877,-1.340933,0.573095,-2.339355,0.286852
782,130.596,B,1,34.596130,-85.871178,34.325496,-85.890972,35.377761,-86.142021,1.516630,-0.904584,-157.8209,0.081818,-157.6142,0.078880,35.662434,-86.426913,-157.6500,1.440360,0.402743,1.202433,-1.336939,0.535941,-1.066304,0.555735
783,130.754,B,1,33.279201,-85.860084,34.072608,-85.865164,35.196383,-86.096899,1.802029,-0.965784,-157.2867,0.076562,-157.1790,0.074542,35.373310,-86.411474,-157.2130,1.410773,0.360917,2.165485,-1.300702,0.546310,-2.094109,0.551390
784,130.921,B,1,33.453843,-86.691384,33.731147,-85.998828,34.650304,-86.149300,1.996433,-0.288938,-156.8691,0.071848,-156.7680,0.069832,35.086947,-86.395877,-156.8000,1.412742,0.501455,1.659624,-1.355800,0.397048,-1.633104,-0.295507
785,131.083,B,1,33.360558,-87.305038,33.731147,-85.998828,34.595018,-86.148568,1.806415,-0.248526,-156.5408,0.068282,-156.3789,0.066329,34.802837,-86.380522,-156.4094,1.137633,0.311434,1.713155,-1.071690,0.381694,-1.442279,-0.924516
786,131.238,B,1,33.270620,-85.586716,33.501067,-86.366764,34.338162,-86.321495,2.000598,0.511033,-156.1759,0.066111,-156.0065,0.063424,34.519319,-86.367220,-156.0359,1.018252,0.186839,1.472561,-1.018252,0.000456,-1.248699,0.780504
787,131.419,B,1,32.600835,-86.228772,33.320623,-86.453797,34.117861,-86.217324,1.587300,-0.307656,-156.0488,0.064991,-155.6453,0.061994,34.234149,-86.358098,-155.6739,0.918525,0.182593,1.638426,-0.913526,-0.095699,-1.633314,0.129327
788,131.585,B,1,31.933751,-87.393938,33.093537,-86.312716,33.844609,-86.221209,1.640874,-0.462556,-155.8084,0.064087,-155.2930,0.061004,33.945427,-86.354305,-155.3209,0.852904,0.166969,2.264437,-0.851889,0.041588,-2.011675,-1.039634
789,131.734,B,1,31.926240,-86.136514,32.730854,-86.513760,33.488484,-86.400515,2.246999,0.175621,-155.3548,0.061946,-154.9518,0.058660,33.652467,-86.355432,-154.9786,0.935114,0.170067,1.740053,-0.921613,-0.158328,-1.726227,0.218918
790,131.892,B,1,31.867058,-86.648664,32.366063,-86.648110,33.193013,-86.369878,1.820294,-0.356332,-154.7476,0.058121,-154.6256,0.055945,33.356172,-86.359958,-154.6511,1.031188,0.163460,1.516843,-0.990110,-0.288152,-1.489114,-0.288706
791,132.063,B,1,31.645895,-85.779193,32.095223,-86.605329,32.932160,-86.419060,1.758266,-0.336859,-154.4877,0.055697,-154.3161,0.052546,33.058685,-86.366312,-154.3402,0.992668,0.137080,1.529930,-0.963463,-0.239017,-1.412791,0.587119
792,132.229,B,1,30.886205,-86.011127,31.578273,-86.293330,32.690776,-86.330902,1.620126,-1.298497,-154.1169,0.052127,-154.0214,0.050269,32.762396,-86.373791,-154.0445,1.186854,0.083480,1.910921,-1.184124,0.080460,-1.876191,0.362663
793,132.385,B,1,31.725042,-86.446132,31.373612,-86.251983,32.348104,-86.289768,1.261645,-0.815435,-153.8760,0.050635,-153.7375,0.050361,32.468796,-86.382715,-153.7599,1.102960,0.152334,0.746453,-1.095185,0.130732,-0.743754,-0.063417
794,132.550,B,1,30.643477,-85.498859,31.186141,-86.129335,32.191504,-86.317415,1.152461,-1.407499,-153.6095,0.048470,-153.4609,0.048126,32.177743,-86.393948,-153.4828,1.026301,0.077760,1.776275,-0.991602,0.264613,-1.534266,0.895088
795,132.716,B,1,30.535371,-86.160884,31.186141,-86.129335,31.900083,-86.200139,1.047786,-1.267303,-153.3774,0.047719,-153.1909,0.046322,31.887357,-86.408333,-153.2122,0.754681,0.208582,1.374444,-0.701216,0.278998,-1.351986,0.247448
796,132.889,B,1,30.564267,-86.391201,30.899005,-85.992743,31.635153,-86.195947,1.201064,-1.075486,-153.1278,0.046176,-152.9299,0.044681,31.594710,-86.426418,-152.9503,0.819804,0.233993,1.031044,-0.695705,0.433674,-1.030443,0.035217
797,133.047,B,1,29.546094,-86.610220,30.680329,-86.058281,31.414331,-86.226969,1.349852,-0.758497,-153.0117,0.045551,-152.6689,0.048359,31.297905,-86.448956,-152.6911,0.730771,0.250666,1.759217,-0.617576,0.390675,-1.751810,-0.161263
798,133.200,B,1,28.959942,-86.656298,30.382130,-86.201805,31.075764,-86.287366,1.834110,-0.545373,-152.7923,0.046618,-152.3991,0.048126,30.997055,-86.476865,-152.4203,0.673640,0.205194,2.045001,-0.614926,0.275060,-2.037114,-0.179433
799,133.361,B,1,28.895353,-86.620361,29.925172,-86.366562,30.698152,-86.347604,2.274217,-0.504148,-152.4672,0.046750,-152.1401,0.043447,30.691228,-86.508695,-152.1605,0.779130,0.161239,1.799343,-0.766056,0.142132,-1.795875,-0.111667
800,133.524,B,1,29.392477,-86.083936,29.485061,-86.494543,30.364311,-86.395143,2.146476,-0.445558,-152.0332,0.044403,-151.8883,0.043669,30.382761,-86.544155,-151.9083,0.899070,0.150150,1.092000,-0.897700,0.049613,-0.990284,0.460219
801,133.677,B,1,28.633960,-86.162380,29.228660,-86.483355,30.153111,-86.356318,1.662162,-0.668415,-151.8223,0.043450,-151.6407,0.043429,30.074302,-86.582850,-151.6604,0.851474,0.239850,1.500460,-0.845641,0.099495,-1.440342,0.420470
802,133.837,B,1,28.311546,-86.461333,29.021045,-86.381638,29.862382,-86.333470,1.692439,-0.934294,-151.7177,0.043005,-151.3960,0.043940,29.767590,-86.624337,-151.4155,0.785005,0.305922,1.465140,-0.746545,0.242699,-1.456044,0.163003
803,134.006,B,1,28.828993,-86.702582,28.725955,-86.362957,29.566658,-86.357846,1.758522,-0.849876,-151.5037,0.043154,-151.1569,0.041564,29.462622,-86.668196,-151.1757,0.797401,0.327323,0.634562,-0.736667,0.305238,-0.633629,-0.034386
804,134.164,B,1,28.249831,-86.924194,28.548464,-86.444216,29.392055,-86.415083,1.498472,-0.435900,-151.2530,0.041959,-150.9281,0.038791,29.157763,-86.714224,-150.9460,0.666445,0.379971,0.931895,-0.609298,0.270008,-0.907932,-0.209971
805,134.334,B,1,26.859291,-86.787903,28.428935,-86.590244,29.160146,-86.498236,1.411370,-0.133511,-150.8477,0.038612,-150.7131,0.035866,28.850576,-86.762738,-150.7298,0.455560,0.407179,1.991444,-0.421641,0.172493,-1.991285,-0.025165
806,134.501,B,1,27.139376,-86.929724,28.065450,-86.715818,28.756294,-86.550592,1.905676,-0.403835,-150.6578,0.036787,-150.5112,0.034691,28.539042,-86.814767,-150.5270,0.483819,0.342033,1.404379,-0.473593,0.098949,-1.399666,-0.114957
807,134.669,B,1,26.525788,-86.196483,27.627595,-86.806158,28.450658,-86.617154,2.128875,-0.436459,-150.5802,0.036445,-150.3165,0.034952,28.222711,-86.871542,-150.3320,0.598697,0.341574,1.826268,-0.595116,0.065384,-1.696923,0.675059
808,134.845,B,1,26.193140,-87.423862,27.250828,-86.759475,28.098340,-86.565224,1.994473,-1.077902,-150.4023,0.034308,-150.1235,0.031831,27.902855,-86.933628,-150.1389,0.674884,0.417057,1.778610,-0.652027,0.174153,-1.709714,-0.490234
809,134.991,B,1,26.237342,-86.380239,26.836335,-86.800443,27.747137,-86.702255,2.394482,-0.617080,-150.2395,0.034523,-149.9315,0.032272,27.581647,-87.000257,-149.9468,0.771632,0.340869,1.480397,-0.745312,0.199813,-1.344304,0.620017
810,135.156,B,1,25.249793,-86.134332,26.492682,-86.859302,27.453342,-86.665943,1.812778,-0.915020,-149.8455,0.033227,-149.7431,0.032083,27.261366,-87.069505,-149.7579,0.796906,0.446897,2.218327,-0.768684,0.210202,-2.011573,0.935173
811,135.340,B,1,25.818560,-86.456574,26.111648,-86.668335,27.056048,-86.596233,1.822193,-1.470586,-149.6797,0.032603,-149.5633,0.030090,26.943096,-87.139388,-149.5773,0.955614,0.554775,1.315606,-0.831449,0.471053,-1.124537,0.682814
812,135.514,B,1,25.147492,-87.898076,25.778068,-86.527065,26.800266,-86.582324,1.672989,-1.432242,-149.6031,0.031566,-149.3924,0.028034,26.626964,-87.208947,-149.4058,1.088847,0.650146,1.632096,-0.848896,0.681882,-1.479472,-0.689129
813,135.649,B,1,25.370524,-87.576875,25.531532,-86.736427,26.484305,-86.785215,2.238871,-0.403309,-149.4488,0.030408,-149.2280,0.028663,26.312415,-87.278863,-149.2411,0.950797,0.522719,0.987911,-0.780882,0.542437,-0.941891,-0.298011
814,135.821,B,1,25.212172,-87.366248,25.168048,-87.298028,26.248543,-86.915076,1.870042,0.104822,-149.0799,0.028753,-149.0652,0.029486,25.998298,-87.350945,-149.0783,0.831934,0.502597,0.786275,-0.830250,0.052916,-0.786126,-0.015304
815,135.973,B,1,24.437116,-86.806699,25.168048,-87.298028,26.026435,-86.996568,1.690090,0.099652,-148.9542,0.029444,-148.8993,0.027493,25.683297,-87.426994,-148.9127,0.531144,0.550463,1.392025,-0.515249,0.128966,-1.246181,0.620295
816,136.133,B,1,23.821273,-87.639583,24.951857,-87.290115,25.723824,-86.983087,1.540625,-0.441222,-148.8264,0.029536,-148.7297,0.029643,25.366502,-87.507687,-148.7433,0.468261,0.634732,1.550848,-0.414645,0.217572,-1.545229,-0.131896
817,136.296,B,1,23.591443,-88.056014,24.595359,-87.312808,25.388408,-87.091193,2.039030,-0.406479,-148.8264,0.029543,-148.5595,0.030186,25.047902,-87.592231,-148.5730,0.531858,0.605792,1.528518,-0.452544,0.279423,-1.456459,-0.463783
818,136.457,B,1,23.871897,-87.463692,24.201482,-87.542729,25.040772,-87.253181,2.365750,-0.135020,-148.6083,0.029247,-148.3925,0.030545,24.728542,-87.678946,-148.4057,0.544378,0.527981,0.883275,-0.527060,0.136217,-0.856645,0.215254
819,136.614,B,1,22.775940,-88.054615,23.923576,-87.678191,24.812111,-87.298963,1.983353,-0.317825,-148.4527,0.029207,-148.2304,0.026922,24.410168,-87.766326,-148.2432,0.494509,0.616431,1.659461,-0.486592,0.088135,-1.634228,-0.288289
820,136.782,B,1,22.483506,-87.601038,23.609898,-87.765983,24.429585,-87.432520,2.102462,-0.285927,-148.2002,0.027911,-148.0715,0.027148,24.097161,-87.853957,-148.0841,0.495141,0.536763,1.633356,-0.487263,0.087974,-1.613655,0.252919
821,136.959,B,1,21.980870,-86.889521,23.180022,-87.842158,24.070409,-87.477045,2.106654,-0.652990,-148.0386,0.027402,-148.0217,-0.057971,23.790988,-87.942555,-147.9972,0.619160,0.542933,2.094137,-0.610966,0.100397,-1.810118,1.053034
822,137.130,B,1,22.701932,-88.228491,22.748598,-87.676615,23.687947,-87.407250,2.008980,-1.518208,-148.0007,0.010104,-148.4531,-0.010690,23.497986,-88.029810,-148.4468,0.828450,0.650897,0.820473,-0.749388,0.353195,-0.796054,-0.198681
823,137.311,B,1,21.779346,-88.256346,22.464251,-87.646375,23.468189,-87.543833,1.916265,-0.777690,-148.3314,-0.033268,-148.0688,0.084388,23.205391,-88.114978,-148.1096,0.876856,0.628705,1.433034,-0.741139,0.468603,-1.426044,-0.141368
824,137.508,B,1,21.708266,-88.389117,21.955047,-88.059181,23.146511,-87.666709,2.146784,-0.270646,-148.0561,-0.016581,-148.2042,-0.120712,22.920931,-88.200476,-148.1504,0.976164,0.579476,1.227250,-0.965884,0.141295,-1.212665,-0.188642
825,137.673,B,1,21.210093,-88.449964,21.955047,-88.059181,22.861637,-87.792171,1.939684,-0.251628,-148.3557,-0.036308,-148.5193,0.025558,22.640876,-88.289126,-148.5295,0.723350,0.543782,1.439795,-0.685829,0.229945,-1.430783,-0.160838
826,137.825,B,1,21.012714,-88.765333,21.669627,-88.236868,22.560354,-87.905080,2.049883,-0.217144,-148.4461,-0.002851,-148.5745,-0.101363,22.357232,-88.379329,-148.5300,0.702208,0.515918,1.398830,-0.687605,0.142461,-1.344518,-0.386003
827,138.015,B,1,20.149780,-88.189041,20.995233,-88.509261,22.246714,-88.056576,2.292764,-0.623983,-148.8517,-0.057254,-149.0377,-0.013470,22.080187,-88.472801,-149.0316,1.085567,0.448302,1.951151,-1.084955,-0.036460,-1.930407,0.283760
828,138.191,B,1,20.125057,-88.828186,20.592399,-88.563325,21.863769,-88.096894,2.379523,-0.501661,-149.3263,-0.081875,-149.4654,-0.104264,21.805877,-88.565695,-149.4170,1.213481,0.472363,1.701193,-1.213478,0.002370,-1.680820,-0.262490
829,138.345,B,1,19.514284,-88.288644,20.204748,-88.604506,21.531969,-88.224639,2.289606,-0.950146,-149.7032,-0.086188,-149.9356,-0.091714,21.539013,-88.657002,-149.8919,1.335297,0.432421,2.057963,-1.334265,0.052496,-2.024729,0.368358
830,138.505,B,1,20.154998,-89.251048,20.204748,-88.604506,21.157786,-88.253024,2.061778,-0.877503,-150.0839,-0.092919,-150.5113,-0.109222,21.281108,-88.746108,-150.4620,1.085635,0.508273,1.234135,-1.076361,0.141602,-1.126111,-0.504940
831,138.663,B,1,18.967588,-88.527654,19.933238,-88.696646,20.933295,-88.418707,1.969152,-0.312760,-150.6385,-0.105277,-151.1680,-0.121161,21.031484,-88.833416,-151.1128,1.106729,0.426174,2.086421,-1.098246,0.136770,-2.063895,0.305762
832,138.826,B,1,18.493803,-88.809436,19.670523,-88.798323,20.567773,-88.452755,2.114517,-0.759191,-150.8833,-0.110682,-151.8949,-0.135267,20.787803,-88.920168,-151.8343,1.123904,0.516612,2.296670,-1.117280,0.121845,-2.293999,0.110732
833,138.998,B,1,18.786951,-88.219752,19.244000,-88.784970,20.184418,-88.521166,2.261664,-0.904659,-151.4658,-0.122242,-152.6887,-0.143881,20.546905,-89.007941,-152.6228,1.321846,0.606916,1.928388,-1.302905,0.222972,-1.759954,0.788190
834,139.150,B,1,18.443870,-89.383938,18.905397,-88.705510,19.900158,-88.489807,1.806493,-1.262439,-152.4939,-0.137311,-153.5473,-0.156335,20.306050,-89.097911,-153.4763,1.454582,0.731122,1.884018,-1.400653,0.392401,-1.862180,-0.286027
835,139.317,B,1,17.942785,-88.023159,18.663651,-88.737514,19.608064,-88.633089,1.778284,-0.605324,-153.8771,-0.155611,-154.4685,-0.164873,20.064053,-89.190320,-154.3926,1.471788,0.720022,2.421166,-1.400402,0.452806,-2.121268,1.167161
836,139.480,B,1,18.536693,-89.203397,18.379199,-88.723909,19.285785,-88.552523,1.510137,-1.233097,-154.7715,-0.164231,-155.4503,-0.174263,19.821733,-89.284392,-155.3696,1.547594,0.907123,1.287591,-1.442534,0.560483,-1.285041,0.080995
837,139.640,B,1,18.188773,-89.393242,18.198847,-88.677532,19.100117,-88.655359,1.463320,-0.613908,-155.1825,-0.167559,-156.4906,-0.185509,19.581572,-89.378723,-156.4052,1.550353,0.868938,1.392874,-1.382724,0.701191,-1.392799,-0.014520
838,139.797,B,1,17.394498,-89.433009,18.127883,-88.885498,18.677028,-88.867448,1.442282,-0.101050,-155.9431,-0.176482,-157.5865,-0.194207,19.346596,-89.471989,-157.4969,1.352491,0.902104,1.952487,-1.218713,0.586490,-1.952098,0.038979
839,139.943,B,1,17.895992,-89.793430,17.928756,-89.089140,18.602163,-88.877232,1.697962,0.038626,-157.3910,-0.189046,-158.7349,-0.201999,19.118881,-89.563571,-158.6411,1.281204,0.859104,1.244304,-1.190125,0.474431,-1.222889,-0.229859
840,140.116,B,1,17.147144,-88.895912,17.746284,-89.311186,18.428510,-89.021277,1.432796,0.387608,-159.1901,-0.204216,-159.9324,-0.213043,18.898669,-89.653670,-159.8348,1.202201,0.788017,1.908412,-1.152386,0.342484,-1.751525,0.757758
841,140.285,B,1,16.960421,-89.766919,17.581537,-89.373606,18.172521,-89.010816,1.342507,-0.179803,-160.1693,-0.211606,-161.1761,-0.222423,18.684363,-89.743051,-161.0750,1.163063,0.893393,1.724107,-1.102827,0.369445,-1.723942,-0.023868
842,140.464,B,1,16.658109,-89.946066,17.075209,-89.588208,17.927228,-89.128661,1.771892,0.244180,-161.7564,-0.221340,-162.4637,-0.227303,18.473146,-89.832699,-162.3591,1.419156,0.890896,1.818574,-1.397937,0.244492,-1.815037,-0.113367
843,140.639,B,1,17.037199,-89.838874,16.901913,-89.736718,17.673907,-89.256217,1.499152,0.291185,-163.5632,-0.230674,-163.7925,-0.235136,18.262241,-89.923380,-163.6848,1.373075,0.889519,1.227953,-1.360328,0.186662,-1.225042,0.084506
844,140.802,B,1,16.024211,-89.220280,16.682241,-89.704409,17.515220,-89.349750,1.570879,-0.376879,-164.5956,-0.237336,-165.1608,-0.241291,18.050275,-90.015261,-165.0500,1.402906,0.853926,2.176449,-1.368034,0.310852,-2.026064,0.794982
845,140.948,B,1,15.921298,-89.806760,16.682241,-89.704409,17.232571,-89.336379,1.412081,-0.372078,-166.0210,-0.243439,-166.5675,-0.249423,17.837914,-90.107842,-166.4536,1.224066,0.980609,1.940121,-1.155673,0.403432,-1.916616,0.301082
846,141.112,B,1,16.579609,-89.526830,16.366261,-89.654440,16.973341,-89.409231,1.539940,-0.310864,-167.1758,-0.248601,-168.0120,-0.255115,17.627591,-90.200223,-167.8951,1.374347,1.026504,1.245682,-1.261329,0.545783,-1.047981,0.673393
847,141.275,B,1,15.676380,-89.831542,16.223211,-89.660528,16.856161,-89.429093,1.203713,-0.363333,-167.1758,-0.248606,-169.4939,-0.260533,17.422359,-90.291600,-169.3740,1.355068,1.031745,1.805574,-1.199149,0.631072,-1.745979,0.460058
848,141.440,B,1,15.773355,-90.012219,16.095923,-89.664770,16.635367,-89.489184,1.337817,-0.252864,-169.2271,-0.257183,-170.8890,-0.266490,17.224404,-90.381672,-170.8890,1.336944,1.069345,1.497344,-1.128481,0.716902,-1.451049,0.369454
849,141.604,B,1,15.453222,-89.514278,15.899949,-89.750788,16.451723,-89.567121,1.292184,-0.023214,-170.4034,-0.262781,-172.5630,-0.273646,17.034177,-90.470698,-172.4377,1.343408,1.075037,1.847744,-1.134228,0.719910,-1.580955,0.956420
850,141.772,B,1,15.406451,-89.822841,15.724967,-89.758436,16.249718,-89.559611,1.253867,-0.315994,-172.2424,-0.269939,-174.1450,-0.279204,16.850300,-90.559258,-174.0174,1.381192,1.166187,1.620805,-1.125333,0.800822,-1.443849,0.736417
851,141.940,B,1,15.592242,-89.917357,15.547893,-89.725126,16.060642,-89.596259,1.092754,-0.229650,-174.9581,-0.278272,-175.7548,-0.282791,16.670023,-90.647947,-175.6251,1.452851,1.215481,1.302065,-1.122130,0.922821,-1.077781,0.730591
852,142.110,B,1,15.277104,-91.294682,15.450495,-89.767540,15.938504,-89.641082,0.965489,-0.064940,-174.9581,-0.278270,-177.3906,-0.287256,16.490395,-90.737051,-177.2588,1.421740,1.227083,1.335301,-1.039900,0.969511,-1.213292,-0.557631
853,142.282,B,1,15.227965,-90.835340,15.278918,-90.455949,15.799794,-89.883194,0.975929,1.264819,-178.3890,-0.288427,-179.0514,-0.291388,16.309689,-90.826414,-178.9177,1.095323,1.072220,1.081761,-1.030771,0.370465,-1.081724,-0.008926
854,142.446,B,1,14.861362,-89.969605,15.150065,-90.510233,15.654542,-90.024957,1.049893,0.611750,-179.7706,-0.292236,179.2622,-0.296654,16.128149,-90.915594,179.3981,1.058756,1.008730,1.581026,-0.978084,0.405360,-1.266787,0.945989
855,142.584,B,1,14.735658,-90.682807,15.150065,-90.510233,15.490805,-90.020018,0.948652,0.508625,178.1353,-0.298188,177.5496,-0.301362,15.947797,-91.004185,177.6876,0.938277,1.085093,1.254020,-0.797732,0.493952,-1.212139,0.321377
856,142.743,B,1,14.432183,-90.182657,14.976845,-90.503036,15.331629,-90.119950,0.998347,0.574448,177.2790,-0.300342,175.8107,-0.307423,15.771366,-91.092120,175.9508,0.989083,1.066998,1.618807,-0.794521,0.589084,-1.339183,0.909464
857,142.908,B,1,14.310108,-91.422585,14.776691,-90.515516,15.152233,-90.130747,1.174051,0.203835,176.4582,-0.302419,174.0466,-0.309656,15.600911,-91.179743,174.1886,1.058554,1.140923,1.313447,-0.824220,0.664227,-1.290803,-0.242842
858,143.067,B,1,13.763713,-90.577723,14.578091,-90.638270,14.980967,-90.322781,1.167647,0.904913,175.2255,-0.304898,172.2598,-0.312786,15.436933,-91.267593,172.4035,1.064734,1.049083,1.809858,-0.858843,0.629323,-1.673220,0.689870
859,143.233,B,1,13.788889,-90.254558,14.333566,-90.793452,14.754489,-90.363093,1.421699,0.559165,172.6774,-0.310346,170.4528,-0.315852,15.278184,-91.356066,170.5981,1.099472,1.122610,1.852382,-0.944618,0.562614,-1.489295,1.101508
860,143.403,B,1,13.896232,-91.227323,14.069630,-90.689859,14.564890,-90.347742,1.336904,-0.001054,169.8912,-0.316670,168.6284,-0.319424,15.122054,-91.445128,168.7749,1.295386,1.230727,1.245021,-1.052424,0.755268,-1.225822,0.217805
861,143.586,B,1,13.607956,-91.473634,13.902310,-90.710313,14.419133,-90.476886,1.142864,0.428471,168.0510,-0.316085,166.9457,-0.222696,14.964321,-91.533676,167.0497,1.343798,1.189131,1.357693,-1.062011,0.823363,-1.356365,0.060041
862,143.742,B,1,13.394119,-90.903998,13.601953,-91.053252,14.252956,-90.625345,1.139343,0.650204,166.1192,-0.256393,165.6097,-0.305968,14.800904,-91.617372,165.7481,1.325033,1.133298,1.577322,-1.198950,0.564120,-1.406784,0.713374
863,143.896,B,1,13.110472,-90.878220,13.409206,-91.023439,14.080308,-90.668976,1.229112,0.436377,164.7276,-0.338029,163.5012,-0.350363,14.624869,-91.700593,163.6633,1.391536,1.166525,1.723280,-1.215663,0.677153,-1.514396,0.822373
864,144.052,B,1,12.206786,-90.814309,13.095256,-90.969165,13.891679,-90.700832,1.670395,0.334072,162.4266,-0.245999,162.0791,-0.169287,14.446425,-91.776024,162.1554,1.573747,1.209868,2.437392,-1.351169,0.806859,-2.239639,0.961715
865,144.207,B,1,13.063746,-90.780466,13.095256,-90.969165,13.596984,-90.716659,1.517015,0.264038,161.3353,-0.261490,160.5849,-0.341487,14.266565,-91.849897,160.7404,1.465488,1.316270,1.609490,-1.171309,0.880732,-1.202819,1.069432
866,144.375,B,1,13.263204,-91.752584,12.855122,-90.900798,13.470746,-90.723831,1.264613,0.078888,159.8957,-0.265087,159.0583,-0.169102,14.086033,-91.924254,159.1385,1.600815,1.348923,0.840547,-1.230912,1.023457,-0.822830,0.171671
867,144.540,B,1,11.760197,-90.975942,12.849264,-91.014004,13.394278,-90.873749,0.725264,0.675179,159.8957,-0.265071,157.6860,-0.287698,13.907931,-91.995769,157.8201,1.443827,1.234004,2.377563,-1.058666,0.981764,-2.147733,1.019826
868,144.705,B,1,12.082759,-90.405224,12.674225,-91.137994,13.109292,-90.888003,1.252460,0.602290,157.9107,-0.262360,156.4144,-0.237466,13.729437,-92.065460,156.5242,1.404872,1.330784,2.338361,-1.055212,0.927466,-1.646678,1.660237
869,144.873,B,1,12.004788,-91.122620,12.176229,-90.891477,12.912178,-90.813905,1.303701,0.257285,155.7867,-0.220430,155.1533,-0.209856,13.547068,-92.132222,155.2507,1.848959,1.463231,1.843346,-1.370839,1.240746,-1.542280,1.009602
870,145.027,B,1,11.798179,-91.516222,12.176229,-90.891477,12.732592,-90.854055,1.183147,0.207292,154.6619,-0.210705,153.9701,-0.200448,13.357832,-92.193683,154.0624,1.758388,1.478354,1.700433,-1.181603,1.302207,-1.559653,0.677462
871,145.182,B,1,11.433154,-91.308565,12.007004,-91.015897,12.549145,-90.947013,0.998939,0.625149,153.6115,-0.201322,152.8494,-0.191531,13.159528,-92.249122,152.9368,1.687944,1.438074,1.965964,-1.152524,1.233225,-1.726374,0.940557
872,145.343,B,1,11.120615,-91.694269,11.805233,-91.150887,12.338823,-90.996844,1.101604,0.818953,153.0751,-0.196799,151.7882,-0.182148,12.952584,-92.298499,151.8710,1.622784,1.439100,1.929043,-1.147351,1.147612,-1.831970,0.604230
873,145.516,B,1,11.411134,-91.785230,11.559334,-91.285910,12.112339,-91.096866,1.057769,1.163713,152.2343,-0.188748,150.7807,-0.172172,12.739741,-92.342625,150.8595,1.584300,1.394829,1.440794,-1.180407,1.056715,-1.328608,0.557395
874,145.703,B,1,10.979927,-92.841672,11.377256,-91.469923,11.961559,-91.197553,0.787852,1.253293,150.9457,-0.177114,149.8198,-0.164774,12.524764,-92.382786,149.8951,1.466320,1.312241,1.611551,-1.147508,0.912863,-1.544837,-0.458886
875,145.846,B,1,10.716965,-91.251757,11.231876,-91.808780,11.769374,-91.442274,0.379666,1.819380,149.2056,-0.162617,148.9006,-0.155821,12.310605,-92.420216,148.9727,1.239964,1.117722,1.976103,-1.078729,0.611436,-1.593640,1.168459
876,146.019,B,1,10.667601,-92.230833,11.026863,-91.962063,11.566964,-91.419211,0.828679,1.130058,148.4343,-0.156169,148.0218,-0.149532,12.098193,-92.455640,148.0906,1.179561,1.164641,1.448148,-1.071329,0.493577,-1.430592,0.224807
877,146.201,B,1,9.717820,-91.949644,10.831434,-91.947889,11.386699,-91.542927,0.746430,1.345600,148.4343,-0.156164,147.1843,-0.142124,11.886287,-92.488933,147.2498,1.185515,1.069821,2.234521,-1.054854,0.541045,-2.168468,0.539290
878,146.389,B,1,10.693981,-91.391516,10.338858,-91.943579,11.092084,-91.607793,1.131605,0.592479,146.6912,-0.140685,146.3897,-0.134894,11.672120,-92.518899,146.4517,1.452096,1.080072,1.492564,-1.333262,0.575320,-0.978139,1.127383
879,146.554,B,1,10.168008,-91.942199,10.265177,-91.854946,10.984207,-91.580177,1.000758,0.609414,145.9359,-0.133855,145.6371,-0.127827,11.452714,-92.543514,145.6958,1.372723,1.071222,1.418467,-1.187537,0.688568,-1.284706,0.601315
880,146.736,B,1,10.194037,-91.892161,10.265177,-91.854946,10.816765,-91.636412,0.911707,0.539030,145.3282,-0.127646,144.9225,-0.123205,11.226394,-92.560848,144.9784,1.192575,1.011127,1.230001,-0.961217,0.705902,-1.032357,0.668687
881,146.935,B,1,9.386739,-92.000923,10.158215,-91.870455,10.678920,-91.677228,0.788056,0.478790,144.7725,-0.122820,144.2402,-0.116545,10.993552,-92.570109,144.2937,1.089634,0.946694,1.704646,-0.835337,0.699654,-1.606813,0.569185
882,147.123,B,1,9.637999,-91.421444,9.974770,-91.893044,10.442648,-91.727857,0.999496,0.744763,144.4846,-0.120085,143.5859,-0.112878,10.756367,-92.572157,143.6373,1.035417,0.900700,1.604645,-0.781597,0.679113,-1.118368,1.150713
883,147.306,B,1,8.864265,-90.843063,9.755981,-91.823643,10.287244,-91.684502,1.167353,0.358632,143.9135,-0.116136,142.9583,-0.106681,10.517727,-92.569171,143.0075,1.065866,0.914200,2.390269,-0.761746,0.745528,-1.653462,1.726109
884,147.491,B,1,8.650843,-92.056413,9.519376,-91.561356,10.026424,-91.561283,1.761931,-0.009323,143.0979,-0.109542,142.3579,-0.104710,10.279895,-92.563529,142.4049,1.258070,1.033801,1.706159,-0.760519,1.002173,-1.629052,0.507116
885,147.677,B,1,9.368802,-91.341941,9.205603,-91.474878,9.774824,-91.631052,1.348001,0.566071,142.0222,-0.101207,141.7837,-0.106680,10.043710,-92.556591,141.8304,1.368403,0.963806,1.389559,-0.838107,1.081713,-0.674908,1.214649
886,147.865,B,1,8.305005,-91.584685,9.048456,-91.509153,9.665586,-91.584675,1.138236,0.270142,141.4006,-0.165058,140.6785,-0.193820,9.810488,-92.555789,140.7690,1.294658,0.981865,1.791514,-0.762032,1.046636,-1.505483,0.971104
887,148.057,B,1,7.646090,-90.214496,8.896342,-91.463765,9.419669,-91.579709,1.302083,0.573525,140.9753,-0.176894,140.0856,-0.021795,9.584335,-92.553751,140.0971,1.288955,0.987863,3.037912,-0.687993,1.089986,-1.938245,2.339256
888,148.238,B,1,8.383155,-90.571603,8.536248,-91.233911,9.119675,-91.371896,2.189461,0.073968,140.2318,-0.102097,139.7005,-0.161779,9.359633,-92.547671,139.7728,1.550461,1.200011,2.204168,-0.823385,1.313760,-0.976478,1.976068
889,148.436,B,1,7.262633,-90.848757,8.272421,-90.877737,8.963238,-91.241175,2.026950,-0.207126,139.9174,-0.083879,138.5561,-0.146261,9.133293,-92.545620,138.6247,1.876948,1.315483,2.525611,-0.860872,1.667883,-1.870660,1.696863
890,148.622,B,1,7.153149,-91.389349,8.029902,-90.727888,8.655192,-91.164275,1.861788,0.168322,138.2029,-0.110186,138.0406,-0.122230,8.903469,-92.531976,138.0953,2.004458,1.390053,2.090267,-0.873567,1.804087,-1.750320,1.142627
891,148.821,B,1,7.464854,-91.608709,7.458766,-90.985694,8.382510,-91.180877,1.070440,1.151290,137.4663,-0.173555,136.9162,-0.177646,8.671644,-92.520165,136.9987,1.955933,1.370143,1.512314,-1.212878,1.534471,-1.206790,0.911456
892,149.010,B,1,6.994288,-90.411462,7.276934,-90.980511,8.021742,-91.110763,1.450295,0.706399,136.6218,-0.142826,136.1049,-0.197458,8.440464,-92.504039,136.1936,1.917013,1.454836,2.543679,-1.163531,1.523528,-1.446176,2.092577
893,149.193,B,1,7.233309,-91.508755,7.123914,-90.960206,7.861489,-91.153314,0.860523,0.938843,135.7248,-0.165413,135.0737,-0.188253,8.213562,-92.492818,135.1575,1.880487,1.385001,1.388984,-1.089648,1.532612,-0.980253,0.984064
894,149.367,B,1,6.455640,-91.482719,6.947336,-91.136671,7.613500,-91.188000,0.763406,1.258309,134.1759,-0.188525,133.9862,-0.191084,7.993552,-92.486571,134.0738,1.707864,1.353043,1.836544,-1.046216,1.349900,-1.537912,1.003852
895,149.532,B,1,6.950663,-91.368482,6.947336,-91.136671,7.560039,-91.174273,0.711608,1.124052,133.3172,-0.193733,132.8784,-0.172495,7.780623,-92.485346,132.9585,1.585337,1.329500,1.391481,-0.833287,1.348676,-0.829959,1.116865
896,149.717,B,1,6.304642,-91.195590,6.783469,-91.250454,7.420888,-91.189819,0.505646,0.998202,132.5744,-0.124400,132.2662,-0.130727,7.571928,-92.482378,132.3252,1.462636,1.301354,1.806055,-0.788459,1.231924,-1.267286,1.286788
897,149.916,B,1,6.020942,-91.637864,6.421870,-91.344788,7.208346,-91.178165,0.596879,1.270671,131.4787,-0.216974,131.0100,-0.299123,7.358136,-92.475865,131.1461,1.468308,1.306316,1.578079,-0.936266,1.131077,-1.337193,0.838001
898,150.082,B,1,5.656384,-92.070603,6.160409,-91.542471,6.984925,-91.233813,0.390021,1.667631,130.3501,-0.207521,129.7986,-0.120668,7.139750,-92.461922,129.8550,1.343317,1.237830,1.534114,-0.979341,0.919451,-1.483366,0.391319
899,150.247,B,1,6.050624,-92.194303,5.972521,-91.787589,6.739549,-91.347546,0.043983,1.661925,129.4826,-0.141138,129.1672,-0.179673,6.920036,-92.437552,129.2474,1.149016,1.104848,0.902800,-0.947516,0.649963,-0.869413,0.243249
900,150.410,B,1,5.429284,-90.621034,5.972521,-91.787589,6.588233,-91.466211,0.067595,1.501229,128.7724,-0.198521,127.9631,-0.153784,6.690623,-92.408693,128.0345,0.949443,0.948028,2.187854,-0.718103,0.621104,-1.261340,1.787659
901,150.580,B,1,5.415254,-91.555911,5.804200,-91.705243,6.369090,-91.335185,0.959370,0.868523,127.5746,-0.132059,127.3241,-0.164132,6.465263,-92.372591,127.3973,0.939339,1.041855,1.330220,-0.661062,0.667348,-1.050009,0.816681
902,150.742,B,1,5.386785,-91.728264,5.595393,-91.507301,6.180097,-91.359054,0.943593,0.940667,127.5746,-0.132057,126.4078,-0.108280,6.239002,-92.335440,126.4580,1.048831,0.978161,1.046391,-0.643609,0.828139,-0.852216,0.607176
903,150.896,B,1,4.499622,-90.747826,5.446658,-91.541955,6.015440,-91.405825,0.716785,0.951218,126.8392,-0.150251,125.6208,-0.138956,6.017804,-92.296315,125.6831,0.946185,0.890493,2.168570,-0.571146,0.754360,-1.518182,1.548489
904,151.071,B,1,5.214528,-92.296017,5.209583,-91.425664,5.744563,-91.300238,1.431350,0.784794,125.7301,-0.141870,124.8538,-0.128315,5.798781,-92.256154,124.9132,1.018267,0.957452,0.585611,-0.589197,0.830490,-0.584253,-0.039863
905,151.243,B,1,3.819300,-91.105891,5.014513,-91.436723,5.618283,-91.438601,0.474049,0.954775,124.5426,-0.128625,124.1327,-0.122746,5.579909,-92.213617,124.1889,0.960852,0.775966,2.080096,-0.565396,0.776893,-1.760608,1.107726
906,151.408,B,1,4.473689,-91.171879,4.777059,-91.513986,5.305221,-91.382436,1.061021,1.080519,123.9207,-0.123519,123.4526,-0.114689,5.358724,-92.166344,123.5055,0.874017,0.785731,1.331258,-0.581666,0.652358,-0.885036,0.994465
907,151.589,B,1,4.400421,-91.029131,4.492333,-91.375290,5.133389,-91.342773,1.169161,0.922405,123.6409,-0.120260,122.8095,-0.108554,5.134149,-92.111379,122.8597,0.976604,0.768606,1.307523,-0.641816,0.736089,-0.733727,1.082248
908,151.746,B,1,3.907194,-90.495966,4.218400,-91.042290,4.977577,-91.286777,1.584460,0.450006,122.4910,-0.108724,122.1953,-0.105304,4.906836,-92.046886,122.2435,1.217849,0.763393,1.845166,-0.688436,1.004596,-0.999642,1.550920
909,151.908,B,1,4.145223,-90.816410,4.078528,-90.849468,4.682390,-91.108722,1.376233,0.335803,121.6808,-0.104117,121.6032,-0.102847,4.678549,-91.973361,121.6498,1.274034,0.864648,1.273959,-0.600020,1.123894,-0.533326,1.156951
910,152.080,B,1,3.928943,-90.251654,4.078528,-90.849468,4.634871,-91.093521,1.247057,0.290744,121.2274,-0.100848,121.0313,-0.098097,4.451123,-91.893538,121.0762,1.108562,0.820848,1.722921,-0.372595,1.044070,-0.522180,1.641884
911,152.230,B,1,3.635684,-90.955078,3.991177,-90.671294,4.487065,-90.953376,1.433060,0.089071,120.9824,-0.098397,120.4626,-0.128379,4.225503,-91.810948,120.5192,1.163495,0.896574,1.039423,-0.234326,1.139654,-0.589819,0.855870
912,152.415,B,1,3.353245,-91.297996,3.694787,-90.710059,4.318818,-90.936104,0.593546,0.822004,119.6180,-0.173819,119.3383,-0.170225,4.001483,-91.737160,119.4169,1.071914,0.861622,0.782993,-0.306696,1.027102,-0.648239,0.439164
913,152.613,B,1,2.424574,-90.433342,3.387898,-90.737697,4.134014,-90.973264,1.092776,1.090525,118.9679,-0.098562,118.8845,0.003143,3.784731,-91.665793,118.8843,1.009375,0.775626,1.835473,-0.396833,0.928095,-1.360157,1.232450
914,152.785,B,1,2.891875,-90.360954,3.083477,-90.597726,3.838328,-90.878027,1.213866,0.942088,118.5178,-0.122951,118.4044,-0.184150,3.572657,-91.597269,118.4861,1.112827,0.766740,1.411361,-0.489180,0.999543,-0.680782,1.236315
915,152.962,B,1,2.204744,-89.743288,3.083477,-90.597726,3.651798,-90.783545,1.109009,0.836146,117.6900,-0.143245,117.3177,-0.123350,3.359985,-91.533970,117.3750,0.976223,0.805167,2.130991,-0.276508,0.936245,-1.155241,1.790682
916,153.110,B,1,2.183911,-90.260944,2.824244,-90.368624,3.404252,-90.614972,1.650312,0.783005,117.2883,-0.102545,116.8041,-0.150037,3.149893,-91.459122,116.8708,1.138083,0.881639,1.539074,-0.325648,1.090498,-0.965981,1.198178
917,153.266,B,1,1.880102,-90.643692,2.531179,-90.179087,3.179499,-90.540926,1.581377,0.978958,117.0026,-0.105278,115.6676,-0.153689,2.937225,-91.383768,115.7398,1.271271,0.876971,1.290435,-0.406047,1.204681,-1.057124,0.740076
918,153.426,B,1,2.604201,-90.077869,2.273077,-90.208749,2.935148,-90.528463,1.126169,1.255523,116.3703,-0.174330,114.8237,-0.214827,2.725522,-91.300614,114.9217,1.181895,0.800100,1.228749,-0.452446,1.091865,-0.121321,1.222745
919,153.575,B,1,2.380882,-90.002413,2.158917,-90.219225,2.840379,-90.439758,0.984956,0.778934,115.1592,-0.169082,113.7992,-0.200642,2.513895,-91.219145,113.8913,1.061061,0.845007,1.223982,-0.354978,0.999921,-0.133013,1.216733
920,153.746,B,1,1.519586,-89.715712,2.169354,-90.123465,2.729931,-90.352269,0.827937,0.438247,113.3517,-0.179432,112.7276,-0.189671,2.305030,-91.141787,112.8150,1.027320,0.896593,1.628070,-0.135676,1.018322,-0.785444,1.426075
921,153.916,B,1,1.074217,-89.945445,2.038015,-89.991159,2.509946,-90.233959,1.088836,0.550652,112.4205,-0.189589,111.6035,-0.202910,2.100685,-91.070631,111.6956,1.081290,0.931404,1.523049,-0.062670,1.079472,-1.026468,1.125185
922,154.093,B,1,0.619655,-90.883503,1.753506,-89.886609,2.255615,-90.165805,1.147865,0.937992,111.9567,-0.194255,110.4195,-0.212418,1.901257,-91.005487,110.5164,1.128592,0.911392,1.287395,-0.147751,1.118879,-1.281602,0.121984
923,154.255,B,1,0.521336,-90.417343,1.405604,-90.024856,1.969269,-90.247603,0.446913,1.577361,110.8639,-0.203175,109.1789,-0.219729,1.705562,-90.944026,109.2800,0.966876,0.744680,1.296066,-0.299958,0.919171,-1.184226,0.526683
924,154.412,B,1,0.073011,-89.781514,1.058061,-90.227882,1.708585,-90.251150,0.380383,1.750060,109.9469,-0.211301,108.0733,-0.118241,1.510852,-90.880807,108.1303,0.794563,0.659974,1.809926,-0.452791,0.652925,-1.437841,1.099293
925,154.568,B,1,-0.540549,-89.470879,0.713181,-90.189819,1.418808,-90.160397,0.820344,1.581370,107.5889,-0.163616,107.2483,-0.219478,1.316357,-90.808559,107.3474,0.864095,0.656209,2.288556,-0.603176,0.618740,-1.856906,1.337681
926,154.726,B,1,0.539976,-89.706825,0.300314,-89.982938,1.079107,-90.034774,1.350377,1.703252,106.5922,-0.245728,105.6533,-0.253850,1.113519,-90.721896,105.7704,1.098800,0.687983,1.165899,-0.813205,0.738958,-0.573543,1.015071
927,154.891,B,1,-0.229431,-90.045286,0.069381,-89.805635,0.948515,-89.960833,1.263545,1.300145,106.5922,-0.245733,104.7769,-0.091631,0.914484,-90.624901,104.8159,1.177028,0.664939,1.282378,-0.845102,0.819266,-1.143915,0.579615
928,155.048,B,1,-0.348843,-88.358838,-0.030705,-89.777257,0.725472,-89.948154,0.905263,1.312116,104.9605,-0.153163,103.7393,-0.267335,0.715148,-90.522700,103.8590,1.054505,0.574639,2.411301,-0.745852,0.745443,-1.063991,2.163862
929,155.203,B,1,-0.145209,-89.637368,-0.213664,-89.526239,0.518849,-89.686732,1.900688,0.913132,104.1662,-0.189334,102.6839,-0.091554,0.516980,-90.419227,102.7273,1.153806,0.732497,1.024596,-0.730644,0.892988,-0.662189,0.781858
930,155.396,B,1,-0.031807,-88.324191,-0.319463,-89.268790,0.373940,-89.649793,1.166908,0.662907,102.0574,-0.181713,101.7598,-0.216334,0.324567,-90.317151,101.8593,1.230380,0.669182,2.024572,-0.644031,1.048361,-0.356375,1.992960
931,155.587,B,1,-0.644907,-89.229063,-0.327993,-89.081311,0.270444,-89.424043,1.632950,0.246508,101.2133,-0.147429,100.9138,-0.159872,0.134729,-90.216145,100.9856,1.225545,0.803644,1.257841,-0.462722,1.134834,-0.779636,0.987082
932,155.756,B,1,-0.375320,-88.780156,-0.466357,-88.841921,0.093935,-89.363056,1.116551,0.327943,100.3810,-0.141595,100.0398,-0.133582,-0.055094,-90.113530,100.1008,1.336461,0.765128,1.371288,-0.411264,1.271609,-0.320226,1.333374
933,155.909,B,1,-1.044087,-88.283123,-0.580233,-88.663108,-0.015276,-89.245600,1.380882,0.495784,99.3679,-0.136767,99.2418,-0.132948,-0.245385,-90.004716,99.3032,1.382764,0.793225,1.897842,-0.334849,1.341608,-0.798703,1.721592
934,156.063,B,1,-1.482274,-89.589996,-0.825459,-88.688005,-0.389732,-89.146060,0.419744,0.981947,98.8370,-0.131825,98.5003,-0.124767,-0.436683,-89.885126,98.5580,1.258667,0.740556,1.086444,-0.388776,1.197120,-1.045590,0.295129
935,156.225,B,1,-1.663568,-88.155335,-0.825459,-88.688005,-0.432896,-89.115219,0.390764,0.882658,98.2041,-0.125958,97.8008,-0.120538,-0.627643,-89.752805,97.8555,1.083019,0.666665,1.903957,-0.197816,1.064800,-1.035925,1.597471
936,156.399,B,1,-2.297713,-88.655173,-1.108113,-88.704760,-0.654599,-88.943136,0.890153,1.020786,97.6354,-0.121506,97.1332,-0.115974,-0.816502,-89.609450,97.1856,0.950526,0.685702,1.761997,-0.291611,0.904690,-1.481212,0.954277
937,156.592,B,1,-1.101760,-86.750656,-1.448081,-88.562974,-0.938891,-88.868817,0.832450,1.512263,97.3567,-0.119035,96.4925,-0.110361,-1.002219,-89.459719,96.5428,1.001471,0.594286,2.710891,-0.445862,0.896745,-0.099541,2.709063
938,156.762,B,1,-2.280495,-88.342119,-1.621050,-88.209779,-1.004138,-88.522596,2.065301,0.797376,96.8083,-0.114831,95.8790,-0.104868,-1.185037,-89.308790,95.9270,1.182342,0.806737,1.460987,-0.436013,1.099011,-1.095458,0.966671
939,156.938,B,1,-2.631193,-86.897258,-1.731074,-87.891330,-1.231896,-88.458577,1.400306,1.079988,96.1554,-0.109649,95.2951,-0.098376,-1.365943,-89.159727,95.3407,1.319905,0.713849,2.592223,-0.365131,1.268396,-1.265250,2.262468
940,157.089,B,1,-2.106765,-88.109769,-2.024338,-87.692697,-1.478797,-88.190256,1.834634,1.092865,94.9424,-0.097493,94.7422,-0.094564,-1.545673,-89.012827,94.7853,1.404231,0.825285,1.063173,-0.478665,1.320130,-0.561092,0.903058
941,157.257,B,1,-2.145302,-87.945478,-2.215791,-87.526059,-1.612479,-88.139128,1.094525,0.958417,94.7228,-0.095594,94.2188,-0.089959,-1.724060,-88.865833,94.2597,1.427163,0.735222,1.012175,-0.491730,1.339774,-0.421242,0.920355
942,157.413,B,1,-3.323409,-87.481328,-2.271980,-87.613265,-1.722556,-88.081141,0.695528,0.856946,94.4560,-0.093714,93.7195,-0.087599,-1.900044,-88.714310,93.7587,1.162169,0.657575,1.883139,-0.371936,1.101045,-1.423365,1.232981
943,157.573,B,1,-2.933192,-87.898457,-2.481961,-87.594341,-2.004633,-87.951192,0.762094,1.271109,93.9960,-0.090046,93.2377,-0.083888,-2.072559,-88.553629,93.2757,1.042997,0.606253,1.081637,-0.409403,0.959288,-0.860633,0.655172
944,157.739,B,1,-2.318798,-87.928234,-2.751708,-87.586754,-2.182597,-87.909012,0.379604,1.243533,93.3216,-0.085210,92.7711,-0.080080,-2.241429,-88.381538,92.8079,0.944492,0.476174,0.459859,-0.510279,0.794783,-0.077369,0.453304
945,157.961,B,1,-3.362318,-86.296354,-2.797673,-87.673265,-2.242223,-87.880244,0.069027,0.720235,92.5784,-0.079654,92.3219,-0.074171,-2.407403,-88.199197,92.3571,0.654916,0.359188,2.129007,-0.390270,0.525932,-0.954914,1.902842
946,158.140,B,1,-3.419444,-87.124160,-2.880848,-87.461860,-2.436901,-87.621742,1.110302,0.857620,92.1823,-0.075508,91.8928,-0.072286,-2.571461,-88.010541,91.9264,0.629899,0.411426,1.226681,-0.309388,0.548682,-0.847983,0.886382
947,158.324,B,1,-3.805470,-85.944811,-3.097260,-87.154488,-2.616928,-87.515119,1.072653,1.014949,92.0113,-0.073941,91.4832,-0.069610,-2.733871,-87.820205,91.5153,0.758440,0.326731,2.159960,-0.363390,0.665717,-1.071599,1.875394
948,158.469,B,1,-3.925856,-86.334682,-3.323447,-86.861625,-2.835616,-87.243984,1.822350,1.152167,91.5973,-0.071533,91.0886,-0.069225,-2.893886,-87.631300,91.1197,0.881432,0.391674,1.657161,-0.429561,0.769675,-1.031970,1.296618
949,158.627,B,1,-3.242104,-86.641318,-3.648637,-86.398114,-3.028848,-87.078019,1.267250,0.802369,90.7986,-0.067815,90.7039,-0.069932,-3.050295,-87.444599,90.7345,1.205464,0.367208,0.825864,-0.598342,1.046485,-0.191808,0.803281
950,158.773,B,1,-3.846534,-85.794363,-3.648637,-86.398114,-3.105266,-86.968246,1.150196,0.717795,90.6345,-0.068039,90.3257,-0.068802,-3.202271,-87.258420,90.3557,0.969210,0.305959,1.599543,-0.446366,0.860306,-0.644262,1.464057
951,158.941,B,1,-3.590699,-85.176752,-3.685974,-86.241786,-3.250899,-86.755814,1.407318,0.719611,90.2254,-0.067469,89.9546,-0.065939,-3.350075,-87.068903,89.9840,0.892721,0.328421,1.907390,-0.335899,0.827117,-0.240624,1.892151
952,159.121,B,1,-3.983440,-85.478164,-3.806493,-85.579753,-3.335325,-86.480948,1.805778,0.600143,89.7596,-0.065140,89.5966,-0.061581,-3.494929,-86.871700,89.6246,1.328984,0.422090,1.476680,-0.311564,1.291946,-0.488511,1.393536
953,159.284,B,1,-3.598774,-86.250060,-3.839311,-85.564079,-3.483260,-86.283599,0.894825,0.361188,89.3453,-0.059836,89.2579,-0.056381,-3.638035,-86.664227,89.2842,1.118409,0.410893,0.416024,-0.201275,1.100149,0.039262,0.414167
954,159.461,B,1,-4.593138,-85.341080,-3.947247,-85.562917,-3.514699,-86.241452,0.981417,0.722745,89.0471,-0.055337,88.9398,-0.053336,-3.779699,-86.446814,88.9646,0.899637,0.335258,1.372709,-0.167548,0.883897,-0.813439,1.105734
955,159.631,B,1,-4.489229,-84.642015,-3.947247,-85.562917,-3.704045,-86.068311,0.890623,0.648524,88.8080,-0.052904,88.6372,-0.050873,-3.919120,-86.222494,88.6610,0.660176,0.264632,1.680160,-0.028126,0.659577,-0.570109,1.580479
956,159.799,B,1,-5.024041,-85.019532,-4.162207,-85.299491,-3.844485,-85.824803,1.361213,0.771126,88.5341,-0.051771,88.3427,-0.049848,-4.055065,-85.995538,88.3660,0.704245,0.271098,1.375319,-0.107142,0.696048,-0.968977,0.976006
957,159.954,B,1,-4.636110,-84.762772,-4.394554,-85.052789,-4.055786,-85.655451,1.290103,1.131525,88.4159,-0.051337,88.0528,-0.051027,-4.186949,-85.769437,88.0758,0.746113,0.173771,1.102325,-0.207605,0.716649,-0.449161,1.006665
958,160.104,B,1,-5.036179,-84.751772,-4.589971,-84.907779,-4.173757,-85.480760,1.250888,1.016468,88.1251,-0.050922,87.7694,-0.048826,-4.315339,-85.545612,87.7917,0.694445,0.155729,1.072284,-0.274631,0.637834,-0.720840,0.793840
959,160.261,B,1,-5.470943,-84.804215,-4.731680,-84.774896,-4.332998,-85.330434,1.094549,1.075246,87.8746,-0.050586,87.4980,-0.046469,-4.441580,-85.322983,87.5191,0.620127,0.108838,1.152696,-0.290100,0.548088,-1.029363,0.518769
960,160.410,B,1,-5.221485,-85.031051,-4.955821,-84.700799,-4.533868,-85.210972,0.759737,1.132913,87.3287,-0.044871,87.2454,-0.041428,-4.566863,-85.098256,87.2648,0.556111,0.117446,0.658063,-0.388957,0.397457,-0.654622,0.067205
961,160.572,B,1,-5.725588,-83.917185,-5.148496,-84.715447,-4.669084,-85.144705,0.387875,1.039889,87.1305,-0.040989,87.0147,-0.038062,-4.691325,-84.867353,87.0323,0.481747,0.278243,1.404464,-0.457170,0.151906,-1.034262,0.950168
962,160.758,B,1,-5.702838,-83.877141,-5.520501,-84.292435,-4.858793,-84.924668,1.245526,1.236888,86.8397,-0.037771,86.8032,-0.037638,-4.814000,-84.627431,86.8195,0.781899,0.300593,1.163171,-0.706501,0.334996,-0.888837,0.750290
963,160.951,B,1,-5.816004,-84.062085,-5.672344,-84.103522,-5.017887,-84.729546,1.106490,1.168587,86.6805,-0.036279,86.6057,-0.034237,-4.933642,-84.378183,86.6210,0.788111,0.361321,0.937273,-0.738701,0.274661,-0.882362,0.316098
964,161.130,B,1,-5.546239,-83.536446,-5.750891,-83.917718,-5.224625,-84.437803,1.322757,0.906718,86.4410,-0.033739,86.4192,-0.032977,-5.049737,-84.121926,86.4337,0.730286,0.361060,0.767660,-0.701154,0.204208,-0.496503,0.585480
965,161.291,B,1,-6.047524,-81.862648,-5.750891,-83.917718,-5.259465,-84.394077,1.198394,0.815619,86.2993,-0.032526,86.2452,-0.030281,-5.162994,-83.862525,86.2586,0.590481,0.540235,2.186756,-0.587896,-0.055193,-0.884530,1.999877
966,161.457,B,1,-6.160320,-82.685514,-5.829903,-83.402700,-5.408091,-83.976162,2.401058,0.927541,86.1637,-0.030090,86.0874,-0.025962,-5.274907,-83.603599,86.0993,0.590239,0.395652,1.275476,-0.554997,0.200899,-0.885414,0.918086
967,161.628,B,1,-5.491515,-81.844014,-5.968768,-82.873760,-5.551467,-83.736562,2.405390,1.007248,86.1637,-0.030088,85.9479,-0.020546,-5.386723,-83.347040,85.9583,0.750181,0.422928,1.506675,-0.582046,0.473280,-0.104792,1.503026
968,161.788,B,1,-6.497524,-82.703325,-6.027182,-82.256405,-5.573312,-83.405914,1.878238,0.786377,85.8576,-0.020871,85.8262,-0.018358,-5.498668,-83.092418,85.8354,0.989063,0.322260,1.071964,-0.528514,0.836013,-0.998856,0.389093
969,161.935,B,1,-5.927247,-81.215870,-6.118301,-82.005826,-5.738927,-83.249481,2.374129,0.613889,85.7827,-0.017952,85.7196,-0.014993,-5.609826,-82.837196,85.7277,0.974537,0.432026,1.652106,-0.508475,0.831369,-0.317421,1.621326
970,162.089,B,1,-7.074779,-81.196626,-6.118301,-82.005826,-5.795402,-82.896142,2.146952,0.551317,85.6781,-0.016231,85.6243,-0.014996,-5.718781,-82.577766,85.6316,0.697661,0.327466,1.935531,-0.399520,0.571939,-1.355998,1.381140
971,162.294,B,1,-6.233214,-81.145549,-6.270284,-81.585503,-6.012767,-82.588763,2.189739,0.981206,85.6138,-0.015823,85.5389,-0.013516,-5.824655,-82.311102,85.5454,0.851516,0.335383,1.235085,-0.445630,0.725599,-0.408559,1.165554
972,162.486,B,1,-7.115801,-80.985296,-6.430279,-81.286990,-6.074574,-82.317489,2.179716,0.811072,85.5786,-0.015376,85.4660,-0.014367,-5.927718,-82.036201,85.4713,0.902157,0.317316,1.586173,-0.502562,0.749212,-1.188083,1.050905
973,162.655,B,1,-7.348865,-80.384156,-6.811324,-80.796920,-6.257066,-82.061920,2.013816,1.295551,85.4154,-0.011793,85.4034,-0.011404,-6.049303,-81.697725,85.4034,1.179883,0.419289,1.847789,-0.762020,0.900805,-1.299562,1.313569
974,162.813,B,1,-6.673445,-80.901933,-6.939929,-80.615101,-6.448744,-81.754415,1.466653,0.936760,85.3790,-0.009067,85.3650,-0.007561,-6.129982,-81.469628,85.3715,1.177383,0.427450,0.785894,-0.809947,0.854527,-0.543463,0.567695
975,162.959,B,1,-7.583513,-79.839133,-6.939929,-80.615101,-6.513833,-81.566106,1.326456,0.845633,85.3494,-0.007489,85.3413,-0.005665,-6.230645,-81.185098,85.3432,0.909935,0.474724,1.908370,-0.709285,0.569997,-1.352869,1.345965
976,163.122,B,1,-7.038403,-79.226609,-7.201539,-79.991972,-6.700926,-81.253530,2.263708,0.994090,85.3200,-0.004071,85.3207,-0.002012,-6.330483,-80.903358,85.3222,1.260699,0.509753,1.820065,-0.871055,0.911386,-0.707919,1.676749
977,163.278,B,1,-6.897751,-79.745099,-7.191900,-79.683791,-6.797997,-80.726305,1.898451,0.674538,85.2990,-0.002241,85.3028,-0.003215,-6.428550,-80.624504,85.3041,1.211464,0.383216,0.996746,-0.763350,0.940713,-0.469201,0.879405
978,163.434,B,1,-7.309318,-78.908301,-7.209683,-79.423805,-6.826988,-80.659388,2.114242,0.689476,85.2900,-0.002212,85.2869,-0.003155,-6.524262,-80.346434,85.2881,1.149368,0.435412,1.638456,-0.685422,0.922629,-0.785056,1.438133
979,163.645,B,1,-7.887042,-79.129849,-7.362987,-79.149929,-6.919618,-80.350592,1.800443,0.934640,85.2772,-0.001216,85.2760,-0.000380,-6.617698,-80.065707,85.2766,1.180722,0.415108,1.577043,-0.745289,0.915778,-1.269344,0.935859
980,163.820,B,1,-6.370631,-78.637074,-7.362987,-79.149929,-7.094396,-80.095127,1.627540,0.844682,85.2784,-0.001065,85.2740,-0.001258,-6.709351,-79.779103,85.2737,0.907248,0.498128,1.191201,-0.653636,0.629174,0.338720,1.142029
981,163.986,B,1,-7.448367,-78.223186,-7.336805,-78.930350,-7.008766,-79.829184,1.729866,0.211721,85.2690,0.000262,85.2822,0.002742,-6.799580,-79.485223,85.2812,0.772331,0.402576,1.419036,-0.537225,0.554873,-0.648787,1.262037
982,164.148,B,1,-7.489630,-78.059127,-7.233705,-78.653689,-7.099133,-79.519405,2.038540,0.364608,85.2667,0.001209,85.2975,0.001605,-6.888272,-79.185190,85.2962,0.633891,0.395173,1.276577,-0.345433,0.531501,-0.601358,1.126063
983,164.317,B,1,-8.024459,-77.523459,-7.313662,-78.348440,-7.178925,-79.237976,1.963881,0.444723,85.2868,0.001850,85.3144,0.002047,-6.974941,-78.882132,85.3131,0.632106,0.410165,1.716823,-0.338720,0.533692,-1.049518,1.358673
984,164.463,B,1,-8.000172,-77.846943,-7.466233,-78.009962,-7.326553,-78.918503,2.126105,0.781715,85.3054,0.002683,85.3285,0.003819,-7.059174,-78.579656,85.3275,0.700178,0.431636,1.192621,-0.407060,0.569694,-0.940998,0.732712
985,164.622,B,1,-6.635039,-77.121342,-7.661616,-77.766825,-7.449941,-78.694294,1.562148,0.804395,85.3418,0.001835,85.3392,0.001448,-7.141028,-78.280102,85.3384,0.731071,0.516703,1.264417,-0.520588,0.513276,0.505989,1.158760
986,164.788,B,1,-7.455946,-77.503587,-7.602747,-77.542949,-7.350842,-78.396541,1.784325,0.179012,85.3326,0.001635,85.3486,0.001133,-7.221003,-77.983664,85.3478,0.583060,0.432812,0.534483,-0.381744,0.440715,-0.234943,0.480077
987,164.988,B,1,-8.484920,-76.931890,-7.460079,-77.344920,-7.383971,-78.200092,1.508588,0.152133,85.3326,0.001634,85.3600,0.001484,-7.299598,-77.688528,85.3590,0.379237,0.518476,1.406232,-0.160481,0.343608,-1.185322,0.756638
988,165.169,B,1,-7.754925,-76.898901,-7.616564,-77.192687,-7.564963,-77.949879,1.498003,0.701184,85.3524,0.001332,85.3750,0.002138,-7.376825,-77.391605,85.3737,0.311517,0.589123,0.621060,-0.239739,0.198918,-0.378099,0.492704
989,165.339,B,1,-7.903642,-76.087771,-7.789128,-76.998788,-7.612690,-77.732607,1.381319,0.596705,85.3711,0.000878,85.3921,0.001812,-7.452098,-77.089848,85.3907,0.349116,0.662517,1.099114,-0.337031,0.091060,-0.451544,1.002077
990,165.493,B,1,-7.941971,-75.650859,-7.836853,-76.726047,-7.674466,-77.427878,1.617655,0.552806,85.3987,0.002338,85.4082,0.004074,-7.524654,-76.781714,85.4070,0.317123,0.663304,1.205399,-0.312199,0.055666,-0.417317,1.130855
991,165.660,B,1,-8.316352,-75.211122,-7.894602,-76.318864,-7.732211,-77.102130,2.000881,0.566153,85.4113,0.003194,85.4210,0.003551,-7.594156,-76.467884,85.4201,0.335373,0.649097,1.449489,-0.300446,0.149020,-0.722196,1.256762
992,165.848,B,1,-8.277610,-75.773755,-8.121092,-75.592520,-7.836738,-76.757717,1.944720,0.770722,85.4323,0.002522,85.4309,0.001951,-7.660971,-76.150923,85.4301,0.723551,0.631738,0.722841,-0.460121,0.558403,-0.616639,0.377168
993,166.005,B,1,-8.949804,-73.992332,-8.310148,-75.198667,-7.920753,-76.546686,2.785856,1.168281,85.4421,0.001964,85.4401,0.001613,-7.725955,-75.834022,85.4394,0.863109,0.738808,2.211251,-0.584193,0.635355,-1.223849,1.841690
994,166.157,B,1,-8.838308,-73.411494,-8.538655,-74.512483,-8.200609,-75.713738,3.422942,1.290703,85.4449,0.001518,85.4506,0.000362,-7.789845,-75.519465,85.4497,1.254882,0.454388,2.354318,-0.748810,1.006982,-1.048463,2.107971
995,166.328,B,1,-8.930246,-73.706346,-8.538655,-74.512483,-8.224989,-75.634325,3.093950,1.167015,85.4454,0.001093,85.4622,0.001589,-7.852771,-75.207775,85.4612,0.976662,0.566120,1.848038,-0.685885,0.695292,-1.077475,1.501429
996,166.506,B,1,-7.793224,-74.407128,-8.708728,-73.974023,-8.271356,-75.149051,2.932401,1.184421,85.4633,0.001417,85.4733,0.000759,-7.914215,-74.897674,85.4725,1.218352,0.436737,0.505247,-0.794512,0.923651,0.120991,0.490546
997,166.667,B,1,-8.726211,-72.748545,-8.593715,-73.547335,-8.291677,-75.071873,2.630165,0.591102,85.4696,0.000386,85.4821,0.000210,-7.973436,-74.586532,85.4815,1.210238,0.580373,1.986169,-0.620279,1.039197,-0.752775,1.837988
998,166.817,B,1,-9.097077,-73.364526,-8.713958,-73.220841,-8.479417,-74.468489,2.099629,0.744644,85.4804,-0.000189,85.4885,-0.000102,-8.030061,-74.271416,85.4880,1.253564,0.490671,1.400348,-0.683897,1.050575,-1.067016,0.906890
999,166.969,B,1,-8.513865,-72.329638,-8.773586,-72.938211,-8.501109,-74.389564,2.395996,0.523765,85.3570,-0.065852,85.0370,-0.129468,-8.088801,-73.954241,85.0979,1.225255,0.599586,1.679290,-0.684786,1.016030,-0.425065,1.624603
1000,167.128,B,1,-8.771974,-72.556374,-8.773586,-72.938211,-8.521802,-74.010391,2.168374,0.461342,84.8977,-0.040573,84.8236,0.042331,-8.144588,-73.641476,84.8056,0.943515,0.527626,1.253419,-0.628998,0.703265,-0.627386,1.085101
1001,167.335,B,1,-9.195808,-72.271559,-8.763380,-72.619327,-8.576326,-73.719832,1.952586,0.419258,84.9226,0.021895,85.0273,-0.064273,-8.197481,-73.327772,85.0819,0.906717,0.545192,1.453355,-0.565899,0.708445,-0.998327,1.056213
1002,167.473,B,1,-9.134620,-71.735543,-8.849080,-72.404449,-8.685269,-73.431052,1.923898,0.625512,85.0003,-0.004120,84.4337,-0.086743,-8.257459,-73.023281,84.4750,0.856136,0.591015,1.558102,-0.591622,0.618832,-0.877161,1.287738
1003,167.641,B,1,-8.773276,-71.954793,-8.968639,-72.133682,-8.769132,-73.105946,2.022274,0.675447,84.7519,-0.081266,84.3567,-0.010354,-8.312915,-72.720525,84.3607,0.879977,0.597230,0.893465,-0.655724,0.586843,-0.460362,0.765733
1004,167.843,B,1,-8.768980,-70.460423,-8.951958,-71.537777,-8.783222,-72.876746,2.499391,0.351441,84.0190,-0.093316,83.7587,-0.121591,-8.371310,-72.426168,83.8154,1.061316,0.610485,2.005567,-0.580648,0.888392,-0.397670,1.965746
1005,168.013,B,1,-9.688513,-70.765732,-8.951958,-71.537777,-8.797620,-72.432920,2.261654,0.299990,83.5735,-0.067258,83.3740,-0.100016,-8.427640,-72.136090,83.4184,0.795542,0.474334,1.862171,-0.524317,0.598313,-1.260872,1.370358
1006,168.161,B,1,-8.944603,-70.383428,-9.046613,-71.075207,-8.942500,-72.110115,2.219823,0.649622,83.0917,-0.100015,82.7375,-0.087612,-8.485970,-71.852088,82.7779,0.958052,0.524402,1.538606,-0.560643,0.776881,-0.458633,1.468660
1007,168.344,B,1,-9.402106,-70.578522,-9.174828,-70.491222,-8.953604,-71.794065,1.966614,0.560378,82.3480,-0.107748,82.0825,-0.120093,-8.544826,-71.571529,82.1369,1.250586,0.465426,1.311866,-0.630002,1.080307,-0.857279,0.993008
1008,168.502,B,1,-9.393801,-69.809665,-9.257808,-70.247263,-9.033705,-71.525198,2.099275,0.607753,81.6862,-0.121130,81.2655,-0.133537,-8.605096,-71.293769,81.4165,1.233373,0.487098,1.680661,-0.652712,1.046506,-0.788705,1.484105
1009,168.651,B,1,-8.818277,-70.858886,-9.228549,-70.153832,-9.097882,-71.196716,1.178198,0.152737,80.7381,-0.135678,80.5712,-0.142620,-8.666299,-71.018171,80.6364,1.031120,0.467056,0.220157,-0.562250,0.864340,-0.151977,0.159286
1010,168.798,B,1,-9.090744,-69.351283,-9.228549,-70.153832,-9.065965,-71.073338,1.066816,0.123224,80.0781,-0.144203,79.7222,-0.153731,-8.727820,-70.744987,79.7925,0.774722,0.471334,1.440182,-0.500729,0.591155,-0.362924,1.393704
1011,168.971,B,1,-9.887159,-68.913199,-9.153085,-70.032417,-9.074666,-70.763483,1.533792,0.144771,79.3756,-0.154181,78.8097,-0.166220,-8.789250,-70.474993,78.8850,0.572931,0.405819,1.909085,-0.363835,0.442577,-1.097909,1.561795
1012,169.136,B,1,-9.511348,-69.552597,-9.251248,-69.615640,-9.199501,-70.421311,2.033880,0.647458,78.9864,-0.159074,77.9946,-0.074641,-8.850218,-70.207696,78.0307,0.715091,0.409426,0.930724,-0.401031,0.592056,-0.661130,0.655099
1013,169.339,B,1,-10.610107,-68.794692,-9.390666,-69.357482,-9.253276,-70.209183,1.560414,0.577173,78.2442,-0.132562,77.4870,-0.165374,-8.907837,-69.941214,77.5604,0.757540,0.437191,2.052374,-0.482829,0.583732,-1.702270,1.146523
1014,169.492,B,1,-9.069078,-69.329871,-9.605432,-69.180419,-9.461201,-69.930852,1.590688,1.175549,77.6354,-0.126975,76.1751,-0.213809,-8.968030,-69.668866,76.2745,0.803033,0.558439,0.353735,-0.637402,0.488448,-0.101048,0.338996
1015,169.651,B,1,-9.617936,-67.273868,-9.708424,-69.033300,-9.410242,-69.787616,1.179799,0.544762,76.7740,-0.205624,75.5219,-0.036281,-9.023415,-69.398382,75.5370,0.776223,0.548761,2.206131,-0.685009,0.365082,-0.594521,2.124514
1016,169.847,B,1,-9.816277,-68.042168,-9.634800,-68.672040,-9.447164,-69.338054,2.160474,0.667945,75.3547,-0.119910,74.7778,-0.213563,-9.078952,-69.127631,74.8741,0.718701,0.424096,1.312204,-0.555848,0.455592,-0.737325,1.085463
1017,170.083,B,1,-9.598439,-67.446414,-9.692015,-67.890930,-9.519420,-68.838439,2.265970,0.659823,74.1534,-0.133767,73.9331,-0.053838,-9.135524,-68.854625,73.9601,1.112830,0.384237,1.482346,-0.556490,0.963696,-0.462914,1.408211
1018,170.241,B,1,-10.408443,-67.024950,-9.791900,-67.510284,-9.523127,-68.767025,2.299570,1.048707,73.6835,-0.121767,73.2890,-0.171233,-9.187481,-68.581473,73.3670,1.229946,0.383521,1.978260,-0.604419,1.071189,-1.220962,1.556523
1019,170.438,B,1,-9.252901,-67.296185,-9.814929,-67.234292,-9.598725,-68.274421,2.023138,0.525993,73.0735,-0.113743,72.6467,-0.130126,-9.236732,-68.305678,72.7051,1.217448,0.363339,1.009622,-0.578197,1.071386,-0.016169,1.009493
1020,170.654,B,1,-9.740236,-66.907581,-9.814929,-67.234292,-9.601140,-68.200584,1.834054,0.454617,72.1690,-0.109173,72.0082,-0.106166,-9.282678,-68.026466,72.0568,0.954375,0.362952,1.208827,-0.532251,0.792175,-0.457557,1.118885
1021,170.833,B,1,-9.601015,-67.489023,-9.725020,-67.048511,-9.622851,-67.941052,1.726239,0.426544,71.8842,-0.106436,71.4210,-0.100659,-9.325405,-67.743526,71.4665,0.801709,0.357058,0.375144,-0.399615,0.695014,-0.275610,0.254503
1022,170.998,B,1,-9.542134,-65.821295,-9.698955,-66.978236,-9.620215,-67.807863,1.158750,0.186879,71.6132,-0.104030,70.8712,-0.092381,-9.366025,-67.457041,70.9138,0.583179,0.433230,1.645199,-0.332930,0.478806,-0.176109,1.635746
1023,171.148,B,1,-10.065748,-65.701938,-9.649532,-66.767646,-9.607699,-67.450289,1.878318,0.362041,71.1592,-0.099430,70.3561,-0.087500,-9.404934,-67.168169,70.3961,0.469305,0.347427,1.608262,-0.244598,0.400524,-0.660814,1.466231
1024,171.299,B,1,-9.854404,-65.635469,-9.681770,-66.313560,-9.673826,-67.125478,2.095838,0.710449,70.4995,-0.091307,69.8695,-0.083041,-9.441781,-66.878327,69.9076,0.613642,0.339011,1.309562,-0.239989,0.564767,-0.412623,1.242858
1025,171.460,B,1,-9.604658,-65.686928,-9.755378,-65.955853,-9.699624,-66.837951,1.879725,0.665245,69.6797,-0.083307,69.4058,-0.078324,-9.475858,-66.588483,69.4421,0.691630,0.335120,0.910709,-0.279519,0.632631,-0.128800,0.901555
1026,171.635,B,1,-9.698646,-65.288426,-9.745278,-65.713907,-9.684250,-66.600987,1.697962,0.501948,69.2251,-0.079057,68.9621,-0.077683,-9.506743,-66.298776,68.9969,0.631641,0.350486,1.028413,-0.238535,0.584869,-0.191903,1.010350
1027,171.803,B,1,-9.653463,-64.481028,-9.711648,-65.505713,-9.684027,-66.341335,1.778591,0.526686,69.2251,-0.079057,68.5395,-0.072285,-9.534567,-66.008479,68.5725,0.533040,0.364871,1.532072,-0.177082,0.502766,-0.118897,1.527452
1028,171.974,B,1,-10.774505,-64.495883,-9.691777,-65.167334,-9.676346,-66.000570,2.153219,0.646279,68.6829,-0.074441,68.1407,-0.066672,-9.559712,-65.716308,68.1717,0.564636,0.307259,1.721964,-0.132065,0.548975,-1.214793,1.220425
1029,172.145,B,1,-10.304909,-63.783714,-10.057217,-64.423882,-9.836606,-65.710701,2.159539,1.394115,67.9557,-0.066956,67.7668,-0.062132,-9.582302,-65.421115,67.7958,1.104544,0.385397,1.789761,-0.474915,0.997233,-0.722607,1.637401
1030,172.295,B,1,-10.381333,-63.671561,-10.057217,-64.423882,-9.906839,-65.357701,1.960120,1.247591,67.5145,-0.062263,67.4154,-0.059280,-9.601979,-65.122612,67.4428,0.833946,0.384976,1.647101,-0.455238,0.698730,-0.779354,1.451051
1031,172.448,B,1,-9.699331,-63.383324,-10.172761,-64.027706,-9.979118,-65.038573,1.966691,1.319946,67.2395,-0.059598,67.0813,-0.058337,-9.618144,-64.821554,67.1076,0.968398,0.421188,1.440520,-0.554617,0.793848,-0.081187,1.438230
1032,172.607,B,1,-10.780263,-63.466703,-10.165352,-63.692988,-9.939737,-64.723379,2.211864,1.070510,67.2395,-0.059607,66.7598,-0.053870,-9.630435,-64.519253,66.7852,0.984302,0.370588,1.558835,-0.534917,0.826265,-1.149828,1.052550
1033,172.774,B,1,-9.761610,-62.633530,-10.208440,-63.443525,-10.065696,-64.467117,1.744177,1.237267,66.9258,-0.056654,66.4494,-0.051671,-9.639104,-64.216798,66.4738,0.960258,0.494611,1.588000,-0.569336,0.773274,-0.122506,1.583268
1034,172.936,B,1,-10.773918,-63.601605,-10.246005,-63.162264,-10.023312,-64.126067,2.083625,0.972689,66.6131,-0.055346,66.1519,-0.049383,-9.644940,-63.914599,66.1752,0.962957,0.433456,1.171561,-0.601065,0.752335,-1.128978,0.312994
1035,173.085,B,1,-10.272981,-62.725265,-10.268708,-63.010778,-10.136552,-63.978906,1.040885,0.806756,66.0037,-0.050494,65.8701,-0.048677,-9.648745,-63.612413,65.8920,0.863897,0.610142,1.084759,-0.619963,0.601635,-0.624236,0.887148
1036,173.298,B,1,-10.220172,-61.839068,-10.358626,-62.950749,-10.160635,-63.724475,1.114274,0.740152,65.7414,-0.047880,65.6051,-0.044931,-9.650700,-63.309570,65.6257,0.793670,0.657404,1.576919,-0.707926,0.358821,-0.569472,1.470502
1037,173.503,B,1,-9.663188,-62.394807,-10.345260,-62.620240,-10.171871,-63.395658,1.756537,0.921493,65.6402,-0.046648,65.3550,-0.044204,-9.650123,-63.005269,65.3746,0.794646,0.651632,0.610602,-0.695137,0.385029,-0.013066,0.610462
1038,173.652,B,1,-10.602650,-61.290647,-10.234690,-62.331976,-10.098851,-63.169204,1.601998,0.426866,65.4256,-0.045117,65.1160,-0.039084,-9.645907,-62.698923,65.1348,0.693770,0.652934,1.702527,-0.588784,0.366947,-0.956743,1.408276
1039,173.801,B,1,-9.612617,-60.582943,-10.161549,-61.539195,-10.092442,-62.501322,2.631170,0.818399,64.9945,-0.041712,64.8851,-0.039754,-9.637326,-62.390396,64.9033,0.999677,0.468439,1.807622,-0.524223,0.851202,0.024708,1.807453
1040,173.949,B,1,-9.959429,-61.136121,-10.161549,-61.539195,-10.090866,-62.425661,2.381348,0.730127,64.7166,-0.039634,64.6623,-0.036625,-9.624553,-62.079979,64.6798,0.762110,0.580468,1.001505,-0.536995,0.540785,-0.334876,0.943859
1041,174.103,B,1,-9.763298,-60.589600,-10.035571,-61.147146,-10.025010,-61.937027,2.116407,0.591652,64.6119,-0.038463,64.4504,-0.036867,-9.608554,-61.768193,64.4669,0.753686,0.449378,1.188708,-0.427017,0.621047,-0.154744,1.178593
1042,174.250,B,1,-9.719749,-60.742494,-9.861739,-60.665838,-10.020791,-61.862471,1.934911,0.348369,64.3189,-0.035185,64.2520,-0.034494,-9.590440,-61.455615,64.2673,0.835075,0.592228,0.724749,-0.271299,0.789777,-0.129309,0.713121
1043,174.463,B,1,-10.812537,-60.489812,-9.949410,-60.518658,-10.093347,-61.463405,1.454797,0.793779,64.1688,-0.032978,64.0674,-0.032391,-9.570798,-61.142789,64.0817,0.729991,0.613067,1.402959,-0.378612,0.624132,-1.241738,0.652977
1044,174.641,B,1,-9.666385,-59.394714,-10.021920,-60.202720,-10.030249,-61.103511,2.044185,0.810392,63.9380,-0.031122,63.8944,-0.030838,-9.549420,-60.830083,63.9079,0.785392,0.553135,1.440127,-0.472499,0.627363,-0.116965,1.435369
1045,174.836,B,1,-9.732699,-59.324705,-10.021920,-60.202720,-10.026268,-61.027189,1.850010,0.726885,63.7872,-0.029345,63.7298,-0.029722,-9.525535,-60.517422,63.7427,0.587737,0.714561,1.210574,-0.496385,0.314701,-0.207165,1.192717
1046,174.994,B,1,-9.392290,-59.791219,-9.797469,-59.563074,-9.978624,-60.709122,1.810374,0.324639,63.6385,-0.028533,63.5719,-0.028637,-9.498391,-60.204162,63.5843,0.707419,0.696856,0.426355,-0.299078,0.641088,0.106101,0.412943
1047,175.156,B,1,-10.146298,-58.958678,-9.761893,-59.366994,-9.923990,-60.298898,1.799503,0.662700,63.4902,-0.026351,63.4222,-0.026059,-9.467784,-59.889361,63.4338,0.599472,0.613062,1.151761,-0.294109,0.522366,-0.678515,0.930683
1048,175.316,B,1,-9.910276,-59.546494,-9.817841,-59.210557,-9.916188,-60.209183,1.231761,0.471155,63.3797,-0.025054,63.2841,-0.023021,-9.434134,-59.572269,63.2946,0.527320,0.798772,0.476839,-0.383707,0.361711,-0.476142,0.025775
1049,175.471,B,1,-9.994302,-58.201874,-9.846882,-58.994570,-9.909685,-60.047604,1.690877,0.819814,63.1829,-0.021734,63.1605,-0.019396,-9.398107,-59.252742,63.1699,0.517737,0.945261,1.208210,-0.448775,0.258172,-0.596195,1.050868
1050,175.638,B,1,-9.388043,-58.184928,-9.846882,-58.994570,-9.917780,-59.723032,1.529940,0.737904,63.0836,-0.018957,63.0513,-0.017946,-9.360138,-58.931351,63.0596,0.490832,0.968361,0.746945,-0.486744,-0.063218,-0.027904,0.746423
1051,175.812,B,1,-9.435458,-57.740655,-9.668737,-58.260681,-9.775748,-59.175726,2.170266,0.645777,62.9792,-0.017906,62.9535,-0.016892,-9.320258,-58.609131,62.9610,0.492803,0.726981,0.876083,-0.348479,0.348450,-0.115200,0.868475
1052,175.986,B,1,-10.035357,-56.609665,-9.665502,-57.741730,-9.766913,-59.104421,2.726089,1.245879,62.8890,-0.015772,62.8637,-0.013984,-9.278308,-58.287082,62.8707,0.668825,0.952249,1.840340,-0.387193,0.545352,-0.757049,1.677417
1053,176.175,B,1,-10.280931,-57.293715,-9.795881,-57.298068,-9.869214,-58.465856,2.205451,1.340180,62.8151,-0.014418,62.7805,-0.014591,-9.234245,-57.965641,62.7869,0.872403,0.808332,1.243799,-0.561635,0.667572,-1.046686,0.671926
1054,176.345,B,1,-10.103860,-55.858908,-9.914435,-56.894364,-9.865781,-58.404982,2.735206,1.715191,62.7514,-0.013582,62.7054,-0.012264,-9.188245,-57.644396,62.7110,1.043982,1.018600,2.006569,-0.726190,0.750032,-0.915615,1.785488
1055,176.518,B,1,-9.935850,-56.074823,-9.914435,-56.894364,-9.896750,-57.942884,2.425157,1.515886,62.6614,-0.010872,62.6417,-0.010182,-9.140552,-57.322320,62.6463,0.884330,0.978231,1.479442,-0.773882,0.427955,-0.795298,1.247497
1056,176.668,B,1,-8.619458,-55.741978,-9.960331,-56.390682,-9.900281,-57.606299,2.355917,1.430185,62.6142,-0.008751,62.5920,-0.007070,-9.091229,-56.998380,62.5954,1.060488,1.011993,1.342056,-0.869102,0.607698,0.471771,1.256402
1057,176.848,B,1,-8.776170,-55.555348,-9.768858,-56.007038,-9.705241,-57.240759,2.755857,0.790907,62.6142,-0.008772,62.5558,-0.005413,-9.040023,-56.672098,62.5583,0.986663,0.875152,1.147496,-0.728835,0.665060,0.263853,1.116749
1058,177.003,B,1,-9.744959,-54.197055,-9.429509,-55.699859,-9.558103,-56.914681,2.683469,0.360829,62.5452,-0.006448,62.5303,-0.002258,-8.986501,-56.343719,62.5321,0.781544,0.807915,2.276713,-0.443008,0.643860,-0.758459,2.146664
1059,177.148,B,1,-9.759258,-55.189442,-9.328319,-55.238838,-9.574811,-56.434074,3.073618,0.991283,62.5225,-0.005116,62.5123,-0.001718,-8.930421,-56.014001,62.5135,0.871321,0.769219,1.169131,-0.397898,0.775163,-0.828837,0.824559
1060,177.313,B,1,-9.488819,-54.259213,-9.408213,-54.865704,-9.592965,-56.169578,2.046853,0.810797,62.5123,-0.003064,62.5005,-0.002033,-8.872057,-55.683794,62.5012,0.978128,0.869306,1.552361,-0.536156,0.818090,-0.616761,1.424580
1061,177.506,B,1,-10.313222,-53.633350,-9.447113,-54.642005,-9.569543,-55.807905,2.081869,0.883345,62.4993,-0.002736,62.4960,0.000971,-8.812146,-55.353668,62.4961,0.953754,0.883166,2.283140,-0.634967,0.711663,-1.501076,1.720318
1062,177.687,B,1,-9.328587,-54.146034,-9.649291,-53.958064,-9.673301,-55.405988,1.851325,1.032702,62.5062,0.000663,62.5012,0.002963,-8.751437,-55.023723,62.5004,1.393474,0.997978,1.050447,-0.897854,1.065658,-0.577150,0.877689
1063,177.838,B,1,-8.450872,-54.509217,-9.432063,-53.942196,-9.448830,-55.047815,1.393602,0.084121,62.5056,0.002893,62.5170,0.004460,-8.690166,-54.693618,62.5153,1.055958,0.837273,0.302101,-0.741897,0.751423,0.239293,0.184401
1064,177.987,B,1,-8.708738,-52.880406,-9.157699,-53.748870,-9.332779,-54.666261,2.069242,0.195716,62.5296,0.004742,62.5422,0.005836,-8.627868,-54.362818,62.5399,0.810958,0.767449,1.484616,-0.529831,0.613948,-0.080870,1.482412
1065,178.133,B,1,-8.602287,-52.936047,-9.157699,-53.748870,-9.320008,-54.584652,1.870340,0.177868,62.5598,0.005635,62.5743,0.006997,-8.563682,-54.030842,62.5715,0.657544,0.937409,1.095475,-0.594017,0.281972,-0.038605,1.094795
1066,178.288,B,1,-8.461412,-52.502748,-8.960866,-53.349123,-9.201142,-54.264664,2.063048,0.128602,62.5891,0.006059,62.6106,0.006311,-8.496906,-53.697402,62.6076,0.580136,0.904287,1.195181,-0.463960,0.348279,0.035493,1.194654
1067,178.440,B,1,-8.772932,-52.187618,-8.774746,-53.000963,-9.077078,-53.927805,2.440715,0.150555,62.5891,0.006061,62.6507,0.008215,-8.427441,-53.362437,62.6473,0.501283,0.861202,1.224567,-0.347305,0.361475,-0.345492,1.174819
1068,178.594,B,1,-8.404408,-52.677340,-8.663634,-52.633881,-9.016397,-53.593791,2.448070,0.375305,62.6450,0.007575,62.6959,0.007261,-8.355847,-53.026146,62.6921,0.498602,0.870946,0.352170,-0.307787,0.392265,-0.048561,0.348806
1069,178.790,B,1,-8.773709,-51.399092,-8.581372,-52.420331,-8.909887,-53.382621,1.938855,0.099679,62.6883,0.007318,62.7480,0.009136,-8.282968,-52.689005,62.7435,0.401535,0.934949,1.380109,-0.298404,0.268674,-0.490741,1.289913
1070,178.970,B,1,-8.506093,-50.632023,-8.530401,-52.156561,-8.873536,-53.015308,2.242197,0.546244,62.7194,0.009175,62.8066,0.011275,-8.209381,-52.351657,62.8017,0.375655,0.938901,1.745044,-0.321020,0.195097,-0.296713,1.719634
1071,179.125,B,1,-8.983900,-51.899798,-8.518558,-51.624230,-8.803690,-52.586715,2.558839,0.824562,62.8325,0.011146,62.8697,0.010815,-8.135054,-52.014643,62.8646,0.547263,0.879965,0.856579,-0.383504,0.390413,-0.848846,0.114845
1072,179.281,B,1,-7.850928,-51.114495,-8.491779,-51.250381,-8.675958,-52.221196,1.829001,0.347513,62.9167,0.011672,62.9344,0.010687,-8.059448,-51.678112,62.9293,0.608165,0.821599,0.600954,-0.432331,0.427732,0.208520,0.563618
1073,179.464,B,1,-8.446674,-50.064638,-8.366074,-50.899109,-8.628091,-51.842884,2.259628,0.702114,62.9689,0.011131,63.0066,0.009981,-7.966179,-51.274403,63.0066,0.548418,0.872524,1.301695,-0.399896,0.375294,-0.480495,1.209766
1074,179.611,B,1,-8.177911,-49.072238,-8.318114,-50.290157,-8.548252,-51.370304,3.026659,1.053455,63.0460,0.012652,63.0634,0.011487,-7.902234,-51.004774,63.0582,0.826822,0.742261,1.952100,-0.415880,0.714618,-0.275677,1.932537
1075,179.765,B,1,-8.251326,-50.183585,-8.318114,-50.290157,-8.532199,-51.288917,2.734770,0.955370,63.0978,0.011605,63.1298,0.012977,-7.820428,-50.666535,63.1244,0.623981,0.945503,0.647235,-0.497686,0.376379,-0.430898,0.482950
1076,179.940,B,1,-7.843910,-49.262486,-8.258924,-49.881225,-8.475245,-51.047195,2.168429,0.711236,63.1485,0.012132,63.1997,0.014544,-7.736835,-50.326645,63.1939,0.686277,1.031718,1.069533,-0.522089,0.445420,-0.107075,1.064160
1077,180.113,B,1,-7.868357,-49.018136,-8.168899,-49.654915,-8.366312,-50.706718,2.446779,0.643096,63.1782,0.012728,63.2726,0.013408,-7.651698,-49.985378,63.2667,0.613761,1.015384,0.991211,-0.517201,0.330463,-0.216659,0.967242
1078,180.274,B,1,-7.811033,-48.459180,-8.044350,-49.319206,-8.279654,-50.395936,2.409593,0.577591,63.2437,0.012649,63.3464,0.012930,-7.565066,-49.643553,63.3405,0.578717,1.037649,1.209644,-0.479283,0.324347,-0.245966,1.184373
1079,180.435,B,1,-8.337366,-48.443377,-7.944105,-48.953243,-8.190536,-50.018707,2.530561,0.628110,63.3120,0.012921,63.4183,0.012428,-7.476872,-49.302102,63.4127,0.583103,1.011354,1.215672,-0.467233,0.348859,-0.860493,0.858726
1080,180.584,B,1,-7.528732,-47.405997,-7.944472,-48.619824,-8.199142,-49.723808,2.222553,0.832129,63.3782,0.012813,63.4872,0.012986,-7.387103,-48.961553,63.4818,0.653788,1.113751,1.561990,-0.557368,0.341729,-0.141629,1.555555
1081,180.736,B,1,-7.820765,-48.367537,-7.913874,-48.222778,-8.081674,-49.285976,2.503617,0.780491,63.4961,0.012070,63.5541,0.011208,-7.295892,-48.621775,63.5487,0.735595,1.028891,0.583206,-0.617982,0.398997,-0.524873,0.254238
1082,180.881,B,1,-7.292105,-46.165904,-7.818074,-47.942117,-8.027886,-49.074393,1.976754,0.543668,63.5266,0.012173,63.6208,0.011539,-7.203418,-48.282128,63.6155,0.702431,1.143429,2.118082,-0.614656,0.340012,-0.088687,2.116225
1083,181.033,B,1,-7.245319,-46.956193,-7.711540,-47.555676,-7.903189,-48.566357,3.002838,0.817312,63.5826,0.012040,63.6891,0.011286,-7.109691,-47.941834,63.6836,0.715081,1.009786,0.994929,-0.601849,0.386158,-0.135628,0.985641
1084,181.179,B,1,-7.024011,-46.665811,-7.544901,-47.044733,-7.792257,-48.263483,2.740302,0.563511,63.6694,0.011379,63.7529,0.012763,-7.014435,-47.600362,63.7529,0.768190,1.022123,0.934600,-0.530465,0.555629,-0.009576,0.934551
1085,181.328,B,1,-7.035840,-46.102738,-7.384863,-46.799715,-7.662552,-47.950965,2.639669,0.354105,63.7243,0.011675,63.8273,0.011384,-6.917241,-47.257666,63.8219,0.654514,1.017915,1.161002,-0.467621,0.457951,-0.118599,1.154929
1086,181.517,B,1,-7.522555,-45.775537,-7.227225,-46.489990,-7.546265,-47.582071,2.392968,0.316037,63.8465,0.011881,63.8937,0.011384,-6.817890,-46.914171,63.8885,0.589479,0.988241,1.339044,-0.409335,0.424181,-0.704665,1.138634
1087,181.699,B,1,-6.992058,-45.718711,-7.181440,-46.121621,-7.523383,-47.233376,2.434088,0.628229,63.8465,0.011900,63.9574,0.011883,-6.716593,-46.570518,63.9523,0.646213,1.044170,0.895241,-0.464847,0.448897,-0.275465,0.851807
1088,181.860,B,1,-6.832855,-45.363580,-7.159980,-45.834322,-7.426212,-46.928359,2.237908,0.486820,63.9476,0.011982,64.0197,0.012855,-6.613936,-46.227238,64.0147,0.672716,1.073016,0.890971,-0.546044,0.392916,-0.218919,0.863658
1089,182.025,B,1,-6.890840,-44.394764,-7.049669,-45.584612,-7.319362,-46.617032,2.174165,0.381454,63.9977,0.011048,64.0828,0.011423,-6.510546,-45.884537,64.0777,0.616935,1.091207,1.537546,-0.539123,0.299926,-0.380294,1.489773
1090,182.169,B,1,-7.082714,-44.694397,-6.954053,-45.197517,-7.236648,-46.208039,2.328635,0.564798,64.1259,0.010580,64.1477,0.011195,-6.406702,-45.542308,64.1424,0.646895,1.063959,1.084410,-0.547351,0.344791,-0.676012,0.847911
1091,182.323,B,1,-6.959297,-44.713385,-6.924551,-44.817947,-7.195212,-45.903170,2.098753,0.619811,64.1775,0.011116,64.2140,0.012126,-6.302176,-45.200241,64.2086,0.730410,1.136496,0.817824,-0.622375,0.382293,-0.657121,0.486855
1092,182.468,B,1,-5.878449,-44.154588,-6.921792,-44.624780,-7.142743,-45.647896,1.868187,0.555894,64.1775,0.011116,64.2803,0.011581,-6.196384,-44.857932,64.2750,0.761956,1.232736,0.771865,-0.725408,0.233152,0.317935,0.703345
1093,182.630,B,1,-6.168151,-43.268377,-6.746473,-44.424746,-6.937127,-45.349762,2.077324,0.091589,64.2577,0.010436,64.3475,0.010381,-6.090048,-44.517726,64.3420,0.662977,1.187360,1.251788,-0.656425,0.092980,-0.078103,1.249349
1094,182.806,B,1,-5.959277,-42.379408,-6.490135,-44.051000,-6.802105,-44.964601,2.551252,0.210973,64.3136,0.011454,64.4192,0.013156,-5.986332,-44.186703,64.4133,0.521760,1.127214,1.807497,-0.503803,0.135703,0.027055,1.807294
1095,182.987,B,1,-6.050085,-42.253116,-6.303214,-43.478960,-6.654900,-44.502332,2.927013,0.393259,64.4484,0.012488,64.4971,0.013946,-5.884978,-43.863320,64.4906,0.568026,1.000558,1.618647,-0.418236,0.384360,-0.165107,1.610204
1096,183.165,B,1,-6.507255,-42.428821,-6.148562,-42.892866,-6.542017,-44.086720,3.102042,0.526859,64.5198,0.013435,64.5834,0.015794,-5.785558,-43.545370,64.5761,0.746682,0.930210,1.329484,-0.363004,0.652504,-0.721697,1.116549
1097,183.320,B,1,-5.964316,-43.181718,-6.122825,-42.498052,-6.514200,-43.757442,2.845445,0.726498,64.5529,0.014478,64.6788,0.017183,-5.687692,-43.231444,64.6709,0.852763,0.979689,0.281058,-0.435134,0.733392,-0.276624,0.049726
1098,183.473,B,1,-6.291152,-41.157514,-6.106990,-42.417891,-6.411445,-43.590692,1.822912,0.222688,64.6246,0.015343,64.7819,0.017161,-5.591141,-42.921474,64.7735,0.720899,1.058655,1.897780,-0.515849,0.503583,-0.700011,1.763959
1099,183.624,B,1,-6.550633,-40.919052,-6.075096,-42.186246,-6.372967,-43.151624,2.398272,0.731925,64.7511,0.016970,64.8899,0.020126,-5.496003,-42.616631,64.8811,0.721513,1.027270,1.998505,-0.579093,0.430386,-1.054630,1.697580
1100,183.780,B,1,-5.893583,-40.762310,-6.148111,-41.644812,-6.380845,-42.739577,2.327217,1.047616,64.9553,0.018659,65.0004,0.019715,-5.402826,-42.318681,64.9915,1.004763,1.064741,1.631910,-0.745284,0.673869,-0.490756,1.556370
1101,183.942,B,1,-6.147265,-41.128189,-6.156919,-41.193190,-6.292046,-42.363759,2.446277,0.942903,65.0345,0.019780,65.1127,0.019672,-5.312463,-42.029097,65.1036,1.188212,1.035172,1.228222,-0.844456,0.835907,-0.834802,0.900908
1102,184.108,B,1,-6.027637,-40.011355,-6.107721,-40.929821,-6.254132,-42.097955,2.093772,0.817066,65.0820,0.020130,65.2275,0.021363,-5.225621,-41.748307,65.2182,1.203337,1.086319,1.913174,-0.882101,0.818485,-0.802017,1.736952
1103,184.306,B,1,-5.110528,-40.467155,-5.923369,-40.351822,-6.205294,-41.707663,2.143307,0.278420,65.2865,0.020544,65.3458,0.022064,-5.142403,-41.475494,65.3362,1.368410,1.087952,1.008842,-0.780966,1.123672,0.031875,1.008339
1104,184.469,B,1,-5.524484,-39.848316,-5.714017,-40.140501,-6.027207,-41.442419,2.147118,0.241567,65.4250,0.021786,65.4679,0.023102,-5.062188,-41.209052,65.4580,1.251672,0.992835,1.437121,-0.651829,1.068551,-0.462295,1.360735
1105,184.631,B,1,-5.829554,-39.605604,-5.714017,-40.140501,-5.934705,-41.126644,1.940327,0.222729,65.5401,0.023328,65.5932,0.022782,-4.983895,-40.947250,65.5831,1.088082,0.967586,1.585923,-0.730122,0.806749,-0.845659,1.341645
1106,184.784,B,1,-5.604558,-38.911200,-5.659006,-39.865326,-5.901489,-40.822425,1.868410,0.375942,65.6643,0.022572,65.7204,0.021988,-4.906526,-40.688842,65.7102,1.115529,1.003890,1.909780,-0.752480,0.823516,-0.698031,1.777642
1107,184.948,B,1,-5.596831,-39.265212,-5.638379,-39.522492,-5.841151,-40.460924,2.281775,0.566849,65.6643,0.022575,65.8490,0.022861,-4.829750,-40.433480,65.8387,1.218105,1.011773,1.397592,-0.808630,0.910988,-0.767081,1.168268
1108,185.112,B,1,-5.427521,-39.829678,-5.597314,-39.233517,-5.792352,-40.221293,1.931704,0.471855,65.8325,0.022425,65.9797,0.023696,-4.754110,-40.181783,65.9692,1.268937,1.038994,0.759907,-0.843204,0.948266,-0.673410,0.352104
1109,185.273,B,1,-5.006873,-38.903926,-5.545876,-39.214203,-5.720281,-40.075389,1.152430,0.092827,65.9345,0.023425,66.1134,0.023767,-4.680714,-39.935051,66.1026,1.126111,1.048997,1.081480,-0.865162,0.720848,-0.326158,1.031125
1110,185.434,B,1,-5.113009,-38.561571,-5.421955,-39.174794,-5.598953,-39.831409,1.207750,-0.049692,66.1748,0.023164,66.2502,0.024726,-4.610554,-39.694688,66.2392,0.963671,0.997809,1.239522,-0.811401,0.519894,-0.502455,1.133117
1111,185.622,B,1,-4.751020,-38.149232,-5.279799,-38.945806,-5.513797,-39.588514,1.410431,0.000160,66.2921,0.024256,66.3884,0.024695,-4.543895,-39.461500,66.3774,0.898608,0.978184,1.328513,-0.735905,0.515694,-0.207125,1.312268
1112,185.789,B,1,-4.829785,-38.969186,-5.134074,-38.654192,-5.384307,-39.309238,1.856682,-0.034809,66.3488,0.024552,66.5263,0.025276,-4.480190,-39.235292,66.5153,0.874781,0.907137,0.439351,-0.653884,0.581100,-0.349595,0.266106
1113,185.964,B,1,-4.947900,-37.614501,-4.983763,-38.524823,-5.280385,-39.180349,1.248134,-0.297534,66.4620,0.024876,66.6625,0.024107,-4.418494,-39.014938,66.6517,0.748159,0.877620,1.497163,-0.565269,0.490115,-0.529406,1.400437
1114,186.114,B,1,-5.043292,-38.284279,-4.902556,-38.354658,-5.212596,-38.885339,1.718516,0.050057,66.5874,0.024979,66.7978,0.025182,-4.357973,-38.798758,66.7870,0.702706,0.858997,0.856943,-0.544583,0.444101,-0.685318,0.514480
1115,186.277,B,1,-4.926870,-37.667051,-4.883531,-38.127480,-5.169684,-38.733540,1.179178,0.067202,66.8856,0.024629,66.9344,0.023216,-4.298254,-38.585160,66.9233,0.742980,0.883972,1.112691,-0.585276,0.457680,-0.628616,0.918109
1116,186.449,B,1,-5.604373,-36.668560,-4.878780,-37.987961,-5.117006,-38.515621,1.282660,0.193033,66.9956,0.024806,67.0745,0.025009,-4.239477,-38.373354,67.0632,0.746482,0.888987,2.183865,-0.639303,0.385393,-1.364897,1.704794
1117,186.614,B,1,-4.764709,-36.789869,-4.968279,-37.615101,-5.174356,-38.182250,1.867130,0.901899,67.0499,0.024884,67.2189,0.025285,-4.182080,-38.163736,67.2072,0.958702,0.992449,1.492302,-0.786199,0.548635,-0.582629,1.373867
1118,186.794,B,1,-3.941803,-36.289999,-5.024907,-37.192555,-5.101408,-37.914399,2.019062,0.778188,67.1775,0.024959,67.3656,0.025480,-4.126487,-37.957701,67.3538,1.180088,0.975883,1.677897,-0.898420,0.765146,0.184684,1.667702
1119,186.978,B,1,-4.933870,-36.932406,-4.823573,-36.828243,-4.916036,-37.611735,2.424494,0.356319,67.2877,0.025390,67.5114,0.025835,-4.072877,-37.756933,67.4998,1.194157,0.855570,1.192122,-0.750697,0.928691,-0.860993,0.824527
1120,187.149,B,1,-5.195728,-36.509513,-4.685029,-36.610443,-4.945476,-37.313016,1.569506,0.300900,67.5979,0.025012,67.6541,0.025753,-4.021183,-37.562488,67.6428,1.160639,0.957368,1.577438,-0.663846,0.952045,-1.174544,1.052975
1121,187.333,B,1,-4.127632,-36.617425,-4.767743,-36.523307,-4.933013,-37.250304,1.289198,0.496848,67.7062,0.024648,67.7936,0.025487,-3.971254,-37.374281,67.7825,1.165569,0.969716,0.772842,-0.796489,0.850974,-0.156378,0.756856
1122,187.505,B,1,-4.403485,-36.359284,-4.570131,-36.375192,-4.801562,-37.099065,1.074132,-0.054368,67.8780,0.024829,67.9321,0.024152,-3.922920,-37.191166,67.9210,1.041487,0.883455,0.960714,-0.647211,0.815974,-0.480565,0.831883
1123,187.670,B,1,-4.338673,-35.428321,-4.481164,-36.138219,-4.728829,-36.934513,1.586748,0.121764,67.9736,0.024732,68.0721,0.024117,-3.875907,-37.011421,68.0608,1.062458,0.856382,1.649351,-0.605256,0.873202,-0.462766,1.583100
1124,187.821,B,1,-4.109304,-35.190712,-4.372019,-35.764602,-4.657141,-36.657520,1.935587,0.152535,68.1871,0.024884,68.2149,0.025211,-3.829763,-36.833510,68.2034,1.198584,0.845888,1.666411,-0.542257,1.068907,-0.279541,1.642797
1125,187.965,B,1,-3.458283,-34.779367,-4.372019,-35.764602,-4.561751,-36.384913,1.749274,0.142162,68.2555,0.024229,68.3591,0.026004,-3.783987,-36.656798,68.3476,1.068548,0.823916,1.905473,-0.588032,0.892195,0.325704,1.877430
1126,188.131,B,1,-4.050603,-35.011404,-3.986109,-35.082955,-4.382575,-36.090519,2.082458,-0.005820,68.4700,0.025515,68.5019,0.025347,-3.738299,-36.481799,68.4906,1.420625,0.753785,1.503195,-0.247810,1.398844,-0.312303,1.470395
1127,188.319,B,1,-3.439365,-35.135031,-3.856427,-34.952667,-4.188781,-35.766373,1.726764,-0.322256,68.5914,0.025010,68.6410,0.026489,-3.692838,-36.309856,68.6300,1.367012,0.735754,1.201858,-0.163589,1.357189,0.253473,1.174825
1128,188.496,B,1,-4.132542,-34.696210,-3.778453,-34.833574,-4.167749,-35.707347,1.526534,-0.029157,68.7469,0.023315,68.7764,0.022563,-3.648153,-36.142416,68.7656,1.315311,0.677691,1.525170,-0.130301,1.308841,-0.484389,1.446206
1129,188.661,B,1,-4.347155,-35.378242,-3.867522,-34.816916,-4.143729,-35.502956,0.700613,0.057395,68.8580,0.022868,68.9095,0.023577,-3.604903,-35.980318,68.8989,1.192675,0.719867,0.955737,-0.262619,1.163402,-0.742253,0.602075
1130,188.826,B,1,-4.271672,-35.024249,-3.867522,-34.816916,-4.157136,-35.431745,0.633176,0.053328,68.9706,0.023015,69.0423,0.022060,-3.563440,-35.823508,69.0316,1.051520,0.711304,1.067898,-0.304082,1.006592,-0.708231,0.799259
1131,189.019,B,1,-3.861736,-33.997895,-3.975256,-34.890238,-4.159909,-35.322809,0.381339,0.163687,69.0921,0.022926,69.1752,0.022087,-3.523519,-35.671140,69.1646,0.902150,0.725484,1.707086,-0.451737,0.780903,-0.338218,1.673245
1132,189.205,B,1,-4.305270,-34.841946,-3.996706,-34.719810,-4.103081,-35.079656,1.030739,0.321458,69.1534,0.022568,69.3071,0.021335,-3.484333,-35.521895,69.2966,0.951771,0.760543,1.065959,-0.512373,0.802085,-0.820937,0.679949
1133,189.373,B,1,-3.855020,-33.710365,-4.041069,-34.408262,-4.121063,-34.997640,1.156034,0.430682,69.3670,0.021466,69.4361,0.021898,-3.444950,-35.374506,69.4259,1.135334,0.774052,1.713920,-0.596118,0.966244,-0.410070,1.664141
1134,189.535,B,1,-3.928963,-33.796104,-4.000013,-34.115334,-4.050747,-34.622579,1.292961,0.437382,69.5410,0.022363,69.5609,0.022419,-3.404856,-35.228305,69.5511,1.262108,0.885483,1.525086,-0.595157,1.112971,-0.524107,1.432201
1135,189.700,B,1,-4.835962,-34.071884,-4.000013,-34.115334,-4.040071,-34.573619,1.167858,0.397939,69.6445,0.022284,69.6821,0.021931,-3.364220,-35.083496,69.6725,1.158261,0.846611,1.785884,-0.635793,0.968161,-1.471742,1.011612
1136,189.901,B,1,-3.578805,-32.448694,-4.114174,-33.970359,-4.149519,-34.454459,0.787955,0.713430,69.7509,0.022411,69.8154,0.020918,-3.323769,-34.941027,69.7917,1.251773,0.958442,2.505347,-0.790405,0.970667,-0.255037,2.492332
1137,190.032,B,1,-3.639330,-33.403708,-4.155120,-33.641090,-4.059297,-34.112818,1.928424,0.725708,69.7509,0.022398,69.9195,0.022543,-3.284332,-34.802133,69.9100,1.451308,1.037172,1.442781,-0.870788,1.161043,-0.354999,1.398426
1138,190.180,B,1,-3.415264,-32.800127,-4.004937,-33.288447,-3.989776,-33.960308,1.630761,0.370463,69.8928,0.021813,70.0371,0.022155,-3.246362,-34.667788,70.0278,1.574172,1.026251,1.875283,-0.758576,1.379341,-0.168902,1.867661
1139,190.342,B,1,-3.723098,-33.737487,-3.854305,-33.106817,-3.896204,-33.741827,1.771762,0.157520,69.9867,0.020925,70.1529,0.020071,-3.209735,-34.538312,70.1437,1.569920,1.051489,0.951243,-0.644570,1.431495,-0.513364,0.800825
1140,190.509,B,1,-3.609095,-32.885732,-3.746080,-33.060478,-3.860613,-33.693614,0.830926,-0.092583,70.2190,0.019708,70.2652,0.019129,-3.173896,-34.413204,70.2564,1.468762,0.994681,1.588260,-0.572184,1.352726,-0.435199,1.527472
1141,190.662,B,1,-3.924979,-33.543559,-3.692496,-33.070340,-3.814335,-33.533081,0.899546,-0.075394,70.3084,0.018443,70.3736,0.018336,-3.138217,-34.291256,70.3651,1.340844,1.015857,1.085378,-0.554279,1.220917,-0.786762,0.747697
1142,190.822,B,1,-3.352015,-33.817725,-3.687502,-33.068171,-3.821683,-33.493652,0.365381,-0.088033,70.3512,0.018400,70.4789,0.017364,-3.102344,-34.171063,70.4705,1.248511,0.988096,0.432647,-0.585158,1.102891,-0.249671,0.353338
1143,190.984,B,1,-2.967721,-33.796840,-3.652219,-33.251382,-3.745655,-33.511857,-0.134725,-0.442764,70.4387,0.018782,70.5830,0.020139,-3.066316,-34.051696,70.5746,0.991859,0.867713,0.273263,-0.585903,0.800314,0.098595,0.254856
1144,191.147,B,1,-2.977132,-33.168197,-3.483415,-33.449937,-3.618755,-33.516687,-0.315655,-0.806668,70.5275,0.018683,70.6870,0.017521,-3.030442,-33.933145,70.6787,0.662325,0.720797,0.766803,-0.452973,0.483207,0.053309,0.764947
1145,191.323,B,1,-3.255160,-33.022918,-3.295522,-33.487662,-3.511610,-33.436835,0.078171,-0.715036,70.7538,0.018433,70.7910,0.018328,-2.995092,-33.816288,70.7827,0.445257,0.640918,0.834908,-0.300431,0.328626,-0.260069,0.793370
1146,191.493,B,1,-3.173148,-31.792038,-3.194363,-33.370655,-3.463132,-33.353870,0.349153,-0.501004,70.8384,0.019001,70.8936,0.018104,-2.960549,-33.702432,70.8855,0.405887,0.611625,1.922187,-0.233814,0.331777,-0.212599,1.910394
1147,191.666,B,1,-2.616789,-32.915002,-3.156248,-33.043132,-3.404984,-33.090053,1.395360,-0.107485,70.8384,0.019004,70.9937,0.018132,-2.926985,-33.592680,70.9858,0.595453,0.693626,0.745298,-0.229263,0.549548,0.310196,0.677677
1148,191.818,B,1,-3.612102,-31.730047,-3.036247,-32.761517,-3.277894,-33.039778,1.107660,-0.404486,70.9717,0.017247,71.0907,0.015041,-2.894491,-33.487429,71.0831,0.739623,0.589397,1.898252,-0.141756,0.725912,-0.717611,1.757383
1149,191.962,B,1,-2.891886,-33.245995,-3.013150,-32.524706,-3.313239,-32.817793,1.563065,0.269006,71.0499,0.016948,71.1853,0.015476,-2.863079,-33.386172,71.1778,0.874440,0.725051,0.143107,-0.150071,0.861466,-0.028807,0.140177
1150,192.129,B,1,-3.799863,-31.659271,-3.053783,-32.432430,-3.239163,-32.850794,0.580567,-0.108553,71.2427,0.016609,71.2786,0.017780,-2.832633,-33.287683,71.2712,0.883383,0.596774,1.894006,-0.221149,0.855253,-0.967230,1.628412
1151,192.307,B,1,-2.696258,-32.514437,-3.124260,-32.374064,-3.308595,-32.642196,0.980571,0.486915,71.3219,0.016264,71.3720,0.019321,-2.802895,-33.190588,71.3645,0.877488,0.745966,0.684508,-0.321365,0.816523,0.106637,0.676150
1152,192.483,B,1,-3.246023,-31.529522,-3.157236,-32.216001,-3.208607,-32.594478,0.740116,0.089783,71.3577,0.017512,71.4656,0.017527,-2.773559,-33.093995,71.4581,0.958166,0.662408,1.634258,-0.383677,0.877994,-0.472464,1.564473
1153,192.646,B,1,-3.160548,-32.222813,-3.101181,-32.089263,-3.203961,-32.409171,1.110518,0.333506,71.4434,0.017444,71.5589,0.014539,-2.744443,-32.997850,71.5514,0.976111,0.746793,0.879673,-0.356738,0.908587,-0.416105,0.775037
1154,192.808,B,1,-2.579697,-31.696052,-3.047238,-31.897790,-3.188419,-32.352914,0.880622,-0.024480,71.5912,0.015826,71.6510,0.016889,-2.715649,-32.902871,71.6437,1.058367,0.725234,1.214453,-0.331590,1.005081,0.135952,1.206819
1155,192.958,B,1,-3.106333,-32.213987,-3.047238,-31.897790,-3.089255,-32.228347,0.796049,-0.020847,71.6742,0.016142,71.7418,0.014548,-2.687583,-32.810159,71.7346,0.980699,0.706998,0.728542,-0.359655,0.912370,-0.418750,0.596173
1156,193.109,B,1,-2.920949,-32.305792,-2.975428,-31.869825,-3.081776,-32.199429,0.385902,-0.045287,71.7616,0.015142,71.8314,0.015731,-2.660789,-32.720690,71.8242,0.907175,0.670031,0.489718,-0.314638,0.850864,-0.260160,0.414898
1157,193.286,B,1,-3.534807,-31.726114,-3.036377,-31.975689,-3.048808,-32.191040,0.185498,0.222399,71.9020,0.015405,71.9202,0.014925,-2.635656,-32.634889,71.9131,0.771441,0.606380,1.278415,-0.400721,0.659200,-0.899151,0.908775
1158,193.443,B,1,-3.424286,-30.737625,-3.168816,-31.701572,-3.157754,-31.903152,0.984816,0.635575,71.9738,0.015735,72.0084,0.014388,-2.612170,-32.552436,72.0014,1.016772,0.848075,1.988234,-0.556646,0.850865,-0.812116,1.814812
1159,193.608,B,1,-2.539190,-31.125109,-3.127361,-31.383238,-3.064655,-31.766922,1.194285,0.272399,72.0494,0.016141,72.0958,0.015113,-2.589904,-32.472369,72.0889,1.214523,0.850319,1.348214,-0.537457,1.089130,0.050714,1.347259
1160,193.771,B,1,-3.364959,-31.080715,-3.127361,-31.383238,-3.058007,-31.738269,1.079141,0.247966,72.1342,0.016028,72.1823,0.015236,-2.568258,-32.393484,72.1754,1.154640,0.818022,1.535609,-0.559103,1.010246,-0.796701,1.312769
1161,193.953,B,1,-2.530454,-30.770617,-3.080911,-31.210208,-3.097922,-31.614208,1.001660,0.410314,72.2110,0.015652,72.2679,0.014837,-2.546820,-32.314842,72.2611,1.226976,0.891405,1.544312,-0.534091,1.104634,0.016366,1.544225
