sample,timestamp_s,lintasan,run_ke,gps_x,gps_y,ekf_x,ekf_y,ekf_vx,ekf_vy,ekf2_x,ekf2_y,ekf_yaw_deg,ekf_yaw_rate,imu_yaw_deg,imu_yaw_rate_rads,gt_x,gt_y,gt_yaw_deg,error_ekf_m,error_ekf2_m,error_gps_m,error_ekf_x,error_ekf_y,error_gps_x,error_gps_y
1,0.000,A,2,2.245511,6.444430,2.080654,6.630290,1.725097,6.783767,0.657056,-0.584759,-2.2354,0.002147,-2.2446,-0.006381,2.168896,6.874545,-2.2314,0.259706,0.452988,0.436886,-0.088242,-0.244255,0.076615,-0.430116
2,0.017,A,2,3.359032,6.402297,2.080654,6.630290,1.748331,6.781223,0.593939,-0.528565,-2.2374,-0.002854,-2.2469,-0.006292,2.309884,6.871468,-2.2469,0.332736,0.568759,1.149275,-0.229231,-0.241178,1.049148,-0.469171
3,0.185,A,2,2.716065,7.212178,2.340102,6.521864,2.016903,6.721060,1.129595,-0.544848,-2.2557,-0.005069,-2.2841,-0.007462,2.487724,6.863431,-2.2841,0.372102,0.491876,0.416851,-0.147622,-0.341567,0.228341,0.348747
4,0.337,A,2,1.854493,7.134649,2.612212,6.585553,2.152695,6.791124,1.111564,0.095859,-2.2717,-0.006050,-2.3181,-0.005447,2.667497,6.856061,-2.3181,0.276100,0.518882,0.859411,-0.055285,-0.270508,-0.813005,0.278587
5,0.487,A,2,3.203239,5.836418,2.591121,6.777936,2.137882,6.841365,0.489759,0.405147,-2.2972,-0.005327,-2.3293,-0.000903,2.849964,6.853986,-2.3293,0.269783,0.712193,1.077148,-0.258842,-0.076050,0.353276,-1.017568
6,0.634,A,2,4.035214,5.693988,2.626676,6.686688,2.324688,6.689652,0.826634,-0.450931,-2.3220,-0.002834,-2.3152,0.003070,3.035995,6.857692,-2.3152,0.443604,0.730886,1.533833,-0.409319,-0.171004,0.999219,-1.163704
7,0.785,A,2,3.688593,6.712441,2.970478,6.353676,2.610785,6.535078,1.286443,-0.894843,-2.3188,0.002766,-2.2942,0.003484,3.226925,6.862799,-2.2942,0.570062,0.697875,0.485536,-0.256447,-0.509123,0.461668,-0.150358
8,0.946,A,2,3.359869,6.040900,3.313104,6.252589,2.806107,6.553477,1.349433,-0.367983,-2.2844,0.001526,-2.2908,-0.000822,3.424126,6.863732,-2.2908,0.621145,0.691524,0.825337,-0.111022,-0.611143,-0.064256,-0.822832
9,1.114,A,2,3.467902,7.049955,3.471683,6.250639,2.923967,6.469527,1.214606,-0.544757,-2.2850,0.000836,-2.3141,-0.005108,3.627894,6.858337,-2.3141,0.627454,0.804169,0.249629,-0.156210,-0.607698,-0.159992,0.191618
10,1.273,A,2,4.407320,6.521041,3.542720,6.323772,3.039359,6.548512,0.985098,0.225318,-2.3005,-0.002925,-2.3520,-0.008179,3.837079,6.849121,-2.3520,0.602195,0.852480,0.657884,-0.294359,-0.525349,0.570242,-0.328080
11,1.429,A,2,3.854102,6.712707,3.735271,6.476483,3.277700,6.539328,1.285350,0.253323,-2.3166,-0.004844,-2.3809,-0.003165,4.049820,6.841476,-2.3809,0.481831,0.829133,0.234280,-0.314549,-0.364993,-0.195718,-0.128769
12,1.594,A,2,4.544077,7.012405,3.931395,6.538614,3.399770,6.560679,0.964622,0.345143,-2.3798,-0.001877,-2.3855,0.002033,4.264797,6.839246,-2.3855,0.448928,0.908774,0.328605,-0.333402,-0.300632,0.279280,0.173158
13,1.760,A,2,4.781433,6.538304,4.091913,6.671155,3.606154,6.625030,1.112243,0.614666,-2.3803,0.001045,-2.3703,0.001138,4.481498,6.841690,-2.3703,0.425275,0.901759,0.426619,-0.389585,-0.170535,0.299934,-0.303386
14,1.928,A,2,4.448995,6.996351,4.341891,6.737840,3.818709,6.610800,1.340411,0.393213,-2.3749,0.002030,-2.3538,0.000782,4.699730,6.844511,-2.3538,0.373401,0.911493,0.293127,-0.357840,-0.106671,-0.250736,0.151840
15,2.082,A,2,5.364464,5.465279,4.511246,6.777803,3.951010,6.667195,1.122720,0.545780,-2.3685,0.002588,-2.3562,-0.002580,4.919918,6.842967,-2.3562,0.413835,0.984722,1.447634,-0.408672,-0.065164,0.444546,-1.377688
16,2.234,A,2,4.643741,6.647868,4.714535,6.607795,4.199820,6.487214,1.438152,-0.606200,-2.3503,-0.000269,-2.3825,-0.007223,5.143653,6.835794,-2.3825,0.485928,1.006146,0.534067,-0.429118,-0.227998,-0.499912,-0.187926
17,2.387,A,2,5.573975,6.954340,4.887740,6.405302,4.305744,6.506402,0.986201,-0.266225,-2.3983,-0.005631,-2.4172,-0.005482,5.372813,6.826236,-2.4172,0.642247,1.113970,0.238489,-0.485073,-0.420934,0.201162,0.128104
18,2.543,A,2,6.062292,6.186062,5.038024,6.515986,4.533257,6.569788,1.176462,0.166616,-2.4213,-0.004607,-2.4374,-0.002192,5.608122,6.819058,-2.4374,0.645650,1.103391,0.779072,-0.570098,-0.303072,0.454170,-0.632996
19,2.692,A,2,6.180717,6.938693,5.352733,6.528825,4.801599,6.510786,1.578001,-0.153119,-2.4323,-0.003609,-2.4314,0.002972,5.848727,6.816947,-2.4314,0.573607,1.090968,0.353609,-0.495994,-0.288122,0.331990,0.121746
20,2.866,A,2,6.293124,5.969262,5.680517,6.537955,5.050269,6.571905,1.679319,0.265846,-2.4409,0.000523,-2.4083,0.004863,6.092889,6.818310,-2.4083,0.498648,1.071341,0.872340,-0.412372,-0.280355,0.200235,-0.849048
21,3.029,A,2,6.187600,6.142980,5.957811,6.507076,5.280254,6.480781,1.701382,-0.275928,-2.4162,0.003230,-2.3895,0.002704,6.339009,6.818672,-2.3895,0.492346,1.111365,0.692448,-0.381198,-0.311596,-0.151409,-0.675692
22,3.180,A,2,6.778279,7.137880,6.156398,6.340894,5.461063,6.426852,1.368309,-0.382512,-2.3936,0.001490,-2.3907,-0.002292,6.586000,6.814515,-2.3907,0.639433,1.189859,0.376214,-0.429601,-0.473621,0.192280,0.323366
23,3.325,A,2,6.382405,6.027844,6.361754,6.422490,5.702809,6.528841,1.436597,0.307184,-2.3871,-0.002928,-2.4115,-0.006047,6.833468,6.805800,-2.4115,0.607816,1.164086,0.899263,-0.471713,-0.383310,-0.451063,-0.777956
24,3.488,A,2,6.525209,6.572494,6.530618,6.473217,5.850364,6.452815,1.284264,-0.142654,-2.3871,-0.002934,-2.4355,-0.002333,7.082284,6.796097,-2.4355,0.639207,1.278854,0.600275,-0.551666,-0.322880,-0.557075,-0.223603
25,3.643,A,2,8.111468,6.873798,6.602974,6.413430,5.995680,6.467644,1.065778,0.027951,-2.4273,-0.004159,-2.4417,-0.000489,7.334425,6.789680,-2.4417,0.822547,1.376933,0.781583,-0.731451,-0.376249,0.777043,0.084119
26,3.786,A,2,8.174353,7.376560,6.897537,6.517692,6.355106,6.526153,1.686892,0.397439,-2.4437,-0.001586,-2.4221,0.006242,7.591606,6.787979,-2.4221,0.744840,1.263917,0.828265,-0.694069,-0.270287,0.582747,0.588582
27,3.930,A,2,8.263691,5.949028,7.366382,6.744699,6.675012,6.653102,1.772031,0.875960,-2.3972,0.005027,-2.3878,0.005550,7.854215,6.788676,-2.3878,0.489811,1.186970,0.934174,-0.487833,-0.043978,0.409476,-0.839649
28,4.112,A,2,8.200562,6.218048,7.747991,6.752661,6.963593,6.551142,1.911599,0.072529,-2.3969,0.004512,-2.3604,0.002692,8.121309,6.787444,-2.3604,0.374935,1.181586,0.574885,-0.373318,-0.034783,0.079253,-0.569396
29,4.275,A,2,8.748843,6.361499,8.030862,6.540055,7.201419,6.501386,1.930686,-0.234291,-2.3773,0.003767,-2.3537,-0.000043,8.391410,6.781492,-2.3533,0.433919,1.222513,0.551501,-0.360547,-0.241437,0.357434,-0.419993
30,4.418,A,2,8.380151,6.121582,8.298896,6.440501,7.485765,6.479120,1.974716,-0.262811,-2.3627,0.001755,-2.3193,0.049187,8.662793,6.771456,-2.3193,0.491886,1.212788,0.708677,-0.363897,-0.330955,-0.282642,-0.649874
31,4.574,A,2,9.171008,7.198245,8.509360,6.348976,7.673971,6.424114,1.651579,-0.444599,-2.3537,0.004146,-1.7043,0.067561,8.922407,6.757444,-1.7043,0.580907,1.292169,0.506071,-0.413046,-0.408468,0.248602,0.440801
32,4.707,A,2,8.811097,6.633988,8.710545,6.434226,7.950824,6.537452,1.541648,0.338957,-1.6855,0.012630,-1.7864,-0.079149,9.182683,6.750834,-1.7864,0.568467,1.250203,0.389524,-0.472138,-0.316608,-0.371586,-0.116846
33,4.860,A,2,9.304329,6.700444,8.907815,6.601186,8.133702,6.552889,1.316491,0.324271,-1.7729,0.012949,-1.6138,0.131266,9.434611,6.747460,-1.6138,0.546726,1.315379,0.138506,-0.526795,-0.146273,-0.130282,-0.047016
34,5.001,A,2,9.385032,5.676458,9.061065,6.644674,8.350180,6.576264,1.398496,0.362618,-1.7133,0.055704,-0.9441,0.043247,9.680120,6.741602,-0.9441,0.626597,1.340177,1.105264,-0.619055,-0.096928,-0.295087,-1.065144
35,5.143,A,2,9.914350,6.914954,9.243826,6.500431,8.555840,6.445011,1.332054,-0.469435,-1.1695,0.072786,-0.6947,0.120619,9.931888,6.735869,-0.6947,0.727228,1.406452,0.179941,-0.688062,-0.235438,-0.017538,0.179085
36,5.305,A,2,10.975878,6.644999,9.455541,6.421061,8.820010,6.514369,1.445292,0.077405,-0.8740,0.059922,0.0206,0.076524,10.179619,6.720981,0.0206,0.783735,1.375218,0.799876,-0.724078,-0.299920,0.796259,-0.075983
37,5.463,A,2,10.238484,6.708381,9.844466,6.536758,9.194513,6.536116,1.783833,0.195119,0.3533,0.109026,0.6221,0.136831,10.428671,6.703270,0.6221,0.607471,1.245427,0.190256,-0.584205,-0.166511,-0.190188,0.005112
38,5.624,A,2,10.916652,7.708374,10.188777,6.595746,9.407011,6.565298,1.615709,0.284859,0.9600,0.118300,1.3570,0.151791,10.673589,6.685040,1.3570,0.492966,1.272226,1.051804,-0.484811,-0.089294,0.243063,1.023334
39,5.781,A,2,10.899961,6.867867,10.431742,6.831733,9.687684,6.741033,1.839438,1.108353,0.9600,0.118321,2.2051,0.155617,10.911920,6.669607,2.2051,0.506809,1.226318,0.198620,-0.480177,0.162126,-0.011958,0.198260
40,5.936,A,2,11.682215,6.456195,10.694973,7.041533,9.924846,6.770473,1.721143,0.803650,1.6791,0.140407,3.1447,0.170834,11.142179,6.657011,3.1447,0.589788,1.222609,0.576165,-0.447205,0.384522,0.540036,-0.200816
41,6.090,A,2,11.338036,6.815860,10.990517,6.969667,10.243021,6.735007,1.918093,0.211086,2.5210,0.156484,4.1623,0.183895,11.364739,6.643986,4.1623,0.496095,1.125405,0.173936,-0.374222,0.325681,-0.026703,0.171874
42,6.242,A,2,11.554978,6.708466,11.266425,6.888612,10.464157,6.757581,1.547198,0.149534,4.6861,0.182872,5.2368,0.189765,11.582243,6.626707,5.2368,0.410287,1.125719,0.086186,-0.315818,0.261905,-0.027265,0.081759
43,6.388,A,2,12.601709,6.715165,11.440890,6.862809,10.683566,6.761511,1.437448,0.009229,5.6205,0.168591,6.0569,0.058442,11.802473,6.605909,6.0569,0.443554,1.129675,0.806669,-0.361584,0.256900,0.799235,0.109257
44,6.540,A,2,11.516300,5.765291,11.741704,6.822912,11.025490,6.765953,1.898010,-0.126158,5.9323,0.119758,6.8458,0.219162,12.028608,6.584253,6.8458,0.373192,1.019442,0.966001,-0.286904,0.238660,-0.512308,-0.818962
45,6.702,A,2,12.235584,6.892371,11.951470,6.622110,11.157399,6.627953,1.309039,-0.887346,6.5257,0.155383,8.3142,0.201408,12.262915,6.562448,8.3142,0.317109,1.107455,0.331053,-0.311445,0.059662,-0.027331,0.329923
46,6.867,A,2,12.767296,6.306167,12.039304,6.498171,11.373053,6.675192,1.323833,-0.378994,7.5263,0.224742,8.9947,0.105933,12.503066,6.552426,8.9947,0.466925,1.136662,0.361194,-0.463762,-0.054255,0.264229,-0.246260
47,7.029,A,2,12.496286,5.801060,12.272660,6.508233,11.635182,6.629547,1.318037,-0.462983,9.6342,0.193725,10.1200,0.244582,12.743791,6.541279,10.1200,0.472288,1.112118,0.780502,-0.471131,-0.033046,-0.247504,-0.740220
48,7.188,A,2,13.043887,6.964473,12.476345,6.332032,11.818678,6.514329,1.132594,-0.859433,10.5609,0.154596,10.9624,0.086191,12.982898,6.533490,10.9624,0.545143,1.164378,0.435277,-0.506553,-0.201457,0.060989,0.430984
49,7.341,A,2,13.473767,6.124686,12.662363,6.320177,12.054513,6.587031,1.414134,-0.226255,10.5609,0.154611,11.9096,0.169099,13.219856,6.521347,11.9096,0.592679,1.167193,0.470968,-0.557493,-0.201170,0.253910,-0.396661
50,7.485,A,2,12.480723,6.328245,12.937269,6.381670,12.319449,6.526374,1.530910,-0.477792,11.6095,0.167015,12.6590,0.145040,13.456116,6.509230,12.6590,0.534297,1.136796,0.992042,-0.518847,-0.127560,-0.975393,-0.180986
51,7.633,A,2,13.890986,6.112527,13.050387,6.323916,12.397701,6.503260,0.987728,-0.329499,12.2941,0.142757,13.4473,0.134283,13.694670,6.497110,13.4473,0.667157,1.296984,0.431791,-0.644284,-0.173194,0.196316,-0.384582
52,7.780,A,2,13.972486,6.766033,13.179388,6.279934,12.670154,6.451286,1.160848,-0.452299,13.9290,0.133326,14.1974,0.131133,13.938576,6.489548,14.1974,0.787594,1.268999,0.278557,-0.759188,-0.209614,0.033910,0.276485
53,7.947,A,2,14.336678,6.651479,13.487595,6.329114,12.915372,6.503618,1.398117,-0.068629,14.5604,0.129249,14.9301,0.127808,14.189847,6.488031,14.9301,0.720008,1.274570,0.219715,-0.702251,-0.158917,0.146831,0.163448
54,8.127,A,2,15.257581,6.130662,13.785759,6.469116,13.178760,6.533153,1.704796,0.026060,14.5604,0.129251,15.6406,0.120060,14.448667,6.491471,15.6406,0.663285,1.270591,0.885734,-0.662908,-0.022355,0.808915,-0.360808
55,8.318,A,2,15.672033,6.535608,14.703461,6.439849,13.541386,6.481996,2.426042,-0.423937,16.1248,0.118690,16.3179,0.112081,14.713258,6.497057,16.3179,0.058041,1.171969,0.959549,-0.009797,-0.057208,0.958775,0.038551
56,8.486,A,2,15.118525,7.186229,15.065932,6.605429,13.915292,6.497927,2.303669,0.174777,16.6489,0.114200,16.9560,0.107969,14.980424,6.502371,16.9560,0.133912,1.065142,0.697663,0.085508,0.103058,0.138101,0.683858
57,8.640,A,2,15.211937,7.810559,15.065932,6.605429,14.154083,6.609238,2.080484,0.181010,17.2199,0.108264,17.5587,0.102785,15.246777,6.506951,17.5587,0.205920,1.097472,1.304073,-0.180845,0.098478,-0.034840,1.303608
58,8.804,A,2,15.090041,6.107212,15.252036,6.960855,14.370041,6.800298,2.030768,0.893324,17.7314,0.103746,18.1352,0.099190,15.510277,6.512275,18.1352,0.517602,1.176051,0.583674,-0.258241,0.448580,-0.420236,-0.405064
59,8.980,A,2,16.363455,6.367469,15.353952,7.035339,14.534543,6.713311,1.495030,0.021664,17.9953,0.102090,18.6944,0.097620,15.771239,6.520387,18.6944,0.662799,1.251654,0.611640,-0.417286,0.514952,0.592216,-0.152918
60,9.149,A,2,16.018161,6.452873,15.572321,6.814178,14.862023,6.674852,1.654608,-0.529568,18.4058,0.099041,19.2395,0.093808,16.032245,6.532391,19.2395,0.539382,1.178862,0.080756,-0.459923,0.281787,-0.014084,-0.079518
61,9.330,A,2,16.296336,6.603354,16.064489,6.626550,15.091597,6.653136,1.425459,-0.657892,19.4256,0.093776,19.7660,0.090102,16.297042,6.547937,19.7660,0.245481,1.210027,0.055422,-0.232553,0.078613,-0.000706,0.055418
62,9.505,A,2,16.413726,6.465544,16.064489,6.626550,15.327752,6.656029,1.293844,-0.582972,20.0894,0.088352,20.2663,0.084166,16.568736,6.565957,20.2663,0.507874,1.244249,0.184692,-0.504247,0.060592,-0.155010,-0.100413
63,9.691,A,2,16.906065,7.083313,16.258888,6.585020,15.545852,6.637562,1.209056,-0.638977,20.5025,0.084326,20.7379,0.081262,16.848071,6.585882,20.7379,0.589184,1.303244,0.500801,-0.589183,-0.000862,0.057994,0.497431
64,9.884,A,2,17.278560,6.999140,16.768252,6.788866,15.803897,6.713256,1.723310,-0.170108,21.1195,0.078971,21.1868,0.077095,17.132927,6.608118,21.1868,0.407011,1.333182,0.417261,-0.364675,0.180748,0.145633,0.391022
65,10.038,A,2,16.776957,6.694347,16.954310,6.833065,16.180129,6.756449,1.350680,-0.229826,21.4885,0.076998,21.6227,0.073777,17.419339,6.633463,21.6227,0.506055,1.245298,0.645260,-0.465028,0.199602,-0.642381,0.060884
66,10.194,A,2,17.093030,6.234101,17.048475,6.724515,16.239567,6.767950,1.036176,-0.644351,21.8731,0.075974,22.0505,0.073613,17.703597,6.662085,22.0505,0.658090,1.467853,0.745629,-0.655122,0.062430,-0.610567,-0.427984
67,10.358,A,2,18.314825,6.151544,17.048475,6.724515,16.420764,6.699233,0.940990,-0.575352,22.2252,0.075071,22.4684,0.071615,17.984222,6.693043,22.4684,0.936275,1.563471,0.634444,-0.935746,0.031472,0.330603,-0.541499
68,10.524,A,2,17.656363,7.026406,17.330693,6.537312,16.755821,6.626017,1.257915,-1.028014,22.5628,0.072875,22.8699,0.069417,18.262396,6.724831,22.8699,0.950386,1.509812,0.676922,-0.931703,-0.187519,-0.606033,0.301575
69,10.686,A,2,19.051510,6.808213,17.625480,6.534321,16.945405,6.691946,1.390114,-0.535714,22.7381,0.070965,23.2486,0.063936,18.540992,6.756534,23.2486,0.942094,1.596894,0.513127,-0.915512,-0.222212,0.510518,0.051679
70,10.866,A,2,18.718359,6.941259,18.354258,6.745509,17.313386,6.717426,1.964468,-0.421699,23.4119,0.063903,23.6036,0.059484,18.823130,6.788880,23.6036,0.470873,1.511434,0.184922,-0.468872,-0.043371,-0.104771,0.152379
71,11.031,A,2,18.835331,6.127316,18.614571,6.690478,17.580368,6.759412,1.635596,-0.910784,23.8437,0.059995,23.9421,0.058363,19.110748,6.824178,23.9421,0.513875,1.531750,0.749314,-0.496178,-0.133700,-0.275417,-0.696862
72,11.182,A,2,18.757197,6.867740,18.614571,6.690478,17.813311,6.673019,1.483444,-0.814253,24.1017,0.058363,24.2747,0.059174,19.403814,6.864762,24.2747,0.808257,1.602019,0.646623,-0.789243,-0.174284,-0.646617,0.002978
73,11.344,A,2,20.576137,7.454343,18.797042,6.629480,18.021183,6.709149,1.386239,-0.513264,24.3869,0.058525,24.6069,0.057276,19.700567,6.911234,24.6069,0.946437,1.691499,1.030335,-0.903526,-0.281754,0.875570,0.543109
74,11.501,A,2,20.527794,6.745198,19.175239,6.817967,18.460363,6.828515,2.369284,-0.289057,24.5137,0.057906,24.9349,0.056429,19.998478,6.961851,24.9349,0.835718,1.543883,0.571939,-0.823238,-0.143883,0.529317,-0.216653
75,11.655,A,2,20.237944,8.402773,19.717096,6.944854,19.035589,7.055599,2.456497,-0.632992,24.7925,0.057217,25.2501,0.053225,20.295413,7.013558,25.2501,0.582384,1.260525,1.390403,-0.578317,-0.068705,-0.057469,1.389214
76,11.816,A,2,21.117902,6.984419,20.418822,7.444443,19.105780,7.073004,2.575035,-0.202908,25.4955,0.051659,25.5461,0.049411,20.590421,7.064077,25.5461,0.417282,1.484667,0.533462,-0.171599,0.380366,0.527481,-0.079658
77,11.967,A,2,21.425299,5.884068,20.418822,7.444443,19.470518,7.075988,2.327904,-0.179559,25.5461,-0.017479,25.3346,-0.077637,20.876476,7.114996,25.3346,0.563899,1.406499,1.347735,-0.457653,0.329447,0.548823,-1.230928
78,12.142,A,2,21.081326,7.071852,20.831373,7.160335,19.829179,6.911762,1.901956,-1.341617,25.2966,-0.013467,25.4096,0.092105,21.155881,7.160176,25.4096,0.324507,1.349758,0.115583,-0.324507,0.000159,-0.074554,-0.088324
79,12.324,A,2,21.143204,7.621144,21.274964,7.059997,20.084449,6.944219,1.765495,-0.456866,25.7022,0.043051,25.8676,-0.006075,21.433510,7.205715,25.8676,0.215338,1.374170,0.506813,-0.158546,-0.145717,-0.290306,0.415430
80,12.475,A,2,22.311416,8.242440,21.544194,7.376489,20.309397,7.054150,2.336695,0.134443,25.6848,-0.040749,25.4691,-0.037297,21.702261,7.258515,25.4691,0.197238,1.407777,1.157228,-0.158067,0.117974,0.609155,0.983925
81,12.635,A,2,22.220802,7.716224,21.891351,7.638240,20.673288,7.242598,2.254737,0.076385,25.5500,0.011761,25.6256,0.009855,21.978166,7.313489,25.6256,0.336155,1.306802,0.470178,-0.086815,0.324751,0.242636,0.402735
82,12.793,A,2,21.978101,6.036280,21.891351,7.638240,20.971518,7.328223,2.038213,0.064385,25.5381,-0.036974,25.2396,-0.060565,22.250462,7.373137,25.2396,0.446364,1.279732,1.364320,-0.359111,0.265103,-0.272362,-1.336858
83,12.933,A,2,22.729426,6.807731,22.090056,7.432135,21.189170,7.149910,1.216676,-1.043742,25.2210,-0.037866,25.0211,-0.064303,22.523955,7.431905,25.0211,0.433899,1.364248,0.657124,-0.433899,0.000230,0.205472,-0.624174
84,13.103,A,2,23.232032,7.437367,22.293006,7.088176,21.484374,7.106409,1.289754,-1.344217,25.1089,-0.045349,24.6047,-0.065051,22.790718,7.489233,24.6047,0.639190,1.361283,0.444351,-0.497712,-0.401056,0.441313,-0.051866
85,13.261,A,2,22.343207,7.802671,22.614958,7.065189,21.810851,7.160870,1.630028,-1.015475,24.8182,-0.062557,24.1122,-0.090787,23.047835,7.544404,24.1122,0.645778,1.295078,0.750468,-0.432876,-0.479215,-0.704628,0.258268
86,13.422,A,2,22.777517,7.397174,22.829887,7.367128,21.956955,7.262164,1.192054,-0.219191,23.7585,-0.095438,23.5514,-0.106265,23.293839,7.598511,23.5514,0.518450,1.378546,0.554189,-0.463952,-0.231383,-0.516323,-0.201337
87,13.596,A,2,23.773446,7.606754,22.829887,7.367128,22.142070,7.289129,1.075465,-0.209025,23.2565,-0.105395,22.9217,-0.115775,23.530182,7.652832,22.9217,0.756333,1.434968,0.247590,-0.700294,-0.285704,0.243265,-0.046079
88,13.761,A,2,23.293223,7.724458,23.050449,7.432681,22.445876,7.342382,1.403546,-0.235826,22.6733,-0.117101,22.2241,-0.127132,23.760882,7.708165,22.2241,0.761975,1.364931,0.467943,-0.710433,-0.275484,-0.467659,0.016294
89,13.917,A,2,24.527084,8.656229,23.285997,7.535060,22.633888,7.405162,1.402620,-0.066249,22.3489,-0.121342,21.4556,-0.140205,23.990767,7.764858,21.4556,0.741287,1.403746,1.040278,-0.704769,-0.229798,0.536318,0.891371
90,14.072,A,2,23.838835,7.724498,23.568291,7.794344,22.976067,7.597690,2.100234,0.441297,21.7227,-0.131977,20.6153,-0.151577,24.222959,7.823111,20.6153,0.655300,1.267105,0.396580,-0.654668,-0.028767,-0.384124,-0.098613
91,14.234,A,2,24.557325,7.964641,23.858548,7.985496,23.166845,7.625744,1.727602,0.117892,21.0632,-0.141935,19.7078,-0.162350,24.457500,7.883069,19.7078,0.607647,1.316057,0.128915,-0.598952,0.102428,0.099825,0.081573
92,14.389,A,2,25.038213,8.145843,24.075291,7.992048,23.434345,7.683757,1.608709,-0.086757,19.1865,-0.164607,18.7409,-0.173748,24.691555,7.944640,18.7409,0.618084,1.283992,0.400817,-0.616263,0.047407,0.346658,0.201203
93,14.543,A,2,24.976438,6.990149,24.403732,8.051462,23.734145,7.759343,1.805050,-0.163560,18.3448,-0.171884,17.7208,-0.182261,24.920791,8.007250,17.7208,0.518946,1.212266,1.018623,-0.517060,0.044212,0.055647,-1.017102
94,14.729,A,2,25.055629,8.328260,24.926933,7.815948,23.980743,7.650629,1.593149,-0.496824,17.0518,-0.184594,16.5175,-0.192240,25.141686,8.069859,16.6496,0.332550,1.234318,0.272354,-0.214752,-0.253912,-0.086057,0.258400
95,14.901,A,2,25.843317,7.986544,25.200139,7.919232,24.201972,7.752707,1.790451,-0.526136,16.1243,-0.192704,15.3873,-0.202330,25.353103,8.131409,15.5257,0.261566,1.211824,0.511172,-0.152964,-0.212177,0.490215,-0.144865
96,15.046,A,2,25.674865,8.116277,25.473752,7.961340,24.493660,7.788886,1.757852,-0.399633,15.0966,-0.201033,14.3477,-0.210237,25.556376,8.191426,14.3477,0.244472,1.136400,0.140310,-0.082625,-0.230086,0.118489,-0.075149
97,15.211,A,2,26.006351,8.059466,25.473752,7.961340,24.741943,7.838814,1.547896,-0.392658,13.4984,-0.213819,13.1166,-0.219360,25.754767,8.250547,13.1166,0.403250,1.093315,0.315921,-0.281016,-0.289206,0.251583,-0.191081
98,15.370,A,2,26.905368,8.738736,25.705897,8.003997,24.990807,7.871789,1.548422,-0.374404,12.8971,-0.217365,11.8382,-0.227259,25.952303,8.310444,11.8382,0.393225,1.056832,1.044876,-0.246407,-0.306447,0.953065,0.428292
99,15.538,A,2,26.142276,7.934142,26.062639,8.146852,25.336612,7.999800,2.129352,0.056880,12.3081,-0.221098,10.5209,-0.232653,26.151969,8.372756,10.5209,0.242925,0.896607,0.438720,-0.089330,-0.225904,-0.009693,-0.438613
100,15.694,A,2,25.423139,7.785570,26.332294,8.228883,25.519249,7.990435,1.671915,-0.248970,10.8951,-0.228405,9.1700,-0.237438,26.354465,8.437893,9.1700,0.210183,0.947525,1.137055,-0.022171,-0.209010,-0.931326,-0.652323
101,15.855,A,2,27.329754,8.966680,26.293766,8.111952,25.564643,7.958610,0.856923,-0.429618,9.6000,-0.234211,7.7837,-0.245874,26.558005,8.504731,7.7837,0.473389,1.133585,0.899441,-0.264239,-0.392779,0.771750,0.461949
102,16.019,A,2,26.945562,9.137772,26.402006,8.197651,25.881916,8.104649,1.313226,0.163158,7.1994,-0.245228,6.4040,-0.199375,26.759670,8.571319,6.4040,0.517253,0.994099,0.596175,-0.357664,-0.373668,0.185892,0.566453
103,16.177,A,2,26.862219,7.641089,26.697986,8.504343,26.097417,8.257239,1.410036,0.644900,6.1779,-0.176333,5.5106,-0.201934,26.960211,8.633354,5.5106,0.292243,0.941211,0.997091,-0.262225,-0.129011,-0.097993,-0.992264
104,16.364,A,2,27.141392,8.752100,26.856660,8.501566,26.267005,8.166628,1.227799,-0.221825,5.7748,-0.182245,3.8646,-0.340550,27.161735,8.697864,3.8646,0.362772,1.040554,0.057925,-0.305075,-0.196298,-0.020343,0.054236
105,16.528,A,2,26.882340,8.077786,27.079695,8.415996,26.451085,8.250418,0.895351,-0.255045,3.2389,-0.246863,2.5084,-0.143468,27.360070,8.758568,2.5084,0.442680,1.041379,0.831679,-0.280374,-0.342572,-0.477730,-0.680782
106,16.690,A,2,27.629557,9.598361,27.201195,8.564464,26.720772,8.421408,1.115713,0.730152,1.6921,-0.210450,1.5502,-0.243933,27.557083,8.818196,1.5502,0.437077,0.925666,0.783524,-0.355888,-0.253732,0.072474,0.780165
107,16.832,A,2,28.703279,8.687885,27.201195,8.564464,26.775467,8.423474,1.023241,0.636932,0.6527,-0.228763,0.1388,-0.168565,27.757907,8.884287,0.1388,0.642040,1.085144,0.965557,-0.556712,-0.319823,0.945371,-0.196402
108,16.981,A,2,27.115651,8.909968,27.557170,8.785593,27.112245,8.462516,1.583484,0.400174,-0.2456,-0.182408,-0.7511,-0.222562,27.963980,8.946409,-0.7511,0.437443,0.979595,0.849112,-0.406810,-0.160816,-0.848329,-0.036441
109,17.137,A,2,27.494477,9.599330,27.758398,8.826338,27.165975,8.529003,1.094728,0.468925,-0.2456,-0.182404,-1.8337,-0.148006,28.179000,9.009021,-1.8337,0.458562,1.120999,0.903901,-0.420603,-0.182683,-0.684523,0.590310
110,17.300,A,2,28.974332,9.579043,27.714731,9.007883,27.263768,8.689168,0.826904,0.954819,-1.6558,-0.175485,-2.8372,-0.169047,28.402274,9.067797,-2.8372,0.690148,1.199814,0.767218,-0.687543,-0.059913,0.572059,0.511246
111,17.472,A,2,28.500245,9.153190,27.935666,9.256863,27.564725,8.825016,1.391179,1.112145,-2.5418,-0.173671,-3.7832,-0.161444,28.631711,9.123184,-3.7832,0.708766,1.107864,0.134846,-0.696045,0.133679,-0.131466,0.030005
112,17.646,A,2,28.294667,8.956574,28.255644,9.354435,27.753280,8.879189,1.269769,0.653607,-4.4432,-0.158979,-4.6811,-0.153516,28.864140,9.177326,-4.6811,0.633746,1.150171,0.610762,-0.608495,0.177109,-0.569473,-0.220751
113,17.813,A,2,29.386768,9.352136,28.397636,9.298208,27.882428,8.895703,1.090154,0.256805,-5.2301,-0.201867,-5.9259,-0.291655,29.093049,9.236565,-5.9259,0.698139,1.257693,0.315638,-0.695412,0.061643,0.293719,0.115571
114,17.980,A,2,29.392564,8.806432,28.945765,9.211631,28.153014,8.966574,1.644363,-0.099991,-6.4806,-0.195645,-7.0317,-0.108458,29.310760,9.295735,-7.0317,0.374560,1.203628,0.496095,-0.364995,-0.084105,0.081804,-0.489303
115,18.135,A,2,29.314326,8.942223,29.176072,9.085426,28.385963,8.945765,1.536103,-0.228319,-7.4736,-0.132183,-7.5320,-0.155083,29.525045,9.352707,-7.5320,0.439570,1.209590,0.461410,-0.348973,-0.267281,-0.210718,-0.410484
116,18.303,A,2,30.775579,9.535651,29.541633,9.115576,28.573145,8.946079,2.069235,0.265863,-8.4056,-0.210279,-8.8906,-0.228318,29.731423,9.415678,-8.8906,0.355080,1.249852,1.051026,-0.189790,-0.300102,1.044156,0.119973
117,18.455,A,2,28.746728,9.456100,29.541633,9.115576,28.949728,9.032427,1.874521,0.206081,-9.3550,-0.158358,-9.7306,-0.120070,29.942320,9.471713,-9.7306,0.536082,1.085455,1.195694,-0.400687,-0.356137,-1.195592,-0.015613
118,18.615,A,2,30.554849,8.752284,29.726115,9.234960,28.972780,9.095948,1.077537,0.297378,-10.1685,-0.190413,-10.9691,-0.253543,30.154850,9.529205,-10.9691,0.519993,1.258968,0.873845,-0.428735,-0.294244,0.399999,-0.776921
119,18.782,A,2,29.740537,9.128242,29.814225,9.189435,29.255661,9.044811,1.552025,-0.072554,-10.6537,-0.216540,-12.0200,-0.195788,30.372550,9.584321,-12.0200,0.683858,1.240368,0.779390,-0.558325,-0.394885,-0.632013,-0.456079
120,18.953,A,2,30.412539,9.129477,30.006660,9.091551,29.377161,9.054646,1.179815,-0.075231,-11.6371,-0.183912,-13.2800,-0.202827,30.590117,9.642320,-13.2800,0.802352,1.347821,0.542717,-0.583458,-0.550769,-0.177578,-0.512843
121,19.126,A,2,30.777405,9.483296,30.115932,9.082473,29.578042,9.062226,1.204747,-0.003259,-12.6099,-0.206562,-14.2025,-0.077895,30.806928,9.699122,-14.2025,0.926138,1.384123,0.217835,-0.690996,-0.616649,-0.029522,-0.215826
122,19.304,A,2,30.558246,9.512257,30.336619,9.142355,29.803444,9.120744,1.140704,0.303662,-14.7922,-0.181326,-15.1170,-0.240761,31.020152,9.754858,-15.1170,0.917811,1.372035,0.521739,-0.683533,-0.612503,-0.461906,-0.242601
123,19.469,A,2,30.486088,9.763033,30.518120,9.260688,29.963330,9.175540,0.997792,0.474185,-15.8698,-0.247807,-16.6996,-0.221668,31.233582,9.810938,-16.6996,0.902586,1.420307,0.749027,-0.715462,-0.550250,-0.747494,-0.047905
124,19.621,A,2,31.326311,9.313207,30.601345,9.402933,30.087529,9.260204,0.790806,0.760449,-15.8698,-0.247801,-17.4633,-0.112739,31.440736,9.859480,-17.4633,0.955517,1.479967,0.558128,-0.839392,-0.456546,-0.114425,-0.546273
125,19.780,A,2,31.185286,9.379773,30.765504,9.472431,30.316211,9.266532,1.091316,0.585024,-17.0404,-0.173820,-18.6272,-0.264135,31.649613,9.910866,-18.6272,0.986850,1.480921,0.705450,-0.884109,-0.438435,-0.464327,-0.531093
126,19.962,A,2,32.301543,9.086051,31.297702,9.378665,30.490796,9.280753,1.666026,0.299403,-19.3158,-0.160640,-19.6403,-0.105203,31.861469,9.958966,-19.5720,0.809063,1.529287,0.977571,-0.563767,-0.580301,0.440074,-0.872915
127,20.116,A,2,31.808611,9.762484,31.297702,9.378665,30.804905,9.248067,1.510195,0.245991,-20.1823,-0.175254,-20.5155,-0.199412,32.081527,10.005418,-20.5155,1.003594,1.484366,0.365377,-0.783825,-0.626754,-0.272916,-0.242935
128,20.323,A,2,31.868399,10.769650,31.621906,9.386818,31.002362,9.319302,1.349854,0.555005,-20.9507,-0.148531,-21.3483,-0.144454,32.310008,10.046342,-21.3483,0.953129,1.496170,0.847464,-0.688102,-0.659523,-0.441609,0.723309
129,20.487,A,2,32.620517,8.867886,31.792837,9.693899,31.179669,9.531684,0.979775,1.508481,-20.9507,-0.148506,-22.2168,-0.128975,32.546104,10.082075,-22.2168,0.847402,1.473117,1.216467,-0.753266,-0.388176,0.074414,-1.214189
130,20.678,A,2,32.233127,9.868444,32.257124,9.657089,31.441331,9.433705,1.259793,0.694601,-22.7761,-0.138635,-23.0808,-0.129821,32.785438,10.111552,-22.9941,0.696887,1.505357,0.603448,-0.528313,-0.454463,-0.552311,-0.243108
131,20.824,A,2,33.466901,8.232880,32.541485,9.442068,31.610063,9.495583,2.093347,-0.267003,-23.3979,-0.136383,-23.7566,-0.130589,33.024862,10.137713,-23.7566,0.847098,1.553702,1.955451,-0.483377,-0.695644,0.442039,-1.904833
132,20.986,A,2,33.486161,10.426381,32.541485,9.442068,31.931888,9.304653,1.888904,-0.266501,-24.1228,-0.130172,-24.4868,-0.123368,33.262321,10.162948,-24.4868,1.019447,1.583263,0.345689,-0.720836,-0.720880,0.223840,0.263432
133,21.128,A,2,33.467863,9.687621,33.219467,9.581818,32.214050,9.463073,1.640441,0.854683,-24.9487,-0.121579,-25.1786,-0.117292,33.497934,10.188524,-25.1786,0.667560,1.474665,0.501805,-0.278466,-0.606706,-0.030070,-0.500903
134,21.285,A,2,33.609206,9.132093,33.443084,9.521959,32.620180,9.440015,1.692562,0.432319,-25.5813,-0.115706,-25.8323,-0.111673,33.733416,10.213735,-25.8323,0.750230,1.355705,1.088750,-0.290332,-0.691775,-0.124210,-1.081642
135,21.440,A,2,33.178512,10.408893,33.546862,9.601821,32.677838,9.434028,0.938407,0.969789,-26.0995,-0.111162,-26.4528,-0.107626,33.971318,10.236138,-26.4528,0.763231,1.521995,0.811409,-0.424456,-0.634317,-0.792806,0.172754
136,21.629,A,2,33.282978,9.155748,33.551040,9.669308,32.805016,9.573348,0.890860,0.317977,-26.8595,-0.104903,-27.0463,-0.100457,34.214177,10.252884,-27.0463,0.883353,1.564451,1.439042,-0.663138,-0.583576,-0.931200,-1.097136
137,21.799,A,2,34.971987,10.403780,33.551040,9.669308,33.223765,9.638431,0.808311,0.278765,-27.3271,-0.101781,-27.6164,-0.096265,34.463506,10.262489,-27.6164,1.088328,1.387950,0.527747,-0.912466,-0.593181,0.508481,0.141291
138,21.958,A,2,34.745821,8.826934,33.802245,9.719380,33.267120,9.637826,1.077402,1.090816,-27.8533,-0.096300,-28.1617,-0.092409,34.719096,10.265662,-28.1617,1.067258,1.581902,1.438976,-0.916851,-0.546282,0.026725,-1.438728
139,22.121,A,2,34.332752,9.874777,34.206647,9.694525,33.547694,9.514831,1.706309,0.443702,-27.8533,-0.096327,-28.6788,-0.087886,34.978987,10.264738,-28.6788,0.960027,1.615847,0.754778,-0.772340,-0.570213,-0.646235,-0.389961
140,22.270,A,2,35.331413,10.309865,34.415937,9.573725,33.717012,9.562760,1.310616,0.611042,-28.5372,-0.090003,-29.1671,-0.082088,35.240184,10.262192,-29.1671,1.073950,1.676084,0.102934,-0.824247,-0.688467,0.091229,0.047672
141,22.425,A,2,35.722897,8.880418,35.017555,9.698589,34.008626,9.669595,1.897702,0.562076,-29.3655,-0.082304,-29.6300,-0.076136,35.500009,10.259189,-29.6300,0.739617,1.603697,1.396670,-0.482453,-0.560599,0.222888,-1.378770
142,22.600,A,2,35.139767,8.543258,35.017555,9.698589,34.316817,9.549624,1.719377,0.494372,-29.9581,-0.078034,-30.0728,-0.076138,35.757210,10.255279,-30.0728,0.925739,1.603958,1.819959,-0.739655,-0.556690,-0.617443,-1.712021
143,22.793,A,2,35.226798,9.638526,35.266148,9.343832,34.493895,9.393341,1.806708,-0.216417,-30.1417,-0.077164,-30.4996,-0.073467,36.012372,10.249095,-30.4996,1.173181,1.743011,0.994948,-0.746225,-0.905264,-0.785574,-0.610570
144,22.970,A,2,35.890025,9.718287,35.514265,9.317389,34.655796,9.419690,1.252732,0.563710,-30.8422,-0.073074,-30.9110,-0.071017,36.267880,10.239143,-30.9110,1.190615,1.808402,0.643479,-0.753615,-0.921753,-0.377855,-0.520856
145,23.143,A,2,36.677909,9.774598,35.834737,9.446371,35.149163,9.501555,1.400382,1.026157,-31.1596,-0.069674,-31.3035,-0.067290,36.527080,10.224375,-31.3035,1.041455,1.555996,0.474393,-0.692343,-0.778003,0.150829,-0.449777
146,23.326,A,2,36.894372,9.696960,36.225283,9.548581,35.452336,9.524538,1.523283,1.223830,-31.5345,-0.066266,-31.6723,-0.061083,36.792507,10.204442,-31.6723,0.867120,1.502773,0.517605,-0.567223,-0.655861,0.101865,-0.507482
147,23.495,A,2,36.788070,9.032666,36.225283,9.548581,35.513925,9.519052,1.383923,1.097484,-31.8152,-0.061671,-32.0162,-0.057426,37.064420,10.179598,-32.0162,1.049921,1.685336,1.179755,-0.839137,-0.631018,-0.276350,-1.146932
148,23.659,A,2,37.643207,10.416868,36.534686,9.493945,35.759669,9.440771,1.576790,0.696627,-32.1188,-0.057475,-32.2980,-0.001684,37.339995,10.150320,-32.2980,1.038918,1.732308,0.403715,-0.805309,-0.656375,0.303212,0.266548
149,23.840,A,2,37.239665,9.053498,37.173173,9.641425,36.096736,9.579085,1.639116,0.937696,-32.1491,0.020899,-31.9865,0.014772,37.603323,10.120383,-31.9865,0.643762,1.600877,1.127160,-0.430149,-0.478958,-0.363657,-1.066885
150,24.022,A,2,38.176171,10.013036,37.469139,9.617513,36.325725,9.497692,1.613574,1.375215,-32.1347,-0.043528,-32.3820,-0.135066,37.866486,10.091109,-32.3820,0.618205,1.651087,0.319375,-0.397347,-0.473596,0.309685,-0.078073
151,24.195,A,2,38.998980,10.150816,37.940151,9.789959,36.998127,9.653423,1.804275,1.838769,-32.5531,0.006303,-32.5335,0.075758,38.117794,10.064270,-32.5335,0.326808,1.192665,0.885426,-0.177643,-0.274311,0.881186,0.086546
152,24.370,A,2,38.230353,9.889948,37.940151,9.789959,37.069135,9.653109,1.626989,1.665934,-32.3321,0.033557,-32.1830,-0.012200,38.357486,10.037874,-32.1830,0.485418,1.344579,0.195051,-0.417335,-0.247915,-0.127133,-0.147926
153,24.549,A,2,38.044109,9.049036,38.298293,9.899422,37.306851,9.688221,1.424071,1.450571,-32.2689,0.004789,-32.2242,0.073489,38.601325,10.011037,-32.2242,0.322934,1.334119,1.111727,-0.303032,-0.111615,-0.557216,-0.962001
154,24.732,A,2,38.613588,10.452064,38.406084,9.779332,37.479933,9.593564,1.530576,0.654066,-32.2689,0.004766,-31.7615,0.042849,38.838868,9.981567,-31.7615,0.477705,1.413242,0.521650,-0.432785,-0.202236,-0.225280,0.470497
155,24.889,A,2,38.519002,8.747901,38.510057,9.776825,37.709329,9.720407,1.043834,1.162955,-31.8707,0.053476,-31.3988,0.113733,39.079026,9.948518,-31.3988,0.594310,1.388563,1.324804,-0.568969,-0.171693,-0.560024,-1.200616
156,25.046,A,2,39.242306,9.683150,38.632299,9.719460,37.889338,9.577698,1.340185,0.187626,-31.5445,0.073814,-30.8752,0.112417,39.316519,9.911767,-30.8752,0.710731,1.465758,0.240361,-0.684219,-0.192307,-0.074212,-0.228617
157,25.202,A,2,39.844571,9.763735,38.799247,9.536496,38.148290,9.592403,1.199081,0.415757,-30.6498,0.096249,-30.2681,0.113240,39.549736,9.872819,-30.2681,0.822404,1.429225,0.314367,-0.750490,-0.336323,0.294834,-0.109085
158,25.359,A,2,40.001424,10.266276,39.111977,9.578417,38.458800,9.618309,1.341658,0.749163,-30.0536,0.112167,-29.5749,0.128716,39.776214,9.834093,-29.5749,0.711744,1.334969,0.487342,-0.664236,-0.255676,0.225210,0.432184
159,25.514,A,2,39.763091,9.215162,39.459320,9.725214,38.747957,9.717160,1.299577,1.335273,-30.0536,0.112186,-28.7939,0.143140,39.994895,9.797501,-28.7939,0.540431,1.249523,0.626779,-0.535575,-0.072286,-0.231804,-0.582339
160,25.706,A,2,40.047427,9.331929,39.876459,9.593839,38.959229,9.647644,1.442245,0.508590,-28.0481,0.151760,-27.9272,0.160801,40.206232,9.763382,-27.9272,0.370804,1.252363,0.459751,-0.329774,-0.169544,-0.158805,-0.431453
161,25.850,A,2,40.436745,9.498676,40.091089,9.523696,39.361874,9.589159,1.454407,0.551870,-27.2909,0.162766,-26.9800,0.171836,40.411797,9.730317,-26.9800,0.381504,1.059369,0.232980,-0.320708,-0.206620,0.024949,-0.231641
162,26.018,A,2,40.832478,8.738475,40.091089,9.523696,39.425030,9.592313,1.306020,0.521071,-26.4862,0.174153,-25.9602,0.184782,40.613901,9.695729,-25.9602,0.550389,1.193361,0.981892,-0.522812,-0.172032,0.218577,-0.957254
163,26.174,A,2,41.071712,8.921126,40.357002,9.368279,39.692484,9.469012,1.664792,0.129864,-25.5737,0.183136,-24.8772,0.192931,40.814556,9.657212,-24.8772,0.541145,1.137745,0.779713,-0.457554,-0.288933,0.257156,-0.736086
164,26.340,A,2,41.808747,8.600282,40.643787,9.151144,39.956332,9.389038,1.911709,0.065881,-25.0679,0.187273,-23.7351,0.205150,41.014867,9.614175,-23.7351,0.593378,1.082212,1.287721,-0.371080,-0.463031,0.793880,-1.013893
165,26.490,A,2,40.837494,8.727933,40.999166,8.969727,40.291383,9.272512,2.277179,0.009950,-24.1238,0.197245,-22.5260,0.216502,41.215483,9.568606,-22.5260,0.636749,0.970378,0.921740,-0.216317,-0.598879,-0.377989,-0.840672
166,26.646,A,2,41.041155,9.609389,41.226272,8.811533,40.433847,9.190424,1.794029,-0.120336,-23.1798,0.205757,-21.7644,0.107169,41.418543,9.528407,-21.7644,0.742210,1.041085,0.385979,-0.192271,-0.716874,-0.377388,0.080982
167,26.856,A,2,42.074223,9.520040,41.453551,9.108495,40.797520,9.290090,1.214471,0.977353,-21.1403,0.197272,-20.5999,0.290038,41.611209,9.487308,-20.5999,0.410311,0.837248,0.464170,-0.157658,-0.378813,0.463014,0.032732
168,27.050,A,2,41.507548,9.154267,41.453551,9.108495,40.846899,9.292737,1.103062,0.922346,-20.4946,0.247873,-19.0723,0.179084,41.793900,9.444385,-19.0723,0.478183,0.959066,0.407634,-0.340349,-0.335890,-0.286352,-0.290118
169,27.253,A,2,42.460752,8.984767,41.647679,9.208525,41.010477,9.277219,0.980916,0.787043,-19.7317,0.234850,-18.3619,0.166968,41.974387,9.412463,-18.3619,0.385134,0.973352,0.647669,-0.326708,-0.203937,0.486365,-0.427696
170,27.436,A,2,41.163006,9.034546,41.837316,9.188685,41.279541,9.238712,1.282945,0.657387,-18.7231,0.160740,-17.0183,0.214292,42.144659,9.372813,-17.0183,0.358277,0.875449,1.038300,-0.307342,-0.184128,-0.981653,-0.338267
171,27.586,A,2,41.559691,9.601226,41.916042,9.145476,41.316089,9.212688,0.697742,0.324703,-17.4482,0.217344,-16.2352,0.148560,42.314796,9.338823,-16.2352,0.443156,1.006640,0.799400,-0.398754,-0.193347,-0.755105,0.262404
172,27.737,A,2,42.518779,8.842681,41.822522,9.217294,41.400282,9.274729,0.291713,0.535800,-15.6548,0.184049,-15.1505,0.138923,42.482656,9.300216,-15.1505,0.665322,1.082674,0.458959,-0.660134,-0.082922,0.036123,-0.457535
173,27.893,A,2,42.979581,8.732404,41.929304,9.237595,41.611503,9.216917,0.689573,0.253877,-14.8904,0.164786,-14.2682,0.177939,42.652572,9.263932,-14.2682,0.723748,1.042130,0.624065,-0.723268,-0.026338,0.327009,-0.531528
174,28.058,A,2,43.039509,8.618262,42.217411,9.094695,41.860532,9.150257,1.211163,0.050258,-14.5212,0.170106,-13.3871,0.151030,42.822726,9.228374,-13.3871,0.619901,0.965359,0.647481,-0.605315,-0.133679,0.216783,-0.610112
175,28.228,A,2,43.638636,9.260592,42.521383,8.940668,42.082965,9.075268,1.452980,-0.143079,-13.6891,0.154683,-12.5299,0.143988,42.990825,9.194097,-12.5299,0.533481,0.915603,0.651215,-0.469443,-0.253429,0.647811,0.066495
176,28.406,A,2,42.483724,9.473658,42.854578,8.919974,42.361884,9.106132,1.669245,0.346838,-13.0058,0.150555,-11.7087,0.139654,43.153964,9.160936,-11.7087,0.384311,0.793974,0.739606,-0.299386,-0.240962,-0.670241,0.312722
177,28.586,A,2,42.744678,8.416155,43.022291,9.066019,42.428834,9.165404,0.924919,0.571607,-11.2870,0.139361,-10.9260,0.132314,43.310208,9.128512,-10.9260,0.294620,0.882145,0.909547,-0.287916,-0.062493,-0.565530,-0.712357
178,28.749,A,2,43.786347,8.606392,42.993892,9.034460,42.520867,9.059949,0.802857,-0.055299,-10.6853,0.134140,-10.1804,0.125992,43.459399,9.096747,-10.1804,0.469657,0.939253,0.589358,-0.465508,-0.062287,0.326948,-0.490355
179,28.901,A,2,43.098241,7.896628,43.140340,8.853137,42.751633,8.995981,1.208123,-0.189801,-10.3297,0.130401,-9.4671,0.121517,43.603141,9.065876,-9.4671,0.509354,0.854372,1.273603,-0.462800,-0.212739,-0.504899,-1.169248
180,29.047,A,2,43.656844,9.502327,43.296872,8.619157,42.847190,8.834098,1.063813,-0.852154,-9.7226,0.126546,-8.7804,0.117955,43.744167,9.036096,-8.7804,0.611483,0.919441,0.474338,-0.447295,-0.416939,-0.087323,0.466231
181,29.197,A,2,43.831535,8.323187,43.391352,8.604821,43.008748,8.931954,0.948612,0.159401,-9.1636,0.122515,-8.1169,0.113672,43.885099,9.007226,-8.1169,0.636958,0.879578,0.686133,-0.493747,-0.402405,-0.053564,-0.684039
182,29.366,A,2,43.941196,7.970012,43.562022,8.685029,43.172018,8.843095,0.952970,-0.136587,-7.6952,0.112996,-7.4769,0.108642,44.027209,8.978747,-7.4769,0.550154,0.865883,1.012395,-0.465187,-0.293717,-0.086013,-1.008734
183,29.537,A,2,44.313151,8.381064,43.724989,8.483968,43.327254,8.712806,1.048032,-0.535996,-7.1694,0.109765,-6.8625,0.106108,44.169933,8.950160,-6.8625,0.644446,0.875468,0.586841,-0.444944,-0.466192,0.143219,-0.569096
184,29.708,A,2,44.313484,8.577331,43.915231,8.342291,43.514376,8.660441,1.236010,-0.419967,-7.1694,0.109768,-6.2750,0.100276,44.311176,8.921387,-6.2750,0.701516,0.838441,0.344064,-0.395945,-0.579096,0.002308,-0.344056
185,29.891,A,2,44.092374,8.174194,44.110833,8.352232,43.673996,8.644789,1.181597,-0.115746,-6.4328,0.103624,-5.7131,0.095863,44.448336,8.892905,-5.7131,0.637366,0.813120,0.802032,-0.337503,-0.540673,-0.355962,-0.718711
186,30.136,A,2,45.597054,7.814497,44.217486,8.336364,43.776533,8.571813,0.972304,-0.252270,-5.9708,0.100061,-5.1737,0.092667,44.579507,8.865434,-5.1737,0.641073,0.854974,1.462829,-0.362021,-0.529070,1.017547,-1.050936
187,30.306,A,2,44.496048,8.307864,44.476823,8.196760,44.086601,8.455319,1.447685,-0.425736,-4.8085,0.091097,-4.6545,0.088226,44.704191,8.839404,-4.6545,0.681679,0.727281,0.570840,-0.227368,-0.642643,-0.208143,-0.531540
188,30.463,A,2,45.201569,8.976121,44.732326,8.119232,44.190173,8.427654,1.136994,-0.211088,-4.5678,0.113891,-3.6374,0.203298,44.820460,8.809866,-3.6374,0.696234,0.737121,0.415794,-0.088134,-0.690633,0.381109,0.166255
189,30.642,A,2,45.524520,8.316928,45.096390,8.413253,44.381084,8.504899,1.347907,0.374354,-3.0471,0.094881,-2.9977,0.030552,44.939089,8.783534,-2.9977,0.402308,0.623704,0.748633,0.157302,-0.370281,0.585431,-0.466606
190,30.796,A,2,44.835588,8.231762,45.209127,8.386356,44.627388,8.440393,0.947858,0.165792,-2.7765,0.095017,-2.6954,0.142607,45.062595,8.758062,-2.6954,0.399546,0.538812,0.573170,0.146532,-0.371706,-0.227007,-0.526300
191,30.961,A,2,44.513940,7.901350,45.124723,8.284937,44.647510,8.360378,0.458580,-0.238387,-2.0769,0.164266,-1.5655,0.158500,45.179283,8.725420,-1.5655,0.443850,0.645011,1.059138,-0.054560,-0.440484,-0.665343,-0.824070
192,31.134,A,2,46.757247,8.670033,45.124723,8.284937,44.685616,8.356251,0.417333,-0.210137,-1.3013,0.107057,-1.0233,0.118812,45.304783,8.696474,-1.0233,0.449204,0.706484,1.452704,-0.180060,-0.411538,1.452464,-0.026442
193,31.305,A,2,45.399835,9.072616,45.613493,8.492883,45.029161,8.400647,0.977959,0.752996,-0.2838,0.174259,0.0836,0.176005,45.423982,8.663492,0.0836,0.254993,0.474311,0.409837,0.189511,-0.170609,-0.024147,0.409125
194,31.477,A,2,44.967959,8.257827,45.560071,8.584249,45.124003,8.500935,0.472041,0.336546,0.6277,0.166244,0.9432,0.213971,45.544376,8.632740,0.9432,0.050968,0.440553,0.687617,0.015695,-0.048491,-0.576418,-0.374913
195,31.634,A,2,45.492614,9.033170,45.509041,8.641551,45.189341,8.549748,0.397312,0.673616,1.4758,0.178338,2.0181,0.191789,45.658848,8.600015,2.0181,0.155458,0.472190,0.463957,-0.149807,0.041536,-0.166234,0.433154
196,31.788,A,2,45.141148,8.780810,45.479356,8.769739,45.211842,8.587819,0.120677,0.595321,2.7744,0.189615,3.1193,0.199502,45.769408,8.566304,3.1193,0.354283,0.557981,0.663870,-0.290052,0.203436,-0.628260,0.214506
197,31.943,A,2,45.668948,9.050544,45.479356,8.769739,45.242379,8.594366,0.098995,0.540067,3.6982,0.198420,4.2846,0.207873,45.876610,8.530923,4.2846,0.463513,0.637396,0.559580,-0.397254,0.238816,-0.207662,0.519621
198,32.101,A,2,46.294203,8.773790,45.471170,8.860667,45.333252,8.669156,0.199085,0.640496,4.6532,0.206948,5.5070,0.217529,45.982400,8.494065,5.5070,0.629090,0.672347,0.418888,-0.511230,0.366603,0.311803,0.279725
199,32.279,A,2,45.495527,7.043346,45.632284,8.919449,45.496909,8.691948,0.595387,0.440827,5.1444,0.211665,6.7860,0.229206,46.088757,8.456277,6.7860,0.650304,0.637044,1.532416,-0.456473,0.463172,-0.593230,-1.412932
200,32.453,A,2,45.789102,9.044028,45.730673,8.596586,45.530160,8.456844,0.245418,-1.083786,6.2418,0.219732,8.1209,0.237104,46.196829,8.418142,8.1209,0.499143,0.667791,0.746977,-0.466156,0.178444,-0.407727,0.625886
201,32.631,A,2,47.559290,7.871544,45.733477,8.382752,45.594058,8.546638,0.334782,-0.298455,7.8550,0.231926,9.5100,0.246364,46.306437,8.379898,9.5100,0.572967,0.731632,1.352060,-0.572960,0.002854,1.252853,-0.508354
202,32.799,A,2,46.918227,7.943543,46.043280,8.371581,45.911344,8.452198,1.100988,-0.717243,10.3771,0.248203,10.9499,0.255467,46.416236,8.341301,10.9499,0.374183,0.516928,0.640474,-0.372956,0.030279,0.501991,-0.397758
203,32.990,A,2,46.538382,8.402557,46.459116,8.182004,46.091894,8.380589,1.235903,-0.849102,11.5707,0.256201,12.4363,0.262244,46.524424,8.301812,12.4363,0.136452,0.439646,0.101707,-0.065308,-0.119808,0.013957,0.100745
204,33.145,A,2,46.444643,8.024744,46.635166,8.140946,46.190076,8.386714,1.156616,-0.533916,11.5707,0.256207,13.9657,0.268632,46.629615,8.260967,13.9657,0.120149,0.457172,0.300026,0.005551,-0.120021,-0.184971,-0.236223
205,33.310,A,2,45.947451,8.892065,46.612952,8.235974,46.252598,8.335977,0.478724,0.264811,14.9643,0.271618,15.5354,0.278467,46.731398,8.218648,15.5354,0.119706,0.492966,1.033472,-0.118446,0.017326,-0.783947,0.673418
206,33.508,A,2,46.274671,8.579903,46.509059,8.417251,46.245526,8.444470,0.303134,0.419891,16.4196,0.278594,17.1440,0.284012,46.830498,8.175121,17.1440,0.402431,0.644004,0.687600,-0.321439,0.242130,-0.555828,0.404782
207,33.689,A,2,47.586446,8.276131,46.509059,8.417251,46.269696,8.450388,0.263194,0.387097,17.7179,0.283641,18.7903,0.289631,46.928560,8.130902,18.7903,0.507914,0.732238,0.673725,-0.419501,0.286349,0.657886,0.145228
208,33.861,A,2,47.349520,7.233298,46.653885,8.449408,46.487599,8.431424,0.718914,0.073418,19.2891,0.289967,20.4371,0.251276,47.028081,8.086823,20.4371,0.521048,0.640992,0.912046,-0.374196,0.362585,0.321439,-0.853525
209,34.033,A,2,47.393749,8.407407,46.924263,8.228001,46.641934,8.259906,0.654350,-0.915017,20.0722,0.272229,21.5707,0.236689,47.135061,8.049031,21.5707,0.276525,0.536323,0.441988,-0.210798,0.178970,0.258688,0.358376
210,34.193,A,2,47.470890,8.400784,47.112494,8.074226,46.780777,8.284351,0.866597,-0.528337,21.1895,0.219164,23.4093,0.386209,47.250836,8.011677,23.4093,0.151824,0.543421,0.447020,-0.138341,0.062549,0.220054,0.389106
211,34.376,A,2,46.760503,7.534206,47.276285,8.169247,46.910780,8.305998,0.962272,-0.273005,22.2469,0.277843,25.0227,0.188371,47.371284,7.980255,25.0227,0.211525,0.564068,0.756316,-0.094999,0.188992,-0.610781,-0.446049
212,34.537,A,2,47.441634,8.838152,47.293667,8.096623,46.916456,8.196039,0.309157,-0.533829,25.7539,0.234428,26.1652,0.273170,47.494881,7.954413,26.1652,0.246395,0.626864,0.885342,-0.201213,0.142210,-0.053247,0.883739
213,34.691,A,2,47.878227,8.270750,47.288125,8.120743,47.018746,8.293866,0.610722,0.089601,26.4817,0.279935,27.8004,0.214272,47.621145,7.925364,27.8004,0.386102,0.706171,0.430561,-0.333019,0.195379,0.257082,0.345387
214,34.852,A,2,47.558980,7.970820,47.566141,8.244292,47.170533,8.296394,0.600942,-0.252675,28.3234,0.208599,28.8826,0.249369,47.746898,7.902939,28.8826,0.386257,0.697856,0.199802,-0.180757,0.341353,-0.187918,0.067881
215,35.015,A,2,47.890838,8.556396,47.660588,8.265372,47.253693,8.254102,0.789477,-0.028114,29.9457,0.207055,30.1699,0.177718,47.875080,7.880971,30.1699,0.440194,0.724809,0.675608,-0.214493,0.384400,0.015758,0.675425
216,35.182,A,2,48.097770,8.433586,47.807258,8.362579,47.372682,8.304302,0.882732,-0.041902,30.9786,0.211510,31.3620,0.187098,48.007234,7.864085,31.3620,0.537110,0.772300,0.576653,-0.199977,0.498494,0.090535,0.569501
217,35.339,A,2,48.142707,7.726617,47.807258,8.362579,47.504847,8.330539,0.798514,-0.021760,31.8653,0.196904,32.4567,0.189077,48.146142,7.853620,32.4567,0.611459,0.799194,0.127049,-0.338884,0.508959,-0.003435,-0.127003
218,35.509,A,2,48.178582,8.257455,47.949122,8.287365,47.625045,8.248456,0.566753,-0.499733,32.8553,0.188222,33.5104,0.180118,48.293703,7.849462,33.5104,0.557221,0.778653,0.423923,-0.344582,0.437903,-0.115121,0.407993
219,35.669,A,2,48.862354,7.652614,48.064328,8.191524,47.732839,8.255175,0.634547,-0.452644,33.3521,0.184763,34.5092,0.170578,48.449455,7.851629,34.5092,0.513664,0.822428,0.458359,-0.385127,0.339895,0.412899,-0.199015
220,35.829,A,2,49.338799,8.191735,48.254191,8.103191,47.926580,8.171561,0.659703,-0.950850,34.2011,0.175993,35.4579,0.160346,48.611049,7.859383,35.4579,0.432192,0.752299,0.800049,-0.356858,0.243808,0.727750,0.332352
221,36.002,A,2,49.360322,7.894324,48.571427,8.027212,48.164628,8.178934,1.091857,-0.945670,34.9992,0.168908,36.3617,0.156533,48.775337,7.871632,36.3617,0.256484,0.683666,0.585425,-0.203909,0.155580,0.584985,0.022691
222,36.172,A,2,49.263202,7.738466,48.891180,8.018311,48.373834,8.141814,1.053506,-0.952560,36.9082,0.152450,37.2244,0.145880,48.939916,7.887230,37.2244,0.139848,0.620695,0.355871,-0.048736,0.131081,0.323285,-0.148764
223,36.356,A,2,48.914912,7.982047,49.118066,7.937829,48.539693,8.086330,0.919807,-1.028896,37.6194,0.146284,38.0460,0.138478,49.104173,7.905356,38.0460,0.035320,0.592781,0.204209,0.013893,0.032473,-0.189261,0.076691
224,36.538,A,2,49.573988,8.155531,49.307730,7.944790,48.629501,8.073956,0.942130,-0.622399,38.6106,0.136775,38.8250,0.130786,49.269363,7.925954,38.8250,0.042741,0.656756,0.381447,0.038367,0.018836,0.304625,0.229577
225,36.710,A,2,49.180393,7.046590,49.402146,7.821172,48.856971,7.938866,0.259703,-1.033228,39.2203,0.130554,39.5601,0.124337,49.437846,7.950003,39.5601,0.133686,0.580982,0.939381,-0.035700,-0.128831,-0.257453,-0.903413
226,36.890,A,2,49.295753,8.193658,49.418747,7.733320,48.892277,7.938023,0.458114,-0.501163,40.0625,0.121860,40.2535,0.117265,49.611811,7.979301,40.2535,0.312698,0.720717,0.381892,-0.193064,-0.245981,-0.316057,0.214357
227,37.069,A,2,49.555639,8.403816,49.418747,7.733320,48.984240,7.975968,0.419456,-0.448058,40.6078,0.117098,40.9108,0.111476,49.792167,8.015603,40.9108,0.468109,0.808899,0.454593,-0.373420,-0.282284,-0.236528,0.388213
228,37.250,A,2,49.932455,8.658357,49.474347,7.913996,49.099646,8.041322,0.687537,-0.088988,41.2269,0.112021,41.5381,0.108100,49.978216,8.059599,41.5381,0.524485,0.878760,0.600504,-0.503869,-0.145603,-0.045761,0.598758
229,37.457,A,2,49.710360,7.860690,49.713425,8.226085,49.246849,8.135949,0.742849,-0.129717,42.0438,0.105486,42.1389,0.103012,50.168125,8.110367,42.1389,0.469194,0.921630,0.521428,-0.454700,0.115719,-0.457765,-0.249677
230,37.635,A,2,50.270771,7.666831,49.841647,8.100139,49.351492,8.102585,0.576757,-0.600431,42.5358,0.101428,42.7788,0.097683,50.359822,8.165727,42.7120,0.522310,1.010306,0.506781,-0.518175,-0.065588,-0.089051,-0.498896
231,37.810,A,2,50.351823,7.889760,50.031740,7.996595,49.638414,8.020930,0.592726,-0.729812,43.0280,0.096814,43.2547,0.092483,50.551840,8.223381,43.2547,0.567394,0.935593,0.388985,-0.520100,-0.226786,-0.200017,-0.333620
232,37.978,A,2,50.813595,8.409051,50.031740,7.996595,49.672725,8.023992,0.541960,-0.654620,43.4797,0.092030,43.7659,0.087514,50.743705,8.282125,43.7659,0.767086,1.101649,0.144896,-0.711965,-0.285530,0.069890,0.126926
233,38.152,A,2,51.652197,8.556461,50.257582,8.046796,49.873779,8.084936,0.946551,-0.558967,43.8883,0.087391,44.2471,0.080748,50.935884,8.342420,44.2471,0.739924,1.092870,0.747609,-0.678302,-0.295625,0.716314,0.214041
234,38.337,A,2,51.254499,9.255305,50.623157,8.208487,50.171645,8.161022,1.602998,-0.731529,44.0994,0.085092,44.7088,0.093329,51.129516,8.406039,44.7088,0.543531,0.988711,0.858414,-0.506359,-0.197552,0.124983,0.849266
235,38.516,A,2,51.693261,8.754579,51.235969,8.734927,50.371229,8.332883,1.994832,-0.375353,45.4248,0.157800,45.7289,0.169248,51.322356,8.464266,45.7289,0.284112,0.960158,0.471012,-0.086387,0.270660,0.370905,0.290312
236,38.677,A,2,51.266714,8.967054,51.416496,8.854844,50.604352,8.408316,1.744255,-0.179291,46.1258,0.078368,46.1998,0.000815,51.514785,8.529832,46.1998,0.339548,0.918506,0.502695,-0.098289,0.325011,-0.248071,0.437222
237,38.839,A,2,52.069703,9.881405,51.416496,8.854844,50.742124,8.505664,1.577838,-0.150667,46.3941,0.082969,46.5563,0.159684,51.707278,8.598736,46.5563,0.387486,0.969631,1.332888,-0.290782,0.256107,0.362425,1.282669
238,39.003,A,2,50.813036,9.378293,51.591069,9.128098,50.977502,8.726983,2.062855,0.140909,46.9349,0.155843,47.6379,0.133366,51.899959,8.660355,47.6379,0.560532,0.924860,1.302627,-0.308890,0.467743,-1.086923,0.717938
239,39.161,A,2,51.483118,8.327946,51.639222,9.395523,50.991782,8.845017,1.555573,0.482324,46.9349,0.155856,48.1532,0.143375,52.094588,8.730753,48.1532,0.805778,1.108710,0.732221,-0.455367,0.664770,-0.611470,-0.402806
240,39.321,A,2,52.268654,8.889616,51.695016,9.110315,51.099416,8.789942,0.636337,-0.561014,48.7643,0.162798,49.2067,0.135292,52.286955,8.792868,49.2067,0.671687,1.187543,0.098464,-0.591939,0.317447,-0.018301,0.096748
241,39.489,A,2,52.621895,9.696958,51.968145,9.191292,51.306665,8.823618,1.203266,-0.468467,49.8707,0.166368,50.1214,0.182332,52.476298,8.854601,50.1214,0.609574,1.170043,0.854847,-0.508153,0.336691,0.145597,0.842357
242,39.647,A,2,52.663759,9.308204,51.968145,9.191292,51.536810,8.972580,1.094652,-0.405026,50.6857,0.175089,51.1200,0.185142,52.661068,8.911969,51.1200,0.747104,1.125890,0.396244,-0.692923,0.279323,0.002691,0.396235
243,39.801,A,2,52.202695,8.917289,52.238185,9.326859,51.740663,9.044340,1.129096,-0.548979,51.5330,0.184759,52.2129,0.195022,52.841514,8.964987,52.2129,0.703532,1.103707,0.640597,-0.603329,0.361872,-0.638818,-0.047698
244,39.952,A,2,52.913293,9.336457,52.375220,9.287772,51.846218,9.047284,0.719225,-0.666425,51.5330,0.184752,53.3708,0.207942,53.019236,9.015320,53.3708,0.699276,1.173454,0.338161,-0.644016,0.272452,-0.105943,0.321137
245,40.108,A,2,52.508489,10.021265,52.503492,9.253513,52.039947,9.110966,0.864820,-0.722818,52.8823,0.198735,54.5888,0.218199,53.196383,9.064789,54.5888,0.718133,1.157358,1.178153,-0.692891,0.188724,-0.687894,0.956476
246,40.287,A,2,53.015870,9.660088,52.740003,9.605676,52.144575,9.267651,1.162201,-0.272794,55.5755,0.221659,55.8632,0.226690,53.374578,9.115067,55.8632,0.802112,1.239431,0.652472,-0.634575,0.490610,-0.358708,0.545022
247,40.443,A,2,52.726968,9.305783,52.740003,9.605676,52.307203,9.350081,1.055819,-0.222893,56.7132,0.229821,57.1927,0.237576,53.554106,9.167012,57.1927,0.924765,1.260270,0.838698,-0.814103,0.438665,-0.827138,0.138771
248,40.604,A,2,54.433116,9.738122,52.835545,9.613490,52.402458,9.367718,0.676859,-0.299271,57.8597,0.237625,58.5775,0.245648,53.733848,9.220275,58.5775,0.980594,1.339529,0.870139,-0.898302,0.393215,0.699268,0.517847
249,40.769,A,2,54.334381,9.511274,53.110924,9.621054,52.735920,9.446574,1.212346,-0.908575,57.8597,0.237623,59.5111,0.148656,53.912631,9.280603,59.5111,0.871001,1.188359,0.480710,-0.801708,0.340452,0.421750,0.230671
250,40.968,A,2,53.170054,9.751619,53.564015,9.656200,53.010063,9.480717,1.222343,-1.258201,59.0827,0.176798,60.8767,0.317462,54.091619,9.342771,60.8767,0.613681,1.090318,1.008186,-0.527605,0.313428,-0.921565,0.408848
251,41.142,A,2,53.680392,8.954467,53.724290,9.679137,53.072081,9.544729,0.949742,-0.751043,60.5896,0.255123,62.4959,0.194018,54.269162,9.406375,62.4959,0.609331,1.205050,0.742207,-0.544872,0.272762,-0.588771,-0.451908
252,41.306,A,2,53.668154,10.998703,53.726543,9.590365,53.197862,9.480304,0.286366,-0.826028,62.9066,0.183034,63.3499,0.194669,54.441387,9.475010,63.3499,0.724092,1.243536,1.708663,-0.714844,0.115355,-0.773233,1.523693
253,41.500,A,2,54.235981,9.877590,53.781727,9.738912,53.300926,9.726410,1.198116,-0.124188,63.6685,0.152098,64.1896,0.190734,54.610633,9.537142,64.1896,0.853110,1.323311,0.506230,-0.828906,0.201770,-0.374652,0.340447
254,41.680,A,2,54.384354,9.521510,53.891689,10.018836,53.471589,9.774226,1.105673,-0.377188,64.0609,0.169532,65.3492,0.127560,54.780075,9.596879,65.3492,0.983502,1.320449,0.402835,-0.888386,0.421957,-0.395721,-0.075369
255,41.837,A,2,54.376250,9.764617,54.066727,9.965212,53.639625,9.761085,0.673967,-0.687912,65.0199,0.176101,66.1045,0.164182,54.943156,9.656814,66.1045,0.929105,1.307695,0.577065,-0.876429,0.308398,-0.566906,0.107803
256,41.998,A,2,54.453456,10.018191,54.336612,9.905128,53.781865,9.783594,0.600728,-0.659224,66.6015,0.124597,66.7626,0.119719,55.103850,9.722345,66.7626,0.788711,1.323403,0.714519,-0.767238,0.182782,-0.650395,0.295846
257,42.174,A,2,54.519339,10.667563,54.336612,9.905128,53.914040,9.839173,0.550108,-0.589348,67.1210,0.101140,67.3061,0.085300,55.262615,9.795377,67.3061,0.932484,1.349286,1.145935,-0.926003,0.109751,-0.743276,0.872186
258,42.338,A,2,55.042437,10.575760,54.443465,10.080898,54.035470,9.982891,0.989396,-0.344965,67.5595,0.081589,67.7250,0.060309,55.419647,9.874455,67.7250,0.997773,1.388418,0.796314,-0.976183,0.206443,-0.377210,0.701305
259,42.517,A,2,55.031546,10.401284,54.785984,10.429418,54.215947,10.093692,1.136903,-0.575829,67.9713,0.054541,68.0172,0.039667,55.574354,9.955590,68.0172,0.919805,1.365409,0.702341,-0.788370,0.473828,-0.542808,0.445694
260,42.686,A,2,54.796601,10.342607,54.887343,10.465898,54.369022,10.162771,0.851649,-0.496055,68.1964,0.029876,68.1865,0.019964,55.725216,10.034144,68.1865,0.942572,1.362280,0.978507,-0.837872,0.431755,-0.928615,0.308463
261,42.834,A,2,55.740082,10.658559,55.060202,10.523339,54.464552,10.212098,1.021586,-0.784596,68.2570,0.013954,68.2397,0.000146,55.870421,10.107134,68.2397,0.910868,1.409782,0.566619,-0.810219,0.416205,-0.130339,0.551424
262,42.993,A,2,55.260039,10.650568,55.060202,10.523339,54.685243,10.300208,0.923778,-0.708765,68.2470,-0.001464,68.1851,-0.017474,56.008955,10.174389,68.1851,1.010890,1.329678,0.887480,-0.948753,0.348950,-0.748916,0.476179
263,43.159,A,2,55.230499,10.093194,55.256036,10.609599,54.803794,10.373910,0.848196,-0.624781,68.1708,-0.015410,68.0303,-0.033335,56.141290,10.238153,68.0303,0.960025,1.344368,0.922255,-0.885255,0.371446,-0.910791,-0.144959
264,43.319,A,2,56.265115,10.408113,55.322217,10.563291,54.899689,10.352816,0.354568,-0.709965,68.1085,-0.021869,67.7801,-0.049111,56.269364,10.302111,67.7801,0.982498,1.370613,0.106086,-0.947147,0.261179,-0.004249,0.106001
265,43.461,A,2,56.260538,10.854886,55.509491,10.471864,55.134528,10.378722,0.431082,-1.089176,67.9139,-0.037954,67.4369,-0.067517,56.395680,10.369998,67.4369,0.892024,1.261182,0.503369,-0.886189,0.101866,-0.135142,0.484888
266,43.622,A,2,56.339871,10.826815,55.802764,10.530503,55.328987,10.462415,0.769688,-1.105200,67.6661,-0.050656,67.0028,-0.084412,56.521843,10.443928,67.0028,0.724271,1.192999,0.423929,-0.719079,0.086575,-0.181971,0.382887
267,43.790,A,2,57.006785,10.910973,56.036450,10.649708,55.514121,10.532696,0.798168,-0.987348,66.7676,-0.085503,66.4826,-0.096290,56.647702,10.523514,66.4826,0.624142,1.133618,0.528266,-0.611252,0.126194,0.359083,0.387459
268,43.946,A,2,56.986854,10.435729,56.320993,10.749433,55.771829,10.604624,0.985198,-1.206725,66.3163,-0.096347,65.8821,-0.112434,56.771555,10.606061,65.8821,0.472822,0.999726,0.274530,-0.450561,0.143372,0.215299,-0.170332
269,44.093,A,2,56.474462,10.034012,56.612146,10.749914,55.999873,10.597586,0.786735,-1.496165,66.0814,-0.102097,65.2061,-0.124958,56.891148,10.687677,65.2061,0.285859,0.895817,0.775181,-0.279002,0.062237,-0.416687,-0.653665
270,44.251,A,2,56.546956,11.027254,56.753744,10.581625,56.111681,10.526104,0.085008,-1.329578,65.5054,-0.113202,64.4573,-0.136385,57.005056,10.765178,64.4573,0.311206,0.924811,0.527769,-0.251312,-0.183552,-0.458100,0.262076
271,44.435,A,2,56.941102,10.925034,56.845891,10.690360,56.320761,10.655073,0.593723,-0.685974,63.8671,-0.141419,63.6368,-0.149187,57.113367,10.837460,63.6368,0.305258,0.813321,0.193248,-0.267477,-0.147100,-0.172265,0.087575
272,44.601,A,2,57.216240,11.490874,56.845891,10.690360,56.361657,10.665644,0.527587,-0.627834,63.0555,-0.153146,62.7457,-0.160937,57.217373,10.905649,62.7457,0.429358,0.888736,0.585225,-0.371482,-0.215289,-0.001133,0.585224
273,44.751,A,2,57.037539,12.471916,56.976065,10.883703,56.526570,10.797643,1.005701,-0.468052,62.2826,-0.162395,61.7865,-0.172379,57.318859,10.972775,61.7865,0.354178,0.811415,1.525308,-0.342794,-0.089072,-0.281320,1.499141
274,44.903,A,2,56.969696,11.442329,57.080728,11.306948,56.640863,11.058345,1.926044,0.071915,62.2826,-0.162378,60.7654,-0.182312,57.419343,11.042771,60.7654,0.429476,0.778636,0.601522,-0.338615,0.264177,-0.449647,0.399557
275,45.065,A,2,56.580370,11.929632,57.117347,11.615978,56.726920,11.131594,1.470456,0.029904,61.0863,-0.175963,59.6900,-0.193290,57.519559,11.118523,59.6900,0.639715,0.792747,1.240957,-0.402212,0.497455,-0.939189,0.811109
276,45.226,A,2,57.400773,11.586654,57.067349,11.734230,56.740449,11.266189,1.288788,0.356936,60.2169,-0.184206,58.5651,-0.199086,57.619459,11.200359,58.5651,0.768012,0.881472,0.443900,-0.552110,0.533870,-0.218686,0.386295
277,45.378,A,2,57.639507,12.049132,57.080632,11.822379,56.870881,11.330404,0.916868,-0.025565,57.7855,-0.204176,57.3900,-0.209099,57.718415,11.285877,57.3900,0.833428,0.848703,0.767323,-0.637783,0.536502,-0.078908,0.763254
278,45.536,A,2,57.703719,11.717215,57.244300,11.886199,57.017845,11.452840,1.042116,-0.173902,57.1955,-0.207823,56.1605,-0.218673,57.815396,11.371038,56.1605,0.769118,0.801736,0.363745,-0.571097,0.515161,-0.111678,0.346177
279,45.701,A,2,57.978581,12.901708,57.417810,11.937019,57.153076,11.507971,0.888436,-0.441668,56.5909,-0.211832,55.0285,-0.124662,57.910724,11.452325,55.0285,0.691298,0.759689,1.450971,-0.492914,0.484694,0.067857,1.449383
280,45.857,A,2,57.099682,12.303967,57.599293,12.110645,57.309739,11.730460,1.525721,-0.199522,55.5494,-0.203023,54.7154,-0.150561,58.003039,11.518696,54.7154,0.716530,0.724920,1.196957,-0.403746,0.591950,-0.903357,0.785272
281,46.010,A,2,58.350902,12.408202,57.643912,12.336567,57.312581,11.834716,1.103600,0.074282,54.7193,-0.087244,53.6323,-0.183582,58.090498,11.588918,53.6323,0.870872,0.815826,0.859672,-0.446586,0.747649,0.260404,0.819283
282,46.158,A,2,58.386864,12.707311,57.723717,12.407286,57.498193,11.938551,1.057055,-0.275175,53.1919,-0.166285,52.6448,-0.164823,58.176895,11.654442,52.6448,0.878718,0.735768,1.073602,-0.453178,0.752844,0.209969,1.052869
283,46.326,A,2,58.779825,12.076897,57.969353,12.512698,57.663548,12.071193,1.207489,-0.368943,52.3814,-0.161275,51.7572,-0.147590,58.263424,11.719387,51.7572,0.846062,0.695427,0.628080,-0.294070,0.793311,0.516401,0.357511
284,46.497,A,2,58.947642,12.647851,58.224083,12.516896,57.863725,12.090403,0.999506,-0.896254,51.9456,-0.155020,50.9693,-0.129230,58.351704,11.786534,50.9693,0.741428,0.574857,1.047382,-0.127621,0.730362,0.595938,0.861317
285,46.642,A,2,58.009989,11.830981,58.499605,12.492035,58.060996,12.189211,1.146995,-0.935464,51.2328,-0.141880,50.2722,-0.112995,58.443007,11.855940,50.2722,0.638607,0.506954,0.433737,0.056597,0.636094,-0.433018,-0.024960
286,46.807,A,2,58.877108,11.796490,58.587383,12.417191,58.090155,12.151859,0.324731,-0.887601,50.6142,-0.127599,49.6525,-0.100857,58.537457,11.925195,49.6525,0.494523,0.501454,0.363218,0.049926,0.491996,0.339650,-0.128705
287,46.977,A,2,59.180432,12.903501,58.624373,12.200214,58.240539,12.111164,0.058939,-1.035292,49.4017,-0.101926,49.0995,-0.090487,58.633575,11.990788,49.0995,0.209628,0.411057,1.064001,-0.009202,0.209426,0.546857,0.912713
288,47.149,A,2,58.663165,11.990449,58.806408,12.222121,58.414277,12.238328,0.656329,-0.707711,48.9876,-0.091897,48.6102,-0.080572,58.728740,12.050171,48.6102,0.188677,0.366456,0.088695,0.077667,0.171950,-0.065575,-0.059722
289,47.309,A,2,59.105477,14.681395,58.906278,12.282445,58.485694,12.212393,0.308643,-0.732704,48.7934,-0.088520,48.1878,-0.067902,58.820537,12.102921,48.1878,0.198948,0.352284,2.594170,0.085741,0.179523,0.284940,2.578474
290,47.470,A,2,59.166004,12.491009,58.957400,12.652916,58.611179,12.589366,1.797558,0.557312,48.3943,-0.078596,47.8356,-0.055329,58.907994,12.150342,47.8356,0.504997,0.529944,0.427344,0.049406,0.502574,0.258010,0.340667
291,47.631,A,2,59.266237,11.382339,59.060865,13.031669,58.726490,12.592403,1.208402,0.066618,47.8833,-0.062517,47.5537,-0.043964,58.992322,12.194558,47.5537,0.839912,0.478485,0.857163,0.068543,0.837111,0.273915,-0.812219
292,47.810,A,2,58.716003,12.329353,59.162557,12.721100,58.838485,12.427076,0.115363,-0.777380,47.4128,-0.042624,47.3356,-0.033100,59.076677,12.237617,47.3356,0.491051,0.304352,0.372158,0.085880,0.483483,-0.360675,0.091736
293,47.969,A,2,59.316775,13.143286,59.162439,12.425408,58.850927,12.421137,-0.130171,-0.548963,47.2366,-0.033074,47.1714,-0.024149,59.164375,12.280762,47.1714,0.144659,0.343445,0.875884,-0.001936,0.144646,0.152400,0.862524
294,48.140,A,2,59.577618,12.384535,59.266812,12.588011,58.947894,12.536151,0.338531,-0.438369,47.0770,-0.021786,47.0541,-0.014806,59.256898,12.324210,47.0541,0.263988,0.374703,0.326344,0.009914,0.263801,0.320720,0.060325
295,48.311,A,2,59.630625,13.676001,59.400358,12.749896,59.068635,12.522885,1.045560,0.111034,47.0036,-0.014633,46.9833,-0.006526,59.353120,12.367301,46.9833,0.385500,0.324250,1.337799,0.047238,0.382595,0.277505,1.308700
296,48.467,A,2,58.411263,12.382672,59.325181,12.874400,59.179586,12.702757,0.165306,0.194138,46.9647,-0.007310,46.9625,0.000288,59.449877,12.408744,46.9625,0.482062,0.399376,1.038941,-0.124696,0.465656,-1.038614,-0.026072
297,48.624,A,2,59.657336,12.808427,59.325181,12.874400,59.091686,12.666950,0.149428,0.175477,46.9726,0.004764,46.9938,0.010951,59.543804,12.446971,46.9938,0.480095,0.502794,0.378867,-0.218623,0.427429,0.113532,0.361456
298,48.777,A,2,59.497120,13.344419,59.257863,12.808414,59.192603,12.695553,0.289536,-0.017691,46.9926,0.007195,47.0739,0.017264,59.633185,12.480582,47.0739,0.498338,0.490230,0.874488,-0.375322,0.327832,-0.136065,0.863837
299,48.941,A,2,59.759894,12.239670,59.360867,12.918771,59.263343,12.803215,0.628604,0.194997,47.0287,0.012131,47.1960,0.024515,59.718503,12.508807,47.1960,0.544035,0.542077,0.272302,-0.357637,0.409964,0.041390,-0.269137
300,49.108,A,2,59.828360,12.829586,59.458865,12.898371,59.358058,12.730021,0.210521,-0.404301,47.1228,0.017483,47.3529,0.029129,59.801985,12.532064,47.3529,0.501909,0.486064,0.298689,-0.343120,0.366307,0.026375,0.297522
301,49.269,A,2,59.225660,12.784476,59.584484,12.782771,59.448963,12.752459,0.324198,-0.434578,47.3143,0.025995,47.5405,0.036342,59.886436,12.552238,47.5405,0.379896,0.481114,0.700399,-0.301952,0.230533,-0.660776,0.232238
302,49.423,A,2,59.774698,12.229966,59.599966,12.786072,59.436282,12.764552,0.110563,-0.185008,47.4786,-0.029725,47.3479,-0.056492,59.976168,12.578041,47.3479,0.429889,0.571195,0.402177,-0.376202,0.208030,-0.201469,-0.348076
303,49.583,A,2,59.862407,12.035093,59.595701,12.683070,59.504587,12.691388,-0.124463,-0.512306,47.4003,0.030782,47.6552,0.155033,60.065715,12.602049,47.6552,0.476946,0.568195,0.602306,-0.470014,0.081021,-0.203308,-0.566956
304,49.749,A,2,60.252994,13.167422,59.819345,12.477058,59.575456,12.597320,0.393308,-0.491466,47.9863,0.120487,48.4984,0.073370,60.156392,12.624012,48.4984,0.367690,0.581549,0.551930,-0.337047,-0.146953,0.096603,0.543410
305,49.903,A,2,59.938642,12.840165,59.937769,12.639550,59.729317,12.706158,0.489449,-0.298915,48.6092,0.050034,48.6457,0.068231,60.249667,12.657089,48.6457,0.312391,0.522659,0.360907,-0.311899,-0.017539,-0.311026,0.183076
306,50.055,A,2,60.116512,13.012796,60.004558,12.746771,59.802072,12.754129,0.665464,-0.143352,49.1215,0.140504,49.5496,0.165712,60.340853,12.678382,49.5496,0.343178,0.544079,0.402693,-0.336295,0.068389,-0.224341,0.334414
307,50.210,A,2,60.619534,13.018528,60.004558,12.746771,59.821375,12.759658,0.603074,-0.122044,49.7859,0.106600,50.0674,0.082002,60.430345,12.701614,50.0674,0.428175,0.611730,0.369089,-0.425787,0.045157,0.189189,0.316914
308,50.378,A,2,60.198810,13.164335,60.150863,12.861477,59.957953,12.803651,0.821328,-0.219759,50.3115,0.137942,50.9775,0.156703,60.516629,12.715538,50.9775,0.393805,0.565582,0.549934,-0.365766,0.145939,-0.317819,0.448797
309,50.528,A,2,60.112183,13.510734,60.272399,12.973204,60.012850,12.863787,0.880615,-0.057623,50.6651,0.151286,51.7350,0.145454,60.600847,12.729605,51.7350,0.408923,0.603113,0.921388,-0.328448,0.243599,-0.488664,0.781129
310,50.690,A,2,60.981281,13.423914,60.395576,13.306198,60.045504,12.967891,1.152371,0.016898,52.3417,0.154612,52.6785,0.161678,60.684084,12.741680,52.6785,0.633969,0.677462,0.744157,-0.288507,0.564517,0.297198,0.682234
311,50.844,A,2,60.350941,12.781186,60.511732,13.290910,60.201478,13.046037,0.546111,-0.199034,53.1115,0.173876,53.6882,0.180598,60.768568,12.755770,53.6882,0.593582,0.637061,0.418400,-0.256837,0.535140,-0.417627,0.025416
312,50.997,A,2,60.470871,13.322297,60.511732,13.290910,60.242318,13.017873,0.496785,-0.171069,53.9839,0.180837,54.7551,0.192070,60.855994,12.773057,54.7551,0.621843,0.660706,0.670809,-0.344262,0.517854,-0.385123,0.549240
313,51.156,A,2,60.150800,12.913178,60.519141,13.244180,60.293536,13.072925,0.477762,-0.084484,55.1014,0.191430,55.8851,0.201455,60.946595,12.792944,55.8851,0.621555,0.710546,0.804826,-0.427453,0.451236,-0.795794,0.120234
314,51.302,A,2,60.802869,13.535155,60.484374,13.220188,60.288496,13.059301,0.082981,-0.086097,55.6332,0.195733,57.0752,0.212110,61.038924,12.813768,57.0752,0.687534,0.789575,0.759026,-0.554549,0.406420,-0.236055,0.721387
315,51.455,A,2,60.594463,13.761253,60.498586,13.233694,60.378978,13.139438,0.423497,-0.064286,56.5765,0.204370,58.3244,0.222174,61.130574,12.833412,58.3244,0.748087,0.811510,1.071589,-0.631988,0.400282,-0.536111,0.927840
316,51.615,A,2,61.052418,13.318875,60.573608,13.393063,60.425141,13.242896,0.666707,0.134625,57.6359,0.213820,59.6313,0.232744,61.219561,12.850173,59.6313,0.843792,0.886191,0.497613,-0.645954,0.542890,-0.167143,0.468702
317,51.777,A,2,61.515116,13.052854,60.666157,13.475929,60.531996,13.267093,0.528385,-0.133974,60.3042,0.168282,60.5648,0.114975,61.306025,12.869549,60.5648,0.881548,0.870150,0.278064,-0.639868,0.606379,0.209091,0.183304
318,51.934,A,2,61.405144,13.092664,60.872908,13.406116,60.693201,13.247816,0.410917,-0.597155,60.9954,0.186130,61.7392,0.285317,61.392950,12.890169,61.7392,0.732560,0.785850,0.202862,-0.520042,0.515947,0.012194,0.202495
319,52.101,A,2,60.874227,12.669293,61.089157,13.303056,60.816501,13.236079,0.321102,-0.838109,60.9954,0.186127,63.3548,0.203440,61.483493,12.914671,63.3548,0.553484,0.740392,0.656822,-0.394336,0.388386,-0.609266,-0.245378
320,52.260,A,2,60.512273,13.669716,61.158906,13.151223,60.843685,13.161655,-0.195245,-0.794227,62.8413,0.244078,64.1376,0.159981,61.573348,12.950070,64.1376,0.460678,0.759721,1.282096,-0.414442,0.201152,-1.061075,0.719645
321,52.399,A,2,61.474406,13.176391,61.069843,13.137834,60.810898,13.244274,0.126414,-0.145579,63.7988,0.165192,65.4825,0.235451,61.672066,12.988853,65.4825,0.620378,0.898248,0.272470,-0.602224,0.148981,-0.197661,0.187537
322,52.561,A,2,61.887618,13.558791,61.075472,13.225267,60.923303,13.243155,0.177578,-0.330935,66.0672,0.167274,66.3356,0.141046,61.769642,13.038254,66.3356,0.718920,0.870790,0.533739,-0.694170,0.187013,0.117975,0.520537
323,52.736,A,2,61.731705,13.343496,61.278810,13.279691,61.078033,13.296875,0.547604,-0.498778,66.6040,0.187753,67.4515,0.159510,61.870694,13.093310,67.4515,0.620536,0.818382,0.286201,-0.591884,0.186381,-0.138989,0.250186
324,52.888,A,2,61.047444,13.454575,61.478071,13.352806,61.195693,13.315195,0.576913,-0.621645,67.0787,0.192695,68.3476,0.181293,61.968854,13.156466,68.3476,0.528599,0.789286,0.968434,-0.490783,0.196340,-0.921409,0.298110
325,53.049,A,2,61.418685,14.420964,61.502599,13.388597,61.191587,13.345226,0.445607,-0.248439,68.1924,0.175503,69.2585,0.155109,62.066865,13.224718,69.2585,0.587582,0.883534,1.360567,-0.564266,0.163878,-0.648180,1.196246
326,53.237,A,2,62.304819,13.989864,61.463790,13.608901,61.240283,13.514786,1.109794,0.120273,68.9921,0.161024,70.1204,0.145185,62.165764,13.297327,70.1204,0.768014,0.950686,0.706359,-0.701974,0.311573,0.139055,0.692536
327,53.394,A,2,61.531272,13.959258,61.607123,13.868392,61.409185,13.596197,1.117086,-0.207861,70.6152,0.143531,70.9293,0.135931,62.267016,13.374053,70.9293,0.824518,0.886127,0.940097,-0.659893,0.494339,-0.735743,0.585205
328,53.559,A,2,61.312712,14.506702,61.730310,13.971923,61.447050,13.667579,0.925731,-0.076582,71.3220,0.136022,71.6878,0.129125,62.370798,13.455958,71.6878,0.822463,0.947678,1.491178,-0.640488,0.515966,-1.058086,1.050745
329,53.733,A,2,62.267626,14.589231,61.673207,14.128010,61.441978,13.807493,1.123412,0.262758,71.3220,0.136026,72.4060,0.121259,62.475907,13.544839,72.4060,0.992176,1.066769,1.064958,-0.802699,0.583171,-0.208280,1.044392
330,53.896,A,2,62.521296,14.609164,61.725021,14.340604,61.574218,13.937434,1.302946,-0.007517,72.2118,0.126931,73.0945,0.118532,62.580791,13.642037,73.0945,1.104689,1.049023,0.968955,-0.855770,0.698567,-0.059495,0.967127
331,54.051,A,2,62.766121,14.397365,61.942106,14.505923,61.732017,14.060786,1.333257,-0.313663,72.7957,0.122471,73.7575,0.111862,62.684798,13.747603,73.7575,1.061433,1.002933,0.654831,-0.742692,0.758320,0.081323,0.649762
332,54.209,A,2,62.211037,14.212770,62.188350,14.580996,61.902411,14.132298,0.999217,-0.591263,74.0250,0.112787,74.3905,0.105998,62.788636,13.860329,74.3905,0.937925,0.927017,0.676635,-0.600285,0.720667,-0.577599,0.352441
333,54.386,A,2,62.662697,14.532970,62.331835,14.546495,61.967259,14.165392,0.579189,-0.544458,74.5536,0.107703,74.9855,0.099651,62.893643,13.978484,74.9855,0.798916,0.945052,0.600659,-0.561809,0.568011,-0.230946,0.554486
334,54.566,A,2,62.834915,15.138302,62.419142,14.525242,62.084829,14.235887,0.594700,-0.662597,74.8073,0.104940,75.5388,0.093839,63.000500,14.100669,75.5388,0.719888,0.925601,1.050761,-0.581358,0.424573,-0.165584,1.037632
335,54.714,A,2,62.148630,14.691881,62.570516,14.663058,62.218708,14.393958,1.004381,-0.613928,75.3508,0.097606,76.0543,0.086828,63.108553,14.226360,76.0543,0.692957,0.905490,1.066846,-0.538037,0.436698,-0.959923,0.465521
336,54.870,A,2,63.208736,13.972413,62.601871,14.791237,62.227900,14.460388,0.699704,-0.278860,75.7789,0.092508,76.5415,0.082757,63.216267,14.356056,76.5415,0.752904,0.993858,0.383717,-0.614396,0.435181,-0.007530,-0.383643
337,55.032,A,2,63.043770,14.593412,62.666576,14.671301,62.391717,14.409269,0.047001,-0.669239,76.7901,0.083411,77.0090,0.079130,63.322427,14.490963,77.0090,0.680193,0.934288,0.296893,-0.655851,0.180338,-0.278657,0.102450
338,55.218,A,2,63.026127,15.425486,62.843572,14.547816,62.508714,14.454631,0.116218,-0.699154,77.1533,0.080054,77.4591,0.076234,63.427130,14.632259,77.4591,0.589636,0.935436,0.888827,-0.583558,-0.084442,-0.401004,0.793227
339,55.370,A,2,62.570224,15.721255,62.952594,14.707936,62.606035,14.616788,0.790436,-0.547215,77.3674,0.078296,77.8867,0.072788,63.531713,14.780453,77.8867,0.583642,0.940035,1.345202,-0.579119,-0.072517,-0.961489,0.940801
340,55.523,A,2,63.362541,14.990512,62.956892,15.036368,62.620539,14.801472,1.264785,-0.089009,77.7397,0.075638,78.2848,0.066688,63.637695,14.935246,78.2848,0.688273,1.025916,0.280650,-0.680804,0.101122,-0.275155,0.055267
341,55.684,A,2,63.662952,15.066197,63.180191,15.208261,62.748885,14.852668,0.740005,-0.627921,78.5503,0.065370,78.6516,0.062886,63.745521,15.095817,78.6516,0.576405,1.025868,0.087721,-0.565331,0.112445,-0.082569,-0.029619
342,55.834,A,2,62.941524,15.838387,63.180191,15.208261,62.904180,14.906496,0.672486,-0.563343,78.8354,0.061890,78.9928,0.058497,63.854115,15.261204,78.9928,0.676001,1.013999,1.079798,-0.673925,-0.052942,-0.912591,0.577184
343,55.986,A,2,64.288696,16.165374,63.260326,15.340561,62.930255,15.066484,0.982515,-0.227472,79.1068,0.058371,79.3175,0.056142,63.961664,15.430538,79.3175,0.707085,1.093773,0.804322,-0.701337,-0.089977,0.327032,0.734835
344,56.150,A,2,64.044412,15.772272,63.683956,15.823457,63.151324,15.253792,1.319328,-0.809828,79.5281,0.056077,79.6317,0.054686,64.066939,15.603236,79.6317,0.441784,0.980031,0.170531,-0.382983,0.220221,-0.022527,0.169036
345,56.309,A,2,64.087645,16.837245,63.865475,16.074493,63.306667,15.357222,1.882413,-0.707681,79.7861,0.053522,79.9351,0.053290,64.170170,15.779225,79.9351,0.424290,0.961105,1.061233,-0.304695,0.295267,-0.082525,1.058019
346,56.478,A,2,64.239053,16.169737,64.024517,16.317467,63.561074,15.686017,1.507010,-0.773830,80.1686,0.049956,80.2222,0.048341,64.272796,15.958999,80.2222,0.436053,0.762278,0.213422,-0.248279,0.358468,-0.033743,0.210738
347,56.657,A,2,63.272985,15.639071,64.024517,16.317467,63.588780,15.718768,1.365601,-0.692853,80.3981,0.047231,80.4878,0.045230,64.376304,16.143371,80.4878,0.392509,0.894696,1.213108,-0.351787,0.174097,-1.103319,-0.504300
348,56.809,A,2,64.640227,16.615550,64.010967,16.264880,63.566548,15.736522,0.577056,-0.290433,80.6126,0.044254,80.7321,0.041656,64.481094,16.333099,80.7321,0.475051,1.091924,0.324194,-0.470127,-0.068219,0.159134,0.282450
349,56.967,A,2,64.514929,17.314178,64.042131,16.274886,63.747793,15.894543,0.925938,-0.594711,80.6126,0.044254,80.9613,0.040337,64.586204,16.528558,80.9613,0.600303,1.051146,0.788847,-0.544072,-0.253672,-0.071275,0.785620
350,57.140,A,2,63.634703,17.328196,64.242926,16.564882,63.885400,16.134714,1.535283,-0.569812,80.9012,0.040572,81.1836,0.038683,64.690081,16.729487,81.1836,0.476490,1.000633,1.213374,-0.447155,-0.164605,-1.055378,0.598709
351,57.320,A,2,64.038457,17.943143,64.244183,16.904978,63.871672,16.344501,1.656639,-0.048798,81.0852,0.039959,81.4032,0.037874,64.791772,16.934959,81.4032,0.548409,1.093264,1.258538,-0.547589,-0.029981,-0.753315,1.008183
352,57.464,A,2,64.348993,18.064666,64.158377,17.260791,63.916535,16.616935,1.857139,0.130643,81.4893,0.038124,81.6180,0.037124,64.891552,17.143678,81.6180,0.742470,1.108204,1.068920,-0.733176,0.117113,-0.542559,0.920988
353,57.633,A,2,64.991609,17.823654,64.185072,17.640468,63.999519,16.870497,2.011256,0.079620,81.6727,0.029497,81.6187,-0.083085,64.988076,17.353318,81.6187,0.852801,1.100164,0.470349,-0.803003,0.287150,0.003534,0.470336
354,57.799,A,2,65.419846,18.151648,64.345116,17.879600,64.166258,17.052799,1.881400,-0.344155,81.6894,-0.009928,81.2941,0.018915,65.082259,17.553365,81.2941,0.806108,1.043850,0.686956,-0.737144,0.326235,0.337587,0.598283
355,57.957,A,2,65.072212,17.881221,64.633788,18.041343,64.374356,17.257165,1.794298,-0.787862,81.4271,-0.038386,81.7475,0.053742,65.179857,17.754390,81.7475,0.616874,0.946607,0.166354,-0.546070,0.286953,-0.107645,0.126831
356,58.117,A,2,64.074965,18.343227,64.853155,18.217394,64.502564,17.391662,1.179732,-0.236085,81.6577,-0.037782,81.4447,-0.115818,65.269908,17.949352,81.4447,0.495509,0.948596,1.258184,-0.416753,0.268042,-1.194943,0.393875
357,58.275,A,2,63.326759,18.472391,64.853155,18.217394,64.465145,17.576950,1.065466,-0.218173,81.3564,-0.039118,81.2810,0.049275,65.357601,18.147337,81.2810,0.509287,1.059159,2.056691,-0.504445,0.070057,-2.030841,0.325055
358,58.440,A,2,64.896407,19.104679,64.553635,18.356769,64.313316,17.747658,0.926554,0.530637,81.3848,0.046949,81.7580,0.022648,65.445829,18.350721,81.7580,0.892214,1.283071,0.932907,-0.892193,0.006047,-0.549422,0.753957
359,58.611,A,2,64.290381,18.892195,64.419982,18.579449,64.413667,17.990219,1.402647,0.276130,81.5650,0.042917,81.4035,-0.141796,65.533533,18.563069,81.4035,1.113671,1.257878,1.285982,-1.113550,0.016379,-1.243152,0.329126
360,58.780,A,2,65.344631,18.775928,64.455931,18.806766,64.407379,18.157888,1.268380,0.354858,81.6311,-0.041648,80.7157,-0.045951,65.620311,18.776660,80.7157,1.164769,1.361647,0.275681,-1.164380,0.030105,-0.275680,-0.000732
361,58.925,A,2,64.643370,19.627034,64.559008,18.901981,64.559661,18.290457,1.042049,-0.220645,81.1243,-0.094918,80.9647,0.093932,65.708091,18.988876,80.9647,1.152363,1.344128,1.241321,-1.149083,-0.086895,-1.064721,0.638158
362,59.098,A,2,65.289824,20.164360,64.699341,19.081862,64.590665,18.537327,1.271518,-0.071259,80.9895,-0.000498,80.9345,-0.088343,65.790301,19.196798,80.9345,1.096998,1.368952,1.089336,-1.090960,-0.114936,-0.500477,0.967562
363,59.275,A,2,65.831781,19.925237,64.801709,19.443956,64.709832,18.821907,1.780707,-0.256029,80.7389,-0.074354,80.3924,-0.034151,65.868528,19.404022,80.3924,1.067566,1.296702,0.522508,-1.066819,0.039934,-0.036748,0.521214
364,59.445,A,2,65.137044,21.062731,65.058861,19.755824,64.893912,19.031100,1.893224,-0.706420,80.7389,-0.074369,80.5874,0.031611,65.951495,19.608689,80.5874,0.904679,1.205028,1.666604,-0.892634,0.147135,-0.814452,1.454042
365,59.600,A,2,65.176532,20.189564,65.240055,20.130794,64.949919,19.379286,2.494516,-0.415608,80.4757,0.017540,80.3106,-0.072822,66.030552,19.818197,80.3106,0.850060,1.166367,0.931270,-0.790497,0.312597,-0.854020,0.371366
366,59.749,A,2,65.132355,20.160292,65.276331,20.435447,65.002899,19.549370,1.899707,-0.345700,80.4681,-0.036970,80.2113,0.010347,66.112369,20.034094,80.2113,0.927386,1.210736,0.988106,-0.836038,0.401353,-0.980014,0.126198
367,59.895,A,2,65.720453,20.642239,65.289717,20.472023,65.036914,19.678664,1.319785,-0.262612,80.2323,-0.015538,80.1448,-0.024913,66.194022,20.259048,80.1448,0.929046,1.294505,0.609182,-0.904305,0.212974,-0.473569,0.383191
368,60.066,A,2,65.951874,20.718467,65.370879,20.542912,65.159370,19.876519,1.163799,-0.406394,80.1023,-0.020162,80.0430,0.051380,66.274511,20.491742,80.0430,0.905079,1.273593,0.394333,-0.903632,0.051170,-0.322637,0.226725
369,60.228,A,2,65.642477,21.831626,65.549488,20.666830,65.296085,20.047631,1.178029,-0.630589,80.0483,0.002941,80.6292,0.054661,66.356574,20.714923,80.6292,0.808518,1.252963,1.325504,-0.807086,-0.048093,-0.714097,1.116703
370,60.402,A,2,65.780610,20.835129,65.672287,20.951081,65.367486,20.358731,1.839774,-0.387795,80.3036,0.072110,80.3712,-0.100258,66.433894,20.941309,80.3712,0.761670,1.215163,0.661856,-0.761607,0.009773,-0.653284,-0.106180
371,60.584,A,2,65.075742,21.880328,65.734375,21.174252,65.448700,20.477750,1.266655,-0.422014,80.5213,-0.039707,80.4303,0.113518,66.509879,21.155350,80.4303,0.775735,1.259065,1.606967,-0.775505,0.018903,-1.434138,0.724978
372,60.744,A,2,65.881408,22.211794,65.686075,21.330388,65.411975,20.732649,1.392731,0.095062,80.6757,0.082235,81.0275,0.033755,66.587999,21.357087,81.0275,0.902319,1.331523,1.108961,-0.901924,-0.026700,-0.706590,0.854707
373,60.906,A,2,67.082968,22.595653,65.649737,21.670161,65.497376,21.000636,1.713723,0.032363,81.0035,0.028591,81.0941,0.076217,66.663276,21.561745,81.0941,1.019320,1.293896,1.115844,-1.013538,0.108415,0.419693,1.033908
374,61.058,A,2,66.658107,23.534632,65.914943,22.036981,65.749709,21.287912,2.243735,-0.619163,81.0511,0.030694,81.7480,0.074094,66.741339,21.759166,81.7480,0.871844,1.097912,1.777416,-0.826396,0.277815,-0.083232,1.775466
375,61.226,A,2,66.481308,22.411408,66.244122,22.527698,65.905327,21.674770,2.924295,-0.639899,81.2961,0.089040,82.2279,0.103536,66.817467,21.961041,82.2279,0.806116,0.956007,0.561990,-0.573344,0.566657,-0.336159,0.450367
376,61.387,A,2,65.967806,23.140989,66.408758,22.839662,66.012607,21.840993,2.117590,-0.651072,82.0490,0.090577,82.9117,0.105468,66.894350,22.162703,82.9117,0.833110,0.938599,1.347415,-0.485591,0.676959,-0.926544,0.978287
377,61.531,A,2,66.132989,22.353101,66.418245,22.965801,66.026609,22.089344,1.762951,-0.204411,83.2409,0.123088,83.6371,0.127997,66.970918,22.364342,83.6371,0.816823,0.983536,0.838005,-0.552672,0.601459,-0.837929,-0.011241
378,61.695,A,2,67.055581,23.261669,66.352902,23.008407,66.060277,22.183494,0.954112,-0.124504,83.8642,0.135663,84.4649,0.148520,67.047890,22.561883,84.4649,0.826070,1.057619,0.699828,-0.694988,0.446524,0.007691,0.699786
379,61.867,A,2,66.368024,23.254236,66.449338,23.026759,66.224452,22.395560,1.161195,-0.472445,84.2607,0.141477,85.3665,0.164115,67.125046,22.752975,85.3665,0.729067,0.968925,0.907934,-0.675708,0.273784,-0.757022,0.501261
380,62.111,A,2,66.904192,23.053852,66.610673,23.234450,66.263004,22.574859,0.763778,-0.427135,85.7643,0.164552,86.3407,0.175863,67.202195,22.936662,86.3407,0.662251,1.006469,0.320217,-0.591522,0.297788,-0.298003,0.117190
381,62.264,A,2,66.363090,23.882365,66.645199,23.373101,66.372301,22.868142,1.130230,-0.147629,86.9363,0.118827,87.0849,0.047425,67.277840,23.118467,87.0849,0.681963,0.939501,1.191766,-0.632641,0.254635,-0.914749,0.763898
382,62.427,A,2,67.185304,23.827723,66.645199,23.373101,66.387720,22.921319,1.023175,-0.121229,87.4041,0.130464,87.8127,0.209442,67.351761,23.301538,87.8127,0.710177,1.036311,0.551886,-0.706562,0.071563,-0.166457,0.526185
383,62.591,A,2,67.861703,23.890921,66.707295,23.603295,66.519526,23.105205,1.120906,-0.358401,88.2241,0.217240,89.2143,0.190673,67.427814,23.490236,89.2143,0.729335,0.986528,0.590600,-0.720519,0.113059,0.433889,0.400685
384,62.768,A,2,67.061238,24.042944,67.166403,23.913486,66.733577,23.271053,1.160102,-0.692386,89.6511,0.125035,89.8086,0.089894,67.497151,23.687807,89.8086,0.400407,0.869902,0.562266,-0.330748,0.225679,-0.435914,0.355138
385,62.922,A,2,67.828712,25.535573,67.305739,24.300169,66.948364,23.737617,2.196470,-0.903894,90.2114,0.154665,90.8320,0.227495,67.571461,23.890282,90.8320,0.488483,0.641527,1.665282,-0.265721,0.409887,0.257252,1.645292
386,63.074,A,2,67.076808,24.295880,67.402686,24.625058,66.983954,23.866878,1.577141,-0.552218,91.5002,0.113571,91.5729,0.070827,67.642634,24.097434,91.5729,0.579622,0.697864,0.599616,-0.239947,0.527624,-0.565825,0.198446
387,63.260,A,2,68.040116,24.835169,67.402686,24.625058,66.998967,23.912540,1.432092,-0.480246,91.9804,0.149134,92.4344,0.155059,67.714484,24.306354,92.4344,0.445859,0.816734,0.621032,-0.311798,0.318704,0.325631,0.528815
388,63.436,A,2,67.316267,24.571481,67.493642,24.721659,67.171510,24.106621,1.361884,-0.734792,92.7595,0.132526,93.1201,0.134992,67.781694,24.516474,93.1201,0.353660,0.735054,0.468666,-0.288053,0.205185,-0.465427,0.055007
389,63.610,A,2,67.170216,25.755108,67.525349,25.016282,67.210117,24.224756,1.610255,-0.238999,93.7102,0.124794,93.8527,0.122288,67.846941,24.727607,93.8527,0.432151,0.811421,1.230332,-0.321592,0.288675,-0.676725,1.027501
390,63.759,A,2,67.262117,26.162632,67.453091,25.436451,67.218885,24.499345,2.082888,-0.107280,94.2941,0.120462,94.5400,0.117313,67.910214,24.941214,94.5400,0.673960,0.820478,1.382712,-0.457123,0.495237,-0.648097,1.221418
391,63.925,A,2,67.654225,25.441973,67.456362,25.681776,67.297484,24.889239,1.552055,-0.181102,94.8579,0.114752,95.1881,0.108591,67.973019,25.159160,95.1881,0.734889,0.727464,0.426160,-0.516657,0.522616,-0.318794,0.282813
392,64.107,A,2,67.508730,26.639270,67.456362,25.681776,67.309563,24.943297,1.404668,-0.148073,95.4624,0.108826,95.7956,0.100518,68.035725,25.383224,95.7956,0.651763,0.849027,1.362122,-0.579363,0.298552,-0.526995,1.256046
393,64.286,A,2,66.594553,26.969125,67.361793,26.348608,67.348977,25.245343,2.361434,0.273511,96.2342,0.100951,96.3684,0.097290,68.097322,25.614131,96.3684,1.039452,0.834282,2.023444,-0.735529,0.734477,-1.502769,1.354994
394,64.453,A,2,67.297199,26.788355,67.217411,26.674523,67.252486,25.734572,2.124269,0.200793,96.7159,0.097032,96.9151,0.094159,68.156295,25.851037,96.9151,1.248852,0.911281,1.271460,-0.938883,0.823486,-0.859095,0.937319
395,64.613,A,2,67.516009,27.441209,67.240685,26.967534,67.256051,25.791558,2.256592,-0.027207,97.2093,0.093459,97.4415,0.091481,68.211826,26.091903,97.4415,1.307610,1.001855,1.518153,-0.971141,0.875631,-0.695818,1.349306
396,64.781,A,2,68.238328,27.998150,67.410099,27.371190,67.297221,26.093797,2.474185,-0.600342,97.8598,0.088818,97.9465,0.086200,68.264446,26.334630,97.9465,1.343267,0.996757,1.663726,-0.854347,1.036560,-0.026118,1.663521
397,64.938,A,2,67.052910,27.670822,67.410099,27.371190,67.439732,26.431777,2.240928,-0.524008,98.2588,0.084383,98.4251,0.080794,68.315585,26.578133,98.4251,1.203679,0.887997,1.669826,-0.905486,0.793057,-1.262676,1.092689
398,65.096,A,2,67.540848,27.671242,67.480995,27.685042,67.386345,26.662766,1.985164,-0.202003,98.4653,0.082246,98.8730,0.075655,68.366480,26.822503,98.8730,1.236146,0.993067,1.184072,-0.885485,0.862538,-0.825633,0.848739
399,65.265,A,2,67.799169,27.792881,67.496660,27.909698,67.411914,26.881927,1.319963,-0.363372,99.0580,0.074995,99.2904,0.069195,68.417292,27.068646,99.2904,1.246969,1.022570,0.952151,-0.920632,0.841052,-0.618123,0.724235
400,65.426,A,2,66.974377,28.036420,67.466454,28.006299,67.399632,27.213822,1.208032,-0.001605,99.5554,0.068360,99.6827,0.067783,68.466870,27.318005,99.6827,1.214323,1.072311,1.656399,-1.000416,0.688294,-1.492493,0.718415
401,65.580,A,2,67.596317,28.467940,67.409701,28.172880,67.399934,27.273546,1.297685,-0.154172,99.9288,0.066267,100.0583,0.064603,68.513511,27.572059,100.0583,1.256735,1.152894,1.282126,-1.103810,0.600820,-0.917194,0.895881
402,65.724,A,2,66.817629,28.514114,67.409701,28.172880,67.428834,27.505763,1.173892,-0.131676,100.2211,0.064751,100.4222,0.063446,68.556277,27.831558,100.4222,1.196301,1.173572,1.867827,-1.146576,0.341321,-1.738648,0.682556
403,65.903,A,2,68.229021,28.725740,67.339098,28.363550,67.337395,27.709935,1.207091,0.171047,100.5329,0.062677,100.7728,0.059664,68.595679,28.096087,100.7728,1.284730,1.316204,0.728630,-1.256581,0.267464,-0.366658,0.629653
404,66.089,A,2,67.683588,28.631497,67.378116,28.534375,67.467249,27.914537,1.213648,-0.398366,100.6754,0.061531,101.1050,0.056642,68.633244,28.364252,101.1050,1.266605,1.249715,0.986543,-1.255128,0.170123,-0.949657,0.267245
405,66.248,A,2,67.492673,28.431499,67.543934,28.664193,67.499873,28.073816,0.996504,-0.419893,100.9441,0.059653,101.4153,0.053352,68.670279,28.634370,101.4153,1.126739,1.297717,1.194953,-1.126344,0.029823,-1.177606,-0.202871
406,66.409,A,2,67.587279,29.458983,67.572423,28.833547,67.499643,28.177498,1.121268,-0.351053,101.6119,0.051576,101.7055,0.049814,68.706884,28.905153,101.7055,1.136718,1.409579,1.249097,-1.134461,-0.071606,-1.119605,0.553831
407,66.553,A,2,68.644870,29.717514,67.572423,28.833547,67.512943,28.415767,1.015125,-0.312206,101.8454,0.050189,101.9814,0.045558,68.742088,29.176017,101.9814,1.218770,1.445260,0.550155,-1.169664,-0.342471,-0.097218,0.541497
408,66.731,A,2,67.515718,29.991278,67.745663,29.160570,67.682109,28.658308,1.272527,-0.884596,102.0628,0.047749,102.2489,0.046338,68.774658,29.447287,102.2489,1.068194,1.347647,1.371443,-1.028995,-0.286717,-1.258940,0.543991
409,66.913,A,2,67.840013,30.244611,67.872959,29.492976,67.661599,28.906306,1.693899,-0.706053,102.1729,0.047451,102.5107,0.044142,68.803956,29.720300,102.5107,0.958348,1.402699,1.097310,-0.930996,-0.227325,-0.963943,0.524311
410,67.101,A,2,68.148495,31.551694,67.912126,30.322195,67.690991,29.156090,2.710393,-0.980657,102.7244,0.044025,102.7648,0.043913,68.830286,29.996876,102.7648,0.974089,1.415950,1.697734,-0.918160,0.325319,-0.681791,1.554818
411,67.272,A,2,67.584799,31.106791,67.919568,30.831398,67.736256,29.787705,2.629794,-0.686240,102.9193,0.042158,103.0061,0.040410,68.853681,30.281514,103.0061,1.083947,1.221674,1.513652,-0.934114,0.549884,-1.268882,0.825277
412,67.443,A,2,67.837114,30.856577,67.919568,30.831398,67.739173,29.851110,2.379649,-0.610548,103.1190,0.040281,103.2322,0.037912,68.874297,30.576114,103.2322,0.988271,1.346900,1.074434,-0.954730,0.255284,-1.037183,0.280463
413,67.601,A,2,68.708094,30.823915,67.870360,31.057223,67.756042,30.058573,1.916071,-0.471349,103.3027,0.039383,103.4459,0.037070,68.892386,30.878053,103.4459,1.037612,1.401008,0.192079,-1.022026,0.179170,-0.184292,-0.054138
414,67.775,A,2,68.390218,31.296279,68.177934,31.218744,67.900442,30.229140,1.241761,-0.849411,103.5801,0.036586,103.6528,0.034956,68.907503,31.184188,103.6528,0.730387,1.387908,0.529290,-0.729569,0.034556,-0.517285,0.112091
415,67.945,A,2,67.677949,32.770770,68.168250,31.601608,67.935584,30.779396,2.225559,-0.689960,103.7687,0.036171,103.8570,0.035745,68.919133,31.492252,103.8570,0.758804,1.214716,1.781893,-0.750883,0.109356,-1.241184,1.278517
416,68.116,A,2,68.734143,31.608296,68.202087,31.927395,68.055608,30.954393,1.535986,-0.843639,103.9564,0.036450,104.0591,0.033634,68.927306,31.801523,104.0591,0.736061,1.215519,0.273219,-0.725219,0.125873,-0.193163,-0.193227
417,68.306,A,2,68.023707,32.920030,68.202087,31.927395,68.063696,31.016301,1.391092,-0.757681,104.1248,0.035350,104.2564,0.035171,68.932595,32.113086,104.2564,0.753739,1.399258,1.215416,-0.730508,-0.185691,-0.908888,0.806944
418,68.471,A,2,67.890635,33.074776,68.274729,32.172174,68.064542,31.356563,1.893627,-0.679498,104.3023,0.034893,104.4456,0.032556,68.935508,32.429537,104.4456,0.709130,1.381976,1.228045,-0.660779,-0.257363,-1.044873,0.645239
419,68.631,A,2,68.603069,33.480076,68.201070,32.586734,68.044111,31.671808,2.261291,-0.556239,104.3800,0.034161,104.6262,0.033004,68.935847,32.753631,104.6262,0.753493,1.401975,0.799039,-0.734777,-0.166897,-0.332778,0.726445
420,68.796,A,2,68.239019,33.703005,68.221192,32.972786,68.131536,32.002275,2.353509,-0.825552,104.5979,0.032592,104.8025,0.028712,68.932698,33.086746,104.8025,0.720575,1.348310,0.927882,-0.711506,-0.113960,-0.693679,0.616258
421,68.964,A,2,67.986734,34.571803,68.287432,33.342979,68.153061,32.318525,2.361463,-0.761071,104.7234,0.031528,104.9805,0.031180,68.925049,33.428248,104.9805,0.643293,1.351833,1.479241,-0.637617,-0.085269,-0.938316,1.143555
422,69.121,A,2,68.273346,33.092920,68.245949,33.780530,68.133093,32.718512,2.533905,-0.607382,105.0557,0.031360,105.1641,0.032829,68.912571,33.775926,105.1641,0.666638,1.313663,0.935471,-0.666622,0.004604,-0.639225,-0.683006
423,69.300,A,2,67.694101,34.151371,68.212517,33.964433,68.157558,32.841440,1.466855,-0.365117,105.2086,0.031532,105.3519,0.034039,68.896011,34.127139,105.3519,0.702593,1.482679,1.202154,-0.683494,-0.162706,-1.201910,0.024232
424,69.468,A,2,67.144336,35.169797,68.139398,33.981378,68.091544,33.099139,1.594029,-0.107157,105.2832,0.031216,105.9376,0.181467,68.883067,34.473490,105.9376,0.891750,1.585986,1.872973,-0.743669,-0.492112,-1.738731,0.696307
425,69.630,A,2,67.988317,34.756962,67.910181,34.323110,67.949834,33.469937,2.277551,0.177025,105.5779,0.094562,106.4317,0.008685,68.871310,34.805667,106.4317,1.075467,1.622742,0.884335,-0.961128,-0.482557,-0.882992,-0.048705
426,69.774,A,2,67.885753,36.005293,67.768428,34.666306,67.951088,33.726484,2.002557,0.024298,106.1938,0.091261,106.3669,0.062449,68.857849,35.134389,106.3669,1.185723,1.674637,1.305160,-1.089420,-0.468083,-0.972095,0.870904
427,69.954,A,2,67.821411,36.188934,67.772842,35.047205,67.936736,34.130367,2.336836,-0.242970,106.7603,0.115861,107.1839,0.137390,68.853942,35.451875,107.1839,1.154356,1.608618,1.268612,-1.081101,-0.404671,-1.032531,0.737058
428,70.132,A,2,67.532948,35.662274,67.762478,35.561026,67.858032,34.678034,2.573805,-0.373500,107.3523,0.081203,107.5366,0.052554,68.842586,35.774315,107.5366,1.100966,1.473492,1.314423,-1.080109,-0.213289,-1.309639,-0.112041
429,70.296,A,2,67.325326,36.181542,67.706375,35.856271,67.850486,34.746515,2.249602,-0.178641,107.5130,0.069433,108.3486,0.160982,68.833244,36.095723,108.3486,1.152029,1.669184,1.510359,-1.126869,-0.239452,-1.507918,0.085819
430,70.449,A,2,67.897862,36.836730,67.590131,36.033262,67.763363,35.027920,2.117949,-0.008156,108.0288,0.134422,108.9417,0.046930,68.819140,36.421307,108.9417,1.288814,1.748197,1.010609,-1.229009,-0.388045,-0.921279,0.415423
431,70.604,A,2,67.387353,37.441097,67.556536,36.333324,67.772551,35.364615,2.214285,-0.329885,108.7094,0.104504,109.2215,0.113521,68.800048,36.747645,109.2215,1.310719,1.722940,1.573716,-1.243512,-0.414320,-1.412695,0.693452
432,70.761,A,2,67.678321,38.542311,67.546874,36.751555,67.704492,35.742278,2.561022,-0.375555,109.1649,0.080233,110.3490,0.226850,68.784035,37.073869,110.3490,1.278457,1.714219,1.838186,-1.237160,-0.322314,-1.105714,1.468442
433,70.934,A,2,67.447200,38.355497,67.513272,37.341579,67.687329,36.229945,3.014097,-0.663055,110.7015,0.139355,111.1015,0.037673,68.766825,37.392184,111.1015,1.254574,1.586225,1.633824,-1.253553,-0.050606,-1.319625,0.963312
434,71.107,A,2,67.906981,38.469695,67.522778,38.281781,67.638035,36.621953,2.839568,-0.874974,111.3749,0.101786,111.5158,0.146316,68.750411,37.703754,111.5158,1.356908,1.551668,1.139316,-1.227634,0.578027,-0.843430,0.765941
435,71.268,A,2,68.551354,38.159469,67.708932,38.506698,67.663650,36.974232,1.940406,-1.104297,111.9555,0.139492,112.4048,0.125684,68.737941,38.009978,112.4048,1.142624,1.492270,0.239087,-1.029009,0.496721,-0.186587,0.149492
436,71.447,A,2,67.971170,39.671920,67.878013,38.813231,67.782904,37.228243,2.420230,-1.293945,112.8110,0.107864,112.9723,0.098204,68.719973,38.313703,112.9723,0.978992,1.433988,1.550954,-0.841960,0.499528,-0.748803,1.358217
437,71.621,A,2,68.578887,38.710530,67.878013,38.813231,67.801199,37.667524,2.199475,-1.147326,113.2639,0.097967,113.5338,0.134093,68.697262,38.620970,113.5338,0.841507,1.308430,0.148438,-0.819250,0.192261,-0.118375,0.089560
438,71.773,A,2,67.877274,39.715196,68.015079,39.102665,67.908063,37.901103,1.491945,-1.169626,113.7872,0.124389,114.2102,0.057266,68.669804,38.936668,114.2102,0.675441,1.285552,1.110951,-0.654725,0.165997,-0.792530,0.778529
439,71.928,A,2,68.177263,39.838541,68.107738,39.589541,67.897259,38.246595,1.763284,-1.092980,114.2714,0.021520,114.1640,0.018923,68.635545,39.251478,114.1640,0.626791,1.246939,0.744758,-0.527807,0.338062,-0.458282,0.587063
440,72.086,A,2,68.175720,39.969550,68.146641,39.830971,67.932688,38.559479,1.629853,-1.004236,114.3964,0.080800,114.8561,0.187454,68.603389,39.571319,114.8561,0.525393,1.213944,0.584371,-0.456748,0.259652,-0.427669,0.398231
441,72.269,A,2,67.507542,39.392585,68.069601,39.899300,67.897053,38.924019,1.109185,-0.323735,115.2784,0.066112,115.3702,-0.013275,68.573215,39.884924,115.3702,0.503819,1.174961,1.173906,-0.503614,0.014376,-1.065673,-0.492339
442,72.429,A,2,68.172946,40.813221,68.069601,39.899300,67.890149,39.000085,1.003141,-0.290820,115.2980,-0.001508,115.1912,0.030869,68.541211,40.184478,115.1912,0.551129,1.351544,0.728654,-0.471610,-0.285178,-0.368265,0.628743
443,72.586,A,2,67.821037,40.791007,68.001164,40.065952,67.925653,39.339437,1.438218,-0.615788,115.3451,0.060361,115.6640,0.047656,68.511166,40.479721,115.6640,0.656739,1.281823,0.757084,-0.510002,-0.413769,-0.690128,0.311286
444,72.757,A,2,67.325695,41.345960,67.992697,40.416935,67.904468,39.625846,1.708664,-0.622992,115.5259,0.054622,115.4802,-0.037249,68.479321,40.759785,115.4802,0.595273,1.271327,1.294007,-0.486625,-0.342850,-1.153626,0.586176
445,72.926,A,2,67.586165,41.659470,67.858629,40.758031,67.812312,39.951678,2.120096,-0.462791,115.5903,-0.017463,115.5414,-0.009855,68.449151,41.036730,115.5414,0.652985,1.258134,1.064213,-0.590523,-0.278699,-0.862986,0.622740
446,73.078,A,2,67.435451,42.554857,67.715066,41.145421,67.770757,40.276364,2.301760,-0.527557,115.5273,0.005158,115.3258,-0.047622,68.418078,41.308858,115.3258,0.721761,1.218634,1.586843,-0.703013,-0.163436,-0.982627,1.245999
447,73.239,A,2,67.892104,41.707738,67.620221,41.626041,67.712709,40.686720,2.556392,-0.662885,115.1998,-0.041536,115.0649,-0.054780,68.386143,41.581899,115.0649,0.767194,1.120205,0.509814,-0.765923,0.044142,-0.494039,0.125839
448,73.395,A,2,67.553920,42.378500,67.598126,41.966623,67.731249,40.912335,1.958642,-0.638932,114.9491,-0.054454,114.7091,-0.068974,68.351775,41.855268,114.7091,0.761832,1.128795,0.954120,-0.753650,0.111355,-0.797855,0.523232
449,73.550,A,2,67.144395,42.644515,67.608294,42.150919,67.698454,41.201745,2.034892,-0.653745,114.8041,-0.060394,114.2686,-0.081707,68.314454,42.126913,114.2686,0.706568,1.111482,1.279433,-0.706160,0.024006,-1.170059,0.517602
450,73.719,A,2,67.450277,42.598776,67.512658,42.413898,67.609758,41.487157,2.043067,-0.449459,114.4729,-0.071485,113.7527,-0.094202,68.275038,42.393575,113.7527,0.762651,1.124363,0.849905,-0.762380,0.020323,-0.824761,0.205201
451,73.885,A,2,67.239240,42.957090,67.376348,42.791717,67.578827,41.722587,1.664769,-0.332480,113.5921,-0.018431,113.6483,0.018352,68.241243,42.654771,113.6483,0.875670,1.143575,1.046617,-0.864895,0.136946,-1.002003,0.302319
452,74.058,A,2,67.079629,44.770646,67.376348,42.791717,67.521172,41.974494,1.503568,-0.306735,113.4914,-0.064060,113.1952,-0.168449,68.207481,42.902600,113.1952,0.838497,1.154297,2.182119,-0.831133,-0.110883,-1.127852,1.868045
453,74.244,A,2,67.161550,44.143495,67.287182,43.280706,67.448691,42.458427,2.563141,-0.710846,112.9126,-0.139526,112.2896,-0.078025,68.171815,43.140177,112.2896,0.895726,0.993827,1.423827,-0.884634,0.140530,-1.010265,1.003319
454,74.398,A,2,66.979842,43.481729,67.211324,43.841306,67.398926,42.782019,2.663062,-0.746874,112.5554,-0.121129,112.1953,-0.054314,68.149924,43.374381,112.1953,1.048327,0.956500,1.174996,-0.938600,0.466925,-1.170082,0.107348
455,74.557,A,2,66.582957,44.674594,67.146384,44.004063,67.329341,42.958906,1.863267,-0.360890,112.1925,-0.046740,111.4604,-0.120098,68.120395,43.603237,111.4604,1.053261,1.020260,1.873905,-0.974011,0.400826,-1.537438,1.071357
456,74.715,A,2,67.507656,44.453457,67.014110,44.173158,67.210723,43.283596,2.147615,-0.247919,111.9305,-0.106968,111.2452,-0.040606,68.095753,43.832449,111.2452,1.134034,1.041402,0.855283,-1.081643,0.340709,-0.588096,0.621008
457,74.892,A,2,67.597287,43.906830,66.993094,44.435142,67.246218,43.527484,1.565291,-0.487588,110.9668,-0.086504,110.7153,-0.053920,68.064131,44.060321,110.7153,1.134730,0.976164,0.491429,-1.071037,0.374821,-0.466844,-0.153491
458,75.058,A,2,66.665876,45.217533,67.140333,44.463825,67.292440,43.651615,0.811105,-0.495918,110.6497,-0.052020,110.5142,0.000341,68.035269,44.287495,110.5142,0.912141,0.977823,1.655358,-0.894936,0.176330,-1.369393,0.930039
459,75.216,A,2,66.446672,44.608755,67.139993,44.586104,67.196206,43.934682,1.427872,-0.402531,110.5572,-0.036911,110.7375,0.007990,68.013039,44.509155,110.7375,0.876431,0.998617,1.569531,-0.873046,0.076949,-1.566368,0.099600
460,75.377,A,2,67.616945,44.916470,66.970886,44.774298,67.157277,44.227517,1.243182,-0.008985,110.5870,0.019792,110.3648,-0.097292,67.987775,44.731170,110.3648,1.017803,0.971284,0.414549,-1.016889,0.043128,-0.370830,0.185300
461,75.565,A,2,67.198114,46.316065,67.092590,45.203653,67.151509,44.293773,1.795792,-0.802949,110.2742,-0.008791,110.3052,0.060318,67.967700,44.944062,110.3052,0.912800,1.043572,1.573103,-0.875109,0.259591,-0.769585,1.372002
462,75.739,A,2,67.312957,46.248631,67.092590,45.203653,67.154720,44.639808,1.624742,-0.722456,110.4001,0.031135,110.5423,-0.013943,67.953561,45.147664,110.5423,0.862789,0.946607,1.273774,-0.860970,0.055989,-0.640604,1.100967
463,75.925,A,2,66.586319,46.029371,67.147726,45.686464,67.174163,44.939323,1.855674,-0.898664,110.5066,0.010035,110.6060,0.064824,67.938092,45.347189,110.6060,0.860108,0.865992,1.514154,-0.790366,0.339275,-1.351773,0.682182
464,76.116,A,2,66.938681,46.473683,67.098609,45.978549,67.082095,45.175118,1.885624,-0.549760,110.5066,0.010051,111.0009,0.058158,67.925867,45.541972,111.0009,0.935390,0.920072,1.357432,-0.827258,0.436577,-0.987186,0.931712
465,76.292,A,2,66.743869,46.398763,66.998195,46.205383,67.056033,45.416998,1.874317,-0.517067,110.8617,0.055460,111.3789,0.114865,67.912567,45.738308,111.3789,1.026759,0.914817,1.342407,-0.914372,0.467075,-1.168699,0.660455
466,76.461,A,2,67.511208,46.291590,66.938132,46.410139,67.001774,45.634370,1.641402,-0.309692,111.1913,0.065852,111.8974,0.092507,67.900034,45.936933,111.8974,1.071998,0.947848,0.526277,-0.961903,0.473206,-0.388826,0.354657
467,76.630,A,2,66.809614,46.122976,66.977380,46.497355,67.070215,45.790831,1.010060,-0.438708,112.2914,0.101670,112.5004,0.113313,67.887983,46.137946,112.5004,0.978965,0.888388,1.078472,-0.910603,0.359410,-1.078369,-0.014970
468,76.806,A,2,66.905301,47.609938,67.023007,46.480144,67.025758,45.895812,0.638777,-0.147811,112.5534,0.108301,113.1936,0.126849,67.876797,46.338618,113.1936,0.865441,0.959346,1.600019,-0.853791,0.141526,-0.971496,1.271321
469,76.996,A,2,66.458964,48.065322,66.875041,47.159545,67.000785,46.203127,2.136528,-0.442781,113.4995,0.128676,113.9756,0.141904,67.866769,46.535359,113.9756,1.171807,0.927526,2.079111,-0.991728,0.624186,-1.407805,1.529963
470,77.166,A,2,67.108747,48.262167,66.826313,47.630296,66.940404,46.784460,2.326349,-0.753443,114.5474,0.147047,114.8429,0.158381,67.858369,46.725527,114.8429,1.372497,0.919855,1.709736,-1.032057,0.904769,-0.749622,1.536640
471,77.331,A,2,66.579505,47.734545,66.804494,47.902398,66.930544,46.848624,1.917786,-0.415420,115.4400,0.161625,115.7889,0.172206,67.852234,46.908532,115.7889,1.444136,0.923634,1.517279,-1.047740,0.993866,-1.272729,0.826013
472,77.494,A,2,66.630967,47.840918,66.804494,47.902398,66.867943,47.038605,1.739602,-0.346280,116.2780,0.172747,116.8059,0.183950,67.848776,47.086022,116.8059,1.325518,0.981979,1.432804,-1.044283,0.816376,-1.217809,0.754896
473,77.683,A,2,66.453245,48.352277,66.716240,47.994564,66.820583,47.214002,1.426117,-0.174306,117.2063,0.184024,117.8870,0.193109,67.847580,47.261255,117.8870,1.348210,1.028083,1.770451,-1.131339,0.733309,-1.394335,1.091022
474,77.857,A,2,67.151132,48.903426,66.629367,48.134725,66.752447,47.437188,1.565620,-0.140860,117.7059,0.187854,119.0297,0.204639,67.847207,47.437498,119.0297,1.403303,1.094760,1.622795,-1.217840,0.697227,-0.696075,1.465928
475,78.022,A,2,67.117792,48.528326,66.643725,48.401173,66.796798,47.708921,1.636690,-0.595140,118.5732,0.197223,120.2357,0.215477,67.845835,47.616388,120.2357,1.435604,1.053110,1.166910,-1.202110,0.784785,-0.728043,0.911938
476,78.191,A,2,66.364672,48.931743,66.761062,48.611894,66.831145,47.885027,1.242434,-0.643119,119.5245,0.206443,121.5083,0.226385,67.842290,47.797361,121.5083,1.353706,1.014939,1.862842,-1.081228,0.814533,-1.477619,1.134383
477,78.371,A,2,66.973367,48.945789,66.741682,48.750096,66.748852,48.092837,1.221399,-0.336406,122.2921,0.228798,122.8470,0.238762,67.836879,47.978169,122.8470,1.339898,1.094053,1.296897,-1.095197,0.771927,-0.863512,0.967620
478,78.531,A,2,66.991878,48.926918,66.703955,48.902204,66.767325,48.270914,1.036187,-0.428666,123.3601,0.237678,124.2458,0.246119,67.831421,48.156147,124.2458,1.351954,1.070267,1.139702,-1.127466,0.746056,-0.839544,0.770771
479,78.697,A,2,66.327950,49.413812,66.767383,48.993443,66.786605,48.418096,0.840756,-0.481539,123.3601,0.237677,125.5135,0.149486,67.825996,48.331521,125.5135,1.248521,1.042991,1.848107,-1.058614,0.661922,-1.498047,1.082291
480,78.858,A,2,67.672754,48.990007,66.724701,49.123225,66.704792,48.613456,1.096904,-0.333036,124.8745,0.225709,126.5043,0.248217,67.818476,48.504784,126.5043,1.256509,1.118973,0.506633,-1.093775,0.618442,-0.145722,0.485224
481,79.031,A,2,66.782606,49.472446,66.791746,49.215069,66.833903,48.716396,0.466881,-0.612104,126.1833,0.201128,128.2715,0.283485,67.812843,48.680997,128.2715,1.152334,0.979580,1.299146,-1.021097,0.534073,-1.030238,0.791449
482,79.233,A,2,66.847418,50.271466,66.916662,49.278007,66.814804,48.872628,0.564682,-0.487981,128.7984,0.226574,129.3241,0.121009,67.799300,48.856247,129.3241,0.978229,0.984633,1.705557,-0.882638,0.421760,-0.951882,1.415219
483,79.428,A,2,66.615605,49.265913,66.846667,49.689521,66.779772,49.144037,0.738704,-0.351918,130.0107,0.216379,130.5360,0.294782,67.784238,49.035474,130.5360,1.143161,1.010316,1.191136,-0.937571,0.654047,-1.168633,0.230438
484,79.634,A,2,67.031190,50.139150,66.829502,49.761780,66.766860,49.188437,0.843107,-0.615286,131.1011,0.223344,131.7603,0.119594,67.763407,49.218696,131.7603,1.080333,0.997006,1.176171,-0.933905,0.543085,-0.732217,0.920455
485,79.826,A,2,66.773589,49.444000,66.839669,49.828852,66.790448,49.380826,0.480193,-0.241586,132.6291,0.213652,132.8437,0.240531,67.734949,49.405891,132.8437,0.990163,0.944833,0.962115,-0.895280,0.422961,-0.961360,0.038109
486,79.999,A,2,66.380161,51.652285,66.753966,50.133703,66.778871,49.421144,1.657738,-0.984607,133.4283,0.182858,133.8621,0.187656,67.698947,49.596263,133.8621,1.087120,0.936593,2.442626,-0.944981,0.537440,-1.318786,2.056022
487,80.187,A,2,66.891503,50.315415,66.753966,50.133703,66.706973,49.789531,1.514430,-0.862553,134.3340,0.179406,134.8860,0.174682,67.657492,49.789669,134.8860,0.966809,0.950519,0.929058,-0.903526,0.344035,-0.765989,0.525746
488,80.380,A,2,65.811219,51.045118,66.700633,50.511411,66.720465,49.909628,1.138542,-0.701456,135.1084,0.174449,135.8535,0.163240,67.611707,49.984720,135.8535,1.052359,0.894399,2.089546,-0.911074,0.526691,-1.800488,1.060398
489,80.580,A,2,65.927908,50.250409,66.317973,50.753025,66.571719,50.117938,1.260623,0.085950,136.3188,0.162073,136.7667,0.155547,67.563018,50.180599,136.7667,1.370331,0.993277,1.636599,-1.245045,0.572426,-1.635110,0.069809
490,80.765,A,2,67.009359,51.206289,66.301849,50.815877,66.459241,50.177262,1.035455,-0.486133,137.4170,0.152748,137.6332,0.148279,67.511810,50.376883,137.6332,1.287137,1.071330,0.969728,-1.209961,0.438994,-0.502450,0.829407
491,80.959,A,2,65.381567,51.063600,66.222307,50.986833,66.357782,50.467471,1.331981,-0.081291,138.0600,0.146256,138.4575,0.140811,67.457157,50.573698,138.4575,1.302127,1.104495,2.132622,-1.234850,0.413135,-2.075590,0.489902
492,81.161,A,2,66.112870,50.883456,66.222307,50.986833,66.336928,50.507053,1.204935,-0.056263,138.8266,0.140111,139.2438,0.134407,67.397552,50.771733,139.2438,1.194767,1.093150,1.289531,-1.175245,0.215100,-1.284682,0.111724
493,81.380,A,2,65.908398,50.727155,66.031439,51.042678,66.284023,50.598508,0.935402,0.040250,139.4186,0.135171,139.9941,0.127876,67.331816,50.971957,139.9941,1.302298,1.112355,1.444316,-1.300377,0.070720,-1.423418,-0.244803
494,81.570,A,2,66.177847,52.176013,65.938238,51.195625,66.208945,50.650782,1.135061,-0.574254,140.3592,0.127880,140.7076,0.122717,67.259606,51.175203,140.7076,1.321526,1.174268,1.473711,-1.321368,0.020422,-1.081760,1.000810
495,81.780,A,2,66.274862,51.768129,65.985170,51.518546,66.184402,50.908350,1.001943,-0.779600,141.1908,0.120116,141.3834,0.114871,67.181418,51.381655,141.3834,1.204055,1.103657,0.985497,-1.196248,0.136891,-0.906556,0.386473
496,81.977,A,2,65.594329,52.596483,65.943148,51.830868,66.178953,51.070094,1.507877,-1.082760,141.7217,0.114702,142.0223,0.107853,67.098274,51.590569,142.0223,1.179856,1.056430,1.809341,-1.155126,0.240299,-1.503945,1.005914
497,82.174,A,2,65.921819,53.150341,65.943148,51.830868,66.073967,51.331160,1.373415,-0.964048,142.3084,0.109604,142.6274,0.103484,67.011347,51.800499,142.6274,1.068631,1.048313,1.734688,-1.068199,0.030368,-1.089528,1.349841
498,82.384,A,2,65.182546,52.184868,65.861227,52.296009,66.031564,51.638885,1.662926,-1.435062,142.7616,0.104860,143.2025,0.097686,66.921552,52.010014,143.2025,1.098217,0.964269,1.747774,-1.060324,0.285995,-1.739005,0.174854
499,82.583,A,2,65.389300,51.975776,65.735046,52.552468,65.890232,51.752184,1.612200,-0.833351,142.9864,0.102268,143.7501,0.092266,66.829191,52.218504,143.7501,1.143978,1.048378,1.460207,-1.094145,0.333964,-1.439891,-0.242728
500,82.761,A,2,66.339850,52.757418,65.554787,52.505760,65.794961,51.822916,1.174830,-0.227197,143.4549,0.097709,144.2709,0.086298,66.733910,52.426490,144.2709,1.181785,1.116211,0.514584,-1.179124,0.079269,-0.394061,0.330928
501,82.963,A,2,65.814660,53.824915,65.593305,52.535100,65.850568,52.004020,0.766536,-0.640454,144.1284,0.091391,144.7639,0.083600,66.634952,52.635229,144.7639,1.046448,1.006819,1.445071,-1.041647,-0.100129,-0.820292,1.189686
502,83.159,A,2,65.163743,53.034147,65.626532,53.146502,65.826714,52.311283,1.174354,-0.864626,144.9659,0.083570,145.2286,0.078817,66.531413,52.845946,145.2286,0.953490,0.884570,1.380558,-0.904881,0.300556,-1.367669,0.188202
503,83.341,A,2,64.659553,53.724921,65.626532,53.146502,65.710322,52.458689,1.088261,-0.790566,145.3592,0.079150,145.6667,0.074814,66.422486,53.059139,145.6667,0.800734,0.931514,1.884462,-0.795954,0.087363,-1.762932,0.665782
504,83.525,A,2,65.085852,53.668809,65.398197,53.313153,65.534225,52.685900,1.624927,-0.799641,145.5414,0.077383,146.0821,0.071106,66.307829,53.274317,146.0821,0.910461,0.971956,1.284077,-0.909632,0.038836,-1.221977,0.394492
505,83.709,A,2,65.109471,54.729798,65.197377,53.537826,65.444816,52.872253,1.500996,-0.706147,145.8907,0.074917,146.4791,0.068463,66.187905,53.490320,146.4791,0.991667,0.966534,1.642963,-0.990528,0.047505,-1.078434,1.239478
506,83.891,A,2,64.936006,54.646390,65.025227,54.278016,65.371736,53.189236,1.777477,-1.339628,146.7377,0.067120,146.8596,0.065770,66.063933,53.705982,146.8596,1.185805,0.863808,1.468532,-1.038706,0.572034,-1.127927,0.940408
507,84.059,A,2,64.645528,54.613019,64.902484,54.531583,65.283718,53.450297,1.720780,-1.106826,147.0519,0.064362,147.2231,0.062927,65.937318,53.920717,147.2231,1.201681,0.805288,1.465607,-1.034834,0.610865,-1.291790,0.692302
508,84.230,A,2,64.612767,54.522849,64.902484,54.531583,65.165187,53.669130,1.592299,-1.012920,147.3345,0.062509,147.5680,0.058756,65.808887,54.134686,147.5680,0.989491,0.794413,1.257527,-0.906403,0.396896,-1.196120,0.388163
509,84.413,A,2,65.139405,54.601367,64.764876,54.666167,65.058517,53.842057,1.498842,-0.765543,147.3345,0.062518,147.8936,0.057018,65.678483,54.348462,147.8936,0.967271,0.800503,0.595455,-0.913607,0.317704,-0.539078,0.252905
510,84.596,A,2,64.513433,55.284284,64.740445,54.730795,65.045961,54.000100,1.021912,-0.676893,147.8277,0.058267,148.2015,0.052012,65.545078,54.562572,148.2015,0.822030,0.751992,1.259031,-0.804633,0.168223,-1.031645,0.721712
511,84.771,A,2,63.397661,55.504201,64.720585,54.885758,64.943972,54.235181,1.201477,-0.822188,148.0983,0.054110,148.4955,0.049826,65.407196,54.777266,148.4955,0.695130,0.713045,2.136975,-0.686611,0.108492,-2.009535,0.726935
512,84.961,A,2,63.230854,54.905827,64.452994,55.142741,64.689899,54.468762,1.622118,-0.559993,148.5949,0.051175,148.7800,0.048007,65.263585,54.992551,148.7800,0.824388,0.776834,2.034581,-0.810591,0.150190,-2.032731,-0.086724
513,85.130,A,2,63.608963,55.236791,64.048681,55.250641,64.444175,54.578741,1.679818,0.038534,148.8604,0.048871,149.0573,0.048075,65.113901,55.208310,149.0573,1.066061,0.919179,1.505207,-1.065220,0.042331,-1.504938,0.028481
514,85.307,A,2,63.581474,55.687180,63.765057,55.259393,64.287805,54.718978,1.656368,0.120315,148.9681,0.049078,149.3271,0.047614,64.958932,55.424352,149.3271,1.205217,0.973635,1.402308,-1.193875,-0.164959,-1.377458,0.262827
515,85.471,A,2,63.775104,56.271012,63.611105,55.382832,64.149819,54.904013,1.607262,-0.117702,149.1943,0.048392,149.5872,0.045543,64.800183,55.640382,149.5872,1.216651,0.982452,1.203528,-1.189078,-0.257550,-1.025078,0.630629
516,85.636,A,2,63.913650,56.201699,63.552126,55.929291,64.061093,55.148645,1.303344,-0.907128,149.7341,0.044486,149.8364,0.040198,64.639018,55.855980,149.8364,1.089361,0.913411,0.803542,-1.086892,0.073311,-0.725368,0.345718
517,85.807,A,2,63.390556,56.256621,63.552126,55.929291,64.007504,55.348153,1.181636,-0.814915,149.9107,0.042266,150.0755,0.042542,64.475956,56.070672,150.0755,0.934586,0.861094,1.101213,-0.923830,-0.141381,-1.085400,0.185949
518,85.979,A,2,62.843748,56.678444,63.525573,56.123470,63.885825,55.526216,1.172836,-0.765879,150.1404,0.041914,150.3076,0.038295,64.310573,56.284115,150.3076,0.801269,0.868805,1.518905,-0.785000,-0.160645,-1.466825,0.394329
519,86.138,A,2,62.854692,57.388138,63.149387,56.670781,63.700461,55.740192,1.847673,-1.198467,150.4602,0.040082,150.5358,0.040671,64.141837,56.496341,150.5358,1.007663,0.875543,1.565901,-0.992450,0.174439,-1.287145,0.891797
520,86.308,A,2,63.193126,57.296553,63.046037,57.017060,63.491974,56.212223,1.655219,-1.292232,150.6617,0.057639,150.9138,0.140407,63.970959,56.708588,150.9138,0.975006,0.689786,0.975052,-0.924922,0.308472,-0.777833,0.587965
521,86.497,A,2,62.522042,57.398065,62.926612,57.254651,63.322047,56.427289,1.733935,-1.080049,151.4681,0.104656,151.7018,0.067431,63.807640,56.916703,151.7018,0.943620,0.689440,1.372761,-0.881028,0.337948,-1.285598,0.481361
522,86.663,A,2,62.182184,57.686784,62.926612,57.254651,63.285782,56.478162,1.573580,-0.966206,151.7750,0.012720,151.6795,0.000557,63.635278,57.123794,151.6795,0.720646,0.734158,1.558346,-0.708666,0.130857,-1.453095,0.562990
523,86.810,A,2,61.769348,58.069711,62.690787,57.471309,63.087789,56.704397,1.744299,-0.856205,151.8630,0.067391,152.3053,0.202580,63.471969,57.329644,152.3053,0.793923,0.733845,1.856506,-0.781182,0.141665,-1.702621,0.740066
524,86.968,A,2,62.256069,57.880024,62.191116,57.920978,62.855332,56.953961,1.818176,-0.710247,152.7288,0.101065,152.9406,0.028759,63.307909,57.533844,152.9406,1.181990,0.735589,1.107343,-1.116793,0.387134,-1.051840,0.346180
525,87.166,A,2,61.271039,57.823612,61.967211,57.995236,62.516746,57.237908,1.897780,-0.232986,153.1364,0.104383,153.6315,0.194073,63.142389,57.736176,153.4993,1.203393,0.799812,1.873391,-1.175177,0.259060,-1.871350,0.087436
526,87.324,A,2,61.281670,58.641699,61.661079,58.156546,62.471926,57.286316,2.076979,-0.469695,154.2093,0.117457,154.3175,0.093135,62.981464,57.936760,154.3175,1.338553,0.826261,1.840174,-1.320385,0.219786,-1.699794,0.704939
527,87.489,A,2,62.394523,57.648219,61.661079,58.156546,62.249103,57.535303,1.882825,-0.399939,154.6978,0.146094,155.1890,0.150225,62.823856,58.134487,155.1890,1.162986,0.830278,0.648678,-1.162777,0.022059,-0.429333,-0.486268
528,87.676,A,2,60.792423,58.588801,61.511099,58.244113,62.231245,57.592385,1.526161,-0.163296,155.8861,0.159342,156.0992,0.171020,62.670521,58.329245,156.0992,1.162543,0.857862,1.895949,-1.159422,-0.085133,-1.878098,0.259556
529,87.839,A,2,60.740846,59.614686,61.208160,58.593854,61.796501,58.047201,2.011092,-0.879991,156.7312,0.171525,157.0875,0.179280,62.522171,58.521468,157.0875,1.316003,0.866907,2.090034,-1.314011,0.072385,-1.781325,1.093218
530,87.998,A,2,60.970778,58.544280,61.005985,58.840637,61.749618,58.092033,1.669856,-0.452977,157.5859,0.180854,158.1549,0.192183,62.377790,58.711734,158.1549,1.377848,0.882400,1.416942,-1.371805,0.128903,-1.407012,-0.167455
531,88.153,A,2,60.823030,59.777978,60.875698,59.035965,61.588255,58.200585,1.764103,-0.999603,158.9496,0.196259,159.2902,0.205091,62.235612,58.900573,159.2902,1.366637,0.953443,1.662898,-1.359914,0.135392,-1.412583,0.877404
532,88.330,A,2,61.011454,59.465559,60.875698,59.035965,61.428574,58.473702,1.611830,-0.872497,159.8813,0.205501,160.4911,0.214716,62.094191,59.088403,160.4911,1.219621,0.906037,1.146545,-1.218493,-0.052438,-1.082737,0.377156
533,88.509,A,2,60.172041,60.143588,60.798171,59.324996,61.320630,58.661327,1.377328,-0.899806,161.0304,0.214658,161.7544,0.224705,61.952888,59.275447,161.7544,1.155779,0.881415,1.981183,-1.154716,0.049549,-1.780847,0.868141
534,88.686,A,2,61.014476,59.939438,60.658276,59.585062,61.104524,58.920914,1.772769,-1.213270,161.0304,0.214654,163.0758,0.237195,61.812103,59.461674,163.0758,1.160406,0.890556,0.929768,-1.153828,0.123388,-0.797628,0.477764
535,88.845,A,2,60.520297,60.361554,60.558643,59.843743,61.044358,59.112716,1.322393,-1.189037,162.6541,0.229276,164.4516,0.245508,61.673070,59.646801,164.4516,1.131694,0.824940,1.356376,-1.114426,0.196942,-1.152772,0.714752
536,89.030,A,2,60.438538,60.359914,60.463305,60.256712,60.921899,59.337899,1.178809,-1.147103,165.1155,0.245920,165.8784,0.252165,61.537290,59.830407,165.8784,1.155500,0.788207,1.219685,-1.073985,0.426305,-1.098752,0.529507
537,89.189,A,2,59.774819,60.766797,60.463305,60.256712,60.805894,59.529372,1.091327,-1.009742,166.9138,0.256729,167.3539,0.261642,61.405806,60.012154,167.3539,0.973713,0.770047,1.797111,-0.942501,0.244559,-1.630988,0.754643
538,89.347,A,2,61.341499,60.134923,60.295451,60.456120,60.608673,59.751615,1.353270,-1.031607,168.1279,0.262827,168.8760,0.269723,61.278662,60.192007,168.8760,1.018066,0.801766,0.084895,-0.983210,0.264113,0.062838,-0.057084
539,89.493,A,2,60.073052,60.624241,60.303957,60.541080,60.672939,59.847482,0.552141,-0.746039,168.1279,0.262827,170.4421,0.276984,61.154916,60.370305,170.4421,0.867926,0.711088,1.111266,-0.850959,0.170775,-1.081864,0.253936
540,89.657,A,2,59.923152,61.627207,60.370251,60.553290,60.544414,59.998275,0.694112,-0.647949,169.3871,0.269931,172.0494,0.283520,61.033109,60.547609,172.0494,0.662882,0.735248,1.548397,-0.662858,0.005681,-1.109956,1.079598
541,89.824,A,2,59.524041,61.153317,60.226589,60.805817,60.411880,60.274352,0.955198,-1.269844,170.9658,0.276245,173.6949,0.291516,60.911820,60.724397,173.6949,0.690051,0.672667,1.452551,-0.685231,0.081420,-1.387779,0.428920
542,89.974,A,2,59.189326,62.023651,60.030553,61.079088,60.239094,60.440417,1.101894,-0.940372,174.5349,0.291405,175.3767,0.297096,60.790218,60.900759,175.3767,0.780315,0.718090,1.955439,-0.759664,0.178329,-1.600892,1.122892
543,90.139,A,2,59.470417,61.657472,59.765914,61.338484,60.040222,60.709530,1.425569,-1.335162,176.0152,0.296460,177.0943,0.302285,60.668413,61.076339,177.0943,0.939800,0.727442,1.331507,-0.902499,0.262145,-1.197996,0.581134
544,90.311,A,2,59.449328,61.317976,59.428563,61.649907,59.910693,60.885635,1.224962,-0.747630,178.2795,0.277128,178.7324,0.225797,60.545474,61.250321,178.7324,1.186237,0.732081,1.098232,-1.116911,0.399585,-1.096146,0.067655
545,90.478,A,2,59.287780,62.306806,59.323482,61.771905,59.724496,61.174862,1.132271,-1.127620,179.3570,0.231903,179.9590,0.282224,60.418343,61.419071,179.9590,1.150309,0.735568,1.437444,-1.094860,0.352834,-1.130563,0.887735
546,90.631,A,2,58.111009,63.121359,59.060303,62.164919,59.452556,61.487318,1.638153,-1.827136,-178.5577,0.325471,-178.0239,0.353580,60.288041,61.589082,-178.0239,1.356071,0.841660,2.662206,-1.227738,0.575837,-2.177032,1.532277
547,90.777,A,2,58.463799,61.727383,59.060303,62.164919,59.401082,61.526942,1.529047,-1.607072,-176.9768,0.244576,-176.5813,0.156771,60.155109,61.751660,-176.5813,1.170206,0.786800,1.691485,-1.094806,0.413259,-1.691310,-0.024277
548,90.948,A,2,59.378285,63.362725,58.730523,62.343293,59.214072,61.590740,1.537046,-0.834080,-176.4405,0.225973,-175.2422,0.314861,60.020730,61.912953,-175.2422,1.360083,0.868630,1.585740,-1.290207,0.430340,-0.642445,1.449771
549,91.114,A,2,58.549160,63.128191,58.667422,62.834961,59.189494,61.884814,0.954826,-1.636093,-174.4324,0.261455,-173.6837,0.180369,59.884046,62.075047,-173.6837,1.434449,0.720132,1.700303,-1.216624,0.759914,-1.334886,1.053144
550,91.348,A,2,59.077134,61.180901,58.629341,62.684116,59.052795,61.970131,0.705123,0.062905,-173.1627,0.225615,-172.4761,0.277712,59.742831,62.231824,-172.4761,1.201844,0.737993,1.244023,-1.113490,0.452292,-0.665697,-1.050923
551,91.535,A,2,58.892119,63.214040,58.671373,62.552074,59.009024,62.000180,0.405622,-0.552758,-171.5172,0.215144,-171.2368,0.214722,59.595750,62.384931,-171.2368,0.939366,0.701627,1.087436,-0.924377,0.167143,-0.703631,0.829108
552,91.713,A,2,58.776723,62.982599,58.671373,62.552074,58.947433,62.209399,0.378253,-0.490926,-170.5753,0.213001,-170.0105,0.212103,59.441179,62.533183,-170.0105,0.770037,0.590442,0.802169,-0.769805,0.018891,-0.664456,0.449415
553,91.878,A,2,58.188716,63.433436,58.595230,62.952884,58.886462,62.350175,0.437252,-1.060707,-169.0450,0.199762,-168.8710,0.195525,59.278918,62.675691,-168.8710,0.737743,0.509885,1.327674,-0.683688,0.277193,-1.090202,0.757745
554,92.046,A,2,57.917798,63.606975,58.399399,63.201959,58.753456,62.532298,0.638039,-1.333228,-168.1907,0.191925,-167.7844,0.184200,59.109975,62.813997,-167.7844,0.809588,0.454379,1.431817,-0.710576,0.387962,-1.192177,0.792978
555,92.192,A,2,56.769090,62.250748,58.028087,63.168797,58.584944,62.725145,1.529840,-0.422246,-167.2879,0.182781,-166.7538,0.174997,58.936122,62.949133,-166.7538,0.934228,0.416529,2.276790,-0.908036,0.219664,-2.167033,-0.698385
556,92.371,A,2,57.516357,63.360845,57.677770,63.074013,58.277122,62.682124,1.384718,-0.633473,-166.0349,0.172046,-165.7767,0.167887,58.759126,63.081311,-165.7767,1.081380,0.625841,1.273818,-1.081356,-0.007298,-1.242769,0.279534
557,92.563,A,2,56.731592,62.450726,57.677770,63.074013,58.121448,62.804850,1.261164,-0.551393,-165.2144,0.164535,-164.8471,0.157391,58.580086,63.209860,-164.8471,0.912485,0.611868,1.998302,-0.902316,-0.135847,-1.848494,-0.759133
558,92.761,A,2,56.559912,63.428519,57.406769,63.021919,57.872879,62.773009,1.626927,-0.060437,-164.4390,0.158854,-163.9587,0.152070,58.399032,63.333832,-163.9587,1.040133,0.769000,1.841556,-0.992264,-0.311913,-1.839120,0.094687
559,92.925,A,2,56.854247,62.918450,57.069181,62.987130,57.633269,62.886488,1.750053,-0.543509,-164.1016,0.156059,-163.1077,0.145134,58.214784,63.452643,-163.1077,1.236572,0.811599,1.461651,-1.145604,-0.465513,-1.360537,-0.534193
560,93.101,A,2,56.953181,63.430658,56.744661,63.086095,57.471557,62.907224,1.140408,-0.562428,-162.5411,0.143762,-162.2945,0.138070,58.025387,63.566311,-162.2945,1.367797,0.860885,1.080754,-1.280727,-0.480216,-1.072206,-0.135653
561,93.261,A,2,57.026572,62.713459,56.723121,63.083202,57.300986,62.958089,0.922205,-0.088275,-161.8958,0.137901,-161.5214,0.131113,57.829121,63.675190,-161.5214,1.254466,0.890596,1.252602,-1.105999,-0.591989,-0.802549,-0.961732
562,93.412,A,2,56.467273,63.754077,56.723121,63.083202,57.258359,62.970032,0.834614,-0.068585,-161.1750,0.130977,-160.7888,0.123235,57.625464,63.779506,-160.7888,1.139764,0.888828,1.158470,-0.902342,-0.696304,-1.158190,-0.025429
563,93.585,A,2,55.459686,63.089837,56.659879,63.135639,57.099790,63.097202,0.691382,-0.608602,-160.6305,0.125346,-160.0931,0.119347,57.415410,63.879097,-160.0931,1.059980,0.843195,2.108978,-0.755531,-0.743458,-1.955724,-0.789260
564,93.808,A,2,55.848618,63.612751,56.389757,63.241851,56.815103,63.107375,1.265739,-0.610498,-160.3588,0.122953,-159.4281,0.114076,57.200983,63.973591,-159.4281,1.092488,0.948279,1.399677,-0.811226,-0.731740,-1.352365,-0.360840
565,94.017,A,2,55.012901,63.410535,55.798418,63.388083,56.627328,63.191950,1.485466,-0.913015,-159.1856,0.113994,-158.7892,0.110193,56.984219,64.062879,-158.7892,1.364359,0.941217,2.076451,-1.185802,-0.674796,-1.971319,-0.652344
566,94.184,A,2,55.475830,63.303765,55.526883,63.397385,56.217547,63.243854,1.369220,-0.706932,-158.3542,0.108477,-158.1759,0.105683,56.766263,64.147428,-158.1759,1.448664,1.057135,1.541748,-1.239380,-0.750043,-1.290433,-0.843663
567,94.352,A,2,54.958580,63.075188,55.526883,63.397385,56.166987,63.252562,1.244376,-0.625844,-157.8644,0.104100,-157.5907,0.099395,56.546955,64.228060,-157.5907,1.315510,1.046887,1.962664,-1.020071,-0.830675,-1.588375,-1.152872
568,94.541,A,2,55.131937,64.822511,55.323703,63.336016,55.941042,63.232945,1.396375,-0.405809,-157.3587,0.098668,-157.0368,0.093967,56.325023,64.305310,-157.0368,1.393619,1.139039,1.300367,-1.001320,-0.969294,-1.193087,0.517202
569,94.696,A,2,54.798985,63.494013,55.137103,63.554165,55.773206,63.474942,0.873241,-1.513516,-157.3587,0.098629,-156.5140,0.088093,56.098832,64.378863,-156.5140,1.266905,0.960784,1.572438,-0.961728,-0.824697,-1.299847,-0.884850
570,94.859,A,2,54.176124,64.331507,54.987044,63.797350,55.581720,63.487952,1.002197,-1.076430,-156.6778,0.092352,-156.0180,0.085893,55.867289,64.447654,-156.0180,1.094406,1.001288,1.695148,-0.880244,-0.650304,-1.691164,-0.116147
571,95.011,A,2,55.065116,64.202334,54.743884,63.888264,55.325763,63.622266,1.054993,-1.452390,-156.1833,0.087949,-155.5427,0.081087,55.630382,64.510596,-155.5427,1.083132,0.939107,0.643857,-0.886498,-0.622332,-0.565266,-0.308262
572,95.165,A,2,53.650884,64.404235,54.609632,64.069053,55.238863,63.719556,0.569924,-1.127909,-155.3382,0.082225,-155.0844,0.077859,55.389100,64.567413,-155.0844,0.925166,0.861064,1.745859,-0.779468,-0.498360,-1.738216,-0.163177
573,95.344,A,2,54.533997,64.889792,54.445071,64.207231,54.956944,63.833004,0.877446,-1.332539,-154.9476,0.079775,-154.6435,0.076960,55.144931,64.618961,-154.6435,0.811989,0.808126,0.668274,-0.699860,-0.411730,-0.610934,0.270831
574,95.513,A,2,54.318362,64.268174,54.253427,64.419528,54.846093,64.003430,0.488968,-1.585792,-154.7661,0.078289,-154.2235,0.071473,54.899276,64.666790,-154.2235,0.691563,0.665488,0.704525,-0.645849,-0.247261,-0.580914,-0.398616
575,95.687,A,2,53.458859,65.366465,54.218448,64.542433,54.722131,64.058318,0.497819,-1.100772,-154.4255,0.074362,-153.8267,0.067257,54.653053,64.712221,-153.8267,0.466593,0.657542,1.361666,-0.434605,-0.169788,-1.194194,0.654244
576,95.866,A,2,52.796936,64.228405,53.699764,64.798556,54.245063,64.262291,1.223132,-1.200503,-153.5778,0.066070,-153.4526,0.062818,54.406500,64.755579,-153.4526,0.708041,0.519033,1.693696,-0.706735,0.042977,-1.609563,-0.527174
577,96.036,A,2,52.744824,65.488502,53.699764,64.798556,54.192351,64.279799,1.112633,-1.077967,-153.2560,0.064172,-153.0977,0.059976,54.159163,64.796044,-153.0977,0.459405,0.517310,1.574754,-0.459398,0.002512,-1.414338,0.692458
578,96.202,A,2,52.577591,64.679702,53.323907,64.874698,53.928110,64.475544,1.068912,-1.583174,-152.9916,0.061510,-152.7575,0.058315,53.910085,64.832260,-152.7575,0.587712,0.357171,1.341199,-0.586178,0.042438,-1.332494,-0.152558
579,96.391,A,2,52.527338,65.045541,52.747363,64.995750,53.676628,64.524173,1.338124,-1.255726,-152.5613,0.062256,-152.3930,0.061753,53.661486,64.861458,-152.3930,0.923934,0.337626,1.148990,-0.914122,0.134292,-1.134148,0.184083
580,96.549,A,2,52.589528,65.766794,52.569108,65.174074,53.454020,64.618734,0.906885,-1.581841,-152.1363,0.061177,-152.0389,0.060725,53.409460,64.885661,-152.0389,0.888467,0.270621,1.203613,-0.840352,0.288413,-0.819932,0.881133
581,96.728,A,2,52.275383,64.940507,52.416738,65.283004,53.273567,64.807102,1.038781,-1.114658,-151.8729,0.059162,-151.7004,0.058696,53.153546,64.905964,-151.7004,0.827674,0.155496,0.878841,-0.736807,0.377040,-0.878162,0.034543
582,96.912,A,2,51.427241,64.874876,52.416738,65.283004,53.074259,64.846502,0.944819,-1.002084,-151.5889,0.057585,-151.3763,0.054620,52.895133,64.922933,-151.3763,0.598759,0.194751,1.468679,-0.478395,0.360071,-1.467893,-0.048057
583,97.088,A,2,51.814209,65.084248,52.144993,65.192889,52.778489,64.868204,1.353259,-0.828353,-151.2815,0.055947,-151.0634,0.054194,52.636291,64.936669,-151.0634,0.554097,0.157822,0.835223,-0.491298,0.256220,-0.822082,0.147579
584,97.259,A,2,51.128379,64.356510,51.880266,65.133743,52.582338,64.915950,1.342202,-0.760216,-151.1679,0.055761,-150.8466,-0.021132,52.379667,64.946447,-150.8466,0.533368,0.204953,1.383383,-0.499401,0.187296,-1.251288,-0.589938
585,97.413,A,2,51.471262,63.107200,51.646913,64.988485,52.314026,64.846923,1.755467,-0.283421,-150.9303,0.047081,-151.1434,0.005388,52.135894,64.955225,-151.1434,0.490111,0.208471,1.963907,-0.488981,0.033260,-0.664632,-1.848025
586,97.597,A,2,50.942748,64.714364,51.432868,64.520017,52.136046,64.597512,2.158513,0.938869,-151.0324,-0.011757,-150.6504,0.111808,51.892437,64.965235,-150.6504,0.639862,0.441097,0.982266,-0.459569,-0.445218,-0.949689,-0.250871
587,97.750,A,2,50.779864,64.467089,51.259936,64.225564,51.907146,64.616675,1.644304,0.271338,-150.5889,0.020314,-150.6193,-0.095729,51.657278,64.974436,-150.6193,0.847755,0.436380,1.013537,-0.397342,-0.748871,-0.877414,-0.507347
588,97.894,A,2,50.114320,64.539838,51.043708,64.263075,51.687937,64.596372,1.505122,-0.006840,-150.7488,-0.023068,-150.8549,0.035971,51.424324,64.981027,-150.8549,0.812603,0.466316,1.382302,-0.380616,-0.717952,-1.310004,-0.441188
589,98.069,A,2,49.289781,65.982496,50.342681,64.599111,51.402150,64.588973,1.389842,-1.861066,-150.7861,-0.030163,-150.8247,-0.084339,51.186761,64.985081,-150.8247,0.928140,0.450881,2.143215,-0.844080,-0.385970,-1.896980,0.997414
590,98.270,A,2,49.375485,65.210805,49.911326,64.972199,50.793997,64.857818,1.401423,-1.982045,-151.0466,-0.030590,-151.0919,0.032715,50.950934,64.980838,-151.0919,1.039644,0.199407,1.592145,-1.039608,-0.008639,-1.575449,0.229967
591,98.420,A,2,49.480715,65.024415,49.621076,65.086172,50.729664,64.866232,1.340165,-1.707399,-150.9622,0.021913,-150.8249,-0.022264,50.710931,64.973566,-150.8249,1.095658,0.108956,1.231267,-1.089856,0.112607,-1.230216,0.050849
592,98.598,A,2,48.688721,65.439454,49.621076,65.086172,50.484924,64.897471,1.207398,-1.546542,-150.9798,-0.057585,-151.4392,-0.155817,50.468853,64.958480,-151.4392,0.857340,0.063089,1.843966,-0.847778,0.127693,-1.780133,0.480974
593,98.750,A,2,48.719416,64.897558,49.318674,65.196922,50.171512,64.984580,1.287293,-1.743949,-151.4990,-0.092508,-151.7872,0.025152,50.229764,64.946059,-151.7872,0.944995,0.069836,1.511126,-0.911089,0.250864,-1.510348,-0.048500
594,98.920,A,2,48.320386,64.307433,48.994639,65.243469,49.883927,64.983106,1.536776,-1.433521,-151.7044,-0.059594,-151.6713,-0.053293,49.994364,64.935729,-151.6713,1.046018,0.120171,1.788004,-0.999725,0.307740,-1.673978,-0.628296
595,99.067,A,2,48.503004,64.659176,48.711945,65.061024,49.590147,64.890753,1.906952,-0.732785,-151.7090,-0.005341,-152.2451,-0.051647,49.763197,64.917807,-152.2451,1.060963,0.175153,1.286459,-1.051252,0.143217,-1.260193,-0.258631
596,99.226,A,2,47.559207,64.865822,48.485393,64.863048,49.379411,64.860688,1.742720,-0.476213,-152.0728,-0.066740,-152.1763,-0.008532,49.530452,64.902802,-152.1763,1.045815,0.156802,1.971591,-1.045059,-0.039755,-1.971244,-0.036980
597,99.389,A,2,47.954676,64.918821,48.221082,64.807596,49.037000,64.866183,1.680468,-0.617119,-152.4046,-0.057592,-152.5822,-0.042278,49.294760,64.878605,-152.5822,1.076023,0.258059,1.340687,-1.073677,-0.071009,-1.340084,0.040216
598,99.559,A,2,46.831356,65.489205,47.955851,64.817993,48.826534,64.877268,1.453510,-0.635429,-152.5799,-0.012058,-152.6475,-0.067772,49.049831,64.852663,-152.6475,1.094529,0.224648,2.307990,-1.093980,-0.034670,-2.218475,0.636542
599,99.738,A,2,47.793600,65.010284,47.431051,65.063903,48.457349,64.973651,1.216969,-0.990773,-152.7748,-0.025449,-152.8586,-0.042614,48.796410,64.818950,-152.8586,1.387158,0.372686,1.020900,-1.365360,0.244953,-1.002810,0.191334
600,99.907,A,2,46.726118,64.628131,47.260307,64.999958,48.068416,64.933989,1.526653,-0.704829,-153.0038,-0.033595,-153.0468,-0.030819,48.536169,64.779552,-153.0468,1.294759,0.492589,1.816374,-1.275861,0.220406,-1.810051,-0.151421
601,100.055,A,2,47.709185,65.106893,47.139738,64.960879,48.001403,64.938800,0.945971,-0.578816,-153.1548,-0.030666,-153.2066,-0.027573,48.273238,64.736074,-153.2066,1.155577,0.339105,0.675027,-1.133499,0.224804,-0.564052,0.370819
602,100.217,A,2,47.337350,64.496770,47.139738,64.960879,47.897237,64.968589,0.852012,-0.528186,-153.5454,-0.109283,-153.8155,-0.156664,48.018310,64.688678,-153.8155,0.919773,0.304974,0.707485,-0.878572,0.272201,-0.680960,-0.191908
603,100.383,A,2,46.533554,63.942960,47.162257,64.904903,47.757670,64.903680,0.830990,-0.108200,-153.8364,-0.097680,-154.1847,0.015033,47.773070,64.647198,-154.1847,0.662952,0.256944,1.425606,-0.610813,0.257705,-1.239516,-0.704238
604,100.540,A,2,46.598287,64.115981,47.028434,64.653611,47.521814,64.763372,1.368938,0.359254,-154.0990,-0.063906,-154.1073,-0.068564,47.533186,64.608987,-154.1073,0.506721,0.154803,1.056925,-0.504752,0.044624,-0.934899,-0.493005
605,100.697,A,2,45.780471,64.664936,46.824375,64.392900,47.330634,64.665905,1.435679,0.472472,-154.1453,-0.003022,-154.8973,-0.112705,47.305924,64.568223,-154.8973,0.512472,0.100759,1.528516,-0.481549,-0.175323,-1.525453,0.096713
606,100.867,A,2,45.064565,63.941402,46.559770,64.331703,47.047058,64.663162,1.553564,-0.115152,-154.6157,-0.099539,-155.1349,-0.048670,47.073169,64.527679,-155.1349,0.549532,0.137976,2.092418,-0.513399,-0.195976,-2.008604,-0.586277
607,101.075,A,2,45.940723,64.382041,46.130747,64.272887,46.697281,64.553621,1.895552,-0.132144,-155.4521,-0.114329,-155.8844,-0.136647,46.842605,64.480670,-155.8844,0.741562,0.162607,0.907259,-0.711858,-0.207783,-0.901882,-0.098629
608,101.270,A,2,45.102431,65.037945,45.826342,64.193330,46.527250,64.524256,1.551636,-0.261837,-156.0268,-0.098235,-156.4230,-0.124371,46.607037,64.429714,-156.4230,0.815697,0.123709,1.622894,-0.780695,-0.236384,-1.504606,0.608231
609,101.442,A,2,45.164418,64.026654,45.612234,64.342152,46.259792,64.597873,1.482357,-0.999066,-156.2626,-0.107599,-157.1521,-0.112987,46.373112,64.375064,-157.1521,0.761589,0.249970,1.257907,-0.760878,-0.032912,-1.208694,-0.348410
610,101.602,A,2,45.236900,63.849905,45.353208,64.407833,46.040614,64.512830,1.544483,-0.598521,-156.8195,-0.121095,-157.9350,-0.141296,46.144071,64.320604,-157.9350,0.795659,0.218298,1.022016,-0.790863,0.087228,-0.907171,-0.470700
611,101.759,A,2,44.198326,64.227468,45.193659,64.249346,45.865493,64.412632,1.468852,-0.177139,-157.6945,-0.132995,-158.7845,-0.153675,45.924188,64.268969,-158.7845,0.730793,0.155191,1.726361,-0.730530,-0.019623,-1.725862,-0.041501
612,101.930,A,2,44.024716,65.258085,44.946720,64.161943,45.563162,64.382477,1.522871,-0.405074,-159.1736,-0.154035,-159.7024,-0.164900,45.715358,64.220617,-159.7024,0.770874,0.222176,1.983585,-0.768638,-0.058674,-1.690642,1.037467
613,102.102,A,2,44.086526,64.120511,44.587016,64.353153,45.278452,64.511731,1.347186,-1.248028,-159.9037,-0.162761,-160.6810,-0.176198,45.516818,64.174054,-160.6810,0.946895,0.413333,1.431294,-0.929803,0.179099,-1.430293,-0.053543
614,102.283,A,2,44.310924,63.539507,44.155577,64.289251,45.044233,64.456987,1.482867,-0.089172,-161.1408,-0.176304,-161.7117,-0.184720,45.325505,64.126880,-161.7117,1.181142,0.433686,1.172340,-1.169928,0.162371,-1.014581,-0.587374
615,102.456,A,2,44.051117,63.586512,44.058649,64.029155,44.878482,64.322949,1.435407,0.292828,-162.0806,-0.184339,-162.7891,-0.191456,45.136700,64.077076,-162.7891,1.079116,0.356554,1.191278,-1.078052,-0.047920,-1.085583,-0.490564
616,102.649,A,2,43.789112,63.974401,43.925547,63.907999,44.700688,64.213202,1.317266,0.134416,-163.4386,-0.194494,-163.9129,-0.199490,44.946177,64.024157,-163.9129,1.027219,0.309843,1.158135,-1.020631,-0.116158,-1.157065,-0.049756
617,102.778,A,2,43.524793,64.408872,43.925547,63.907999,44.511965,64.176136,1.192879,0.097891,-164.4972,-0.200443,-165.0873,-0.210093,44.752363,63.969260,-165.0873,0.829083,0.317158,1.303912,-0.826817,-0.061261,-1.227570,0.439612
618,102.934,A,2,43.948580,64.441445,43.758281,63.974109,44.313245,64.210189,1.073343,-0.345046,-165.6264,-0.209365,-166.3162,-0.218897,44.556914,63.914275,-166.3162,0.800871,0.383326,0.804971,-0.798633,0.059834,-0.608334,0.527170
619,103.110,A,2,42.549947,63.978848,43.471136,64.168585,44.208378,64.246357,1.265027,-0.489395,-167.1962,-0.220614,-167.5987,-0.228167,44.364058,63.860619,-167.5987,0.944538,0.415970,1.817960,-0.892922,0.307966,-1.814111,0.118229
620,103.275,A,2,42.991060,63.766320,43.187144,64.082889,43.792952,64.147627,1.287410,-0.183863,-168.2581,-0.227417,-168.9288,-0.234651,44.178364,63.808289,-168.9288,1.028553,0.513509,1.188045,-0.991220,0.274600,-1.187304,-0.041970
621,103.432,A,2,42.868456,63.837429,43.022248,63.988439,43.727516,64.150653,1.246107,-0.067227,-170.0755,-0.238896,-170.2989,-0.243264,44.002226,63.756242,-170.2989,1.007111,0.480651,1.136673,-0.979978,0.232197,-1.133770,0.081187
622,103.598,A,2,43.263060,64.341731,43.022248,63.988439,43.549831,64.107750,1.124604,-0.087863,-171.2424,-0.244685,-171.6992,-0.234895,43.835124,63.703528,-171.6992,0.861361,0.494760,0.857065,-0.812877,0.284912,-0.572065,0.638203
623,103.783,A,2,41.942351,63.786971,42.949589,64.019431,43.459287,64.146407,0.763344,-0.332635,-172.2343,-0.174373,-172.6002,-0.166624,43.669149,63.652428,-172.6002,0.807749,0.536710,1.732032,-0.719560,0.367003,-1.726799,0.134543
624,103.954,A,2,42.394243,62.368392,42.773915,64.039714,43.188054,64.098581,1.281571,-0.173553,-172.2343,-0.174368,-174.0400,-0.333570,43.497018,63.598067,-174.0400,0.847308,0.588195,1.651731,-0.723103,0.441647,-1.102775,-1.229675
625,104.114,A,2,42.242651,63.990528,42.523032,63.704500,43.021928,63.845595,1.384479,1.080826,-173.7485,-0.267542,-175.5932,-0.181183,43.315760,63.544568,-175.5932,0.808700,0.420660,1.162086,-0.792728,0.159933,-1.073109,0.445961
626,104.262,A,2,41.082394,63.141934,42.372910,63.480985,42.859373,63.866628,1.250821,0.380509,-175.0926,-0.239666,-176.4621,-0.210045,43.125361,63.496228,-176.4621,0.752606,0.456011,2.073461,-0.752452,-0.015243,-2.042967,-0.354294
627,104.425,A,2,41.399331,63.745087,42.074318,63.463801,42.548718,63.760517,1.591790,0.448892,-177.1072,-0.242616,-177.9263,-0.210049,42.926228,63.441424,-177.9263,0.852203,0.494302,1.556799,-0.851910,0.022377,-1.526897,0.303663
628,104.593,A,2,41.099250,63.498343,41.728684,63.426363,42.328700,63.758878,1.587724,0.070408,-178.1709,-0.176753,-178.7954,-0.187257,42.724232,63.391335,-178.7954,0.996164,0.539938,1.628502,-0.995548,0.035028,-1.624982,0.107007
629,104.750,A,2,41.564116,63.959683,41.467959,63.473341,42.096511,63.722206,1.734943,0.018834,-178.5619,-0.175276,-179.9467,-0.144853,42.520867,63.337802,-179.9467,1.061597,0.572577,1.141100,-1.052909,0.135539,-0.956751,0.621881
630,104.908,A,2,40.418464,62.950925,41.309918,63.559605,41.968002,63.759767,1.339883,-0.384222,-179.5103,-0.185815,179.0806,-0.158460,42.315666,63.287141,179.0806,1.042001,0.586724,1.926763,-1.005748,0.272464,-1.897202,-0.336217
631,105.079,A,2,40.587572,62.956867,41.111317,63.534142,41.689954,63.643820,1.615029,0.192930,179.6052,-0.173913,178.1192,-0.162058,42.104203,63.238001,178.1192,1.036109,0.579906,1.542468,-0.992886,0.296141,-1.516632,-0.281135
632,105.252,A,2,40.929698,62.368089,40.704228,63.076720,41.476205,63.543698,1.222559,1.090440,177.6407,-0.163055,177.2053,-0.155239,41.885236,63.190561,177.2053,1.186482,0.540381,1.260759,-1.181008,-0.113841,-0.955537,-0.822472
633,105.421,A,2,39.544536,63.865741,40.704228,63.076720,41.344725,63.368703,1.140275,0.991473,176.9337,-0.156757,176.3394,-0.145289,41.656559,63.143689,176.3394,0.954683,0.384541,2.232040,-0.952331,-0.066969,-2.112023,0.722052
634,105.579,A,2,39.650800,63.683036,40.466327,63.047213,41.029128,63.439916,1.693750,0.146825,176.5783,-0.153361,175.5281,-0.137628,41.416099,63.096535,175.5281,0.951052,0.517355,1.860179,-0.949772,-0.049322,-1.765299,0.586501
635,105.738,A,2,39.338896,62.867916,39.802245,63.289862,40.773561,63.477100,1.824096,0.166194,175.1625,-0.137231,174.7713,-0.128068,41.163315,63.049208,174.7713,1.382182,0.578793,1.833405,-1.361070,0.240655,-1.824419,-0.181291
636,105.889,A,2,39.654016,63.137020,39.590711,63.201136,40.508267,63.389536,1.549901,0.184833,174.5427,-0.129810,174.0612,-0.121015,40.899683,63.002735,174.0612,1.323922,0.550293,1.252884,-1.308972,0.198401,-1.245667,0.134285
637,106.039,A,2,39.019999,63.060917,39.590711,63.201136,40.328306,63.353370,1.402948,0.149688,173.5591,-0.120787,173.3871,-0.116532,40.627968,62.958412,173.3871,1.065277,0.495771,1.611233,-1.037256,0.242724,-1.607969,0.102504
638,106.209,A,2,39.163294,64.011603,39.400639,63.165162,40.081972,63.311275,1.466456,0.229307,173.0380,-0.115936,172.7431,-0.111685,40.350718,62.916772,172.7431,0.982012,0.477343,1.615125,-0.950079,0.248390,-1.187424,1.094831
639,106.388,A,2,38.684020,64.215958,39.200015,63.296161,39.893476,63.416943,1.483239,-0.465205,173.0380,-0.115953,172.1300,-0.106314,40.069371,62.877136,172.1300,0.965071,0.567741,1.926562,-0.869356,0.419025,-1.385351,1.338822
640,106.559,A,2,38.387994,62.668627,39.013257,63.607636,39.663058,63.541282,1.565077,-0.966981,172.2332,-0.109071,171.5517,-0.098122,39.784240,62.838158,171.5517,1.089271,0.713490,1.406500,-0.770983,0.769478,-1.396245,-0.169531
641,106.724,A,2,37.858055,63.025334,38.775411,63.605758,39.422270,63.420061,1.486737,0.078349,171.7400,-0.103168,171.0108,-0.091048,39.494422,62.798992,171.0108,1.080670,0.625246,1.651947,-0.719011,0.806766,-1.636367,0.226342
642,106.882,A,2,38.667398,62.779868,38.483607,63.375826,39.137654,63.366724,1.492278,0.384348,170.8587,-0.092671,170.5045,-0.085381,39.198069,62.760257,170.5045,0.943070,0.609469,0.531034,-0.714462,0.615569,-0.530671,0.019611
643,107.039,A,2,38.232632,62.255983,38.311353,63.206112,39.014314,63.283140,1.073303,0.677172,170.3715,-0.086757,170.0255,-0.081610,38.893658,62.723685,170.0255,0.756185,0.572318,0.809754,-0.582306,0.482427,-0.661027,-0.467702
644,107.216,A,2,37.370766,63.532790,38.255168,62.937967,38.847289,63.131627,0.930935,1.278883,170.1726,-0.084672,169.5658,-0.080092,38.581153,62.690863,169.5658,0.409056,0.514880,1.474407,-0.325985,0.247104,-1.210386,0.841927
645,107.372,A,2,37.262106,62.593061,38.037238,62.872681,38.578248,63.189772,1.346985,0.536377,169.7968,-0.081957,169.1216,-0.075652,38.262037,62.662190,169.1216,0.307962,0.615086,1.002317,-0.224799,0.210490,-0.999931,-0.069129
646,107.520,A,2,36.420584,62.546707,37.732893,62.899267,38.331299,63.101586,1.425044,0.793487,169.3751,-0.078857,168.6938,-0.073326,37.938420,62.636653,168.6938,0.333478,0.608701,1.520499,-0.205527,0.262614,-1.517836,-0.089946
647,107.688,A,2,37.230202,62.336857,37.364486,62.758080,37.994677,63.018012,1.638168,0.873148,168.4262,-0.071363,168.2850,-0.069044,37.612151,62.612683,168.2850,0.287190,0.557331,0.471132,-0.247665,0.145397,-0.381949,-0.275826
648,107.884,A,2,35.953897,63.216709,37.084226,62.611358,37.825795,62.913903,1.336978,0.985762,168.1012,-0.069025,167.8959,-0.067624,37.284608,62.589314,167.8959,0.201591,0.631063,1.471195,-0.200382,0.022044,-1.330711,0.627395
649,108.052,A,2,35.381253,63.514352,36.814423,62.629343,37.493671,62.955042,1.916376,0.472503,168.1012,-0.069043,167.5162,-0.066308,36.959330,62.569116,167.5162,0.156925,0.659135,1.839510,-0.144907,0.060227,-1.578077,0.945237
650,108.182,A,2,35.475298,62.277981,36.345773,62.869076,37.122897,63.037163,2.402898,-0.083445,167.5846,-0.066802,167.1518,-0.064194,36.632652,62.550777,167.1518,0.428502,0.690588,1.189070,-0.286879,0.318299,-1.157354,-0.272796
651,108.368,A,2,34.458870,62.907653,35.924587,62.896728,36.817621,62.925593,2.251237,0.560304,167.2424,-0.064819,166.8004,-0.061369,36.302342,62.535562,166.8004,0.522628,0.646249,1.880649,-0.377755,0.361166,-1.843472,0.372091
652,108.536,A,2,34.832222,63.048568,35.480209,62.806288,36.404897,62.922385,2.375095,0.453672,166.6313,-0.061427,166.4589,-0.060761,35.966637,62.524643,166.4589,0.562082,0.591836,1.249559,-0.486429,0.281645,-1.134416,0.523925
653,108.693,A,2,34.303756,63.085428,35.060478,62.870561,36.105389,62.941479,2.283117,0.271317,166.3432,-0.060652,166.1267,-0.057974,35.624834,62.518173,166.1267,0.665337,0.640407,1.437715,-0.564355,0.352387,-1.321078,0.567255
654,108.832,A,2,34.467508,62.351193,34.738900,62.953520,35.771270,62.964557,2.459385,0.198178,166.2109,-0.059806,165.8064,-0.054621,35.277341,62.515276,165.8064,0.694246,0.667697,0.826289,-0.538441,0.438244,-0.809833,-0.164083
655,108.989,A,2,33.448455,62.415280,34.467995,62.891066,35.523934,62.875546,2.026490,0.669747,165.9491,-0.057619,165.5061,-0.050479,34.925562,62.514652,165.5061,0.592500,0.698779,1.480446,-0.457567,0.376415,-1.477107,-0.099372
656,109.181,A,2,33.751277,62.784820,34.161682,62.717540,35.136303,62.807231,2.144650,0.960357,165.6775,-0.054511,165.2342,-0.045424,34.571339,62.515563,165.2342,0.456742,0.635810,0.863134,-0.409657,0.201977,-0.820062,0.269257
657,109.362,A,2,33.084140,62.692773,33.843017,62.659417,34.875603,62.803221,1.778923,0.644028,165.0986,-0.045767,164.9831,-0.042621,34.215766,62.518541,164.9831,0.398482,0.718629,1.144961,-0.372749,0.140876,-1.131627,0.174232
658,109.526,A,2,32.120244,62.034919,33.566821,62.670336,34.528389,62.786379,1.867319,0.615297,164.8981,-0.044021,164.7425,-0.042162,33.859001,62.524496,164.7425,0.326556,0.718792,1.806367,-0.292181,0.145840,-1.738758,-0.489577
659,109.681,A,2,31.286701,62.607096,33.134618,62.551451,34.100134,62.674176,2.267049,1.218918,164.8028,-0.043200,164.5078,-0.040429,33.499855,62.533973,164.5078,0.365655,0.616434,2.214362,-0.365237,0.017478,-2.213155,0.073123
660,109.836,A,2,31.977888,62.843923,32.547127,62.448229,33.624176,62.662335,2.799948,1.105073,164.6261,-0.042080,164.2882,-0.034148,33.136195,62.546694,164.2882,0.597241,0.501495,1.195835,-0.589069,-0.098466,-1.158308,0.297229
661,109.987,A,2,31.297117,62.932968,32.085916,62.520839,33.303722,62.687510,2.598009,0.671020,164.3404,-0.038535,164.0973,-0.028434,32.765722,62.561923,164.0973,0.681046,0.552463,1.514753,-0.679806,-0.041083,-1.468606,0.371045
662,110.135,A,2,30.910158,62.879563,31.755741,62.646002,32.930281,62.723623,2.625148,0.388036,164.1575,-0.033446,163.9411,-0.023823,32.386846,62.579250,163.9411,0.634626,0.562285,1.506916,-0.631105,0.066752,-1.476688,0.300312
663,110.299,A,2,30.751052,63.417516,31.376272,62.753246,32.275646,62.845484,2.409377,0.272133,163.9049,-0.025230,163.8130,-0.020632,31.999226,62.598993,163.8130,0.641768,0.370359,1.492622,-0.622954,0.154253,-1.248174,0.818523
664,110.485,A,2,30.008608,63.195203,31.036131,62.919822,32.192130,62.850666,2.584871,-0.145842,163.8379,-0.023878,163.7081,-0.017408,31.604198,62.621460,163.7081,0.641654,0.631030,1.695609,-0.568067,0.298362,-1.595590,0.573743
665,110.650,A,2,29.482558,62.467196,30.673352,63.097716,31.787829,62.907410,2.685382,-0.094263,163.7339,-0.020280,163.6215,-0.013629,31.203749,62.646862,163.6215,0.696125,0.639559,1.730542,-0.530396,0.450854,-1.721191,-0.179666
666,110.812,A,2,29.247223,63.259378,30.230883,63.054836,31.363518,62.848239,2.640627,0.594068,163.6367,-0.016002,163.5475,-0.012333,30.799440,62.674804,163.5475,0.683873,0.590138,1.658645,-0.568558,0.380032,-1.552217,0.584574
667,110.966,A,2,29.181015,63.098067,29.794341,63.018635,30.965447,62.914088,2.444638,0.352957,163.5173,-0.011076,163.4886,-0.008817,30.391968,62.704254,163.4886,0.675272,0.610662,1.273379,-0.597627,0.314381,-1.210952,0.393813
668,111.115,A,2,29.348317,62.618615,29.438123,63.093417,30.615824,62.947546,2.323128,0.356606,163.4747,-0.008806,163.4502,-0.004423,29.982658,62.733754,163.4502,0.652591,0.668286,0.644705,-0.544535,0.359663,-0.634340,-0.115139
669,111.278,A,2,27.936939,62.197368,28.883554,62.816069,30.343730,62.904671,2.158693,1.345394,163.4450,-0.003453,163.4337,-0.000273,29.582838,62.759831,163.4337,0.701541,0.774555,1.739352,-0.699283,0.056238,-1.645898,-0.562463
670,111.428,A,2,28.135476,63.265643,28.474501,62.762064,29.904124,62.803340,2.231943,0.763767,163.4525,0.000453,163.4380,0.003057,29.190909,62.783442,163.4380,0.716726,0.713493,1.160369,-0.716407,-0.021378,-1.055432,0.482201
671,111.577,A,2,27.760499,63.361951,28.154023,62.936042,29.557240,62.873585,2.305144,0.346493,163.4288,0.002705,163.4592,0.003367,28.802341,62.806900,163.4592,0.661055,0.757839,1.180473,-0.648318,0.129142,-1.041842,0.555051
672,111.740,A,2,27.329305,63.425749,28.154023,62.936042,29.206626,62.949648,2.083584,0.313885,163.4652,0.004886,163.4920,0.004077,28.414343,62.832005,163.4920,0.280340,0.800970,1.236867,-0.260320,0.104038,-1.085038,0.593745
673,111.940,A,2,26.323896,63.267545,27.813443,63.107097,28.844355,63.025687,2.207401,0.096220,163.4833,0.005305,163.5330,0.006780,28.027173,62.859054,163.5330,0.327423,0.833998,1.751576,-0.213730,0.248043,-1.703277,0.408491
674,112.120,A,2,26.964728,63.687857,27.359936,63.220812,28.385969,63.068244,2.730688,0.243996,163.5019,0.005781,163.5816,0.008093,27.644076,62.886729,163.5816,0.438573,0.763775,1.050391,-0.284140,0.334082,-0.679349,0.801128
675,112.283,A,2,26.028822,63.140859,26.975679,63.347353,28.088918,63.167707,2.481672,-0.087757,163.5471,0.006981,163.6381,0.012285,27.270024,62.912879,163.6381,0.524792,0.857627,1.261966,-0.294345,0.434474,-1.241202,0.227980
676,112.428,A,2,25.450763,63.774460,26.661910,63.412101,27.698491,63.172350,2.476239,0.299672,163.5804,0.008645,163.7015,0.011729,26.909642,62.935751,163.7015,0.536918,0.823566,1.682783,-0.247733,0.476350,-1.458879,0.838709
677,112.582,A,2,25.355772,63.022635,26.221902,63.465125,27.279265,63.270060,2.453128,0.115557,163.7435,0.012448,163.7700,0.013054,26.564929,62.955054,163.7700,0.614687,0.780708,1.211044,-0.343027,0.510071,-1.209157,0.067582
678,112.756,A,2,25.753203,63.252553,25.803563,63.473509,26.906914,63.242352,2.322829,0.570105,163.8218,0.012571,163.8420,0.014445,26.234521,62.971965,163.8420,0.661264,0.724721,0.557132,-0.430958,0.501543,-0.481318,0.280587
679,112.907,A,2,25.143273,63.626687,25.552713,63.376264,26.649538,63.251134,2.043578,0.619539,163.8218,0.012576,163.9165,0.011184,25.914740,62.988333,163.9165,0.530616,0.780380,1.001328,-0.362026,0.387930,-0.771467,0.638354
680,113.070,A,2,23.688328,63.165941,25.362503,63.401466,26.342858,63.313790,1.978049,0.375002,163.9050,0.012087,163.9931,0.013607,25.601117,63.005778,163.9931,0.462066,0.803150,1.919483,-0.238614,0.395688,-1.912789,0.160163
681,113.252,A,2,23.876072,63.372676,24.937779,63.404387,25.866142,63.298892,2.425188,0.773022,163.9584,0.012564,164.0838,0.017446,25.291368,63.025609,164.0838,0.518168,0.636435,1.457229,-0.353589,0.378778,-1.415296,0.347067
682,113.451,A,2,23.325034,64.205789,24.436297,63.359253,25.485108,63.315502,2.224217,0.697228,164.1754,0.056532,164.5863,0.168435,24.986858,63.050402,164.5863,0.631273,0.564385,2.024000,-0.550561,0.308850,-1.661823,1.155387
683,113.597,A,2,23.577932,64.107198,24.012298,63.508763,25.078212,63.453029,2.537816,0.160211,164.6679,0.098915,165.0094,-0.003385,24.684160,63.073494,165.0094,0.800536,0.547105,1.514030,-0.671862,0.435269,-1.106229,1.033705
684,113.746,A,2,23.149597,63.554234,23.666269,63.756167,24.768735,63.558314,2.545269,-0.145344,164.8794,0.069669,164.8790,0.051358,24.380539,63.095377,164.8790,0.973049,0.604158,1.313685,-0.714270,0.660789,-1.230942,0.458857
685,113.916,A,2,23.228974,63.275144,23.403240,63.824954,24.443307,63.566680,2.306596,0.183059,164.9374,0.021381,165.6425,0.125152,24.098860,63.120192,165.6425,0.990241,0.563912,0.883578,-0.695620,0.704763,-0.869885,0.154952
686,114.087,A,2,22.811101,64.056099,23.175454,63.713895,24.179382,63.530092,1.859013,0.584516,165.2600,0.105953,165.9222,0.034179,23.823489,63.141797,165.9222,0.864434,0.526719,1.364140,-0.648035,0.572098,-1.012388,0.914302
687,114.258,A,2,22.619308,63.751893,22.987132,63.703791,23.895246,63.613218,1.640537,0.222181,166.3584,0.123400,166.6525,0.151979,23.565683,63.165721,166.6525,0.790089,0.555757,1.113204,-0.578551,0.538070,-0.946375,0.586172
688,114.431,A,2,22.676776,62.285267,22.784499,63.777696,23.642809,63.637969,1.546987,0.260299,166.9330,0.096301,167.2144,0.121445,23.313636,63.189557,167.2144,0.791135,0.556263,1.106042,-0.529137,0.588139,-0.636860,-0.904289
689,114.630,A,2,21.946149,63.420063,22.622280,63.513735,23.424864,63.445096,1.145189,1.394056,166.9330,0.096336,168.0312,0.129702,23.067879,63.215861,168.0312,0.535992,0.424249,1.140165,-0.445599,0.297875,-1.121730,0.204203
690,114.825,A,2,21.378167,63.175806,22.421143,63.244128,23.132830,63.438484,1.322728,1.118942,167.6154,0.125635,168.8524,0.149961,22.820670,63.243519,168.8524,0.399528,0.368042,1.444092,-0.399527,0.000609,-1.442504,-0.067712
691,114.991,A,2,21.242958,63.018886,22.096878,63.203826,22.785596,63.393843,1.582658,1.109473,168.5754,0.139723,169.7771,0.169717,22.571406,63.273058,169.7771,0.479552,0.245899,1.352546,-0.474529,-0.069231,-1.328449,-0.254172
692,115.140,A,2,21.560667,63.703390,21.753036,63.115554,22.498073,63.332471,1.667133,1.135949,169.2926,0.154196,170.7801,0.181578,22.320916,63.303991,170.7801,0.598328,0.179431,0.858777,-0.567880,-0.188437,-0.760249,0.399398
693,115.302,A,2,20.131017,63.364775,21.523682,63.152882,22.268245,63.376657,1.391365,0.446531,170.9832,0.179173,171.8588,0.193513,22.072724,63.335784,171.8588,0.578706,0.199747,1.941924,-0.549042,-0.182902,-1.941707,0.028991
694,115.468,A,2,21.676745,63.257672,20.992250,63.262876,21.855529,63.350720,1.331477,0.351733,172.4217,0.195908,173.0062,0.207421,21.831021,63.368043,173.0062,0.845337,0.030012,0.189691,-0.838770,-0.105166,-0.154276,-0.110371
695,115.619,A,2,20.701285,64.226786,20.943148,63.421054,21.783938,63.340366,1.412881,-0.406637,173.5572,0.206000,174.2170,0.215681,21.598247,63.400642,174.2170,0.655417,0.195229,1.219449,-0.655099,0.020412,-0.896962,0.826144
696,115.779,A,2,19.861706,63.863567,20.654844,63.651180,21.557549,63.461534,1.761194,-0.455345,175.0920,0.220520,175.4888,0.227905,21.374198,63.433598,175.4888,0.751540,0.185466,1.572420,-0.719354,0.217581,-1.512492,0.429969
697,115.973,A,2,19.647456,64.813428,20.654844,63.651180,21.241427,63.512870,1.600872,-0.375532,176.1547,0.229592,176.8216,0.239359,21.156420,63.467004,176.8216,0.534321,0.096591,2.022332,-0.501575,0.184176,-1.508964,1.346424
698,116.177,A,2,20.063785,62.780016,20.282589,63.928555,20.938961,63.698485,1.890075,-1.027890,177.2295,0.237967,178.2158,0.250553,20.940725,63.501125,178.2158,0.784754,0.197367,1.135351,-0.658136,0.427430,-0.876939,-0.721109
699,116.359,A,2,19.874843,63.849381,20.028265,63.935519,20.743868,63.556982,1.687807,0.154391,177.7970,0.242586,179.6694,0.257819,20.722782,63.536332,179.6694,0.801065,0.029513,0.903881,-0.694517,0.399187,-0.847939,0.313049
700,116.517,A,2,18.894627,64.120294,19.628476,63.824202,20.552239,63.590634,1.765311,-0.170166,-179.2583,0.261091,-178.8220,0.267062,20.500233,63.572759,-178.8220,0.907295,0.054992,1.696398,-0.871757,0.251442,-1.605606,0.547535
701,116.661,A,2,18.982307,64.074130,19.312624,63.920807,20.063085,63.719212,1.755082,-0.250141,-177.9204,0.268802,-177.2632,0.274742,20.273426,63.610167,-177.2632,1.009771,0.236926,1.371951,-0.960802,0.310639,-1.291119,0.463963
702,116.822,A,2,18.194440,63.498645,19.312624,63.920807,19.996171,63.711363,1.592034,-0.182744,-176.5560,0.275548,-175.6572,0.285714,20.045236,63.648135,-175.6572,0.781710,0.080033,1.856823,-0.732612,0.272672,-1.850796,-0.149490
703,116.991,A,2,18.716647,63.949150,18.974745,63.878219,19.667744,63.669580,1.879644,0.214185,-175.1737,0.282669,-174.0060,0.293059,19.819965,63.686369,-174.0060,0.866719,0.153143,1.134180,-0.845219,0.191850,-1.103318,0.262781
704,117.149,A,2,17.185981,64.102330,18.690607,63.814058,19.464397,63.698761,1.755311,0.075287,-174.3799,0.287315,-172.4264,0.215853,19.599157,63.724399,-172.4264,0.912964,0.137177,2.442591,-0.908550,0.089659,-2.413176,0.377931
705,117.326,A,2,17.949818,65.045779,17.980126,64.104356,19.065353,63.745722,1.888351,-0.998392,-171.4257,0.243911,-171.2532,0.271876,19.379974,63.758798,-171.2532,1.441868,0.314892,1.923972,-1.399848,0.345559,-1.430156,1.286981
706,117.516,A,2,16.979084,63.335836,17.681466,64.149240,18.567402,63.841437,2.217712,-0.092935,-170.1597,0.324775,-169.2877,0.345894,19.160103,63.796606,-169.2877,1.520105,0.594393,2.229159,-1.478637,0.352634,-2.181018,-0.460769
707,117.687,A,2,17.092527,63.816569,17.681466,64.149240,18.294375,63.827338,2.006254,-0.023099,-168.6423,0.280732,-167.8987,0.147163,18.937953,63.829271,-167.8987,1.296588,0.643581,1.845470,-1.256487,0.319968,-1.845426,-0.012702
708,117.845,A,2,17.917392,64.603702,17.341874,63.951726,18.224441,63.813657,1.948786,0.104508,-167.6266,0.217505,-166.6149,0.305610,18.710574,63.862175,-166.6149,1.371627,0.488548,1.085817,-1.368700,0.089551,-0.793182,0.741527
709,118.008,A,2,16.385594,64.219457,17.250540,64.016660,18.115242,63.917097,1.322630,-0.389515,-167.1512,0.239780,-165.1079,0.173945,18.475630,63.896042,-165.1079,1.231013,0.361003,2.114911,-1.225090,0.120618,-2.090036,0.323416
710,118.174,A,2,16.487854,62.770009,17.108171,64.142493,17.799240,63.949969,1.599054,-0.466510,-165.3661,0.228915,-163.9430,0.268739,18.233478,63.923855,-163.9430,1.146351,0.435023,2.092502,-1.125308,0.218638,-1.745625,-1.153846
711,118.328,A,2,16.795154,64.004058,16.800241,63.911028,17.545108,63.762111,1.852116,0.644109,-164.3961,0.233521,-162.7345,0.210940,17.986441,63.947698,-162.7345,1.186767,0.478767,1.192620,-1.186201,-0.036670,-1.191287,0.056360
712,118.490,A,2,16.005704,62.871318,16.640939,63.687845,17.374786,63.780483,1.284413,0.306662,-162.2366,0.214771,-161.5406,0.183572,17.737177,63.967582,-161.5406,1.131366,0.407840,2.049340,-1.096237,-0.279737,-1.731473,-1.096264
713,118.653,A,2,15.789965,63.609451,16.472395,63.539268,17.115946,63.628008,1.556618,0.785013,-161.0949,0.201199,-160.4172,0.191776,17.487916,63.984629,-160.4172,1.108887,0.515307,1.738907,-1.015522,-0.445362,-1.697951,-0.375178
714,118.841,A,2,15.999463,63.682822,16.211251,63.367051,16.863460,63.604029,1.653079,0.432227,-160.5743,0.197162,-159.3519,0.180172,17.239758,64.001045,-159.3519,1.208211,0.547011,1.280467,-1.028507,-0.633993,-1.240294,-0.318223
715,119.012,A,2,15.815737,63.697323,16.026062,63.394923,16.679728,63.594876,1.360253,0.122552,-159.7490,0.188592,-158.3411,0.171813,16.992730,64.017791,-158.3411,1.149962,0.526144,1.219841,-0.966668,-0.622869,-1.176993,-0.320468
716,119.167,A,2,15.735355,64.453214,15.904122,63.451472,16.497925,63.590087,1.157098,-0.121152,-158.5298,0.177027,-157.3796,0.163654,16.745617,64.033690,-157.3796,1.023275,0.508070,1.093906,-0.841495,-0.582218,-1.010263,0.419523
717,119.319,A,2,15.351074,63.040614,15.789747,63.645809,16.332387,63.699665,0.709385,-0.738501,-156.9501,0.164051,-156.4587,0.156580,16.496613,64.046188,-156.4587,0.812381,0.383468,1.524283,-0.706866,-0.400379,-1.145539,-1.005574
718,119.485,A,2,15.723996,64.683402,15.643568,63.685650,16.136772,63.586446,1.006300,-0.170551,-156.1635,0.158302,-155.5704,0.151092,16.244460,64.053212,-155.5704,0.704396,0.479027,0.817326,-0.600892,-0.367563,-0.520464,0.630190
719,119.652,A,2,14.614136,63.955315,15.541288,63.754512,16.025898,63.732627,0.502287,-0.941559,-155.8092,0.155605,-154.7120,0.145667,15.988944,64.054432,-154.7120,0.538839,0.323920,1.378376,-0.447656,-0.299919,-1.374808,-0.099117
720,119.804,A,2,14.364525,63.296759,15.366325,63.967746,15.769369,63.753311,0.900118,-0.979120,-155.1327,0.151391,-153.8855,0.140520,15.730741,64.051248,-153.8855,0.373861,0.300430,1.560705,-0.364417,-0.083501,-1.366216,-0.754489
721,119.957,A,2,14.349101,63.842755,15.030082,63.878920,15.512787,63.673390,1.419218,-0.498293,-154.0212,0.143484,-153.1493,0.075189,15.471735,64.045201,-153.1493,0.471918,0.374071,1.140742,-0.441653,-0.166281,-1.122634,-0.202446
722,120.144,A,2,13.886334,63.913414,14.734243,63.776437,15.290684,63.684995,1.305078,-0.514470,-153.0205,0.062656,-153.0106,0.070678,15.224122,64.039200,-153.0106,0.555902,0.360405,1.343689,-0.489880,-0.262763,-1.337789,-0.125786
723,120.345,A,2,13.581152,64.251726,14.446661,63.801869,15.032454,63.706451,1.420800,-0.678937,-152.6297,0.127996,-152.1451,0.204717,14.979024,64.036745,-152.1451,0.581874,0.334588,1.414306,-0.532363,-0.234876,-1.397871,0.214981
724,120.496,A,2,13.325785,62.495272,14.123207,63.895903,14.765838,63.775928,1.503933,-1.095929,-152.6297,0.127986,-151.6128,-0.007086,14.745192,64.034608,-151.6128,0.637263,0.259503,2.093866,-0.621985,-0.138706,-1.419407,-1.539337
725,120.656,A,2,13.364588,64.156330,13.536891,63.551954,14.500224,63.575501,1.682534,-0.595505,-151.4921,0.060437,-151.5119,0.094854,14.519926,64.028922,-151.5119,1.092637,0.453849,1.162342,-0.983035,-0.476967,-1.155338,0.127408
726,120.807,A,2,13.116829,63.577983,13.326023,63.625170,14.278560,63.647620,1.610121,-0.535324,-151.1942,0.074659,-151.0558,-0.004102,14.292243,64.020418,-151.0558,1.043936,0.373049,1.255925,-0.966220,-0.395248,-1.175414,-0.442434
727,120.964,A,2,13.244172,63.870180,13.326023,63.625170,14.053270,63.625904,1.457277,-0.478276,-151.0296,0.022142,-151.0633,0.023436,14.068288,64.006567,-151.0633,0.834519,0.380960,0.835326,-0.742265,-0.381398,-0.824116,-0.136388
728,121.120,A,2,13.334532,63.580814,13.165498,63.642121,13.891221,63.653404,1.156780,-0.585023,-151.0083,0.026676,-150.9749,0.008262,13.841997,63.990364,-150.9749,0.760871,0.340536,0.652113,-0.676499,-0.348243,-0.507465,-0.409550
729,121.276,A,2,12.729229,63.130955,13.099949,63.661300,13.748700,63.631831,1.003000,-0.418302,-150.9738,0.008446,-150.3074,0.204238,13.615447,63.979571,-150.3074,0.605834,0.372397,1.227001,-0.515498,-0.318271,-0.886219,-0.848615
730,121.447,A,2,12.025305,63.348832,12.997574,63.546910,13.548962,63.547584,1.217851,-0.097070,-150.7599,0.087159,-150.0843,-0.077205,13.396022,63.964390,-150.0843,0.577105,0.443980,1.502589,-0.398448,-0.417480,-1.370716,-0.615558
731,121.634,A,2,11.930543,63.692971,12.737096,63.416868,13.274175,63.507007,1.486949,-0.244687,-150.0248,0.006237,-150.3217,0.052385,13.179762,63.945583,-150.3217,0.689560,0.448623,1.274504,-0.442666,-0.528715,-1.249219,-0.252612
732,121.807,A,2,11.302764,63.836497,12.423996,63.421295,13.024295,63.523676,1.303904,-0.536874,-149.9372,0.097383,-149.6014,0.105970,12.974077,63.939005,-149.6014,0.755389,0.418354,1.674454,-0.550081,-0.517710,-1.671314,-0.102508
733,121.987,A,2,11.043617,63.546106,12.081407,63.521477,12.716981,63.560306,1.425835,-0.937171,-149.6832,0.077956,-149.4349,-0.001256,12.770563,63.925907,-149.4349,0.799062,0.369506,1.768217,-0.689156,-0.404431,-1.726946,-0.379801
734,122.169,A,2,11.341327,63.680085,11.412426,63.594827,12.414396,63.549797,1.509443,-1.014026,-149.0698,0.101302,-148.8894,0.144166,12.571439,63.917635,-148.8894,1.203127,0.399959,1.252839,-1.159012,-0.322808,-1.230112,-0.237550
735,122.344,A,2,11.132839,63.175281,11.230393,63.538111,12.199475,63.560781,1.558258,-0.605017,-148.5477,0.094003,-148.3286,0.093521,12.370555,63.908411,-148.3286,1.198787,0.387446,1.438548,-1.140161,-0.370300,-1.237716,-0.733130
736,122.514,A,2,10.437487,64.177132,10.980244,63.579892,11.986385,63.495240,1.362755,-1.185417,-148.0500,0.107007,-147.6848,0.149073,12.166117,63.898904,-147.6848,1.228033,0.441869,1.750878,-1.185873,-0.319012,-1.728630,0.278228
737,122.682,A,2,10.064029,63.708609,10.980244,63.579892,11.701775,63.587370,1.244666,-1.056602,-147.4341,0.118538,-146.9756,0.125940,11.958067,63.888127,-146.9756,1.025254,0.395146,1.902526,-0.977823,-0.308234,-1.894038,-0.179517
738,122.906,A,2,9.846183,64.397584,10.645481,63.707595,11.402395,63.598319,1.413074,-1.102383,-146.7402,0.138866,-146.1473,0.137245,11.748768,63.877090,-146.1473,1.116231,0.444621,1.972497,-1.103287,-0.169496,-1.902586,0.520493
739,123.105,A,2,9.448809,63.279287,10.312761,63.843844,11.113381,63.710526,1.308262,-1.642893,-146.4027,0.134890,-145.2491,0.164373,11.541190,63.865927,-145.2491,1.228627,0.455160,2.173064,-1.228429,-0.022083,-2.092381,-0.586640
740,123.302,A,2,10.392495,63.207753,9.979413,63.865383,10.807323,63.641338,1.758988,-1.123686,-145.6008,0.153014,-144.2774,0.177520,11.337920,63.856315,-144.2774,1.358537,0.572493,1.146500,-1.358506,0.009067,-0.945425,-0.648563
741,123.471,A,2,9.733846,64.587751,9.822910,63.658407,10.686605,63.569190,1.489347,-0.403038,-144.8543,0.164454,-143.2358,0.187656,11.139685,63.849929,-143.2358,1.330631,0.533007,1.587692,-1.316775,-0.191522,-1.405840,0.737822
742,123.654,A,2,9.946944,63.844304,9.778172,63.723834,10.489247,63.711607,0.785965,-0.917904,-142.9704,0.185273,-142.1336,0.197122,10.945137,63.847416,-142.1336,1.173491,0.475689,0.998198,-1.166966,-0.123582,-0.998193,-0.003113
743,123.842,A,2,9.252911,63.875385,9.706415,63.892069,10.354478,63.725544,0.622441,-0.690817,-141.8897,0.194471,-140.9772,0.206310,10.751773,63.847886,-140.9772,1.046291,0.415705,1.499114,-1.045357,0.044183,-1.498861,0.027499
744,124.038,A,2,8.999480,63.445276,9.597114,63.895122,10.139045,63.741603,0.781241,-0.763620,-141.4408,0.198451,-139.7675,0.214868,10.557295,63.849156,-139.7675,0.961280,0.431857,1.609319,-0.960181,0.045966,-1.557815,-0.403880
745,124.254,A,2,9.440364,64.442762,9.384259,63.818581,9.918533,63.690590,1.110383,-0.518455,-140.4654,0.207382,-138.5010,0.226754,10.360686,63.848833,-138.5010,0.976896,0.469617,1.095328,-0.976427,-0.030253,-0.920322,0.593928
746,124.472,A,2,9.070003,63.268838,9.259161,63.855349,9.796636,63.794191,0.529672,-0.801754,-138.8941,0.219718,-137.1741,0.238905,10.162505,63.845685,-137.1741,0.903396,0.369475,1.235441,-0.903344,0.009664,-1.092502,-0.576848
747,124.662,A,2,8.625032,64.159757,9.187113,63.852154,9.640936,63.709450,0.819361,-0.260846,-136.6419,0.238072,-135.7876,0.248430,9.964435,63.840448,-135.7876,0.777410,0.349016,1.376938,-0.777322,0.011707,-1.339403,0.319310
748,124.850,A,2,7.674179,64.698207,9.023987,63.797107,9.443507,63.767056,0.702521,-0.614783,-135.4347,0.247217,-134.3471,0.257075,9.768463,63.835550,-134.3471,0.745468,0.332096,2.264995,-0.744476,-0.038442,-2.094284,0.862657
749,125.022,A,2,8.625540,63.549609,8.700304,64.007731,9.133510,63.896961,0.701075,-1.498014,-134.8206,0.250800,-132.8598,0.264602,9.576103,63.833821,-132.8598,0.892899,0.447074,0.992142,-0.875799,0.173910,-0.950562,-0.284212
750,125.190,A,2,8.243517,63.484956,8.447963,64.062526,9.008928,63.839185,0.911135,-0.859952,-133.6151,0.256802,-131.3312,0.270794,9.387938,63.836879,-131.3312,0.966680,0.379017,1.197310,-0.939975,0.225648,-1.144421,-0.351923
751,125.367,A,2,7.490691,63.585712,8.346571,63.879875,8.849118,63.777749,1.130946,-0.514916,-131.5693,0.266618,-129.7635,0.277641,9.203635,63.844309,-129.7635,0.857801,0.360711,1.732354,-0.857063,0.035566,-1.712944,-0.258597
752,125.572,A,2,7.599206,63.006463,8.120943,63.735845,8.602563,63.737664,1.259285,-0.525699,-128.9792,0.278143,-128.1562,0.282938,9.022223,63.854002,-128.1562,0.908992,0.435487,1.656291,-0.901280,-0.118157,-1.423017,-0.847539
753,125.795,A,2,7.591990,63.791183,7.694531,63.430817,8.408430,63.615463,1.257379,-0.505556,-126.9837,0.286953,-126.5076,0.290498,8.842413,63.863187,-126.5076,1.226612,0.499708,1.252494,-1.147882,-0.432370,-1.250423,-0.072004
754,125.974,A,2,7.330228,63.336557,7.544918,63.418771,8.242581,63.624753,1.249256,-0.474773,-125.6480,0.292870,-124.8171,0.298188,8.662996,63.869714,-124.8171,1.205591,0.486575,1.435454,-1.118078,-0.450944,-1.332768,-0.533158
755,126.123,A,2,7.447707,63.787061,7.424634,63.422968,7.975103,63.597296,0.801984,-0.585523,-123.3937,0.301016,-123.0866,0.304198,8.483380,63.873005,-123.0866,1.150424,0.578239,1.039233,-1.058745,-0.450037,-1.035673,-0.085944
756,126.312,A,2,7.506412,62.583455,7.372117,63.302578,7.869107,63.436492,1.226420,-0.033716,-121.9815,0.306052,-121.3194,0.309826,8.303963,63.874183,-121.3194,1.093192,0.616987,1.517256,-0.931846,-0.571605,-0.797551,-1.290727
757,126.480,A,2,6.677142,62.798402,7.372117,63.302578,7.835749,63.419182,1.108972,0.003719,-120.4438,0.310442,-119.5190,0.316187,8.126058,63.875432,-119.5190,0.946885,0.540781,1.805368,-0.753942,-0.572855,-1.448917,-1.077030
758,126.656,A,2,6.436458,63.733713,7.232235,63.039158,7.628518,63.306429,1.341764,-0.124203,-118.7236,0.316543,-117.6874,0.321362,7.951272,63.878878,-117.6874,1.105506,0.657167,1.521754,-0.719037,-0.839720,-1.514814,-0.145165
759,126.846,A,2,6.393397,63.252465,6.750287,63.155726,7.407510,63.341589,0.818662,-0.874365,-116.4088,0.324615,-115.8260,0.330423,7.780627,63.885547,-115.8260,1.262631,0.659626,1.524861,-1.030339,-0.729821,-1.387230,-0.633083
760,127.051,A,2,6.448292,63.137206,6.577920,63.142904,7.108094,63.281666,0.777808,-0.813041,-114.7326,0.329810,-113.9359,0.335941,7.614017,63.895037,-113.9359,1.280313,0.795098,1.390404,-1.036097,-0.752133,-1.165725,-0.757830
761,127.315,A,2,6.946429,62.979385,6.540356,63.088571,7.067271,63.258294,0.670882,-0.417390,-112.9976,0.334790,-112.0187,0.338879,7.450227,63.905759,-112.0187,1.222973,0.752241,1.054506,-0.909872,-0.817188,-0.503799,-0.926375
762,127.493,A,2,6.939789,62.867856,6.540356,63.088571,7.013425,63.194361,0.618911,-0.356514,-111.1147,0.338852,-110.0767,0.342565,7.287424,63.915433,-110.0767,1.114366,0.771375,1.103752,-0.747068,-0.826862,-0.347635,-1.047577
763,127.656,A,2,6.553156,62.711423,6.615338,62.895448,6.970599,63.123163,0.712991,-0.047189,-108.7271,0.343355,-108.1124,0.347243,7.124094,63.921874,-108.1124,1.145593,0.813326,1.338343,-0.508756,-1.026427,-0.570938,-1.210451
764,127.810,A,2,6.376894,63.919925,6.555210,63.007710,6.808102,63.165690,-0.166769,-0.426825,-106.9936,0.319471,-106.2737,0.250249,6.961143,63.922344,-106.2737,1.000668,0.771976,0.584255,-0.405934,-0.914634,-0.584250,-0.002419
765,127.967,A,2,5.795705,63.299679,6.397530,63.209577,6.778615,63.145793,-0.083572,-0.761249,-105.6307,0.272183,-104.8530,0.321647,6.804671,63.919947,-104.8530,0.818773,0.774593,1.184375,-0.407141,-0.710370,-1.008965,-0.620268
766,128.135,A,2,6.493064,63.830987,6.286796,63.352546,6.590021,63.247104,-0.529238,-0.670560,-103.1868,0.364032,-102.5959,0.386128,6.639675,63.920044,-102.5959,0.668265,0.674769,0.171540,-0.352879,-0.567498,-0.146612,-0.089057
767,128.314,A,2,5.465760,62.955998,6.286796,63.352546,6.561710,63.231868,-0.457729,-0.621924,-101.4782,0.280448,-100.9931,0.183236,6.486036,63.918646,-100.9931,0.600139,0.690935,1.402731,-0.199240,-0.566100,-1.020276,-0.962649
768,128.536,A,2,5.201925,63.081697,6.151228,63.394328,6.373983,63.175410,0.107239,-0.837758,-100.2285,0.283919,-99.4035,0.361404,6.335916,63.920091,-99.4035,0.557258,0.745654,1.410262,-0.184688,-0.525763,-1.133990,-0.838394
769,128.731,A,2,5.673305,63.223852,5.656314,63.227939,6.173460,63.144416,0.370448,-0.983942,-97.9690,0.259299,-97.6937,0.201228,6.185907,63.924417,-97.6937,0.874956,0.780100,0.868074,-0.529592,-0.696477,-0.512602,-0.700565
770,128.891,A,2,5.170097,64.402731,5.515219,63.421965,6.070762,63.139156,-0.545510,-1.218301,-96.6617,0.289017,-96.1932,0.310021,6.038981,63.929493,-96.1932,0.729322,0.790976,0.989400,-0.523762,-0.507528,-0.868883,0.473238
771,129.059,A,2,5.208838,63.878970,5.348108,63.690736,5.807721,63.392077,-0.603816,-1.186474,-95.3416,0.251503,-94.8169,0.263794,5.893057,63.933812,-94.8169,0.596704,0.548415,0.686414,-0.544949,-0.243076,-0.684219,-0.054843
772,129.218,A,2,5.137537,63.094822,5.348108,63.690736,5.774740,63.383477,-0.518973,-1.085707,-94.1488,0.240139,-93.4372,0.244398,5.746881,63.935817,-93.4372,0.468065,0.553042,1.038544,-0.398773,-0.245081,-0.609345,-0.840995
773,129.395,A,2,5.310771,62.927118,5.216202,63.658421,5.650693,63.331565,0.065158,-0.956900,-93.0230,0.231408,-92.1456,0.219643,5.602771,63.934245,-92.1456,0.474884,0.604582,1.048603,-0.386569,-0.275824,-0.292000,-1.007127
774,129.575,A,2,4.724151,61.650587,5.141320,63.447397,5.571571,63.261174,0.549332,-0.757337,-92.4997,0.227309,-90.9135,0.210892,5.461346,63.929630,-90.9135,0.578762,0.677483,2.395307,-0.320026,-0.482233,-0.737195,-2.279044
775,129.783,A,2,3.473084,64.098548,4.702395,62.890796,5.419955,63.009510,0.455041,-1.464157,-90.0208,0.208218,-89.7382,0.203961,5.322649,63.923655,-89.7382,1.204788,0.919310,1.857815,-0.620254,-1.032859,-1.849565,0.174893
776,129.970,A,2,4.557481,62.935138,4.424500,63.042761,5.103181,63.151598,0.513833,-1.184889,-89.0553,0.199700,-88.6211,0.190967,5.185872,63.918335,-88.6211,1.160309,0.771183,1.166855,-0.761372,-0.875574,-0.628391,-0.983197
777,130.156,A,2,4.048891,63.804444,4.424500,63.042761,4.989708,63.104927,0.485145,-1.061840,-88.0466,0.190053,-87.5638,0.178457,5.050005,63.915062,-87.5638,1.073389,0.812375,1.007206,-0.625505,-0.872300,-1.001113,-0.110618
778,130.350,A,2,4.439733,63.187184,4.301845,63.127463,4.817932,63.193770,-0.156325,-1.094026,-87.2244,0.180551,-86.5653,0.169357,4.914566,63.914129,-86.5653,0.997131,0.726811,0.868283,-0.612721,-0.786665,-0.474833,-0.726945
779,130.531,A,2,4.028534,62.723152,4.144065,63.146204,4.729204,63.181105,0.339491,-0.869359,-86.0615,0.168726,-85.5146,0.158072,4.780311,63.910226,-85.6238,0.994252,0.730910,1.405103,-0.636246,-0.764022,-0.751777,-1.187074
780,130.677,A,2,4.065798,63.015687,4.055735,63.034853,4.594480,63.101353,0.320038,-0.748889,-84.9649,0.156993,-84.7366,0.152193,4.648990,63.895147,-84.7366,1.045016,0.795664,1.055255,-0.593255,-0.860294,-0.583192,-0.879460
781,130.840,A,2,3.539572,63.603800,3.928722,63.107878,4.485561,63.075413,-0.205518,-0.859806,-84.2817,0.150383,-83.8972,0.144049,4.521392,63.869529,-83.8972,0.965075,0.794924,1.017144,-0.592670,-0.761651,-0.981819,-0.265729
782,131.024,A,2,4.060833,62.281055,3.928722,63.107878,4.314958,63.140862,-0.174396,-0.779808,-83.5254,0.142879,-83.1027,0.136728,4.397474,63.835111,-83.1027,0.865215,0.699136,1.590100,-0.468753,-0.727233,-0.336641,-1.554056
783,131.213,A,2,3.965708,63.495905,3.836143,63.039466,4.246973,63.002334,0.528920,-0.619250,-82.8667,0.137010,-82.3532,0.127529,4.276497,63.794008,-82.3532,0.873640,0.792224,0.430645,-0.440354,-0.754543,-0.310788,-0.298103
784,131.432,A,2,4.061402,62.954041,3.839560,62.968894,4.176612,63.062415,-0.002598,-0.450768,-82.5035,0.132660,-81.7035,0.121079,4.181264,63.757497,-81.7861,0.859451,0.695097,0.812348,-0.341704,-0.788603,-0.119862,-0.803456
785,131.604,A,2,4.424388,63.335448,3.950962,63.071199,4.132740,63.035735,-0.130882,0.093446,-81.2976,0.118499,-80.9878,0.111768,4.040733,63.697444,-80.9878,0.632646,0.668075,0.527477,-0.089771,-0.626245,0.383655,-0.361996
786,131.792,A,2,3.724838,62.915601,3.981838,63.090784,4.150668,63.070004,0.033353,-0.108285,-80.6782,0.112002,-80.3651,0.104791,3.926477,63.641809,-80.3651,0.553799,0.614183,0.753681,0.055361,-0.551025,-0.201640,-0.726207
787,131.957,A,2,3.755797,62.923953,3.981838,63.090784,4.067043,63.038998,0.031150,-0.097567,-79.9393,0.104159,-79.7746,0.101266,3.816005,63.579564,-79.7746,0.516146,0.596013,0.658370,0.165834,-0.488780,-0.060207,-0.655611
788,132.120,A,2,2.526429,62.821540,3.907289,63.032034,3.787059,62.985633,0.109461,-0.188242,-79.7040,0.102717,-79.2110,0.096503,3.710169,63.509281,-79.2110,0.516354,0.529263,1.369025,0.197120,-0.477248,-1.183740,-0.687742
789,132.298,A,2,2.717531,63.794887,3.317860,63.074530,3.765530,62.977638,-0.627449,-1.050031,-78.7979,0.094752,-78.6719,0.091791,3.609097,63.430153,-78.6719,0.459660,0.478791,0.963287,-0.291237,-0.355623,-0.891566,0.364734
790,132.459,A,2,2.758755,62.449014,3.075196,63.093835,3.470678,62.996382,0.036443,-1.236133,-78.3624,0.089778,-78.1578,0.086352,3.512264,63.342389,-78.1578,0.502800,0.348497,1.168715,-0.437068,-0.248555,-0.753509,-0.893375
791,132.652,A,2,2.907871,62.398394,2.921662,62.857113,3.440359,62.987421,0.465113,-1.173156,-77.9332,0.086569,-77.6690,0.083201,3.418972,63.247292,-77.6690,0.632105,0.260749,0.990885,-0.497310,-0.390178,-0.511101,-0.848898
792,132.832,A,2,2.752774,63.506657,2.921662,62.857113,3.329436,62.890163,0.429257,-1.056891,-77.3322,0.081924,-77.2045,0.079679,3.328848,63.146831,-77.2045,0.499737,0.256668,0.679217,-0.407186,-0.289718,-0.576073,0.359826
793,133.019,A,2,2.853775,61.885698,2.819136,62.860120,3.215839,62.973062,-0.188562,-0.862196,-76.9796,0.079498,-76.7615,0.074401,3.242037,63.042768,-76.7615,0.460657,0.074466,1.220475,-0.422900,-0.182648,-0.388261,-1.157070
794,133.190,A,2,2.835697,63.421001,2.747079,62.779227,3.140657,62.804198,0.671699,-0.932828,-76.9796,0.079510,-76.3367,0.072434,3.159009,62.935786,-76.3367,0.440678,0.132862,0.583065,-0.411931,-0.156559,-0.323313,0.485214
795,133.357,A,2,1.970147,61.810623,2.718508,62.707986,3.065300,62.883905,-0.079551,-0.578827,-76.4435,0.075239,-75.9279,0.069388,3.080136,62.825291,-75.9279,0.380178,0.060462,1.503871,-0.361628,-0.117305,-1.109989,-1.014668
796,133.519,A,2,2.532414,61.730857,2.579131,62.647727,2.877152,62.714447,0.622257,-1.064176,-76.0918,0.072531,-75.5348,0.067851,3.005414,62.709849,-75.5348,0.430786,0.128344,1.087269,-0.426283,-0.062122,-0.473000,-0.978992
797,133.681,A,2,2.331625,61.830049,2.430962,62.306173,2.799872,62.554591,0.986550,-0.887866,-75.2715,0.066384,-75.1590,0.065003,2.934568,62.587831,-75.1590,0.577018,0.138737,0.968387,-0.503606,-0.281657,-0.602943,-0.757782
798,133.864,A,2,2.019973,62.115085,2.378333,62.051524,2.705417,62.430421,1.048360,-0.855468,-75.0913,0.064675,-74.8013,0.059983,2.867395,62.458131,-74.8013,0.636012,0.164331,0.914223,-0.489062,-0.406607,-0.847422,-0.343046
799,134.061,A,2,3.199676,61.599366,2.274166,61.941757,2.578993,62.365733,0.773840,-0.918844,-74.9223,0.063274,-74.4608,0.057866,2.803968,62.320769,-74.4608,0.651414,0.229424,0.822804,-0.529803,-0.379012,0.395707,-0.721403
800,134.267,A,2,2.437515,62.345759,2.455722,61.824029,2.647899,62.233863,0.396058,-0.150423,-74.2236,0.057000,-74.1348,0.056070,2.744487,62.176972,-74.1348,0.456019,0.112097,0.350315,-0.288764,-0.352943,-0.306972,0.168787
801,134.436,A,2,1.996986,61.753504,2.382057,61.858492,2.510375,62.162451,0.373140,-0.390854,-73.9703,0.055134,-73.8215,0.053979,2.688948,62.028614,-73.8215,0.350890,0.223161,0.744646,-0.306891,-0.170122,-0.691963,-0.275110
802,134.604,A,2,2.671898,62.060104,2.382057,61.858492,2.489662,62.143385,0.339180,-0.351486,-73.7245,0.053351,-73.5205,0.052161,2.636968,61.877252,-73.5205,0.255600,0.304180,0.186159,-0.254910,-0.018760,0.034930,0.182852
803,134.763,A,2,2.516787,61.501269,2.357626,61.848296,2.498291,62.113622,0.165440,-0.082117,-73.4450,0.051666,-73.2336,0.047414,2.587901,61.723399,-73.2336,0.261966,0.400379,0.233236,-0.230275,0.124897,-0.071114,-0.222130
804,134.917,A,2,1.701726,61.106766,2.418880,61.803698,2.485227,62.005991,0.448868,-0.097579,-73.3358,0.050620,-72.9630,0.046647,2.541195,61.566502,-72.9630,0.266876,0.443039,0.957114,-0.122315,0.237196,-0.839470,-0.459736
805,135.067,A,2,2.160086,60.543129,2.324935,61.604435,2.354120,61.854211,0.732331,-0.596757,-73.1107,0.048461,-72.7099,0.040050,2.496735,61.405351,-72.7099,0.262963,0.470972,0.925612,-0.171800,0.199084,-0.336649,-0.862222
806,135.225,A,2,1.347608,60.259165,2.194584,61.284017,2.309522,61.638610,1.301728,-0.739908,-72.7818,0.044955,-72.4733,0.040740,2.454995,61.238586,-72.4733,0.264344,0.425654,1.478368,-0.260411,0.045431,-1.107387,-0.979421
807,135.408,A,2,2.354283,59.750548,2.038289,60.895536,2.151171,61.408901,1.426901,-1.108846,-72.3665,0.039401,-72.2502,0.039626,2.416767,61.065267,-72.2502,0.414794,0.434310,1.316203,-0.378478,-0.169731,-0.062484,-1.314719
808,135.611,A,2,2.885226,60.401112,1.947115,60.473621,2.164689,61.133851,1.927958,-0.935959,-72.1439,0.037966,-72.0381,0.036715,2.382546,60.885334,-72.0381,0.599256,0.330489,0.697967,-0.435431,-0.411713,0.502680,-0.484222
809,135.779,A,2,1.824349,60.205250,2.184311,60.113038,2.258265,60.992816,1.356038,-0.483375,-71.9029,0.036295,-71.8367,0.032923,2.352083,60.699667,-71.8367,0.610148,0.307796,0.723153,-0.167772,-0.586629,-0.527734,-0.494416
810,135.942,A,2,1.929026,59.582042,2.097423,59.935113,2.147054,60.660837,1.453352,-0.617279,-71.7445,0.033746,-71.6477,0.033170,2.324469,60.509690,-71.6477,0.617809,0.233070,1.008418,-0.227045,-0.574577,-0.395443,-0.927648
811,136.105,A,2,2.156341,58.668988,2.075108,59.552307,2.138753,60.340061,2.067016,-0.741874,-71.5198,0.032199,-71.4735,0.030883,2.298713,60.316718,-71.4735,0.796444,0.161654,1.653869,-0.223604,-0.764411,-0.142372,-1.647730
812,136.266,A,2,1.912643,59.183234,2.056959,59.211868,2.097709,60.135403,1.772472,-0.727699,-71.3834,0.029217,-71.3141,0.026282,2.274343,60.121462,-71.3141,0.935210,0.177184,1.005534,-0.217384,-0.909594,-0.361701,-0.938228
813,136.433,A,2,1.709080,59.515208,2.056959,59.211868,2.088136,60.090732,1.636356,-0.667579,-71.2444,0.026062,-71.1680,0.023419,2.251590,59.923898,-71.1680,0.738152,0.233561,0.679224,-0.194630,-0.712030,-0.542510,-0.408690
814,136.594,A,2,1.110283,58.797089,1.793282,59.043402,2.023005,59.964297,1.048658,-1.061452,-71.1163,0.023874,-71.0320,0.023126,2.231163,59.723331,-71.0320,0.808730,0.318425,1.454062,-0.437881,-0.679929,-1.120880,-0.926242
815,136.760,A,2,2.127413,59.242238,1.709530,58.954128,1.913736,59.677215,0.722211,-0.577986,-70.9474,0.022147,-70.9035,0.021784,2.213837,59.518600,-70.9035,0.756938,0.339440,0.289560,-0.504307,-0.564473,-0.086424,-0.276362
816,136.936,A,2,1.597924,59.415122,1.723565,59.020060,1.902999,59.634533,0.235842,-0.451866,-70.8422,0.020998,-70.7815,0.021298,2.200003,59.308596,-70.7815,0.556998,0.440961,0.611431,-0.476439,-0.288536,-0.602080,0.106525
817,137.105,A,2,2.417362,58.352314,1.723565,59.020060,1.847801,59.563126,0.214035,-0.408006,-70.6991,0.020443,-70.6666,0.020737,2.189485,59.092891,-70.6666,0.471578,0.581265,0.774843,-0.465920,-0.072830,0.227877,-0.740577
818,137.278,A,2,1.926153,58.051734,1.787281,58.932923,1.923160,59.346407,0.790268,-0.179033,-70.6506,0.020188,-70.5596,0.017336,2.181725,58.872053,-70.5596,0.399113,0.540248,0.859209,-0.394444,0.060870,-0.255572,-0.820319
819,137.434,A,2,1.076453,58.026784,1.894712,58.632969,1.917390,59.115469,1.267649,-0.329099,-70.5984,0.019944,-70.4601,0.017374,2.176205,58.647437,-70.4601,0.281864,0.534826,1.262800,-0.281493,-0.014468,-1.099751,-0.620653
820,137.592,A,2,1.799857,57.775281,1.782832,58.353174,1.786262,58.913351,1.235905,-0.806074,-70.4750,0.018066,-70.3661,0.017258,2.172759,58.420555,-70.3661,0.395707,0.626281,0.745275,-0.389928,-0.067381,-0.372902,-0.645274
821,137.749,A,2,1.636369,57.852951,1.670856,58.106732,1.781539,58.711743,1.386045,-0.723013,-70.3984,0.016750,-70.2748,0.015162,2.171539,58.192444,-70.2748,0.507967,0.649439,0.633769,-0.500684,-0.085712,-0.535171,-0.339493
822,137.905,A,2,1.765190,57.972864,1.666371,57.909928,1.751147,58.534696,1.116394,-0.592758,-70.2356,0.015527,-70.1848,0.016032,2.172768,57.963294,-70.1848,0.509202,0.710116,0.407690,-0.506397,-0.053365,-0.407578,0.009570
823,138.098,A,2,1.610596,57.191790,1.662929,57.820518,1.746096,58.409823,0.870234,-0.418973,-70.1533,0.015873,-70.0960,0.016043,2.176594,57.732380,-70.0960,0.521172,0.802657,0.782682,-0.513665,0.088138,-0.565998,-0.540590
824,138.287,A,2,1.509102,57.737212,1.660087,57.660449,1.720919,58.197128,1.220674,-0.572067,-70.1104,0.015943,-70.0089,0.015352,2.183134,57.498381,-70.0089,0.547580,0.837789,0.715094,-0.523047,0.162067,-0.674032,0.238831
825,138.462,A,2,1.720744,56.847999,1.610001,57.363683,1.682003,58.080248,1.198778,-0.521395,-69.9735,0.015136,-69.9236,0.015323,2.192565,57.260093,-69.9236,0.591703,0.966089,0.626447,-0.582564,0.103590,-0.471821,-0.412093
826,138.607,A,2,1.981789,56.745352,1.674628,57.088906,1.724974,57.696478,1.405524,-0.375512,-69.8638,0.015188,-69.8389,0.015473,2.205120,57.017121,-69.8389,0.535327,0.831906,0.351760,-0.530492,0.071785,-0.223331,-0.271769
827,138.760,A,2,1.887222,56.110397,1.674628,57.088906,1.720972,57.650969,1.270961,-0.337639,-69.7871,0.014834,-69.7525,0.015727,2.220968,56.770093,-69.7525,0.632557,1.012886,0.739315,-0.546340,0.318813,-0.333746,-0.659697
828,138.917,A,2,1.954946,56.550212,1.754883,56.770008,1.742369,57.379722,1.684038,-0.418327,-69.7158,0.014918,-69.6629,0.016717,2.240047,56.520310,-69.6629,0.545650,0.993113,0.286666,-0.485164,0.249698,-0.285102,0.029903
829,139.082,A,2,1.462461,55.420646,1.815963,56.513046,1.771836,57.212120,1.564937,-0.291130,-69.6808,0.015655,-69.5699,0.015341,2.261991,56.269099,-69.5699,0.508381,1.062798,1.165813,-0.446028,0.243947,-0.799529,-0.848453
830,139.243,A,2,1.148186,54.705987,1.799602,56.218396,1.724608,56.901506,1.986345,-0.708399,-69.6005,0.016486,-69.4749,0.015607,2.286244,56.017290,-69.4749,0.526560,1.047509,1.736286,-0.486643,0.201107,-1.138058,-1.311302
831,139.412,A,2,1.674218,55.149320,1.660566,55.692073,1.637360,56.537969,2.477929,-1.237990,-69.5270,0.017059,-69.3875,0.017965,2.312363,55.764959,-69.3799,0.655860,1.026243,0.886701,-0.651797,-0.072886,-0.638145,-0.615638
832,139.584,A,2,1.698455,54.969879,1.576695,55.268602,1.637997,56.269916,2.039663,-0.940585,-69.3166,0.017081,-69.2856,0.016922,2.340328,55.511436,-69.2856,0.801314,1.033713,0.839812,-0.763633,-0.242834,-0.641873,-0.541557
833,139.761,A,2,2.315678,54.809273,1.594167,55.032391,1.643637,56.023383,1.858769,-0.785388,-69.2392,0.017562,-69.1910,0.015651,2.370630,55.255618,-69.1910,0.807914,1.057346,0.449715,-0.776463,-0.223227,-0.054951,-0.446345
834,139.927,A,2,1.711456,55.119565,1.710080,54.837469,1.741427,55.789323,1.888895,-0.380346,-69.2392,0.017569,-69.0944,0.016438,2.403966,54.996516,-69.0944,0.711880,1.033200,0.703357,-0.693885,-0.159047,-0.692510,0.123048
835,140.087,A,2,2.760640,53.861126,1.809759,54.756880,1.737524,55.636493,1.276305,-0.254644,-69.1159,0.016448,-68.9941,0.017221,2.440772,54.733713,-68.9941,0.631438,1.144364,0.929367,-0.631013,0.023167,0.319868,-0.872587
836,140.240,A,2,1.795239,54.723322,2.084415,54.372055,1.890860,55.320821,1.259490,-0.024296,-69.1985,-0.063111,-69.4321,-0.091387,2.483000,54.475719,-69.4321,0.411846,1.031905,0.730974,-0.398586,-0.103664,-0.687761,0.247603
837,140.398,A,2,2.039043,54.300754,2.084415,54.372055,1.880943,55.178369,1.138389,-0.026421,-69.4911,-0.017540,-69.4428,0.077122,2.522170,54.220215,-69.4428,0.463341,1.152923,0.489794,-0.437755,0.151840,-0.483127,0.080539
838,140.558,A,2,2.155041,53.113285,2.071446,54.330764,1.908316,54.996681,1.016901,-0.041892,-69.3428,0.038126,-69.2010,-0.051633,2.560168,53.967433,-69.2010,0.608982,1.218303,0.945356,-0.488722,0.363331,-0.405127,-0.854148
839,140.716,A,2,2.737593,53.632229,2.104738,54.038498,1.949108,54.665925,1.787463,-0.316320,-69.2513,-0.002563,-69.7729,-0.052027,2.602183,53.725165,-69.7729,0.587903,1.145224,0.164234,-0.497445,0.313333,0.135410,-0.092936
840,140.878,A,2,2.558649,52.806264,2.230566,53.712812,2.071219,54.458756,1.720266,0.001646,-69.5121,-0.069303,-69.7628,-0.032634,2.642120,53.479869,-69.7628,0.472904,1.133202,0.678757,-0.411553,0.232943,-0.083471,-0.673605
841,141.056,A,2,1.885696,52.932537,2.387708,53.431249,2.151189,54.159899,2.077689,-0.103004,-69.7890,-0.020489,-69.7808,-0.007211,2.682901,53.235947,-69.7808,0.353952,1.066023,0.852991,-0.295194,0.195302,-0.797206,-0.303410
842,141.224,A,2,2.016132,52.437455,2.378487,53.119044,2.119848,53.922519,1.665092,-0.400225,-69.9734,-0.068196,-70.2691,-0.101257,2.732030,52.987937,-70.2691,0.377070,1.117233,0.903073,-0.353543,0.131106,-0.715898,-0.550483
843,141.395,A,2,2.397433,51.444447,2.277595,52.844393,2.110283,53.646568,1.739673,-0.623244,-70.3458,-0.032140,-70.3763,0.006661,2.783053,52.739299,-70.3763,0.516268,1.129493,1.351054,-0.505458,0.105093,-0.385620,-1.294852
844,141.566,A,2,2.347431,52.719520,2.299282,52.143668,2.157892,53.262422,1.642008,-0.486430,-70.4822,-0.033196,-70.5619,-0.042697,2.835203,52.489703,-70.5619,0.637928,1.027543,0.539200,-0.535921,-0.346035,-0.487772,0.229817
845,141.737,A,2,1.211785,52.176343,2.147195,52.118535,2.049605,52.985167,1.154797,-0.960360,-70.7164,-0.017048,-70.7200,-0.004423,2.885171,52.240746,-70.7200,0.748028,1.119077,1.674625,-0.737977,-0.122211,-1.673386,-0.064403
846,141.886,A,2,2.849755,52.568938,2.096792,52.113229,2.166046,52.873336,0.735696,-0.238664,-70.8504,-0.023238,-70.8936,-0.015787,2.935579,51.994416,-70.8936,0.847161,1.168196,0.580897,-0.838788,0.118813,-0.085824,0.574522
847,142.067,A,2,2.537790,51.143193,2.096792,52.113229,2.170286,52.817136,0.664574,-0.217079,-70.9398,-0.017556,-70.9885,-0.007650,2.986132,51.748545,-70.9885,0.961208,1.344430,0.753299,-0.889340,0.364684,-0.448341,-0.605351
848,142.256,A,2,1.859233,51.070735,2.259856,51.953733,2.228811,52.516340,1.310827,-0.274456,-71.0381,-0.017535,-71.0894,-0.016957,3.039907,51.500754,-71.0894,0.902036,1.299727,1.256545,-0.780051,0.452979,-1.180674,-0.430019
849,142.431,A,2,2.382738,50.494422,2.248327,51.582368,2.177761,52.256588,1.601150,-0.646983,-71.0381,-0.017541,-71.1735,-0.013275,3.097495,51.248005,-71.1735,0.912625,1.364973,1.038636,-0.849167,0.334363,-0.714757,-0.753583
850,142.616,A,2,3.401266,50.267639,2.212218,51.216570,2.211210,51.931590,2.067790,-0.692241,-71.1550,-0.014670,-71.2477,-0.011639,3.157958,50.988395,-71.2477,0.972877,1.336394,0.760715,-0.945741,0.228175,0.243307,-0.720756
851,142.757,A,2,2.898216,50.166747,2.417152,50.800099,2.390273,51.639150,2.421420,-0.141882,-71.2137,-0.013174,-71.3224,-0.013225,3.218703,50.722821,-71.3224,0.805268,1.235295,0.641818,-0.801551,0.077278,-0.320487,-0.556073
852,142.924,A,2,2.870392,49.777046,2.663955,50.436495,2.475046,51.350771,2.147887,-0.053611,-71.3649,-0.013174,-71.4052,-0.014167,3.277929,50.453944,-71.4052,0.614221,1.203711,0.790112,-0.613974,-0.017449,-0.407537,-0.676898
853,143.082,A,2,2.863929,49.815978,2.776315,50.126997,2.540831,51.069845,2.195406,-0.086995,-71.4391,-0.013058,-71.4871,-0.013434,3.336686,50.184832,-71.4871,0.563348,1.190224,0.599627,-0.560371,-0.057835,-0.472757,-0.368854
854,143.262,A,2,3.040945,49.621491,2.849957,49.867753,2.600270,50.812264,2.095001,-0.078960,-71.4391,-0.013057,-71.5518,-0.009871,3.397512,49.917644,-71.5518,0.549824,1.198307,0.463516,-0.547555,-0.049891,-0.356567,-0.296153
855,143.414,A,2,2.350394,48.914525,2.923089,49.681908,2.675686,50.575233,1.879017,-0.008534,-71.5323,-0.010424,-72.1292,-0.114725,3.464836,49.659959,-72.1292,0.542191,1.208505,1.340766,-0.541747,0.021949,-1.114442,-0.745434
856,143.582,A,2,2.981972,48.926928,2.848516,49.121689,2.636917,50.268643,1.883170,-0.403458,-72.2490,-0.048682,-72.2730,0.052620,3.528587,49.406550,-72.2730,0.737321,1.240273,0.727204,-0.680071,-0.284861,-0.546615,-0.479622
857,143.770,A,2,3.450205,47.415641,2.848516,49.121689,2.694183,50.021011,1.702233,-0.364691,-72.1817,-0.017061,-72.1643,-0.073195,3.587891,49.155752,-72.1643,0.740160,1.243941,1.745550,-0.739376,-0.034063,-0.137686,-1.740112
858,143.936,A,2,2.768998,48.076482,2.971950,48.655031,2.814289,49.574898,2.626248,-0.398773,-72.3088,-0.081064,-72.8653,-0.075446,3.648348,48.912472,-72.8653,0.723734,1.065112,1.213316,-0.676399,-0.257441,-0.879351,-0.835990
859,144.113,A,2,3.365333,48.061765,3.036186,48.181322,2.818742,49.274043,2.493152,-0.560921,-72.5654,-0.093585,-72.9841,-0.053720,3.705640,48.662079,-72.9841,0.824194,1.077538,0.690062,-0.669454,-0.480757,-0.340307,-0.600314
860,144.280,A,2,3.057153,47.846979,3.066301,47.978293,2.908210,49.027606,2.119143,-0.286990,-72.9264,-0.034966,-73.6817,-0.099782,3.769377,48.416211,-73.6817,0.828304,1.056130,0.911749,-0.703075,-0.437917,-0.712224,-0.569232
861,144.453,A,2,3.499681,47.355638,3.127133,47.825720,3.020115,48.580013,1.785008,-0.291737,-73.4291,-0.101001,-74.1103,-0.123683,3.836109,48.169975,-74.1103,0.788135,0.913223,0.881095,-0.708975,-0.344255,-0.336428,-0.814337
862,144.619,A,2,3.907275,47.927182,3.190878,47.624724,3.030256,48.509816,1.656708,-0.149336,-74.4048,-0.102672,-74.7282,-0.091335,3.906288,47.930126,-74.7282,0.777871,1.050463,0.003104,-0.715411,-0.305402,0.000987,-0.002944
863,144.803,A,2,3.555282,47.067786,3.363938,47.519234,3.169671,48.359092,1.199614,0.269759,-75.0175,-0.107818,-75.4149,-0.133692,3.975493,47.698127,-75.4149,0.637183,1.042221,0.757566,-0.611555,-0.178893,-0.420212,-0.630341
864,144.989,A,2,3.614628,46.397017,3.507216,47.419086,3.237479,48.106123,1.450733,0.196442,-75.0175,-0.107821,-76.1733,-0.139193,4.040948,47.474514,-76.1733,0.536602,1.022004,1.158771,-0.533732,-0.055429,-0.426320,-1.077498
865,145.175,A,2,3.573863,46.674698,3.570702,47.094966,3.303375,47.790882,1.901005,0.015200,-75.9738,-0.129653,-77.0118,-0.151901,4.102744,47.258294,-77.0118,0.556547,0.960541,0.787591,-0.532042,-0.163328,-0.528881,-0.583596
866,145.342,A,2,3.618337,46.605719,3.611704,46.795924,3.352765,47.562417,1.738728,-0.053609,-76.6701,-0.142367,-77.9171,-0.162156,4.163909,47.047413,-77.9171,0.606777,0.960825,0.701956,-0.552206,-0.251489,-0.545572,-0.441694
867,145.496,A,2,3.492004,45.752221,3.632674,46.630509,3.400401,47.358816,1.366133,-0.091258,-78.4711,-0.162400,-78.8706,-0.169157,4.228371,46.839121,-78.8706,0.631168,0.977557,1.312855,-0.595697,-0.208612,-0.736367,-1.086900
868,145.657,A,2,3.865722,45.935208,3.628152,46.370018,3.485164,46.897295,1.706034,-0.297647,-79.2771,-0.168655,-79.8562,-0.173409,4.297482,46.631614,-79.8562,0.718634,0.854661,0.819389,-0.669330,-0.261596,-0.431759,-0.696407
869,145.819,A,2,4.011668,46.737649,3.743017,46.057793,3.492245,46.831502,0.894488,0.116016,-80.6921,-0.177275,-80.8732,-0.180949,4.369583,46.424528,-80.8732,0.726002,0.967135,0.475550,-0.626566,-0.366734,-0.357915,0.313122
870,145.994,A,2,4.901021,45.591290,3.969491,46.014136,3.575115,46.757715,1.280521,0.600527,-81.5163,-0.168831,-81.8868,-0.138116,4.441792,46.218381,-81.8868,0.514571,1.020789,0.777261,-0.472301,-0.204245,0.459230,-0.627090
871,146.156,A,2,3.986331,46.181515,4.146504,45.904301,3.778836,46.528568,0.827108,0.454552,-82.2145,-0.120855,-82.4264,-0.144165,4.508422,46.010773,-82.4264,0.377254,0.894655,0.549301,-0.361918,-0.106472,-0.522090,0.170742
872,146.328,A,2,3.616722,45.483316,4.146504,45.904301,3.819645,46.421800,0.754283,0.398484,-82.9871,-0.198306,-83.7307,-0.279246,4.575425,45.800304,-83.7307,0.441349,0.978498,1.009749,-0.428921,0.103997,-0.958703,-0.316989
873,146.522,A,2,4.027410,44.122498,4.086315,45.818684,3.797453,46.230549,0.910902,0.025955,-84.1586,-0.195532,-84.7556,-0.086316,4.637815,45.592717,-84.7556,0.595998,1.055006,1.591899,-0.551500,0.225966,-0.610406,-1.470220
874,146.701,A,2,4.503025,44.662369,4.111681,44.946183,3.932960,45.691799,2.067344,0.081881,-85.1354,-0.134883,-85.3912,-0.186563,4.700126,45.388603,-85.3912,0.736209,0.824907,0.752506,-0.588446,-0.442420,-0.197101,-0.726234
875,146.851,A,2,4.566141,44.992504,4.247644,44.775856,3.939996,45.631237,1.590637,0.265392,-85.8669,-0.179359,-86.4834,-0.114809,4.770705,45.185802,-86.4834,0.664566,0.942597,0.281444,-0.523061,-0.409946,-0.204564,-0.193298
876,147.017,A,2,4.848461,43.617741,4.406338,44.494631,4.155793,45.211766,2.231047,0.429197,-86.9708,-0.140302,-87.0617,-0.166641,4.839357,44.983033,-87.0617,0.652719,0.720819,1.365322,-0.433020,-0.488401,0.009104,-1.365292
877,147.201,A,2,4.189520,44.545496,4.470091,44.229842,4.168910,45.062793,1.603218,0.193199,-87.5529,-0.127364,-87.8420,-0.089919,4.908927,44.775411,-87.8420,0.700159,0.793860,0.755253,-0.438836,-0.545569,-0.719407,-0.229915
878,147.372,A,2,4.202773,43.928394,4.470091,44.229842,4.176779,45.004165,1.480534,0.162794,-88.2285,-0.132681,-88.5602,-0.104146,4.973757,44.560585,-88.5602,0.602553,0.912106,0.997036,-0.503666,-0.330743,-0.770984,-0.632190
879,147.542,A,2,4.332699,43.817456,4.411966,44.115188,4.186619,44.790689,1.547374,0.010683,-88.2285,-0.132683,-89.2329,-0.115944,5.034190,44.338066,-89.2329,0.660937,0.960856,0.873570,-0.622224,-0.222878,-0.701491,-0.520611
880,147.733,A,2,4.492374,43.499679,4.377755,43.931647,4.212887,44.592952,1.435371,-0.039088,-89.1350,-0.119839,-89.8691,-0.106368,5.093338,44.109655,-89.8691,0.737391,1.004375,0.856287,-0.715583,-0.178007,-0.600963,-0.609976
881,147.938,A,2,4.292323,42.870868,4.388632,43.741859,4.258234,44.378102,1.465431,0.012194,-89.6782,-0.112693,-90.4527,-0.097815,5.154268,43.878342,-90.4527,0.777705,1.025981,1.325878,-0.765635,-0.136483,-0.861944,-1.007474
882,148.127,A,2,4.991652,42.655021,4.389784,43.453095,4.266654,44.101822,1.638380,-0.081420,-90.7080,-0.096483,-90.9853,-0.088019,5.217592,43.646576,-90.9853,0.850118,1.054292,1.016971,-0.827808,-0.193481,-0.225940,-0.991555
883,148.317,A,2,3.945532,42.010801,4.464024,43.104623,4.376998,43.832838,1.837735,0.222566,-91.1135,-0.090902,-91.4824,-0.084855,5.281191,43.415500,-91.4824,0.874304,0.995860,1.938341,-0.817167,-0.310877,-1.335659,-1.404699
884,148.492,A,2,5.084964,42.064127,4.470390,42.710835,4.316400,43.506994,2.378587,-0.120895,-91.3639,-0.088135,-91.9625,-0.085442,5.341940,43.185016,-91.9625,0.992193,1.074896,1.149969,-0.871550,-0.474181,-0.256976,-1.120889
885,148.656,A,2,5.212738,42.655498,4.485276,42.334952,4.431799,43.234924,2.296752,0.261612,-91.8029,-0.085035,-92.4350,-0.083735,5.398140,42.953646,-92.4350,1.102770,1.006445,0.351092,-0.912864,-0.618693,-0.185402,-0.298148
886,148.809,A,2,5.448428,42.282085,4.684065,42.198931,4.550310,43.102340,1.529847,0.536003,-92.1939,-0.083256,-92.8969,-0.079697,5.450823,42.718627,-92.8969,0.926284,0.978856,0.436548,-0.766758,-0.519697,-0.002394,-0.436542
887,149.005,A,2,4.121991,41.534502,4.899415,42.175971,4.691248,42.915352,1.095489,0.716027,-93.0668,-0.078000,-93.3345,-0.074780,5.502680,42.477385,-93.3345,0.674373,0.922082,1.671925,-0.603265,-0.301414,-1.380689,-0.942883
888,149.207,A,2,5.192950,41.333422,4.905179,41.993809,4.614218,42.656430,1.379752,0.187797,-93.4319,-0.073682,-93.7362,-0.066928,5.555824,42.228843,-93.7362,0.691795,1.034144,0.966155,-0.650645,-0.235034,-0.362874,-0.895421
889,149.366,A,2,4.983211,40.004365,4.859581,41.708672,4.704598,42.405178,1.633330,0.404693,-93.6142,-0.071605,-94.1043,-0.062684,5.610043,41.973769,-94.1043,0.795908,1.002968,2.066753,-0.750462,-0.265097,-0.626833,-1.969403
890,149.530,A,2,5.161368,41.313259,4.943647,41.238725,4.750016,42.005239,2.581402,0.435771,-93.9574,-0.066094,-94.5605,-0.144660,5.664223,41.715062,-94.5605,0.863787,0.959155,0.643668,-0.720576,-0.476337,-0.502855,-0.401803
891,149.685,A,2,5.561330,40.558694,5.000713,40.899502,4.817219,41.831673,1.815819,0.439241,-94.3965,-0.085491,-95.4933,-0.098542,5.718350,41.465831,-95.4933,0.914184,0.972562,0.920626,-0.717637,-0.566329,-0.157020,-0.907137
892,149.840,A,2,5.215326,40.878551,5.126189,40.774895,4.933372,41.584767,1.587186,0.576501,-95.6048,-0.052949,-95.6132,-0.003297,5.764352,41.219005,-95.6132,0.777487,0.907915,0.646017,-0.638163,-0.444110,-0.549026,-0.340455
893,149.978,A,2,5.686169,41.088571,5.230085,40.641844,4.982769,41.422394,1.182905,0.481292,-95.7471,-0.063781,-96.2420,-0.206922,5.811856,40.982583,-96.2420,0.674211,0.938520,0.164409,-0.581771,-0.340739,-0.125686,0.105988
894,150.139,A,2,5.586009,39.513922,5.325920,40.666960,5.094726,41.317756,0.671992,0.643004,-95.9636,-0.116090,-97.0370,-0.056515,5.861245,40.750217,-97.0370,0.541760,0.953757,1.266562,-0.535325,-0.083257,-0.275236,-1.236295
895,150.323,A,2,5.365558,40.302800,5.495834,40.201773,5.176246,40.997363,1.189605,0.531092,-97.2055,-0.096509,-97.5384,-0.175520,5.910698,40.515308,-97.5384,0.520015,0.878520,0.585096,-0.414863,-0.313535,-0.545140,-0.212508
896,150.486,A,2,5.341466,39.933655,5.482606,40.085000,5.213031,40.839568,1.179468,0.376440,-98.1744,-0.125354,-98.4005,-0.095057,5.964868,40.280154,-98.4005,0.520252,0.937125,0.713227,-0.482262,-0.195155,-0.623403,-0.346499
897,150.647,A,2,4.919766,40.218365,5.482606,40.085000,5.239698,40.652384,1.070484,0.326396,-98.8378,-0.146224,-99.2200,-0.153605,6.017532,40.042818,-99.2200,0.536586,0.988230,1.111714,-0.534926,0.042182,-1.097767,0.175548
898,150.817,A,2,5.296689,39.519886,5.394338,40.005624,5.198295,40.536800,0.785071,-0.021263,-99.5670,-0.144985,-100.0977,-0.180131,6.067434,39.806525,-100.0977,0.701925,1.135211,0.822320,-0.673096,0.199099,-0.770745,-0.286639
899,150.968,A,2,4.645679,38.863036,5.309127,39.893417,5.215614,40.347200,1.085188,0.021234,-99.9125,-0.159393,-101.0662,-0.174895,6.115073,39.574730,-101.0662,0.866666,1.185638,1.632674,-0.805946,0.318688,-1.469394,-0.711693
900,151.132,A,2,5.768485,38.498112,5.197191,39.583768,5.132943,40.069743,1.664216,-0.233233,-100.7332,-0.169310,-102.0997,-0.187091,6.162718,39.349598,-102.0997,0.993518,1.256601,0.938322,-0.965527,0.234170,-0.394233,-0.851486
901,151.286,A,2,5.389309,38.925072,5.176928,39.178677,5.225585,39.785933,2.005406,0.254110,-101.7356,-0.178567,-103.1827,-0.192758,6.213174,39.131468,-103.1827,1.037320,1.184760,0.849326,-1.036246,0.047208,-0.823865,-0.206397
902,151.448,A,2,5.453099,38.136329,5.273108,38.900190,5.249288,39.606183,1.529967,0.199224,-103.6405,-0.192313,-104.3072,-0.199959,6.267567,38.918767,-104.3072,0.994633,1.228590,1.129410,-0.994459,-0.018577,-0.814468,-0.782437
903,151.601,A,2,5.160471,37.788215,5.306170,38.653220,5.278019,39.336746,1.774352,0.326242,-104.5212,-0.197727,-105.4740,-0.206659,6.324429,38.708798,-105.4740,1.019775,1.220366,1.484005,-1.018260,-0.055577,-1.163958,-0.920583
904,151.774,A,2,5.074840,37.712640,5.230657,37.972620,5.258059,39.054348,2.105755,0.206053,-106.0347,-0.138447,-106.2102,-0.105570,6.376994,38.495752,-106.2102,1.260062,1.250617,1.519496,-1.146337,-0.523132,-1.302154,-0.783112
905,151.937,A,2,5.290121,37.110214,5.193540,37.641487,5.226637,38.801333,2.285789,0.336461,-106.7351,-0.186826,-107.3237,-0.276745,6.425892,38.274871,-107.3237,1.385592,1.309723,1.626776,-1.232352,-0.633383,-1.135771,-1.164656
906,152.093,A,2,5.305857,36.787683,5.199011,37.259223,5.240560,38.249035,2.383974,0.432557,-108.0317,-0.234523,-108.7644,-0.171219,6.469983,38.046106,-108.7644,1.494843,1.246058,1.714298,-1.270972,-0.786883,-1.164126,-1.258424
907,152.244,A,2,5.193169,38.364745,5.199011,37.259223,5.233224,38.185914,2.161405,0.353428,-109.0185,-0.138711,-109.4141,-0.155474,6.506423,37.816502,-109.4141,1.421228,1.325707,1.423098,-1.307413,-0.557279,-1.313255,0.548243
908,152.408,A,2,5.826163,36.950453,5.185498,37.228566,5.219835,38.155655,0.935559,-0.005424,-109.6937,-0.177820,-110.6581,-0.197250,6.548783,37.582841,-110.6581,1.408565,1.447142,0.960257,-1.363285,-0.354275,-0.722620,-0.632388
909,152.583,A,2,5.040210,37.155865,5.256492,37.278261,5.301867,37.924998,1.060921,0.432323,-110.1608,-0.193034,-111.3471,-0.131665,6.588449,37.353777,-111.3471,1.334096,1.407688,1.560837,-1.331957,-0.075516,-1.548239,-0.197912
910,152.746,A,2,5.379937,36.329190,5.299207,37.132618,5.256599,37.759473,0.946922,0.193942,-111.0177,-0.133069,-112.3523,-0.129641,6.631657,37.124982,-112.3523,1.332472,1.514386,1.483269,-1.332450,0.007637,-1.251720,-0.795791
911,152.911,A,2,5.207587,36.018862,5.267934,36.928441,5.266793,37.496983,1.329852,0.420324,-112.1833,-0.152399,-113.1192,-0.156347,6.669914,36.898670,-113.1192,1.402296,1.525361,1.706594,-1.401980,0.029771,-1.462326,-0.879808
912,153.076,A,2,6.240887,35.447465,5.267684,36.586103,5.249612,37.226298,1.512166,0.435595,-113.4804,-0.141379,-113.8877,-0.132768,6.703332,36.670289,-113.8877,1.438114,1.556421,1.307345,-1.435648,-0.084185,-0.462445,-1.222823
913,153.271,A,2,5.811908,36.178177,5.396498,36.183873,5.388182,36.908990,1.758414,1.067938,-114.1116,-0.133569,-114.6292,-0.125291,6.731620,36.436072,-114.6292,1.358733,1.424247,0.955186,-1.335122,-0.252198,-0.919712,-0.257895
914,153.441,A,2,6.180660,35.554398,5.589850,35.928580,5.446083,36.745320,1.362501,1.030862,-114.4723,-0.129774,-115.2682,-0.117048,6.751415,36.242782,-115.1874,1.203310,1.398727,0.894222,-1.161565,-0.314201,-0.570755,-0.688383
915,153.610,A,2,5.697421,35.159719,5.826627,35.528931,5.551506,36.514910,1.451386,1.119129,-115.6847,-0.116434,-115.9625,-0.109606,6.778254,35.943171,-115.9625,1.037877,1.353438,1.334915,-0.951627,-0.414240,-1.080834,-0.783452
916,153.772,A,2,5.410956,35.148776,5.775322,35.287965,5.548205,36.099467,1.469383,0.797996,-116.4649,-0.107343,-116.5604,-0.103940,6.798607,35.688060,-116.5604,1.098720,1.316344,1.488759,-1.023284,-0.400095,-1.387651,-0.539284
917,153.962,A,2,6.345158,34.718016,5.775322,35.287965,5.545310,36.040927,1.335706,0.707338,-116.9362,-0.101810,-117.1297,-0.097576,6.816638,35.432901,-117.1297,1.051353,1.409244,0.856361,-1.041315,-0.144936,-0.471480,-0.714885
918,154.103,A,2,6.191940,34.154258,5.820178,35.053910,5.661047,35.790296,1.312664,1.017720,-117.4056,-0.098051,-117.6801,-0.096472,6.831831,35.181204,-117.6801,1.019629,1.319745,1.209991,-1.011652,-0.127294,-0.639891,-1.026946
919,154.306,A,2,6.569456,34.085539,6.118581,34.390102,5.859300,35.289060,1.553123,1.515095,-118.0666,-0.093444,-118.2750,-0.090293,6.844492,34.933521,-118.2126,0.906781,1.047383,0.891469,-0.725911,-0.543420,-0.275035,-0.847982
920,154.460,A,2,5.978559,33.749210,6.198668,34.092255,5.880043,35.013042,1.693821,1.324224,-118.4790,-0.090208,-118.7201,-0.086774,6.855588,34.687396,-118.7201,0.886417,1.028462,1.284278,-0.656919,-0.595141,-0.877029,-0.938185
921,154.628,A,2,6.306979,33.439341,6.213146,33.784114,5.883232,34.949565,1.723280,1.337279,-119.1345,-0.083227,-119.1928,-0.080228,6.865400,34.438291,-119.1928,0.923788,1.107274,1.144437,-0.652255,-0.654178,-0.558421,-0.998950
922,154.822,A,2,6.247675,32.991815,6.213146,33.784114,5.948413,34.666680,1.567437,1.196152,-119.4841,-0.077893,-119.6280,-0.073441,6.870854,34.178832,-119.6280,0.767062,1.043501,1.340657,-0.657709,-0.394718,-0.623180,-1.187017
923,154.991,A,2,5.419957,32.770795,6.254887,33.448453,5.995619,34.358231,1.732728,1.230990,-119.6677,-0.075288,-120.0350,-0.070210,6.869394,33.907872,-120.0350,0.767258,0.983008,1.842230,-0.614507,-0.459419,-1.449437,-1.137077
924,155.172,A,2,5.452230,33.083453,6.146620,33.108486,5.912214,34.061511,2.114774,0.898876,-119.8709,-0.073394,-120.4302,-0.068060,6.859278,33.628261,-120.4302,0.882070,1.041459,1.508841,-0.712658,-0.519775,-1.407049,-0.544808
925,155.353,A,2,5.831745,32.785264,5.929836,32.903130,5.842672,33.854901,1.819484,0.404653,-120.2303,-0.070050,-120.8248,-0.068447,6.840654,33.344176,-120.8248,1.011984,1.121075,1.153378,-0.910817,-0.441047,-1.008909,-0.558912
926,155.538,A,2,5.697912,33.017807,5.813083,32.789617,5.838331,33.648596,1.565665,0.341528,-120.7679,-0.068205,-121.2179,-0.068573,6.815919,33.058877,-121.2179,1.038355,1.141686,1.118761,-1.002836,-0.269260,-1.118007,-0.041071
927,155.737,A,2,5.779708,32.668897,5.761146,32.728308,5.813061,33.486490,1.022473,0.085288,-121.4160,-0.068007,-121.5996,-0.066580,6.788348,32.773264,-121.5996,1.028185,1.208253,1.014025,-1.027202,-0.044956,-1.008640,-0.104367
928,155.940,A,2,5.143631,31.991064,5.719208,32.690219,5.803375,33.307473,0.895401,0.104421,-121.7222,-0.065577,-121.9594,-0.063821,6.759938,32.486088,-121.9594,1.060560,1.260827,1.690414,-1.040730,0.204131,-1.616307,-0.495025
929,156.134,A,2,6.071932,31.472940,5.611435,32.503224,5.700003,33.060242,1.405849,0.089881,-121.8625,-0.064749,-122.2938,-0.061025,6.730033,32.195204,-122.2938,1.160231,1.345085,0.977119,-1.118598,0.308020,-0.658101,-0.722264
930,156.327,A,2,5.333783,29.908104,5.575554,32.160719,5.747604,32.770074,1.609755,0.679493,-122.1689,-0.061930,-122.6109,-0.059099,6.695291,31.898662,-122.6109,1.149994,1.287428,2.411644,-1.119737,0.262057,-1.361509,-1.990558
931,156.526,A,2,5.758885,30.575526,5.583868,31.544970,5.679200,32.288224,2.790409,1.260632,-122.4805,-0.060658,-122.9270,-0.057683,6.651396,31.595186,-122.9270,1.068708,1.193929,1.355095,-1.067528,-0.050216,-0.892511,-1.019660
932,156.712,A,2,4.513597,30.442611,5.549364,30.936662,5.682634,31.971025,2.380280,1.214164,-123.0865,-0.058116,-123.2535,-0.057558,6.595833,31.284235,-123.2535,1.102680,1.142634,2.245893,-1.046469,-0.347574,-2.082236,-0.841624
933,156.887,A,2,4.963885,30.576648,5.399526,30.599934,5.499941,31.680316,2.482758,0.685231,-123.3757,-0.057742,-123.5868,-0.055842,6.529477,30.966029,-123.5868,1.187777,1.253057,1.613287,-1.129951,-0.366094,-1.565592,-0.389380
934,157.084,A,2,5.272395,29.806684,5.161240,30.395155,5.407030,31.452719,2.239077,0.424260,-123.5192,-0.056989,-123.9125,-0.054743,6.455940,30.641665,-123.9125,1.317959,1.325903,1.448438,-1.294700,-0.246510,-1.183545,-0.834981
935,157.274,A,2,5.288169,29.661299,5.094185,29.886567,5.372404,31.145604,1.976254,0.747297,-124.0818,-0.052769,-124.2186,-0.049682,6.379262,30.313078,-124.2186,1.354007,1.306469,1.270945,-1.285077,-0.426511,-1.091093,-0.651780
936,157.459,A,2,4.442306,30.677001,4.984417,29.858392,5.345518,30.861633,1.243138,-0.097793,-124.3540,-0.050787,-124.5043,-0.048624,6.301329,29.982481,-124.5043,1.322746,1.298646,1.984522,-1.316912,-0.124090,-1.859024,0.694520
937,157.634,A,2,5.017408,28.852721,4.984417,29.858392,5.196862,30.771682,1.123257,-0.093976,-124.6194,-0.048926,-124.7798,-0.049280,6.221066,29.651527,-124.7798,1.253832,1.517808,1.444605,-1.236649,0.206865,-1.203658,-0.798806
938,157.818,A,2,5.428111,28.834301,4.864162,29.731925,5.153271,30.428020,1.583278,0.413665,-124.8401,-0.048915,-125.0574,-0.051028,6.135672,29.320566,-125.0574,1.336395,1.480394,0.858543,-1.271509,0.411359,-0.707561,-0.486265
939,157.988,A,2,4.070207,27.902748,4.926444,29.332424,5.177865,30.130329,1.692006,0.909341,-124.9456,-0.049569,-125.3431,-0.051711,6.042538,28.988021,-125.3431,1.168024,1.432665,2.251202,-1.116094,0.344403,-1.972332,-1.085273
940,158.175,A,2,5.473184,28.098208,4.791610,28.425651,4.997845,29.737234,2.165873,1.284690,-125.5660,-0.049443,-125.6287,-0.048324,5.940797,28.650585,-125.6287,1.170993,1.438736,0.723728,-1.149186,-0.224935,-0.467613,-0.552377
941,158.366,A,2,4.681636,27.044075,4.846575,27.963389,5.050572,29.428387,2.643108,1.514041,-125.7957,-0.046139,-125.8935,-0.042473,5.835729,28.311194,-125.8935,1.048520,1.365500,1.713920,-0.989154,-0.347805,-1.154093,-1.267119
942,158.551,A,2,4.696630,26.711679,4.846575,27.963389,4.980215,29.007610,2.395194,1.357989,-126.0277,-0.041502,-126.1223,-0.035725,5.734544,27.976698,-126.1223,0.888069,1.277417,1.636319,-0.887969,-0.013308,-1.037915,-1.265019
943,158.727,A,2,4.886584,27.393689,4.781099,27.404162,4.921896,28.596246,2.629752,1.493091,-126.2242,-0.036270,-126.3165,-0.032341,5.636852,27.646262,-126.3165,0.889341,1.188963,0.791642,-0.855754,-0.242100,-0.750269,-0.252574
944,158.914,A,2,4.015225,27.435115,4.760614,27.084493,4.900575,28.345065,2.163688,1.274390,-126.2242,-0.036270,-126.4872,-0.029946,5.541018,27.320680,-126.4872,0.815362,1.208111,1.530078,-0.780404,-0.236187,-1.525793,0.114435
945,159.097,A,2,4.968431,26.631560,4.645126,27.025191,4.753168,28.139522,1.779435,0.528827,-126.4592,-0.031541,-126.6460,-0.028846,5.445567,27.001626,-126.6460,0.800789,1.332001,0.603828,-0.800442,0.023566,-0.477137,-0.370066
946,159.278,A,2,4.220846,26.046333,4.568417,26.897274,4.767677,27.847467,1.589195,0.797045,-126.6263,-0.029601,-126.7969,-0.026049,5.350628,26.690331,-126.7969,0.809123,1.295683,1.300438,-0.782211,0.206943,-1.129781,-0.643998
947,159.461,A,2,4.873488,25.431849,4.544779,26.589539,4.670457,27.511859,1.726397,0.735739,-126.8710,-0.026984,-126.9348,-0.025452,5.258156,26.386891,-126.9348,0.741602,1.269229,1.029599,-0.713377,0.202649,-0.384667,-0.955042
948,159.647,A,2,5.182852,25.169249,4.519054,26.168867,4.684159,27.133346,1.916615,1.190128,-126.9805,-0.024009,-127.0522,-0.019827,5.170692,26.090517,-127.0522,0.656332,1.150742,0.921348,-0.651638,0.078350,0.012160,-0.921268
949,159.837,A,2,4.796265,25.389467,4.649578,25.720501,4.744205,26.769808,2.005747,1.691660,-126.9805,-0.023996,-127.1462,-0.014079,5.089493,25.800286,-127.1462,0.447091,1.029173,0.504733,-0.439915,-0.079786,-0.293228,-0.410820
950,160.025,A,2,3.560633,25.059856,4.586497,25.190781,4.569818,26.284788,1.965501,0.826046,-127.1999,-0.014517,-127.2209,-0.010667,5.013582,25.515787,-127.2209,0.536685,0.887857,1.522804,-0.427085,-0.325006,-1.452949,-0.455930
951,160.214,A,2,4.063716,24.605454,4.339509,24.929230,4.483040,25.975710,2.044792,0.747164,-127.2715,-0.012361,-127.2846,-0.011035,4.940601,25.237156,-127.2846,0.675374,0.868806,1.080729,-0.601092,-0.307926,-0.876885,-0.631702
952,160.388,A,2,4.223620,24.319138,4.339509,24.929230,4.466235,25.898404,1.849116,0.673228,-127.3212,-0.011397,-127.3422,-0.012219,4.865624,24.960567,-127.3422,0.527047,1.019338,0.907523,-0.526115,-0.031337,-0.642003,-0.641428
953,160.564,A,2,3.528824,23.444032,4.240917,24.634313,4.414636,25.592702,1.852772,0.740779,-127.3606,-0.010659,-127.3912,-0.010395,4.784680,24.680629,-127.3912,0.545732,0.984281,1.762483,-0.543763,-0.046316,-1.255856,-1.236597
954,160.755,A,2,3.726200,24.251327,3.901696,23.954601,4.267092,25.202084,2.036609,0.461597,-127.4202,-0.009029,-127.4275,-0.007721,4.700543,24.398552,-127.4275,0.913920,0.912986,0.985404,-0.798848,-0.443951,-0.974344,-0.147225
955,160.981,A,2,3.108794,23.571861,3.696986,23.802291,4.015200,24.783186,2.157666,0.220655,-127.4602,-0.006092,-127.4479,-0.004246,4.616744,24.115990,-127.4479,0.971782,0.898335,1.603118,-0.919758,-0.313699,-1.507950,-0.544129
956,161.239,A,2,2.756432,23.895830,3.396161,23.661034,3.991937,24.707425,1.926216,-0.291127,-127.4660,-0.001898,-127.4536,0.001403,4.535542,23.834694,-127.4536,1.152540,1.028185,1.780161,-1.139381,-0.173660,-1.779110,0.061135
957,161.455,A,2,3.741905,23.419087,3.396161,23.661034,3.786127,24.517855,1.741138,-0.263230,-127.4670,0.001122,-127.4488,0.005130,4.456908,23.555933,-127.4488,1.065941,1.172707,0.727981,-1.060747,0.105101,-0.715003,-0.136846
958,161.654,A,2,2.724345,22.537570,3.179659,23.273281,3.755274,24.288453,2.108687,0.233289,-127.4409,0.003621,-127.4387,0.006084,4.378724,23.279684,-127.4387,1.199082,1.185878,1.813202,-1.199065,-0.006402,-1.654379,-0.742114
959,161.842,A,2,3.478339,22.521105,3.088368,22.911457,3.564522,23.754697,1.965374,0.610824,-127.4181,0.005592,-127.4263,0.005640,4.298129,23.004261,-127.4263,1.213315,1.049444,0.951575,-1.209760,-0.092804,-0.819790,-0.483156
960,162.029,A,2,3.700052,22.610581,3.178996,22.669994,3.544408,23.696745,1.530923,0.814930,-127.3979,0.006085,-127.4099,0.006708,4.213126,22.726894,-127.4099,1.035695,1.178047,0.526093,-1.034131,-0.056901,-0.513074,-0.116314
961,162.221,A,2,3.157539,22.851301,3.221640,22.579018,3.541368,23.458116,1.138038,0.509179,-127.3820,0.005982,-127.3840,0.006664,4.123334,22.445051,-127.3840,0.911591,1.168325,1.047759,-0.901693,0.133967,-0.965795,0.406250
962,162.414,A,2,2.806089,21.233437,3.221640,22.579018,3.464438,23.304353,1.028394,0.460935,-127.3540,0.007235,-127.3439,0.007306,4.029640,22.157828,-127.3439,0.911188,1.278270,1.533485,-0.807999,0.421190,-1.223551,-0.924390
963,162.620,A,2,2.553389,21.441747,3.130761,22.299213,3.346848,22.935483,1.762081,0.819879,-127.3167,0.008485,-127.2908,0.009674,3.933340,21.866593,-127.2908,0.911752,1.219221,1.443870,-0.802579,0.432619,-1.379951,-0.424847
964,162.806,A,2,3.138841,21.220892,2.970106,21.854911,3.208150,22.649747,2.117507,0.786980,-127.3167,0.008482,-127.2317,0.009998,3.835461,21.574379,-127.2317,0.909690,1.244964,0.781174,-0.865354,0.280532,-0.696620,-0.353487
965,162.994,A,2,2.900864,19.839046,2.895620,21.537497,3.176351,22.373332,1.969526,0.975224,-127.2692,0.009909,-127.1747,0.007934,3.736546,21.284278,-127.1747,0.878223,1.224687,1.669449,-0.840926,0.253219,-0.835682,-1.445232
966,163.169,A,2,3.182527,20.550541,2.897213,21.043641,3.115661,21.931838,2.608694,1.532966,-127.1886,0.009062,-127.1233,0.008889,3.636718,20.997717,-127.1233,0.740930,1.069618,0.637382,-0.739505,0.045924,-0.454190,-0.447176
967,163.348,A,2,2.818225,20.309567,2.915128,20.580543,3.106876,21.657748,1.951503,1.326330,-127.1005,0.008717,-127.0754,0.006828,3.535740,20.713708,-127.0754,0.634738,1.036888,0.823503,-0.620612,-0.133165,-0.717515,-0.404140
968,163.530,A,2,2.174337,19.588953,2.924591,20.353516,3.047120,21.389325,1.777489,1.134412,-127.0620,0.007376,-127.0250,0.007801,3.432949,20.429508,-127.0250,0.514007,1.034462,1.513486,-0.508359,-0.075992,-1.258613,-0.840556
969,163.718,A,2,2.430587,19.527393,2.614775,19.734512,2.900493,21.054059,2.160904,0.891882,-126.9996,0.008852,-126.9676,0.010233,3.327107,20.142126,-126.9676,0.820711,1.006788,1.087035,-0.712332,-0.407614,-0.896520,-0.614733
970,163.907,A,2,2.622614,19.426025,2.550318,19.498044,2.784687,20.565710,1.885974,0.837572,-126.9486,0.009412,-126.9050,0.010533,3.216563,19.849808,-126.9050,0.753406,0.836082,0.729635,-0.666246,-0.351764,-0.593949,-0.423783
971,164.111,A,2,2.273125,19.072427,2.484258,19.277013,2.694179,20.286524,1.858789,0.725143,-126.8607,0.010418,-126.8469,0.010138,3.098690,19.550928,-126.8469,0.672723,0.839483,0.954211,-0.614432,-0.273915,-0.825564,-0.478501
972,164.291,A,2,1.774716,18.320267,2.484258,19.277013,2.674537,20.213054,1.679526,0.657194,-126.8150,0.009646,-126.8046,0.009018,2.971455,19.244599,-126.8046,0.488274,1.012949,1.512142,-0.487196,0.032414,-1.196738,-0.924332
973,164.463,A,2,1.935454,18.442568,2.311842,18.947788,2.522427,19.863996,2.106835,0.651885,-126.7858,0.007974,-126.7802,0.004534,2.836994,18.934213,-126.7802,0.525328,0.981555,1.026884,-0.525152,0.013575,-0.901541,-0.491645
974,164.641,A,2,1.155350,17.943166,1.898239,18.330423,2.415014,19.583661,2.452488,0.348521,-126.7607,0.004447,-126.7686,0.002446,2.698588,18.622729,-126.7686,0.852057,1.001900,1.686235,-0.800349,-0.292306,-1.543238,-0.679564
975,164.837,A,2,2.071840,17.668986,1.744717,18.010732,2.187025,19.039285,2.251933,0.646704,-126.7621,0.002015,-126.7619,0.001008,2.559217,18.311912,-126.7619,0.868401,0.817067,0.806777,-0.814500,-0.301180,-0.487377,-0.642926
976,165.037,A,2,1.841573,17.373911,1.740996,17.700804,2.162769,18.963729,2.151888,0.783122,-126.7493,0.000871,-126.7451,0.001457,2.426648,18.011497,-126.7451,0.752761,0.988118,0.865349,-0.685652,-0.310694,-0.585075,-0.637586
977,165.229,A,2,0.593106,17.019543,1.740996,17.700804,2.092952,18.658016,1.945045,0.708133,-126.7357,0.001099,-126.7159,0.000258,2.300653,17.722061,-126.7159,0.560060,0.958723,1.846415,-0.559657,-0.021258,-1.707547,-0.702519
978,165.418,A,2,1.040966,16.244404,1.532913,17.385132,1.847657,18.344922,2.296777,0.364754,-126.7226,0.002242,-126.6803,0.003353,2.175810,17.438143,-126.6803,0.645079,0.964331,1.647083,-0.642898,-0.053011,-1.134844,-1.193739
979,165.625,A,2,0.080382,16.088635,0.967388,16.538445,1.701780,17.962403,3.088563,0.338187,-126.6701,0.004023,-126.6435,0.007727,2.047240,17.154562,-126.6435,1.243254,0.878607,2.237126,-1.079852,-0.616117,-1.966858,-1.065927
980,165.808,A,2,0.963938,15.949609,0.741454,16.189023,1.365276,17.371056,2.763378,0.522494,-126.6231,0.008111,-126.6043,0.011271,1.913286,16.868615,-126.6043,1.354636,0.743480,1.321300,-1.171833,-0.679592,-0.949349,-0.919006
981,165.998,A,2,0.993995,15.257174,0.719449,15.818521,1.283651,16.996760,2.708404,0.895720,-126.5711,0.011665,-126.5549,0.014779,1.776066,16.581011,-126.5549,1.303008,0.644452,1.537589,-1.056617,-0.762489,-0.782071,-1.323837
982,166.182,A,2,0.818900,16.078466,0.719449,15.818521,1.252622,16.914781,2.447061,0.813107,-126.5060,0.014782,-126.4892,0.014523,1.640254,16.295640,-126.4892,1.037075,0.730475,0.849580,-0.920805,-0.477119,-0.821353,-0.217174
983,166.389,A,2,-0.188626,15.655711,0.704959,15.602766,1.159911,16.715752,1.772389,0.507375,-126.4519,0.015954,-126.4088,0.017010,1.510914,16.018527,-126.4088,0.906875,0.780594,1.737836,-0.805956,-0.415761,-1.699541,-0.362816
984,166.591,A,2,0.147332,15.422654,0.307081,15.445438,0.931349,16.486835,1.676123,-0.046295,-126.3600,0.016146,-126.3213,0.015932,1.390725,15.754772,-126.3213,1.126930,0.864258,1.286984,-1.083644,-0.309334,-1.243392,-0.332118
985,166.769,A,2,0.562082,14.431391,0.251129,15.172236,0.752227,15.995077,1.900864,0.528966,-126.2797,0.014055,-126.2345,0.015214,1.278998,15.505737,-126.2345,1.080619,0.718986,1.291584,-1.027869,-0.333501,-0.716916,-1.074346
986,166.948,A,2,0.385493,14.762180,0.260521,14.868411,0.720953,15.920053,1.671356,0.571484,-126.1603,0.014133,-126.1525,0.013893,1.173019,15.269023,-126.1525,0.996565,0.792594,0.936530,-0.912498,-0.400611,-0.787527,-0.506843
987,167.128,A,2,1.750853,14.552132,0.260521,14.868411,0.642755,15.679269,1.510058,0.518662,-126.1024,0.013534,-126.0737,0.014102,1.069461,15.039261,-126.0737,0.826785,0.769213,0.837610,-0.808940,-0.170849,0.681393,-0.487129
988,167.339,A,2,-0.461694,14.618561,0.463587,14.683771,0.781870,15.444569,0.972418,1.125517,-126.0178,0.014460,-125.9893,0.016137,0.965532,14.809920,-125.9893,0.517554,0.660690,1.439998,-0.501945,-0.126149,-1.427227,-0.191359
989,167.520,A,2,0.087751,13.589917,0.512993,14.548018,0.575716,15.253917,1.212253,0.512140,-126.0178,0.014452,-125.8905,0.016286,0.860036,14.576945,-125.8905,0.348246,0.734254,1.253255,-0.347043,-0.028927,-0.772285,-0.987028
990,167.718,A,2,-0.629020,13.996939,0.303110,14.297963,0.485975,14.959129,1.675426,0.728034,-125.9204,0.016209,-125.7756,0.021039,0.753577,14.340609,-125.7756,0.452482,0.673927,1.424670,-0.450468,-0.042646,-1.382598,-0.343670
991,167.907,A,2,-0.233076,13.962694,0.103437,14.017895,0.292954,14.741286,1.730612,0.250031,-125.8215,0.018544,-125.6507,0.022150,0.648159,14.105012,-125.6507,0.551644,0.728709,0.892653,-0.544722,-0.087117,-0.881235,-0.142318
992,168.091,A,2,-0.460577,13.810197,-0.099415,13.901746,0.189732,14.563886,1.353907,0.098133,-125.5914,0.020631,-125.5260,0.018838,0.546571,13.876646,-125.5260,0.646474,0.774360,1.009338,-0.645986,0.025100,-1.007148,-0.066449
993,168.281,A,2,-0.410483,13.232013,-0.224794,13.812500,0.073505,14.404677,1.276542,-0.029708,-125.4802,0.020235,-125.4082,0.020776,0.451130,13.660514,-125.4082,0.692801,0.834493,0.962284,-0.675925,0.151986,-0.861613,-0.428501
994,168.452,A,2,-1.187004,12.856731,-0.342276,13.634429,-0.022611,14.175161,1.532403,0.152209,-125.4802,0.020239,-125.2979,0.021013,0.362825,13.457317,-125.2979,0.727005,0.814777,1.662130,-0.705102,0.177112,-1.549830,-0.600586
995,168.624,A,2,-0.701683,13.087648,-0.532795,13.348671,-0.224964,13.912554,1.944348,0.060397,-125.3204,0.020412,-125.1904,0.022908,0.281463,13.264332,-125.1904,0.818614,0.822593,0.998896,-0.814258,0.084338,-0.983146,-0.176684
996,168.802,A,2,-0.479806,13.052334,-0.716745,13.125001,-0.322635,13.733324,1.701348,0.070092,-125.2253,0.021354,-125.0781,0.022740,0.205322,13.076652,-125.0781,0.923334,0.842589,0.685560,-0.922067,0.048349,-0.685128,-0.024318
997,168.990,A,2,-1.115095,12.121451,-0.745714,13.010951,-0.371910,13.577373,1.208825,0.153066,-124.9829,0.023031,-124.9560,0.024098,0.130781,12.888885,-124.9560,0.884954,0.852475,1.463272,-0.876495,0.122066,-1.245876,-0.767434
998,169.189,A,2,-0.258571,11.815377,-0.813599,12.778203,-0.506622,13.308070,1.638353,0.319283,-124.9230,0.023643,-124.8269,0.024387,0.054144,12.698004,-124.8269,0.871441,0.828637,0.936388,-0.867743,0.080199,-0.312716,-0.882627
999,169.373,A,2,-0.328700,11.298561,-0.821353,12.400697,-0.493948,13.031956,1.783042,0.902387,-124.8646,0.023108,-124.6974,0.021599,-0.026171,12.504319,-124.6974,0.801905,0.705135,1.243131,-0.795182,-0.103621,-0.302529,-1.205758
1000,169.554,A,2,-1.281032,11.846133,-0.696114,11.986719,-0.489965,12.718726,1.936652,1.342655,-124.7511,0.023109,-124.5722,0.019393,-0.109026,12.310708,-124.5722,0.670553,0.558205,1.260725,-0.587087,-0.323989,-1.172006,-0.464576
1001,169.735,A,2,-0.397476,13.184395,-0.738019,11.704635,-0.626024,12.531831,1.745335,0.795055,-124.6014,0.020838,-124.4508,0.018444,-0.190655,12.121566,-124.4508,0.688069,0.598217,1.082765,-0.547364,-0.416931,-0.206821,1.062829
1002,169.909,A,2,-1.846307,11.884640,-0.779115,11.863965,-0.611409,12.574254,0.289624,0.145507,-124.3955,0.021112,-124.3292,0.020832,-0.266783,11.940452,-124.3292,0.518010,0.721437,1.580510,-0.512332,-0.076488,-1.579524,-0.055812
1003,170.084,A,2,-1.030688,11.238274,-0.895106,12.034812,-0.812385,12.424336,0.680892,-0.255295,-124.2958,0.021785,-124.2047,0.025059,-0.335289,11.768521,-124.2047,0.619924,0.810995,0.874496,-0.559817,0.266290,-0.695399,-0.530248
1004,170.277,A,2,-1.633819,11.387816,-1.082670,11.840289,-0.864917,12.201789,1.095498,0.107674,-124.2330,0.023265,-124.0766,0.024629,-0.396667,11.604997,-124.0766,0.725232,0.758563,1.256070,-0.686002,0.235292,-1.237152,-0.217181
1005,170.466,A,2,-2.042487,10.047904,-1.197462,11.607651,-0.998575,12.034067,1.274779,-0.022251,-124.1188,0.023792,-123.9476,0.025276,-0.453943,11.447467,-123.9476,0.760577,0.800451,2.117132,-0.743518,0.160183,-1.588544,-1.399563
1006,170.659,A,2,-1.495751,10.983704,-1.433411,11.226936,-1.174479,11.692224,2.250192,0.288111,-124.0144,0.023778,-123.8230,0.021466,-0.511783,11.292054,-123.8230,0.923925,0.774146,1.031151,-0.921627,-0.065118,-0.983968,-0.308350
1007,170.844,A,2,-2.085269,10.111934,-1.593543,10.877477,-1.244814,11.536978,1.644366,0.214263,-123.7444,0.021851,-123.7052,0.019461,-0.573583,11.135073,-123.7052,1.051986,0.782355,1.825379,-1.019961,-0.257596,-1.511686,-1.023139
1008,171.030,A,2,-0.584313,9.694282,-1.714465,10.646152,-1.391753,11.276337,1.958182,0.264624,-123.6536,0.020722,-123.5906,0.021373,-0.639735,10.974747,-123.5906,1.123841,0.810239,1.281664,-1.074729,-0.328595,0.055423,-1.280465
1009,171.203,A,2,-2.499484,9.606501,-1.659003,10.270089,-1.293689,10.990816,1.905812,1.106353,-123.6089,0.020982,-123.4721,0.020244,-0.708053,10.811755,-123.4721,1.094398,0.612398,2.159134,-0.950949,-0.541666,-1.791431,-1.205254
1010,171.390,A,2,-1.871498,10.164606,-1.844068,9.772735,-1.490680,10.732837,1.572874,0.352380,-123.4244,0.021189,-123.3459,0.021634,-0.774845,10.649407,-123.3459,1.382676,0.720681,1.199033,-1.069223,-0.876672,-1.096653,-0.484801
1011,171.570,A,2,-1.967481,9.228462,-1.907174,9.631274,-1.625565,10.397938,1.696607,0.478550,-123.2506,0.022070,-123.2154,0.022064,-0.837118,10.492252,-123.2154,1.373427,0.794068,1.695549,-1.070056,-0.860977,-1.130363,-1.263790
1012,171.751,A,2,-1.723375,10.533699,-1.907174,9.631274,-1.647126,10.341716,1.532625,0.436007,-123.1434,0.022744,-123.0875,0.022075,-0.894061,10.343657,-123.0875,1.238502,0.753067,0.850810,-1.013113,-0.712383,-0.829314,0.190042
1013,171.934,A,2,-2.471119,9.032056,-1.925026,9.622292,-1.677924,10.319523,0.608407,0.032776,-123.0331,0.021761,-122.9680,0.019248,-0.946579,10.204688,-122.9680,1.138659,0.740306,1.923353,-0.978448,-0.582396,-1.524540,-1.172632
1014,172.117,A,2,-1.796185,10.286077,-2.005652,9.610207,-1.814063,10.082083,1.194255,0.082452,-123.0331,0.021763,-122.8585,0.019709,-0.996608,10.073545,-122.8585,1.110339,0.817499,0.827341,-1.009044,-0.463338,-0.799576,0.212533
1015,172.307,A,2,-2.013351,8.884618,-2.053819,9.541356,-1.857088,9.895188,0.828853,0.225395,-122.8060,0.018047,-122.7549,0.018363,-1.046453,9.945584,-122.7549,1.085443,0.812200,1.435458,-1.007366,-0.404228,-0.966898,-1.060966
1016,172.487,A,2,-2.354858,9.259817,-2.113013,9.341270,-1.875116,9.848571,0.862061,0.104626,-122.7109,0.018390,-122.6489,0.019061,-1.097777,9.815751,-122.6489,1.120641,0.778031,1.374523,-1.015235,-0.474481,-1.257080,-0.555935
1017,172.666,A,2,-2.446305,8.880237,-2.113013,9.341270,-1.962973,9.718437,0.779052,0.096068,-122.5684,0.019760,-122.5347,0.020798,-1.151122,9.681379,-122.5347,1.020249,0.812696,1.522934,-0.961891,-0.340109,-1.295183,-0.801143
