sample,timestamp_s,lintasan,run_ke,gps_x,gps_y,ekf_x,ekf_y,ekf_vx,ekf_vy,ekf2_x,ekf2_y,ekf_yaw_deg,ekf_yaw_rate,imu_yaw_deg,imu_yaw_rate_rads,gt_x,gt_y,gt_yaw_deg,error_ekf_m,error_ekf2_m,error_gps_m,error_ekf_x,error_ekf_y,error_gps_x,error_gps_y
1,0.000,A,3,2.368637,6.117002,2.540222,6.041905,1.869130,5.969990,1.138357,0.008921,-2.3617,-0.011076,-2.5366,-0.008599,1.877199,6.864512,-2.4385,1.056542,0.894558,0.894585,0.663023,-0.822607,0.491438,-0.747510
2,0.004,A,3,2.957475,5.935792,2.747250,5.939369,1.983554,5.911465,1.126395,0.009492,-2.5190,-0.010054,-2.5366,-0.008599,2.012063,6.862313,-2.4859,1.179969,0.951276,1.323723,0.735187,-0.922944,0.945411,-0.926521
3,0.156,A,3,2.951401,6.647586,2.747250,5.939369,2.232910,5.944843,1.018181,0.007615,-2.5638,-0.009369,-2.5920,-0.009452,2.332475,6.856437,-2.5876,1.006505,0.917015,0.653214,0.414775,-0.917068,0.618926,-0.208851
4,0.323,A,3,3.234745,6.065801,2.892637,6.066554,2.363658,6.045923,0.922740,0.456623,-2.6004,-0.009561,-2.6448,-0.009134,2.518831,6.852749,-2.6406,0.870536,0.821612,1.063870,0.373806,-0.786195,0.715913,-0.786948
5,0.508,A,3,3.245357,6.137085,3.025336,6.187380,2.518106,6.053906,0.999996,0.333099,-2.6198,-0.008664,-2.6948,-0.009111,2.708770,6.848996,-2.6909,0.733451,0.817632,0.891485,0.316566,-0.661617,0.536588,-0.711912
6,0.781,A,3,3.847255,5.392079,3.338423,6.052906,2.654078,6.070602,1.132510,-0.350975,-2.7090,-0.007302,-2.7420,-0.009075,2.900662,6.845362,-2.7383,0.905330,0.813053,1.734379,0.437761,-0.792456,0.946593,-1.453283
7,0.969,A,3,3.676330,5.945297,3.531936,5.914590,2.858932,5.976240,1.074883,-0.269801,-2.7760,-0.007549,-2.7864,-0.008082,3.093885,6.841919,-2.7829,1.025586,0.896997,1.069193,0.438051,-0.927328,0.582444,-0.896622
8,1.123,A,3,4.621842,6.222738,3.531936,5.914590,3.011808,5.972870,0.971416,-0.244646,-2.8051,-0.007967,-2.8280,-0.005646,3.289043,6.838604,-2.8247,0.955404,0.909040,1.468211,0.242893,-0.924013,1.332799,-0.615866
9,1.278,A,3,4.526515,5.683390,3.786538,5.951136,3.282094,6.010507,1.321211,0.041729,-2.8411,-0.006894,-2.8664,-0.006379,3.487655,6.835257,-2.8634,0.933274,0.849981,1.551137,0.298882,-0.884121,1.038860,-1.151866
10,1.435,A,3,4.369435,6.686345,4.102471,5.940397,3.502631,5.963972,1.525604,-0.191754,-2.8575,-0.006681,-2.9012,-0.005189,3.691454,6.831712,-2.8986,0.981518,0.888046,0.693390,0.411017,-0.891315,0.677981,-0.145367
11,1.589,A,3,4.615846,5.421846,4.304219,6.018695,3.669284,6.070991,1.342043,0.476426,-2.8882,-0.006143,-2.9318,-0.005492,3.901568,6.827888,-2.9295,0.903837,0.791738,1.577069,0.402651,-0.809193,0.714278,-1.406042
12,1.762,A,3,4.854804,5.501780,4.457542,6.035073,3.847832,5.977992,1.302188,-0.174081,-2.9199,-0.005383,-2.9575,-0.004375,4.117986,6.823829,-2.9556,0.858740,0.887933,1.513511,0.339556,-0.788756,0.736817,-1.322050
13,1.938,A,3,5.668120,6.074907,4.630338,5.835132,4.035556,5.907527,1.170865,-0.417357,-2.9783,-0.003980,-2.9783,-0.004953,4.339541,6.819679,-2.9768,1.026594,0.961472,1.523091,0.290797,-0.984547,1.328579,-0.744772
14,2.123,A,3,4.960273,5.880182,4.906474,5.794643,4.316490,5.930405,1.476851,-0.094790,-2.9834,-0.003634,-2.9944,-0.004293,4.564422,6.815602,-2.9933,1.076735,0.919263,1.015731,0.342051,-1.020960,0.395851,-0.935420
15,2.286,A,3,5.386074,5.942411,5.125402,5.838141,4.453898,5.921880,1.291041,-0.052070,-2.9834,-0.003633,-3.0064,-0.002225,4.790986,6.811710,-3.0056,1.029403,0.951539,1.053476,0.334416,-0.973569,0.595089,-0.869299
16,2.448,A,3,5.137141,5.575694,5.236507,5.854929,4.632651,5.923717,1.218128,0.044544,-3.0056,-0.002704,-3.0150,0.001282,5.018456,6.808017,-3.0144,0.977713,0.964796,1.238025,0.218051,-0.953088,0.118685,-1.232322
17,2.608,A,3,6.071553,5.760821,5.484110,5.755050,4.747904,5.871105,1.206270,-0.143502,-3.0207,-0.000318,-3.0202,-0.001541,5.247201,6.804452,-3.0199,1.075811,1.058505,1.329933,0.236909,-1.049401,0.824352,-1.043631
18,2.767,A,3,5.946589,5.653867,5.484110,5.755050,4.982712,5.852392,1.090369,-0.129746,-3.0206,-0.000116,-3.0218,0.000088,5.478516,6.800901,-3.0218,1.045866,1.070276,1.238862,0.005593,-1.045851,0.468073,-1.147034
19,2.927,A,3,7.608004,6.041266,5.714487,5.723948,5.165942,5.820361,1.110717,-0.167318,-3.0212,0.000484,-3.0190,-0.000020,5.714034,6.797263,-3.0194,1.073315,1.120152,2.039277,0.000453,-1.073315,1.893969,-0.755997
20,3.087,A,3,7.033259,5.311136,6.115712,5.754257,5.568338,5.849935,1.983921,0.169280,-3.0205,0.000450,-3.0113,0.002330,5.954972,6.793493,-3.0121,1.051593,1.019699,1.833053,0.160740,-1.039235,1.078287,-1.482357
21,3.222,A,3,6.776772,5.463458,6.586410,5.720727,5.832015,5.768076,2.036926,-0.229677,-3.0100,0.000760,-2.9982,0.002850,6.201546,6.789617,-2.9994,1.136066,1.086324,1.445539,0.384864,-1.068890,0.575226,-1.326159
22,3.396,A,3,7.016744,5.387115,6.967466,5.509829,6.020106,5.718922,1.574005,-0.388666,-2.9940,0.002464,-2.9800,0.004251,6.452843,6.785716,-2.9816,1.375763,1.151221,1.508002,0.514623,-1.275887,0.563901,-1.398601
23,3.581,A,3,8.076443,5.709871,6.967466,5.509829,6.482685,5.671387,1.423420,-0.348641,-2.8760,0.059140,-2.6935,0.137837,6.704644,6.779652,-2.7548,1.296737,1.130273,1.739615,0.262822,-1.269823,1.371798,-1.069781
24,3.758,A,3,7.800478,5.975179,7.256142,5.496621,6.538068,5.666354,1.741488,-0.077745,-2.4022,0.072546,-2.2036,0.008161,6.944798,6.772879,-2.2081,1.313686,1.178909,1.169835,0.311344,-1.276258,0.855680,-0.797700
25,3.916,A,3,8.286257,5.628338,7.578148,5.600768,6.775328,5.707825,1.774950,0.292937,-2.4022,0.072558,-2.4403,0.000988,7.187947,6.769210,-2.4392,1.231874,1.138768,1.583627,0.390201,-1.168442,1.098310,-1.140872
26,4.072,A,3,8.256794,4.738114,7.838821,5.674348,7.038869,5.693982,1.835041,0.224458,-2.3290,-0.009982,-1.8483,0.141595,7.417722,6.760450,-1.9141,1.164879,1.131762,2.189495,0.421099,-1.086102,0.839072,-2.022337
27,4.218,A,3,8.781037,6.016392,8.095639,5.507077,7.280676,5.549326,1.732130,-0.548509,-2.1297,0.087908,-1.5335,-0.002947,7.647853,6.753114,-1.5322,1.324055,1.258542,1.351616,0.447786,-1.246038,1.133184,-0.736722
28,4.380,A,3,9.393426,6.398474,8.342450,5.444153,7.555117,5.613256,1.605294,0.089741,-1.3717,0.077042,-0.9771,0.155487,7.877617,6.744456,-1.0482,1.380890,1.176273,1.554793,0.464834,-1.300302,1.515809,-0.345982
29,4.546,A,3,9.200533,5.461731,8.679156,5.700083,7.869093,5.727410,1.821704,0.720710,-0.8589,0.097602,-0.3985,0.093743,8.107506,6.733921,-0.4406,1.181357,1.034363,1.677253,0.571650,-1.033838,1.093027,-1.272191
30,4.714,A,3,9.220633,5.592707,8.991357,5.806552,8.118420,5.691033,1.864389,0.348067,-0.5922,0.090357,0.3500,0.133708,8.336264,6.721805,0.2883,1.125537,1.053540,1.434214,0.655093,-0.915253,0.884369,-1.129098
31,4.885,A,3,9.408887,5.791820,9.186265,5.740882,8.348482,5.678424,1.649099,0.173546,-0.0169,0.119419,1.1277,0.132425,8.562313,6.708822,1.0657,1.151618,1.052352,1.248030,0.623952,-0.967940,0.846574,-0.917002
32,5.058,A,3,9.885659,6.034821,9.342723,5.740583,8.561297,5.697653,1.480283,0.214658,0.8978,0.129013,1.9961,0.159641,8.782777,6.695003,1.9233,1.106552,1.021646,1.285375,0.559945,-0.954420,1.102882,-0.660182
33,5.213,A,3,9.574519,5.878558,9.696624,5.889840,8.922399,5.770044,1.237111,0.359077,2.5970,0.162103,2.9475,0.172236,8.996173,6.680198,2.8686,1.056076,0.913139,0.988489,0.700451,-0.790358,0.578346,-0.801640
34,5.366,A,3,10.102408,5.227107,9.696624,5.889840,8.979827,5.776592,1.136591,0.346277,3.0871,0.168360,3.8133,0.085965,9.204923,6.664640,3.7728,0.917651,0.916133,1.694692,0.491700,-0.774800,0.897484,-1.437533
35,5.544,A,3,10.045808,5.424969,9.984116,5.638261,9.321191,5.661633,1.103251,-0.389792,4.2337,0.136211,4.3801,0.175265,9.415228,6.651611,4.3016,1.162116,0.994435,1.379233,0.568888,-1.013350,0.630580,-1.226643
36,5.704,A,3,10.851570,5.069369,10.203000,5.485679,9.376855,5.665433,1.354646,-0.739444,5.1350,0.215304,5.7617,0.225444,9.630195,6.634622,5.6564,1.283813,1.001754,1.985390,0.572805,-1.148943,1.221374,-1.565253
37,5.872,A,3,9.891459,6.352169,10.340821,5.539584,9.646856,5.581694,0.975161,0.178105,6.0466,0.171503,6.4938,0.049810,9.850966,6.622944,6.4721,1.188960,1.061067,0.273787,0.489855,-1.083360,0.040493,-0.270776
38,6.052,A,3,10.548173,6.212857,10.340821,5.539584,9.734654,5.699232,0.879283,0.173011,6.8098,0.143147,7.3246,0.229908,10.076839,6.611167,7.2211,1.103619,0.974020,0.617095,0.263982,-1.071582,0.471334,-0.398310
39,6.217,A,3,11.226015,6.615286,10.386340,5.796548,9.902884,5.782620,0.906646,0.520049,7.6168,0.173153,8.2541,0.070588,10.306364,6.597680,8.2201,0.805114,0.909461,0.919819,0.079976,-0.801132,0.919651,0.017606
40,6.382,A,3,11.111918,5.177578,10.601191,6.048493,10.145352,5.916126,1.312874,0.983421,8.0177,0.137022,8.9870,0.184450,10.537997,6.588344,8.9021,0.543537,0.778490,1.523038,0.063194,-0.539851,0.573921,-1.410766
41,6.541,A,3,11.454014,5.715153,11.049936,5.878137,10.336048,5.819266,1.276617,-0.171689,9.5725,0.128835,9.7348,0.114731,10.770086,6.579786,9.6838,0.755399,0.875659,1.102428,0.279850,-0.701649,0.683928,-0.864633
42,6.691,A,3,12.174704,5.912994,11.363085,5.864248,10.548743,5.813581,1.634130,-0.164520,10.1944,0.133085,10.4959,0.123476,11.002845,6.572977,10.4380,0.795028,0.884812,1.344928,0.360240,-0.708729,1.171859,-0.659984
43,6.850,A,3,12.113398,5.091455,11.363085,5.864248,10.837132,5.838088,1.478880,-0.130120,10.7645,0.126047,11.1659,0.114931,11.237527,6.568108,11.1138,0.714970,0.832613,1.716873,0.125559,-0.703859,0.875871,-1.476653
44,7.004,A,3,11.485939,5.341191,11.695727,5.741946,11.076033,5.737137,1.469212,-0.709336,11.3192,0.118688,11.8252,0.111925,11.475817,6.563725,11.7740,0.850694,0.918191,1.222576,0.219909,-0.821779,0.010121,-1.222534
45,7.166,A,3,12.352911,5.661647,11.837889,5.544598,11.186685,5.685043,1.138040,-0.816797,11.6050,0.116063,12.4477,0.107216,11.719142,6.560237,12.3991,1.022557,1.024439,1.099603,0.118747,-1.015638,0.633769,-0.898590
46,7.321,A,3,13.236100,6.284157,11.963057,5.498215,11.406948,5.687080,1.277067,-0.585678,12.2240,0.109829,13.0406,0.100691,11.967991,6.558541,12.9941,1.060338,1.036443,1.297454,-0.004933,-1.060326,1.268109,-0.274384
47,7.478,A,3,12.775815,5.609080,12.304743,5.643109,11.726004,5.782121,1.826557,-0.010038,12.7394,0.105141,13.6098,0.096554,12.221631,6.559614,13.5650,0.920267,0.922032,1.100289,0.083112,-0.916506,0.554184,-0.950534
48,7.644,A,3,12.328202,5.938354,12.623135,5.756530,11.932235,5.765207,1.500317,-0.127137,13.9197,0.097692,14.1583,0.095446,12.478423,6.563709,14.1152,0.820049,0.967433,0.643145,0.144712,-0.807179,-0.150221,-0.625355
49,7.818,A,3,12.843439,5.828370,12.716635,5.783097,12.040560,5.798935,1.144449,0.073572,14.4350,0.093188,14.6847,0.091652,12.736656,6.570095,14.6435,0.787252,1.038864,0.749372,-0.020021,-0.786998,0.106783,-0.741725
50,7.969,A,3,13.925713,5.188987,12.772327,5.838248,12.206323,5.811898,1.123894,0.045512,14.4350,0.093187,15.1856,0.085962,12.995406,6.577585,15.1465,0.772258,1.099513,1.671429,-0.223079,-0.739337,0.930307,-1.388598
51,8.125,A,3,13.126701,6.134467,13.267843,5.718305,12.507857,5.727851,1.243139,-0.107458,15.5904,0.082703,15.6589,0.080172,13.254767,6.585412,15.6220,0.867205,1.137227,0.468777,0.013076,-0.867106,-0.128066,-0.450945
52,8.294,A,3,14.172800,5.350933,13.475056,5.728313,12.868198,5.730351,1.419639,-0.550137,15.9560,0.078317,16.1061,0.075460,13.515521,6.593753,16.0712,0.866385,1.079116,1.405922,-0.040465,-0.865440,0.657280,-1.242820
53,8.472,A,3,14.510539,6.142229,13.475056,5.728313,12.921302,5.736226,1.287002,-0.487473,16.3162,0.075137,16.5319,0.072518,13.778770,6.603670,16.4985,0.926548,1.219718,0.865109,-0.303714,-0.875357,0.731770,-0.461441
54,8.661,A,3,16.051213,5.722710,13.828672,5.739043,13.206148,5.802933,1.629903,-0.185246,16.6814,0.073287,16.9417,0.069476,14.045602,6.616460,16.9094,0.903835,1.168978,2.195739,-0.216930,-0.877417,2.005612,-0.893750
55,8.843,A,3,14.699439,5.188026,14.823557,5.703598,13.680253,5.799376,2.005398,-0.920091,17.1448,0.070410,17.3381,0.068512,14.316643,6.632769,17.3069,1.058453,1.048587,1.494595,0.506914,-0.929171,0.382796,-1.444743
56,9.041,A,3,15.673618,6.362215,15.093614,5.728174,13.889508,5.716108,2.288280,-0.312163,17.6570,0.066709,17.7195,0.064180,14.591700,6.652156,17.6897,1.051505,1.170154,1.120095,0.501914,-0.923983,1.081918,-0.289941
57,9.232,A,3,14.773131,4.875898,15.285845,5.690246,14.211384,5.818007,1.434702,-0.930016,17.9614,0.065167,18.0826,0.062667,14.869774,6.673436,18.0543,1.067603,1.079461,1.800134,0.416071,-0.983189,-0.096642,-1.797538
58,9.401,A,3,15.410415,6.015073,15.285845,5.690246,14.353350,5.685551,1.301658,-0.833241,18.3309,0.060400,18.4255,0.057545,15.149490,6.695551,18.3988,1.014510,1.286055,0.728788,0.136355,-1.005304,0.260925,-0.680478
59,9.566,A,3,16.535610,5.477258,15.357495,5.598728,14.554399,5.737657,1.306627,-0.397920,18.4537,0.058994,18.7501,0.053590,15.429703,6.718309,18.7247,1.121907,1.314472,1.662299,-0.072208,-1.119581,1.105907,-1.241051
60,9.749,A,3,15.891942,6.065508,15.643388,5.640193,14.901665,5.704566,1.726443,-0.695007,18.6187,0.056590,19.0606,0.052751,15.709894,6.742345,19.0362,1.104157,1.315378,0.700892,-0.066506,-1.102153,0.182049,-0.676837
61,9.938,A,3,16.470505,5.672494,15.929270,5.686461,15.116680,5.763921,1.602183,-0.241625,19.0073,0.053766,19.3610,0.051190,15.990332,6.768522,19.3372,1.083783,1.331350,1.196597,-0.061062,-1.082062,0.480173,-1.096029
62,10.124,A,3,16.660888,5.888180,16.121088,5.758583,15.374356,5.756587,1.584118,-0.355895,19.2427,0.052748,19.6523,0.051629,16.272094,6.797355,19.6294,1.049690,1.374457,0.988817,-0.151006,-1.038771,0.388794,-0.909174
63,10.312,A,3,17.281255,6.166481,16.347626,5.779186,15.624711,5.782274,1.448859,-0.245259,19.7193,0.014728,19.5693,-0.104809,16.553088,6.830912,19.6165,1.071608,1.400544,0.985746,-0.205463,-1.051727,0.728166,-0.664431
64,10.491,A,3,17.621135,5.112502,17.018764,5.820615,16.173491,5.739312,1.765256,-0.896383,19.4977,0.006092,19.4935,0.065336,16.827590,6.862159,19.4649,1.058944,1.299473,1.921201,0.191174,-1.041544,0.793545,-1.749657
65,10.664,A,3,17.265067,6.413480,17.274454,5.805781,16.385081,5.840061,1.736554,-0.224999,19.8154,0.052834,20.0171,0.025183,17.105499,6.892085,20.0034,1.099364,1.275051,0.504505,0.168955,-1.086304,0.159569,-0.478605
66,10.824,A,3,17.633509,5.461246,17.447821,5.857788,16.449301,5.847157,1.498408,-0.597388,19.8643,-0.034911,19.6505,-0.068149,17.373901,6.926068,19.6834,1.070835,1.420893,1.487649,0.073920,-1.068280,0.259608,-1.464822
67,10.979,A,3,18.011271,5.209381,17.672160,5.680438,16.875797,5.710931,1.359549,-1.019177,19.6567,0.017929,19.7255,0.044283,17.643696,6.959169,19.7037,1.279048,1.465526,1.787979,0.028464,-1.278731,0.367574,-1.749788
68,11.149,A,3,18.414817,6.021036,17.672160,5.680438,16.939507,5.712343,1.228698,-0.921627,19.6765,-0.025851,19.3999,-0.103825,17.908035,6.995097,19.4488,1.335652,1.607328,1.098009,-0.235875,-1.314659,0.506782,-0.974061
69,11.318,A,3,18.405190,5.707041,17.944017,5.639780,17.217220,5.759428,1.468429,-0.595404,19.3944,-0.035253,19.2045,-0.038270,18.168746,7.032047,19.2210,1.410288,1.589013,1.345937,-0.224729,-1.392267,0.236444,-1.325006
70,11.474,A,3,19.328230,6.398610,18.511251,5.822711,17.452854,5.753532,1.994057,-0.184517,18.9400,-0.054813,18.7672,-0.046951,18.422602,7.070276,18.7870,1.250710,1.635306,1.127518,0.088649,-1.247564,0.905628,-0.671665
71,11.652,A,3,19.249437,6.559649,18.866005,6.069270,17.790493,5.850953,2.120650,0.183586,18.5263,-0.081444,18.2899,-0.089539,18.670912,7.107891,18.3307,1.056785,1.534611,0.797032,0.195092,-1.038621,0.578525,-0.548242
72,11.828,A,3,19.044697,7.013889,19.081792,6.365659,18.068511,5.959920,2.024897,0.727327,18.1015,-0.092266,17.7348,-0.102231,18.913516,7.145180,17.7822,0.797478,1.455636,0.185596,0.168277,-0.779521,0.131181,-0.131291
73,11.980,A,3,19.687346,7.356777,19.081792,6.365659,18.275071,6.122508,1.836927,0.638940,17.5806,-0.103548,17.1016,-0.118110,19.151529,7.182812,17.1550,0.820123,1.375653,0.563350,-0.069737,-0.817153,0.535817,0.173965
74,12.144,A,3,20.674958,6.667453,19.290473,6.724441,18.545182,6.315132,2.034021,0.990461,16.9514,-0.115557,16.3972,-0.127125,19.386133,7.221824,16.4561,0.506499,1.236644,1.402996,-0.095660,-0.497383,1.288825,-0.554371
75,12.310,A,3,20.234663,7.064835,20.046891,6.985962,18.922930,6.379244,2.276128,0.417274,15.9325,-0.130430,15.6271,-0.138401,19.618300,7.262925,15.6911,0.510293,1.124469,0.647413,0.428591,-0.276963,0.616363,-0.198090
76,12.477,A,3,21.221937,6.786066,20.397777,7.029407,19.182165,6.492452,2.424128,-0.049522,15.3636,-0.117251,14.9755,-0.043432,19.850185,7.306112,14.9972,0.613532,1.052755,1.467021,0.547591,-0.276705,1.371752,-0.520045
77,12.634,A,3,20.305084,5.721825,20.659245,6.799531,19.549668,6.547969,1.620210,-0.997837,14.6710,-0.102679,14.5753,-0.147963,20.084986,7.348626,14.6418,0.794530,0.963128,1.641622,0.574259,-0.549095,0.220098,-1.626801
78,12.823,A,3,20.586026,7.309962,20.659245,6.799531,19.727978,6.435207,1.451409,-0.923061,13.9989,-0.182923,13.3696,-0.186132,20.325421,7.397070,13.4568,0.684465,1.132307,0.274777,0.333825,-0.597539,0.260605,-0.087108
79,12.986,A,3,21.121946,6.142690,20.735113,6.697785,19.918814,6.570771,1.348221,-0.285172,13.0946,-0.128486,12.8509,-0.029813,20.566302,7.440214,12.8621,0.761378,1.084053,1.411492,0.168812,-0.742428,0.555645,-1.297524
80,13.163,A,3,21.994065,6.023379,21.185752,6.457951,20.158730,6.513981,1.526584,-1.250726,12.4938,-0.127189,12.1520,-0.205781,20.805378,7.485077,12.2450,1.095296,1.166697,1.884022,0.380374,-1.027126,1.188687,-1.461698
81,13.330,A,3,21.618055,6.936843,21.479622,6.420776,20.654987,6.515197,1.516382,-0.634562,11.5111,-0.093389,11.4265,-0.033933,21.043075,7.533007,11.4437,1.194836,1.089289,0.828259,0.436547,-1.112232,0.574980,-0.596164
82,13.507,A,3,22.282331,7.846354,21.731723,6.729394,20.721937,6.517422,1.885606,0.405595,11.0964,-0.117360,10.8315,-0.157320,21.280474,7.580323,10.9032,0.963175,1.200717,1.036576,0.451249,-0.850929,1.001857,0.266031
83,13.672,A,3,23.326235,6.831357,21.731723,6.729394,21.015836,6.716810,1.708240,0.348838,10.5156,-0.103632,10.2885,-0.106488,21.520223,7.628644,10.3374,0.923787,1.042040,1.974170,0.211500,-0.899250,1.806012,-0.797287
84,13.862,A,3,22.048251,7.094161,22.167896,6.959122,21.422459,6.738908,2.161130,0.030064,9.9661,-0.099184,9.7200,-0.094961,21.765124,7.677578,9.7622,0.823653,0.999261,0.648487,0.402772,-0.718456,0.283126,-0.583417
85,14.037,A,3,23.109448,6.538611,22.461737,6.996638,21.568482,6.795102,1.805643,0.163116,9.9661,-0.099180,9.1844,-0.089937,22.016817,7.726612,9.2256,0.854878,1.033787,1.614060,0.444920,-0.729974,1.092631,-1.188001
86,14.236,A,3,23.007069,7.103003,22.633692,6.959930,21.871747,6.761898,1.801888,-0.332982,9.4557,-0.097664,8.6866,-0.084591,22.275018,7.776411,8.7253,0.891790,1.091724,0.994674,0.358674,-0.816481,0.732051,-0.673408
87,14.397,A,3,23.659388,7.490444,22.882590,6.922081,22.103850,6.814701,1.678376,-0.146991,8.7787,-0.088274,8.2213,-0.079925,22.537648,7.827621,8.2574,0.969014,1.101902,1.171319,0.344941,-0.905540,1.121740,-0.337177
88,14.578,A,3,24.156164,6.876854,23.135699,7.057215,22.397662,6.917805,1.858610,0.211445,8.3916,-0.083231,7.7873,-0.072691,22.801904,7.880170,7.8210,0.888073,1.043818,1.685427,0.333795,-0.822955,1.354260,-1.003316
89,14.744,A,3,23.892967,7.036135,23.485779,7.119176,22.727918,6.915748,1.852242,-0.133344,7.6022,-0.073700,7.3798,-0.070800,23.065664,7.933253,7.4116,0.916089,1.072096,1.220349,0.420115,-0.814077,0.827303,-0.897118
90,14.895,A,3,23.269706,6.931576,23.776973,7.078866,22.947376,6.935482,1.820513,-0.181598,7.6022,-0.073702,6.9934,-0.067673,23.328281,7.985864,7.0237,1.011914,1.117314,1.055914,0.448692,-0.906998,-0.058575,-1.054288
91,15.059,A,3,24.547890,7.366206,23.846861,7.050431,23.057147,6.937237,1.210604,-0.229659,7.1081,-0.068726,6.6250,-0.063520,23.590551,8.037477,6.6538,1.019781,1.222721,1.169232,0.256310,-0.987045,0.957339,-0.671271
92,15.224,A,3,24.436654,7.476023,23.970501,7.084974,23.347981,7.002983,1.456539,0.014084,6.8011,-0.064872,6.2752,-0.060256,23.854417,8.088443,6.3024,1.010162,1.197791,0.845020,0.116084,-1.003470,0.582237,-0.612420
93,15.408,A,3,24.309665,6.601156,24.217624,7.207843,23.569221,7.075951,1.304948,0.206999,6.0485,-0.057372,5.9479,-0.055513,24.122288,8.139791,5.9731,0.936812,1.199016,1.550003,0.095336,-0.931949,0.187377,-1.538635
94,15.578,A,3,24.945398,7.082576,24.358615,7.164449,23.725646,7.008437,1.075426,-0.313893,5.7809,-0.053788,5.6465,-0.050958,24.395885,8.192439,5.6697,1.028665,1.360544,1.238450,-0.037270,-1.027989,0.549512,-1.109863
95,15.764,A,3,26.281322,7.457536,24.938654,7.118814,24.306550,7.083632,2.001671,-0.034880,5.4043,-0.048785,5.3707,-0.046450,24.675364,8.246501,5.3920,1.158015,1.219954,1.789293,0.263290,-1.127687,1.605959,-0.788965
96,15.942,A,3,25.714333,8.429894,25.367974,7.412413,24.566471,7.280189,2.062105,0.901202,5.0510,-0.119238,4.6541,-0.174226,24.954786,8.304913,4.7361,0.983505,1.095831,0.769761,0.413189,-0.892500,0.759547,0.124981
97,16.105,A,3,25.613634,8.241297,25.589938,7.779531,24.632765,7.287279,1.863138,1.189837,4.2451,-0.061873,4.1819,-0.002341,25.226539,8.359787,4.1844,0.684658,1.225904,0.404823,0.363399,-0.580256,0.387094,-0.118490
98,16.265,A,3,26.336476,8.229004,25.589938,7.779531,24.839281,7.435753,1.689026,1.067758,4.1618,-0.044586,4.1699,-0.081973,25.495728,8.411026,4.2063,0.638485,1.175619,0.860227,0.094211,-0.631496,0.840748,-0.182023
99,16.438,A,3,26.153593,8.066118,26.079435,8.143829,25.121514,7.562959,1.765500,0.924734,3.6744,-0.127076,3.2869,-0.128038,25.752492,8.467422,3.3478,0.460005,1.102808,0.567386,0.326943,-0.323593,0.401101,-0.401304
100,16.629,A,3,27.166853,8.503973,26.375638,8.265746,25.600023,7.772146,2.065361,0.967351,2.9971,-0.072503,2.9742,-0.052407,26.008839,8.520264,2.9964,0.446453,0.852532,1.158129,0.366799,-0.254518,1.158014,-0.016291
101,16.816,A,3,26.954224,7.603672,26.708339,8.253250,25.853296,7.760122,1.930393,0.180838,2.5329,-0.138822,2.1476,-0.162066,26.259659,8.577312,2.2235,0.553471,0.912650,1.195991,0.448680,-0.324061,0.694565,-0.973640
102,16.977,A,3,26.782179,7.043852,26.890811,7.960145,25.920178,7.771161,1.577111,-0.736864,1.9220,-0.103935,1.5863,-0.119869,26.511352,8.634153,1.6395,0.773484,1.046061,1.613197,0.379459,-0.674009,0.270826,-1.590302
103,17.141,A,3,27.862967,8.162099,26.890811,7.960145,26.109265,7.671456,1.416517,-0.685300,1.2654,-0.143768,0.7264,-0.092656,26.760598,8.693815,0.7705,0.745136,1.212210,1.223903,0.130213,-0.733670,1.102369,-0.531716
104,17.327,A,3,27.429063,7.824791,27.139644,7.817160,26.429425,7.748381,1.693521,-0.332798,0.5505,-0.139586,-0.1051,-0.156111,27.008778,8.752523,-0.0337,0.944473,1.159289,1.018492,0.130865,-0.935363,0.420285,-0.927732
105,17.487,A,3,27.586903,7.796915,27.407052,7.847546,26.638938,7.763877,1.616464,-0.335453,0.2424,-0.136929,-1.0144,-0.163036,27.252573,8.811124,-0.9393,0.975883,1.213785,1.067894,0.154479,-0.963579,0.334330,-1.014209
106,17.643,A,3,27.637104,7.427860,27.553337,7.812976,26.839227,7.771513,1.428742,-0.322622,-0.5089,-0.151462,-1.9862,-0.174824,27.490524,8.869582,-1.9063,1.058471,1.276692,1.449153,0.062813,-1.056606,0.146581,-1.441721
107,17.815,A,3,28.269647,8.463189,27.673119,7.718827,27.015361,7.721435,1.221857,-0.573244,-1.7490,-0.167573,-3.0149,-0.184557,27.721984,8.928721,-2.9307,1.210880,1.398877,0.718788,-0.048865,-1.209894,0.547663,-0.465532
108,18.012,A,3,28.493767,7.464473,27.844416,7.768940,27.257863,7.830385,1.190761,0.121635,-3.6429,-0.185335,-4.0951,-0.192040,27.947672,8.989225,-4.0069,1.224645,1.348609,1.619595,-0.103255,-1.220285,0.546096,-1.524752
109,18.207,A,3,28.283296,7.988805,28.090382,7.820771,27.497341,7.775555,1.305986,-0.220194,-4.6603,-0.193178,-5.2235,-0.199612,28.169305,9.051109,-5.1315,1.232867,1.441726,1.068402,-0.078924,-1.230338,0.113991,-1.062304
110,18.358,A,3,28.912278,7.573525,28.271763,7.778384,27.669637,7.804221,1.231669,-0.005301,-4.6603,-0.193174,-6.3997,-0.207602,28.388951,9.113680,-6.3038,1.340428,1.494019,1.626636,-0.117189,-1.335296,0.523326,-1.540154
111,18.529,A,3,29.093279,8.408653,28.457929,7.764263,27.907889,7.766054,1.376821,-0.188228,-6.2042,-0.203411,-7.6242,-0.217625,28.608141,9.176029,-7.5245,1.419735,1.574288,0.907868,-0.150212,-1.411766,0.485138,-0.767376
112,18.708,A,3,29.761066,7.772778,28.707456,7.829374,28.138006,7.855862,1.390653,0.388529,-7.1374,-0.210529,-8.8964,-0.225614,28.827193,9.237691,-8.7930,1.413398,1.544160,1.737264,-0.119737,-1.408317,0.933873,-1.464912
113,18.875,A,3,29.550014,8.960011,29.016677,7.916221,28.433048,7.838522,1.547832,0.165025,-9.6334,-0.210860,-10.1656,-0.182287,29.045490,9.298826,-10.0810,1.382906,1.583532,0.607734,-0.028813,-1.382605,0.504524,-0.338815
114,19.067,A,3,29.995780,7.968995,29.313461,8.079537,28.654863,7.999447,1.424959,0.915647,-10.5624,-0.156619,-10.9451,-0.183144,29.264992,9.356081,-10.8629,1.277464,1.487519,1.567820,0.048469,-1.276544,0.730787,-1.387087
115,19.220,A,3,29.918044,8.452162,29.565315,8.236115,28.909366,7.992035,1.663511,0.638237,-10.5624,-0.156629,-12.4744,-0.319521,29.489262,9.415237,-12.3259,1.181572,1.536810,1.054215,0.076053,-1.179122,0.428782,-0.963075
116,19.397,A,3,31.354013,8.508653,29.799646,8.256948,29.114937,8.055877,1.505640,0.722127,-12.1074,-0.263899,-13.7175,-0.124421,29.712281,9.471597,-13.6584,1.217787,1.536582,1.903298,0.087365,-1.214649,1.641732,-0.962944
117,19.578,A,3,30.513450,8.519649,30.164982,8.355111,29.503029,8.118765,2.045440,0.870337,-13.3096,-0.216420,-14.5753,-0.228839,29.932969,9.523899,-14.4725,1.191594,1.469438,1.159947,0.232013,-1.168788,0.580481,-1.004251
118,19.780,A,3,31.660742,8.401257,30.525016,8.432008,29.712275,8.174466,1.619780,0.693494,-15.1718,-0.223067,-16.0005,-0.133325,30.156156,9.579655,-15.8301,1.205467,1.473630,1.911125,0.368860,-1.147647,1.504586,-1.178398
119,19.930,A,3,31.454524,7.883011,30.833033,8.460959,30.059981,8.204048,1.939209,0.640776,-16.0776,-0.166782,-16.7245,-0.210931,30.378460,9.628617,-16.6296,1.253022,1.459735,2.050623,0.454574,-1.167658,1.076064,-1.745607
120,20.113,A,3,31.820835,8.718810,31.470382,8.326012,30.327525,8.151394,1.961434,0.568686,-17.3269,-0.170849,-17.7441,-0.141889,30.606172,9.676828,-17.6808,1.603609,1.550675,1.546999,0.864210,-1.350816,1.214663,-0.958018
121,20.276,A,3,31.948713,8.654823,31.732001,8.438309,30.610178,8.228511,1.793019,0.706137,-18.5410,-0.164711,-18.6763,-0.157898,30.839330,9.720045,-18.6038,1.561957,1.509035,1.537995,0.892671,-1.281736,1.109383,-1.065223
122,20.433,A,3,32.142172,8.826614,31.958512,8.546015,30.870368,8.285955,1.605426,0.881612,-19.2272,-0.156179,-19.5507,-0.148927,31.079057,9.759074,-19.4824,1.498316,1.487828,1.414106,0.879455,-1.213059,1.063115,-0.932460
123,20.614,A,3,32.612838,7.921286,31.958512,8.546015,31.120639,8.361231,1.463095,0.774810,-19.8958,-0.148551,-20.3810,-0.139394,31.324306,9.794550,-20.3162,1.400377,1.447717,2.273639,0.634206,-1.248535,1.288532,-1.873264
124,20.793,A,3,31.647759,8.225703,32.210945,8.494569,31.402966,8.291335,1.693853,0.260354,-20.5842,-0.141851,-21.1701,-0.134026,31.572821,9.827202,-21.1083,1.477537,1.545231,1.603252,0.638125,-1.332634,0.074939,-1.601500
125,20.983,A,3,32.265560,9.061881,32.309874,8.340907,31.499790,8.274880,1.240405,0.011122,-20.9249,-0.139266,-21.9223,-0.128184,31.822144,9.857494,-21.8634,1.593084,1.615110,0.910835,0.487730,-1.516587,0.443417,-0.795614
126,21.149,A,3,32.178687,9.050306,32.301944,8.424613,31.658420,8.385689,0.846720,0.566994,-21.6191,-0.133086,-22.6419,-0.123584,32.070710,9.885548,-22.5855,1.479121,1.555493,0.842193,0.231235,-1.460935,0.107977,-0.835242
127,21.314,A,3,33.687686,8.596662,32.349804,8.645684,31.800039,8.477783,0.497385,0.811782,-22.2305,-0.128349,-23.3305,-0.116675,32.318530,9.911233,-23.2765,1.265936,1.524340,1.898074,0.031273,-1.265550,1.369156,-1.314571
128,21.498,A,3,33.606473,8.814867,32.583241,8.733192,32.347603,8.539690,1.040988,0.737630,-23.7846,-0.115908,-23.9875,-0.113651,32.567172,9.934242,-23.9361,1.201157,1.411732,1.527464,0.016068,-1.201050,1.039300,-1.119376
129,21.668,A,3,33.261142,8.076150,32.972845,8.747083,32.408769,8.537950,1.256284,0.835154,-24.3283,-0.111443,-24.6109,-0.106813,32.818988,9.954097,-24.5623,1.216781,1.474365,1.929297,0.153856,-1.207014,0.442154,-1.877948
130,21.840,A,3,34.614755,7.596553,33.535482,8.360760,32.591374,8.466238,2.183351,-0.153188,-24.8913,-0.106324,-25.2002,-0.100217,33.075935,9.970186,-25.1543,1.673749,1.580082,2.828798,0.459546,-1.609426,1.538819,-2.373633
131,22.005,A,3,33.966339,9.014251,33.874727,8.296116,32.946807,8.330413,1.665467,0.510994,-25.3931,-0.100915,-25.7574,-0.093510,33.338597,9.981941,-25.7139,1.769023,1.697364,1.153465,0.536130,-1.685825,0.627741,-0.967690
132,22.199,A,3,33.798332,8.357367,33.997520,8.393541,33.155746,8.422973,1.356349,0.353346,-26.1379,-0.093446,-26.2869,-0.090634,33.605916,9.989166,-26.2454,1.642977,1.629606,1.643105,0.391603,-1.595625,0.192415,-1.631799
133,22.374,A,3,34.762181,8.194137,33.997520,8.393541,33.307095,8.406487,1.228928,0.308066,-26.6240,-0.089879,-26.7927,-0.084561,33.875745,9.992295,-26.7530,1.603385,1.684681,2.004780,0.121775,-1.598754,0.886437,-1.798158
134,22.534,A,3,34.898090,7.630376,34.186718,8.333597,33.577100,8.367432,1.454224,0.301023,-27.0219,-0.086624,-27.2764,-0.082459,34.145900,9.992333,-27.2385,1.659238,1.721580,2.478837,0.040819,-1.658736,0.752190,-2.361957
135,22.719,A,3,34.857541,7.954356,34.479867,8.160208,33.827745,8.248826,1.838366,-0.050443,-27.0219,-0.086634,-27.7373,-0.079907,34.415159,9.990403,-27.7013,1.831339,1.837974,2.083552,0.064708,-1.830195,0.442382,-2.036047
136,22.885,A,3,35.228435,8.473283,34.706612,7.987566,34.035202,8.193283,1.699094,-0.030173,-27.6131,-0.081540,-28.1738,-0.074394,34.683678,9.987118,-28.1398,1.999683,1.907450,1.608868,0.022934,-1.999552,0.544757,-1.513835
137,23.044,A,3,36.124354,8.358905,34.911192,8.015170,34.266276,8.222691,1.456642,0.454422,-27.9769,-0.077951,-28.5850,-0.068723,34.952733,9.982167,-28.5530,1.967436,1.888645,2.001918,-0.041542,-1.966997,1.171621,-1.623263
138,23.217,A,3,35.302410,8.621613,35.241421,8.123557,34.596513,8.232070,1.511870,0.755792,-28.7033,-0.070101,-28.9723,-0.064842,35.224074,9.974369,-28.9421,1.850893,1.851875,1.355022,0.017347,-1.850812,0.078336,-1.352756
139,23.386,A,3,35.781155,7.889738,35.496145,8.243496,34.757552,8.280344,1.093403,0.910778,-29.0623,-0.065735,-29.3386,-0.063099,35.499158,9.962257,-29.3100,1.718764,1.838154,2.091616,-0.003013,-1.718761,0.281997,-2.072519
140,23.574,A,3,36.469669,8.773903,35.873359,8.287404,34.963544,8.214001,1.239463,1.105492,-29.4846,-0.062280,-29.6864,-0.056922,35.778555,9.944932,-29.6592,1.660237,1.913208,1.359760,0.094804,-1.657528,0.691113,-1.171029
141,23.746,A,3,35.968678,8.782884,36.079318,8.469793,35.346260,8.359764,0.882440,1.181951,-29.9461,-0.057410,-30.0164,-0.054680,36.061741,9.922621,-29.9907,1.452934,1.718847,1.143530,0.017577,-1.452828,-0.093063,-1.139737
142,23.908,A,3,36.793865,8.450492,36.270550,8.550522,35.403626,8.355304,1.117543,1.100014,-30.1910,-0.056055,-30.3276,-0.051383,36.347325,9.896585,-30.3034,1.348251,1.807240,1.513467,-0.076775,-1.346063,0.446540,-1.446093
143,24.083,A,3,37.116592,8.992925,36.270550,8.550522,35.663055,8.364919,1.015513,0.988870,-30.4863,-0.052335,-30.6190,-0.050225,36.633622,9.868408,-30.5964,1.366984,1.789547,0.999865,-0.363072,-1.317886,0.482970,-0.875482
144,24.269,A,3,37.842869,8.525901,36.573798,8.640925,35.933039,8.454424,1.033838,1.298585,-30.7043,-0.049808,-30.8914,-0.046012,36.919342,9.839122,-30.8703,1.247028,1.700054,1.605445,-0.345543,-1.198198,0.923528,-1.313222
145,24.419,A,3,37.643374,8.394807,36.954712,8.714353,36.272202,8.463172,1.563910,1.346896,-30.8198,-0.048184,-31.1469,-0.043986,37.204073,9.808740,-31.1270,1.122437,1.636747,1.480605,-0.249362,-1.094388,0.439300,-1.413933
146,24.577,A,3,37.314219,8.685521,37.317827,8.653456,36.533816,8.450965,1.678276,1.057173,-31.0368,-0.045806,-31.3879,-0.042509,37.488420,9.776386,-31.3691,1.135815,1.633404,1.104686,-0.170593,-1.122930,-0.174201,-1.090865
147,24.758,A,3,38.668756,8.238392,37.501395,8.624401,36.707553,8.483542,1.337382,0.906589,-31.2906,-0.043173,-31.6159,-0.038675,37.773791,9.740823,-31.5981,1.149173,1.648521,1.748788,-0.272396,-1.116422,0.894964,-1.502431
148,24.949,A,3,38.800147,8.380709,37.770242,8.569159,37.055395,8.445078,1.653009,0.724139,-31.6946,-0.038046,-31.8300,-0.039023,38.061856,9.701088,-31.8135,1.168889,1.609511,1.512770,-0.291614,-1.131929,0.738291,-1.320379
149,25.126,A,3,39.141795,7.618084,38.182144,8.469521,37.373982,8.432247,1.824415,0.763610,-31.8887,-0.037420,-32.0284,-0.033114,38.353743,9.656925,-32.0132,1.199740,1.568365,2.185841,-0.171599,-1.187404,0.788052,-2.038841
150,25.302,A,3,39.771849,8.446990,38.558126,8.281888,37.697688,8.306849,2.374718,0.378915,-31.9659,-0.035359,-32.2097,-0.030107,38.649419,9.608823,-32.1958,1.330072,1.612740,1.615458,-0.091293,-1.326935,1.122430,-1.161833
151,25.491,A,3,39.745570,8.491825,38.974980,8.152666,38.068874,8.320519,2.349934,0.841226,-32.1336,-0.032767,-32.3728,-0.020465,38.947624,9.557697,-32.3621,1.405297,1.517501,1.331466,0.027356,-1.405031,0.797946,-1.065872
152,25.679,A,3,39.730190,8.456083,39.640012,8.287495,38.383619,8.339946,1.808485,1.117696,-32.1212,0.056115,-31.9604,0.076659,39.236536,9.504738,-31.9971,1.282370,1.443679,1.159040,0.403476,-1.217243,0.493654,-1.048655
153,25.850,A,3,39.398896,8.508554,39.767867,8.350638,38.650027,8.352697,1.297248,0.985274,-31.9536,-0.009945,-32.0156,-0.086938,39.521052,9.455805,-31.9770,1.132391,1.405536,0.955095,0.246815,-1.105166,-0.122156,-0.947251
154,26.033,A,3,40.891287,7.333954,39.767867,8.350638,38.826600,8.371983,1.198582,0.906117,-32.1671,-0.024432,-32.2343,0.059890,39.802022,9.408108,-32.2597,1.058021,1.423026,2.342779,-0.034155,-1.057469,1.089265,-2.074154
155,26.227,A,3,40.619621,8.391315,40.354509,8.062438,39.196592,8.213846,1.761510,0.766573,-31.8824,0.062570,-31.6723,0.044993,40.067268,9.359914,-31.6951,1.328891,1.439288,1.115024,0.287241,-1.297476,0.552353,-0.968600
156,26.436,A,3,40.795991,7.896688,40.591425,8.061697,39.473702,8.233661,1.727823,0.612713,-31.6627,0.019118,-31.6379,0.056452,40.338444,9.310957,-31.6618,1.274618,1.381428,1.486441,0.252981,-1.249260,0.457547,-1.414269
157,26.613,A,3,41.198762,7.512331,40.840674,7.912612,39.740982,8.177774,1.898790,0.340085,-31.1716,0.081863,-31.0254,0.073327,40.601540,9.259430,-31.0608,1.367882,1.382223,1.846356,0.239134,-1.346817,0.597222,-1.747099
158,26.789,A,3,41.477164,7.988710,40.840674,7.912612,40.004144,8.074756,1.714012,0.320280,-30.7832,0.086446,-30.5828,0.112526,40.867127,9.205729,-30.6344,1.293387,1.422616,1.361352,-0.026453,-1.293116,0.610037,-1.217019
159,26.961,A,3,41.234570,8.477868,41.111689,7.821556,40.285883,8.054976,1.626873,0.541841,-30.5431,0.093026,-29.9471,0.120186,41.128263,9.150316,-30.0033,1.328864,1.381801,0.680800,-0.016574,-1.328760,0.106307,-0.672449
160,27.113,A,3,42.032417,7.271721,41.304737,7.936431,40.503205,8.111217,1.233565,0.941113,-30.2443,0.104316,-29.2408,0.128752,41.384187,9.094725,-29.3007,1.161016,1.320385,1.934825,-0.079449,-1.158294,0.648230,-1.823004
161,27.278,A,3,42.733540,8.450752,41.519036,7.907619,40.780176,7.984551,1.661192,0.467421,-29.3824,0.121713,-28.4468,0.144449,41.632566,9.040269,-28.5133,1.138326,1.356875,1.248869,-0.113530,-1.132650,1.100974,-0.589517
162,27.480,A,3,42.119209,7.706504,42.174223,7.952684,41.145560,8.048976,1.504508,0.820282,-28.0262,0.147161,-27.5720,0.159186,41.872734,8.987606,-27.6448,1.077941,1.187353,1.304597,0.301489,-1.034921,0.246475,-1.281102
163,27.669,A,3,43.383320,8.153519,42.174223,7.952684,41.355704,7.997115,1.348245,0.762564,-27.3016,0.158239,-26.6197,0.172626,42.105557,8.936371,-26.6986,0.986081,1.201866,1.498512,0.068666,-0.983687,1.277764,-0.782852
164,27.853,A,3,42.937235,7.592148,42.469430,7.955098,41.721089,8.020098,1.571897,1.110570,-26.3886,0.170397,-25.5933,0.184961,42.333030,8.885335,-25.6781,0.940183,1.059768,1.427373,0.136400,-0.930237,0.604205,-1.293186
165,28.018,A,3,43.006928,7.452055,42.803583,7.937485,41.967993,7.958094,1.714264,0.798084,-25.9977,0.175058,-24.4969,0.196822,42.557555,8.832918,-24.5871,0.928618,1.054941,1.452144,0.246028,-0.895433,0.449374,-1.380864
166,28.179,A,3,42.695848,7.384622,42.985934,7.798955,42.187419,7.884084,1.644671,0.431373,-25.2211,0.184960,-23.3338,0.208814,42.780988,8.778024,-23.4292,1.000290,1.073058,1.396001,0.204946,-0.979070,-0.085140,-1.393403
167,28.340,A,3,44.488260,7.509757,43.321350,7.559413,42.326144,7.810288,1.846570,0.362775,-22.6440,0.210655,-22.1064,0.219369,43.003860,8.720663,-22.2070,1.203869,1.134937,1.915655,0.317490,-1.161249,1.484400,-1.210906
168,28.518,A,3,43.629949,7.714318,43.321350,7.559413,42.707763,7.766344,1.661685,0.363894,-21.6269,0.218818,-20.8164,0.229890,43.225157,8.661914,-20.9218,1.106689,1.034283,1.030434,0.096193,-1.102500,0.404792,-0.947596
169,28.690,A,3,44.339572,6.498410,43.648521,7.555565,42.907839,7.760057,1.406299,0.476965,-20.4353,0.229347,-19.4656,0.238780,43.442737,8.603267,-19.5758,1.067720,0.998558,2.287954,0.205784,-1.047701,0.896835,-2.104857
170,28.869,A,3,44.406294,7.321862,44.129206,7.187975,43.182496,7.575000,1.797998,0.049985,-18.7587,0.240946,-18.0580,0.250032,43.654357,8.545701,-18.1726,1.438368,1.079312,1.436382,0.474850,-1.357727,0.751938,-1.223839
171,29.050,A,3,45.017023,6.359647,44.420911,7.025004,43.426394,7.537160,2.131241,-0.381314,-16.9656,0.252463,-16.5989,0.257190,43.858779,8.489178,-16.7174,1.568374,1.045608,2.424136,0.562132,-1.464174,1.158244,-2.129532
172,29.227,A,3,44.881388,7.977746,44.705116,7.033588,43.891881,7.451759,1.693238,0.622144,-15.6934,0.260666,-15.0933,0.266010,44.056279,8.432843,-15.2153,1.542370,0.994763,0.942294,0.648837,-1.399256,0.825109,-0.455097
173,29.397,A,3,45.081991,8.140268,44.705116,7.033588,43.959008,7.453368,1.515162,0.602454,-14.4837,0.266466,-13.5448,0.274788,44.248573,8.375605,-13.6702,1.417548,0.966627,0.866007,0.456544,-1.342017,0.833418,-0.235337
174,29.594,A,3,45.782230,5.947444,44.919425,7.378121,44.186550,7.559763,1.225990,1.232863,-13.0379,0.273657,-11.9547,0.281222,44.438247,8.316741,-12.0835,1.054770,0.797727,2.723942,0.481178,-0.938620,1.343983,-2.369297
175,29.773,A,3,45.237081,7.301053,45.395018,7.076651,44.484322,7.328487,1.471163,0.244292,-11.0276,0.283462,-10.3222,0.287949,44.627621,8.256261,-10.4544,1.407259,0.938775,1.133077,0.767397,-1.179609,0.609460,-0.955208
176,29.936,A,3,45.421440,7.355135,45.487959,7.156489,44.767547,7.332165,1.198886,0.424759,-9.5827,0.289099,-8.6460,0.295512,44.817621,8.194772,-8.7817,1.235874,0.864059,1.034208,0.670338,-1.038283,0.603819,-0.839637
177,30.081,A,3,44.945392,6.440984,45.486448,7.071649,44.845921,7.208463,0.807021,-0.268368,-7.3306,0.298941,-6.9271,0.302598,45.007383,8.133001,-7.0661,1.164462,0.938530,1.693152,0.479065,-1.061352,-0.061991,-1.692017
178,30.254,A,3,45.603870,7.625301,45.486448,7.071649,45.005818,7.271397,0.736726,-0.219597,-5.7969,0.304876,-5.1687,0.311170,45.194707,8.071290,-5.3107,1.041343,0.821893,0.605244,0.291741,-0.999641,0.409163,-0.445989
179,30.417,A,3,45.984446,7.512475,45.491529,7.055891,45.057561,7.277894,0.637862,0.338554,-5.0530,0.308090,-3.3758,0.315872,45.377227,8.009424,-3.5204,0.960359,0.798325,0.784648,0.114301,-0.953533,0.607219,-0.496949
180,30.592,A,3,46.097686,6.974767,45.635965,7.239269,45.243798,7.321222,0.790863,0.609584,-4.1659,0.310824,-1.5529,0.323131,45.553587,7.946902,-1.6998,0.712412,0.698173,1.114043,0.082379,-0.707633,0.544100,-0.972135
181,30.763,A,3,46.745903,6.644708,45.807811,7.268682,45.418345,7.280499,0.881660,0.285134,-2.4981,0.315816,0.2972,0.324903,45.723946,7.883349,0.1482,0.620362,0.675885,1.605810,0.083865,-0.614667,1.021957,-1.238641
182,30.932,A,3,46.261950,7.048960,46.046212,7.133010,45.662513,7.196984,1.230180,-0.161051,-0.7530,0.320265,2.1738,0.329777,45.889897,7.818746,2.0227,0.703326,0.662036,0.854982,0.156314,-0.685736,0.372053,-0.769786
183,31.088,A,3,47.077801,6.489386,46.253192,7.036697,45.799268,7.184465,0.981826,-0.052777,3.3710,0.331087,4.0777,0.335197,46.053902,7.753406,3.9243,0.743901,0.623324,1.626689,0.199291,-0.716710,1.023899,-1.264020
184,31.256,A,3,47.206604,6.060073,46.454964,6.937330,46.037197,7.092127,1.247666,-0.402875,5.0087,0.334964,6.0092,0.339155,46.218222,7.687757,5.8537,0.786885,0.622531,1.904272,0.236742,-0.750427,0.988382,-1.627683
185,31.402,A,3,46.868540,7.052483,46.743053,6.688848,46.256660,6.947596,1.453912,-0.980340,5.0087,0.334950,7.5989,0.202532,46.388092,7.624177,7.5082,1.000419,0.689228,0.746769,0.354961,-0.935329,0.480448,-0.571694
186,31.559,A,3,46.983917,6.734301,46.930653,6.606029,46.397006,6.969533,1.289301,-0.384564,7.3076,0.269479,9.2691,0.369483,46.563418,7.563136,9.1014,1.025141,0.616488,0.929402,0.367235,-0.957107,0.420499,-0.828835
187,31.723,A,3,46.800200,6.616874,47.028415,6.679232,46.527891,6.942311,1.110704,-0.247018,8.6228,0.299262,11.4690,0.312517,46.744458,7.501199,11.3237,0.869633,0.599380,0.886080,0.283957,-0.821967,0.055742,-0.884325
188,31.903,A,3,47.484157,6.547272,47.070602,6.670767,46.611961,6.901961,0.730393,-0.175653,12.0830,0.267424,12.8048,0.237531,46.927873,7.447414,12.6978,0.789653,0.630333,1.058162,0.142729,-0.776647,0.556283,-0.900142
189,32.053,A,3,46.664235,6.995619,47.156183,6.637112,46.773588,6.855720,0.832635,-0.243504,13.1891,0.274591,14.6204,0.337102,47.110322,7.389436,14.4637,0.753721,0.631065,0.595051,0.045861,-0.752324,-0.446088,-0.393817
190,32.239,A,3,48.283795,6.823552,47.329814,6.770972,46.807790,6.884840,1.063969,0.045416,15.4211,0.244986,16.0025,0.206106,47.291195,7.335238,15.9098,0.565586,0.660711,1.116727,0.038618,-0.564266,0.992600,-0.511686
191,32.400,A,3,48.105013,6.015978,47.638212,6.667881,47.051905,6.882071,1.062135,-0.606070,17.2400,0.262559,17.5611,0.254089,47.472579,7.280695,17.4424,0.634803,0.579541,1.414030,0.165633,-0.612814,0.632434,-1.264716
192,32.548,A,3,48.961086,5.764282,47.976069,6.394982,47.254040,6.764577,1.380569,-1.242320,18.4396,0.251319,18.8974,0.247095,47.657229,7.231232,18.7827,0.894971,0.616708,1.962648,0.318840,-0.836250,1.303857,-1.466950
193,32.705,A,3,48.476729,5.861381,48.282330,6.167345,47.547654,6.623562,1.296016,-1.381531,19.6565,0.233690,20.1956,0.222280,47.848848,7.185933,20.0929,1.106990,0.637949,1.465835,0.433482,-1.018588,0.627882,-1.324552
194,32.859,A,3,48.895000,5.940598,48.282330,6.167345,47.720349,6.514524,1.199860,-1.221588,20.8263,0.223606,21.4449,0.213124,48.049508,7.145606,21.3473,1.005584,0.711766,1.472040,0.232822,-0.978260,0.845492,-1.205008
195,33.038,A,3,48.369130,6.120497,48.517377,6.028792,47.937217,6.431994,1.342049,-1.282940,20.8263,0.223607,22.6322,0.202687,48.258847,7.110071,22.5394,1.111756,0.750490,0.995700,0.258530,-1.081279,0.110283,-0.989574
196,33.206,A,3,49.405615,7.261403,48.679175,5.978694,48.054391,6.387157,1.058478,-0.897575,21.9195,0.213743,23.7604,0.193275,48.474200,7.078628,23.6722,1.118869,0.808932,0.949179,0.204975,-1.099933,0.931415,0.182775
197,33.366,A,3,49.591534,5.846207,48.846175,6.203021,48.287709,6.517714,1.647780,0.063240,23.4631,0.199361,24.8347,0.182884,48.691821,7.050516,24.7507,0.861437,0.668719,1.503278,0.154354,-0.847495,0.899713,-1.204309
198,33.521,A,3,48.808650,5.387604,49.139165,6.341244,48.523456,6.424885,1.518381,-0.471902,24.4341,0.190748,25.8596,0.173888,48.908671,7.025114,25.7794,0.721669,0.713208,1.640562,0.230494,-0.683870,-0.100021,-1.637510
199,33.696,A,3,49.634826,5.756309,49.256084,6.111535,48.619620,6.275837,0.740284,-0.836550,26.1225,0.175003,26.8372,0.165994,49.123694,7.001990,26.7607,0.900243,0.883962,1.346468,0.132390,-0.890455,0.511132,-1.245681
200,33.862,A,3,50.276051,6.269713,49.599283,5.918419,48.813332,6.199694,1.268946,-0.728436,27.5051,0.162233,27.7670,0.156336,49.338164,6.981078,27.6944,1.094270,0.941281,1.177146,0.261120,-1.062659,0.937888,-0.711365
201,34.019,A,3,50.095860,7.021805,49.868274,6.163111,49.221169,6.327667,1.618945,0.051511,28.3553,0.154891,28.6481,0.149740,49.555078,6.962981,28.5794,0.859002,0.717718,0.543972,0.313196,-0.799870,0.540782,0.058824
202,34.173,A,3,49.945814,6.604755,50.012229,6.420711,49.367669,6.372686,1.451234,0.228611,29.0236,0.148586,29.4810,0.141111,49.777662,6.949033,29.4161,0.578054,0.707299,0.383148,0.234567,-0.528323,0.168152,-0.344278
203,34.330,A,3,50.166199,6.526968,50.012229,6.420711,49.414925,6.380315,1.308693,0.225370,29.7132,0.141899,30.2711,0.133490,50.006577,6.940125,30.2092,0.519445,0.814518,0.442920,0.005651,-0.519415,0.159621,-0.413157
204,34.495,A,3,51.270765,6.618867,50.110397,6.527037,49.569333,6.410080,1.186760,0.185984,30.5146,0.135719,31.0295,0.129282,50.233872,6.932487,30.9698,0.423834,0.845294,1.083284,-0.123475,-0.405450,1.036893,-0.313620
205,34.708,A,3,51.117474,6.947881,50.698153,6.714971,50.045186,6.522298,1.763905,-0.009867,31.5107,0.128520,31.7618,0.125261,50.457375,6.925680,31.7041,0.319957,0.576730,0.660472,0.240778,-0.210710,0.660098,0.022200
206,34.913,A,3,51.467371,6.347978,50.975456,6.744458,50.095221,6.535132,1.607149,-0.485054,32.1628,0.125472,32.4694,0.121175,50.676400,6.919448,32.4138,0.346491,0.696754,0.975815,0.299056,-0.174989,0.790972,-0.571470
207,35.098,A,3,51.681159,5.799403,51.258268,6.548207,50.538046,6.415835,1.257322,-1.161578,33.0040,0.119344,33.1502,0.116006,50.890590,6.912845,33.0968,0.517830,0.609349,1.365560,0.367678,-0.364639,0.790569,-1.113443
208,35.262,A,3,51.575580,5.960282,51.258268,6.548207,50.591124,6.424497,1.148826,-1.036490,33.5541,0.115821,33.8009,0.110767,51.100052,6.904883,33.7500,0.390193,0.699841,1.057544,0.158216,-0.356677,0.475528,-0.944601
209,35.433,A,3,51.849529,6.304525,51.478782,6.315321,50.786164,6.364017,0.916228,-1.207587,34.0247,0.111247,34.4208,0.104401,51.305188,6.895240,34.3723,0.605344,0.742687,0.803276,0.173594,-0.579919,0.544341,-0.590715
210,35.609,A,3,52.013511,5.974535,51.842311,6.167363,50.992501,6.362128,0.890734,-1.192610,34.8441,0.104259,35.0129,0.102658,51.506446,6.884503,34.9664,0.791893,0.732813,1.041708,0.335865,-0.717140,0.507065,-0.909968
211,35.786,A,3,53.086020,6.115472,52.153043,6.099464,51.192629,6.311237,1.293346,-1.345231,35.3104,0.100756,35.5821,0.097376,51.704196,6.873778,35.5373,0.895001,0.760364,1.576219,0.448847,-0.774314,1.381824,-0.758307
212,35.965,A,3,53.392305,6.160096,52.590263,6.090118,51.522706,6.287910,1.602384,-1.393202,35.8226,0.097316,36.1326,0.095126,51.898763,6.863994,36.0892,1.037813,0.687961,1.651103,0.691501,-0.773876,1.493542,-0.703898
213,36.150,A,3,52.747024,6.235308,52.590263,6.090118,51.852790,6.274568,1.460355,-1.245491,36.5096,0.093964,36.6647,0.094186,52.090458,6.855333,36.6229,0.913980,0.627514,0.903057,0.499806,-0.765215,0.656567,-0.620026
214,36.340,A,3,52.978252,6.570731,52.867902,6.113854,52.040220,6.274219,1.313770,-0.971469,36.9375,0.091476,37.1761,0.089062,52.279472,6.847184,37.1360,0.940225,0.620912,0.751478,0.588430,-0.733330,0.698780,-0.276454
215,36.522,A,3,52.511089,6.193617,53.032002,6.284627,52.272937,6.305262,0.937137,-0.423125,37.6037,0.085149,37.6640,0.082782,52.465704,6.838593,37.6258,0.792194,0.567099,0.646570,0.566298,-0.553966,0.045385,-0.644976
216,36.705,A,3,53.539541,5.786954,53.114008,6.198240,52.501216,6.235598,0.798176,-0.840205,37.9333,0.102569,38.2574,0.173115,52.649285,6.828069,38.1801,0.782721,0.610693,1.369846,0.464723,-0.629829,0.890256,-1.041115
217,36.877,A,3,54.196248,6.506236,53.413544,6.183361,52.792081,6.278507,1.294197,-0.779096,38.8050,0.160396,39.2848,0.110652,52.828472,6.811451,39.2330,0.858374,0.534185,1.401415,0.585072,-0.628090,1.367775,-0.305215
218,37.060,A,3,53.312623,5.032636,53.413544,6.183361,52.847852,6.284927,1.177482,-0.691425,39.4450,0.076387,39.4838,0.026663,53.010256,6.804642,39.4731,0.740697,0.544498,1.797618,0.403288,-0.621281,0.302367,-1.772006
219,37.247,A,3,53.160522,7.311006,53.604119,6.037766,52.968116,6.103974,0.365583,-1.206424,39.6520,0.078900,40.2615,0.234042,53.186669,6.792964,40.1565,0.862895,0.722823,0.518701,0.417450,-0.755198,-0.026147,0.518042
220,37.435,A,3,54.055615,5.551440,53.652308,6.192477,53.044281,6.285593,0.583602,-0.666803,40.6595,0.142281,41.1332,0.070805,53.360087,6.778913,41.0995,0.655210,0.585746,1.410834,0.292221,-0.586436,0.695528,-1.227474
221,37.639,A,3,52.793434,6.203409,53.635934,6.093080,53.239261,6.182932,0.173755,-0.153286,41.6099,0.156775,41.8236,0.213397,53.533765,6.769765,41.7274,0.684355,0.656586,0.932121,0.102168,-0.676686,-0.740332,-0.566356
222,37.863,A,3,54.070920,6.778232,53.612668,6.231984,53.219811,6.190162,0.719213,0.072569,42.4225,0.137945,42.7800,0.101737,53.706052,6.755761,42.7345,0.532036,0.745877,0.365560,-0.093384,-0.523777,0.364869,0.022471
223,38.043,A,3,54.415947,6.349608,53.612668,6.231984,53.381572,6.282373,0.649004,0.075921,43.2515,0.178972,43.8097,0.171481,53.878446,6.742308,43.7290,0.575385,0.677069,0.665673,-0.265777,-0.510324,0.537502,-0.392700
224,38.225,A,3,54.481949,6.977775,53.827367,6.368582,53.565230,6.298499,0.823118,-0.167010,44.0781,0.175735,44.8120,0.182383,54.050731,6.729739,44.7280,0.424648,0.649369,0.497464,-0.223364,-0.361157,0.431218,0.248036
225,38.416,A,3,54.172476,6.607445,54.058918,6.508569,53.738581,6.407362,1.284151,-0.011116,44.5089,0.178496,45.8245,0.197772,54.221739,6.717164,45.8245,0.264617,0.573950,0.120271,-0.162821,-0.208595,-0.049263,-0.109719
226,38.604,A,3,54.840335,5.999777,54.341175,6.575261,53.840183,6.448126,0.765743,-0.633412,46.5097,0.200668,47.0932,0.209525,54.390856,6.704839,46.9966,0.138775,0.607570,0.836148,-0.049680,-0.129578,0.449479,-0.705062
227,38.773,A,3,54.632864,6.720006,54.526130,6.530930,54.033206,6.396046,0.859825,-0.460279,48.0204,0.214464,48.3332,0.220695,54.557932,6.692408,48.2319,0.164580,0.602634,0.079853,-0.031801,-0.161479,0.074932,0.027598
228,38.937,A,3,54.547286,5.459410,54.526130,6.530930,54.149937,6.452095,0.785768,-0.399662,49.1786,0.223607,49.6293,0.229698,54.723402,6.679241,49.5237,0.246804,0.616813,1.232479,-0.197272,-0.148311,-0.176116,-1.219831
229,39.130,A,3,55.492571,5.952404,54.787611,6.136574,54.252521,6.318129,0.265407,-1.285167,50.2941,0.231797,50.9761,0.241012,54.887934,6.665077,50.8665,0.537940,0.723963,0.934606,-0.100323,-0.528502,0.604637,-0.712673
230,39.292,A,3,55.988500,5.966540,55.144192,6.038880,54.471608,6.271489,0.566016,-1.559979,51.9640,0.241728,52.3710,0.247031,55.051927,6.650281,52.2576,0.618323,0.693003,1.159599,0.092265,-0.611400,0.936573,-0.683740
231,39.445,A,3,55.189651,6.492514,55.371363,6.075178,54.732270,6.233215,0.764941,-1.014826,53.3435,0.249616,53.8146,0.255920,55.215297,6.635657,53.6973,0.581802,0.628708,0.145422,0.156066,-0.560479,-0.025646,-0.143142
232,39.597,A,3,55.082664,5.483630,55.394417,6.030585,54.838845,6.278688,0.151790,-1.033826,54.7589,0.257807,55.3078,0.264681,55.377661,6.621978,55.1866,0.591630,0.638883,1.175950,0.016756,-0.591392,-0.294997,-1.138348
233,39.754,A,3,55.244953,6.536195,55.394417,6.030585,54.912174,6.168609,0.161639,-0.930616,55.8255,0.264634,56.8498,0.273047,55.538733,6.609525,56.7247,0.596655,0.766148,0.302794,-0.144316,-0.578939,-0.293780,-0.073330
234,39.921,A,3,55.788380,6.106274,55.399700,6.010533,54.995834,6.228827,0.478960,-0.471548,57.2516,0.272174,58.4366,0.279558,55.698547,6.597943,58.3081,0.659060,0.793758,0.499808,-0.298847,-0.587410,0.089833,-0.491669
235,40.081,A,3,56.607153,5.902410,55.492207,6.112694,55.145999,6.218414,0.558310,-0.601652,57.9277,0.274609,59.5774,0.183741,55.860642,6.594029,59.4942,0.606159,0.807343,1.017652,-0.368436,-0.481335,0.746511,-0.691619
236,40.246,A,3,56.083202,5.826103,56.000268,6.014714,55.495150,6.128592,0.466584,-1.049840,60.1926,0.250367,61.1251,0.345708,56.025735,6.598955,60.9679,0.584796,0.709057,0.774985,-0.025467,-0.584241,0.057467,-0.772852
237,40.402,A,3,56.248843,5.838999,56.129631,5.949356,55.636934,6.092051,0.382096,-1.022247,62.4080,0.276683,62.9020,0.221866,56.192560,6.613109,62.7977,0.666730,0.761723,0.776154,-0.062929,-0.663754,0.056283,-0.774110
238,40.573,A,3,56.709915,7.066164,56.129631,5.949356,55.675245,6.097649,0.367386,-0.915498,63.6153,0.204701,63.9247,0.221970,56.358897,6.638072,63.8239,0.725874,0.871456,0.553603,-0.229266,-0.688717,0.351018,0.428092
239,40.738,A,3,56.838398,6.629220,56.312738,6.124692,55.863044,6.248462,1.185552,-0.596938,64.5506,0.256998,65.5316,0.251305,56.529698,6.665888,65.4148,0.583065,0.786557,0.310869,-0.216960,-0.541196,0.308699,-0.036667
240,40.902,A,3,56.077828,6.069886,56.530287,6.407965,56.042499,6.316735,1.394679,-0.641403,64.5506,0.257000,66.5710,0.201957,56.697388,6.702993,66.4805,0.339064,0.760313,0.885821,-0.167101,-0.295028,-0.619560,-0.633106
241,41.067,A,3,56.932847,6.602443,56.584512,6.445204,56.082734,6.292781,0.743604,-0.411567,66.4579,0.199813,67.8971,0.175064,56.867862,6.746642,67.8154,0.413705,0.906872,0.158165,-0.283350,-0.301438,0.064985,-0.144199
242,41.246,A,3,57.330510,6.940267,56.620340,6.453734,56.240628,6.350733,0.865401,-0.468803,67.4304,0.212326,69.0236,0.209214,57.036927,6.802600,68.9267,0.543370,0.915574,0.324258,-0.416586,-0.348866,0.293583,0.137667
243,41.406,A,3,57.406904,5.875072,56.823245,6.604500,56.434050,6.451914,1.080271,-0.488160,69.3693,0.200621,70.1200,0.189724,57.207739,6.871335,70.0333,0.468013,0.880062,1.015976,-0.384493,-0.266835,0.199165,-0.996263
244,41.586,A,3,57.601768,7.438128,57.043090,6.583057,56.611733,6.381870,0.469080,-0.864554,70.7270,0.187738,71.1767,0.181005,57.381093,6.953528,71.0940,0.501493,0.958493,0.532479,-0.338004,-0.370471,0.220674,0.484599
245,41.740,A,3,57.404352,6.324453,57.249033,6.643409,56.791941,6.552396,1.238236,-0.753473,70.7270,0.187747,72.1834,0.170679,57.556998,7.048113,72.1047,0.508554,0.911618,0.739584,-0.307965,-0.404704,-0.152646,-0.723660
246,41.909,A,3,57.563100,7.005661,57.398762,6.763059,56.916789,6.535787,0.684851,-0.790143,71.7295,0.178731,73.1438,0.164323,57.734145,7.153068,73.0685,0.514382,1.024259,0.225799,-0.335383,-0.390008,-0.171045,-0.147407
247,42.102,A,3,57.434691,6.483681,57.555745,6.793114,57.045490,6.621469,0.413678,-0.577351,73.8253,0.160915,74.0636,0.156791,57.910516,7.266277,73.9914,0.591394,1.078911,0.915897,-0.354771,-0.473164,-0.475826,-0.782597
248,42.272,A,3,57.449240,6.468791,57.555745,6.793114,57.135314,6.617826,0.381830,-0.516126,74.5916,0.155781,74.9473,0.152377,58.084597,7.386231,74.8779,0.794653,1.221305,1.115964,-0.528852,-0.593117,-0.635358,-0.917440
249,42.434,A,3,58.766306,6.869196,57.571034,6.705970,57.212369,6.610955,0.121831,-0.453245,75.3406,0.150770,75.7955,0.145435,58.256248,7.512465,75.7290,1.058278,1.379277,0.820948,-0.685213,-0.806495,0.510058,-0.643269
250,42.618,A,3,58.291935,7.931927,57.770907,6.700969,57.472244,6.663975,0.453935,-0.988020,75.3406,0.150772,76.6058,0.139602,58.426682,7.645768,76.5424,1.150081,1.369259,0.316296,-0.655775,-0.944799,-0.134746,0.286159
251,42.784,A,3,58.265373,7.354086,58.194776,7.245249,57.625594,6.868125,1.279362,-0.671112,77.1663,0.135776,77.3754,0.130630,58.597538,7.787945,77.3154,0.675823,1.338187,0.546414,-0.402762,-0.542696,-0.332166,-0.433859
252,42.944,A,3,59.603703,7.527296,58.487044,7.387282,58.021238,7.043131,1.413275,-1.237727,77.8211,0.130300,78.1048,0.123734,58.769641,7.941021,78.0478,0.621682,1.168894,0.931036,-0.282597,-0.553739,0.834062,-0.413726
253,43.128,A,3,58.815825,7.885922,58.487044,7.387282,58.058572,7.066094,1.290985,-1.103206,78.5256,0.123360,78.7989,0.118071,58.942408,8.106209,78.7445,0.851006,1.364919,0.254065,-0.455365,-0.718926,-0.126583,-0.220286
254,43.304,A,3,59.539832,7.773630,58.996771,7.738602,58.205970,7.210749,1.432428,-1.211575,79.2044,0.118401,79.4648,0.112495,59.114317,8.283208,79.4124,0.557148,1.405441,0.663877,-0.117546,-0.544607,0.425515,-0.509578
255,43.461,A,3,59.756732,8.082051,59.287336,7.886232,58.630832,7.430736,1.489464,-1.303276,79.9536,0.112742,80.1061,0.109993,59.284011,8.470233,80.0557,0.584010,1.227679,0.611678,0.003325,-0.584001,0.472721,-0.388182
256,43.619,A,3,58.373188,7.445022,59.320316,7.918504,58.627869,7.456878,0.737175,-0.625856,80.5913,0.107813,80.7212,0.105021,59.451178,8.664761,80.6731,0.757644,1.461786,1.627829,-0.130863,-0.746257,-1.077990,-1.219739
257,43.815,A,3,59.780142,9.225794,59.321765,8.123909,58.825168,7.735317,1.728508,-0.646436,81.1319,0.103588,81.3055,0.098374,59.616565,8.864657,81.2600,0.797255,1.379028,0.396456,-0.294800,-0.740748,0.163577,0.361137
258,43.983,A,3,59.986726,8.467864,59.321765,8.123909,58.862013,7.768415,1.568239,-0.568571,81.6056,0.098551,81.8553,0.092499,59.781208,9.069085,81.8126,1.050927,1.592690,0.635378,-0.459443,-0.945177,0.205519,-0.601222
259,44.141,A,3,60.284384,8.202975,59.546673,8.451903,59.062509,7.903416,1.438534,-0.751370,82.0645,0.092485,82.3707,0.088502,59.945564,9.278833,82.3306,0.918111,1.634490,1.127949,-0.398891,-0.826930,0.338820,-1.075858
260,44.309,A,3,60.406899,9.204212,59.787757,8.504791,59.278775,7.979533,1.106496,-1.067647,82.2628,0.090736,82.8566,0.080847,60.109172,9.495884,82.8187,1.041908,1.728837,0.416790,-0.321415,-0.991093,0.297727,-0.291672
261,44.474,A,3,61.251123,9.789835,60.030831,8.650224,59.482272,8.192734,1.520782,-1.087074,82.6830,0.085973,83.3197,0.079027,60.271073,9.722420,83.2834,1.098782,1.721089,0.982366,-0.240242,-1.072196,0.980050,0.067414
262,44.644,A,3,59.925778,9.722129,60.355649,9.026376,59.782024,8.464737,2.119672,-1.407082,83.0296,0.083993,83.7639,0.077337,60.430639,9.959710,83.7291,0.936341,1.629615,0.557969,-0.074990,-0.933334,-0.504861,-0.237581
263,44.807,A,3,60.290915,9.029458,60.524027,9.390703,59.842470,8.689952,1.898272,-0.710975,84.0774,0.074376,84.1876,0.074387,60.588076,10.207450,84.1546,0.819255,1.690778,1.214895,-0.064049,-0.816747,-0.297161,-1.177992
264,44.976,A,3,61.139620,10.433828,60.486898,9.506996,59.944925,8.780229,1.233511,-0.565195,84.2701,0.073746,84.5861,0.068193,60.744192,10.463886,84.5553,0.990877,1.863741,0.396569,-0.257294,-0.956890,0.395428,-0.030058
265,45.140,A,3,60.441153,10.299144,60.614859,9.688375,60.149048,9.056188,1.897427,-0.789404,84.4542,0.071716,84.9560,0.063977,60.899649,10.726614,84.9275,1.076590,1.831318,0.626857,-0.284790,-1.038239,-0.458496,-0.427471
266,45.301,A,3,61.150797,10.811060,60.800567,10.328238,60.233403,9.290788,2.093405,-0.585584,85.1807,0.047896,85.2113,-0.017851,61.053668,10.993107,85.2177,0.711415,1.889636,0.206337,-0.253102,-0.664869,0.097129,-0.182046
267,45.446,A,3,61.207173,10.553276,60.961780,10.574358,60.518778,9.704392,1.791655,-0.671795,85.1477,-0.018924,84.9393,0.010186,61.201071,11.248623,84.9357,0.715467,1.688246,0.695374,-0.239291,-0.674265,0.006102,-0.695348
268,45.591,A,3,61.120619,12.489341,60.961780,10.574358,60.555206,9.754592,1.621296,-0.602502,85.2355,0.076888,85.4561,0.116195,61.349380,11.500285,85.3995,1.003780,1.917851,1.015167,-0.387599,-0.925927,-0.228761,0.989057
269,45.783,A,3,61.511543,11.625698,61.076715,11.029704,60.671439,10.208811,2.705420,-0.436576,85.4725,0.056914,85.5190,-0.092814,61.492279,11.745262,85.5577,0.827477,1.741970,0.121106,-0.415564,-0.715559,0.019264,-0.119564
270,45.955,A,3,62.393785,12.027979,61.201117,11.540158,60.828050,10.473397,2.616293,-0.606313,85.5943,0.011502,85.3336,0.047031,61.629192,11.989363,85.3138,0.620511,1.714638,0.765568,-0.428075,-0.449205,0.764593,0.038616
271,46.113,A,3,61.897846,12.056348,61.479208,11.810919,61.093448,10.759690,2.501697,-1.097132,85.4176,-0.012870,85.3610,-0.087039,61.767038,12.240223,85.3993,0.516863,1.626562,0.225656,-0.287830,-0.429304,0.130808,-0.183875
272,46.259,A,3,62.140477,12.432182,61.751233,12.047008,61.248759,11.008865,2.165356,-1.051289,85.4208,-0.019616,85.0753,-0.005262,61.900224,12.492208,85.0786,0.469469,1.620097,0.247639,-0.148991,-0.445199,0.240254,-0.060026
273,46.423,A,3,62.159545,13.378271,61.916776,12.255648,61.417268,11.277077,1.837938,-0.959216,85.0104,-0.042470,84.7525,-0.071627,62.032095,12.744711,84.7871,0.502474,1.591213,0.646253,-0.115318,-0.489062,0.127451,0.633561
274,46.593,A,3,62.825155,12.206997,62.069878,12.611757,61.564056,11.647126,2.285379,-0.862533,84.5897,-0.060214,84.3513,-0.092442,62.160616,12.991815,84.3953,0.390740,1.471078,1.028373,-0.090738,-0.380058,0.664539,-0.784818
275,46.754,A,3,62.623100,12.835115,62.277801,12.809650,61.788712,11.790033,1.582025,-1.219926,84.5897,-0.060227,83.8660,-0.089921,62.284741,13.229553,83.9080,0.419960,1.522584,0.519681,-0.006940,-0.419903,0.338359,-0.394439
276,46.909,A,3,63.240244,13.834677,62.718532,13.089490,61.952005,12.001829,1.910286,-1.278509,83.4489,-0.097547,83.3010,-0.106157,62.404254,13.456947,83.3490,0.483524,1.523777,0.917365,0.314278,-0.367457,0.835989,0.377730
277,47.073,A,3,62.825687,12.821375,62.907873,13.266250,62.276631,12.400993,1.202158,-1.131370,82.9528,-0.110178,82.6607,-0.120650,62.519687,13.675914,82.7147,0.564369,1.297882,0.907674,0.388186,-0.409663,0.306000,-0.854539
278,47.241,A,3,62.627952,14.922461,62.907873,13.266250,62.321286,12.459524,1.074558,-1.035377,82.3193,-0.122320,81.9454,-0.134396,62.632178,13.890480,82.0054,0.682401,1.464340,1.031990,0.275695,-0.624230,-0.004226,1.031981
279,47.412,A,3,63.330142,13.902765,62.946140,13.568721,62.408407,12.879946,2.101126,-0.618841,81.7404,-0.132977,81.1570,-0.142141,62.742681,14.105296,81.2227,0.573854,1.270127,0.621393,0.203460,-0.536575,0.587461,-0.202530
280,47.564,A,3,62.573185,14.210085,63.077290,14.121721,62.585987,13.089716,1.677825,-0.388348,80.6909,-0.145574,80.3012,-0.154254,62.851404,14.323553,80.3720,0.302919,1.262062,0.300468,0.225885,-0.201832,-0.278219,-0.113468
281,47.720,A,3,62.625209,13.534258,62.993715,14.135938,62.625020,13.344460,0.833599,-0.223495,79.5705,-0.158712,79.3849,-0.164547,62.957964,14.545539,79.4603,0.411158,1.246372,1.064620,0.035751,-0.409601,-0.332755,-1.011281
282,47.882,A,3,63.112581,14.254172,62.992720,14.122209,62.663045,13.399564,0.849824,-0.262213,78.7890,-0.166241,78.4117,-0.173114,63.061855,14.768632,78.4916,0.650110,1.425972,0.516955,-0.069135,-0.646423,0.050726,-0.514460
283,48.074,A,3,63.233458,14.981990,62.992720,14.122209,62.765686,13.576271,0.764046,-0.250011,77.8573,-0.171312,77.4231,-0.132661,63.162851,14.988441,77.4860,0.882782,1.466957,0.070902,-0.170131,-0.866233,0.070608,-0.006452
284,48.239,A,3,64.075678,14.740125,63.073544,14.347266,62.870541,13.833565,1.235225,-0.224645,77.2269,-0.071272,77.2517,0.005962,63.267919,15.196769,77.2466,0.871457,1.419942,0.927900,-0.194375,-0.849504,0.807759,-0.456644
285,48.399,A,3,63.517582,16.071357,63.484726,14.958913,63.084760,14.017057,2.231554,-0.406580,76.7370,-0.116097,76.5498,-0.144846,63.363486,15.395284,76.6166,0.452900,1.406129,0.693412,0.121240,-0.436371,0.154096,0.676073
286,48.567,A,3,64.229250,15.348096,63.664833,15.327803,63.188124,14.372760,2.008333,-0.731605,76.0436,-0.129451,75.7582,-0.132016,63.459586,15.587128,75.8185,0.330720,1.244340,0.805928,0.205247,-0.259325,0.769664,-0.239032
287,48.750,A,3,63.770970,15.501949,63.838718,15.480110,63.435510,14.701752,1.730790,-0.620178,75.3492,-0.123769,75.0509,-0.116727,63.555439,15.771756,75.1042,0.406577,1.076704,0.345325,0.283279,-0.291646,0.215531,-0.269807
288,48.903,A,3,64.049628,16.119509,63.838718,15.480110,63.477303,14.756993,1.557557,-0.579607,74.7337,-0.113077,74.4330,-0.098650,63.650553,15.953948,74.4791,0.509831,1.209428,0.432055,0.188165,-0.473837,0.399076,0.165561
289,49.061,A,3,63.133268,15.663754,63.937918,15.701532,63.598555,15.006105,1.737766,-0.506735,74.1785,-0.099777,73.9048,-0.086679,63.745405,16.137333,73.9439,0.476428,1.140719,0.773943,0.192513,-0.435801,-0.612137,-0.473578
290,49.224,A,3,64.362965,15.508981,63.904031,15.868581,63.559188,15.142963,1.316267,-0.067599,74.0186,-0.095127,73.4583,-0.074159,63.841212,16.322615,73.4913,0.458359,1.212896,0.966553,0.062820,-0.454033,0.521753,-0.813633
291,49.401,A,3,63.646814,16.769855,63.973094,16.017922,63.716620,15.252135,1.396507,0.002851,73.2737,-0.072541,73.0810,-0.061781,63.939020,16.507565,73.1089,0.490828,1.274977,0.392658,0.034074,-0.489644,-0.292206,0.262290
292,49.565,A,3,64.453811,16.967031,64.031422,16.385386,63.738941,15.521765,1.807092,-0.110795,72.8520,-0.054686,72.7797,-0.042594,64.040049,16.687643,72.7988,0.302380,1.204133,0.499256,-0.008627,-0.302257,0.413761,0.279389
293,49.728,A,3,64.208481,16.754705,64.031422,16.385386,63.875577,15.782480,1.632985,-0.107738,72.6383,-0.033819,72.6264,-0.013393,64.149781,16.856836,72.6327,0.486080,1.108796,0.117798,-0.118358,-0.471450,0.058700,-0.102131
294,49.905,A,3,64.085969,16.666173,64.156648,16.648669,63.955652,15.974233,1.530327,-0.107512,72.5837,-0.011012,72.6405,0.017179,64.264160,17.014156,72.6329,0.380972,1.084720,0.390953,-0.107513,-0.365487,-0.178191,-0.347983
295,50.073,A,3,64.504714,16.547419,64.195953,16.770809,64.004082,16.123852,1.310461,-0.071369,72.5956,0.000530,72.8330,0.050850,64.378140,17.161499,72.8109,0.431081,1.103010,0.626989,-0.182186,-0.390690,0.126574,-0.614080
296,50.229,A,3,64.882968,16.464709,64.262044,16.797917,64.105432,16.231877,0.942439,-0.284671,72.7020,0.024765,73.2045,0.080799,64.490470,17.301794,73.1685,0.553237,1.137092,0.924536,-0.228427,-0.503877,0.392498,-0.837086
297,50.391,A,3,64.628311,17.420429,64.426511,16.756591,64.247414,16.309025,0.629844,-0.608382,72.9267,0.051355,73.7362,0.107058,64.605257,17.437880,73.6885,0.704348,1.184216,0.028913,-0.178747,-0.681290,0.023053,-0.017451
298,50.564,A,3,64.567942,16.695659,64.569843,16.861680,64.325195,16.505930,1.070048,-0.409500,73.5248,0.088872,74.3972,0.124345,64.729154,17.571720,74.3402,0.727693,1.139777,0.890770,-0.159311,-0.710040,-0.161212,-0.876061
299,50.744,A,3,65.585454,17.288500,64.626791,16.973653,64.390908,16.582439,0.610745,-0.356244,74.6178,0.122809,75.1665,0.140746,64.866078,17.704177,75.1010,0.768715,1.218229,0.830837,-0.239286,-0.730524,0.719376,-0.415677
300,50.919,A,3,65.184520,18.215454,64.804140,17.025230,64.592220,16.725916,0.952576,-0.745220,74.6178,0.122808,76.0470,0.161563,65.014353,17.835044,75.9721,0.836653,1.186744,0.416736,-0.210212,-0.809814,0.170167,0.380410
301,51.074,A,3,64.476636,16.982189,65.030831,17.324958,64.705558,16.986272,1.677728,-0.511404,75.8120,0.150079,77.0565,0.185078,65.167912,17.962900,76.9707,0.652504,1.080543,1.199857,-0.137080,-0.637942,-0.691275,-0.980711
302,51.261,A,3,65.822487,17.920214,65.032038,17.492409,64.695652,17.026670,0.883897,-0.212346,76.6361,0.166884,78.2043,0.209542,65.320963,18.085315,78.1075,0.659556,1.229530,0.528001,-0.288925,-0.592906,0.501524,-0.165101
303,51.431,A,3,65.594213,18.183153,65.110002,17.549888,64.883896,17.197847,1.111902,-0.456079,78.5531,0.207962,79.4806,0.232914,65.472306,18.199843,79.3743,0.744114,1.161991,0.123044,-0.362304,-0.649955,0.121907,-0.016690
304,51.600,A,3,65.901259,17.360863,65.329859,17.789326,65.011554,17.383682,1.359679,-0.459324,80.2025,0.233986,80.8623,0.249722,65.625546,18.305217,80.7485,0.594621,1.107346,0.983780,-0.295687,-0.515891,0.275713,-0.944355
305,51.770,A,3,66.253399,17.942334,65.732542,17.850521,65.165972,17.420290,0.901911,-0.969808,81.5521,0.252692,82.3429,0.270319,65.787875,18.402128,82.2196,0.554375,1.162226,0.654311,-0.055333,-0.551607,0.465524,-0.459793
306,51.925,A,3,65.947437,18.265060,65.909623,17.988737,65.436649,17.640898,1.062485,-0.811257,83.6756,0.281719,83.9560,0.294323,65.967442,18.493504,83.8218,0.508068,1.004329,0.229318,-0.057819,-0.504767,-0.020005,-0.228444
307,52.084,A,3,65.704629,19.022160,65.952661,18.277741,65.462455,17.681212,1.615204,-0.437014,85.0026,0.302380,85.7182,0.321732,66.161171,18.584318,85.5711,0.370764,1.141842,0.632563,-0.208509,-0.306577,-0.456542,0.437842
308,52.235,A,3,65.890024,19.253152,65.952661,18.277741,65.519837,17.918616,1.471723,-0.348561,86.4438,0.326308,87.6571,0.352797,66.362034,18.677889,87.4950,0.572454,1.133926,0.744125,-0.409373,-0.400148,-0.472010,0.575264
309,52.410,A,3,66.842889,19.073149,65.956489,18.664873,65.592938,18.157929,1.805868,-0.174079,88.2743,0.351588,89.7857,0.385091,66.564817,18.774318,89.6086,0.618095,1.150863,0.408196,-0.608328,-0.109445,0.278072,0.298830
310,52.579,A,3,65.886712,18.645967,66.211209,19.037674,65.794744,18.337956,1.207848,-0.283940,91.1620,0.389616,92.0860,0.411784,66.769819,18.871073,91.8965,0.582925,1.111299,0.911346,-0.558610,0.166602,-0.883107,-0.225106
311,52.753,A,3,67.224484,19.206165,66.338834,19.093713,65.825534,18.427907,1.169091,-0.768009,93.4295,0.415277,94.5186,0.433858,66.982733,18.964851,94.3201,0.656667,1.275704,0.341578,-0.643899,0.128862,0.241751,0.241313
312,52.929,A,3,67.336082,18.300631,66.646653,19.051130,66.043643,18.577830,0.307223,-1.032141,95.7450,0.433009,97.0492,0.450411,67.210045,19.053701,96.8436,0.563398,1.259741,0.763545,-0.563392,-0.002571,0.126037,-0.753070
313,53.076,A,3,67.703973,19.032468,66.646653,19.051130,66.255478,18.588021,0.318127,-0.920046,98.8274,0.415376,99.4965,0.357543,67.451235,19.139351,99.3308,0.809404,1.316737,0.274410,-0.804582,-0.088221,0.252739,-0.106883
314,53.263,A,3,67.263507,18.874587,66.959705,18.969284,66.489008,18.694911,0.347564,-1.249046,99.7085,0.362783,100.9390,0.232403,67.679574,19.220207,100.8358,0.762347,1.301300,0.540893,-0.719868,-0.250923,-0.416067,-0.345620
315,53.418,A,3,67.474136,18.656157,67.192112,18.997808,66.625097,18.761785,0.202669,-1.210215,100.5159,0.281104,103.2257,0.404857,67.910401,19.294849,103.0398,0.777286,1.391461,0.773469,-0.718290,-0.297041,-0.436266,-0.638692
316,53.566,A,3,68.541716,19.121177,67.324043,18.947365,66.772019,18.784912,-0.083556,-1.098875,102.8008,0.385557,105.4725,0.379442,68.132479,19.371541,105.2983,0.912959,1.481548,0.479747,-0.808436,-0.424177,0.409237,-0.250364
317,53.714,A,3,68.162509,19.804378,67.919305,19.156601,67.055333,18.872119,0.638066,-1.672453,106.5333,0.371867,107.5637,0.351154,68.350241,19.451430,107.4024,0.522140,1.418587,0.399770,-0.430936,-0.294829,-0.187733,0.352948
318,53.880,A,3,67.722227,19.737962,67.919305,19.156601,67.243162,19.047640,0.630421,-1.490226,108.3544,0.349276,109.4930,0.324955,68.566340,19.535873,109.3443,0.750000,1.410380,0.867966,-0.647034,-0.379272,-0.844112,0.202089
319,54.048,A,3,68.031454,19.420599,68.026725,19.427128,67.338033,19.188817,0.881874,-1.201436,109.9466,0.328763,111.2774,0.301797,68.779671,19.622872,111.1393,0.777974,1.505564,0.775075,-0.752946,-0.195744,-0.748216,-0.202273
320,54.229,A,3,69.021205,20.034961,68.258703,19.697478,67.462972,19.262474,0.784411,-1.486750,111.9965,0.301814,113.1376,0.280074,69.027146,19.724079,113.1376,0.768903,1.630865,0.310939,-0.768443,-0.026601,-0.005941,0.310882
321,54.369,A,3,69.052599,19.878700,68.557932,19.869645,67.716094,19.417319,0.603417,-1.573333,113.9930,0.278256,114.5120,0.265233,69.184981,19.785910,114.3901,0.632615,1.514427,0.161664,-0.627049,0.083735,-0.132382,0.092790
322,54.510,A,3,68.689033,19.910041,68.715902,19.948345,67.938489,19.525900,0.532944,-1.375840,115.2688,0.264149,115.9834,0.247156,69.375009,19.855434,115.8694,0.665624,1.473833,0.688147,-0.659107,0.092911,-0.685976,0.054607
323,54.690,A,3,68.990103,19.877467,68.715902,19.948345,68.069026,19.612887,0.510075,-1.203382,117.0017,0.239667,117.3467,0.226387,69.560398,19.918633,117.2420,0.845018,1.522389,0.571778,-0.844496,0.029712,-0.570295,-0.041166
324,54.863,A,3,69.731836,19.364592,68.821651,19.998324,68.233650,19.698332,0.309804,-1.095227,117.6386,0.230676,118.5869,0.205393,69.744776,19.980073,118.4925,0.923306,1.537166,0.615617,-0.923125,0.018250,-0.012939,-0.615481
325,55.022,A,3,69.017413,19.782390,69.051062,19.929683,68.476876,19.679441,-0.383116,-1.188904,118.2362,0.220820,119.6998,0.183488,69.928830,20.043763,119.6152,0.885150,1.496963,0.948154,-0.877768,-0.114080,-0.911417,-0.261373
326,55.185,A,3,69.803628,20.258008,69.210567,19.834198,68.591739,19.734732,-0.321733,-0.946262,119.1811,0.202411,120.7017,0.168076,70.109298,20.110856,120.6250,0.940349,1.563475,0.339246,-0.898731,-0.276658,-0.305670,0.147153
327,55.347,A,3,70.627269,19.491305,69.347321,19.917298,68.793453,19.838442,-0.097649,-1.232831,120.5764,0.177580,121.7690,0.247955,70.280579,20.180573,121.6579,0.969682,1.525974,0.771546,-0.933257,-0.263275,0.346690,-0.689268
328,55.512,A,3,69.983076,19.970933,69.688305,19.928714,69.101581,19.825818,-0.637009,-1.274697,122.6363,0.182773,122.9987,0.118692,70.444007,20.253317,122.9423,0.822468,1.408852,0.540554,-0.755702,-0.324603,-0.460932,-0.282384
329,55.676,A,3,70.322244,20.221946,69.964874,19.879245,69.266595,19.877477,-0.491806,-1.190874,123.0515,0.114918,123.1960,0.042488,70.595247,20.315647,123.1785,0.766693,1.399039,0.288636,-0.630374,-0.436403,-0.273004,-0.093701
330,55.847,A,3,70.768681,19.749492,70.339877,19.998617,69.457635,19.957447,-0.627020,-1.292950,123.4459,0.095760,123.9026,0.190356,70.744526,20.379773,123.8160,0.555896,1.354417,0.630744,-0.404649,-0.381156,0.024156,-0.630281
331,56.003,A,3,70.841855,20.320634,70.572396,20.033633,69.687698,19.955055,-0.400414,-1.427815,124.1309,0.095126,124.3433,-0.025557,70.894545,20.441758,124.3532,0.519948,1.301292,0.132089,-0.322149,-0.408125,-0.052690,-0.121124
332,56.171,A,3,69.992112,20.561034,70.621364,20.200501,69.910122,20.111173,0.152442,-1.100045,124.4199,0.051600,124.4687,0.095602,71.045199,20.499121,124.4259,0.518469,1.199543,1.054905,-0.423835,-0.298620,-1.053086,0.061914
333,56.320,A,3,71.357172,21.470965,70.621364,20.200501,69.948172,20.138676,0.142626,-0.993652,124.6618,0.017139,124.6264,-0.059790,71.195411,20.558919,124.6521,0.676753,1.316135,0.926279,-0.574047,-0.358419,0.161761,0.912046
334,56.484,A,3,71.076884,20.481831,70.713816,20.530272,70.192110,20.362812,0.598153,-1.657721,124.6723,0.021457,124.6757,-0.009452,71.339851,20.617498,124.6776,0.632082,1.175659,0.295900,-0.626035,-0.087226,-0.262967,-0.135667
335,56.671,A,3,71.072207,20.471881,70.931356,20.761676,70.360614,20.409490,0.274183,-1.481728,124.6723,0.021449,124.5478,-0.018896,71.474697,20.675637,124.5566,0.550111,1.145433,0.451126,-0.543341,0.086039,-0.402490,-0.203756
336,56.841,A,3,71.736795,19.616363,71.046920,20.740716,70.503613,20.445574,0.004033,-1.152534,124.5962,-0.008857,124.3532,-0.041296,71.600087,20.735301,124.3718,0.553193,1.134106,1.127258,-0.553167,0.005414,0.136708,-1.118938
337,57.003,A,3,71.317262,20.557510,71.221598,20.544504,70.724342,20.346332,-0.924357,-0.768394,124.4628,-0.026229,124.0628,-0.058848,71.719261,20.797314,124.0901,0.558195,1.092360,0.468092,-0.497663,-0.252810,-0.402000,-0.239804
338,57.168,A,3,71.013108,21.005835,71.383875,20.390683,70.851300,20.396494,-0.590760,-0.653353,123.8540,-0.063652,123.6593,-0.078227,71.836641,20.861423,123.6957,0.653141,1.089520,0.836098,-0.452766,-0.470740,-0.823532,0.144412
339,57.355,A,3,73.024135,21.436521,71.389022,20.516222,70.912731,20.505004,-0.046825,-0.643725,123.5234,-0.079561,123.1539,-0.089358,71.954573,20.925519,123.1948,0.698119,1.123506,1.185364,-0.565550,-0.409296,1.069563,0.511002
340,57.532,A,3,72.010216,20.262131,71.631874,20.774984,71.262762,20.662353,-0.018737,-1.693022,123.2786,-0.083674,122.5969,-0.105207,72.070392,20.985128,122.6445,0.486270,0.869741,0.725497,-0.438518,-0.210144,-0.060176,-0.722997
341,57.693,A,3,71.720109,20.566283,71.967891,20.839866,71.414898,20.622466,-0.517006,-1.188131,122.8466,-0.094121,121.9654,-0.117205,72.183444,21.040526,122.0183,0.294495,0.874893,0.663012,-0.215553,-0.200659,-0.463334,-0.474242
342,57.844,A,3,72.010222,21.428445,72.028340,20.721258,71.500473,20.629955,-0.480814,-0.787362,122.3785,-0.104860,121.2717,-0.127287,72.291219,21.091930,121.3294,0.454425,0.915805,0.438408,-0.262879,-0.370671,-0.280997,0.336515
343,58.008,A,3,71.750936,20.859264,72.052597,20.826199,71.614315,20.762954,0.055772,-0.877147,120.8774,-0.129904,120.5157,-0.138305,72.392861,21.141671,120.5787,0.464007,0.865771,0.701299,-0.340264,-0.315472,-0.641924,-0.282407
344,58.169,A,3,71.404538,21.266348,72.057950,20.957347,71.671141,20.792508,0.059684,-0.580819,120.1157,-0.139810,119.6890,-0.151664,72.489322,21.193115,119.7580,0.491597,0.910992,1.087253,-0.431372,-0.235767,-1.084784,0.073234
345,58.332,A,3,71.823306,21.133753,71.956711,21.024336,71.665051,20.877044,0.432652,-0.368565,120.1157,-0.139808,118.7845,-0.164109,72.582210,21.248544,118.8598,0.664468,0.989542,0.767537,-0.625499,-0.224208,-0.758905,-0.114791
346,58.489,A,3,72.225961,20.284035,71.873896,21.116315,71.718393,20.929311,0.396708,-0.303909,118.9468,-0.156851,118.1193,-0.033155,72.670733,21.311531,118.1371,0.820401,1.026179,1.119630,-0.796837,-0.195216,-0.444772,-1.027496
347,58.647,A,3,71.564758,21.445648,71.927035,21.002738,71.821770,20.846037,-0.358315,-0.091348,118.2939,-0.118454,117.3855,-0.206055,72.753434,21.385178,117.4789,0.910601,1.076415,1.190214,-0.826399,-0.382439,-1.188677,0.060471
348,58.820,A,3,71.701994,21.099523,71.928817,20.960172,71.794937,20.966944,0.189164,-0.095111,116.7651,-0.203851,116.0534,-0.170202,72.826778,21.469404,116.1337,1.032304,1.147677,1.184040,-0.897961,-0.509232,-1.124784,-0.369881
349,58.983,A,3,71.988329,21.056911,71.847013,21.071091,71.813833,20.975739,0.228369,-0.023553,115.8139,-0.126180,115.5254,-0.089529,72.897115,21.557769,115.5648,1.157398,1.229740,1.037666,-1.050102,-0.486678,-0.908786,-0.500858
350,59.150,A,3,72.777625,21.703621,71.843487,21.088074,71.864887,20.999088,0.143437,-0.088730,115.5550,-0.112505,114.5281,-0.209279,72.957411,21.646843,114.6261,1.246214,1.270117,0.188538,-1.113924,-0.558769,-0.179786,0.056778
351,59.317,A,3,73.113357,21.560623,72.003231,21.204317,72.021569,21.112571,0.327168,-0.726746,114.9269,-0.172930,113.8600,-0.073944,73.015585,21.739518,113.8921,1.145120,1.175215,0.203869,-1.012354,-0.535201,0.097772,-0.178895
352,59.507,A,3,72.804367,21.371299,72.304941,21.379655,72.207186,21.189248,0.198517,-1.169994,114.1000,-0.126306,112.9166,-0.120628,73.069440,21.838214,113.0742,0.891479,1.079184,0.536911,-0.764499,-0.458558,-0.265073,-0.466915
353,59.667,A,3,72.338095,21.814775,72.553504,21.447895,72.316201,21.224489,0.016439,-1.133602,113.1701,-0.146082,112.3275,-0.134151,73.122038,21.948399,112.3894,0.757454,1.083245,0.795250,-0.568535,-0.500504,-0.783944,-0.133624
354,59.844,A,3,73.055866,21.657456,72.626942,21.533629,72.344757,21.321682,0.284658,-0.860224,112.0012,-0.124722,111.5976,-0.125646,73.167874,22.072510,111.6560,0.763546,1.114121,0.429903,-0.540933,-0.538882,-0.112009,-0.415054
355,60.014,A,3,72.216014,21.636357,72.709116,21.640395,72.478680,21.384429,0.183050,-1.020123,111.7707,-0.125084,110.8486,-0.112717,73.204384,22.211206,110.9775,0.755721,1.100094,1.143384,-0.495267,-0.570811,-0.988369,-0.574849
356,60.168,A,3,72.929822,22.537332,72.742953,21.680613,72.463980,21.432880,0.233630,-0.553910,111.1138,-0.118196,110.3075,-0.104387,73.230226,22.362522,110.3550,0.838114,1.204726,0.347564,-0.487273,-0.681909,-0.300403,0.174811
357,60.323,A,3,73.288737,22.327402,72.732362,21.852193,72.550493,21.605217,0.742786,-0.835533,110.5093,-0.111365,109.7352,-0.097768,73.247657,22.523129,109.7797,0.845981,1.152649,0.199992,-0.515295,-0.670936,0.041080,-0.195727
358,60.487,A,3,73.039505,23.117826,72.874511,22.097918,72.686423,21.729224,0.734209,-1.050863,110.0181,-0.105281,109.1903,-0.094364,73.261209,22.689821,109.2333,0.707026,1.119431,0.482017,-0.386699,-0.591903,-0.221704,0.428005
359,60.667,A,3,72.799386,22.807023,73.003040,22.382196,72.757778,21.947362,1.159867,-1.100901,109.1046,-0.095526,108.6595,-0.091586,73.274556,22.860545,108.7016,0.550035,1.049267,0.478175,-0.271516,-0.478349,-0.475170,-0.053522
360,60.847,A,3,72.646745,23.718221,73.026435,22.671888,72.791208,22.098427,1.243982,-0.942187,108.8518,-0.094171,108.1416,-0.086643,73.288293,23.034630,108.1824,0.447383,1.059986,0.937486,-0.261858,-0.362743,-0.641548,0.683590
361,61.015,A,3,73.495445,23.244267,72.975075,22.977192,72.791535,22.361000,1.796491,-0.863334,108.3738,-0.090738,107.6470,-0.080674,73.299812,23.212891,107.6853,0.401259,0.992001,0.198133,-0.324738,-0.235700,0.195633,0.031376
362,61.177,A,3,72.825847,23.423285,73.028861,23.261342,72.916203,22.518079,1.421133,-1.031405,107.9236,-0.086045,107.1912,-0.075159,73.305032,23.397788,107.2260,0.308039,0.961808,0.479863,-0.276171,-0.136446,-0.479185,0.025498
363,61.347,A,3,72.544214,23.102621,73.096846,23.399510,72.923929,22.679631,1.157805,-0.683926,106.9215,-0.072110,106.7832,-0.066849,73.301364,23.592741,106.8142,0.281364,0.988042,0.901939,-0.204518,-0.193231,-0.757150,-0.490121
364,61.523,A,3,73.035242,23.759894,73.003673,23.447046,72.886376,22.770506,0.805114,-0.259425,106.6239,-0.066961,106.4155,-0.062603,73.289559,23.800435,106.4439,0.454549,1.106033,0.257528,-0.285886,-0.353389,-0.254317,-0.040541
365,61.708,A,3,73.355381,24.563882,73.027467,23.805876,72.924719,22.944914,1.451512,-0.726533,106.1911,-0.062188,106.0701,-0.063585,73.272945,24.021253,106.0973,0.326568,1.131269,0.548855,-0.245478,-0.215378,0.082436,0.542629
366,61.866,A,3,72.861729,23.897327,73.064397,24.038633,73.004835,23.214759,1.148111,-0.473815,105.7874,-0.060739,105.7332,-0.059679,73.254977,24.252793,105.7599,0.286679,1.067748,0.530094,-0.190580,-0.214159,-0.393248,-0.355465
367,62.031,A,3,73.024364,24.174754,73.043246,24.125119,73.003467,23.468283,1.031086,-0.416113,105.4831,-0.059321,105.4050,-0.058041,73.236828,24.490843,105.4307,0.413797,1.048850,0.380859,-0.193582,-0.365723,-0.212464,-0.316089
368,62.221,A,3,73.236921,24.492730,73.043246,24.125119,73.018277,23.504063,0.929825,-0.381526,105.2058,-0.056079,105.0953,-0.051119,73.217006,24.731458,105.1191,0.630745,1.243379,0.239557,-0.173760,-0.606339,0.019914,-0.238728
369,62.410,A,3,72.793767,24.104857,73.078989,24.271827,73.064695,23.683876,0.973565,-0.481615,104.9941,-0.051931,104.8141,-0.044528,73.193154,24.972688,104.8354,0.710099,1.295198,0.955323,-0.114165,-0.700861,-0.399387,-0.867831
370,62.569,A,3,73.886385,25.382878,73.071994,24.351193,73.037900,23.780128,0.724992,-0.219266,104.8810,-0.048684,104.5640,-0.039899,73.164092,25.215329,104.5830,0.869030,1.440738,0.741472,-0.092099,-0.864136,0.722293,0.167550
371,62.752,A,3,72.060219,24.968232,73.161260,24.550638,73.176248,24.051108,1.266723,-0.842671,104.6362,-0.043816,104.3377,-0.037686,73.130715,25.462782,104.3553,0.912656,1.412409,1.179212,0.030545,-0.912144,-1.070495,-0.494551
372,62.903,A,3,72.589122,26.261610,73.121711,24.842161,73.023996,24.223645,1.374725,-0.115218,104.4138,-0.040290,104.1213,-0.037879,73.095132,25.719507,104.1386,0.877749,1.497553,0.741567,0.026579,-0.877347,-0.506010,0.542103
373,63.071,A,3,73.602777,25.879258,72.889678,25.205493,72.967846,24.564057,1.994557,-0.161429,103.9867,-0.037869,103.9051,-0.037974,73.058747,25.988533,103.9224,0.801084,1.427373,0.554896,-0.169068,-0.783040,0.544030,-0.109275
374,63.232,A,3,72.141061,26.724232,72.931411,25.624327,73.069214,24.801597,1.864282,-0.578423,103.7915,-0.038040,103.6914,-0.038158,73.021097,26.269807,103.7081,0.651681,1.468998,0.990437,-0.089686,-0.645480,-0.880036,0.454425
375,63.397,A,3,72.337726,25.755369,72.904821,25.999411,72.939611,25.131591,2.526551,-0.240020,103.7915,-0.038028,103.4881,-0.034517,72.980623,26.559640,103.5040,0.565334,1.428638,1.029645,-0.075802,-0.560229,-0.642897,-0.804271
376,63.571,A,3,71.714801,26.619600,72.464159,26.344212,72.854220,25.271804,1.903444,0.506519,103.4057,-0.034026,103.3020,-0.029894,72.936132,26.853075,103.3161,0.694046,1.583391,1.243447,-0.471973,-0.508862,-1.221331,-0.233475
377,63.746,A,3,72.687817,26.361912,72.335938,26.503078,72.686134,25.640390,1.453176,0.257961,103.1612,-0.030400,103.1348,-0.029345,72.887559,27.148256,103.1476,0.848847,1.521259,0.811316,-0.551622,-0.645178,-0.199742,-0.786344
378,63.913,A,3,72.759868,28.298145,72.335938,26.503078,72.683275,25.690982,1.314240,0.229296,103.0335,-0.028537,102.9764,-0.026411,72.837274,27.443955,102.9890,1.066109,1.759724,0.857690,-0.501337,-0.940877,-0.077406,0.854190
379,64.091,A,3,73.081580,27.375545,72.402157,26.894489,72.692609,26.126087,2.308845,-0.285593,102.8971,-0.027882,102.8157,-0.029783,72.787958,27.741251,102.8289,0.930509,1.617976,0.468994,-0.385801,-0.846762,0.293623,-0.365706
380,64.264,A,3,72.437165,28.102896,72.530132,27.350960,72.749483,26.365080,2.090394,-0.608922,102.8388,-0.028653,102.6473,-0.029188,72.740513,28.042968,102.6610,0.723282,1.677913,0.309212,-0.210381,-0.692009,-0.303349,0.059928
381,64.406,A,3,72.770600,28.038180,72.595088,27.634332,72.703707,26.677272,2.251170,-0.532461,102.6817,-0.029467,102.4760,-0.030165,72.693223,28.352251,102.4895,0.724595,1.675012,0.323463,-0.098135,-0.717919,0.077377,-0.314071
382,64.593,A,3,72.901996,28.198934,72.603229,27.928907,72.713526,26.935521,2.008026,-0.589720,102.5517,-0.030447,102.3134,-0.028148,72.643025,28.671068,102.3259,0.743228,1.736979,0.538495,-0.039797,-0.742161,0.258971,-0.472134
383,64.754,A,3,72.436935,28.190303,72.679660,28.132514,72.741858,27.167852,1.751509,-0.664641,102.3403,-0.028757,102.1679,-0.022528,72.587874,28.999486,102.1789,0.871818,1.838095,0.823140,0.091786,-0.866972,-0.150939,-0.809183
384,64.947,A,3,72.411234,29.120344,72.690879,28.278073,72.697876,27.385908,1.335649,-0.371230,102.1544,-0.023883,102.0360,-0.020045,72.528363,29.335809,102.0463,1.070148,1.957255,0.245243,0.162516,-1.057736,-0.117129,-0.215465
385,65.131,A,3,72.673937,29.274876,72.622437,28.515861,72.655531,27.687312,1.835166,-0.340184,102.0919,-0.022472,101.9060,-0.022445,72.467365,29.677330,101.9166,1.171776,1.998895,0.452373,0.155072,-1.161469,0.206571,-0.402454
386,65.294,A,3,72.903445,30.174689,72.599391,28.861042,72.657458,27.991094,1.950032,-0.423888,101.9859,-0.021587,101.7680,-0.025083,72.407956,30.021344,101.7794,1.175988,2.045524,0.518675,0.191435,-1.160302,0.495489,0.153345
387,65.454,A,3,71.668869,29.553861,72.655067,29.288797,72.694072,28.377351,2.466771,-0.698006,101.8042,-0.023658,101.6204,-0.026984,72.351278,30.366127,101.6325,1.119343,2.018102,1.060876,0.303789,-1.077330,-0.682409,-0.812266
388,65.629,A,3,72.378853,30.669195,72.382187,29.954582,72.541774,28.614725,2.515306,-0.168031,101.5784,-0.027609,101.4702,-0.027597,72.295888,30.711614,101.4821,0.761934,2.111256,0.093180,0.086299,-0.757031,0.082965,-0.042419
389,65.800,A,3,72.198451,30.355419,72.382187,29.954582,72.514598,28.979798,2.319715,-0.159760,101.4220,-0.026684,101.3282,-0.025738,72.238956,31.059450,101.3390,1.114113,2.097840,0.705196,0.143231,-1.104868,-0.040505,-0.704032
390,65.939,A,3,71.729447,31.608091,72.328970,30.299634,72.465193,29.235161,2.223128,-0.073083,101.3655,-0.026332,101.2015,-0.021193,72.178349,31.412365,101.2111,1.122879,2.196018,0.489716,0.150621,-1.112731,-0.448902,0.195726
391,66.097,A,3,71.883429,31.081126,72.195378,30.687492,72.352109,29.649733,2.829672,0.052607,101.2480,-0.023721,101.0881,-0.020652,72.114091,31.773032,101.0969,1.088579,2.136598,0.729341,0.081287,-1.085540,-0.230662,-0.691906
392,66.292,A,3,72.884792,33.043123,72.114766,31.576425,72.274650,29.942623,3.445463,-0.642720,101.0101,-0.019190,100.9778,-0.019334,72.048120,32.142785,100.9868,0.570268,2.211794,1.229076,0.066646,-0.566360,0.836673,0.900337
393,66.456,A,3,72.029046,32.153500,72.114766,31.576425,72.358494,30.471974,3.113315,-0.586952,100.8918,-0.019041,100.8623,-0.020826,71.982627,32.520821,100.8718,0.953595,2.083038,0.370242,0.132139,-0.944396,0.046419,-0.367321
394,66.615,A,3,71.200785,33.143773,72.193208,32.145621,72.305607,30.796464,2.748480,-0.423032,100.8192,-0.018897,100.7427,-0.019639,71.918594,32.903527,100.7522,0.806124,2.142310,0.756946,0.274614,-0.757907,-0.717808,0.240245
395,66.777,A,3,72.187594,33.054794,72.013034,32.527467,72.136195,31.220300,3.238281,0.004126,100.8192,-0.018874,100.6297,-0.019424,71.855920,33.283228,100.6383,0.771919,2.081881,0.402728,0.157114,-0.755761,0.331675,-0.228434
396,66.931,A,3,71.189827,33.104335,71.892086,32.924116,72.135506,31.570679,2.866878,-0.200890,100.6738,-0.019316,100.5323,-0.015375,71.792691,33.657879,100.5394,0.740464,2.115165,0.818447,0.099395,-0.733763,-0.602864,-0.553543
397,67.089,A,3,71.233013,33.700671,71.799484,33.165947,71.987057,31.876735,2.475181,0.220157,100.5623,-0.017605,100.4543,-0.011489,71.727552,34.028482,100.4599,0.865529,2.167338,0.593320,0.071933,-0.862535,-0.494539,-0.327810
398,67.231,A,3,71.533472,34.075051,71.588128,33.412803,71.864161,32.225077,2.204236,0.328275,100.4372,-0.013345,100.3924,-0.011046,71.660751,34.397922,100.3969,0.987792,2.182346,0.347052,-0.072623,-0.985119,-0.127279,-0.322871
399,67.378,A,3,71.816157,35.211557,71.476884,33.728856,71.802515,32.577839,2.226145,0.208144,100.3695,-0.011196,100.3374,-0.009154,71.593703,34.769742,100.3418,1.047421,2.201828,0.494658,-0.116819,-1.040886,0.222455,0.441814
400,67.535,A,3,71.428937,34.491734,71.487626,34.200128,71.792394,33.048035,2.985819,-0.177673,100.3495,-0.010552,100.2830,-0.009942,71.527568,35.146490,100.2873,0.947204,2.115100,0.662143,-0.039942,-0.946362,-0.098630,-0.654756
401,67.766,A,3,71.149955,34.608102,71.494213,34.597025,71.727253,33.344376,2.470832,-0.090435,100.2954,-0.009856,100.2258,-0.009089,71.462150,35.528438,100.2352,0.931964,2.200093,0.971846,0.032064,-0.931413,-0.312194,-0.920336
402,67.934,A,3,71.607306,35.807474,71.408667,34.747401,71.629790,33.612242,2.019153,0.111268,100.2382,-0.009943,100.1325,-0.018370,71.397903,35.911942,100.1406,1.164591,2.311361,0.234015,0.010763,-1.164541,0.209403,-0.104468
403,68.099,A,3,71.278749,35.339734,71.372162,35.048512,71.565652,34.208323,2.188670,-0.162865,100.0836,-0.016413,100.0460,-0.013615,71.331766,36.294722,100.0518,1.246864,2.099468,0.956458,0.040396,-1.246210,-0.053017,-0.954988
404,68.281,A,3,70.889780,35.799557,71.369521,35.371708,71.553051,34.293431,1.898229,-0.083740,100.0224,-0.013173,99.9855,-0.009169,71.262666,36.674361,99.9895,1.307028,2.398572,0.950960,0.106855,-1.302653,-0.372886,-0.874803
405,68.446,A,3,71.700250,36.246684,71.265952,35.580073,71.442657,34.595266,2.015568,0.124323,99.9968,-0.011759,99.9416,-0.008284,71.192273,37.049770,99.9448,1.471542,2.467241,0.950257,0.073679,-1.469697,0.507977,-0.803086
406,68.599,A,3,71.041913,37.331877,71.249878,35.862261,71.468394,34.917884,2.042745,-0.233934,99.9601,-0.008773,99.9024,-0.004465,71.122971,37.421865,99.9056,1.564759,2.527695,0.121113,0.126907,-1.559604,-0.081058,-0.089989
407,68.750,A,3,71.122775,37.099830,71.198480,36.787255,71.394322,35.354081,2.648625,-0.197557,99.8782,-0.006248,99.8615,-0.006625,71.055992,37.792898,99.8648,1.015687,2.462173,0.696278,0.142488,-1.005643,0.066783,-0.693068
408,68.903,A,3,71.387647,38.337790,71.198480,36.787255,71.342691,35.693398,2.394134,-0.178716,99.8775,0.021523,99.9752,0.096005,70.991734,38.164596,99.9332,1.392772,2.495996,0.432138,0.206746,-1.377341,0.395913,0.173193
409,69.076,A,3,70.998106,37.769971,71.198642,37.286659,71.337858,36.166687,2.993394,-0.406172,100.2025,0.079048,100.5149,0.025233,70.931736,38.527316,100.5020,1.269043,2.395309,0.760248,0.266906,-1.240657,0.066370,-0.757345
410,69.246,A,3,70.378917,38.481120,71.183656,37.743822,71.276404,36.488193,2.830248,-0.260513,100.3973,0.057011,100.2742,-0.034953,70.864463,38.895330,100.2922,1.194928,2.442130,0.638219,0.319193,-1.151507,-0.485546,-0.414209
411,69.403,A,3,70.901491,39.314668,71.020878,38.068725,71.131200,36.866711,2.889716,0.118149,100.4545,-0.010617,100.7097,0.168021,70.799427,39.254874,100.6327,1.206644,2.411099,0.118289,0.221451,-1.186149,0.102064,0.059794
412,69.582,A,3,70.957100,39.028258,70.875856,38.539800,71.082233,37.313718,3.207724,-0.032173,100.4322,0.052695,101.1663,-0.001601,70.735185,39.610004,101.1650,1.079409,2.322363,0.622635,0.140672,-1.070204,0.221916,-0.581746
413,69.786,A,3,69.778999,40.491785,70.850994,38.950208,71.048759,37.653661,2.545018,-0.055380,101.3763,0.092701,101.5775,0.146915,70.671342,39.963026,101.5099,1.028628,2.340002,1.037237,0.179653,-1.012818,-0.892342,0.528759
414,69.946,A,3,70.792983,39.710191,70.669682,39.422845,70.843783,38.160254,3.250308,0.320049,101.6452,0.109632,102.2064,0.077376,70.615064,40.306972,102.1708,0.885812,2.158868,0.622739,0.054618,-0.884127,0.177919,-0.596782
415,70.108,A,3,69.949141,39.945232,70.502614,39.855428,70.820090,38.460360,2.854534,0.164933,101.9623,0.095595,102.8937,0.132786,70.562449,40.643368,102.8323,0.790209,2.198159,0.929269,-0.059835,-0.787940,-0.613308,-0.698136
416,70.266,A,3,70.923502,41.374447,70.398966,40.037232,70.666649,38.781875,2.413619,0.480703,102.6865,0.119169,103.6495,0.140189,70.512220,40.970833,103.5845,0.940445,2.194399,0.576244,-0.113254,-0.933601,0.411282,0.403614
417,70.451,A,3,69.984225,40.839944,70.327253,40.814123,70.681949,39.251369,2.555432,0.162560,104.1324,0.145388,104.5051,0.159197,70.462317,41.290391,104.4328,0.495049,2.050817,0.656867,-0.135065,-0.476267,-0.478092,-0.450446
418,70.634,A,3,69.883487,41.626428,70.327253,40.814123,70.555950,39.573418,2.307388,0.182183,105.0906,0.161634,105.4572,0.171490,70.412424,41.604294,105.3780,0.794747,2.035941,0.529400,-0.085172,-0.790170,-0.528937,0.022134
419,70.795,A,3,70.362595,42.242694,70.160464,41.125760,70.430843,39.962747,2.485529,0.255245,105.8591,0.173315,106.4880,0.185002,70.363830,41.915181,106.4030,0.815196,1.953584,0.327515,-0.203366,-0.789422,-0.001235,0.327513
420,70.960,A,3,70.229581,42.309375,70.089691,41.567571,70.392265,40.389775,2.898701,-0.073281,106.2032,0.177525,107.5840,0.196018,70.318309,42.224711,107.4941,0.695773,1.836426,0.122641,-0.228619,-0.657140,-0.088728,0.084664
421,71.126,A,3,70.863460,42.584657,70.091885,41.992635,70.340557,40.760818,2.753980,-0.172571,107.1515,0.187841,108.7392,0.205880,70.276568,42.532759,108.6446,0.570825,1.773096,0.589183,-0.184682,-0.540123,0.586893,0.051898
422,71.277,A,3,69.572666,43.457069,70.179117,42.328022,70.392038,41.113803,2.490814,-0.584889,108.1895,0.197362,109.9572,0.217479,70.237715,42.837424,109.8573,0.512761,1.730516,0.908983,-0.058598,-0.509402,-0.665049,0.619645
423,71.424,A,3,70.320507,43.389461,70.161624,42.728478,70.243789,41.545836,2.639907,-0.227459,110.8138,0.221450,111.2440,0.231045,70.200208,43.136038,111.1385,0.409382,1.590798,0.280527,-0.038584,-0.407559,0.120299,0.253423
424,71.593,A,3,69.954726,42.581008,70.064290,43.137937,70.225603,41.904704,2.485495,-0.359924,111.4532,0.227833,112.6004,0.241052,70.163355,43.426642,112.4894,0.305228,1.523210,0.870989,-0.099065,-0.288705,-0.208629,-0.845633
425,71.779,A,3,69.174653,43.197979,69.850856,43.254169,70.014241,42.248529,1.587998,0.426589,113.4813,0.244142,114.0191,0.252929,70.128021,43.709168,113.9036,0.532770,1.465065,1.081769,-0.277164,-0.454999,-0.953368,-0.511189
426,71.936,A,3,69.738101,43.159435,69.673538,43.314808,69.944843,42.449821,1.207804,0.433054,115.0986,0.255074,115.4884,0.260385,70.095920,43.985606,115.3693,0.792702,1.543198,0.900329,-0.422382,-0.670797,-0.357819,-0.826171
427,72.090,A,3,70.611303,44.478793,69.759707,43.562593,70.011685,42.808431,1.623853,-0.448027,116.4023,0.261211,116.9950,0.261662,70.068072,44.258869,116.8757,0.761504,1.451534,0.586060,-0.308365,-0.696275,0.543231,0.219925
428,72.252,A,3,69.323096,44.779856,69.759707,43.562593,69.980472,42.886255,1.477939,-0.366424,117.5835,0.262616,118.5056,0.266923,70.042686,44.528865,118.3833,1.006855,1.643787,0.762106,-0.282978,-0.966271,-0.719590,0.250991
429,72.431,A,3,69.073496,45.400340,69.783112,44.022974,69.851169,43.237479,2.017121,-0.317939,118.9058,0.267560,120.0552,0.273698,70.018615,44.798226,119.9298,0.810233,1.569703,1.120621,-0.235503,-0.775252,-0.945119,0.602114
430,72.593,A,3,69.568055,44.139617,69.573677,44.518828,69.700919,43.628641,2.772067,-0.376318,119.5613,0.269927,121.2220,0.137074,69.989033,45.065025,121.1601,0.686187,1.464994,1.016663,-0.415357,-0.546197,-0.420978,-0.925408
431,72.749,A,3,69.772921,45.629239,69.436442,44.927965,69.645019,43.775420,2.067530,-0.517417,121.6847,0.215745,122.5677,0.320058,69.960464,45.323419,122.4229,0.656493,1.579812,0.358745,-0.524022,-0.395454,-0.187543,0.305820
432,72.911,A,3,69.727332,46.037954,69.478530,45.363556,69.627820,44.116660,2.263758,-0.858651,123.8834,0.289142,124.4449,0.252425,69.939510,45.579130,124.3280,0.508895,1.495316,0.505509,-0.460979,-0.215574,-0.212178,0.458824
433,73.073,A,3,69.340889,45.134780,69.478530,45.363556,69.607256,44.468646,2.065056,-0.724658,125.1294,0.204607,125.4487,0.190868,69.910714,45.823354,125.3629,0.631029,1.388280,0.893776,-0.432184,-0.459798,-0.569825,-0.688574
434,73.264,A,3,69.954669,46.412948,69.450038,45.577778,69.534043,44.634369,1.523783,-0.335207,126.1228,0.255185,126.9839,0.272050,69.892399,46.064323,126.8571,0.657579,1.474173,0.354142,-0.442361,-0.486545,0.062269,0.348625
435,73.459,A,3,69.701451,47.152004,69.466670,45.768924,69.562615,44.961665,1.766636,-0.904869,126.1228,0.255175,128.0397,0.178629,69.874050,46.298345,127.9595,0.668016,1.372481,0.870933,-0.407380,-0.529421,-0.172599,0.853659
436,73.641,A,3,69.504988,46.179234,69.545025,46.240644,69.551414,45.351263,2.189939,-1.329278,127.8756,0.199352,129.3294,0.176406,69.860528,46.529886,129.2461,0.428022,1.218484,0.499365,-0.315504,-0.289241,-0.355541,-0.350651
437,73.822,A,3,68.965977,46.992331,69.539396,46.531316,69.514261,45.540318,1.647540,-0.877441,128.8627,0.218882,130.3950,0.186463,69.844166,46.756349,130.3094,0.378846,1.259988,0.909342,-0.304770,-0.225032,-0.878189,0.235983
438,73.995,A,3,68.735474,47.322466,69.422101,46.684861,69.402848,45.818499,1.671634,-0.574508,131.1314,0.187968,131.4542,0.182636,69.826018,46.979106,131.3700,0.499728,1.235347,1.143321,-0.403917,-0.294244,-1.090544,0.343361
439,74.190,A,3,69.991727,47.307242,69.214120,46.965554,69.272097,46.103510,1.893264,-0.447266,132.0013,0.182403,132.4855,0.178241,69.806437,47.198267,132.4046,0.636392,1.218201,0.214960,-0.592317,-0.232713,0.185290,0.108975
440,74.384,A,3,68.672219,47.146156,69.193032,47.322737,69.346417,46.344285,1.417382,-0.339563,133.2684,0.172432,133.4716,0.167582,69.787471,47.414136,133.3945,0.601424,1.157199,1.146996,-0.594439,-0.091399,-1.115252,-0.267980
441,74.578,A,3,69.352334,47.004133,69.097290,47.324986,69.237056,46.592774,0.895405,-0.177385,134.2068,0.164384,134.4078,0.159281,69.771325,47.626705,134.3347,0.738484,1.163811,0.750433,-0.674036,-0.301719,-0.418992,-0.622572
442,74.782,A,3,70.009418,47.645790,69.230734,47.388126,69.323809,46.795441,0.621769,-0.669239,134.9779,0.157708,135.2961,0.150956,69.758859,47.835246,135.2266,0.691978,1.127148,0.314123,-0.528126,-0.447120,0.250559,-0.189456
443,74.986,A,3,69.680890,48.530248,69.230734,47.388126,69.299820,46.853669,0.571242,-0.596285,135.7046,0.150736,136.1449,0.144154,69.749219,48.038660,136.0782,0.831878,1.267344,0.496315,-0.518485,-0.650534,-0.068329,0.491589
444,75.192,A,3,69.238267,47.898162,69.401879,47.691261,69.333371,47.155928,0.931384,-1.148512,136.4596,0.145566,136.9634,0.141489,69.740618,48.236354,136.8989,0.641771,1.154629,0.605583,-0.338739,-0.545093,-0.502352,-0.338191
445,75.370,A,3,69.082508,47.834455,69.348267,48.013211,69.298506,47.320629,0.793837,-0.555905,137.4606,0.139948,137.7556,0.135698,69.731557,48.428968,137.6932,0.565477,1.189936,0.880176,-0.383289,-0.415757,-0.649049,-0.594512
446,75.555,A,3,68.828069,48.121795,69.220357,48.069614,69.185791,47.546022,0.903368,-0.329367,138.1361,0.134593,138.5186,0.129826,69.721543,48.618301,138.4588,0.743132,1.198671,1.022161,-0.501186,-0.548687,-0.893474,-0.496506
447,75.734,A,3,69.579530,48.582351,69.192696,48.225750,69.223892,47.739780,0.834069,-0.688990,138.9077,0.128681,139.2456,0.123630,69.710997,48.806321,139.1889,0.778266,1.172510,0.259704,-0.518300,-0.580571,-0.131467,-0.223970
448,75.935,A,3,69.136412,48.735693,69.192696,48.225750,69.204823,47.790877,0.761589,-0.613402,139.7555,0.121003,139.9331,0.117110,69.700616,48.993864,139.8795,0.920859,1.301149,0.620466,-0.507919,-0.768114,-0.564204,-0.258171
449,76.115,A,3,70.090298,48.830074,69.221440,48.439906,69.176414,47.977748,0.884956,-0.689367,140.0227,0.118836,140.5852,0.111655,69.690834,49.180007,140.5341,0.876403,1.307690,0.531060,-0.469395,-0.740101,0.399464,-0.349933
450,76.318,A,3,69.654415,48.417270,69.489533,48.704854,69.295154,48.150675,0.254663,-0.800488,140.9126,0.110773,141.2109,0.108578,69.681760,49.362624,141.1616,0.685283,1.272118,0.945749,-0.192227,-0.657770,-0.027346,-0.945354
451,76.531,A,3,68.929793,50.054923,69.448880,48.956904,69.277388,48.498408,1.140637,-1.286533,141.7007,0.106632,141.8176,0.105208,69.673452,49.539803,141.7697,0.624664,1.114168,0.904642,-0.224572,-0.582900,-0.743659,0.515120
452,76.725,A,3,69.136826,49.469680,69.331239,49.321874,69.264253,48.548455,1.174949,-1.124590,142.1894,0.103507,142.4063,0.101336,69.666154,49.711158,142.3599,0.513527,1.230204,0.581807,-0.334915,-0.389284,-0.529328,-0.241478
453,76.943,A,3,68.544967,49.645564,69.331239,49.321874,69.232560,48.730931,1.072378,-1.005651,142.7109,0.100573,142.9718,0.096360,69.660184,49.878053,142.9276,0.646174,1.224236,1.139192,-0.328945,-0.556180,-1.115217,-0.232489
454,77.133,A,3,68.979707,50.287542,69.170753,49.508228,69.117103,48.911582,1.307891,-0.733920,143.2305,0.095465,143.5074,0.091050,69.655516,50.042657,143.4658,0.721533,1.252685,0.718809,-0.484763,-0.534430,-0.675809,0.244885
455,77.318,A,3,68.763035,49.953537,69.017565,49.767442,69.081204,49.160562,1.548103,-1.054407,143.4280,0.093626,144.0112,0.086054,69.651416,50.206535,143.9720,0.771084,1.191303,0.923704,-0.633851,-0.439093,-0.888381,-0.252998
456,77.504,A,3,68.949843,49.352372,68.930825,49.994162,69.017846,49.325785,1.405017,-0.790937,143.8933,0.089327,144.4869,0.080827,69.641373,50.373337,144.4497,0.805389,1.219078,1.233119,-0.710548,-0.379175,-0.691530,-1.020964
457,77.687,A,3,69.181647,50.662920,68.862534,49.971411,68.995894,49.363368,0.815473,-0.211220,144.3468,0.084883,144.9439,0.078423,69.620369,50.544354,144.9078,0.950040,1.335925,0.454461,-0.757835,-0.572943,-0.438722,0.118566
458,77.871,A,3,68.179898,50.381250,68.882367,50.048023,69.004931,49.601758,0.819836,-0.678181,145.1447,0.078526,145.3879,0.075172,69.590463,50.716601,145.3529,0.973857,1.259256,1.449881,-0.708096,-0.668579,-1.410566,-0.335351
459,78.047,A,3,69.258408,49.645859,68.794419,50.270982,68.867662,49.759511,1.070856,-0.452794,145.4949,0.075984,145.8169,0.073779,69.555089,50.887878,145.7833,0.979377,1.321275,1.276961,-0.760669,-0.616896,-0.296681,-1.242019
460,78.233,A,3,68.630495,51.371508,68.738036,50.246802,68.913082,49.775107,0.406519,-0.135744,145.6821,0.075274,146.2241,0.069190,69.517383,51.057676,146.1924,1.124677,1.417802,0.940777,-0.779347,-0.810874,-0.886888,0.313833
461,78.421,A,3,67.995334,50.496439,68.769038,50.384074,68.855040,50.056444,0.961764,-0.839165,146.0308,0.072651,146.6039,0.066186,69.478662,51.226853,146.5746,1.101746,1.326183,1.653411,-0.709625,-0.842779,-1.483329,-0.730414
462,78.612,A,3,69.037368,50.983264,68.612017,50.628894,68.712581,50.160943,1.085330,-0.384076,146.5032,0.067870,146.9565,0.058099,69.437785,51.396734,146.9292,1.127595,1.432864,0.575578,-0.825768,-0.767840,-0.400416,-0.413469
463,78.789,A,3,69.398807,51.113640,68.548279,50.734749,68.744737,50.320823,0.742829,-0.619354,147.1907,0.058566,147.2626,0.056468,69.391522,51.568387,147.2626,1.185754,1.405257,0.454806,-0.843243,-0.833639,0.007285,-0.454747
464,78.983,A,3,69.118237,52.068343,68.716839,50.907282,68.828695,50.476307,0.426418,-0.912556,147.3470,0.057513,147.6104,0.056101,69.336129,51.742386,147.5848,1.039672,1.363981,0.392079,-0.619290,-0.835103,-0.217893,0.325958
465,79.176,A,3,68.696053,52.325051,68.899836,51.655346,68.861631,50.751173,1.068695,-1.854630,147.7223,0.055917,147.9282,0.055976,69.269462,51.918924,147.9029,0.453978,1.236918,0.702664,-0.369625,-0.263578,-0.573409,0.406127
466,79.369,A,3,67.611065,51.990940,68.685857,51.954836,68.828138,51.026324,1.516913,-1.247002,148.1539,0.054403,148.2401,0.052894,69.192185,52.097941,148.2155,0.526162,1.131765,1.584736,-0.506328,-0.143105,-1.581119,-0.107001
467,79.551,A,3,69.020049,51.473199,68.554235,51.998244,68.637066,51.212876,0.799368,-0.790892,148.4493,0.052589,148.5390,0.052326,69.107425,52.279000,148.5157,0.620358,1.165272,0.810525,-0.553190,-0.280757,-0.087376,-0.805802
468,79.725,A,3,69.312375,51.030627,68.554235,51.998244,68.680656,51.294277,0.726212,-0.711199,148.6582,0.050494,148.8194,0.046071,69.019090,52.461089,148.7976,0.655985,1.214902,1.460218,-0.464855,-0.462845,0.293285,-1.430462
469,79.906,A,3,67.863451,51.893841,68.707106,51.822575,68.764232,51.294419,-0.027742,-0.215226,148.9076,0.048038,149.0816,0.044740,68.929798,52.642725,149.0612,0.849845,1.358434,1.303044,-0.222692,-0.820150,-1.066348,-0.748883
470,80.081,A,3,68.357262,52.035770,68.666325,51.732982,68.622182,51.418380,0.485964,-0.064314,149.0324,0.046518,149.3308,0.042744,68.839879,52.822553,149.3112,1.103307,1.420948,0.923009,-0.173554,-1.089571,-0.482616,-0.786783
471,80.254,A,3,68.065426,52.431630,68.379584,51.998161,68.571821,51.544150,0.901445,-0.396185,149.4298,0.043440,149.5732,0.041782,68.747702,53.000115,149.5539,1.067437,1.466549,0.888073,-0.368118,-1.001953,-0.682275,-0.568484
472,80.429,A,3,67.692548,52.632986,68.195216,52.227660,68.484990,51.709518,1.254420,-0.501958,149.7453,0.042429,149.8120,0.042093,68.650617,53.176422,149.7931,1.052396,1.476225,1.101461,-0.455400,-0.948761,-0.958068,-0.543436
473,80.600,A,3,67.917367,54.265620,68.195216,52.227660,68.354022,51.880696,1.135789,-0.448966,149.9715,0.041194,150.0457,0.038771,68.546140,53.353725,150.0273,1.179478,1.485504,1.107660,-0.350924,-1.126064,-0.628774,0.911895
474,80.770,A,3,67.909281,53.144943,68.031034,52.722256,68.273581,52.270827,1.757016,-1.521552,150.0568,0.040868,150.2693,0.037694,68.433068,53.534215,150.2519,0.906040,1.273415,0.652599,-0.402034,-0.811959,-0.523787,-0.389272
475,80.937,A,3,67.309831,53.356237,67.940515,53.180621,68.203222,52.441984,1.645671,-1.368832,150.1635,0.040307,150.4795,0.035262,68.311920,53.718589,150.4631,0.653722,1.281225,1.065590,-0.371405,-0.537969,-1.002089,-0.362353
476,81.101,A,3,67.431359,53.457197,67.787302,53.340983,68.053477,52.618759,1.695669,-1.023556,150.3685,0.037620,150.6777,0.034022,68.184633,53.905500,150.6622,0.690327,1.293408,0.876583,-0.397331,-0.564517,-0.753275,-0.448303
477,81.273,A,3,68.193774,53.137855,67.603223,53.479336,67.941777,52.784072,1.555038,-0.792729,150.6526,0.035007,150.8686,0.032251,68.053707,54.092252,150.8535,0.760659,1.312960,0.964621,-0.450484,-0.612916,0.140067,-0.954397
478,81.462,A,3,67.171659,53.173821,67.600777,53.512274,67.959690,52.876660,0.766162,-0.488636,150.9801,0.033172,151.0556,0.032227,67.921196,54.276438,151.0408,0.828622,1.400308,1.333255,-0.320419,-0.764164,-0.749537,-1.102617
479,81.642,A,3,67.305048,53.450834,67.576497,53.456779,67.824982,52.958266,0.760891,-0.087657,151.1528,0.032403,151.2390,0.029840,67.788104,54.457300,151.2245,1.022653,1.499487,1.116386,-0.211607,-1.000521,-0.483056,-1.006466
480,81.812,A,3,66.440162,53.833147,67.220247,53.544363,67.728439,53.066657,1.253883,-0.026487,151.3922,0.030536,151.4157,0.028799,67.654216,54.635969,151.4020,1.174705,1.571066,1.455489,-0.433968,-1.091606,-1.214054,-0.802822
481,81.975,A,3,66.588700,54.623772,66.948292,53.820975,67.382301,53.418290,1.660102,-0.574533,151.5248,0.028890,151.5818,0.026349,67.518053,54.814757,151.5690,1.145526,1.403049,0.948774,-0.569761,-0.993782,-0.929353,-0.190985
482,82.131,A,3,66.796921,54.613662,66.795229,54.165527,67.354661,53.458053,1.646161,-0.857775,151.6518,0.027129,151.7354,0.025737,67.377216,54.995814,151.7235,1.013946,1.537927,0.694825,-0.581987,-0.830287,-0.580295,-0.382152
483,82.283,A,3,66.295368,55.392715,66.795229,54.165527,67.246159,53.666475,1.490035,-0.771443,151.7927,0.025712,151.8793,0.023307,67.229448,55.179919,151.8680,1.103421,1.513537,0.958012,-0.434220,-1.014392,-0.934080,0.212796
484,82.444,A,3,67.258818,54.452329,66.645463,54.552628,67.078728,53.961411,1.852942,-1.218543,151.8945,0.024938,152.0188,0.024484,67.073888,55.366265,152.0076,0.919539,1.404862,0.932458,-0.428425,-0.813636,0.184931,-0.913936
485,82.630,A,3,66.695986,56.201192,66.663765,55.098032,67.078471,54.075601,1.538285,-1.817574,152.1300,0.024499,152.1573,0.024241,66.911670,55.553197,152.1463,0.518297,1.486982,0.682947,-0.247904,-0.455165,-0.215684,0.647995
486,82.796,A,3,65.708104,54.939098,66.487106,55.384391,66.810727,54.505346,1.566728,-0.942710,152.2436,0.024097,152.2940,0.024037,66.745501,55.739263,152.2832,0.438979,1.235640,1.310136,-0.258395,-0.354873,-1.037397,-0.800165
487,82.969,A,3,66.167817,54.742227,66.271536,55.309448,66.781121,54.551685,1.163541,-0.287766,152.3700,0.023043,152.4243,0.021388,66.578324,55.923904,152.4142,0.686786,1.387123,1.250951,-0.306788,-0.614456,-0.410507,-1.181677
488,83.133,A,3,66.081874,56.027684,66.271536,55.309448,66.662613,54.621888,1.052355,-0.257676,152.5222,0.020759,152.5445,0.018277,66.411910,56.107392,152.5353,0.810197,1.506511,0.339525,-0.140374,-0.797944,-0.330036,-0.079709
489,83.299,A,3,65.716741,55.540934,66.163877,55.411389,66.548813,54.870322,1.230686,-0.681840,152.5742,0.020390,152.6532,0.017350,66.246135,56.290340,152.6449,0.882792,1.451918,0.917534,-0.082258,-0.878951,-0.529394,-0.749406
490,83.450,A,3,65.141649,55.932551,66.025807,55.609357,66.403362,55.002701,1.301687,-0.481396,152.6239,0.018600,152.7531,0.015902,66.078981,56.473333,152.7453,0.865611,1.505982,1.082145,-0.053174,-0.863976,-0.937332,-0.540782
491,83.612,A,3,65.543046,55.810979,65.785291,55.725613,66.181615,55.188008,1.585378,-0.389506,152.7188,0.017248,152.8495,0.015831,65.907380,56.656852,152.8418,0.939208,1.494225,0.920999,-0.122089,-0.931239,-0.364334,-0.845873
492,83.765,A,3,65.802106,56.046707,65.578514,55.842690,66.061876,55.312300,1.386400,-0.287720,152.8315,0.016213,152.9468,0.016087,65.728789,56.841353,152.9390,1.009907,1.564912,0.798021,-0.150275,-0.998664,0.073318,-0.794646
493,83.928,A,3,64.669990,56.008145,65.530071,55.932630,65.992958,55.459091,1.102097,-0.413208,152.9063,0.016049,153.0450,0.017504,65.542519,57.027254,153.0372,1.094694,1.631573,1.341599,-0.012447,-1.094624,-0.872529,-1.019109
494,84.093,A,3,64.840621,56.628770,65.120969,56.176269,65.761060,55.585041,1.530664,-0.397539,153.1234,0.017908,153.1403,0.018270,65.350005,57.214706,153.1329,1.063395,1.680707,0.776398,-0.229036,-1.038437,-0.509385,-0.585936
495,84.275,A,3,65.060607,56.407073,64.994697,56.350201,65.591772,55.776804,1.317975,-0.397958,153.1954,0.015815,153.2285,0.016442,65.153976,57.403288,153.2217,1.065064,1.684374,1.000581,-0.159280,-1.053086,-0.093369,-0.996215
496,84.452,A,3,64.189663,57.471996,64.810245,56.621928,65.486411,55.900142,1.861791,-0.878413,153.2563,0.014186,153.3089,0.014561,64.956995,57.591939,153.3027,0.981049,1.772697,0.776650,-0.146750,-0.970011,-0.767332,-0.119943
497,84.627,A,3,64.273587,57.235268,64.560103,56.962286,65.262311,56.168866,1.895592,-0.893594,153.3568,0.013224,153.3845,0.011374,64.760305,57.779381,153.3785,0.841263,1.686941,0.730037,-0.200202,-0.817094,-0.486718,-0.544113
498,84.785,A,3,63.780793,57.327583,64.560103,56.962286,65.073930,56.374040,1.714511,-0.805517,153.4198,0.013110,153.4594,0.014122,64.563530,57.964825,153.4533,1.002544,1.670660,1.009334,-0.003427,-1.002538,-0.782738,-0.637241
499,84.949,A,3,63.876295,58.096546,64.313332,57.177148,64.845301,56.555984,1.856340,-0.673182,153.4937,0.013096,153.5363,0.012563,64.364993,58.148551,153.5300,0.972776,1.663420,0.491457,-0.051661,-0.971404,-0.488698,-0.052006
500,85.104,A,3,63.644793,56.884094,64.074304,57.467228,64.662975,56.825670,2.129657,-1.097963,153.4937,0.013081,153.6152,0.013951,64.162423,58.331946,153.6089,0.869197,1.587268,1.537601,-0.088119,-0.864719,-0.517631,-1.447852
501,85.262,A,3,64.039352,56.944006,63.882472,57.582814,64.472628,56.876664,1.683868,-0.263675,153.5898,0.013340,153.6937,0.014178,63.953927,58.516756,153.6875,0.936672,1.720161,1.575068,-0.071455,-0.933942,0.085425,-1.572750
502,85.430,A,3,62.860334,58.200787,63.595349,57.524829,64.368979,56.925096,1.668565,-0.252077,153.7379,0.013910,153.7698,0.013779,63.738773,58.703999,153.7638,1.187861,1.887235,1.012362,-0.143424,-1.179170,-0.878438,-0.503212
503,85.593,A,3,62.806572,58.922008,63.595349,57.524829,64.106543,57.150433,1.508551,-0.225857,153.7979,0.012762,153.8443,0.012913,63.517641,58.893303,153.8383,1.370679,1.839674,0.711648,0.077708,-1.368474,-0.711068,0.028705
504,85.766,A,3,62.885583,58.754807,63.283937,57.937061,63.872389,57.451760,1.975178,-0.842308,153.8520,0.012829,153.9207,0.013277,63.292307,59.083074,153.9145,1.146043,1.731381,0.522669,-0.008370,-1.146012,-0.406723,-0.328267
505,85.928,A,3,62.312010,58.512857,62.817673,58.560743,63.683176,57.687038,2.115175,-0.729818,153.9447,0.013407,154.0018,0.014406,63.064901,59.271425,153.9951,0.752457,1.700749,1.068771,-0.247229,-0.710683,-0.752892,-0.758569
506,86.079,A,3,63.293489,59.272411,62.711830,58.787091,63.415659,58.057972,1.710078,-1.192901,154.0424,0.014333,154.0875,0.015406,62.837076,59.457256,154.0806,0.681768,1.514185,0.492423,-0.125246,-0.670165,0.456413,-0.184845
507,86.237,A,3,61.424136,59.048701,62.518000,59.025726,63.089348,58.242407,2.115922,-0.729230,154.1447,0.015059,154.1756,0.015416,62.609410,59.640740,154.1685,0.621769,1.478403,1.324909,-0.091410,-0.615013,-1.185273,-0.592039
508,86.386,A,3,61.615179,59.221937,62.518000,59.025726,63.039742,58.290215,1.913622,-0.656268,154.2303,0.015298,154.2628,0.015452,62.381158,59.823065,154.2559,0.808996,1.668341,0.973693,0.136842,-0.797338,-0.765978,-0.601128
509,86.549,A,3,61.864865,58.964585,62.128971,59.169600,62.782036,58.472373,1.986955,-0.471996,154.3073,0.014705,154.3482,0.013848,62.150445,60.005673,154.3414,0.836349,1.658288,1.079547,-0.021473,-0.836073,-0.285580,-1.041088
510,86.707,A,3,60.950012,59.955450,61.900478,59.233925,62.598254,58.588635,1.780322,-0.185382,154.3366,0.014349,154.4338,0.014176,61.915057,60.189444,154.4268,0.955630,1.740502,0.993008,-0.014579,-0.955519,-0.965045,-0.233995
511,86.866,A,3,60.659201,59.473383,61.642778,59.386801,62.305794,58.833337,2.180988,-0.445257,154.3999,0.014719,154.5237,0.016671,61.673581,60.374330,154.5162,0.988009,1.665639,1.356714,-0.030802,-0.987529,-1.014380,-0.900947
512,87.034,A,3,61.369460,60.660180,61.278842,59.574306,62.010884,58.971174,2.208875,-0.109920,154.4664,0.015535,154.6201,0.015141,61.426214,60.559593,154.6121,0.996247,1.692606,0.115494,-0.147372,-0.985287,-0.056754,0.100588
513,87.192,A,3,60.472611,60.529371,61.074010,59.824348,61.863824,59.264366,1.897793,-0.792901,154.6638,0.016836,154.7217,0.016766,61.174798,60.744335,154.7135,0.925492,1.632503,0.734355,-0.100788,-0.919987,-0.702187,-0.214964
514,87.346,A,3,60.032046,59.939414,60.911606,60.184809,61.606741,59.497265,2.044469,-0.845500,154.7651,0.017814,154.8245,0.018194,60.921983,60.927932,154.8163,0.743196,1.586096,1.330096,-0.010377,-0.743123,-0.889936,-0.988518
515,87.503,A,3,60.268824,60.435255,60.607220,60.309648,61.320888,59.607940,2.102307,-0.298525,154.7651,0.017830,155.4163,0.141671,60.677710,61.111493,155.3495,0.804937,1.635344,0.790245,-0.070490,-0.801845,-0.408887,-0.676239
516,87.663,A,3,59.895548,60.925095,60.158615,60.540029,61.110787,59.773173,1.971404,-0.481175,155.6507,0.045928,155.7149,-0.026289,60.441912,61.288141,155.7256,0.799955,1.656056,0.655985,-0.283297,-0.748112,-0.546364,-0.363047
517,87.829,A,3,59.672932,61.373932,59.937685,60.828971,60.702734,60.186988,2.084800,-0.803346,155.6654,0.028928,155.6353,0.075881,60.206698,61.461600,155.6035,0.687450,1.367731,0.540918,-0.269013,-0.632629,-0.533767,-0.087668
518,87.977,A,3,59.439996,61.095757,59.937685,60.828971,60.644170,60.235024,1.890069,-0.711493,156.0758,0.108224,156.4197,0.104638,59.985778,61.634959,156.3703,0.807421,1.547028,0.767213,-0.048093,-0.805987,-0.545782,-0.539202
519,88.163,A,3,58.260345,61.375758,59.716065,61.061467,60.422217,60.397283,1.838604,-0.561996,156.5549,0.053450,156.6723,0.066356,59.756967,61.805859,156.6432,0.745515,1.557769,1.557197,-0.040902,-0.744392,-1.496621,-0.430101
520,88.339,A,3,57.896790,61.625198,59.340766,61.217640,60.048067,60.583638,2.428420,-0.360545,156.5549,0.053457,157.4707,0.129574,59.532837,61.978241,157.4098,0.784478,1.486735,1.673706,-0.192071,-0.760601,-1.636047,-0.353044
521,88.502,A,3,58.288601,61.821362,58.831264,61.401305,59.657667,60.786909,2.748052,-0.234778,157.1866,0.115788,158.0841,0.139404,59.305709,62.150628,158.0215,0.886895,1.408404,1.069076,-0.474445,-0.749323,-1.017108,-0.329265
522,88.653,A,3,57.862535,61.838978,58.461809,61.590238,59.390587,60.981131,2.584703,-0.321986,157.9349,0.121140,158.8961,0.114372,59.083793,62.323166,158.8440,0.961274,1.376655,1.313739,-0.621983,-0.732929,-1.221258,-0.484188
523,88.801,A,3,58.332546,61.912241,58.189814,61.750644,59.096499,61.149853,2.241612,-0.177111,159.2334,0.147617,159.7656,0.164960,58.868202,62.493624,159.6904,1.006096,1.363026,0.790526,-0.678388,-0.742980,-0.535655,-0.581382
524,88.979,A,3,58.217005,62.287706,58.007854,61.868333,58.933678,61.292079,1.828743,-0.230903,159.9751,0.158526,160.7123,0.171614,58.662141,62.660709,160.6337,1.027594,1.395306,0.580755,-0.654287,-0.792375,-0.445136,-0.373002
525,89.149,A,3,57.298470,62.876381,57.952151,62.014792,58.753373,61.483382,1.664032,-0.507038,160.3724,0.163463,161.7341,0.185233,58.465261,62.823864,161.6496,0.958061,1.371095,1.167972,-0.513110,-0.809073,-1.166791,0.052516
526,89.306,A,3,57.900046,62.415850,57.790536,62.274952,58.390265,61.827524,1.942769,-0.832628,161.1940,0.172507,162.8275,0.196416,58.275599,62.984052,162.7375,0.859132,1.162199,0.681097,-0.485063,-0.709100,-0.375553,-0.568202
527,89.473,A,3,57.421397,62.100972,57.632632,62.480391,58.328310,61.865300,1.519550,-0.673523,162.4880,0.187991,163.9868,0.207957,58.089909,63.143271,163.8918,0.805303,1.300017,1.238263,-0.457278,-0.662880,-0.668512,-1.042299
528,89.657,A,3,57.384892,63.230914,57.543401,62.477380,58.133795,61.934429,1.175998,-0.144646,164.7624,0.209342,165.2058,0.217564,57.904858,63.303466,165.1062,0.901704,1.388046,0.525003,-0.361457,-0.826086,-0.519966,-0.072552
529,89.830,A,3,57.758679,63.314015,57.420220,62.592570,57.975585,62.151097,1.240352,-0.632320,165.6305,0.217315,166.4815,0.226841,57.718430,63.465308,166.3774,0.922281,1.339134,0.156556,-0.298210,-0.872738,0.040249,-0.151294
530,89.985,A,3,56.623522,63.928057,57.388959,62.884584,57.875927,62.361754,1.057379,-1.045718,166.0682,0.220614,167.7190,0.161591,57.529692,63.627995,167.6434,0.756615,1.312724,0.954558,-0.140733,-0.743411,-0.906170,0.300062
531,90.140,A,3,56.981602,63.581667,57.063547,63.497310,57.635117,62.626867,1.395046,-1.260262,168.2468,0.163937,168.5391,0.207428,57.334438,63.787309,168.4456,0.396840,1.198764,0.408390,-0.270891,-0.289999,-0.352836,-0.205642
532,90.280,A,3,56.004957,63.250635,56.812461,63.565882,57.269019,62.867453,1.670013,-0.639359,168.9786,0.231397,170.1715,0.301585,57.138008,63.947890,170.0318,0.501908,1.088351,1.330402,-0.325547,-0.382008,-1.133051,-0.697255
533,90.432,A,3,55.932453,64.004775,56.812461,63.565882,57.208159,62.901655,1.522883,-0.541769,170.6241,0.220763,171.3156,0.109229,56.942309,64.101894,171.2645,0.551516,1.229330,1.014516,-0.129848,-0.536013,-1.009856,-0.097119
534,90.603,A,3,55.492628,64.224743,56.130883,63.880334,56.961884,63.095323,2.090689,-0.873079,171.8774,0.186183,172.2950,0.251873,56.749019,64.252485,172.1806,0.721518,1.176577,1.256697,-0.618136,-0.372151,-1.256391,-0.027742
535,90.787,A,3,55.259935,63.245847,55.777380,63.892791,56.685506,63.292626,2.068888,-0.039832,172.8237,0.208510,173.5758,0.134752,56.559566,64.406621,173.5117,0.935861,1.121092,1.742538,-0.782186,-0.513831,-1.299631,-1.160775
536,90.964,A,3,55.277669,64.528643,55.488283,63.931950,56.414517,63.314568,2.014784,-0.549209,174.3228,0.189966,174.4642,0.224260,56.367970,64.556775,174.3608,1.079007,1.243079,1.090663,-0.879687,-0.624826,-1.090300,-0.028133
537,91.129,A,3,55.622053,63.820965,55.342731,64.048721,56.185099,63.519847,1.566051,-0.245868,175.2243,0.166371,175.4328,0.156141,56.171655,64.707668,175.3623,1.058927,1.187898,1.043219,-0.828924,-0.658947,-0.549602,-0.886703
538,91.292,A,3,54.807198,64.958928,55.342731,64.048721,56.041568,63.590479,1.419058,-0.198876,176.0582,0.157436,176.3856,0.143899,55.965773,64.855873,176.3208,1.019645,1.267662,1.163149,-0.623042,-0.807152,-1.158575,0.103054
539,91.450,A,3,54.800078,64.555062,55.187408,64.203694,55.800254,63.817426,1.560786,-0.791474,176.8384,0.158975,177.2823,0.151178,55.748758,65.000296,177.2120,0.974520,1.183991,1.047964,-0.561351,-0.796602,-0.948681,-0.445234
540,91.612,A,3,54.681224,64.826792,54.791766,64.587857,55.593324,63.952435,1.485005,-0.913985,177.7407,0.152565,178.1415,0.146818,55.522493,65.141946,178.0743,0.917047,1.191618,0.898362,-0.730727,-0.554088,-0.841269,-0.315153
541,91.768,A,3,54.325696,64.420580,54.602894,64.656855,55.244934,64.152401,1.472696,-0.528422,178.8478,0.143335,178.9585,0.138825,55.291040,65.281869,178.8948,0.929617,1.130409,1.293719,-0.688146,-0.625014,-0.965344,-0.861289
542,91.918,A,3,54.936100,64.530622,54.511914,64.637923,55.147960,64.229155,1.019847,-0.346687,179.3940,0.138265,179.7310,0.132611,55.058759,65.420729,179.6708,0.954895,1.194908,0.898518,-0.546845,-0.782806,-0.122659,-0.890107
543,92.107,A,3,53.709908,65.259327,54.511914,64.637923,55.090919,64.253330,0.925992,-0.300948,-179.8375,0.130582,-179.5372,0.124766,54.828239,65.558079,-179.5944,0.973011,1.330929,1.157548,-0.316325,-0.920157,-1.118331,-0.298752
544,92.279,A,3,53.981076,65.348593,54.371949,64.756976,54.832788,64.423824,1.227597,-0.681769,-179.2343,0.125117,-178.8390,0.118614,54.599600,65.692787,-178.8938,0.963103,1.290211,0.707843,-0.227651,-0.935811,-0.618525,-0.344194
545,92.481,A,3,53.792629,65.417068,54.135437,64.985234,54.652088,64.583441,1.263498,-0.978003,-178.9617,0.122442,-178.0890,0.116107,54.370641,65.823889,-178.2207,0.871012,1.271976,0.706825,-0.235203,-0.838655,-0.578012,-0.406821
546,92.621,A,3,53.859371,65.246512,53.973100,65.178909,54.471090,64.730299,1.226407,-1.054499,-178.4720,0.118660,-177.5211,0.109116,54.137450,65.951255,-177.5719,0.789639,1.265721,0.757622,-0.164351,-0.772346,-0.278080,-0.704743
547,92.794,A,3,53.070509,65.150860,53.648280,65.314522,54.328012,64.830302,1.316773,-0.569744,-177.0635,0.109658,-176.9009,0.105570,53.896120,66.075586,-176.9494,0.800401,1.318053,1.239657,-0.247841,-0.761063,-0.825611,-0.924725
548,92.958,A,3,52.595587,65.865377,53.648280,65.314522,54.090672,64.899941,1.195675,-0.502297,-176.5103,0.103834,-176.3106,0.100368,53.644758,66.197706,-176.3567,0.883191,1.372237,1.100546,0.003522,-0.883184,-1.049171,-0.332329
549,93.123,A,3,52.619470,65.524209,53.319728,65.422408,53.816786,65.063937,1.479437,-0.833524,-176.2213,0.100804,-175.7502,0.094679,53.384409,66.317872,-175.7940,0.897797,1.326387,1.102285,-0.064681,-0.895464,-0.764939,-0.793663
550,93.282,A,3,52.862193,65.590783,53.001606,65.559598,53.585410,65.153743,1.647743,-0.749023,-175.9565,0.097961,-175.2144,0.092640,53.118648,66.435546,-175.2565,0.883732,1.364143,0.882833,-0.117042,-0.875947,-0.256455,-0.844763
551,93.437,A,3,52.122708,66.703582,52.809550,65.602173,53.424448,65.239242,1.415286,-0.621353,-175.3037,0.093603,-174.7383,0.088742,52.851885,66.549832,-174.7383,0.948604,1.430201,0.745209,-0.042334,-0.947659,-0.729176,0.153750
552,93.624,A,3,52.408493,65.267228,52.403757,65.937833,53.178539,65.477071,1.362454,-0.532714,-174.2979,0.087020,-174.1968,0.085099,52.587250,66.660305,-174.2363,0.745409,1.322750,1.404499,-0.183493,-0.722471,-0.178756,-1.393077
553,93.825,A,3,52.257625,65.653525,52.403757,65.937833,53.011208,65.468548,1.235811,-0.470493,-173.8950,0.084428,-173.7110,0.095770,52.325513,66.767437,-173.7519,0.833285,1.468771,1.115979,0.078244,-0.829604,-0.067888,-1.113912
554,94.018,A,3,50.858121,65.758817,52.277839,65.816669,52.847886,65.515189,1.127067,-0.261847,-173.4770,0.090650,-173.1718,0.091092,52.067195,66.869269,-173.2138,1.073470,1.563014,1.641635,0.210644,-1.052600,-1.209075,-1.110452
555,94.172,A,3,51.016355,66.168534,51.971806,65.792804,52.501512,65.568343,1.773598,-0.277323,-173.4770,0.090650,-172.6645,0.084345,51.806433,66.970228,-172.7039,1.188980,1.564741,1.125583,0.165373,-1.177423,-0.790079,-0.801694
556,94.334,A,3,50.683400,66.322425,51.222516,66.007461,52.226402,65.673257,1.934636,-0.805178,-172.3638,0.085277,-172.1772,0.082011,51.539542,67.069694,-172.2156,1.108532,1.556217,1.136393,-0.317026,-1.062233,-0.856142,-0.747268
557,94.494,A,3,51.098935,66.178820,50.990534,66.119662,51.819424,65.842460,1.620871,-0.729878,-171.7956,0.084127,-171.7011,0.084023,51.264696,67.165857,-171.7391,1.081521,1.434958,1.000859,-0.274162,-1.046194,-0.165760,-0.987037
558,94.660,A,3,49.136691,67.505018,50.990534,66.119662,51.759021,65.860272,1.470625,-0.647441,-171.5934,0.083978,-171.2287,0.080652,50.982868,67.257073,-171.2663,1.137436,1.597957,1.862752,0.007666,-1.137410,-1.846177,0.247946
559,94.845,A,3,50.095936,66.045296,50.602886,66.408440,51.312418,66.120745,2.042332,-1.625525,-171.1170,0.083239,-170.7619,0.079854,50.697306,67.343299,-170.7988,0.939615,1.368577,1.430544,-0.094420,-0.934859,-0.601369,-1.298003
560,95.024,A,3,49.734899,67.813031,49.934472,66.779019,51.069622,66.128935,1.781363,-1.844989,-170.4637,0.079473,-170.3069,0.078094,50.411976,67.425919,-170.3427,0.804046,1.454189,0.779928,-0.477504,-0.646900,-0.677077,0.387112
561,95.206,A,3,49.936087,67.437633,49.762500,67.148483,50.683008,66.547675,1.418466,-1.833111,-170.1751,0.077805,-169.8686,0.075033,50.129691,67.506617,-169.9030,0.512922,1.107126,0.205527,-0.367191,-0.358133,-0.193604,-0.068983
562,95.374,A,3,49.251874,66.909159,49.583637,67.251579,50.420092,66.622355,1.517430,-1.279911,-169.5754,0.074121,-169.4483,0.072666,49.851188,67.586314,-169.4813,0.428521,1.119316,0.904277,-0.267551,-0.334734,-0.599314,-0.677155
563,95.531,A,3,49.376471,66.051754,49.583637,67.251579,50.354313,66.646809,1.380089,-1.146840,-169.1946,0.071545,-169.0464,0.068107,49.575061,67.665013,-169.0779,0.413523,1.282175,1.625436,0.008576,-0.413434,-0.198591,-1.613259
564,95.702,A,3,47.821478,66.849053,49.384522,67.053016,50.148862,66.579207,1.392984,-0.132413,-168.8270,0.068154,-168.6609,0.067270,49.298292,67.741751,-168.6912,0.694112,1.440478,1.725656,0.086230,-0.688735,-1.476814,-0.892698
565,95.866,A,3,48.599873,67.548619,49.037486,66.862221,49.743319,66.635225,2.081394,-0.249867,-168.8270,0.068148,-168.2864,0.064124,49.017531,67.814834,-168.3161,0.952821,1.385007,0.495287,0.019955,-0.952612,-0.417658,-0.266215
566,96.027,A,3,49.223199,66.762152,48.608657,67.044423,49.509990,66.786438,1.208713,-0.309076,-168.0665,0.064220,-167.9179,0.063205,48.730695,67.882886,-167.9472,0.847297,1.345175,1.224175,-0.122038,-0.838462,0.492504,-1.120734
567,96.196,A,3,47.887418,67.232812,48.487641,67.040621,49.405560,66.799532,1.393830,-0.518020,-167.7385,0.063031,-167.5561,0.062476,48.437870,67.945886,-167.5847,0.906633,1.500184,0.900818,0.049771,-0.905266,-0.550452,-0.713074
568,96.372,A,3,47.724897,67.359547,48.487641,67.040621,49.121821,66.878520,1.262804,-0.460393,-167.3746,0.061214,-167.2067,0.059336,48.141143,68.005340,-167.2340,1.025058,1.493804,0.768315,0.346498,-0.964719,-0.416246,-0.645792
569,96.570,A,3,47.088660,67.701486,48.190966,67.139173,48.854937,66.964469,1.355659,-0.647262,-167.0943,0.058923,-166.8758,0.053942,47.843605,68.063201,-166.9016,0.987161,1.493320,0.837126,0.347360,-0.924028,-0.754946,-0.361715
570,96.745,A,3,46.904704,67.844423,47.852007,67.296085,48.532433,67.088602,1.676055,-1.087024,-166.9601,0.056708,-166.5642,0.052286,47.548037,68.120352,-166.5885,0.878530,1.426024,0.700010,0.303970,-0.824268,-0.643333,-0.275929
571,96.911,A,3,46.673110,67.613287,47.477944,67.498175,48.228538,67.216655,1.753568,-1.333435,-166.6793,0.054929,-166.2684,0.050273,47.255745,68.176137,-166.2916,0.713445,1.366357,0.810101,0.222198,-0.677962,-0.582636,-0.562850
572,97.063,A,3,45.817212,67.095369,47.139261,67.628299,47.934151,67.292133,1.832746,-1.195201,-166.3743,0.052063,-165.9837,0.048038,46.966060,68.229150,-166.0061,0.625317,1.347294,1.614097,0.173202,-0.600851,-1.148847,-1.133781
573,97.211,A,3,45.566204,67.347852,46.731711,67.579021,47.555268,67.278227,2.065377,-0.628955,-165.7708,0.048462,-165.7070,0.046615,46.676431,68.278355,-165.7289,0.701515,1.331394,1.448600,0.055280,-0.699334,-1.110227,-0.930503
574,97.379,A,3,45.438467,67.816885,46.267788,67.476433,47.192237,67.301148,2.269824,-0.535951,-165.5570,0.047564,-165.4393,0.045655,46.383325,68.323590,-165.4603,0.854999,1.303736,1.072151,-0.115537,-0.847157,-0.944858,-0.506706
575,97.539,A,3,45.732215,67.199633,45.872012,67.516480,46.862288,67.389195,2.347330,-0.851072,-165.5570,0.047552,-165.1839,0.042930,46.083884,68.365304,-165.2037,0.874867,1.248480,1.217563,-0.211872,-0.848824,-0.351669,-1.165671
576,97.721,A,3,45.132846,66.976431,45.617136,67.519014,46.624604,67.372419,2.058730,-0.417610,-165.3430,0.046161,-164.9429,0.041070,45.777233,68.404025,-164.9617,0.899375,1.335009,1.566289,-0.160096,-0.885011,-0.644386,-1.427595
577,97.916,A,3,44.878384,67.820608,45.407091,67.367558,46.334765,67.322294,2.062017,-0.040104,-164.9856,0.042504,-164.7133,0.038501,45.464870,68.440005,-164.7314,1.074002,1.416332,0.853005,-0.057779,-1.072447,-0.586486,-0.619397
578,98.099,A,3,43.998764,68.445507,45.148549,67.358995,46.050255,67.402839,1.675944,-0.450516,-164.6284,0.039278,-164.4894,0.039854,45.150201,68.472966,-164.5072,1.113973,1.398310,1.151764,-0.001651,-1.113972,-1.151437,-0.027459
579,98.272,A,3,44.550225,67.571473,44.803505,67.620294,45.676963,67.565718,1.764080,-1.220603,-164.4638,0.039825,-164.2670,0.040004,44.836561,68.502746,-164.2848,0.883072,1.258689,0.974299,-0.033056,-0.882453,-0.286336,-0.931273
580,98.414,A,3,43.121589,68.009484,44.166405,67.822264,45.439321,67.576886,2.081949,-1.157442,-164.1482,0.039357,-164.0465,0.038999,44.525578,68.529705,-164.0640,0.793397,1.320149,1.497270,-0.359173,-0.707442,-1.403989,-0.520221
581,98.569,A,3,43.371309,68.164922,43.747377,67.946829,45.025728,67.650257,1.997814,-1.261266,-163.9337,0.037428,-163.8320,0.037049,44.216653,68.554626,-163.8489,0.767879,1.213461,0.930848,-0.469276,-0.607798,-0.845345,-0.389704
582,98.744,A,3,42.938172,66.664033,43.413873,67.792415,44.451740,67.581026,2.339220,-0.129471,-163.6640,0.035756,-163.6285,0.035111,43.907388,68.578106,-163.6443,0.927829,1.135996,2.145473,-0.493515,-0.785690,-0.969216,-1.914072
583,98.887,A,3,43.037650,67.021531,43.413873,67.792415,44.372454,67.586010,2.114883,-0.109581,-163.4793,0.033648,-163.4373,0.031515,43.594626,68.599833,-163.4522,0.827402,1.277832,1.673696,-0.180752,-0.807417,-0.556975,-1.578302
584,99.083,A,3,42.565820,68.472620,43.131814,67.455443,44.095450,67.505733,2.041742,0.252744,-163.3251,0.032737,-163.2541,0.031397,43.275966,68.618523,-163.2686,1.171979,1.381975,0.724980,-0.144152,-1.163080,-0.710146,-0.145903
585,99.263,A,3,42.143772,68.189597,42.589907,67.786288,43.801894,67.651424,1.791642,-1.068836,-163.2065,0.032234,-163.0719,0.032628,42.950933,68.632796,-163.0865,0.920280,1.298932,0.920834,-0.361027,-0.846508,-0.807162,-0.443199
586,99.419,A,3,41.084759,67.842005,42.164186,67.887516,43.484030,67.736341,2.237558,-1.074719,-162.9732,0.032825,-162.8872,0.031924,42.621134,68.642254,-162.9020,0.882287,1.251107,1.732295,-0.456948,-0.754738,-1.536375,-0.800249
587,99.564,A,3,41.298909,68.035700,41.720783,67.932112,42.801375,67.798104,2.186294,-1.099138,-162.7774,0.033101,-162.7024,0.032108,42.289494,68.647963,-162.7171,0.914261,0.992110,1.164527,-0.568711,-0.715850,-0.990584,-0.612263
588,99.715,A,3,41.239505,66.780098,41.720783,67.932112,42.719101,67.804683,1.979602,-0.986811,-162.5655,0.032253,-162.5234,0.032005,41.958903,68.651878,-162.5374,0.758132,1.138263,2.005266,-0.238120,-0.719766,-0.719397,-1.871780
589,99.881,A,3,40.395347,68.684287,41.417561,67.765679,42.423958,67.656999,2.122936,-0.057279,-162.4727,0.031649,-162.3543,0.027790,41.631040,68.655604,-162.3674,0.915171,1.275120,1.236026,-0.213479,-0.889924,-1.235693,0.028683
590,100.045,A,3,39.919499,67.246641,40.652555,67.814054,42.047643,67.810778,2.495780,-0.522700,-162.2633,0.028747,-162.1953,0.027464,41.306003,68.659468,-162.2077,1.068513,1.127078,1.979514,-0.653448,-0.845414,-1.386504,-1.412827
591,100.190,A,3,39.994980,68.122340,40.278177,67.769701,41.414851,67.787229,2.248928,-0.829806,-162.0685,0.026507,-162.0425,0.025323,40.982447,68.662419,-162.0547,1.137076,0.976182,1.125512,-0.704270,-0.892718,-0.987467,-0.540080
592,100.338,A,3,39.674699,67.498774,39.979023,67.778604,41.090829,67.747807,2.232452,-0.522285,-161.9442,0.026500,-161.8909,0.025026,40.658040,68.662688,-161.9031,1.114751,1.012083,1.523698,-0.679018,-0.884084,-0.983341,-1.163913
593,100.502,A,3,39.830845,67.748468,39.979023,67.778604,41.006563,67.748580,2.019215,-0.466715,-161.7876,0.026265,-161.7375,0.027791,40.330454,68.658965,-161.7498,0.947913,1.133986,1.038563,-0.351431,-0.880361,-0.499609,-0.910497
594,100.681,A,3,39.393792,67.653243,39.753721,67.719687,40.770453,67.748874,1.748637,-0.425679,-161.6834,0.026488,-161.5837,0.028439,39.998523,68.651252,-161.5959,0.963193,1.187503,1.166928,-0.244802,-0.931565,-0.604731,-0.998009
595,100.854,A,3,39.047195,68.275632,39.338189,67.785199,40.477745,67.734615,1.579320,-0.847103,-161.4824,0.026761,-161.4339,0.026008,39.662884,68.640766,-161.4456,0.915108,1.218650,0.715818,-0.324695,-0.855567,-0.615689,-0.365134
596,101.005,A,3,37.280989,67.348533,38.863701,67.797875,39.770684,67.747238,2.473125,-0.639253,-161.3803,0.025888,-161.2913,0.026171,39.325766,68.629067,-161.3024,0.950991,0.987711,2.412650,-0.462065,-0.831192,-2.044777,-1.280534
597,101.158,A,3,38.442503,67.457253,38.416205,67.659392,39.685511,67.746240,2.206143,-0.367384,-161.1877,0.024668,-161.1553,0.024016,38.989973,68.617042,-161.1660,1.116379,1.114482,1.282511,-0.573768,-0.957650,-0.547470,-1.159789
598,101.314,A,3,38.463323,67.864515,38.416205,67.659392,39.422946,67.701810,1.994966,-0.327337,-161.0688,0.023178,-161.0230,0.021701,38.657591,68.604564,-161.0335,0.975509,1.183525,0.765123,-0.241386,-0.945172,-0.194269,-0.740049
599,101.540,A,3,38.157035,66.867573,38.267919,67.642630,39.204817,67.723582,1.605644,-0.443048,-160.9692,0.023561,-160.8911,0.022386,38.329149,68.590938,-160.9017,0.950282,1.232518,1.731937,-0.061229,-0.948307,-0.172114,-1.723364
600,101.690,A,3,37.751635,67.206608,38.146144,67.528783,38.976600,67.593650,1.717861,0.180444,-160.9270,0.022998,-160.7587,0.022756,38.003344,68.575498,-160.7693,1.056411,1.382481,1.391840,0.142800,-1.046715,-0.251709,-1.368890
601,101.866,A,3,37.194836,67.672966,37.720605,67.320903,38.503288,67.550855,1.657428,-0.248086,-160.7016,0.022415,-160.6274,0.022225,37.677430,68.557905,-160.6378,1.237756,1.302379,1.007975,0.043176,-1.237002,-0.482594,-0.884939
602,102.052,A,3,36.664851,67.562629,37.376343,67.393881,38.428441,67.544541,1.819940,-0.518465,-160.5774,0.022886,-160.5000,0.021378,37.348455,68.538057,-160.5100,1.144516,1.467462,1.191123,0.027888,-1.144176,-0.683605,-0.975428
603,102.212,A,3,36.304493,68.219909,37.376343,67.393881,38.097447,67.541266,1.646097,-0.465088,-160.4182,0.021467,-160.3776,0.021853,37.014743,68.515847,-160.3873,1.178798,1.456729,0.769438,0.361600,-1.121967,-0.710250,-0.295939
604,102.367,A,3,36.391669,68.078772,36.988936,67.558203,37.761050,67.637160,1.652981,-1.097075,-160.3314,0.020737,-160.2584,0.020574,36.676646,68.491061,-160.2679,0.983743,1.380247,0.501193,0.312290,-0.932858,-0.284977,-0.412289
605,102.524,A,3,36.327162,67.385374,36.662358,67.782013,37.486882,67.700783,1.635608,-1.355679,-160.3314,0.020729,-160.1383,0.021955,36.336249,68.463523,-160.1480,0.755515,1.380481,1.078187,0.326109,-0.681510,-0.009087,-1.078148
606,102.676,A,3,35.299193,67.505783,36.433754,67.802290,37.244945,67.653063,1.632431,-0.817294,-160.2149,0.020890,-160.0146,0.022852,35.996202,68.433388,-160.0246,0.767943,1.472504,1.160289,0.437552,-0.631098,-0.697008,-0.927605
607,102.829,A,3,34.786631,67.296926,36.118281,67.703120,36.887341,67.628915,1.982254,-0.704896,-160.0294,0.021950,-159.8881,0.022549,35.658358,68.401273,-159.8982,0.836030,1.451528,1.406944,0.459923,-0.698152,-0.871728,-1.104347
608,102.981,A,3,34.992209,67.409395,35.661994,67.600748,36.504769,67.576409,2.129730,-0.471292,-159.8216,0.022390,-159.7623,0.022310,35.323003,68.367984,-159.7722,0.838789,1.422379,1.014059,0.338991,-0.767236,-0.330794,-0.958589
609,103.149,A,3,34.193371,66.983895,35.277771,67.501489,36.207823,67.547177,2.082271,-0.401346,-159.7302,0.022056,-159.6406,0.020929,34.988808,68.333940,-159.6502,0.881179,1.450860,1.566953,0.288964,-0.832452,-0.795436,-1.350045
610,103.327,A,3,33.636853,67.886764,34.914461,67.370849,35.836347,67.458080,2.527818,-0.193773,-159.6826,0.021995,-159.5237,0.021191,34.653421,68.298649,-159.5330,0.963823,1.451161,1.096841,0.261040,-0.927800,-1.016569,-0.411885
611,103.488,A,3,33.722929,67.527980,34.454890,67.360656,35.435465,67.515127,2.517967,-0.825789,-159.5735,0.021767,-159.4079,0.019902,34.314534,68.260765,-159.4173,0.910986,1.346277,0.941791,0.140356,-0.900109,-0.591606,-0.732785
612,103.646,A,3,33.211927,67.140799,34.050482,67.459665,35.105018,67.512215,2.372508,-0.851824,-159.4343,0.020485,-159.2876,0.020618,33.970915,68.218861,-159.2975,0.763355,1.336241,1.318439,0.079567,-0.759196,-0.758988,-1.078063
613,103.809,A,3,32.745794,67.070455,33.701068,67.410012,34.747578,67.452056,2.220184,-0.544275,-159.2212,0.020789,-159.1594,0.022105,33.622864,68.172367,-159.1699,0.766356,1.335600,1.408355,0.078204,-0.762355,-0.877071,-1.101912
614,103.980,A,3,31.826574,66.604553,33.314030,67.290185,34.373115,67.388931,2.357653,-0.420414,-159.0973,0.021729,-159.0252,0.024483,33.272004,68.122018,-159.0361,0.832894,1.322823,2.095702,0.042027,-0.831833,-1.445430,-1.517465
615,104.126,A,3,32.596159,67.385440,32.833648,67.103557,33.916170,67.264160,2.997679,-0.182972,-159.0487,0.022863,-158.8903,0.023139,32.920554,68.069481,-158.9010,0.969826,1.280544,0.757063,-0.086905,-0.965924,-0.324395,-0.684042
616,104.286,A,3,31.856342,67.405701,32.215527,67.114080,33.638966,67.271963,2.217494,-0.747964,-158.8443,0.022692,-158.7588,0.022066,32.570449,68.016342,-158.7692,0.969559,1.302240,0.939591,-0.354922,-0.902261,-0.714107,-0.610641
617,104.475,A,3,31.130217,66.974908,31.838034,67.124314,33.291481,67.282531,2.408725,-0.678488,-158.6773,0.014251,-158.6373,0.004771,32.222670,67.963185,-158.6415,0.922848,1.267142,1.473141,-0.384636,-0.838871,-1.092452,-0.988277
618,104.648,A,3,31.241562,67.564209,31.838034,67.124314,32.890233,67.228793,2.176300,-0.616865,-158.8254,-0.050058,-159.0904,-0.072232,31.885186,67.907323,-159.0559,0.784427,1.212652,0.729368,-0.047152,-0.783009,-0.643623,-0.343114
619,104.832,A,3,30.084815,67.254275,31.475777,67.166274,32.567393,67.271543,1.933845,-0.937897,-159.0959,-0.002004,-158.9984,0.097031,31.553417,67.855166,-159.0410,0.693254,1.169942,1.586778,-0.077640,-0.688893,-1.468602,-0.600891
620,105.006,A,3,30.102761,67.198269,31.069494,67.252601,32.117612,67.262911,2.415397,-1.111685,-159.0959,-0.002002,-158.7935,-0.062680,31.224669,67.802788,-158.7668,0.571651,1.043463,1.274410,-0.155175,-0.550187,-1.121908,-0.604520
621,105.157,A,3,30.434978,66.143139,30.611970,67.254003,31.734838,67.247921,2.435119,-1.025661,-158.8069,-0.004383,-159.3132,-0.032441,30.904381,67.744319,-159.2968,0.570888,0.967507,1.668567,-0.292410,-0.490316,-0.469403,-1.601179
622,105.313,A,3,29.519965,66.112747,30.330809,67.053129,31.475154,67.079876,2.375609,-0.065687,-159.1043,-0.043805,-159.2569,-0.039456,30.578337,67.686605,-159.2402,0.680119,1.082775,1.896623,-0.247527,-0.633476,-1.058371,-1.573857
623,105.473,A,3,29.703979,66.610530,30.056595,66.698693,31.088702,66.924874,2.343156,0.290170,-159.4256,-0.077564,-159.8295,-0.066556,30.259000,67.625298,-159.7971,0.948454,1.085817,1.156634,-0.202405,-0.926605,-0.555021,-1.014768
624,105.631,A,3,29.508743,66.972103,29.769195,66.515691,30.801131,66.866637,2.092668,0.142111,-159.8260,-0.053301,-160.1475,-0.103764,29.941410,67.565820,-160.1009,1.064157,1.108141,0.734643,-0.172214,-1.050129,-0.432666,-0.593717
625,105.809,A,3,29.035086,67.008776,29.575842,66.549270,30.529218,66.871657,1.875563,-0.273736,-159.9687,-0.066771,-160.6658,-0.092645,29.634096,67.506800,-160.6236,0.959300,1.097565,0.778999,-0.058254,-0.957530,-0.599009,-0.498024
626,105.993,A,3,28.657201,67.600908,29.075038,66.885387,30.229244,66.883799,1.507515,-1.302277,-161.0779,-0.101723,-161.2604,-0.107930,29.338309,67.449136,-161.2111,0.622193,1.055164,0.697813,-0.263271,-0.563749,-0.681108,0.151772
627,106.176,A,3,27.667713,66.853069,28.676521,67.033099,29.593285,66.966043,1.969069,-1.191213,-161.6786,-0.111234,-161.9143,-0.121737,29.054159,67.392524,-161.8595,0.521342,0.687417,1.487697,-0.377639,-0.359425,-1.386446,-0.539455
628,106.337,A,3,28.792672,66.241072,28.676521,67.033099,29.507421,66.964402,1.767122,-1.097581,-162.1475,-0.120259,-162.6362,-0.132631,28.779335,67.336467,-162.5759,0.320316,0.817644,1.095476,-0.102814,-0.303367,0.013337,-1.095395
629,106.504,A,3,28.288001,65.916243,28.405948,66.899540,29.322964,66.855923,1.545036,-0.360713,-162.8355,-0.131684,-163.4249,-0.144867,28.509953,67.280445,-163.3593,0.394849,0.917173,1.382140,-0.104005,-0.380905,-0.221953,-1.364202
630,106.664,A,3,27.456047,66.734741,28.315317,66.618305,29.094955,66.713376,1.684644,0.287328,-163.1673,-0.137402,-164.2794,-0.154066,28.242276,67.223870,-164.2087,0.609955,0.993814,0.925962,0.073041,-0.605566,-0.786230,-0.489129
631,106.820,A,3,26.545481,66.459439,28.072635,66.487205,28.779345,66.712326,1.774485,-0.126177,-163.8315,-0.145874,-165.1969,-0.165042,27.974353,67.166220,-165.1213,0.686091,0.924139,1.594119,0.098282,-0.679016,-1.428872,-0.706782
632,106.971,A,3,26.897207,66.341256,27.638442,66.494391,28.374782,66.672671,2.219902,-0.309508,-165.0442,-0.159354,-166.1729,-0.174976,27.706711,67.107327,-166.0927,0.616726,0.797022,1.114524,-0.068269,-0.612936,-0.809504,-0.766071
633,107.135,A,3,27.129685,67.004730,27.228463,66.443740,28.080169,66.622172,1.949709,-0.276138,-166.5057,-0.174963,-167.2035,-0.184878,27.441928,67.047562,-167.1191,0.640444,0.767013,0.315167,-0.213465,-0.603823,-0.312242,-0.042832
634,107.322,A,3,25.782431,66.107232,27.015354,66.511519,27.865406,66.678825,1.552903,-0.673589,-167.4244,-0.182942,-168.2870,-0.192888,27.183350,66.987722,-168.1984,0.504967,0.748743,1.654641,-0.167996,-0.476203,-1.400919,-0.880490
635,107.512,A,3,25.921100,65.650062,26.713293,66.531505,27.484483,66.596770,2.138019,-0.390771,-167.8826,-0.187924,-169.4231,-0.203893,26.933350,66.928595,-169.3303,0.453988,0.643315,1.630735,-0.220057,-0.397090,-1.012250,-1.278533
636,107.680,A,3,26.013448,66.534379,26.322063,66.308668,27.178677,66.458091,2.246287,0.180061,-168.8221,-0.195583,-170.6117,-0.213089,26.692194,66.870504,-170.5147,0.672797,0.637770,0.757414,-0.370131,-0.561836,-0.678746,-0.336124
637,107.829,A,3,24.638827,65.226991,26.069377,66.213965,26.932644,66.470132,1.936589,-0.196781,-170.2450,-0.206753,-171.8514,-0.220867,26.458047,66.813111,-171.7504,0.714170,0.585557,2.413574,-0.388670,-0.599145,-1.819221,-1.586119
638,107.990,A,3,25.289779,65.896949,25.707744,66.075955,26.519673,66.288031,2.267174,0.364054,-172.2282,-0.220469,-173.1403,-0.229548,26.227741,66.755432,-173.0351,0.855620,0.551079,1.271520,-0.519996,-0.679477,-0.937962,-0.858483
639,108.165,A,3,24.689281,66.768872,25.338456,65.866601,26.262395,66.230018,2.047662,0.245630,-173.8804,-0.230255,-174.4758,-0.236928,25.998250,66.696100,-174.3676,1.059904,0.535728,1.310991,-0.659795,-0.829499,-1.308970,0.072772
640,108.336,A,3,25.420485,66.782407,25.076587,65.993933,25.956269,66.311829,2.078741,-0.552929,-173.8804,-0.230273,-175.8458,-0.241904,25.766545,66.634778,-175.7350,0.941661,0.374555,0.376234,-0.689958,-0.640846,-0.346061,0.147629
641,108.484,A,3,24.711529,66.371165,24.922751,66.269380,25.647516,66.385235,1.435547,-0.961071,-175.2055,-0.237203,-177.2480,-0.248312,25.532478,66.571686,-177.1346,0.680556,0.219084,0.845084,-0.609727,-0.302306,-0.820949,-0.200521
642,108.670,A,3,24.141170,65.783964,24.625130,66.348319,25.576303,66.394440,1.482581,-0.217890,-177.8507,-0.237233,-178.5129,-0.147220,25.297536,66.509067,-178.4440,0.691353,0.301415,1.364902,-0.672406,-0.160748,-1.156366,-0.725103
643,108.840,A,3,24.060388,64.367200,24.625130,66.348319,25.297846,66.313690,1.336087,-0.222649,-179.1301,-0.198087,-179.4222,-0.237182,25.069716,66.453118,-179.3152,0.456771,0.267364,2.317282,-0.444586,-0.104799,-1.009328,-2.085918
644,109.003,A,3,24.486740,66.191267,24.377982,65.923592,25.047926,66.032246,1.464920,1.139730,179.7734,-0.281509,178.8239,-0.288994,24.846627,66.386749,178.9586,0.658894,0.407668,0.409550,-0.468644,-0.463156,-0.359887,-0.195482
645,109.178,A,3,23.268686,65.302838,24.246310,65.660591,24.900047,66.058101,1.226068,0.552735,179.7734,-0.281519,177.7652,-0.102766,24.634015,66.328367,177.8108,0.772166,0.379232,1.707581,-0.387705,-0.667777,-1.365329,-1.025529
646,109.326,A,3,23.935139,65.137834,24.039477,65.638156,24.596086,65.950063,1.572584,0.758027,177.8206,-0.173952,176.7075,-0.186930,24.429191,66.271325,176.7952,0.743491,0.362026,1.236483,-0.389714,-0.633168,-0.494052,-1.133491
647,109.486,A,3,23.338762,66.258524,23.658797,65.494079,24.447828,65.831571,1.380143,0.055005,176.2950,-0.136104,176.0359,-0.143141,24.230223,66.214910,176.1003,0.919850,0.440795,0.892527,-0.571427,-0.720830,-0.891461,0.043614
648,109.637,A,3,23.480546,65.298834,23.658797,65.494079,24.213354,65.895555,1.248230,0.029397,175.5608,-0.184296,174.9063,-0.168119,24.023501,66.155330,174.9853,0.755157,0.321757,1.014093,-0.364704,-0.661251,-0.542955,-0.856496
649,109.803,A,3,22.984118,65.861740,23.490117,65.572197,24.043805,65.810192,1.108347,0.255571,174.7603,-0.136297,174.3661,-0.102318,23.819701,66.100563,174.4111,0.622733,0.366794,0.869043,-0.329584,-0.528366,-0.835583,-0.238823
650,109.968,A,3,21.946082,66.156329,23.325018,65.571854,23.832644,65.819650,1.285685,-0.027438,174.4839,-0.117007,173.7316,-0.090158,23.612382,66.047108,173.7742,0.555377,0.316627,1.669876,-0.287363,-0.475254,-1.666300,0.109221
651,110.137,A,3,22.201929,65.830148,22.980180,65.729365,23.497363,65.873156,1.812122,-0.396250,173.9236,-0.116409,173.3652,-0.085267,23.408461,65.997605,173.4045,0.505349,0.152941,1.218098,-0.428281,-0.268240,-1.206532,-0.167457
652,110.319,A,3,22.486671,65.074335,22.418700,65.746977,23.244930,65.872346,1.541214,0.315806,173.2280,-0.059533,173.1019,-0.036648,23.209076,65.950250,173.1181,0.816097,0.085759,1.135384,-0.790376,-0.203273,-0.722405,-0.875916
653,110.478,A,3,22.646558,65.845283,22.350693,65.662427,23.010484,65.770967,1.130044,0.054644,172.9716,-0.029211,172.9619,-0.014768,23.017040,65.904490,172.9684,0.708952,0.133684,0.375183,-0.666347,-0.242063,-0.370482,-0.059206
654,110.641,A,3,22.279859,64.745404,22.286664,65.529395,22.958184,65.772818,0.906499,0.794697,172.9102,-0.009570,172.9464,0.006921,22.832515,65.859548,172.9432,0.637930,0.152692,1.243682,-0.545851,-0.330153,-0.552656,-1.114144
655,110.807,A,3,21.830903,65.147937,22.149617,65.301385,22.815853,65.622221,0.976795,0.852826,172.9605,0.007855,173.0503,0.029359,22.654162,65.815449,173.0378,0.720297,0.251955,1.059872,-0.504544,-0.514065,-0.823259,-0.667513
656,110.965,A,3,21.968753,64.187563,22.005285,65.030960,22.517644,65.351951,0.779877,1.539498,173.1690,0.034031,173.2667,0.046487,22.479498,65.773095,173.2454,0.880706,0.422869,1.665765,-0.474213,-0.742136,-0.510745,-1.585533
657,111.122,A,3,22.055447,65.582473,21.939821,64.911542,22.406044,65.376158,0.680308,0.679656,173.4448,0.050726,173.5874,0.063545,22.305891,65.733732,173.5581,0.900002,0.371335,0.292578,-0.366070,-0.822190,-0.250445,-0.151259
658,111.273,A,3,21.854187,65.950400,21.939821,64.911542,22.356833,65.367424,0.611309,0.617980,173.7235,0.064694,174.0061,0.080827,22.131873,65.698048,173.9691,0.809614,0.399899,0.375222,-0.192052,-0.786506,-0.277686,0.252353
659,111.464,A,3,21.230492,65.546359,21.887105,65.154541,22.237459,65.446235,0.645652,-0.149601,174.0921,0.079666,174.5186,0.097571,21.957853,65.665742,174.4742,0.516074,0.355476,0.737093,-0.070748,-0.511201,-0.727361,-0.119384
660,111.669,A,3,20.953695,65.652111,21.487360,65.461214,22.045043,65.455854,1.186353,-0.379864,174.7918,0.099795,175.1227,0.114343,21.785908,65.635775,175.0710,0.345836,0.315471,0.832374,-0.298549,-0.174561,-0.832214,0.016336
661,111.839,A,3,20.774434,64.873493,21.229255,65.415638,21.685790,65.392466,1.278872,0.231706,175.6832,0.119801,175.8153,0.128349,21.618723,65.607114,175.7567,0.433991,0.224882,1.118492,-0.389468,-0.191476,-0.844289,-0.733621
662,111.996,A,3,20.972202,64.678619,21.038930,65.196273,21.541713,65.283103,1.116511,0.711082,176.3818,0.132788,176.5915,0.140580,21.458251,65.579465,176.5265,0.568038,0.307890,1.023605,-0.419321,-0.383192,-0.486049,-0.900846
663,112.147,A,3,19.871949,66.012687,21.038930,65.196273,21.495579,65.272674,1.000258,0.656623,177.1579,0.146225,177.4452,0.154033,21.305020,65.553372,177.3742,0.445335,0.339270,1.504879,-0.266090,-0.357099,-1.433071,0.459315
664,112.312,A,3,20.566151,65.021154,20.771318,65.224411,21.211418,65.372863,1.466800,-0.060000,177.5791,0.152140,178.3700,0.166545,21.157957,65.529786,178.2935,0.492691,0.165779,0.780347,-0.386640,-0.305375,-0.591806,-0.508632
665,112.466,A,3,20.187600,65.487378,20.513345,65.312730,21.070653,65.313159,1.339875,0.224966,178.0005,0.157961,179.3611,0.176206,21.014572,65.509404,179.2794,0.538432,0.204101,0.827265,-0.501226,-0.196674,-0.826972,-0.022026
666,112.628,A,3,19.875083,65.397364,20.182382,65.336546,20.748370,65.339950,1.325006,-0.007270,-179.9088,0.181151,-179.5834,0.187339,20.871928,65.492144,-179.6702,0.706884,0.196035,1.001341,-0.689546,-0.155598,-0.996846,-0.094781
667,112.814,A,3,19.568215,65.015163,19.955056,65.287659,20.537417,65.285936,1.400625,0.279880,-179.0207,0.190668,-178.4629,0.200334,20.728070,65.477215,-178.5549,0.795916,0.270067,1.248501,-0.773014,-0.189557,-1.159855,-0.462052
668,113.002,A,3,19.487068,64.889137,19.955056,65.287659,20.489886,65.275772,1.260825,0.277894,-178.0230,0.199986,-177.2767,0.212018,20.582832,65.463697,-177.3740,0.651991,0.209654,1.237263,-0.627776,-0.176039,-1.095765,-0.574560
669,113.169,A,3,19.838494,64.033955,19.734015,65.155910,20.297575,65.207486,1.262305,0.500053,-176.6034,0.214483,-176.0269,0.222902,20.437728,65.451172,-176.1291,0.763146,0.281116,1.538697,-0.703713,-0.295262,-0.599234,-1.417218
670,113.322,A,3,19.504844,64.094059,19.618678,64.878220,20.187125,65.019869,1.078661,1.276157,-176.6034,0.214494,-174.7183,0.233547,20.295038,65.439998,-174.8250,0.879237,0.433766,1.560756,-0.676361,-0.561778,-0.790194,-1.345939
671,113.465,A,3,18.458152,64.934566,19.554788,64.526139,20.046298,64.864217,0.969739,1.525211,-175.4270,0.223612,-173.3572,0.240404,20.156608,65.430977,-173.4679,1.086701,0.577396,1.769514,-0.601821,-0.904837,-1.698457,-0.496411
672,113.612,A,3,19.410761,64.816726,19.323496,64.428821,19.771614,64.853350,1.328288,0.813195,-173.5863,0.235802,-171.9486,0.248446,20.023057,65.424741,-172.0629,1.217063,0.624269,0.862895,-0.699561,-0.995920,-0.612295,-0.608015
673,113.768,A,3,20.098747,65.450955,19.141376,64.507779,19.677415,64.827700,0.843657,0.415193,-171.4539,0.190625,-171.0025,0.147543,19.887974,65.417680,-171.0699,1.177000,0.626427,0.213383,-0.746598,-0.909901,0.210772,0.033275
674,113.934,A,3,18.725928,63.902345,19.259968,64.684895,19.702313,64.901936,0.186928,-0.260649,-170.7185,0.191773,-169.6328,0.316321,19.749714,65.412212,-169.7772,0.876837,0.512473,1.824236,-0.489746,-0.727318,-1.023786,-1.509867
675,114.101,A,3,19.048516,64.515509,19.268723,64.672034,19.525224,64.736940,0.622121,0.447484,-170.2045,0.237138,-168.0118,0.195353,19.604753,65.406741,-168.1031,0.807905,0.674505,1.050568,-0.336030,-0.734707,-0.556237,-0.891231
676,114.283,A,3,19.169533,65.358532,19.126103,64.495791,19.422140,64.684384,0.577435,0.370094,-168.8134,0.263094,-167.1558,0.194537,19.451366,65.393357,-167.2439,0.954684,0.709576,0.283977,-0.325263,-0.897566,-0.281833,-0.034826
677,114.459,A,3,18.796543,64.291629,19.089697,64.621275,19.353451,64.765592,0.316709,-0.361224,-167.2897,0.185407,-165.6985,0.224808,19.291016,65.385017,-165.8034,0.789830,0.622563,1.200000,-0.201319,-0.763742,-0.494473,-1.093388
678,114.604,A,3,18.494828,64.835405,19.029149,64.687460,19.242006,64.679291,0.457203,0.043548,-165.2163,0.170305,-164.8177,0.174560,19.125158,65.370718,-164.8955,0.689971,0.701231,0.826968,-0.096009,-0.683258,-0.630330,-0.535313
679,114.788,A,3,17.062336,65.052555,18.883589,64.645622,19.102793,64.685509,0.594554,-0.165029,-164.3999,0.202344,-163.6485,0.146066,18.954660,65.358781,-163.7175,0.716692,0.689376,1.916941,-0.071070,-0.713160,-1.892323,-0.306227
680,114.948,A,3,17.728819,64.221559,18.513124,64.745255,18.770419,64.723704,1.388996,-0.647000,-163.8801,0.176783,-162.6755,0.187648,18.780772,65.342411,-162.7627,0.654393,0.618794,1.537177,-0.267648,-0.597156,-1.051953,-1.120852
681,115.112,A,3,18.664066,63.938646,18.102152,64.711041,18.581636,64.634212,1.576613,-0.147892,-163.1768,0.174924,-161.7358,0.164200,18.603145,65.323821,-161.8103,0.791513,0.689944,1.386513,-0.500993,-0.612779,0.060921,-1.385174
682,115.245,A,3,17.240168,63.328752,18.025270,64.481142,18.559920,64.514660,1.131563,0.492923,-161.8862,0.167122,-160.8289,0.154501,18.420746,65.302743,-160.8997,0.911827,0.800278,2.300088,-0.395476,-0.821601,-1.180578,-1.973991
683,115.426,A,3,17.801713,64.468166,17.917772,64.141247,18.333851,64.319402,1.451167,0.977220,-160.3733,0.152941,-159.9707,0.146962,18.232076,65.279502,-160.0375,1.180851,0.965479,0.918411,-0.314304,-1.138254,-0.430363,-0.811336
684,115.621,A,3,16.816006,63.536987,17.727963,63.980342,18.222647,64.319129,1.104905,0.465372,-159.7077,0.145838,-159.1611,0.138082,18.035986,65.254089,-159.2242,1.310462,0.953410,2.106369,-0.308023,-1.273747,-1.219980,-1.717102
685,115.822,A,3,16.388244,65.083468,17.528668,63.910948,17.989725,64.186422,1.591851,0.627949,-159.3803,0.142606,-158.3947,0.130024,17.832458,65.225925,-158.4546,1.349613,1.051333,1.451223,-0.303790,-1.314977,-1.444214,-0.142457
686,115.970,A,3,16.883529,64.345626,17.176614,63.987737,17.719299,64.296483,1.493265,-0.590891,-158.7504,0.136533,-157.6630,0.126626,17.622741,65.194267,-157.7204,1.286368,0.902961,1.125444,-0.446127,-1.206530,-0.739212,-0.848641
687,116.124,A,3,16.039197,64.581884,16.922420,64.211006,17.549663,64.281678,1.288077,-0.628598,-158.0743,0.130497,-156.9598,0.120459,17.408756,65.158818,-157.0150,1.065303,0.888385,1.486117,-0.486335,-0.947812,-1.369558,-0.576934
688,116.274,A,3,16.292510,63.610183,16.679492,64.303454,17.289043,64.309778,1.288438,-0.824896,-156.6164,0.120039,-156.2837,0.116802,17.192134,65.120081,-156.3367,0.964200,0.816077,1.757588,-0.512642,-0.816627,-0.899624,-1.509898
689,116.439,A,3,16.640264,63.852753,16.419579,64.240866,17.099794,64.189292,1.432089,-0.236431,-156.0584,0.115819,-155.6175,0.144874,16.973645,65.079190,-155.6819,1.004876,0.898794,1.270941,-0.554066,-0.838324,-0.333380,-1.226437
690,116.586,A,3,16.241871,64.059085,16.327324,64.055936,17.001669,64.125811,1.246727,0.026424,-155.7794,0.127685,-154.3953,0.185943,16.760425,65.046124,-154.4820,1.080764,0.951407,1.114964,-0.433101,-0.990189,-0.518554,-0.987039
691,116.747,A,3,16.563539,64.500317,16.272716,63.991300,16.844825,64.094234,1.076681,-0.035098,-154.8766,0.193843,-153.8374,0.014107,16.548718,65.010145,-153.8458,1.055568,0.962586,0.510043,-0.276002,-1.018845,0.014821,-0.509828
692,116.918,A,3,15.647095,64.192523,16.242480,64.063840,16.766247,64.137345,0.576755,-0.319369,-154.0815,0.137903,-153.2438,0.201158,16.339238,64.973971,-153.3349,0.915260,0.939297,1.043898,-0.096758,-0.910131,-0.692143,-0.781448
693,117.111,A,3,15.565091,63.838515,16.146917,64.151963,16.420959,64.088342,0.709934,-0.387414,-152.4821,0.179672,-152.0438,0.139981,16.133962,64.945068,-152.1103,0.793211,0.903519,1.244215,0.012955,-0.793105,-0.568871,-1.106552
694,117.299,A,3,15.603206,63.752487,15.931267,64.104314,16.381183,64.072511,0.932638,-0.216003,-151.8429,0.127077,-151.3524,0.185170,15.924072,64.906828,-151.4368,0.802546,0.951333,1.198106,0.007194,-0.802514,-0.320866,-1.154341
695,117.464,A,3,15.254594,63.455162,15.762034,63.986152,16.229653,64.009525,1.073735,-0.052021,-151.5374,0.152475,-150.1361,0.157884,15.717614,64.873581,-150.2102,0.888540,1.004379,1.492079,0.044421,-0.887429,-0.463019,-1.418419
696,117.622,A,3,13.872685,64.092135,15.594643,63.825826,16.049419,63.910533,1.293228,0.178746,-150.6147,0.187990,-149.0997,0.209639,15.511664,64.837708,-149.1955,1.015279,1.071837,1.800592,0.082979,-1.011882,-1.638979,-0.745574
697,117.776,A,3,15.134759,63.737956,15.217119,63.765819,15.689460,63.918769,1.722777,-0.509632,-149.8269,0.180220,-148.0126,0.122722,15.310907,64.805623,-148.0715,1.044025,0.964267,1.082100,-0.093789,-1.039804,-0.176149,-1.067667
698,117.939,A,3,14.661062,63.435219,14.910101,63.778579,15.565937,63.874606,1.272460,-0.272883,-147.6902,0.128112,-147.3817,0.174549,15.121390,64.772116,-147.4601,1.015755,1.001572,1.413929,-0.211289,-0.993537,-0.460328,-1.336897
699,118.093,A,3,14.908207,63.943404,14.802295,63.680326,15.392331,63.791651,1.314278,-0.087344,-146.9822,0.201182,-145.8780,0.296103,14.935657,64.752862,-146.0152,1.080795,1.064179,0.809923,-0.133362,-1.072536,-0.027451,-0.809458
700,118.266,A,3,14.156836,63.202673,14.709793,63.647373,15.281733,63.795446,0.981000,-0.263650,-146.9822,0.201172,-144.7979,0.096105,14.760476,64.733863,-144.8424,1.087672,1.073469,1.645881,-0.050683,-1.086490,-0.603640,-1.531190
701,118.473,A,3,14.336721,62.565808,14.410655,63.303183,15.077829,63.689499,1.555147,0.522829,-144.3677,0.154437,-144.0664,0.215405,14.593286,64.709104,-144.1620,1.417734,1.128883,2.158598,-0.182631,-1.405921,-0.256565,-2.143296
702,118.667,A,3,14.349662,63.070479,14.321727,63.065821,14.846932,63.440028,1.319892,0.470588,-143.4240,0.202601,-142.7965,0.151302,14.424254,64.690847,-142.8668,1.628257,1.320306,1.622085,-0.102527,-1.625026,-0.074592,-1.620369
703,118.831,A,3,13.889803,62.565589,14.321727,63.065821,14.808794,63.414761,1.185876,0.445035,-142.4600,0.151043,-142.0625,0.189126,14.259010,64.664730,-142.1478,1.600138,1.365534,2.131363,0.062717,-1.598908,-0.369207,-2.099141
704,119.079,A,3,13.016899,63.662491,14.203966,62.898711,14.638134,63.264243,1.364159,0.531954,-141.5689,0.161632,-141.0702,0.144105,14.092145,64.641951,-141.1374,1.746823,1.481953,1.454475,0.111821,-1.743241,-1.075247,-0.979460
705,119.259,A,3,13.938793,62.865296,13.926254,62.896190,14.362177,63.297126,1.301500,-0.435523,-141.5689,0.161613,-140.2394,0.178849,13.928834,64.617847,-140.3204,1.721659,1.389997,1.752579,-0.002581,-1.721657,0.009959,-1.752551
706,119.428,A,3,13.155833,63.004991,13.722490,62.969928,14.261946,63.209592,1.089168,-0.208381,-140.7128,0.151233,-139.3037,0.224193,13.770041,64.596761,-139.4041,1.627528,1.471804,1.706161,-0.047551,-1.626834,-0.614208,-1.591770
707,119.608,A,3,13.194594,62.959205,13.594415,62.925145,14.062208,63.155070,1.119797,-0.405097,-139.8775,0.160775,-137.9245,0.181008,13.618663,64.583669,-138.0082,1.658702,1.495871,1.678904,-0.024248,-1.658525,-0.424070,-1.624464
708,119.815,A,3,12.411834,63.208275,13.398842,62.914364,13.897339,63.102152,0.959126,-0.394042,-137.4309,0.124187,-137.3376,0.091833,13.469706,64.563604,-137.3777,1.650762,1.522732,1.719305,-0.070864,-1.649240,-1.057872,-1.355328
709,120.001,A,3,12.818799,63.692947,13.146465,62.948711,13.640260,63.094516,1.039520,-0.792940,-136.8172,0.186919,-136.2057,0.277410,13.327414,64.550600,-136.3348,1.612077,1.489314,0.997125,-0.180949,-1.601889,-0.508615,-0.857653
710,120.181,A,3,12.625921,62.869667,12.758801,63.180214,13.479511,63.161748,0.861011,-0.870894,-135.2858,0.159885,-135.1429,0.110751,13.186909,64.539686,-135.1931,1.425286,1.408663,1.761724,-0.428109,-1.359472,-0.560988,-1.670019
711,120.352,A,3,12.196864,63.712201,12.569328,63.231303,13.153175,63.188204,0.618345,-1.240864,-134.6299,0.201435,-133.9545,0.250296,13.044737,64.528417,-134.0719,1.381491,1.344593,1.176902,-0.475409,-1.297114,-0.847873,-0.816216
712,120.515,A,3,11.485216,63.140983,12.264539,63.312126,12.875697,63.167241,1.036945,-1.297227,-133.4620,0.189299,-132.8595,0.218485,12.899372,64.515237,-132.9582,1.360327,1.348203,1.971906,-0.634833,-1.203111,-1.414156,-1.374254
713,120.693,A,3,11.764729,63.428206,12.264539,63.312126,12.829908,63.150366,0.961767,-1.152615,-132.2548,0.210318,-131.5752,0.220447,12.751252,64.501586,-131.6770,1.285187,1.353508,1.457865,-0.486713,-1.189460,-0.986523,-1.073380
714,120.852,A,3,12.317682,63.082600,11.971174,63.316432,12.629865,63.175022,0.891911,-1.165851,-131.0174,0.226385,-130.2603,0.231254,12.601824,64.485545,-130.3669,1.328361,1.310823,1.431429,-0.630651,-1.169112,-0.284142,-1.402944
715,121.036,A,3,11.507854,62.912860,11.800639,63.191776,12.541964,63.146034,1.048259,-0.608815,-129.5522,0.234536,-128.8967,0.242531,12.453077,64.468771,-129.0078,1.434012,1.325719,1.820524,-0.652438,-1.276995,-0.945223,-1.555911
716,121.242,A,3,12.171667,63.789703,11.738641,63.230376,12.323921,63.195853,0.330551,-0.653662,-128.2172,0.243065,-127.3083,0.250959,12.277075,64.450819,-127.3083,1.333938,1.255839,0.669466,-0.538434,-1.220443,-0.105408,-0.661116
717,121.402,A,3,11.565936,62.720229,11.716101,63.229232,12.281119,63.181751,0.744794,-0.331056,-126.3002,0.251900,-126.0218,0.256052,12.161100,64.441490,-126.1400,1.291354,1.265444,1.821253,-0.444999,-1.212259,-0.595164,-1.721261
718,121.555,A,3,11.165057,63.127015,11.716101,63.229232,12.149337,63.103663,0.680592,-0.282063,-125.1916,0.256844,-124.5256,0.261253,12.016549,64.432994,-124.6466,1.240690,1.335947,1.559045,-0.300447,-1.203763,-0.851491,-1.305980
719,121.722,A,3,11.756935,62.853380,11.561407,63.109965,11.961960,63.089179,0.743187,-0.430691,-124.4469,0.259148,-122.9963,0.268404,11.871015,64.426625,-123.1199,1.352571,1.340534,1.577375,-0.309609,-1.316659,-0.114081,-1.573245
720,121.884,A,3,10.993211,63.185721,11.479115,63.041661,11.903503,63.042237,0.739521,-0.162669,-123.6904,0.262298,-121.4339,0.274799,11.723338,64.419868,-121.5601,1.399678,1.389361,1.433947,-0.244223,-1.378207,-0.730127,-1.234147
721,122.050,A,3,10.813355,62.230111,11.401984,63.004543,11.730228,63.044817,0.650570,-0.438779,-122.1424,0.268689,-119.8413,0.266355,11.573100,64.410334,-119.9653,1.416167,1.374528,2.308806,-0.171115,-1.405791,-0.759745,-2.180223
722,122.204,A,3,10.701941,63.216805,11.207364,62.868082,11.562044,62.908065,1.234555,-0.243888,-120.2602,0.271841,-118.7418,0.200946,11.417837,64.388555,-118.8307,1.534972,1.487497,1.373137,-0.210472,-1.520473,-0.715896,-1.171750
723,122.394,A,3,10.313811,62.740329,11.020279,62.773831,11.401733,62.935322,0.754829,-0.510208,-117.8121,0.273831,-117.1452,0.359819,11.257147,64.354250,-117.3057,1.598071,1.426275,1.869391,-0.236868,-1.580419,-0.943336,-1.613921
724,122.571,A,3,10.744498,63.660957,10.811469,62.802980,11.207709,62.888828,0.881117,-0.658557,-116.3549,0.289206,-115.4794,0.205530,11.093439,64.309461,-115.5724,1.532642,1.425222,0.736422,-0.281970,-1.506481,-0.348941,-0.648504
725,122.740,A,3,10.394969,63.707065,10.572236,63.179937,11.104984,62.986013,-0.220890,-1.126529,-114.6485,0.212369,-114.5151,0.226815,10.928898,64.255809,-114.6157,1.133451,1.281948,0.765637,-0.356662,-1.075873,-0.533929,-0.548744
726,122.894,A,3,10.400133,62.724978,10.457322,63.219455,10.884911,63.028182,0.281382,-0.810362,-113.5977,0.249382,-112.9946,0.219635,10.759214,64.202594,-113.0966,1.028447,1.181120,1.520621,-0.301892,-0.983140,-0.359081,-1.477616
727,123.056,A,3,9.285310,62.994704,10.209557,63.111042,10.624580,63.012685,0.617170,-1.185074,-112.2087,0.186886,-112.0748,0.195335,10.592558,64.143726,-112.1627,1.101419,1.131494,1.740445,-0.383001,-1.032683,-1.307248,-1.149021
728,123.226,A,3,10.152179,62.028353,10.209557,63.111042,10.586212,62.999534,0.578540,-1.060182,-111.2409,0.185820,-110.8777,0.142185,10.422880,64.080825,-110.9443,0.992968,1.093557,2.070247,-0.213323,-0.969783,-0.270701,-2.052472
729,123.410,A,3,10.192765,61.594845,9.985466,62.892250,10.487922,62.842153,1.181896,-0.538745,-110.7148,0.185756,-109.8850,0.160109,10.254211,64.006192,-109.9575,1.145902,1.187269,2.412130,-0.268746,-1.113942,-0.061446,-2.411347
730,123.581,A,3,10.010434,62.576077,9.945202,62.250035,10.354801,62.630813,1.262366,-0.110058,-109.3659,0.170291,-108.9099,0.164424,10.083047,63.916855,-108.9857,1.672511,1.314441,1.342743,-0.137845,-1.666821,-0.072613,-1.340778
731,123.764,A,3,9.115963,62.346744,9.792860,62.236561,10.149662,62.571806,1.141857,-0.521703,-108.5658,0.165160,-107.9881,0.157867,9.908436,63.811036,-108.0602,1.578711,1.262490,1.664982,-0.115576,-1.574475,-0.792473,-1.464292
732,123.936,A,3,8.593393,61.758147,9.464743,62.104286,10.116645,62.550313,1.492641,-0.857292,-107.3791,0.154771,-107.1091,0.148996,9.733758,63.701103,-107.1779,1.619319,1.212815,2.252889,-0.269015,-1.596817,-1.140365,-1.942956
733,124.074,A,3,9.192212,61.973286,9.464743,62.104286,9.860699,62.411506,1.360862,-0.754305,-106.5614,0.148311,-106.2682,0.142770,9.562066,63.595672,-106.3342,1.494558,1.221242,1.664010,-0.097324,-1.491386,-0.369855,-1.622386
734,124.236,A,3,9.094387,62.428140,9.221793,61.952456,9.729054,62.323227,1.192031,-0.686492,-105.9266,0.142685,-105.4596,0.138439,9.395074,63.495680,-105.5232,1.552922,1.219093,1.109078,-0.173281,-1.543224,-0.300687,-1.067540
735,124.391,A,3,9.578379,61.405427,9.121474,61.972831,9.602942,62.315445,0.703358,-0.797129,-105.6092,0.140946,-104.6784,0.134152,9.233973,63.400750,-104.7399,1.432344,1.146309,2.024829,-0.112499,-1.427919,0.344406,-1.995324
736,124.547,A,3,9.244807,62.013350,9.118425,61.906709,9.568925,62.158621,0.990452,-0.276049,-104.9853,0.138033,-103.9232,0.132486,9.078593,63.309513,-103.9826,1.403369,1.250991,1.306777,0.039832,-1.402804,0.166215,-1.296163
737,124.699,A,3,8.603916,60.836284,9.157503,61.794347,9.493401,62.113452,0.636842,-0.236262,-104.0456,0.134083,-103.1955,0.124582,8.927490,63.220161,-103.2527,1.444249,1.243005,2.405737,0.230013,-1.425815,-0.323574,-2.383878
738,124.864,A,3,9.003835,61.431278,9.056551,61.616801,9.335809,61.900394,1.223338,-0.245329,-102.8556,0.124851,-102.4980,0.119570,8.778970,63.131108,-102.5527,1.539538,1.350824,1.714638,0.277581,-1.514307,0.224865,-1.699829
739,125.031,A,3,8.914256,61.764650,8.947129,61.387463,9.260423,61.804030,1.028669,-0.189659,-102.1955,0.118962,-101.8295,0.113117,8.632233,63.041150,-101.8822,1.683402,1.387476,1.307283,0.314895,-1.653688,0.282022,-1.276500
740,125.220,A,3,7.921954,60.809009,8.917417,61.391893,9.184356,61.771934,0.612165,-0.265669,-101.9410,0.116536,-101.1781,0.107249,8.485879,62.938706,-101.2298,1.605881,1.359862,2.203093,0.431538,-1.546812,-0.563925,-2.129696
741,125.393,A,3,8.330127,61.331378,8.739012,61.304560,8.973228,61.603613,1.110597,-0.629848,-101.4173,0.111697,-100.5363,0.105625,8.341114,62.821964,-100.5873,1.568706,1.372569,1.490627,0.397898,-1.517404,-0.010987,-1.490586
742,125.539,A,3,8.180511,60.838452,8.513204,61.173044,8.851678,61.536019,0.837584,-0.687591,-100.8702,0.108287,-99.9054,0.105831,8.199868,62.696692,-99.9553,1.555533,1.331172,1.858340,0.313337,-1.523648,-0.019357,-1.858240
743,125.700,A,3,8.291050,60.077731,8.380138,61.089450,8.726298,61.405863,0.900067,-0.598516,-99.5431,0.106683,-99.2910,0.105760,8.062598,62.567694,-99.3394,1.511964,1.338039,2.500421,0.317540,-1.478244,0.228452,-2.489963
744,125.890,A,3,7.685041,60.632206,8.279893,60.814837,8.636545,61.180647,1.431490,-0.397830,-98.9664,0.106857,-98.6985,0.105635,7.928467,62.436911,-98.7450,1.659706,1.442073,1.821049,0.351426,-1.622074,-0.243427,-1.804705
745,126.057,A,3,7.002669,60.320888,8.140579,60.578074,8.470771,61.068153,1.335396,-0.672014,-98.9664,0.106852,-98.1301,0.103793,7.796275,62.303320,-98.1747,1.759267,1.407332,2.135380,0.344305,-1.725246,-0.793606,-1.982432
746,126.195,A,3,7.361760,60.080900,7.848791,60.458033,8.226734,60.925807,1.375467,-1.086275,-98.4078,0.105482,-97.5843,0.098778,7.665115,62.163246,-97.6272,1.715076,1.358923,2.104326,0.183675,-1.705212,-0.303356,-2.082346
747,126.384,A,3,6.641549,60.763089,7.320460,60.260077,8.069536,60.768050,0.810452,-1.396917,-97.2387,0.096660,-96.9937,0.091492,7.508699,61.979280,-96.9937,1.729478,1.334772,1.493677,-0.188239,-1.719203,-0.867150,-1.216191
748,126.564,A,3,7.005906,60.394468,7.320460,60.260077,7.827554,60.734400,0.744481,-1.255724,-96.8439,0.093173,-96.5415,0.089793,7.405183,61.843758,-96.5822,1.585945,1.187043,1.503284,-0.084724,-1.583681,-0.399278,-1.449289
749,126.740,A,3,7.462153,60.649543,7.081062,60.314827,7.673218,60.653282,0.598649,-1.169183,-96.3990,0.089290,-96.0407,0.084967,7.276888,61.659172,-96.0802,1.358533,1.081153,1.026486,-0.195826,-1.344345,0.185265,-1.009629
750,126.913,A,3,7.038075,59.688799,7.033374,60.353949,7.609861,60.623484,0.243583,-0.872056,-96.1815,0.087547,-95.5596,0.081003,7.149801,61.460414,-95.5972,1.112574,0.955044,1.775134,-0.116426,-1.106465,-0.111725,-1.771615
751,127.069,A,3,6.959960,60.008783,7.023885,60.267762,7.501446,60.463041,0.765877,-0.688149,-95.7544,0.084418,-95.1052,0.077998,7.023705,61.252634,-95.1404,0.984872,0.922873,1.245484,0.000180,-0.984872,-0.063744,-1.243851
752,127.237,A,3,6.805974,59.695281,6.960437,60.091343,7.392894,60.367333,0.741337,-0.588830,-95.3413,0.080698,-94.6808,0.070574,6.898497,61.040820,-94.7136,0.951495,0.835472,1.348716,0.061940,-0.949477,-0.092522,-1.345539
753,127.415,A,3,6.786094,59.311670,6.888776,59.961341,7.272683,60.233753,0.817672,-0.480125,-94.4156,0.069690,-94.2854,0.065166,6.774363,60.827560,-94.3160,0.873743,0.775197,1.515936,0.114413,-0.866220,0.011731,-1.515890
754,127.569,A,3,5.660572,58.608917,6.817986,59.749739,7.178704,60.073726,1.104051,-0.408097,-94.1226,0.065213,-93.9160,0.061696,6.651547,60.612674,-93.9446,0.878839,0.753896,2.235414,0.166438,-0.862935,-0.990976,-2.003757
755,127.749,A,3,6.575930,58.825863,6.399301,59.066622,6.921327,59.819155,1.808742,-0.669797,-93.6712,0.059128,-93.5705,0.056598,6.529988,60.393560,-93.5972,1.333358,0.695045,1.568370,-0.130687,-1.326938,0.045942,-1.567697
756,127.930,A,3,6.578978,58.279284,6.393094,58.776223,6.802722,59.440540,2.019791,-0.428578,-93.4013,0.055050,-93.2491,0.052231,6.409187,60.165793,-93.2739,1.389664,0.825143,1.894135,-0.016094,-1.389570,0.169791,-1.886509
757,128.109,A,3,5.736023,57.563391,6.277313,58.354687,6.774079,59.399066,2.513951,-0.662410,-93.1414,0.052466,-92.9543,0.048156,6.288502,59.925034,-92.9769,1.570386,0.715841,2.425405,-0.011189,-1.570346,-0.552479,-2.361643
758,128.260,A,3,6.487862,58.044587,6.277313,58.354687,6.593836,59.087073,2.275362,-0.587469,-92.8716,0.048942,-92.6882,0.047404,6.167556,59.669349,-92.7084,1.319235,0.721638,1.656033,0.109758,-1.314662,0.320307,-1.624762
759,128.413,A,3,5.968252,58.308268,6.182933,58.019591,6.551272,58.889243,1.960277,-0.341568,-92.6175,0.047396,-92.4503,0.043743,6.046440,59.400192,-92.4683,1.387332,0.718279,1.094720,0.136493,-1.380601,-0.078188,-1.091924
760,128.582,A,3,5.138942,56.655443,5.939989,57.662135,6.439794,58.759693,2.254018,-0.859970,-92.3529,0.044633,-92.2371,0.041031,5.925731,59.121833,-92.2534,1.459768,0.628814,2.588844,0.014258,-1.459699,-0.786789,-2.466390
761,128.733,A,3,5.130028,57.301505,5.647327,57.303640,6.063696,58.244531,1.954897,-1.072997,-92.0668,0.037705,-92.0441,0.035566,5.806226,58.839311,-92.0589,1.543870,0.648116,1.679908,-0.158899,-1.535671,-0.676198,-1.537806
762,128.880,A,3,4.672151,57.562309,5.352643,57.221613,6.031817,58.192694,1.373629,-1.377270,-91.9119,0.033396,-91.8682,0.028556,5.688410,58.556026,-91.8817,1.376007,0.499939,1.421357,-0.335766,-1.334413,-1.016258,-0.993717
763,129.039,A,3,5.075718,55.942080,5.352643,57.221613,5.800093,58.051423,1.245474,-1.241123,-91.7788,0.028810,-91.7091,0.025503,5.572084,58.272787,-91.7212,1.073835,0.317790,2.382976,-0.219440,-1.051174,-0.496366,-2.330707
764,129.206,A,3,5.713371,56.495579,5.122203,56.953112,5.660752,57.690744,1.986880,-1.097750,-91.6390,0.025232,-91.5683,0.019994,5.456550,57.987898,-91.5789,1.087461,0.360554,1.514256,-0.334348,-1.034786,0.256821,-1.492319
765,129.407,A,3,4.621159,56.133207,5.064719,56.363460,5.637725,57.462003,1.878039,-0.845814,-91.4648,0.020055,-91.4459,0.018042,5.341315,57.697515,-91.4551,1.362427,0.378583,1.722117,-0.276596,-1.334055,-0.720156,-1.564308
766,129.555,A,3,4.292476,56.309384,4.827593,56.196478,5.458402,57.212961,1.515229,-1.079412,-91.3785,0.018431,-91.3378,0.018736,5.226704,57.397226,-91.3461,1.265340,0.296036,1.433939,-0.399111,-1.200748,-0.934228,-1.087842
767,129.699,A,3,4.913963,55.285201,4.692559,55.950238,5.205939,56.774520,1.934333,-0.784001,-91.2566,0.018816,-91.2364,0.019319,5.113683,57.084454,-91.2445,1.209872,0.323373,1.810303,-0.421124,-1.134216,-0.199720,-1.799253
768,129.843,A,3,4.865920,55.081559,4.692559,55.950238,5.173474,56.715738,1.749846,-0.705310,-91.1711,0.019382,-91.1352,0.020437,5.003148,56.760196,-91.1434,0.867466,0.176032,1.684237,-0.310589,-0.809958,-0.137228,-1.678637
769,130.001,A,3,5.043470,54.876147,4.686983,55.570488,5.098559,56.418409,1.961158,-0.511174,-91.0798,0.019390,-91.0304,0.020675,4.895331,56.432376,-91.0389,0.886712,0.203707,1.563264,-0.208347,-0.861888,0.148140,-1.556229
770,130.163,A,3,4.222683,54.926178,4.720033,55.234180,5.063151,56.132966,2.161582,-0.271716,-91.0798,0.019399,-90.9246,0.018439,4.789802,56.106214,-90.9330,0.874821,0.274655,1.309240,-0.069770,-0.872034,-0.567119,-1.180036
771,130.326,A,3,3.917063,53.569858,4.663420,54.983118,4.912916,55.896322,1.915606,-0.513121,-90.9383,0.018692,-90.8209,0.017763,4.685983,55.784026,-90.8291,0.801227,0.253197,2.343882,-0.022563,-0.800909,-0.768920,-2.214169
772,130.506,A,3,4.888722,54.225265,4.455541,54.594523,4.760421,55.309123,2.631976,-0.770072,-90.8683,0.018562,-90.7202,0.017456,4.583654,55.465955,-90.7282,0.880799,0.236311,1.277647,-0.128113,-0.871433,0.305068,-1.240691
773,130.698,A,3,3.306386,53.810721,4.394358,54.205270,4.734020,55.242453,2.020375,-0.317917,-90.6530,0.017632,-90.6206,0.018362,4.483191,55.150084,-90.6287,0.948981,0.267296,1.782908,-0.088832,-0.944814,-1.176805,-1.339363
774,130.906,A,3,4.137211,52.572676,4.264985,53.988478,4.496986,54.968174,1.935993,-0.840460,-90.5788,0.018912,-90.5175,0.018529,4.385354,54.832972,-90.5260,0.853029,0.175333,2.273876,-0.120369,-0.844494,-0.248142,-2.260296
775,131.044,A,3,4.941185,53.515086,4.056676,53.569905,4.416214,54.549552,2.755192,-0.732485,-90.5788,0.018928,-90.4065,0.021130,4.290703,54.511182,-90.4157,0.969933,0.131245,1.189678,-0.234027,-0.941277,0.650482,-0.996096
776,131.194,A,3,4.427260,52.341683,4.145803,53.232342,4.468917,54.329822,2.088105,-0.133291,-90.4190,0.020448,-90.2869,0.019905,4.199145,54.183064,-90.2967,0.952217,0.307108,1.855457,-0.053342,-0.950721,0.228115,-1.841381
777,131.370,A,3,4.107959,51.993963,4.278329,52.974323,4.441978,53.969540,2.395843,-0.013247,-90.3303,0.020296,-90.1618,0.020783,4.109996,53.849501,-90.1719,0.891221,0.353018,1.855539,0.168333,-0.875179,-0.002036,-1.855538
778,131.523,A,3,3.670019,51.139848,4.269342,52.547285,4.373434,53.608748,2.337716,-0.091406,-90.1122,0.021480,-90.0244,0.039257,4.022624,53.513492,-90.0420,0.997209,0.363512,2.399691,0.246718,-0.966207,-0.352605,-2.373644
779,131.713,A,3,3.933617,51.714905,4.149783,52.042564,4.250419,53.171992,2.845912,-0.351999,-90.0022,0.031239,-89.7957,0.044846,3.940011,53.180276,-89.8163,1.156889,0.310519,1.465385,0.209772,-1.137712,-0.006394,-1.465371
780,131.892,A,3,4.018755,51.909096,4.028075,51.647227,4.184365,52.882442,2.582797,-0.391710,-89.9041,0.037259,-89.5246,0.048311,3.859898,52.852072,-89.5467,1.216525,0.325885,0.956263,0.168177,-1.204844,0.158857,-0.942975
781,132.067,A,3,3.328833,50.858374,3.987302,51.531218,4.141775,52.665782,1.855436,-0.312508,-89.6528,0.045065,-89.2490,0.049955,3.780985,52.528283,-89.2713,1.018187,0.386103,1.730039,0.206317,-0.997064,-0.452152,-1.669909
782,132.272,A,3,3.128558,50.749347,3.647258,51.027587,4.003921,52.327014,2.029302,-0.857213,-89.0579,0.050270,-88.9618,0.054326,3.704072,52.207680,-88.9855,1.181459,0.322722,1.567785,-0.056815,-1.180092,-0.575514,-1.458332
783,132.446,A,3,4.081866,50.072578,3.647258,51.027587,3.855385,52.021391,1.838345,-0.765269,-88.7708,0.054637,-88.6475,0.057510,3.630574,51.887578,-88.6741,0.860153,0.261621,1.870265,0.016683,-0.859991,0.451292,-1.815000
784,132.638,A,3,3.050209,49.496778,3.587679,50.679865,3.873728,51.675492,2.149326,-0.390041,-88.5209,0.059065,-88.2936,0.063974,3.561253,51.564764,-88.3234,0.885293,0.331514,2.130195,0.026426,-0.884899,-0.511043,-2.067986
785,132.826,A,3,3.644030,50.134742,3.541093,50.224038,3.732268,51.265449,2.690805,-0.691689,-88.3979,0.060989,-87.9074,0.068497,3.495129,51.237123,-87.9388,1.014127,0.238824,1.112392,0.045963,-1.013085,0.148900,-1.102381
786,133.001,A,3,3.281517,49.349661,3.421494,49.708331,3.702298,51.022434,2.153964,-0.488638,-87.7499,0.066688,-87.5142,0.071143,3.429549,50.905295,-87.5469,1.196992,0.296838,1.562662,-0.008056,-1.196965,-0.148033,-1.555635
787,133.173,A,3,3.679556,48.649661,3.413522,49.321926,3.624635,50.700647,2.499045,-0.267898,-87.2097,0.071643,-87.0995,0.073647,3.363942,50.574898,-87.1334,1.253952,0.289437,1.950935,0.049580,-1.252972,0.315613,-1.925237
788,133.379,A,3,3.218772,47.829465,3.413522,49.321926,3.618665,50.322090,2.260670,-0.225460,-86.8222,0.076781,-86.6504,0.079642,3.300135,50.248585,-86.6876,0.933570,0.326901,2.420488,0.113388,-0.926659,-0.081363,-2.419120
789,133.593,A,3,3.053456,48.553492,3.406246,48.789854,3.546841,49.872403,2.823654,-0.329404,-86.4665,0.079021,-86.1975,0.078002,3.238422,49.926634,-86.2328,1.149101,0.313151,1.385543,0.167824,-1.136780,-0.184966,-1.373141
790,133.787,A,3,2.723453,47.761924,3.313443,48.400210,3.462165,49.600715,2.463853,-0.463251,-86.3215,0.078347,-85.7498,0.077760,3.179071,49.608274,-85.7863,1.215514,0.283196,1.901734,0.134372,-1.208064,-0.455618,-1.846349
791,133.976,A,3,3.577409,48.002524,3.169663,48.142024,3.340387,49.249975,2.467713,-0.690112,-85.9229,0.078174,-85.2981,0.079404,3.123446,49.292011,-85.3340,1.150915,0.220976,1.367062,0.046218,-1.149986,0.453964,-1.289487
792,134.166,A,3,3.451836,47.775278,3.231661,47.753335,3.363296,48.987018,1.739090,-0.105204,-85.1134,0.078539,-84.8526,0.075297,3.070496,48.973288,-84.8879,1.230552,0.293123,1.257238,0.161166,-1.219952,0.381340,-1.198010
793,134.330,A,3,3.692675,46.673977,3.231661,47.753335,3.367059,48.731503,1.572685,-0.082958,-84.7159,0.076834,-84.4193,0.074921,3.019181,48.648135,-84.4534,0.919681,0.357728,2.085879,0.212480,-0.894799,0.673494,-1.974157
794,134.506,A,3,3.644207,47.419877,3.331965,47.447210,3.408593,48.351783,2.071916,0.094427,-84.3093,0.075322,-84.0061,0.070006,2.968297,48.314989,-84.0383,0.940901,0.441830,1.121641,0.363668,-0.867779,0.675909,-0.895111
795,134.789,A,3,2.512399,45.963816,3.445990,47.181912,3.439424,48.138390,1.710965,0.241029,-84.1498,0.073451,-83.6140,0.068470,2.917623,47.975493,-83.6448,0.953385,0.546637,2.052085,0.528367,-0.793581,-0.405224,-2.011678
796,134.987,A,3,3.320938,46.300735,3.359592,46.885884,3.298842,47.742510,2.297989,-0.398907,-83.8247,0.069960,-83.2356,0.065747,2.868191,47.633836,-83.2656,0.894934,0.444151,1.407884,0.491401,-0.747952,0.452747,-1.333100
797,135.171,A,3,2.870036,45.637861,3.235055,46.492328,3.297196,47.453547,2.161267,-0.296180,-83.3004,0.066816,-82.8619,0.064964,2.821646,47.294423,-82.8917,0.902365,0.501466,1.657268,0.413409,-0.802094,0.048389,-1.656561
798,135.330,A,3,2.078369,44.867748,3.187198,46.165828,3.229825,47.109710,2.115335,-0.437733,-82.7069,0.063909,-82.4922,0.064343,2.778362,46.959727,-82.5216,0.892985,0.475725,2.205984,0.408837,-0.793899,-0.699992,-2.091979
799,135.516,A,3,2.920019,44.762783,2.963403,45.697699,3.053628,46.701165,2.526669,-0.975540,-82.4024,0.063106,-82.1320,0.060612,2.737266,46.629847,-82.1603,0.959186,0.324301,1.875987,0.226138,-0.932148,0.182753,-1.867064
800,135.686,A,3,3.128967,45.443344,2.792701,45.219938,3.026000,46.335508,2.793047,-0.889773,-82.2475,0.062574,-81.7893,0.055989,2.696610,46.302336,-81.8159,1.086654,0.331056,0.961665,0.096091,-1.082398,0.432357,-0.858992
801,135.861,A,3,3.050317,44.642524,2.881178,44.863340,3.034547,46.125196,1.944419,-0.352574,-81.6538,0.059123,-81.4548,0.057394,2.656059,45.975730,-81.4812,1.134941,0.406932,1.390280,0.225120,-1.112390,0.394258,-1.333206
802,136.045,A,3,2.788701,42.960561,2.882974,44.358847,2.996746,45.415303,2.985776,-0.544740,-81.1950,0.057293,-81.1246,0.057031,2.616722,45.646557,-81.1511,1.314947,0.444856,2.691496,0.266253,-1.287710,0.171980,-2.685995
803,136.237,A,3,2.700489,43.442099,2.882974,44.358847,2.992121,45.329014,2.701689,-0.476887,-80.9375,0.057703,-80.7910,0.057919,2.580994,45.313141,-80.8179,1.000934,0.411433,1.874854,0.301980,-0.954293,0.119495,-1.871042
804,136.435,A,3,2.700940,42.672381,2.836203,43.789872,2.945207,44.969246,2.659552,-0.531010,-80.6231,0.058438,-80.4515,0.058045,2.549937,44.975541,-80.4789,1.219737,0.395320,2.308105,0.286266,-1.185669,0.151003,-2.303160
805,136.605,A,3,3.060927,43.705609,2.809840,43.099851,2.905394,44.547787,2.114497,-0.291963,-80.3235,0.058074,-80.1095,0.056900,2.522805,44.635915,-80.1368,1.562652,0.392608,1.074730,0.287034,-1.536064,0.538122,-0.930306
806,136.777,A,3,2.859331,42.559770,2.854844,42.948292,2.915744,44.083697,2.183030,-0.298221,-79.9861,0.057115,-79.7729,0.058176,2.497945,44.297194,-79.7994,1.395318,0.469188,1.774611,0.356899,-1.348902,0.361386,-1.737424
807,136.957,A,3,2.325157,42.988493,2.781969,42.752146,2.828548,43.852709,1.603278,-0.491395,-79.5453,0.056694,-79.4472,0.055029,2.474062,43.962027,-79.4728,1.248446,0.370959,0.984856,0.307906,-1.209881,-0.148905,-0.973534
808,137.096,A,3,2.272442,41.910008,2.781969,42.752146,2.824644,43.771121,1.451707,-0.436046,-79.2890,0.055763,-79.1328,0.055219,2.450844,43.632072,-79.1576,0.940167,0.398825,1.731281,0.331125,-0.879926,-0.178402,-1.722065
809,137.260,A,3,2.991461,42.241806,2.633318,42.524124,2.739322,43.419409,1.770285,-0.681476,-78.9702,0.054060,-78.8266,0.055102,2.429012,43.307149,-78.8509,0.809240,0.329992,1.204702,0.204306,-0.783026,0.562450,-1.065343
810,137.411,A,3,2.635854,40.787220,2.614343,42.249767,2.773269,43.181217,1.696141,-0.403634,-78.9702,0.054065,-78.5255,0.052456,2.409785,42.984597,-78.5494,0.762771,0.413256,2.208976,0.204558,-0.734830,0.226069,-2.197377
811,137.600,A,3,2.207363,40.643169,2.659645,41.865974,2.750449,42.740867,2.475899,-0.550984,-78.5876,0.053485,-78.2281,0.052159,2.394024,42.660204,-78.2517,0.837470,0.365438,2.025654,0.265621,-0.794230,-0.186661,-2.017035
812,137.794,A,3,3.176558,40.409133,2.583638,41.321205,2.667750,42.352071,2.718608,-0.822534,-78.3312,0.052334,-77.9370,0.049114,2.381773,42.330045,-77.9600,1.028838,0.286824,2.078843,0.201865,-1.008840,0.794785,-1.920912
813,137.954,A,3,2.450634,40.744142,2.606635,40.875160,2.740907,41.984825,2.569998,-0.377898,-77.7241,0.049616,-77.6546,0.048153,2.372505,41.992752,-77.6768,1.141854,0.368487,1.251052,0.234131,-1.117592,0.078129,-1.248610
814,138.111,A,3,2.710454,40.405282,2.667142,40.592770,2.697611,41.721551,2.096339,-0.417363,-77.6173,0.048886,-77.3806,0.047232,2.365609,41.650088,-77.4023,1.099475,0.339606,1.291689,0.301533,-1.057318,0.344845,-1.244806
815,138.278,A,3,2.272404,40.529662,2.648956,40.426210,2.698971,41.446088,1.977921,-0.352032,-77.4903,0.048003,-77.1133,0.045164,2.360812,41.306166,-77.1344,0.925932,0.365963,0.781520,0.288143,-0.879956,-0.088408,-0.776504
816,138.441,A,3,2.418399,39.418961,2.606377,40.307517,2.635165,41.237978,1.446438,-0.454751,-77.2628,0.046878,-76.8510,0.044525,2.357833,40.965158,-76.8718,0.703041,0.389029,1.547384,0.248544,-0.657642,0.060567,-1.546198
817,138.601,A,3,3.232866,39.812935,2.526806,40.079548,2.601619,40.895538,1.844393,-0.591879,-76.9607,0.046148,-76.5944,0.044649,2.356179,40.629445,-76.6147,0.575760,0.362003,1.198026,0.170626,-0.549897,0.876686,-0.816510
818,138.760,A,3,1.741335,38.880880,2.607909,39.807500,2.694525,40.662197,1.506123,-0.096917,-76.4750,0.043620,-76.3451,0.040055,2.355286,40.298655,-76.3648,0.552315,0.497238,1.544999,0.252623,-0.491155,-0.613951,-1.417775
819,138.945,A,3,3.111480,37.990991,2.575537,39.532228,2.554426,40.341718,1.772695,-0.682845,-76.2246,0.041154,-76.1058,0.038759,2.354913,39.969818,-76.1246,0.490062,0.422037,2.118525,0.220624,-0.437591,0.756567,-1.978827
820,139.155,A,3,2.346355,37.719338,2.530841,39.021219,2.634065,39.909305,2.699193,-0.504766,-76.2246,0.041164,-75.8778,0.037768,2.355490,39.638713,-75.8956,0.641909,0.388361,1.919397,0.175350,-0.617494,-0.009135,-1.919375
821,139.320,A,3,2.266687,37.682620,2.586921,38.451052,2.592094,39.510148,2.965768,-0.737255,-75.9313,0.039017,-75.6598,0.037714,2.358031,39.301831,-75.6769,0.881031,0.313339,1.621785,0.228890,-0.850779,-0.091343,-1.619211
822,139.481,A,3,2.262413,37.136623,2.430932,37.608694,2.543796,39.160728,2.827745,-0.933082,-75.5572,0.034070,-75.5188,-0.031679,2.363937,38.958282,-75.5064,1.351250,0.270802,1.824485,0.066995,-1.349588,-0.101524,-1.821659
823,139.628,A,3,3.220503,36.438526,2.430932,37.608694,2.501251,38.797928,2.554711,-0.847518,-75.6368,-0.041319,-75.9173,-0.014289,2.374695,38.619900,-75.9087,1.012769,0.218426,2.339612,0.056236,-1.011206,0.845808,-2.181374
824,139.785,A,3,2.434319,35.644116,2.512802,37.133349,2.606515,38.370481,2.929885,-0.499808,-75.7851,0.026243,-75.5369,0.107710,2.383329,38.281405,-75.5883,1.155334,0.240305,2.637782,0.129473,-1.148056,0.050990,-2.637289
825,139.946,A,3,2.217945,35.784725,2.608602,36.557228,2.583189,37.868493,3.543535,-0.779980,-75.7851,0.026234,-75.5375,-0.100306,2.391746,37.953094,-75.4934,1.412611,0.209304,2.175323,0.216857,-1.395866,-0.173801,-2.168369
826,140.101,A,3,2.986275,37.380941,2.536533,36.045320,2.529657,37.491165,3.234439,-0.916361,-75.4811,-0.015975,-75.8858,0.017888,2.401698,37.636774,-75.8918,1.597155,0.193844,0.638107,0.134835,-1.591454,0.584577,-0.255832
827,140.269,A,3,2.680790,36.712508,2.558798,36.021756,2.597162,37.375477,1.555948,-0.203659,-75.7756,-0.034324,-75.8930,-0.089606,2.408152,37.323505,-75.8548,1.310437,0.196025,0.669066,0.150646,-1.301749,0.272639,-0.610997
828,140.439,A,3,2.930652,35.662229,2.645326,36.237830,2.610540,37.199765,0.819561,-0.041013,-76.1681,-0.055792,-76.3399,-0.038584,2.417258,37.020114,-76.3231,0.814851,0.263880,1.451697,0.228068,-0.782284,0.513394,-1.357885
829,140.610,A,3,2.403051,34.612341,2.705517,36.145925,2.659127,36.897929,1.163289,-0.014593,-76.4089,-0.053612,-76.7080,-0.112166,2.426521,36.718580,-76.6568,0.637003,0.293720,2.106371,0.278996,-0.572655,-0.023470,-2.106240
830,140.755,A,3,2.775298,34.562968,2.709488,35.720167,2.622133,36.484741,2.063273,-0.452583,-76.4089,-0.053623,-77.1893,-0.105630,2.438399,36.419843,-77.1397,0.750357,0.194859,1.887190,0.271089,-0.699676,0.336899,-1.856875
831,140.914,A,3,2.279878,35.094895,2.683818,35.212072,2.644335,36.123253,2.383947,-0.488864,-77.0105,-0.081883,-77.7440,-0.102592,2.452515,36.122770,-77.6966,0.939613,0.191821,1.042272,0.231303,-0.910698,-0.172637,-1.027875
832,141.092,A,3,2.387773,34.190234,2.539994,34.695734,2.588922,35.894265,2.022893,-0.753380,-78.0001,-0.104458,-78.3770,-0.115702,2.468009,35.828307,-78.3236,1.134858,0.137733,1.640037,0.071985,-1.132573,-0.080236,-1.638073
833,141.243,A,3,3.310247,33.648748,2.539994,34.695734,2.555378,35.567352,1.820756,-0.701533,-78.6132,-0.116888,-79.0847,-0.129681,2.483841,35.538448,-79.0254,0.844582,0.077156,2.062502,0.056153,-0.842713,0.826406,-1.889700
834,141.395,A,3,2.277612,34.142423,2.614506,34.292480,2.663021,35.208008,2.234502,-0.361738,-79.2709,-0.127825,-79.8643,-0.142875,2.499472,35.255233,-79.7994,0.969602,0.170230,1.134711,0.115034,-0.962754,-0.221860,-1.112810
835,141.562,A,3,1.869078,34.057753,2.659531,34.008888,2.602516,34.975045,1.902088,-0.551810,-79.6575,-0.134661,-80.7104,-0.152763,2.515245,34.979772,-80.6404,0.981547,0.087399,1.125900,0.144286,-0.970884,-0.646167,-0.922019
836,141.745,A,3,2.163094,33.149189,2.476545,33.905595,2.487276,34.767159,1.405687,-0.849912,-80.3704,-0.144495,-81.6172,-0.162773,2.532058,34.711704,-81.5426,0.808018,0.071279,1.605486,-0.055513,-0.806109,-0.368964,-1.562515
837,141.911,A,3,1.741706,32.778996,2.308872,33.690320,2.429070,34.457802,1.686739,-0.936584,-81.0553,-0.152608,-82.5797,-0.171683,2.550708,34.449370,-82.5007,0.796644,0.121930,1.855973,-0.241837,-0.759050,-0.809003,-1.670374
838,142.065,A,3,3.131191,32.546115,2.157659,33.328469,2.314404,34.139558,1.705252,-1.095303,-83.0196,-0.172488,-83.5952,-0.181292,2.571430,34.190498,-83.5120,0.956191,0.262025,1.737046,-0.413772,-0.862029,0.559760,-1.644383
839,142.221,A,3,2.585490,32.455364,2.187437,32.971546,2.421147,33.833338,1.943201,-0.506116,-83.7947,-0.152229,-84.2664,-0.056804,2.592532,33.929708,-84.2422,1.040276,0.196621,1.474361,-0.405095,-0.958162,-0.007042,-1.474344
840,142.382,A,3,2.509233,32.165276,2.392875,32.412806,2.434037,33.559270,1.986157,-0.281175,-84.6397,-0.145593,-85.1204,-0.229527,2.614372,33.664756,-85.0167,1.271394,0.208921,1.503162,-0.221498,-1.251951,-0.105139,-1.499480
841,142.533,A,3,3.174129,31.654064,2.518421,32.106863,2.540779,33.048172,2.177114,0.095844,-85.8250,-0.213971,-86.4840,-0.165502,2.639723,33.392720,-86.4066,1.291565,0.358474,1.818932,-0.121302,-1.285856,0.534405,-1.738656
842,142.696,A,3,3.117626,31.615009,2.710525,31.808311,2.616811,32.777207,2.078283,0.299226,-86.9997,-0.117329,-87.0188,-0.109968,2.659293,33.120626,-86.9704,1.313314,0.346037,1.573833,0.051232,-1.312315,0.458333,-1.505617
843,142.867,A,3,2.028682,31.190581,2.710525,31.808311,2.610199,32.703258,1.882278,0.243379,-87.5915,-0.183178,-88.0993,-0.200329,2.685387,32.850018,-88.0056,1.042010,0.164899,1.784654,0.025138,-1.041707,-0.656705,-1.659436
844,143.060,A,3,2.153712,31.096018,2.516763,31.266139,2.515568,32.411180,1.929313,-0.438761,-88.4641,-0.120330,-88.7320,-0.089316,2.709330,32.583430,-88.6926,1.331292,0.259256,1.587799,-0.192567,-1.317291,-0.555618,-1.487412
845,143.244,A,3,2.829315,29.894038,2.491663,30.866158,2.505542,31.822958,2.591578,-0.222270,-89.4346,-0.138027,-89.6001,-0.123626,2.736476,32.318857,-89.5405,1.473183,0.547034,2.426595,-0.244814,-1.452699,0.092838,-2.424819
846,143.401,A,3,2.302998,30.973598,2.493187,30.571594,2.466494,31.635307,1.831775,-0.333881,-90.0080,-0.125129,-90.2752,-0.117834,2.761456,32.054099,-90.2187,1.506582,0.512240,1.173740,-0.268269,-1.482505,-0.458458,-1.080501
847,143.580,A,3,2.390687,29.810186,2.428978,30.371052,2.444996,31.309991,2.103939,-0.339144,-90.6346,-0.121506,-90.9340,-0.114795,2.785958,31.785454,-90.8816,1.458755,0.585081,2.014429,-0.356980,-1.414402,-0.395271,-1.975268
848,143.751,A,3,3.096453,30.151328,2.428978,30.371052,2.432056,31.236967,1.898087,-0.328717,-91.2867,-0.113478,-91.5675,-0.107595,2.810381,31.510212,-91.5184,1.201313,0.466682,1.388669,-0.381403,-1.139160,0.286072,-1.358883
849,143.924,A,3,2.914963,31.114149,2.499107,30.109899,2.520419,31.022525,1.628950,0.042882,-91.8080,-0.106661,-92.1584,-0.099746,2.835373,31.227772,-92.1127,1.167354,0.375929,0.138725,-0.336266,-1.117873,0.079590,-0.113623
850,144.085,A,3,2.573108,29.762717,2.636775,30.177333,2.568533,30.960874,0.617566,0.199528,-91.8080,-0.106656,-92.7079,-0.093346,2.861327,30.939882,-92.6654,0.794924,0.293546,1.211936,-0.224553,-0.762549,-0.288219,-1.177165
851,144.245,A,3,1.726221,29.008270,2.673752,30.196857,2.561439,30.724570,0.947702,0.115970,-92.5472,-0.097990,-93.2225,-0.087358,2.887803,30.649871,-93.1824,0.501038,0.334804,2.011001,-0.214050,-0.453014,-1.161582,-1.641600
852,144.418,A,3,2.899999,29.060440,2.523864,29.855153,2.428625,30.411899,1.645072,-0.388401,-93.0178,-0.092186,-93.7098,-0.082134,2.913836,30.361002,-93.6717,0.638719,0.487873,1.300636,-0.389971,-0.505849,-0.013837,-1.300563
853,144.593,A,3,2.731011,28.409418,2.446587,29.481612,2.487149,30.151717,1.628691,-0.056820,-94.0243,-0.081386,-94.1746,-0.078366,2.938739,30.074962,-94.1382,0.770895,0.458067,1.678448,-0.492153,-0.593350,-0.207729,-1.665544
854,144.750,A,3,2.947130,27.831388,2.537120,29.111564,2.513803,29.833163,2.038617,0.082791,-94.2150,-0.080142,-94.6169,-0.075722,2.962620,29.791375,-94.5825,0.801994,0.450759,1.960048,-0.425500,-0.679811,-0.015490,-1.959987
855,144.909,A,3,2.265179,27.942084,2.621419,28.633617,2.569633,29.474089,2.650617,0.329335,-94.4311,-0.077826,-95.0329,-0.070550,2.986233,29.508600,-95.0008,0.947990,0.418027,1.724498,-0.364815,-0.874983,-0.721055,-1.566516
856,145.064,A,3,2.538796,27.909299,2.618702,28.216027,2.516704,29.179887,2.551719,0.062557,-94.9581,-0.072780,-95.4164,-0.064760,3.010701,29.231889,-95.3870,1.088871,0.496727,1.404258,-0.391999,-1.015862,-0.471905,-1.322591
857,145.219,A,3,2.813516,26.443372,2.550558,27.948565,2.511838,28.929404,2.222260,0.030781,-95.2768,-0.068849,-95.7660,-0.057768,3.035957,28.959765,-95.7392,1.121667,0.524998,2.526205,-0.485399,-1.011199,-0.222442,-2.516393
858,145.378,A,3,2.698217,26.809940,2.576922,27.526146,2.548248,28.495790,2.644175,0.210611,-95.9992,-0.057469,-96.0856,-0.053440,3.060924,28.688610,-96.0610,1.259198,0.547737,1.913362,-0.484002,-1.162464,-0.362707,-1.878670
859,145.537,A,3,3.211418,26.648623,2.623692,27.049127,2.563293,28.177014,2.522097,0.236017,-96.1474,-0.054960,-96.3828,-0.049909,3.084272,28.417145,-96.3597,1.443471,0.573656,1.773087,-0.460579,-1.368018,0.127146,-1.768523
860,145.716,A,3,3.527537,25.978275,2.923801,26.438467,2.779946,27.605927,2.480010,0.882806,-96.5599,-0.049359,-96.6635,-0.045319,3.105282,28.146783,-96.6416,1.717929,0.631164,2.209236,-0.181481,-1.708316,0.422255,-2.168507
861,145.886,A,3,3.189333,26.097199,3.083187,26.139456,2.779916,27.528947,2.163163,0.828022,-96.7674,-0.047764,-96.9286,-0.044442,3.124454,27.880884,-96.9081,1.741917,0.492510,1.784864,-0.041268,-1.741428,0.064879,-1.783685
862,146.048,A,3,2.943242,25.551529,3.116135,25.878056,2.855378,27.000653,2.180241,0.637986,-97.0996,-0.043485,-97.1750,-0.041230,3.143212,27.623124,-97.1561,1.745278,0.685798,2.081223,-0.027078,-1.745068,-0.199970,-2.071594
863,146.198,A,3,3.553180,25.478115,3.116135,25.878056,2.856366,26.923606,1.973167,0.568418,-97.3009,-0.040771,-97.3996,-0.037564,3.162902,27.375881,-97.3825,1.498555,0.546367,1.937481,-0.046767,-1.497825,0.390278,-1.897766
864,146.362,A,3,2.671283,25.243822,3.186555,25.609283,2.960899,26.637989,1.819071,0.724602,-97.4650,-0.038254,-97.6026,-0.034527,3.183843,27.139187,-97.5870,1.529906,0.548546,1.963447,0.002712,-1.529904,-0.512560,-1.895364
865,146.540,A,3,3.736814,25.521346,3.217960,25.263643,2.920378,26.360716,1.317800,0.607771,-97.7324,-0.035508,-97.7945,-0.034326,3.203944,26.900532,-97.7792,1.636949,0.609763,1.478548,0.014015,-1.636889,0.532870,-1.379186
866,146.701,A,3,3.380641,24.213633,3.338915,25.020150,3.092189,25.884431,1.893169,0.652493,-97.9450,-0.033858,-97.9853,-0.033541,3.220847,26.649901,-97.9699,1.634022,0.776206,2.441503,0.118068,-1.629751,0.159794,-2.436268
867,146.857,A,3,2.834862,24.454543,3.296266,24.671171,3.059475,25.613694,1.869321,0.297759,-98.1148,-0.033736,-98.1796,-0.032469,3.233598,26.387553,-98.1640,1.717525,0.793206,1.973707,0.062668,-1.716382,-0.398736,-1.933010
868,147.044,A,3,2.806872,24.886877,3.296266,24.671171,3.062603,25.539729,1.690623,0.263418,-98.2844,-0.033920,-98.3758,-0.032290,3.242601,26.115621,-98.3602,1.445447,0.603366,1.303715,0.053665,-1.444450,-0.435728,-1.228744
869,147.222,A,3,3.224431,24.743532,3.165960,24.552103,3.026863,25.375362,1.215625,-0.022040,-98.4594,-0.032786,-98.5679,-0.031972,3.249373,25.837180,-98.5528,1.287781,0.512627,1.093932,-0.083412,-1.285077,-0.024942,-1.093648
870,147.399,A,3,3.356909,24.109621,3.113755,24.547711,3.057280,25.217752,0.936132,0.018832,-98.4594,-0.032787,-98.7508,-0.030927,3.255467,25.555030,-98.7366,1.017238,0.391196,1.448964,-0.141712,-1.007319,0.101442,-1.445409
871,147.556,A,3,3.240915,23.581221,3.155779,24.435405,3.103372,24.992414,1.093137,0.183473,-98.6500,-0.032153,-98.9241,-0.029075,3.261411,25.270595,-98.9105,0.841843,0.319939,1.689498,-0.105632,-0.835190,-0.020496,-1.689373
872,147.723,A,3,3.120161,23.340424,3.195607,24.161339,3.126010,24.722841,1.483008,0.265975,-98.9010,-0.030602,-99.0911,-0.027878,3.266394,24.983337,-99.0779,0.825040,0.295915,1.649408,-0.070787,-0.821998,-0.146232,-1.642913
873,147.891,A,3,3.014933,22.796236,3.192844,23.829971,3.127237,24.457325,1.576405,0.221835,-99.1719,-0.029545,-99.2565,-0.029574,3.268919,24.691067,-99.2432,0.864450,0.273329,1.911777,-0.076075,-0.861096,-0.253986,-1.894831
874,148.060,A,3,2.683895,22.379503,3.155294,23.456553,3.111945,24.149969,1.969609,0.198317,-99.3095,-0.028789,-99.4210,-0.027414,3.267936,24.390987,-99.4080,0.941199,0.287094,2.094558,-0.112642,-0.934434,-0.584041,-2.011484
875,148.235,A,3,3.641404,22.936089,3.057840,23.025156,3.048438,23.824983,2.479682,0.044809,-99.3868,-0.028157,-99.5798,-0.026301,3.263610,24.080969,-99.5675,1.075678,0.334407,1.205604,-0.205769,-1.055813,0.377795,-1.144880
876,148.426,A,3,2.639808,22.808890,3.072879,22.751819,3.135458,23.629944,1.897101,0.355526,-99.5459,-0.027171,-99.7244,-0.023658,3.257163,23.760582,-99.7135,1.025458,0.178546,1.134392,-0.184285,-1.008763,-0.617355,-0.951692
877,148.599,A,3,2.527105,22.426513,3.081837,22.659859,3.062144,23.447213,1.532638,0.000674,-99.6716,-0.026399,-99.8494,-0.022369,3.249958,23.431435,-99.8401,0.789680,0.188476,1.237896,-0.168121,-0.771577,-0.722853,-1.004923
878,148.777,A,3,3.774738,21.093269,2.923438,22.538778,2.980529,23.237068,1.321674,-0.217254,-99.9217,-0.021687,-99.9562,-0.018890,3.242600,23.096586,-99.9482,0.642663,0.297349,2.072788,-0.319162,-0.557809,0.532137,-2.003317
879,148.933,A,3,2.779842,21.108700,2.967413,22.170059,3.095246,22.860382,2.016791,0.426576,-99.9996,-0.019075,-100.0510,-0.015694,3.234720,22.759204,-100.0437,0.646951,0.172307,1.712039,-0.267307,-0.589146,-0.454878,-1.650504
880,149.092,A,3,3.011957,21.078657,3.000784,21.322309,3.047463,22.538592,2.321757,0.315382,-100.3507,-0.098194,-100.5398,-0.161458,3.229791,22.425155,-100.4632,1.126372,0.214736,1.364005,-0.229007,-1.102846,-0.217834,-1.346498
881,149.253,A,3,3.566342,20.891054,3.079618,21.053424,3.039440,22.258752,2.093344,0.583725,-100.8220,-0.054834,-100.9370,0.012100,3.224696,22.106458,-100.9405,1.062982,0.239820,1.262509,-0.145078,-1.053035,0.341646,-1.215404
882,149.430,A,3,3.910882,20.944261,3.281544,20.863563,3.115371,21.989799,1.641736,0.884171,-100.8426,0.006483,-100.7647,-0.038126,3.216779,21.791382,-100.7479,0.930076,0.222829,1.095167,0.064764,-0.927819,0.694102,-0.847121
883,149.607,A,3,3.374843,19.906890,3.281544,20.863563,3.233834,21.774076,1.487702,0.792223,-100.9815,-0.086447,-101.4700,-0.114262,3.217563,21.482820,-101.4154,0.622554,0.291710,1.583759,0.063981,-0.619257,0.157280,-1.575930
884,149.793,A,3,3.853836,19.804282,3.415933,20.585720,3.257006,21.432149,1.898750,0.776766,-101.4930,-0.076601,-101.6648,-0.014252,3.216076,21.169172,-101.6605,0.616733,0.266143,1.506540,0.199857,-0.583452,0.637759,-1.364890
885,149.982,A,3,3.344684,18.203002,3.509053,20.201771,3.348093,21.128760,2.095832,1.016688,-101.6373,-0.038501,-102.2780,-0.138425,3.218827,20.853359,-102.2141,0.713302,0.304228,2.653344,0.290226,-0.651589,0.125856,-2.650357
886,150.138,A,3,2.537081,19.428774,3.570472,19.637454,3.350737,20.625508,3.167685,1.001969,-102.0821,-0.105739,-102.7357,-0.107569,3.221517,20.535644,-102.6898,0.963595,0.157395,1.301389,0.348955,-0.898190,-0.684436,-1.106870
887,150.303,A,3,2.183848,18.758075,3.407745,19.173387,3.230712,20.379848,2.587870,0.239808,-102.5590,-0.081724,-103.4184,-0.092544,3.226476,20.223084,-103.3756,1.065234,0.156822,1.798145,0.181269,-1.049697,-1.042628,-1.465009
888,150.460,A,3,3.122267,18.181701,3.089316,18.964036,3.071411,20.069999,2.291567,-0.323796,-103.6849,-0.046390,-103.7075,0.012692,3.228117,19.920599,-103.7128,0.966581,0.216512,1.742117,-0.138801,-0.956563,-0.105850,-1.738898
889,150.613,A,3,3.395437,17.542374,2.915860,18.638176,3.070963,19.717101,2.374972,-0.098277,-103.8868,-0.076275,-104.1888,-0.170956,3.233343,19.635958,-104.1118,1.047075,0.181525,2.099850,-0.317483,-0.997783,0.162094,-2.093584
890,150.780,A,3,3.209708,19.221520,2.964588,18.206322,3.111541,19.325539,2.768829,0.310750,-103.8868,-0.076264,-105.2661,-0.112147,3.250599,19.360134,-105.2117,1.188732,0.143297,0.144520,-0.286011,-1.153812,-0.040892,-0.138614
891,150.953,A,3,3.376010,17.155343,3.028054,18.105364,3.119149,19.237880,1.330642,0.089845,-104.9452,-0.149595,-105.4710,-0.039266,3.261054,19.097714,-105.4531,1.019337,0.199458,1.945770,-0.233000,-0.992350,0.114956,-1.942372
892,151.130,A,3,3.463080,17.770819,3.084784,18.012176,3.150683,18.861573,1.890705,0.444636,-105.4758,-0.058527,-106.2162,-0.152423,3.279461,18.836819,-106.1429,0.847310,0.131136,1.081699,-0.194677,-0.824642,0.183619,-1.066000
893,151.309,A,3,2.928631,16.973554,3.174162,17.715689,3.191150,18.630707,1.386274,0.467304,-106.3290,-0.079585,-106.5781,-0.042188,3.294568,18.576708,-106.5603,0.869397,0.116667,1.644388,-0.120406,-0.861019,-0.365937,-1.603154
894,151.475,A,3,3.525165,16.057482,3.180307,17.482939,3.146744,18.317378,1.686921,0.378748,-106.7445,-0.095403,-107.1437,-0.059138,3.309125,18.313697,-107.1145,0.840686,0.162422,2.266534,-0.128817,-0.830758,0.216040,-2.256215
895,151.657,A,3,2.968294,16.624573,3.208039,16.646862,3.196351,17.913393,2.133428,0.538794,-107.3911,-0.079834,-107.5398,-0.060097,3.319201,18.051447,-107.5118,1.408977,0.184800,1.469389,-0.111163,-1.404585,-0.350907,-1.426874
896,151.821,A,3,2.745293,15.763737,3.099217,16.339012,3.097201,17.378324,2.425264,0.392935,-107.7352,-0.075294,-107.9514,-0.070108,3.328294,17.793396,-107.9192,1.472314,0.475067,2.111730,-0.229077,-1.454384,-0.583001,-2.029659
897,151.986,A,3,2.866037,15.938979,2.993216,16.022091,3.088297,17.300987,2.184444,0.263842,-108.2658,-0.067876,-108.3406,-0.064270,3.338770,17.544457,-108.3105,1.561092,0.349306,1.673630,-0.345555,-1.522367,-0.472733,-1.605478
898,152.147,A,3,2.486477,15.944624,2.993216,16.022091,3.046256,17.027995,1.976101,0.225401,-108.5769,-0.064017,-108.7017,-0.061656,3.352572,17.307274,-108.6739,1.334479,0.414520,1.614601,-0.359357,-1.285183,-0.866096,-1.362650
899,152.325,A,3,3.155840,15.537738,2.869159,15.852247,2.952988,16.797787,1.721494,-0.055698,-108.8259,-0.061114,-109.0333,-0.057404,3.369948,17.081426,-109.0079,1.327279,0.504288,1.558465,-0.500788,-1.229179,-0.214107,-1.543687
900,152.508,A,3,2.156485,15.288256,2.734318,15.487445,2.971572,16.543089,1.738461,-0.139521,-109.2311,-0.056867,-109.3370,-0.056481,3.389471,16.864420,-109.3136,1.524888,0.527155,2.001136,-0.655153,-1.376975,-1.232986,-1.576163
901,152.682,A,3,3.172581,14.950700,2.676841,15.255811,2.839343,16.290626,1.669623,0.253648,-109.4967,-0.080622,-109.8226,-0.168258,3.409924,16.651232,-109.7487,1.576266,0.674982,1.717016,-0.733083,-1.395422,-0.237344,-1.700533
902,152.844,A,3,2.790736,15.054746,2.733274,15.064958,2.875159,16.026464,1.434294,0.231936,-110.4492,-0.100499,-110.6059,-0.060731,3.429759,16.438983,-110.5773,1.540466,0.691196,1.524619,-0.696485,-1.374025,-0.639023,-1.384237
903,153.001,A,3,3.516321,15.420700,2.733274,15.064958,2.850560,15.817825,1.297816,0.201324,-110.6810,-0.028436,-110.5940,-0.020359,3.439413,16.217714,-110.5862,1.351842,0.711800,0.800716,-0.706139,-1.152755,0.076908,-0.797014
904,153.170,A,3,2.732623,13.425910,2.838147,15.031578,2.938573,15.696811,0.683919,0.425927,-110.8768,-0.099066,-111.3190,-0.189447,3.451106,15.995969,-111.2291,1.142703,0.593453,2.668599,-0.612959,-0.964391,-0.718483,-2.570059
905,153.322,A,3,3.021937,14.592733,2.921233,14.743232,2.898919,15.300588,1.858221,0.724152,-110.8768,-0.099073,-111.9039,-0.017430,3.461129,15.774384,-111.8927,1.163943,0.735229,1.260630,-0.539896,-1.031152,-0.439192,-1.181651
906,153.494,A,3,2.879921,13.608564,2.913848,14.392431,2.907716,15.133610,1.398682,0.598172,-111.7974,-0.071067,-112.4887,-0.197620,3.470318,15.556461,-112.3999,1.290203,0.703793,2.035405,-0.556470,-1.164030,-0.590397,-1.947897
907,153.660,A,3,3.362041,14.289693,2.983423,13.992861,2.894220,14.847625,1.133500,0.679155,-112.8535,-0.118685,-113.2089,-0.047202,3.486356,15.344214,-113.1861,1.441906,0.772803,1.061823,-0.502933,-1.351352,-0.124314,-1.054520
908,153.839,A,3,2.838198,13.081937,2.983423,13.992861,2.954965,14.705130,1.028828,0.606778,-113.2657,-0.053141,-113.3760,-0.091548,3.499686,15.136274,-113.3370,1.254560,0.694699,2.158210,-0.516263,-1.143413,-0.661489,-2.054337
909,154.014,A,3,3.286408,13.680766,3.022923,13.785365,2.930326,14.407059,1.518749,0.661234,-113.5634,-0.105767,-114.3857,-0.247711,3.511211,14.927515,-114.2741,1.242148,0.779937,1.266854,-0.488288,-1.142150,-0.224803,-1.246749
910,154.187,A,3,3.375983,13.093080,3.132309,13.389009,2.975174,14.241390,1.266893,0.844651,-114.8803,-0.161494,-115.3380,-0.080066,3.518543,14.720071,-115.3004,1.385967,0.724145,1.633225,-0.386234,-1.331062,-0.142560,-1.626991
911,154.348,A,3,2.938785,13.331574,3.150710,13.235463,3.028053,14.015006,1.062848,0.556362,-115.5741,-0.071942,-115.5626,-0.069270,3.518920,14.509762,-115.5327,1.326430,0.696947,1.313272,-0.368210,-1.274299,-0.580135,-1.178188
912,154.512,A,3,2.771536,12.881034,3.069670,13.105945,2.975028,13.717235,1.189156,0.388393,-116.0684,-0.135041,-116.4040,-0.178603,3.519777,14.288685,-116.3214,1.265492,0.789498,1.594160,-0.450107,-1.182739,-0.748241,-1.407651
913,154.676,A,3,2.464611,12.716433,3.069670,13.105945,2.967665,13.660779,1.079232,0.337499,-116.8381,-0.101415,-117.0136,-0.046738,3.515291,14.060363,-116.9916,1.053324,0.677910,1.705894,-0.445621,-0.954418,-1.050680,-1.343930
914,154.884,A,3,3.353677,12.499809,2.928344,12.921290,2.885168,13.468990,1.224959,0.117757,-117.1879,-0.081418,-117.4254,-0.118974,3.504375,13.827846,-117.3690,1.074084,0.715678,1.336560,-0.576031,-0.906556,-0.150699,-1.328037
915,155.063,A,3,3.357227,12.813940,2.900105,12.732741,2.945617,13.274351,1.217648,0.459963,-117.1879,-0.081413,-118.0727,-0.086613,3.489564,13.592454,-118.0323,1.042386,0.630133,0.789682,-0.589459,-0.859713,-0.132337,-0.778515
916,155.247,A,3,3.928558,12.154844,3.015534,12.626968,2.999816,13.156290,0.793795,0.495543,-117.6279,-0.105748,-118.5656,-0.079451,3.469331,13.359618,-118.5293,0.861805,0.511651,1.289329,-0.453797,-0.732650,0.459227,-1.204774
917,155.415,A,3,3.492355,11.742953,3.201372,12.506693,3.133006,12.960021,0.774086,0.987349,-118.4517,-0.086641,-119.0949,-0.102806,3.447730,13.128174,-119.0476,0.668528,0.356829,1.385940,-0.246357,-0.621480,0.044625,-1.385221
918,155.579,A,3,2.994702,11.568841,3.374319,12.242082,3.184894,12.741792,1.054992,1.139177,-118.9165,-0.096263,-119.5501,-0.066654,3.425928,12.897502,-119.5192,0.657449,0.286956,1.396888,-0.051610,-0.655420,-0.431227,-1.328661
919,155.763,A,3,2.693132,11.410812,3.367958,11.951092,3.155454,12.508942,1.244132,0.860262,-119.7580,-0.081373,-119.9885,-0.073972,3.404015,12.665081,-119.9543,0.714899,0.293534,1.441716,-0.036056,-0.713989,-0.710883,-1.254269
920,155.965,A,3,2.821694,9.694959,3.230260,11.688009,3.085006,12.309496,1.553617,0.625858,-119.7580,-0.081380,-120.4018,-0.071608,3.379558,12.428187,-120.3697,0.755085,0.317567,2.789579,-0.149298,-0.740178,-0.557864,-2.733228
921,156.165,A,3,2.859426,10.484983,3.085668,11.181730,3.039828,11.863372,2.652087,1.076506,-120.1260,-0.075561,-120.7937,-0.067951,3.349431,12.185487,-120.7630,1.037834,0.446780,1.769694,-0.263762,-1.003757,-0.490005,-1.700504
922,156.374,A,3,3.418261,10.611297,3.004457,10.448044,3.006409,11.603912,1.852799,0.908423,-121.0215,-0.067066,-121.1679,-0.066103,3.312340,11.937229,-121.1387,1.520679,0.452431,1.330156,-0.307883,-1.489186,0.105921,-1.325932
923,156.583,A,3,4.201047,10.227005,3.004457,10.448044,3.060681,11.401276,1.679942,0.810528,-121.3243,-0.064916,-121.5214,-0.062360,3.269656,11.684904,-121.4940,1.264971,0.352300,1.730016,-0.265199,-1.236860,0.931391,-1.457898
924,156.781,A,3,2.993448,10.255713,3.223712,10.294190,3.225595,11.172290,1.244872,1.224470,-121.6022,-0.061939,-121.8479,-0.058077,3.224548,11.430429,-121.8229,1.136240,0.258141,1.197232,-0.000836,-1.136239,-0.231100,-1.174716
925,156.964,A,3,2.569599,9.378449,3.343850,10.157214,3.190318,10.981986,1.188696,0.904491,-121.7432,-0.060086,-122.1451,-0.050442,3.179948,11.175589,-122.1224,1.031480,0.193880,1.897956,0.163903,-1.018375,-0.610349,-1.797140
926,157.150,A,3,2.217317,10.105895,3.193523,9.933049,3.095426,10.690567,1.678974,0.710332,-122.0545,-0.056021,-122.4161,-0.046382,3.137157,10.921900,-122.3952,0.990456,0.235066,1.229622,0.056365,-0.988851,-0.919841,-0.816005
927,157.333,A,3,2.845309,9.804383,2.946873,9.763837,2.959264,10.549705,1.409764,0.031028,-122.3826,-0.048921,-122.6671,-0.041241,3.095374,10.670105,-122.6476,0.918354,0.181720,0.901114,-0.148501,-0.906268,-0.250065,-0.865722
928,157.517,A,3,2.743135,9.357354,2.786431,9.739774,2.933651,10.387540,1.033813,0.005168,-122.8087,-0.040242,-122.9038,-0.037655,3.052117,10.419271,-122.8853,0.729592,0.122642,1.105956,-0.265687,-0.679497,-0.308983,-1.061917
929,157.723,A,3,2.388169,7.033163,2.743662,9.615890,2.896555,10.184651,1.103029,0.115974,-122.9852,-0.038518,-123.1283,-0.036023,3.006553,10.169459,-123.1107,0.612822,0.111042,3.196678,-0.262891,-0.553569,-0.618384,-3.136296
930,157.925,A,3,2.278735,7.655697,2.517050,8.315411,2.811267,9.665562,2.971234,1.053084,-123.2669,-0.034976,-123.3393,-0.032672,2.962106,9.924800,-123.3231,1.669793,0.299929,2.369773,-0.445057,-1.609389,-0.683371,-2.269103
931,158.121,A,3,2.433733,8.173231,2.420524,7.990021,2.679071,9.144246,2.406974,0.796800,-123.4572,-0.031816,-123.5286,-0.030339,2.918911,9.682242,-123.5145,1.764086,0.589036,1.585091,-0.498386,-1.692221,-0.485178,-1.509011
932,158.303,A,3,2.984709,7.431069,2.459621,7.752857,2.711322,8.840563,2.148129,1.117723,-123.6035,-0.030007,-123.6913,-0.027896,2.877183,9.439851,-123.6793,1.737902,0.621816,2.011657,-0.417562,-1.686993,0.107526,-2.008782
933,158.492,A,3,2.259866,8.102947,2.459621,7.752857,2.699694,8.773747,1.944604,1.004822,-123.7269,-0.028095,-123.8310,-0.024232,2.836939,9.198331,-123.8205,1.493909,0.446215,1.238095,-0.377318,-1.445474,-0.577074,-1.095384
934,158.693,A,3,2.155788,8.112875,2.477084,7.608158,2.623221,8.613295,1.410950,0.526327,-123.8844,-0.025343,-123.9571,-0.022094,2.798113,8.960540,-123.9473,1.389962,0.388800,1.063540,-0.321028,-1.352381,-0.642324,-0.847665
935,158.876,A,3,1.502716,6.850714,2.373546,7.663918,2.541578,8.481276,1.034393,0.130500,-123.9424,-0.023838,-124.0782,-0.020712,2.761058,8.729886,-124.0686,1.134219,0.331630,2.261573,-0.387512,-1.065968,-1.258341,-1.879173
936,159.074,A,3,3.061503,7.859985,2.180697,7.521194,2.373390,8.184058,1.663416,0.102552,-124.0488,-0.022238,-124.1966,-0.017962,2.726707,8.508420,-124.1873,1.128159,0.479629,0.729764,-0.546009,-0.987226,0.334796,-0.648435
937,159.266,A,3,1.487578,7.148651,2.167063,7.388867,2.460002,8.080079,0.744492,0.294648,-124.1418,-0.020682,-124.3080,-0.015927,2.696068,8.295612,-124.2995,1.049778,0.319659,1.666124,-0.529006,-0.906745,-1.208490,-1.146961
