sample,timestamp_s,lintasan,run_ke,gps_x,gps_y,ekf_x,ekf_y,ekf_vx,ekf_vy,ekf2_x,ekf2_y,ekf_yaw_deg,ekf_yaw_rate,imu_yaw_deg,imu_yaw_rate_rads,gt_x,gt_y,gt_yaw_deg,error_ekf_m,error_ekf2_m,error_gps_m,error_ekf_x,error_ekf_y,error_gps_x,error_gps_y
1,0.000,B,4,0.208767,-24.217665,-0.241921,-26.066275,-0.138944,-25.735121,0.322961,0.212089,-8.2700,-0.086637,-9.6044,-0.086838,-0.295417,-25.251642,-8.7332,0.816387,0.508169,1.150352,0.053496,-0.814633,0.504184,1.033977
2,0.004,B,4,0.851131,-25.614662,0.053829,-25.955662,0.011613,-25.715256,0.736305,0.532366,-8.2700,-0.086638,-9.6044,-0.086838,-0.205406,-25.249536,-9.2313,0.752208,0.513802,1.117849,0.259234,-0.706127,1.056536,-0.365126
3,0.029,B,4,0.457024,-25.850615,0.272631,-25.861357,0.025951,-25.705351,0.747840,0.479584,-9.5525,-0.086890,-9.7007,-0.086690,-0.128072,-25.251332,-9.6237,0.729858,0.479434,0.837543,0.400703,-0.610025,0.585096,-0.599284
4,0.218,B,4,0.485641,-25.858672,0.272631,-25.861357,0.110180,-25.720650,0.679680,0.427695,-9.9878,-0.083256,-10.1648,-0.078502,-0.027624,-25.254318,-10.0929,0.677236,0.486267,0.792895,0.300254,-0.607038,0.513264,-0.604353
5,0.417,B,4,0.466845,-26.407286,0.387120,-25.835429,0.188594,-25.737443,0.661971,0.367084,-10.3176,-0.078524,-10.5923,-0.071987,0.074941,-25.254384,-10.5265,0.659598,0.496249,1.217691,0.312180,-0.581045,0.391904,-1.152902
6,0.586,B,4,1.058372,-26.092085,0.468249,-25.914293,0.251901,-25.850292,0.695953,-0.042421,-10.5267,-0.075779,-10.9837,-0.065378,0.178719,-25.250302,-10.9231,0.724369,0.604437,1.217534,0.289529,-0.663991,0.879653,-0.841783
7,0.767,B,4,-0.149021,-26.858413,0.602464,-26.022499,0.410852,-25.892355,0.868467,-0.055596,-10.8463,-0.070675,-11.3509,-0.064000,0.284554,-25.244564,-11.2931,0.840387,0.659988,1.671076,0.317910,-0.777935,-0.433575,-1.613849
8,0.943,B,4,0.974478,-25.859607,0.595297,-26.276896,0.325540,-26.067647,0.526058,-0.195107,-11.4986,-0.063957,-11.7103,-0.063152,0.418067,-25.241796,-11.7247,1.050163,0.831018,0.831435,0.177230,-1.035100,0.556411,-0.617811
9,1.110,B,4,0.902153,-24.990531,0.595297,-26.276896,0.456300,-26.034272,0.474396,-0.179348,-11.9664,-0.062332,-12.0699,-0.062613,0.513625,-25.244755,-12.0125,1.035368,0.791596,0.464311,0.081673,-1.032141,0.388528,0.254224
10,1.281,B,4,1.371781,-25.759029,0.719047,-26.013340,0.552319,-25.846212,0.352285,0.735196,-12.2476,-0.061888,-12.4224,-0.059003,0.642428,-25.253197,-12.3672,0.763995,0.599822,0.887593,0.076618,-0.760143,0.729353,-0.505832
11,1.458,B,4,0.651205,-25.664349,0.875377,-25.776992,0.717852,-25.828794,0.635713,0.762848,-12.2476,-0.061892,-12.7516,-0.054733,0.781755,-25.263582,-12.7011,0.521877,0.568813,0.421494,0.093623,-0.513410,-0.130550,-0.400767
12,1.671,B,4,1.780823,-25.649600,1.080425,-25.657341,0.722820,-25.796973,0.752656,0.666741,-13.0085,-0.052660,-13.0486,-0.049184,0.929530,-25.272367,-13.0031,0.413490,0.563862,0.931131,0.150895,-0.384974,0.851293,-0.377232
13,1.870,B,4,0.598526,-25.881152,1.159587,-25.664002,0.932726,-25.767998,0.359297,0.292401,-13.2072,-0.048846,-13.3198,-0.046083,1.082110,-25.278664,-13.2776,0.393050,0.511628,0.772558,0.077477,-0.385338,-0.483585,-0.602488
14,2.037,B,4,1.062432,-25.388159,1.159587,-25.664002,0.889774,-25.786488,0.326039,0.262747,-13.4410,-0.047375,-13.5806,-0.045613,1.235731,-25.284530,-13.5389,0.387036,0.609629,0.201919,-0.076143,-0.379472,-0.173299,-0.103628
15,2.209,B,4,0.885612,-25.549682,1.104420,-25.632415,0.936835,-25.711804,0.220049,0.435560,-13.6401,-0.046049,-13.8436,-0.046528,1.388086,-25.293059,-13.8011,0.442300,0.615609,0.564212,-0.283666,-0.339357,-0.502474,-0.256624
16,2.375,B,4,1.180899,-25.275641,1.090331,-25.480865,0.942077,-25.679019,0.084192,0.532301,-13.9694,-0.047238,-14.1125,-0.048736,1.570151,-25.309043,-14.1232,0.509657,0.728944,0.390683,-0.479820,-0.171822,-0.389252,0.033402
17,2.543,B,4,1.670548,-24.544028,1.204009,-25.250490,1.118889,-25.412842,0.204008,1.183190,-14.3225,-0.045867,-14.3785,-0.043680,1.693780,-25.322361,-14.3367,0.495017,0.581968,0.778680,-0.489772,0.071871,-0.023233,0.778333
18,2.718,B,4,2.105305,-25.281687,1.434101,-25.080879,1.135099,-25.403268,0.647711,0.932075,-14.5454,-0.044269,-14.6267,-0.040679,1.854721,-25.339669,-14.5887,0.493856,0.722426,0.257205,-0.420620,0.258790,0.250584,0.057982
19,2.923,B,4,2.055739,-26.379487,1.434101,-25.080879,1.327485,-25.372549,0.589013,0.840056,-14.7468,-0.040040,-14.8475,-0.034998,2.060871,-25.359172,-14.8558,0.685775,0.733508,1.020328,-0.626770,0.278293,-0.005132,-1.020315
20,3.138,B,4,2.569742,-25.844217,1.675834,-25.293061,1.478091,-25.548840,0.980964,-0.138592,-14.9574,-0.035854,-15.0465,-0.031891,2.243320,-25.375245,-15.0542,0.573406,0.784672,0.571390,-0.567486,0.082184,0.326422,-0.468972
21,3.313,B,4,2.420182,-25.748102,1.931182,-25.576595,1.696456,-25.600105,1.384674,-0.272591,-14.9574,-0.035854,-15.2396,-0.033499,2.394112,-25.389857,-15.2084,0.499175,0.728648,0.359193,-0.462930,-0.186739,0.026070,-0.358246
22,3.519,B,4,2.579172,-25.943731,2.359102,-25.782323,1.850253,-25.626069,1.368859,-0.326099,-15.3385,-0.032998,-15.4398,-0.035464,2.623262,-25.417179,-15.4480,0.450679,0.800736,0.528395,-0.264160,-0.365144,-0.044090,-0.526552
23,3.696,B,4,3.803475,-26.336729,2.693974,-25.950418,2.006876,-25.683963,1.969261,-0.452333,-15.6127,-0.035573,-15.6479,-0.036300,2.813352,-25.444473,-15.6563,0.519838,0.841285,1.332841,-0.119378,-0.505945,0.990123,-0.892257
24,3.862,B,4,3.535639,-25.463158,2.693974,-25.950418,2.357599,-25.804678,1.778583,-0.415231,-15.7883,-0.035985,-15.8547,-0.037526,3.001844,-25.473028,-15.8627,0.568054,0.724599,0.533885,-0.307870,-0.477390,0.533794,0.009870
25,4.036,B,4,3.668332,-26.494454,3.089131,-25.983663,2.601283,-25.746626,1.711773,0.150196,-15.8774,-0.035381,-16.0477,-0.033224,3.190638,-25.499949,-16.0550,0.494250,0.638897,1.103282,-0.101508,-0.483714,0.477694,-0.994505
26,4.226,B,4,4.601314,-26.582554,3.364675,-26.022827,2.826722,-25.885756,1.927165,-0.236550,-15.9691,-0.034741,-16.2197,-0.029622,3.382832,-25.524519,-16.2262,0.498639,0.663137,1.613734,-0.018157,-0.498308,1.218482,-1.058035
27,4.417,B,4,3.820098,-27.115636,3.718734,-26.242069,3.174879,-26.016951,2.308134,-0.362704,-16.1442,-0.032398,-16.3747,-0.027183,3.540918,-25.543916,-16.3506,0.720441,0.598119,1.596322,0.177816,-0.698153,0.279180,-1.571720
28,4.629,B,4,4.333263,-26.593493,4.000506,-26.516504,3.335086,-26.227231,2.055951,-0.895686,-16.3071,-0.029702,-16.5263,-0.027207,3.745194,-25.571012,-16.5017,0.979357,0.773829,1.179531,0.255313,-0.945492,0.588069,-1.022481
29,4.805,B,4,4.981815,-25.937894,4.151799,-26.713738,3.552518,-26.306319,1.687768,-0.571011,-16.6305,-0.027606,-16.6858,-0.028863,3.956727,-25.603931,-16.6596,1.126820,0.810391,1.078117,0.195072,-1.109806,1.025088,-0.333962
30,4.972,B,4,3.434995,-26.456829,4.413075,-26.631778,3.849288,-26.252005,1.647059,0.181129,-16.7382,-0.028323,-16.8526,-0.028404,4.174001,-25.642614,-16.8258,1.017645,0.690504,1.099580,0.239074,-0.989163,-0.739006,-0.814215
31,5.156,B,4,5.574554,-26.904124,4.568835,-26.596221,3.813796,-26.299935,1.500307,-0.055278,-16.9137,0.006865,-16.8624,0.076504,4.436488,-25.693648,-16.8434,0.912224,0.869097,1.661459,0.132347,-0.902573,1.138066,-1.210475
32,5.327,B,4,4.863684,-26.317368,4.843459,-26.623755,4.290686,-26.401555,1.239462,0.246767,-16.6435,0.051723,-16.4381,0.003131,4.601140,-25.725619,-16.4509,0.930251,0.743823,0.647377,0.242318,-0.898136,0.262543,-0.591750
33,5.489,B,4,5.099940,-26.840719,4.973098,-26.625721,4.331293,-26.412607,1.217634,0.043874,-16.5202,-0.028276,-16.8005,-0.057881,4.810508,-25.760495,-16.7371,0.880370,0.809257,1.118327,0.162589,-0.865226,0.289432,-1.080224
34,5.663,B,4,5.599949,-26.138151,4.973098,-26.625721,4.508018,-26.500743,1.100611,0.040078,-16.6595,0.058906,-16.4906,0.144807,5.008271,-25.792869,-16.6188,0.833595,0.866798,0.685057,-0.035173,-0.832852,0.591678,-0.345282
35,5.865,B,4,5.363136,-27.518306,5.168440,-26.590065,4.743412,-26.445321,1.105092,0.499630,-16.4384,0.066179,-16.1696,-0.027232,5.198975,-25.827234,-16.1558,0.763442,0.767833,1.699021,-0.030534,-0.762831,0.164162,-1.691072
36,6.047,B,4,5.614836,-27.075632,5.346005,-26.679359,4.893856,-26.648906,1.285241,-0.295636,-16.2425,0.041469,-15.9010,0.121865,5.394257,-25.864559,-16.0124,0.816228,0.930377,1.230997,-0.048252,-0.814800,0.220579,-1.211073
37,6.224,B,4,5.708906,-26.736016,5.604901,-26.952348,5.061842,-26.738068,1.098350,-0.085669,-15.5582,0.066685,-15.4126,0.053992,5.586391,-25.908966,-15.4618,1.043547,0.981102,0.836075,0.018511,-1.043382,0.122516,-0.827050
38,6.393,B,4,6.634567,-27.025257,5.848082,-26.959056,5.467974,-26.798418,1.455975,0.014146,-15.0986,0.095184,-14.8550,0.114110,5.782058,-25.956024,-14.9589,1.005203,0.899042,1.367491,0.066024,-1.003033,0.852509,-1.069233
39,6.561,B,4,5.548289,-26.716885,5.848082,-26.959056,5.510097,-26.809778,1.315882,0.026509,-14.5950,0.112490,-14.2234,0.113465,5.977282,-26.002984,-14.3314,0.964763,0.932298,0.832880,-0.129200,-0.956072,-0.428993,-0.713900
40,6.731,B,4,6.900683,-26.752304,6.003977,-26.949624,5.555130,-26.802692,0.859089,0.161608,-13.9903,0.074012,-13.8926,0.006989,6.173480,-26.047272,-13.8889,0.918134,0.976225,1.012865,-0.169503,-0.902352,0.727203,-0.705032
41,6.891,B,4,6.668336,-27.108735,6.150004,-26.885099,5.834948,-26.801610,1.241181,0.402057,-13.9903,0.074014,-13.3148,0.182652,6.368095,-26.088721,-13.4729,0.825701,0.890200,1.063284,-0.218091,-0.796378,0.300241,-1.020014
42,7.067,B,4,6.671300,-27.767663,6.416825,-26.899764,6.023881,-26.863996,1.285649,0.204178,-13.6610,0.092875,-12.2149,0.120932,6.559934,-26.133866,-12.3363,0.779154,0.905782,1.637588,-0.143109,-0.765898,0.111367,-1.633797
43,7.289,B,4,6.409470,-27.027850,6.651659,-27.224771,6.179065,-27.035145,0.970257,-0.195732,-12.0277,0.071009,-11.9556,0.052812,6.790999,-26.185144,-11.9419,1.048923,1.047361,0.925050,-0.139339,-1.039627,-0.381529,-0.842706
44,7.473,B,4,7.369544,-26.899298,6.651659,-27.224771,6.257446,-27.043076,0.878583,-0.168941,-11.7307,0.101606,-11.1840,0.166002,6.943653,-26.225291,-11.3421,1.041259,1.067545,0.797288,-0.291994,-0.999480,0.425891,-0.674007
45,7.649,B,4,7.047687,-26.888110,6.795468,-27.163983,6.494009,-27.024537,1.057763,0.167875,-11.0442,0.104503,-10.7287,0.044664,7.138775,-26.274662,-10.7646,0.953285,0.988957,0.620173,-0.343307,-0.889321,-0.091088,-0.613448
46,7.842,B,4,7.931896,-27.445882,7.214880,-27.107204,6.630193,-27.005575,1.379615,0.084829,-10.3504,0.109030,-10.1002,0.088390,7.341660,-26.323692,-10.1928,0.793703,0.985469,1.267947,-0.126780,-0.783512,0.590237,-1.122190
47,8.052,B,4,9.095173,-27.395517,7.687406,-27.217901,6.901716,-27.089939,2.112541,0.094562,-9.7127,0.091506,-9.5896,0.084186,7.598193,-26.379155,-9.5720,0.843478,0.995136,1.809403,0.089213,-0.838746,1.496980,-1.016362
48,8.235,B,4,7.704224,-27.301127,8.018730,-27.276238,7.402987,-27.177107,1.651588,0.041789,-9.2881,0.093521,-9.0205,0.089176,7.820951,-26.424886,-9.0613,0.874023,0.860540,0.883982,0.197779,-0.851352,-0.116727,-0.876241
49,8.390,B,4,8.966139,-27.446045,8.018730,-27.276238,7.446902,-27.182854,1.492508,0.051212,-8.8459,0.088220,-8.5862,0.085080,8.002507,-26.462804,-8.6631,0.813596,0.909489,1.376717,0.016223,-0.813434,0.963632,-0.983241
50,8.607,B,4,9.281459,-27.510075,8.624873,-27.393355,7.763496,-27.235314,2.101123,-0.006942,-8.2031,0.080036,-8.1268,0.076291,8.276142,-26.522865,-8.1092,0.937746,0.877718,1.408987,0.348731,-0.870490,1.005316,-0.987210
51,8.809,B,4,9.595417,-27.177776,9.004090,-27.391944,8.082473,-27.289869,2.174708,0.273990,-7.8493,0.076178,-7.6972,0.073488,8.503277,-26.574397,-7.6804,0.958748,0.830046,1.247733,0.500813,-0.817548,1.092141,-0.603380
52,8.981,B,4,9.166269,-27.061857,9.261663,-27.303453,8.538339,-27.236282,1.805012,0.472303,-7.4826,0.073974,-7.2830,0.073253,8.729845,-26.624515,-7.2666,0.862431,0.641041,0.617847,0.531818,-0.678938,0.436425,-0.437343
53,9.159,B,4,9.280732,-27.856537,9.385371,-27.351842,8.588419,-27.238430,1.573071,-0.068529,-6.9339,0.073400,-6.8225,0.073001,8.957840,-26.671388,-6.8554,0.803617,0.676763,1.228348,0.427531,-0.680454,0.322893,-1.185149
54,9.333,B,4,9.684662,-27.851762,9.385371,-27.351842,8.759961,-27.352538,1.422345,-0.051589,-6.6253,0.072421,-6.4616,0.072885,9.190159,-26.715556,-6.4453,0.665559,0.768646,1.239153,0.195213,-0.636287,0.494503,-1.136207
55,9.486,B,4,10.026523,-25.961446,9.528043,-27.531689,8.972480,-27.446903,1.395783,-0.302962,-6.4544,0.071755,-6.0625,0.069432,9.429365,-26.759617,-6.0469,0.778353,0.825292,0.996832,0.098678,-0.772072,0.597158,0.798171
56,9.648,B,4,9.879668,-27.432734,9.729375,-27.330712,9.207912,-27.180814,1.351413,1.046261,-6.2493,0.069804,-5.6874,0.062398,9.626444,-26.796556,-5.7455,0.543983,0.568175,0.684722,0.102931,-0.534156,0.253224,-0.636177
57,9.840,B,4,10.736352,-27.857061,10.112437,-27.247921,9.373926,-27.224330,1.506085,-0.035782,-5.3941,0.059601,-5.3394,0.056518,9.930560,-26.855541,-5.3260,0.432482,0.667718,1.285435,0.181877,-0.392380,0.805792,-1.001520
58,10.030,B,4,10.491712,-27.204614,10.356111,-27.340760,9.664522,-27.338020,1.389785,0.115749,-5.1273,0.057716,-5.0087,0.056456,10.189106,-26.905898,-4.9956,0.465828,0.679645,0.425208,0.167005,-0.434862,0.302606,-0.298716
59,10.244,B,4,10.979663,-27.005594,10.356111,-27.340760,9.859169,-27.314474,1.255639,0.111789,-4.8221,0.056800,-4.6813,0.056287,10.397187,-26.944802,-4.7339,0.398083,0.652780,0.585639,-0.041076,-0.395958,0.582476,-0.060792
60,10.435,B,4,11.103779,-28.092189,10.565761,-27.261529,10.097125,-27.258234,1.337102,0.353531,-4.5383,0.056578,-4.3507,0.058233,10.656980,-26.990092,-4.4038,0.286354,0.620756,1.189221,-0.091219,-0.271436,0.446799,-1.102096
61,10.607,B,4,10.869601,-27.746439,10.807385,-27.357478,10.331652,-27.408108,1.515060,-0.358926,-4.5383,0.056559,-4.0212,0.057234,10.915649,-27.032059,-4.0735,0.342956,0.694597,0.715863,-0.108264,-0.325419,-0.046048,-0.714381
62,10.782,B,4,11.630078,-27.529457,11.137311,-27.622139,10.678780,-27.481481,1.426915,-0.288590,-3.8142,0.055794,-3.7042,0.055413,11.225746,-27.081344,-3.6920,0.547978,0.677703,0.603564,-0.088435,-0.540795,0.404332,-0.448113
63,10.935,B,4,11.809588,-27.349335,11.402254,-27.585484,10.918331,-27.460066,1.488899,0.004651,-3.5291,0.052364,-3.4094,0.050144,11.486712,-27.124399,-3.3982,0.468757,0.660099,0.393503,-0.084459,-0.461085,0.322875,-0.224936
64,11.104,B,4,11.978932,-27.798464,11.402254,-27.585484,10.965883,-27.461328,1.345809,0.010994,-3.2612,0.049314,-3.1365,0.045823,11.699229,-27.160544,-3.1791,0.518429,0.792633,0.696546,-0.296975,-0.424941,0.279703,-0.637920
65,11.285,B,4,12.212795,-26.827002,11.647781,-27.595141,11.193472,-27.523545,1.404900,-0.149593,-3.0556,0.046569,-2.8739,0.044828,11.971119,-27.206359,-2.9159,0.505667,0.839846,0.449799,-0.323338,-0.388782,0.241676,0.379357
66,11.496,B,4,12.604685,-27.907069,11.883924,-27.503821,11.422151,-27.398386,1.500075,0.523369,-2.9296,0.045765,-2.6080,0.046363,12.249904,-27.250422,-2.6511,0.445143,0.840874,0.746361,-0.365980,-0.253399,0.354781,-0.656647
67,11.688,B,4,12.579688,-28.208531,12.144260,-27.448285,11.680731,-27.489426,1.624628,0.034409,-2.6917,0.044968,-2.3343,0.046582,12.533646,-27.291107,-2.3784,0.419912,0.875667,0.918579,-0.389385,-0.157178,0.046042,-0.917424
68,11.846,B,4,12.981387,-27.506695,12.384347,-27.653475,11.888513,-27.620759,1.569365,-0.487524,-2.4463,0.046445,-2.0606,0.046170,12.819350,-27.329002,-2.1039,0.542688,0.975489,0.240480,-0.435003,-0.324473,0.162037,-0.177693
69,12.009,B,4,12.785870,-27.890876,12.610254,-27.744334,12.131212,-27.602874,1.444654,-0.149098,-1.9035,0.044427,-1.7989,0.044777,13.104391,-27.366321,-1.8395,0.622146,1.001517,0.613689,-0.494137,-0.378013,-0.318521,-0.524556
70,12.173,B,4,12.710761,-28.291272,12.798313,-27.751690,12.294471,-27.657235,1.285935,-0.248549,-1.6952,0.043034,-1.5566,0.039628,13.387560,-27.405060,-1.5940,0.683641,1.121800,1.115091,-0.589248,-0.346629,-0.676800,-0.886212
71,12.345,B,4,13.999766,-27.782427,13.108985,-27.971862,12.412811,-27.775445,1.541819,-0.324256,-1.4013,0.040163,-1.3323,0.038058,13.725873,-27.453666,-1.3236,0.805654,1.351914,0.427904,-0.616888,-0.518197,0.273894,-0.328762
72,12.512,B,4,14.539269,-28.507933,13.547868,-28.064303,12.742118,-27.781402,1.988736,-0.677227,-1.1841,0.039306,-1.1163,0.036767,13.952315,-27.485995,-1.1508,0.705703,1.245729,1.178504,-0.404447,-0.578308,0.586954,-1.021938
73,12.700,B,4,14.964429,-27.028636,14.029503,-27.990671,13.112554,-27.917703,2.311099,0.363036,-0.9407,0.038452,-0.8973,0.039362,14.238887,-27.524332,-0.9329,0.511189,1.193050,0.878707,-0.209384,-0.466339,0.725542,0.495696
74,12.900,B,4,14.514610,-28.233541,14.029503,-27.990671,13.496225,-27.761803,2.087771,0.336257,-0.7439,0.038941,-0.6714,0.040159,14.531177,-27.559463,-0.7079,0.661526,1.054545,0.674282,-0.501674,-0.431207,-0.016567,-0.674078
75,13.069,B,4,15.496312,-27.158110,14.388214,-27.873274,13.731416,-27.849336,1.941086,-0.015536,-0.5791,0.039326,-0.4443,0.037764,14.829450,-27.592288,-0.4803,0.523108,1.127721,0.795748,-0.441236,-0.280986,0.666862,0.434178
76,13.247,B,4,15.352989,-28.308873,15.083603,-27.759124,14.101951,-27.726316,2.200479,0.008143,-0.2522,0.037646,-0.2261,0.036881,15.132153,-27.624887,-0.2601,0.142747,1.035184,0.718753,-0.048550,-0.134237,0.220836,-0.683987
77,13.425,B,4,15.529198,-28.404531,15.342734,-27.954382,14.381536,-27.831983,2.043627,-0.415558,-0.1080,0.036536,-0.0226,0.035378,15.436648,-27.658854,-0.0542,0.310091,1.069222,0.751398,-0.093914,-0.295528,0.092550,-0.745677
78,13.599,B,4,16.470323,-28.999501,15.682964,-28.234459,14.967268,-28.126601,2.288968,-1.078284,0.1253,0.033867,0.1685,0.033309,15.800936,-27.701089,0.1759,0.546262,0.935983,1.460806,-0.117972,-0.533371,0.669387,-1.298412
79,13.779,B,4,16.712743,-28.994211,15.682964,-28.234459,15.027482,-28.135011,2.072286,-0.967816,0.2627,0.033058,0.3542,0.031644,16.042092,-27.728766,0.3245,0.620240,1.092917,1.432174,-0.359128,-0.505693,0.670651,-1.265445
80,13.967,B,4,16.876488,-28.203329,16.102385,-28.552785,15.389097,-28.298883,2.207771,-1.229913,0.4373,0.032966,0.5409,0.033397,16.341933,-27.761207,0.5108,0.827030,1.094072,0.693700,-0.239549,-0.791578,0.534554,-0.442122
81,14.191,B,4,16.568840,-29.121850,16.469022,-28.642572,15.716494,-28.291279,2.351212,-0.722615,0.4373,0.032987,0.6600,-0.035463,16.641620,-27.790567,0.6804,0.869312,1.051937,1.333271,-0.172598,-0.852006,-0.072780,-1.331283
82,14.376,B,4,17.742492,-28.686660,16.705426,-28.711803,15.928915,-28.451234,1.966374,-1.006326,0.6725,0.003671,0.2396,-0.019180,16.934712,-27.813613,0.2666,0.926994,1.190877,1.189420,-0.229286,-0.898190,0.807780,-0.873047
83,14.579,B,4,18.214577,-28.583191,17.426307,-28.814398,16.314592,-28.505351,2.420218,-0.410298,0.4391,0.054635,0.5965,0.104749,17.228310,-27.840619,0.4907,0.993705,1.129934,1.234559,0.197997,-0.973780,0.986267,-0.742572
84,14.770,B,4,18.686940,-28.308885,17.426307,-28.814398,16.718256,-28.530231,2.188937,-0.363288,0.6501,-0.012623,0.5672,-0.105689,17.577537,-27.873138,0.5412,0.953332,1.081728,1.191911,-0.151230,-0.941261,1.109403,-0.435747
85,14.956,B,4,18.670608,-28.642807,17.890974,-28.716138,17.136760,-28.500080,2.420578,0.030468,0.3737,-0.044289,0.1766,0.008085,17.865878,-27.897645,0.1804,0.818878,0.945802,1.096748,0.025096,-0.818493,0.804730,-0.745162
86,15.123,B,4,19.401864,-28.652333,18.298301,-28.640036,17.478444,-28.534496,2.528670,0.021551,0.3737,-0.044290,0.1933,-0.079490,18.155556,-27.922844,0.1731,0.731259,0.912469,1.444104,0.142745,-0.717191,1.246308,-0.729489
87,15.314,B,4,19.502912,-27.273905,18.693927,-28.640138,17.891472,-28.564476,2.658363,0.001350,0.2195,-0.033931,-0.3096,-0.020359,18.437670,-27.941079,-0.3128,0.744548,0.828828,1.256926,0.256257,-0.699059,1.065242,0.667174
88,15.494,B,4,18.996471,-27.873852,19.096804,-28.396820,18.249650,-28.337565,2.583542,1.063719,-0.1284,-0.051145,-0.0604,0.018102,18.662355,-27.958054,-0.0891,0.617465,0.560673,0.344563,0.434450,-0.438766,0.334116,0.084201
89,15.695,B,4,19.437625,-27.691512,19.318738,-28.069652,18.450760,-28.255234,1.855760,0.992780,-0.1353,-0.031822,-0.4710,-0.148701,18.995839,-27.979394,-0.5071,0.335276,0.610900,0.527306,0.322899,-0.090257,0.441786,0.287882
90,15.883,B,4,19.756251,-28.910285,19.443632,-27.900562,18.692493,-28.153254,1.658110,1.041517,-0.6016,-0.108112,-1.2337,-0.062227,19.271104,-27.996862,-1.2462,0.197584,0.599374,1.034267,0.172527,0.096300,0.485147,-0.913423
91,16.041,B,4,19.526513,-28.227172,19.622318,-27.977160,18.933924,-28.289714,1.660935,0.060244,-0.9372,-0.095064,-1.1507,0.025810,19.543826,-28.018989,-1.1466,0.088941,0.667287,0.208901,0.078492,0.041829,-0.017313,-0.208183
92,16.206,B,4,20.194730,-29.116898,19.745273,-28.155270,19.098659,-28.280503,1.316003,-0.023990,-1.2713,-0.010886,-1.5342,-0.121224,19.762177,-28.033312,-1.4222,0.123125,0.708067,1.166731,-0.016904,-0.121959,0.432553,-1.083586
93,16.381,B,4,20.996712,-29.927096,19.878162,-28.340738,19.351701,-28.434380,1.362538,-0.760820,-1.3753,-0.071100,-1.8578,0.042061,20.036185,-28.051021,-1.8839,0.330011,0.784526,2.107670,-0.158022,-0.289717,0.960527,-1.876076
94,16.555,B,4,20.337063,-28.596495,20.184414,-28.789448,19.715117,-28.713201,1.561440,-1.568786,-1.7111,0.051004,-1.3144,0.031467,20.300953,-28.075270,-1.3606,0.723624,0.866118,0.522474,-0.116539,-0.714178,0.036111,-0.521225
95,16.739,B,4,20.506018,-28.240809,20.431198,-29.038312,19.873157,-28.701041,1.327515,-0.981486,-1.4343,-0.022205,-1.6804,-0.100239,20.625485,-28.095614,-1.7030,0.962512,0.965681,0.188026,-0.194287,-0.942699,-0.119466,-0.145195
96,16.928,B,4,22.235314,-28.707708,20.532896,-28.905121,20.050594,-28.628662,1.219565,-0.268281,-1.5233,-0.051324,-1.7274,0.095044,20.838246,-28.110543,-1.8013,0.851230,0.942784,1.519344,-0.305350,-0.794578,1.397069,-0.597165
97,17.139,B,4,21.750667,-29.073008,20.872550,-28.793716,20.499096,-28.649900,1.924816,-0.129772,-1.7543,0.012856,-1.1601,0.035202,21.096557,-28.135314,-1.2018,0.695465,0.788517,1.143298,-0.224007,-0.658402,0.654109,-0.937694
98,17.323,B,4,21.481864,-28.116276,21.313143,-28.842918,20.781915,-28.733243,1.964678,-0.313739,-1.4426,0.069655,-1.2158,0.021595,21.359322,-28.156406,-1.2236,0.688064,0.816174,0.128945,-0.046179,-0.686513,0.122541,0.040130
99,17.479,B,4,22.209585,-28.658626,21.534692,-28.770318,20.964229,-28.628042,1.668524,0.361442,-1.1728,0.013671,-0.5923,0.127341,21.610945,-28.182244,-0.7173,0.592997,0.785480,0.765055,-0.076252,-0.588074,0.598640,-0.476382
100,17.646,B,4,22.647692,-28.939527,21.750366,-28.633857,21.243606,-28.637009,1.610005,0.289198,-0.3731,0.060431,-0.2771,0.045364,21.858219,-28.206736,-0.3113,0.440527,0.750256,1.077149,-0.107853,-0.427121,0.789473,-0.732790
101,17.841,B,4,22.155184,-27.897511,22.069716,-28.673418,21.552031,-28.694801,1.895145,0.022822,-0.3731,0.060425,0.4282,0.113097,22.096895,-28.232607,0.3125,0.441648,0.714493,0.340128,-0.027180,-0.440811,0.058289,0.335096
102,18.028,B,4,23.359777,-28.622412,22.548540,-28.437678,21.715324,-28.552508,1.873589,0.421407,0.7576,0.113210,1.0357,0.141390,22.376757,-28.263805,1.0682,0.244420,0.721694,1.046388,0.171783,-0.173873,0.983020,-0.358607
103,18.197,B,4,22.438668,-28.084980,22.768981,-28.371284,22.131885,-28.478717,1.424710,0.654347,1.6363,0.132996,1.7940,0.145576,22.559800,-28.286115,1.6636,0.225855,0.469262,0.234794,0.209181,-0.085169,-0.121133,0.201135
104,18.409,B,4,23.755718,-29.191789,22.768981,-28.371284,22.186215,-28.474690,1.279654,0.608956,2.2809,0.141029,2.6259,0.151795,22.786670,-28.315823,2.4873,0.058213,0.621116,1.306281,-0.017689,-0.055461,0.969047,-0.875966
105,18.636,B,4,23.905072,-29.067549,22.976695,-28.430068,22.521307,-28.600648,1.583772,-0.126840,2.9413,0.153049,3.5368,0.164013,23.057751,-28.353613,3.5749,0.111424,0.590591,1.107998,-0.081056,-0.076455,0.847321,-0.713936
106,18.806,B,4,24.266570,-28.811231,23.337646,-28.659646,22.824569,-28.683252,1.846594,-0.514078,2.9413,0.153037,4.5246,0.179145,23.237639,-28.379523,4.3614,0.297440,0.512717,1.115828,0.100007,-0.280123,1.028931,-0.431708
107,18.979,B,4,23.803311,-28.403064,23.921234,-28.733435,23.139145,-28.704920,1.688819,-0.056755,5.1454,0.182584,5.5881,0.190624,23.504578,-28.418664,5.6322,0.522191,0.464202,0.299140,0.416656,-0.314771,0.298732,0.015600
108,19.149,B,4,23.657818,-29.197942,23.987859,-28.762503,23.374204,-28.745453,1.232442,-0.426710,6.4820,0.196991,6.7236,0.204474,23.722524,-28.451573,6.7705,0.408754,0.455733,0.749169,0.265335,-0.310930,-0.064706,-0.746369
109,19.350,B,4,24.560660,-28.433185,23.987859,-28.762503,23.426374,-28.743587,1.121542,-0.363330,7.4485,0.206185,7.9249,0.215599,23.893047,-28.478547,7.7285,0.299367,0.536684,0.669152,0.094812,-0.283956,0.667613,0.045361
110,19.547,B,4,24.356356,-28.010585,24.123830,-28.785356,23.679915,-28.683892,1.286116,-0.010365,8.5221,0.215115,9.1853,0.224522,24.101250,-28.513736,8.9799,0.272556,0.454396,0.564128,0.022580,-0.271620,0.255106,0.503151
111,19.728,B,4,24.640331,-29.171174,24.316055,-28.585656,23.849875,-28.555751,1.308984,0.534008,8.5221,0.215127,10.5004,0.235082,24.304824,-28.550895,10.2864,0.036530,0.454975,0.705203,0.011231,-0.034761,0.335507,-0.620279
112,19.948,B,4,25.019614,-29.147007,24.457232,-28.558319,24.038982,-28.658712,1.163511,-0.115673,10.2111,0.229298,11.8688,0.242581,24.505483,-28.589656,11.6462,0.057534,0.471584,0.758269,-0.048251,0.031337,0.514132,-0.557351
113,20.166,B,4,25.578681,-28.408754,24.924680,-28.759186,24.261722,-28.740482,1.520075,-0.144365,12.7681,0.168716,12.8615,0.122666,24.750168,-28.632991,12.8919,0.215360,0.500134,0.858322,0.174513,-0.126195,0.828514,0.224237
114,20.337,B,4,25.743058,-28.948121,24.924680,-28.759186,24.545235,-28.674203,1.376176,-0.105477,13.5660,0.214478,14.0983,0.295443,24.959960,-28.667267,14.1676,0.098457,0.414784,0.831939,-0.035280,-0.091919,0.783098,-0.280855
115,20.517,B,4,25.579195,-29.296932,25.240422,-28.729098,24.808179,-28.715638,1.482151,-0.311794,14.8791,0.270739,15.7809,0.216189,25.175529,-28.699705,15.8286,0.071239,0.367695,0.720851,0.064893,-0.029393,0.403667,-0.597227
116,20.675,B,4,25.708329,-29.411986,25.471313,-28.860543,24.994176,-28.813537,1.377133,-0.711867,15.5204,0.248470,16.6332,0.172917,25.351256,-28.718613,16.4848,0.185897,0.369482,0.779915,0.120057,-0.141930,0.357073,-0.693373
117,20.876,B,4,25.987362,-28.268596,25.793390,-28.996486,25.168809,-28.916512,1.354914,-0.157219,17.3826,0.239233,18.0474,0.246797,25.615590,-28.753861,18.1022,0.300798,0.475466,0.611307,0.177800,-0.242625,0.371772,0.485265
118,21.053,B,4,26.665369,-29.536747,26.046675,-28.969889,25.592202,-28.926032,1.405894,-0.743549,18.8846,0.170257,18.9650,0.150110,25.834758,-28.778895,19.0011,0.285285,0.283694,1.124391,0.211918,-0.190993,0.830612,-0.757852
119,21.262,B,4,25.880414,-28.925469,26.046675,-28.969889,25.640557,-28.921422,1.282969,-0.648624,19.7648,0.192445,20.1364,0.169710,26.054434,-28.805632,20.1735,0.164440,0.429769,0.211291,-0.007759,-0.164257,-0.174021,-0.119837
120,21.441,B,4,26.795858,-29.108573,26.211292,-29.061068,25.727843,-28.917084,1.000786,-0.392591,20.5957,0.176361,21.0829,0.191760,26.230901,-28.822351,20.9140,0.239521,0.511900,0.633325,-0.019609,-0.238717,0.564958,-0.286222
121,21.642,B,4,26.835236,-29.571408,26.566535,-29.156470,25.962670,-28.946156,1.085222,-0.854570,21.9147,0.165943,22.0453,0.158170,26.500714,-28.843162,22.0823,0.320147,0.547813,0.801402,0.065821,-0.313308,0.334522,-0.728245
122,21.813,B,4,27.447131,-29.915444,26.826169,-29.377815,26.162629,-29.054462,1.146761,-1.342181,22.5549,0.160683,22.9587,0.154085,26.732673,-28.855442,22.9942,0.530674,0.603788,1.278301,0.093496,-0.522373,0.714458,-1.060002
123,21.991,B,4,27.399064,-29.328072,27.103491,-29.499375,26.437572,-29.207566,1.260219,-1.061850,23.3443,0.154510,23.8215,0.147369,26.972143,-28.863944,23.8549,0.648864,0.635485,0.630615,0.131348,-0.635430,0.426921,-0.464128
124,22.159,B,4,28.083547,-29.009244,27.103491,-29.499375,26.655120,-29.228699,1.153320,-0.942740,24.2071,0.145562,24.6345,0.138777,27.217910,-28.869164,24.6661,0.640514,0.667831,0.876897,-0.114420,-0.630211,0.865636,-0.140081
125,22.342,B,4,28.588730,-29.840015,27.403944,-29.417489,26.957453,-29.187295,1.546645,-0.634908,24.8904,0.139243,25.4054,0.132485,27.467159,-28.871130,25.4355,0.550004,0.599800,1.482113,-0.063215,-0.546359,1.121571,-0.968885
126,22.522,B,4,28.116756,-28.800124,27.799320,-29.430217,27.300791,-29.302642,1.768783,-1.153643,25.2566,0.136122,26.1434,0.125408,27.666981,-28.870274,26.0273,0.575369,0.566602,0.455213,0.132338,-0.559943,0.449775,0.070150
127,22.717,B,4,28.852164,-28.343512,28.100288,-29.394675,27.484532,-29.210471,1.806743,-0.462960,25.9230,0.130342,26.8532,0.123027,27.915651,-28.866282,26.7415,0.559722,0.551661,1.072541,0.184637,-0.528392,0.936513,0.522770
128,22.903,B,4,29.682051,-29.659449,28.349978,-29.095397,27.776674,-29.049248,2.177472,0.121379,26.5818,0.125192,27.5330,0.115101,28.163107,-28.859512,27.4264,0.300936,0.430500,1.716708,0.186871,-0.235885,1.518943,-0.799937
129,23.090,B,4,28.542361,-29.162723,28.751611,-29.015338,28.178153,-29.150371,1.952841,-0.611172,27.9590,0.114457,28.1777,0.108552,28.461080,-28.848381,28.2027,0.335086,0.413819,0.324681,0.290531,-0.166957,0.081281,-0.314342
130,23.254,B,4,28.946850,-28.634398,28.997723,-29.110630,28.284444,-29.147729,1.486241,-0.462696,28.4966,0.108910,28.7836,0.103198,28.662470,-28.839005,28.6893,0.431480,0.488072,0.350336,0.335253,-0.271625,0.284380,0.204606
131,23.433,B,4,29.277270,-28.687856,29.049772,-29.013866,28.459527,-29.047112,1.514747,-0.090672,28.4966,0.108918,29.3535,0.095764,28.919104,-28.824105,29.2644,0.230399,0.510826,0.383206,0.130668,-0.189761,0.358166,0.136249
132,23.616,B,4,29.640945,-29.143705,29.170895,-28.857784,28.652819,-28.973306,1.455279,0.036861,29.0194,0.102674,29.8956,0.092999,29.181528,-28.804266,29.8103,0.054564,0.555075,0.571211,-0.010633,-0.053518,0.459417,-0.339439
133,23.798,B,4,29.188686,-28.918718,29.345080,-28.834640,28.876274,-28.994561,1.288068,-0.313949,29.8217,0.095317,30.4188,0.091451,29.448505,-28.778585,30.3362,0.117639,0.611632,0.295200,-0.103425,-0.056056,-0.259819,-0.140134
134,24.020,B,4,29.547334,-29.175344,29.449914,-28.869941,28.976474,-28.972130,0.866025,-0.200494,30.6749,0.090004,30.9259,0.087835,29.717835,-28.747552,30.8460,0.294552,0.774629,0.460518,-0.267921,-0.122390,-0.170500,-0.427793
135,24.245,B,4,29.701759,-28.611412,29.498894,-28.912770,29.120869,-29.000536,0.681495,-0.393018,31.0803,0.087054,31.4137,0.084093,29.987437,-28.712951,31.3372,0.527828,0.913042,0.303187,-0.488543,-0.199820,-0.285678,0.101539
136,24.458,B,4,30.761802,-28.154842,29.596904,-28.896290,29.265410,-28.922219,0.841591,-0.169456,31.2783,0.085599,31.8769,0.078071,30.256192,-28.676802,31.8046,0.694864,1.020724,0.726693,-0.659289,-0.219488,0.505610,0.521960
137,24.647,B,4,30.656085,-28.458720,30.176165,-28.525773,29.767086,-28.717524,1.603570,-0.094764,32.0819,0.078108,32.3132,0.075081,30.577713,-28.632649,32.3302,0.415528,0.815058,0.190771,-0.401548,0.106877,0.078372,0.173929
138,24.826,B,4,31.460273,-28.602910,30.531870,-28.477728,30.104448,-28.686214,1.834904,-0.492228,32.6394,0.072183,32.7257,0.069959,30.792206,-28.602159,32.6610,0.288544,0.692875,0.668067,-0.260336,0.124430,0.668067,-0.000751
139,24.997,B,4,30.911316,-28.997435,30.531870,-28.477728,30.152249,-28.673011,1.661752,-0.433043,32.9739,0.070386,33.1208,0.068830,31.061679,-28.561086,33.0584,0.536327,0.916292,0.461530,-0.529809,0.083357,-0.150364,-0.436349
140,25.172,B,4,31.362977,-28.326237,30.836273,-28.550426,30.333749,-28.719745,1.306948,-0.743051,33.2651,0.069021,33.5051,0.066960,31.333887,-28.514803,33.4442,0.498888,1.020920,0.190796,-0.497614,-0.035623,0.029090,0.188565
141,25.353,B,4,32.057073,-28.584546,31.042086,-28.568988,30.563322,-28.637684,1.535059,-0.617247,33.2651,0.069028,33.8808,0.064390,31.609710,-28.462357,33.8214,0.577553,1.060975,0.463749,-0.567624,-0.106631,0.447363,-0.122188
142,25.552,B,4,32.382195,-29.029246,31.352803,-28.514294,30.877701,-28.616442,1.680629,-0.832945,33.7774,0.064821,34.2451,0.062850,31.889188,-28.404438,34.1878,0.547518,1.033466,0.795891,-0.536384,-0.109856,0.493007,-0.624809
143,25.774,B,4,31.680097,-28.656692,31.730677,-28.600117,31.196176,-28.680454,1.589858,-1.290067,34.1247,0.062073,34.5939,0.059283,32.171339,-28.342870,34.5392,0.510254,1.031943,0.582926,-0.440662,-0.257247,-0.491242,-0.313822
144,25.974,B,4,32.845911,-28.880291,31.951823,-28.684045,31.330657,-28.667312,1.150755,-0.896852,34.7324,0.058975,34.9261,0.055386,32.454403,-28.279466,34.8740,0.645191,1.188793,0.717126,-0.502580,-0.404579,0.391508,-0.600825
145,26.164,B,4,32.922542,-27.822142,32.168238,-28.722144,31.650594,-28.697567,1.282251,-1.129084,34.9917,0.057088,35.2447,0.055308,32.736540,-28.214997,35.1945,0.761685,1.188340,0.434663,-0.568301,-0.507147,0.186002,0.392855
146,26.352,B,4,33.686509,-27.630375,32.500746,-28.598386,31.928079,-28.530667,1.859913,-0.604565,35.1190,0.056445,35.5542,0.052992,33.016662,-28.149024,35.5051,0.684175,1.153544,0.847167,-0.515916,-0.449362,0.669847,0.518649
147,26.540,B,4,33.286000,-27.677290,32.868811,-28.274002,32.294944,-28.355744,2.402401,-0.316425,35.3872,0.054625,35.8580,0.052743,33.294956,-28.080478,35.8097,0.468029,1.037206,0.403287,-0.426145,-0.193524,-0.008956,0.403187
148,26.757,B,4,33.567095,-27.576950,33.397340,-27.789182,32.524597,-28.218143,2.217567,0.039980,36.0162,0.048957,36.0859,-0.016240,33.572698,-28.008245,36.0895,0.280604,1.068912,0.431331,-0.175357,0.219063,-0.005603,0.431295
149,26.967,B,4,34.445593,-26.964083,33.397340,-27.789182,32.762952,-28.085738,2.004512,0.035528,36.0103,-0.026612,35.7643,-0.003195,33.842226,-27.933487,35.7759,0.467703,1.089960,1.141839,-0.444885,0.144304,0.603368,0.969403
150,27.173,B,4,33.873341,-28.282881,33.705129,-27.521570,33.117528,-27.864418,2.416054,0.163371,35.8564,0.015155,36.2167,0.119538,34.114190,-27.860108,36.0958,0.530978,0.996671,0.486565,-0.409061,0.338537,-0.240849,-0.422773
151,27.377,B,4,33.405812,-27.758897,33.993777,-27.591539,33.305535,-27.920386,1.139675,-0.317307,36.2971,0.022211,36.2789,-0.091255,34.383943,-27.787027,36.3501,0.436400,1.086622,0.978535,-0.390165,0.195488,-0.978130,0.028130
152,27.575,B,4,34.527960,-28.410737,34.079367,-27.734631,33.577709,-27.969776,0.840688,-0.975378,36.0334,-0.012765,35.9794,0.024565,34.646499,-27.710964,35.9650,0.567626,1.099680,0.709742,-0.567132,-0.023667,-0.118539,-0.699773
153,27.761,B,4,35.143224,-28.273652,34.386635,-27.948367,33.896715,-28.012984,0.942748,-1.382489,36.0787,-0.001504,36.0851,-0.067457,34.912311,-27.634024,36.1339,0.612492,1.083996,0.680033,-0.525676,-0.314343,0.230914,-0.639628
154,27.956,B,4,35.695416,-26.891232,34.386635,-27.948367,33.948678,-28.002674,0.846844,-1.253307,35.8480,-0.055721,35.6350,-0.015759,35.166850,-27.554698,35.6570,0.873905,1.297931,0.848275,-0.780214,-0.393669,0.528567,0.663466
155,28.210,B,4,35.739278,-27.877832,34.793293,-27.843865,34.314018,-27.790984,1.679470,-0.744382,35.6365,-0.043167,35.3627,-0.116352,35.466586,-27.460601,35.3376,0.774735,1.198986,0.498441,-0.673293,-0.383264,0.272692,-0.417232
156,28.416,B,4,35.514991,-27.336907,35.190579,-27.684429,34.623658,-27.794343,1.760290,-1.065727,35.4763,-0.074175,34.9797,-0.110072,35.707658,-27.384200,34.9528,0.597920,1.158997,0.198386,-0.517079,-0.300229,-0.192667,0.047293
157,28.603,B,4,36.075595,-27.912318,35.456638,-27.640050,34.837177,-27.700485,1.728391,-0.728779,35.1178,-0.075448,34.4599,-0.093403,35.895041,-27.324621,34.5459,0.540086,1.122652,0.614807,-0.438403,-0.315429,0.180554,-0.587697
158,28.799,B,4,36.258498,-27.003225,35.692349,-27.618914,35.112845,-27.728323,1.535195,-1.027098,34.7395,-0.083245,33.8763,-0.108507,36.169674,-27.236923,33.8513,0.611356,1.165488,0.250008,-0.477325,-0.381992,0.088824,0.233697
159,28.984,B,4,36.685742,-27.510887,35.961948,-27.548948,35.374258,-27.587512,1.609434,-0.547358,33.5131,-0.110709,33.2183,-0.120321,36.349573,-27.178196,33.3282,0.536386,1.057724,0.472963,-0.387624,-0.370753,0.336170,-0.332692
160,29.163,B,4,36.229415,-26.966618,36.238621,-27.428522,35.664119,-27.563960,1.599450,-0.716482,33.2183,-0.116567,32.4930,-0.131599,36.571960,-27.102887,32.6133,0.465998,1.018216,0.368655,-0.333340,-0.325635,-0.342545,0.136269
161,29.338,B,4,37.565630,-28.093115,36.680424,-27.380031,35.816429,-27.447144,1.490000,-1.187165,32.0664,-0.135819,31.6956,-0.146187,36.791611,-27.024685,31.8287,0.372335,1.062756,1.319336,-0.111186,-0.355346,0.774019,-1.068429
162,29.532,B,4,37.273308,-27.784264,37.018555,-27.569481,36.183795,-27.556002,1.315007,-1.312503,30.9988,-0.150244,30.8275,-0.156393,37.007900,-26.944154,30.9705,0.625417,1.026404,0.881037,0.010655,-0.625327,0.265408,-0.840110
163,29.741,B,4,37.536739,-28.096749,37.259375,-27.724636,36.629469,-27.682787,1.097940,-1.554315,30.2798,-0.158735,29.8976,-0.168377,37.220678,-26.863051,30.0506,0.862453,1.010691,1.273540,0.038697,-0.861585,0.316061,-1.233698
164,29.920,B,4,37.516066,-27.150613,37.259375,-27.724636,36.685360,-27.683387,0.969240,-1.421064,29.4469,-0.168458,28.9060,-0.178011,37.428545,-26.783159,29.0687,0.956555,1.167362,0.377733,-0.169170,-0.941477,0.087521,-0.367454
165,30.093,B,4,38.299188,-26.950083,37.457186,-27.728628,36.887327,-27.588024,1.148872,-0.850099,28.6198,-0.177158,27.8553,-0.186705,37.630249,-26.705379,28.0272,1.037781,1.153688,0.712291,-0.173063,-1.023249,0.668939,-0.244704
166,30.260,B,4,37.793711,-26.334189,37.700119,-27.518017,37.193930,-27.472541,1.684749,-0.525975,28.1865,-0.180898,26.7507,-0.198021,37.825364,-26.629262,26.9308,0.897537,1.053484,0.296766,-0.125245,-0.888755,-0.031653,0.295073
167,30.435,B,4,37.921136,-26.368453,37.911814,-27.201935,37.354161,-27.264389,1.795134,0.276851,27.3167,-0.189162,25.5982,-0.204478,38.014604,-26.553441,25.7856,0.656590,0.970377,0.207261,-0.102790,-0.648494,-0.093468,0.184989
168,30.612,B,4,37.901863,-26.731232,38.001356,-26.856140,37.506488,-27.096962,1.737355,0.636524,25.8251,-0.199770,24.5485,-0.112674,38.200215,-26.477062,24.6636,0.428071,0.930341,0.391939,-0.198859,-0.379078,-0.298352,-0.254171
169,30.788,B,4,39.616854,-27.087603,38.067774,-26.674025,37.625401,-27.023666,1.273165,0.441872,24.2971,-0.129741,23.8918,-0.190030,38.383663,-26.407101,24.0563,0.413563,0.977299,1.408490,-0.315889,-0.266924,1.233191,-0.680502
170,30.985,B,4,39.221331,-26.196134,38.357751,-26.687017,38.032287,-27.029363,1.630338,-0.290884,23.6095,-0.196891,22.3741,-0.259465,38.562780,-26.326201,22.6235,0.415000,0.880829,0.671272,-0.205030,-0.360816,0.658551,0.130067
171,31.244,B,4,38.857265,-26.056353,38.772669,-26.627339,38.297439,-26.874112,1.969272,-0.035842,23.0676,-0.239459,21.4865,-0.058640,38.740421,-26.251100,21.5520,0.377618,0.764445,0.227110,0.032248,-0.376239,0.116844,0.194747
172,31.435,B,4,40.068857,-26.404168,38.972015,-26.413805,38.448637,-26.719500,1.785595,0.267177,21.5908,-0.138455,20.5908,-0.244799,38.916779,-26.181928,20.8042,0.238365,0.712840,1.173318,0.055236,-0.231877,1.152078,-0.222240
173,31.614,B,4,39.457098,-25.792421,39.234477,-26.300060,38.790785,-26.655181,2.004848,-0.103865,20.8220,-0.188241,19.5079,-0.095610,39.088033,-26.108199,19.6058,0.241363,0.622532,0.485721,0.146444,-0.191861,0.369065,0.315778
174,31.787,B,4,39.407328,-26.302916,39.510699,-26.183278,38.961863,-26.491527,1.677070,0.184937,19.2861,-0.145596,18.7114,-0.200318,39.254800,-26.042187,18.8970,0.292218,0.536394,0.302067,0.255900,-0.141092,0.152528,-0.260729
175,31.963,B,4,39.229058,-26.968993,39.607582,-26.091255,39.090962,-26.448642,1.316227,0.006271,18.4938,-0.146112,17.9018,-0.147561,39.414418,-25.974907,18.0280,0.225497,0.573627,1.011219,0.193163,-0.116348,-0.185361,-0.994086
176,32.142,B,4,39.658325,-26.098206,39.624132,-26.245955,39.161233,-26.535618,0.777110,-0.565627,18.0748,-0.146724,17.1009,-0.133035,39.569064,-25.908999,17.2188,0.341426,0.747648,0.209205,0.055068,-0.336955,0.089261,-0.189206
177,32.327,B,4,39.436881,-25.444756,39.646650,-26.343730,39.293302,-26.451820,0.755936,-0.278533,17.4177,-0.139528,16.3397,-0.154419,39.728719,-25.842000,16.4685,0.508397,0.749312,0.492923,-0.082069,-0.501730,-0.291838,0.397244
178,32.517,B,4,40.772336,-26.296376,39.672276,-26.149870,39.359552,-26.263583,0.723408,0.439993,16.7045,-0.133206,15.0346,-0.207845,39.888255,-25.771045,15.2357,0.436068,0.722579,1.028382,-0.215979,-0.378825,0.884080,-0.525331
179,32.712,B,4,41.041008,-26.470735,39.848322,-26.033054,39.653834,-26.262350,1.011512,-0.069386,14.5646,-0.141474,14.3528,-0.036795,40.047813,-25.704701,14.3958,0.384203,0.682782,1.254291,-0.199491,-0.328353,0.993195,-0.766034
180,32.881,B,4,41.205020,-25.726316,40.225380,-26.134153,39.945681,-26.294873,1.270786,-0.501525,14.0473,-0.125381,13.7329,-0.206446,40.238560,-25.626707,13.6840,0.507618,0.729537,0.971579,-0.013181,-0.507446,0.966459,-0.099610
181,33.054,B,4,40.882255,-26.124125,40.582378,-26.121405,40.216577,-26.188487,1.682525,-0.218448,14.0473,-0.125369,12.4562,-0.157549,40.389498,-25.557674,12.4216,0.595815,0.654084,0.750784,0.192881,-0.563731,0.492758,-0.566450
182,33.215,B,4,40.525577,-26.199079,40.826912,-26.052367,40.380654,-26.172838,1.482429,-0.293827,12.7012,-0.183141,11.8006,-0.164090,40.543961,-25.490974,11.7613,0.628668,0.701147,0.708343,0.282951,-0.561393,-0.018384,-0.708104
183,33.377,B,4,40.346308,-25.519800,40.897604,-26.085711,40.448548,-26.174543,1.036803,-0.322744,12.0480,-0.148518,10.5279,-0.186698,40.662375,-25.433891,10.7079,0.692966,0.770901,0.327534,0.235229,-0.651820,-0.316067,-0.085908
184,33.582,B,4,41.177281,-26.141224,40.844442,-26.007222,40.468365,-26.053301,0.631226,0.198571,9.8175,-0.193614,9.5625,-0.235479,40.842619,-25.350831,9.5065,0.656394,0.795946,0.858324,0.001824,-0.656391,0.334662,-0.790393
185,33.794,B,4,42.500289,-25.237106,40.878109,-25.936991,40.631849,-26.065783,0.696546,-0.055104,9.3436,-0.193878,8.3819,-0.212247,40.990886,-25.281086,8.3348,0.665530,0.862935,1.510043,-0.112778,-0.655905,1.509403,0.043981
186,33.981,B,4,41.514678,-25.739832,41.213626,-25.837786,41.006483,-25.913575,1.560647,0.345265,8.7679,-0.207664,7.1857,-0.213650,41.108932,-25.225636,7.3814,0.621038,0.695525,0.655001,0.104695,-0.612150,0.405746,-0.514195
187,34.143,B,4,41.682130,-24.851324,41.526017,-25.695697,41.138006,-25.878413,1.353975,0.226127,7.6999,-0.209580,5.9341,-0.221457,41.284075,-25.142067,5.8831,0.604187,0.750693,0.492930,0.241943,-0.553630,0.398056,0.290743
188,34.304,B,4,42.496385,-25.345540,41.642939,-25.522380,41.274992,-25.688558,1.300843,0.805051,6.6317,-0.215378,4.6382,-0.229766,41.399394,-25.085681,4.8484,0.500020,0.615578,1.127348,0.243545,-0.436699,1.096990,-0.259858
189,34.482,B,4,42.267549,-25.605509,41.861162,-25.330905,41.526049,-25.622018,1.545912,0.597446,5.4040,-0.222626,3.3013,-0.236144,41.541898,-25.014234,3.5180,0.449678,0.607991,0.936042,0.319264,-0.316671,0.725651,-0.591275
190,34.658,B,4,41.952777,-24.922628,42.110779,-25.334703,41.706224,-25.613054,1.324125,0.167692,2.6167,-0.237150,1.9233,-0.242728,41.682790,-24.942024,2.1466,0.580837,0.671438,0.270683,0.427989,-0.392679,0.269987,0.019396
191,34.829,B,4,42.910956,-25.333835,42.359005,-25.202796,41.789373,-25.483837,1.330601,0.260684,1.3123,-0.216442,0.7401,-0.125719,41.824201,-24.870011,0.8678,0.629890,0.614813,1.181596,0.534804,-0.332785,1.086755,-0.463824
192,35.003,B,4,42.554337,-25.338477,42.554205,-25.226792,42.113205,-25.433069,1.162362,0.097838,0.0613,-0.201476,-0.2769,-0.257798,41.969487,-24.801391,-0.0501,0.723092,0.647821,0.794048,0.584719,-0.425401,0.584850,-0.537086
193,35.203,B,4,42.868929,-25.513587,42.686376,-25.288150,42.161073,-25.427757,1.130295,-0.159332,-1.1195,-0.276389,-2.0234,-0.261028,42.124548,-24.729783,-1.7727,0.792102,0.698929,1.080950,0.561829,-0.558367,0.744382,-0.783805
194,35.398,B,4,43.664307,-25.279442,42.686376,-25.288150,42.326739,-25.440973,1.017991,-0.168005,-2.8247,-0.183033,-2.9824,-0.128604,42.314530,-24.651686,-3.0135,0.737127,0.789382,1.488616,0.371847,-0.636464,1.349777,-0.627757
195,35.561,B,4,42.606882,-24.411446,42.940970,-25.332826,42.606993,-25.410807,1.331534,-0.120228,-3.2741,-0.189829,-4.2336,-0.293752,42.444207,-24.597396,-3.9690,0.887486,0.829541,0.247063,0.496762,-0.735431,0.162675,0.185949
196,35.722,B,4,42.365345,-25.050164,43.083960,-25.172433,42.645000,-25.227727,0.937188,0.604990,-3.7587,-0.221903,-5.3238,-0.108782,42.608891,-24.528839,-5.2214,0.799940,0.699820,0.575408,0.475069,-0.643594,-0.243545,-0.521326
197,35.887,B,4,43.149469,-25.535943,42.965356,-25.078482,42.628482,-25.191295,0.542196,-0.051483,-6.0518,-0.202067,-6.4064,-0.219663,42.775541,-24.463100,-6.1960,0.643991,0.742896,1.136141,0.189815,-0.615382,0.373928,-1.072844
198,36.054,B,4,43.445745,-24.908199,43.100389,-25.121709,42.876546,-25.189773,0.671859,0.168043,-6.9297,-0.169039,-7.3446,-0.198829,42.945722,-24.399497,-7.1723,0.738588,0.793298,0.713303,0.154667,-0.722212,0.500024,-0.508702
199,36.231,B,4,43.146567,-25.012957,43.100389,-25.121709,42.909139,-25.187291,0.609844,0.141373,-7.6727,-0.167767,-8.3168,-0.167339,43.121042,-24.338214,-8.1625,0.783766,0.875119,0.675225,-0.020653,-0.783494,0.025525,-0.674742
200,36.441,B,4,44.338993,-25.354859,43.199650,-25.065882,42.981984,-25.153874,0.509607,0.162478,-8.5565,-0.164347,-9.2225,-0.152515,43.302608,-24.280019,-9.0808,0.792579,0.930818,1.493109,-0.102957,-0.785863,1.036386,-1.074840
201,36.633,B,4,43.842515,-24.979761,43.406241,-25.103867,43.256882,-25.189360,1.102696,-0.022041,-8.9019,-0.161503,-10.0777,-0.144185,43.491244,-24.223655,-9.9444,0.884307,0.993737,0.833720,-0.085003,-0.880212,0.351271,-0.756107
202,36.816,B,4,43.839385,-25.051542,43.668445,-25.131245,43.394244,-25.151698,1.050813,0.127512,-9.5547,-0.155127,-10.8810,-0.137492,43.686477,-24.168284,-10.7558,0.963130,1.025916,0.896396,-0.018032,-0.962961,0.152908,-0.883258
203,36.997,B,4,44.314980,-25.105903,43.791768,-25.098733,43.505522,-25.133668,0.941747,0.148699,-10.7649,-0.142222,-11.6382,-0.128888,43.886706,-24.113984,-11.5197,0.989314,1.088603,1.080427,-0.094937,-0.984749,0.428274,-0.991919
204,37.180,B,4,45.155344,-24.551206,43.945179,-25.095335,43.682096,-25.129112,0.957792,0.120399,-11.9438,-0.129251,-12.3586,-0.122172,44.089966,-24.061630,-12.2455,1.043796,1.142749,1.172483,-0.144787,-1.033705,1.065378,-0.489576
205,37.388,B,4,44.392114,-24.937373,44.494167,-24.904737,43.980331,-25.025143,1.181481,0.501097,-12.7797,-0.122143,-13.1303,-0.117721,44.335993,-24.002606,-13.0764,0.915893,1.082625,0.936450,0.158174,-0.902131,0.056120,-0.934767
206,37.572,B,4,44.688174,-24.532623,44.601011,-24.827721,44.088512,-25.008488,1.031598,0.710074,-13.5886,-0.116906,-13.7118,-0.114192,44.542561,-23.956695,-13.7377,0.872985,1.145613,0.594051,0.058450,-0.871026,0.145613,-0.575928
207,37.775,B,4,45.241153,-24.101560,44.791280,-24.625297,44.229615,-24.921420,1.075828,1.153232,-14.0981,-0.112028,-14.3429,-0.107902,44.709486,-23.921612,-14.2443,0.708423,1.109006,0.561294,0.081794,-0.703686,0.531667,-0.179948
208,37.970,B,4,44.850310,-24.752015,44.951900,-24.515077,44.445557,-24.770423,0.943777,0.750440,-14.5997,-0.106382,-14.9384,-0.099299,44.921590,-23.879132,-14.8456,0.636666,1.010449,0.875789,0.030311,-0.635945,-0.071280,-0.872883
209,38.178,B,4,45.533275,-24.720817,44.951900,-24.515077,44.552157,-24.762661,0.860004,0.669568,-15.3429,-0.099592,-15.4967,-0.094942,45.136621,-23.837451,-15.4099,0.702353,1.094355,0.968334,-0.184721,-0.677626,0.396654,-0.883366
210,38.374,B,4,45.770154,-23.565357,45.107120,-24.553994,44.762269,-24.751595,1.050779,0.498441,-15.8200,-0.094012,-16.0202,-0.087170,45.346950,-23.795203,-15.9385,0.795790,1.120954,0.481592,-0.239830,-0.758791,0.423204,0.229846
211,38.559,B,4,46.295992,-23.628486,45.349520,-24.386143,44.978733,-24.532769,1.053024,1.292329,-15.8200,-0.094000,-16.5143,-0.083315,45.553171,-23.753628,-16.4370,0.664492,0.968008,0.753289,-0.203651,-0.632515,0.742822,0.125141
212,38.745,B,4,45.638923,-24.552879,45.641942,-24.068486,45.252883,-24.361314,1.222417,1.619035,-16.2568,-0.089354,-16.9831,-0.080059,45.756480,-23.713902,-16.9097,0.372625,0.820215,0.847174,-0.114537,-0.354585,-0.117556,-0.838978
213,38.937,B,4,45.544029,-23.907992,45.841628,-24.010764,45.359623,-24.386808,1.103274,0.854682,-16.8966,-0.082557,-17.4274,-0.076070,45.957428,-23.676180,-17.3580,0.354058,0.928635,0.473958,-0.115801,-0.334585,-0.413400,-0.231812
214,39.133,B,4,45.740098,-24.379432,45.865662,-24.037210,45.427886,-24.292158,0.674250,0.713118,-17.6280,-0.074257,-17.8452,-0.069943,46.155756,-23.639557,-17.7802,0.492222,0.977590,0.848638,-0.290094,-0.397653,-0.415658,-0.739875
215,39.328,B,4,47.051800,-24.546603,45.874094,-24.043696,45.516966,-24.299675,0.615866,0.319245,-17.9730,-0.070282,-18.2355,-0.066624,46.350452,-23.602761,-18.1749,0.649108,1.086457,1.175894,-0.476358,-0.440935,0.701348,-0.943842
216,39.536,B,4,47.477875,-23.846371,46.511112,-24.187590,45.826972,-24.338032,1.599787,0.611597,-18.4796,-0.063926,-18.5999,-0.061060,46.577302,-23.557345,-18.6140,0.633712,1.082805,0.945816,-0.066190,-0.630245,0.900573,-0.289026
217,39.707,B,4,46.891942,-25.028166,46.814427,-24.284067,46.161732,-24.244019,1.670137,-0.135759,-18.7815,-0.060947,-18.9424,-0.056862,46.723487,-23.526481,-18.8889,0.763025,0.911279,1.511104,0.090940,-0.757586,0.168455,-1.501686
218,39.887,B,4,47.307523,-23.859149,47.009686,-24.360384,46.505450,-24.288513,1.481301,0.396572,-19.2268,-0.057158,-19.2674,-0.055528,46.900308,-23.488061,-19.2165,0.879154,0.892545,0.550936,0.109378,-0.872323,0.407215,-0.371088
219,40.050,B,4,46.862549,-24.254900,47.009686,-24.360384,46.546887,-24.284649,1.340992,0.350867,-19.4660,-0.055461,-19.5769,-0.052756,47.071367,-23.450614,-19.5284,0.911859,0.985238,0.830952,-0.061681,-0.909771,-0.208817,-0.804287
220,40.253,B,4,46.898130,-24.081882,47.134611,-24.276405,46.641890,-24.275989,1.038367,0.277584,-19.7258,-0.052586,-19.9039,-0.050305,47.271244,-23.407255,-19.8813,0.879823,1.072746,0.770932,-0.136633,-0.869149,-0.373114,-0.674627
221,40.442,B,4,48.105778,-23.874231,47.147903,-24.244148,46.723825,-24.237777,0.781536,0.358821,-19.7258,-0.052583,-20.1441,-0.046449,47.435186,-23.371965,-20.1546,0.918278,1.120565,0.837833,-0.287284,-0.872183,0.670591,-0.502266
222,40.644,B,4,47.401652,-23.947817,47.322159,-24.149804,47.008671,-24.168527,1.066189,0.721802,-19.9788,-0.049610,-20.3976,-0.041812,47.597626,-23.336934,-20.4073,0.858277,1.019027,0.641548,-0.275467,-0.812870,-0.195975,-0.610883
223,40.846,B,4,47.148487,-24.806662,47.522873,-24.052955,47.115908,-24.124297,0.828823,0.690831,-20.3380,-0.044280,-20.6517,-0.073475,47.726253,-23.309042,-20.5956,0.771213,1.018411,1.605204,-0.203379,-0.743913,-0.577766,-1.497620
224,41.029,B,4,48.555322,-23.460807,47.524549,-24.148523,47.155600,-24.244432,0.720214,-0.077394,-20.5454,-0.041272,-21.4755,-0.116852,47.885485,-23.269663,-21.3583,0.950089,1.217747,0.696575,-0.360936,-0.878859,0.669837,-0.191144
225,41.212,B,4,48.290754,-24.248467,47.679136,-24.142654,47.442928,-24.101020,0.855270,0.671019,-21.4318,-0.100427,-21.6510,0.051206,48.074702,-23.229695,-21.6378,0.994970,1.076264,1.041429,-0.395566,-0.912958,0.216052,-1.018772
226,41.377,B,4,48.674297,-23.507642,47.964836,-24.039782,47.629843,-24.124619,1.079134,0.513481,-21.6467,-0.048454,-21.8738,-0.137809,48.227111,-23.197018,-21.9074,0.882632,1.103254,0.544484,-0.262275,-0.842764,0.447186,-0.310624
227,41.560,B,4,48.288135,-23.798976,48.198838,-23.970003,47.846774,-24.011107,1.066973,0.961572,-21.7651,-0.063870,-22.7228,-0.082276,48.344183,-23.166154,-22.6390,0.816883,0.980490,0.635299,-0.145345,-0.803849,-0.056048,-0.632821
228,41.732,B,4,48.937539,-23.781737,48.370259,-23.838895,47.968343,-23.967793,0.876320,0.837181,-22.3875,-0.108286,-22.9892,-0.102204,48.490302,-23.133162,-22.9056,0.715870,0.984404,0.787826,-0.120043,-0.705733,0.447237,-0.648575
229,41.921,B,4,48.894322,-23.874054,48.515576,-23.795955,48.178654,-23.929988,0.916733,0.741702,-23.6085,-0.137839,-23.9068,-0.123536,48.632364,-23.093283,-23.7856,0.712312,0.951803,0.823545,-0.116788,-0.702672,0.261958,-0.780771
230,42.101,B,4,48.972466,-23.558988,48.711439,-23.784775,48.343608,-23.916094,0.950372,0.607841,-24.1804,-0.112289,-24.4964,-0.172673,48.775495,-23.056382,-24.3507,0.731204,0.962097,0.539825,-0.064056,-0.728393,0.196972,-0.502606
231,42.292,B,4,49.044910,-23.336291,48.870233,-23.741107,48.492530,-23.848060,0.892317,0.758854,-24.1804,-0.112286,-25.3277,-0.158784,48.918758,-23.017560,-25.1913,0.725172,0.933488,0.342788,-0.048525,-0.723546,0.126152,-0.318731
232,42.469,B,4,49.315494,-24.149793,49.120804,-23.639167,48.626994,-23.751293,0.953435,0.386015,-25.9333,-0.149508,-26.2162,-0.159954,49.062989,-22.980558,-26.0716,0.661142,0.885508,1.196190,0.057816,-0.658609,0.252506,-1.169235
233,42.650,B,4,49.692171,-24.473351,49.307564,-23.868011,48.946335,-23.935470,1.309106,-0.094433,-26.6849,-0.160188,-27.1608,-0.170790,49.207243,-22.945435,-27.0051,0.928015,1.023837,1.603023,0.100321,-0.922576,0.484928,-1.527916
234,42.831,B,4,48.796534,-24.710184,49.307564,-23.868011,48.982887,-23.936809,1.181719,-0.105356,-27.8747,-0.174452,-28.1714,-0.182865,49.350108,-22.911070,-28.0055,0.957887,1.089492,1.882354,-0.042544,-0.956941,-0.553573,-1.799115
235,43.007,B,4,50.421319,-24.118131,49.361928,-24.151562,48.981661,-24.079448,0.959884,-0.682710,-28.3675,-0.179415,-29.2413,-0.192681,49.490600,-22.875883,-29.0664,1.282152,1.306747,1.552230,-0.128672,-1.275679,0.930719,-1.242249
236,43.188,B,4,49.792629,-23.645512,49.493204,-24.302818,49.272621,-24.092359,1.344366,-0.213780,-28.8557,-0.183373,-30.3648,-0.200149,49.628543,-22.838699,-30.1816,1.470362,1.303206,0.823330,-0.135339,-1.464120,0.164086,-0.806813
237,43.385,B,4,49.474303,-23.189729,49.731380,-24.214666,49.399321,-24.017260,0.939732,0.301224,-29.7145,-0.191899,-31.5389,-0.209696,49.764372,-22.799462,-31.3477,1.415589,1.271335,0.486259,-0.032992,-1.415204,-0.290069,-0.390267
238,43.595,B,4,49.902565,-23.463201,49.796046,-23.725917,49.444326,-23.871042,0.208406,0.942611,-32.1585,-0.211148,-32.7641,-0.218884,49.898832,-22.759241,-32.5645,0.972125,1.201114,0.703970,-0.102786,-0.966676,0.003734,-0.703960
239,43.797,B,4,49.481078,-23.919685,49.796046,-23.725917,49.556540,-23.798249,0.206754,0.847765,-33.3408,-0.219173,-34.0416,-0.228551,50.032888,-22.719650,-33.8337,1.033764,1.179103,1.320825,-0.236842,-1.006267,-0.551809,-1.200035
240,43.989,B,4,49.970612,-23.100779,49.811117,-23.676672,49.570651,-23.820631,0.143646,0.464240,-34.4290,-0.226880,-35.3705,-0.236495,50.167556,-22.681906,-35.1546,1.056697,1.285687,0.462862,-0.356439,-0.994766,-0.196944,-0.418873
241,44.190,B,4,50.454857,-23.859409,49.822104,-23.586151,49.668680,-23.691058,-0.032410,0.874658,-34.9700,-0.230034,-36.7460,-0.242364,50.303504,-22.646174,-36.5231,1.056079,1.222614,1.222639,-0.481400,-0.939977,0.151352,-1.213235
242,44.385,B,4,50.406644,-23.409497,49.970200,-23.516365,49.836194,-23.721120,0.437787,0.651735,-36.0722,-0.237319,-38.1620,-0.250938,50.440696,-22.611628,-37.9329,1.019763,1.263485,0.798595,-0.470496,-0.904737,-0.034052,-0.797869
243,44.582,B,4,51.153167,-24.139982,50.151485,-23.529529,49.965475,-23.665469,0.464433,0.742021,-37.8534,-0.246342,-39.6143,-0.256889,50.578346,-22.577038,-39.3796,1.043766,1.249116,1.665296,-0.426861,-0.952490,0.574821,-1.562943
244,44.794,B,4,50.906791,-23.267810,50.395164,-23.602224,50.206753,-23.752834,1.026214,0.431442,-40.2936,-0.216458,-40.7679,-0.113387,50.716602,-22.543676,-40.6525,1.106276,1.312254,0.748694,-0.321438,-1.058549,0.190189,-0.724135
245,45.017,B,4,50.264556,-22.890785,50.654478,-23.641985,50.361934,-23.668268,0.834683,0.725267,-41.1970,-0.200915,-41.9502,-0.285777,50.854852,-22.514022,-41.6969,1.145622,1.255090,0.700285,-0.200374,-1.127963,-0.590295,-0.376763
246,45.216,B,4,51.187504,-24.043308,50.782645,-23.440508,50.372549,-23.528789,0.800757,0.521835,-43.0385,-0.286048,-43.7339,-0.247071,51.028906,-22.483608,-43.7890,0.988080,1.234183,1.567743,-0.246262,-0.956900,0.158598,-1.559700
247,45.412,B,4,51.544765,-23.527412,51.018511,-23.555051,50.723092,-23.605374,0.941603,0.681373,-44.2218,-0.190076,-44.6795,-0.159748,51.170563,-22.466024,-44.7180,1.099590,1.224070,1.125420,-0.152053,-1.089026,0.374201,-1.061387
248,45.616,B,4,51.588312,-23.959688,51.254447,-23.635593,50.901684,-23.670320,1.202364,0.498654,-45.6211,-0.244556,-46.0809,-0.275956,51.319561,-22.448868,-46.1427,1.188511,1.290956,1.534537,-0.065114,-1.186726,0.268751,-1.510820
249,45.811,B,4,51.255388,-23.344094,51.254447,-23.635593,50.932771,-23.675301,1.096354,0.427027,-46.6883,-0.190719,-47.1064,-0.130837,51.439071,-22.439645,-46.9942,1.210115,1.335360,0.922913,-0.184623,-1.195949,-0.183683,-0.904449
250,46.008,B,4,52.365610,-22.934003,51.383014,-23.664464,51.019654,-23.620203,0.725228,0.525422,-47.6231,-0.204470,-48.2964,-0.210640,51.593271,-22.432074,-48.0926,1.250197,1.319351,0.921108,-0.210257,-1.232390,0.772339,-0.501929
251,46.202,B,4,51.861409,-23.423521,51.817490,-23.381830,51.291693,-23.499860,0.638138,1.049697,-48.9498,-0.181758,-49.2388,-0.192995,51.750429,-22.431817,-49.0616,0.952377,1.162392,0.997895,0.067062,-0.950013,0.110981,-0.991704
252,46.398,B,4,51.957154,-22.977653,51.930594,-23.301687,51.519770,-23.397490,0.354493,1.124955,-49.8348,-0.167069,-50.2189,-0.172371,51.911880,-22.438455,-50.0666,0.863434,1.036097,0.541095,0.018715,-0.863231,0.045274,-0.539198
253,46.594,B,4,52.165631,-23.350832,52.047127,-23.233490,51.551916,-23.397510,0.465368,0.956083,-50.9844,-0.161130,-51.2533,-0.155946,52.109103,-22.456035,-51.1820,0.779921,1.093999,0.896581,-0.061976,-0.777455,0.056528,-0.894797
254,46.766,B,4,52.368638,-24.778337,52.047127,-23.233490,51.692695,-23.389788,0.434343,0.857426,-51.6951,-0.154856,-52.0148,-0.148413,52.276365,-22.477043,-52.0485,0.790418,1.083408,2.303143,-0.229237,-0.756446,0.092273,-2.301294
255,46.935,B,4,52.014065,-23.768132,52.188541,-23.510985,51.843906,-23.643828,1.318489,0.109455,-52.0517,-0.151292,-52.8304,-0.138675,52.446218,-22.502156,-52.8619,1.041217,1.290811,1.337703,-0.257677,-1.008829,-0.432153,-1.265976
256,47.104,B,4,52.663251,-23.180735,52.260409,-23.810360,51.902943,-23.673843,1.099733,0.015145,-52.4844,-0.145971,-54.0290,-0.270240,52.618876,-22.523902,-54.0891,1.335468,1.354594,0.658331,-0.358467,-1.286459,0.044375,-0.656833
257,47.276,B,4,52.329173,-23.647431,52.337062,-23.750142,52.067503,-23.592157,0.655073,0.500648,-53.7045,-0.216266,-55.0281,-0.090907,52.752203,-22.539783,-54.9350,1.279575,1.255510,1.185681,-0.415142,-1.210359,-0.423030,-1.107649
258,47.467,B,4,52.938812,-23.310171,52.432093,-23.664440,52.141820,-23.607947,0.522608,0.385888,-54.7220,-0.159848,-55.4827,-0.151890,52.917862,-22.564299,-55.3526,1.202615,1.300556,0.746167,-0.485769,-1.100141,0.020950,-0.745873
259,47.646,B,4,54.026453,-23.634788,52.538858,-23.612836,52.306635,-23.558873,0.377609,0.705135,-55.2958,-0.109810,-56.8027,-0.213114,53.084144,-22.582335,-56.5969,1.165877,1.248258,1.412658,-0.545286,-1.030501,0.942309,-1.052453
260,47.846,B,4,53.166655,-23.811460,52.871513,-23.568298,52.650384,-23.578991,0.777622,1.067362,-57.1577,-0.157243,-57.5659,-0.119467,53.249900,-22.607555,-57.4680,1.032572,1.141538,1.206779,-0.378387,-0.960743,-0.083245,-1.203905
261,48.016,B,4,53.581519,-23.835102,53.165839,-23.624137,52.768501,-23.625935,0.886257,0.911834,-57.4791,-0.141717,-58.7674,-0.230865,53.417679,-22.634320,-58.5474,1.021353,1.185214,1.211908,-0.251840,-0.989818,0.163840,-1.200782
262,48.183,B,4,53.058752,-23.700142,53.318755,-23.706470,52.952245,-23.672830,0.980253,0.855548,-58.3195,-0.204403,-59.5563,-0.055368,53.591441,-22.664985,-59.4980,1.076591,1.193450,1.164177,-0.272687,-1.041484,-0.532689,-1.035157
263,48.352,B,4,54.175341,-23.948918,53.403638,-23.749979,53.000280,-23.685393,0.702247,0.577650,-59.2485,-0.157469,-60.1869,-0.188645,53.764262,-22.700462,-60.0252,1.109746,1.246498,1.314393,-0.360624,-1.049517,0.411079,-1.248456
264,48.530,B,4,54.302770,-24.623332,53.535669,-23.798701,53.241274,-23.741584,0.873197,0.678003,-61.0302,-0.236672,-61.6767,-0.271136,53.940292,-22.742169,-61.4184,1.131362,1.219614,1.915767,-0.404623,-1.056532,0.362478,-1.881163
265,48.722,B,4,54.615703,-24.098589,53.813557,-23.996875,53.463224,-23.911753,1.404712,0.547773,-62.0466,-0.209351,-62.6351,-0.081678,54.110793,-22.783280,-62.5516,1.249465,1.301075,1.408891,-0.297236,-1.213595,0.504911,-1.315310
266,48.897,B,4,53.671928,-23.519392,54.088477,-24.174292,53.703132,-23.959027,1.423071,0.845875,-62.4459,-0.153404,-63.1345,-0.154840,54.276812,-22.824954,-63.0027,1.362418,1.270917,0.920939,-0.188335,-1.349338,-0.604884,-0.694438
267,49.086,B,4,53.984908,-24.896845,54.159700,-24.174408,53.729489,-23.892213,1.077250,0.195181,-63.6325,-0.186913,-64.3779,-0.194505,54.448772,-22.866958,-64.1874,1.339025,1.252404,2.082213,-0.289072,-1.307450,-0.463864,-2.029887
268,49.264,B,4,53.995481,-23.220033,54.159207,-24.166773,53.804197,-24.085873,0.072039,0.477110,-64.8632,-0.107627,-64.9667,-0.066245,54.617540,-22.913627,-64.9160,1.334332,1.426775,0.693428,-0.458333,-1.253145,-0.622059,-0.306405
269,49.428,B,4,55.048249,-24.514927,54.159207,-24.166773,53.865782,-23.942455,0.070494,0.430357,-65.4749,-0.159900,-65.8619,-0.195422,54.789040,-22.965795,-65.6719,1.356111,1.343975,1.570669,-0.629833,-1.200977,0.259209,-1.549132
270,49.605,B,4,54.266054,-23.947018,54.304236,-24.083648,54.105668,-24.056811,0.609614,0.599468,-66.1984,-0.115167,-66.4932,-0.105829,54.957456,-23.019618,-66.4074,1.248541,1.342130,1.156766,-0.653219,-1.064030,-0.691402,-0.927400
271,49.771,B,4,55.497910,-23.465943,54.633157,-24.001173,54.161908,-24.048726,0.075034,1.176385,-67.1158,-0.119093,-67.2721,-0.096630,55.123692,-23.075548,-67.1819,1.047572,1.368249,0.540784,-0.490535,-0.925625,0.374218,-0.390395
272,49.950,B,4,56.276305,-24.436787,55.070205,-23.976803,54.758112,-24.039442,0.801115,1.547694,-67.6798,-0.115888,-67.9270,-0.114342,55.319142,-23.145679,-67.9535,0.867604,1.055257,1.607209,-0.248937,-0.831124,0.957163,-1.291108
273,50.129,B,4,55.731754,-24.595442,55.449272,-24.164836,54.794643,-24.050267,1.163194,1.350299,-68.4657,-0.109517,-68.5581,-0.106211,55.448639,-23.192415,-68.4598,0.972421,1.078712,1.431306,0.000633,-0.972420,0.283115,-1.403027
274,50.327,B,4,54.858210,-24.723915,55.449272,-24.164836,54.998027,-24.160019,1.064500,1.209194,-68.9439,-0.104331,-69.1509,-0.099961,55.640509,-23.259659,-69.1740,0.925158,1.106088,1.660132,-0.191237,-0.905177,-0.782299,-1.464256
275,50.507,B,4,55.965324,-24.712953,55.518428,-24.365780,55.005666,-24.274731,1.087449,0.597353,-69.4054,-0.099806,-69.7125,-0.094395,55.765683,-23.301415,-69.6245,1.092706,1.234897,1.425587,-0.247255,-1.064365,0.199642,-1.411539
276,50.685,B,4,55.808159,-24.532270,55.743044,-24.624049,55.209587,-24.368327,1.031939,0.706793,-70.1582,-0.094479,-70.2495,-0.091701,55.947317,-23.358828,-70.2705,1.281606,1.250334,1.181665,-0.204273,-1.265221,-0.139159,-1.173442
277,50.840,B,4,55.392839,-25.266027,55.772030,-24.774226,55.348715,-24.412895,1.250814,0.225184,-70.5280,-0.092147,-70.7655,-0.090037,56.063879,-23.394082,-70.6844,1.410664,1.244765,1.988586,-0.291849,-1.380144,-0.671040,-1.871945
278,51.015,B,4,56.522525,-24.024283,55.882119,-24.785243,55.587886,-24.483427,0.533709,0.820161,-71.2851,-0.140582,-71.4367,-0.195268,56.206454,-23.436184,-71.2702,1.387499,1.216282,0.667653,-0.324335,-1.349059,0.316071,-0.588098
279,51.160,B,4,56.116769,-25.276979,55.882119,-24.785243,55.619678,-24.498064,0.493348,0.734197,-72.1140,-0.139862,-72.4449,-0.098948,56.349307,-23.475646,-72.3445,1.390435,1.256064,1.816280,-0.467188,-1.309597,-0.232538,-1.801332
280,51.343,B,4,56.586648,-25.064229,56.066066,-24.779696,55.738612,-24.653702,0.865315,0.532812,-72.4305,-0.096067,-72.6277,-0.043056,56.490494,-23.525548,-72.5985,1.324019,1.355751,1.541682,-0.424429,-1.254148,0.096154,-1.538681
281,51.526,B,4,56.512269,-26.096755,56.375679,-25.221172,55.920581,-24.744546,1.685254,0.430431,-72.9937,-0.127315,-73.4854,-0.229069,56.633248,-23.574505,-73.2749,1.666689,1.369996,2.525149,-0.257568,-1.646667,-0.120979,-2.522249
282,51.729,B,4,56.369750,-24.704160,56.456830,-25.354724,56.111767,-24.953838,0.841923,0.492616,-74.1624,-0.105270,-74.2775,-0.054082,56.804212,-23.634603,-74.2891,1.754848,1.489920,1.154430,-0.347382,-1.720121,-0.434462,-1.069557
283,51.910,B,4,56.277498,-25.289148,56.465675,-25.289980,56.135025,-24.969836,0.718350,0.331332,-74.5943,-0.128118,-74.9864,-0.217781,56.942584,-23.685969,-75.0384,1.673408,1.516729,1.735663,-0.476910,-1.604011,-0.665086,-1.603180
284,52.086,B,4,56.139674,-25.213439,56.465675,-25.289980,56.190937,-25.049461,0.641511,0.282030,-75.3788,-0.157316,-75.9341,-0.121001,57.077991,-23.734342,-75.9624,1.671807,1.586317,1.751618,-0.612316,-1.555637,-0.938317,-1.479096
285,52.245,B,4,56.399031,-24.580503,56.427532,-25.314909,56.204975,-25.097612,0.419429,0.106307,-76.1718,-0.165076,-76.9294,-0.189983,57.184440,-23.770520,-76.7586,1.719898,1.649402,1.128247,-0.756908,-1.544389,-0.785409,-0.809983
286,52.420,B,4,56.664823,-25.197252,56.456903,-25.090611,56.261142,-25.021068,-0.025901,0.325351,-77.4161,-0.178837,-77.9444,-0.182426,57.342502,-23.821778,-77.9850,1.547327,1.614818,1.533355,-0.885599,-1.268832,-0.677680,-1.375474
287,52.595,B,4,57.424020,-24.785227,56.652364,-25.045657,56.543959,-25.017346,-0.142434,0.817530,-78.7087,-0.189278,-79.0268,-0.196828,57.474481,-23.863449,-79.0713,1.439963,1.482346,0.923158,-0.822117,-1.182209,-0.050461,-0.921778
288,52.771,B,4,57.409797,-25.259447,56.922579,-25.027026,56.567794,-25.030519,0.183421,0.973313,-79.6869,-0.196571,-80.1655,-0.203570,57.580345,-23.897960,-79.9796,1.306693,1.519193,1.372127,-0.657766,-1.129066,-0.170548,-1.361487
289,52.958,B,4,57.255535,-24.305523,56.922579,-25.027026,56.742396,-25.084928,0.182790,0.876422,-80.5918,-0.203492,-81.3613,-0.213372,57.712191,-23.944174,-81.1660,1.340170,1.497272,0.582330,-0.789612,-1.082852,-0.456656,-0.361350
290,53.142,B,4,57.766536,-24.736641,57.105556,-24.933196,56.858602,-24.956104,-0.343265,0.976723,-81.7226,-0.211829,-82.6170,-0.223577,57.842325,-23.994213,-82.4121,1.193531,1.375843,0.746286,-0.736770,-0.938982,-0.075789,-0.742428
291,53.344,B,4,57.183048,-25.527969,57.421483,-24.871205,57.070755,-25.032632,0.369718,0.834369,-83.3703,-0.225021,-83.9301,-0.233058,57.995525,-24.057593,-83.9837,0.995735,1.343838,1.679918,-0.574042,-0.813612,-0.812477,-1.470377
292,53.510,B,4,57.422513,-24.619243,57.455402,-24.939059,57.153181,-24.968384,0.027454,0.739726,-84.5022,-0.232260,-85.2932,-0.240797,58.096325,-24.100068,-85.0721,1.055788,1.281988,0.850626,-0.640922,-0.838992,-0.673812,-0.519175
293,53.694,B,4,57.588073,-25.247545,57.524204,-24.945602,57.249641,-25.025185,0.331568,0.655997,-86.3533,-0.243691,-86.6989,-0.248415,58.246890,-24.161326,-86.7559,1.066472,1.319378,1.270398,-0.722686,-0.784276,-0.658817,-1.086219
294,53.855,B,4,58.158495,-25.580974,57.524204,-24.945602,57.272351,-25.035088,0.312673,0.586201,-87.5119,-0.177361,-87.7793,-0.114345,58.346483,-24.202389,-87.6740,1.108380,1.359098,1.391343,-0.822278,-0.743213,-0.187987,-1.378585
295,54.034,B,4,57.814351,-24.670373,57.678705,-25.122766,57.453766,-25.144252,0.716799,0.760348,-87.9045,-0.175990,-88.9635,-0.287283,58.469036,-24.255280,-88.7095,1.173522,1.349461,0.775187,-0.790331,-0.867486,-0.654685,-0.415093
296,54.225,B,4,57.675635,-24.844345,57.822329,-25.156697,57.541197,-25.069831,0.203692,0.740544,-88.4140,-0.211656,-90.7069,-0.236067,58.593512,-24.317064,-90.4800,1.140047,1.293841,1.058548,-0.771183,-0.839633,-0.917876,-0.527282
297,54.419,B,4,58.140620,-25.168600,57.910582,-25.036471,57.685057,-25.061279,0.135712,0.614594,-91.3888,-0.183309,-91.6178,-0.165084,58.709194,-24.383767,-91.4762,1.031409,1.227957,0.969143,-0.798612,-0.652704,-0.568574,-0.784833
298,54.590,B,4,58.702476,-24.527617,58.102254,-24.975322,57.883653,-24.973787,-0.297024,0.911590,-92.4221,-0.244333,-93.0367,-0.270163,58.826442,-24.457913,-92.7776,0.890034,1.074698,0.142219,-0.724188,-0.517408,-0.123966,-0.069703
299,54.764,B,4,57.655400,-25.034229,58.102254,-24.975322,57.908095,-24.980253,-0.250175,0.829784,-93.6282,-0.179157,-94.0453,-0.143274,58.940485,-24.538751,-93.9253,0.945106,1.122833,1.377295,-0.838231,-0.436570,-1.285085,-0.495478
300,54.939,B,4,58.043406,-25.246761,58.176111,-24.903631,57.884069,-24.996201,-0.096090,0.439609,-94.4257,-0.202995,-95.2430,-0.190914,59.053894,-24.626468,-95.0561,0.920501,1.226863,1.185685,-0.877783,-0.277164,-1.010488,-0.620293
301,55.119,B,4,58.196365,-26.350915,58.156095,-25.276237,57.931627,-25.048004,1.176214,0.425486,-96.0490,-0.183051,-96.2459,-0.183567,59.186254,-24.739649,-96.2861,1.161531,1.291964,1.891047,-1.030159,-0.536588,-0.989889,-1.611266
302,55.288,B,4,58.374392,-25.312903,58.218583,-25.519378,57.996445,-25.292246,0.810812,0.432595,-96.8547,-0.178336,-97.2188,-0.168436,59.272345,-24.819443,-97.0637,1.265039,1.360685,1.024608,-1.053762,-0.699935,-0.897952,-0.493460
303,55.477,B,4,58.991503,-26.072606,58.378846,-25.646491,58.081170,-25.308239,1.072328,0.796040,-97.6423,-0.169928,-98.1624,-0.160135,59.398243,-24.945186,-98.1992,1.237336,1.366195,1.198546,-1.019397,-0.701305,-0.406740,-1.127420
304,55.664,B,4,58.828570,-26.041568,58.378846,-25.646491,58.262300,-25.459237,0.980934,0.703614,-98.4363,-0.161832,-99.0608,-0.152442,59.480027,-25.033056,-98.9202,1.260517,1.290151,1.200622,-1.101181,-0.613435,-0.651457,-1.008513
305,55.850,B,4,58.611064,-25.582243,58.571722,-25.857479,58.382553,-25.579633,1.011902,0.782739,-99.2816,-0.154109,-99.9123,-0.144908,59.580351,-25.147862,-99.7793,1.233243,1.273242,1.062170,-1.008629,-0.709616,-0.969287,-0.434381
306,56.054,B,4,59.006001,-25.963408,58.743382,-25.924852,58.441799,-25.595887,0.558787,0.738368,-100.3222,-0.143186,-100.7159,-0.135843,59.698474,-25.293596,-100.7470,1.144852,1.292521,0.963414,-0.955092,-0.631256,-0.692472,-0.669813
307,56.233,B,4,59.660664,-26.232346,58.960251,-26.031832,58.756245,-25.776026,0.605488,1.108881,-101.3237,-0.133177,-101.4729,-0.129373,59.775771,-25.395770,-101.3548,1.034238,1.088131,0.844458,-0.815521,-0.636062,-0.115107,-0.836577
308,56.405,B,4,60.283796,-26.658894,59.319516,-26.228137,59.045425,-25.947620,0.828865,1.639060,-101.9434,-0.126564,-102.1875,-0.122662,59.870239,-25.528985,-102.0758,0.890005,0.924972,1.203214,-0.550723,-0.699152,0.413558,-1.129909
309,56.584,B,4,59.474076,-26.411342,59.568685,-26.400251,59.143027,-26.047338,0.743983,1.362197,-102.5140,-0.120669,-102.8638,-0.115427,59.961740,-25.667826,-102.7581,0.831228,0.902398,0.889176,-0.393055,-0.732426,-0.487664,-0.743517
310,56.767,B,4,58.964511,-26.647506,59.568685,-26.400251,59.168095,-26.068895,0.698028,1.249933,-103.1159,-0.115277,-103.5043,-0.108901,60.050118,-25.811615,-103.4042,0.760441,0.918781,1.370130,-0.481433,-0.588636,-1.085607,-0.835890
311,56.975,B,4,59.327684,-27.493330,59.549438,-26.514116,59.153228,-26.193919,0.845243,0.841502,-103.4145,-0.112555,-104.1091,-0.103351,60.135812,-25.959773,-104.0148,0.806928,1.010098,1.733456,-0.586375,-0.554344,-0.808129,-1.533557
312,57.172,B,4,59.610445,-27.629264,59.488118,-26.776326,59.203586,-26.451019,1.421254,0.776263,-103.8922,-0.107792,-104.6773,-0.096300,60.236036,-26.143018,-104.6992,0.980031,1.077413,1.612543,-0.747918,-0.633308,-0.625592,-1.486247
313,57.356,B,4,59.867842,-27.075309,59.517863,-27.137374,59.294597,-26.689787,1.668934,0.826519,-104.5806,-0.100012,-105.2089,-0.087517,60.301542,-26.268604,-105.1263,1.170006,1.091482,0.915898,-0.783679,-0.868770,-0.433700,-0.806705
314,57.552,B,4,60.482599,-26.970025,59.610171,-27.319384,59.415619,-26.787031,1.066177,0.716755,-105.4653,-0.088600,-105.7062,-0.083680,60.381720,-26.429706,-105.6288,1.177631,1.030064,0.549656,-0.771548,-0.889678,0.100880,-0.540319
315,57.746,B,4,59.838339,-28.106443,59.807167,-27.311586,59.627112,-26.846838,0.550049,0.938061,-105.8383,-0.083306,-106.1727,-0.077669,60.459366,-26.595607,-106.1000,0.968499,0.869347,1.633494,-0.652199,-0.715979,-0.621027,-1.510837
316,57.923,B,4,59.600854,-27.810860,59.956807,-27.460775,59.684927,-27.101231,1.124745,0.973082,-106.0224,-0.081274,-106.6120,-0.072926,60.533815,-26.766429,-106.5435,0.902803,0.912525,1.400447,-0.577007,-0.694346,-0.932961,-1.044432
317,58.092,B,4,59.797159,-27.150188,59.933954,-27.706760,59.684211,-27.252398,1.119625,0.659332,-106.4031,-0.077015,-107.0259,-0.069830,60.604833,-26.942181,-106.9614,1.017183,0.971483,0.834029,-0.670880,-0.764579,-0.807674,-0.208007
318,58.302,B,4,60.134929,-27.859010,59.893219,-27.706240,59.723170,-27.266718,0.459852,0.352278,-106.9751,-0.071940,-107.4143,-0.064788,60.672751,-27.122719,-107.3539,0.973739,0.960437,0.911799,-0.779532,-0.583521,-0.537822,-0.736291
319,58.490,B,4,60.265464,-27.802246,59.931281,-27.688922,59.813156,-27.400960,0.469121,0.424478,-107.5112,-0.065543,-107.7767,-0.060985,60.751002,-27.345196,-107.7907,0.888870,0.939501,0.666815,-0.819721,-0.343726,-0.485538,-0.457050
320,58.669,B,4,60.336381,-28.212339,60.028647,-27.775368,59.906305,-27.493299,0.395157,0.513328,-107.8692,-0.062205,-108.1141,-0.055097,60.801495,-27.496683,-108.0617,0.821559,0.895197,0.853519,-0.772848,-0.278685,-0.465114,-0.715656
321,58.861,B,4,59.844173,-28.454838,60.135032,-27.897273,60.000448,-27.651112,0.618171,0.696524,-108.0135,-0.059758,-108.4292,-0.052509,60.862582,-27.689251,-108.3801,0.756705,0.862978,1.274080,-0.727550,-0.208022,-1.018409,-0.765587
322,59.041,B,4,60.401883,-29.802541,60.151482,-28.095966,59.986398,-27.824167,0.915308,0.521525,-108.3672,-0.055161,-108.7258,-0.049364,60.920887,-27.885223,-108.6795,0.797744,0.936481,1.986321,-0.769404,-0.210742,-0.519004,-1.917317
323,59.196,B,4,61.610664,-29.539869,60.166057,-28.519997,60.071951,-28.206364,1.904052,0.968666,-108.6420,-0.051976,-109.0071,-0.047361,60.975853,-28.084688,-108.9630,0.919381,0.912054,1.587620,-0.809795,-0.435309,0.634811,-1.455181
324,59.369,B,4,61.242181,-28.791435,60.439711,-29.032100,60.368159,-28.488430,1.692659,1.523510,-109.1019,-0.047216,-109.2739,-0.045754,61.027261,-28.287981,-109.2322,0.948118,0.688909,0.547409,-0.587550,-0.744118,0.214920,-0.503454
325,59.575,B,4,60.206652,-30.162370,60.780927,-29.218197,60.545202,-28.578932,1.047466,1.481331,-109.3305,-0.045006,-109.5258,-0.043465,61.075268,-28.495551,-109.4865,0.780291,0.536584,1.879569,-0.294341,-0.722646,-0.868616,-1.666819
326,59.782,B,4,59.896900,-30.688404,60.833870,-29.428869,60.498996,-28.893354,1.758176,1.245594,-109.4421,-0.043774,-109.7619,-0.039062,61.120169,-28.707688,-109.7252,0.775931,0.648327,2.328009,-0.286299,-0.721181,-1.223269,-1.980716
327,59.942,B,4,60.566292,-30.111748,60.655525,-29.906171,60.406923,-29.263704,2.383071,0.854083,-109.6772,-0.040895,-109.9834,-0.039132,61.162102,-28.924282,-109.9489,1.104864,0.827951,1.328557,-0.506577,-0.981889,-0.595809,-1.187466
328,60.131,B,4,61.528041,-31.308990,60.695905,-30.535303,60.447005,-29.458843,2.193350,1.342003,-110.1149,-0.033683,-110.1520,0.014007,61.207880,-29.188565,-110.1464,1.440772,0.807454,2.144459,-0.511976,-1.346738,0.320160,-2.120425
329,60.318,B,4,59.625790,-30.523835,60.695905,-30.535303,60.654564,-29.836313,1.981520,1.214821,-110.0280,0.035450,-109.7330,0.033823,61.234946,-29.356766,-109.7728,1.295961,0.752867,1.987821,-0.539042,-1.178537,-1.609156,-1.167069
330,60.481,B,4,60.377550,-31.818069,60.676804,-30.812823,60.481037,-30.005555,1.699222,0.407693,-109.8279,-0.005113,-110.0241,-0.117058,61.269652,-29.569795,-109.9162,1.377166,0.900999,2.418798,-0.592847,-1.243028,-0.892102,-2.248274
331,60.638,B,4,60.861485,-30.470294,60.483809,-31.076677,60.470199,-30.378486,2.272284,0.551855,-109.8864,-0.051390,-110.0735,0.092477,61.303166,-29.780226,-110.1477,1.533666,1.025549,0.819315,-0.819357,-1.296451,-0.441681,-0.690069
332,60.808,B,4,59.995843,-31.216931,60.508704,-31.230428,60.548568,-30.441221,1.191958,0.424534,-110.1386,-0.017743,-109.6247,0.004488,61.331678,-29.980488,-109.6387,1.496541,0.908590,1.820233,-0.822974,-1.249939,-1.335835,-1.236443
333,60.973,B,4,60.582231,-30.609546,60.475197,-31.202760,60.455917,-30.624601,1.137137,0.087180,-109.7546,0.033010,-109.5769,0.089218,61.359493,-30.188769,-109.6476,1.345420,1.003195,0.883850,-0.884296,-1.013991,-0.777263,-0.420777
334,61.163,B,4,61.249026,-31.746817,60.408880,-31.172073,60.484211,-30.662949,0.391396,-0.003384,-109.4183,0.079412,-109.0332,0.051521,61.382307,-30.390185,-109.0799,1.248562,0.938603,1.363163,-0.973427,-0.781888,-0.133281,-1.356632
335,61.359,B,4,61.097023,-31.676436,60.546785,-31.220735,60.629247,-30.897519,0.639155,0.541889,-108.9905,0.067352,-108.5863,0.110606,61.402932,-30.593740,-108.6836,1.061183,0.831186,1.125083,-0.856147,-0.626995,-0.305909,-1.082696
336,61.569,B,4,60.139298,-31.335810,60.741835,-31.435059,60.723182,-31.077348,0.734849,0.798912,-108.8146,0.080830,-108.1140,0.030255,61.420459,-30.793456,-108.1492,0.933909,0.752854,1.391230,-0.678624,-0.641604,-1.281160,-0.542354
337,61.755,B,4,60.623345,-32.844573,60.733357,-31.515975,60.626728,-31.161903,0.583086,0.286399,-108.1994,0.062704,-108.0063,0.086314,61.437802,-30.995809,-108.0746,0.875680,0.827906,2.020215,-0.704445,-0.520166,-0.814457,-1.848764
338,61.928,B,4,60.676461,-32.184714,60.647393,-31.770738,60.633151,-31.503432,1.477559,0.561637,-108.0640,0.038804,-107.0696,0.178388,61.448871,-31.197273,-107.2429,0.985510,0.871282,1.253657,-0.801478,-0.573465,-0.772409,-0.987441
339,62.090,B,4,61.295772,-32.706545,60.653637,-32.105512,60.648047,-31.666001,1.196933,0.494424,-106.9245,0.102294,-106.6228,-0.010459,61.460500,-31.399518,-106.6218,1.072127,0.855041,1.317367,-0.806864,-0.705994,-0.164729,-1.307027
340,62.261,B,4,60.247912,-32.932067,60.761166,-32.319746,60.772990,-31.893040,1.272081,0.841252,-106.5647,0.058420,-106.2587,0.147337,61.471777,-31.604015,-106.3846,1.008584,0.756200,1.805981,-0.710612,-0.715732,-1.223865,-1.328052
341,62.436,B,4,60.130089,-33.128535,60.784296,-32.591424,60.686747,-32.120567,1.594739,0.562646,-106.4114,0.089150,-105.6443,0.057688,61.476902,-31.808267,-105.6973,1.045485,0.849634,1.886005,-0.692606,-0.783157,-1.346814,-1.320268
342,62.630,B,4,60.686263,-32.474807,60.623863,-32.849865,60.592138,-32.343094,1.710671,0.274435,-105.9088,0.097594,-105.3369,0.062920,61.482329,-32.017424,-105.3864,1.195794,0.947894,0.918107,-0.858467,-0.832441,-0.796066,-0.457383
343,62.807,B,4,60.996628,-33.801314,60.556528,-32.937974,60.613495,-32.406340,1.017343,0.198562,-105.3735,0.065672,-104.7146,0.153951,61.483098,-32.230327,-104.8442,1.165888,0.887237,1.644583,-0.926570,-0.707647,-0.486470,-1.570987
344,63.010,B,4,61.241935,-34.165305,60.633807,-33.094404,60.688290,-32.696421,1.311736,0.542174,-104.3993,0.142230,-103.7983,0.092411,61.482480,-32.480683,-103.7786,1.047330,0.822971,1.701709,-0.848673,-0.613721,-0.240544,-1.684622
345,63.201,B,4,61.319367,-35.112616,60.956489,-34.010897,60.795991,-33.002116,2.485881,1.336848,-103.6214,0.054103,-103.6276,0.029728,61.482997,-32.695000,-103.6188,1.417320,0.752528,2.423147,-0.526509,-1.315897,-0.163630,-2.417615
346,63.359,B,4,60.918023,-34.440971,61.046523,-34.429698,60.903624,-33.607135,2.152946,1.096730,-103.1050,0.136622,-102.8772,0.192625,61.480200,-32.858452,-103.0546,1.629997,0.944969,1.679407,-0.433677,-1.571246,-0.562177,-1.582518
347,63.522,B,4,61.404211,-35.612344,61.125658,-34.799576,60.915038,-33.656867,2.546110,1.326167,-102.3906,0.110925,-102.1324,0.070890,61.475420,-33.059613,-102.1948,1.774769,0.818988,2.553724,-0.349763,-1.739963,-0.071210,-2.552731
348,63.713,B,4,60.513276,-34.148155,61.122634,-34.985980,61.015470,-34.057844,1.477699,0.618384,-101.8080,0.132563,-101.4275,0.187238,61.470812,-33.261986,-101.5996,1.758802,0.916911,1.304673,-0.348177,-1.723995,-0.957536,-0.886169
349,63.911,B,4,60.329802,-34.445026,61.122634,-34.985980,60.937361,-34.124617,1.326888,0.579652,-101.0430,0.151750,-100.5163,0.137751,61.462632,-33.496906,-100.4844,1.527397,0.818494,1.477239,-0.339998,-1.489075,-1.132830,-0.948120
350,64.095,B,4,60.716628,-34.803181,60.949750,-34.874060,60.836562,-34.225392,0.862543,0.082592,-100.3391,0.156123,-99.5883,0.181047,61.455049,-33.689426,-99.5466,1.287899,0.818404,1.336306,-0.505299,-1.184634,-0.738421,-1.113754
351,64.275,B,4,60.751888,-35.321502,60.829787,-34.861730,60.822782,-34.373495,0.764643,-0.002836,-99.9646,0.161025,-98.5680,0.194019,61.446142,-33.877516,-98.5241,1.161280,0.796601,1.602212,-0.616355,-0.984214,-0.694254,-1.443986
352,64.457,B,4,61.186880,-35.431984,60.793864,-34.986120,60.817097,-34.584214,0.978233,0.038684,-99.0239,0.178497,-97.7630,0.059318,61.436859,-34.066271,-97.7512,1.122303,0.807694,1.388402,-0.642995,-0.919849,-0.249979,-1.365713
353,64.621,B,4,60.745751,-35.499733,60.838411,-35.178947,60.891705,-34.778029,1.038583,0.300693,-97.8530,0.119276,-97.0146,0.212237,61.427022,-34.256753,-96.9643,1.094032,0.747190,1.417437,-0.588612,-0.922194,-0.681271,-1.242980
354,64.797,B,4,60.127900,-36.189112,60.878782,-35.342862,60.874233,-34.948503,0.944946,0.208235,-96.4828,0.220520,-95.4736,0.170223,61.413694,-34.450696,-95.5536,1.040236,0.734050,2.162257,-0.534911,-0.892166,-1.285794,-1.738416
355,64.950,B,4,60.858723,-35.848626,60.753458,-35.588449,60.747160,-35.212859,1.408474,-0.085406,-95.4772,0.178798,-94.9530,0.108582,61.406159,-34.650214,-94.9263,1.142936,0.866515,1.317527,-0.652701,-0.938235,-0.547436,-1.198412
356,65.174,B,4,60.929789,-34.874868,60.669271,-35.822024,60.771922,-35.360185,1.319859,0.041491,-95.1501,0.133840,-93.8705,0.214443,61.395861,-34.810191,-94.0731,1.245689,0.831742,0.470538,-0.726590,-1.011834,-0.466072,-0.064678
357,65.378,B,4,60.367248,-35.716942,60.728924,-35.744245,60.807796,-35.316899,0.288127,0.093576,-94.1312,0.188306,-93.1236,0.102872,61.384482,-35.012210,-93.2132,0.982666,0.652229,1.237503,-0.655559,-0.732035,-1.017235,-0.704732
358,65.561,B,4,60.425152,-36.199120,60.610342,-35.769806,60.734324,-35.422488,0.719533,-0.191955,-92.6804,0.159121,-92.2189,0.134744,61.370056,-35.257438,-92.1899,0.916343,0.656807,1.334019,-0.759713,-0.512368,-0.944903,-0.941682
359,65.730,B,4,60.853560,-36.594368,60.610342,-35.769806,60.683057,-35.595208,0.652833,-0.164139,-91.6701,0.145387,-91.4590,0.140522,61.361922,-35.423540,-91.5941,0.827509,0.700234,1.276429,-0.751579,-0.346266,-0.508362,-1.170828
360,65.905,B,4,61.074169,-36.548436,60.605526,-36.026760,60.718189,-35.808566,1.061670,0.036812,-91.3523,0.141091,-90.7039,0.129751,61.352152,-35.634893,-90.8232,0.843215,0.657322,0.954901,-0.746627,-0.391867,-0.277984,-0.913543
361,66.065,B,4,60.796751,-38.194962,60.705487,-36.278795,60.788115,-35.975632,1.232523,0.280318,-90.9893,0.136600,-89.9762,0.125495,61.343301,-35.851453,-90.0905,0.767742,0.568904,2.406398,-0.637814,-0.427342,-0.546550,-2.343509
362,66.224,B,4,61.405247,-36.575690,60.781553,-36.743284,60.796969,-36.411986,2.441985,0.303344,-90.3601,0.131034,-89.2813,0.118384,61.334543,-36.073491,-89.3902,0.868574,0.635268,0.507152,-0.552990,-0.669793,0.070704,-0.502199
363,66.389,B,4,60.889565,-37.524493,60.896934,-37.085982,60.914889,-36.479761,1.595103,0.607158,-89.4863,0.123454,-88.6198,0.114553,61.325407,-36.300537,-88.7235,0.894713,0.447935,1.299240,-0.428473,-0.785444,-0.435841,-1.223955
364,66.586,B,4,60.597255,-38.112480,61.005953,-37.196835,60.919991,-36.704917,1.511181,0.444443,-88.3637,0.113135,-87.9894,0.108620,61.316098,-36.531594,-88.0883,0.733987,0.432368,1.736646,-0.310145,-0.665242,-0.718843,-1.580887
365,66.768,B,4,60.646753,-37.894803,60.964704,-37.519725,60.870732,-36.997139,1.845319,0.190343,-87.8448,0.108416,-87.3853,0.103729,61.307367,-36.765558,-87.4803,0.828362,0.494246,1.308283,-0.342662,-0.754166,-0.660614,-1.129245
366,66.950,B,4,60.607471,-38.756767,60.887362,-37.806071,60.837905,-37.198945,1.799443,0.029301,-87.6133,0.106197,-86.8035,0.100296,61.299925,-37.001655,-86.8952,0.904042,0.502379,1.886772,-0.412562,-0.804416,-0.692453,-1.755112
367,67.126,B,4,61.063661,-38.447516,60.830071,-38.407879,60.849333,-37.685517,1.896676,0.066028,-86.4072,0.098648,-86.2431,0.095219,61.293900,-37.239752,-86.3313,1.256844,0.629560,1.229514,-0.463829,-1.168127,-0.230239,-1.207764
368,67.304,B,4,60.331262,-38.941741,60.797583,-38.635648,60.763376,-37.945763,1.905905,-0.237154,-85.9193,0.095181,-85.7058,0.093347,61.288766,-37.480452,-85.7901,1.255285,0.701819,1.747049,-0.491183,-1.155196,-0.957504,-1.461290
369,67.469,B,4,60.811128,-38.415403,60.797583,-38.635648,60.768341,-37.992234,1.724703,-0.198377,-85.4920,0.091789,-85.1942,0.086789,61.283806,-37.724804,-85.2743,1.032496,0.580709,0.836870,-0.486223,-0.910843,-0.472678,-0.690598
370,67.665,B,4,61.075939,-38.646053,60.733808,-38.768734,60.781108,-38.111268,1.201851,-0.101194,-85.0604,0.087993,-84.7083,0.082469,61.278735,-37.973754,-84.7844,0.963814,0.516278,0.702219,-0.544927,-0.794979,-0.202796,-0.672299
371,67.842,B,4,60.188401,-39.473747,60.795358,-38.782930,60.839969,-38.248240,0.998916,0.094975,-84.8532,0.085977,-84.2444,0.078931,61.273974,-38.227641,-84.3174,0.733088,0.434494,1.652649,-0.478616,-0.555288,-1.085573,-1.246106
372,68.039,B,4,60.255165,-40.276245,60.591497,-39.355587,60.727738,-38.509653,2.000447,-0.552005,-84.0287,0.079297,-83.7973,0.076036,61.270365,-38.486034,-83.8679,1.103169,0.543140,2.058029,-0.678867,-0.869553,-1.015200,-1.790211
373,68.210,B,4,61.274444,-40.158318,60.626328,-39.768905,60.645515,-38.871083,2.127845,-0.093084,-83.6315,0.076645,-83.3632,0.075219,61.268532,-38.747936,-83.4318,1.206153,0.635072,1.410394,-0.642204,-1.020969,0.005912,-1.410382
374,68.395,B,4,60.550938,-40.000930,60.626328,-39.768905,60.762297,-39.148549,1.923985,-0.069713,-83.1968,0.073926,-82.9425,0.072788,61.268419,-39.012230,-83.0088,0.992390,0.524159,1.221600,-0.642091,-0.756675,-0.717481,-0.988700
375,68.598,B,4,61.150449,-39.775136,60.707492,-40.008691,60.728876,-39.348063,1.669504,-0.139565,-82.7161,0.071609,-82.5377,0.070148,61.269600,-39.331480,-82.5219,0.880102,0.540978,0.459378,-0.562108,-0.677211,-0.119151,-0.443656
376,68.761,B,4,59.988023,-40.615405,60.759293,-40.086955,60.809833,-39.469297,1.283586,0.153932,-82.7161,0.071612,-82.1515,0.065842,61.270624,-39.545484,-82.2121,0.744748,0.467047,1.670268,-0.511330,-0.541471,-1.282600,-1.069921
377,68.930,B,4,61.408501,-41.226635,60.715415,-40.220516,60.666051,-39.719213,1.422413,-0.360473,-82.3324,0.069147,-81.7833,0.063271,61.272063,-39.814755,-81.8412,0.688839,0.613497,1.418457,-0.556648,-0.405761,0.136438,-1.411880
378,69.102,B,4,60.788144,-41.192931,60.715095,-40.554911,60.803924,-40.035641,1.913229,0.049713,-81.8357,0.065040,-81.4292,0.060533,61.274892,-40.141539,-81.4153,0.695880,0.482727,1.158598,-0.559797,-0.413371,-0.486748,-1.051392
379,69.278,B,4,60.257868,-40.920015,60.835983,-40.892183,60.806946,-40.290497,1.738473,0.000075,-81.2560,0.060665,-81.0840,0.058309,61.278212,-40.362164,-81.1388,0.690280,0.476684,1.162884,-0.442229,-0.530019,-1.020344,-0.557851
380,69.483,B,4,60.713393,-41.446532,60.762223,-41.068050,60.712519,-40.449806,1.354212,-0.263866,-80.9364,0.059518,-80.7444,0.058478,61.284547,-40.641289,-80.7984,0.674498,0.603226,0.987235,-0.522325,-0.426761,-0.571154,-0.805243
381,69.665,B,4,60.694920,-41.643125,60.686498,-41.214297,60.715926,-40.674333,1.482007,-0.261314,-80.8054,0.059085,-80.4108,0.055655,61.293218,-40.923869,-80.4637,0.672650,0.628914,0.935569,-0.606720,-0.290429,-0.598298,-0.719257
382,69.833,B,4,60.877534,-41.787466,60.689300,-41.425132,60.715452,-40.893774,1.479412,-0.246062,-80.5415,0.057832,-80.0861,0.054132,61.303555,-41.209188,-80.1373,0.651107,0.667346,0.718261,-0.614254,-0.215944,-0.426021,-0.578278
383,70.035,B,4,61.638458,-42.104554,60.885675,-41.828275,60.748325,-41.099387,1.576137,0.325411,-79.8958,0.054695,-79.7358,0.053280,61.317166,-41.553870,-79.7603,0.511353,0.728103,0.637559,-0.431490,-0.274405,0.321292,-0.550684
384,70.209,B,4,60.514072,-43.285874,60.885675,-41.828275,60.914641,-41.324746,1.423116,0.301714,-79.6264,0.052442,-79.4702,0.050431,61.329321,-41.842091,-79.4583,0.443860,0.663028,1.658054,-0.443645,0.013816,-0.815249,-1.443784
385,70.376,B,4,60.436820,-43.564389,60.966926,-42.229037,60.849536,-41.724453,2.123298,-0.141119,-79.3519,0.051444,-79.1761,0.049821,61.342729,-42.130886,-79.1644,0.388409,0.639083,1.695760,-0.375803,-0.098151,-0.905909,-1.433503
386,70.536,B,4,60.658184,-43.363275,60.846618,-42.774188,60.780309,-42.106235,2.675644,-0.516238,-79.3519,0.051435,-78.8869,0.049000,61.354850,-42.362532,-78.9330,0.654034,0.629114,1.219356,-0.508232,-0.411656,-0.696666,-1.000743
387,70.747,B,4,60.785213,-43.639170,60.764824,-43.179310,60.762189,-42.384930,2.454569,-0.529954,-79.0006,0.050858,-78.6011,0.049605,61.372127,-42.653455,-78.6466,0.803331,0.666432,1.147215,-0.607303,-0.525855,-0.586915,-0.985715
388,70.922,B,4,61.739205,-43.588182,60.750580,-43.456108,60.770049,-42.663547,2.288164,-0.457820,-78.7296,0.050134,-78.3193,0.048694,61.395857,-43.005655,-78.3082,0.786950,0.713213,0.676185,-0.645277,-0.450454,0.343348,-0.582527
389,71.083,B,4,61.599861,-43.361311,60.904054,-43.658511,60.950497,-42.882340,1.998708,0.148978,-78.3715,0.049277,-78.0442,0.048163,61.413111,-43.242772,-78.0877,0.657251,0.586450,0.221195,-0.509057,-0.415739,0.186750,-0.118539
390,71.283,B,4,60.705537,-46.289546,61.154354,-43.724015,61.076629,-43.018842,1.317878,0.457017,-77.9906,0.046948,-77.7776,0.045201,61.435869,-43.541758,-77.8197,0.335363,0.634424,2.843189,-0.281515,-0.182257,-0.730332,-2.747788
391,71.456,B,4,60.233719,-44.694797,61.197716,-44.217440,61.017642,-43.649511,3.106784,-0.269770,-77.8645,0.046191,-77.5194,0.044198,61.459840,-43.843007,-77.5602,0.457066,0.482680,1.492957,-0.262124,-0.374433,-1.226122,-0.851790
392,71.630,B,4,60.771804,-45.848770,61.015710,-44.812090,60.884135,-43.905109,2.448008,-0.680047,-77.6727,0.045521,-77.2676,0.042522,61.485248,-44.145517,-77.3076,0.815345,0.647404,1.846639,-0.469539,-0.666574,-0.713444,-1.703253
393,71.804,B,4,60.882615,-45.488800,60.869428,-45.149709,60.868259,-44.313777,2.743772,-0.778985,-77.3532,0.044139,-77.0208,0.042892,61.512383,-44.448383,-77.0600,0.951446,0.658038,1.216172,-0.642955,-0.701326,-0.629767,-1.040417
394,71.984,B,4,61.237798,-46.211540,60.847581,-45.497929,60.874957,-44.585233,2.129284,-0.566932,-76.9147,0.042314,-76.7788,0.040996,61.541270,-44.751244,-76.8172,1.019187,0.686683,1.491496,-0.693689,-0.746685,-0.303472,-1.460296
395,72.176,B,4,60.830490,-46.101147,60.903908,-45.786962,60.945266,-44.938212,2.272208,-0.382151,-76.7097,0.041669,-76.5434,0.038926,61.571581,-45.054427,-76.5805,0.991158,0.637006,1.282513,-0.667673,-0.732535,-0.741091,-1.046720
396,72.347,B,4,61.809951,-46.499148,60.945607,-46.071114,60.930012,-45.208128,2.126234,-0.429422,-76.6120,0.041671,-76.3167,0.037648,61.602860,-45.358734,-76.3523,0.969261,0.689497,1.159065,-0.657253,-0.712380,0.207090,-1.140414
397,72.521,B,4,60.980293,-46.263460,61.066927,-46.296758,61.095420,-45.500513,2.120310,0.055421,-76.3960,0.039718,-76.1003,0.036216,61.634877,-45.665045,-76.1342,0.849487,0.563991,0.886894,-0.567950,-0.631713,-0.654584,-0.598415
398,72.706,B,4,61.494845,-47.344705,61.233976,-46.692698,61.082929,-45.696591,2.028445,0.004615,-75.9502,0.036623,-75.8934,0.034950,61.667809,-45.973910,-75.9259,0.839564,0.647295,1.381664,-0.433834,-0.718788,-0.172965,-1.370795
399,72.878,B,4,61.549734,-48.132479,61.233976,-46.692698,61.165570,-46.051477,1.833527,0.010775,-75.7876,0.035701,-75.6943,0.034694,61.702069,-46.285311,-75.7257,0.620545,0.585243,1.853439,-0.468094,-0.407387,-0.152335,-1.847168
400,73.044,B,4,61.630424,-47.941175,61.349617,-47.175982,61.244369,-46.486853,2.454793,-0.069932,-75.7228,-0.022601,-76.0130,-0.081893,61.740854,-46.593717,-75.9280,0.701498,0.507856,1.351975,-0.391237,-0.582265,-0.110431,-1.347458
401,73.217,B,4,61.815715,-47.929927,61.577701,-47.894489,61.324106,-46.811362,2.306750,0.119426,-75.9965,-0.017373,-75.9710,0.084784,61.776378,-46.894270,-76.0404,1.019760,0.459809,1.036404,-0.198678,-1.000219,0.039337,-1.035657
402,73.398,B,4,61.609669,-48.177423,61.661868,-48.097754,61.424251,-47.074868,2.046914,0.074845,-75.5692,0.110813,-75.1319,0.112513,61.807965,-47.195111,-75.2485,0.914389,0.402113,1.002126,-0.146097,-0.902642,-0.198295,-0.982311
403,73.602,B,4,61.524606,-47.615834,61.677110,-48.154099,61.479953,-47.384211,1.235150,0.122798,-74.9521,0.017711,-74.9788,-0.048672,61.839269,-47.490856,-74.9426,0.682778,0.374808,0.338573,-0.162159,-0.663243,-0.314662,-0.124978
404,73.770,B,4,61.217753,-49.976014,61.677110,-48.154099,61.491924,-47.442908,1.116717,0.108500,-75.2251,-0.069606,-75.5942,-0.074241,61.871314,-47.794262,-75.5149,0.408898,0.517094,2.277539,-0.194204,-0.359836,-0.653561,-2.181752
405,73.992,B,4,61.650449,-49.475232,61.619286,-48.480194,61.452475,-47.957690,2.196473,-0.470184,-75.5982,-0.021751,-75.5126,0.093453,61.903424,-48.093116,-75.5883,0.480171,0.470845,1.405077,-0.284138,-0.387078,-0.252975,-1.382116
406,74.208,B,4,61.509126,-49.905783,61.588894,-49.423402,61.497426,-48.292753,2.547702,-0.578885,-75.0973,0.084635,-74.7762,0.074490,61.938441,-48.392629,-74.8538,1.088428,0.452183,1.572878,-0.349547,-1.030773,-0.429315,-1.513154
407,74.397,B,4,62.040800,-50.054797,61.654022,-49.780496,61.508942,-48.645785,2.504654,-0.315285,-74.7593,0.014280,-74.8643,-0.099760,61.974866,-48.691362,-74.7825,1.135409,0.468148,1.365028,-0.320844,-1.089134,0.065934,-1.363435
408,74.591,B,4,61.685504,-49.646847,61.732160,-49.963388,61.626778,-49.084261,1.847959,-0.231278,-75.3061,-0.072865,-75.5622,-0.007583,62.008227,-48.985906,-75.5259,1.015718,0.393925,0.735522,-0.276066,-0.977482,-0.322722,-0.660941
409,74.793,B,4,61.627500,-50.336264,61.728453,-50.107694,61.634912,-49.358796,1.781597,-0.312813,-75.3902,0.043636,-75.0508,0.103487,62.030810,-49.279639,-75.1582,0.881530,0.403734,1.130980,-0.302357,-0.828056,-0.403310,-1.056625
410,75.003,B,4,61.256403,-50.436932,61.728453,-50.107694,61.644065,-49.421512,1.644227,-0.283209,-75.0216,0.019918,-75.0796,-0.104494,62.053778,-49.563752,-74.9956,0.633805,0.433702,1.182476,-0.325326,-0.543942,-0.797375,-0.873179
411,75.188,B,4,62.123281,-51.082740,61.655434,-50.320076,61.581359,-49.663344,1.573455,-0.534209,-75.0216,0.019913,-75.5606,-0.012380,62.084979,-49.837391,-75.5425,0.646137,0.532846,1.245938,-0.429545,-0.482685,0.038302,-1.245349
412,75.393,B,4,61.235820,-52.035878,61.672535,-51.043045,61.605632,-50.343155,2.463292,-0.773180,-75.4808,0.005406,-75.3940,-0.022598,62.116474,-50.114469,-75.3859,1.029241,0.559694,2.113614,-0.443939,-0.928577,-0.880653,-1.921409
413,75.574,B,4,61.843850,-52.102498,61.633567,-51.548503,61.651993,-50.709577,2.656698,-0.678833,-75.6493,-0.079477,-75.9735,-0.088704,62.157530,-50.440183,-75.9925,1.225933,0.572836,1.691652,-0.523963,-1.108320,-0.313680,-1.662315
414,75.755,B,4,61.731391,-52.034962,61.633567,-51.548503,61.657022,-50.776650,2.397740,-0.627928,-76.0357,-0.036766,-75.9942,0.082151,62.186159,-50.717169,-75.9760,0.998236,0.532470,1.394056,-0.552593,-0.831335,-0.454768,-1.317793
415,75.918,B,4,62.177976,-51.312781,61.674570,-51.898821,61.675152,-51.066573,2.224495,-0.544566,-75.9863,0.016349,-75.9989,-0.081421,62.206362,-50.937824,-75.9322,1.098325,0.546589,0.376030,-0.531791,-0.960997,-0.028386,-0.374957
416,76.128,B,4,62.358974,-52.316688,61.921648,-52.043302,61.770867,-51.171515,1.622791,0.121948,-76.3887,-0.124248,-76.9703,-0.124699,62.242092,-51.274544,-76.9117,0.832871,0.482357,1.048678,-0.320444,-0.768758,0.116882,-1.042144
417,76.316,B,4,61.288606,-52.579240,61.917067,-52.282218,61.777403,-51.638789,1.576005,-0.356722,-77.0412,-0.083101,-77.1654,0.036211,62.272549,-51.549561,-77.1556,0.814343,0.503122,1.424213,-0.355482,-0.732657,-0.983943,-1.029679
418,76.489,B,4,62.220306,-53.047189,61.884345,-52.570089,61.781428,-51.698879,1.846216,-0.205250,-77.1250,-0.019874,-77.0773,-0.058011,62.299043,-51.765010,-77.0357,0.905609,0.521822,1.284595,-0.414698,-0.805079,-0.078738,-1.282179
419,76.680,B,4,61.657146,-53.406831,61.884345,-52.570089,61.864833,-52.001274,1.667343,-0.198579,-77.5161,-0.133836,-77.9851,-0.203811,62.347488,-52.078232,-78.0316,0.675593,0.488752,1.497247,-0.463143,-0.491857,-0.690343,-1.328600
420,76.860,B,4,61.777261,-52.556083,61.907729,-52.915290,61.830503,-52.310118,1.846215,-0.429330,-78.2602,-0.079953,-78.4277,0.035072,62.377707,-52.333983,-78.4197,0.747527,0.547724,0.640205,-0.469978,-0.581307,-0.600445,-0.222100
421,77.042,B,4,62.113771,-54.142526,61.855056,-53.060458,61.823104,-52.410315,1.242485,-0.347583,-78.2602,-0.079955,-78.4927,-0.092291,62.397632,-52.539059,-78.4190,0.752493,0.588777,1.628399,-0.542576,-0.521399,-0.283861,-1.603467
422,77.205,B,4,61.706613,-53.646662,61.878100,-53.264396,61.877274,-52.777002,1.915860,-0.332804,-78.4898,-0.051254,-79.4245,-0.150410,62.428407,-52.791256,-79.2744,0.725740,0.551318,1.119244,-0.550308,-0.473139,-0.721795,-0.855406
423,77.378,B,4,61.953171,-54.437979,61.886483,-53.589085,61.847531,-52.977813,1.671426,-0.421906,-79.0413,-0.130842,-79.8071,-0.033009,62.460075,-53.049965,-79.7811,0.787184,0.616779,1.477679,-0.573593,-0.539120,-0.506904,-1.388014
424,77.563,B,4,62.370327,-54.728892,61.867004,-53.867454,61.866858,-53.304638,1.785713,-0.402945,-79.9857,-0.087926,-80.4123,-0.189486,62.497898,-53.309936,-80.2451,0.841934,0.631062,1.424679,-0.630894,-0.557517,-0.127571,-1.418956
425,77.769,B,4,62.236172,-54.571404,61.949717,-54.239499,61.957995,-53.617112,2.034105,-0.214032,-80.6171,-0.129411,-81.1345,-0.052495,62.544632,-53.565463,-81.0811,0.899026,0.588906,1.052172,-0.594915,-0.674036,-0.308460,-1.005942
426,77.945,B,4,62.608030,-54.808482,62.058181,-54.514407,62.009641,-53.844829,1.966492,-0.099907,-80.9692,-0.094512,-81.2090,-0.064181,62.590166,-53.821410,-81.1611,0.873643,0.580997,0.987234,-0.531984,-0.692997,0.017864,-0.987072
427,78.141,B,4,61.948503,-54.699877,62.229454,-54.839148,62.120149,-54.073207,1.411559,-0.023942,-81.8260,-0.159270,-82.0636,-0.234460,62.640901,-54.123895,-82.1190,0.825152,0.523213,0.900650,-0.411447,-0.715253,-0.692397,-0.575983
428,78.332,B,4,62.926472,-55.413390,62.311360,-55.015767,62.091477,-54.239150,1.647780,0.289860,-82.9849,-0.179049,-83.5265,-0.113397,62.671806,-54.313539,-83.4197,0.789332,0.585077,1.128950,-0.360446,-0.702227,0.254666,-1.099851
429,78.505,B,4,62.230860,-55.851438,62.412076,-55.314431,62.243993,-54.502713,1.928218,0.072505,-83.9443,-0.131687,-84.1837,-0.105880,62.705234,-54.544854,-84.0804,0.823523,0.463161,1.390033,-0.293157,-0.769577,-0.474374,-1.306584
430,78.677,B,4,63.358625,-55.689842,62.412076,-55.314431,62.244524,-54.798134,1.743607,0.045034,-84.2322,-0.108508,-84.4412,0.014893,62.747702,-54.769901,-84.4583,0.639655,0.503970,1.104318,-0.335626,-0.544531,0.610922,-0.919941
431,78.841,B,4,61.995867,-55.799308,62.554866,-55.582732,62.449664,-55.011496,1.773002,0.551860,-84.4405,-0.053130,-84.9862,-0.190609,62.795655,-54.992409,-84.8204,0.637543,0.346517,1.136110,-0.240789,-0.590323,-0.799787,-0.806899
432,79.011,B,4,62.504432,-56.367324,62.626650,-55.763705,62.372553,-55.204713,1.508853,0.070411,-84.5881,-0.067633,-86.1650,-0.141537,62.852783,-55.214797,-86.0284,0.593663,0.480336,1.204020,-0.226133,-0.548908,-0.348351,-1.152526
433,79.210,B,4,62.310554,-56.115539,62.509928,-56.169949,62.398687,-55.464678,1.365121,-0.151510,-86.4810,-0.074643,-86.4702,0.025638,62.905193,-55.449981,-86.4903,0.821334,0.506719,0.892504,-0.395266,-0.719968,-0.594639,-0.665558
434,79.391,B,4,62.124602,-56.597062,62.509928,-56.169949,62.384679,-55.631640,1.233124,-0.144404,-86.6139,-0.063968,-86.8508,-0.151691,62.949315,-55.688012,-86.7226,0.652169,0.567443,1.227405,-0.439387,-0.481937,-0.824713,-0.909050
435,79.585,B,4,62.568518,-57.028791,62.421733,-56.330004,62.337883,-55.853848,1.296756,-0.330854,-87.0945,-0.154897,-88.1338,-0.254580,62.990079,-55.934315,-87.8941,0.692522,0.657140,1.172856,-0.568345,-0.395689,-0.421560,-1.094476
436,79.775,B,4,62.587515,-57.311018,62.387677,-56.589174,62.378018,-56.113812,1.632823,-0.228008,-87.5966,-0.202363,-89.0159,-0.068773,63.032459,-56.171883,-88.9454,0.768034,0.657013,1.222949,-0.644783,-0.417291,-0.444944,-1.139135
437,79.946,B,4,63.009038,-58.040558,62.429871,-56.891703,62.414627,-56.378329,1.803850,-0.142448,-88.6177,-0.166251,-89.1220,-0.061029,63.080261,-56.402171,-89.0748,0.814032,0.666061,1.639934,-0.650390,-0.489532,-0.071224,-1.638387
438,80.106,B,4,62.754983,-57.491118,62.639697,-57.580002,62.521595,-56.728290,1.882454,0.182623,-89.4910,-0.120015,-89.9415,-0.183957,63.138300,-56.625361,-89.7703,1.077007,0.625235,0.946819,-0.498603,-0.954641,-0.383317,-0.865757
439,80.277,B,4,62.228116,-58.088763,62.639697,-57.580002,62.564413,-56.916784,1.703778,0.140758,-90.1913,-0.142047,-90.7047,-0.048762,63.196482,-56.845280,-90.6477,0.921860,0.636101,1.576065,-0.556785,-0.734722,-0.968366,-1.243483
440,80.478,B,4,62.293759,-57.844191,62.605539,-57.783749,62.503629,-57.178112,1.755218,-0.108896,-90.7578,-0.072421,-90.9984,-0.125357,63.244261,-57.066682,-90.8961,0.960287,0.748968,1.227996,-0.638723,-0.717067,-0.950502,-0.777509
441,80.680,B,4,62.877965,-58.492066,62.513243,-58.143424,62.537253,-57.550782,1.630146,0.008495,-91.5541,-0.185890,-92.2426,-0.248448,63.300879,-57.334707,-92.2977,1.128890,0.793607,1.232208,-0.787636,-0.808717,-0.422914,-1.157359
442,80.858,B,4,61.837834,-58.650159,62.454758,-58.393126,62.411558,-57.788382,1.649625,-0.401241,-92.5775,-0.140615,-92.9819,-0.035473,63.333057,-57.517461,-92.9373,1.240240,0.960499,1.875818,-0.878298,-0.875664,-1.495222,-1.132698
443,81.065,B,4,63.110196,-58.345289,62.441136,-58.530999,62.406006,-57.839495,1.224453,0.054624,-93.2314,-0.091023,-93.3170,-0.135479,63.381893,-57.802673,-93.3501,1.189740,0.976581,0.606837,-0.940757,-0.728325,-0.271697,-0.542616
444,81.237,B,4,62.920901,-59.613042,62.441136,-58.530999,62.528569,-57.978018,1.107399,0.033763,-93.8444,-0.171890,-94.4824,-0.193778,63.436106,-58.038212,-94.5254,1.110318,0.909531,1.656963,-0.994971,-0.492787,-0.515205,-1.574830
445,81.414,B,4,62.789515,-59.610868,62.597560,-58.780034,62.596879,-58.310009,1.700024,0.233162,-94.6968,-0.145805,-95.0977,-0.020398,63.494080,-58.274798,-95.1013,1.029082,0.897892,1.510461,-0.896519,-0.505236,-0.704564,-1.336070
446,81.617,B,4,63.292346,-59.517278,62.792268,-59.423219,62.629477,-58.601582,1.839452,0.577499,-95.1754,-0.049802,-95.2445,-0.102675,63.546482,-58.501825,-95.2695,1.190716,0.922415,1.046771,-0.754214,-0.921394,-0.254136,-1.015453
447,81.810,B,4,62.954341,-59.218904,62.905981,-59.518644,62.784872,-58.887558,1.233286,0.476378,-96.0132,-0.192097,-96.3172,-0.271685,63.580996,-58.682144,-96.0806,1.074885,0.822197,0.825111,-0.675015,-0.836500,-0.626655,-0.536761
448,81.993,B,4,62.989765,-60.362790,62.952399,-59.724884,62.785667,-58.936406,1.679362,0.477796,-97.1136,-0.190116,-97.5916,-0.138324,63.618313,-58.899552,-97.4571,1.060478,0.833461,1.592525,-0.665914,-0.825331,-0.628548,-1.463238
449,82.154,B,4,63.024976,-60.504677,62.952399,-59.724884,62.822396,-59.240421,1.523419,0.412403,-97.8233,-0.087396,-97.8739,-0.006484,63.652529,-59.113805,-97.8767,0.929300,0.839733,1.525892,-0.700130,-0.611078,-0.627553,-1.390872
450,82.383,B,4,63.052507,-60.304752,63.018926,-60.304993,62.859080,-59.516592,1.590913,0.411516,-98.1992,-0.105208,-98.5222,-0.191414,63.703204,-59.373995,-98.4369,1.155419,0.856083,1.135656,-0.684277,-0.930998,-0.650697,-0.930757
451,82.561,B,4,63.429370,-61.392748,63.098694,-60.609280,62.894049,-59.706990,2.085869,0.647669,-98.7981,-0.163397,-99.4302,-0.110499,63.742811,-59.557461,-99.3194,1.233373,0.861833,1.861860,-0.644117,-1.051819,-0.313441,-1.835287
452,82.737,B,4,63.307176,-61.114518,63.196023,-60.957845,62.991066,-60.059802,1.932242,0.636344,-99.6541,-0.055954,-99.6736,-0.053959,63.792306,-59.842849,-99.6494,1.264425,0.830093,1.361063,-0.596283,-1.114996,-0.485130,-1.271669
453,82.897,B,4,63.908807,-61.707164,63.342938,-61.255859,63.203049,-60.554372,2.034230,0.966836,-99.9433,-0.108469,-100.3535,-0.156861,63.827703,-60.091442,-100.3880,1.261294,0.777494,1.617756,-0.484765,-1.164417,0.081104,-1.615722
454,83.071,B,4,63.151924,-60.826321,63.342938,-61.255859,63.208000,-60.604775,1.845724,0.859235,-100.6278,-0.035470,-100.6302,0.056884,63.848907,-60.334385,-100.6161,1.051246,0.695609,0.853103,-0.505969,-0.921474,-0.696982,-0.491936
455,83.271,B,4,62.919720,-61.937208,63.429564,-61.392517,63.202583,-60.694784,1.153237,0.516496,-100.5991,-0.013315,-100.6325,-0.091947,63.864328,-60.518585,-100.5549,0.976103,0.684800,1.704339,-0.434764,-0.873932,-0.944607,-1.418623
456,83.471,B,4,63.389936,-61.952190,63.295059,-61.739439,63.154581,-60.966716,1.506393,0.345026,-100.9448,-0.100628,-101.4111,-0.095086,63.892550,-60.796057,-101.4304,1.116676,0.757445,1.260660,-0.597491,-0.943382,-0.502614,-1.156133
457,83.649,B,4,63.996178,-62.147969,63.416184,-61.946465,63.198853,-61.192705,1.416292,0.688310,-101.4442,0.008685,-101.3144,0.080582,63.918895,-61.009181,-101.2954,1.063588,0.743062,1.141407,-0.502711,-0.937284,0.077283,-1.138788
458,83.827,B,4,63.982859,-62.323451,63.605871,-62.148952,63.346294,-61.412951,1.328784,0.868029,-101.2567,-0.005277,-101.2501,-0.066903,63.951196,-61.221038,-101.2647,0.990088,0.634616,1.102867,-0.345326,-0.927914,0.031663,-1.102413
459,83.981,B,4,63.008688,-62.117430,63.605871,-62.148952,63.467354,-61.624677,1.202564,0.782405,-101.3330,-0.021079,-101.3217,0.072337,63.975507,-61.392275,-101.3776,0.842135,0.558775,1.208548,-0.369636,-0.756677,-0.966818,-0.725155
460,84.165,B,4,63.262779,-62.968120,63.607133,-62.267737,63.391108,-61.759665,0.993026,0.332899,-101.2191,0.045554,-101.0030,0.008097,63.995286,-61.602464,-101.0090,0.770228,0.624294,1.549705,-0.388153,-0.665273,-0.732507,-1.365657
461,84.353,B,4,63.779680,-62.488292,63.488954,-62.442267,63.372500,-62.022673,1.440810,0.268903,-101.0966,0.028384,-100.8120,0.050741,64.006446,-61.818790,-100.8574,0.810260,0.665925,0.706864,-0.517492,-0.623477,-0.226766,-0.669502
462,84.540,B,4,63.638860,-63.521501,63.503516,-62.624060,63.450697,-62.151258,1.075017,0.381052,-100.9266,0.037768,-100.4080,0.061534,64.010888,-62.034207,-100.4622,0.778045,0.572289,1.533117,-0.507373,-0.589853,-0.372028,-1.487294
463,84.739,B,4,63.769137,-64.184128,63.571105,-62.840293,63.490608,-62.442432,1.552298,0.499258,-100.6659,0.058105,-99.9335,0.102629,64.017338,-62.248650,-100.0302,0.741057,0.561246,1.951327,-0.446233,-0.591643,-0.248201,-1.935478
464,84.921,B,4,63.192190,-63.937098,63.624369,-63.287006,63.547672,-62.802865,1.943273,0.637790,-99.7115,0.073546,-99.5258,0.008054,64.029735,-62.458104,-99.5436,0.922713,0.592659,1.699678,-0.405366,-0.828902,-0.837544,-1.478994
465,85.106,B,4,63.104280,-62.884195,63.598932,-63.682834,63.490007,-63.055753,1.963813,0.373650,-99.5150,0.035717,-99.3118,0.117630,64.049106,-62.665189,-99.4105,1.112771,0.682006,0.969876,-0.450174,-1.017645,-0.944826,-0.219006
466,85.278,B,4,63.419929,-63.820286,63.475639,-63.721435,63.425123,-63.070920,1.077912,-0.020014,-99.4192,0.063487,-98.2919,0.153703,64.062936,-62.868139,-98.4434,1.035872,0.669272,1.148930,-0.587297,-0.853295,-0.643007,-0.952147
467,85.456,B,4,63.213217,-64.192399,63.369267,-63.867522,63.428138,-63.248751,1.222351,-0.025873,-97.9759,0.053524,-97.9706,-0.012993,64.074055,-63.070304,-97.9536,1.064088,0.670113,1.414263,-0.704789,-0.797218,-0.860838,-1.122095
468,85.618,B,4,64.114539,-63.940589,63.447653,-64.007925,63.521085,-63.546248,0.920093,0.390167,-97.7881,0.076712,-97.5174,0.165832,64.077947,-63.274383,-97.6581,0.967138,0.619682,0.667210,-0.630294,-0.733542,0.036592,-0.666206
469,85.783,B,4,63.085573,-64.056589,63.447653,-64.007925,63.527535,-63.588747,0.827895,0.361457,-97.2782,0.100080,-96.9813,0.004037,64.075716,-63.483499,-96.9958,0.818222,0.558193,1.144035,-0.628064,-0.524426,-0.990143,-0.573090
470,85.982,B,4,63.600827,-65.529188,63.496830,-64.071401,63.453143,-63.712415,0.746115,0.083750,-96.8540,0.076424,-96.5211,0.136232,64.080117,-63.702390,-96.6523,0.690212,0.627054,1.888627,-0.583287,-0.369011,-0.479290,-1.826798
471,86.173,B,4,63.056230,-65.780251,63.458369,-64.384533,63.484416,-64.080074,1.767674,0.310086,-96.6357,0.102010,-96.2420,-0.037734,64.090801,-63.929120,-96.2207,0.779340,0.624891,2.120618,-0.632432,-0.455413,-1.034571,-1.851131
472,86.341,B,4,63.548285,-64.977723,63.420912,-64.919681,63.411203,-64.430609,2.361437,0.150087,-96.2676,0.037280,-96.3018,0.079908,64.110529,-64.151442,-96.3672,1.032358,0.752988,0.999429,-0.689617,-0.768239,-0.562244,-0.826281
473,86.531,B,4,63.677255,-65.920035,63.384942,-65.212429,63.439127,-64.574141,1.790156,0.206776,-96.3090,0.005382,-95.5096,0.108063,64.124370,-64.374073,-95.6215,1.117852,0.713852,1.609319,-0.739427,-0.838356,-0.447115,-1.545962
474,86.726,B,4,63.086269,-64.978056,63.450902,-65.425467,63.486343,-64.861259,1.795006,0.357149,-95.4183,-0.003073,-95.5357,-0.098183,64.136662,-64.585207,-95.4518,1.084575,0.706484,1.121453,-0.685760,-0.840260,-1.050393,-0.392848
475,86.916,B,4,62.693430,-65.912559,63.437755,-65.551669,63.417757,-64.925969,1.090340,0.055925,-95.6224,-0.011958,-95.6867,0.054734,64.147766,-64.787304,-95.7258,1.043250,0.743062,1.838829,-0.710011,-0.764365,-1.454336,-1.125254
476,87.083,B,4,63.062322,-66.646046,63.277483,-65.612510,63.288176,-65.145557,1.339652,-0.288998,-95.6224,-0.011960,-95.4585,-0.043763,64.155054,-64.990357,-95.4286,1.075735,0.880662,1.983777,-0.877571,-0.622153,-1.092733,-1.655689
477,87.263,B,4,63.254821,-65.936600,63.117914,-66.154242,63.246252,-65.459078,1.361862,-0.143846,-95.6782,-0.040114,-95.8360,-0.003605,64.173747,-65.188963,-95.8215,1.430576,0.966027,1.184646,-1.055833,-0.965280,-0.918926,-0.747637
478,87.448,B,4,63.012025,-66.603176,63.099374,-66.292693,63.246107,-65.588566,1.469940,-0.155157,-95.7914,-0.010337,-95.8916,-0.089545,64.196743,-65.391760,-95.8201,1.419824,0.970794,1.694428,-1.097369,-0.900933,-1.184718,-1.211416
479,87.669,B,4,64.225882,-67.177684,63.099374,-66.292693,63.201787,-65.813828,1.328085,-0.146086,-96.1147,-0.037775,-96.2262,-0.070016,64.231981,-65.634710,-96.1962,1.309863,1.045649,1.542987,-1.132607,-0.657983,-0.006099,-1.542975
480,87.852,B,4,64.006251,-68.006104,63.236290,-66.592599,63.385760,-66.103098,1.619698,0.490463,-96.3726,-0.060857,-96.5938,-0.073682,64.258837,-65.835827,-96.6118,1.272127,0.913070,2.184926,-1.022548,-0.756771,-0.252586,-2.170277
481,88.020,B,4,63.561785,-66.730733,63.502905,-67.050576,63.499509,-66.482572,2.381959,0.874552,-96.3726,-0.060858,-97.0952,-0.096043,64.280383,-66.032880,-97.1172,1.280695,0.901103,1.001689,-0.777479,-1.017696,-0.718598,-0.697853
482,88.186,B,4,63.795640,-67.333203,63.619068,-67.297521,63.514894,-66.581337,1.501330,0.644908,-96.9849,-0.085606,-97.6901,-0.109232,64.299513,-66.224060,-97.7156,1.270953,0.862133,1.218230,-0.680444,-1.073461,-0.503872,-1.109143
483,88.340,B,4,63.973554,-68.007485,63.671057,-67.326533,63.568078,-66.752239,1.292666,0.629060,-97.4201,-0.098588,-98.3562,-0.120290,64.316913,-66.372859,-98.2460,1.151792,0.839454,1.670299,-0.645856,-0.953675,-0.343359,-1.634627
484,88.533,B,4,63.434224,-68.317259,63.765443,-67.540796,63.608089,-67.258448,1.400600,0.638132,-98.6248,-0.115995,-98.9469,-0.036834,64.349865,-66.591492,-98.9537,1.114777,0.997528,1.953630,-0.584422,-0.949304,-0.915641,-1.725767
485,88.714,B,4,64.043860,-67.633949,63.778598,-67.855542,63.610535,-67.298081,1.656437,0.415415,-98.9788,-0.047722,-99.1079,-0.099572,64.372018,-66.731405,-99.0261,1.271153,0.949198,0.960351,-0.593419,-1.124137,-0.328157,-0.902544
486,88.905,B,4,63.934115,-68.547071,63.788300,-68.004572,63.691451,-67.402282,1.160706,0.495982,-99.0767,-0.068870,-100.1476,-0.190403,64.411875,-66.909033,-99.9624,1.260576,0.873101,1.706289,-0.623575,-1.095539,-0.477760,-1.638038
487,89.096,B,4,63.818217,-68.104573,63.885831,-68.280833,63.739507,-67.663158,1.036427,0.368634,-100.5644,-0.084668,-100.6577,0.001076,64.448510,-67.117358,-100.6555,1.292394,0.894753,1.171265,-0.562679,-1.163475,-0.630293,-0.987214
488,89.262,B,4,63.809592,-68.143431,63.877797,-68.303542,63.766215,-67.846503,0.747470,0.242640,-100.8922,-0.099721,-101.1355,-0.174770,64.465185,-67.254313,-100.9858,1.202458,0.916105,1.104687,-0.587388,-1.049229,-0.655593,-0.889118
489,89.461,B,4,63.291792,-68.696893,63.877797,-68.303542,63.769109,-67.888338,0.678845,0.209265,-101.5767,-0.175410,-102.3181,-0.194150,64.490334,-67.426641,-102.1276,1.069653,0.856347,1.746438,-0.612537,-0.876901,-1.198542,-1.270253
490,89.656,B,4,63.767513,-69.413340,63.787568,-68.402682,63.683966,-68.073205,0.899478,-0.065321,-102.4471,-0.158310,-102.9153,-0.019777,64.511102,-67.597215,-102.8865,1.082718,0.954316,1.962456,-0.723534,-0.805466,-0.743589,-1.816125
491,89.814,B,4,63.844371,-69.192222,63.719640,-68.973039,63.698309,-68.346207,1.519038,0.202712,-103.0390,-0.071252,-103.2809,-0.140689,64.533269,-67.769250,-103.1515,1.452963,1.014908,1.580959,-0.813629,-1.203789,-0.688898,-1.422973
492,89.990,B,4,63.269721,-69.010288,63.655358,-69.108994,63.723680,-68.546474,1.219274,-0.113265,-103.4422,-0.064378,-103.7282,-0.107339,64.561849,-67.938541,-103.6397,1.480434,1.035428,1.678760,-0.906491,-1.170453,-1.292128,-1.071747
493,90.182,B,4,63.016972,-69.653357,63.478498,-69.279835,63.640080,-68.669954,1.464362,-0.321672,-104.3526,-0.114886,-104.5719,-0.094425,64.592673,-68.112479,-104.4746,1.613725,1.103727,2.203892,-1.114175,-1.167356,-1.575701,-1.540878
494,90.375,B,4,64.234798,-69.620958,63.478498,-69.279835,63.523168,-68.885987,1.320311,-0.305660,-104.9130,-0.124092,-105.1947,-0.123181,64.614857,-68.286588,-105.0712,1.509256,1.245417,1.387440,-1.136359,-0.993247,-0.380059,-1.334370
495,90.561,B,4,64.882658,-69.467816,63.486684,-69.485836,63.646471,-69.057405,1.174665,0.171001,-105.4366,-0.116923,-105.8380,-0.115524,64.630216,-68.462209,-105.7320,1.534756,1.149788,1.036809,-1.143531,-1.023627,0.252443,-1.005607
496,90.744,B,4,63.671011,-69.498660,63.784013,-69.588339,63.868337,-69.169463,0.813129,0.805149,-105.7053,-0.116354,-106.4873,-0.110487,64.640595,-68.641161,-106.3856,1.277058,0.935673,1.294371,-0.856582,-0.947177,-0.969583,-0.857498
497,90.928,B,4,63.697479,-69.525246,63.946193,-69.621412,63.834044,-69.264841,0.633530,0.490975,-106.2679,-0.113958,-107.0957,-0.101228,64.650125,-68.826330,-107.0018,1.061921,0.926434,1.181532,-0.703933,-0.795082,-0.952646,-0.698916
498,91.104,B,4,64.207341,-70.134525,63.894188,-69.636045,63.809425,-69.345593,0.477574,0.270197,-106.8074,-0.108635,-107.6523,-0.092749,64.661131,-69.019544,-107.5664,0.984010,0.911982,1.203789,-0.766943,-0.616501,-0.453790,-1.114981
499,91.266,B,4,64.188313,-70.751641,63.925358,-69.745157,63.881075,-69.520587,0.654855,0.452498,-107.9314,-0.092749,-108.1694,-0.087888,64.672202,-69.220358,-108.0883,0.912793,0.846179,1.605919,-0.746845,-0.524799,-0.483890,-1.531283
500,91.473,B,4,64.146675,-70.822552,64.021536,-70.037772,63.937336,-69.776460,1.151494,0.670611,-108.3387,-0.089069,-108.6726,-0.087841,64.679370,-69.426326,-108.5921,0.898116,0.820493,1.494393,-0.657835,-0.611446,-0.532696,-1.396226
501,91.675,B,4,63.745134,-71.449955,64.085779,-70.375699,63.976445,-70.000773,1.466498,0.793366,-108.5379,-0.088487,-109.1790,-0.087477,64.679468,-69.634572,-109.0977,0.949597,0.792681,2.041714,-0.593689,-0.741126,-0.934334,-1.815383
502,91.837,B,4,64.043898,-70.927630,64.063959,-70.742170,63.935382,-70.299560,1.967521,0.692506,-108.9390,-0.087997,-109.6848,-0.087033,64.672855,-69.843509,-109.6046,1.085517,0.867093,1.253357,-0.608897,-0.898661,-0.628957,-1.084121
503,92.005,B,4,63.467060,-70.982217,64.022090,-71.017015,63.954687,-70.451467,1.607617,0.565425,-109.5478,-0.088134,-110.1707,-0.083890,64.663203,-70.053475,-110.0952,1.157340,0.812646,1.514371,-0.641112,-0.963540,-1.196143,-0.928742
504,92.197,B,4,64.109000,-70.712061,63.940045,-71.111495,63.865439,-70.584561,1.232838,0.123552,-110.3607,-0.081361,-110.6160,-0.067977,64.653170,-70.309040,-110.6315,1.073536,0.834525,0.677161,-0.713125,-0.802454,-0.544170,-0.403021
505,92.373,B,4,63.991903,-71.660287,63.881192,-71.110272,63.907150,-70.642910,0.706803,0.107280,-110.7133,-0.071544,-110.9815,-0.061160,64.647702,-70.481801,-110.9259,0.991218,0.757874,1.348667,-0.766510,-0.628471,-0.655799,-1.178486
506,92.535,B,4,63.782590,-71.576866,63.915432,-71.201970,63.920771,-70.860534,1.053957,0.293735,-110.8584,-0.067504,-111.3141,-0.056256,64.640480,-70.702415,-111.2625,0.880482,0.736874,1.225006,-0.725048,-0.499554,-0.857890,-0.874451
507,92.710,B,4,63.350559,-72.238600,63.898473,-71.408069,63.893959,-71.024427,1.082961,0.232686,-111.2451,-0.059292,-111.6301,-0.055048,64.628959,-70.927574,-111.5800,0.874348,0.741354,1.831145,-0.730486,-0.480495,-1.278400,-1.311025
508,92.901,B,4,63.572136,-72.418278,63.789123,-71.654035,63.792477,-71.278640,1.551318,0.130920,-111.4982,-0.056579,-111.9417,-0.053337,64.610300,-71.156185,-111.8922,0.960305,0.826940,1.634217,-0.821177,-0.497850,-1.038165,-1.262093
509,93.103,B,4,63.805902,-72.541521,63.669542,-71.974894,63.747439,-71.521110,1.584326,0.167659,-112.1651,-0.053672,-112.2420,-0.050624,64.585456,-71.387476,-112.1954,1.088099,0.848605,1.392667,-0.915914,-0.587418,-0.779553,-1.154045
510,93.296,B,4,63.833297,-71.925685,63.644432,-72.253948,63.752397,-71.743229,1.592493,0.315824,-112.3892,-0.050114,-112.5139,-0.044696,64.558483,-71.621253,-112.4730,1.111662,0.815263,0.786494,-0.914050,-0.632696,-0.725186,-0.304432
511,93.523,B,4,63.258489,-72.684374,63.614036,-72.421915,63.672592,-71.968087,1.233508,0.077715,-112.6975,-0.042276,-112.7460,-0.038197,64.528756,-71.904959,-112.7545,1.050693,0.858488,1.490324,-0.914720,-0.516956,-1.270267,-0.779414
512,93.723,B,4,63.495125,-73.345960,63.522596,-72.703264,63.665737,-72.006123,1.635885,0.276011,-112.8619,-0.037838,-112.9441,-0.032694,64.511377,-72.095719,-112.9142,1.160516,0.850373,1.611171,-0.988781,-0.607544,-1.016253,-1.250241
513,93.898,B,4,63.953603,-73.486165,63.557401,-73.044262,63.685967,-72.498033,1.700568,0.622589,-113.0810,-0.032058,-113.1228,-0.028632,64.490220,-72.335309,-113.0948,1.171651,0.820549,1.269814,-0.932819,-0.708954,-0.536617,-1.150857
514,94.072,B,4,64.173219,-73.482928,63.557401,-73.044262,63.680609,-72.540205,1.538916,0.557998,-113.2333,-0.030186,-113.2966,-0.030434,64.466042,-72.575731,-113.2687,1.022326,0.786237,0.953284,-0.908641,-0.468531,-0.292823,-0.907196
515,94.272,B,4,63.020046,-73.667364,63.694106,-73.307653,63.765325,-72.750117,1.383940,0.803454,-113.3621,-0.030220,-113.4713,-0.029378,64.436451,-72.817480,-113.4435,0.889576,0.674499,1.651818,-0.742345,-0.490173,-1.416404,-0.849884
516,94.466,B,4,63.571519,-73.408939,63.668322,-73.512288,63.626751,-72.955541,1.583112,0.428407,-113.4221,-0.029932,-113.6390,-0.028077,64.402239,-73.062046,-113.6132,0.861018,0.782767,0.900239,-0.733917,-0.450242,-0.830720,-0.346893
517,94.638,B,4,62.877721,-74.246678,63.554518,-73.624558,63.610949,-73.076557,1.166811,0.288508,-113.5726,-0.029534,-113.7849,-0.023770,64.359499,-73.361488,-113.7901,0.846876,0.800945,1.726044,-0.804981,-0.263070,-1.481778,-0.885189
518,94.818,B,4,63.170575,-75.124301,63.439898,-73.783778,63.471701,-73.326279,1.550767,0.090130,-113.7650,-0.026134,-113.9004,-0.018702,64.332184,-73.565093,-113.8839,0.918693,0.893008,1.944342,-0.892286,-0.218685,-1.161609,-1.559208
519,95.019,B,4,62.900059,-73.983935,63.175777,-74.429893,63.318148,-73.743634,1.558247,-0.038441,-113.9484,-0.018604,-113.9904,-0.015071,64.299624,-73.822897,-113.9772,1.277292,0.984671,1.408798,-1.123847,-0.606996,-1.399564,-0.161037
520,95.210,B,4,63.230512,-75.488947,63.175777,-74.429893,63.309070,-73.778361,1.437230,-0.037383,-114.0342,-0.015538,-114.0692,-0.013621,64.266812,-74.082032,-114.0567,1.145148,1.004731,1.747377,-1.091035,-0.347862,-1.036300,-1.406915
521,95.391,B,4,63.161951,-75.668947,63.104067,-74.631076,63.282611,-74.129220,2.060416,0.338376,-114.0342,-0.015530,-114.1500,-0.014788,64.231064,-74.340315,-114.1366,1.163900,0.971660,1.705364,-1.126997,-0.290761,-1.069113,-1.328632
522,95.586,B,4,63.014883,-75.861906,63.056127,-75.467690,63.208514,-74.705607,2.279544,0.594757,-114.1999,-0.014567,-114.2362,-0.014598,64.182849,-74.648696,-114.2396,1.392930,0.975995,1.684049,-1.126722,-0.818994,-1.167966,-1.213209
523,95.773,B,4,63.942981,-75.781975,63.157864,-75.736891,63.197916,-74.756324,1.793009,0.978529,-114.2671,-0.013186,-114.3187,-0.011760,64.141945,-74.901519,-114.3217,1.290838,0.955129,0.902657,-0.984081,-0.835372,-0.198964,-0.880456
524,95.946,B,4,63.316325,-76.214146,63.157864,-75.736891,63.325834,-74.980247,1.621779,0.882639,-114.3537,-0.009905,-114.3830,-0.009631,64.105240,-75.147569,-114.3850,1.115716,0.797164,1.326640,-0.947376,-0.589322,-0.788915,-1.066577
525,96.118,B,4,63.340403,-75.434195,63.293611,-75.967768,63.317373,-75.259564,1.610880,0.874414,-114.3812,-0.008263,-114.4191,-0.004151,64.079039,-75.342219,-114.4153,1.004096,0.766138,0.744341,-0.785428,-0.625549,-0.738636,-0.091976
526,96.298,B,4,63.017971,-76.996519,63.313899,-76.041266,63.316326,-75.337939,0.969667,0.595559,-114.4039,-0.006560,-114.4307,0.000125,64.048418,-75.584870,-114.4299,0.864763,0.772615,1.747734,-0.734519,-0.456396,-1.030447,-1.411649
527,96.486,B,4,62.856458,-77.010952,63.181778,-76.573404,63.257151,-75.683391,1.833670,0.562202,-114.4370,-0.000783,-114.4334,-0.001970,64.016926,-75.826926,-114.4328,1.120135,0.773214,1.657891,-0.835148,-0.746478,-1.160467,-1.184026
528,96.662,B,4,63.054770,-76.860289,63.103767,-76.815030,63.156493,-76.129208,1.626991,0.468301,-114.4419,-0.001561,-114.4424,-0.002593,63.974539,-76.114130,-114.4430,1.117812,0.818185,1.184368,-0.870772,-0.700899,-0.919769,-0.746158
529,96.828,B,4,62.588388,-77.941658,63.103767,-76.815030,63.149209,-76.179961,1.470748,0.423040,-114.4495,-0.002252,-114.4602,-0.003851,63.943798,-76.301700,-114.4571,0.984459,0.803860,2.127580,-0.840031,-0.513330,-1.355409,-1.639958
530,97.023,B,4,63.286888,-77.692155,63.002079,-77.135138,63.040456,-76.547014,2.036158,0.444754,-114.3930,0.042976,-113.9585,0.116582,63.902317,-76.526883,-114.0743,1.086464,0.862096,1.317806,-0.900238,-0.608256,-0.615430,-1.165272
531,97.214,B,4,62.730707,-78.190026,62.958664,-77.498954,63.077609,-76.804680,1.978687,0.676358,-114.2148,0.078140,-113.7992,-0.049269,63.865632,-76.747058,-113.7630,1.178108,0.790127,1.835813,-0.906968,-0.751896,-1.134925,-1.442968
532,97.385,B,4,62.391241,-79.034654,62.952089,-77.789779,63.008350,-77.106126,2.102152,0.616717,-113.7924,0.030341,-113.9344,0.068387,63.832796,-76.969131,-113.9861,1.203789,0.835751,2.518822,-0.880708,-0.820648,-1.441555,-2.065523
533,97.558,B,4,62.579617,-78.209221,62.818199,-78.215670,62.834265,-77.632257,2.632450,0.595258,-113.8760,-0.001932,-113.2168,0.083352,63.800685,-77.174912,-113.3042,1.431242,1.069174,1.600251,-0.982486,-1.040758,-1.221068,-1.034309
534,97.741,B,4,63.206735,-78.634609,62.691151,-78.509948,62.892689,-77.856839,1.826849,0.317835,-113.0949,0.041456,-113.0486,0.060767,63.769224,-77.383678,-113.0932,1.559078,0.996090,1.371576,-1.078073,-1.126270,-0.562489,-1.250930
535,97.922,B,4,63.509985,-78.518022,62.719448,-78.621663,62.886332,-77.912334,1.494013,0.546973,-112.7757,0.101039,-112.3352,0.104125,63.731745,-77.583965,-112.4404,1.449677,0.906945,0.960020,-1.012297,-1.037698,-0.221760,-0.934057
536,98.083,B,4,61.762272,-78.022730,62.893741,-78.719954,62.994877,-78.072910,1.055881,0.792383,-112.7757,0.101047,-111.8293,0.119131,63.688521,-77.785835,-111.9363,1.226481,0.750703,1.940761,-0.794781,-0.934119,-1.926249,-0.236896
537,98.247,B,4,62.952644,-78.818948,62.825224,-78.651844,62.768643,-78.111803,0.607998,-0.160909,-111.9613,0.100669,-111.1356,0.114635,63.640608,-77.986141,-111.2301,1.052621,0.880973,1.080213,-0.815384,-0.665702,-0.687964,-0.832806
538,98.469,B,4,62.723089,-78.686236,62.683317,-78.624452,62.796343,-78.283930,0.631554,0.090439,-111.4098,0.112196,-110.3474,0.145780,63.592064,-78.187162,-110.4787,1.008486,0.801584,1.002094,-0.908747,-0.437290,-0.868975,-0.499074
539,98.650,B,4,63.012614,-78.897978,62.712858,-78.705095,62.779164,-78.399358,0.471105,0.080148,-109.8505,0.148416,-109.4719,0.160133,63.545238,-78.386187,-109.6180,0.891380,0.766187,0.738660,-0.832380,-0.318908,-0.532624,-0.511791
540,98.817,B,4,62.649463,-80.540140,62.751652,-78.771342,62.818707,-78.529952,0.458093,0.256686,-109.0509,0.161371,-108.5129,0.175227,63.500068,-78.580400,-108.6711,0.772390,0.683227,2.136378,-0.748416,-0.190942,-0.850606,-1.959740
541,98.986,B,4,62.388687,-79.766774,62.773579,-79.143923,62.787338,-78.934301,1.708389,0.628512,-109.0509,0.161367,-107.5785,0.105405,63.454316,-78.767796,-107.6862,0.777736,0.687447,1.460658,-0.680737,-0.376127,-1.065628,-0.998978
542,99.169,B,4,62.331415,-80.801483,62.596271,-79.941934,62.714209,-79.128789,2.286001,0.487995,-107.4464,0.039478,-107.5003,0.012305,63.413057,-78.950813,-107.5031,1.284313,0.721154,2.143579,-0.816786,-0.991121,-1.081642,-1.850670
543,99.367,B,4,62.423476,-80.731846,62.518972,-80.363103,62.643067,-79.475823,2.313930,0.482769,-106.9294,0.116849,-106.7321,0.139435,63.353379,-79.158580,-106.7002,1.465302,0.777937,1.827535,-0.834407,-1.204523,-0.929903,-1.573266
544,99.514,B,4,62.627739,-80.362236,62.518972,-80.363103,62.601142,-79.749866,2.086116,0.461935,-106.3283,0.127142,-105.9641,0.129676,63.315109,-79.297011,-106.0830,1.330558,0.845473,1.267747,-0.796137,-1.066092,-0.687370,-1.065225
545,99.791,B,4,63.169156,-80.254905,62.508385,-80.573443,62.604122,-79.907531,1.623185,0.428576,-105.6600,0.125261,-105.2523,0.119769,63.262814,-79.505464,-105.2250,1.307571,0.771707,0.755270,-0.754429,-1.067979,-0.093658,-0.749440
546,99.982,B,4,62.670089,-80.894419,62.620068,-80.607054,62.705780,-80.006114,1.082526,0.637629,-105.3824,0.122992,-104.5951,0.110367,63.231131,-79.645394,-104.6963,1.139380,0.637269,1.369244,-0.611063,-0.961659,-0.561041,-1.249025
547,100.181,B,4,62.461494,-80.652447,62.695705,-80.794388,62.659102,-80.293829,0.863839,0.338693,-104.1004,0.105974,-103.9992,0.100274,63.186356,-79.854748,-103.9768,1.060029,0.686140,1.077844,-0.490651,-0.939640,-0.724861,-0.797699
548,100.373,B,4,62.903285,-81.360987,62.705611,-80.936708,62.660382,-80.336814,1.097677,0.523401,-103.6982,0.096589,-103.4123,0.085341,63.150004,-80.025585,-103.4514,1.013721,0.580167,1.358001,-0.444393,-0.911122,-0.246719,-1.335402
549,100.564,B,4,62.804644,-81.630788,62.705611,-80.936708,62.706536,-80.563820,0.987750,0.482361,-103.2483,0.085992,-103.0091,0.074511,63.114719,-80.190453,-102.9919,0.851038,0.553187,1.473333,-0.409108,-0.746255,-0.310075,-1.440335
550,100.749,B,4,62.404904,-81.409471,62.762770,-81.204030,62.727641,-80.797647,1.221998,0.548511,-102.8394,0.076330,-102.6041,0.065962,63.082417,-80.348546,-102.5889,0.913251,0.572327,1.258804,-0.319647,-0.855484,-0.677513,-1.060925
551,100.918,B,4,62.361245,-82.037628,62.733065,-81.398462,62.672375,-80.947468,1.198887,0.318171,-102.8394,0.076326,-102.2449,0.059229,63.060157,-80.470700,-102.2996,0.983734,0.614559,1.715733,-0.327092,-0.927762,-0.698912,-1.566928
552,101.125,B,4,62.648325,-81.431157,62.637856,-81.597693,62.617991,-81.176278,1.479134,0.203976,-102.3403,0.064374,-101.9249,0.053266,63.037508,-80.619527,-101.9735,1.056660,0.697113,0.900115,-0.399652,-0.978167,-0.389183,-0.811631
553,101.347,B,4,62.531276,-81.743670,62.595744,-81.731660,62.624977,-81.270191,0.985975,0.150669,-102.0703,0.058353,-101.6449,0.045911,63.019521,-80.766086,-101.6868,1.054476,0.640146,1.092727,-0.423777,-0.965574,-0.488245,-0.977584
554,101.575,B,4,62.685768,-82.623420,62.589252,-81.755349,62.609350,-81.391641,0.761392,0.089123,-101.5087,0.044191,-101.4112,0.036767,63.003749,-80.912194,-101.4452,0.939530,0.620822,1.740519,-0.414497,-0.843154,-0.317980,-1.711226
555,101.794,B,4,62.563540,-82.335782,62.590352,-81.965156,62.624574,-81.650922,1.221979,0.255515,-101.3368,0.036498,-101.2280,0.028257,62.988249,-81.058602,-101.2539,0.990032,0.695056,1.345945,-0.397897,-0.906555,-0.424709,-1.277180
556,101.982,B,4,62.683457,-82.558396,62.598119,-82.207857,62.614899,-81.804754,1.292746,0.248793,-101.2651,0.032799,-101.0920,0.019490,62.973003,-81.204731,-101.1109,1.070887,0.698760,1.384285,-0.374884,-1.003126,-0.289546,-1.353665
557,102.196,B,4,61.682763,-82.968110,62.478331,-82.603348,62.629093,-81.984371,1.512002,-0.177252,-101.0017,0.016382,-100.9939,0.011713,62.957745,-81.377406,-100.9906,1.316348,0.690231,2.038607,-0.479414,-1.225942,-1.274982,-1.590704
558,102.352,B,4,61.960587,-82.536920,62.264199,-82.741471,62.458558,-82.199347,1.143073,-0.386183,-100.9464,0.012018,-100.9251,0.010202,62.951289,-81.489382,-100.9343,1.428222,0.864196,1.441814,-0.687090,-1.252088,-0.990702,-1.047538
559,102.543,B,4,61.824539,-83.184786,62.264199,-82.741471,62.365632,-82.297368,1.033623,-0.347967,-100.8948,0.009021,-100.8830,0.004851,62.948256,-81.624673,-100.8879,1.309645,0.889927,1.922678,-0.684057,-1.116797,-1.123717,-1.560113
560,102.777,B,4,62.230551,-84.107011,62.115941,-82.861180,62.263086,-82.493469,1.220864,-0.425516,-100.8686,0.006045,-100.8716,0.000479,62.949837,-81.754540,-100.8711,1.385653,1.008783,2.459978,-0.833896,-1.106639,-0.719286,-2.352470
561,103.015,B,4,62.459844,-84.272366,62.095530,-83.658666,62.288445,-83.079742,2.210441,0.221482,-100.8709,-0.002525,-100.8971,-0.007883,62.954790,-81.904443,-100.8990,1.953363,1.351053,2.419098,-0.859260,-1.754223,-0.494946,-2.367924
562,103.203,B,4,62.884381,-83.340404,62.246506,-83.838296,62.390758,-83.162904,1.352650,0.493379,-100.9119,-0.007804,-100.9628,-0.012905,62.958525,-82.002290,-100.9497,1.969236,1.292047,1.340166,-0.712019,-1.836006,-0.074144,-1.338114
563,103.394,B,4,62.429153,-83.193226,62.371518,-83.745775,62.389620,-83.204393,0.634082,0.361954,-100.9075,0.040617,-100.8420,0.093714,62.963277,-82.125980,-100.9180,1.724505,1.221497,1.193442,-0.591759,-1.619795,-0.534124,-1.067246
564,103.576,B,4,62.425676,-83.431215,62.371518,-83.745775,62.395947,-83.239863,0.571940,0.329256,-100.6811,0.014072,-100.6975,-0.076786,62.964256,-82.251919,-100.6405,1.607155,1.139741,1.296460,-0.592738,-1.493857,-0.538580,-1.179296
565,103.756,B,4,61.705579,-82.772856,62.404122,-83.655720,62.400729,-83.301908,0.303767,0.265772,-100.9386,-0.084014,-101.4661,-0.098448,62.975377,-82.377061,-101.3676,1.400465,1.088836,1.330053,-0.571255,-1.278659,-1.269798,-0.395795
566,103.954,B,4,63.042513,-83.184024,62.317427,-83.490495,62.273057,-83.242335,-0.318487,-0.260987,-100.9386,-0.084013,-101.5441,0.017931,62.984596,-82.505873,-101.5727,1.189368,1.024043,0.680620,-0.667168,-0.984622,0.057917,-0.678151
567,104.163,B,4,62.025829,-83.910598,62.398788,-83.369067,62.409540,-83.257856,0.145638,0.041240,-101.6996,-0.070684,-102.0468,-0.173951,62.996992,-82.632749,-101.8924,0.948689,0.857822,1.605010,-0.598203,-0.736318,-0.971162,-1.277849
568,104.354,B,4,62.222041,-84.640009,62.326274,-83.684943,62.318331,-83.620380,1.033540,0.156203,-102.5097,-0.065281,-102.5743,-0.027634,63.015404,-82.779685,-102.5805,1.137713,1.092099,2.022432,-0.689130,-0.905258,-0.793363,-1.860324
569,104.526,B,4,62.027559,-84.021077,62.326274,-83.684943,62.315430,-83.649869,0.935348,0.133683,-102.8860,-0.111900,-103.2272,-0.148591,63.027192,-82.874350,-103.0821,1.071608,1.052632,1.521266,-0.700917,-0.810592,-0.999633,-1.146727
570,104.730,B,4,62.507309,-84.436975,62.263527,-83.952802,62.259976,-83.744114,0.906350,-0.014879,-103.4531,-0.106725,-103.8648,-0.122132,63.041058,-82.990153,-103.7553,1.237437,1.085609,1.542136,-0.777532,-0.962650,-0.533750,-1.446822
571,104.927,B,4,62.809066,-83.222059,62.364861,-84.076232,62.300717,-83.895925,0.098523,0.251354,-104.2693,-0.127021,-104.6568,-0.151586,63.055658,-83.104973,-104.5247,1.191866,1.093408,0.272977,-0.690797,-0.971259,-0.246592,-0.117086
572,105.108,B,4,61.804812,-85.007816,62.352155,-84.129776,62.286248,-84.013857,0.982398,0.083790,-105.1008,-0.140100,-105.4908,-0.149599,63.075962,-83.245230,-105.5252,1.142944,1.102015,2.173139,-0.723808,-0.884547,-1.271150,-1.762586
573,105.277,B,4,62.604444,-84.255298,62.309226,-84.344065,62.339489,-84.078252,0.716600,0.217143,-106.2110,-0.153954,-106.3775,-0.160208,63.095303,-83.365808,-106.4142,1.254952,1.038668,1.015941,-0.786078,-0.978257,-0.490859,-0.889490
574,105.470,B,4,62.732590,-84.793591,62.309226,-84.344065,62.336930,-84.102891,0.650760,0.186064,-106.8614,-0.160839,-107.3237,-0.168548,63.111413,-83.464278,-107.1679,1.190600,1.003818,1.382237,-0.802188,-0.879787,-0.378823,-1.329312
575,105.678,B,4,62.554571,-84.315530,62.411336,-84.461943,62.406125,-84.251096,0.808962,0.412585,-107.7968,-0.172013,-108.3379,-0.182824,63.134514,-83.612689,-108.3800,1.115446,0.968562,0.911218,-0.723178,-0.849254,-0.579943,-0.702841
576,105.828,B,4,62.426767,-85.504682,62.486834,-84.548416,62.431752,-84.285922,0.527232,0.362545,-107.7968,-0.172012,-109.4235,-0.194986,63.148672,-83.710237,-109.2452,1.067976,0.919450,1.934213,-0.661838,-0.838179,-0.721905,-1.794445
577,106.034,B,4,61.923453,-85.682113,62.411479,-85.094913,62.429283,-84.529075,1.647360,0.279885,-110.2738,-0.220680,-110.8647,-0.194222,63.172545,-83.854928,-110.7778,1.454917,1.003450,2.213331,-0.761066,-1.239985,-1.249092,-1.827185
578,106.197,B,4,62.825865,-84.914887,62.390153,-85.257500,62.421920,-84.789957,1.022714,0.355563,-111.2709,-0.236957,-112.0996,-0.252600,63.192293,-83.952842,-111.8789,1.531523,1.137645,1.029467,-0.802140,-1.304659,-0.366428,-0.962046
579,106.376,B,4,61.811878,-85.520784,62.390153,-85.257500,62.419129,-84.817108,0.932294,0.297927,-113.0499,-0.267868,-113.6692,-0.285495,63.227833,-84.101681,-113.7352,1.427455,1.079740,2.004690,-0.837680,-1.155820,-1.415956,-1.419103
580,106.555,B,4,62.466427,-85.120646,62.353677,-85.326865,62.306247,-84.964169,1.084310,-0.000887,-114.4735,-0.291362,-115.4029,-0.316817,63.254147,-84.202603,-115.1140,1.440421,1.215935,1.209672,-0.900469,-1.124263,-0.787720,-0.918043
581,106.765,B,4,62.804896,-85.200708,62.269819,-85.390833,62.327765,-85.021599,0.727400,0.005233,-114.4735,-0.291364,-117.3056,-0.345442,63.288146,-84.331556,-116.9900,1.469374,1.182578,0.994463,-1.018328,-1.059277,-0.483250,-0.869152
582,107.013,B,4,62.910539,-85.514373,62.493930,-85.396297,62.408445,-85.077190,0.317683,0.441206,-118.8209,-0.355804,-119.3697,-0.373111,63.329364,-84.491782,-119.4555,1.231299,1.091236,1.105036,-0.835435,-0.904515,-0.418825,-1.022590
583,107.208,B,4,62.512628,-85.583741,62.567460,-85.479737,62.495114,-85.178458,0.386581,0.388683,-120.8826,-0.380189,-121.8578,-0.401293,63.364510,-84.630674,-121.6743,1.164558,1.027578,1.278295,-0.797049,-0.849063,-0.851881,-0.953067
584,107.389,B,4,62.542699,-85.606169,62.567460,-85.479737,62.494946,-85.273514,0.363473,0.336793,-122.7458,-0.399866,-123.9323,-0.419058,63.393919,-84.745295,-123.5477,1.105640,1.042674,1.210652,-0.826459,-0.734442,-0.851220,-0.860874
585,107.584,B,4,61.399995,-85.639969,62.566239,-85.552037,62.500358,-85.350569,0.373776,0.296109,-124.6938,-0.418738,-126.4101,-0.443242,63.441077,-84.921999,-126.5118,1.078095,1.033743,2.163676,-0.874838,-0.630037,-2.041082,-0.717970
586,107.816,B,4,62.402008,-85.016536,62.393497,-85.608119,62.296861,-85.421876,0.688284,-0.250226,-125.6539,-0.427697,-129.0137,-0.464321,63.474494,-85.041870,-128.5887,1.220325,1.237426,1.072785,-1.080997,-0.566250,-1.072485,0.025333
587,107.996,B,4,62.212041,-86.512285,62.224096,-85.534260,62.307065,-85.366161,0.119657,-0.431526,-127.9050,-0.447559,-131.7431,-0.487224,63.517907,-85.192683,-131.2980,1.338141,1.223206,1.856512,-1.293811,-0.341577,-1.305866,-1.319602
588,108.177,B,4,62.787402,-86.767904,62.216223,-85.622911,62.280871,-85.587435,0.773675,0.129284,-131.2086,-0.474279,-134.5955,-0.507483,63.571488,-85.374361,-134.7121,1.377868,1.308087,1.598985,-1.355265,-0.248551,-0.784086,-1.393544
589,108.385,B,4,62.358868,-86.406015,62.280850,-86.001179,62.360065,-85.822172,0.981953,0.673845,-136.1838,-0.461777,-137.2475,-0.371907,63.613016,-85.523907,-137.3306,1.415081,1.287963,1.533298,-1.332166,-0.477271,-1.254149,-0.882108
590,108.579,B,4,62.536724,-85.997356,62.350286,-86.271666,62.350001,-85.949129,0.968158,0.640353,-138.2024,-0.413610,-139.5595,-0.480930,63.646783,-85.634913,-139.1273,1.444423,1.334307,1.167731,-1.296497,-0.636753,-1.110059,-0.362443
591,108.778,B,4,62.998328,-87.469198,62.360416,-86.324876,62.376473,-85.973450,0.609287,0.448449,-139.1256,-0.441173,-142.7213,-0.549116,63.693246,-85.785198,-142.2050,1.437946,1.330162,1.821749,-1.332831,-0.539678,-0.694918,-1.684001
592,108.987,B,4,62.878297,-86.416214,62.468739,-86.532892,62.548521,-86.293182,0.915890,1.256483,-141.5789,-0.522983,-145.2236,-0.333263,63.739529,-85.932518,-144.9050,1.405473,1.244419,0.987766,-1.270790,-0.600373,-0.861232,-0.483695
593,109.180,B,4,63.088364,-86.074816,62.714299,-86.651971,62.543541,-86.312442,-0.064928,0.469515,-146.6853,-0.393751,-147.2530,-0.429898,63.788553,-86.103101,-147.3532,1.206349,1.262489,0.700760,-1.074254,-0.548869,-0.700189,0.028285
594,109.354,B,4,62.541948,-86.162848,62.714299,-86.651971,62.635033,-86.294801,-0.041337,0.426448,-149.1662,-0.438062,-149.9293,-0.408734,63.822466,-86.223250,-149.5424,1.188207,1.189587,1.281941,-1.108167,-0.428721,-1.280517,0.060402
595,109.559,B,4,62.320751,-86.595524,62.751690,-86.504666,62.614063,-86.289435,-0.113558,0.059709,-150.2992,-0.387160,-151.8173,-0.337631,63.857822,-86.361792,-151.5173,1.115322,1.245862,1.554741,-1.106133,-0.142874,-1.537071,-0.233732
596,109.753,B,4,62.802143,-87.343393,62.641889,-86.650240,62.555961,-86.360638,0.369577,0.651647,-152.6365,-0.384971,-154.1174,-0.384626,63.889005,-86.529818,-154.2038,1.252916,1.343737,1.357636,-1.247116,-0.120423,-1.086862,-0.813575
597,109.936,B,4,62.995342,-87.663524,62.719946,-86.981971,62.593333,-86.554167,0.493574,1.212426,-155.4809,-0.347901,-156.0144,-0.362941,63.903720,-86.638237,-155.6905,1.232669,1.313081,1.369804,-1.183774,-0.343734,-0.908378,-1.025286
598,110.119,B,4,62.805996,-86.867202,62.773595,-87.147345,62.658929,-86.773307,0.321997,0.793291,-157.3352,-0.339324,-157.9718,-0.322746,63.920143,-86.776736,-157.6805,1.204958,1.261219,1.117814,-1.146548,-0.370609,-1.114147,-0.090466
599,110.312,B,4,63.159713,-88.265069,62.838219,-87.364761,62.764738,-87.068263,0.466043,1.550710,-158.8088,-0.325574,-159.8041,-0.311875,63.934174,-86.916208,-159.5179,1.184194,1.179280,1.555383,-1.095955,-0.448553,-0.774461,-1.348860
600,110.487,B,4,62.856823,-87.599107,62.838219,-87.364761,62.760336,-87.094205,0.466044,1.418945,-160.4337,-0.312386,-161.5439,-0.296970,63.944351,-87.056990,-161.2708,1.148151,1.184600,1.215158,-1.106132,-0.307771,-1.087528,-0.542117
601,110.665,B,4,62.877388,-88.252702,62.893994,-87.644747,62.772705,-87.209188,0.444025,1.267618,-161.2359,-0.305836,-163.2110,-0.286604,63.947560,-87.197390,-162.9485,1.144609,1.174914,1.502980,-1.053566,-0.447357,-1.070172,-1.055311
602,110.848,B,4,63.208266,-87.782405,62.887086,-87.836679,62.785886,-87.421652,0.556961,1.447517,-162.5951,-0.295915,-164.8173,-0.275292,63.940628,-87.335975,-164.5642,1.166471,1.157916,0.857703,-1.053542,-0.500704,-0.732363,-0.446430
603,111.027,B,4,62.099416,-88.597111,62.927478,-87.990940,62.856721,-87.512470,0.283449,1.100010,-163.9680,-0.285656,-166.3637,-0.264309,63.921818,-87.472953,-166.1206,1.121170,1.065830,2.141233,-0.994340,-0.517987,-1.822401,-1.124158
604,111.225,B,4,62.914037,-88.596666,62.839911,-88.144002,62.714139,-87.733049,0.787703,1.066554,-167.2944,-0.260560,-167.8415,-0.251098,63.891618,-87.609947,-167.6100,1.179534,1.183896,1.388985,-1.051707,-0.534055,-0.977581,-0.986719
605,111.404,B,4,62.200566,-88.124124,62.722500,-88.382070,62.741454,-87.915668,0.663456,1.134604,-168.4298,-0.251108,-169.2435,-0.238607,63.852374,-87.748482,-169.0243,1.295395,1.123429,1.693982,-1.129874,-0.633588,-1.651808,-0.375642
606,111.606,B,4,61.947666,-89.183551,62.638131,-88.457614,62.635068,-87.979735,0.818827,0.668371,-168.4298,-0.251114,-170.5723,-0.227391,63.807061,-87.888508,-170.3642,1.300107,1.175538,2.265941,-1.168930,-0.569106,-1.859395,-1.295043
607,111.793,B,4,62.536998,-88.676281,62.430388,-88.592867,62.499158,-88.222351,1.143465,1.035683,-170.1812,-0.234370,-171.8398,-0.217978,63.757777,-88.028103,-171.6406,1.442540,1.273520,1.382185,-1.327390,-0.564764,-1.220779,-0.648178
608,111.961,B,4,62.339822,-88.330988,62.318746,-88.774463,62.492432,-88.331067,0.862259,0.802031,-171.2357,-0.224898,-173.0588,-0.209573,63.705045,-88.164836,-172.8667,1.514421,1.223954,1.375296,-1.386299,-0.609627,-1.365223,-0.166153
609,112.153,B,4,61.509715,-88.863501,62.294426,-88.742547,62.451999,-88.356226,0.613420,0.246995,-173.7284,-0.208659,-174.2356,-0.202012,63.648111,-88.297512,-174.0502,1.424963,1.197552,2.212031,-1.353685,-0.445035,-2.138396,-0.565989
610,112.337,B,4,62.324465,-88.601298,62.135007,-88.728661,62.267703,-88.470418,0.928573,0.257165,-174.7495,-0.201523,-175.3665,-0.194110,63.585280,-88.427080,-175.1891,1.481297,1.318290,1.272795,-1.450273,-0.301581,-1.260816,-0.174218
611,112.534,B,4,61.975611,-89.428664,62.015003,-88.752344,62.262022,-88.515849,0.667443,0.120742,-175.1807,-0.198453,-176.4405,-0.180754,63.514266,-88.556020,-176.2729,1.512063,1.252888,1.768889,-1.499264,-0.196324,-1.538656,-0.872645
612,112.731,B,4,62.762244,-89.551546,62.002011,-88.863580,62.194750,-88.701643,0.655982,0.628652,-176.0642,-0.190073,-177.4497,-0.171893,63.433166,-88.686331,-177.2926,1.442089,1.238510,1.094866,-1.431155,-0.177249,-0.670921,-0.865215
613,112.909,B,4,62.356428,-89.082436,62.072264,-89.114039,62.282343,-88.877969,0.180036,0.991523,-176.9483,-0.179884,-178.3972,-0.161275,63.341554,-88.817951,-178.2493,1.303366,1.060909,1.020012,-1.269290,-0.296087,-0.985126,-0.264484
614,113.144,B,4,62.505811,-89.048486,62.193676,-89.238754,62.283031,-88.938978,0.063232,0.638160,-178.9236,-0.160633,-179.2961,-0.154715,63.240873,-88.948824,-179.1549,1.086591,0.957893,0.741788,-1.047197,-0.289930,-0.735063,-0.099662
615,113.309,B,4,62.479364,-89.900733,62.257571,-89.229746,62.312865,-88.979504,-0.091532,0.409174,-179.6653,-0.154462,179.8398,-0.149506,63.133817,-89.076382,179.9761,0.889566,0.826649,1.052552,-0.876246,-0.153364,-0.654454,-0.824351
616,113.491,B,4,62.292382,-90.340817,62.358821,-89.669914,62.332859,-89.167955,-0.082072,1.423486,179.3807,-0.148205,179.0059,-0.144696,63.000455,-89.223723,178.9732,0.781524,0.669921,1.322598,-0.641633,-0.446191,-0.708073,-1.117094
617,113.673,B,4,61.479290,-89.150389,62.222424,-89.768357,62.318511,-89.397226,0.419165,0.623539,178.6427,-0.142708,178.2066,-0.135716,62.886615,-89.343314,178.1755,0.788550,0.570657,1.420487,-0.664191,-0.425043,-1.407325,0.192925
618,113.883,B,4,61.246870,-90.809868,61.949801,-89.905550,61.994195,-89.633938,0.805337,1.397044,177.5583,-0.131918,177.4507,-0.126676,62.769895,-89.462563,177.4214,0.932090,0.794405,2.033430,-0.820094,-0.442987,-1.523025,-1.347305
619,114.086,B,4,61.850906,-89.803363,61.949801,-89.905550,61.980988,-89.655416,0.744232,1.253296,177.0035,-0.125230,176.7434,-0.118723,62.673260,-89.558721,176.8533,0.802298,0.698992,0.857972,-0.723459,-0.346828,-0.822354,-0.244642
620,114.276,B,4,61.486475,-89.691367,61.785392,-90.108975,61.939562,-89.710297,0.641331,0.821722,176.4452,-0.118080,176.0814,-0.112789,62.546368,-89.679302,176.1846,0.873901,0.607597,1.059961,-0.760976,-0.429673,-1.059893,-0.012064
621,114.467,B,4,60.259480,-91.045973,61.694190,-90.047323,61.845769,-89.724452,0.756109,0.427525,176.4452,-0.118085,175.4537,-0.107292,62.411005,-89.798082,175.5523,0.758910,0.570012,2.487226,-0.716815,-0.249241,-2.151525,-1.247892
622,114.641,B,4,60.517656,-90.978304,61.392705,-90.201415,61.538405,-89.987516,1.344243,1.207472,175.5972,-0.110755,174.8498,-0.102714,62.266905,-89.912702,174.9451,0.920641,0.732331,2.048262,-0.874199,-0.288713,-1.749248,-1.065602
623,114.847,B,4,60.605230,-90.561066,60.778969,-90.691678,61.331125,-90.189959,1.421138,1.130874,174.4811,-0.103128,174.2662,-0.099872,62.084544,-90.043955,174.2433,1.457420,0.767436,1.567092,-1.305575,-0.647724,-1.479315,-0.517112
624,115.016,B,4,61.168239,-91.435005,60.778969,-90.691678,61.174955,-90.281092,1.294875,1.009169,174.0128,-0.099735,173.7072,-0.095696,61.959121,-90.128864,173.7947,1.307485,0.798805,1.526925,-1.180152,-0.562814,-0.790882,-1.306141
625,115.207,B,4,61.172100,-89.939208,60.706214,-90.872103,61.148536,-90.513909,0.852105,1.352803,173.5590,-0.096143,173.1784,-0.090212,61.799909,-90.234188,173.2609,1.266137,0.708894,0.693655,-1.093695,-0.637915,-0.627809,0.294980
626,115.380,B,4,60.440896,-90.508605,60.757585,-90.878239,61.129979,-90.434151,0.638442,0.341732,173.3341,-0.094160,172.6812,-0.085724,61.639183,-90.339837,172.7587,1.033002,0.517865,1.210113,-0.881598,-0.538402,-1.198287,-0.168768
627,115.547,B,4,59.993809,-90.132878,60.711619,-90.694179,60.983645,-90.467523,0.751174,0.130134,172.8386,-0.088260,172.2111,-0.079186,61.477227,-90.445289,172.2848,0.805048,0.494082,1.515958,-0.765608,-0.248890,-1.483417,0.312412
628,115.714,B,4,60.349794,-90.660540,60.513384,-90.568947,60.781526,-90.424300,1.034667,-0.270850,172.3563,-0.082881,171.7603,-0.077456,61.313121,-90.548462,171.8314,0.799999,0.545902,0.969825,-0.799737,-0.020485,-0.963327,-0.112078
629,115.881,B,4,60.241320,-91.805803,60.351324,-90.495099,60.678945,-90.481733,0.796413,-0.078438,171.4356,-0.077266,171.3218,-0.075232,61.144983,-90.647209,171.3912,0.808104,0.494544,1.469336,-0.793659,0.152110,-0.903663,-1.158594
630,116.063,B,4,59.068905,-90.892032,60.274047,-90.740080,60.575337,-90.736817,0.606364,0.864867,171.2639,-0.076739,170.8946,-0.074899,60.970883,-90.740861,170.9620,0.696836,0.395567,1.907976,-0.696835,0.000781,-1.901977,-0.151171
631,116.235,B,4,59.418496,-91.408124,60.032909,-90.976699,60.277171,-90.782432,1.195433,0.807911,171.0588,-0.075737,170.2211,-0.203460,60.790644,-90.832397,170.3965,0.771354,0.515899,1.488036,-0.757736,-0.144302,-1.372148,-0.575727
632,116.438,B,4,59.925338,-91.565080,59.619314,-91.269849,60.062949,-91.028205,0.822228,1.116245,169.5451,-0.112696,169.3774,-0.066382,60.615038,-90.925701,169.4464,1.053519,0.561523,0.940473,-0.995723,-0.344148,-0.689699,-0.639379
633,116.642,B,4,58.635534,-90.734815,59.436683,-91.280001,59.784686,-90.992093,1.320200,0.523998,169.2549,-0.043183,169.2984,-0.055763,60.436449,-91.014644,169.3366,1.034382,0.652153,1.822525,-0.999766,-0.265357,-1.800914,0.279830
634,116.821,B,4,58.733371,-91.188874,59.436683,-91.280001,59.751161,-91.007768,1.197612,0.462847,168.9221,-0.126971,168.4150,-0.195345,60.264665,-91.108507,168.6023,0.845556,0.523292,1.533402,-0.827983,-0.171494,-1.531294,-0.080366
635,117.007,B,4,58.615869,-91.843433,59.127815,-91.202455,59.535028,-91.054248,1.302435,0.423124,168.2063,-0.129114,167.8201,-0.024469,60.095992,-91.200526,167.8502,0.968179,0.579723,1.613721,-0.968177,-0.001930,-1.480124,-0.642908
636,117.227,B,4,59.150892,-91.834726,58.793424,-91.534514,59.335254,-91.210504,0.876980,1.014836,167.5094,-0.125702,167.0888,-0.225175,59.928682,-91.287874,167.2839,1.161741,0.598450,0.950792,-1.135258,-0.246640,-0.777790,-0.546852
637,117.421,B,4,58.391057,-91.565355,58.700474,-91.636477,59.112451,-91.378567,0.987904,0.837453,166.6737,-0.141081,166.2370,-0.086935,59.765105,-91.375926,166.3123,1.096050,0.652659,1.387044,-1.064631,-0.260551,-1.374048,-0.189429
638,117.600,B,4,58.800267,-91.747948,58.592974,-91.685181,59.077197,-91.394095,0.733196,0.740878,165.8741,-0.163934,165.2874,-0.161133,59.569301,-91.478674,165.2518,0.997928,0.499320,0.814814,-0.976327,-0.206507,-0.769034,-0.269274
639,117.773,B,4,58.476939,-92.176271,58.592974,-91.685181,58.994538,-91.472012,0.673211,0.659200,165.0104,-0.159101,164.3558,-0.177115,59.438923,-91.547486,164.5230,0.857082,0.450749,1.149254,-0.845949,-0.137695,-0.961984,-0.628785
640,117.989,B,4,58.710531,-91.565037,58.537850,-91.817927,58.869515,-91.613277,0.572209,0.888094,163.8461,-0.173712,163.3509,-0.179812,59.276436,-91.634893,163.5166,0.760927,0.407494,0.570200,-0.738585,-0.183034,-0.565905,0.069856
641,118.199,B,4,57.817907,-91.038775,58.495542,-91.876414,58.810389,-91.618479,0.491168,0.507117,163.8461,-0.173714,162.2823,-0.192422,59.114667,-91.722452,162.4573,0.637981,0.321552,1.465947,-0.619125,-0.153963,-1.296760,0.683677
642,118.465,B,4,57.377811,-92.058146,58.374240,-91.704346,58.601609,-91.524329,0.952434,-0.091126,162.9503,-0.182844,161.1517,-0.203055,58.954370,-91.808715,161.3369,0.589444,0.453118,1.596169,-0.580130,0.104369,-1.576560,-0.249431
643,118.658,B,4,58.049089,-93.248511,57.909280,-91.994060,58.348893,-91.628509,0.555642,1.459167,160.5131,-0.205272,159.9578,-0.213442,58.795964,-91.892858,160.1529,0.892440,0.519378,1.547777,-0.886683,-0.101202,-0.746874,-1.355652
644,118.846,B,4,57.347818,-92.449158,57.909280,-91.994060,58.261448,-91.931377,0.529886,1.308100,159.4483,-0.213454,158.7071,-0.221215,58.639165,-91.975379,158.9106,0.730124,0.380271,1.375516,-0.729885,-0.018681,-1.291347,-0.473779
645,119.045,B,4,57.452814,-92.045517,57.772571,-92.335723,58.063573,-92.038234,0.704012,1.310247,158.4531,-0.220088,157.4117,-0.229220,58.483020,-92.057688,157.6215,0.762916,0.419898,1.030278,-0.710449,-0.278035,-1.030206,0.012172
646,119.241,B,4,56.963421,-91.762264,57.583348,-92.371745,57.919796,-92.051996,0.863039,0.957324,157.9074,-0.223117,156.0819,-0.235373,58.326365,-92.140954,156.2968,0.778036,0.416188,1.414575,-0.743017,-0.230791,-1.362944,0.378690
647,119.434,B,4,56.935646,-92.141827,57.171345,-92.158051,57.713587,-92.009238,1.200475,0.428290,154.9655,-0.236598,154.7204,-0.239715,58.168504,-92.225146,154.9405,0.999414,0.503553,1.235670,-0.997159,0.067094,-1.232858,0.083318
648,119.632,B,4,57.354718,-92.758707,57.079234,-92.255634,57.538777,-92.040054,0.697993,0.724472,153.9028,-0.242395,153.3224,-0.248002,57.977732,-92.325711,153.2657,0.901227,0.523719,0.758704,-0.898498,0.070077,-0.623014,-0.432996
649,119.786,B,4,56.225481,-93.170305,57.079234,-92.255634,57.471541,-92.176604,0.646861,0.639152,152.4606,-0.250135,151.8820,-0.255331,57.850377,-92.391399,152.1154,0.783003,0.435492,1.801938,-0.771143,0.135765,-1.624896,-0.778907
650,120.041,B,4,56.983419,-92.806301,56.920684,-92.513928,57.212654,-92.364146,0.725286,1.241634,151.1374,-0.256010,150.3984,-0.264068,57.691669,-92.471619,150.6384,0.772145,0.490924,0.783346,-0.770985,-0.042308,-0.708250,-0.334681
651,120.263,B,4,55.681586,-92.630720,56.750532,-92.718068,57.136353,-92.453676,0.525810,1.173975,151.1374,-0.256007,148.8782,-0.269833,57.533642,-92.550578,149.1234,0.800820,0.408936,1.853789,-0.783109,-0.167490,-1.852056,-0.080142
652,120.456,B,4,55.988605,-92.536999,56.544071,-92.765403,56.838992,-92.494124,1.039227,1.138341,149.3077,-0.264744,147.3309,-0.272323,57.344296,-92.645756,147.2686,0.809120,0.527565,1.360046,-0.800225,-0.119647,-1.355691,0.108758
653,120.653,B,4,56.055017,-92.890109,56.239290,-92.734067,56.647062,-92.508835,1.174074,0.870128,148.0846,-0.268794,145.7626,-0.275838,57.217815,-92.710247,146.0149,0.978814,0.605248,1.176626,-0.978524,-0.023819,-1.162798,-0.179862
654,120.876,B,4,55.596143,-92.315175,56.072320,-92.740722,56.503134,-92.583141,0.908229,0.754712,144.7088,-0.277503,144.1719,-0.282339,57.027608,-92.808064,144.1077,0.957659,0.570670,1.513946,-0.955289,0.067342,-1.431465,0.492890
655,121.095,B,4,56.351205,-93.020366,55.906864,-92.696952,56.311932,-92.537989,1.157288,0.460227,144.0286,-0.279871,142.5525,-0.284497,56.869168,-92.888996,142.4871,0.981279,0.658573,0.534363,-0.962303,0.192044,-0.517963,-0.131370
656,121.316,B,4,55.821457,-93.528571,55.840313,-92.680119,56.284211,-92.627371,0.646029,0.527320,143.2407,-0.282975,140.9051,-0.274888,56.742887,-92.952372,141.1661,0.942741,0.562147,1.086756,-0.902573,0.272253,-0.921430,-0.576199
657,121.532,B,4,55.957919,-94.137224,55.846734,-92.882113,56.161625,-92.794371,0.227642,0.952675,141.6311,-0.287455,139.9738,-0.062774,56.589069,-93.024904,140.0409,0.755944,0.485648,1.278908,-0.742335,0.142792,-0.631150,-1.112319
658,121.736,B,4,56.232643,-92.691128,55.810204,-93.239239,56.092107,-93.043931,-0.375207,1.447311,140.0158,-0.152278,138.8400,-0.246553,56.440693,-93.101332,139.0676,0.645395,0.353281,0.459948,-0.630489,-0.137907,-0.208050,0.410204
659,121.954,B,4,55.977606,-93.717282,55.847734,-93.361514,56.087427,-92.989556,-0.064370,0.547704,138.0263,-0.229444,137.4826,-0.227565,56.289498,-93.173545,137.6923,0.480091,0.273284,0.626838,-0.441763,-0.187969,-0.311892,-0.543737
660,122.183,B,4,55.518226,-93.000659,55.890037,-93.362986,56.040152,-93.128619,-0.282027,0.696144,136.9637,-0.223227,136.2356,-0.206700,56.142666,-93.244319,136.4278,0.279111,0.154582,0.670296,-0.252629,-0.118666,-0.624441,0.243660
661,122.389,B,4,55.280030,-94.059569,55.672987,-93.477122,55.919957,-93.113549,-0.051341,0.997579,135.4363,-0.201812,135.0948,-0.189355,55.999965,-93.314379,135.2705,0.365239,0.216180,1.036154,-0.326978,-0.162742,-0.719935,-0.745189
662,122.614,B,4,54.772379,-92.885708,55.439883,-93.504459,55.599548,-93.219671,0.701303,0.722083,134.3984,-0.186935,134.0516,-0.174426,55.834719,-93.396908,134.0118,0.409222,0.294480,1.178936,-0.394835,-0.107551,-1.062340,0.511199
663,122.829,B,4,55.127476,-93.414872,55.233712,-93.398954,55.490878,-93.259638,0.660888,0.677889,133.6091,-0.174146,133.0961,-0.161016,55.728772,-93.450088,133.2434,0.497694,0.304737,0.602326,-0.495060,0.051134,-0.601296,0.035216
664,123.032,B,4,55.510882,-92.867555,55.233712,-93.398954,55.470084,-93.195048,0.607235,0.602986,132.4719,-0.155614,132.2204,-0.146637,55.601495,-93.513619,132.3553,0.385243,0.344611,0.652387,-0.367783,0.114665,-0.090613,0.646064
665,123.264,B,4,54.526590,-93.406391,55.192894,-93.305507,55.443682,-93.198331,0.687124,0.129616,132.0584,-0.148544,131.4212,-0.131722,55.479694,-93.573712,131.5440,0.392668,0.377104,0.967679,-0.286800,0.268205,-0.953104,0.167320
666,123.489,B,4,55.237006,-94.142187,55.087683,-93.229919,55.252701,-93.238425,0.770868,0.497238,131.6778,-0.142921,130.6987,-0.119665,55.362517,-93.630945,130.8091,0.486164,0.407592,0.526423,-0.274835,0.401025,-0.125511,-0.511242
667,123.709,B,4,55.244600,-92.940981,55.007169,-93.459380,55.223937,-93.405495,0.318031,0.240257,130.1357,-0.112856,130.0527,-0.104875,55.226916,-93.697041,130.0285,0.323684,0.291561,0.756266,-0.219746,0.237661,0.017684,0.756059
668,123.914,B,4,54.430587,-92.882780,54.920117,-93.275090,55.204340,-93.326711,0.769721,0.194941,129.6641,-0.102609,129.4803,-0.093602,55.139511,-93.739933,129.5672,0.514017,0.418276,1.112333,-0.219394,0.464844,-0.708925,0.857153
669,124.112,B,4,55.100937,-94.420309,54.920117,-93.275090,55.052931,-93.456695,0.697434,0.169479,129.2088,-0.092708,128.9747,-0.083590,55.034315,-93.792132,129.0514,0.529504,0.335953,0.631700,-0.114198,0.517042,0.066622,-0.628177
670,124.311,B,4,53.991256,-93.768258,54.840311,-93.392221,55.030661,-93.462616,-0.173675,0.627318,128.7469,-0.083636,128.5286,-0.073284,54.934556,-93.842296,128.5962,0.459837,0.391654,0.946202,-0.094245,0.450075,-0.943300,0.074038
671,124.498,B,4,54.107007,-93.913426,54.718379,-93.646414,54.821116,-93.523142,0.051303,1.015259,128.7469,-0.083640,128.1370,-0.065357,54.840668,-93.890023,128.1961,0.272580,0.367401,0.734034,-0.122289,0.243609,-0.733661,-0.023403
672,124.714,B,4,53.379112,-92.826932,54.475095,-93.751199,54.668266,-93.599540,0.086792,1.158689,128.2413,-0.072267,127.7991,-0.054841,54.752114,-93.935321,127.8495,0.332626,0.346091,1.764557,-0.277018,0.184122,-1.373002,1.108390
673,124.930,B,4,53.936907,-93.551191,54.192869,-93.652043,54.410056,-93.464704,1.033717,0.913474,127.9498,-0.064049,127.5167,-0.045493,54.667673,-93.978547,127.5580,0.576233,0.574806,0.846553,-0.474804,0.326504,-0.730766,0.427356
674,125.119,B,4,53.668507,-93.643445,53.952475,-93.497534,54.297334,-93.482377,0.789710,0.750994,127.4107,-0.044974,127.2909,-0.035983,54.586201,-94.020019,127.3233,0.821340,0.610330,0.991953,-0.633726,0.522485,-0.917694,0.376574
675,125.335,B,4,53.922744,-93.255259,53.822115,-93.519389,54.156798,-93.513587,0.673169,0.807065,127.2253,-0.036445,127.1199,-0.027511,54.507301,-94.059695,127.1438,0.872587,0.648911,0.994396,-0.685185,0.540305,-0.584557,0.804436
676,125.540,B,4,53.568813,-94.236409,53.735934,-93.487072,54.088093,-93.468745,0.739942,0.535462,127.1409,-0.032355,126.9979,-0.017872,54.431438,-94.097209,127.0144,0.925199,0.716137,0.873785,-0.695504,0.610137,-0.862625,-0.139201
677,125.719,B,4,53.661496,-93.069683,53.671767,-93.569952,53.968806,-93.609480,0.177098,0.907424,127.0207,-0.024666,126.9190,-0.011115,54.359427,-94.132245,126.9290,0.888285,0.652586,1.271277,-0.687661,0.562293,-0.697931,1.062562
678,125.931,B,4,53.818376,-94.966948,53.589997,-93.759600,53.888422,-93.514956,-0.536020,0.972425,126.8745,-0.008881,126.8779,-0.002268,54.278655,-94.171191,126.8792,0.802282,0.763496,0.919286,-0.688658,0.411590,-0.460279,-0.795758
679,126.110,B,4,53.964347,-94.841184,53.589997,-93.759600,53.852195,-93.780858,-0.484090,0.879236,126.8753,-0.001970,126.8814,0.003545,54.227907,-94.195734,126.8784,0.772749,0.559715,0.697187,-0.637909,0.436134,-0.263560,-0.645450
680,126.321,B,4,52.955753,-94.740348,53.643557,-94.195480,53.851028,-93.981331,-0.988529,0.967680,126.8911,0.003574,126.9265,0.010952,54.155191,-94.231276,126.9293,0.512885,0.393684,1.302999,-0.511634,0.035796,-1.199438,-0.509072
681,126.496,B,4,54.163116,-94.186630,53.566560,-94.485742,53.668747,-94.130555,-0.878703,1.357730,126.9060,0.007015,127.0172,0.020188,54.108314,-94.254344,126.9997,0.589104,0.456665,0.087111,-0.541755,-0.231398,0.054802,0.067714
682,126.708,B,4,53.439096,-94.326019,53.596579,-94.533930,53.737904,-94.153823,-0.377268,0.503736,127.0682,0.021409,127.1518,0.028887,54.051195,-94.282209,127.1275,0.519652,0.338576,0.613664,-0.454615,-0.251722,-0.612098,-0.043811
683,126.932,B,4,52.794432,-94.472793,53.441672,-94.533868,53.665876,-94.197770,-0.024688,0.728053,127.2647,0.029324,127.3255,0.035053,53.985123,-94.313228,127.3332,0.586533,0.339484,1.201335,-0.543451,-0.220640,-1.190691,-0.159565
684,127.125,B,4,53.077137,-94.174141,53.441672,-94.533868,53.491123,-94.259132,-0.024357,0.658029,127.4347,0.035762,127.5334,0.040113,53.932547,-94.336303,127.5424,0.529141,0.448119,0.870645,-0.490875,-0.197565,-0.855410,0.162161
685,127.303,B,4,52.979242,-94.514756,53.263854,-94.491762,53.397192,-94.255431,0.269231,0.502632,127.6238,0.040223,127.7738,0.045178,53.892133,-94.352907,127.7331,0.643440,0.504449,0.927127,-0.628279,-0.138854,-0.912891,-0.161849
686,127.494,B,4,53.083223,-94.670442,53.154335,-94.456138,53.302661,-94.313081,0.278626,0.597393,127.7208,0.042256,128.0489,0.052303,53.843302,-94.371884,128.0024,0.694099,0.543830,0.816613,-0.688967,-0.084254,-0.760079,-0.298557
687,127.704,B,4,52.230551,-94.145728,53.075157,-94.512575,53.248100,-94.386433,0.120234,0.609480,127.9146,0.046969,128.3620,0.056978,53.795773,-94.389750,128.3092,0.731008,0.547683,1.584129,-0.720616,-0.122825,-1.565222,0.244022
688,127.892,B,4,52.075185,-94.698202,52.631600,-94.471461,53.042248,-94.355697,0.591128,1.001813,128.5678,0.060074,128.7141,0.063232,53.739989,-94.410599,128.7289,1.110060,0.699898,1.689464,-1.108390,-0.060863,-1.664804,-0.287604
689,128.077,B,4,52.538015,-93.947278,52.631600,-94.471461,52.846160,-94.427456,0.528595,0.908920,128.8738,0.065723,129.1021,0.071111,53.703696,-94.424111,129.0378,1.073141,0.857543,1.259437,-1.072096,-0.047350,-1.165681,0.476834
690,128.285,B,4,52.294767,-93.136528,52.379822,-94.102604,52.768029,-94.349993,1.481238,-0.042783,129.3844,0.072860,129.5205,0.076427,53.659770,-94.440026,129.4518,1.323677,0.896275,1.887416,-1.279948,0.337421,-1.365003,1.303498
691,128.484,B,4,52.533300,-94.326426,52.327336,-93.924686,52.660575,-94.136113,0.899952,0.124481,129.7309,0.076670,129.9646,0.080197,53.617751,-94.454181,129.8919,1.394825,1.008639,1.091950,-1.290415,0.529495,-1.084450,0.127755
692,128.697,B,4,52.842026,-95.318412,52.381440,-94.191322,52.616293,-94.172539,-0.238261,0.581655,130.3465,0.080842,130.4334,0.082531,53.577462,-94.466201,130.3567,1.227203,1.005029,1.125669,-1.196022,0.274879,-0.735436,-0.852211
693,128.930,B,4,52.757423,-93.771428,52.475250,-94.315534,52.655896,-94.275965,0.082729,0.021020,130.7324,0.084498,131.0320,0.088929,53.530492,-94.478077,130.9498,1.067688,0.897645,1.047372,-1.055242,0.162543,-0.773069,0.706648
694,129.135,B,4,52.269010,-94.491730,52.475250,-94.315534,52.643163,-94.279405,0.074620,0.019621,131.0833,0.087588,131.4550,0.094112,53.499514,-94.484873,131.3689,1.038168,0.880655,1.230523,-1.024264,0.169340,-1.230504,-0.006856
695,129.352,B,4,53.058624,-95.562287,52.475499,-94.264514,52.560497,-94.322222,-0.009579,0.239205,131.5538,0.092491,132.0099,0.097985,53.461087,-94.492511,131.9193,1.011615,0.916548,1.142978,-0.985588,0.227997,-0.402463,-1.069777
696,129.572,B,4,52.207999,-94.859866,52.522496,-94.540464,52.636934,-94.552879,-0.962870,0.605405,131.7756,0.094751,132.5895,0.102275,53.423539,-94.499242,132.4954,0.901985,0.788432,1.267907,-0.901043,-0.041222,-1.215540,-0.360624
697,129.774,B,4,52.042640,-94.540583,52.555379,-94.819789,52.548018,-94.618390,-0.717218,0.700929,132.2329,0.097951,133.2386,0.120822,53.390705,-94.502084,133.1270,0.893704,0.850676,1.348615,-0.835326,-0.317706,-1.348065,-0.038500
698,129.981,B,4,52.128461,-94.720737,52.318901,-94.816104,52.444525,-94.614380,-0.062709,0.531557,133.6864,0.127429,134.0066,0.143576,53.362986,-94.495476,134.0400,1.092208,0.926126,1.254909,-1.044086,-0.320628,-1.234526,-0.225261
699,130.170,B,4,52.522380,-94.159958,52.318901,-94.816104,52.374695,-94.642877,-0.063312,0.479660,134.2665,0.142858,134.9071,0.168330,53.349260,-94.487029,134.7536,1.081634,0.986947,0.889217,-1.030360,-0.329075,-0.826881,0.327071
700,130.386,B,4,52.046152,-94.310762,52.301984,-94.712430,52.389246,-94.563723,0.215080,-0.003853,135.1222,0.165119,135.9484,0.191784,53.334990,-94.473988,135.7725,1.060168,0.949992,1.299132,-1.033006,-0.238442,-1.288837,0.163225
701,130.599,B,4,52.583815,-94.661284,52.281089,-94.549415,52.316207,-94.523931,0.468417,-0.052355,135.6457,0.177296,137.1220,0.213854,53.323535,-94.458262,136.9262,1.046424,1.009466,0.767075,-1.042446,-0.091153,-0.739720,-0.203023
702,130.816,B,4,52.443625,-94.361522,52.275684,-94.510411,52.354179,-94.553740,0.167363,-0.072005,136.7047,0.199019,138.4318,0.240852,53.318087,-94.436248,138.2115,1.045039,0.971043,0.877650,-1.042404,-0.074163,-0.874463,0.074727
703,131.037,B,4,53.236596,-94.279305,52.334645,-94.494304,52.361855,-94.523792,0.184464,-0.198534,137.9081,0.221654,139.8968,0.269749,53.323931,-94.401873,139.6523,0.993594,0.969771,0.150500,-0.989286,-0.092431,-0.087336,0.122567
704,131.248,B,4,52.231141,-94.900846,52.484688,-94.417831,52.513778,-94.482839,-0.070255,-0.538114,141.0268,0.277972,141.5146,0.295439,53.340541,-94.355210,141.2451,0.858141,0.836556,1.236320,-0.855853,-0.062621,-1.109400,-0.545636
705,131.467,B,4,52.381964,-94.682154,52.573538,-94.458298,52.459491,-94.561429,-0.174908,-0.050628,141.6954,0.289210,143.2941,0.324165,53.365184,-94.299032,142.9981,0.807508,0.942938,1.055226,-0.791646,-0.159265,-0.983219,-0.383121
706,131.677,B,4,52.709708,-94.262921,52.512637,-94.567876,52.441864,-94.587519,-0.172105,0.089056,142.5202,0.302038,145.2413,0.354120,53.395279,-94.236441,144.9186,0.942818,1.016001,0.686082,-0.882642,-0.331435,-0.685571,-0.026480
707,131.892,B,4,52.477370,-95.076177,52.558932,-94.588212,52.487082,-94.532582,-0.295088,0.224683,146.9735,0.364901,147.3478,0.380275,53.430167,-94.168470,147.0008,0.967075,1.010934,1.315961,-0.871235,-0.419742,-0.952797,-0.907707
708,132.078,B,4,52.955579,-93.856293,52.617862,-94.550589,52.567410,-94.496030,-0.059088,-0.493181,148.6818,0.384391,149.5923,0.402164,53.471151,-94.093091,149.2249,0.968198,0.989499,0.567352,-0.853290,-0.457498,-0.515572,0.236799
709,132.283,B,4,52.791447,-93.542385,52.617862,-94.550589,52.567623,-94.496716,-0.035733,-0.447535,150.6604,0.402960,151.9514,0.421147,53.519925,-94.006524,151.5670,1.053435,1.071059,0.863774,-0.902063,-0.544065,-0.728478,0.464139
710,132.470,B,4,52.950636,-94.662320,52.714411,-94.243455,52.607788,-94.323549,0.292410,-0.933091,152.8417,0.420156,154.4123,0.438171,53.576711,-93.906182,154.0118,0.925913,1.054992,0.981690,-0.862300,-0.337273,-0.626075,-0.756138
711,132.651,B,4,52.660942,-93.644731,52.778150,-94.147868,52.670683,-94.381341,-0.066899,-0.499873,153.9912,0.427753,156.9767,0.458748,53.639790,-93.792738,156.5591,0.931956,1.133853,0.989975,-0.861640,-0.355130,-0.978848,0.148007
712,132.825,B,4,52.170546,-94.148239,52.696982,-93.993024,52.670031,-94.245309,0.465040,-0.369549,158.3064,0.459680,159.6535,0.476241,53.706648,-93.669493,159.2174,1.060235,1.185807,1.608976,-1.009666,-0.323532,-1.536101,-0.478746
713,133.039,B,4,52.431364,-94.384656,52.565920,-94.051796,52.579936,-94.223192,0.370917,0.032288,160.7990,0.408142,161.8563,0.279506,53.778450,-93.523550,161.9182,1.322601,1.387780,1.598795,-1.212530,-0.528246,-1.347086,-0.861106
714,133.207,B,4,53.056508,-93.781090,52.565920,-94.051796,52.551533,-94.248265,0.334143,0.040425,162.5828,0.300561,163.6370,0.439025,53.829948,-93.439468,163.2324,1.404533,1.512778,0.845527,-1.264029,-0.612327,-0.773441,-0.341622
715,133.405,B,4,52.714311,-93.862187,52.595770,-94.044474,52.640797,-94.159838,0.139361,-0.282246,164.1262,0.386684,166.0672,0.407952,53.904053,-93.305100,166.1607,1.502757,1.525252,1.313709,-1.308283,-0.739374,-1.189742,-0.557087
716,133.596,B,4,52.724102,-93.927464,52.670305,-93.950920,52.653482,-94.100610,0.132889,-0.352113,165.1198,0.396743,168.3154,0.377143,53.954951,-93.211743,167.9681,1.482125,1.576040,1.423813,-1.284645,-0.739176,-1.230848,-0.715721
717,133.772,B,4,53.390183,-93.452533,52.681268,-93.908823,52.665609,-94.063241,0.095439,-0.288729,167.1420,0.392389,170.3866,0.346475,54.020038,-93.088641,170.0660,1.570034,1.668630,0.727417,-1.338770,-0.820183,-0.629856,-0.363893
718,133.951,B,4,52.678547,-92.847493,52.878122,-93.542665,52.775200,-93.751235,0.109585,-1.212824,171.1382,0.347616,172.3118,0.325098,54.097306,-92.940394,172.3864,1.359831,1.550945,1.421797,-1.219184,-0.602271,-1.418759,0.092902
719,134.101,B,4,53.783713,-93.331189,52.878122,-93.542665,52.775292,-93.740420,0.136724,-1.092245,173.5783,0.321182,174.1284,0.309443,54.146877,-92.848898,173.8439,1.446047,1.635865,0.603732,-1.268755,-0.693767,-0.363164,-0.482290
720,134.279,B,4,53.056879,-92.426872,52.998781,-93.320441,52.957639,-93.651038,-0.313547,-1.046274,175.0282,0.308010,175.8563,0.295177,54.206512,-92.747476,175.5858,1.336751,1.541463,1.193500,-1.207731,-0.572965,-1.149633,0.320604
721,134.454,B,4,52.955106,-93.904065,53.144617,-93.090505,52.977219,-93.418910,-0.154894,-1.594125,175.0282,0.308015,177.3609,0.275117,54.264374,-92.657325,177.2338,1.200625,1.495587,1.807911,-1.119756,-0.433181,-1.309267,-1.246741
722,134.654,B,4,53.303441,-93.048642,53.123621,-93.037044,52.975939,-93.483820,-0.074461,-0.519205,177.0566,0.286886,178.9945,0.251732,54.321271,-92.569489,178.7626,1.285680,1.626628,1.124973,-1.197650,-0.467555,-1.017829,-0.479153
723,134.840,B,4,53.338676,-91.836976,53.131594,-93.130033,53.037050,-93.390089,-0.155947,-0.536590,178.4152,0.268609,-179.6403,0.226941,54.377504,-92.476309,-179.8491,1.406999,1.622285,1.219799,-1.245910,-0.653724,-1.038828,0.639333
724,135.029,B,4,52.983745,-93.358189,53.200479,-92.852630,53.092619,-93.095706,-0.168170,-1.438983,-179.8537,0.240088,-178.4097,0.205378,54.433095,-92.377267,-178.5987,1.321102,1.520865,1.750093,-1.232615,-0.475363,-1.449350,-0.980922
725,135.238,B,4,53.925249,-92.989212,53.199137,-92.700945,53.075453,-93.118545,0.016142,-0.545717,-178.1604,0.209671,-177.2816,0.191080,54.488211,-92.279217,-177.4568,1.356305,1.643276,0.906101,-1.289073,-0.421728,-0.562962,-0.709996
726,135.429,B,4,53.320914,-92.993327,53.275189,-92.807014,53.232455,-93.077407,-0.392178,-0.344679,-177.5769,0.202400,-176.2169,0.190254,54.543222,-92.190834,-176.3861,1.409817,1.582442,1.462201,-1.268033,-0.616179,-1.222308,-0.802493
727,135.632,B,4,53.508581,-92.562057,53.418955,-92.802549,53.252479,-93.045637,-0.317313,-0.368877,-175.0621,0.241476,-174.7422,0.246142,54.604013,-92.099111,-174.6878,1.378110,1.650017,1.189240,-1.185058,-0.703438,-1.095433,-0.462947
728,135.819,B,4,53.738850,-93.375105,53.498225,-92.843651,53.380196,-93.018969,-0.387927,0.193843,-174.1469,0.150363,-173.9916,0.026826,54.645728,-92.045494,-174.0275,1.397789,1.596629,1.609439,-1.147502,-0.798157,-0.906878,-1.329611
729,136.018,B,4,53.922103,-92.825496,53.498225,-92.843651,53.386215,-93.004768,-0.352374,0.171722,-173.8216,0.097839,-173.6259,0.136348,54.697879,-91.980277,-173.7420,1.478033,1.664345,1.147268,-1.199654,-0.863373,-0.775776,-0.845218
730,136.193,B,4,53.590347,-93.530752,53.620001,-92.927109,53.489216,-92.958857,-0.499075,0.067958,-173.2841,0.149628,-172.7385,0.084023,54.739639,-91.905268,-172.8271,1.515833,1.635117,1.990746,-1.119638,-1.021841,-1.149292,-1.625484
731,136.382,B,4,53.366554,-92.952856,53.692156,-93.021747,53.514738,-93.050386,-0.359918,0.543160,-172.9543,0.129517,-172.6920,0.026724,54.782776,-91.830285,-172.7077,1.615251,1.759707,1.807166,-1.090620,-1.191462,-1.416222,-1.122570
732,136.570,B,4,53.760210,-92.857220,53.659577,-93.116443,53.494463,-93.023465,-0.151381,0.290838,-172.5944,0.037281,-172.2546,0.037282,54.820049,-91.754747,-172.3001,1.789110,1.834891,1.529283,-1.160473,-1.361697,-1.059839,-1.102474
733,136.768,B,4,53.453354,-92.114200,53.652046,-93.064412,53.548289,-92.984389,-0.226048,0.059702,-172.4796,0.074164,-172.2591,0.050884,54.858480,-91.690452,-172.2961,1.828455,1.841432,1.467632,-1.206433,-1.373960,-1.405126,-0.423748
734,136.993,B,4,54.170188,-91.994509,53.653961,-92.866452,53.536686,-92.817162,-0.144534,-0.613469,-172.1505,0.018000,-172.1690,0.015607,54.894260,-91.635493,-172.1792,1.747456,1.799820,0.808191,-1.240300,-1.230959,-0.724072,-0.359016
735,137.192,B,4,54.043186,-92.214765,53.713312,-92.555062,53.656715,-92.655662,-0.456567,-0.994471,-172.1552,-0.000817,-172.2165,-0.017948,54.928640,-91.586947,-172.2007,1.553793,1.661309,1.085442,-1.215329,-0.968115,-0.885454,-0.627818
736,137.387,B,4,53.326036,-92.186103,53.823536,-92.219480,53.733859,-92.561366,-0.187505,-0.949763,-172.2595,-0.022144,-172.3974,-0.044687,54.959916,-91.537571,-172.3586,1.325278,1.597302,1.757885,-1.136381,-0.681909,-1.633881,-0.648532
737,137.552,B,4,53.561878,-91.398376,53.725584,-92.003178,53.648463,-92.286652,-0.138159,-1.401629,-172.6301,-0.054692,-172.7251,-0.068462,54.987159,-91.483320,-172.6633,1.364487,1.561234,1.427811,-1.261575,-0.519859,-1.425282,0.084944
738,137.715,B,4,53.527224,-92.456623,53.672083,-91.902918,53.630824,-92.300854,0.034026,-0.687706,-172.9591,-0.071795,-173.1779,-0.086985,55.010456,-91.426254,-173.0988,1.420723,1.633496,1.806001,-1.338374,-0.476663,-1.483233,-1.030369
739,137.883,B,4,54.140394,-92.443771,53.672083,-91.902918,53.634698,-92.284163,0.025794,-0.621864,-173.3931,-0.085447,-173.7120,-0.097069,55.030585,-91.372777,-173.6228,1.458280,1.667071,1.392649,-1.358503,-0.530141,-0.890192,-1.070995
740,138.077,B,4,54.385670,-91.171481,53.716150,-92.034516,53.730561,-92.298227,-0.179243,-0.153320,-173.9047,-0.095164,-174.2935,-0.103801,55.048312,-91.328432,-174.1978,1.507717,1.636146,0.680976,-1.332162,-0.706084,-0.662642,0.156950
741,138.276,B,4,53.902825,-92.297821,53.984476,-91.825408,53.855639,-92.079942,-0.403722,-0.255483,-174.7155,-0.107679,-174.9225,-0.115678,55.066698,-91.287268,-174.9490,1.208635,1.447410,1.541369,-1.082222,-0.538140,-1.163873,-1.010553
742,138.452,B,4,53.710327,-91.401731,53.960134,-91.798341,53.843655,-91.978050,-0.233368,-0.609503,-175.3137,-0.119143,-175.6284,-0.132788,55.079337,-91.256680,-175.6588,1.243388,1.430834,1.376673,-1.119203,-0.541661,-1.369010,-0.145051
743,138.644,B,4,54.422428,-91.233984,54.010799,-91.598319,53.850311,-91.961845,-0.499777,-0.842782,-176.2648,-0.141104,-176.4435,-0.152389,55.087540,-91.230071,-176.3051,1.137971,1.437439,0.665124,-1.076741,-0.368248,-0.665113,-0.003914
744,138.829,B,4,54.164660,-90.964809,54.010799,-91.598319,53.961255,-91.814070,-0.462966,-0.755052,-176.9406,-0.157231,-177.3730,-0.171134,55.095417,-91.192280,-177.2174,1.158129,1.293424,0.958150,-1.084618,-0.406039,-0.930757,0.227471
745,139.020,B,4,53.226484,-91.269922,54.117182,-91.373923,54.007204,-91.642787,-0.478835,-1.012418,-177.8512,-0.170680,-178.3885,-0.180836,55.101486,-91.145069,-178.4303,1.010559,1.202154,1.879154,-0.984304,-0.228854,-1.875001,-0.124854
746,139.191,B,4,53.684768,-91.291451,54.020739,-91.220331,53.874180,-91.556340,0.050603,-0.928321,-177.8512,-0.170675,-179.4490,-0.186260,55.103440,-91.117479,-179.2777,1.087575,1.305251,1.429299,-1.082700,-0.102852,-1.418672,-0.173972
747,139.367,B,4,53.854434,-91.468840,53.829558,-91.200303,53.845235,-91.489844,0.110071,-0.340789,179.7964,-0.187756,179.4689,-0.191118,55.103321,-91.091069,179.6435,1.278437,1.319774,1.304772,-1.273762,-0.109234,-1.248887,-0.377772
748,139.554,B,4,53.679584,-91.145732,53.802931,-91.206461,53.851515,-91.468541,0.168596,-0.353958,178.9063,-0.192059,178.3552,-0.198187,55.099208,-91.069023,178.3095,1.303543,1.310096,1.421695,-1.296277,-0.137438,-1.419624,-0.076709
749,139.723,B,4,53.837078,-92.010535,53.802931,-91.206461,53.824817,-91.393845,0.146025,-0.322902,177.4697,-0.204536,177.1789,-0.211788,55.094294,-91.055594,177.3725,1.300146,1.313767,1.578767,-1.291363,-0.150867,-1.257216,-0.954941
750,139.902,B,4,53.842634,-91.646449,53.782401,-91.317730,53.830612,-91.490638,0.096047,0.328011,176.9733,-0.210892,175.9181,-0.220656,55.086452,-91.035295,176.1244,1.334285,1.335841,1.385854,-1.304050,-0.282435,-1.243818,-0.611153
751,140.104,B,4,53.026506,-90.870062,53.682540,-91.441968,53.835549,-91.509623,0.475465,-0.108673,175.5047,-0.168725,175.0754,-0.145990,55.071744,-91.009095,175.1998,1.455083,1.333681,2.049958,-1.389204,-0.432872,-2.045238,0.139033
752,140.282,B,4,54.465235,-90.741572,53.686422,-91.224356,53.829393,-91.267771,-0.071076,-0.599959,174.2014,-0.235103,173.7461,-0.309058,55.037719,-90.974849,173.6738,1.374139,1.243325,0.618188,-1.351297,-0.249508,-0.572485,0.233276
753,140.451,B,4,53.362887,-90.969984,53.741916,-91.066389,53.749854,-91.203164,0.176730,-0.588956,172.7561,-0.237198,172.2601,-0.169955,55.005495,-90.953868,172.4262,1.268580,1.280150,1.642688,-1.263580,-0.112521,-1.642609,-0.016116
754,140.648,B,4,53.679357,-90.896148,53.741916,-91.066389,53.751710,-91.188820,0.149781,-0.535236,171.8820,-0.163996,171.5062,-0.181616,54.957506,-90.930208,171.6640,1.223195,1.233217,1.278603,-1.215591,-0.136181,-1.278149,0.034060
755,140.857,B,4,53.800608,-91.421212,53.676211,-90.981097,53.740586,-91.122554,0.130797,-0.545447,171.0796,-0.215477,170.1643,-0.196563,54.899348,-90.915505,170.3564,1.224895,1.177115,1.209533,-1.223138,-0.065591,-1.098741,-0.505707
756,141.019,B,4,53.037872,-92.559070,53.691913,-91.007653,53.753177,-91.164063,-0.000386,-0.122085,170.5669,-0.213773,169.3738,-0.166235,54.835888,-90.895684,169.5189,1.149442,1.115477,2.449431,-1.143975,-0.111969,-1.798017,-1.663385
757,141.192,B,4,53.442226,-90.542599,53.488151,-91.441949,53.591882,-91.253863,0.353222,0.097822,168.8368,-0.191052,168.2569,-0.141508,54.764327,-90.871933,168.3925,1.397692,1.233084,1.362501,-1.276176,-0.570016,-1.322100,0.329334
758,141.387,B,4,53.693234,-91.729952,53.485043,-91.365253,53.608093,-91.331816,0.114592,0.400728,167.5834,-0.170933,167.2929,-0.157596,54.667667,-90.830495,167.2565,1.297908,1.172185,1.326100,-1.182623,-0.534758,-0.974433,-0.899457
759,141.568,B,4,53.652989,-91.011964,53.485043,-91.365253,53.606508,-91.326825,0.109777,0.360397,166.7939,-0.169564,166.3443,-0.161625,54.593681,-90.800127,166.4930,1.244365,1.118892,0.964249,-1.108637,-0.565126,-0.940692,-0.211836
760,141.755,B,4,52.921360,-91.279572,53.522609,-91.379423,53.613754,-91.264972,0.089701,-0.016682,166.0440,-0.161509,165.4494,-0.149535,54.488647,-90.763572,165.5885,1.145644,1.008384,1.650043,-0.966038,-0.615851,-1.567286,-0.516000
761,141.931,B,4,53.642165,-91.015137,53.440716,-91.305366,53.486834,-91.261931,0.412816,0.027600,165.6859,-0.156944,164.6413,-0.097568,54.370032,-90.730449,164.7445,1.092776,1.030782,0.781561,-0.929316,-0.574917,-0.727867,-0.284688
762,142.112,B,4,52.944362,-90.728011,53.375583,-91.244783,53.511655,-91.211920,0.247480,-0.230604,164.9986,-0.149433,164.4625,-0.061438,54.254989,-90.696468,164.5101,1.036342,0.904565,1.311007,-0.879406,-0.548315,-1.310627,-0.031543
763,142.282,B,4,53.570841,-92.215458,53.330012,-91.099669,53.406071,-91.117968,0.539950,-0.485640,164.5226,-0.065032,163.6242,-0.227183,54.141789,-90.663674,163.8218,0.921451,0.864676,1.653486,-0.811777,-0.435995,-0.570948,-1.551785
764,142.453,B,4,53.039575,-90.056302,53.290558,-91.204811,53.431379,-91.310578,0.043183,0.425212,163.1074,-0.109623,162.9490,-0.017718,54.033769,-90.626206,162.9746,0.941884,0.911723,1.145955,-0.743211,-0.578605,-0.994194,0.569904
765,142.644,B,4,52.134955,-90.740310,53.276091,-91.174715,53.356885,-91.079942,0.439005,-0.543755,162.8832,-0.049653,162.8469,-0.087538,53.939279,-90.580377,162.9174,0.890537,0.767299,1.811399,-0.663188,-0.594338,-1.804325,-0.159933
766,142.847,B,4,52.389922,-91.342286,52.776278,-90.896722,53.129995,-91.010500,0.989459,0.059484,162.4105,-0.054881,162.3267,-0.012042,53.817121,-90.526870,162.3260,1.104602,0.840262,1.643716,-1.040844,-0.369852,-1.427199,-0.815416
767,143.033,B,4,52.678043,-91.110608,52.644303,-90.983426,52.986165,-91.062457,0.806664,0.163408,162.3329,-0.017034,162.3703,-0.036904,53.738208,-90.491764,162.4001,1.199316,0.944065,1.227566,-1.093905,-0.491663,-1.060165,-0.618844
768,143.198,B,4,51.938357,-90.897781,52.483249,-90.980383,52.918810,-91.064857,1.059070,0.168909,162.2981,-0.007742,162.3364,0.027058,53.632551,-90.451885,162.3132,1.264992,0.940830,1.751890,-1.149302,-0.528498,-1.694194,-0.445897
769,143.378,B,4,52.778343,-90.610425,52.483249,-90.980383,52.728763,-91.028688,0.957157,0.153704,162.4074,0.022001,162.4770,0.030994,53.527442,-90.411729,162.4433,1.188993,1.009221,0.775002,-1.044193,-0.568654,-0.749099,-0.198696
770,143.579,B,4,52.705432,-91.038582,52.382271,-90.891607,52.723450,-90.946651,0.705407,-0.164591,162.5638,0.034408,162.7061,0.046598,53.425823,-90.367754,162.6638,1.167657,0.910192,0.984365,-1.043551,-0.523854,-0.720391,-0.670829
771,143.756,B,4,52.186588,-90.839558,52.432546,-90.850530,52.707373,-90.956465,0.446699,-0.029245,162.5638,0.034409,163.0178,0.060340,53.330813,-90.318401,162.9624,1.044052,0.892078,1.257321,-0.898267,-0.532128,-1.144226,-0.521157
772,143.931,B,4,52.245660,-90.628488,52.400000,-90.865033,52.600796,-90.929316,0.526182,-0.004494,162.9276,0.052341,163.4153,0.078166,53.242719,-90.266002,163.3455,1.033932,0.923066,1.060907,-0.842720,-0.599031,-0.997059,-0.362487
773,144.122,B,4,52.373218,-90.472581,52.313573,-90.808418,52.523316,-90.868817,0.550709,-0.150883,163.2964,0.068095,163.9113,0.095924,53.159348,-90.214873,163.8248,1.033263,0.912238,0.827293,-0.845775,-0.593546,-0.786130,-0.257709
774,144.318,B,4,51.809135,-90.629789,52.279210,-90.702079,52.482876,-90.790349,0.443054,-0.313802,164.1244,0.096951,164.5157,0.116196,53.077572,-90.167984,164.4116,0.960542,0.860815,1.349888,-0.798362,-0.534095,-1.268438,-0.461806
775,144.511,B,4,52.132116,-90.085616,52.193620,-90.624409,52.347530,-90.753989,0.609165,-0.198865,164.6331,0.112211,165.2245,0.132449,52.977807,-90.115814,165.2547,0.934675,0.896948,0.846229,-0.784186,-0.508595,-0.845690,0.030199
776,144.679,B,4,51.952414,-90.228979,52.042868,-90.345097,52.293933,-90.625287,0.666203,-0.573408,165.5835,0.133143,166.0176,0.144818,52.909268,-90.080063,165.8860,0.906031,0.822135,0.968372,-0.866400,-0.265034,-0.956854,-0.148916
777,144.882,B,4,51.769360,-90.200220,51.952914,-90.253566,52.217045,-90.543923,0.711779,-0.499796,166.7118,0.147957,166.8728,0.154024,52.803778,-90.019901,166.9082,0.882365,0.786673,1.050017,-0.850864,-0.233665,-1.034418,-0.180319
778,145.071,B,4,52.332147,-90.612899,51.944543,-90.266019,52.121013,-90.471980,0.310894,-0.160588,167.4584,0.155847,167.7829,0.164749,52.714882,-89.963428,167.8206,0.827637,0.781860,0.753856,-0.770338,-0.302592,-0.382735,-0.649471
779,145.240,B,4,51.013720,-91.125697,51.944543,-90.266019,52.145183,-90.488495,0.283331,-0.140604,168.2514,0.165996,168.7107,0.123654,52.644161,-89.916568,168.5872,0.782037,0.758999,2.029860,-0.699617,-0.349452,-1.630441,-1.209129
780,145.411,B,4,51.506906,-90.716423,51.833084,-90.455692,51.926535,-90.596934,0.578607,0.571200,168.9298,0.103653,169.1858,0.133964,52.550166,-89.862147,169.0735,0.930861,0.963757,1.348399,-0.717083,-0.593544,-1.043260,-0.854276
781,145.605,B,4,50.920197,-90.381526,51.453325,-90.632628,51.834041,-90.614792,0.899949,0.386420,170.1472,0.219937,170.4552,0.278692,52.453931,-89.809851,170.1930,1.295444,1.015970,1.636812,-1.000606,-0.822777,-1.533734,-0.571675
782,145.787,B,4,51.489487,-90.392451,51.322139,-90.568210,51.651195,-90.569927,0.701219,0.158197,171.1384,0.175653,171.4710,0.089546,52.334231,-89.754070,171.4892,1.298905,1.064030,1.058830,-1.012092,-0.814140,-0.844744,-0.638381
783,145.940,B,4,50.296985,-89.884184,51.139615,-90.424916,51.371130,-90.419267,1.218151,-0.263024,171.7027,0.122866,172.1095,0.189020,52.230094,-89.709004,172.1543,1.304483,1.114582,1.941031,-1.090479,-0.715912,-1.933109,-0.175180
784,146.110,B,4,51.411477,-89.745826,50.997989,-90.205335,51.347298,-90.413760,0.917030,-0.665164,172.8451,0.157122,173.2068,0.115358,52.122828,-89.654925,173.2313,1.252284,1.085024,0.717135,-1.124839,-0.550410,-0.711351,-0.090901
785,146.288,B,4,51.023028,-90.651272,50.997989,-90.205335,51.337143,-90.287399,0.836851,-0.590217,173.1919,0.116741,173.7867,0.168894,52.030476,-89.612133,173.6417,1.190764,0.967830,1.447329,-1.032487,-0.593203,-1.007447,-1.039140
786,146.463,B,4,50.272738,-90.626664,50.994314,-90.172507,51.260485,-90.347038,0.702993,-0.073063,173.5062,0.123614,174.5679,0.095326,51.907648,-89.554240,174.4816,1.102920,1.023401,1.955256,-0.913334,-0.618267,-1.634910,-1.072424
787,146.643,B,4,50.598922,-89.260860,50.830616,-90.310841,51.066227,-90.394539,0.932906,0.299754,174.2238,0.124296,175.3064,0.115499,51.773805,-89.501369,175.2009,1.242920,1.139482,1.199247,-0.943189,-0.809472,-1.174882,0.240508
788,146.830,B,4,50.359932,-90.843334,50.656337,-90.181625,50.960463,-90.187035,0.943834,-0.610739,175.1902,0.121994,176.0364,0.125668,51.630109,-89.454410,175.9207,1.215350,0.992555,1.882142,-0.973773,-0.727215,-1.270177,-1.388924
789,147.021,B,4,49.963233,-90.084247,50.539608,-90.121355,50.826176,-90.299628,0.790702,0.188195,176.3335,0.123405,176.7428,0.119886,51.479029,-89.410824,176.6324,1.177865,1.102810,1.658655,-0.939421,-0.710530,-1.515796,-0.673423
790,147.216,B,4,50.616365,-90.841940,50.364256,-90.229568,50.647277,-90.258287,0.948639,0.070089,176.9154,0.118788,177.4015,0.110209,51.323364,-89.366125,177.3001,1.290512,1.119395,1.636423,-0.959108,-0.863443,-0.706999,-1.475815
791,147.401,B,4,50.608139,-90.176085,50.321126,-90.402299,50.618503,-90.362029,0.394284,0.248022,177.8066,0.107677,178.0014,0.099646,51.165034,-89.317310,177.9091,1.374548,1.179040,1.023537,-0.843908,-1.084989,-0.556896,-0.858775
792,147.593,B,4,49.864697,-90.276051,50.260177,-90.362885,50.465806,-90.319188,0.596618,0.147834,178.2582,0.100431,178.5541,0.092931,51.004274,-89.265382,178.4678,1.325969,1.183408,1.523183,-0.744097,-1.097503,-1.139577,-1.010669
793,147.783,B,4,50.269296,-89.630275,50.169450,-90.228037,50.443367,-90.318881,0.476933,-0.443683,178.9373,0.094610,179.0846,0.090168,50.839715,-89.214503,179.0002,1.215115,1.173347,0.705863,-0.670265,-1.013533,-0.570418,-0.415771
794,147.960,B,4,49.730719,-89.097624,50.084355,-89.909301,50.273898,-89.998845,0.664354,-1.146487,179.4280,0.092784,179.6122,0.091823,50.669298,-89.168553,179.5278,0.943857,0.919634,0.941255,-0.584943,-0.740748,-0.938579,0.070929
795,148.131,B,4,48.986796,-88.881277,50.084355,-89.909301,50.251303,-89.991297,0.620548,-1.052954,179.8614,0.091330,-179.8644,0.090614,50.491374,-89.127975,-179.9472,0.880986,0.896080,1.524669,-0.407020,-0.781327,-1.504579,0.246698
796,148.306,B,4,49.281662,-89.785628,49.829055,-89.531448,50.000195,-89.782806,1.134051,-1.587576,179.8614,0.091332,-179.3649,0.084911,50.305460,-89.089447,-179.4423,0.649867,0.757584,1.238075,-0.476406,-0.442001,-1.023798,-0.696181
797,148.483,B,4,48.489535,-89.405284,49.558547,-89.377219,49.845177,-89.773416,1.175711,-0.959680,-179.5042,0.087326,-178.9084,0.077042,50.112473,-89.048636,-178.9782,0.644050,0.772498,1.661663,-0.553926,-0.328583,-1.622938,-0.356648
798,148.653,B,4,48.982087,-88.372462,49.275989,-89.378373,49.573270,-89.697949,1.533456,-0.786282,-179.0772,0.082794,-178.4964,0.069808,49.914429,-89.003781,-178.5599,0.740219,0.773471,1.125978,-0.638440,-0.374592,-0.932343,0.631320
799,148.824,B,4,48.973490,-89.922800,49.021564,-89.151496,49.437040,-89.447692,1.239997,-1.266436,-178.3795,0.071624,-178.1137,0.066468,49.713746,-88.957059,-178.1738,0.718973,0.563282,1.216813,-0.692182,-0.194437,-0.740256,-0.965741
800,149.027,B,4,48.797741,-89.110458,48.908962,-89.084871,49.324360,-89.521120,1.083260,-0.363782,-178.0060,0.067513,-177.7420,0.065627,49.512351,-88.912685,-177.8013,0.627476,0.636815,0.741472,-0.603389,-0.172186,-0.714610,-0.197772
801,149.218,B,4,49.202676,-88.940162,48.813976,-89.186302,49.200805,-89.436681,1.034714,-0.410852,-177.8608,0.066459,-177.3728,0.064271,49.310882,-88.873463,-177.4316,0.587183,0.573874,0.127111,-0.496906,-0.312839,-0.108206,-0.066698
802,149.379,B,4,47.832978,-88.962225,48.795345,-89.106261,49.173857,-89.335993,0.642251,-0.500045,-177.5738,0.065057,-177.0114,0.060997,49.108437,-88.838591,-177.0682,0.411914,0.501685,1.281437,-0.313091,-0.267670,-1.275459,-0.123634
803,149.550,B,4,47.702329,-89.672462,48.654057,-89.025228,48.904748,-89.257016,1.082476,-0.503185,-177.0905,0.062797,-176.6716,0.056177,48.903107,-88.804406,-176.7239,0.332849,0.452613,1.481685,-0.249050,-0.220823,-1.200778,-0.868056
804,149.750,B,4,47.786610,-89.368816,48.326327,-89.102327,48.657660,-89.321721,1.237212,0.099466,-176.5100,0.055603,-176.3640,0.049972,48.692967,-88.767387,-176.4109,0.496598,0.555457,1.087750,-0.366640,-0.334940,-0.906357,-0.601429
805,149.946,B,4,47.604229,-89.953885,48.067175,-89.244591,48.468639,-89.322406,1.271534,0.192888,-176.2662,0.052083,-176.0865,0.047666,48.477064,-88.727071,-176.1294,0.660178,0.595395,1.505627,-0.409889,-0.517519,-0.872835,-1.226814
806,150.140,B,4,47.377769,-89.015178,47.863072,-89.408900,48.286891,-89.431587,1.398034,0.691083,-176.1548,0.049936,-175.3318,0.169739,48.260757,-88.682076,-175.4986,0.828508,0.749967,0.943729,-0.397685,-0.726824,-0.882988,-0.333102
807,150.295,B,4,47.009291,-89.328702,47.660004,-89.469748,48.084148,-89.352383,1.366758,0.155687,-175.7079,0.127774,-174.8673,0.002872,48.051424,-88.641054,-174.8790,0.916485,0.712082,1.248560,-0.391420,-0.828695,-1.042133,-0.687648
808,150.497,B,4,46.312013,-88.875874,47.429461,-89.396418,47.855935,-89.344206,1.453531,0.061952,-175.0826,0.091823,-174.7770,0.102934,47.840619,-88.607575,-174.8601,0.889564,0.736790,1.551972,-0.411157,-0.788844,-1.528605,-0.268299
809,150.676,B,4,46.681318,-88.699887,47.104248,-89.306079,47.540773,-89.255882,1.574128,-0.339301,-174.2388,0.127960,-173.8218,0.134911,47.643763,-88.569385,-173.9538,0.913123,0.694179,0.971253,-0.539515,-0.736694,-0.962446,-0.130502
810,150.861,B,4,45.680230,-89.397059,46.508244,-89.071398,47.346966,-89.150572,1.932181,-0.355087,-173.6482,0.076334,-173.4263,0.087961,47.406238,-88.527368,-173.4044,1.049934,0.626016,1.932735,-0.897994,-0.544030,-1.726008,-0.869690
811,151.036,B,4,45.948133,-88.279905,46.178206,-88.968070,47.006127,-89.190329,1.766022,-0.960032,-172.7378,0.141007,-172.5118,0.147819,47.214757,-88.483364,-172.4794,1.144280,0.737106,1.282861,-1.036551,-0.484705,-1.266624,0.203460
812,151.221,B,4,45.928967,-89.955222,45.976463,-88.996525,46.770785,-89.021376,1.693222,0.100029,-172.1207,0.131921,-171.8112,0.145508,47.021268,-88.438226,-171.7777,1.184616,0.634670,1.869331,-1.044805,-0.558299,-1.092301,-1.516996
813,151.385,B,4,45.862470,-89.037843,45.832329,-89.164904,46.577894,-89.186428,1.441729,-0.016249,-171.4387,0.151865,-170.9161,0.143337,46.868578,-88.400478,-171.0428,1.287696,0.837983,1.191003,-1.036249,-0.764427,-1.006108,-0.637365
814,151.567,B,4,45.385037,-88.819443,45.832329,-89.164904,46.406846,-89.159155,1.303275,0.005587,-170.6027,0.158552,-169.9440,0.174667,46.679210,-88.356047,-170.1047,1.171092,0.848036,1.374634,-0.846881,-0.808857,-1.294172,-0.463396
815,151.781,B,4,45.437095,-90.056624,45.666639,-89.098581,46.180869,-89.097495,1.292091,-0.247316,-169.6831,0.174636,-168.8884,0.193559,46.493309,-88.315002,-169.0629,1.139025,0.842564,2.036869,-0.826670,-0.783578,-1.056214,-1.741621
816,151.967,B,4,45.505740,-88.275228,45.491110,-89.228888,46.005452,-89.272028,1.386232,0.556422,-169.2395,0.181350,-167.7562,0.202686,46.311220,-88.275605,-167.9417,1.257509,1.042283,0.805480,-0.820110,-0.953283,-0.805480,0.000376
817,152.123,B,4,44.091710,-88.337044,45.395981,-89.233458,45.874957,-89.095244,0.970885,-0.389136,-168.2382,0.194343,-166.5671,0.212695,46.132459,-88.234361,-166.7605,1.241207,0.898570,2.043331,-0.736477,-0.999097,-2.040749,-0.102683
818,152.277,B,4,44.617825,-88.837014,45.144553,-88.923406,45.521024,-88.959128,1.400793,-0.989648,-166.8090,0.206855,-165.3343,0.220180,45.955866,-88.188916,-165.5344,1.094397,0.884485,1.486736,-0.811313,-0.734490,-1.338041,-0.648098
819,152.466,B,4,44.704947,-88.847089,44.830989,-88.783180,45.318681,-88.937070,1.410763,-0.840579,-165.7630,0.214254,-164.0567,0.226256,45.780282,-88.139956,-164.2646,1.146688,0.921122,1.287005,-0.949293,-0.643224,-1.075335,-0.707133
820,152.659,B,4,44.324418,-88.104123,44.672714,-88.772578,45.157579,-88.920966,1.127411,-0.530551,-163.9758,0.225786,-162.7203,0.239163,45.570106,-88.081115,-162.6654,1.132888,0.935697,1.245901,-0.897392,-0.691463,-1.245688,-0.023009
821,152.837,B,4,44.160910,-89.832415,44.516449,-88.641889,44.964659,-88.772791,1.055888,-1.031974,-163.3182,0.231194,-161.3120,0.253292,45.395403,-88.035604,-161.2542,1.067775,0.853807,2.180023,-0.878954,-0.606285,-1.234493,-1.796811
822,153.008,B,4,43.530757,-89.182116,44.344539,-88.730926,44.778283,-88.965871,1.348586,0.104764,-162.1250,0.240372,-159.8328,0.264023,45.256006,-88.001925,-160.0737,1.167140,1.075831,2.090296,-0.911467,-0.729001,-1.725249,-1.180191
823,153.201,B,4,43.915138,-89.033809,43.902220,-89.083751,44.511728,-89.010755,1.342976,0.123812,-159.0248,0.193790,-158.7279,0.142513,45.078504,-87.964330,-158.8488,1.623807,1.190058,1.580255,-1.176285,-1.119420,-1.163366,-1.069479
824,153.372,B,4,43.915368,-88.414955,43.902220,-89.083751,44.362825,-89.021826,1.211503,0.136006,-158.2143,0.211394,-157.3990,0.309042,44.897080,-87.928824,-157.6737,1.524337,1.216586,1.095482,-0.994860,-1.154927,-0.981712,-0.486131
825,153.557,B,4,43.433009,-87.926034,43.820714,-88.996559,44.242414,-88.918788,0.855414,-0.334531,-157.0248,0.280172,-155.6516,0.225245,44.709078,-87.890653,-155.8686,1.418527,1.129087,1.276559,-0.888364,-1.105907,-1.276069,-0.035381
826,153.762,B,4,43.772697,-88.206633,43.706925,-88.721100,44.057605,-88.743613,0.696259,-1.082261,-156.2697,0.264679,-154.7508,0.180827,44.518385,-87.859353,-154.9067,1.183670,0.997113,0.822589,-0.811460,-0.861746,-0.745688,-0.347279
827,153.979,B,4,43.226126,-88.607461,43.608445,-88.466604,43.968360,-88.647780,0.437913,-1.114819,-155.1753,0.186203,-153.2875,0.255073,44.325247,-87.825362,-153.5333,0.961768,0.896515,1.348980,-0.716802,-0.641243,-1.099121,-0.782100
828,154.182,B,4,42.599704,-89.163766,43.509040,-88.399538,43.798259,-88.641224,0.654529,-0.842432,-153.7630,0.243271,-152.3089,0.162813,44.132299,-87.798982,-152.4469,0.865517,0.906065,2.052189,-0.623259,-0.600556,-1.532594,-1.364784
829,154.367,B,4,42.933886,-88.641054,43.264232,-88.536137,43.545725,-88.738215,1.120017,-0.292654,-151.7501,0.206749,-151.0662,0.182131,43.937115,-87.776836,-151.2444,1.014550,1.037997,1.324138,-0.672883,-0.759302,-1.003229,-0.864218
830,154.600,B,4,42.624833,-88.875710,43.037955,-88.663244,43.398376,-88.725380,1.046620,-0.294006,-150.8025,0.183212,-150.0537,0.204213,43.738509,-87.762486,-150.2320,1.141114,1.021203,1.574656,-0.700554,-0.900758,-1.113676,-1.113224
831,154.801,B,4,42.313213,-88.019589,42.879301,-88.714769,43.222730,-88.757778,1.206087,-0.215466,-150.2887,0.192685,-149.0447,0.164865,43.532849,-87.751601,-149.2013,1.163966,1.052885,1.248731,-0.653548,-0.963168,-1.219636,-0.267988
832,155.011,B,4,42.062731,-88.395665,42.679873,-88.641340,43.022220,-88.629622,0.971706,-0.805833,-149.4016,0.181780,-148.1035,0.158829,43.319416,-87.744097,-148.2501,1.101844,0.934067,1.415556,-0.639543,-0.897243,-1.256685,-0.651568
833,155.213,B,4,42.128220,-88.406606,42.452975,-88.494690,42.812160,-88.590659,1.031520,-0.889299,-148.6217,0.170665,-147.2161,0.150924,43.099694,-87.740075,-147.3552,0.993826,0.897869,1.178145,-0.646719,-0.754615,-0.971474,-0.666531
834,155.402,B,4,41.519390,-89.128861,42.258210,-88.450331,42.651619,-88.560343,0.883288,-0.743442,-146.6051,0.150252,-146.3662,0.145528,42.877206,-87.740742,-146.5003,0.941633,0.850080,1.941787,-0.618997,-0.709589,-1.357816,-1.388119
835,155.593,B,4,41.226190,-88.529053,42.038086,-88.553472,42.410407,-88.667010,1.321206,-0.370087,-146.1989,0.147313,-145.5438,0.142038,42.655394,-87.746852,-145.6736,1.015729,0.952213,1.629253,-0.617308,-0.806620,-1.429204,-0.782202
836,155.795,B,4,40.910898,-89.190054,41.441553,-88.757631,42.158401,-88.648137,1.792118,-0.378908,-145.2039,0.140859,-144.7496,0.135558,42.391907,-87.760248,-144.7186,1.377659,0.918080,2.058575,-0.950354,-0.997383,-1.481009,-1.429805
837,156.002,B,4,41.297347,-89.733004,41.229131,-89.042788,41.787963,-88.926916,1.900241,0.248900,-144.4710,0.135680,-143.9922,0.128945,42.216938,-87.771336,-144.1105,1.610078,1.232632,2.166516,-0.987807,-1.271452,-0.919591,-1.961668
838,156.233,B,4,41.510731,-88.474336,41.179646,-89.128265,41.746742,-88.939915,1.109990,-0.171457,-143.4796,0.126098,-143.2791,0.120754,41.996730,-87.786274,-143.3901,1.571167,1.180416,0.842392,-0.817084,-1.341991,-0.485999,-0.688062
839,156.459,B,4,41.310725,-87.756760,41.179646,-89.128265,41.666435,-88.867423,1.005174,-0.142608,-142.8484,0.118600,-142.6102,0.112249,41.772901,-87.802785,-142.7146,1.452188,1.069948,0.464462,-0.593255,-1.325480,-0.462176,0.046025
840,156.687,B,4,41.100470,-88.661526,41.173396,-88.822865,41.566654,-88.674848,0.280116,-0.846869,-142.3136,0.113088,-141.9756,0.108068,41.545014,-87.823147,-142.0754,1.066553,0.851976,0.948946,-0.371618,-0.999718,-0.444544,-0.838379
841,156.894,B,4,40.774917,-87.783033,41.125027,-88.602704,41.448689,-88.677125,0.317888,-0.758905,-142.3136,0.113088,-141.3617,0.106297,41.314368,-87.850020,-141.4590,0.776134,0.837941,0.543594,-0.189341,-0.752684,-0.539451,0.066987
842,157.088,B,4,39.869926,-88.650470,41.018397,-88.437640,41.293838,-88.519021,0.031944,-1.245755,-141.4550,0.107370,-140.7616,0.102964,41.082883,-87.884427,-140.8567,0.556959,0.668739,1.434604,-0.064486,-0.553213,-1.212957,-0.766044
843,157.317,B,4,39.435832,-87.983797,40.353656,-88.275457,41.002720,-88.544358,0.903731,-1.584671,-140.4582,0.103018,-140.1785,0.100168,40.805654,-87.933427,-140.1556,0.566822,0.641928,1.370748,-0.451998,-0.342030,-1.369822,-0.050370
844,157.500,B,4,39.303942,-88.753907,40.353656,-88.275457,40.682530,-88.444872,0.831318,-1.424097,-139.9224,0.099116,-139.6213,0.094378,40.621192,-87.968300,-139.7083,0.407334,0.480502,1.533729,-0.267536,-0.307157,-1.317250,-0.785606
845,157.701,B,4,39.467333,-88.875354,39.956027,-88.276542,40.393603,-88.502014,1.319891,-1.164735,-139.4526,0.094211,-139.0971,0.088917,40.390517,-88.012118,-139.1786,0.508627,0.489906,1.263900,-0.434490,-0.264424,-0.923184,-0.863236
846,157.905,B,4,38.611399,-88.528982,39.349167,-88.552027,40.185071,-88.572708,1.752269,-1.065914,-138.8248,0.087731,-138.6055,0.084552,40.159441,-88.055910,-138.6822,0.950093,0.517433,1.618713,-0.810274,-0.496117,-1.548042,-0.473072
847,158.124,B,4,38.838969,-89.969169,39.032093,-88.826356,39.858582,-88.569470,2.343319,-0.176185,-138.2572,0.082696,-138.1384,0.080205,39.928103,-88.101656,-138.2120,1.152400,0.472952,2.161902,-0.896011,-0.724700,-1.089135,-1.867513
848,158.363,B,4,37.839315,-89.161989,38.684180,-89.150713,39.627127,-88.830056,2.445075,-0.508727,-137.9036,0.023229,-137.9800,-0.062285,39.654951,-88.163990,-137.9959,1.384203,0.666647,2.071844,-0.970770,-0.986724,-1.815636,-0.998000
849,158.564,B,4,38.827714,-89.091600,38.684180,-89.150713,39.260227,-88.900642,2.210687,-0.457364,-137.9921,0.016710,-137.9568,0.083076,39.434421,-88.215807,-137.9360,1.198712,0.706641,1.065414,-0.750240,-0.934906,-0.606707,-0.875792
850,158.797,B,4,37.998926,-89.559032,38.311021,-89.327132,39.137762,-88.946181,1.909352,-0.309481,-137.4193,0.090064,-137.2391,0.073414,39.211204,-88.271625,-137.2243,1.387236,0.678542,1.768342,-0.900183,-1.055507,-1.212278,-1.287407
851,159.015,B,4,37.535604,-88.994710,38.041403,-89.371135,38.885825,-89.069737,1.654710,-0.753060,-137.2477,-0.006430,-137.3909,-0.054892,38.996837,-88.329992,-137.4017,1.413093,0.748028,1.605320,-0.955434,-1.041143,-1.461233,-0.664718
852,159.220,B,4,37.703264,-90.621809,37.802238,-89.578200,38.598160,-89.068521,2.158965,0.030483,-137.3465,0.023157,-137.2228,0.082842,38.821643,-88.376888,-137.3044,1.575544,0.726843,2.508075,-1.019405,-1.201312,-1.118378,-2.244921
853,159.435,B,4,38.579067,-89.871597,37.793322,-89.880078,38.424055,-89.453348,1.495774,0.341776,-137.2110,-0.032552,-137.3565,-0.099946,38.560511,-88.447533,-137.3775,1.625043,1.015029,1.424185,-0.767189,-1.432545,0.018555,-1.424064
854,159.633,B,4,37.220363,-89.010183,37.793322,-89.880078,38.380874,-89.472503,1.353060,0.304776,-137.4364,-0.012820,-137.4837,-0.005164,38.388656,-88.494949,-137.4891,1.507648,0.977584,1.276861,-0.595334,-1.385129,-1.168293,-0.515234
855,159.857,B,4,36.893159,-89.462174,37.743886,-89.807693,38.128672,-89.406095,0.942138,-0.470205,-137.6203,-0.051364,-137.8079,-0.020529,38.138877,-88.567224,-137.8126,1.301838,0.838933,1.533867,-0.394991,-1.240469,-1.245718,-0.894950
856,160.086,B,4,37.505560,-88.999363,37.468419,-89.651677,37.873679,-89.426611,1.035252,-0.833736,-137.7201,-0.040397,-138.1534,-0.068316,37.978159,-88.616068,-138.0916,1.154262,0.817249,0.608494,-0.509740,-1.035609,-0.472599,-0.383295
857,160.291,B,4,36.372215,-89.510229,37.118269,-89.418315,37.757778,-89.363060,0.868613,-1.120716,-138.3927,-0.073442,-138.5892,-0.085946,37.743916,-88.689598,-138.6084,0.960449,0.673604,1.598436,-0.625647,-0.728717,-1.371701,-0.820631
858,160.491,B,4,36.711572,-90.166232,36.853221,-89.547365,37.332210,-89.534971,1.221223,-0.592368,-138.9771,-0.091806,-139.1166,-0.101490,37.590126,-88.738333,-139.0258,1.094331,0.837349,1.676530,-0.736905,-0.809032,-0.878554,-1.427898
859,160.704,B,4,36.063773,-89.916409,36.853221,-89.547365,37.295989,-89.544405,1.098641,-0.546142,-139.4698,-0.104795,-139.7396,-0.114428,37.398113,-88.799071,-139.6337,0.925662,0.752297,1.740375,-0.544892,-0.748294,-1.334339,-1.117338
860,160.944,B,4,35.960904,-90.210953,36.621505,-89.728264,37.023769,-89.623862,1.327048,-0.594389,-139.9978,-0.116365,-140.4503,-0.131205,37.205374,-88.860850,-140.3313,1.045615,0.784326,1.836160,-0.583870,-0.867414,-1.244470,-1.350103
861,161.159,B,4,35.130723,-89.632954,35.997090,-89.923821,36.788074,-89.740595,1.664866,-1.019539,-140.9620,-0.133695,-141.2323,-0.141796,36.974411,-88.938879,-141.2649,1.387540,0.823086,1.970007,-0.977321,-0.984942,-1.843688,-0.694075
862,161.347,B,4,35.507713,-89.792652,35.673417,-89.874928,36.277289,-89.742187,1.470905,-1.040679,-141.7539,-0.142897,-142.0715,-0.149727,36.822183,-88.993988,-141.9337,1.447660,0.925587,1.538082,-1.148767,-0.880940,-1.314470,-0.798664
863,161.546,B,4,35.974848,-89.925328,35.568459,-89.878278,36.227504,-89.750458,1.099621,-0.729192,-142.4481,-0.151251,-142.9649,-0.160921,36.635380,-89.065488,-142.8181,1.341248,0.797212,1.084263,-1.066920,-0.812789,-0.660531,-0.859840
864,161.756,B,4,34.898925,-89.908076,35.568459,-89.878278,36.136269,-89.789015,0.983448,-0.674734,-143.2765,-0.160837,-143.9191,-0.172361,36.453060,-89.137507,-143.7620,1.153802,0.724444,1.734680,-0.884601,-0.740771,-1.554135,-0.770569
865,161.965,B,4,35.604174,-89.730890,35.424269,-89.895845,35.868810,-89.816382,1.113126,-0.799383,-144.1096,-0.169819,-144.9419,-0.185146,36.274985,-89.207460,-144.7735,1.094345,0.731959,0.850862,-0.850716,-0.688385,-0.670811,-0.523430
866,162.188,B,4,35.641253,-89.620939,35.277865,-89.870724,35.777381,-89.805555,0.807766,-0.740219,-144.5397,-0.174968,-146.0333,-0.195753,36.100580,-89.274450,-145.8544,1.016072,0.621715,0.575357,-0.822715,-0.596274,-0.459326,-0.346489
867,162.376,B,4,34.408235,-90.405509,35.295136,-89.796950,35.712419,-89.775022,0.421154,-0.661276,-145.4756,-0.186345,-147.1839,-0.204892,35.929436,-89.339900,-146.9964,0.781813,0.486238,1.857303,-0.634300,-0.457050,-1.521202,-1.065609
868,162.585,B,4,35.250943,-90.279835,35.154005,-89.859161,35.437692,-89.890674,1.042826,-0.428238,-146.9595,-0.199767,-148.3798,-0.212345,35.761275,-89.406635,-148.1859,0.757335,0.582237,1.011394,-0.607270,-0.452526,-0.510332,-0.873200
869,162.786,B,4,34.268247,-91.012496,34.996491,-90.027701,35.364510,-89.963985,0.814838,-0.108627,-148.9276,-0.212738,-149.6112,-0.217297,35.595605,-89.476966,-149.4119,0.813785,0.539066,2.029712,-0.599114,-0.550735,-1.327358,-1.535530
870,162.980,B,4,34.326157,-90.337729,34.862043,-90.266118,35.128099,-90.157510,1.373306,0.236355,-149.9694,-0.217633,-150.8788,-0.224192,35.431696,-89.551072,-150.6733,0.914218,0.678187,1.356851,-0.569653,-0.715045,-1.105539,-0.786657
871,163.173,B,4,34.429310,-89.941767,34.469693,-90.391317,34.944113,-90.195714,1.019926,-0.410788,-151.5327,-0.226082,-152.1902,-0.234112,35.269112,-89.626920,-151.9771,1.106063,0.655096,0.896881,-0.799420,-0.764397,-0.839802,-0.314846
872,163.365,B,4,34.381157,-90.686842,34.371847,-90.387135,34.736146,-90.248553,1.015953,-0.125235,-153.3379,-0.237031,-153.5523,-0.241546,35.108355,-89.701700,-153.3309,1.006114,0.661504,1.224467,-0.736507,-0.685435,-0.727197,-0.985142
873,163.558,B,4,33.918792,-90.517468,34.236425,-90.476630,34.697708,-90.252919,1.077356,-0.196271,-154.3642,-0.213277,-154.7555,-0.135643,34.949515,-89.774139,-154.6215,1.000995,0.540960,1.270798,-0.713090,-0.702491,-1.030723,-0.743329
874,163.747,B,4,33.744863,-90.458100,34.236425,-90.476630,34.520944,-90.304015,0.970282,-0.195950,-155.1989,-0.189501,-155.7363,-0.251202,34.790320,-89.843358,-155.5168,0.841328,0.533636,1.212801,-0.553895,-0.633271,-1.045457,-0.614742
875,163.942,B,4,33.142931,-90.429125,34.046081,-90.498178,34.344693,-90.334577,0.998228,-0.309608,-156.3672,-0.279506,-157.4692,-0.267316,34.629498,-89.919564,-157.2136,0.821687,0.503338,1.571475,-0.583417,-0.578614,-1.486567,-0.509561
876,164.140,B,4,33.774869,-90.238706,33.790735,-90.490039,34.091006,-90.353148,1.286603,-0.535253,-157.1355,-0.274353,-158.4421,-0.118058,34.468590,-89.993506,-158.3439,0.840257,0.521452,0.735780,-0.677855,-0.496533,-0.693721,-0.245200
877,164.339,B,4,33.983121,-90.978650,33.605153,-90.490758,33.997022,-90.333122,0.772134,-0.024936,-158.9923,-0.207164,-159.6411,-0.292028,34.308065,-90.070625,-159.3829,0.818900,0.407004,0.964416,-0.702912,-0.420133,-0.324944,-0.908025
878,164.520,B,4,33.379220,-91.362066,33.569596,-90.733789,33.856840,-90.612001,1.004388,0.473956,-160.6245,-0.167729,-160.7666,-0.109048,34.145578,-90.151866,-160.6607,0.818773,0.543224,1.432442,-0.575982,-0.581923,-0.766358,-1.210200
879,164.719,B,4,33.132915,-91.293702,33.569596,-90.733789,33.822373,-90.617501,0.915241,0.412356,-161.3745,-0.203485,-161.8952,-0.291222,33.947770,-90.246798,-161.9638,0.616584,0.391337,1.326649,-0.378174,-0.486991,-0.814855,-1.046904
880,164.914,B,4,33.228622,-90.267832,33.425778,-90.976866,33.671940,-90.743158,1.079374,0.536272,-162.5926,-0.266457,-163.6163,-0.223736,33.822854,-90.310161,-163.3949,0.775994,0.458543,0.595738,-0.397076,-0.666706,-0.594233,0.042329
881,165.100,B,4,32.724971,-91.368166,33.292380,-90.958247,33.554611,-90.662804,0.840994,-0.148463,-162.5926,-0.266468,-164.3333,-0.091711,33.661106,-90.385037,-164.2603,0.681564,0.297483,1.357531,-0.368726,-0.573211,-0.936135,-0.983129
882,165.251,B,4,32.499314,-89.714819,33.136531,-90.938301,33.379752,-90.792138,1.104733,0.162450,-164.2098,-0.143449,-165.4518,-0.291748,33.502622,-90.458256,-165.1952,0.603710,0.355772,1.248730,-0.366091,-0.480045,-1.003308,0.743437
883,165.446,B,4,32.520380,-91.450602,32.911564,-90.809207,33.190305,-90.600434,0.910922,-0.977695,-164.8399,-0.184120,-167.0814,-0.211025,33.350319,-90.538683,-166.8803,0.515450,0.171516,1.233043,-0.438755,-0.270524,-0.829939,-0.911919
884,165.635,B,4,31.161818,-91.038676,32.383254,-90.881027,32.699811,-90.803154,1.726164,-0.274680,-167.6481,-0.142635,-167.7662,-0.043999,33.191554,-90.622027,-167.7275,0.848782,0.524041,2.072058,-0.808300,-0.259000,-2.029736,-0.416649
885,165.825,B,4,31.415059,-89.912893,32.383254,-90.881027,32.659861,-90.804463,1.589474,-0.269565,-168.0907,-0.132090,-168.5520,-0.214566,33.035372,-90.702765,-168.3631,0.676044,0.389039,1.802584,-0.652118,-0.178262,-1.620313,0.789871
886,166.013,B,4,31.657818,-91.537380,31.956224,-90.737067,32.266436,-90.800924,1.656046,-1.110657,-168.0907,-0.132112,-170.2324,-0.325885,32.869911,-90.781149,-169.9206,0.914750,0.603799,1.428656,-0.913687,0.044082,-1.212093,-0.756232
887,166.200,B,4,31.241307,-90.985671,31.517287,-90.883413,32.225303,-90.799757,1.607078,-0.168605,-171.0065,-0.225528,-171.5213,-0.139238,32.676624,-90.870432,-171.5515,1.159410,0.456822,1.439936,-1.159337,-0.012982,-1.435317,-0.115240
888,166.385,B,4,31.201415,-91.042562,31.319243,-90.932269,31.865701,-90.868899,1.492728,-0.078010,-171.7653,-0.126061,-171.9596,-0.096939,32.547514,-90.928889,-171.8795,1.228275,0.684447,1.350890,-1.228271,-0.003380,-1.346098,-0.113673
889,166.557,B,4,31.615523,-91.124141,31.319243,-90.932269,31.824207,-90.867869,1.348079,-0.090366,-172.6652,-0.189159,-173.0062,-0.263134,32.387733,-91.006894,-172.7738,1.071093,0.580422,0.781060,-1.068490,0.074625,-0.772210,-0.117247
890,166.749,B,4,30.947079,-90.932166,31.242467,-90.991796,31.748651,-90.912696,1.005175,0.055811,-173.2547,-0.220275,-174.2829,-0.138380,32.224113,-91.087661,-174.1466,0.986316,0.506632,1.286465,-0.981646,0.095865,-1.277034,0.155495
891,166.930,B,4,30.599210,-91.533703,31.168167,-91.014412,31.567898,-90.914733,1.079703,-0.052557,-173.8577,-0.201386,-174.7350,-0.073608,32.055833,-91.163250,-174.6737,0.900058,0.547578,1.502993,-0.887666,0.148838,-1.456623,-0.370453
892,167.117,B,4,30.651337,-91.588925,30.796264,-91.278737,31.356499,-91.025363,1.199071,0.544968,-175.1905,-0.147670,-175.6291,-0.198616,31.843963,-91.254814,-175.6746,1.047972,0.538766,1.238542,-1.047699,-0.023923,-1.192626,-0.334111
893,167.291,B,4,30.603047,-91.559809,30.666762,-91.416524,31.192207,-91.127771,1.106194,0.583390,-176.0506,-0.148345,-176.5121,-0.102206,31.692373,-91.314419,-176.4198,1.030681,0.533858,1.116624,-1.025611,-0.102105,-1.089326,-0.245390
894,167.467,B,4,30.474157,-91.733126,30.666762,-91.416524,31.049360,-91.207887,1.006303,0.515065,-176.9533,-0.117836,-177.1221,-0.117449,31.492514,-91.388005,-177.0140,0.826244,0.478360,1.075248,-0.825751,-0.028519,-1.018356,-0.345121
895,167.680,B,4,30.162359,-92.266685,30.553587,-91.537599,30.909789,-91.306012,0.961196,0.609798,-177.2601,-0.116369,-177.8491,-0.157928,31.283847,-91.463457,-177.7025,0.734014,0.405842,1.379461,-0.730260,-0.074142,-1.121488,-0.803228
896,167.886,B,4,29.477563,-92.305548,30.166260,-91.993199,30.739396,-91.484666,1.424596,1.161036,-178.4015,-0.099962,-178.4668,-0.071874,31.026247,-91.555469,-178.4849,0.964979,0.295459,1.720767,-0.859987,-0.437730,-1.548684,-0.750078
897,168.058,B,4,29.603325,-92.706998,29.895494,-92.246273,30.475148,-91.640704,1.456091,1.415207,-178.8280,-0.114273,-179.0938,-0.134271,30.851527,-91.617023,-178.9649,1.144532,0.377123,1.657122,-0.956033,-0.629250,-1.248202,-1.089975
898,168.248,B,4,29.260392,-91.829886,29.659754,-92.334409,30.279536,-91.843535,1.524359,0.708127,-179.5123,-0.095827,-179.6209,-0.084638,30.629328,-91.692457,-179.5486,1.162831,0.381025,1.375817,-0.969574,-0.641952,-1.368936,-0.137430
899,168.433,B,4,29.821398,-92.015686,29.659754,-92.334409,30.056853,-91.852547,1.384331,0.626069,179.9854,-0.101960,179.7843,-0.075642,30.401066,-91.766150,179.8598,0.934056,0.354891,0.631097,-0.741312,-0.568259,-0.579668,-0.249536
900,168.623,B,4,28.920426,-92.402772,29.522879,-92.252712,29.976104,-91.892175,1.057590,0.336504,179.6004,-0.097740,179.2702,-0.081742,30.163739,-91.837359,179.3428,0.763688,0.195478,1.365840,-0.640860,-0.415354,-1.243313,-0.565413
901,168.820,B,4,28.967125,-91.573835,29.387093,-92.269988,29.609581,-91.919538,1.299191,0.433731,179.3479,-0.091037,178.7691,-0.083314,29.914390,-91.908096,178.8462,0.639537,0.305024,1.004511,-0.527297,-0.361892,-0.947265,0.334261
902,169.004,B,4,27.937782,-92.909122,29.170123,-92.192499,29.569580,-91.927333,1.268599,-0.229289,178.9885,-0.088045,178.3072,-0.077051,29.652015,-91.979237,178.3789,0.526973,0.097415,1.950201,-0.481892,-0.213262,-1.714233,-0.929886
903,169.202,B,4,28.074567,-91.917059,28.508253,-92.288595,29.235795,-92.112555,1.759849,0.033532,178.1402,-0.078586,177.8756,-0.073213,29.322300,-92.064565,177.8588,0.844311,0.098924,1.256422,-0.814047,-0.224030,-1.247733,0.147506
904,169.370,B,4,28.369528,-92.708228,28.508253,-92.288595,28.984469,-92.086113,1.590948,0.018431,177.6166,-0.072210,177.4637,-0.070958,29.096292,-92.120331,177.5287,0.611639,0.116941,0.934777,-0.588039,-0.168264,-0.726763,-0.587897
905,169.611,B,4,27.668794,-93.416146,28.305625,-92.308100,28.839912,-92.204658,1.372176,0.362175,177.2611,-0.070333,177.0636,-0.068197,28.810133,-92.187584,177.1270,0.518704,0.034326,1.676908,-0.504509,-0.120517,-1.141339,-1.228563
906,169.842,B,4,27.741083,-92.728180,28.108461,-92.589061,28.579876,-92.435538,1.550005,1.144322,177.2611,-0.070314,176.6741,-0.067961,28.522057,-92.251915,176.7356,0.533601,0.192511,0.914740,-0.413596,-0.337146,-0.780974,-0.476265
907,170.033,B,4,26.881326,-92.488594,27.882622,-92.805514,28.386035,-92.501061,1.455672,0.907119,176.7965,-0.067441,176.2994,-0.064168,28.174328,-92.326620,176.2848,0.560743,0.274316,1.303108,-0.291707,-0.478895,-1.293003,-0.161974
908,170.187,B,4,25.801207,-92.163836,27.607453,-92.791150,28.071214,-92.510459,1.751561,0.503821,176.4803,-0.065670,175.9450,-0.060746,27.940036,-92.375949,176.0001,0.531981,0.187884,2.149322,-0.332584,-0.415201,-2.138830,0.212114
909,170.384,B,4,26.968200,-92.897641,27.114534,-92.661064,27.612596,-92.457360,2.162831,-0.019816,175.7133,-0.058531,175.6131,-0.055486,27.581196,-92.449726,175.6003,0.512287,0.032314,0.759205,-0.466663,-0.211337,-0.612997,-0.447915
910,170.566,B,4,25.956076,-93.099363,26.754413,-92.620075,27.458567,-92.542650,1.787597,0.214866,175.4584,-0.056058,175.3006,-0.052484,27.335057,-92.498048,175.3495,0.593328,0.131316,1.504383,-0.580644,-0.122027,-1.378981,-0.601316
911,170.757,B,4,26.024707,-92.738207,26.223629,-92.826066,27.140495,-92.651179,1.904992,0.393015,175.0748,-0.052453,175.0008,-0.050902,26.954409,-92.567233,174.9890,0.775264,0.204144,0.945292,-0.730780,-0.258833,-0.929702,-0.170974
912,170.935,B,4,25.931209,-92.832656,26.015040,-92.829717,26.712082,-92.704916,1.721005,0.339755,174.7912,-0.050901,174.6768,-0.039801,26.628366,-92.620848,174.6977,0.647916,0.118642,0.728622,-0.613326,-0.208869,-0.697157,-0.211808
913,171.102,B,4,25.746627,-92.701770,25.838858,-92.819214,26.669474,-92.711957,1.570083,0.182955,174.7222,0.030890,174.9202,0.076686,26.371166,-92.658040,174.8392,0.556173,0.303142,0.626068,-0.532307,-0.161175,-0.624538,-0.043731
914,171.305,B,4,24.656440,-92.055962,25.838858,-92.819214,26.447860,-92.719767,1.418867,0.168527,174.9314,0.010314,174.8565,-0.087886,25.999215,-92.716000,174.8348,0.190702,0.448660,1.496227,-0.160357,-0.103214,-1.342775,0.660038
915,171.462,B,4,24.133387,-93.407191,25.535195,-92.669057,26.082630,-92.603791,1.821866,-0.347761,174.7458,-0.053509,174.4343,0.015177,25.755079,-92.756832,174.4319,0.236756,0.361541,1.747241,-0.219884,0.087775,-1.621692,-0.650359
916,171.639,B,4,25.483949,-92.084545,25.072626,-92.676695,25.678259,-92.753483,2.256610,0.433013,174.5769,-0.032467,174.8937,0.050191,25.466949,-92.802110,174.8399,0.413786,0.216833,0.717766,-0.394322,0.125415,0.017001,0.717565
917,171.824,B,4,24.436430,-94.006029,24.850524,-92.692270,25.580442,-92.638545,1.628497,-0.230945,174.7337,0.049385,174.8343,0.014940,25.177416,-92.850171,174.8331,0.363030,0.455209,1.372978,-0.326891,0.157901,-0.740986,-1.155859
918,171.991,B,4,23.753954,-92.662320,24.755841,-92.813661,25.333022,-92.889720,1.521452,0.958192,174.8726,0.002431,175.3250,0.075985,24.893544,-92.892985,175.2461,0.158916,0.439490,1.162700,-0.137703,0.079324,-1.139590,0.230665
919,172.154,B,4,23.005073,-93.338739,24.446580,-93.013051,24.987561,-92.858398,1.621222,0.487415,175.5055,0.061516,175.6404,0.071623,24.607607,-92.932796,175.5764,0.179918,0.387169,1.653150,-0.161027,-0.080255,-1.602534,-0.405944
920,172.350,B,4,23.038123,-93.956492,24.009810,-93.045373,24.575302,-92.953500,2.004409,0.749053,175.9121,0.084887,176.1687,0.078443,24.323890,-92.968327,176.1014,0.323392,0.251849,1.621625,-0.314080,-0.077046,-1.285767,-0.988165
921,172.541,B,4,23.264971,-92.339697,23.299530,-93.298296,24.067705,-93.002503,1.989663,0.275419,176.6511,0.103486,176.7848,0.115194,23.988346,-93.008950,176.8112,0.747120,0.079620,0.985480,-0.688817,-0.289345,-0.723375,0.669253
922,172.722,B,4,23.030991,-94.253908,23.110596,-93.341597,24.008223,-93.012164,1.730834,1.130812,177.1779,0.117146,177.4903,0.131581,23.770739,-93.035887,177.3711,0.727494,0.238665,1.425062,-0.660143,-0.305710,-0.739748,-1.218021
923,172.884,B,4,22.651473,-92.596475,22.903055,-93.410117,23.776678,-93.248134,1.701624,0.219702,177.7975,0.110486,178.1064,0.033030,23.506297,-93.070389,178.0653,0.692326,0.323572,0.977404,-0.603242,-0.339728,-0.854824,0.473914
924,173.063,B,4,22.974302,-93.710532,22.903055,-93.410117,23.519209,-93.143497,1.537286,0.205110,178.0679,0.005119,177.9728,0.118985,23.252696,-93.111883,177.9334,0.459557,0.268381,0.660215,-0.349641,-0.298234,-0.278394,-0.598649
925,173.250,B,4,22.718898,-93.643488,22.759691,-93.356367,23.368014,-93.257296,1.228151,0.492101,178.2384,0.077657,178.6158,0.106662,23.005766,-93.145313,178.5170,0.324186,0.379162,0.574867,-0.246075,-0.211054,-0.286868,-0.498176
926,173.487,B,4,21.745073,-93.803696,22.462966,-93.607887,23.200738,-93.340073,1.436007,0.732567,178.9791,0.097556,179.1976,0.096659,22.762812,-93.180163,179.1086,0.522355,0.466209,1.193559,-0.299846,-0.427723,-1.017738,-0.623532
927,173.695,B,4,21.585670,-93.786467,22.135301,-93.715784,22.888710,-93.438086,1.595993,0.717958,179.4492,0.093900,179.7198,0.085151,22.521191,-93.215809,179.6401,0.631575,0.429508,1.095833,-0.385891,-0.499975,-0.935521,-0.570658
928,173.885,B,4,20.911480,-94.437491,21.765251,-93.902793,22.603052,-93.516409,1.924028,1.150281,-179.9371,0.083607,-179.8132,0.077750,22.278898,-93.252494,-179.8844,0.828687,0.418004,1.809433,-0.513647,-0.650299,-1.367417,-1.184997
929,174.073,B,4,20.303917,-93.609828,21.298087,-94.005111,21.901158,-93.683818,2.305637,0.629223,-179.5191,0.076422,-179.3953,0.067592,22.036230,-93.290943,-179.4590,1.027079,0.415447,1.761418,-0.738143,-0.714168,-1.732313,-0.318885
930,174.290,B,4,21.042898,-93.302589,21.298087,-94.005111,21.841392,-93.701996,2.123259,0.592662,-179.2137,0.068685,-179.0194,0.062616,21.795658,-93.331651,-179.0781,0.837333,0.373158,0.753321,-0.497572,-0.673460,-0.752760,0.029062
931,174.504,B,4,20.832013,-95.199146,20.816508,-94.025734,21.641892,-93.646099,1.714608,1.144298,-178.7524,0.060780,-178.6780,0.057340,21.515695,-93.382382,-178.6652,0.950139,0.292357,1.941148,-0.699186,-0.643353,-0.683682,-1.816765
932,174.693,B,4,20.890314,-94.496029,20.706644,-94.358459,21.442582,-93.943252,1.377086,1.121912,-178.4558,0.055024,-178.3814,0.047551,21.335532,-93.417593,-178.4260,1.131692,0.536448,1.166723,-0.628888,-0.940865,-0.445218,-1.078435
933,174.879,B,4,20.641552,-93.526596,20.623826,-94.306720,21.176452,-93.968110,1.169466,0.221177,-178.1529,0.044392,-178.1296,0.038719,21.118272,-93.462473,-178.1667,0.978381,0.508972,0.481013,-0.494446,-0.844246,-0.476720,-0.064122
934,175.069,B,4,20.220556,-93.404995,20.623826,-94.306720,21.125929,-93.985902,1.056283,0.204242,-178.0133,0.037905,-177.9240,0.030352,20.908588,-93.507768,-177.9539,0.848183,0.525214,0.695665,-0.284761,-0.798952,-0.688032,0.102772
935,175.305,B,4,19.875735,-94.935098,20.482890,-94.049717,20.915273,-93.896345,1.080424,-0.390735,-177.8425,0.030770,-177.7606,0.025531,20.663192,-93.562697,-177.7549,0.519324,0.418170,1.582269,-0.180302,-0.487020,-0.787457,-1.372401
936,175.497,B,4,19.292814,-94.259597,20.272751,-94.089290,20.680990,-94.098281,1.300726,0.437864,-177.8425,0.030788,-177.6227,0.039679,20.500834,-93.600157,-177.6522,0.539697,0.529701,1.376290,-0.228083,-0.489133,-1.208021,-0.659440
937,175.692,B,4,19.411748,-94.463169,19.696507,-94.334278,20.383300,-94.143793,1.556040,0.423915,-177.3761,0.085616,-177.0477,0.072926,20.292725,-93.646192,-177.1246,0.910460,0.505777,1.201487,-0.596217,-0.688086,-0.880977,-0.816976
938,175.899,B,4,19.121697,-94.686520,19.463143,-94.449256,20.160191,-94.217622,1.584119,0.585797,-177.0387,0.000068,-177.2730,-0.136066,20.046027,-93.705131,-177.3060,0.945238,0.525052,1.348151,-0.582884,-0.744124,-0.924330,-0.981389
939,176.075,B,4,19.060275,-93.985906,19.463143,-94.449256,19.925218,-94.318319,1.434194,0.523408,-177.4157,-0.053758,-177.6518,0.015696,19.883444,-93.745037,-177.6557,0.820107,0.574802,0.857685,-0.420300,-0.704218,-0.823168,-0.240869
940,176.279,B,4,18.438509,-94.682652,19.247266,-94.444581,19.721896,-94.273431,1.369088,0.047209,-177.5805,0.014893,-177.5177,-0.053754,19.677386,-93.791896,-177.4804,0.781665,0.483588,1.525864,-0.430120,-0.652685,-1.238877,-0.890756
941,176.477,B,4,18.191288,-94.148042,18.995173,-94.428792,19.443091,-94.360694,1.660362,0.270526,-177.5512,-0.005507,-178.1286,-0.068863,19.482489,-93.843796,-178.0566,0.761378,0.518397,1.326561,-0.487316,-0.584995,-1.291201,-0.304246
942,176.695,B,4,18.220826,-94.942339,18.426110,-94.486052,19.168886,-94.334767,1.677110,0.366040,-178.1769,-0.036311,-178.3960,-0.111691,19.254441,-93.901880,-178.3458,1.013601,0.441260,1.466600,-0.828330,-0.584172,-1.033615,-1.040460
943,176.872,B,4,18.027608,-94.362117,18.220121,-94.557518,18.949209,-94.455849,1.583120,0.111885,-178.5251,-0.083156,-178.9132,-0.079278,19.073249,-93.951799,-178.9308,1.046290,0.519088,1.123266,-0.853127,-0.605719,-1.045641,-0.410319
944,177.040,B,4,17.608383,-94.334205,18.220121,-94.557518,18.734816,-94.450141,1.431852,0.088475,-179.2525,-0.100327,-179.4723,-0.108064,18.930353,-93.990798,-179.3684,0.908626,0.499230,1.365846,-0.710232,-0.566720,-1.321971,-0.343407
945,177.260,B,4,18.004356,-95.725682,17.989543,-94.498879,18.483642,-94.438297,1.495038,-0.086379,-179.5049,-0.098462,179.9062,-0.117309,18.716800,-94.049611,179.8793,0.854836,0.453254,1.821206,-0.727257,-0.449268,-0.712444,-1.676071
946,177.449,B,4,17.505004,-94.475679,17.825861,-94.693063,18.349879,-94.680279,1.314374,0.919046,-179.8003,-0.103751,179.2016,-0.127141,18.573305,-94.089444,179.3186,0.960744,0.631669,1.135977,-0.747444,-0.603619,-1.068301,-0.386235
947,177.634,B,4,17.523849,-94.560764,17.706272,-94.866235,18.151839,-94.654235,1.282857,0.406009,179.4245,-0.119605,178.4352,-0.137102,18.392292,-94.139926,178.5619,0.999073,0.567743,0.965037,-0.686020,-0.726309,-0.868443,-0.420838
948,177.821,B,4,16.723393,-94.753099,17.561891,-94.780500,17.993949,-94.645788,1.149815,0.125942,178.7472,-0.130099,177.6081,-0.149017,18.174997,-94.200911,177.5737,0.843695,0.480306,1.553082,-0.613106,-0.579588,-1.451604,-0.552188
949,178.011,B,4,17.037783,-95.252999,17.347462,-94.750191,17.720306,-94.671813,1.267907,0.072705,176.9957,-0.152380,176.7197,-0.160414,17.997207,-94.251440,176.6829,0.819098,0.503377,1.386945,-0.649745,-0.498751,-0.959424,-1.001559
950,178.197,B,4,17.609242,-95.067768,17.121467,-94.843548,17.561379,-94.781649,1.173235,0.412904,176.6310,-0.157219,175.7719,-0.171636,17.859001,-94.291583,175.9274,0.921206,0.573362,0.815379,-0.737533,-0.551965,-0.249758,-0.776186
951,178.408,B,4,16.402770,-94.875686,17.092475,-94.969498,17.520420,-94.841606,0.780271,0.465967,176.1869,-0.162710,174.7693,-0.179076,17.692302,-94.341758,174.9332,0.868245,0.528574,1.395697,-0.599827,-0.627740,-1.289532,-0.533927
952,178.615,B,4,16.329685,-95.757147,16.995265,-94.993998,17.278554,-94.853910,1.070731,0.294487,175.4270,-0.169989,173.7117,-0.189389,17.531722,-94.392610,173.8846,0.805887,0.526205,1.818476,-0.536457,-0.601388,-1.202038,-1.364537
953,178.812,B,4,16.179533,-96.059807,16.742149,-95.126461,17.066113,-95.023057,1.154633,0.856741,174.3821,-0.179880,172.6009,-0.198052,17.374936,-94.444737,172.7820,0.930143,0.655611,2.009338,-0.632786,-0.681724,-1.195403,-1.615070
954,178.984,B,4,16.332520,-95.851915,16.529219,-95.421705,16.864365,-95.218695,1.096884,1.157228,171.9445,-0.199893,171.4413,-0.205109,17.218892,-94.498142,171.6300,1.152656,0.803048,1.618134,-0.689673,-0.923563,-0.886372,-1.353773
955,179.172,B,4,15.062696,-93.876342,16.361593,-95.665700,16.431489,-95.082843,0.988264,1.157992,171.0383,-0.206446,170.2352,-0.215998,17.061165,-94.552271,170.4313,1.314961,0.823407,2.109682,-0.699572,-1.113428,-1.998469,0.675929
956,179.363,B,4,16.539544,-95.591345,15.879007,-95.199815,16.385498,-95.085637,1.070014,-0.025357,169.4519,-0.217472,168.9829,-0.221548,16.901050,-94.606393,169.1864,1.181830,0.703895,1.049198,-1.022043,-0.593422,-0.361506,-0.984952
957,179.560,B,4,15.382026,-94.853205,15.813328,-95.179652,16.371704,-95.179422,1.258391,-0.304515,168.4661,-0.223365,167.6842,-0.231333,16.739763,-94.660111,167.8951,1.062170,0.636515,1.371399,-0.926435,-0.519542,-1.357737,-0.193094
958,179.762,B,4,15.413211,-94.467860,15.611944,-94.966926,16.022814,-95.006071,1.307911,-0.727537,166.7681,-0.233096,166.3400,-0.237865,16.548137,-94.724456,166.2853,0.967083,0.596046,1.163571,-0.936193,-0.242471,-1.134926,0.256595
959,179.947,B,4,14.859257,-95.377064,15.611944,-94.966926,15.982141,-95.002511,1.166397,-0.685410,165.4589,-0.239854,164.9528,-0.246147,16.423459,-94.767961,165.1775,0.835550,0.499775,1.678611,-0.811515,-0.198965,-1.564202,-0.609103
960,180.163,B,4,14.561097,-94.591139,15.393543,-94.899992,15.740812,-95.065994,1.249784,-0.147544,164.4047,-0.245550,163.5260,-0.252594,16.272200,-94.823850,163.7568,0.881951,0.583958,1.726855,-0.878658,-0.076142,-1.711103,0.232711
961,180.361,B,4,15.825806,-95.017164,15.044662,-94.813817,15.548296,-94.982659,0.842812,-0.240506,162.3854,-0.253219,162.0629,-0.255694,16.096853,-94.893632,162.0037,1.055214,0.555735,0.297871,-1.052191,0.079815,-0.271048,-0.123532
962,180.542,B,4,15.271591,-94.951887,15.126321,-94.836009,15.468592,-94.971871,0.607614,-0.138329,161.1382,-0.257727,160.5663,-0.263258,15.953633,-94.953527,160.5057,0.835616,0.485387,0.682044,-0.827311,0.117518,-0.682042,0.001640
963,180.725,B,4,14.852029,-94.970222,15.066193,-94.854594,15.330805,-94.965833,0.621481,0.015638,159.8575,-0.263442,159.0376,-0.268875,15.839090,-95.001781,159.2843,0.786786,0.509554,0.987565,-0.772896,0.147188,-0.987061,0.031559
964,180.924,B,4,14.772040,-95.961134,15.066193,-94.854594,15.297149,-94.958354,0.561944,-0.000874,158.3328,-0.269454,157.4777,-0.274188,15.694206,-95.061509,157.7294,0.661221,0.410238,1.288300,-0.628013,0.206915,-0.922166,-0.899625
965,181.143,B,4,14.559156,-95.901660,14.955912,-95.055465,15.170748,-95.132934,0.350624,0.783427,156.9057,-0.273831,155.8871,-0.281963,15.546739,-95.119916,156.1437,0.594331,0.376216,1.259542,-0.590827,0.064451,-0.987583,-0.781744
966,181.328,B,4,14.690965,-94.253629,14.830598,-95.381395,15.029040,-95.268550,0.321602,1.254628,156.1573,-0.277256,154.2663,-0.286974,15.397490,-95.177067,154.5276,0.602592,0.379638,1.162719,-0.566892,-0.204328,-0.706526,0.923438
967,181.523,B,4,14.100075,-94.939583,14.715987,-95.322703,14.938221,-95.082088,0.725818,0.134449,154.6816,-0.282955,152.6156,-0.291937,15.248441,-95.233761,152.8817,0.539831,0.345313,1.185448,-0.532454,-0.088942,-1.148366,0.294178
968,181.719,B,4,14.284003,-95.804301,14.399891,-95.169453,14.758148,-95.049019,0.643094,0.637475,151.8332,-0.290927,150.9358,-0.296496,15.072911,-95.302730,150.8680,0.686089,0.404283,0.934852,-0.673020,0.133277,-0.788908,-0.501570
969,181.896,B,4,13.945522,-95.339450,14.399891,-95.169453,14.643193,-95.178222,0.598002,0.558910,150.2635,-0.295806,149.2278,-0.299413,14.959020,-95.349939,149.5029,0.587538,0.359491,1.013552,-0.559129,0.180486,-1.013498,0.010489
970,182.093,B,4,14.014994,-94.470383,14.256984,-95.307909,14.488468,-95.201906,0.698888,0.584246,148.5685,-0.299938,147.4933,-0.303380,14.820181,-95.410457,147.7725,0.572456,0.391825,1.237766,-0.563196,0.102549,-0.805187,0.940074
971,182.311,B,4,13.049556,-95.854466,13.873579,-95.155546,14.375001,-95.063211,1.021101,0.800488,146.0258,-0.306002,145.7341,-0.308780,14.683942,-95.471990,146.0171,0.869956,0.512390,1.678542,-0.810363,0.316444,-1.634386,-0.382476
972,182.533,B,4,13.237681,-96.091237,13.586239,-95.429694,14.106989,-95.197249,0.759997,1.319561,144.7703,-0.310274,143.9520,-0.312700,14.548157,-95.533228,144.2386,0.967473,0.554536,1.424331,-0.961917,0.103534,-1.310475,-0.558010
973,182.757,B,4,13.517049,-94.609100,13.431792,-95.420566,13.918673,-95.352570,1.096946,0.455249,143.0639,-0.313757,142.1484,-0.317112,14.383154,-95.604323,142.0758,0.968946,0.528321,1.319321,-0.951362,0.183758,-0.866105,0.995223
974,182.979,B,4,13.038653,-95.392085,13.431792,-95.420566,13.815381,-95.213182,1.004073,0.379952,140.8262,-0.317584,140.3233,-0.319524,14.271288,-95.649515,140.6168,0.870156,0.631061,1.259230,-0.839496,0.228950,-1.232635,0.257430
975,183.209,B,4,13.253047,-96.216258,13.297357,-95.277393,13.645315,-95.237373,0.968676,0.487036,139.3800,-0.320491,138.4760,-0.323867,14.129944,-95.703462,138.7731,0.935273,0.672387,1.015829,-0.832587,0.426069,-0.876897,-0.512796
976,183.422,B,4,13.742836,-95.795310,13.178646,-95.446858,13.544231,-95.407287,0.424310,1.012398,139.3800,-0.320479,136.6054,-0.327503,13.988508,-95.755386,136.9063,0.866641,0.564406,0.248894,-0.809862,0.308528,-0.245672,-0.039924
977,183.647,B,4,12.506142,-96.890609,13.132990,-95.929869,13.366270,-95.724948,-0.239615,1.601307,135.4156,-0.329553,134.7111,-0.332832,13.848863,-95.806678,135.0158,0.726395,0.489465,1.725632,-0.715873,-0.123190,-1.342721,-1.083931
978,183.859,B,4,13.034491,-95.875967,12.973245,-96.146124,13.282062,-95.753887,-0.002212,1.177336,133.7026,-0.314049,132.9445,-0.241705,13.711121,-95.857832,133.1759,0.792196,0.441471,0.676873,-0.737877,-0.288292,-0.676630,-0.018135
979,184.075,B,4,13.185107,-96.056322,12.973245,-96.146124,13.240661,-95.809179,0.027324,1.063876,132.3755,-0.263984,131.5023,-0.321132,13.571570,-95.902774,131.7891,0.645919,0.343891,0.415849,-0.598325,-0.243350,-0.386462,-0.153548
980,184.303,B,4,12.181525,-95.710686,12.949469,-96.145770,13.213452,-95.811493,0.006578,0.790289,131.0820,-0.326684,129.3088,-0.364071,13.395342,-95.943484,129.2272,0.489614,0.224735,1.235940,-0.445873,-0.202286,-1.213817,0.232798
981,184.496,B,4,12.434951,-96.569877,12.816025,-96.092872,13.006950,-95.793662,0.568129,0.778361,130.2128,-0.348697,127.7897,-0.187727,13.276769,-95.962658,127.9618,0.478791,0.318374,1.037966,-0.460744,-0.130214,-0.841818,-0.607220
982,184.684,B,4,12.315791,-96.148299,12.607657,-96.127863,12.877213,-95.933308,0.268643,1.025861,128.5108,-0.287765,126.2069,-0.355806,13.123975,-95.980318,126.5237,0.536986,0.251199,0.825457,-0.516318,-0.147545,-0.808184,-0.167982
983,184.869,B,4,11.620367,-95.259470,12.250153,-96.055275,12.742606,-95.973725,1.212865,0.631773,125.0106,-0.254578,124.6031,-0.184519,12.932105,-95.990093,124.5618,0.685060,0.190205,1.501488,-0.681952,-0.065182,-1.311738,0.730623
984,185.064,B,4,12.234370,-94.851108,12.250153,-96.055275,12.513553,-95.844040,1.109975,0.544202,123.7553,-0.276713,123.1250,-0.281792,12.801259,-95.989051,123.3941,0.555071,0.322185,1.271329,-0.551106,-0.066224,-0.566889,1.137943
985,185.290,B,4,12.290915,-94.573650,12.076953,-95.685522,12.435450,-95.660025,1.512486,-0.038979,122.5136,-0.245710,121.7583,-0.256589,12.635235,-95.977897,121.9995,0.630208,0.375442,1.445844,-0.558283,0.292375,-0.344320,1.404247
986,185.487,B,4,11.757356,-95.802501,12.003208,-95.145493,12.384249,-95.454580,1.168559,-0.012865,120.9188,-0.237868,120.4261,-0.227126,12.465877,-95.955780,120.6365,0.933075,0.507804,0.724911,-0.462670,0.810288,-0.708521,0.153279
987,185.699,B,4,11.916056,-95.906265,11.922124,-95.308266,12.188532,-95.576234,0.521148,0.279938,119.8932,-0.227891,119.1472,-0.217613,12.293182,-95.922703,119.3476,0.717786,0.361929,0.377484,-0.371058,0.614437,-0.377126,0.016438
988,185.877,B,4,11.867316,-95.985984,11.881306,-95.494649,12.111034,-95.641510,0.054093,0.484213,118.2272,-0.214128,117.9336,-0.205823,12.116187,-95.879539,118.1233,0.450899,0.238085,0.270679,-0.234881,0.384890,-0.248870,-0.106445
989,186.058,B,4,10.860737,-95.882893,11.881306,-95.494649,12.087014,-95.634659,0.058076,0.436552,117.1950,-0.203814,116.7859,-0.196338,11.934643,-95.827153,116.9652,0.336755,0.245502,1.075351,-0.053337,0.332504,-1.073906,-0.055740
990,186.235,B,4,11.339609,-94.635782,11.695898,-95.646189,11.842259,-95.672435,0.133980,0.909699,116.3716,-0.195646,115.6987,-0.186379,11.749294,-95.765928,115.8689,0.131106,0.131846,1.202111,-0.053397,0.119740,-0.409685,1.130146
991,186.452,B,4,11.004057,-95.006412,11.314010,-95.261036,11.726882,-95.477472,1.115122,0.517809,114.9482,-0.183210,114.6637,-0.175595,11.561540,-95.695744,114.8261,0.500242,0.273826,0.886547,-0.247530,0.434708,-0.557483,0.689332
992,186.659,B,4,9.997531,-96.274402,11.010531,-95.351445,11.572113,-95.380897,0.464353,1.398351,114.1351,-0.175932,113.6744,-0.169058,11.372571,-95.616416,113.8297,0.448645,0.308685,1.524363,-0.362041,0.264970,-1.375040,-0.657986
993,186.869,B,4,11.106425,-95.569045,10.794613,-95.533415,11.261300,-95.530471,0.309351,1.050027,112.9897,-0.167259,112.7293,-0.160461,11.182646,-95.528009,112.8774,0.388070,0.078692,0.086566,-0.388033,-0.005405,-0.076221,-0.041036
994,187.066,B,4,10.330543,-94.948922,10.794613,-95.533415,11.204779,-95.528859,0.295167,0.944417,112.1075,-0.158873,111.8309,-0.152167,10.991019,-95.430726,111.9714,0.221631,0.235209,0.817535,-0.196406,-0.102688,-0.660476,0.481804
995,187.251,B,4,10.736621,-96.587183,10.684680,-95.442016,11.019805,-95.414809,0.759740,0.845638,111.3799,-0.151536,110.9816,-0.145385,10.796692,-95.324670,111.1142,0.162224,0.240634,1.263941,-0.112011,-0.117346,-0.060071,-1.262513
996,187.423,B,4,10.163913,-94.987961,10.461173,-95.639936,10.940814,-95.617677,0.459022,0.889909,110.5966,-0.143038,110.1798,-0.135482,10.559635,-95.185801,110.1487,0.464686,0.576033,0.442422,-0.098462,-0.454135,-0.395723,0.197840
997,187.597,B,4,9.758268,-95.507665,10.244177,-95.513519,10.773787,-95.497584,0.529180,1.057016,109.5719,-0.133193,109.4191,-0.129204,10.399977,-95.086207,109.5384,0.454828,0.555846,0.767735,-0.155800,-0.427311,-0.641708,-0.421458
998,187.788,B,4,9.741206,-95.057937,10.021728,-95.421219,10.562618,-95.491136,0.861486,0.964454,109.0083,-0.129163,108.6915,-0.123382,10.199934,-94.953949,108.8060,0.500099,0.648158,0.470367,-0.178207,-0.467271,-0.458728,-0.103988
999,188.008,B,4,9.365117,-94.119723,10.021728,-95.421219,10.385370,-95.404093,0.789723,0.861838,108.3574,-0.125287,107.9919,-0.119664,10.000413,-94.813341,108.1020,0.608251,0.705109,0.940589,0.021314,-0.607878,-0.635296,0.693618
1000,188.224,B,4,8.888393,-94.117054,9.798851,-95.101736,10.171761,-95.160224,1.608888,0.705085,107.7148,-0.119648,107.3195,-0.114765,9.801554,-94.664866,107.4252,0.436878,0.618411,1.064876,-0.002703,-0.436870,-0.913161,0.547812
1001,188.436,B,4,9.774265,-94.173377,9.364599,-94.394404,9.909168,-94.955062,1.980116,0.435285,106.9510,-0.113856,106.6766,-0.109471,9.602665,-94.509079,106.7774,0.264246,0.541151,0.377018,-0.238067,0.114674,0.171600,0.335702
1002,188.623,B,4,8.296027,-94.026490,9.183512,-94.177807,9.577054,-94.657884,2.019322,0.861982,106.2981,-0.108783,106.0646,-0.105288,9.402985,-94.346275,106.1605,0.276677,0.356932,1.152223,-0.219474,0.168468,-1.106958,0.319785
1003,188.790,B,4,8.513280,-92.490954,8.868028,-93.740173,9.359208,-94.253030,2.957673,0.614523,105.7803,-0.103762,105.4818,-0.099969,9.202441,-94.176216,105.5733,0.549514,0.174575,1.820728,-0.334414,0.436042,-0.689161,1.685261
1004,188.952,B,4,8.537188,-94.286698,8.868028,-93.740173,9.323603,-94.220587,2.678979,0.528519,105.2447,-0.098895,104.9226,-0.096412,9.001826,-93.998304,105.0108,0.290747,0.391088,0.546864,-0.133799,0.258131,-0.464639,-0.288393
1005,189.177,B,4,7.697626,-94.482157,8.672566,-93.478122,9.148410,-94.202816,1.692458,0.742830,104.8325,-0.096840,104.3812,-0.093971,8.762580,-93.773845,104.3599,0.309119,0.576958,1.278997,-0.090014,0.295723,-1.064954,-0.708312
1006,189.377,B,4,8.213890,-93.042449,8.419983,-93.670633,8.852046,-94.226311,0.958736,1.355270,104.6034,-0.095509,103.8545,-0.090068,8.604516,-93.617604,103.9378,0.192002,0.657111,0.695264,-0.184534,-0.053029,-0.390626,0.575155
1007,189.583,B,4,7.239819,-93.755289,8.186435,-93.636104,8.701431,-93.986409,1.382528,1.015552,104.1272,-0.093817,103.3434,-0.087360,8.408350,-93.415310,103.4240,0.313043,0.641912,1.216984,-0.221914,-0.220795,-1.168530,-0.339979
1008,189.756,B,4,7.765605,-93.941058,7.951545,-93.497991,8.401609,-93.916860,1.076451,1.378350,103.4117,-0.089175,102.8512,-0.085971,8.213009,-93.205838,102.9286,0.392068,0.735610,0.860650,-0.261464,-0.292153,-0.447404,-0.735220
1009,189.950,B,4,7.007577,-92.402969,7.719886,-93.566024,8.249634,-93.895061,0.536736,1.131232,102.6244,-0.083379,102.3798,-0.079855,7.978909,-92.945728,102.3613,0.672205,0.987180,1.112687,-0.259023,-0.620296,-0.971332,0.542759
1010,190.135,B,4,7.429121,-93.111794,7.520083,-93.392688,7.988607,-93.598879,1.403345,1.089888,102.1858,-0.080709,101.9276,-0.079092,7.784359,-92.721901,101.9099,0.720970,0.900448,0.527457,-0.264276,-0.670787,-0.355238,-0.389893
1011,190.314,B,4,7.666329,-92.619734,7.332923,-93.117808,7.850482,-93.481586,1.302736,0.973760,101.9826,-0.080006,101.4905,-0.074567,7.629689,-92.538047,101.5596,0.651301,0.969028,0.089529,-0.296766,-0.579761,0.036640,-0.081688
1012,190.504,B,4,7.145035,-91.684436,7.267740,-92.596405,7.669135,-93.009939,2.071140,0.373942,101.1367,-0.075610,101.0644,-0.074336,7.400247,-92.253693,101.0475,0.367437,0.802627,0.623848,-0.132507,-0.342712,-0.255211,0.569257
1013,190.700,B,4,6.067006,-92.501729,7.014842,-92.316313,7.634765,-92.973142,1.732033,0.944146,100.7733,-0.074062,100.6486,-0.071957,7.211482,-92.008488,100.6322,0.365272,1.053435,1.246239,-0.196641,-0.307825,-1.144476,-0.493241
1014,190.900,B,4,6.173868,-92.133041,7.014842,-92.316313,7.325511,-92.860342,1.571754,0.842087,100.4493,-0.071365,100.2464,-0.068823,7.061597,-91.806918,100.3097,0.511535,1.085980,0.945736,-0.046755,-0.509394,-0.887728,-0.326122
1015,191.111,B,4,6.335940,-91.661766,6.678264,-92.208165,7.083192,-92.696060,1.508648,1.023615,100.1284,-0.069053,99.8625,-0.064691,6.874852,-91.548433,99.9226,0.688399,1.166384,0.550700,-0.196588,-0.659732,-0.538912,-0.113333
1016,191.282,B,4,6.201520,-90.680157,6.313967,-91.615130,6.904352,-92.467082,2.400725,0.770128,99.6395,-0.063995,99.4995,-0.062435,6.650996,-91.229147,99.4854,0.512418,1.263595,0.709521,-0.337030,-0.385983,-0.449476,0.548990
1017,191.443,B,4,6.083093,-89.664329,6.179469,-90.981179,6.743409,-92.107860,3.318101,0.512863,99.3151,-0.009740,99.3616,0.059275,6.503646,-91.012521,99.3180,0.325689,1.121274,1.412263,-0.324177,0.031342,-0.420552,1.348192
1018,191.620,B,4,6.568472,-90.719503,6.149141,-90.531051,6.589590,-91.623677,2.624937,0.226553,99.4752,0.008798,99.5616,-0.040671,6.290956,-90.701298,99.5510,0.221575,0.969518,0.278112,-0.141815,0.170247,0.277516,-0.018205
1019,191.789,B,4,5.918889,-90.265777,6.149141,-90.531051,6.552978,-91.413528,2.373482,0.196555,99.3657,-0.070661,98.9384,-0.157239,6.148501,-90.491424,99.0699,0.039632,1.006914,0.321929,0.000640,-0.039627,-0.229612,0.225647
1020,191.976,B,4,5.918529,-90.751509,6.016998,-90.251247,6.408514,-91.159029,1.555368,0.390608,98.3535,-0.095444,98.0400,0.000779,5.970593,-90.241697,98.0498,0.047377,1.016501,0.512464,0.046405,-0.009551,-0.052064,-0.509813
1021,192.163,B,4,4.787019,-90.100844,5.774909,-90.197450,6.290774,-91.038824,1.526847,0.946964,98.1654,0.015725,98.3838,0.032166,5.769223,-89.933633,98.3893,0.263879,1.222074,0.996335,0.005686,-0.263818,-0.982204,-0.167211
1022,192.348,B,4,5.563430,-89.879503,5.534647,-90.034723,5.988988,-90.824474,1.457101,0.788806,98.1232,-0.092719,97.9476,-0.174957,5.596517,-89.680976,97.9063,0.359117,1.208976,0.201265,-0.061870,-0.353747,-0.033087,-0.198527
1023,192.519,B,4,5.513311,-89.013131,5.463912,-89.740211,5.880730,-90.608707,1.942225,0.549731,97.5591,-0.083867,97.3691,-0.019759,5.458841,-89.480114,97.3956,0.260146,1.204871,0.470149,0.005071,-0.260097,0.054470,0.466983
1024,192.700,B,4,4.229803,-89.893092,5.225798,-89.538475,5.508445,-90.206727,1.423319,1.149821,97.3403,-0.040855,97.3187,-0.085912,5.290432,-89.224712,97.3850,0.320351,1.005923,1.253662,-0.064634,-0.313763,-1.060630,-0.668380
1025,192.890,B,4,4.395520,-88.028981,5.225798,-89.538475,5.473856,-90.158594,1.318689,1.053257,97.1677,-0.097401,96.5438,-0.094689,5.119897,-88.979554,96.6397,0.568865,1.231025,1.195119,0.105902,-0.558921,-0.724376,0.950573
1026,193.063,B,4,4.359061,-88.026675,4.879087,-89.234688,5.246869,-89.726440,2.417485,1.151014,96.8755,-0.111507,96.1588,-0.126367,4.955336,-88.738125,96.2637,0.502383,1.030416,0.928281,-0.076249,-0.496563,-0.596275,0.711450
1027,193.231,B,4,4.147612,-87.879360,4.635298,-88.692703,5.053871,-89.367509,2.740678,1.086702,96.3907,-0.082645,95.4041,-0.108526,4.790594,-88.507155,95.5047,0.241960,0.899735,0.898639,-0.155296,-0.185548,-0.642982,0.627795
1028,193.428,B,4,4.117774,-87.826526,4.249514,-87.961710,4.857763,-89.044295,2.520219,0.972569,95.0049,-0.126994,94.7012,-0.141427,4.594260,-88.237168,94.6694,0.441278,0.849051,0.629020,-0.344746,0.275458,-0.476486,0.410642
1029,193.661,B,4,3.872449,-87.052002,4.249514,-87.961710,4.692135,-88.768605,2.289133,0.849915,94.3852,-0.131299,93.9419,-0.139488,4.462579,-88.060129,94.0696,0.234697,0.744738,1.168149,-0.213064,0.098418,-0.590130,1.008126
1030,193.923,B,4,3.938364,-88.363354,4.090213,-87.616973,4.513003,-88.401392,2.523497,0.813211,93.7173,-0.139298,93.1107,-0.150723,4.296925,-87.839656,93.2475,0.303838,0.601861,0.634686,-0.206712,0.222683,-0.358561,-0.523698
1031,194.139,B,4,4.579990,-88.014383,3.960737,-87.491455,4.378845,-88.337689,1.519797,0.848947,93.3649,-0.143266,92.2199,-0.162620,4.131490,-87.618135,92.3666,0.212614,0.760883,0.598468,-0.170753,0.126681,0.448500,-0.396248
1032,194.305,B,4,3.976813,-87.432836,3.986455,-87.613289,4.387486,-88.226870,0.902351,0.373316,92.6886,-0.152256,91.2657,-0.174762,3.967774,-87.395584,91.4227,0.218505,0.931233,0.038333,0.018681,-0.217705,0.009039,-0.037252
1033,194.475,B,4,3.352133,-87.766202,4.031324,-87.579810,4.289227,-88.033345,0.921927,0.341762,91.5519,-0.166030,90.2490,-0.183253,3.806386,-87.173994,90.4157,0.463987,0.985708,0.746361,0.224939,-0.405816,-0.454252,-0.592207
1034,194.677,B,4,3.228751,-86.543754,3.895989,-87.530530,4.096538,-87.936561,0.541360,0.567261,89.4817,-0.186502,89.1754,-0.192010,3.614753,-86.913599,89.1314,0.678010,1.130738,0.534587,0.281237,-0.616930,-0.386001,0.369846
1035,194.901,B,4,3.654781,-87.231263,3.679402,-87.348646,3.916109,-87.637387,1.204591,0.737538,88.9642,-0.190516,88.0518,-0.200625,3.487120,-86.745264,88.2347,0.633278,0.989906,0.514106,0.192283,-0.603381,0.167662,-0.485999
1036,195.138,B,4,3.183344,-86.452255,3.470567,-86.950056,3.845849,-87.516042,1.359928,0.727624,87.5151,-0.200789,86.8831,-0.206849,3.326923,-86.541336,87.0731,0.433227,1.104235,0.168969,0.143644,-0.408720,-0.143579,0.089081
1037,195.348,B,4,3.284609,-86.848301,3.358065,-86.766595,3.704962,-87.277021,1.099007,0.654454,86.3740,-0.208327,85.6704,-0.216228,3.166265,-86.343546,85.8674,0.464497,1.077762,0.518443,0.191800,-0.423049,0.118344,-0.504755
1038,195.569,B,4,2.477415,-86.066462,3.173940,-86.576087,3.608578,-87.153050,1.423692,1.020514,84.6399,-0.219038,84.2576,-0.224662,2.974641,-86.111004,84.3605,0.505986,1.219728,0.499217,0.199299,-0.465083,-0.497226,0.044542
1039,195.738,B,4,2.839465,-86.340424,3.173940,-86.576087,3.384356,-86.910923,1.307053,0.893685,83.6507,-0.225764,83.1056,-0.231623,2.848717,-85.956724,83.3178,0.699557,1.094260,0.383812,0.325223,-0.619363,-0.009252,-0.383700
1040,195.943,B,4,2.094997,-86.380516,2.970602,-86.359010,3.265338,-86.761851,1.169772,0.852023,82.4306,-0.233063,81.7530,-0.239134,2.693861,-85.762999,81.9724,0.657126,1.150778,0.860212,0.276741,-0.596011,-0.598864,-0.617517
1041,196.150,B,4,2.493291,-84.860103,2.560314,-85.958806,3.033278,-86.648133,1.873885,1.210154,80.7507,-0.241635,80.3587,-0.247062,2.510991,-85.529045,80.3022,0.432582,1.234966,0.669176,0.049324,-0.429761,-0.017699,0.668942
1042,196.354,B,4,2.462610,-85.452794,2.469558,-85.572843,2.915068,-86.280178,1.742386,1.034101,79.4442,-0.247729,78.9277,-0.250881,2.359807,-85.334660,78.8698,0.262253,1.096503,0.156602,0.109751,-0.238183,0.102803,-0.118134
1043,196.543,B,4,1.946434,-83.794331,2.335003,-85.104355,2.659208,-85.674581,2.724559,1.320794,77.7404,-0.248740,77.4663,-0.243509,2.209013,-85.143299,77.4118,0.131871,0.696373,1.374287,0.125990,0.038945,-0.262579,1.348969
1044,196.746,B,4,1.994823,-83.498508,2.335003,-85.104355,2.639735,-85.620185,2.487379,1.141699,76.7480,-0.191082,76.4798,-0.178516,2.061666,-84.949919,76.4370,0.313949,0.885111,1.452949,0.273337,-0.154436,-0.066842,1.451411
1045,196.930,B,4,2.160377,-84.285413,2.175705,-84.430718,2.506227,-85.182113,2.985946,1.223882,75.7816,-0.243959,74.9643,-0.342351,1.947300,-84.791040,75.2691,0.426616,0.682156,0.548690,0.228405,0.360322,0.213077,0.505627
1046,197.111,B,4,1.468827,-84.257683,2.106793,-84.044206,2.431244,-84.974194,2.561757,1.052602,75.7816,-0.243958,73.3411,-0.194719,1.810547,-84.588512,73.5301,0.619702,0.730763,0.475627,0.296246,0.544306,-0.341720,0.330829
1047,197.290,B,4,1.497675,-83.527104,1.992892,-83.930753,2.240022,-84.779063,1.835199,1.094961,73.5896,-0.245708,72.3824,-0.225894,1.681727,-84.384528,72.5789,0.550213,0.683631,0.876955,0.311165,0.453775,-0.184052,0.857424
1048,197.464,B,4,2.546612,-84.177211,1.813882,-83.767396,2.093979,-84.508952,1.767656,1.170440,72.6786,-0.206412,70.8396,-0.226407,1.552755,-84.172860,71.0557,0.482274,0.637088,0.993867,0.261127,0.405464,0.993857,-0.004351
1049,197.659,B,4,0.713470,-84.683981,1.844058,-83.673248,2.159287,-84.385569,1.084293,0.349435,70.4803,-0.192236,69.8788,-0.206484,1.407602,-83.912232,69.8305,0.497601,0.888301,1.037986,0.436455,0.238984,-0.694132,-0.771749
1050,197.874,B,4,1.879333,-83.085290,1.764736,-83.841670,1.885850,-84.388791,0.065225,0.669556,69.5242,-0.223171,68.6096,-0.155813,1.291025,-83.684012,68.5757,0.499258,0.922242,0.839389,0.473711,-0.157659,0.588308,0.598722
1051,198.081,B,4,1.484259,-83.478790,1.601769,-83.806938,1.870944,-84.106477,0.769552,0.689909,69.0422,-0.201998,67.5274,-0.178708,1.204579,-83.495708,67.7030,0.504603,0.903926,0.280192,0.397190,-0.311230,0.279681,0.016918
1052,198.290,B,4,1.074257,-83.098756,1.591084,-83.579995,1.789366,-83.945633,0.738838,0.682903,68.0958,-0.204462,66.4880,-0.182839,1.105062,-83.252932,66.6556,0.585822,0.973708,0.157223,0.486022,-0.327063,-0.030805,0.154176
1053,198.460,B,4,0.597944,-83.645836,1.474278,-83.417550,1.648784,-83.746228,0.838093,0.927575,66.7833,-0.185914,65.4629,-0.175686,1.013693,-83.002495,65.6242,0.620007,0.977997,0.765986,0.460585,-0.415055,-0.415749,-0.643340
1054,198.643,B,4,0.912818,-81.925367,1.254708,-83.335652,1.449040,-83.691510,0.292783,0.956956,64.7093,-0.172093,64.4810,-0.166390,0.928633,-82.745725,64.6350,0.674046,1.079505,0.820511,0.326075,-0.589927,-0.015815,0.820359
1055,198.820,B,4,1.345075,-82.503794,1.056660,-83.076458,1.335726,-83.321178,1.176726,1.321316,64.2971,-0.168214,63.5461,-0.159803,0.847989,-82.483842,63.6926,0.628282,0.969030,0.497486,0.208671,-0.592617,0.497086,-0.019952
1056,199.000,B,4,0.568809,-82.721297,1.022230,-82.690091,1.324409,-83.127203,1.337903,1.125687,63.8067,-0.165072,62.6561,-0.151654,0.771357,-82.217630,62.7957,0.534936,1.064514,0.542868,0.250873,-0.472461,-0.202548,-0.503667
1057,199.188,B,4,0.668464,-82.352283,0.965929,-82.557382,1.176028,-83.008544,0.914637,1.114758,62.9499,-0.158127,61.8042,-0.145293,0.699953,-81.947201,61.9382,0.665631,1.163227,0.406304,0.265976,-0.610181,-0.031488,-0.405082
1058,199.410,B,4,0.646055,-81.432102,0.739552,-82.173993,1.071625,-82.846531,1.334006,1.310561,61.2993,-0.145208,60.9843,-0.141417,0.635521,-81.672090,61.1135,0.512571,1.252796,0.240219,0.104031,-0.501903,0.010534,0.239988
1059,199.650,B,4,1.052268,-80.612031,0.739552,-82.173993,0.982398,-82.547489,1.222544,1.167377,60.6684,-0.140945,60.1951,-0.136326,0.579153,-81.391341,60.3192,0.798918,1.224452,0.911680,0.160398,-0.782651,0.473114,0.779310
1060,199.839,B,4,0.666146,-81.160240,0.734834,-81.667316,0.984166,-82.151625,1.986875,1.281733,59.9394,-0.135025,59.4416,-0.129135,0.530766,-81.103702,59.5594,0.599420,1.141803,0.146711,0.204068,-0.563614,0.135380,-0.056538
1061,200.026,B,4,0.475928,-81.256278,0.749986,-81.253114,0.917645,-81.923541,1.902071,1.280156,59.5852,-0.132298,58.7301,-0.120628,0.489418,-80.808318,58.8409,0.515499,1.194613,0.448163,0.260569,-0.444795,-0.013490,-0.447960
1062,200.220,B,4,0.545497,-81.190188,0.688344,-81.087178,0.828930,-81.754608,1.438657,1.116937,58.9793,-0.126931,58.0291,-0.120431,0.455054,-80.506080,58.1389,0.626178,1.303306,0.690060,0.233290,-0.581098,0.090443,-0.684108
1063,200.411,B,4,0.595781,-80.044053,0.625702,-81.009106,0.768778,-81.606009,1.069447,0.902105,58.4472,-0.123772,57.3446,-0.116162,0.427413,-80.199619,57.4515,0.833420,1.447226,0.229235,0.198289,-0.809488,0.168368,0.155566
1064,200.617,B,4,1.131676,-78.979313,0.595943,-80.770040,0.729469,-81.277596,1.384944,1.002067,56.9244,-0.115255,56.6930,-0.114036,0.405064,-79.890226,56.7971,0.900281,1.424792,1.165216,0.190880,-0.879813,0.726612,0.910913
1065,200.847,B,4,0.370610,-79.072656,0.663817,-80.218901,0.796326,-80.812901,2.293639,1.202762,56.4175,-0.112449,56.0591,-0.108798,0.389280,-79.581106,56.1583,0.694372,1.297307,0.508792,0.274537,-0.637795,-0.018669,0.508449
1066,201.045,B,4,1.210960,-79.317353,0.693015,-79.647465,0.715768,-80.444551,2.492122,1.582862,56.1708,-0.110952,55.4602,-0.101749,0.378488,-79.269722,55.5535,0.491545,1.222285,0.833833,0.314527,-0.377742,0.832472,-0.047630
1067,201.231,B,4,0.921871,-78.975007,0.853657,-79.082101,0.802463,-80.185686,2.102794,0.917020,55.0563,-0.128233,54.7226,-0.204049,0.371488,-78.955057,54.8989,0.498625,1.303912,0.550744,0.482169,-0.127044,0.550382,-0.019951
1068,201.396,B,4,0.360761,-78.223488,0.820664,-78.762486,0.824372,-79.912062,2.081226,1.288227,54.1990,-0.163768,53.6613,-0.105872,0.358434,-78.646594,53.7689,0.476538,1.348521,0.423112,0.462231,-0.115893,0.002328,0.423106
1069,201.573,B,4,0.789143,-78.762082,0.820664,-78.762486,0.741723,-79.551306,1.893790,1.143983,53.5393,-0.073542,53.4424,-0.048787,0.351261,-78.339975,53.4774,0.631549,1.272707,0.608206,0.469403,-0.422511,0.437881,-0.422107
1070,201.752,B,4,0.966671,-78.126078,0.770306,-78.521327,0.750761,-79.352452,1.497639,0.858269,53.2596,-0.091776,52.5459,-0.235390,0.341628,-78.036736,52.7628,0.646988,1.377860,0.631396,0.428678,-0.484591,0.625043,-0.089342
1071,201.939,B,4,1.648991,-77.734379,0.817737,-78.361242,0.791949,-79.076142,1.633907,0.847518,52.9975,-0.141992,51.7260,-0.060560,0.332850,-77.734306,51.7906,0.792568,1.418202,1.316141,0.484887,-0.626936,1.316141,-0.000074
1072,202.148,B,4,0.270152,-77.434737,1.013331,-77.798363,0.830671,-78.540359,1.670044,1.051778,51.2216,-0.159613,51.0080,-0.218834,0.329686,-77.371301,50.9562,0.806073,1.271881,0.086996,0.683645,-0.427062,-0.059534,-0.063436
1073,202.373,B,4,0.673961,-76.642566,0.882974,-77.407735,0.835679,-78.480894,1.943144,1.436484,50.3844,-0.146206,50.0779,-0.119501,0.326047,-77.131594,50.1832,0.621628,1.442337,0.600160,0.556927,-0.276141,0.347914,0.489028
1074,202.564,B,4,-0.198889,-76.724533,0.882974,-77.407735,0.812208,-78.092335,1.776694,1.270611,49.4709,-0.164322,49.1180,-0.164883,0.320337,-76.835458,49.2671,0.802534,1.349696,0.530943,0.562637,-0.572277,-0.519226,0.110925
1075,202.771,B,4,0.674743,-76.677056,0.701367,-77.012999,0.634123,-77.786753,1.448611,1.666822,48.6637,-0.171323,48.1298,-0.182890,0.308051,-76.488263,48.0888,0.655778,1.338805,0.412439,0.393315,-0.524736,0.366692,-0.188793
1076,202.927,B,4,0.868073,-76.177684,0.555902,-76.753246,0.644352,-77.528001,1.451817,1.539000,48.6637,-0.171325,47.0846,-0.187747,0.296569,-76.262439,47.2566,0.555108,1.312479,0.577755,0.259333,-0.490807,0.571504,0.084756
1077,203.113,B,4,0.216491,-76.362758,0.585031,-76.286617,0.689434,-77.226365,1.191890,1.280711,46.5287,-0.188026,45.9878,-0.194386,0.280478,-75.987289,46.1653,0.427024,1.304819,0.380882,0.304553,-0.299328,-0.063987,-0.375469
1078,203.293,B,4,0.590021,-74.782050,0.530183,-75.911696,0.606033,-76.616916,1.857240,1.790958,45.0622,-0.197261,44.8521,-0.201810,0.263669,-75.717321,45.0362,0.329865,0.962541,0.990575,0.266514,-0.194374,0.326352,0.935272
1079,203.537,B,4,0.979840,-76.085505,0.530183,-75.911696,0.610497,-76.564979,1.712978,1.582673,44.1235,-0.199131,43.6999,-0.202688,0.244324,-75.395833,43.6533,0.589771,1.225147,1.008281,0.285859,-0.515862,0.735516,-0.689671
1080,203.773,B,4,0.654941,-75.268262,0.608910,-75.604450,0.682162,-76.421138,1.344929,0.894148,43.1361,-0.199334,42.5919,-0.140192,0.231334,-75.127603,42.5617,0.608232,1.369846,0.446349,0.377576,-0.476846,0.423606,-0.140659
1081,203.966,B,4,0.451370,-74.554021,0.689846,-75.500094,0.685413,-76.157323,1.402668,0.999404,43.1361,-0.199333,42.3430,-0.031477,0.225551,-74.919828,42.3611,0.743154,1.320176,0.429894,0.464294,-0.580266,0.225819,0.365807
1082,204.159,B,4,0.363865,-75.145887,0.671760,-75.190008,0.652395,-75.800709,1.537798,1.373447,42.3435,-0.082597,41.4551,-0.164546,0.214526,-74.656953,41.6076,0.702290,1.224707,0.511233,0.457235,-0.533055,0.149340,-0.488934
1083,204.372,B,4,0.305371,-74.274033,0.611985,-74.951629,0.606217,-75.636964,1.091500,1.128389,41.5857,-0.153255,40.5496,-0.151243,0.207948,-74.399735,40.6891,0.683983,1.299752,0.159035,0.404036,-0.551894,0.097423,0.125702
1084,204.578,B,4,0.185229,-73.096054,0.539201,-74.753834,0.558453,-75.337590,1.151900,1.394816,40.8516,-0.154109,39.7263,-0.136642,0.200515,-74.152670,39.8524,0.690005,1.237803,1.056727,0.338686,-0.601164,-0.015286,1.056616
1085,204.797,B,4,0.307299,-74.610969,0.450693,-74.270239,0.498454,-74.863648,1.517377,1.954094,39.6738,-0.138667,39.0064,-0.118638,0.190764,-73.916126,39.1153,0.439271,0.996228,0.704547,0.259929,-0.354113,0.116535,-0.694843
1086,205.032,B,4,-0.175094,-73.219937,0.385249,-73.982922,0.467900,-74.773792,0.986541,1.391462,39.3033,-0.131118,38.3942,-0.098973,0.177877,-73.687591,38.4856,0.360864,1.124253,0.585909,0.207371,-0.295331,-0.352971,0.467654
1087,205.260,B,4,0.061081,-73.457458,0.283404,-73.822922,0.359929,-74.433393,1.007278,1.817977,38.7229,-0.115333,37.8774,-0.083323,0.163208,-73.464130,37.9539,0.378390,0.989025,0.102345,0.120196,-0.358792,-0.102127,0.006672
1088,205.465,B,4,0.946200,-73.306677,0.165923,-73.533409,0.307971,-74.199837,0.869863,1.653481,38.0137,-0.093668,37.4503,-0.067081,0.150189,-73.244951,37.5131,0.288887,0.967835,0.798401,0.015735,-0.288458,0.796012,-0.061727
1089,205.673,B,4,0.625585,-73.311719,0.242283,-73.370295,0.427104,-73.983293,1.021713,1.090276,37.2656,-0.068260,37.0955,-0.057316,0.142412,-73.030751,37.1484,0.353927,0.994176,0.558927,0.099871,-0.339544,0.483173,-0.280968
1090,205.884,B,4,0.493525,-72.576021,0.398920,-73.242301,0.468481,-73.809022,0.955608,0.800506,37.0085,-0.059745,36.7928,-0.048163,0.141395,-72.822178,36.8378,0.492770,1.039637,0.429638,0.257525,-0.420123,0.352130,0.246157
1091,206.100,B,4,0.221233,-72.683456,0.464463,-73.032961,0.478994,-73.534434,1.178303,1.081491,36.8823,-0.055193,36.5430,-0.037000,0.145214,-72.619312,36.5791,0.522517,0.974092,0.099465,0.319248,-0.413648,0.076018,-0.064144
1092,206.339,B,4,0.233379,-71.927673,0.451540,-72.798016,0.437759,-73.329404,0.968647,1.097921,36.6505,-0.047142,36.3550,-0.026220,0.149791,-72.421723,36.3806,0.482336,0.952266,0.501071,0.301748,-0.376293,0.083588,0.494050
1093,206.592,B,4,0.393293,-73.441546,0.377176,-72.482040,0.405069,-73.025125,0.407184,0.508958,36.2601,-0.024448,36.2329,-0.014545,0.151143,-72.191467,36.2293,0.368136,0.871473,1.273317,0.226033,-0.290574,0.242150,-1.250080
1094,206.795,B,4,0.804705,-72.062802,0.377176,-72.482040,0.406263,-73.051473,0.368901,0.459386,36.1917,-0.013699,36.1869,-0.002338,0.149160,-72.043540,36.1900,0.494241,1.040208,0.655828,0.228016,-0.438501,0.655545,-0.019262
1095,207.017,B,4,1.133514,-72.104908,0.446548,-72.502612,0.482071,-72.828130,0.722042,0.587988,36.1689,-0.004717,36.1949,0.003894,0.144539,-71.865342,36.1907,0.705211,1.020239,1.017577,0.302009,-0.637270,0.988975,-0.239566
1096,207.228,B,4,0.255407,-71.047739,0.613624,-72.302694,0.605440,-72.653281,1.052091,0.500480,36.1740,-0.000796,36.2424,0.009528,0.140431,-71.694787,36.2326,0.770365,1.065338,0.657183,0.473193,-0.607908,0.114976,0.647047
1097,207.416,B,4,0.202749,-71.030781,0.664738,-71.980970,0.548534,-72.318716,1.229044,1.298984,36.2042,0.004924,36.3224,0.015634,0.139763,-71.530633,36.3073,0.691666,0.887789,0.503804,0.524975,-0.450337,0.062986,0.499852
1098,207.647,B,4,0.540090,-71.886874,0.558677,-71.557385,0.490299,-72.039386,1.172671,1.653791,36.2962,0.012108,36.4395,0.024144,0.144087,-71.370518,36.4179,0.454757,0.753158,0.650724,0.414590,-0.186867,0.396003,-0.516356
1099,207.877,B,4,1.532683,-71.235994,0.508265,-71.404833,0.502211,-71.965920,0.673062,0.938220,36.4931,0.012351,36.4896,-0.043844,0.153603,-71.211656,36.5226,0.403860,0.830928,1.379294,0.354662,-0.193177,1.379080,-0.024337
1100,208.082,B,4,0.489087,-71.477637,0.666004,-71.358988,0.692993,-71.790944,1.063655,0.605154,36.3894,-0.033067,36.2789,0.049260,0.167263,-71.046733,36.2450,0.588427,0.911176,0.537819,0.498741,-0.312255,0.321824,-0.430904
1101,208.278,B,4,-0.021108,-70.376582,0.787694,-71.281292,0.662561,-71.692963,0.732426,0.518814,36.3172,0.004258,37.0961,0.151197,0.178498,-70.893207,36.9465,0.722309,0.934841,0.553844,0.609196,-0.388086,-0.199605,0.516625
1102,208.472,B,4,1.024848,-70.360632,0.647956,-71.090716,0.542647,-71.414745,0.693370,1.247447,36.6453,0.113527,37.4545,-0.021343,0.189284,-70.740342,37.4627,0.577184,0.761370,0.917795,0.458672,-0.350374,0.835564,0.379710
1103,208.675,B,4,-0.125223,-70.567903,0.606237,-70.762350,0.497195,-71.073312,1.025388,1.227280,37.2668,0.079757,37.8965,0.173868,0.201181,-70.591358,37.7473,0.439669,0.565601,0.327245,0.405056,-0.170993,-0.326404,0.023455
1104,208.871,B,4,0.877906,-70.660612,0.554033,-70.562887,0.496236,-71.029888,0.461713,1.192172,38.3646,0.104568,38.6012,0.051110,0.211229,-70.456200,38.5509,0.359021,0.640583,0.697310,0.342803,-0.106687,0.666676,-0.204412
1105,209.125,B,4,0.067751,-69.940472,0.488630,-70.490215,0.564491,-70.923296,0.482585,0.794051,38.8644,0.123253,39.2807,0.158176,0.222598,-70.322352,39.1345,0.314565,0.691393,0.412079,0.266032,-0.167864,-0.154847,0.381879
1106,209.350,B,4,0.386507,-70.915967,0.466111,-70.349704,0.473674,-70.707136,0.487745,1.203414,38.8644,0.123254,40.0289,0.127126,0.234356,-70.191092,39.9111,0.280835,0.568836,0.740671,0.231756,-0.158611,0.152152,-0.724875
1107,209.561,B,4,0.268908,-70.217067,0.335659,-70.348437,0.455002,-70.707719,0.072275,0.629379,40.5279,0.150371,40.9102,0.142151,0.248150,-70.058464,40.7785,0.302889,0.681410,0.159955,0.087509,-0.289972,0.020758,-0.158602
1108,209.753,B,4,0.831157,-69.994512,0.376806,-70.230839,0.417565,-70.585417,0.418013,0.533269,41.3887,0.163353,41.8674,0.171433,0.265685,-69.924057,41.7099,0.326287,0.678575,0.569844,0.111121,-0.306782,0.565472,-0.070455
1109,209.954,B,4,0.770359,-70.480228,0.376806,-70.230839,0.488294,-70.445934,0.369634,0.488355,42.3296,0.172831,42.8891,0.182002,0.287758,-69.790619,42.7217,0.449136,0.685311,0.841703,0.089048,-0.440220,0.482601,-0.689609
1110,210.154,B,4,0.756199,-69.780828,0.490493,-70.195897,0.536652,-70.420947,0.280997,0.136675,43.3370,0.182924,43.9676,0.192421,0.313773,-69.660674,43.7914,0.563643,0.792269,0.458451,0.176720,-0.535223,0.442426,-0.120154
1111,210.363,B,4,0.825245,-69.620081,0.652061,-69.954329,0.574317,-70.276184,0.795216,0.430692,44.6367,0.194809,45.1031,0.203289,0.341381,-69.535736,44.9173,0.521289,0.776224,0.491161,0.310680,-0.418594,0.483864,-0.084345
1112,210.625,B,4,1.042453,-68.680112,0.754171,-69.619831,0.617971,-70.127312,1.437763,0.900982,46.0460,0.208528,46.3020,0.216064,0.372525,-69.392058,46.3513,0.444448,0.775140,0.977585,0.381646,-0.227773,0.669929,0.711946
1113,210.823,B,4,0.226440,-68.514329,0.739747,-69.175669,0.693461,-69.836329,1.436779,1.467780,47.0749,0.218229,47.5691,0.228460,0.395005,-69.276086,47.6212,0.359069,0.634781,0.780184,0.344742,0.100417,-0.168565,0.761757
1114,211.012,B,4,0.943178,-69.801306,0.739747,-69.175669,0.607092,-69.564213,1.268675,1.355515,48.2050,0.228199,48.9023,0.238432,0.415429,-69.162307,48.9569,0.324593,0.445268,0.828757,0.324318,-0.013362,0.527749,-0.638999
1115,211.201,B,4,0.838048,-68.670161,0.697543,-69.054904,0.664985,-69.579772,0.721255,0.644577,49.4951,0.238403,50.2915,0.247806,0.432430,-69.072423,50.0660,0.265692,0.558109,0.571263,0.265114,0.017519,0.405619,0.402262
1116,211.398,B,4,0.454167,-69.231801,0.748959,-69.023791,0.692853,-69.379315,0.957916,0.788976,50.0318,0.242282,51.7241,0.252077,0.457460,-68.961127,51.4923,0.298159,0.479886,0.270694,0.291499,-0.062664,-0.003293,-0.270674
1117,211.576,B,4,0.280394,-69.547250,0.716595,-68.927311,0.647192,-69.328037,0.473355,0.628727,51.2411,0.248481,53.1945,0.260583,0.488326,-68.850467,52.9566,0.240856,0.503300,0.727147,0.228269,-0.076844,-0.207932,-0.696783
1118,211.819,B,4,0.390893,-68.058120,0.501473,-68.922985,0.575355,-69.335315,0.489652,0.903595,54.2992,0.262658,54.7075,0.267190,0.531435,-68.717648,54.7691,0.207511,0.619226,0.674336,-0.029962,-0.205337,-0.140542,0.659528
1119,212.037,B,4,0.560705,-68.807504,0.466809,-68.715449,0.534955,-69.078946,0.362060,0.692256,55.6771,0.270513,56.2727,0.275197,0.561212,-68.629049,56.0185,0.127973,0.450663,0.178456,-0.094404,-0.086400,-0.000508,-0.178455
1120,212.282,B,4,0.570507,-69.101031,0.466809,-68.715449,0.531815,-69.002878,0.319886,0.645676,56.9195,0.277168,57.8938,0.286165,0.596656,-68.519203,57.6308,0.235315,0.488002,0.582416,-0.129848,-0.196247,-0.026149,-0.581828
1121,212.511,B,4,0.707985,-68.493222,0.466001,-68.751612,0.531229,-68.995706,0.057595,0.361032,57.5623,0.280847,59.5647,0.292903,0.629073,-68.412182,59.2945,0.376570,0.591670,0.113113,-0.163072,-0.339429,0.078912,-0.081040
1122,212.692,B,4,1.443509,-68.272348,0.657852,-68.589637,0.555684,-68.882124,0.791696,0.042286,60.9300,0.297141,61.2725,0.300698,0.666042,-68.289879,61.3414,0.299870,0.602439,0.777665,-0.008190,-0.299758,0.777468,0.017532
1123,212.875,B,4,0.924037,-67.367012,0.826553,-68.277160,0.747907,-68.503631,1.465241,0.438946,62.4045,0.302343,63.0057,0.304594,0.698443,-68.193279,63.0754,0.153128,0.314268,0.856510,0.128110,-0.083881,0.225594,0.826267
1124,213.063,B,4,1.833407,-67.213535,0.826553,-68.277160,0.744257,-68.474514,1.311782,0.436869,64.0182,0.305954,64.7602,0.309085,0.734304,-68.099541,64.8309,0.200146,0.375105,1.411749,0.092249,-0.177619,1.099103,0.886007
1125,213.274,B,4,1.188294,-68.564184,1.016799,-67.853745,0.937391,-68.218205,1.880587,0.282401,65.4958,0.309306,66.5423,0.314392,0.765409,-68.024557,66.2549,0.303930,0.258994,0.685587,0.251390,0.170811,0.422885,-0.539628
1126,213.486,B,4,1.649268,-67.811866,1.192232,-67.757562,0.982337,-68.251447,1.061200,-0.084268,66.1978,0.311386,67.9517,0.196916,0.807791,-67.923278,67.7800,0.418636,0.371701,0.848821,0.384440,0.165715,0.841477,0.111412
1127,213.672,B,4,1.316664,-66.488069,1.293035,-67.820875,1.103106,-68.145602,1.024842,-0.251708,67.4901,0.251098,69.5942,0.360429,0.852032,-67.808939,69.2701,0.441164,0.419976,1.400207,0.441003,-0.011936,0.464632,1.320870
1128,213.864,B,4,-0.140852,-67.883311,1.389954,-67.524251,1.142160,-67.818789,1.777205,0.236566,68.5666,0.266559,71.6537,0.278862,0.897743,-67.682576,71.3851,0.517048,0.279810,1.057816,0.492211,0.158326,-1.038595,-0.200735
1129,214.045,B,4,0.376576,-67.273979,1.181246,-67.324139,0.909081,-67.801687,0.600185,0.753106,72.4390,0.243166,72.8829,0.236089,0.942093,-67.546420,72.6760,0.326501,0.257393,0.627721,0.239154,0.222281,-0.565517,0.272440
1130,214.225,B,4,0.679111,-66.267711,0.850731,-67.336006,0.806209,-67.680471,0.452664,0.952406,73.0045,0.262436,74.6358,0.302009,0.992947,-67.410692,74.3467,0.160634,0.328104,1.185284,-0.142216,0.074685,-0.313836,1.142981
1131,214.402,B,4,1.257685,-67.088578,0.708674,-67.083020,0.773768,-67.398894,1.147714,1.166456,73.8968,0.300008,75.8719,0.206239,1.044209,-67.272946,75.6946,0.385559,0.298331,0.282070,-0.335535,0.189926,0.213476,0.184368
1132,214.613,B,4,1.096579,-65.668059,0.824302,-66.619332,0.851956,-67.314245,1.653049,0.668336,76.9550,0.247659,77.3418,0.222980,1.098690,-67.132967,77.1282,0.582331,0.306170,1.464909,-0.274388,0.513635,-0.002112,1.464908
1133,214.825,B,4,0.677573,-66.579179,0.819389,-66.357043,0.887828,-66.988160,1.173337,0.644933,78.1278,0.227407,78.5778,0.242152,1.150346,-66.984459,78.3634,0.709355,0.262544,0.622709,-0.330958,0.627416,-0.472773,0.405280
1134,215.015,B,4,1.691117,-66.372019,0.819389,-66.357043,0.841843,-66.883173,1.047055,0.606972,79.0364,0.222259,79.8232,0.207508,1.201484,-66.823745,79.6290,0.603165,0.364518,0.666180,-0.382096,0.466702,0.489632,0.451726
1135,215.193,B,4,0.865313,-66.331965,0.902966,-66.305301,0.987500,-66.760493,0.969838,0.092584,80.2591,0.213316,81.0149,0.200619,1.253166,-66.647518,80.8283,0.489646,0.288690,0.500004,-0.350201,0.342217,-0.387854,0.315553
1136,215.377,B,4,0.745481,-67.083239,1.003967,-66.249478,0.959938,-66.653770,0.804929,0.157962,80.8266,0.207900,82.1419,0.191511,1.308206,-66.456127,81.9662,0.367783,0.400441,0.842573,-0.304239,0.206648,-0.562725,-0.627113
1137,215.554,B,4,0.694756,-66.013970,0.942824,-66.356232,0.915306,-66.704333,-0.023221,0.149108,81.8762,0.198364,83.2005,0.179595,1.367463,-66.252769,83.0355,0.437062,0.639027,0.713834,-0.424639,-0.103462,-0.672706,0.238799
1138,215.722,B,4,1.033495,-65.934830,0.867931,-66.400453,0.868401,-66.555785,0.323621,0.296237,82.8408,0.187223,84.2002,0.170254,1.428993,-66.042119,84.0436,0.665728,0.760339,0.409792,-0.561062,-0.358334,-0.395498,0.107289
1139,215.901,B,4,1.006560,-65.538506,0.854802,-66.237148,0.890685,-66.419304,0.518611,0.181374,84.5795,0.169887,85.1547,0.162848,1.489226,-65.828147,85.0045,0.754834,0.841260,0.562903,-0.634424,-0.409001,-0.482666,0.289642
1140,216.173,B,4,1.601461,-65.371072,0.893134,-66.028514,0.904589,-66.235272,0.890732,0.157898,85.3734,0.163888,86.0726,0.158783,1.545611,-65.612603,85.9281,0.773763,0.893659,0.247904,-0.652477,-0.415911,0.055850,0.241531
1141,216.385,B,4,1.216605,-65.728458,1.011486,-65.774044,1.025328,-66.058255,1.257148,-0.182346,85.7299,0.161507,86.9541,0.150564,1.598287,-65.394830,86.8157,0.698669,0.876592,0.506940,-0.586801,-0.379214,-0.381682,-0.333628
1142,216.584,B,4,1.853763,-65.002946,1.137792,-65.623463,1.055673,-65.967111,0.981942,-0.202146,86.7309,0.154650,87.7912,0.141297,1.649933,-65.172058,87.6607,0.682682,0.992599,0.264850,-0.512141,-0.451404,0.203830,0.169113
1143,216.762,B,4,1.433090,-64.132995,1.274485,-65.462772,1.197476,-65.765947,1.314718,-0.500166,87.5487,0.146759,88.6641,0.130782,1.714965,-64.892322,88.6041,0.720719,1.015389,0.809958,-0.440480,-0.570450,-0.281875,0.759327
1144,216.933,B,4,1.474011,-64.371229,1.413897,-65.074063,1.239435,-65.440038,2.031723,-0.386357,88.2028,0.138768,89.3015,0.122056,1.760873,-64.695520,89.1884,0.513505,0.908958,0.432959,-0.346976,-0.378543,-0.286862,0.324290
1145,217.143,B,4,1.939334,-64.482259,1.460408,-64.674964,1.281496,-65.215070,1.881442,-0.269656,89.4623,0.124358,89.9858,0.118419,1.819197,-64.437143,89.8785,0.430451,0.945670,0.128329,-0.358788,-0.237820,0.120137,-0.045116
1146,217.332,B,4,1.507492,-64.638130,1.559084,-64.460154,1.400445,-65.055496,1.743597,-0.493276,89.8089,0.122270,90.6430,0.113769,1.875311,-64.167231,90.5392,0.431049,1.007230,0.597526,-0.316227,-0.292923,-0.367819,-0.470899
1147,217.562,B,4,1.120271,-64.338824,1.563056,-64.327015,1.421764,-64.941294,1.063390,-0.001004,90.9591,0.113813,91.2807,0.109660,1.936700,-63.834363,91.3057,0.618317,1.220842,0.959707,-0.373644,-0.492652,-0.816429,-0.504461
1148,217.765,B,4,2.034715,-62.901563,1.578375,-64.002502,1.367929,-64.799182,1.966715,-0.292055,91.5656,0.110154,91.8938,0.104206,1.974603,-63.610406,91.7977,0.557437,1.334631,0.711387,-0.396227,-0.392096,0.060112,0.708843
1149,217.939,B,4,1.206307,-63.956861,1.578375,-64.002502,1.488888,-64.427936,1.780421,-0.245355,92.3041,0.101744,92.4720,0.096388,2.030581,-63.273934,92.4943,0.857497,1.274814,1.070428,-0.452206,-0.728568,-0.824274,-0.682926
1150,218.122,B,4,1.942539,-62.045108,1.598124,-63.703627,1.438922,-64.299805,1.336956,0.026521,92.7592,0.095287,93.0073,0.087858,2.069293,-63.048882,92.9247,0.806655,1.400777,1.011746,-0.471170,-0.654745,-0.126755,1.003774
1151,218.291,B,4,2.077407,-62.913427,1.596180,-63.346509,1.529809,-63.862047,2.484426,-0.233250,92.7592,0.095281,93.4992,0.081342,2.119777,-62.764468,93.4231,0.782896,1.246090,0.154867,-0.523597,-0.582041,-0.042370,-0.148959
1152,218.475,B,4,1.643421,-62.110469,1.722459,-62.914085,1.630687,-63.640965,2.126377,-0.408574,93.4022,0.085389,93.9587,0.076964,2.170499,-62.473027,93.8866,0.628707,1.286653,0.639734,-0.448040,-0.441059,-0.527078,0.362558
1153,218.668,B,4,2.653911,-61.718140,1.776127,-62.626792,1.635190,-63.320930,2.323864,-0.281526,93.7909,0.080591,94.4019,0.075028,2.218042,-62.171141,94.3315,0.634749,1.289082,0.628642,-0.441915,-0.455651,0.435869,0.453000
1154,218.880,B,4,1.257037,-62.514750,1.902075,-62.233010,1.822258,-62.985088,2.231415,-0.646864,94.5119,0.077712,94.8384,0.075247,2.260321,-61.857504,94.7691,0.518985,1.209688,1.199395,-0.358246,-0.375506,-1.003284,-0.657245
1155,219.115,B,4,2.243658,-61.479568,1.939232,-62.041530,1.724102,-62.853394,1.560590,-0.137428,94.9427,0.075701,95.2637,0.074508,2.298013,-61.533486,95.1969,0.621959,1.439282,0.076561,-0.358781,-0.508045,-0.054355,0.053918
1156,219.286,B,4,2.449707,-60.642883,1.899729,-61.895864,1.820274,-62.559337,1.834132,-0.374633,95.1102,0.074907,95.6655,0.069705,2.333942,-61.202470,95.6032,0.818130,1.450842,0.571436,-0.434213,-0.693394,0.115765,0.559587
1157,219.447,B,4,2.306022,-61.195302,2.042577,-61.486915,1.937749,-62.164664,2.360331,-0.638827,95.4355,0.072765,96.0356,0.062546,2.370793,-60.868254,95.9785,0.700333,1.366823,0.333399,-0.328216,-0.618660,-0.064771,-0.327047
1158,219.632,B,4,2.032741,-59.883757,2.192855,-60.795105,2.009445,-61.938953,2.576587,-0.518265,96.2690,0.060430,96.3762,0.057628,2.409038,-60.533408,96.3233,0.339441,1.461242,0.750764,-0.216183,-0.261697,-0.376297,0.649651
1159,219.812,B,4,2.204014,-59.879591,2.192855,-60.795105,2.018634,-61.515977,2.331747,-0.454768,96.5723,0.056705,96.6967,0.055175,2.446887,-60.198582,96.6462,0.648361,1.385254,0.400927,-0.254032,-0.596523,-0.242874,0.318991
1160,219.990,B,4,2.231531,-60.128721,2.192243,-60.324636,2.056392,-61.165333,2.432939,-0.438535,96.8421,0.054373,97.0086,0.053741,2.481726,-59.862400,96.9589,0.545401,1.370599,0.365410,-0.289483,-0.462236,-0.250195,-0.266321
1161,220.168,B,4,1.940877,-59.372879,2.212820,-60.046560,2.092189,-60.922227,2.183505,-0.412169,96.8421,0.054372,97.3190,0.055176,2.511905,-59.521690,97.2695,0.604104,1.462076,0.590100,-0.299085,-0.524871,-0.571029,0.148811
1162,220.368,B,4,1.699420,-58.825775,2.184592,-59.789778,2.068261,-60.586515,2.288282,-0.238651,97.2284,0.054835,97.6249,0.052334,2.537822,-59.172740,97.5766,0.710990,1.489714,0.907360,-0.353230,-0.617038,-0.838402,0.346965
1163,220.558,B,4,2.213449,-57.727810,2.077342,-59.403362,2.003095,-60.211043,2.540416,-0.022706,97.5044,0.054285,97.9168,0.049953,2.561319,-58.813237,97.8713,0.763204,1.505149,1.139809,-0.483976,-0.590125,-0.347869,1.085427
1164,220.720,B,4,2.105181,-57.052118,2.028797,-58.851393,2.041114,-59.701767,2.923070,-0.218094,98.1154,0.047264,98.1885,0.044929,2.584051,-58.443503,98.1463,0.688971,1.370405,1.471486,-0.555254,-0.407889,-0.478871,1.391386
1165,220.899,B,4,1.797042,-57.743251,2.051869,-58.150500,2.007237,-58.905891,3.516872,-0.335154,98.2223,0.046233,98.4438,0.044109,2.606181,-58.066432,98.4036,0.560651,1.031225,0.871293,-0.554313,-0.084068,-0.809139,0.323181
1166,221.073,B,4,2.090226,-57.747970,1.971699,-57.475738,2.005721,-58.832761,2.489976,-0.160626,98.5710,0.043867,98.6927,0.041677,2.629966,-57.609945,98.7027,0.671808,1.372939,0.557109,-0.658266,0.134207,-0.539740,-0.138025
1167,221.231,B,4,2.599709,-56.978465,2.065853,-57.259826,2.122484,-58.286262,2.355465,-0.500510,98.7895,0.044236,98.9435,0.042644,2.642901,-57.305713,98.9031,0.578870,1.110095,0.330086,-0.577049,0.045887,-0.043193,0.327248
1168,221.404,B,4,1.893448,-56.626512,2.117091,-56.945133,2.082511,-57.932453,2.344765,-0.328236,99.1500,0.044405,99.1969,0.044428,2.655496,-56.926445,99.1564,0.538729,1.157741,0.818949,-0.538404,-0.018688,-0.762048,0.299933
1169,221.596,B,4,2.224107,-56.342393,2.117091,-56.945133,2.081770,-57.860225,2.120775,-0.287315,99.3584,0.043944,99.4469,0.043390,2.666933,-56.470857,99.4567,0.726129,1.507567,0.461083,-0.549841,-0.474276,-0.442826,0.128464
1170,221.828,B,4,2.426970,-56.615297,2.101713,-56.633053,2.106582,-57.518433,2.100697,-0.354674,99.5653,0.042113,99.6848,0.040473,2.675205,-56.086934,99.6940,0.791921,1.540299,0.583771,-0.573492,-0.546119,-0.248235,-0.528363
1171,222.002,B,4,2.425250,-55.529632,2.167441,-56.433527,2.164196,-57.288536,1.756613,-0.463789,99.5653,0.042109,99.9073,0.038392,2.681317,-55.774393,99.8726,0.835778,1.600013,0.354229,-0.513875,-0.659134,-0.256067,0.244762
1172,222.178,B,4,2.151529,-55.020832,2.275881,-55.731160,2.211955,-56.905143,2.487054,-0.552450,100.0279,0.037900,100.1206,0.036529,2.688073,-55.294279,100.1291,0.600640,1.679754,0.602207,-0.412193,-0.436882,-0.536545,0.273447
1173,222.328,B,4,2.795957,-55.643378,2.346744,-55.442499,2.307335,-56.345895,1.897983,-0.715922,100.2335,0.037420,100.3362,0.038742,2.689483,-54.967068,100.3011,0.586092,1.430804,0.684639,-0.342739,-0.475430,0.106474,-0.676309
1174,222.497,B,4,3.061430,-54.441575,2.346744,-55.442499,2.310180,-56.276127,1.718156,-0.640393,100.5012,0.038543,100.5607,0.039120,2.685525,-54.469035,100.5699,1.030730,1.845662,0.376906,-0.338781,-0.973464,0.375904,0.027460
1175,222.677,B,4,1.916966,-53.622139,2.539318,-55.155011,2.448252,-55.892396,2.075633,-0.974918,100.5809,0.039583,100.7908,0.040840,2.677590,-54.051276,100.7999,1.112363,1.855349,0.873332,-0.138273,-1.103735,-0.760625,0.429136
1176,222.854,B,4,2.345443,-54.011263,2.558786,-54.617265,2.356395,-55.417097,2.935241,-0.687856,100.6992,0.039163,101.0166,0.039962,2.669782,-53.717232,100.9811,0.906851,1.728511,0.437778,-0.110996,-0.900033,-0.324339,-0.294031
1177,223.056,B,4,2.300929,-53.149730,2.454503,-54.167642,2.355937,-55.095477,2.679469,-0.542158,100.9205,0.038510,101.2299,0.035641,2.659928,-53.300680,101.1968,0.890967,1.820359,0.389444,-0.205425,-0.866962,-0.358999,0.150950
1178,223.257,B,4,2.616940,-52.960463,2.419202,-53.775914,2.346947,-54.662293,2.902924,-0.494614,101.1767,0.037492,101.4292,0.035472,2.650482,-52.884445,101.3981,0.920982,1.803574,0.083089,-0.231280,-0.891469,-0.033542,-0.076018
1179,223.446,B,4,2.951163,-52.122691,2.428756,-53.342422,2.396292,-54.283509,2.561920,-0.535167,101.5132,0.033710,101.6211,0.032769,2.638037,-52.383673,101.6288,0.981324,1.915155,0.407627,-0.209281,-0.958749,0.313126,0.260982
1180,223.616,B,4,2.380665,-50.533794,2.533939,-52.879983,2.497619,-53.835767,2.852444,-0.830313,101.6704,0.034303,101.8185,0.036164,2.629372,-52.056230,101.7861,0.829263,1.784408,1.542617,-0.095433,-0.823753,-0.248706,1.522436
1181,223.777,B,4,1.745544,-50.991349,2.583856,-52.129863,2.479222,-53.150118,4.185413,-0.951198,101.7583,0.035076,102.0289,0.037874,2.617192,-51.654113,101.9943,0.476916,1.502354,1.095001,-0.033336,-0.475750,-0.871648,0.662765
1182,223.953,B,4,2.575087,-50.625918,2.438340,-51.408192,2.346704,-52.678552,4.077478,-0.458353,101.9748,0.036067,102.2507,0.039974,2.603003,-51.255977,102.2148,0.224239,1.445479,0.630678,-0.164662,-0.152214,-0.027916,0.630059
1183,224.123,B,4,1.088869,-51.033347,2.342882,-50.941232,2.385868,-52.224852,3.766377,-0.580434,102.1748,0.037917,102.4749,0.039865,2.587932,-50.859505,102.4393,0.258319,1.380218,1.509109,-0.245050,-0.081726,-1.499062,-0.173842
1184,224.286,B,4,1.430728,-50.797225,2.164095,-50.655040,2.147684,-51.927292,2.719022,0.255026,102.6413,0.038600,102.6929,0.039380,2.573881,-50.465367,102.6586,0.451553,1.522783,1.190347,-0.409786,-0.189673,-1.143152,-0.331858
1185,224.513,B,4,2.397026,-50.276667,1.850803,-50.542435,2.009598,-51.643808,2.220690,0.529334,102.7461,0.038259,102.9036,0.037567,2.562082,-50.076980,102.8701,0.850039,1.661381,0.259072,-0.711279,-0.465455,-0.165056,-0.199686
1186,224.721,B,4,3.126505,-49.891060,1.803384,-50.386389,2.070194,-51.319877,2.091482,0.120087,102.8453,0.037854,103.1130,0.038472,2.552392,-49.698931,103.0793,1.016666,1.691148,0.605408,-0.749008,-0.687458,0.574113,-0.192128
1187,224.892,B,4,2.590046,-48.874606,2.035985,-50.147229,2.254934,-50.986131,1.885226,-0.610990,103.0738,0.037906,103.3277,0.039448,2.543792,-49.334795,103.2928,0.958080,1.676410,0.462508,-0.507807,-0.812434,0.046254,0.460189
1188,225.056,B,4,2.384300,-49.308471,2.270036,-49.750552,2.312852,-50.528885,2.390713,-0.906099,103.2388,0.037874,103.5501,0.037900,2.535459,-48.985292,103.5140,0.809983,1.559562,0.356782,-0.265423,-0.765260,-0.151159,-0.323179
1189,225.235,B,4,1.404637,-48.213251,2.352172,-49.375345,2.323988,-50.232262,1.910369,-0.724035,103.6488,0.038247,103.7772,0.039679,2.527471,-48.647820,103.7408,0.748347,1.597455,1.203996,-0.175300,-0.727525,-1.122835,0.434569
1190,225.424,B,4,1.969599,-47.861143,2.234695,-49.007891,2.154459,-49.792401,2.463686,-0.319108,103.8552,0.038176,104.0021,0.038727,2.520605,-48.317734,103.9666,0.747034,1.519443,0.715600,-0.285910,-0.690157,-0.551006,0.456592
1191,225.600,B,4,2.303516,-48.058842,2.069418,-48.508876,2.114748,-49.367096,2.910008,-0.374773,103.9576,0.038412,104.2186,0.038007,2.515421,-47.990525,104.1846,0.683818,1.433696,0.222645,-0.446003,-0.518351,-0.211905,-0.068316
1192,225.773,B,4,1.688434,-47.938747,2.068124,-48.140011,2.142565,-49.054212,2.539431,-0.470996,104.1406,0.038496,104.4276,0.037388,2.511490,-47.663864,104.3944,0.650607,1.438462,0.867745,-0.443366,-0.476147,-0.823056,-0.274883
1193,225.998,B,4,2.229386,-46.586407,2.028630,-47.920086,2.054194,-48.778308,2.214810,-0.179366,104.3091,0.036673,104.6362,0.037004,2.507568,-47.338553,104.6026,0.753368,1.509452,0.801940,-0.478938,-0.581534,-0.278182,0.752145
1194,226.184,B,4,0.955935,-46.707486,1.989120,-47.537618,2.078771,-48.308665,2.485586,-0.454722,104.7410,0.037250,104.8467,0.036523,2.500399,-47.010160,104.8130,0.734588,1.365242,1.573843,-0.511280,-0.527458,-1.544464,0.302674
1195,226.342,B,4,2.491286,-46.521402,1.849997,-47.065347,1.867641,-47.944326,2.611446,0.041430,104.9291,0.037198,105.0566,0.036666,2.487722,-46.674705,105.0232,0.747860,1.412954,0.153345,-0.637725,-0.390642,0.003564,0.153303
1196,226.520,B,4,1.695431,-45.652886,1.779182,-46.733782,1.970539,-47.612870,2.515714,-0.437877,104.9291,0.037168,105.2594,0.034679,2.472199,-46.338834,105.2277,0.797657,1.369245,1.036288,-0.693017,-0.394948,-0.776768,0.685948
1197,226.704,B,4,2.181785,-46.951612,1.840593,-46.339563,1.912763,-47.184637,2.819272,-0.443897,105.2132,0.035645,105.4481,0.030988,2.456739,-46.006438,105.4191,0.700434,1.297714,0.984355,-0.616146,-0.333125,-0.274954,-0.945174
1198,226.878,B,4,1.758924,-45.080877,1.851258,-46.160234,1.953530,-47.069781,1.636116,-0.374009,105.3827,0.033855,105.6197,0.029058,2.442672,-45.677531,105.5934,0.763396,1.475677,0.907473,-0.591414,-0.482704,-0.683748,0.596653
1199,227.065,B,4,2.183096,-45.425725,1.873712,-45.969405,1.911330,-46.640990,2.030169,-0.417998,105.6661,0.028145,105.7751,0.024248,2.429324,-45.349375,105.7511,0.832552,1.391613,0.257794,-0.555612,-0.620030,-0.246229,-0.076350
1200,227.287,B,4,2.401617,-44.423759,1.895522,-45.590741,1.953719,-46.351221,1.875166,-0.561546,105.8001,0.026044,105.9210,0.024694,2.414158,-45.017308,105.8978,0.773181,1.411144,0.593681,-0.518636,-0.573433,-0.012541,0.593549
1201,227.493,B,4,1.040583,-44.106199,2.011523,-45.216167,2.029735,-45.933161,2.409079,-0.965352,105.8574,0.024926,106.0698,0.027355,2.395719,-44.681941,106.0453,0.658031,1.303647,1.472370,-0.384196,-0.534226,-1.355136,0.575742
1202,227.678,B,4,1.605930,-43.539238,1.934118,-44.730599,1.845798,-45.531986,2.795678,-0.442508,105.9884,0.026022,106.2290,0.029264,2.375457,-44.350126,106.2028,0.582701,1.295119,1.117905,-0.441339,-0.380473,-0.769527,0.810887
1203,227.862,B,4,1.770307,-43.627168,1.746819,-44.239471,1.794364,-45.099608,3.069959,-0.466017,106.2119,0.028185,106.3968,0.029488,2.353092,-44.019242,106.3696,0.645033,1.216292,0.702396,-0.606273,-0.220229,-0.582784,0.392074
1204,228.044,B,4,1.874415,-43.487318,1.703406,-43.823015,1.781700,-44.760445,2.536922,-0.425890,106.4659,0.028246,106.5673,0.029336,2.329766,-43.689038,106.5401,0.640529,1.203449,0.498032,-0.626361,-0.133977,-0.455351,0.201721
1205,228.219,B,4,2.347991,-44.027439,1.713973,-43.545785,1.790710,-44.458185,2.246883,-0.468042,106.5875,0.029127,106.7353,0.028712,2.307327,-43.362130,106.7087,0.621127,1.211705,0.666551,-0.593354,-0.183655,0.040665,-0.665309
1206,228.401,B,4,2.155846,-42.568606,1.815337,-43.457728,1.885351,-44.310977,1.473675,-0.602110,106.6617,0.028449,106.9002,0.028863,2.287075,-43.042889,106.8739,0.628194,1.330199,0.492103,-0.471738,-0.414839,-0.131228,0.474283
1207,228.593,B,4,1.788901,-42.625228,1.945164,-43.275026,1.930388,-43.929567,1.875076,-0.836589,106.8104,0.027863,107.0648,0.029668,2.269093,-42.735135,107.0383,0.629613,1.241527,0.492610,-0.323929,-0.539891,-0.480192,0.109908
1208,228.792,B,4,1.858741,-42.204856,1.967063,-42.920551,1.901554,-43.626906,1.912445,-0.690057,106.9680,0.028420,107.2315,0.028453,2.250410,-42.433570,107.2046,0.563415,1.243283,0.453558,-0.283347,-0.486982,-0.391669,0.228713
1209,228.986,B,4,1.797729,-41.567570,1.935511,-42.614138,1.890120,-43.303636,1.837386,-0.587827,107.3305,0.029176,107.4010,0.030133,2.222176,-42.066773,107.4077,0.617887,1.280660,0.655256,-0.286665,-0.547364,-0.424448,0.499204
1210,229.160,B,4,1.629002,-40.723262,1.907212,-42.225118,1.869496,-42.923421,2.183439,-0.619074,107.4747,0.029898,107.5693,0.030441,2.200396,-41.818723,107.5426,0.501112,1.153192,1.235527,-0.293184,-0.406395,-0.571394,1.095462
1211,229.358,B,4,1.878097,-40.962912,1.809955,-41.221673,1.821488,-42.457535,2.767797,-0.720535,107.6823,0.029253,107.7316,0.029308,2.164359,-41.439459,107.7379,0.415973,1.074262,0.555917,-0.354404,0.217787,-0.286262,0.476548
1212,229.543,B,4,1.404485,-42.024204,1.745853,-41.137219,1.826748,-42.117386,1.632672,-0.146030,107.8229,0.027566,107.8864,0.026157,2.131487,-41.115855,107.8925,0.386226,1.046866,1.163456,-0.385634,-0.021365,-0.727003,-0.908349
1213,229.739,B,4,1.546050,-39.952076,1.646305,-40.946576,1.746477,-42.045996,2.328594,-0.345491,107.9605,0.026829,108.0370,0.026291,2.095507,-40.785814,108.0431,0.477102,1.307624,0.998510,-0.449202,-0.160762,-0.549456,0.833739
1214,229.913,B,4,1.662544,-40.020747,1.646305,-40.946576,1.702467,-41.589743,2.105696,-0.306646,108.1435,0.026946,108.1898,0.026664,2.063823,-40.517907,108.1650,0.598396,1.131110,0.638899,-0.417518,-0.428669,-0.401279,0.497160
1215,230.135,B,4,2.168616,-39.855462,1.608487,-40.482007,1.688767,-41.242159,2.223903,-0.413768,108.2050,0.026798,108.3491,0.027890,2.019977,-40.178943,108.3231,0.511050,1.113610,0.355997,-0.411491,-0.303064,0.148638,0.323481
1216,230.340,B,4,1.939256,-39.392201,1.677150,-40.140681,1.770581,-40.938687,2.233952,-0.760799,108.2791,0.027404,108.5138,0.027931,1.971596,-39.835926,108.4873,0.423762,1.120932,0.444902,-0.294446,-0.304755,-0.032340,0.443725
1217,230.500,B,4,1.909560,-39.604145,1.780644,-39.807806,1.796539,-40.582027,2.264930,-0.867772,108.4768,0.028234,108.6786,0.027866,1.919776,-39.489250,108.6525,0.347614,1.099703,0.115348,-0.139132,-0.318556,-0.010216,-0.114894
1218,230.674,B,4,1.041645,-38.677823,1.827877,-39.549398,1.813826,-40.339626,1.878791,-0.773438,108.6090,0.028005,108.8375,0.025442,1.865825,-39.138995,108.8126,0.412154,1.201757,0.944431,-0.037947,-0.410404,-0.824179,0.461171
1219,230.850,B,4,1.337673,-38.043022,1.729112,-39.265994,1.670303,-39.974896,2.065930,-0.378709,108.9507,0.027536,108.9890,0.027101,1.810092,-38.784564,108.9651,0.488193,1.198511,0.879241,-0.080980,-0.481430,-0.472419,0.741542
1220,231.026,B,4,0.977183,-38.490923,1.559383,-38.808515,1.603632,-39.560004,2.492443,-0.415026,109.0221,0.027247,109.1374,0.024286,1.751659,-38.425143,109.1136,0.428886,1.144474,0.777264,-0.192275,-0.383372,-0.774475,-0.065780
1221,231.192,B,4,1.233854,-37.939564,1.411487,-38.460464,1.482357,-39.300421,2.381558,-0.107789,109.0902,0.026687,109.2887,0.026607,1.689217,-38.060469,109.2641,0.486960,1.257089,0.471140,-0.277730,-0.399996,-0.455363,0.120904
1222,231.372,B,4,1.698430,-37.228874,1.280897,-38.218922,1.427775,-38.989456,2.309376,-0.136063,109.2587,0.026470,109.4453,0.025974,1.622074,-37.690872,109.4200,0.628680,1.313040,0.468265,-0.341178,-0.528050,0.076355,0.461998
1223,231.569,B,4,1.033505,-37.064499,1.292725,-37.852597,1.467406,-38.606125,2.464595,-0.541507,109.3860,0.026737,109.6044,0.027927,1.550652,-37.316716,109.5791,0.594722,1.292093,0.575373,-0.257927,-0.535881,-0.517147,0.252217
1224,231.761,B,4,1.413610,-36.890505,1.283121,-37.454036,1.380382,-38.261442,2.279981,-0.380526,109.6995,0.027025,109.7596,0.027011,1.476163,-36.938175,109.7353,0.550797,1.326729,0.078646,-0.193042,-0.515861,-0.062553,0.047670
1225,231.928,B,4,0.473409,-35.435654,1.239671,-37.128593,1.377205,-37.947601,2.163696,-0.488893,109.8207,0.026299,109.9058,0.025947,1.399834,-36.555648,109.8831,0.594911,1.392137,1.453496,-0.160164,-0.572946,-0.926426,1.119994
1226,232.096,B,4,1.363444,-35.456470,1.030639,-36.035315,1.232283,-37.076491,3.226738,-0.749729,110.0171,0.024449,110.0425,0.024139,1.322236,-36.169933,110.0211,0.321171,0.911010,0.714651,-0.291597,0.134617,0.041208,0.713462
1227,232.261,B,4,0.901137,-35.601123,1.024638,-35.654170,1.221235,-36.999627,2.846265,-0.574391,110.1237,0.023720,110.1737,0.024136,1.242868,-35.781646,110.1528,0.252734,1.218173,0.386483,-0.218231,0.127476,-0.341732,0.180523
1228,232.438,B,4,0.833473,-35.069393,0.948427,-35.350157,1.152660,-36.675383,2.722726,-0.504369,110.2563,0.021953,110.3042,0.022030,1.160556,-35.390645,110.2833,0.215958,1.284763,0.458461,-0.212128,0.040488,-0.327083,0.321252
1229,232.607,B,4,0.163097,-34.249055,0.948427,-35.350157,1.083638,-36.314179,2.462152,-0.450350,110.3500,0.022923,110.4357,0.025230,1.074551,-34.996294,110.4147,0.375668,1.317917,1.178606,-0.126123,-0.353863,-0.911453,0.747239
1230,232.818,B,4,0.829496,-33.737421,0.781664,-34.930294,0.904401,-35.869326,2.847060,-0.249578,110.4689,0.024163,110.5686,0.022302,0.986886,-34.602219,110.5470,0.386975,1.269789,0.879003,-0.205221,-0.328076,-0.157390,0.864798
1231,233.025,B,4,0.935178,-34.053071,0.652189,-34.418563,0.876324,-35.410338,3.225006,-0.551012,110.5233,0.023919,110.7046,0.022777,0.903230,-34.219196,110.6827,0.320575,1.191445,0.169169,-0.251041,-0.199367,0.031947,0.166125
1232,233.214,B,4,0.683183,-33.653638,0.673291,-34.039812,0.873456,-35.090443,2.701742,-0.609004,110.6261,0.023481,110.8417,0.022572,0.823453,-33.844828,110.8197,0.246104,1.246618,0.237128,-0.150162,-0.194984,-0.140270,0.191190
1233,233.386,B,4,-0.143552,-33.086384,0.680253,-33.789318,0.826465,-34.757433,2.442165,-0.559115,110.7959,0.023339,110.9818,0.024639,0.746077,-33.475944,110.9591,0.320212,1.284009,0.971183,-0.065824,-0.313374,-0.889630,0.389559
1234,233.568,B,4,0.470863,-33.129315,0.531429,-33.478178,0.637424,-34.382781,2.350144,-0.176032,111.0915,0.026704,111.1282,0.027592,0.669568,-33.110698,111.1043,0.392586,1.272489,0.199575,-0.138139,-0.367480,-0.198705,-0.018617
1235,233.753,B,4,-0.238468,-33.349959,0.383495,-33.192092,0.591735,-34.083998,2.095400,-0.207423,111.1499,0.027226,111.2830,0.029660,0.593225,-32.749114,111.2577,0.490119,1.334885,1.026026,-0.209730,-0.442978,-0.831694,-0.600846
1236,233.972,B,4,0.222311,-31.368589,0.257041,-33.064229,0.425573,-33.881593,1.809377,0.208875,111.2220,0.028403,111.4449,0.031066,0.517639,-32.392914,111.4187,0.720122,1.491524,1.066048,-0.260598,-0.671315,-0.295328,1.024324
1237,234.137,B,4,0.069613,-31.859543,0.081780,-32.176433,0.371375,-33.358628,2.622698,-0.358834,111.5419,0.030111,111.6106,0.031781,0.444380,-32.044619,111.5840,0.385816,1.316036,0.417975,-0.362600,-0.131815,-0.374767,0.185076
1238,234.356,B,4,-0.240402,-31.064982,-0.013441,-31.759954,0.203751,-32.669710,2.926294,-0.401299,111.7432,0.029122,111.7765,0.028603,0.375140,-31.706515,111.7500,0.392239,0.978325,0.889077,-0.388581,-0.053439,-0.615542,0.641534
1239,234.548,B,4,-0.605877,-30.786606,-0.013441,-31.759954,0.184586,-32.592095,2.646207,-0.354872,111.8663,0.028418,111.9414,0.027716,0.310752,-31.379724,111.9150,0.499675,1.218918,1.091786,-0.324193,-0.380230,-0.916628,0.593118
1240,234.732,B,4,-0.576725,-30.849380,-0.184027,-31.289530,0.022851,-32.193066,2.823929,-0.227118,112.0118,0.028432,112.1064,0.027648,0.238847,-31.001306,112.1131,0.511758,1.211176,0.829602,-0.422874,-0.288224,-0.815572,0.151926
1241,234.897,B,4,-0.633718,-30.195066,-0.362044,-30.941475,-0.105971,-31.877515,2.769927,-0.104551,112.0753,0.028110,112.2742,0.029742,0.181332,-30.694537,112.2810,0.596855,1.217366,0.955917,-0.543375,-0.246939,-0.815050,0.499470
1242,235.069,B,4,-0.462036,-29.659689,-0.496610,-30.624649,-0.222618,-31.501545,2.794873,-0.142237,112.2191,0.028715,112.4464,0.030450,0.124358,-30.392597,112.4534,0.662910,1.161962,0.938623,-0.620968,-0.232052,-0.586394,0.732908
1243,235.229,B,4,-0.829739,-30.448969,-0.575025,-30.213738,-0.282997,-31.111205,2.867617,-0.367775,112.3804,0.029500,112.6221,0.031150,0.078773,-30.153148,112.5939,0.656599,1.024086,0.955461,-0.653798,-0.060590,-0.908513,-0.295821
1244,235.420,B,4,-0.763312,-28.890274,-0.653394,-29.989259,-0.406441,-30.907734,1.899236,-0.018991,112.7362,0.030195,112.7988,0.029401,0.022110,-29.855996,112.7706,0.688524,1.135698,1.244792,-0.675505,-0.133263,-0.785423,0.965722
