sample,timestamp_s,lintasan,run_ke,gps_x,gps_y,ekf_x,ekf_y,ekf_vx,ekf_vy,ekf_yaw_deg,ekf_yaw_rate,imu_yaw_deg,imu_yaw_rate_rads,gt_x,gt_y,gt_yaw_deg,error_ekf_m,error_gps_m,error_ekf_x,error_ekf_y,error_gps_x,error_gps_y
1,0.000,A,5,2.662428,5.721573,1.731265,6.702713,0.318341,-0.089796,-2.0152,-0.007018,-2.0026,-0.006924,2.270301,6.913963,-2.0026,0.578953,1.255212,-0.539036,-0.211250,0.392127,-1.192390
2,0.151,A,5,2.934793,7.785351,1.761551,6.692999,0.287755,-0.081169,-2.0611,-0.008639,-2.0480,-0.009419,2.414697,6.909556,-2.0436,0.688111,1.018586,-0.653146,-0.216557,0.520096,0.875795
3,0.307,A,5,2.981154,7.487388,1.958221,6.848392,0.316935,-0.023741,-2.0894,-0.009313,-2.1016,-0.007275,2.599660,6.902703,-2.0977,0.643734,0.698136,-0.641439,-0.054311,0.381494,0.584685
4,0.463,A,5,2.981039,7.747573,2.147031,6.938033,0.323196,0.007430,-2.1321,-0.005611,-2.1395,-0.004161,2.786932,6.898537,-2.1373,0.641119,0.870941,-0.639901,0.039496,0.194106,0.849036
5,0.610,A,5,3.773605,7.368929,2.302605,7.059819,0.328507,0.044429,-2.1358,-0.001223,-2.1553,-0.001395,2.974946,6.899167,-2.1548,0.691267,0.926571,-0.672340,0.160652,0.798660,0.469762
6,0.775,A,5,3.130551,7.235791,2.546632,7.108351,0.369525,0.057317,-2.1332,-0.000082,-2.1578,0.001227,3.163610,6.902953,-2.1577,0.650270,0.334475,-0.616978,0.205397,-0.033059,0.332837
7,0.951,A,5,3.964421,7.090096,2.675358,7.132282,0.352754,0.057280,-2.1400,-0.001406,-2.1646,-0.003204,3.354081,6.905904,-2.1635,0.715480,0.637527,-0.678723,0.226377,0.610340,0.184192
8,1.125,A,5,3.717619,6.628221,2.902465,7.130166,0.375911,0.051890,-2.1683,-0.004772,-2.1896,-0.004397,3.548698,6.904666,-2.1869,0.684446,0.323970,-0.646232,0.225500,0.168921,-0.276446
9,1.281,A,5,4.704249,6.293082,3.053040,7.058372,0.384273,0.026531,-2.2083,-0.006347,-2.2302,-0.008146,3.750138,6.899329,-2.2268,0.715011,1.130426,-0.697099,0.159043,0.954111,-0.606247
10,1.440,A,5,4.643182,6.480509,3.334473,6.945458,0.422984,-0.008045,-2.2676,-0.007095,-2.2678,-0.005660,3.959888,6.893169,-2.2654,0.627597,0.798234,-0.625415,0.052289,0.683294,-0.412659
11,1.608,A,5,4.422969,7.039384,3.574532,6.874423,0.430543,-0.024724,-2.3008,-0.001740,-2.2841,-0.001809,4.177356,6.889892,-2.2838,0.603023,0.287530,-0.602824,-0.015470,0.245613,0.149491
12,1.766,A,5,4.710022,7.116012,3.743361,6.895178,0.426552,-0.013653,-2.2920,0.001726,-2.2762,0.001920,4.400145,6.890788,-2.2774,0.656799,0.383079,-0.656784,0.004390,0.309877,0.225224
13,1.915,A,5,5.181539,7.177524,3.929422,6.925384,0.428025,-0.000974,-2.2700,0.002833,-2.2588,0.003231,4.625331,6.893681,-2.2601,0.696631,0.624447,-0.695909,0.031702,0.556208,0.283843
14,2.061,A,5,4.768312,7.494929,4.158244,6.961481,0.441877,0.012347,-2.2525,0.000562,-2.2504,0.000842,4.850831,6.894911,-2.2504,0.695780,0.605666,-0.692588,0.066569,-0.082520,0.600018
15,2.209,A,5,4.994962,6.852758,4.292108,7.040945,0.425496,0.035746,-2.2484,-0.002411,-2.2601,-0.003403,5.075992,6.892303,-2.2587,0.797853,0.090165,-0.783884,0.148642,-0.081030,-0.039545
16,2.372,A,5,5.637961,7.557525,4.438312,7.014573,0.415976,0.025185,-2.2753,-0.004209,-2.2819,-0.004229,5.301820,6.886747,-2.2801,0.872918,0.750289,-0.863508,0.127827,0.336141,0.670778
17,2.533,A,5,5.222324,7.047303,4.657847,7.096669,0.428054,0.048745,-2.2820,-0.001910,-2.2980,-0.002423,5.530831,6.881514,-2.2974,0.899106,0.350232,-0.872984,0.215155,-0.308507,0.165789
18,2.682,A,5,6.373001,6.664535,4.783555,7.092315,0.411920,0.042844,-2.2797,0.002462,-2.2925,0.002353,5.765809,6.879513,-2.2939,1.005041,0.644126,-0.982254,0.212802,0.607192,-0.214978
19,2.842,A,5,6.376522,7.084289,5.060955,7.030854,0.443187,0.022581,-2.2655,0.004989,-2.2648,0.006159,6.008239,6.880955,-2.2676,0.959071,0.420687,-0.947284,0.149899,0.368283,0.203335
20,3.005,A,5,6.061925,6.627653,5.300241,7.039335,0.458531,0.025019,-2.2326,0.005497,-2.2299,0.005838,6.257599,6.883293,-2.2325,0.969992,0.321931,-0.957359,0.156042,-0.195674,-0.255640
21,3.154,A,5,6.755816,7.052806,5.458192,6.978470,0.448764,0.005783,-2.2163,0.003741,-2.2056,0.003445,6.511701,6.883221,-2.2069,1.057806,0.297239,-1.053509,0.095249,0.244115,0.169584
22,3.305,A,5,7.179469,7.033862,5.695200,6.988479,0.462725,0.010727,-2.2036,0.000499,-2.1974,-0.000111,6.767866,6.879430,-2.1976,1.078194,0.439621,-1.072666,0.109049,0.411603,0.154431
23,3.464,A,5,7.582498,7.099908,5.961431,6.994676,0.483613,0.014235,-1.8130,0.122761,-1.7634,0.140144,7.018834,6.869841,-1.8296,1.064746,0.608809,-1.057402,0.124835,0.563664,0.230068
24,3.617,A,5,7.226101,7.518893,6.250177,7.010553,0.508417,0.020251,-1.4619,0.013760,-1.4749,-0.026254,7.258850,6.863091,-1.4641,1.019395,0.656619,-1.008673,0.147462,-0.032750,0.655802
25,3.786,A,5,6.981451,6.893267,6.444909,7.087173,0.501748,0.042287,-1.6758,-0.004321,-1.6639,0.047333,7.499557,6.861931,-1.6832,1.078433,0.519053,-1.054649,0.225242,-0.518106,0.031336
26,3.949,A,5,7.505033,7.049364,6.573397,7.061093,0.477488,0.030525,-0.9861,0.139440,-0.9490,0.109304,7.727926,6.857042,-1.0006,1.172422,0.294396,-1.154529,0.204051,-0.222892,0.192322
27,4.117,A,5,8.103453,6.548932,6.758467,7.061682,0.472681,0.028472,-0.7346,0.015179,-0.7284,0.040053,7.963042,6.855536,-0.7452,1.222087,0.337226,-1.204575,0.206146,0.140411,-0.306604
28,4.285,A,5,8.697942,7.145501,7.004841,6.987541,0.487242,0.005012,-0.0736,0.145265,-0.0283,0.127662,8.196834,6.847474,-0.0887,1.200194,0.583035,-1.191993,0.140068,0.501108,0.298027
29,4.443,A,5,8.396285,6.785868,7.304585,7.011934,0.514845,0.013576,0.1618,-0.011339,0.1461,-0.030988,8.435106,6.840080,0.1604,1.143508,0.066677,-1.130521,0.171854,-0.038820,-0.054211
30,4.593,A,5,9.042198,6.178295,7.517247,6.979734,0.513724,0.003464,0.3230,0.085530,0.3918,0.133055,8.667292,6.831908,0.3321,1.159507,0.753501,-1.150046,0.147826,0.374906,-0.653613
31,4.759,A,5,9.388206,6.925772,7.794448,6.861183,0.532267,-0.030826,1.3000,0.178044,1.3896,0.162290,8.893201,6.814585,1.3133,1.099740,0.507339,-1.098753,0.046597,0.495006,0.111187
32,4.938,A,5,9.527493,7.252640,8.083629,6.869595,0.551317,-0.023960,1.7834,0.038933,1.8122,0.024050,9.109184,6.807751,1.8009,1.027418,0.610662,-1.025555,0.061843,0.418309,0.444889
33,5.100,A,5,9.448505,7.332365,8.352219,6.926564,0.561820,-0.004215,2.1318,0.100203,2.2750,0.126060,9.316058,6.805847,2.1282,0.971369,0.542921,-0.963839,0.120718,0.132447,0.526518
34,5.255,A,5,9.202784,7.783738,8.569820,6.989339,0.556094,0.014194,2.8391,0.111203,2.8593,0.076865,9.514520,6.798509,2.8220,0.963781,1.033371,-0.944700,0.190830,-0.311735,0.985230
35,5.409,A,5,10.324385,6.489629,8.717425,7.112360,0.530678,0.047697,3.2792,0.070674,3.2676,0.057700,9.708920,6.791337,3.2402,1.042170,0.685438,-0.991495,0.321023,0.615465,-0.301708
36,5.589,A,5,10.716519,7.328641,9.014829,7.027888,0.550197,0.014948,3.7095,0.086663,3.6544,0.116486,9.902565,6.780992,3.6035,0.921430,0.981041,-0.887736,0.246896,0.813955,0.547648
37,5.758,A,5,10.750961,7.303988,9.315720,7.077738,0.573772,0.025556,4.1189,0.042274,4.1056,0.036080,10.097248,6.767714,4.0905,0.840773,0.845536,-0.781527,0.310024,0.653713,0.536274
38,5.915,A,5,9.784010,6.512118,9.584490,7.118400,0.581910,0.031459,4.5648,0.083038,4.5593,0.067012,10.292283,6.757555,4.5280,0.794468,0.564430,-0.707793,0.360845,-0.508273,-0.245437
39,6.070,A,5,9.898479,7.267860,9.672038,7.035749,0.533908,0.001551,4.9714,0.073351,4.9668,0.073284,10.485049,6.751873,4.9329,0.861146,0.781221,-0.813011,0.283876,-0.586570,0.515987
40,6.208,A,5,10.486453,7.532052,9.744750,7.073876,0.503079,0.011473,5.2986,0.072633,5.3840,0.069789,10.677018,6.748936,5.3514,0.987273,0.805968,-0.932268,0.324940,-0.190565,0.783115
41,6.392,A,5,11.462232,6.780461,9.910791,7.149058,0.478692,0.028700,5.7911,0.067961,5.7775,0.066345,10.872019,6.746336,5.7472,1.042183,0.591198,-0.961229,0.402722,0.590212,0.034125
42,6.579,A,5,10.883303,7.624296,10.189751,7.102127,0.499910,0.006111,6.1553,0.061183,6.1381,0.062339,11.067219,6.741135,6.1105,0.948824,0.902108,-0.877468,0.360993,-0.183916,0.883162
43,6.748,A,5,10.790540,7.104121,10.329176,7.184260,0.493771,0.027210,6.4207,0.057458,6.4681,0.056081,11.261446,6.733126,6.4426,1.035688,0.599491,-0.932270,0.451134,-0.470906,0.370994
44,6.918,A,5,11.342385,6.352462,10.452319,7.182201,0.456500,0.019460,6.7977,0.053841,6.7787,0.052978,11.455589,6.724861,6.7543,1.102593,0.389225,-1.003270,0.457340,-0.113204,-0.372399
45,7.093,A,5,11.621713,7.601047,10.629349,7.064995,0.449140,-0.021924,7.0806,0.053616,7.0837,0.053237,11.652172,6.719670,7.0593,1.079544,0.881903,-1.022823,0.345325,-0.030459,0.881377
46,7.235,A,5,12.324509,6.305910,10.821021,7.148882,0.451614,0.000197,7.4000,0.053383,7.3895,0.052684,11.854368,6.719186,7.3651,1.119127,0.625963,-1.033347,0.429697,0.470141,-0.413276
47,7.386,A,5,11.581694,6.789670,11.089323,7.028598,0.471066,-0.042698,7.6797,0.051998,7.6903,0.050285,12.064647,6.722222,7.6667,1.022312,0.487639,-0.975324,0.306376,-0.482952,0.067448
48,7.542,A,5,12.197626,6.387488,11.351714,6.906950,0.491495,-0.085433,7.9460,0.047836,7.9736,0.047369,12.283550,6.725905,7.9518,0.949260,0.349155,-0.931836,0.181045,-0.085924,-0.338417
49,7.706,A,5,12.572967,6.032330,11.399620,6.905448,0.444273,-0.077231,8.2113,0.044175,8.2322,0.043261,12.509269,6.728012,8.2124,1.123746,0.698593,-1.109649,0.177436,0.063698,-0.695683
50,7.880,A,5,12.855357,7.065505,11.618476,6.773900,0.448954,-0.113555,8.4363,0.040764,8.4704,0.039729,12.738343,6.728623,8.4519,1.120782,0.356625,-1.119867,0.045277,0.117014,0.336882
51,8.038,A,5,13.100283,6.837364,11.847532,6.813335,0.461436,-0.095963,8.6769,0.039977,8.6993,0.040067,12.967280,6.729888,8.6811,1.122853,0.171000,-1.119748,0.083448,0.133003,0.107476
52,8.219,A,5,12.470241,7.360858,12.079952,6.814791,0.472066,-0.092152,8.9114,0.040516,8.9277,0.040664,13.194263,6.734105,8.9094,1.117228,0.957616,-1.114311,0.080686,-0.724023,0.626753
53,8.384,A,5,13.750501,6.471360,12.184386,6.894837,0.446717,-0.061525,9.1565,0.039956,9.1574,0.040579,13.419867,6.741868,9.1391,1.244915,0.427193,-1.235481,0.152968,0.330634,-0.270508
54,8.547,A,5,14.285019,6.801186,12.461723,6.832859,0.469886,-0.082895,9.3778,0.039298,9.3819,0.036971,13.646697,6.751691,9.3644,1.187751,0.640238,-1.184974,0.081168,0.638322,0.049495
55,8.696,A,5,14.549771,7.199324,12.779872,6.827976,0.504202,-0.086924,9.5884,0.035499,9.5909,0.034370,13.878265,6.761307,9.5749,1.100414,0.801735,-1.098393,0.066669,0.671505,0.438018
56,8.855,A,5,14.062763,7.322349,13.093332,6.883636,0.535257,-0.073037,9.7872,0.032188,9.7797,0.032433,14.117296,6.769708,9.7653,1.030282,0.555325,-1.023964,0.113928,-0.054533,0.552641
57,9.024,A,5,14.119005,6.780916,13.289904,6.951225,0.528850,-0.052926,9.9738,0.030114,9.9550,0.028675,14.364302,6.778073,9.9412,1.088262,0.245313,-1.074398,0.173153,-0.245297,0.002843
58,9.192,A,5,15.353309,6.624137,13.464700,6.929738,0.513096,-0.060586,10.1414,0.030096,10.1291,0.031064,14.617355,6.788768,10.1150,1.161244,0.754142,-1.152656,0.140970,0.735953,-0.164631
59,9.347,A,5,14.793942,6.684240,13.796350,6.887318,0.544074,-0.080547,10.3121,0.031515,10.3099,0.032114,14.873090,6.803391,10.2952,1.080005,0.143043,-1.076740,0.083927,-0.079148,-0.119151
60,9.499,A,5,14.500974,7.785651,13.998197,6.858905,0.533865,-0.088412,10.4904,0.032021,10.4947,0.032315,15.128458,6.821372,10.4799,1.130884,1.150466,-1.130261,0.037533,-0.627484,0.964280
61,9.662,A,5,15.895461,6.475809,14.125134,6.998515,0.510882,-0.043102,10.6914,0.030747,10.6738,0.030535,15.382153,6.840340,10.6600,1.266932,0.629577,-1.257019,0.158176,0.513308,-0.364530
62,9.826,A,5,15.581384,7.308764,14.438543,6.925692,0.535081,-0.074280,10.8400,0.027068,10.8381,0.026432,15.634813,6.857940,10.8256,1.198187,0.453979,-1.196270,0.067752,-0.053428,0.450824
63,9.999,A,5,16.445861,7.139483,14.660978,6.985778,0.536133,-0.058816,10.9972,0.025117,10.9848,0.026252,15.888460,6.873614,10.9736,1.232596,0.617561,-1.227482,0.112164,0.557400,0.265869
64,10.180,A,5,15.956383,8.091485,14.979121,7.013259,0.563305,-0.059753,11.1373,0.023749,11.1212,0.023967,16.145688,6.889191,11.1104,1.173146,1.217107,-1.166567,0.124068,-0.189305,1.202295
65,10.333,A,5,16.578703,7.720119,15.179128,7.179368,0.559778,-0.014627,11.3014,0.024457,11.2603,0.025889,16.408605,6.907613,11.2488,1.259152,0.830120,-1.229477,0.271755,0.170097,0.812506
66,10.503,A,5,16.919795,7.234945,15.441110,7.269528,0.570902,-0.000573,11.4586,0.026026,11.4099,0.028287,16.677928,6.930679,11.3975,1.282395,0.388687,-1.236818,0.338849,0.241867,0.304266
67,10.663,A,5,17.227151,6.637632,15.715679,7.275372,0.579909,-0.013635,11.6068,0.027329,11.5665,0.027503,16.952716,6.957730,11.5540,1.277167,0.421637,-1.237036,0.317642,0.274436,-0.320098
68,10.817,A,5,17.245453,6.952014,15.996291,7.190145,0.584610,-0.052032,11.7329,0.025931,11.7187,0.026229,17.230781,6.986152,11.7069,1.251231,0.037158,-1.234490,0.203993,0.014673,-0.034138
69,10.973,A,5,17.378411,6.840744,16.238858,7.161227,0.580623,-0.067492,11.8611,0.023205,11.8568,0.022350,17.509630,7.013351,11.8464,1.279347,0.216822,-1.270772,0.147875,-0.131219,-0.172608
70,11.134,A,5,18.387987,7.732294,16.464983,7.118577,0.571534,-0.084278,11.9756,0.021518,11.9807,0.020587,17.787490,7.038675,11.9712,1.324918,0.917445,-1.322507,0.079902,0.600498,0.693620
71,11.293,A,5,18.047051,7.586259,16.807472,7.213969,0.604976,-0.065745,12.1059,0.020681,12.0981,0.021405,18.063877,7.063653,12.0887,1.265365,0.522877,-1.256405,0.150316,-0.016826,0.522606
72,11.458,A,5,17.681855,7.838876,17.038419,7.274234,0.615943,-0.054964,12.2106,0.021619,12.2207,0.023993,18.335380,7.089656,12.2105,1.310030,0.994196,-1.296961,0.184578,-0.653525,0.749221
73,11.652,A,5,18.930281,6.584932,17.202653,7.367265,0.577758,-0.029796,12.3841,0.023528,12.3552,0.024673,18.597843,7.116594,12.3440,1.417530,0.627040,-1.395190,0.250671,0.332438,-0.531662
74,11.841,A,5,19.698566,6.982606,17.515545,7.259588,0.590072,-0.075768,12.5003,0.026133,12.4991,0.025476,18.856178,7.144646,12.4875,1.345552,0.857831,-1.340633,0.114942,0.842388,-0.162040
75,12.000,A,5,18.614667,8.065782,17.901116,7.223707,0.625204,-0.099713,12.6398,0.025375,12.6432,0.025481,19.114662,7.172734,12.6319,1.214616,1.023489,-1.213546,0.050973,-0.499996,0.893048
76,12.151,A,5,19.291018,7.280888,18.065937,7.353471,0.603666,-0.060038,12.7936,0.022886,12.7798,0.023219,19.374933,7.199656,12.7692,1.318003,0.116792,-1.308997,0.153816,-0.083915,0.081232
77,12.308,A,5,20.476955,7.827574,18.294444,7.348611,0.610000,-0.069861,12.8908,0.022003,12.9099,0.023987,19.635283,7.225125,12.8996,1.346514,1.035064,-1.340840,0.123486,0.841672,0.602449
78,12.476,A,5,20.204794,7.519364,18.688200,7.427981,0.638214,-0.061180,13.0573,0.023971,13.0417,0.022248,19.891464,7.249889,13.0309,1.216372,0.413270,-1.203264,0.178092,0.313330,0.269475
79,12.629,A,5,20.895394,8.469912,18.975651,7.449912,0.643033,-0.065402,13.1936,0.025171,13.1822,0.025902,20.138803,7.274815,13.1706,1.176258,1.414456,-1.163153,0.175097,0.756590,1.195097
80,12.778,A,5,20.916554,7.294823,19.323782,7.610531,0.673411,-0.033232,13.3651,0.026372,13.3315,0.025664,20.374518,7.299859,13.3193,1.095702,0.542059,-1.050736,0.310671,0.542036,-0.005036
81,12.938,A,5,20.891331,7.060156,19.625284,7.575341,0.674233,-0.058682,13.4981,0.026303,13.4836,0.026141,20.599045,7.323934,13.4715,1.005692,0.393712,-0.973761,0.251407,0.292285,-0.263778
82,13.102,A,5,21.129042,7.410076,19.878655,7.508104,0.658953,-0.087294,13.6232,0.025198,13.6300,0.024298,20.815773,7.345794,13.6186,0.951071,0.319796,-0.937118,0.162309,0.313269,0.064281
83,13.256,A,5,20.643800,8.221133,20.128908,7.500351,0.648427,-0.095225,13.7525,0.022691,13.7658,0.023839,21.029363,7.365256,13.7553,0.910534,0.938714,-0.900456,0.135096,-0.385563,0.855877
84,13.421,A,5,21.659577,6.606682,20.268393,7.614117,0.615297,-0.060193,13.9060,0.022784,13.8949,0.021758,21.243582,7.383680,13.8846,1.002045,0.881350,-0.975189,0.230437,0.415995,-0.776998
85,13.580,A,5,21.832043,8.920523,20.535031,7.472246,0.605935,-0.111380,14.0015,0.023162,14.0276,0.023732,21.459699,7.403175,14.0166,0.927244,1.562365,-0.924668,0.069071,0.372345,1.517348
86,13.751,A,5,22.500062,8.611856,20.787617,7.692589,0.617847,-0.051574,14.1862,0.025203,14.1717,0.026327,21.676174,7.425058,14.1597,0.927958,1.444743,-0.888557,0.267530,0.823888,1.186798
87,13.921,A,5,22.150842,8.127194,21.101968,7.839909,0.641211,-0.024539,14.3583,0.026606,14.3257,0.027048,21.889552,7.448775,14.3132,0.879360,0.726997,-0.787584,0.391134,0.261291,0.678419
88,14.067,A,5,21.749912,7.648847,21.318804,7.895964,0.627494,-0.020588,14.5140,0.026391,14.4805,0.025938,22.096039,7.472050,14.4683,0.885323,0.388666,-0.777235,0.423914,-0.346127,0.176797
89,14.218,A,5,22.590357,8.196897,21.442101,7.872302,0.583121,-0.033631,14.6473,0.024641,14.6269,0.024912,22.293263,7.492388,14.6156,0.932100,0.764590,-0.851162,0.379914,0.297095,0.704509
90,14.379,A,5,22.347343,7.119747,21.668582,7.931983,0.579638,-0.028492,14.7857,0.023394,14.7615,0.021621,22.481240,7.508848,14.7511,0.916218,0.411494,-0.812658,0.423135,-0.133896,-0.389101
91,14.549,A,5,23.068197,7.637445,21.824697,7.822233,0.544425,-0.067621,14.8848,0.021979,14.8886,0.019129,22.662115,7.522629,14.8785,0.889399,0.422002,-0.837418,0.299604,0.406082,0.114816
92,14.708,A,5,22.706061,7.309155,22.062609,7.801884,0.543313,-0.082253,15.0031,0.022967,15.0171,0.023628,22.839255,7.536276,15.0066,0.820808,0.263296,-0.776646,0.265608,-0.133194,-0.227121
93,14.858,A,5,23.776529,8.186096,22.211241,7.734213,0.513310,-0.102305,15.1281,0.024809,15.1546,0.023767,23.016021,7.552030,15.1432,0.825143,0.990157,-0.804779,0.182184,0.760508,0.634066
94,15.019,A,5,24.189009,9.054490,22.495097,7.805265,0.535736,-0.090175,15.1659,-0.026750,15.1481,-0.075168,23.194394,7.571678,15.1810,0.737279,1.785494,-0.699298,0.233587,0.994615,1.482812
95,15.182,A,5,23.904548,8.032910,22.799916,7.996909,0.570235,-0.046765,14.7508,-0.041364,14.7315,-0.001255,23.371875,7.595230,14.7336,0.698915,0.689424,-0.571958,0.401679,0.532673,0.437680
96,15.333,A,5,24.377478,7.894419,23.019014,8.012024,0.562973,-0.052898,15.1081,0.089911,15.1193,0.063528,23.557320,7.616641,15.0888,0.667907,0.865922,-0.538305,0.395383,0.820158,0.277778
97,15.502,A,5,23.223030,8.113538,23.275420,8.003647,0.565529,-0.067840,14.8754,-0.106945,14.8456,-0.145400,23.734531,7.638146,14.9105,0.586834,0.698306,-0.459111,0.365501,-0.511501,0.475392
98,15.656,A,5,23.878148,8.649606,23.321809,8.027527,0.510182,-0.056043,14.5570,-0.006350,14.5331,0.025551,23.903229,7.658605,14.5229,0.688587,0.991319,-0.581420,0.368922,-0.025081,0.991001
99,15.817,A,5,23.979070,8.146487,23.453669,8.127608,0.491804,-0.030331,14.4697,-0.068077,14.3978,-0.117889,24.066991,7.677039,14.4503,0.761036,0.477610,-0.613321,0.450569,-0.087921,0.469448
100,15.965,A,5,24.233616,7.642957,23.578656,8.139122,0.467168,-0.032434,13.8889,-0.059575,13.8519,-0.019402,24.219849,7.699773,13.8621,0.777275,0.058460,-0.641193,0.439349,0.013767,-0.056816
101,16.124,A,5,24.981855,7.663244,23.711789,8.071598,0.453803,-0.058895,13.6039,-0.094713,13.3887,-0.122390,24.371414,7.723474,13.4467,0.745853,0.613405,-0.659625,0.348125,0.610440,-0.060229
102,16.276,A,5,24.558570,6.884127,23.953885,8.015711,0.451309,-0.083471,12.8854,-0.093062,12.8766,-0.110679,24.523586,7.749473,12.9272,0.628841,0.866053,-0.569701,0.266238,0.034984,-0.865346
103,16.439,A,5,25.104237,8.381828,24.086378,7.847913,0.421570,-0.130617,12.2282,-0.114027,12.2240,-0.117591,24.679059,7.777333,12.2780,0.596869,0.739047,-0.592682,0.070580,0.425178,0.604496
104,16.620,A,5,24.825042,7.590099,24.280616,7.923577,0.430229,-0.106122,11.5223,-0.127435,11.5049,-0.131886,24.838566,7.805967,11.5652,0.570211,0.216292,-0.557950,0.117610,-0.013524,-0.215868
105,16.768,A,5,25.292265,7.619942,24.404342,7.871671,0.408694,-0.115864,10.7231,-0.140470,10.7120,-0.142989,24.999175,7.835432,10.7779,0.595935,0.363783,-0.594833,0.036240,0.293091,-0.215490
106,16.915,A,5,24.952324,7.966643,24.579161,7.829756,0.404901,-0.124540,9.8250,-0.152261,9.8531,-0.154474,25.156579,7.866050,9.9241,0.578557,0.227682,-0.577418,-0.036294,-0.204255,0.100593
107,17.082,A,5,25.789777,7.710916,24.673618,7.844939,0.383454,-0.110353,8.9459,-0.161976,8.9332,-0.164189,25.307271,7.898033,9.0090,0.635873,0.517518,-0.633653,-0.053095,0.482506,-0.187118
108,17.237,A,5,25.110121,7.648660,24.878145,7.819561,0.393281,-0.116073,7.9617,-0.173616,7.9540,-0.174600,25.450113,7.931064,8.0345,0.582736,0.441980,-0.571968,-0.111503,-0.339992,-0.282404
109,17.390,A,5,25.471908,7.896411,24.951616,7.787864,0.363935,-0.114368,6.9154,-0.184514,6.9150,-0.185889,25.586316,7.964417,7.0003,0.658799,0.133094,-0.634700,-0.176554,-0.114408,-0.068006
110,17.545,A,5,25.476997,7.436840,25.065264,7.796904,0.352346,-0.103151,6.0099,-0.119972,6.0418,-0.073502,25.719761,7.995729,6.0768,0.684030,0.609336,-0.654497,-0.198825,-0.242764,-0.558889
111,17.706,A,5,25.705507,9.008606,25.161260,7.736580,0.333394,-0.112133,5.4103,-0.151467,5.3999,-0.197249,25.849410,8.021338,5.4883,0.744740,0.997700,-0.688150,-0.284758,-0.143903,0.987267
112,17.871,A,5,25.935906,9.029153,25.371193,8.078792,0.374838,-0.002053,4.0007,-0.242762,3.9381,-0.221572,25.982817,8.058886,4.0410,0.611947,0.971400,-0.611624,0.019905,-0.046911,0.970266
113,18.034,A,5,26.864652,8.503629,25.407174,8.080867,0.338827,-0.001840,3.2428,-0.077078,3.2503,-0.067327,26.117499,8.088429,3.2794,0.710365,0.854768,-0.710325,-0.007562,0.747153,0.415200
114,18.180,A,5,26.048455,9.156725,25.657263,8.144811,0.372387,0.007430,2.3756,-0.203524,2.3150,-0.250283,26.252968,8.120080,2.4281,0.596219,1.056627,-0.595705,0.024732,-0.204513,1.036646
115,18.327,A,5,26.061721,7.780750,25.751835,8.297535,0.359525,0.048588,1.4380,-0.107598,1.4362,-0.062440,26.386472,8.153550,1.4657,0.650766,0.494411,-0.634637,0.143985,-0.324751,-0.372800
116,18.488,A,5,26.044259,8.937802,25.832254,8.225662,0.335844,0.019749,0.6618,-0.176322,0.6296,-0.181408,26.513925,8.183191,0.7148,0.682992,0.888833,-0.681671,0.042472,-0.469666,0.754612
117,18.652,A,5,26.821497,7.601252,25.896476,8.333910,0.316094,0.048055,-0.0577,-0.123020,-0.0873,-0.139293,26.633929,8.211385,-0.0241,0.747563,0.638314,-0.737454,0.122525,0.187567,-0.610134
118,18.801,A,5,26.994009,8.114422,26.064521,8.228593,0.323355,0.007706,-0.8246,-0.119211,-0.8299,-0.128135,26.755001,8.238852,-0.7720,0.690556,0.269458,-0.690480,-0.010259,0.239008,-0.124430
119,18.956,A,5,27.437489,7.423151,26.234156,8.211271,0.332667,-0.001123,-1.5424,-0.120638,-1.5334,-0.119742,26.880435,8.266172,-1.4789,0.648607,1.010442,-0.646279,-0.054901,0.557054,-0.843021
120,19.116,A,5,27.220043,8.165778,26.445201,8.092040,0.351383,-0.038887,-2.2239,-0.114336,-2.1953,-0.113399,27.011347,8.293855,-2.1436,0.601041,0.244863,-0.566146,-0.201815,0.208696,-0.128078
121,19.277,A,5,26.831063,8.704723,26.628576,8.185281,0.364370,-0.004411,-2.8433,-0.108207,-2.8235,-0.107745,27.148961,8.321721,-2.7744,0.537975,0.497744,-0.520385,-0.136441,-0.317898,0.383001
122,19.441,A,5,27.577095,7.421594,26.663540,8.182972,0.329362,-0.003986,-3.4450,-0.103699,-3.4227,-0.100352,27.293602,8.348888,-3.3757,0.651542,0.969662,-0.630062,-0.165916,0.283493,-0.927295
123,19.600,A,5,28.611963,8.257228,26.831060,8.066586,0.337158,-0.037987,-4.0313,-0.098761,-3.9976,-0.097889,27.444501,8.374480,-3.9524,0.686374,1.173335,-0.613442,-0.307893,1.167462,-0.117251
124,19.754,A,5,27.144836,8.550135,27.128787,8.088306,0.383207,-0.026691,-4.5786,-0.095084,-4.5501,-0.094789,27.600460,8.398283,-4.5067,0.564413,0.480263,-0.471673,-0.309977,-0.455624,0.151852
125,19.912,A,5,27.803191,8.132524,27.167834,8.151589,0.347045,-0.003793,-5.1007,-0.090454,-5.0784,-0.088986,27.760575,8.420914,-5.0371,0.651060,0.291522,-0.592741,-0.269326,0.042616,-0.288391
126,20.068,A,5,27.435591,9.156241,27.295769,8.145069,0.341679,-0.003864,-5.6058,-0.087279,-5.5797,-0.083438,27.924291,8.443282,-5.5406,0.695680,0.864372,-0.628522,-0.298213,-0.488700,0.712959
127,20.223,A,5,29.085107,8.636530,27.349613,8.292253,0.313866,0.041183,-6.0627,-0.080820,-6.0530,-0.081086,28.091311,8.465899,-6.0161,0.761753,1.008338,-0.741697,-0.173646,0.993797,0.170631
128,20.397,A,5,28.149551,8.972696,27.639090,8.343715,0.359534,0.055183,-6.5059,-0.076961,-6.5003,-0.074941,28.261524,8.488482,-6.4654,0.639048,0.496992,-0.622435,-0.144767,-0.111973,0.484214
129,20.573,A,5,27.908251,9.144824,27.750384,8.438688,0.346148,0.078621,-6.9211,-0.073097,-6.9738,-0.070529,28.427647,8.510806,-6.8912,0.681092,0.819604,-0.677263,-0.072118,-0.519396,0.634018
130,20.729,A,5,28.206341,8.984753,27.808096,8.547444,0.318061,0.102529,-7.3134,-0.069277,-7.3276,-0.068763,28.588963,8.532281,-7.2961,0.781014,0.592562,-0.780867,0.015163,-0.382622,0.452472
131,20.863,A,5,29.243688,9.015554,27.899263,8.618410,0.303727,0.113082,-7.6924,-0.065688,-7.7096,-0.064312,28.748486,8.552676,-7.6799,0.851763,0.677850,-0.849223,0.065734,0.495202,0.462877
132,21.020,A,5,28.720598,8.498955,28.130406,8.684097,0.332293,0.124177,-8.0525,-0.061936,-8.0730,-0.076368,28.908418,8.572371,-8.0395,0.785993,0.201659,-0.778012,0.111726,-0.187820,-0.073416
133,21.182,A,5,29.509470,8.840929,28.251764,8.663424,0.326974,0.106329,-8.9464,-0.178589,-8.9848,-0.150834,29.069468,8.597045,-8.9145,0.820394,0.503071,-0.817704,0.066379,0.440002,0.243884
134,21.333,A,5,29.182847,8.685278,28.472212,8.694616,0.350021,0.109105,-9.3687,-0.023946,-9.3308,0.019453,29.233868,8.618176,-9.3391,0.765482,0.084296,-0.761656,0.076440,-0.051021,0.067102
135,21.511,A,5,29.282967,9.647985,28.613166,8.697893,0.347590,0.101446,-9.5420,-0.084494,-9.5520,-0.136964,29.398348,8.637716,-9.4914,0.787485,1.016837,-0.785182,0.060178,-0.115381,1.010269
136,21.670,A,5,29.617559,8.974284,28.747996,8.843393,0.338859,0.136633,-10.4991,-0.148484,-10.5046,-0.109651,29.554315,8.664349,-10.4534,0.825959,0.316322,-0.806320,0.179044,0.063244,0.309935
137,21.845,A,5,29.401826,9.582517,28.912319,8.869572,0.343660,0.133869,-10.8490,-0.063922,-10.8481,-0.102502,29.707714,8.685975,-10.8028,0.816309,0.947288,-0.795394,0.183597,-0.305888,0.896542
138,22.003,A,5,29.648368,8.973480,29.020496,8.982069,0.327958,0.154982,-11.8067,-0.176699,-11.8291,-0.143121,29.852498,8.713542,-11.7613,0.874262,0.330509,-0.832002,0.268526,-0.204130,0.259937
139,22.161,A,5,30.574735,9.201221,29.148144,8.988548,0.323907,0.143585,-12.4758,-0.135000,-12.5070,-0.180221,29.996577,8.739554,-12.4259,0.884215,0.739867,-0.848433,0.248994,0.578158,0.461667
140,22.315,A,5,29.610631,7.753285,29.394577,9.026312,0.353563,0.148481,-13.3816,-0.152295,-13.4067,-0.166974,30.140174,8.769099,-13.3294,0.788716,1.145554,-0.745597,0.257213,-0.529542,-1.015814
141,22.495,A,5,30.295100,9.469022,29.462750,8.841907,0.337965,0.080364,-14.3304,-0.163151,-14.3293,-0.167208,30.287050,8.799257,-14.2532,0.825403,0.669813,-0.824300,0.042649,0.008050,0.669765
142,22.651,A,5,30.716708,8.736077,29.620597,8.934421,0.336898,0.106176,-15.3078,-0.174577,-15.3130,-0.177262,30.437636,8.829085,-15.2320,0.823801,0.294163,-0.817039,0.105336,0.279072,-0.093008
143,22.803,A,5,30.816876,9.663428,29.810546,8.905505,0.360828,0.098229,-16.1500,-0.183130,-16.3585,-0.189590,30.590330,8.857961,-16.2726,0.781231,0.836721,-0.779783,0.047544,0.226546,0.805468
144,22.970,A,5,30.396158,9.684481,30.000860,9.014794,0.355015,0.126541,-17.4722,-0.196671,-17.4648,-0.198443,30.742196,8.886352,-17.3741,0.752381,0.869915,-0.741337,0.128442,-0.346038,0.798129
145,23.140,A,5,30.728278,9.710723,30.096716,9.116211,0.331804,0.147092,-18.4400,-0.131215,-18.4010,-0.085328,30.890299,8.913673,-18.3612,0.819021,0.813351,-0.793583,0.202539,-0.162021,0.797050
146,23.308,A,5,31.603967,8.825354,30.219064,9.207191,0.327822,0.168231,-18.8784,-0.126392,-19.0999,-0.204814,31.027165,8.939753,-19.0073,0.851205,0.588038,-0.808101,0.267438,0.576802,-0.114398
147,23.475,A,5,31.201927,8.416045,30.466833,9.154747,0.353553,0.147115,-20.6036,-0.268433,-20.6133,-0.228309,31.164668,8.978265,-20.5063,0.719806,0.563453,-0.697836,0.176482,0.037259,-0.562220
148,23.632,A,5,31.620265,8.265506,30.613178,9.044859,0.359213,0.109640,-21.4200,-0.086195,-21.3527,-0.075883,31.293339,9.010672,-21.3193,0.681020,0.813728,-0.680162,0.034187,0.326925,-0.745166
149,23.799,A,5,32.023507,8.425137,30.799339,8.924823,0.376707,0.077910,-22.3462,-0.213683,-22.3420,-0.261331,31.421050,9.043971,-22.2245,0.633025,0.863661,-0.621711,-0.119148,0.602457,-0.618834
150,23.959,A,5,31.083586,9.493914,31.018250,8.842368,0.398496,0.064592,-23.3600,-0.117382,-23.2741,-0.073338,31.550864,9.076738,-23.2404,0.581900,0.626406,-0.532614,-0.234370,-0.467278,0.417176
151,24.116,A,5,31.152601,9.487656,31.065908,8.930011,0.354393,0.086633,-24.1758,-0.185471,-24.1283,-0.188236,31.681145,9.104660,-24.0397,0.639546,0.652721,-0.615237,-0.174649,-0.528544,0.382996
152,24.267,A,5,32.050734,8.929919,31.113602,9.006700,0.316271,0.102825,-24.9386,-0.132568,-24.8905,-0.146563,31.812266,9.131289,-24.8229,0.709686,0.312117,-0.698664,-0.124589,0.238468,-0.201370
153,24.424,A,5,31.800706,8.235185,31.285143,8.990751,0.325967,0.103309,-25.7160,-0.131509,-25.6642,-0.128791,31.941903,9.158482,-25.6046,0.677841,0.934030,-0.656761,-0.167731,-0.141198,-0.923296
154,24.585,A,5,31.673624,9.572343,31.394194,8.872922,0.327371,0.069929,-26.4483,-0.124052,-26.3810,-0.122803,32.066669,9.186930,-26.3250,0.742175,0.550480,-0.672475,-0.314008,-0.393045,0.385414
155,24.751,A,5,32.185458,8.184977,31.467363,8.969035,0.296418,0.096356,-27.1192,-0.117244,-27.0659,-0.117901,32.189459,9.214938,-27.0121,0.762818,1.029969,-0.722096,-0.245903,-0.004001,-1.029961
156,24.904,A,5,32.047358,10.215430,31.603717,8.846827,0.310089,0.066767,-27.7893,-0.113996,-27.7245,-0.112615,32.315953,9.239078,-27.6727,0.813106,1.012623,-0.712236,-0.392251,-0.268595,0.976352
157,25.065,A,5,32.569204,8.753618,31.699883,9.042519,0.275207,0.123470,-28.4020,-0.110283,-28.3594,-0.110158,32.445479,9.259269,-28.3095,0.776463,0.520568,-0.745596,-0.216751,0.123725,-0.505651
158,25.228,A,5,32.003479,9.511424,31.858324,8.996778,0.288941,0.115114,-29.0178,-0.105209,-28.9703,-0.105443,32.578213,9.275734,-28.9223,0.772047,0.621183,-0.719889,-0.278956,-0.574733,0.235689
159,25.396,A,5,32.657052,9.228653,31.909846,9.069599,0.257751,0.127345,-29.5948,-0.100089,-29.5545,-0.100323,32.715375,9.288600,-29.5088,0.834769,0.083637,-0.805529,-0.219002,-0.058323,-0.059947
160,25.555,A,5,32.810558,8.580940,32.048971,9.091342,0.259894,0.135305,-30.1506,-0.096777,-30.1113,-0.094643,32.858992,9.297299,-30.0677,0.835794,0.717995,-0.810021,-0.205958,-0.048434,-0.716360
161,25.709,A,5,33.206279,8.018580,32.190552,9.013476,0.274885,0.116523,-30.6900,-0.091892,-30.6450,-0.090760,33.013137,9.299419,-30.6031,0.870867,1.295319,-0.822586,-0.285942,0.193142,-1.280839
162,25.872,A,5,32.530824,9.162454,32.370146,8.860669,0.307994,0.085853,-31.2146,-0.088560,-31.1610,-0.089136,33.176639,9.294658,-31.1202,0.915847,0.659207,-0.806492,-0.433989,-0.645814,-0.132204
163,26.056,A,5,33.135238,9.402001,32.423787,8.897273,0.278688,0.092661,-31.7113,-0.087313,-31.6641,-0.086428,33.347153,9.283324,-31.6243,1.000820,0.242883,-0.923367,-0.386052,-0.211916,0.118677
164,26.231,A,5,33.815358,9.567576,32.557613,8.965767,0.269393,0.117992,-32.1891,-0.085222,-32.1559,-0.084374,33.522929,9.266133,-32.1170,1.010967,0.419979,-0.965316,-0.300365,0.292429,0.301443
165,26.405,A,5,34.075120,9.115291,32.773435,9.050894,0.279810,0.156238,-32.6576,-0.083415,-32.6346,-0.081961,33.703030,9.244166,-32.5969,0.949474,0.393776,-0.929595,-0.193272,0.372090,-0.128874
166,26.589,A,5,33.442100,9.180034,32.998468,9.058122,0.301826,0.171380,-33.1200,-0.080761,-33.0974,-0.079901,33.887432,9.218324,-33.0611,0.903284,0.446976,-0.888964,-0.160202,-0.445333,-0.038290
167,26.763,A,5,34.280679,8.745782,33.097994,9.074026,0.287225,0.169199,-33.5682,-0.077267,-33.5423,-0.075763,34.077303,9.188442,-33.5074,0.985970,0.487145,-0.979309,-0.114416,0.203376,-0.442660
168,26.975,A,5,34.405984,9.110765,33.299237,9.023585,0.318398,0.169858,-33.9191,-0.075029,-33.9699,-0.076062,34.274392,9.153153,-33.9363,0.983726,0.138251,-0.975155,-0.129569,0.131592,-0.042389
169,27.175,A,5,34.972518,9.567635,33.504385,9.032052,0.321851,0.178429,-34.4183,-0.071629,-34.3835,-0.071648,34.479789,9.110840,-34.3508,0.978580,0.671895,-0.975403,-0.078788,0.492729,0.456795
170,27.395,A,5,35.052458,8.544217,33.758881,9.108181,0.334217,0.214912,-34.8124,-0.070364,-34.8342,-0.069049,34.693357,9.060616,-34.7545,0.935686,0.628985,-0.934476,0.047564,0.359101,-0.516399
171,27.569,A,5,34.081545,9.310038,33.981516,9.023012,0.371156,0.207076,-35.1361,-0.068925,-35.1800,-0.066799,34.914099,9.002790,-35.1489,0.932802,0.887439,-0.932583,0.020222,-0.832554,0.307249
172,27.762,A,5,35.116877,8.787367,34.043505,9.060779,0.325471,0.196341,-35.5866,-0.065777,-35.5622,-0.065341,35.140807,8.938689,-35.5322,1.104073,0.153202,-1.097302,0.122090,-0.023930,-0.151321
173,27.957,A,5,35.417261,8.178125,34.240079,9.016722,0.340601,0.192776,-35.9568,-0.063543,-35.9304,-0.061039,35.372299,8.870001,-35.9015,1.141687,0.693335,-1.132220,0.146721,0.044962,-0.691876
174,28.139,A,5,35.334752,8.230401,34.452966,8.886864,0.371569,0.171518,-36.3223,-0.061310,-36.2835,-0.060726,35.607450,8.798037,-36.2558,1.157896,0.629743,-1.154483,0.088827,-0.272698,-0.567637
175,28.323,A,5,36.116430,8.089865,34.622994,8.780636,0.384284,0.152323,-36.6725,-0.059030,-36.6226,-0.058840,35.845651,8.723018,-36.5959,1.224014,0.688624,-1.222657,0.057618,0.270779,-0.633152
176,28.518,A,5,35.858237,8.384594,34.885907,8.666164,0.419039,0.149129,-37.0251,-0.057439,-36.9504,-0.057124,36.087366,8.643833,-36.9245,1.201667,0.345984,-1.201460,0.022331,-0.229129,-0.259239
177,28.708,A,5,35.701849,8.710728,35.070307,8.611489,0.421438,0.148805,-37.3327,-0.055616,-37.2684,-0.054771,36.333869,8.558846,-37.2433,1.264659,0.650014,-1.263563,0.052643,-0.632020,0.151881
178,28.890,A,5,36.083955,7.362244,35.205474,8.612905,0.401334,0.153947,-37.6329,-0.053172,-37.5765,-0.052209,36.586438,8.466962,-37.5523,1.388654,1.213627,-1.380964,0.145943,-0.502483,-1.104718
179,29.069,A,5,36.920982,8.228120,35.375896,8.414037,0.426141,0.116348,-37.9436,-0.050934,-37.8722,-0.049944,36.845802,8.368079,-37.8491,1.470624,0.158872,-1.469905,0.045959,0.075180,-0.139959
180,29.264,A,5,37.299170,7.428936,35.645685,8.369545,0.445405,0.138038,-38.2151,-0.048696,-38.1551,-0.048652,37.110661,8.262662,-38.1329,1.468870,0.854772,-1.464976,0.106884,0.188509,-0.833726
181,29.452,A,5,36.919799,7.296002,36.076724,8.080016,0.551155,0.126239,-38.4994,-0.045881,-38.4220,-0.045123,37.380158,8.151884,-38.4013,1.305413,0.971835,-1.303434,-0.071867,-0.460359,-0.855881
182,29.628,A,5,37.125403,7.611646,36.125722,8.056455,0.498202,0.114105,-38.7484,-0.043783,-38.6735,-0.042359,37.653592,8.036993,-38.6539,1.527994,0.678162,-1.527870,0.019462,-0.528189,-0.425347
183,29.811,A,5,37.979620,7.249340,36.319095,7.968369,0.497418,0.113644,-38.9842,-0.041558,-38.9140,-0.042220,37.928974,7.918568,-38.8950,1.610649,0.671141,-1.609878,0.049801,0.050646,-0.669228
184,30.020,A,5,37.456117,7.833325,36.610990,7.839086,0.527210,0.121319,-38.9697,0.050796,-38.8503,0.103304,38.200546,7.797053,-38.8950,1.590111,0.745312,-1.589556,0.042033,-0.744429,0.036272
185,30.208,A,5,38.595174,6.600497,36.783985,7.815526,0.506396,0.131969,-38.6913,-0.000293,-38.6406,-0.042087,38.459228,7.682204,-38.6228,1.680540,1.090217,-1.675243,0.133322,0.135946,-1.081708
186,30.402,A,5,38.668593,6.681877,37.100103,7.613180,0.553723,0.125298,-39.1684,-0.074213,-39.1101,-0.027611,38.721455,7.566778,-39.0948,1.622016,0.886479,-1.621352,0.046402,-0.052861,-0.884901
187,30.580,A,5,38.906493,6.717515,37.383151,7.449732,0.580376,0.122983,-38.7869,0.109917,-38.7033,0.097610,38.971819,7.452750,-38.7495,1.588671,0.738132,-1.588668,-0.003019,-0.065326,-0.735235
188,30.781,A,5,39.400150,7.971132,37.661597,7.314635,0.597478,0.126879,-38.6346,-0.019629,-38.6124,-0.027286,39.227550,7.336535,-38.5979,1.566105,0.657651,-1.565952,-0.021900,0.172601,0.634597
189,30.966,A,5,38.857885,6.361840,37.973833,7.386538,0.582718,0.184626,-38.2375,0.105224,-38.2009,0.125614,39.482798,7.216893,-38.2587,1.518471,1.059071,-1.508964,0.169645,-0.624912,-0.855053
190,31.154,A,5,39.793976,7.405222,38.160944,7.212870,0.585286,0.155341,-37.8515,0.046831,-37.8339,0.017961,39.736465,7.094213,-37.8451,1.579982,0.316281,-1.575521,0.118656,0.057511,0.311008
191,31.344,A,5,40.274650,6.342059,38.458467,7.218958,0.580547,0.191448,-37.9106,-0.003918,-37.9151,0.036474,39.989266,6.977362,-37.9296,1.549746,0.696459,-1.530799,0.241595,0.285384,-0.635304
192,31.532,A,5,40.788158,6.880452,38.785167,7.068485,0.611689,0.191921,-37.2238,0.169322,-37.1767,0.209360,40.225599,6.858815,-37.2731,1.455612,0.562975,-1.440432,0.209670,0.562559,0.021638
193,31.719,A,5,39.602286,6.183031,39.142451,7.020196,0.627665,0.221256,-36.4584,0.075044,-36.5016,0.025542,40.449511,6.747913,-36.5147,1.335120,1.018274,-1.307060,0.272283,-0.847226,-0.564882
194,31.903,A,5,40.573307,5.527052,39.272356,6.876337,0.606006,0.183295,-36.4396,0.031812,-36.4480,0.077122,40.673245,6.650163,-36.4808,1.419030,1.127549,-1.400889,0.226174,-0.099938,-1.123111
195,32.080,A,5,40.657729,7.101846,39.524255,6.654660,0.629536,0.153605,-35.7939,0.123471,-35.7728,0.105464,40.885568,6.551346,-35.8224,1.365228,0.595786,-1.361313,0.103314,-0.227839,0.550500
196,32.249,A,5,40.950190,6.038159,39.751274,6.698501,0.596780,0.184826,-35.3904,0.056646,-35.4255,0.053940,41.097936,6.455946,-35.4505,1.368331,0.443142,-1.346662,0.242555,-0.147746,-0.417787
197,32.423,A,5,40.379634,7.669413,39.987580,6.581398,0.599158,0.175797,-35.0129,0.087234,-35.0273,0.112562,41.309872,6.358023,-35.0793,1.341026,1.607820,-1.322292,0.223375,-0.930238,1.311390
198,32.608,A,5,41.251423,5.560750,40.102999,6.725074,0.526646,0.207590,-34.5970,0.051393,-34.6648,0.066386,41.521828,6.256945,-34.6950,1.494062,0.746864,-1.418830,0.468129,-0.270406,-0.696195
199,32.794,A,5,41.420101,5.949352,40.327667,6.539117,0.547276,0.176636,-34.2419,0.060828,-34.2681,0.067695,41.732968,6.155182,-34.3014,1.456804,0.374501,-1.405302,0.383935,-0.312867,-0.205830
200,32.993,A,5,40.915768,5.456727,40.543946,6.435784,0.548897,0.167203,-33.8852,0.064342,-33.8842,0.088922,41.941101,6.056872,-33.9237,1.447624,1.188058,-1.397155,0.378912,-1.025333,-0.600146
201,33.192,A,5,41.934487,4.542489,40.641918,6.277631,0.545672,0.128430,-33.1719,0.190802,-32.9206,0.151630,42.137606,5.962365,-32.9915,1.528553,1.434331,-1.495688,0.315266,-0.203119,-1.419876
202,33.371,A,5,42.550512,5.637224,40.898313,5.995885,0.573747,0.084669,-32.5522,0.028140,-32.5508,-0.015972,42.333356,5.873557,-32.5450,1.440247,0.320952,-1.435043,0.122328,0.217157,-0.236332
203,33.542,A,5,42.318213,5.354877,41.181012,5.926293,0.600010,0.108018,-32.4101,0.066930,-32.2188,0.157954,42.523911,5.788263,-32.2886,1.349974,0.479724,-1.342899,0.138029,-0.205699,-0.433386
204,33.716,A,5,42.495179,5.551692,41.413687,5.816291,0.586603,0.103482,-31.2318,0.149906,-31.2335,0.108804,42.698740,5.702884,-31.2843,1.290048,0.253567,-1.285054,0.113407,-0.203562,-0.151191
205,33.874,A,5,42.681618,5.273888,41.628475,5.756569,0.576038,0.110767,-30.7738,0.096460,-30.7751,0.143431,42.878977,5.616519,-30.8384,1.258320,0.395407,-1.250502,0.140050,-0.197360,-0.342631
206,34.042,A,5,43.146555,6.076631,41.838837,5.666091,0.570958,0.108324,-29.7652,0.164606,-29.7761,0.126553,43.052437,5.527338,-29.8358,1.221507,0.557298,-1.213601,0.138753,0.094118,0.549293
207,34.204,A,5,43.428478,5.672715,42.086698,5.709946,0.554194,0.144586,-28.9241,0.162170,-28.9420,0.175756,43.231977,5.436628,-29.0230,1.177440,0.307165,-1.145278,0.273318,0.196502,0.236087
208,34.368,A,5,43.923383,4.517511,42.342602,5.691234,0.551440,0.161268,-27.8833,0.165785,-27.9556,0.178926,43.412205,5.345172,-28.0365,1.124193,0.972792,-1.069604,0.346063,0.511178,-0.827660
209,34.538,A,5,43.875550,4.598053,42.630975,5.506212,0.585275,0.139061,-26.8665,0.188235,-26.8700,0.191947,43.591173,5.254255,-26.9581,0.992705,0.715172,-0.960198,0.251957,0.284377,-0.656202
210,34.700,A,5,44.047714,5.126999,42.873268,5.358182,0.596528,0.120269,-25.7470,0.199644,-25.7344,0.201590,43.765293,5.164465,-25.8274,0.912817,0.284895,-0.892025,0.193717,0.282420,-0.037466
211,34.856,A,5,44.126961,5.438941,43.093322,5.312926,0.600780,0.128956,-24.7932,0.208549,-24.5418,0.213490,43.931653,5.075719,-24.6392,0.871244,0.412402,-0.838331,0.237206,0.195308,0.363222
212,35.004,A,5,44.239707,3.660411,43.302275,5.320070,0.579980,0.144529,-23.5424,0.218157,-23.2954,0.222659,44.089950,4.987864,-23.3971,0.854864,1.335874,-0.787675,0.332206,0.149757,-1.327453
213,35.164,A,5,42.879427,4.252733,43.508264,5.062503,0.584955,0.083936,-22.0176,0.229816,-21.9936,0.233338,44.242015,4.900839,-22.0999,0.751350,1.508870,-0.733752,0.161663,-1.362588,-0.648107
214,35.331,A,5,44.170349,5.388847,43.470245,4.928342,0.521230,0.031547,-20.6770,0.239196,-20.6336,0.242146,44.391177,4.814318,-20.7446,0.927964,0.615507,-0.920932,0.114024,-0.220828,0.574529
215,35.498,A,5,44.044011,4.317316,43.622377,4.983104,0.489228,0.060490,-19.2294,0.249700,-19.2151,0.252306,44.540863,4.727418,-19.3306,0.953410,0.644240,-0.918485,0.255685,-0.496851,-0.410103
216,35.678,A,5,44.531320,3.809101,43.731979,4.874629,0.471725,0.036623,-17.7635,0.257588,-17.7427,0.261130,44.692887,4.639113,-17.8623,0.989348,0.845591,-0.960907,0.235515,-0.161566,-0.830013
217,35.862,A,5,45.127934,3.895659,43.896050,4.706351,0.478004,0.005640,-16.2548,0.266704,-16.2229,0.269841,44.846799,4.548925,-16.3461,0.963695,0.711192,-0.950749,0.157426,0.281135,-0.653266
218,36.031,A,5,45.006929,4.383358,44.124469,4.574547,0.495926,-0.005487,-14.6888,0.275423,-14.6605,0.276421,45.000174,4.457282,-14.7870,0.883522,0.074232,-0.875705,0.117265,0.006756,-0.073924
219,36.180,A,5,45.505856,4.421148,44.302196,4.534628,0.487235,0.002241,-13.0726,0.280027,-13.0684,0.257321,45.149809,4.365397,-13.1888,0.864342,0.360385,-0.847613,0.169231,0.356046,0.055751
220,36.334,A,5,45.755539,4.752822,44.527224,4.508614,0.491383,0.016703,-11.9935,0.165866,-12.0251,0.197744,45.296095,4.281298,-12.1140,0.801770,0.658349,-0.768871,0.227316,0.459444,0.471524
221,36.490,A,5,45.737770,4.561863,44.756519,4.538151,0.491045,0.043718,-10.3749,0.328801,-10.3619,0.375487,45.429864,4.193691,-10.5322,0.756337,0.479955,-0.673344,0.344460,0.307906,0.368172
222,36.653,A,5,45.496777,4.004245,44.949866,4.538721,0.484250,0.054425,-8.5934,0.250978,-8.6571,0.201449,45.555032,4.105216,-8.7509,0.744414,0.116571,-0.605165,0.433505,-0.058255,-0.100971
223,36.845,A,5,45.633684,3.697273,45.078454,4.458061,0.467666,0.034085,-7.5877,0.200433,-7.6308,0.238701,45.682538,4.027090,-7.7399,0.742061,0.333416,-0.604085,0.430971,-0.048855,-0.329817
224,37.031,A,5,45.610822,4.434827,45.206640,4.343019,0.455430,0.005559,-5.9955,0.269039,-6.0316,0.225971,45.818056,3.942111,-6.1367,0.731134,0.534523,-0.611416,0.400908,-0.207234,0.492716
225,37.194,A,5,45.855758,3.453842,45.310318,4.353269,0.427776,0.013451,-4.9722,0.181781,-5.0342,0.217925,45.966327,3.860328,-5.1319,0.820572,0.421255,-0.656009,0.492941,-0.110569,-0.406485
226,37.352,A,5,45.653783,3.109327,45.433282,4.217858,0.419160,-0.020616,-3.6941,0.194083,-3.7738,0.164620,46.122157,3.774047,-3.8498,0.819462,0.813159,-0.688875,0.443811,-0.468374,-0.664720
227,37.530,A,5,46.360061,3.264345,45.506975,4.048683,0.398618,-0.064126,-2.6300,0.187029,-2.6843,0.189629,46.282646,3.690788,-2.7694,0.854257,0.433413,-0.775671,0.357895,0.077415,-0.426443
228,37.686,A,5,45.952729,3.759084,45.672537,3.924860,0.403592,-0.084695,-1.5734,0.182675,-1.6232,0.179278,46.443306,3.610185,-1.7059,0.832530,0.512676,-0.770770,0.314675,-0.490577,0.148898
229,37.852,A,5,47.579483,3.677663,45.752951,3.891440,0.378160,-0.081679,-0.5648,0.173242,-0.6155,0.170933,46.602473,3.532774,-0.6943,0.922133,0.987695,-0.849522,0.358666,0.977010,0.144889
230,38.020,A,5,46.308839,3.286326,46.052644,3.854302,0.431176,-0.072886,0.2086,0.165883,0.3422,0.161523,46.760819,3.457072,0.2675,0.811975,0.483157,-0.708175,0.397231,-0.451980,-0.170746
231,38.173,A,5,47.111360,3.507489,46.139208,3.762314,0.395870,-0.087902,1.2860,0.154133,1.2457,0.152087,46.921163,3.381236,1.1755,0.869871,0.228287,-0.781955,0.381078,0.190197,0.126253
232,38.347,A,5,47.159730,3.124227,46.322406,3.717593,0.401509,-0.086110,2.1301,0.144591,2.0947,0.141370,47.087678,3.304535,2.0287,0.869631,0.194172,-0.765272,0.413058,0.072052,-0.180308
233,38.515,A,5,47.426923,3.502460,46.478057,3.624728,0.410064,-0.102737,2.7660,0.138650,2.8964,0.137410,47.263915,3.228122,2.8337,0.880266,0.319113,-0.785857,0.396606,0.163008,0.274338
234,38.671,A,5,46.900984,2.554028,46.665808,3.598095,0.403397,-0.093333,3.7308,0.133507,3.6621,0.133310,47.450862,3.154101,3.6019,0.901910,0.813912,-0.785054,0.443994,-0.549878,-0.600072
235,38.823,A,5,48.237384,3.550972,46.739316,3.435566,0.377358,-0.130301,4.4239,0.127914,4.3995,0.126238,47.646486,3.083915,4.3415,0.972942,0.753195,-0.907170,0.351652,0.590898,0.467057
236,38.978,A,5,48.403419,3.071825,46.992075,3.445683,0.415421,-0.112852,5.0099,0.124442,5.1083,0.120887,47.846752,3.017315,5.0527,0.956019,0.559329,-0.854677,0.428368,0.556667,0.054510
237,39.126,A,5,48.344524,2.925070,47.250426,3.382312,0.430218,-0.115486,5.8270,0.116184,5.7826,0.114074,48.047747,2.952626,5.7301,0.905732,0.298053,-0.797321,0.429686,0.296777,-0.027556
238,39.283,A,5,47.980389,3.878778,47.456540,3.307812,0.437191,-0.124630,6.4571,0.107657,6.4179,0.105875,48.247427,2.888157,6.3685,0.895328,1.025982,-0.790887,0.419655,-0.267037,0.990621
239,39.462,A,5,48.213277,2.744181,47.579383,3.386259,0.418704,-0.087827,7.0854,0.101846,7.0137,0.099958,48.445942,2.823410,6.9674,1.033308,0.245785,-0.866560,0.562849,-0.232665,-0.079229
240,39.666,A,5,48.680721,2.764436,47.713771,3.287341,0.405719,-0.108758,7.6091,0.096634,7.5755,0.094437,48.645450,2.759420,7.5316,1.070853,0.035625,-0.931679,0.527921,0.035271,0.005015
241,39.876,A,5,49.589434,3.583274,47.889765,3.205942,0.416650,-0.125772,8.0299,0.092830,8.1126,0.091078,48.849547,2.698150,8.0703,1.085833,1.153637,-0.959782,0.507792,0.739887,0.885124
242,40.060,A,5,49.239627,3.033547,48.191318,3.255984,0.445200,-0.098987,8.6670,0.089332,8.6322,0.089395,49.061658,2.641076,8.5912,1.065647,0.430937,-0.870340,0.614908,0.177969,0.392471
243,40.230,A,5,49.603316,1.938895,48.391489,3.220400,0.447778,-0.102513,9.1667,0.086184,9.1339,0.085739,49.283300,2.588169,9.0946,1.093179,0.723855,-0.891810,0.632231,0.320016,-0.649274
244,40.393,A,5,49.531210,2.494173,48.616824,3.026853,0.453303,-0.153351,9.6278,0.082869,9.6118,0.082534,49.513403,2.538062,9.5746,1.021161,0.047363,-0.896579,0.488791,0.017807,-0.043889
245,40.572,A,5,49.678359,3.123570,48.798895,2.940563,0.447662,-0.165802,10.0760,0.077791,10.0611,0.075989,49.748777,2.489155,10.0262,1.051687,0.638312,-0.949882,0.451408,-0.070418,0.634415
246,40.746,A,5,50.324765,2.057479,48.975216,2.960171,0.444059,-0.145948,10.5075,0.072556,10.4502,0.071698,49.985627,2.440875,10.4502,1.136045,0.511867,-1.010412,0.519295,0.339138,-0.383397
247,40.909,A,5,50.153671,3.388497,49.221461,2.819935,0.455910,-0.178389,10.8950,0.069052,10.8845,0.068159,50.221251,2.393910,10.8530,1.086773,0.996880,-0.999789,0.426025,-0.067580,0.994587
248,41.077,A,5,50.717172,2.838218,49.406739,2.896720,0.456061,-0.141567,11.3004,0.067288,11.2720,0.065464,50.454934,2.349396,11.2414,1.182488,0.554721,-1.048196,0.547325,0.262238,0.488822
249,41.238,A,5,50.876637,2.447389,49.648048,2.883746,0.469190,-0.138384,11.6791,0.065141,11.6484,0.065384,50.688274,2.308018,11.6188,1.188921,0.234318,-1.040226,0.575728,0.188363,0.139371
250,41.412,A,5,51.150027,2.756604,49.878467,2.815138,0.474985,-0.152010,12.0393,0.063014,12.0114,0.062238,50.924762,2.269625,11.9830,1.179965,0.536556,-1.046295,0.545513,0.225265,0.486979
251,41.578,A,5,51.032762,2.485226,50.116096,2.802089,0.484422,-0.148592,12.3850,0.058701,12.3552,0.058576,51.168106,2.233606,12.3285,1.195783,0.285710,-1.052009,0.568483,-0.135343,0.251620
252,41.741,A,5,51.777552,1.432624,50.301660,2.751124,0.475556,-0.154680,12.7006,0.054124,12.6771,0.055131,51.420261,2.199611,12.6521,1.247171,0.846124,-1.118601,0.551513,0.357291,-0.766987
253,41.894,A,5,51.440931,2.528506,50.570270,2.550215,0.484210,-0.208261,13.3757,0.174576,13.4142,0.192061,51.676399,2.162897,13.3242,1.171980,0.434873,-1.106129,0.387317,-0.235468,0.365608
254,42.049,A,5,52.204097,2.570745,50.750271,2.538798,0.475349,-0.196042,14.0218,0.062930,13.9887,0.021053,51.927270,2.127994,13.9775,1.246631,0.522170,-1.176999,0.410804,0.276827,0.442752
255,42.236,A,5,52.384629,2.759070,51.016282,2.536743,0.493012,-0.187790,14.0836,0.040985,14.0632,0.090270,52.179242,2.098712,14.0235,1.242718,0.691561,-1.162960,0.438031,0.205386,0.660358
256,42.408,A,5,52.382703,1.636121,51.270990,2.564685,0.506815,-0.171885,15.0301,0.180267,15.0221,0.149388,52.417332,2.061947,14.9516,1.251738,0.427232,-1.146343,0.502738,-0.034629,-0.425826
257,42.588,A,5,52.742402,2.103251,51.488599,2.423118,0.497904,-0.205456,15.4935,0.056744,15.4748,0.082343,52.654195,2.030583,15.4397,1.229918,0.114286,-1.165596,0.392535,0.088208,0.072668
258,42.749,A,5,53.300965,2.312282,51.727340,2.369752,0.501194,-0.211225,16.3866,0.183619,16.4031,0.170549,52.884309,1.993989,16.3238,1.216460,0.524321,-1.156969,0.375763,0.416656,0.318293
259,42.923,A,5,52.897254,2.474479,52.014312,2.356097,0.520247,-0.208725,17.1570,0.133907,17.1589,0.157466,53.114935,1.957360,17.0868,1.170625,0.561068,-1.100624,0.398737,-0.217682,0.517118
260,43.073,A,5,53.397712,2.847466,52.199872,2.370067,0.509390,-0.192571,18.1267,0.164272,18.1143,0.142606,53.344787,1.918335,18.0477,1.230809,0.930637,-1.144915,0.451732,0.052925,0.929131
261,43.235,A,5,53.757326,2.564684,52.430934,2.439855,0.516818,-0.166359,19.0523,0.144563,19.0046,0.101373,53.575690,1.881457,18.9562,1.273685,0.706959,-1.144756,0.558398,0.181636,0.683227
262,43.413,A,5,54.422306,1.793845,52.681076,2.460239,0.525187,-0.159787,19.4898,0.099908,19.5595,0.166911,53.802103,1.852572,19.3852,1.275132,0.622977,-1.121027,0.607668,0.620202,-0.058726
263,43.571,A,5,53.869627,1.189314,52.993957,2.364136,0.541116,-0.193001,20.7440,0.258189,20.7565,0.253434,54.025821,1.814528,20.6384,1.169107,0.644429,-1.031864,0.549607,-0.156194,-0.625214
264,43.733,A,5,54.071111,2.840778,53.180358,2.190486,0.512062,-0.234876,21.6477,0.106864,21.6264,0.056790,54.241991,1.779624,21.5992,1.138364,1.074825,-1.061633,0.410863,-0.170880,1.061154
265,43.878,A,5,55.093526,1.415980,53.367156,2.285391,0.508712,-0.196146,22.3382,0.166807,22.3438,0.211270,54.451188,1.747423,22.2482,1.210180,0.722809,-1.084032,0.537968,0.642338,-0.331442
266,44.053,A,5,55.450452,1.782761,53.677565,2.157859,0.520977,-0.236674,23.3453,0.129672,23.3197,0.079898,54.656733,1.708131,23.2813,1.077510,0.797219,-0.979168,0.449729,0.793718,0.074630
267,44.214,A,5,55.604766,2.851463,54.004648,2.101622,0.539994,-0.254075,24.1951,0.177273,24.0719,0.186287,54.857292,1.672007,23.9847,0.954762,1.396364,-0.852644,0.429614,0.747474,1.179456
268,44.368,A,5,54.706671,2.255630,54.281703,2.213230,0.578384,-0.225894,24.6587,0.098756,24.7744,0.154404,55.055070,1.636046,24.7051,0.965007,0.710821,-0.773368,0.577184,-0.348399,0.619584
269,44.520,A,5,54.914712,1.556504,54.402355,2.223342,0.540850,-0.208690,25.4163,0.120232,25.5279,0.123579,55.250996,1.601395,25.4699,1.052146,0.339267,-0.848641,0.621947,-0.336284,-0.044892
270,44.679,A,5,55.797553,2.150199,54.531855,2.128665,0.499299,-0.224885,26.1084,0.121230,26.2296,0.120103,55.444694,1.569532,26.1742,1.070470,0.679473,-0.912839,0.559133,0.352859,0.580667
271,44.832,A,5,55.736864,2.839007,54.770153,2.134158,0.504194,-0.222914,26.7935,0.118587,26.8529,0.114881,55.635776,1.538913,26.8529,1.050533,1.304018,-0.865623,0.595245,0.101088,1.300094
272,45.000,A,5,56.191086,1.364654,54.975035,2.243137,0.497071,-0.184609,27.5898,0.110638,27.5519,0.109870,55.823290,1.508000,27.5014,1.122481,0.394743,-0.848254,0.735138,0.367796,-0.143345
273,45.174,A,5,56.069293,1.076753,55.196234,2.118617,0.493450,-0.227633,28.0592,0.106633,28.1674,0.105603,56.006203,1.475793,28.1193,1.034057,0.403996,-0.809969,0.642825,0.063089,-0.399040
274,45.338,A,5,55.688621,1.979603,55.386893,1.967163,0.453542,-0.259009,28.7434,0.101523,28.7558,0.101189,56.183775,1.442360,28.7096,0.954169,0.730621,-0.796882,0.524803,-0.495154,0.537243
275,45.499,A,5,56.362923,2.596332,55.482101,1.968478,0.422265,-0.239073,29.3133,0.097736,29.3219,0.099050,56.355907,1.408596,29.2773,1.037788,1.187756,-0.873806,0.559881,0.007017,1.187735
276,45.650,A,5,56.242438,2.147586,55.659788,2.062469,0.428391,-0.207424,29.8804,0.094867,29.8692,0.093530,56.523364,1.375555,29.8261,1.103455,0.821554,-0.863576,0.686913,-0.280926,0.772031
277,45.807,A,5,56.715867,1.942879,55.792246,2.078779,0.411939,-0.195194,30.4131,0.090979,30.3982,0.091306,56.687580,1.343816,30.3566,1.158357,0.599730,-0.895334,0.734962,0.028287,0.599062
278,45.966,A,5,56.453016,1.883034,55.973644,2.062847,0.406143,-0.199765,30.9177,0.087441,30.9069,0.087072,56.849978,1.313273,30.8670,1.153179,0.694411,-0.876334,0.749574,-0.396962,0.569761
279,46.121,A,5,57.324473,0.904437,56.088513,2.039913,0.382354,-0.197165,31.4034,0.083789,31.3935,0.081631,57.011194,1.283396,31.3553,1.193171,0.491685,-0.922681,0.756517,0.313278,-0.378960
280,46.278,A,5,57.906500,2.037902,56.314478,1.873973,0.370806,-0.247655,31.8437,0.079802,31.8587,0.079989,57.170693,1.253689,31.8222,1.057287,1.075361,-0.856215,0.620284,0.735807,0.784213
281,46.455,A,5,57.867354,1.482449,56.594754,1.897669,0.400407,-0.250510,32.2960,0.077073,32.3058,0.077527,57.327007,1.223954,32.2706,0.995031,0.598994,-0.732254,0.673715,0.540346,0.258495
282,46.632,A,5,57.818367,1.878717,56.830152,1.836429,0.402344,-0.269375,32.7214,0.074142,32.7381,0.073100,57.478536,1.194200,32.7040,0.912611,0.764230,-0.648384,0.642229,0.339831,0.684516
283,46.814,A,5,58.311721,1.647456,57.024095,1.842303,0.402587,-0.263125,33.1434,0.072245,33.1570,0.073409,57.624403,1.164354,33.1240,0.905530,0.840115,-0.600308,0.677949,0.687318,0.483101
284,46.989,A,5,57.371293,2.524844,57.262583,1.813695,0.408905,-0.273459,33.5520,0.070794,33.5615,0.069310,57.764915,1.134147,33.5297,0.845058,1.445329,-0.502333,0.679548,-0.393623,1.390697
285,47.156,A,5,58.172216,1.363913,57.325906,1.919882,0.389539,-0.222543,33.9591,0.067140,33.9494,0.066847,57.901414,1.103356,33.9190,0.998961,0.375797,-0.575509,0.816525,0.270802,0.260557
286,47.329,A,5,58.891172,1.868673,57.495346,1.840364,0.371635,-0.241301,34.3220,0.064267,34.3195,0.063588,58.035542,1.072162,34.2905,0.939120,1.168987,-0.540197,0.768201,0.855629,0.796511
287,47.501,A,5,58.183437,1.329476,57.746234,1.846047,0.389179,-0.248982,34.6802,0.061114,34.6732,0.060054,58.168360,1.041241,34.6454,0.908793,0.288630,-0.422126,0.804807,0.015077,0.288235
288,47.684,A,5,58.812112,1.777766,57.856096,1.770703,0.356216,-0.254569,35.0133,0.059392,35.0140,0.059862,58.299880,1.011421,34.9871,0.879462,0.921774,-0.443783,0.759283,0.512232,0.766345
289,47.875,A,5,58.096628,0.761687,58.040909,1.771694,0.357837,-0.252295,35.3458,0.056887,35.3455,0.056975,58.429235,0.983115,35.3193,0.879007,0.399572,-0.388326,0.788579,-0.332607,-0.221428
290,48.053,A,5,58.169040,0.760446,58.091534,1.621046,0.301542,-0.266898,35.6490,0.055371,35.6685,0.055524,58.555303,0.955920,35.6430,0.810848,0.432908,-0.463769,0.665126,-0.386263,-0.195475
291,48.224,A,5,58.930402,1.264830,58.141828,1.488637,0.254766,-0.274945,35.9495,0.054222,35.9812,0.054386,58.677321,0.928721,35.9566,0.774764,0.420736,-0.535494,0.559916,0.253080,0.336109
292,48.394,A,5,58.701135,1.990623,58.294983,1.448441,0.253881,-0.275930,36.2550,0.052113,36.2805,0.051860,58.795164,0.900303,36.2571,0.742048,1.094367,-0.500180,0.548138,-0.094029,1.090320
293,48.570,A,5,58.129505,1.259584,58.390876,1.522649,0.257666,-0.239519,36.5554,0.049903,36.5649,0.049623,58.909255,0.870121,36.5427,0.833372,0.871603,-0.518379,0.652528,-0.779750,0.389463
294,48.733,A,5,59.471185,1.542457,58.385503,1.479624,0.216856,-0.219632,36.8246,0.046881,36.8355,0.044870,59.020306,0.838714,36.8143,0.902076,0.835791,-0.634803,0.640910,0.450879,0.703743
295,48.914,A,5,58.288393,1.049122,58.576967,1.484876,0.237036,-0.223406,37.0892,0.044694,37.0960,0.047245,59.129054,0.807430,37.0754,0.873918,0.874715,-0.552087,0.677446,-0.840661,0.241692
296,49.095,A,5,59.447332,1.117592,58.565100,1.416391,0.192831,-0.210432,37.3409,0.044520,37.3501,0.044331,59.236095,0.777608,37.3300,0.926433,0.400263,-0.670995,0.638783,0.211237,0.339985
297,49.281,A,5,59.396358,1.810504,58.723898,1.367130,0.198492,-0.223434,37.5906,0.043185,37.5991,0.041837,59.341826,0.749782,37.5794,0.873472,1.062122,-0.617928,0.617348,0.054532,1.060722
298,49.464,A,5,59.340433,1.817070,58.852482,1.428156,0.214918,-0.203297,37.8426,0.041593,37.8409,0.041957,59.446373,0.723420,37.8219,0.921608,1.098769,-0.593892,0.704736,-0.105940,1.093650
299,49.642,A,5,59.008153,1.180736,58.953602,1.483629,0.221756,-0.182467,38.0864,0.042580,38.0839,0.064409,59.549520,0.697296,38.0561,0.986629,0.725805,-0.595918,0.786333,-0.541367,0.483440
300,49.837,A,5,59.563230,0.968258,58.989414,1.437878,0.194509,-0.177150,38.8713,0.156645,38.8982,0.125007,59.651416,0.664410,38.8394,1.018086,0.316386,-0.662002,0.773468,-0.088186,0.303848
301,50.014,A,5,60.156708,1.207505,59.100439,1.366395,0.183854,-0.191845,39.1421,0.000504,39.1116,-0.043396,59.753861,0.637262,39.1300,0.979079,0.698186,-0.653422,0.729133,0.402848,0.570243
302,50.182,A,5,60.614644,0.668992,59.277716,1.340399,0.203330,-0.211188,39.1364,0.035735,39.2938,0.129321,59.855270,0.612110,39.2353,0.929502,0.761502,-0.577554,0.728289,0.759374,0.056882
303,50.374,A,5,59.213640,0.841199,59.511241,1.236354,0.209120,-0.246440,40.1426,0.125581,40.1555,0.088654,59.952752,0.577680,40.1139,0.792959,0.784684,-0.441511,0.658674,-0.739112,0.263520
304,50.568,A,5,60.108414,1.176816,59.497338,1.172076,0.167909,-0.228615,40.4433,0.066144,40.4675,0.114005,60.051880,0.552231,40.4172,0.831701,0.627138,-0.554543,0.619846,0.056533,0.624585
305,50.757,A,5,60.001217,1.201458,59.615219,1.166893,0.173225,-0.223123,41.3595,0.141880,41.3846,0.113591,60.149613,0.520157,41.3306,0.838954,0.697275,-0.534394,0.646736,-0.148396,0.681300
306,50.923,A,5,60.199812,0.713520,59.692950,1.168258,0.174398,-0.215392,41.7948,0.113009,42.0511,0.168870,60.250572,0.493357,41.9732,0.875462,0.225939,-0.557622,0.674901,-0.050759,0.220164
307,51.093,A,5,60.407747,0.912491,59.798998,1.095785,0.159119,-0.220426,42.8299,0.140505,42.8917,0.159529,60.353518,0.465314,42.8191,0.839635,0.450453,-0.554521,0.630471,0.054229,0.447177
308,51.265,A,5,60.215895,0.329453,59.915427,1.063694,0.159392,-0.222404,43.7495,0.160255,43.8073,0.164411,60.458359,0.437998,43.7320,0.828414,0.265652,-0.542932,0.625695,-0.242464,-0.108545
309,51.432,A,5,59.999075,1.257674,59.986343,0.949665,0.133527,-0.234249,44.7261,0.173214,44.7872,0.177282,60.563755,0.411562,44.7061,0.789278,1.017236,-0.577413,0.538103,-0.564680,0.846112
310,51.601,A,5,60.314655,2.413059,60.013151,0.988828,0.129900,-0.201822,45.7846,0.185674,45.8382,0.187813,60.668442,0.385501,45.7516,0.890735,2.058192,-0.655291,0.603327,-0.353787,2.027558
311,51.780,A,5,60.551982,1.439672,60.080173,1.196959,0.168571,-0.144039,46.9229,0.196256,46.9552,0.199584,60.772108,0.359130,46.8636,1.086615,1.102735,-0.691935,0.837829,-0.220126,1.080541
312,51.965,A,5,61.734636,1.174310,60.171558,1.235926,0.174921,-0.136115,48.1039,0.206141,48.1301,0.209458,60.875484,0.331897,48.0342,1.145767,1.203247,-0.703926,0.904030,0.859152,0.842414
313,52.124,A,5,60.537015,0.680221,60.425575,1.231453,0.206749,-0.171633,49.3326,0.215053,49.3560,0.217660,60.979743,0.303840,49.2562,1.080540,0.581094,-0.554168,0.927612,-0.442728,0.376381
314,52.274,A,5,61.448986,0.396812,60.467909,1.153863,0.173733,-0.176088,50.6021,0.223615,50.6299,0.224990,61.085735,0.275738,50.5262,1.073691,0.382897,-0.617825,0.878125,0.363251,0.121073
315,52.434,A,5,61.674404,0.871692,60.638246,1.043891,0.164496,-0.213140,51.9229,0.233999,51.9530,0.235027,61.193578,0.248811,51.8453,0.969817,0.786876,-0.555332,0.795080,0.480827,0.622880
316,52.588,A,5,61.214748,1.967161,60.818662,1.018876,0.175246,-0.230426,53.3063,0.242675,53.3280,0.245160,61.302780,0.224031,53.2160,0.930672,1.745352,-0.484118,0.794845,-0.088032,1.743130
317,52.738,A,5,61.481572,0.653180,60.904950,1.161046,0.200599,-0.192190,54.7564,0.251761,54.7542,0.254166,61.412707,0.201472,54.6383,1.085633,0.456927,-0.507757,0.959574,0.068865,0.451708
318,52.900,A,5,61.536248,-0.227983,61.017352,1.091069,0.181965,-0.207490,56.2347,0.259715,56.2271,0.261389,61.522995,0.180221,56.1077,1.041786,0.408419,-0.505643,0.910848,0.013253,-0.408204
319,53.064,A,5,61.634170,1.649180,61.121846,0.898566,0.136020,-0.242961,57.7466,0.265654,57.7399,0.267192,61.633637,0.158933,57.6176,0.899437,1.490247,-0.511791,0.739633,0.000533,1.490247
320,53.250,A,5,61.622962,1.111638,61.224396,1.009655,0.162650,-0.215559,59.3110,0.272302,59.2879,0.274078,61.744757,0.136707,59.1628,1.016275,0.982509,-0.520361,0.872948,-0.121795,0.974931
321,53.420,A,5,61.796960,0.323378,61.309458,1.028297,0.161493,-0.205658,60.9035,0.277602,60.8701,0.279152,61.856315,0.113600,60.7422,1.065703,0.218014,-0.546857,0.914697,-0.059355,0.209778
322,53.584,A,5,61.752192,1.220908,61.407368,0.927891,0.134533,-0.221747,62.5155,0.284101,62.4883,0.286351,61.968077,0.090489,62.3575,1.007788,1.150848,-0.560709,0.837402,-0.215885,1.130418
323,53.735,A,5,62.379232,0.515917,61.483322,0.973721,0.140922,-0.205030,64.1846,0.290665,64.1444,0.292689,62.079876,0.068547,64.0105,1.084074,0.538288,-0.596554,0.905174,0.299356,0.447371
324,53.898,A,5,61.896325,0.578063,61.640646,0.910164,0.133408,-0.229070,65.8799,0.297167,65.8374,0.297937,62.191892,0.048678,65.7007,1.022755,0.606307,-0.551246,0.861485,-0.295567,0.529385
325,54.049,A,5,62.277903,0.357376,61.704258,0.863950,0.114630,-0.224459,67.6064,0.302514,67.5640,0.304503,62.304608,0.031161,67.4248,1.026625,0.327306,-0.600350,0.832789,-0.026705,0.326215
326,54.200,A,5,62.632350,0.543548,61.814140,0.791307,0.098126,-0.236011,69.3623,0.307548,69.3198,0.309618,62.418417,0.015613,69.1784,0.983286,0.569635,-0.604276,0.775694,0.213934,0.527936
327,54.375,A,5,62.346587,0.872847,61.960592,0.756282,0.097562,-0.249762,71.1473,0.312056,71.1027,0.312494,62.533204,0.001260,70.9590,0.947598,0.891341,-0.572612,0.755022,-0.186617,0.871587
328,54.556,A,5,62.641349,0.459657,62.043615,0.775402,0.100854,-0.238092,72.9615,0.316631,72.9130,0.318561,62.648254,-0.012645,72.7671,0.993281,0.472352,-0.604639,0.788047,-0.006905,0.472302
329,54.730,A,5,62.635050,1.163892,62.152137,0.731417,0.092791,-0.249848,74.4319,0.320361,74.7506,0.315641,62.762622,-0.026508,74.6042,0.973213,1.197217,-0.610485,0.757926,-0.127572,1.190401
330,54.888,A,5,61.979702,1.509844,62.252372,0.797928,0.107349,-0.231518,76.1442,0.198542,76.0534,0.220988,62.869724,-0.037156,75.9538,1.038503,1.784755,-0.617352,0.835084,-0.890022,1.547001
331,55.039,A,5,62.913237,0.900976,62.235011,0.909078,0.120753,-0.185465,77.9023,0.352704,77.8477,0.398480,62.978894,-0.053257,77.6674,1.216327,0.956489,-0.743883,0.962335,-0.065658,0.954233
332,55.195,A,5,63.208754,0.622876,62.356865,0.916743,0.120270,-0.195361,80.0060,0.301516,79.8260,0.248739,63.091445,-0.071155,79.7095,1.231076,0.703875,-0.734580,0.987897,0.117310,0.694031
333,55.336,A,5,62.543493,1.023838,62.503891,0.881537,0.109982,-0.216414,81.1371,0.222351,81.0247,0.261944,63.192895,-0.083860,80.9060,1.186051,1.284025,-0.689004,0.965397,-0.649403,1.107698
334,55.491,A,5,62.972166,0.830068,62.527512,0.908650,0.108046,-0.199183,82.5945,0.338247,82.8417,0.276706,63.301980,-0.097168,82.7125,1.269437,0.984146,-0.774468,1.005818,-0.329814,0.927236
335,55.650,A,5,62.587012,0.184711,62.617148,0.906619,0.098186,-0.196007,84.1458,0.201597,84.0446,0.234784,63.402966,-0.105614,83.9377,1.281454,0.866066,-0.785818,1.012233,-0.815954,0.290325
336,55.814,A,5,63.247691,2.073561,62.632917,0.806867,0.057984,-0.184653,85.6198,0.236912,85.5292,0.199478,63.505512,-0.104498,85.4364,1.261748,2.193266,-0.872594,0.911366,-0.257821,2.178060
337,56.005,A,5,62.583460,0.242561,62.741345,1.000153,0.112909,-0.179129,86.8844,0.219057,86.8097,0.213694,63.604078,-0.092669,86.7106,1.392324,1.074263,-0.862733,1.092821,-1.020618,0.335230
338,56.164,A,5,63.291182,0.566079,62.732826,0.896133,0.069524,-0.165923,87.8730,0.215879,88.0649,0.211922,63.700658,-0.074645,87.9666,1.370806,0.760393,-0.967832,0.970778,-0.409476,0.640724
339,56.320,A,5,62.633278,0.787096,62.834821,0.854742,0.052158,-0.173734,89.3138,0.206905,89.2639,0.205746,63.794718,-0.053165,89.1700,1.321249,1.433520,-0.959897,0.907907,-1.161439,0.840261
340,56.473,A,5,62.209468,0.579860,62.821612,0.849469,0.042691,-0.148842,90.4723,0.199720,90.4094,0.196902,63.886331,-0.029105,90.3197,1.380405,1.784014,-1.064719,0.878574,-1.676863,0.608964
341,56.623,A,5,63.497556,0.817318,62.745012,0.813227,0.022886,-0.109711,91.5847,0.192137,91.5036,0.191765,63.975649,-0.001206,91.4179,1.475727,0.947921,-1.230637,0.814433,-0.478093,0.818524
342,56.782,A,5,63.065295,1.362414,62.867446,0.816961,0.024990,-0.131965,92.6543,0.184655,92.5503,0.182889,64.062722,0.033502,92.4682,1.429158,1.661586,-1.195276,0.783459,-0.997426,1.328912
343,56.940,A,5,63.072885,1.333475,62.909034,0.901345,0.047337,-0.125503,93.6715,0.175116,93.5541,0.172908,64.147368,0.078437,93.4753,1.486824,1.652160,-1.238333,0.822907,-1.074483,1.255038
344,57.099,A,5,63.917856,0.429955,62.944834,0.971169,0.062316,-0.119127,94.6383,0.166559,94.5196,0.163828,64.229168,0.135709,94.4437,1.532157,0.428364,-1.284333,0.835460,-0.311311,0.294246
345,57.282,A,5,63.167166,1.192201,63.100942,0.898199,0.034990,-0.151820,95.5484,0.158688,95.4500,0.157920,64.307657,0.205021,95.3768,1.391639,1.508391,-1.206715,0.693179,-1.140491,0.987180
346,57.455,A,5,63.400652,1.680426,63.124776,0.946864,0.044680,-0.139678,96.4308,0.152585,96.3466,0.152098,64.382605,0.283762,96.2761,1.421913,1.707309,-1.257828,0.663103,-0.981952,1.396665
347,57.607,A,5,63.253452,0.731576,63.178227,1.062149,0.072915,-0.137901,97.2806,0.146921,97.2086,0.146165,64.454195,0.368233,97.1410,1.452450,1.254513,-1.275968,0.693915,-1.200743,0.363343
348,57.759,A,5,63.189061,0.751602,63.201854,1.021639,0.051318,-0.127918,98.0985,0.142312,98.0347,0.140728,64.522940,0.455376,97.9699,1.437332,1.366377,-1.321086,0.566263,-1.333880,0.296227
349,57.907,A,5,63.853671,2.014859,63.211544,0.988060,0.034487,-0.114797,98.8896,0.137288,98.8238,0.136109,64.589374,0.543943,98.7620,1.447638,1.644644,-1.377830,0.444117,-0.735703,1.470916
350,58.051,A,5,64.457976,1.050259,63.317085,1.146547,0.075321,-0.133927,99.6515,0.130587,99.5766,0.130587,64.653732,0.634794,99.5177,1.431263,0.459273,-1.336646,0.511753,-0.195756,0.415465
351,58.209,A,5,63.710052,1.979772,63.498675,1.142146,0.060922,-0.171113,100.3746,0.125866,100.2952,0.123232,64.715755,0.730527,100.2389,1.284801,1.603762,-1.217080,0.411619,-1.005703,1.249245
352,58.367,A,5,63.980674,1.194823,63.607812,1.264237,0.085389,-0.187605,101.0645,0.118465,100.9824,0.117389,64.774758,0.834358,100.9285,1.243607,0.872069,-1.166946,0.429879,-0.794084,0.360465
353,58.572,A,5,64.161469,1.554105,63.623876,1.275819,0.077186,-0.169580,101.7206,0.112967,101.6406,0.112832,64.830013,0.948519,101.5890,1.249756,0.902045,-1.206137,0.327300,-0.668544,0.605586
354,58.740,A,5,64.527197,1.736092,63.718363,1.328233,0.079479,-0.178223,102.3475,0.108456,102.2704,0.107410,64.881223,1.073122,102.2211,1.190515,0.751574,-1.162860,0.255111,-0.354026,0.662970
355,58.914,A,5,64.336575,2.666487,63.853932,1.400656,0.085416,-0.198781,102.9476,0.103618,102.8708,0.102226,64.928763,1.206100,102.8239,1.092298,1.575886,-1.074831,0.194556,-0.592188,1.460387
356,59.070,A,5,63.463281,2.676467,63.942122,1.602131,0.129791,-0.208393,103.5228,0.098396,103.4400,0.095810,64.973522,1.344169,103.3956,1.063170,2.013914,-1.031400,0.257962,-1.510242,1.332298
357,59.242,A,5,64.660055,2.452366,63.886669,1.779167,0.167462,-0.174492,104.0707,0.093320,103.9773,0.091073,65.016423,1.484369,103.9355,1.167582,1.031511,-1.129753,0.294797,-0.356368,0.967997
358,59.397,A,5,64.584334,2.943630,64.014150,1.899716,0.175229,-0.196302,104.5693,0.086552,104.4834,0.087065,65.057975,1.625268,104.4440,1.079302,1.400862,-1.043825,0.274448,-0.473641,1.318362
359,59.578,A,5,64.406603,2.453094,64.112837,2.076902,0.199478,-0.210319,105.0427,0.081472,105.0153,0.079841,65.098106,1.767375,104.9229,1.032745,0.973851,-0.985270,0.309526,-0.691503,0.685718
360,59.705,A,5,63.955106,2.415699,64.171037,2.156975,0.194252,-0.205973,105.4784,0.074873,105.4087,0.075876,65.136241,1.912887,105.3738,0.995589,1.283705,-0.965204,0.244088,-1.181135,0.502812
361,59.958,A,5,64.608642,3.938584,64.152722,2.218846,0.188694,-0.179072,105.8968,0.071727,105.8305,0.069239,65.171585,2.064749,105.7977,1.030450,1.956569,-1.018863,0.154096,-0.562942,1.873835
362,60.164,A,5,64.131329,3.775996,64.229252,2.492178,0.245720,-0.201429,106.2169,0.068247,106.2253,0.068180,65.203547,2.225232,106.1947,1.010204,1.885344,-0.974295,0.266946,-1.072219,1.550764
363,60.323,A,5,63.811199,3.206040,64.227973,2.716433,0.273824,-0.186410,106.6728,0.064624,106.5925,0.063515,65.232067,2.394783,106.5642,1.054355,1.636155,-1.004094,0.321650,-1.420868,0.811257
364,60.473,A,5,64.377881,3.939015,64.175105,2.819836,0.272802,-0.155467,107.0282,0.060825,106.9324,0.058672,65.257648,2.571792,106.9062,1.110597,1.625819,-1.082543,0.248044,-0.879767,1.367223
365,60.625,A,5,64.636847,3.869406,64.211634,3.016579,0.292585,-0.160945,107.3541,0.056635,107.2460,0.053420,65.281097,2.753334,107.2219,1.101385,1.288671,-1.069463,0.263245,-0.644250,1.116072
366,60.787,A,5,65.661462,3.726096,64.281255,3.175544,0.296451,-0.172951,107.6428,0.050369,107.5356,0.049339,65.303136,2.936550,107.5133,1.049457,0.867053,-1.021881,0.238994,0.358326,0.789546
367,60.955,A,5,64.494909,3.784858,64.491933,3.283564,0.281733,-0.226067,107.8325,0.046164,107.8030,0.043125,65.324159,3.119882,107.7824,0.848170,1.062943,-0.832226,0.163682,-0.829250,0.664976
368,61.123,A,5,64.747056,4.481507,64.506885,3.395554,0.270001,-0.205867,108.1163,0.039585,108.0493,0.040200,65.344170,3.303597,108.0303,0.842319,1.320612,-0.837285,0.091957,-0.597114,1.177910
369,61.285,A,5,65.591823,5.184641,64.551203,3.582660,0.293639,-0.213586,108.2842,0.036110,108.2746,0.034828,65.362795,3.489594,108.2574,0.816910,1.710450,-0.811592,0.093066,0.229028,1.695047
370,61.479,A,5,64.797305,4.723028,64.719300,3.861719,0.315641,-0.252992,108.5032,0.032257,108.4791,0.030140,65.379346,3.680575,108.4635,0.684452,1.193935,-0.660046,0.181143,-0.582042,1.042452
371,61.652,A,5,64.683128,5.373802,64.744204,4.027356,0.321039,-0.242715,108.6843,0.031219,108.6638,0.029686,65.393065,3.878756,108.6497,0.665660,1.655045,-0.648861,0.148600,-0.709938,1.495047
372,61.813,A,5,64.403585,4.476534,64.746966,4.265810,0.348175,-0.233859,108.8614,0.029908,108.8308,0.028991,65.403499,4.084769,108.8180,0.681037,1.073922,-0.656533,0.181042,-0.999914,0.391765
373,61.970,A,5,64.719198,5.156771,64.705911,4.336274,0.328076,-0.199556,109.0273,0.027720,108.9831,0.027853,65.410769,4.297369,108.9714,0.705931,1.103106,-0.704858,0.038904,-0.691571,0.859402
374,62.119,A,5,64.992831,5.808265,64.715594,4.495193,0.331081,-0.191688,109.1785,0.025595,109.1227,0.023992,65.415547,4.514028,109.1119,0.700206,1.361521,-0.699953,-0.018835,-0.422716,1.294237
375,62.275,A,5,65.416938,6.141899,64.762301,4.719640,0.358170,-0.206544,109.0353,-0.067934,108.7943,-0.109076,65.416215,4.726902,108.8456,0.653955,1.414998,-0.653914,-0.007262,0.000723,1.414997
376,62.428,A,5,65.065422,5.672406,64.869120,4.977583,0.368290,-0.229719,108.7057,0.018962,108.6902,0.058387,65.421382,4.930976,108.6643,0.554225,0.822452,-0.552262,0.046607,-0.355960,0.741430
377,62.616,A,5,65.082020,6.418459,64.907830,5.122080,0.359453,-0.225312,109.0586,0.024382,109.0238,-0.027409,65.428729,5.133201,109.0331,0.521018,1.331201,-0.520899,-0.011121,-0.346709,1.285258
378,62.802,A,5,64.305685,6.338036,64.943100,5.355516,0.376985,-0.228679,108.5216,-0.103225,108.4844,-0.071932,65.431837,5.324488,108.5175,0.489721,1.515090,-0.488737,0.031027,-1.126152,1.013548
379,62.976,A,5,65.098031,6.173461,64.857126,5.543650,0.390746,-0.193478,108.4910,0.013526,108.4670,-0.017807,65.436022,5.520899,108.4725,0.579342,0.734898,-0.578896,0.022751,-0.337991,0.652562
380,63.124,A,5,64.925186,7.878417,64.898988,5.679240,0.376308,-0.193666,107.9740,-0.113058,107.9331,-0.092472,65.434882,5.715968,107.9769,0.537151,2.221705,-0.535894,-0.036729,-0.509696,2.162449
381,63.288,A,5,64.613074,7.054564,64.909589,6.047950,0.432026,-0.206492,107.6190,-0.069049,107.5783,-0.091847,65.431080,5.915417,107.6194,0.538069,1.402423,-0.521491,0.132533,-0.818007,1.139147
382,63.447,A,5,64.598373,7.053985,64.871860,6.243950,0.436821,-0.188062,107.0705,-0.088031,107.0316,-0.077484,65.423776,6.114079,107.0660,0.566990,1.250885,-0.551916,0.129871,-0.825403,0.939906
383,63.601,A,5,64.338354,6.679098,64.836213,6.410443,0.432589,-0.169590,106.4693,-0.106152,106.4236,-0.123714,65.415270,6.309843,106.4784,0.587731,1.138463,-0.579057,0.100600,-1.076916,0.369255
384,63.747,A,5,64.456421,7.043672,64.765904,6.495107,0.409051,-0.136027,105.7885,-0.122286,105.7417,-0.125092,65.406558,6.498965,105.7990,0.640666,1.095201,-0.640654,-0.003858,-0.950137,0.544707
385,63.902,A,5,64.532186,7.664106,64.721861,6.618507,0.396959,-0.117271,105.0358,-0.133710,104.9847,-0.138710,65.398058,6.680121,105.0480,0.678998,1.310710,-0.676197,-0.061614,-0.865873,0.983985
386,64.086,A,5,64.652781,7.402634,64.694966,6.814481,0.405358,-0.111743,104.2152,-0.145162,104.1566,-0.147469,65.389017,6.854016,104.2253,0.695177,0.918164,-0.694051,-0.039535,-0.736236,0.548618
387,64.281,A,5,64.504788,7.700555,64.689923,6.942722,0.391782,-0.106776,103.3315,-0.155456,103.2639,-0.157922,65.378065,7.023268,103.3375,0.692840,1.105138,-0.688142,-0.080545,-0.873277,0.677288
388,64.449,A,5,63.747589,7.753433,64.663986,7.095009,0.388515,-0.098170,102.7737,-0.048753,102.7418,-0.042543,65.364987,7.195318,102.7598,0.708142,1.710984,-0.701001,-0.100309,-1.617397,0.558114
389,64.609,A,5,65.146648,7.418531,64.528375,7.232114,0.390229,-0.057909,102.0632,-0.173488,101.9735,-0.215926,65.347389,7.374580,102.0699,0.831313,0.205496,-0.819014,-0.142466,-0.200740,0.043951
390,64.752,A,5,64.538996,8.448956,64.618799,7.297596,0.353385,-0.080776,100.7714,-0.186099,100.7569,-0.139081,65.323134,7.565076,100.8205,0.753414,1.181574,-0.704335,-0.267479,-0.784139,0.883880
391,64.908,A,5,64.247900,8.662379,64.608682,7.504327,0.369383,-0.082675,100.3438,-0.065105,100.3600,-0.098811,65.302763,7.761791,100.4016,0.740295,1.387009,-0.694081,-0.257464,-1.054863,0.900588
392,65.076,A,5,64.572816,9.849716,64.556875,7.713666,0.387277,-0.071923,99.3775,-0.198491,99.3873,-0.173496,65.275032,7.960335,99.4675,0.759338,2.015655,-0.718157,-0.246669,-0.702216,1.889381
393,65.233,A,5,64.125345,9.917393,64.560971,8.070387,0.441366,-0.087927,98.8366,-0.062742,98.8952,-0.077726,65.250178,8.156763,98.9288,0.694598,2.089274,-0.689207,-0.086375,-1.124832,1.760630
394,65.420,A,5,64.629427,8.913194,64.498632,8.389423,0.482564,-0.079101,98.1014,-0.133483,98.1369,-0.096293,65.221491,8.350312,98.1839,0.723916,0.816931,-0.722859,0.039111,-0.592064,0.562883
395,65.599,A,5,64.475800,9.200990,64.519501,8.514518,0.457506,-0.082062,97.5554,-0.107363,97.5743,-0.089139,65.193841,8.542600,97.6185,0.674925,0.974197,-0.674340,-0.028082,-0.718041,0.658390
396,65.766,A,5,64.192691,9.399103,64.515414,8.661590,0.443550,-0.078429,97.0321,-0.092355,97.0293,-0.090534,65.164604,8.737129,97.0726,0.653570,1.175935,-0.649190,-0.075539,-0.971913,0.661973
397,65.931,A,5,63.574092,10.957656,64.469903,8.814979,0.435548,-0.063191,96.5297,-0.087139,96.5106,-0.086860,65.133111,8.938190,96.5506,0.674556,2.551232,-0.663208,-0.123211,-1.559019,2.019467
398,66.071,A,5,64.708607,10.602765,64.338286,9.177312,0.493679,-0.035478,96.0624,-0.082219,96.0324,-0.081761,65.099208,9.148830,96.0692,0.761455,1.505488,-0.760922,0.028482,-0.390601,1.453934
399,66.228,A,5,64.276600,9.628588,64.392625,9.439529,0.505312,-0.058881,95.5778,-0.078019,95.5917,-0.075709,65.063121,9.369319,95.6257,0.674161,0.828152,-0.670495,0.070211,-0.786521,0.259270
400,66.388,A,5,64.254958,9.846029,64.376350,9.514644,0.465855,-0.049500,95.1695,-0.073179,95.1823,-0.072305,65.025584,9.596976,95.2141,0.654434,0.809872,-0.649234,-0.082332,-0.770626,0.249053
401,66.546,A,5,64.559027,10.392575,64.359069,9.600178,0.445226,-0.042531,94.8002,-0.093978,94.6198,-0.175234,64.986152,9.826363,94.6984,0.666628,0.709247,-0.627083,-0.226185,-0.427125,0.566212
402,66.703,A,5,63.972850,11.099606,64.390218,9.768082,0.427283,-0.051274,93.6689,-0.123086,93.7099,-0.083108,64.945323,10.043012,93.7491,0.619458,1.435999,-0.555105,-0.274930,-0.972473,1.056594
403,66.880,A,5,64.389527,11.772297,64.330665,10.008166,0.446762,-0.035906,93.5799,0.003411,93.6269,-0.026826,64.908503,10.255870,93.6376,0.628692,1.602774,-0.577838,-0.247704,-0.518975,1.516427
404,67.056,A,5,64.577320,11.923189,64.340515,10.304581,0.490416,-0.045432,93.1160,-0.139188,92.8613,-0.212593,64.868295,10.456452,92.9601,0.549197,1.495321,-0.527780,-0.151871,-0.290975,1.466737
405,67.221,A,5,64.969997,11.349139,64.378965,10.600762,0.503643,-0.058581,92.1398,-0.078476,92.1803,-0.034530,64.827024,10.653805,92.1983,0.451188,0.709881,-0.448059,-0.053043,0.142973,0.695334
406,67.368,A,5,64.118807,11.835565,64.471389,10.760797,0.485349,-0.082220,91.5843,-0.149419,91.5815,-0.199340,64.786251,10.855478,91.6710,0.328790,1.185772,-0.314863,-0.094681,-0.667444,0.980088
407,67.527,A,5,64.264605,12.429718,64.426052,10.968083,0.487296,-0.063273,90.7107,-0.108776,90.7420,-0.081223,64.741787,11.059552,90.7799,0.328717,1.450882,-0.315734,-0.091468,-0.477182,1.370166
408,67.676,A,5,63.923157,12.969417,64.408196,11.233113,0.505222,-0.055429,89.8657,-0.172783,89.8643,-0.150622,64.697664,11.268096,89.9350,0.291574,1.869320,-0.289468,-0.034983,-0.774508,1.701321
409,67.833,A,5,63.804761,11.551850,64.342128,11.540938,0.534495,-0.034289,89.0039,-0.167243,88.9758,-0.167925,64.654003,11.476837,89.0546,0.318394,0.852548,-0.311875,0.064101,-0.849241,0.075013
410,67.988,A,5,64.313538,13.555522,64.266445,11.594084,0.485051,-0.007403,88.0441,-0.171879,88.0002,-0.174170,64.610519,11.680078,88.0811,0.354657,1.898813,-0.344074,-0.085993,-0.296980,1.875445
411,68.147,A,5,64.161478,13.078426,64.276942,11.933264,0.524631,-0.012897,86.9989,-0.184146,86.9564,-0.187994,64.567109,11.874444,87.0421,0.296069,1.270475,-0.290167,0.058820,-0.405631,1.203981
412,68.338,A,5,64.453171,12.727534,64.264494,12.154508,0.524803,-0.008333,85.8825,-0.196568,85.8569,-0.199117,64.523268,12.059464,85.9468,0.275677,0.671738,-0.258774,0.095044,-0.070098,0.668070
413,68.522,A,5,63.995325,12.439628,64.297776,12.290101,0.499428,-0.016357,84.6977,-0.207831,84.7061,-0.209038,64.478765,12.237426,84.8000,0.188498,0.524023,-0.180989,0.052674,-0.483440,0.202202
414,68.676,A,5,64.108333,13.224794,64.259122,12.360141,0.458116,-0.001515,83.4702,-0.216738,83.5063,-0.217901,64.433887,12.412631,83.6040,0.182478,0.874983,-0.174766,-0.052490,-0.325554,0.812164
415,68.831,A,5,64.587570,13.112009,64.242602,12.532854,0.452098,0.005610,82.2065,-0.222728,82.2577,-0.222879,64.389301,12.589757,82.3594,0.157349,0.558621,-0.146699,-0.056903,0.198268,0.522251
416,68.986,A,5,64.495784,13.587557,64.300143,12.662087,0.434525,-0.009440,80.8985,-0.228461,80.9604,-0.230329,64.345702,12.771519,81.0660,0.118537,0.829724,-0.045559,-0.109432,0.150082,0.816038
417,69.144,A,5,63.783555,13.881904,64.337741,12.840975,0.433824,-0.015378,79.5655,-0.233114,79.6144,-0.235528,64.303547,12.957520,79.7239,0.121457,1.060603,0.034194,-0.116545,-0.519992,0.924385
418,69.304,A,5,63.255559,14.408167,64.119185,13.235172,0.498930,0.067465,78.2325,-0.241940,78.2203,-0.243064,64.262843,13.144548,78.3335,0.169853,1.615968,-0.143658,0.090624,-1.007283,1.263619
419,69.454,A,5,63.210467,14.976203,64.123002,13.283434,0.450994,0.060992,77.2434,-0.127717,77.2531,-0.138694,64.226117,13.331280,77.3174,0.113675,1.933214,-0.103115,-0.047847,-1.015650,1.644923
420,69.631,A,5,63.053315,13.667417,63.992143,13.579817,0.477747,0.102420,75.9928,-0.268920,75.9135,-0.311714,64.190126,13.516825,76.0559,0.207763,1.146742,-0.197983,0.062992,-1.136811,0.150592
421,69.816,A,5,63.840396,14.582712,63.854405,13.640416,0.430807,0.134016,74.2965,-0.253479,74.2495,-0.206905,64.154215,13.702532,74.3456,0.306177,0.934451,-0.299810,-0.062117,-0.313819,0.880179
422,69.988,A,5,63.558717,14.803148,63.852028,13.824206,0.430351,0.127480,73.3910,-0.158208,73.3716,-0.194486,64.124561,13.883559,73.4583,0.278921,1.079733,-0.272533,-0.059352,-0.565844,0.919589
423,70.153,A,5,64.040622,14.640639,63.809470,14.013367,0.429440,0.134783,71.9186,-0.272642,71.8940,-0.240711,64.090325,14.068088,72.0049,0.286136,0.574704,-0.280855,-0.054721,-0.049703,0.572551
424,70.302,A,5,63.583044,15.392450,63.807303,14.329238,0.473770,0.141287,70.9424,-0.158275,70.9671,-0.174369,64.062391,14.254657,71.0445,0.265767,1.234644,-0.255087,0.074582,-0.479346,1.137793
425,70.470,A,5,63.057650,15.515342,63.809746,14.376713,0.428251,0.127717,69.7126,-0.207020,69.7520,-0.160709,64.035700,14.450783,69.8280,0.237785,1.445638,-0.225954,-0.074070,-0.978051,1.064560
426,70.629,A,5,62.475382,16.271467,63.701430,14.589677,0.428691,0.158645,68.7231,-0.188970,68.7456,-0.195990,64.017144,14.654835,68.8359,0.322368,2.233949,-0.315714,-0.065158,-1.541762,1.616632
427,70.768,A,5,63.154623,15.647366,63.520822,14.884875,0.446417,0.213355,67.7456,-0.174774,67.8257,-0.169996,64.004175,14.867021,67.8257,0.483683,1.153549,-0.483353,0.017854,-0.849551,0.780344
428,70.963,A,5,63.160391,15.581665,63.464947,15.036317,0.440564,0.221490,66.9840,-0.166056,66.7994,-0.162136,63.995816,15.083988,66.8738,0.533005,0.972429,-0.530869,-0.047671,-0.835425,0.497677
429,71.146,A,5,63.258317,16.194154,63.416778,15.172343,0.409203,0.215660,65.8890,-0.155917,65.8954,-0.152934,63.989416,15.302539,65.9659,0.587252,1.153032,-0.572637,-0.130196,-0.731099,0.891615
430,71.321,A,5,63.445791,16.393423,63.391200,15.368973,0.410718,0.214844,65.0381,-0.139686,65.0514,-0.120790,63.983169,15.520212,65.1083,0.610984,1.025316,-0.591969,-0.151239,-0.537378,0.873211
431,71.465,A,5,63.789822,16.541681,63.398142,15.556650,0.423229,0.210217,64.8330,-0.011328,64.8359,-0.049112,63.977076,15.725069,64.8576,0.602934,0.837807,-0.578934,-0.168419,-0.187254,0.816612
432,71.633,A,5,63.813425,16.384654,63.455786,15.746271,0.429848,0.187831,64.2975,-0.135176,64.0751,-0.208639,63.966863,15.927222,64.1694,0.542165,0.482481,-0.511077,-0.180950,-0.153438,0.457432
433,71.797,A,5,63.153533,16.492959,63.512005,15.894943,0.412217,0.161143,63.2557,-0.080174,63.3330,-0.024368,63.956665,16.127588,63.3469,0.501843,0.882336,-0.444660,-0.232645,-0.803132,0.365371
434,71.956,A,5,63.811759,17.693824,63.462089,16.016217,0.399572,0.173385,63.3080,-0.002453,63.2954,-0.067120,63.951353,16.319514,63.3244,0.575646,1.381382,-0.489264,-0.303297,-0.139594,1.374310
435,72.099,A,5,63.421183,17.854238,63.517842,16.314352,0.428329,0.166817,62.7411,-0.064976,62.8131,-0.016075,63.949643,16.523514,62.8213,0.479793,1.431815,-0.431802,-0.209162,-0.528461,1.330723
436,72.257,A,5,63.718597,18.118617,63.507663,16.577791,0.457055,0.184338,62.8313,0.014557,62.8852,-0.033445,63.953219,16.724562,62.8983,0.469107,1.413661,-0.445556,-0.146771,-0.234622,1.394056
437,72.457,A,5,64.064939,17.666750,63.544587,16.861770,0.470558,0.181473,62.7138,0.002613,62.8453,0.040316,63.958867,16.929777,62.8263,0.419824,0.744567,-0.414280,-0.068007,0.106072,0.736973
438,72.637,A,5,63.241439,17.280823,63.627472,17.029707,0.466914,0.157422,62.8572,0.011108,63.0102,0.026891,63.964647,17.128603,62.9967,0.351380,0.739054,-0.337176,-0.098896,-0.723208,0.152220
439,72.788,A,5,63.671050,17.954202,63.576834,17.114093,0.425135,0.162283,63.1433,0.050038,63.2939,0.055840,63.967994,17.318575,63.2688,0.441384,0.701568,-0.391161,-0.204482,-0.296944,0.635627
440,72.935,A,5,64.463328,18.570925,63.595401,17.282821,0.419610,0.158373,63.5234,0.068651,63.6598,0.073967,63.968113,17.498057,63.6270,0.430396,1.181645,-0.372712,-0.215236,0.495215,1.072868
441,73.084,A,5,63.624368,17.318723,63.729226,17.517795,0.446866,0.132503,63.9966,0.087272,64.1210,0.094848,63.965806,17.668343,64.0806,0.280418,0.488686,-0.236580,-0.150547,-0.341438,-0.349620
442,73.239,A,5,62.756777,18.456243,63.720746,17.532376,0.394032,0.120197,64.5914,0.106531,64.6753,0.108530,63.963030,17.833308,64.6275,0.386343,1.357605,-0.242283,-0.300932,-1.206252,0.622935
443,73.403,A,5,63.731750,18.528147,63.582392,17.709467,0.374879,0.164464,65.2873,0.120142,65.3221,0.122113,63.962279,17.997757,65.2670,0.476891,0.578323,-0.379887,-0.288290,-0.230529,0.530390
444,73.552,A,5,63.294441,18.497728,63.605114,17.871008,0.374342,0.158110,66.0352,0.132829,66.0597,0.135737,63.965449,18.165334,65.9974,0.465262,0.748824,-0.360335,-0.294325,-0.671008,0.332394
445,73.725,A,5,62.481423,18.575395,63.559117,18.003616,0.357600,0.167073,66.8586,0.144744,66.8851,0.146541,63.972779,18.336895,66.8160,0.531216,1.510305,-0.413661,-0.333279,-1.491355,0.238500
446,73.903,A,5,62.668060,20.046550,63.396503,18.126706,0.326106,0.204783,67.7751,0.159155,67.7945,0.161406,63.982707,18.510291,67.7188,0.700551,2.021977,-0.586204,-0.383584,-1.314647,1.536260
447,74.078,A,5,63.413394,19.900544,63.280589,18.449672,0.358463,0.249637,68.7633,0.172351,68.7825,0.175539,63.992703,18.681176,68.7007,0.748798,1.349984,-0.712113,-0.231503,-0.579309,1.219368
448,74.230,A,5,63.350270,19.610990,63.289817,18.707204,0.384855,0.246568,69.8145,0.187015,69.8418,0.189281,64.000816,18.845001,69.7546,0.724230,1.004962,-0.711000,-0.137796,-0.650546,0.765989
449,74.386,A,5,63.410161,19.121258,63.288728,18.884990,0.385481,0.236479,70.9452,0.200016,70.9656,0.202561,64.006809,18.999391,70.8735,0.727137,0.608967,-0.718081,-0.114400,-0.596648,0.121867
450,74.540,A,5,63.962687,20.022212,63.297012,18.962764,0.360144,0.212917,72.1053,0.187725,72.0871,0.152675,64.012056,19.145566,72.0162,0.738041,0.878035,-0.715044,-0.182802,-0.049370,0.876646
451,74.697,A,5,63.367986,20.826788,63.387035,19.160427,0.379959,0.183209,72.7490,0.130438,72.7461,0.170217,64.016920,19.293940,72.6703,0.643880,1.664554,-0.629885,-0.133512,-0.648935,1.532848
452,74.878,A,5,63.456053,20.558498,63.377154,19.449224,0.411401,0.193672,74.1542,0.289989,74.1911,0.293318,64.028525,19.446444,74.0550,0.651377,1.250755,-0.651371,0.002780,-0.572473,1.112054
453,75.025,A,5,63.353333,21.178019,63.380903,19.657883,0.418783,0.189390,75.3259,0.149549,75.2890,0.101080,64.041299,19.608523,75.2411,0.662238,1.713656,-0.660396,0.049360,-0.687966,1.569496
454,75.218,A,5,64.070556,21.439071,63.368480,19.928256,0.441016,0.195511,76.0901,0.176810,76.0825,0.218560,64.055041,19.782122,75.9835,0.701940,1.657022,-0.686560,0.146135,0.015515,1.656949
455,75.402,A,5,63.399185,21.474918,63.454722,20.383986,0.529674,0.192397,77.3011,0.158096,77.2972,0.133405,64.075477,19.960727,77.2348,0.751322,1.658356,-0.620756,0.423258,-0.676292,1.514190
456,75.559,A,5,63.694042,21.296922,63.447645,20.437665,0.478785,0.173909,77.8877,0.083266,77.8331,0.038209,64.090302,20.143838,77.8136,0.706641,1.219272,-0.642657,0.293827,-0.396260,1.153084
457,75.718,A,5,63.929534,22.027955,63.477245,20.614451,0.472145,0.158334,78.3865,0.132595,78.3907,0.171513,64.103546,20.315891,78.3129,0.693823,1.720884,-0.626300,0.298560,-0.174012,1.712063
458,75.865,A,5,63.636358,22.171296,63.537958,20.873038,0.492151,0.142066,79.4587,0.160169,79.4593,0.109351,64.119009,20.483358,79.4061,0.699623,1.755588,-0.581052,0.389680,-0.482651,1.687938
459,76.028,A,5,63.798960,20.808859,63.547019,21.117858,0.501033,0.140012,79.6962,0.037265,79.7025,0.066070,64.127317,20.641355,79.6724,0.750867,0.368614,-0.580299,0.476503,-0.328357,0.167504
460,76.180,A,5,63.651351,22.137791,63.580139,21.119488,0.442606,0.112204,80.3207,0.113212,80.3670,0.074763,64.140579,20.801192,80.3297,0.644519,1.423320,-0.560439,0.318296,-0.489228,1.336599
461,76.347,A,5,64.498865,22.595206,63.586840,21.315190,0.444259,0.109570,80.4500,0.025191,80.5013,0.060426,64.151018,20.962264,80.4749,0.665473,1.669580,-0.564179,0.352927,0.347846,1.632943
462,76.551,A,5,64.309679,22.767228,63.719037,21.540640,0.475344,0.074956,80.6826,0.033819,80.7403,0.012994,64.164111,21.130617,80.7355,0.605153,1.643072,-0.445074,0.410023,0.145568,1.636611
463,76.724,A,5,63.728070,21.306561,63.807218,21.777239,0.479396,0.053134,80.7806,0.013368,80.8095,-0.004771,64.175877,21.303113,80.8125,0.600587,0.447821,-0.368659,0.474126,-0.447808,0.003449
464,76.893,A,5,63.725705,22.439582,63.797469,21.744844,0.420781,0.047875,80.7774,-0.003266,80.7654,-0.011905,64.186111,21.476091,80.7725,0.472515,1.067843,-0.388642,0.268752,-0.460406,0.963491
465,77.050,A,5,63.937738,22.606674,63.788886,21.895486,0.401623,0.051840,80.6457,-0.026747,80.6188,-0.031125,64.194864,21.644507,80.6344,0.477293,0.995931,-0.405978,0.250979,-0.257125,0.962167
466,77.208,A,5,64.016276,22.916305,63.812410,22.040501,0.395034,0.046784,80.3937,-0.048282,80.3683,-0.053368,64.202418,21.804952,80.3921,0.455620,1.126834,-0.390008,0.235549,-0.186143,1.111354
467,77.376,A,5,63.395592,22.508222,63.844738,22.209387,0.396681,0.041083,80.0238,-0.068765,80.0179,-0.075039,64.209145,21.957325,80.0495,0.443089,0.982526,-0.364407,0.252062,-0.813553,0.550897
468,77.548,A,5,64.482419,23.440822,63.780480,22.292165,0.367675,0.059096,79.5638,-0.086551,79.5730,-0.091161,64.215211,22.104057,79.6119,0.473683,1.363210,-0.434731,0.188108,0.267208,1.336765
469,77.710,A,5,63.725925,22.023737,63.885398,22.491515,0.395882,0.033353,79.1115,-0.098057,79.0406,-0.104002,64.220599,22.249350,79.0862,0.413525,0.543694,-0.335201,0.242165,-0.494674,-0.225613
470,77.888,A,5,64.360836,22.614354,63.865685,22.458339,0.335069,0.033191,78.5061,-0.108990,78.4283,-0.112198,64.225304,22.397703,78.4800,0.364695,0.255552,-0.359619,0.060636,0.135531,0.216652
471,78.084,A,5,64.147953,23.885282,63.943924,22.519881,0.307417,0.009175,77.6576,-0.122223,77.7408,-0.123507,64.229640,22.551514,77.7985,0.287461,1.336267,-0.285716,-0.031634,-0.081687,1.333768
472,78.250,A,5,64.658651,23.670254,63.979933,22.751656,0.338892,0.011078,76.9445,-0.132642,76.9784,-0.137248,64.234259,22.710027,77.0422,0.257710,1.049831,-0.254326,0.041629,0.424392,0.960227
473,78.408,A,5,63.944449,23.064719,64.087851,22.920466,0.351797,-0.011314,76.1229,-0.145400,76.1393,-0.146109,64.239711,22.869739,76.2092,0.160109,0.353832,-0.151861,0.050727,-0.295262,0.194980
474,78.563,A,5,64.616143,23.093858,64.075853,22.974538,0.322940,-0.002766,75.2301,-0.159506,75.2250,-0.164117,64.245625,23.026026,75.3007,0.177408,0.376676,-0.169772,-0.051488,0.370518,0.067832
475,78.716,A,5,64.146974,23.360585,64.164907,23.022098,0.301993,-0.024656,74.2436,-0.173257,74.2422,-0.177039,64.250557,23.175821,74.3232,0.175973,0.211819,-0.085650,-0.153723,-0.103582,0.184765
476,78.870,A,5,63.442726,24.394628,64.172705,23.099834,0.287356,-0.018295,73.1965,-0.185430,73.1995,-0.187536,64.252915,23.318761,73.2849,0.233158,1.346809,-0.080210,-0.218927,-0.810189,1.075867
477,79.025,A,5,63.635022,25.654258,64.074058,23.319130,0.308058,0.027593,72.1070,-0.193951,72.1035,-0.196705,64.251930,23.456606,72.1930,0.224807,2.282596,-0.177872,-0.137476,-0.616907,2.197651
478,79.183,A,5,63.593934,24.838677,64.016214,23.696680,0.373838,0.067913,71.0678,-0.156700,71.0880,-0.108778,64.249126,23.592972,71.1397,0.254957,1.407500,-0.232912,0.103708,-0.655192,1.245704
479,79.366,A,5,63.887459,24.462274,63.948786,23.984110,0.407450,0.102216,70.8817,-0.031170,70.9223,-0.049495,64.251272,23.723364,70.9440,0.399357,0.823619,-0.302486,0.260746,-0.363813,0.738910
480,79.537,A,5,63.626374,24.522953,63.952580,24.024290,0.368302,0.092400,70.0070,-0.159597,69.9853,-0.158015,64.250544,23.863137,70.0580,0.338752,0.908265,-0.297964,0.161154,-0.624170,0.659816
481,79.704,A,5,64.012967,24.555599,63.908068,24.135082,0.350189,0.103276,69.1364,-0.148126,69.1218,-0.143837,64.256238,24.004744,69.1877,0.371767,0.602182,-0.348170,0.130339,-0.243272,0.550856
482,79.875,A,5,63.517892,24.409224,63.926806,24.232738,0.335612,0.094125,68.3390,-0.133981,68.3451,-0.128552,64.266005,24.145218,68.4039,0.350308,0.793329,-0.339199,0.087520,-0.748112,0.264006
483,80.024,A,5,64.503830,26.120072,63.869508,24.292523,0.305525,0.104576,67.6399,-0.118233,67.6585,-0.114642,64.276334,24.281757,67.7101,0.406969,1.852338,-0.406827,0.010766,0.227495,1.838315
484,80.173,A,5,64.007318,25.027952,63.966916,24.595892,0.361330,0.092430,67.0176,-0.102567,67.0595,-0.098826,64.284526,24.411902,67.1044,0.367053,0.675545,-0.317610,0.183990,-0.277208,0.616050
485,80.326,A,5,64.497016,25.755186,63.978619,24.695746,0.345226,0.087877,66.4907,-0.087916,66.5396,-0.083758,64.290031,24.534294,66.5785,0.350777,1.238313,-0.311413,0.161451,0.206984,1.220891
486,80.487,A,5,64.164812,26.570048,64.061982,24.887413,0.363617,0.073152,66.0357,-0.074937,66.0886,-0.071953,64.294077,24.648853,66.1224,0.332834,1.925539,-0.232094,0.238560,-0.129265,1.921195
487,80.681,A,5,64.554363,25.659778,64.085776,25.173222,0.399937,0.086948,65.6572,-0.064677,65.6983,-0.061481,64.298970,24.757267,65.7274,0.467408,0.937951,-0.213194,0.415955,0.255393,0.902511
488,80.882,A,5,63.589653,25.947241,64.164193,25.284096,0.388794,0.066728,65.3257,-0.054723,65.3660,-0.052496,64.306816,24.862869,65.3904,0.444718,1.300072,-0.142623,0.421228,-0.717164,1.084372
489,81.053,A,5,64.529026,25.728992,64.152170,25.464549,0.391534,0.079974,65.0205,-0.076867,65.0459,-0.093863,64.318453,24.969378,65.0866,0.522344,0.788260,-0.166284,0.495170,0.210572,0.759614
490,81.211,A,5,64.261856,25.282543,64.161296,25.501908,0.353915,0.072294,64.3245,-0.103441,64.3667,-0.058187,64.331413,25.085325,64.3933,0.449980,0.209125,-0.170117,0.416583,-0.069557,0.197219
491,81.381,A,5,64.476515,25.315003,64.184684,25.502805,0.312624,0.057603,64.5632,0.098167,64.6829,0.113043,64.346150,25.194176,64.6278,0.348314,0.177747,-0.161466,0.308629,0.130365,0.120827
492,81.532,A,5,63.928969,26.468568,64.236032,25.504257,0.279894,0.037005,64.7748,-0.011418,64.8422,-0.054496,64.358683,25.303800,64.8637,0.235003,1.241507,-0.122651,0.200457,-0.429715,1.164768
493,81.690,A,5,63.850790,26.606933,64.198639,25.674084,0.286836,0.062499,64.6529,0.025996,64.7652,0.078124,64.370553,25.415024,64.7304,0.310912,1.300308,-0.171914,0.259060,-0.519763,1.191909
494,81.865,A,5,63.933181,25.720237,64.153038,25.840927,0.290961,0.086843,65.2774,0.083235,65.3541,0.044332,64.384316,25.510128,65.3327,0.403631,0.497664,-0.231279,0.330799,-0.451136,0.210109
495,82.036,A,5,64.371715,26.074698,64.124277,25.851819,0.254253,0.085245,65.4316,0.050013,65.5010,0.096324,64.396314,25.605926,65.4596,0.366698,0.469418,-0.272037,0.245893,-0.024599,0.468773
496,82.238,A,5,64.055458,26.330223,64.163807,25.910743,0.243216,0.071015,66.0638,0.077425,66.0995,0.052813,64.408301,25.691679,66.0775,0.328278,0.729546,-0.244495,0.219063,-0.352844,0.638544
497,82.403,A,5,63.482349,26.665541,64.150768,25.997517,0.234842,0.076030,66.6738,0.126644,66.6812,0.101205,64.419103,25.779195,66.6348,0.345932,1.289620,-0.268335,0.218323,-0.936754,0.886347
498,82.553,A,5,63.882112,25.476020,64.053005,26.120857,0.227334,0.107587,67.3411,0.123771,67.3315,0.129269,64.430573,25.869877,67.2739,0.453374,0.675228,-0.377567,0.250980,-0.548461,-0.393857
499,82.692,A,5,64.303878,27.041398,64.026215,26.049485,0.176419,0.092714,68.1474,0.138110,68.0985,0.141449,64.444641,25.964032,68.0341,0.427063,1.086524,-0.418426,0.085454,-0.140763,1.077367
500,82.847,A,5,64.064667,26.337376,64.065801,26.211522,0.208902,0.091890,68.7754,0.146404,68.9440,0.151201,64.462247,26.060728,68.8737,0.424157,0.484360,-0.396447,0.150795,-0.397581,0.276648
501,83.005,A,5,64.876031,27.894140,64.064544,26.251321,0.193818,0.085239,69.6747,0.159174,69.8602,0.166087,64.482805,26.157054,69.7844,0.428752,1.781037,-0.418261,0.094267,0.393226,1.737085
502,83.173,A,5,64.845364,26.624320,64.183639,26.520163,0.252041,0.070596,70.8393,0.174498,70.8457,0.178861,64.504296,26.249998,70.7643,0.419297,0.506404,-0.320657,0.270165,0.341069,0.374322
503,83.349,A,5,63.873272,26.902535,64.283733,26.561034,0.243173,0.038617,71.8950,0.187860,71.9016,0.191706,64.524545,26.337584,71.8145,0.328512,0.862163,-0.240812,0.223450,-0.651273,0.564951
504,83.517,A,5,64.689744,27.331762,64.225892,26.635244,0.227029,0.057278,73.0326,0.199438,73.0279,0.203109,64.542745,26.419529,72.9353,0.383313,0.924001,-0.316853,0.215715,0.146999,0.912233
505,83.697,A,5,64.478760,26.741064,64.295812,26.761832,0.241204,0.043860,73.8243,0.094369,73.7806,0.097660,64.561482,26.504605,73.7379,0.369792,0.250512,-0.265670,0.257227,-0.082722,0.236460
506,83.857,A,5,63.771572,27.778432,64.325391,26.782248,0.220006,0.031782,74.8217,0.219658,74.8374,0.260562,64.583413,26.598648,74.7192,0.316677,1.432123,-0.258022,0.183600,-0.811841,1.179784
507,84.003,A,5,64.908802,27.529345,64.244820,26.946952,0.236539,0.067938,76.0702,0.246725,76.2578,0.168066,64.609980,26.705201,76.1794,0.437933,0.876647,-0.365159,0.241751,0.298822,0.824145
508,84.170,A,5,63.643535,28.084042,64.241414,27.209261,0.279714,0.088828,76.9207,0.120687,76.8764,0.139246,64.639056,26.826741,76.8143,0.551762,1.603704,-0.397642,0.382520,-0.995521,1.257301
509,84.332,A,5,64.587904,27.759888,64.238970,27.237376,0.252840,0.080291,78.0757,0.225317,78.0599,0.197208,64.676482,26.955641,77.9687,0.520376,0.809111,-0.437512,0.281736,-0.088578,0.804248
510,84.491,A,5,64.364666,27.457317,64.288113,27.340830,0.255092,0.064836,78.7787,0.097977,78.7324,0.124057,64.711716,27.093437,78.6771,0.490554,0.502844,-0.423603,0.247393,-0.347050,0.363880
511,84.667,A,5,63.926393,28.270143,64.297969,27.383484,0.236459,0.056845,79.7265,0.155993,79.6800,0.114777,64.749061,27.235679,79.6255,0.474690,1.321703,-0.451092,0.147804,-0.822668,1.034464
512,84.849,A,5,64.095846,28.252646,64.240689,27.538893,0.246829,0.077735,80.4606,0.137560,80.4195,0.120671,64.783211,27.384188,80.3630,0.564149,1.107560,-0.542522,0.154705,-0.687365,0.868458
513,85.044,A,5,64.879876,28.174685,64.215191,27.669904,0.251807,0.084528,81.1829,0.123891,81.1534,0.120752,64.818280,27.539177,81.0965,0.617094,0.638486,-0.603089,0.130727,0.061596,0.635508
514,85.209,A,5,64.556109,28.583041,64.309678,27.770642,0.256289,0.053466,81.8438,0.113687,81.8325,0.110756,64.856731,27.703065,81.7804,0.551211,0.929909,-0.547053,0.067577,-0.300621,0.879976
515,85.372,A,5,64.244735,29.080030,64.344379,27.917004,0.268944,0.046012,82.4550,0.104194,82.4502,0.103659,64.899901,27.878275,82.4029,0.556871,1.368743,-0.555522,0.038728,-0.655166,1.201755
516,85.539,A,5,64.377434,29.528001,64.335081,28.320530,0.359868,0.068646,83.0238,0.096379,83.0143,0.094822,64.946700,28.066211,82.9708,0.662386,1.568724,-0.611619,0.254319,-0.569266,1.461790
517,85.712,A,5,64.898272,28.984129,64.332597,28.355699,0.325293,0.062049,83.5637,0.092735,83.5393,0.093052,64.994419,28.266433,83.4985,0.667815,0.724108,-0.661822,0.089266,-0.096147,0.717697
518,85.873,A,5,64.063487,29.357521,64.414211,28.481397,0.325957,0.036953,84.0732,0.088547,84.0354,0.087279,65.040812,28.476674,83.9968,0.626619,1.315696,-0.626601,0.004723,-0.977326,0.880847
519,86.047,A,5,64.167190,30.002903,64.361152,28.643464,0.329803,0.055522,84.5594,0.082636,84.5021,0.080915,65.085666,28.693827,84.4661,0.726262,1.599149,-0.724513,-0.050363,-0.918476,1.309076
520,86.218,A,5,64.377628,29.629117,64.336308,28.986771,0.392175,0.072099,84.9927,0.072494,84.9318,0.071325,65.130680,28.915408,84.8990,0.797571,1.037529,-0.794372,0.071363,-0.753052,0.713708
521,86.402,A,5,64.978216,29.961718,64.332595,29.024962,0.354494,0.065174,85.3714,0.063696,85.3178,0.062633,65.177875,29.140624,85.2886,0.853156,0.845020,-0.845280,-0.115661,-0.199659,0.821094
522,86.595,A,5,65.093474,30.842860,64.425091,29.199379,0.365415,0.036843,85.6894,0.055293,85.6986,0.054135,65.227928,29.370550,85.6342,0.820882,1.478436,-0.802837,-0.171170,-0.134454,1.472310
523,86.750,A,5,64.848386,30.514381,64.523408,29.480081,0.406052,0.014048,85.9748,0.050635,86.0029,0.049809,65.279627,29.607574,85.9440,0.766891,1.004125,-0.756219,-0.127494,-0.431241,0.906807
524,86.876,A,5,64.863755,30.173027,64.572950,29.673530,0.414067,0.004316,86.2500,0.048246,86.2537,0.047731,65.330823,29.854290,86.2313,0.779131,0.565461,-0.757873,-0.180759,-0.467068,0.318737
525,87.022,A,5,64.735805,30.456648,64.618350,29.787948,0.397667,-0.006202,86.5236,0.047957,86.5270,0.047331,65.380158,30.112183,86.5056,0.827937,0.730647,-0.761807,-0.324235,-0.644352,0.344464
526,87.186,A,5,64.844278,31.931420,64.638568,29.925956,0.389326,-0.007479,86.7988,0.049134,86.7939,0.048210,65.427746,30.380538,86.7725,0.910740,1.657006,-0.789178,-0.454582,-0.583468,1.550882
527,87.342,A,5,65.256002,31.812904,64.670953,30.253724,0.449782,-0.006767,87.0107,0.045557,87.0467,0.042523,65.475248,30.657054,87.0275,0.899759,1.176460,-0.804295,-0.403331,-0.219246,1.155850
528,87.516,A,5,65.424962,31.827859,64.761239,30.536501,0.468943,-0.025051,87.2872,0.039681,87.2742,0.038658,65.524654,30.939256,87.2569,0.863143,0.894178,-0.763416,-0.402755,-0.099692,0.888603
529,87.711,A,5,65.124759,31.596210,64.864582,30.774356,0.483220,-0.046683,87.4877,0.036183,87.4801,0.034758,65.575720,31.224856,87.4642,0.841824,0.584183,-0.711138,-0.450501,-0.450962,0.371354
530,87.874,A,5,64.947478,32.322377,64.909738,30.943299,0.473864,-0.050610,87.6791,0.033715,87.6733,0.033042,65.626671,31.513120,87.6581,0.915800,1.056504,-0.716933,-0.569821,-0.679194,0.809257
531,88.040,A,5,65.306508,33.200934,64.920511,31.184572,0.499085,-0.043578,87.8322,0.032283,87.8627,0.034031,65.675534,31.804866,87.8475,0.977152,1.444018,-0.755023,-0.620294,-0.369026,1.396068
532,88.207,A,5,65.166841,33.654386,64.984713,31.541047,0.531997,-0.049242,88.0610,0.033847,88.0529,0.033797,65.721485,32.101961,88.0377,0.925991,1.648530,-0.736773,-0.560914,-0.554644,1.552424
533,88.393,A,5,64.775542,33.897039,65.017948,31.907508,0.574335,-0.046319,88.2572,0.033363,88.2421,0.031837,65.765418,32.406565,88.2272,0.898760,1.789237,-0.747470,-0.499057,-0.989876,1.490474
534,88.550,A,5,65.452645,34.484355,64.987638,32.261968,0.606009,-0.025815,88.4576,0.031063,88.4243,0.031905,65.809155,32.720135,88.4101,0.940642,1.799881,-0.821517,-0.458167,-0.356510,1.764220
535,88.708,A,5,65.853920,34.597556,65.060672,32.649894,0.647295,-0.038315,88.6151,0.029260,88.5961,0.029175,65.853922,33.042683,88.5827,0.885171,1.554874,-0.793250,-0.392788,-0.000002,1.554874
536,88.863,A,5,65.636723,33.405708,65.182268,32.989196,0.686324,-0.066331,89.0804,0.142147,89.3007,0.137324,65.903625,33.361791,89.2364,0.811901,0.270492,-0.721358,-0.372595,-0.266903,0.043917
537,89.049,A,5,64.888068,34.678362,65.258242,33.127658,0.626654,-0.077830,89.5861,0.003718,89.5827,-0.029142,65.949544,33.673998,89.5943,0.881128,1.461327,-0.691302,-0.546340,-1.061476,1.004363
538,89.221,A,5,65.696115,34.864476,65.280872,33.628199,0.705304,-0.072198,89.6176,0.074741,89.6243,0.103071,65.991530,33.983010,89.5795,0.794308,0.929652,-0.710658,-0.354811,-0.295415,0.881466
539,89.386,A,5,64.444189,35.051948,65.287840,33.695961,0.637538,-0.065271,90.4697,0.142396,90.4773,0.103911,66.037145,34.277591,90.4286,0.948552,1.771197,-0.749305,-0.581630,-1.592956,0.774358
540,89.539,A,5,66.087962,35.549685,65.167125,33.959552,0.634817,-0.019982,90.6174,-0.035564,90.5283,-0.073147,66.073455,34.576244,90.5619,1.096240,0.973548,-0.906330,-0.616692,0.014507,0.973440
541,89.681,A,5,65.803060,35.600645,65.305796,34.258205,0.644939,-0.056773,90.6791,0.072815,90.6766,0.113921,66.108067,34.864973,90.6249,1.005886,0.796394,-0.802272,-0.606767,-0.305007,0.735672
542,89.846,A,5,65.604841,35.885464,65.384127,34.520771,0.642585,-0.071997,91.7412,0.218370,91.7873,0.207522,66.155704,35.154176,91.6900,0.998265,0.915550,-0.771577,-0.633405,-0.550862,0.731288
543,90.007,A,5,66.464604,36.516505,65.421413,34.786575,0.641138,-0.073914,92.4897,0.082445,92.4707,0.034660,66.198888,35.434423,92.4515,1.012015,1.114229,-0.777475,-0.647848,0.265716,1.082082
544,90.198,A,5,65.175781,35.826310,65.581345,35.106929,0.656136,-0.112164,92.4699,0.018844,92.4994,0.065060,66.229254,35.709460,92.4709,0.884776,1.059933,-0.647909,-0.602531,-1.053472,0.116850
545,90.407,A,5,64.705608,37.423803,65.528247,35.277736,0.624793,-0.083547,93.3336,0.193201,93.4084,0.214767,66.267562,35.976483,93.3097,1.017268,2.129421,-0.739315,-0.698747,-1.561954,1.447320
546,90.593,A,5,65.659963,37.059492,65.408738,35.658348,0.659586,-0.039995,94.1999,0.092782,94.1777,0.044254,66.304219,36.233380,94.1551,1.064212,1.047629,-0.895481,-0.575032,-0.644256,0.826112
547,90.750,A,5,65.541656,38.205741,65.445043,35.931075,0.657789,-0.048163,94.3809,0.062248,94.3781,0.107155,66.330530,36.482123,94.3311,1.042948,1.895568,-0.885487,-0.551048,-0.788874,1.723618
548,90.907,A,5,66.442206,37.480978,65.458197,36.334045,0.694703,-0.050200,95.2949,0.158545,95.2885,0.123908,66.367031,36.722389,95.2314,0.988327,0.762305,-0.908834,-0.388344,0.075176,0.758589
549,91.081,A,5,65.584683,37.757054,65.603408,36.572446,0.677078,-0.090300,95.5803,0.041492,95.5785,0.075094,66.395810,36.957463,95.5468,0.880987,1.138979,-0.792402,-0.385017,-0.811127,0.799591
550,91.245,A,5,65.226824,37.578922,65.602222,36.814993,0.664213,-0.082972,96.3363,0.127588,96.3142,0.087715,66.428194,37.188802,96.2721,0.906622,1.263124,-0.825972,-0.373809,-1.201370,0.390120
551,91.418,A,5,65.723101,38.175276,65.546611,36.993334,0.634840,-0.060198,96.7952,0.109265,96.7833,0.129422,66.453448,37.418122,96.7232,1.001398,1.051992,-0.906837,-0.424788,-0.730347,0.757153
552,91.580,A,5,65.433220,39.340597,65.570905,37.231111,0.625364,-0.065263,97.3371,0.084763,97.3236,0.099542,66.477998,37.645134,97.2786,0.997112,1.991521,-0.907093,-0.414023,-1.044778,1.695463
553,91.767,A,5,66.044185,38.440488,65.548001,37.606333,0.658404,-0.059327,97.8906,0.094458,97.8845,0.115024,66.501927,37.868589,97.8330,0.989319,0.732527,-0.953926,-0.262256,-0.457741,0.571899
554,91.983,A,5,65.841512,39.337018,65.618385,37.794415,0.630086,-0.078257,98.9577,0.206104,98.9879,0.174363,66.531372,38.084197,98.9063,0.957873,1.430198,-0.912988,-0.289782,-0.689860,1.252821
555,92.173,A,5,66.178720,38.796641,65.648893,38.085696,0.636386,-0.086468,99.5110,0.049425,99.4854,0.004674,66.556762,38.299026,99.4814,0.932596,0.624928,-0.907869,-0.213331,-0.378042,0.497614
556,92.326,A,5,66.265294,39.700205,65.725801,38.253701,0.604127,-0.104427,99.9528,0.136346,99.9975,0.188331,66.579767,38.508824,99.9130,0.891261,1.232186,-0.853966,-0.255123,-0.314473,1.191381
557,92.483,A,5,66.515870,39.636028,65.805204,38.528674,0.606861,-0.124889,101.1148,0.175003,101.1394,0.133939,66.609392,38.706466,101.0765,0.823607,0.934254,-0.804188,-0.177792,-0.093522,0.929561
558,92.636,A,5,66.410888,39.132342,65.911322,38.753721,0.593275,-0.149732,101.4071,0.005560,101.4027,0.003394,66.631176,38.908910,101.4033,0.736392,0.313765,-0.719854,-0.155189,-0.220288,0.223432
559,92.803,A,5,66.454269,39.560204,65.988497,38.869118,0.549955,-0.159308,101.9045,0.137266,101.9695,0.176391,66.652112,39.109212,101.8900,0.705713,0.492479,-0.663615,-0.240094,-0.197844,0.450992
560,92.965,A,5,65.713905,40.051300,66.061542,39.029552,0.524381,-0.168590,103.2990,0.245785,103.3297,0.223947,66.671856,39.317055,103.2256,0.674642,1.206974,-0.610315,-0.287502,-0.957952,0.734245
561,93.138,A,5,66.172594,39.762195,66.012813,39.232645,0.521048,-0.144070,104.0708,0.089897,104.0645,0.041898,66.690556,39.528067,104.0439,0.739331,0.568420,-0.677743,-0.295423,-0.517962,0.234128
562,93.320,A,5,66.252618,40.546338,66.037369,39.353165,0.502880,-0.143843,104.1480,0.029499,104.2412,0.101804,66.707777,39.744296,104.1962,0.776164,0.922193,-0.670408,-0.391131,-0.455158,0.802042
563,93.501,A,5,65.627100,40.707038,66.070539,39.589323,0.495223,-0.145953,105.2399,0.208726,105.2661,0.211027,66.727422,39.961150,105.1683,0.754818,1.329307,-0.656883,-0.371827,-1.100322,0.745889
564,93.661,A,5,66.138539,41.162775,66.023821,39.987498,0.572093,-0.143394,105.8867,0.074199,105.9276,0.025843,66.741316,40.175568,105.9140,0.741734,1.156684,-0.717495,-0.188070,-0.602778,0.987207
565,93.821,A,5,65.978193,40.926020,66.021551,40.054836,0.506784,-0.127023,106.2806,0.098232,106.2849,0.142751,66.748144,40.388832,106.2210,0.799682,0.938826,-0.726593,-0.333997,-0.769951,0.537188
566,93.980,A,5,65.573186,42.121492,66.013032,40.225250,0.506311,-0.123521,107.0660,0.161499,107.1782,0.084355,66.758743,40.603536,107.1365,0.836173,1.926068,-0.745711,-0.378285,-1.185557,1.517956
567,94.131,A,5,66.425019,42.498429,65.942785,40.567007,0.534456,-0.108971,107.4942,0.067975,107.4887,0.109050,66.764454,40.821757,107.4395,0.860254,1.710686,-0.821669,-0.254750,-0.339435,1.676673
568,94.306,A,5,65.129657,41.935897,66.008579,40.908239,0.561037,-0.138988,108.1451,0.080925,108.1242,0.035945,66.775368,41.046515,108.1067,0.779157,1.870659,-0.766789,-0.138276,-1.645712,0.889381
569,94.485,A,5,65.686156,41.796781,65.872463,41.116954,0.560489,-0.099078,108.6247,0.101556,108.5885,0.070456,66.782527,41.277142,108.5542,0.924054,1.213283,-0.910063,-0.160188,-1.096371,0.519640
570,94.658,A,5,65.797231,43.567744,65.836049,41.272538,0.537702,-0.089212,109.0676,0.080270,109.0226,0.077599,66.785399,41.512790,108.9886,0.979278,2.280199,-0.949350,-0.240252,-0.988168,2.054953
571,94.815,A,5,66.157134,43.126127,65.820596,41.667075,0.584061,-0.105640,109.5138,0.078395,109.4678,0.075207,66.783455,41.751322,109.4329,0.966538,1.510751,-0.962859,-0.084247,-0.626321,1.374805
572,94.973,A,5,66.435897,42.501805,65.860979,41.941346,0.585741,-0.127310,110.4144,0.204020,110.4159,0.190019,66.785048,41.985833,110.3266,0.925140,0.623004,-0.924069,-0.044487,-0.349152,0.515972
573,95.139,A,5,66.360751,44.068671,65.938254,42.082215,0.545992,-0.146353,111.0264,0.060464,110.9888,0.018750,66.786572,42.212653,110.9785,0.858288,1.904239,-0.848319,-0.130437,-0.425822,1.856018
574,95.313,A,5,65.895980,43.708924,65.995070,42.433062,0.571752,-0.175732,111.1996,0.076996,111.2220,0.126003,66.788330,42.438025,111.1642,0.793275,1.552892,-0.793259,-0.004963,-0.892350,1.270899
575,95.474,A,5,65.550825,43.935959,65.975309,42.680895,0.571704,-0.171721,112.2254,0.176893,112.2800,0.140939,66.802665,42.654778,112.2125,0.827768,1.791237,-0.827356,0.026116,-1.251840,1.281181
576,95.645,A,5,67.059070,43.450578,65.905729,42.925156,0.575128,-0.154751,112.7189,0.071102,112.7549,0.110975,66.811095,42.875822,112.7065,0.906709,0.625968,-0.905365,0.049334,0.247975,0.574756
577,95.835,A,5,66.178881,43.953700,66.069839,43.060663,0.525402,-0.195432,113.7244,0.193985,113.8037,0.164247,66.823301,43.094261,113.7271,0.754210,1.074204,-0.753462,-0.033598,-0.644420,0.859440
578,96.036,A,5,66.037751,44.122593,66.082367,43.247743,0.510420,-0.194294,114.5569,0.169209,114.6380,0.214106,66.829792,43.315515,114.5421,0.750491,1.130798,-0.747425,-0.067772,-0.792041,0.807078
579,96.215,A,5,66.183063,44.877089,66.071510,43.430669,0.498239,-0.187053,115.6593,0.191736,115.7143,0.193875,66.835919,43.532449,115.6257,0.771155,1.494750,-0.764409,-0.101780,-0.652856,1.344640
580,96.383,A,5,65.891934,45.376984,66.082604,43.697507,0.508173,-0.196333,116.8031,0.201775,116.8508,0.204262,66.843460,43.746166,116.7580,0.762411,1.888113,-0.760856,-0.048659,-0.951527,1.630818
581,96.556,A,5,65.454168,44.303581,66.047728,44.000053,0.531210,-0.196896,118.0047,0.210048,118.0434,0.212673,66.855392,43.955500,117.9459,0.808891,1.443810,-0.807663,0.044553,-1.401223,0.348082
582,96.728,A,5,66.234979,45.461080,65.951183,44.098909,0.502480,-0.158940,119.2741,0.219955,119.2950,0.222906,66.871674,44.159446,119.1926,0.922479,1.449010,-0.920491,-0.060537,-0.636695,1.301634
583,96.900,A,5,66.206361,44.999702,65.982072,44.351881,0.504341,-0.178883,120.5839,0.231348,120.6088,0.233757,66.890411,44.357967,120.5014,0.908359,0.937949,-0.908339,-0.006086,-0.684050,0.641735
584,97.079,A,5,65.342239,45.467516,66.004840,44.498994,0.477830,-0.182416,121.9532,0.241501,121.9830,0.245162,66.909309,44.552162,121.8710,0.906031,1.814823,-0.904470,-0.053168,-1.567070,0.915354
585,97.276,A,5,66.066888,45.176086,65.895442,44.691183,0.482885,-0.156720,123.4041,0.251319,123.4133,0.253154,66.926676,44.744146,123.2969,1.032593,0.962189,-1.031234,-0.052963,-0.859788,0.431940
586,97.462,A,5,66.596677,46.501956,65.907255,44.810472,0.452270,-0.157887,124.8825,0.258153,124.8855,0.240727,66.941878,44.936302,124.7735,1.042246,1.603258,-1.034622,-0.125830,-0.345201,1.565654
587,97.635,A,5,65.670119,46.253925,65.996314,45.107299,0.460897,-0.203880,125.8681,0.157360,125.8661,0.186081,66.948706,45.133438,125.7820,0.952751,1.700082,-0.952393,-0.026139,-1.278587,1.120487
588,97.791,A,5,65.956447,45.872037,65.936404,45.325277,0.467740,-0.195809,127.3679,0.305680,127.4229,0.348499,66.952592,45.336550,127.2640,1.016251,1.130951,-1.016188,-0.011274,-0.996145,0.535487
589,97.957,A,5,66.019566,47.074653,65.926080,45.453735,0.443232,-0.189697,128.9902,0.228803,128.9945,0.179889,66.952430,45.542372,128.9094,1.030170,1.793912,-1.026350,-0.088637,-0.932864,1.532281
590,98.107,A,5,65.945782,47.217501,65.926056,45.739791,0.459644,-0.211607,129.9036,0.186684,129.9384,0.227821,66.944036,45.745684,129.8355,1.017997,1.778414,-1.017980,-0.005893,-0.998254,1.471817
591,98.270,A,5,65.125218,46.865021,65.914753,46.006710,0.469994,-0.226574,131.4352,0.256187,131.4630,0.216542,66.938496,45.948542,131.3628,1.025394,2.031725,-1.023743,0.058168,-1.813278,0.916478
592,98.449,A,5,65.275615,46.533054,65.782594,46.182156,0.475391,-0.196590,132.4230,0.174736,132.4150,0.213456,66.925295,46.145653,132.3202,1.143284,1.694557,-1.142701,0.036503,-1.649680,0.387401
593,98.632,A,5,64.992633,46.778734,65.689462,46.280388,0.455040,-0.168133,133.7033,0.189934,133.6388,0.162374,66.911647,46.343282,133.5653,1.223803,1.967799,-1.222185,-0.062893,-1.919014,0.435452
594,98.826,A,5,65.799662,47.449042,65.566462,46.396750,0.446975,-0.139969,134.7993,0.201327,134.7163,0.190175,66.891087,46.542281,134.6300,1.332595,1.418953,-1.324625,-0.145531,-1.091426,0.906762
595,99.009,A,5,65.555913,47.980979,65.576207,46.793685,0.488498,-0.203339,135.7995,0.178221,135.7306,0.177058,66.862505,46.746598,135.6494,1.287160,1.797464,-1.286299,0.047086,-1.306592,1.234381
596,99.207,A,5,66.104416,48.160722,65.555860,46.840273,0.441564,-0.183802,136.7957,0.171161,136.7278,0.168597,66.824182,46.957116,136.6491,1.273692,1.402402,-1.268322,-0.116843,-0.719766,1.203606
597,99.417,A,5,66.013320,47.129281,65.617702,47.079151,0.428719,-0.221590,137.7291,0.163910,137.6966,0.163827,66.775782,47.172205,137.6201,1.161813,0.763669,-1.158080,-0.093054,-0.762462,-0.042924
598,99.615,A,5,65.525493,48.301134,65.659041,47.133589,0.377911,-0.214960,138.7240,0.160108,138.6396,0.160751,66.719111,47.388925,138.5651,1.090388,1.502281,-1.060070,-0.255336,-1.193618,0.912209
599,99.821,A,5,64.541613,49.146148,65.625745,47.343934,0.384307,-0.224398,139.5505,0.156376,139.5554,0.153246,66.657103,47.604341,139.4832,1.063725,2.617722,-1.031358,-0.260407,-2.115490,1.541807
600,100.033,A,5,65.070562,49.211023,65.448891,47.651842,0.437790,-0.221490,140.4462,0.152457,140.4402,0.150582,66.592353,47.816970,140.3706,1.155323,2.063790,-1.143461,-0.165129,-1.521790,1.394053
601,100.244,A,5,65.370476,48.131702,65.372544,47.926868,0.456698,-0.235552,141.3011,0.147450,141.2898,0.145512,66.526053,48.027141,141.2232,1.157859,1.160299,-1.153509,-0.100273,-1.155578,0.104561
602,100.453,A,5,65.157244,48.792938,65.355754,47.993560,0.427830,-0.223672,141.9606,0.141858,142.1021,0.139614,66.457612,48.236422,142.0384,1.128305,1.414449,-1.101858,-0.242862,-1.300368,0.556516
603,100.627,A,5,64.286857,49.501210,65.303369,48.161177,0.409445,-0.217175,142.9058,0.134929,142.8799,0.133120,66.384550,48.446735,142.8188,1.118255,2.347815,-1.081180,-0.285558,-2.097693,1.054475
604,100.858,A,5,64.428665,50.019731,65.132200,48.400505,0.442993,-0.208575,143.6720,0.130170,143.6314,0.129932,66.303426,48.659419,143.5721,1.199502,2.316285,-1.171225,-0.258914,-1.874761,1.360312
605,101.068,A,5,64.752273,49.153827,64.967613,48.750630,0.495606,-0.229450,144.4029,0.125017,144.3665,0.123388,66.212108,48.874615,144.3081,1.250656,1.486297,-1.244495,-0.123984,-1.459835,0.279213
606,101.266,A,5,65.737697,50.109815,64.941500,48.796145,0.447988,-0.207406,145.1117,0.122588,145.0843,0.120513,66.110871,49.091698,145.0278,1.206142,1.084353,-1.169371,-0.295553,-0.373174,1.018117
607,101.487,A,5,64.494989,49.932781,65.035561,49.033233,0.415894,-0.254210,145.7685,0.118234,145.7211,0.117504,66.002290,49.309858,145.7211,1.005528,1.630947,-0.966729,-0.276625,-1.507301,0.622923
608,101.681,A,5,64.345163,50.460372,64.935050,49.209650,0.419546,-0.245093,146.4288,0.112548,146.4318,0.111294,65.890362,49.527878,146.3807,1.006921,1.804767,-0.955311,-0.318228,-1.545198,0.932495
609,101.861,A,5,65.112411,49.436377,64.825764,49.437719,0.434037,-0.248179,147.0564,0.107113,147.0527,0.105818,65.777978,49.744562,147.0043,1.000432,0.733456,-0.952214,-0.306843,-0.665567,-0.308185
610,102.031,A,5,63.512148,50.147598,64.846311,49.480287,0.382350,-0.232074,147.6422,0.100827,147.6415,0.100754,65.665749,49.958909,147.5954,0.948978,2.161851,-0.819439,-0.478622,-2.153601,0.188689
611,102.217,A,5,64.424604,50.878853,64.627679,49.617661,0.410226,-0.197589,148.2328,0.098022,148.2050,0.096064,65.552270,50.170469,148.1607,1.077249,1.331705,-0.924591,-0.552809,-1.127666,0.708383
612,102.398,A,5,64.045817,51.576184,64.573261,49.842537,0.411107,-0.217978,148.7691,0.094145,148.7475,0.093951,65.434894,50.380009,148.7049,1.015523,1.833131,-0.861633,-0.537472,-1.389077,1.196175
613,102.606,A,5,64.610405,51.163036,64.491096,50.287304,0.458379,-0.290254,149.2698,0.088682,149.2675,0.087191,65.311079,50.589606,149.2269,0.873933,0.905409,-0.819983,-0.302302,-0.700674,0.573430
614,102.828,A,5,64.585941,51.668567,64.467320,50.333693,0.414336,-0.262371,149.7715,0.085582,149.7596,0.085634,65.179793,50.801384,149.7214,0.852262,1.051031,-0.712472,-0.467690,-0.593852,0.867184
615,103.000,A,5,63.936215,51.754964,64.462770,50.574732,0.403529,-0.288708,150.2298,0.080992,150.2187,0.079635,65.041815,51.016477,150.1833,0.728308,1.329554,-0.579045,-0.441746,-1.105601,0.738487
616,103.165,A,5,64.650419,52.425370,64.363770,50.793972,0.413049,-0.291332,150.6711,0.075367,150.6436,0.074182,64.899102,51.233888,150.6107,0.692897,1.217157,-0.535332,-0.439916,-0.248682,1.191482
617,103.347,A,5,63.545622,52.520186,64.385100,51.081456,0.402209,-0.330531,151.0616,0.070630,151.0416,0.069656,64.754029,51.451398,151.0105,0.522462,1.613244,-0.368929,-0.369942,-1.208407,1.068788
618,103.524,A,5,63.682994,52.162299,64.240713,51.342487,0.429009,-0.332314,151.4526,0.066223,151.4210,0.065483,64.608336,51.666206,151.3912,0.489837,1.049936,-0.367623,-0.323719,-0.925341,0.496093
619,103.691,A,5,62.778023,52.549690,64.136124,51.512398,0.427864,-0.317999,151.8186,0.061749,151.7845,0.061411,64.462821,51.876613,151.7561,0.489268,1.814270,-0.326697,-0.364215,-1.684797,0.673077
620,103.858,A,5,63.551329,52.757976,63.911063,51.713136,0.461802,-0.295151,152.1745,0.057795,152.1293,0.055217,64.317370,52.083223,152.1025,0.549591,1.020838,-0.406307,-0.370087,-0.766041,0.674753
621,104.060,A,5,63.834932,52.800898,63.830989,51.914794,0.454819,-0.298150,152.4814,0.053078,152.4522,0.052890,64.170865,52.289127,152.4272,0.505609,0.612177,-0.339876,-0.374333,-0.335933,0.511771
622,104.299,A,5,62.135282,53.095658,63.805790,52.092682,0.430856,-0.303292,152.7584,0.048645,152.7496,0.047911,64.021292,52.497447,152.7268,0.458558,1.978607,-0.215501,-0.404765,-1.886009,0.598211
623,104.481,A,5,62.155066,53.626350,63.532398,52.286843,0.475472,-0.275525,153.0495,0.045524,153.0229,0.045363,63.866456,52.709258,153.0018,0.538544,1.941627,-0.334058,-0.422415,-1.711390,0.917092
624,104.644,A,5,63.162714,54.189296,63.297453,52.530905,0.511896,-0.270385,153.3189,0.044644,153.2797,0.043221,63.705054,52.923322,153.2595,0.565800,1.377253,-0.407602,-0.392416,-0.542341,1.265974
625,104.798,A,5,62.345527,53.135133,63.244652,52.823931,0.503688,-0.305385,153.5478,0.043369,153.5287,0.045708,63.537490,53.137156,153.5090,0.428793,1.191965,-0.292838,-0.313224,-1.191964,-0.002022
626,104.955,A,5,61.885081,53.957624,63.079895,52.917954,0.496681,-0.268929,153.8097,0.042228,153.7730,0.042884,63.365883,53.348739,153.7537,0.517074,1.601098,-0.285989,-0.430785,-1.480802,0.608884
627,105.111,A,5,61.559046,54.299121,62.869705,53.117163,0.517214,-0.258276,154.0545,0.040347,154.0089,0.039866,63.193091,53.557658,153.9905,0.546457,1.794400,-0.323386,-0.440496,-1.634046,0.741462
628,105.290,A,5,60.895371,54.833547,62.639758,53.337465,0.543154,-0.252189,154.2775,0.036086,154.2291,0.034924,63.021253,53.764947,154.2122,0.572957,2.379345,-0.381496,-0.427482,-2.125882,1.068600
629,105.466,A,5,61.853715,55.037128,62.342294,53.604960,0.589893,-0.250460,154.7081,0.116796,154.6970,0.166740,62.854101,53.972976,154.6217,0.630383,1.460545,-0.511807,-0.368017,-1.000387,1.064152
630,105.654,A,5,61.047303,55.411839,62.227841,53.864535,0.581542,-0.272525,155.3800,0.073409,155.3508,0.032419,62.698849,54.177250,155.3339,0.565366,2.061993,-0.471008,-0.312715,-1.651546,1.234589
631,105.824,A,5,61.210502,55.239640,62.020122,54.132116,0.615507,-0.289155,155.2931,-0.036040,155.2620,0.029529,62.536233,54.380126,155.2514,0.572608,1.579977,-0.516111,-0.248011,-1.325731,0.859514
632,105.992,A,5,59.886380,55.348554,61.848438,54.357012,0.598793,-0.283577,156.0133,0.171576,156.0030,0.169572,62.381451,54.582196,155.9248,0.578628,2.610112,-0.533013,-0.225184,-2.495071,0.766358
633,106.141,A,5,61.407153,55.334529,61.514876,54.550789,0.638705,-0.257018,156.5355,0.046723,156.4736,0.022491,62.218949,54.781717,156.4632,0.740977,0.982148,-0.704074,-0.230928,-0.811796,0.552812
634,106.314,A,5,60.764877,55.787992,61.452065,54.714721,0.596773,-0.261240,157.1710,0.161719,157.1770,0.180692,62.052446,54.980424,157.0942,0.656548,1.519868,-0.600381,-0.265703,-1.287569,0.807568
635,106.474,A,5,60.471591,56.222743,61.314914,54.910335,0.599184,-0.271083,157.8082,0.122328,157.9279,0.115673,61.885866,55.179195,157.8745,0.631088,1.757603,-0.570952,-0.268860,-1.414276,1.043548
636,106.635,A,5,61.019926,56.164275,61.138151,55.158711,0.588682,-0.276610,158.8002,0.163187,158.8032,0.148910,61.722840,55.377237,158.7342,0.624191,1.055233,-0.584689,-0.218526,-0.702914,0.787038
637,106.812,A,5,59.849433,56.867307,61.076879,55.353750,0.555352,-0.288061,159.6692,0.161960,159.6897,0.167700,61.566125,55.573198,159.6143,0.536208,2.149825,-0.489245,-0.219448,-1.716691,1.294109
638,106.992,A,5,60.298909,55.963570,60.852413,55.623461,0.578561,-0.299099,160.6616,0.176198,160.6732,0.179518,61.417522,55.765563,160.5917,0.582701,1.136003,-0.565108,-0.142102,-1.118613,0.198006
639,107.164,A,5,60.251760,56.982957,60.726329,55.719258,0.551289,-0.274374,161.7333,0.188665,161.7348,0.195992,61.274802,55.953401,161.6469,0.596360,1.451413,-0.548473,-0.234143,-1.023042,1.029555
640,107.328,A,5,60.012916,55.874879,60.612660,55.949002,0.539197,-0.291142,162.8728,0.204129,162.8764,0.208434,61.134404,56.137412,162.7822,0.554721,1.151808,-0.521744,-0.188411,-1.121489,-0.262533
641,107.486,A,5,59.822786,56.513450,60.481477,55.979270,0.510602,-0.250233,164.1105,0.215077,164.0915,0.216349,60.992457,56.319815,163.9918,0.614062,1.185590,-0.510981,-0.340545,-1.169671,0.193635
642,107.649,A,5,58.831455,56.993027,60.342011,56.094812,0.497098,-0.237556,165.3872,0.223650,165.3675,0.225718,60.846314,56.503037,165.2635,0.648821,2.073583,-0.504303,-0.408225,-2.014859,0.489991
643,107.802,A,5,59.528351,58.180255,60.075404,56.261705,0.525432,-0.228539,166.7176,0.231275,166.6954,0.233713,60.695558,56.688025,166.5873,0.752556,1.894498,-0.620154,-0.426320,-1.167207,1.492230
644,107.958,A,5,59.396554,56.354791,59.948326,56.580345,0.525890,-0.278048,168.0560,0.240650,168.0746,0.243499,60.542055,56.873631,167.9623,0.662217,1.257525,-0.593729,-0.293286,-1.145502,-0.518840
645,108.125,A,5,58.683241,57.154436,59.821773,56.582523,0.495192,-0.234239,169.4721,0.231701,169.4622,0.200345,60.388894,57.057349,169.3675,0.739652,1.708414,-0.567121,-0.474826,-1.705653,0.097087
646,108.306,A,5,59.074373,58.052431,59.608763,56.697644,0.502915,-0.220662,170.3684,0.164948,170.3728,0.205863,60.232617,57.234505,170.2797,0.823052,1.417932,-0.623855,-0.536861,-1.158244,0.817925
647,108.488,A,5,58.590025,58.074678,59.483944,56.927845,0.494001,-0.249915,171.9728,0.329033,172.0416,0.344300,60.077519,57.410364,171.8819,0.764955,1.629095,-0.593575,-0.482519,-1.487494,0.664314
648,108.658,A,5,58.650702,58.154883,59.305993,57.128098,0.497787,-0.264098,173.4214,0.196628,173.4208,0.147871,59.923047,57.581066,173.3512,0.765464,1.395754,-0.617054,-0.452967,-1.272345,0.573818
649,108.810,A,5,58.321506,58.204255,59.162889,57.311165,0.488960,-0.275388,174.3663,0.205086,174.3996,0.247523,59.766002,57.747931,174.2879,0.744654,1.514860,-0.603113,-0.436766,-1.444496,0.456324
650,108.959,A,5,58.561575,58.053575,58.992428,57.474174,0.486859,-0.278803,175.8243,0.220955,175.8311,0.174049,59.606707,57.920749,175.7499,0.759452,1.053538,-0.614279,-0.446574,-1.045132,0.132826
651,109.117,A,5,57.423548,58.865525,58.882919,57.590134,0.463848,-0.273030,176.7260,0.184147,176.7455,0.225681,59.438357,58.088281,176.6431,0.746098,2.159529,-0.555438,-0.498146,-2.014810,0.777245
652,109.280,A,5,56.974516,57.946590,58.621383,57.807592,0.492695,-0.289913,177.8663,0.162437,177.8533,0.151061,59.261094,58.255557,177.7842,0.780962,2.307358,-0.639711,-0.447965,-2.286578,-0.308967
653,109.473,A,5,57.676446,59.031403,58.329425,57.856398,0.517692,-0.256073,178.9376,0.182796,178.9048,0.162359,59.074304,58.416828,178.8288,0.932162,1.526994,-0.744878,-0.560430,-1.397858,0.614576
654,109.664,A,5,57.379314,58.553882,58.181979,58.056287,0.503901,-0.278321,179.8990,0.169708,179.8815,0.168403,58.880890,58.572668,179.8041,0.868980,1.501693,-0.698911,-0.516381,-1.501575,-0.018786
655,109.860,A,5,57.355084,59.240743,58.013557,58.156401,0.493243,-0.268791,-179.1515,0.162537,-179.1778,0.160419,58.684857,58.725881,-179.2512,0.880313,1.425966,-0.671299,-0.569480,-1.329773,0.514862
656,110.056,A,5,57.749407,59.590260,57.866935,58.342416,0.479774,-0.287208,-178.2708,0.152961,-178.1848,0.150050,58.489216,58.878355,-178.3575,0.821257,1.026707,-0.622281,-0.535939,-0.739809,0.711906
657,110.192,A,5,56.779412,60.396941,57.801710,58.554272,0.443734,-0.313773,-177.4485,0.145373,-177.4470,0.142001,58.295206,59.030399,-177.5127,0.685737,2.040850,-0.493496,-0.476127,-1.515794,1.366542
658,110.365,A,5,56.772450,59.261907,57.604337,58.856306,0.451716,-0.361239,-176.6628,0.139208,-176.6467,0.137433,58.102062,59.180439,-176.7094,0.593963,1.332106,-0.497725,-0.324132,-1.329613,0.081468
659,110.523,A,5,56.494108,60.213710,57.434579,58.948162,0.445804,-0.342398,-175.8834,0.132800,-175.8784,0.130869,57.907320,59.326261,-175.9388,0.605345,1.668753,-0.472741,-0.378099,-1.413212,0.887449
660,110.689,A,5,56.994520,59.922943,57.248556,59.165819,0.446363,-0.363635,-175.1501,0.128416,-175.0500,0.126939,57.707894,59.466746,-175.1955,0.549134,0.846769,-0.459338,-0.300927,-0.713373,0.456197
661,110.864,A,5,56.825755,59.880489,57.164495,59.309540,0.415327,-0.361793,-174.4401,0.124268,-174.4241,0.120188,57.501625,59.602657,-174.4800,0.446737,0.730747,-0.337130,-0.293117,-0.675870,0.277832
662,111.044,A,5,55.701990,59.762979,57.070502,59.425028,0.390440,-0.352115,-173.7618,0.116621,-173.7443,0.115386,57.288348,59.735881,-173.7974,0.379587,1.586589,-0.217846,-0.310853,-1.586357,0.027099
663,111.303,A,5,55.952591,60.998260,56.834338,59.498286,0.421445,-0.340679,-173.2234,0.112147,-173.1000,0.109544,57.069980,59.867850,-173.1503,0.438298,1.589461,-0.235643,-0.369564,-1.117390,1.130410
664,111.449,A,5,55.336358,60.188995,56.651054,59.753425,0.410047,-0.368606,-172.4997,0.105281,-172.4881,0.105819,56.849633,59.998405,-172.5360,0.315355,1.525230,-0.198579,-0.244980,-1.513275,0.190590
665,111.605,A,5,55.245937,60.908440,56.410957,59.847535,0.427752,-0.354731,-171.8959,0.101340,-171.9027,0.099664,56.630188,60.126085,-171.9487,0.354475,1.590041,-0.219231,-0.278550,-1.384251,0.782355
666,111.755,A,5,54.799112,60.526322,56.191152,60.033067,0.435397,-0.370141,-171.3317,0.098151,-171.3386,0.097606,56.413096,60.249466,-171.3830,0.309980,1.637557,-0.221944,-0.216399,-1.613984,0.276855
667,111.911,A,5,54.382144,60.829908,55.936442,60.134703,0.453326,-0.360433,-170.7740,0.094334,-170.7940,0.094547,56.197749,60.368280,-170.8368,0.350485,1.873371,-0.261307,-0.233578,-1.815604,0.461628
668,112.083,A,5,53.862709,60.934120,55.666379,60.259165,0.485337,-0.369259,-170.3408,0.091354,-170.2716,0.088428,55.981588,60.483535,-170.3124,0.386909,2.166258,-0.315210,-0.224370,-2.118879,0.450585
669,112.259,A,5,54.564399,60.833179,55.336757,60.390298,0.505938,-0.363824,-169.7334,0.085205,-169.7765,0.082313,55.761175,60.596576,-169.8150,0.471891,1.219940,-0.424418,-0.206278,-1.196776,0.236603
670,112.449,A,5,54.388524,61.248166,55.167199,60.481670,0.489180,-0.351853,-169.2696,0.079887,-169.3115,0.076933,55.533810,60.707853,-169.3477,0.430770,1.266340,-0.366611,-0.226184,-1.145285,0.540313
671,112.638,A,5,53.339378,61.095213,54.998201,60.620144,0.472410,-0.355609,-168.8409,0.075567,-168.8726,0.073391,55.298750,60.816454,-168.9070,0.358981,1.979102,-0.300549,-0.196310,-1.959372,0.278759
672,112.801,A,5,53.248509,61.066518,54.699168,60.715060,0.496986,-0.351488,-168.4093,0.073318,-168.4506,0.071767,55.057385,60.920780,-168.4840,0.413086,1.814738,-0.358217,-0.205721,-1.808876,0.145737
673,112.953,A,5,53.490020,61.486269,54.428868,60.790349,0.510536,-0.341829,-167.9895,0.071433,-168.0387,0.070418,54.812385,61.019833,-168.0714,0.446932,1.402217,-0.383517,-0.229484,-1.322365,0.466436
674,113.104,A,5,54.068289,61.316895,54.233649,60.915757,0.497990,-0.345432,-167.5987,0.068752,-167.6371,0.067847,54.566279,61.114089,-167.6687,0.387270,0.537702,-0.332630,-0.198332,-0.497990,0.202806
675,113.258,A,5,52.861102,61.983401,54.154905,60.997661,0.454604,-0.330867,-167.2268,0.065166,-167.2525,0.063999,54.320247,61.205239,-167.2825,0.265381,1.653675,-0.165342,-0.207578,-1.459145,0.778163
676,113.427,A,5,51.925111,62.205496,53.911731,61.165707,0.460100,-0.351402,-166.5926,0.159580,-166.5613,0.207066,54.076284,61.298646,-166.6558,0.211544,2.334508,-0.164554,-0.132939,-2.151174,0.906850
677,113.597,A,5,52.316073,61.450912,53.563814,61.342600,0.494302,-0.378062,-165.8140,0.086510,-165.8291,0.043552,53.841580,61.394294,-165.8516,0.282536,1.526557,-0.277766,-0.051694,-1.525507,0.056618
678,113.771,A,5,52.392834,61.629862,53.322507,61.381914,0.500078,-0.356518,-165.7583,0.020824,-165.7727,0.066397,53.600467,61.484564,-165.8018,0.296310,1.216343,-0.277961,-0.102650,-1.207634,0.145298
679,113.938,A,5,51.558943,61.909602,53.128449,61.439748,0.490198,-0.340893,-164.8813,0.191963,-164.8474,0.174586,53.364211,61.580158,-164.9295,0.274407,1.835083,-0.235763,-0.140410,-1.805269,0.329445
680,114.097,A,5,50.946447,62.912229,52.839679,61.528505,0.506803,-0.342367,-164.2806,0.056420,-164.3151,0.057080,53.120341,61.667484,-164.3393,0.313187,2.505036,-0.280662,-0.138979,-2.173894,1.244746
681,114.253,A,5,51.865832,62.781834,52.500667,61.752842,0.526980,-0.386723,-163.4768,0.192901,-163.4190,0.204205,52.873612,61.752611,-163.5143,0.372945,1.440458,-0.372945,0.000231,-1.007779,1.029224
682,114.420,A,5,51.534756,62.136217,52.346268,61.927223,0.493713,-0.400019,-162.6607,0.124743,-162.6191,0.142155,52.624355,61.835429,-162.6815,0.292845,1.130354,-0.278087,0.091794,-1.089599,0.300788
683,114.580,A,5,50.210141,62.448013,52.168130,61.980256,0.478992,-0.378808,-161.6515,0.187721,-161.6175,0.174446,52.378003,61.920477,-161.6979,0.218221,2.231125,-0.209873,0.059780,-2.167862,0.527536
684,114.736,A,5,50.945447,62.184093,51.820338,62.068951,0.511824,-0.383262,-160.6580,0.183509,-160.6487,0.170488,52.136844,62.007562,-160.7271,0.322405,1.204405,-0.316506,0.061388,-1.191397,0.176530
685,114.910,A,5,50.021926,61.414232,51.630896,62.103973,0.498697,-0.361109,-160.0988,0.068513,-160.1302,0.094835,51.898350,62.092212,-160.1717,0.267712,1.995150,-0.267454,0.011761,-1.876424,-0.677981
686,115.086,A,5,51.319922,62.473307,51.333921,62.016137,0.527222,-0.315903,-159.0615,0.221371,-159.0766,0.264670,51.661772,62.176261,-159.1964,0.364864,0.452877,-0.327850,-0.160124,-0.341850,0.297046
687,115.274,A,5,50.189248,62.628410,51.273341,62.094084,0.471584,-0.305092,-157.7692,0.178845,-157.8229,0.130804,51.423878,62.256960,-157.8850,0.221788,1.289296,-0.150537,-0.162877,-1.234629,0.371450
688,115.448,A,5,49.135288,62.666983,51.058255,62.183195,0.465185,-0.312168,-157.2645,0.102597,-157.3011,0.143606,51.181236,62.327234,-157.3646,0.189398,2.073966,-0.122981,-0.144039,-2.045949,0.339748
689,115.608,A,5,49.599156,62.649709,50.718184,62.264496,0.494772,-0.328207,-156.1366,0.202274,-156.1717,0.166357,50.930568,62.399900,-156.2495,0.251876,1.354646,-0.212384,-0.135404,-1.331413,0.249809
690,115.770,A,5,49.459904,62.631549,50.494668,62.330890,0.488637,-0.328383,-155.7063,0.013098,-155.8243,-0.024729,50.675957,62.463139,-155.8129,0.224400,1.227659,-0.181289,-0.132248,-1.216053,0.168410
691,115.953,A,5,49.228060,61.786873,50.284376,62.384746,0.480359,-0.324371,-155.3573,0.126836,-155.4027,0.173382,50.425583,62.528626,-155.4810,0.201596,1.408637,-0.141207,-0.143880,-1.197523,-0.741754
692,116.116,A,5,48.605150,62.780420,50.071972,62.303601,0.486932,-0.284404,-154.2531,0.160035,-154.2764,0.086276,50.175675,62.591010,-154.3958,0.305545,1.581905,-0.103702,-0.287409,-1.570524,0.189410
693,116.281,A,5,48.913882,63.414711,49.810633,62.377280,0.503208,-0.305726,-154.1055,-0.004783,-154.2904,-0.038114,49.942185,62.645377,-154.2712,0.298634,1.284243,-0.131551,-0.268098,-1.028303,0.769333
694,116.452,A,5,48.501970,63.108270,49.611496,62.538256,0.465333,-0.327828,-153.9539,0.088211,-153.9929,0.129474,49.713446,62.699592,-154.0509,0.190849,1.278551,-0.101950,-0.161337,-1.211476,0.408678
695,116.629,A,5,48.302012,63.091206,49.391783,62.631434,0.456431,-0.337956,-153.5837,0.013722,-153.6650,-0.039833,49.487027,62.753601,-153.6487,0.154907,1.232168,-0.095243,-0.122167,-1.185015,0.337605
696,116.795,A,5,47.627250,63.760902,49.168595,62.710766,0.449033,-0.342675,-153.7161,0.013251,-153.7576,0.053125,49.267753,62.805560,-153.7812,0.137180,1.898402,-0.099158,-0.094794,-1.640503,0.955343
697,116.946,A,5,47.469035,63.943811,48.902721,62.873924,0.459893,-0.387963,-153.6250,0.003227,-153.7170,-0.059518,49.047953,62.856889,-153.6901,0.146228,1.916868,-0.145232,0.017035,-1.578918,1.086922
698,117.096,A,5,47.712856,62.991637,48.635845,63.045898,0.454990,-0.420393,-153.8568,-0.011460,-153.8580,-0.014392,48.833557,62.904040,-153.8520,0.243339,1.124120,-0.197713,0.141857,-1.120701,0.087596
699,117.249,A,5,47.616824,62.190141,48.432620,63.057210,0.440861,-0.386419,-154.1239,-0.052645,-154.1294,-0.043297,48.624380,62.946245,-154.1091,0.221551,1.259707,-0.191759,0.110965,-1.007556,-0.756104
700,117.415,A,5,47.020818,62.955990,48.267989,62.940689,0.455883,-0.336125,-154.3221,-0.056764,-154.4349,-0.064724,48.420874,62.984142,-154.4062,0.158941,1.400340,-0.152885,-0.043453,-1.400057,-0.028152
701,117.603,A,5,47.687149,63.168770,48.020446,62.954693,0.453341,-0.320972,-154.7934,-0.073699,-154.8415,-0.077048,48.223827,63.019869,-154.8057,0.213569,0.556952,-0.203381,-0.065175,-0.536679,0.148902
702,117.802,A,5,47.049716,63.430027,47.916208,62.996560,0.419156,-0.304755,-155.3116,-0.089483,-155.3375,-0.090881,48.032312,63.055823,-155.2945,0.130354,1.051439,-0.116104,-0.059263,-0.982596,0.374204
703,117.962,A,5,46.985000,63.599853,47.740107,63.070875,0.405634,-0.308844,-155.8730,-0.103860,-155.9209,-0.107896,47.845564,63.092594,-155.8712,0.107670,0.998940,-0.105457,-0.021719,-0.860564,0.507258
704,118.122,A,5,46.055443,62.701522,47.589778,63.158482,0.394988,-0.320510,-156.4029,-0.114112,-156.5837,-0.119942,47.663183,63.128694,-156.5280,0.079219,1.663521,-0.073405,0.029788,-1.607740,-0.427172
705,118.290,A,5,45.630841,62.956557,47.306514,63.105699,0.419527,-0.293389,-157.0817,-0.060608,-157.1045,-0.016537,47.482870,63.161207,-157.0952,0.184886,1.863302,-0.176357,-0.055508,-1.852030,-0.204650
706,118.455,A,5,45.790769,63.706947,47.008551,63.093935,0.448960,-0.289608,-157.3455,-0.091463,-157.4188,-0.133138,47.300557,63.189537,-157.3587,0.307257,1.595986,-0.292005,-0.095602,-1.509788,0.517411
707,118.619,A,5,45.540346,63.893062,46.776625,63.195053,0.443653,-0.308251,-158.4487,-0.195446,-158.5096,-0.157007,47.112599,63.206228,-158.4356,0.336160,1.715728,-0.335974,-0.011176,-1.572253,0.686834
708,118.776,A,5,45.965375,63.822887,46.541880,63.311583,0.438333,-0.328699,-158.8936,-0.024291,-158.8781,-0.014674,46.920782,63.224926,-158.8724,0.388685,1.127102,-0.378902,0.086657,-0.955407,0.597961
709,118.943,A,5,45.318585,63.878982,46.405341,63.402487,0.410513,-0.327859,-159.4678,-0.150148,-159.5147,-0.197121,46.727977,63.240486,-159.4259,0.361024,1.547276,-0.322636,0.162001,-1.409392,0.638496
710,119.113,A,5,45.990520,63.918395,46.195395,63.489840,0.406831,-0.334424,-160.1285,-0.059866,-160.1143,-0.019241,46.534477,63.254634,-160.1051,0.412673,0.858177,-0.339083,0.235206,-0.543957,0.663761
711,119.283,A,5,45.484590,64.459937,46.117222,63.570963,0.368786,-0.323174,-160.6387,-0.131728,-160.6651,-0.134587,46.340321,63.268778,-160.6006,0.375618,1.466675,-0.223099,0.302185,-0.855731,1.191159
712,119.462,A,5,45.223015,63.049256,45.979416,63.721577,0.344304,-0.338897,-161.1377,-0.079888,-161.1316,-0.095093,46.144531,63.280101,-161.0882,0.471343,0.949990,-0.165115,0.441476,-0.921515,-0.230845
713,119.618,A,5,44.332982,62.292093,45.824574,63.641612,0.353153,-0.291232,-161.6122,-0.075654,-161.6207,-0.084789,45.945209,63.286530,-161.5825,0.375015,1.894249,-0.120634,0.355082,-1.612227,-0.994436
714,119.791,A,5,43.511182,64.100343,45.560587,63.456384,0.402060,-0.231830,-162.0392,-0.077998,-162.0789,-0.078200,45.739835,63.288243,-162.0438,0.245767,2.372004,-0.179248,0.168141,-2.228654,0.812100
715,119.938,A,5,44.953261,62.697264,45.211252,63.562454,0.437653,-0.268277,-162.4771,-0.074477,-162.5070,-0.074735,45.526556,63.286187,-162.4734,0.419214,0.821886,-0.315304,0.276268,-0.573294,-0.588923
716,120.100,A,5,43.848329,63.333960,45.124638,63.445356,0.419577,-0.210756,-162.8788,-0.072451,-162.9215,-0.069574,45.305126,63.281619,-162.8888,0.243691,1.457737,-0.180488,0.163737,-1.456797,0.052341
717,120.267,A,5,44.158520,64.709043,44.889551,63.436631,0.433791,-0.205132,-163.2787,-0.070386,-163.3256,-0.069282,45.077033,63.275524,-163.2937,0.247194,1.702539,-0.187482,0.161107,-0.918512,1.433518
718,120.446,A,5,43.817996,62.554645,44.735217,63.633914,0.403695,-0.249025,-163.8643,-0.134388,-163.9192,-0.183905,44.846328,63.266589,-163.8367,0.383762,1.250733,-0.111111,0.367325,-1.028332,-0.711945
719,120.621,A,5,43.694604,63.226039,44.554158,63.485480,0.418686,-0.193399,-164.7686,-0.117411,-164.8027,-0.074784,44.625385,63.256774,-164.7668,0.239541,0.931289,-0.071227,0.228706,-0.930781,-0.030735
720,120.789,A,5,42.412726,63.962615,44.382043,63.454361,0.418010,-0.176081,-164.8478,-0.000244,-164.8705,-0.034024,44.403544,63.247986,-164.8568,0.207493,2.115196,-0.021501,0.206376,-1.990818,0.714629
721,120.956,A,5,42.230072,63.909790,44.045053,63.536781,0.453359,-0.207441,-165.5903,-0.184530,-165.6641,-0.201013,44.191037,63.235040,-165.5703,0.335200,2.073806,-0.145985,0.301741,-1.960965,0.674750
722,121.140,A,5,42.401790,63.578796,43.725013,63.602193,0.481038,-0.227426,-166.3128,-0.072222,-166.2967,-0.031657,43.978203,63.221312,-166.2812,0.457357,1.616438,-0.253190,0.380881,-1.576413,0.357484
723,121.303,A,5,42.644609,62.951314,43.479304,63.609060,0.491165,-0.221839,-166.9186,-0.163147,-166.9809,-0.197137,43.761261,63.207157,-166.8913,0.490944,1.145586,-0.281957,0.401903,-1.116652,-0.255843
724,121.479,A,5,42.502011,62.774192,43.303809,63.521530,0.487478,-0.183280,-167.7494,-0.114814,-167.7943,-0.104640,43.542629,63.190533,-167.7456,0.408159,1.120815,-0.238820,0.330997,-1.040618,-0.416341
725,121.669,A,5,41.999580,63.602198,43.134349,63.417771,0.483676,-0.143804,-168.6257,-0.170318,-168.7088,-0.156786,43.322366,63.172495,-168.6341,0.309047,1.390830,-0.188017,0.245275,-1.322786,0.429703
726,121.836,A,5,41.901765,63.485441,42.916839,63.450407,0.483210,-0.151104,-169.5331,-0.163146,-169.6153,-0.165420,43.103910,63.152948,-169.5399,0.351394,1.247279,-0.187072,0.297459,-1.202145,0.332493
727,122.014,A,5,41.009861,63.214688,42.717143,63.462219,0.479611,-0.149480,-170.5226,-0.173787,-170.6043,-0.176792,42.891506,63.131822,-170.5231,0.373584,1.883469,-0.174364,0.330397,-1.881645,0.082866
728,122.168,A,5,41.563834,63.106848,42.412391,63.433169,0.509107,-0.142864,-171.5983,-0.177843,-171.6398,-0.164667,42.686919,63.110019,-171.5625,0.424018,1.123090,-0.274528,0.323150,-1.123085,-0.003172
729,122.322,A,5,40.520869,63.189564,42.247651,63.390017,0.510293,-0.126279,-172.0152,-0.071709,-172.1907,-0.112078,42.484957,63.090754,-172.1402,0.381932,1.966572,-0.237306,0.299263,-1.964088,0.098809
730,122.469,A,5,41.286632,62.978063,41.942937,63.366081,0.538749,-0.122130,-172.9284,-0.204871,-173.3503,-0.285104,42.281308,63.069340,-173.2216,0.450057,0.998856,-0.338372,0.296741,-0.994677,-0.091277
731,122.614,A,5,41.001860,63.452909,41.794409,63.314492,0.518911,-0.099263,-174.3286,-0.203073,-174.5581,-0.118187,42.073771,63.047791,-174.5014,0.386228,1.145912,-0.279361,0.266701,-1.071911,0.405118
732,122.781,A,5,40.572433,64.585284,41.617952,63.341103,0.492350,-0.100454,-175.0603,-0.123217,-175.1390,-0.165028,41.861729,63.030278,-175.0648,0.395019,2.019982,-0.243777,0.310825,-1.289295,1.555006
733,122.954,A,5,40.310970,64.150631,41.414838,63.533127,0.480526,-0.152661,-176.2782,-0.195370,-176.3142,-0.150917,41.643615,63.004546,-176.2421,0.575966,1.757684,-0.228777,0.528581,-1.332646,1.146085
734,123.136,A,5,40.231727,63.469272,41.213589,63.634618,0.487524,-0.176154,-176.7540,-0.087653,-176.9136,-0.150762,41.422516,62.982786,-176.8466,0.684496,1.286331,-0.208927,0.651831,-1.190789,0.486485
735,123.310,A,5,39.779111,62.694562,41.012176,63.627221,0.475357,-0.154984,-177.8060,-0.128720,-177.8052,-0.103176,41.199174,62.957798,-177.7578,0.695051,1.444255,-0.186998,0.669424,-1.420063,-0.263236
736,123.468,A,5,38.940475,64.058509,40.781796,63.502069,0.488818,-0.106767,-178.5334,-0.144692,-178.5686,-0.131449,40.975991,62.936556,-178.5073,0.597926,2.324243,-0.194195,0.565512,-2.035516,1.121953
737,123.632,A,5,39.491715,63.702153,40.460417,63.595173,0.519235,-0.130385,-179.2620,-0.124375,-179.2836,-0.129052,40.751926,62.917550,-179.2250,0.737666,1.484498,-0.291509,0.677624,-1.260211,0.784603
738,123.787,A,5,39.027119,63.913554,40.266066,63.623697,0.511182,-0.126986,-179.9717,-0.121199,-179.9834,-0.118477,40.522375,62.898863,-179.9287,0.768816,1.807038,-0.256309,0.724834,-1.495256,1.014690
739,123.952,A,5,39.819149,63.700067,40.032470,63.679866,0.515138,-0.132403,179.3563,-0.114367,179.3524,-0.113497,40.286939,62.879165,179.4042,0.840164,0.944832,-0.254469,0.800701,-0.467790,0.820902
740,124.112,A,5,38.928964,62.849088,39.951392,63.696469,0.474928,-0.121284,178.7238,-0.107941,178.7246,-0.105259,40.045212,62.857938,178.7735,0.843764,1.116284,-0.093820,0.838532,-1.116248,-0.008849
741,124.276,A,5,37.903769,63.284781,39.753190,63.583320,0.476553,-0.075316,178.1489,-0.102851,178.1291,-0.099895,39.796633,62.836149,178.1757,0.748433,1.945303,-0.043443,0.747171,-1.892864,0.448632
742,124.456,A,5,38.099969,63.890895,39.431802,63.548378,0.512693,-0.059080,177.5887,-0.098314,177.5596,-0.098048,39.541181,62.815421,177.6043,0.741073,1.798259,-0.109379,0.732957,-1.441212,1.075473
743,124.634,A,5,37.856362,63.169087,39.184344,63.607932,0.521431,-0.070676,177.0315,-0.094556,177.0117,-0.092349,39.279542,62.796807,177.0547,0.816693,1.471066,-0.095198,0.811125,-1.423180,0.372280
744,124.796,A,5,37.529546,63.202942,38.936461,63.552475,0.530274,-0.046086,176.5166,-0.090579,176.4861,-0.086755,39.012426,62.779999,176.5272,0.776202,1.542016,-0.075965,0.772476,-1.482880,0.422943
745,124.955,A,5,37.252112,63.549021,38.675863,63.508489,0.541492,-0.027138,176.0286,-0.085161,175.9877,-0.085163,38.739963,62.763600,176.0265,0.747643,1.682436,-0.064101,0.744890,-1.487852,0.785421
746,125.109,A,5,37.317661,62.769700,38.411743,63.521409,0.552171,-0.026469,175.5588,-0.079530,175.5214,-0.077105,38.461910,62.746284,175.5575,0.776747,1.144489,-0.050167,0.775125,-1.144249,0.023416
747,125.267,A,5,36.831521,63.677205,38.195569,63.416337,0.547050,0.009575,175.1469,-0.072925,175.0878,-0.070382,38.178062,62.727755,175.1214,0.688805,1.647613,0.017507,0.688582,-1.346541,0.949450
748,125.426,A,5,36.814823,64.092358,37.939693,63.459406,0.554802,-0.001687,174.7383,-0.068019,174.6826,-0.067124,37.888145,62.708985,174.7142,0.752190,1.750926,0.051549,0.750421,-1.073322,1.383374
749,125.585,A,5,35.610493,62.450140,37.718900,63.559485,0.551853,-0.027949,174.3403,-0.065057,174.2992,-0.064045,37.591598,62.691509,174.3292,0.877262,1.995755,0.127302,0.867976,-1.981105,-0.241368
750,125.791,A,5,36.028848,63.637878,37.351421,63.402425,0.589838,0.027139,174.0015,-0.062856,173.9275,-0.061007,37.289567,62.677538,173.9567,0.727521,1.584824,0.061854,0.724887,-1.260719,0.960340
751,125.983,A,5,35.635927,63.389435,37.097422,63.441448,0.591904,0.016955,173.6402,-0.059565,173.5753,-0.058572,36.980832,62.665700,173.6025,0.784461,1.527273,0.116590,0.775749,-1.344906,0.723735
752,126.152,A,5,35.176683,63.186454,36.822572,63.438881,0.599250,0.021247,173.3151,-0.054492,173.2529,-0.052815,36.664782,62.653851,173.2773,0.800731,1.580539,0.157790,0.785030,-1.488099,0.532602
753,126.314,A,5,34.903639,63.855210,36.519300,63.406383,0.613396,0.034998,173.0291,-0.048688,172.9640,-0.047262,36.341931,62.641126,172.9858,0.785543,1.882202,0.177369,0.765257,-1.438292,1.214084
754,126.493,A,5,34.773701,62.841306,36.219323,63.477763,0.626957,0.017079,172.7536,-0.043761,172.7047,-0.043224,36.012791,62.628046,172.7245,0.874457,1.257308,0.206532,0.849717,-1.239089,0.213260
755,126.669,A,5,34.381593,63.776493,35.953609,63.388503,0.640869,0.049481,172.5679,-0.041197,172.4669,-0.039820,35.677983,62.616032,172.4855,0.820172,1.739913,0.275626,0.772472,-1.296390,1.160461
756,126.827,A,5,34.001038,62.370353,35.649971,63.450674,0.638361,0.032720,172.2896,-0.038651,172.2414,-0.039931,35.337906,62.606377,172.2591,0.900124,1.357543,0.312065,0.844297,-1.336868,-0.236024
757,126.993,A,5,33.530305,63.083638,35.342522,63.294849,0.644888,0.083662,172.0987,-0.037440,172.0252,-0.037444,34.992456,62.599321,172.0420,0.778657,1.540275,0.350066,0.695528,-1.462150,0.484317
758,127.173,A,5,33.191467,62.868643,35.023210,63.264263,0.674925,0.094710,171.9354,-0.035162,171.8232,-0.033865,34.640948,62.593916,171.8386,0.771680,1.475286,0.382262,0.670348,-1.449480,0.274727
759,127.367,A,5,32.419770,63.174460,34.688026,63.205869,0.689805,0.112038,171.7547,-0.031291,171.6453,-0.029296,34.282852,62.588919,171.6587,0.738101,1.952930,0.405174,0.616951,-1.863082,0.585541
760,127.532,A,5,31.591836,63.542780,34.271888,63.200321,0.710369,0.111746,171.5583,-0.025239,171.4922,-0.024649,33.918158,62.583979,171.5037,0.710635,2.516162,0.353730,0.616341,-2.326321,0.958800
761,127.684,A,5,31.601065,63.539299,33.803210,63.251337,0.760851,0.099713,171.4073,-0.022975,171.3553,-0.024075,33.547539,62.580081,171.3660,0.718298,2.169992,0.255671,0.671256,-1.946475,0.959219
762,127.843,A,5,31.798302,62.214950,33.401090,63.296186,0.785410,0.089248,171.2608,-0.022652,171.2243,-0.022849,33.171980,62.578810,171.2348,0.753074,1.421050,0.229111,0.717376,-1.373678,-0.363860
763,127.995,A,5,30.631519,63.280647,33.085880,63.137928,0.774011,0.136622,171.1643,-0.022373,171.0947,-0.020488,32.792425,62.581053,171.1050,0.629464,2.271331,0.293455,0.556874,-2.160906,0.699594
764,128.152,A,5,31.246764,63.385610,32.644190,63.158094,0.807592,0.131211,171.0277,-0.021244,170.9692,-0.018537,32.409580,62.586352,170.9789,0.618005,1.411012,0.234609,0.571742,-1.162816,0.799258
765,128.306,A,5,30.438702,63.081475,32.356934,63.191999,0.792317,0.116865,170.9008,-0.018841,170.8531,-0.017937,32.023738,62.593348,170.8619,0.685130,1.658496,0.333195,0.598652,-1.585036,0.488127
766,128.486,A,5,30.141898,63.297572,31.993684,63.176708,0.799238,0.121973,170.7975,-0.016775,170.7490,-0.016301,31.634647,62.600932,170.7569,0.678548,1.647303,0.359038,0.575777,-1.492749,0.696640
767,128.682,A,5,30.346273,62.285446,31.639613,63.195747,0.803979,0.116386,170.6959,-0.015477,170.6554,-0.016166,31.241839,62.609092,170.6626,0.708794,0.952252,0.397774,0.586655,-0.895566,-0.323646
768,128.854,A,5,29.128794,63.800268,31.368348,63.061253,0.777451,0.152979,170.6359,-0.015534,170.5658,-0.014283,30.845106,62.618909,170.5729,0.685165,2.083587,0.523242,0.442344,-1.716312,1.181358
769,129.013,A,5,28.465198,63.274611,30.957970,63.169701,0.805131,0.120490,170.5109,-0.015521,170.4748,-0.015224,30.444706,62.631672,170.4822,0.743583,2.081303,0.513264,0.538029,-1.979508,0.642939
770,129.167,A,5,28.407085,63.494944,30.507593,63.186995,0.837132,0.120642,170.4107,-0.015568,170.3832,-0.007446,30.041046,62.647809,170.3887,0.713013,1.840507,0.466548,0.539185,-1.633961,0.847135
771,129.329,A,5,27.980745,63.799405,30.112590,63.234985,0.850287,0.109614,170.8261,0.110473,170.8599,0.088414,29.646557,62.669625,170.8181,0.732679,2.012792,0.466033,0.565359,-1.665812,1.129780
772,129.499,A,5,28.139278,63.611688,29.711878,63.321974,0.865265,0.088893,170.8795,-0.034478,170.8706,-0.077351,29.260153,62.687871,170.9039,0.778552,1.452515,0.451725,0.634104,-1.120875,0.923817
773,129.655,A,5,27.920036,62.970275,29.393638,63.370326,0.852598,0.078411,170.6693,0.019022,170.7238,0.073043,28.878504,62.703778,170.6923,0.842407,0.994827,0.515134,0.666548,-0.958468,0.266497
774,129.817,A,5,27.029200,62.793828,29.091343,63.315891,0.832159,0.098302,171.3297,0.097315,171.3638,0.059598,28.511715,62.723974,171.3348,0.828453,1.484160,0.579628,0.591917,-1.482515,0.069854
775,129.973,A,5,26.858109,63.137118,28.702857,63.240332,0.838474,0.125642,171.4705,0.025368,171.4738,0.069761,28.140439,62.741462,171.4440,0.751788,1.341981,0.562418,0.498870,-1.282330,0.395655
776,130.151,A,5,26.674958,63.182024,28.345838,63.224382,0.837581,0.130598,172.1528,0.118634,172.1589,0.084863,27.778216,62.764430,172.1179,0.730582,1.179646,0.567622,0.459951,-1.103258,0.417594
777,130.330,A,5,26.255954,63.189852,28.014815,63.216168,0.829630,0.131138,172.6508,0.104023,172.6568,0.117320,27.416612,62.788183,172.6031,0.735539,1.228196,0.598203,0.427985,-1.160658,0.401670
778,130.497,A,5,25.984424,63.566615,27.671501,63.209275,0.826419,0.131307,173.3515,0.119054,173.3562,0.135010,27.062824,62.813821,173.2950,0.725859,1.315161,0.608676,0.395455,-1.078401,0.752794
779,130.650,A,5,25.387367,63.198639,27.339195,63.258669,0.822895,0.113997,174.1141,0.139093,174.1336,0.143010,26.717773,62.838910,174.0680,0.749908,1.378182,0.621422,0.419759,-1.330406,0.359729
780,130.801,A,5,24.875785,62.999012,26.967992,63.245982,0.828652,0.117780,174.9879,0.156130,174.9995,0.160136,26.384634,62.864242,174.9270,0.697159,1.514857,0.583357,0.381740,-1.508850,0.134771
781,130.962,A,5,25.191053,62.836836,26.575374,63.203629,0.838969,0.129632,175.9541,0.170074,175.9511,0.173744,26.060984,62.888774,175.8720,0.603101,0.871480,0.514390,0.314855,-0.869931,-0.051937
782,131.139,A,5,24.811348,63.711697,26.287558,63.141010,0.816845,0.140910,177.0025,0.183147,176.9808,0.186759,25.744447,62.913588,176.8957,0.588804,1.227865,0.543111,0.227422,-0.933100,0.798109
783,131.314,A,5,23.875529,63.967514,25.987889,63.215859,0.805913,0.110098,178.0852,0.196036,178.0806,0.197807,25.432187,62.940138,177.9902,0.620344,1.865124,0.555702,0.275721,-1.556659,1.027376
784,131.479,A,5,23.984413,63.137446,25.594453,63.318862,0.824547,0.076623,179.2242,0.207059,179.2467,0.208617,25.121690,62.968913,179.1510,0.588192,1.149696,0.472763,0.349949,-1.137277,0.168533
785,131.637,A,5,24.212637,63.260104,25.274899,63.284068,0.815158,0.083957,-179.5340,0.217523,-179.5197,0.219737,24.811930,62.999082,-179.6210,0.543652,0.653670,0.462969,0.284986,-0.599293,0.261022
786,131.787,A,5,23.487951,64.093957,25.038214,63.270615,0.783367,0.080778,-178.4142,0.156352,-178.4425,0.107495,24.502545,63.027216,-178.4942,0.588374,1.472188,0.535669,0.243399,-1.014595,1.066741
787,131.949,A,5,22.315408,63.155402,24.731398,63.382800,0.778636,0.041566,-177.6353,0.188204,-177.5880,0.233403,24.200521,63.049135,-177.6937,0.627027,1.888105,0.530877,0.333665,-1.885112,0.106266
788,132.088,A,5,22.115859,62.509372,24.296594,63.339678,0.809458,0.053236,-175.9418,0.303318,-175.9044,0.259924,23.906536,63.081306,-176.0253,0.467869,1.879795,0.390058,0.258373,-1.790676,-0.571933
789,132.243,A,5,22.831624,63.695696,23.894592,63.203197,0.826176,0.088211,-174.9383,0.116191,-174.9872,0.107136,23.621417,63.104587,-175.0348,0.290429,0.986500,0.273175,0.098611,-0.789793,0.591109
790,132.413,A,5,22.613283,64.393664,23.657506,63.260244,0.793990,0.059105,-173.8436,0.245180,-173.8202,0.290732,23.345469,63.130269,-173.9517,0.338024,1.460227,0.312037,0.129974,-0.732187,1.263395
791,132.592,A,5,21.122094,63.106066,23.426030,63.414440,0.763828,0.003854,-172.7137,0.146719,-172.7140,0.104740,23.076152,63.159203,-172.7615,0.433083,1.954780,0.349878,0.255237,-1.954058,-0.053136
792,132.781,A,5,21.806719,63.346999,23.010033,63.357019,0.791901,0.015681,-171.7117,0.216292,-171.6854,0.220481,22.811087,63.186133,-171.7881,0.262262,1.017169,0.198946,0.170886,-1.004368,0.160866
793,133.015,A,5,20.829942,63.854377,22.755671,63.341891,0.768702,0.012986,-170.7708,0.160999,-170.8306,0.175501,22.548716,63.212728,-170.8306,0.243955,1.834638,0.206955,0.129164,-1.718773,0.641649
794,133.228,A,5,21.148995,62.896633,22.411405,63.406262,0.794194,-0.015109,-169.9997,0.163800,-169.7881,0.165291,22.288542,63.238436,-169.8635,0.207992,1.189705,0.122863,0.167826,-1.139547,-0.341803
795,133.410,A,5,20.745821,62.944717,22.136602,63.315088,0.759856,0.005276,-168.8730,0.159087,-168.8661,0.156409,22.031616,63.262778,-168.9380,0.117296,1.324549,0.104986,0.052310,-1.285795,-0.318060
796,133.568,A,5,20.550564,63.742725,21.873049,63.247507,0.764346,0.016228,-168.1503,0.154191,-167.9872,0.151404,21.779890,63.286881,-168.0561,0.101138,1.311121,0.093159,-0.039373,-1.229327,0.455844
797,133.729,A,5,19.671912,63.360477,21.607692,63.303936,0.746995,-0.013391,-167.3177,0.147354,-167.1465,0.143449,21.535296,63.312060,-167.2123,0.072850,1.864014,0.072396,-0.008124,-1.863385,0.048417
798,133.899,A,5,20.504101,63.913119,21.238047,63.294177,0.745566,-0.024427,-166.3529,0.138232,-166.3429,0.136629,21.298838,63.338803,-166.4059,0.075413,0.980533,-0.060792,-0.044626,-0.794737,0.574316
799,134.068,A,5,19.694717,63.422199,21.055454,63.370664,0.702269,-0.053275,-165.5698,0.132706,-165.5749,0.131734,21.067087,63.365840,-165.6350,0.012594,1.373527,-0.011633,0.004824,-1.372370,0.056359
800,134.216,A,5,19.044323,63.801138,20.788683,63.366064,0.693880,-0.059380,-164.8667,0.126643,-164.8415,0.125936,20.831340,63.390101,-164.8990,0.048963,1.833679,-0.042657,-0.024037,-1.787017,0.411037
801,134.395,A,5,19.239821,64.007635,20.462838,63.417950,0.699622,-0.085066,-164.1790,0.121227,-164.1401,0.119898,20.591409,63.411186,-164.1950,0.128749,1.477342,-0.128571,0.006764,-1.351587,0.596449
802,134.562,A,5,19.054842,63.793843,20.213479,63.494604,0.680629,-0.111981,-163.5224,0.115405,-163.4708,0.115587,20.347893,63.429499,-163.5231,0.149351,1.343402,-0.134414,0.065105,-1.293052,0.364344
803,134.718,A,5,19.558328,63.541004,19.974904,63.530216,0.662655,-0.123979,-162.8908,0.109479,-162.8345,0.107024,20.101708,63.445817,-162.8842,0.152323,0.551654,-0.126804,0.084399,-0.543380,0.095188
804,134.865,A,5,18.814203,63.214708,19.848494,63.523999,0.616809,-0.116351,-162.2779,0.104158,-162.2314,0.102747,19.853965,63.460828,-162.2784,0.063407,1.068494,-0.005471,0.063170,-1.039761,-0.246120
805,135.023,A,5,17.687423,63.963139,19.634529,63.469744,0.604919,-0.101977,-161.6898,0.098372,-161.6594,0.096776,19.605447,63.474648,-161.7041,0.029492,1.979253,0.029081,-0.004904,-1.918025,0.488491
806,135.194,A,5,17.900899,63.688276,19.285738,63.533461,0.625050,-0.133319,-161.1583,0.093899,-161.1147,0.091847,19.356022,63.486636,-161.1574,0.084454,1.469028,-0.070285,0.046825,-1.455123,0.201641
807,135.381,A,5,17.151535,64.185267,19.018224,63.548556,0.622414,-0.142131,-160.6369,0.090647,-160.5934,0.089570,19.104770,63.495873,-160.6343,0.101320,2.071326,-0.086546,0.052683,-1.953235,0.689395
808,135.541,A,5,17.632886,63.867741,18.678530,63.635802,0.634827,-0.176778,-160.1539,0.085429,-160.0932,0.085188,18.850603,63.501816,-160.1325,0.218086,1.271509,-0.172073,0.133987,-1.217717,0.365925
809,135.701,A,5,16.739569,63.231306,18.459237,63.665109,0.615452,-0.182055,-159.6731,0.082660,-159.6146,0.082900,18.592673,63.504497,-159.6521,0.208809,1.873133,-0.133436,0.160612,-1.853104,-0.273191
810,135.875,A,5,16.199188,64.405245,18.141343,63.595390,0.634399,-0.167469,-159.1988,0.078255,-159.1584,0.078732,18.330598,63.504241,-159.1940,0.210061,2.314027,-0.189255,0.091149,-2.131411,0.901004
811,136.028,A,5,17.175524,64.248198,17.788602,63.708965,0.645018,-0.210410,-158.7823,0.075461,-158.7239,0.073853,18.064691,63.501278,-158.7579,0.345484,1.161253,-0.276090,0.207687,-0.889167,0.746920
812,136.193,A,5,15.747678,64.064277,17.631797,63.785550,0.601704,-0.221002,-158.3727,0.072552,-158.3086,0.071684,17.795990,63.495647,-158.3412,0.333171,2.125776,-0.164193,0.289903,-2.048312,0.568631
813,136.357,A,5,16.719988,63.160939,17.288902,63.824863,0.619088,-0.237226,-157.8305,0.128760,-157.7316,0.178751,17.526594,63.489224,-157.8116,0.411280,0.870852,-0.237692,0.335639,-0.806606,-0.328285
814,136.525,A,5,15.533775,63.822125,17.140499,63.723576,0.592696,-0.194731,-156.8325,0.128116,-156.7981,0.089056,17.267769,63.487843,-156.8399,0.267895,1.765922,-0.127271,0.235732,-1.733994,0.334282
815,136.701,A,5,15.231102,63.856255,16.840884,63.732499,0.601255,-0.203441,-156.6851,0.005181,-156.6747,0.036543,17.007328,63.479666,-156.6892,0.302702,1.815709,-0.166444,0.252833,-1.776226,0.376589
816,136.873,A,5,16.232620,64.143495,16.539787,63.745349,0.608460,-0.213086,-155.9304,0.190239,-155.8556,0.218954,16.754947,63.477699,-155.9577,0.343409,0.846232,-0.215160,0.267649,-0.522327,0.665796
817,137.049,A,5,15.481343,63.983875,16.432047,63.799167,0.556616,-0.213807,-155.1307,0.090444,-155.1186,0.053427,16.503331,63.475387,-155.1428,0.331534,1.141499,-0.071284,0.323780,-1.021988,0.508488
818,137.217,A,5,15.464269,64.125667,16.232915,63.822391,0.539403,-0.215876,-154.4405,0.171634,-154.3757,0.196813,16.249055,63.470162,-154.4653,0.352598,1.022534,-0.016139,0.352229,-0.784786,0.655505
819,137.375,A,5,14.459199,63.323723,16.062284,63.863388,0.514217,-0.220045,-153.4903,0.146920,-153.4468,0.141203,15.995231,63.467110,-153.5119,0.401910,1.542710,0.067053,0.396277,-1.536032,-0.143387
820,137.527,A,5,14.634934,63.905548,15.769578,63.778661,0.539249,-0.203595,-152.5007,0.191525,-152.4647,0.184684,15.742213,63.463126,-152.5501,0.316720,1.192394,0.027366,0.315535,-1.107279,0.442422
821,137.683,A,5,14.685391,63.633957,15.545214,63.790195,0.531375,-0.208666,-151.4741,0.184643,-151.4437,0.183251,15.493103,63.459846,-151.5268,0.334434,0.826265,0.052111,0.330349,-0.807712,0.174111
822,137.857,A,5,14.092195,63.915807,15.362576,63.759284,0.517816,-0.197510,-150.3538,0.197268,-150.3274,0.199511,15.250275,63.458730,-150.4192,0.320849,1.245017,0.112301,0.300554,-1.158080,0.457077
823,138.024,A,5,13.505523,64.180701,15.120297,63.773523,0.516236,-0.207971,-149.1708,0.208189,-149.1464,0.210254,15.014058,63.460447,-149.2431,0.330611,1.671659,0.106239,0.313077,-1.508535,0.720254
824,138.215,A,5,13.171135,63.552227,14.826355,63.824848,0.523401,-0.234580,-147.9391,0.218273,-147.9054,0.220370,14.783011,63.464886,-148.0068,0.362562,1.614241,0.043344,0.359962,-1.611877,0.087341
825,138.364,A,5,13.467624,63.790700,14.524979,63.775177,0.543890,-0.233383,-146.6294,0.228495,-146.6083,0.230261,14.554813,63.471125,-146.7141,0.305512,1.133185,-0.029833,0.304052,-1.087189,0.319575
826,138.548,A,5,12.917530,63.432121,14.311304,63.766354,0.532808,-0.232777,-145.2734,0.237735,-145.2565,0.240413,14.327282,63.477701,-145.3667,0.289095,1.410488,-0.015977,0.288653,-1.409752,-0.045580
827,138.728,A,5,12.977668,63.345626,13.894145,63.652491,0.596773,-0.236420,-143.8495,0.247490,-143.8498,0.247768,14.099272,63.483215,-143.9643,0.265954,1.130011,-0.205127,0.169277,-1.121604,-0.137589
828,138.921,A,5,11.950264,64.037960,13.834609,63.636387,0.539431,-0.213720,-142.3864,0.257000,-142.3882,0.259428,13.871132,63.487113,-142.5071,0.153677,1.998291,-0.036523,0.149274,-1.920868,0.550847
829,139.100,A,5,12.566269,63.055663,13.499904,63.679211,0.550399,-0.250206,-140.8897,0.265800,-140.8739,0.266113,13.644458,63.490105,-140.9969,0.238027,1.162424,-0.144554,0.189106,-1.078189,-0.434442
830,139.288,A,5,12.282606,63.625025,13.305155,63.570233,0.546842,-0.224148,-139.3087,0.274733,-139.3113,0.275167,13.421313,63.493930,-139.4379,0.138978,1.146229,-0.116158,0.076303,-1.138707,0.131096
831,139.470,A,5,12.050721,62.512190,13.099049,63.559179,0.530896,-0.228881,-137.7061,0.281580,-137.7057,0.283392,13.203179,63.500436,-137.8356,0.119556,1.518153,-0.104129,0.058743,-1.152458,-0.988246
832,139.661,A,5,11.949406,63.557889,12.891367,63.383634,0.543765,-0.194366,-136.0348,0.288294,-136.0615,0.290546,12.990246,63.510481,-136.1944,0.160833,1.041920,-0.098879,-0.126847,-1.040841,0.047407
833,139.837,A,5,12.155037,64.270093,12.700615,63.385508,0.520947,-0.205813,-134.3596,0.295174,-134.3814,0.296323,12.781587,63.523584,-134.5171,0.160067,0.974598,-0.080972,-0.138076,-0.626550,0.746509
834,140.000,A,5,11.366685,62.812776,12.567763,63.493637,0.467029,-0.231536,-132.5965,0.301028,-132.6660,0.302700,12.575698,63.538242,-132.8045,0.045306,1.409970,-0.007935,-0.044605,-1.209013,-0.725466
835,140.146,A,5,10.969559,62.899669,12.344728,63.373430,0.482429,-0.218295,-130.8979,0.307803,-130.9152,0.309540,12.370979,63.552493,-131.0566,0.180977,1.546013,-0.026250,-0.179063,-1.401420,-0.652824
836,140.305,A,5,10.778273,63.622931,12.094520,63.279891,0.495841,-0.219590,-129.1078,0.312614,-129.1293,0.314903,12.166303,63.564731,-129.2735,0.293746,1.389249,-0.071782,-0.284840,-1.388030,0.058200
837,140.461,A,5,10.659760,63.592767,11.852286,63.305632,0.481947,-0.247677,-127.2987,0.319363,-127.3095,0.320086,11.961502,63.574494,-127.4563,0.290198,1.301870,-0.109216,-0.268862,-1.301742,0.018273
838,140.628,A,5,9.768600,62.579237,11.627867,63.324443,0.465692,-0.268484,-125.9130,0.200299,-125.9406,0.212028,11.756067,63.576561,-126.0361,0.282840,2.223664,-0.128199,-0.252118,-1.987467,-0.997324
839,140.806,A,5,10.046697,62.869940,11.305156,63.190442,0.502196,-0.275908,-124.2562,0.335100,-124.2251,0.377220,11.549927,63.574830,-124.3965,0.455705,1.660293,-0.244771,-0.384388,-1.503231,-0.704890
840,140.974,A,5,10.724497,63.511761,11.069671,63.115970,0.502553,-0.279017,-122.1990,0.312324,-122.2115,0.264757,11.343165,63.570203,-122.3346,0.530214,0.621422,-0.273494,-0.454233,-0.618668,-0.058442
841,141.157,A,5,9.864910,63.668590,10.969709,63.147528,0.451819,-0.275101,-120.9875,0.214524,-121.0105,0.248006,11.142117,63.558257,-121.1223,0.445447,1.281964,-0.172408,-0.410729,-1.277208,0.110333
842,141.327,A,5,9.775640,63.213280,10.760266,63.199969,0.423105,-0.300155,-119.2372,0.322908,-119.2322,0.288561,10.938343,63.548928,-119.3664,0.391770,1.210182,-0.178077,-0.348959,-1.162704,-0.335648
843,141.489,A,5,8.671482,62.799905,10.569068,63.179331,0.409506,-0.304961,-118.0139,0.190591,-118.0276,0.219644,10.739167,63.533712,-118.1264,0.393090,2.194036,-0.170100,-0.354380,-2.067685,-0.733807
844,141.638,A,5,9.886625,63.635547,10.243214,63.099920,0.434480,-0.330996,-116.5368,0.247699,-116.5476,0.207845,10.537074,63.515110,-116.6446,0.508662,0.661505,-0.293861,-0.415191,-0.650449,0.120437
845,141.800,A,5,9.715440,63.423657,10.142737,63.155746,0.383145,-0.325739,-115.3054,0.224897,-115.3088,0.195172,10.335633,63.486078,-115.4009,0.382529,0.623327,-0.192896,-0.330332,-0.620193,-0.062420
846,141.962,A,5,9.059385,62.705836,10.035118,63.174988,0.347439,-0.316551,-114.0990,0.210357,-114.0955,0.208940,10.132164,63.446051,-114.1907,0.287912,1.303370,-0.097046,-0.271063,-1.072779,-0.740215
847,142.137,A,5,8.967353,64.277121,9.849148,63.086034,0.354839,-0.310527,-112.9242,0.200626,-112.9383,0.197012,9.926598,63.395077,-113.0286,0.318600,1.303133,-0.077450,-0.309043,-0.959246,0.882045
848,142.324,A,5,9.004699,62.972857,9.676380,63.242520,0.296974,-0.341265,-111.8519,0.189238,-111.8398,0.186939,9.721471,63.339912,-111.9256,0.107324,0.805290,-0.045091,-0.097392,-0.716772,-0.367055
849,142.498,A,5,9.460053,63.504045,9.535732,63.187318,0.293667,-0.327846,-110.7948,0.181128,-110.7945,0.178652,9.520146,63.289479,-110.8763,0.103343,0.222822,0.015586,-0.102161,-0.060092,0.214566
850,142.647,A,5,8.913938,63.405790,9.484876,63.218933,0.254940,-0.306069,-109.7962,0.171752,-109.7979,0.169548,9.323129,63.244000,-109.8759,0.163677,0.440015,0.161746,-0.025067,-0.409191,0.161789
851,142.793,A,5,8.326218,62.791994,9.363828,63.233023,0.234979,-0.302713,-108.8467,0.163849,-108.8461,0.161768,9.129875,63.200582,-108.9206,0.236191,0.901559,0.233953,0.032441,-0.803657,-0.408587
852,142.955,A,5,8.283491,62.603559,9.174927,63.154478,0.250280,-0.305697,-107.9322,0.156037,-107.9414,0.154219,8.936991,63.148489,-108.0121,0.238012,0.850887,0.237937,0.005990,-0.653499,-0.544929
853,143.115,A,5,7.735886,63.126809,9.007294,63.057803,0.265038,-0.301308,-107.0618,0.147491,-107.0843,0.146741,8.743468,63.085672,-107.1511,0.265294,1.008422,0.263826,-0.027868,-1.007582,0.041138
854,143.302,A,5,7.243813,61.775887,8.782773,63.051273,0.259933,-0.324668,-106.2521,0.139894,-106.2751,0.138649,8.549159,63.013174,-106.3381,0.236700,1.798558,0.233613,0.038098,-1.305346,-1.237288
855,143.465,A,5,7.335628,62.445456,8.517389,62.844847,0.313393,-0.333621,-105.4618,0.132828,-105.5121,0.131402,8.354682,62.933270,-105.5715,0.185182,1.129795,0.162707,-0.088424,-1.019055,-0.487814
856,143.621,A,5,7.146493,61.731714,8.302685,62.764000,0.319283,-0.343194,-104.7345,0.124798,-104.7909,0.122156,8.161260,62.848727,-104.8471,0.164863,1.509129,0.141425,-0.084727,-1.014767,-1.117013
857,143.798,A,5,7.501669,63.944996,8.087899,62.585896,0.349500,-0.341361,-103.9854,0.117299,-104.1068,0.117030,7.970130,62.761534,-104.1603,0.211467,1.272807,0.117769,-0.175638,-0.468461,1.183462
858,143.963,A,5,6.087020,61.429228,7.963049,62.766065,0.267994,-0.354013,-103.4190,0.112502,-103.4561,0.110869,7.781808,62.671753,-103.5070,0.204312,2.101469,0.181241,0.094312,-1.694788,-1.242525
859,144.116,A,5,6.668266,62.288955,7.645169,62.548578,0.325140,-0.378633,-102.7875,0.107075,-102.8372,0.103224,7.595830,62.577818,-102.8855,0.057352,0.971503,0.049339,-0.029239,-0.927564,-0.288863
860,144.261,A,5,6.258702,62.270126,7.457350,62.486856,0.318355,-0.379546,-102.2043,0.101063,-102.2502,0.098759,7.411148,62.477660,-102.2960,0.047109,1.170983,0.046202,0.009196,-1.152446,-0.207534
861,144.438,A,5,6.308873,61.911315,7.236668,62.431688,0.312826,-0.390655,-101.6526,0.096037,-101.6948,0.094839,7.226854,62.369460,-101.7381,0.062996,1.025956,0.009814,0.062227,-0.917981,-0.458146
862,144.602,A,5,5.740837,62.044807,7.053959,62.330705,0.316559,-0.385753,-101.1019,0.090929,-101.1677,0.089503,7.042902,62.252235,-101.2090,0.079246,1.318484,0.011058,0.078470,-1.302065,-0.207428
863,144.788,A,5,5.858541,60.519917,6.817530,62.265633,0.314363,-0.401305,-100.6237,0.087633,-100.6633,0.086569,6.860201,62.126430,-100.7030,0.145596,1.893200,-0.042670,0.139203,-1.001659,-1.606513
864,144.942,A,5,5.636819,61.609780,6.631829,61.982049,0.369606,-0.383366,-100.2094,0.038880,-100.3058,-0.011150,6.681102,61.994414,-100.3032,0.050801,1.112866,-0.049273,-0.012364,-1.044283,-0.384634
865,145.107,A,5,5.603220,60.527200,6.440877,61.897858,0.361041,-0.384947,-100.3504,0.008640,-100.4157,0.047581,6.510482,61.868912,-100.4362,0.075384,1.619665,-0.069605,0.028946,-0.907262,-1.341712
866,145.295,A,5,5.225714,60.859859,6.273793,61.665297,0.394013,-0.369332,-99.6648,0.148023,-99.7266,0.126221,6.339668,61.744134,-99.7858,0.102736,1.422264,-0.065875,-0.078837,-1.113953,-0.884274
867,145.481,A,5,5.318434,60.854874,6.076319,61.513298,0.401490,-0.370694,-99.5093,-0.032343,-99.6458,-0.085284,6.175933,61.626906,-99.6083,0.151095,1.153836,-0.099614,-0.113608,-0.857499,-0.772032
868,145.634,A,5,5.089176,61.689829,5.921771,61.382728,0.398730,-0.361291,-99.5931,0.033518,-99.6710,0.075859,6.016899,61.512010,-99.7041,0.160509,0.944610,-0.095128,-0.129282,-0.927722,0.177819
869,145.785,A,5,5.781277,60.988428,5.756752,61.396415,0.355045,-0.365440,-99.4825,-0.029607,-99.5862,-0.067046,5.858235,61.393255,-99.5555,0.101532,0.412077,-0.101482,0.003160,-0.076958,-0.404827
870,145.950,A,5,5.066373,61.684554,5.720122,61.307662,0.338366,-0.325529,-99.7026,-0.008870,-99.7829,-0.001355,5.705944,61.272770,-99.7829,0.037662,0.760669,0.014178,0.034892,-0.639571,0.411784
871,146.120,A,5,5.437647,61.235209,5.585981,61.337190,0.295359,-0.325916,-99.8564,-0.014299,-99.9035,0.020545,5.556619,61.147531,-99.9115,0.191918,0.147790,0.029362,0.189658,-0.118973,0.087677
872,146.283,A,5,4.630665,61.102582,5.528139,61.299250,0.272694,-0.300148,-99.6308,0.012860,-99.6839,-0.028159,5.408149,61.016846,-99.6728,0.306839,0.782197,0.119990,0.282404,-0.777484,0.085736
873,146.452,A,5,4.188044,60.352713,5.361148,61.248931,0.262684,-0.308587,-100.2145,-0.128082,-100.2812,-0.108248,5.266027,60.878299,-100.2298,0.382643,1.199287,0.095121,0.370632,-1.077983,-0.525586
874,146.616,A,5,4.631594,61.008586,5.152209,61.095456,0.286201,-0.322385,-100.3588,0.016458,-100.3843,0.028628,5.122004,60.741360,-100.3970,0.355382,0.558490,0.030205,0.354096,-0.490410,0.267226
875,146.787,A,5,4.410461,60.477089,5.038983,61.061006,0.266810,-0.313306,-100.5086,-0.065578,-100.5622,-0.079408,4.980948,60.605603,-100.5256,0.459086,0.584783,0.058035,0.455403,-0.570487,-0.128514
876,146.941,A,5,3.443381,59.780500,4.910709,60.954100,0.271743,-0.305692,-100.7819,-0.022798,-100.8134,-0.015726,4.843682,60.469652,-100.8058,0.489062,1.560696,0.067027,0.484448,-1.400301,-0.689152
877,147.113,A,5,3.903930,59.870023,4.657677,60.758594,0.308728,-0.330407,-100.8387,0.010072,-100.8468,0.060332,4.707589,60.332768,-100.8717,0.428741,0.927363,-0.049913,0.425826,-0.803660,-0.462745
878,147.288,A,5,3.403693,59.835430,4.508342,60.602471,0.323885,-0.324082,-100.4687,0.036204,-100.5129,-0.004417,4.573694,60.201043,-100.5119,0.406713,1.225796,-0.065352,0.401428,-1.170001,-0.365614
879,147.467,A,5,3.601922,60.079938,4.306937,60.462975,0.335193,-0.334611,-100.7883,-0.063898,-100.8439,-0.056480,4.442880,60.060396,-100.8179,0.424913,0.841185,-0.135942,0.402580,-0.840958,0.019542
880,147.634,A,5,3.985707,60.260833,4.163950,60.380148,0.325428,-0.329935,-100.6931,0.062705,-100.6982,0.075855,4.307883,59.921422,-100.7332,0.480776,0.467971,-0.143933,0.458726,-0.322176,0.339411
881,147.815,A,5,2.997402,58.548388,4.100427,60.337379,0.300809,-0.304996,-100.4154,0.018537,-100.4462,0.011532,4.172056,59.778083,-100.4512,0.563864,1.700577,-0.071628,0.559296,-1.174654,-1.229695
882,148.013,A,5,3.223390,58.454228,3.901676,60.046779,0.358645,-0.308915,-100.1630,0.061070,-100.1994,0.067943,4.037362,59.630348,-100.2303,0.437979,1.430318,-0.135686,0.416431,-0.813972,-1.176120
883,148.177,A,5,3.062129,58.897209,3.765148,59.779837,0.398879,-0.295691,-99.7141,0.085533,-99.7598,0.096766,3.903836,59.485184,-99.8038,0.325661,1.026735,-0.138688,0.294653,-0.841707,-0.587975
884,148.338,A,5,3.303086,58.786771,3.625827,59.614781,0.404575,-0.290672,-99.2763,0.066130,-99.3275,0.097646,3.772709,59.344324,-99.3708,0.307767,0.728979,-0.146882,0.270456,-0.469623,-0.557553
885,148.496,A,5,3.717899,58.765842,3.544056,59.456975,0.404248,-0.270163,-98.6454,0.095757,-98.7044,0.096500,3.642073,59.212578,-98.7483,0.263320,0.453125,-0.098017,0.244397,0.075826,-0.446736
886,148.677,A,5,2.748769,58.308192,3.538830,59.319055,0.394084,-0.231248,-97.9673,0.119959,-98.0299,0.122209,3.511894,59.087752,-98.0860,0.232866,1.090905,0.026936,0.231303,-0.763125,-0.779560
887,148.860,A,5,2.764894,57.359857,3.393889,59.133290,0.406205,-0.235689,-97.2294,0.131943,-97.2871,0.136565,3.381245,58.967424,-97.3494,0.166346,1.721674,0.012644,0.165865,-0.616351,-1.607567
888,149.028,A,5,2.292556,59.218473,3.273198,58.832146,0.448998,-0.227356,-96.3983,0.146303,-96.4665,0.148890,3.250146,58.847152,-96.5351,0.027507,1.027063,0.023052,-0.015007,-0.957590,0.371321
889,149.210,A,5,2.491758,57.634475,3.100263,58.849077,0.395970,-0.250951,-95.5290,0.159964,-95.5658,0.163562,3.119134,58.723086,-95.6408,0.127396,1.256453,-0.018871,0.125991,-0.627377,-1.088611
890,149.378,A,5,2.189471,58.587624,2.981179,58.630089,0.414982,-0.245216,-94.5013,0.175414,-94.5856,0.178057,2.988721,58.593853,-94.6668,0.037013,0.799274,-0.007542,0.036237,-0.799250,-0.006229
891,149.545,A,5,2.235370,57.926721,2.837528,58.587025,0.381998,-0.256132,-93.5037,0.186358,-93.5309,0.189292,2.859066,58.461029,-93.6178,0.127824,0.821268,-0.021538,0.125996,-0.623696,-0.534308
892,149.717,A,5,1.890873,57.115519,2.720257,58.451410,0.377656,-0.253944,-92.3386,0.198029,-92.4091,0.200690,2.729982,58.328420,-92.5011,0.123374,1.474867,-0.009725,0.122990,-0.839108,-1.212901
893,149.865,A,5,1.635928,57.769901,2.572358,58.217490,0.404550,-0.258840,-91.3273,0.154475,-91.3850,0.112485,2.601525,58.198197,-91.4377,0.034971,1.056321,-0.029168,0.019293,-0.965597,-0.428295
894,150.018,A,5,1.840012,57.818090,2.412875,58.119852,0.397704,-0.278332,-90.8576,0.126055,-90.6717,0.200418,2.476972,58.068334,-90.7615,0.082235,0.684354,-0.064097,0.051518,-0.636960,-0.250244
895,150.187,A,5,1.438953,57.555250,2.301937,58.038211,0.375068,-0.275760,-89.4847,0.285801,-89.1534,0.248840,2.350104,57.939059,-89.2693,0.110233,0.988689,-0.048167,0.099152,-0.911151,-0.383808
896,150.360,A,5,2.245520,58.013451,2.145413,57.923689,0.355536,-0.278660,-88.2502,0.107806,-88.2924,0.073959,2.230252,57.808371,-88.3241,0.143163,0.205648,-0.084839,0.115317,0.015268,0.205080
897,150.528,A,5,1.999048,57.541778,2.134828,57.902068,0.317116,-0.247740,-87.3434,0.207573,-87.3400,0.250324,2.111782,57.674339,-87.4530,0.228893,0.174015,0.023046,0.227730,-0.112734,-0.132561
898,150.720,A,5,1.611127,57.391070,2.092613,57.816300,0.302845,-0.229100,-86.2280,0.140651,-86.2884,0.090137,1.992728,57.533835,-86.3320,0.299606,0.407432,0.099886,0.282465,-0.381601,-0.142764
899,150.886,A,5,1.778784,56.738933,2.005052,57.728205,0.299261,-0.232264,-85.6548,0.156999,-85.4390,0.204686,1.878868,57.383907,-85.5332,0.366693,0.652693,0.126184,0.344298,-0.100084,-0.644974
900,151.035,A,5,1.436337,57.654675,1.948885,57.544837,0.308792,-0.214662,-84.5623,0.134748,-84.6040,0.154770,1.768044,57.225269,-84.6755,0.367188,0.542605,0.180841,0.319568,-0.331708,0.429407
901,151.204,A,5,0.330612,56.653699,1.854714,57.529386,0.274421,-0.216613,-83.7232,0.134739,-83.7599,0.139704,1.661345,57.059515,-83.8232,0.508105,1.391236,0.193370,0.469871,-1.330733,-0.405816
902,151.391,A,5,0.907924,56.215766,1.609955,57.369368,0.285925,-0.263211,-82.9298,0.137777,-82.9517,0.135293,1.558980,56.889441,-83.0145,0.482626,0.936863,0.050975,0.479927,-0.651057,-0.673675
903,151.576,A,5,1.124801,56.725425,1.484141,57.166297,0.308409,-0.270059,-82.1605,0.132759,-82.1866,0.130100,1.459830,56.717714,-82.2465,0.449242,0.335118,0.024311,0.448584,-0.335029,0.007712
904,151.735,A,5,0.774004,55.405195,1.409206,57.067290,0.297517,-0.260680,-81.4271,0.126489,-81.4589,0.125581,1.362782,56.545776,-81.5157,0.523576,1.283583,0.046425,0.521514,-0.588778,-1.140581
905,151.888,A,5,0.477277,56.834437,1.294906,56.786940,0.340389,-0.267534,-80.7216,0.119920,-80.7676,0.118101,1.267605,56.373171,-80.8216,0.414668,0.915087,0.027301,0.413768,-0.790328,0.461266
906,152.071,A,5,0.727968,56.389995,1.152954,56.757174,0.303112,-0.277556,-80.0708,0.114851,-80.1086,0.112469,1.175064,56.197830,-80.1602,0.559781,0.486643,-0.022109,0.559344,-0.447096,0.192164
907,152.238,A,5,0.612298,56.578488,1.068580,56.668794,0.288529,-0.270864,-79.4381,0.109561,-79.4765,0.109130,1.086361,56.017191,-79.5262,0.651845,0.734703,-0.017781,0.651602,-0.474062,0.561296
908,152.415,A,5,0.372779,55.322189,0.980176,56.623037,0.262818,-0.265204,-78.8354,0.104938,-78.8682,0.105061,1.002295,55.829333,-78.9160,0.794012,0.808384,-0.022119,0.793704,-0.629515,-0.507144
909,152.564,A,5,-0.102207,54.730865,0.870147,56.398964,0.291521,-0.272595,-78.2456,0.100990,-78.2843,0.100143,0.922736,55.633725,-78.3300,0.767044,1.365892,-0.052589,0.765239,-1.024942,-0.902860
910,152.734,A,5,0.019079,55.559799,0.705959,56.116892,0.331122,-0.297905,-77.6817,0.097022,-77.7282,0.095336,0.846752,55.431448,-77.7716,0.699755,0.837566,-0.140792,0.685445,-0.827673,0.128352
911,152.904,A,5,-0.052752,54.963852,0.582657,55.996275,0.319520,-0.302561,-77.1571,0.090739,-77.2022,0.089864,0.773227,55.224808,-77.2431,0.794656,0.866222,-0.190571,0.771467,-0.825980,-0.260956
912,153.071,A,5,-0.259816,53.994673,0.466824,55.805490,0.329672,-0.307860,-76.6540,0.085836,-76.7059,0.082360,0.701489,55.016408,-76.7446,0.823236,1.402872,-0.234665,0.789082,-0.961305,-1.021735
913,153.234,A,5,-0.110960,54.849565,0.337728,55.497312,0.371664,-0.322533,-76.1795,0.080275,-76.2363,0.077912,0.631596,54.807953,-76.2729,0.749383,0.743721,-0.293868,0.689360,-0.742556,0.041612
914,153.420,A,5,-0.211021,54.694195,0.249563,55.358378,0.360724,-0.315862,-75.7441,0.075014,-75.7896,0.073434,0.564111,54.599424,-75.8246,0.821554,0.780904,-0.314547,0.758954,-0.775132,0.094771
915,153.588,A,5,-0.170187,54.413186,0.160289,55.218005,0.351196,-0.310748,-75.3292,0.071617,-75.3643,0.071543,0.499548,54.389197,-75.3975,0.895555,0.670164,-0.339259,0.828807,-0.669734,0.023989
916,153.736,A,5,0.195398,53.908386,0.091008,55.057539,0.349503,-0.301939,-74.9333,0.067507,-74.9615,0.067032,0.437991,54.174826,-74.9928,0.948462,0.360335,-0.346982,0.882714,-0.242593,-0.266440
917,153.888,A,5,-0.021546,53.922997,0.087808,54.846030,0.366469,-0.278548,-74.5473,0.064034,-74.5843,0.063326,0.379184,53.954058,-74.6135,0.938357,0.401932,-0.291376,0.891972,-0.400730,-0.031062
918,154.052,A,5,-0.463423,53.399562,0.055465,54.667118,0.370044,-0.265007,-74.1897,0.060138,-74.2344,0.057832,0.322913,53.725876,-74.2614,0.978501,0.851355,-0.267448,0.941241,-0.786336,-0.326314
919,154.232,A,5,-0.811204,52.315908,-0.036353,54.436601,0.384059,-0.274045,-73.8611,0.056392,-73.9096,0.055813,0.269188,53.491046,-73.9348,0.993694,1.596307,-0.305541,0.945554,-1.080392,-1.175138
920,154.406,A,5,-0.649594,53.696354,-0.166413,54.076999,0.430536,-0.302139,-73.5508,0.053593,-73.6058,0.051637,0.218081,53.251824,-73.6294,0.910357,0.974919,-0.384494,0.825175,-0.867675,0.444530
921,154.558,A,5,-0.139285,52.285527,-0.254534,53.972107,0.400513,-0.297747,-73.2717,0.049372,-73.3191,0.047857,0.169483,53.010897,-73.3414,1.050579,0.788353,-0.424018,0.961210,-0.308768,-0.725370
922,154.763,A,5,-0.820604,52.890391,-0.253130,53.675208,0.435441,-0.282168,-73.1633,-0.022143,-73.2511,-0.073583,0.124360,52.771567,-73.2204,0.979318,0.952405,-0.377489,0.903641,-0.944964,0.118823
923,154.955,A,5,-0.528777,51.762482,-0.351740,53.510095,0.420933,-0.287887,-73.4711,-0.010686,-73.5062,0.027422,0.079359,52.544081,-73.5190,1.057842,0.990317,-0.431099,0.966014,-0.608136,-0.781599
924,155.099,A,5,-1.020255,51.531178,-0.392705,53.202422,0.453072,-0.287361,-72.9698,0.098111,-72.9900,0.063184,0.032029,52.315410,-73.0214,0.983459,1.312372,-0.424734,0.887013,-1.052284,-0.784232
925,155.237,A,5,-0.344102,51.604353,-0.499816,52.903067,0.473602,-0.305573,-73.1657,-0.091155,-73.2356,-0.106249,-0.012317,52.094478,-73.1856,0.944178,0.591865,-0.487499,0.808589,-0.331786,-0.490125
926,155.409,A,5,0.479510,51.481940,-0.488680,52.668212,0.495085,-0.290510,-73.3556,-0.011153,-73.3392,0.051631,-0.055356,51.871282,-73.3625,0.907120,0.661566,-0.433324,0.796930,0.534866,-0.389342
927,155.603,A,5,0.164131,52.348867,-0.358953,52.429113,0.499967,-0.229939,-73.3605,-0.041352,-73.4406,-0.016964,-0.095545,51.643201,-73.4317,0.828879,0.751928,-0.263408,0.785912,0.259676,0.705665
928,155.770,A,5,-1.119098,51.053559,-0.287218,52.374921,0.470994,-0.190395,-73.2631,0.027347,-73.3375,-0.016083,-0.131125,51.408406,-73.3323,0.979038,1.049765,-0.156093,0.966515,-0.987973,-0.354847
929,155.924,A,5,-0.619506,50.479048,-0.414769,52.121542,0.461299,-0.217542,-73.6534,-0.071629,-73.7093,-0.070938,-0.159362,51.168281,-73.6769,0.986883,0.828719,-0.255408,0.953260,-0.460145,-0.689233
930,156.087,A,5,-0.212196,51.155060,-0.452901,51.828202,0.484980,-0.225553,-73.9937,-0.059669,-74.0486,-0.046297,-0.186813,50.927494,-74.0261,0.939189,0.228977,-0.266089,0.900707,-0.025383,0.227566
931,156.260,A,5,-1.141737,49.899019,-0.424767,51.676443,0.469981,-0.201840,-74.0223,-0.016875,-74.0699,-0.034202,-0.215896,50.690340,-74.0535,1.007981,1.217937,-0.208871,0.986103,-0.925841,-0.791322
932,156.433,A,5,-1.016586,49.418132,-0.536700,51.372372,0.501747,-0.239358,-74.2984,-0.062922,-74.3829,-0.029048,-0.241348,50.458272,-74.3676,0.960631,1.297262,-0.295353,0.914100,-0.775238,-1.040141
933,156.588,A,5,-0.156553,49.887502,-0.619260,51.018823,0.521609,-0.256151,-74.4502,-0.026362,-74.4901,-0.046761,-0.267673,50.228692,-74.4681,0.864824,0.358829,-0.351587,0.790131,0.111120,-0.341190
934,156.741,A,5,-1.296887,49.221780,-0.558785,50.806202,0.535830,-0.230200,-74.5742,-0.018827,-74.6708,-0.028428,-0.290080,49.997499,-74.6561,0.852175,1.270985,-0.268705,0.808703,-1.006808,-0.775719
935,156.907,A,5,-1.475473,49.768889,-0.676302,50.508011,0.530426,-0.252074,-74.7696,-0.023716,-74.8160,-0.024141,-0.308632,49.759367,-74.8050,0.834056,1.166880,-0.367669,0.748644,-1.166841,0.009522
936,157.079,A,5,-0.681081,48.508669,-0.806619,50.341393,0.501411,-0.270877,-74.9228,-0.022174,-74.9424,-0.021735,-0.322197,49.510995,-74.9331,0.961367,1.064638,-0.484422,0.830398,-0.358884,-1.002325
937,157.255,A,5,-1.048287,49.082711,-0.800458,50.012994,0.532938,-0.261449,-75.0367,-0.020768,-75.0469,-0.021157,-0.330752,49.252643,-75.0393,0.893732,0.737383,-0.469706,0.760351,-0.717536,-0.169932
938,157.422,A,5,-0.882181,48.274371,-0.848769,49.817578,0.518452,-0.257951,-75.1522,-0.018551,-75.1304,-0.017749,-0.335132,48.987989,-75.1244,0.975727,0.899173,-0.513638,0.829590,-0.547049,-0.713617
939,157.584,A,5,-1.325733,47.775527,-0.865037,49.531894,0.534005,-0.252821,-75.2366,-0.015150,-75.1967,-0.011611,-0.336716,48.722452,-75.1919,0.966602,1.369241,-0.528321,0.809442,-0.989016,-0.946925
940,157.750,A,5,-0.252434,47.542340,-0.944538,49.213186,0.552124,-0.268748,-75.3010,-0.010028,-75.2506,-0.008558,-0.336762,48.460287,-75.2466,0.967599,0.921813,-0.607776,0.752898,0.084328,-0.917947
941,157.896,A,5,-0.413035,47.949277,-0.852431,48.905261,0.578301,-0.232947,-75.3118,-0.006016,-75.2948,-0.007014,-0.335818,48.202840,-75.2916,0.871944,0.265059,-0.516613,0.702422,-0.077217,-0.253563
942,158.058,A,5,-1.082950,47.255833,-0.794240,48.702722,0.568542,-0.202943,-75.3153,-0.002249,-75.3298,-0.000870,-0.333648,47.948772,-75.3273,0.883507,1.020598,-0.460592,0.753949,-0.749303,-0.692939
943,158.301,A,5,-0.833090,47.230969,-0.842495,48.428577,0.572226,-0.212399,-75.3231,-0.000321,-75.3535,-0.000236,-0.329305,47.694521,-75.3521,0.895657,0.684602,-0.513190,0.734056,-0.503785,-0.463552
944,158.476,A,5,0.049876,47.639574,-0.846925,48.191162,0.568371,-0.205323,-75.3184,0.000508,-75.3627,0.000493,-0.321468,47.435351,-75.3626,0.920519,0.423796,-0.525458,0.755810,0.371344,0.204222
945,158.640,A,5,-0.666549,46.673207,-0.718031,48.050865,0.547496,-0.153727,-75.2906,0.000594,-75.3557,0.001936,-0.309154,47.167749,-75.3569,0.973178,0.610167,-0.408878,0.883116,-0.357396,-0.494543
946,158.806,A,5,-0.249528,46.094471,-0.711283,47.790341,0.554174,-0.152447,-75.2831,0.000903,-75.3337,0.001860,-0.292228,46.891212,-75.3359,0.991988,0.797884,-0.419055,0.899129,0.042700,-0.796741
947,158.996,A,5,-0.965583,45.368086,-0.642881,47.481699,0.578425,-0.137403,-75.2553,0.002808,-75.3006,0.003643,-0.271512,46.608388,-75.3035,0.948993,1.421296,-0.371369,0.873311,-0.694071,-1.240301
948,159.155,A,5,-1.039311,46.394697,-0.689764,47.108863,0.609250,-0.161888,-75.2401,0.004844,-75.2622,0.005136,-0.248548,46.323843,-75.2654,0.900516,0.793931,-0.441216,0.785020,-0.790763,0.070854
949,159.327,A,5,0.253072,45.171883,-0.742183,46.941626,0.577192,-0.169291,-75.3795,-0.059962,-75.4268,-0.111680,-0.223433,46.043170,-75.3779,1.037461,0.993074,-0.518750,0.898456,0.476504,-0.871287
950,159.466,A,5,-0.193415,45.171664,-0.595460,46.619487,0.608395,-0.130646,-75.8724,-0.048076,-75.9048,-0.005108,-0.199378,45.778510,-75.9005,0.929582,0.606876,-0.396082,0.840977,0.005962,-0.606847
951,159.639,A,5,-0.068254,45.033519,-0.533210,46.343424,0.616176,-0.117255,-75.5718,0.065444,-75.5897,0.030777,-0.179089,45.517944,-75.6058,0.898231,0.496942,-0.354122,0.825480,0.110834,-0.484425
952,159.817,A,5,-0.458390,44.416583,-0.459999,46.087626,0.618029,-0.100831,-75.9359,-0.121712,-76.0171,-0.139960,-0.156149,45.269699,-75.9528,0.872542,0.905073,-0.303850,0.817927,-0.302241,-0.853116
953,159.978,A,5,-0.976440,44.317260,-0.455058,45.778036,0.629941,-0.109679,-76.2711,-0.008807,-76.2859,0.024026,-0.132183,45.021637,-76.2972,0.822427,1.099508,-0.322875,0.756398,-0.844257,-0.704378
954,160.139,A,5,-0.678092,44.685919,-0.529054,45.498559,0.625982,-0.137508,-76.5777,-0.102647,-76.6293,-0.126772,-0.105718,44.768853,-76.5715,0.843614,0.578351,-0.423336,0.729706,-0.572374,-0.082934
955,160.344,A,5,-0.645574,44.456522,-0.550593,45.310622,0.598902,-0.139542,-77.0783,-0.054896,-77.0878,-0.048796,-0.075171,44.512916,-77.0631,0.928634,0.573183,-0.475422,0.797706,-0.570403,-0.056393
956,160.537,A,5,-1.097691,43.544335,-0.565318,45.128643,0.577216,-0.139561,-77.5918,-0.098938,-77.6519,-0.096306,-0.043031,44.254887,-77.6054,1.017955,1.271689,-0.522287,0.873756,-1.054660,-0.710552
957,160.712,A,5,-0.915200,42.426200,-0.646708,44.832750,0.583705,-0.165690,-78.2379,-0.109263,-78.2695,-0.111795,-0.011112,44.000257,-78.2165,1.047391,1.815222,-0.635596,0.832493,-0.904088,-1.574057
958,160.902,A,5,0.061895,42.906281,-0.691545,44.417515,0.628219,-0.186540,-78.9131,-0.123297,-78.9743,-0.128952,0.019300,43.754543,-78.9152,0.972024,0.849331,-0.710845,0.662971,0.042595,-0.848262
959,161.069,A,5,-1.191338,43.077392,-0.585690,44.129259,0.640167,-0.151832,-79.6778,-0.139460,-79.7503,-0.142891,0.048075,43.520481,-79.6858,0.878788,1.316235,-0.633765,0.608777,-1.239413,-0.443089
960,161.245,A,5,-0.979746,43.428656,-0.680146,43.909388,0.617716,-0.173571,-80.5631,-0.153731,-80.5906,-0.156502,0.075886,43.297572,-80.5212,0.972575,1.063739,-0.756032,0.611816,-1.055632,0.131083
961,161.398,A,5,-0.327419,42.163978,-0.730416,43.788682,0.587888,-0.177896,-81.3185,-0.163967,-81.4909,-0.169099,0.103618,43.082382,-81.4167,1.092920,1.014524,-0.834035,0.706300,-0.431037,-0.918404
962,161.597,A,5,0.107382,42.571363,-0.680999,43.478641,0.593864,-0.155031,-82.4912,-0.175573,-82.4497,-0.177603,0.132102,42.869347,-82.3709,1.016057,0.299008,-0.813101,0.609293,-0.024720,-0.297984
963,161.760,A,5,-0.607829,41.358740,-0.571190,43.284467,0.582832,-0.114145,-83.1538,-0.069024,-83.0766,-0.048751,0.160497,42.649820,-83.0554,0.968578,1.502403,-0.731687,0.634647,-0.768327,-1.291080
964,161.925,A,5,-0.593334,42.758613,-0.580655,42.952930,0.622165,-0.123212,-83.6681,-0.145874,-83.8999,-0.219205,0.189446,42.419991,-83.7979,0.936525,0.852883,-0.770102,0.532939,-0.782781,0.338622
965,162.080,A,5,-0.690423,41.579789,-0.588176,42.865624,0.570259,-0.113299,-85.0375,-0.235078,-85.2516,-0.158416,0.221164,42.177501,-85.1744,1.062330,1.090069,-0.809340,0.688123,-0.911587,-0.597712
966,162.241,A,5,-0.683268,41.012415,-0.609977,42.621279,0.571070,-0.116365,-85.6906,-0.066649,-85.7949,-0.106310,0.245290,41.931871,-85.7453,1.098528,1.306759,-0.855267,0.689408,-0.928558,-0.919456
967,162.441,A,5,-0.305196,41.335877,-0.630101,42.317205,0.575056,-0.116985,-86.8464,-0.220738,-86.8981,-0.201663,0.273629,41.688455,-86.8022,1.100934,0.677754,-0.903731,0.628749,-0.578826,-0.352579
968,162.606,A,5,-0.092157,41.800679,-0.590550,42.115036,0.564488,-0.097697,-87.5477,-0.083977,-87.5663,-0.097703,0.297929,41.451862,-87.5236,1.108691,0.523298,-0.888480,0.663174,-0.390087,0.348817
969,162.758,A,5,-0.210257,41.779647,-0.522636,42.024105,0.537500,-0.069772,-88.2586,-0.182487,-88.4796,-0.139710,0.324221,41.220924,-88.4159,1.167162,0.773201,-0.846858,0.803181,-0.534479,0.558724
970,162.919,A,5,-0.382577,40.082194,-0.482405,41.927844,0.487888,-0.049204,-89.1752,-0.140029,-89.1830,-0.147961,0.347148,40.992596,-89.1181,1.250139,1.166760,-0.829553,0.935248,-0.729725,-0.910402
971,163.085,A,5,0.271807,40.310582,-0.472601,41.605820,0.522064,-0.048326,-89.9446,-0.133370,-89.9290,-0.127937,0.369387,40.760315,-89.8704,1.193241,0.460198,-0.841989,0.845505,-0.097580,-0.449733
972,163.257,A,5,-0.795861,40.194897,-0.366515,41.373142,0.542293,-0.016467,-90.5015,-0.124086,-90.6369,-0.121301,0.390315,40.517980,-90.5813,1.141969,1.229388,-0.756830,0.855162,-1.186176,-0.323083
973,163.415,A,5,-0.315764,40.398579,-0.433823,41.137527,0.530309,-0.037272,-91.3294,-0.115313,-91.3112,-0.113882,0.410880,40.262717,-91.2587,1.216066,0.739237,-0.844703,0.874811,-0.726645,0.135862
974,163.580,A,5,-0.197256,39.136001,-0.421504,40.976437,0.512056,-0.030513,-91.9574,-0.108710,-91.9454,-0.107065,0.431539,39.996251,-91.8961,1.299402,1.065558,-0.853043,0.980186,-0.628795,-0.860250
975,163.745,A,5,0.217596,39.322192,-0.393605,40.652901,0.544073,-0.021665,-92.5464,-0.101966,-92.5415,-0.100342,0.452176,39.724220,-92.4951,1.256103,0.465461,-0.845781,0.928682,-0.234580,-0.402028
976,163.949,A,5,-0.844512,39.192223,-0.307548,40.402090,0.551199,0.005146,-93.0996,-0.097808,-93.1065,-0.096216,0.472234,39.453447,-93.0623,1.228000,1.342407,-0.779781,0.948643,-1.316745,-0.261224
977,164.123,A,5,-0.827082,39.255255,-0.390696,40.168989,0.550834,-0.020181,-93.6572,-0.093066,-93.6460,-0.093243,0.491327,39.188276,-93.6037,1.319002,1.320109,-0.882024,0.980714,-1.318409,0.066979
978,164.283,A,5,-0.266557,37.870178,-0.461649,39.980249,0.537850,-0.037886,-94.1829,-0.088555,-94.1624,-0.087549,0.509662,38.929442,-94.1220,1.430957,1.313223,-0.971310,1.050807,-0.776218,-1.059264
979,164.445,A,5,-0.707649,38.694384,-0.440831,39.614227,0.578988,-0.025685,-94.6548,-0.081273,-94.6538,-0.080217,0.527953,38.674392,-94.6155,1.349752,1.235763,-0.968784,0.939835,-1.235601,0.019992
980,164.597,A,5,-0.733445,37.499848,-0.488124,39.421869,0.563953,-0.034501,-95.1073,-0.076247,-95.1139,-0.073624,0.546934,38.417555,-95.0784,1.442218,1.575296,-1.035059,1.004314,-1.280379,-0.917708
981,164.759,A,5,-0.207280,38.385652,-0.533639,39.081625,0.594570,-0.040139,-95.5232,-0.070076,-95.5363,-0.069893,0.566627,38.152720,-95.5040,1.439948,0.808201,-1.100266,0.928905,-0.773907,0.232932
982,164.932,A,5,0.130762,38.191598,-0.494613,38.921231,0.567617,-0.020947,-95.9023,-0.066181,-95.9195,-0.065472,0.586288,37.876519,-95.8902,1.503253,0.553876,-1.080901,1.044712,-0.455525,0.315079
983,165.109,A,5,0.336097,37.557792,-0.409196,38.758059,0.544048,0.009910,-96.2595,-0.063705,-96.2673,-0.063171,0.605057,37.589898,-96.2406,1.547033,0.270869,-1.014253,1.168161,-0.268960,-0.032106
984,165.287,A,5,-1.027442,36.944106,-0.303088,38.526691,0.542916,0.044417,-96.5893,-0.060285,-96.5863,-0.060037,0.622574,37.297654,-96.5617,1.538630,1.687467,-0.925662,1.229037,-1.650015,-0.353547
985,165.453,A,5,0.002916,37.693264,-0.413544,38.238437,0.562247,0.012472,-96.9299,-0.054538,-96.8821,-0.053747,0.639313,37.006042,-96.8592,1.620897,0.936630,-1.052858,1.232395,-0.636398,0.687222
986,165.611,A,5,0.454819,36.512734,-0.356891,38.103157,0.530952,0.031204,-97.1993,-0.047096,-97.1572,-0.046087,0.656370,36.719463,-97.1360,1.715024,0.288721,-1.013261,1.383694,-0.201552,-0.206729
987,165.772,A,5,-1.216091,36.095475,-0.239480,37.814547,0.547126,0.069184,-97.4167,-0.039784,-97.4111,-0.037690,0.674866,36.439124,-97.3916,1.651611,1.921929,-0.914346,1.375423,-1.890956,-0.343649
988,165.938,A,5,0.252535,35.797969,-0.386026,37.505147,0.573647,0.025985,-97.6410,-0.032475,-97.6413,-0.032122,0.695318,36.163140,-97.6239,1.723453,0.573940,-1.081344,1.342007,-0.442783,-0.365171
989,166.090,A,5,-0.182857,34.234094,-0.295872,37.195109,0.590955,0.058315,-97.7945,-0.028568,-97.8457,-0.026432,0.716999,35.886798,-97.8303,1.654566,1.881799,-1.012871,1.308312,-0.899856,-1.652703
990,166.253,A,5,-0.977807,34.437828,-0.281738,36.696031,0.663637,0.070307,-97.9480,-0.026279,-98.0250,-0.025956,0.738118,35.604412,-98.0115,1.493900,2.074925,-1.019855,1.091620,-1.715925,-1.166583
991,166.425,A,5,0.642664,34.943051,-0.388363,36.294938,0.702064,0.043265,-98.1247,-0.026356,-98.1822,-0.027719,0.757073,35.312303,-98.1704,1.509170,0.386569,-1.145436,0.982635,-0.114408,-0.369251
992,166.596,A,5,-0.402431,34.316862,-0.263464,35.778423,0.772726,0.092275,-98.2562,-0.026334,-98.3202,-0.026063,0.773458,35.010390,-98.3098,1.290380,1.365172,-1.036922,0.768033,-1.175889,-0.693528
993,166.772,A,5,0.204488,34.691337,-0.265449,35.703679,0.698483,0.083418,-98.4026,-0.023195,-98.4402,-0.022771,0.788189,34.702100,-98.4312,1.453724,0.583800,-1.053638,1.001579,-0.583701,-0.010763
994,166.938,A,5,0.192502,33.691935,-0.197278,35.498777,0.687030,0.103292,-98.4896,-0.020850,-98.5436,-0.017527,0.802832,34.392770,-98.5359,1.491131,0.929340,-1.000110,1.106007,-0.610330,-0.700835
995,167.113,A,5,0.323592,34.307313,-0.139210,35.151671,0.685015,0.118197,-98.5967,-0.015096,-98.6328,-0.013367,0.818501,34.086980,-98.6261,1.432054,0.541740,-0.957712,1.064690,-0.494910,0.220333
996,167.262,A,5,-0.773047,33.251023,-0.069406,34.972337,0.666933,0.134455,-98.6436,-0.011894,-98.7103,-0.011348,0.835299,33.786782,-98.7045,1.491319,1.695233,-0.904705,1.185555,-1.608346,-0.535759
997,167.427,A,5,0.523889,31.684516,-0.171485,34.639940,0.670130,0.097830,-98.7430,-0.009135,-98.7781,-0.009765,0.852446,33.491307,-98.7730,1.538763,1.836421,-1.023931,1.148633,-0.328557,-1.806790
998,167.586,A,5,-0.554524,33.553850,-0.068373,34.133749,0.730670,0.135997,-98.7784,-0.008411,-98.8377,-0.010280,0.868609,33.196869,-98.8333,1.325020,1.467223,-0.936982,0.936880,-1.423133,0.356981
999,167.752,A,5,0.317382,32.419872,-0.138893,33.990083,0.702712,0.107357,-98.8379,-0.007814,-98.8898,-0.007019,0.882531,32.898230,-98.8860,1.495142,0.740418,-1.021424,1.091853,-0.565149,-0.478358
1000,167.914,A,5,0.820169,31.954559,-0.071328,33.691012,0.701881,0.127151,-98.8719,-0.008131,-98.9339,-0.005954,0.893675,32.591151,-98.9307,1.463190,0.640822,-0.965003,1.099861,-0.073505,-0.636592
1001,168.069,A,5,-0.295776,31.451637,0.063663,33.352488,0.691324,0.162082,-98.8958,-0.006544,-98.9694,-0.004537,0.902294,32.274398,-98.9669,1.365862,1.453378,-0.838631,1.078089,-1.198070,-0.822762
1002,168.225,A,5,-0.160469,31.988368,0.014898,33.000723,0.709982,0.142802,-98.9414,-0.003860,-98.9976,-0.004955,0.909064,31.950205,-98.9956,1.379537,1.070213,-0.894166,1.050518,-1.069533,0.038163
1003,168.394,A,5,-0.415444,31.299325,-0.008458,32.780109,0.686992,0.127896,-98.9747,-0.003207,-99.0220,-0.002620,0.914649,31.623316,-99.0201,1.479965,1.368984,-0.923106,1.156793,-1.330093,-0.323992
1004,168.554,A,5,0.407672,30.848787,-0.067564,32.491914,0.688120,0.107431,-99.0153,-0.004189,-99.0462,-0.002126,0.919394,31.298696,-99.0442,1.548501,0.681379,-0.986958,1.193218,-0.511723,-0.449909
1005,168.735,A,5,0.136193,31.684603,0.003220,32.179624,0.690525,0.128483,-99.0320,-0.005883,-99.0723,-0.007257,0.923306,30.979230,-99.0702,1.512450,1.056929,-0.920086,1.200394,-0.787113,0.705373
1006,168.918,A,5,-0.151356,30.449267,0.024822,32.038254,0.644879,0.125181,-99.0691,-0.007026,-99.1004,-0.007611,0.926173,30.664843,-99.0981,1.642770,1.098882,-0.901351,1.373411,-1.077529,-0.215576
1007,169.100,A,5,0.573924,30.399583,0.000501,31.737939,0.653308,0.116010,-99.1208,-0.007065,-99.1292,-0.009088,0.927646,30.352647,-99.1269,1.666923,0.356822,-0.927145,1.385293,-0.353722,0.046936
1008,169.266,A,5,-0.245509,29.738137,0.087222,31.474347,0.645035,0.138744,-99.1480,-0.006925,-99.1567,-0.007146,0.927301,30.037929,-99.1546,1.664040,1.210520,-0.840080,1.436418,-1.172810,-0.299792
1009,169.434,A,5,-0.021911,28.797722,0.040704,31.151808,0.660918,0.122605,-99.1938,-0.005208,-99.1816,-0.004000,0.924743,29.716291,-99.1797,1.685892,1.319062,-0.884039,1.435517,-0.946654,-0.918570
1010,169.597,A,5,-0.095922,29.630211,0.032746,30.735729,0.700377,0.124027,-99.2124,-0.001908,-99.2039,-0.001683,0.919740,29.385837,-99.2021,1.615230,1.044647,-0.886994,1.349892,-1.015662,0.244374
1011,169.786,A,5,-1.048314,28.090524,0.014462,30.502320,0.682106,0.114041,-99.2229,-0.000364,-99.2250,-0.000411,0.912362,29.047989,-99.2234,1.709182,2.181969,-0.897900,1.454331,-1.960676,-0.957465
1012,169.969,A,5,-0.418797,27.948099,-0.144215,30.075758,0.728846,0.073369,-99.2627,-0.000329,-99.2438,-0.000880,0.903438,28.709543,-99.2426,1.721662,1.525812,-1.047653,1.366215,-1.322235,-0.761444
1013,170.136,A,5,0.492387,28.079268,-0.189631,29.687726,0.753348,0.069018,-99.2710,-0.000237,-99.2544,-0.000797,0.894807,28.383595,-99.2539,1.696103,0.504537,-1.084439,1.304131,-0.402421,-0.304328
1014,170.306,A,5,-0.275000,27.876403,-0.092765,29.374944,0.746295,0.103162,-99.2502,0.000407,-99.2563,-0.000779,0.887035,28.071971,-99.2565,1.630259,1.178377,-0.979799,1.302973,-1.162035,-0.195569
1015,170.468,A,5,0.749535,28.186372,-0.121778,29.078802,0.741086,0.095724,-99.2585,-0.000069,-99.2488,0.001100,0.880178,27.772562,-99.2498,1.646262,0.433943,-1.001956,1.306240,-0.130642,0.413810
1016,170.648,A,5,0.161170,26.466372,0.006169,28.873757,0.702681,0.130618,-99.2180,0.002052,-99.2313,0.002658,0.873802,27.481061,-99.2331,1.640850,1.239935,-0.867633,1.392696,-0.712632,-1.014689
1017,170.817,A,5,-0.180430,26.847863,0.030926,28.445596,0.738873,0.141603,-99.1931,0.004048,-99.2037,0.005179,0.867178,27.192543,-99.2063,1.506472,1.102854,-0.836252,1.253053,-1.047608,-0.344680
1018,170.998,A,5,0.653403,25.931838,0.001416,28.134748,0.738896,0.129977,-99.1621,0.007665,-99.1660,0.006209,0.859728,26.903738,-99.1694,1.500695,0.993559,-0.858311,1.231010,-0.206325,-0.971900
1019,171.186,A,5,0.000903,26.207777,0.099993,27.733698,0.759229,0.161243,-99.0894,0.010099,-99.1186,0.011566,0.851425,26.614462,-99.1227,1.348087,0.942752,-0.751433,1.119236,-0.850522,-0.406685
1020,171.323,A,5,0.040260,25.929648,0.088977,27.431216,0.753385,0.152125,-99.0318,0.012078,-99.0618,0.012361,0.842845,26.327508,-99.0666,1.336596,0.895787,-0.753868,1.103708,-0.802585,-0.397860
1021,171.503,A,5,0.258636,26.378580,0.084796,27.133132,0.746685,0.145893,-98.9682,0.011914,-99.0025,0.011546,0.834880,26.047540,-99.0025,1.319521,0.664564,-0.750084,1.085592,-0.576244,0.331041
1022,171.672,A,5,-0.530286,25.142786,0.113497,26.947346,0.706571,0.144702,-98.8936,0.012654,-98.9265,0.012415,0.828271,25.778721,-98.9323,1.369886,1.500029,-0.714774,1.168625,-1.358557,-0.635934
1023,171.859,A,5,0.156531,25.077817,0.020485,26.608634,0.721686,0.115381,-98.8457,0.013835,-98.8520,0.014448,0.823269,25.522572,-98.8581,1.350552,0.801465,-0.802784,1.086061,-0.666738,-0.444755
1024,172.021,A,5,0.049331,25.292622,0.041188,26.309817,0.718032,0.120832,-98.7658,0.013442,-98.7744,0.014710,0.819659,25.277796,-98.7807,1.292704,0.770471,-0.778472,1.032020,-0.770329,0.014825
1025,172.182,A,5,0.376584,23.778269,0.043426,26.087967,0.693264,0.116608,-98.6826,0.015148,-98.6934,0.014345,0.816912,25.040896,-98.7000,1.301782,1.337204,-0.773486,1.047070,-0.440328,-1.262627
1026,172.376,A,5,0.391749,23.991324,0.094371,25.675466,0.724916,0.135783,-98.5896,0.014807,-98.6077,0.014519,0.814321,24.806949,-98.6147,1.128118,0.918593,-0.719950,0.868517,-0.422573,-0.815626
1027,172.556,A,5,-0.267680,23.789795,0.141436,25.353039,0.726558,0.147196,-98.4960,0.015703,-98.5180,0.015416,0.810408,24.564296,-98.5253,1.034234,1.327451,-0.668972,0.788743,-1.078088,-0.774501
1028,172.728,A,5,0.215688,23.734522,0.083638,25.063522,0.742438,0.128466,-98.4396,0.015549,-98.4245,0.015974,0.804841,24.309827,-98.4321,1.043163,0.823455,-0.721202,0.753694,-0.589153,-0.575306
1029,172.894,A,5,-0.243275,23.156930,0.105523,24.781506,0.714190,0.128463,-98.3227,0.016121,-98.3294,0.015350,0.798178,24.048312,-98.3370,1.008634,1.370834,-0.692655,0.733193,-1.041453,-0.891382
1030,173.054,A,5,0.429228,23.131848,0.055751,24.469305,0.718589,0.111850,-98.2457,0.015917,-98.2358,0.016470,0.791233,23.786541,-98.2431,1.003544,0.748112,-0.735482,0.682764,-0.362005,-0.654693
1031,173.220,A,5,0.547262,22.891057,0.112525,24.196875,0.705282,0.126237,-98.1394,0.015981,-98.1457,0.013879,0.784724,23.529614,-98.1528,0.947148,0.681280,-0.672199,0.667261,-0.237461,-0.638556
1032,173.373,A,5,0.407968,22.187411,0.179112,23.950195,0.705925,0.144676,-98.0595,0.015519,-98.0591,0.014931,0.779035,23.278790,-98.0659,0.900385,1.152736,-0.599924,0.671404,-0.371068,-1.091379
1033,173.539,A,5,0.699637,22.566629,0.218373,23.607266,0.700205,0.149589,-97.9501,0.015058,-97.9738,0.013891,0.774196,23.032057,-97.9807,0.799877,0.471362,-0.555823,0.575209,-0.074559,-0.465428
1034,173.704,A,5,0.244820,22.175854,0.293899,23.397349,0.688848,0.166187,-97.8643,0.015900,-97.8875,0.015854,0.769666,22.784790,-97.8945,0.775617,0.803906,-0.475766,0.612559,-0.524846,-0.608935
1035,173.874,A,5,-0.080988,21.450410,0.294475,23.136704,0.663057,0.152776,-97.7621,0.016041,-97.7990,0.015424,0.764272,22.530998,-97.8061,0.766543,1.371909,-0.469797,0.605706,-0.845260,-1.080588
1036,174.025,A,5,0.055491,21.873325,0.244396,22.819770,0.675130,0.132494,-97.6911,0.015547,-97.7093,0.014749,0.756880,22.266360,-97.7165,0.754256,0.804004,-0.512485,0.553410,-0.701389,-0.393035
1037,174.191,A,5,0.136152,21.466596,0.220163,22.612532,0.652662,0.117506,-97.6124,0.015415,-97.6203,0.015819,0.747070,21.990387,-97.6273,0.815288,0.804722,-0.526907,0.622145,-0.610918,-0.523791
1038,174.364,A,5,0.239461,22.322102,0.210570,22.377795,0.640399,0.109706,-97.5312,0.014172,-97.5326,0.014491,0.735309,21.706469,-97.5395,0.852074,0.790486,-0.524739,0.671326,-0.495848,0.615633
1039,174.523,A,5,-0.317547,20.573873,0.217316,22.307056,0.581119,0.100767,-97.4447,0.014561,-97.4459,0.013914,0.722815,21.420472,-97.4528,1.020568,1.341300,-0.505499,0.886584,-1.040363,-0.846600
1040,174.685,A,5,-0.080512,21.332033,0.139838,21.991598,0.604112,0.078376,-97.3754,0.014860,-97.3596,0.016335,0.710842,21.137586,-97.3665,1.027318,0.814893,-0.571004,0.854012,-0.791354,0.194447
1041,174.839,A,5,-0.019587,20.762325,0.106989,21.834602,0.576166,0.065230,-97.2931,0.015436,-97.2739,0.014955,0.699911,20.859950,-97.2807,1.140834,0.726091,-0.592922,0.974652,-0.719498,-0.097625
1042,175.013,A,5,-0.440493,20.191698,0.087345,21.618820,0.568346,0.059863,-97.2097,0.014875,-97.1894,0.015400,0.689681,20.586749,-97.1961,1.194980,1.197230,-0.602336,1.032071,-1.130174,-0.395051
1043,175.171,A,5,-0.154406,20.380074,0.007407,21.350847,0.579150,0.039543,-97.1372,0.014417,-97.1078,0.014594,0.679122,20.314932,-97.1142,1.234634,0.836070,-0.671715,1.035916,-0.833528,0.065142
1044,175.338,A,5,-0.528033,19.217926,-0.019835,21.150223,0.566835,0.034373,-97.0566,0.014337,-97.0278,0.012302,0.667739,20.047347,-97.0342,1.299651,1.455269,-0.687574,1.102876,-1.195771,-0.829421
1045,175.499,A,5,0.086800,19.862744,-0.099080,20.807204,0.599705,0.020098,-96.9854,0.013951,-96.9473,0.013021,0.655058,19.781057,-96.9539,1.273461,0.574099,-0.754138,1.026147,-0.568258,0.081687
1046,175.667,A,5,-0.366528,18.932324,-0.076291,20.608771,0.582271,0.031702,-96.8937,0.014195,-96.8617,0.014692,0.641226,19.512004,-96.8689,1.310621,1.162583,-0.717518,1.096766,-1.007755,-0.579680
1047,175.836,A,5,-0.151405,18.295276,-0.123240,20.302443,0.601222,0.025499,-96.8040,0.017283,-96.7667,0.017200,0.626966,19.239713,-96.7747,1.300848,1.223856,-0.750207,1.062730,-0.778372,-0.944436
1048,176.004,A,5,-0.190509,17.261797,-0.131697,19.945100,0.631323,0.033091,-96.6984,0.017197,-96.6619,0.016729,0.613113,18.967558,-96.6706,1.228956,1.885584,-0.744811,0.977543,-0.803623,-1.705760
1049,176.161,A,5,-0.411153,18.132504,-0.144195,19.483773,0.688275,0.042242,-96.5840,0.018552,-96.5519,0.018045,0.600132,18.701363,-96.5607,1.079902,1.160300,-0.744327,0.782410,-1.011284,-0.568859
1050,176.330,A,5,-0.022696,18.271424,-0.187519,19.215720,0.682688,0.033925,-96.4775,0.018997,-96.4421,0.019705,0.588012,18.446399,-96.4508,1.092385,0.635280,-0.775532,0.769321,-0.610708,-0.174975
1051,176.492,A,5,-0.285691,18.169971,-0.166914,19.009184,0.657490,0.042979,-96.3597,0.018579,-96.3364,0.019428,0.576547,18.205227,-96.3447,1.095025,0.862959,-0.743461,0.803956,-0.862238,-0.035256
1052,176.662,A,5,0.624064,17.304371,-0.187456,18.820627,0.631659,0.038139,-96.2546,0.018055,-96.2352,0.017178,0.565565,17.976733,-96.2432,1.131016,0.674902,-0.753021,0.843894,0.058499,-0.672362
1053,176.825,A,5,0.536560,17.513292,-0.069025,18.533369,0.633011,0.077956,-96.4346,-0.089442,-96.5010,-0.136594,0.558225,17.755477,-96.4393,0.999280,0.243152,-0.627250,0.777893,-0.021665,-0.242185
1054,176.987,A,5,0.016668,16.831921,0.021945,18.319785,0.613661,0.102273,-96.7220,-0.003226,-96.7473,0.037596,0.550957,17.536315,-96.7632,0.945346,0.884102,-0.529013,0.783470,-0.534289,-0.704394
1055,177.155,A,5,-0.631988,16.850471,0.024220,18.037871,0.619830,0.099931,-96.3339,0.047842,-96.3729,0.001432,0.540677,17.306932,-96.3751,0.894986,1.258372,-0.516457,0.730939,-1.172665,-0.456462
1056,177.322,A,5,0.205157,16.715677,-0.071091,17.800299,0.615627,0.067769,-96.8401,-0.114065,-96.8834,-0.095867,0.537593,17.077137,-96.8384,0.945230,0.491088,-0.608684,0.723162,-0.332436,-0.361460
1057,177.480,A,5,-0.805461,16.729151,-0.030497,17.578837,0.602522,0.078924,-96.9466,0.023044,-96.9447,0.025743,0.531676,16.843064,-96.9594,0.925958,1.341980,-0.562172,0.735772,-1.337137,-0.113913
1058,177.673,A,5,-0.274433,15.869420,-0.145960,17.393597,0.585822,0.041831,-97.3594,-0.124339,-97.3814,-0.138576,0.528053,16.613700,-97.3169,1.030792,1.094502,-0.674013,0.779897,-0.802486,-0.744279
1059,177.843,A,5,-0.187559,16.303723,-0.167870,17.121869,0.609081,0.040941,-97.7142,-0.044389,-97.7175,-0.049245,0.525561,16.392471,-97.6970,1.006413,0.718621,-0.693431,0.729398,-0.713120,-0.088748
1060,177.992,A,5,-0.199703,16.625191,-0.175685,16.932279,0.575078,0.039738,-98.3316,-0.100402,-98.3130,-0.070033,0.526998,16.183051,-98.2805,1.027184,0.850636,-0.702683,0.749229,-0.726701,0.442140
1061,178.161,A,5,-0.199050,15.086072,-0.184101,16.826905,0.533356,0.036532,-98.9313,-0.105852,-98.8770,-0.097698,0.530632,15.982614,-98.8320,1.106196,1.155951,-0.714733,0.844291,-0.729682,-0.896542
1062,178.318,A,5,0.149091,14.904712,-0.190741,16.519667,0.558984,0.042165,-99.0444,0.012710,-99.0135,-0.002105,0.531460,15.788999,-99.0132,1.027350,0.963415,-0.722200,0.730668,-0.382369,-0.884287
1063,178.492,A,5,0.240052,15.019129,-0.144130,16.236887,0.585332,0.063433,-99.3343,-0.101552,-99.5903,-0.186729,0.537695,15.598942,-99.5059,0.933734,0.651746,-0.681826,0.637945,-0.297643,-0.579812
1064,178.654,A,5,-0.469885,15.166838,-0.090679,16.001704,0.580503,0.081872,-100.3878,-0.164522,-100.5428,-0.079077,0.550075,15.404325,-100.5046,0.876029,1.047243,-0.640753,0.597379,-1.019960,-0.237487
1065,178.821,A,5,-0.453305,14.492257,-0.149495,15.823663,0.563734,0.062337,-100.5987,0.002695,-100.6508,-0.055248,0.550044,15.209241,-100.6272,0.931058,1.233197,-0.699539,0.614422,-1.003349,-0.716984
1066,178.982,A,5,-0.269704,14.352176,-0.198916,15.573760,0.570262,0.051582,-101.1916,-0.150411,-101.4073,-0.131072,0.556461,15.010074,-101.3453,0.942515,1.056115,-0.755376,0.563685,-0.826165,-0.657899
1067,179.162,A,5,0.091913,13.787362,-0.216731,15.328531,0.558271,0.050838,-101.6921,-0.026323,-101.6967,-0.052022,0.558223,14.815602,-101.6751,0.929327,1.129036,-0.774954,0.512928,-0.466310,-1.028240
1068,179.324,A,5,-0.528316,13.995532,-0.177320,15.045307,0.569174,0.070099,-102.2500,-0.098945,-102.2365,-0.044423,0.564168,14.627858,-102.2138,0.850922,1.262283,-0.741488,0.417448,-1.092484,-0.632326
1069,179.495,A,5,0.411471,14.122398,-0.235051,14.834059,0.562469,0.055852,-102.6177,-0.071665,-102.6077,-0.057311,0.570417,14.451728,-102.5813,0.891603,0.365680,-0.805468,0.382331,-0.158946,-0.329330
1070,179.668,A,5,0.115217,13.959893,-0.145438,14.673828,0.534274,0.083854,-102.9837,-0.066261,-102.9909,-0.065120,0.579110,14.286348,-102.9611,0.821652,0.567247,-0.724549,0.387481,-0.463893,-0.326455
1071,179.855,A,5,-0.445715,14.032413,-0.110506,14.515494,0.511722,0.092715,-103.3430,-0.063285,-103.3511,-0.061304,0.588904,14.128920,-103.3231,0.799133,1.039110,-0.699410,0.386574,-1.034619,-0.096507
1072,180.023,A,5,-0.067995,13.908636,-0.163458,14.393599,0.486166,0.073316,-103.6954,-0.058275,-103.6892,-0.057191,0.598384,13.974761,-103.6630,0.869384,0.669651,-0.761842,0.418837,-0.666378,-0.066125
1073,180.175,A,5,0.273117,13.464478,-0.153632,14.274203,0.459558,0.074524,-104.0152,-0.054922,-104.0054,-0.053539,0.606406,13.819271,-103.9809,0.885788,0.486785,-0.760037,0.454932,-0.333289,-0.354794
1074,180.347,A,5,-0.066876,13.153831,-0.093918,14.108755,0.446531,0.092890,-104.2990,-0.050302,-104.3002,-0.048888,0.612518,13.660114,-104.2774,0.836858,0.847289,-0.706436,0.448642,-0.679394,-0.506283
1075,180.516,A,5,-0.025930,13.364111,-0.092101,13.922471,0.444485,0.093819,-104.5683,-0.045643,-104.5748,-0.045199,0.616999,13.498117,-104.5535,0.826377,0.656746,-0.709100,0.424354,-0.642929,-0.134007
1076,180.684,A,5,0.394115,13.674306,-0.084424,13.795550,0.425167,0.092886,-104.8188,-0.042911,-104.8321,-0.042325,0.620648,13.336847,-104.8121,0.841151,0.406443,-0.705072,0.458703,-0.226533,0.337459
1077,180.848,A,5,-0.055759,12.813434,-0.014879,13.735596,0.384916,0.105688,-105.0509,-0.041410,-105.0750,-0.039865,0.624497,13.181060,-105.0560,0.846352,0.773239,-0.639376,0.554536,-0.680257,-0.367626
1078,181.032,A,5,-0.099443,12.692846,-0.021011,13.559598,0.387901,0.102899,-105.2825,-0.039374,-105.3051,-0.039189,0.629372,13.034218,-105.2872,0.836076,0.804802,-0.650384,0.525380,-0.728815,-0.341372
1079,181.207,A,5,0.324630,12.177927,-0.033224,13.391695,0.388570,0.098428,-105.5108,-0.038455,-105.5227,-0.037592,0.635563,12.896936,-105.5058,0.831903,0.783360,-0.668787,0.494759,-0.310933,-0.719009
1080,181.373,A,5,-0.713363,11.467937,0.019097,13.171969,0.399494,0.116859,-105.7228,-0.037033,-105.7272,-0.036542,0.642726,12.767132,-105.7113,0.743509,1.878000,-0.623629,0.404837,-1.356088,-1.299195
1081,181.551,A,5,-0.485824,12.550627,-0.090227,12.877666,0.441716,0.092315,-105.9414,-0.034833,-105.9181,-0.033442,0.649889,12.640808,-105.9033,0.777093,1.139288,-0.740116,0.236858,-1.135713,-0.090182
1082,181.744,A,5,-0.560141,11.689144,-0.152547,12.785670,0.417507,0.070069,-106.1308,-0.030806,-106.0957,-0.030090,0.655778,12.513560,-106.0819,0.852897,1.469054,-0.808325,0.272110,-1.215919,-0.824416
1083,181.905,A,5,-0.302594,12.029562,-0.218308,12.581604,0.428652,0.057981,-106.3015,-0.027931,-106.2610,-0.026963,0.659463,12.382703,-106.2482,0.900025,1.024823,-0.877771,0.198902,-0.962057,-0.353141
1084,182.058,A,5,-0.129835,11.983285,-0.237218,12.458116,0.411937,0.054982,-106.4462,-0.024802,-106.4156,-0.025197,0.660821,12.248396,-106.4036,0.922202,0.833918,-0.898039,0.209720,-0.790656,-0.265111
1085,182.225,A,5,-0.087020,11.158575,-0.227408,12.347728,0.391356,0.059662,-106.5770,-0.022871,-106.5603,-0.022083,0.660630,12.113458,-106.5490,0.918419,1.212758,-0.888038,0.234271,-0.747650,-0.954883
1086,182.394,A,5,0.644206,10.828587,-0.211829,12.132498,0.402716,0.073606,-106.6975,-0.021946,-106.6957,-0.020372,0.660317,11.982169,-106.6852,0.885007,1.153695,-0.872146,0.150329,-0.016111,-1.153582
1087,182.570,A,5,-0.738893,11.379194,-0.088447,11.898622,0.409434,0.118153,-106.8041,-0.021855,-106.8221,-0.021851,0.661238,11.858063,-106.8123,0.750782,1.479758,-0.749686,0.040560,-1.400131,-0.478868
1088,182.716,A,5,-0.566249,11.663713,-0.186226,11.780167,0.399838,0.085328,-106.9379,-0.020917,-106.9403,-0.021217,0.663988,11.742339,-106.9311,0.851056,1.232747,-0.850215,0.037828,-1.230237,-0.078626
1089,182.884,A,5,-1.159040,10.805033,-0.246398,11.723686,0.370908,0.062401,-107.0632,-0.019551,-107.0511,-0.019989,0.668208,11.633793,-107.0425,0.919013,2.006409,-0.914606,0.089893,-1.827248,-0.828760
1090,183.046,A,5,-0.110037,11.968853,-0.387582,11.550790,0.385246,0.028835,-107.1827,-0.017097,-107.1554,-0.018492,0.672753,11.529221,-107.1472,1.060554,0.897796,-1.060334,0.021569,-0.782790,0.439632
1091,183.215,A,5,-0.376345,10.884323,-0.354401,11.576955,0.327136,0.032705,-107.2794,-0.017677,-107.2528,-0.016011,0.676253,11.424521,-107.2453,1.041865,1.183121,-1.030654,0.152434,-1.052598,-0.540198
1092,183.400,A,5,0.300756,11.002042,-0.362826,11.449152,0.331919,0.037943,-107.3473,-0.015258,-107.3418,-0.015663,0.677911,11.316691,-107.3351,1.049133,0.491172,-1.040737,0.132461,-0.377155,-0.314649
1093,183.556,A,5,0.111952,10.528378,-0.270824,11.344584,0.304372,0.067214,-107.4327,-0.013334,-107.4203,-0.013696,0.677912,11.205218,-107.4144,0.958918,0.882283,-0.948736,0.139367,-0.565961,-0.676839
1094,183.722,A,5,0.086654,11.047496,-0.216127,11.193947,0.304964,0.087334,-107.4927,-0.012058,-107.4875,-0.011703,0.677273,11.092234,-107.4825,0.899172,0.592311,-0.893400,0.101713,-0.590619,-0.044738
1095,183.893,A,5,0.062157,10.833511,-0.171690,11.139201,0.278013,0.093569,-107.5541,-0.010515,-107.5454,-0.008927,0.677301,10.981630,-107.5410,0.863490,0.632726,-0.848992,0.157571,-0.615144,-0.148119
1096,184.049,A,5,-0.125710,10.311803,-0.136544,11.073311,0.266651,0.100496,-107.5872,-0.009350,-107.5975,-0.010317,0.678921,10.877062,-107.5935,0.838747,0.983335,-0.815465,0.196248,-0.804630,-0.565259
1097,184.205,A,5,-0.420432,10.595149,-0.133292,10.928098,0.267986,0.099177,-107.6462,-0.007611,-107.6469,-0.008311,0.682403,10.780286,-107.6430,0.828979,1.118267,-0.815695,0.147812,-1.102835,-0.185137
1098,184.378,A,5,-0.286363,10.712102,-0.174884,10.851032,0.259916,0.081865,-107.6968,-0.007609,-107.6945,-0.005844,0.687498,10.690719,-107.6908,0.877156,0.974096,-0.862382,0.160313,-0.973861,0.021383
1099,184.551,A,5,-0.600532,10.092901,-0.191630,10.804132,0.242221,0.071112,-107.7352,-0.006035,-107.7388,-0.006114,0.693567,10.605576,-107.7355,0.907193,1.391951,-0.885198,0.198556,-1.294099,-0.512675
1100,184.704,A,5,0.540294,10.956832,-0.253274,10.673797,0.254141,0.056349,-107.7753,-0.005967,-107.7766,-0.004835,0.699751,10.520863,-107.7739,0.965218,0.464216,-0.953025,0.152934,-0.159457,0.435970
1101,184.872,A,5,-0.587018,10.369356,-0.137119,10.691088,0.207465,0.080582,-107.7969,-0.005029,-107.8050,-0.003315,0.705319,10.433374,-107.8031,0.880976,1.293922,-0.842439,0.257714,-1.292338,-0.064017
1102,185.034,A,5,0.714190,10.515592,-0.202851,10.626134,0.211173,0.059347,-107.8208,-0.003980,-107.8235,-0.002853,0.709999,10.342224,-107.8224,0.955982,0.173419,-0.912851,0.283910,0.004191,0.173368
1103,185.205,A,5,-0.680583,9.989711,-0.066856,10.585216,0.179438,0.092508,-107.8360,-0.003510,-107.8347,-0.001992,0.714072,10.249140,-107.8340,0.850174,1.418579,-0.780928,0.336076,-1.394655,-0.259429
1104,185.369,A,5,-0.171716,9.775497,-0.155321,10.477201,0.195320,0.065713,-107.8575,-0.002663,-107.8421,-0.002095,0.718278,10.157645,-107.8416,0.930211,0.968570,-0.873600,0.319556,-0.889995,-0.382147
1105,185.528,A,5,0.392021,9.808869,-0.157531,10.352662,0.206234,0.068020,-107.8709,-0.002457,-107.8487,-0.000921,0.723547,10.071240,-107.8482,0.924930,0.422785,-0.881077,0.281422,-0.331525,-0.262371
1106,185.695,A,5,0.155132,10.004149,-0.075341,10.250588,0.201939,0.091800,-107.8710,-0.000773,-107.8549,-0.000503,0.730667,9.991815,-107.8544,0.846530,0.575667,-0.806008,0.258773,-0.575535,0.012335
1107,185.866,A,5,-0.023363,9.007081,-0.038479,10.192564,0.189809,0.095945,-107.8706,-0.000320,-107.8593,0.000315,0.739979,9.919082,-107.8591,0.825100,1.189301,-0.778458,0.273482,-0.763342,-0.912001
