sample,timestamp_s,lintasan,run_ke,gps_x,gps_y,ekf_x,ekf_y,ekf_vx,ekf_vy,ekf_yaw_deg,ekf_yaw_rate,imu_yaw_deg,imu_yaw_rate_rads,gt_x,gt_y,gt_yaw_deg,error_ekf_m,error_gps_m,error_ekf_x,error_ekf_y,error_gps_x,error_gps_y
1,0.000,B,2,3.353143,-26.006326,3.353143,-26.006326,0.000000,0.000000,-17.9604,0.000000,-17.6790,0.180899,3.476194,-26.047133,-17.6364,0.129640,0.129640,-0.123051,0.040807,-0.123051,0.040807
2,0.029,B,2,4.308845,-26.410367,3.353143,-26.006326,0.000000,0.000000,-17.0606,0.168788,-16.8972,0.097806,3.597995,-26.087909,-16.9882,0.258085,0.780569,-0.244852,0.081583,0.710850,-0.322458
3,0.055,B,2,4.638494,-26.694918,4.169004,-26.351184,0.052421,-0.004973,-16.4423,0.120195,-16.0612,0.167265,3.745734,-26.140471,-16.2155,0.472819,1.050920,0.423270,-0.210713,0.892761,-0.554447
4,0.098,B,2,3.719209,-27.709608,4.421206,-26.533662,0.227720,-0.068158,-15.3660,0.149203,-15.3083,0.174846,3.884173,-26.195902,-15.3486,0.634418,1.522669,0.537033,-0.337760,-0.164964,-1.513706
5,0.231,B,2,4.173782,-27.740067,4.130229,-27.068919,0.036785,-0.712917,-14.4726,0.137803,-14.4653,0.095285,4.016111,-26.253013,-14.4869,0.823848,1.495390,0.114118,-0.815906,0.157671,-1.487054
6,0.359,B,2,4.220532,-27.181779,4.136324,-27.423386,0.164281,-1.016581,-14.0349,0.096490,-14.0199,0.144727,4.151356,-26.307246,-14.0531,1.116241,0.877264,-0.015032,-1.116139,0.069177,-0.874533
7,0.519,B,2,4.346422,-27.579757,4.164236,-27.419024,0.159576,-0.762266,-12.7794,0.246946,-12.7296,0.243395,4.291839,-26.363099,-12.7855,1.063607,1.217882,-0.127604,-1.055925,0.054583,-1.216658
8,0.675,B,2,4.518456,-27.525941,4.240697,-27.561101,0.272494,-0.753885,-11.8595,0.118129,-11.8924,0.053363,4.442223,-26.413938,-11.9050,1.164730,1.114613,-0.201526,-1.147163,0.076233,-1.112003
9,0.837,B,2,4.859700,-26.867814,4.365628,-27.622382,0.388322,-0.626462,-11.2350,0.144826,-11.2347,0.196521,4.601627,-26.465633,-11.2798,1.180578,0.477861,-0.235999,-1.156750,0.258073,-0.402181
10,1.027,B,2,5.174429,-27.444906,4.574965,-27.384382,0.510558,-0.155921,-10.3079,0.178957,-10.2201,0.096322,4.765711,-26.525309,-10.2420,0.879994,1.006334,-0.190746,-0.859073,0.408718,-0.919597
11,1.235,B,2,5.346323,-28.472366,4.851928,-27.431548,0.706560,-0.105216,-9.5880,0.129349,-9.5024,0.162086,4.934421,-26.585109,-9.6518,0.850450,1.931684,-0.082493,-0.846439,0.411902,-1.887257
12,1.408,B,2,5.220597,-27.343238,5.096678,-27.824781,0.904737,-0.441814,-8.8398,0.114253,-8.8769,0.105823,5.103340,-26.647011,-8.9011,1.177789,0.706033,-0.006662,-1.177770,0.117257,-0.696228
13,1.560,B,2,5.125410,-27.766893,5.217869,-27.714868,0.826346,-0.232855,-8.1553,0.117130,-8.1989,0.110355,5.273114,-26.705007,-8.2242,1.011371,1.072110,-0.055245,-1.009861,-0.147705,-1.061886
14,1.741,B,2,6.146432,-27.855362,5.263359,-27.765058,0.722851,-0.230881,-7.4888,0.115771,-7.5319,0.112968,5.444521,-26.758565,-7.5581,1.022667,1.302169,-0.181161,-1.006493,0.701911,-1.096797
15,1.899,B,2,5.542326,-28.085274,5.608594,-27.823873,0.888254,-0.190404,-6.8230,0.110972,-6.8915,0.108308,5.619228,-26.809846,-6.9165,1.014083,1.277744,-0.010633,-1.014027,-0.076902,-1.275428
16,2.066,B,2,5.776866,-27.630278,5.668311,-27.929128,0.797831,-0.236393,-6.2494,0.103455,-6.2882,0.102235,5.799366,-26.862840,-6.3115,1.074312,0.767768,-0.131055,-1.066288,-0.022500,-0.767438
17,2.240,B,2,6.161007,-27.372663,5.758353,-27.869328,0.748912,-0.149879,-5.7896,0.098216,-5.7292,0.093213,5.986858,-26.920008,-5.7507,0.976434,0.484999,-0.228505,-0.949320,0.174149,-0.452654
18,2.436,B,2,7.002285,-28.108696,5.950231,-27.759587,0.723425,-0.030301,-5.1484,0.090973,-5.2079,0.088722,6.182272,-26.980339,-5.2282,0.813062,1.394851,-0.232042,-0.779248,0.820012,-1.128356
19,2.619,B,2,6.501896,-27.279625,6.304914,-27.862119,0.849806,-0.063056,-4.6555,0.087019,-4.7089,0.085852,6.384278,-27.040294,-4.7286,0.825649,0.266671,-0.079364,-0.821826,0.117617,-0.239332
20,2.802,B,2,6.320085,-28.435521,6.436915,-27.721701,0.787744,0.041948,-4.1598,0.084850,-4.2205,0.083679,6.590168,-27.096479,-4.2399,0.643731,1.366008,-0.153253,-0.625222,-0.270082,-1.339042
21,2.965,B,2,6.779594,-28.208001,6.483681,-27.904406,0.707645,-0.071080,-3.6917,0.083477,-3.7428,0.082997,6.797323,-27.148299,-3.7616,0.818577,1.059850,-0.313643,-0.756107,-0.017729,-1.059702
22,3.147,B,2,7.403206,-28.259466,6.610636,-27.987313,0.699475,-0.103743,-3.3309,0.079842,-3.2853,0.076639,7.004412,-27.198211,-3.3031,0.881896,1.133711,-0.393776,-0.789102,0.398794,-1.061255
23,3.335,B,2,7.729594,-27.702362,6.877596,-28.067851,0.723802,-0.116101,-2.8232,0.072752,-2.8589,0.070288,7.211544,-27.249612,-2.8752,0.883763,0.688010,-0.333949,-0.818239,0.518050,-0.452750
24,3.513,B,2,7.631139,-28.339015,7.131895,-27.993874,0.768234,-0.052012,-2.5091,0.067684,-2.4681,0.062779,7.420215,-27.304297,-2.4831,0.747425,1.055998,-0.288319,-0.689577,0.210924,-1.034718
25,3.681,B,2,8.062963,-28.508515,7.331252,-28.082399,0.738792,-0.080142,-2.0841,0.061661,-2.1059,0.061668,7.633017,-27.360947,-2.1200,0.782020,1.225466,-0.301766,-0.721452,0.429946,-1.147568
26,3.858,B,2,8.074048,-27.242830,7.568000,-28.188698,0.749604,-0.111677,-1.7438,0.060414,-1.7572,0.060253,7.852370,-27.416202,-1.7711,0.823175,0.281423,-0.284370,-0.772497,0.221678,0.173371
27,4.046,B,2,8.492322,-28.708738,7.751976,-27.990468,0.721839,-0.001721,-1.3852,0.060774,-1.4105,0.060993,8.079081,-27.467459,-1.4244,0.616876,1.308259,-0.327105,-0.523009,0.413241,-1.241279
28,4.214,B,2,7.627762,-28.678015,7.983994,-28.149381,0.727970,-0.065799,-1.0508,0.059951,-1.0670,0.059068,8.311941,-27.514818,-1.0805,0.714296,1.349492,-0.327947,-0.634563,-0.684179,-1.163197
29,4.364,B,2,7.664099,-28.180187,7.977058,-28.271317,0.628256,-0.109635,-0.7278,0.056872,-0.7385,0.055732,8.548426,-27.560975,-0.7512,0.911617,1.079563,-0.571368,-0.710342,-0.884327,-0.619212
30,4.527,B,2,9.204820,-29.585983,7.970472,-28.263153,0.540180,-0.092549,-0.4198,0.052160,-0.4364,0.052405,8.786071,-27.608938,-0.4479,1.045562,2.020905,-0.815599,-0.654215,0.418749,-1.977045
31,4.680,B,2,9.274696,-28.432903,8.283161,-28.550976,0.596299,-0.189608,-0.1634,0.046098,-0.1625,0.045090,9.023469,-27.659545,-0.1729,1.158751,0.813141,-0.740308,-0.891431,0.251227,-0.773358
32,4.843,B,2,10.825839,-28.620208,8.547268,-28.544292,0.618237,-0.158910,0.0887,0.042664,0.0915,0.042292,9.260509,-27.710968,0.0816,1.096878,1.810242,-0.713241,-0.833324,1.565330,-0.909239
33,5.015,B,2,8.971901,-29.573808,9.077398,-28.574361,0.735081,-0.143929,0.3332,0.041912,0.3387,0.041452,9.498462,-27.760131,0.3288,0.916660,1.888568,-0.421064,-0.814230,-0.526561,-1.813676
34,5.199,B,2,9.323167,-29.007617,9.126885,-28.792329,0.658488,-0.204804,0.5697,0.043892,0.5882,0.042235,9.739675,-27.805114,0.5782,1.161940,1.272593,-0.612790,-0.987215,-0.416508,-1.202503
35,5.379,B,2,11.315449,-28.691149,9.230260,-28.854915,0.609679,-0.200367,0.8172,0.043372,0.8381,0.042420,9.986435,-27.846684,0.8282,1.260290,1.574611,-0.756175,-1.008231,1.329014,-0.844466
36,5.562,B,2,10.339393,-28.501820,9.709243,-28.839772,0.696580,-0.167519,1.0663,0.040586,1.0762,0.039933,10.239744,-27.887576,1.0671,1.090004,0.622275,-0.530501,-0.952196,0.099648,-0.614244
37,5.732,B,2,10.885212,-29.159704,9.902460,-28.786783,0.672161,-0.128108,1.2926,0.036997,1.2915,0.035858,10.498891,-27.930324,1.2834,1.043672,1.288650,-0.596431,-0.856459,0.386322,-1.229380
38,5.885,B,2,11.292019,-28.562042,10.162683,-28.871438,0.672491,-0.140088,1.4872,0.033480,1.4843,0.032907,10.761882,-27.975179,1.4769,1.078110,0.790857,-0.599199,-0.896260,0.530138,-0.586864
39,6.062,B,2,11.791959,-28.982088,10.450523,-28.821803,0.680429,-0.106771,1.6754,0.031016,1.6658,0.030426,11.026428,-28.019887,1.6585,0.987286,1.229580,-0.575905,-0.801915,0.765531,-0.962201
40,6.243,B,2,11.221231,-28.010121,10.779641,-28.861297,0.699083,-0.106956,1.8588,0.032290,1.8488,0.032784,11.290818,-28.061634,1.8413,0.949085,0.086579,-0.511177,-0.799663,-0.069587,0.051513
41,6.424,B,2,11.306905,-29.349665,10.933228,-28.702938,0.659447,-0.044802,2.0616,0.033100,2.0385,0.032511,11.554509,-28.099239,2.0308,0.866281,1.274705,-0.621281,-0.603699,-0.247603,-1.250426
42,6.628,B,2,11.625350,-28.341519,11.056746,-28.829418,0.630571,-0.081171,2.2016,0.032705,2.2291,0.030300,11.818502,-28.134034,2.2217,1.031422,0.283474,-0.761756,-0.695384,-0.193152,-0.207485
43,6.798,B,2,12.526347,-28.758390,11.235889,-28.740789,0.591870,-0.043373,2.4200,0.029642,2.4081,0.028033,12.085025,-28.168758,2.4013,1.023842,0.736499,-0.849137,-0.572031,0.441322,-0.589632
44,6.982,B,2,12.818826,-28.879325,11.541401,-28.745692,0.609112,-0.041784,2.5767,0.026412,2.5664,0.024779,12.356358,-28.205289,2.5605,0.977850,0.817435,-0.814958,-0.540403,0.462468,-0.674036
45,7.125,B,2,13.244105,-28.409716,11.845067,-28.772482,0.622509,-0.047107,2.7154,0.024216,2.7071,0.024348,12.633680,-28.243189,2.7017,0.949769,0.632732,-0.788613,-0.529293,0.610425,-0.166527
46,7.290,B,2,13.488421,-28.836139,12.172463,-28.704562,0.640973,-0.024646,2.8602,0.024520,2.8438,0.023743,12.916579,-28.280068,2.8382,0.856682,0.797633,-0.744117,-0.424494,0.571842,-0.556071
47,7.450,B,2,13.522802,-28.318886,12.471540,-28.728763,0.664401,-0.032410,2.9705,0.024661,2.9894,0.024932,13.203320,-28.313507,2.9834,0.841391,0.319527,-0.731780,-0.415256,0.319482,-0.005379
48,7.597,B,2,13.416029,-29.824440,12.744481,-28.650340,0.645500,-0.008455,3.1603,0.026885,3.1457,0.027657,13.491674,-28.343020,3.1394,0.807924,1.483350,-0.747192,-0.307320,-0.075644,-1.481420
49,7.757,B,2,14.073149,-29.102701,12.921082,-28.869311,0.629303,-0.072771,3.2666,0.027387,3.3030,0.027566,13.779833,-28.370372,3.2969,0.993173,0.788886,-0.858750,-0.498939,0.293316,-0.732329
50,7.921,B,2,13.406085,-30.506092,13.208324,-28.917291,0.616923,-0.079211,3.4394,0.024417,3.4482,0.024103,14.067143,-28.398142,3.4428,1.003537,2.209175,-0.858819,-0.519149,-0.661058,-2.107951
51,8.105,B,2,14.056221,-29.385488,13.293647,-29.218274,0.575726,-0.157364,3.5195,0.022416,3.5752,0.021466,14.354450,-28.427665,3.5704,1.323014,1.003177,-1.060803,-0.790608,-0.298229,-0.957823
52,8.274,B,2,15.450869,-29.469786,13.490179,-29.260677,0.559193,-0.152698,3.6351,0.020150,3.6894,0.019950,14.643677,-28.457960,3.6849,1.405315,1.294353,-1.153497,-0.802717,0.807193,-1.011825
53,8.445,B,2,14.861520,-29.646145,13.908466,-29.310311,0.605624,-0.153729,3.7531,0.020339,3.8050,0.021548,14.936828,-28.486566,3.8001,1.317605,1.162022,-1.028362,-0.823745,-0.075308,-1.159579
54,8.598,B,2,14.858534,-29.743011,14.154623,-29.385616,0.582945,-0.155484,3.9078,0.022730,3.9331,0.023567,15.235085,-28.511507,3.9277,1.389772,1.287786,-1.080462,-0.874109,-0.376551,-1.231504
55,8.766,B,2,15.764234,-28.769207,14.343144,-29.463406,0.560867,-0.160197,4.0462,0.024575,4.0731,0.025626,15.538363,-28.532832,4.0674,1.514767,0.326941,-1.195220,-0.930574,0.225870,-0.236375
56,8.917,B,2,15.471620,-29.588537,14.663107,-29.345181,0.578828,-0.114685,4.2019,0.023727,4.2135,0.022701,15.845376,-28.552520,4.2081,1.423402,1.101374,-1.182269,-0.792662,-0.373756,-1.036018
57,9.084,B,2,16.605391,-29.420296,14.858416,-29.395790,0.573410,-0.120316,4.3070,0.022922,4.3424,0.021066,16.154144,-28.572850,4.3375,1.534973,0.960098,-1.295728,-0.822940,0.451247,-0.847446
58,9.275,B,2,15.859093,-30.022211,15.247509,-29.408580,0.592343,-0.112978,4.4512,0.019372,4.4566,0.019992,16.462794,-28.594634,4.4523,1.462677,1.549978,-1.215285,-0.813946,-0.603701,-1.427577
59,9.465,B,2,16.556050,-29.646440,15.418724,-29.528917,0.562870,-0.133491,4.5517,0.018816,4.5638,0.019169,16.770398,-28.616640,4.5595,1.630728,1.051872,-1.351674,-0.912277,-0.214348,-1.029800
60,9.666,B,2,17.927525,-29.730981,15.684767,-29.559102,0.562650,-0.129927,4.6669,0.020037,4.6758,0.020293,17.077423,-28.636643,4.6711,1.670456,1.385730,-1.392656,-0.922459,0.850102,-1.094338
61,9.825,B,2,17.071024,-28.750028,16.155309,-29.598785,0.614316,-0.132996,4.7944,0.021721,4.8000,0.022954,17.385461,-28.653218,4.7948,1.551570,0.329003,-1.230151,-0.945567,-0.314437,-0.096810
62,9.980,B,2,17.749827,-29.400581,16.384684,-29.449246,0.601318,-0.083326,4.9460,0.023646,4.9335,0.024020,17.696476,-28.666813,4.9282,1.527416,0.735705,-1.311792,-0.782433,0.053350,-0.733768
63,10.131,B,2,18.566298,-29.930640,16.695469,-29.443079,0.607683,-0.077787,5.0812,0.022965,5.0657,0.023806,18.011945,-28.679314,5.0605,1.521987,1.368621,-1.316476,-0.763764,0.554353,-1.251325
64,10.278,B,2,18.398524,-29.042716,17.100009,-29.535300,0.634762,-0.099715,5.1966,0.020406,5.1872,0.020103,18.332148,-28.692467,5.1826,1.492827,0.356483,-1.232139,-0.842833,0.066375,-0.350249
65,10.435,B,2,18.479988,-29.630235,17.401325,-29.448186,0.635807,-0.072034,5.3148,0.018534,5.2986,0.016951,18.655968,-28.706465,5.2942,1.457491,0.940383,-1.254643,-0.741721,-0.175980,-0.923770
66,10.615,B,2,19.468366,-29.379438,17.661837,-29.482903,0.623836,-0.077556,5.4195,0.018839,5.4086,0.019639,18.981338,-28.719890,5.4041,1.524228,0.819878,-1.319501,-0.763013,0.487028,-0.659548
67,10.794,B,2,19.487402,-28.687075,18.055264,-29.465410,0.647327,-0.072266,5.5370,0.020399,5.5267,0.021036,19.306210,-28.730933,5.5218,1.450628,0.186424,-1.250946,-0.734477,0.181192,0.043858
68,10.962,B,2,18.997805,-30.744675,18.381595,-29.322721,0.653729,-0.035304,5.6771,0.022240,5.6555,0.023589,19.629589,-28.738900,5.6501,1.377801,2.102923,-1.247994,-0.583822,-0.631783,-2.005776
69,11.133,B,2,20.613476,-29.287896,18.557995,-29.581637,0.613323,-0.099190,5.9777,0.088861,6.0227,0.148678,19.949745,-28.747344,5.9885,1.622656,0.856000,-1.391750,-0.834292,0.663731,-0.540552
70,11.284,B,2,20.097223,-29.458943,18.995706,-29.530345,0.648952,-0.084728,6.6527,0.080125,6.6478,0.031074,20.257665,-28.758330,6.6409,1.479374,0.718749,-1.261959,-0.772016,-0.160442,-0.700613
71,11.456,B,2,21.169285,-29.625306,19.261136,-29.518024,0.636751,-0.078022,6.5239,-0.027479,6.5044,0.008894,20.570051,-28.766920,6.5025,1.509111,1.046856,-1.308915,-0.751104,0.599234,-0.858386
72,11.632,B,2,21.113350,-29.055361,19.673449,-29.537820,0.661146,-0.083746,7.1135,0.139272,7.1485,0.160547,20.873250,-28.783282,7.1116,1.417339,0.362870,-1.199801,-0.754538,0.240100,-0.272078
73,11.802,B,2,21.745504,-29.567906,20.001904,-29.448818,0.664529,-0.060571,7.6111,0.048602,7.5793,0.010261,21.178898,-28.797228,7.5765,1.345320,0.956550,-1.176994,-0.651590,0.566606,-0.770678
74,11.971,B,2,21.743523,-28.903765,20.386011,-29.467562,0.678221,-0.068361,8.1576,0.136250,8.1896,0.169288,21.484035,-28.810052,8.1505,1.279834,0.275891,-1.098024,-0.657509,0.259488,-0.093712
75,12.162,B,2,22.667354,-29.581671,20.686667,-29.361931,0.690286,-0.044266,8.7779,0.117237,8.8794,0.103519,21.786219,-28.822182,8.8553,1.224885,1.163281,-1.099552,-0.539749,0.881136,-0.759489
76,12.351,B,2,22.107446,-29.422814,21.111766,-29.395724,0.712108,-0.060590,9.5229,0.146548,9.7216,0.154344,22.082059,-28.835122,9.6863,1.120599,0.588240,-0.970293,-0.560601,0.025387,-0.587692
77,12.526,B,2,23.193163,-29.593506,21.372314,-29.393544,0.674517,-0.060518,10.5611,0.159820,10.5825,0.154497,22.369998,-28.850367,10.5470,1.135964,1.108989,-0.997684,-0.543178,0.823165,-0.743139
78,12.697,B,2,23.081462,-29.515384,21.770545,-29.423100,0.688796,-0.074331,11.4947,0.166791,11.5192,0.169541,22.648902,-28.869407,11.4802,1.038311,0.777429,-0.878358,-0.553694,0.432560,-0.645978
79,12.865,B,2,23.131289,-30.071352,22.076874,-29.432991,0.679645,-0.079608,12.3114,0.108191,12.3224,0.066578,22.922791,-28.890296,12.3072,1.005034,1.199319,-0.845917,-0.542695,0.208498,-1.181056
80,13.051,B,2,23.028411,-30.036988,22.321934,-29.543728,0.669554,-0.109317,12.7004,0.107717,12.9280,0.184346,23.196607,-28.907954,12.8853,1.081323,1.141493,-0.874673,-0.635773,-0.168196,-1.129033
81,13.242,B,2,23.581896,-29.830238,22.526108,-29.628445,0.619752,-0.123490,14.2723,0.247441,14.3222,0.210868,23.475265,-28.925938,14.2739,1.180854,0.910565,-0.949157,-0.702508,0.106631,-0.904300
82,13.453,B,2,23.744479,-29.697821,22.767286,-29.662099,0.616893,-0.131321,14.9328,0.122411,14.9945,0.067534,23.758718,-28.934207,14.9788,1.229945,0.763747,-0.991432,-0.727892,-0.014239,-0.763614
83,13.636,B,2,23.810242,-29.159744,23.002775,-29.665221,0.600294,-0.128747,15.6208,0.158292,15.9203,0.245838,24.046285,-28.943167,15.8639,1.268966,0.320347,-1.043510,-0.722054,-0.236044,-0.216577
84,13.824,B,2,23.610709,-29.601218,23.217746,-29.567657,0.570502,-0.099479,16.8156,0.117486,16.7833,0.063459,24.336030,-28.951854,16.7685,1.276625,0.973531,-1.118284,-0.615802,-0.725321,-0.649363
85,13.997,B,2,24.135725,-29.864168,23.346923,-29.566420,0.532214,-0.095116,17.6092,0.165769,17.5836,0.186565,24.625465,-28.959792,17.5408,1.415157,1.028466,-1.278542,-0.606629,-0.489740,-0.904376
86,14.176,B,2,24.920612,-29.514484,23.544771,-29.613388,0.511937,-0.106852,18.3512,0.115598,18.2960,0.135991,24.912668,-28.965873,18.2653,1.513413,0.548669,-1.367897,-0.647515,0.007944,-0.548611
87,14.338,B,2,25.846977,-28.934999,23.844195,-29.589064,0.523023,-0.107337,19.1000,0.129779,19.0590,0.106158,25.197870,-28.969853,19.0347,1.488577,0.650041,-1.353676,-0.619211,0.649106,0.034853
88,14.517,B,2,25.751045,-28.844694,24.246836,-29.464392,0.576746,-0.093891,19.6435,0.123441,19.7679,0.122314,25.482475,-28.969724,19.7399,1.330977,0.296247,-1.235639,-0.494668,0.268570,0.125030
89,14.690,B,2,25.716900,-29.156672,24.584198,-29.338784,0.581196,-0.074879,20.4800,0.118756,20.4526,0.116641,25.769202,-28.966600,20.4258,1.242077,0.197136,-1.185004,-0.372184,-0.052302,-0.190071
90,14.870,B,2,25.645566,-29.147111,24.845386,-29.292149,0.574879,-0.074088,21.1371,0.112809,21.1055,0.111420,26.060530,-28.961234,21.0800,1.259396,0.454692,-1.215144,-0.330914,-0.414964,-0.185877
91,15.061,B,2,26.782483,-28.882231,25.045249,-29.251928,0.554790,-0.071275,21.7606,0.107498,21.7265,0.105334,26.357420,-28.953814,21.7022,1.345609,0.431049,-1.312171,-0.298114,0.425063,0.071582
92,15.245,B,2,26.144424,-29.507936,25.413874,-29.170340,0.578416,-0.072485,22.3535,0.102455,22.3212,0.102152,26.658634,-28.943687,22.2979,1.265226,0.763406,-1.244760,-0.226652,-0.514210,-0.564248
93,15.414,B,2,25.946247,-29.792734,25.590167,-29.219452,0.559454,-0.091477,22.8091,0.100729,22.8969,0.098571,26.961328,-28.930043,22.8741,1.401371,1.332151,-1.371162,-0.289410,-1.015082,-0.862691
94,15.582,B,2,27.349976,-28.989193,25.716208,-29.308978,0.501434,-0.109685,23.4707,0.097176,23.4570,0.095857,27.262650,-28.912749,23.4349,1.596396,0.116058,-1.546442,-0.396229,0.087326,-0.076444
95,15.743,B,2,26.990917,-28.826077,26.062459,-29.240466,0.524865,-0.110474,24.0124,0.093315,24.0002,0.091693,27.561364,-28.892689,23.9788,1.538722,0.574322,-1.498905,-0.347777,-0.570446,0.066612
96,15.921,B,2,27.401628,-28.874528,26.282007,-29.153602,0.518632,-0.097281,24.5402,0.090582,24.5218,0.089152,27.858153,-28.871258,24.5014,1.601235,0.456537,-1.576145,-0.282344,-0.456525,-0.003271
97,16.104,B,2,28.579505,-29.553999,26.524881,-29.092745,0.529211,-0.096279,24.9427,0.086501,25.0178,0.086125,28.154856,-28.849377,24.9985,1.648044,0.822691,-1.629975,-0.243369,0.424649,-0.704623
98,16.275,B,2,28.274408,-29.814926,26.957234,-29.161124,0.543793,-0.137268,25.5014,0.081510,25.4885,0.080661,28.453554,-28.826557,25.4701,1.533267,1.004473,-1.496320,-0.334567,-0.179146,-0.988369
99,16.448,B,2,28.535614,-29.758259,27.250440,-29.269343,0.533598,-0.172319,25.9385,0.077833,25.9394,0.077212,28.755680,-28.800855,25.9216,1.576461,0.982370,-1.505240,-0.468487,-0.220066,-0.957403
100,16.618,B,2,29.718134,-30.053213,27.538277,-29.350551,0.525433,-0.197259,26.3674,0.076115,26.3786,0.076014,29.061420,-28.770191,26.3612,1.629964,1.441325,-1.523143,-0.580361,0.656713,-1.283022
101,16.796,B,2,29.386772,-29.195617,27.989640,-29.472668,0.549586,-0.244312,26.7830,0.074450,26.8101,0.075484,29.369773,-28.733893,26.7930,1.565426,0.462037,-1.380134,-0.738775,0.016999,-0.461724
102,16.970,B,2,29.244432,-28.579536,28.302083,-29.418800,0.557158,-0.234705,27.2096,0.072886,27.2315,0.072626,29.679167,-28.693259,27.2149,1.556525,0.449363,-1.377084,-0.725540,-0.434734,0.113723
103,17.137,B,2,30.463682,-29.405573,28.531703,-29.260871,0.556079,-0.196087,27.6322,0.069929,27.6368,0.069473,29.988243,-28.650726,27.6210,1.579172,0.892096,-1.456540,-0.610145,0.475439,-0.754847
104,17.307,B,2,30.496832,-28.745598,28.940167,-29.278630,0.576013,-0.218617,28.0131,0.065979,28.0216,0.066117,30.296291,-28.608189,28.0066,1.512800,0.243100,-1.356124,-0.670441,0.200541,-0.137409
105,17.493,B,2,30.671387,-28.862520,29.282737,-29.173457,0.591682,-0.205969,28.3904,0.063381,28.3862,0.061210,30.603140,-28.565904,28.3719,1.453474,0.304366,-1.320403,-0.607553,0.068247,-0.296616
106,17.653,B,2,31.002847,-28.369057,29.595354,-29.106690,0.594961,-0.200558,28.7439,0.060128,28.7354,0.061577,30.909076,-28.522500,28.7216,1.437756,0.179827,-1.313722,-0.584190,0.093771,0.153443
107,17.822,B,2,31.257008,-29.374480,29.911223,-28.961126,0.606795,-0.179909,29.0955,0.058995,29.0757,0.057463,31.215032,-28.475815,29.0622,1.391202,0.899645,-1.303809,-0.485311,0.041976,-0.898665
108,17.989,B,2,31.470895,-29.074184,30.216027,-29.022928,0.592476,-0.205089,29.4179,0.058132,29.4110,0.057239,31.522512,-28.424237,29.3977,1.437127,0.651994,-1.306485,-0.598692,-0.051618,-0.649947
109,18.158,B,2,31.078581,-28.269200,30.504093,-29.021144,0.582928,-0.212380,29.7438,0.057143,29.7396,0.056679,31.832902,-28.367672,29.7266,1.480796,0.760721,-1.328809,-0.653472,-0.754321,0.098472
110,18.321,B,2,32.207217,-28.230758,30.667431,-28.873674,0.564172,-0.174701,30.0747,0.054837,30.0558,0.055318,32.146654,-28.307409,30.0434,1.583905,0.097690,-1.479223,-0.566265,0.060563,0.076651
111,18.486,B,2,32.670810,-28.882757,31.003394,-28.743533,0.582048,-0.164806,29.9866,-0.057814,29.9259,-0.087938,32.457293,-28.243640,29.9460,1.537438,0.673840,-1.453899,-0.499892,0.213517,-0.639117
112,18.658,B,2,32.323906,-27.966162,31.363857,-28.754593,0.586854,-0.188753,29.9299,0.029445,29.9447,0.081103,32.761088,-28.185706,29.9259,1.508604,0.489211,-1.397231,-0.568887,-0.437182,0.219544
113,18.823,B,2,32.911691,-28.517274,31.596701,-28.597979,0.583421,-0.160656,30.4771,0.068778,30.4598,0.010363,33.062403,-28.129657,30.4569,1.538704,0.415886,-1.465702,-0.468322,-0.150712,-0.387617
114,18.978,B,2,33.807486,-29.165017,31.892678,-28.568146,0.578955,-0.169794,30.1313,-0.073922,30.0903,-0.049911,33.348572,-28.071118,30.1013,1.538397,1.186262,-1.455894,-0.497027,0.458914,-1.093899
115,19.169,B,2,33.891836,-28.171208,32.298197,-28.663072,0.583167,-0.216591,30.2281,0.043275,30.2340,0.026255,33.634776,-28.013064,30.2278,1.486255,0.301811,-1.336579,-0.650008,0.257061,-0.158144
116,19.336,B,2,34.227533,-28.228169,32.647621,-28.563183,0.597803,-0.211116,29.8996,-0.083002,29.8812,-0.078498,33.913458,-27.951997,29.8989,1.405664,0.418227,-1.265837,-0.611186,0.314075,-0.276172
117,19.496,B,2,33.245907,-29.147425,32.995626,-28.491091,0.607124,-0.211943,29.7088,-0.030464,29.6996,-0.066324,34.192470,-27.890112,29.7149,1.339258,1.573790,-1.196844,-0.600979,-0.946562,-1.257313
118,19.662,B,2,34.664870,-28.435152,33.102059,-28.599795,0.544195,-0.221659,29.2746,-0.069173,29.2815,-0.048049,34.467925,-27.827007,29.2923,1.569328,0.639241,-1.365866,-0.772789,0.196945,-0.608146
119,19.815,B,2,35.417181,-28.451215,33.430875,-28.564428,0.565658,-0.232219,28.9208,-0.085408,28.8301,-0.089243,34.740500,-27.763989,28.8506,1.534868,0.964456,-1.309625,-0.800439,0.676680,-0.687226
120,19.974,B,2,35.047099,-28.412524,33.859978,-28.536534,0.578791,-0.244015,28.2863,-0.096550,28.2859,-0.102208,35.007045,-27.701001,28.3090,1.419112,0.712649,-1.147067,-0.835533,0.040054,-0.711523
121,20.144,B,2,35.169913,-28.263586,34.136355,-28.508626,0.570520,-0.241021,27.6700,-0.109860,27.6707,-0.113601,35.266182,-27.638082,27.6966,1.426308,0.632869,-1.129827,-0.870544,-0.096269,-0.625504
122,20.314,B,2,35.826238,-28.641666,34.371697,-28.460479,0.571311,-0.235039,27.1286,-0.119673,26.9862,-0.126301,35.517748,-27.575244,27.0149,1.448128,1.110145,-1.146051,-0.885235,0.308490,-1.066422
123,20.477,B,2,36.229489,-28.371105,34.692350,-28.489119,0.568304,-0.250141,26.3783,-0.132143,26.2318,-0.138611,35.762988,-27.512603,26.2635,1.449086,0.977062,-1.070638,-0.976517,0.466501,-0.858502
124,20.647,B,2,36.522166,-27.602754,35.040893,-28.465122,0.564144,-0.248616,25.8335,-0.029870,25.8931,-0.022877,36.004880,-27.454468,25.8979,1.396672,0.538120,-0.963987,-1.010654,0.517285,-0.148286
125,20.815,B,2,36.674808,-27.980375,35.370162,-28.306339,0.583880,-0.221901,25.2269,-0.149138,25.2132,-0.206399,36.239974,-27.395550,25.2604,1.259408,0.728767,-0.869812,-0.910789,0.434833,-0.584825
126,20.977,B,2,36.306275,-28.447231,35.667863,-28.243151,0.584241,-0.214191,24.0706,-0.168061,24.0953,-0.112971,36.471474,-27.330226,24.1208,1.216233,1.129155,-0.803610,-0.912925,-0.165198,-1.117006
127,21.134,B,2,36.611896,-28.374569,35.843813,-28.276510,0.548653,-0.214006,23.7650,-0.047675,23.8087,-0.084989,36.704199,-27.275332,23.8281,1.320085,1.103106,-0.860386,-1.001179,-0.092303,-1.099237
128,21.294,B,2,36.832773,-27.037498,36.040350,-28.292489,0.523740,-0.212049,22.8749,-0.173259,22.8941,-0.151266,36.931533,-27.212069,22.9288,1.400541,0.200570,-0.891183,-1.080420,-0.098760,0.174571
129,21.469,B,2,37.351834,-27.446355,36.239404,-28.063335,0.527925,-0.157940,22.4765,-0.051001,22.5041,-0.069705,37.155514,-27.155455,22.5200,1.289769,0.350947,-0.916110,-0.907880,0.196320,-0.290899
130,21.642,B,2,37.870845,-27.291811,36.494909,-27.946063,0.532044,-0.139300,21.8080,-0.117895,21.8182,-0.077894,37.372443,-27.096838,21.8362,1.221167,0.535181,-0.877534,-0.849225,0.498402,-0.194973
131,21.815,B,2,38.059714,-27.406775,36.798232,-27.820757,0.546747,-0.125224,21.3382,-0.096965,21.3425,-0.092940,37.583289,-27.043472,21.3638,1.104757,0.599141,-0.785057,-0.777285,0.476425,-0.363303
132,21.984,B,2,37.221649,-27.741796,37.081484,-27.737912,0.551259,-0.119280,20.8437,-0.086914,20.8482,-0.083691,37.787602,-26.992402,20.8677,1.026833,0.939091,-0.706118,-0.745509,-0.565953,-0.749393
133,22.148,B,2,37.853680,-27.441223,37.160622,-27.730699,0.503775,-0.110405,20.3683,-0.081912,20.3773,-0.078983,37.986802,-26.943215,20.3955,1.141360,0.515493,-0.826180,-0.787484,-0.133122,-0.498008
134,22.305,B,2,38.471969,-27.547426,37.336130,-27.671346,0.487830,-0.100075,19.9268,-0.076718,19.9370,-0.073779,38.182621,-26.894486,19.9540,1.148938,0.714180,-0.846491,-0.776860,0.289348,-0.652940
135,22.465,B,2,38.815416,-27.821105,37.590456,-27.642235,0.488328,-0.104404,19.5144,-0.070915,19.5291,-0.068581,38.376550,-26.845224,19.5448,1.119450,1.070022,-0.786094,-0.797010,0.438866,-0.975881
136,22.624,B,2,38.471231,-27.544827,37.861232,-27.669025,0.487545,-0.121464,19.1264,-0.065540,19.1507,-0.063719,38.569250,-26.795478,19.1653,1.124443,0.755733,-0.708017,-0.873546,-0.098018,-0.749349
137,22.799,B,2,39.369808,-27.068482,38.020571,-27.642311,0.467189,-0.114521,18.7723,-0.060615,18.7962,-0.059897,38.760289,-26.746195,18.8100,1.161985,0.689480,-0.739719,-0.896117,0.609519,-0.322287
138,22.956,B,2,39.198633,-27.547495,38.312603,-27.534081,0.485635,-0.101439,18.4423,-0.057925,18.4606,-0.056387,38.948322,-26.698501,18.4737,1.049920,0.885125,-0.635719,-0.835579,0.250311,-0.848994
139,23.120,B,2,39.072458,-27.627621,38.521395,-27.531292,0.474592,-0.105777,18.1201,-0.055384,18.1425,-0.054516,39.131688,-26.652948,18.1549,1.069554,0.976470,-0.610293,-0.878344,-0.059230,-0.974672
140,23.294,B,2,39.857244,-27.688085,38.668291,-27.544529,0.449893,-0.107775,17.8151,-0.052539,17.8438,-0.048949,39.309145,-26.609283,17.8553,1.133746,1.210053,-0.640854,-0.935246,0.548099,-1.078802
141,23.455,B,2,39.997902,-26.635640,38.929269,-27.567623,0.452893,-0.120727,17.5380,-0.047209,17.5670,-0.046622,39.480499,-26.566763,17.5776,1.142618,0.521967,-0.551230,-1.000860,0.517403,-0.068877
142,23.607,B,2,39.694270,-27.830517,39.169201,-27.395946,0.466370,-0.086565,17.2947,-0.043856,17.3127,-0.042794,39.646855,-26.524702,17.3225,0.993589,1.306675,-0.477654,-0.871243,0.047414,-1.305814
143,23.767,B,2,40.816512,-26.667499,39.310075,-27.469933,0.436851,-0.103431,17.0536,-0.040281,17.0784,-0.037520,39.810151,-26.482863,17.0875,1.106519,1.023158,-0.500076,-0.987070,1.006361,-0.184636
144,23.939,B,2,40.614964,-26.247210,39.627810,-27.321139,0.467705,-0.081621,16.8438,-0.037955,16.8601,-0.037057,39.972185,-26.441440,16.8686,0.944703,0.671483,-0.344375,-0.879699,0.642778,0.194230
145,24.104,B,2,40.767397,-27.285031,39.843518,-27.122030,0.487703,-0.044141,16.6893,-0.036530,16.6547,-0.035027,40.133769,-26.400735,16.6627,0.777504,1.087871,-0.290251,-0.721295,0.633628,-0.884296
146,24.284,B,2,39.631396,-26.599977,40.064555,-27.141322,0.467680,-0.058420,16.4450,-0.033812,16.4621,-0.032563,40.294373,-26.360833,16.4695,0.813621,0.704789,-0.229818,-0.780489,-0.662977,-0.239144
147,24.457,B,2,40.375716,-27.242177,40.030469,-27.035370,0.412139,-0.024868,16.2695,-0.032207,16.2843,-0.030360,40.452422,-26.321574,16.2911,0.829186,0.923793,-0.421953,-0.713796,-0.076706,-0.920603
148,24.629,B,2,40.799882,-26.485381,40.132047,-27.064322,0.384036,-0.035485,16.0996,-0.028620,16.1227,-0.026741,40.606079,-26.282820,16.1288,0.914031,0.280340,-0.474032,-0.781503,0.193803,-0.202561
149,24.784,B,2,40.878239,-26.838805,40.290144,-26.952001,0.382099,-0.016829,15.9573,-0.025233,15.9762,-0.025027,40.754095,-26.244727,15.9818,0.845864,0.606910,-0.463951,-0.707273,0.124144,-0.594077
150,24.953,B,2,41.567733,-27.254391,40.425642,-26.924646,0.378661,-0.018384,15.8470,-0.023849,15.8419,-0.022689,40.896398,-26.207726,15.8471,0.857663,1.243462,-0.470756,-0.716920,0.671335,-1.046665
151,25.111,B,2,40.998705,-27.586175,40.666747,-26.976735,0.386102,-0.045312,15.7110,-0.022433,15.7166,-0.021284,41.034123,-26.172172,15.7215,0.884470,1.414446,-0.367376,-0.804563,-0.035418,-1.414003
152,25.272,B,2,41.113460,-26.556285,40.770640,-27.081244,0.347800,-0.069768,15.5539,-0.022174,15.5870,-0.045287,41.169012,-26.137905,15.5974,1.024006,0.422052,-0.398372,-0.943339,-0.055552,-0.418380
153,25.433,B,2,41.192975,-26.866881,40.865721,-26.983382,0.335087,-0.045478,14.8897,-0.133146,14.8826,-0.105633,41.300412,-26.099700,14.9068,0.984809,0.774667,-0.434691,-0.883682,-0.107436,-0.767181
154,25.596,B,2,41.281513,-27.037760,40.951078,-26.959071,0.324294,-0.041064,14.6845,-0.027161,14.7819,0.063731,41.437173,-26.063320,14.7673,1.019146,0.986795,-0.486095,-0.895751,-0.155661,-0.974440
155,25.762,B,2,41.944222,-26.895798,41.046867,-26.968699,0.299758,-0.043562,14.7299,-0.045632,14.7193,-0.112100,41.574846,-26.026582,14.7446,1.079976,0.944445,-0.527980,-0.942118,0.369376,-0.869217
156,25.922,B,2,42.015516,-26.518940,41.232778,-26.953049,0.315260,-0.047830,14.0677,-0.135113,13.9718,-0.067843,41.705361,-25.984583,13.9873,1.077619,0.617846,-0.472583,-0.968466,0.310156,-0.534357
157,26.084,B,2,42.973536,-26.206720,41.411746,-26.870659,0.316485,-0.033345,13.7921,-0.042755,13.8160,-0.079734,41.838264,-25.945667,13.8341,1.018591,1.164899,-0.426518,-0.924992,1.135272,-0.261053
158,26.230,B,2,42.413775,-26.427576,41.725478,-26.746072,0.359023,-0.020171,13.0220,-0.141002,13.0124,-0.104115,41.961565,-25.903828,13.0367,0.874707,0.691958,-0.236087,-0.842244,0.452210,-0.523747
159,26.392,B,2,42.093186,-26.860351,41.884881,-26.682420,0.356698,-0.012623,12.5196,-0.107723,12.4948,-0.159923,42.083569,-25.864439,12.5315,0.841766,0.995959,-0.198688,-0.817981,0.009617,-0.995912
160,26.559,B,2,42.316683,-26.097053,41.956554,-26.708804,0.329182,-0.021082,11.7667,-0.126712,11.7568,-0.133418,42.200570,-25.823619,11.7876,0.918203,0.297067,-0.244016,-0.885186,0.116113,-0.273434
161,26.732,B,2,42.757946,-26.516568,42.053685,-26.593175,0.319060,0.002729,10.9897,-0.138700,10.9766,-0.140767,42.316393,-25.781673,11.0092,0.852966,0.857344,-0.262708,-0.811501,0.441553,-0.734894
162,26.896,B,2,43.124678,-26.017521,42.212054,-26.573470,0.318696,-0.001493,10.1428,-0.149008,10.1285,-0.153414,42.432334,-25.737828,10.1637,0.864187,0.746705,-0.220280,-0.835641,0.692344,-0.279693
163,27.056,B,2,42.935329,-26.290659,42.408630,-26.467395,0.331867,0.013073,9.2313,-0.160700,9.2170,-0.165852,42.549150,-25.692301,9.2546,0.787728,0.712156,-0.140520,-0.775093,0.386180,-0.598357
164,27.244,B,2,43.483090,-26.458896,42.535946,-26.429213,0.323821,0.014336,8.2577,-0.171263,8.2426,-0.175523,42.666392,-25.645809,8.2828,0.794190,1.152435,-0.130447,-0.783404,0.816698,-0.813087
165,27.424,B,2,42.787062,-26.890109,42.739124,-26.429317,0.332440,0.003305,7.2156,-0.182043,7.2063,-0.184237,42.782631,-25.599090,7.2490,0.831366,1.291027,-0.043507,-0.830227,0.004431,-1.291019
166,27.589,B,2,43.628627,-26.102187,42.779427,-26.509186,0.298678,-0.016913,6.1130,-0.192376,6.1107,-0.195965,42.896074,-25.552464,6.1556,0.963807,0.915876,-0.116647,-0.956722,0.732553,-0.549723
167,27.742,B,2,42.997107,-26.226399,42.963002,-26.434158,0.309191,-0.004607,4.9634,-0.202681,4.9596,-0.204774,43.005401,-25.505724,5.0066,0.929402,0.720723,-0.042399,-0.928434,-0.008294,-0.720675
168,27.889,B,2,42.999150,-26.106607,42.998948,-26.394453,0.282423,0.004440,3.7615,-0.211020,3.7576,-0.214391,43.110487,-25.458353,3.8066,0.942722,0.657746,-0.111539,-0.936100,-0.111337,-0.648254
169,28.054,B,2,44.264681,-25.616813,43.026197,-26.340061,0.257165,0.016300,2.5081,-0.219104,2.5084,-0.221333,43.212519,-25.409949,2.5593,0.948591,1.072304,-0.186323,-0.930112,1.052161,-0.206864
170,28.218,B,2,43.433216,-25.385175,43.276679,-26.206490,0.289578,0.038525,1.2120,-0.227467,1.2143,-0.230677,43.313406,-25.360522,1.2669,0.846765,0.122320,-0.036727,-0.845968,0.119810,-0.024653
171,28.402,B,2,42.820960,-26.470732,43.333350,-26.052974,0.272582,0.069236,-0.1295,-0.235996,-0.1241,-0.236240,43.414920,-25.310467,-0.0697,0.746974,1.303458,-0.081570,-0.742507,-0.593960,-1.160265
172,28.560,B,2,44.086163,-25.460573,43.266121,-26.122449,0.222640,0.046814,-1.5208,-0.243043,-1.5067,-0.244331,43.517990,-25.260262,-1.4505,0.898223,0.602449,-0.251869,-0.862187,0.568173,-0.200312
173,28.725,B,2,44.081489,-26.303575,43.437316,-25.998651,0.238735,0.068016,-2.9452,-0.250367,-2.9323,-0.253731,43.622371,-25.210129,-2.8745,0.809946,1.185923,-0.185055,-0.788522,0.459118,-1.093446
174,28.897,B,2,43.663623,-25.701195,43.577770,-26.049400,0.242760,0.046763,-4.4209,-0.256798,-4.3987,-0.260565,43.726813,-25.159933,-4.3393,0.901867,0.544938,-0.149043,-0.889467,-0.063190,-0.541262
175,29.074,B,2,44.048525,-25.530337,43.617222,-25.983630,0.223684,0.057139,-5.9279,-0.263983,-6.0863,-0.265623,43.829665,-25.109323,-5.8424,0.899747,0.474502,-0.212443,-0.874307,0.218860,-0.421014
176,29.219,B,2,43.745018,-25.627952,43.718001,-25.898368,0.221060,0.070925,-7.4765,-0.271075,-7.4440,-0.271326,43.929708,-25.057986,-7.3817,0.866638,0.599142,-0.211707,-0.840382,-0.184689,-0.569966
177,29.391,B,2,43.523601,-25.547002,43.745106,-25.845408,0.200888,0.075777,-9.0588,-0.276615,-9.0193,-0.277526,44.026794,-25.005841,-8.9557,0.885563,0.738958,-0.281688,-0.839568,-0.503193,-0.541161
178,29.547,B,2,44.295914,-26.525561,43.725239,-25.787043,0.171641,0.081040,-10.6703,-0.282160,-10.6284,-0.282672,44.121907,-24.953071,-10.5634,0.923502,1.582088,-0.396667,-0.833972,0.174007,-1.572490
179,29.701,B,2,44.800117,-25.367192,43.842505,-25.917480,0.185181,0.043773,-11.9897,-0.286246,-12.2699,-0.289616,44.216700,-24.900017,-12.2036,1.084091,0.747415,-0.374196,-1.017463,0.583417,-0.467176
180,29.864,B,2,45.134729,-25.948034,44.033774,-25.817942,0.207600,0.067531,-13.6577,-0.291902,-13.9421,-0.294232,44.312845,-24.847028,-13.8747,1.010224,1.373939,-0.279070,-0.970914,0.821885,-1.101005
181,30.034,B,2,44.095270,-26.222933,44.257957,-25.840863,0.231867,0.059377,-15.7001,-0.296893,-15.6428,-0.299991,44.411360,-24.794354,-15.5743,1.057693,1.463130,-0.153403,-1.046509,-0.316090,-1.428579
182,30.198,B,2,44.582726,-25.820910,44.251141,-25.910974,0.204864,0.036535,-17.3896,-0.283610,-17.3084,-0.242170,44.512780,-24.742342,-17.2526,1.197562,1.080834,-0.261639,-1.168632,0.069947,-1.078568
183,30.357,B,2,44.765930,-24.999289,44.331257,-25.897516,0.198586,0.039112,-18.5634,-0.215458,-18.4832,-0.256715,44.618784,-24.695351,-18.4244,1.236071,0.337684,-0.287527,-1.202165,0.147146,-0.303938
184,30.552,B,2,44.678918,-25.974195,44.430098,-25.737342,0.190628,0.076680,-20.4504,-0.362241,-20.4176,-0.375243,44.734223,-24.648538,-20.3314,1.130481,1.326810,-0.304125,-1.088804,-0.055305,-1.325657
185,30.722,B,2,45.301142,-25.663790,44.490933,-25.780066,0.188680,0.062919,-21.8436,-0.276956,-21.9778,-0.179103,44.850549,-24.606662,-21.9368,1.227273,1.149153,-0.359615,-1.173404,0.450594,-1.057127
186,30.906,B,2,44.711801,-26.553154,44.655882,-25.760644,0.203793,0.070419,-22.9622,-0.214615,-23.2097,-0.292967,44.967277,-24.567946,-23.1424,1.232678,2.001579,-0.311396,-1.192698,-0.255476,-1.985208
187,31.080,B,2,45.198785,-25.085333,44.689250,-25.906668,0.191687,0.030208,-24.9054,-0.251598,-24.8134,-0.194429,45.089008,-24.526800,-24.7685,1.436608,0.569218,-0.399759,-1.379868,0.109777,-0.558532
188,31.261,B,2,44.172348,-26.155718,44.796308,-25.762585,0.187676,0.068787,-25.7594,-0.204766,-26.0016,-0.281716,45.211706,-24.490645,-25.9367,1.338053,1.962837,-0.415398,-1.271939,-1.039357,-1.665073
189,31.453,B,2,44.959096,-25.655855,44.701606,-25.835390,0.148975,0.037137,-27.1096,-0.203318,-27.2390,-0.202159,45.340632,-24.456768,-27.1923,1.519524,1.258324,-0.639026,-1.378622,-0.381536,-1.199087
190,31.619,B,2,45.371799,-25.456093,44.762018,-25.806313,0.142484,0.044886,-28.2947,-0.206351,-28.4504,-0.207302,45.476977,-24.428108,-28.4027,1.552616,1.033352,-0.714959,-1.378205,-0.105178,-1.027985
191,31.783,B,2,45.444565,-25.263480,44.889252,-25.746277,0.145030,0.063278,-29.6430,-0.194080,-29.5737,-0.191103,45.621292,-24.406171,-29.5299,1.527013,0.875335,-0.732040,-1.340106,-0.176727,-0.857309
192,31.946,B,2,45.825104,-24.884885,45.005600,-25.660543,0.145124,0.085563,-30.7138,-0.185584,-30.6366,-0.181612,45.773289,-24.390222,-30.5952,1.484271,0.497370,-0.767689,-1.270321,0.051816,-0.494663
193,32.110,B,2,46.147152,-26.010026,45.171280,-25.520109,0.149823,0.122188,-31.7293,-0.175978,-31.6399,-0.171899,45.931261,-24.378640,-31.6009,1.371321,1.645609,-0.759981,-1.141469,0.215891,-1.631385
194,32.286,B,2,46.216891,-24.970709,45.362617,-25.607336,0.186162,0.111545,-32.5040,-0.167705,-32.5865,-0.162312,46.092901,-24.369779,-32.5497,1.436963,0.613588,-0.730284,-1.237557,0.123991,-0.600930
195,32.481,B,2,46.268675,-25.465976,45.542348,-25.492805,0.185453,0.139716,-33.5892,-0.155347,-33.4820,-0.152416,46.256289,-24.362829,-33.4470,1.336622,1.103216,-0.713942,-1.129976,0.012386,-1.103147
196,32.703,B,2,47.115525,-25.487441,45.691899,-25.487239,0.198817,0.144758,-34.2723,-0.148757,-34.3324,-0.144564,46.420600,-24.358002,-34.2992,1.343943,1.326105,-0.728701,-1.129237,0.694926,-1.129439
197,32.913,B,2,46.925613,-26.256890,45.978149,-25.487293,0.229785,0.157702,-35.2450,-0.139348,-35.1416,-0.137683,46.586369,-24.356201,-35.1100,1.284251,1.930727,-0.608220,-1.131092,0.339244,-1.900690
198,33.099,B,2,47.048970,-25.640343,46.177023,-25.628313,0.259727,0.134093,-36.0118,-0.131913,-35.9099,-0.130996,46.755360,-24.358613,-35.8799,1.395211,1.314930,-0.578337,-1.269700,0.293610,-1.281731
199,33.275,B,2,47.090389,-25.960905,46.363545,-25.635265,0.267374,0.140090,-36.7342,-0.125224,-36.6351,-0.122798,46.929760,-24.366272,-36.6070,1.389584,1.602703,-0.566215,-1.268993,0.160629,-1.594633
200,33.473,B,2,47.325219,-26.077560,46.524390,-25.699570,0.275797,0.131245,-37.4221,-0.118453,-37.3160,-0.118178,47.110949,-24.379682,-37.2896,1.444353,1.711346,-0.586559,-1.319888,0.214269,-1.697879
201,33.661,B,2,47.413495,-25.270003,46.698803,-25.774940,0.287260,0.123628,-38.0716,-0.112246,-37.9545,-0.110700,47.298683,-24.398666,-37.9297,1.501327,0.878868,-0.599880,-1.376273,0.114812,-0.871336
202,33.843,B,2,47.628954,-25.377148,46.858202,-25.691021,0.273303,0.147052,-38.6757,-0.106362,-38.5564,-0.104649,47.491131,-24.422494,-38.5330,1.417659,0.964551,-0.632928,-1.268527,0.137823,-0.954654
203,34.039,B,2,46.487904,-26.443394,47.028063,-25.639607,0.266854,0.162989,-39.2461,-0.099809,-39.1289,-0.097357,47.685774,-24.450171,-39.1065,1.359169,2.325474,-0.657711,-1.189436,-1.197870,-1.993222
204,34.229,B,2,47.668072,-25.703256,46.959207,-25.790071,0.242205,0.105428,-39.7998,-0.095267,-39.6764,-0.091990,47.880658,-24.480755,-39.6550,1.601057,1.240848,-0.921452,-1.309316,-0.212586,-1.222502
205,34.409,B,2,47.904559,-25.568408,47.112712,-25.781668,0.241548,0.116372,-40.3148,-0.090439,-40.2001,-0.088877,48.075174,-24.513612,-40.1796,1.591948,1.068506,-0.962463,-1.268056,-0.170615,-1.054796
206,34.596,B,2,47.803437,-25.362972,47.281954,-25.749610,0.240303,0.133086,-40.8054,-0.086549,-40.6984,-0.085096,48.270120,-24.548700,-40.6790,1.555203,0.938526,-0.988165,-1.200910,-0.466683,-0.814272
207,34.793,B,2,48.120074,-26.087092,47.402900,-25.684788,0.224992,0.147310,-41.2691,-0.081313,-41.1696,-0.080522,48.467233,-24.586799,-41.1513,1.529177,1.539935,-1.064333,-1.097989,-0.347159,-1.500293
208,34.980,B,2,48.537627,-25.764717,47.559088,-25.761993,0.238577,0.138570,-41.7127,-0.077310,-41.6140,-0.074976,48.668287,-24.629337,-41.5967,1.585318,1.142873,-1.109199,-1.132656,-0.130660,-1.135380
209,35.166,B,2,48.732473,-26.359467,47.763360,-25.768119,0.248837,0.151629,-42.1295,-0.073439,-42.0345,-0.071861,48.874167,-24.677685,-42.0181,1.556579,1.687740,-1.110807,-1.090434,-0.141694,-1.681782
210,35.366,B,2,49.029561,-25.875455,47.967334,-25.881437,0.273651,0.143758,-42.5305,-0.069495,-42.4359,-0.068102,49.084483,-24.732377,-42.4201,1.602610,1.144396,-1.117149,-1.149059,-0.054922,-1.143078
211,35.578,B,2,49.041574,-25.956944,48.189670,-25.888260,0.282569,0.159575,-42.9056,-0.066249,-42.8217,-0.066030,49.297842,-24.792744,-42.8065,1.558268,1.192072,-1.108172,-1.095516,-0.256268,-1.164200
212,35.758,B,2,49.402196,-25.584780,48.375267,-25.908341,0.285501,0.165833,-43.5519,-0.152463,-43.5217,-0.210812,49.512807,-24.853048,-43.4733,1.551657,0.740045,-1.137539,-1.055293,-0.110611,-0.731732
213,35.948,B,2,49.175958,-25.803301,48.593322,-25.857168,0.282600,0.189573,-44.3417,-0.099734,-44.2622,-0.046395,49.719215,-24.908531,-44.2514,1.472260,1.046777,-1.125893,-0.948638,-0.543257,-0.894770
214,36.126,B,2,49.919907,-27.309729,48.731675,-25.853424,0.272858,0.189780,-44.3939,-0.020306,-44.3240,-0.067482,49.921979,-24.966385,-44.3087,1.484474,2.343345,-1.190305,-0.887039,-0.002073,-2.343344
215,36.316,B,2,49.746876,-26.468274,49.115733,-26.185698,0.365338,0.171573,-45.2899,-0.180448,-45.2351,-0.173769,50.121171,-25.013538,-45.1955,1.544301,1.502117,-1.005438,-1.172160,-0.374295,-1.454737
216,36.518,B,2,50.144766,-26.451674,49.153541,-26.199741,0.330236,0.155090,-45.8333,-0.054592,-45.7286,-0.037155,50.318631,-25.064627,-45.7203,1.626628,1.397902,-1.165090,-1.135115,-0.173865,-1.387048
217,36.699,B,2,50.876238,-25.437904,49.358554,-26.255229,0.344513,0.164905,-46.3445,-0.138946,-46.5245,-0.206915,50.516449,-25.115297,-46.4771,1.624859,0.483242,-1.157895,-1.139932,0.359789,-0.322607
218,36.883,B,2,49.692329,-25.844997,49.674620,-26.121777,0.328235,0.217219,-47.3289,-0.103359,-47.2544,-0.111395,50.715210,-25.169056,-47.2288,1.410852,1.226042,-1.040590,-0.952721,-1.022880,-0.675940
219,37.047,B,2,51.115404,-26.760813,49.714589,-26.080639,0.288931,0.205460,-48.2348,-0.155872,-48.1832,-0.130445,50.914235,-25.222993,-48.1528,1.474689,1.550922,-1.199647,-0.857646,0.201169,-1.537820
220,37.209,B,2,50.880338,-26.864448,50.002691,-26.212709,0.324836,0.207454,-49.1202,-0.161243,-49.0956,-0.162814,51.111468,-25.277215,-49.0576,1.450701,1.603972,-1.108777,-0.935493,-0.231130,-1.587232
221,37.380,B,2,51.386683,-26.603532,50.197758,-26.342516,0.340300,0.194779,-50.1112,-0.174238,-50.0911,-0.177636,51.304965,-25.328367,-50.0502,1.501468,1.277781,-1.107207,-1.014150,0.081718,-1.275165
222,37.548,B,2,51.538350,-27.113755,50.451016,-26.404407,0.351332,0.205313,-51.2085,-0.186813,-51.1444,-0.189586,51.493546,-25.375331,-51.1011,1.464878,1.739002,-1.042530,-1.029077,0.044804,-1.738424
223,37.704,B,2,51.954971,-27.249538,50.685526,-26.548491,0.372422,0.199113,-52.3371,-0.197830,-52.2540,-0.199587,51.677324,-25.418101,-52.2086,1.503810,1.852363,-0.991798,-1.130390,0.277647,-1.831437
224,37.859,B,2,51.315038,-26.879664,51.016372,-26.726100,0.414372,0.207494,-53.4717,-0.207050,-53.4167,-0.209869,51.857608,-25.458023,-53.3693,1.521742,1.521659,-0.841236,-1.268077,-0.542571,-1.421641
225,38.026,B,2,51.361874,-27.275741,51.048426,-26.742588,0.382204,0.191385,-54.4466,-0.213777,-54.6294,-0.216430,52.036394,-25.497309,-54.5800,1.589591,1.902051,-0.987968,-1.245279,-0.674520,-1.778432
226,38.192,B,2,51.716782,-27.668630,51.146762,-26.862318,0.364488,0.164796,-55.9668,-0.223150,-55.8895,-0.225352,52.215454,-25.538155,-55.8382,1.701619,2.188058,-1.068692,-1.324163,-0.498672,-2.130475
227,38.352,B,2,52.453973,-26.748111,51.282679,-27.029833,0.371934,0.145889,-57.2792,-0.228975,-57.1954,-0.231141,52.395446,-25.581778,-57.1423,1.826230,1.167801,-1.112767,-1.448055,0.058528,-1.166334
228,38.505,B,2,52.369750,-27.021992,51.526954,-27.001869,0.358025,0.179016,-58.6119,-0.235490,-58.5471,-0.237139,52.575621,-25.627890,-58.4921,1.728445,1.409221,-1.048667,-1.373980,-0.205871,-1.394102
229,38.672,B,2,52.233692,-27.118437,51.712828,-27.026707,0.346325,0.190224,-59.9985,-0.243672,-59.9444,-0.248177,52.754290,-25.674793,-59.8876,1.706550,1.534644,-1.041462,-1.351914,-0.520597,-1.443644
230,38.839,B,2,52.070239,-27.600293,51.839864,-27.063675,0.329487,0.187763,-61.4205,-0.246434,-61.3608,-0.216215,52.929908,-25.720331,-61.3108,1.729962,2.067193,-1.090044,-1.343344,-0.859669,-1.879962
231,39.001,B,2,52.746608,-27.214902,51.912398,-27.180864,0.322488,0.164628,-62.3432,-0.157487,-62.2748,-0.191678,53.100984,-25.768076,-62.2307,1.846269,1.489593,-1.188587,-1.412788,-0.354377,-1.446826
232,39.163,B,2,52.976029,-26.688499,52.092413,-27.207882,0.312703,0.177910,-63.8805,-0.304576,-63.8721,-0.361038,53.274718,-25.818155,-63.7896,1.824606,0.920171,-1.182305,-1.389727,-0.298689,-0.870345
233,39.334,B,2,52.571444,-28.003744,52.281893,-27.133610,0.284280,0.204986,-65.4150,-0.224812,-65.3382,-0.166224,53.446323,-25.870767,-65.3007,1.717751,2.305429,-1.164430,-1.262843,-0.874879,-2.132977
234,39.503,B,2,53.028972,-27.409709,52.363327,-27.308989,0.295513,0.176487,-66.3515,-0.188273,-66.2825,-0.238268,53.614497,-25.927830,-66.2283,1.863607,1.593363,-1.251171,-1.381160,-0.585525,-1.481879
235,39.662,B,2,53.358801,-27.491222,52.511202,-27.347236,0.285243,0.182208,-67.8574,-0.244393,-67.7654,-0.195777,53.789493,-25.989432,-67.7211,1.864848,1.562328,-1.278291,-1.357804,-0.430692,-1.501790
236,39.813,B,2,53.133293,-26.556634,52.691880,-27.392865,0.280875,0.193738,-68.7590,-0.173228,-68.6873,-0.217443,53.960139,-26.059240,-68.6374,1.840390,0.964922,-1.268259,-1.333625,-0.826846,-0.497394
237,39.991,B,2,53.474679,-27.307596,52.799643,-27.259542,0.230724,0.208662,-69.9309,-0.181238,-69.8538,-0.154422,54.133898,-26.136821,-69.8184,1.743771,1.343608,-1.334255,-1.122721,-0.659218,-1.170775
238,40.142,B,2,54.250540,-27.524855,52.948839,-27.282780,0.223323,0.213783,-70.9647,-0.177057,-70.8988,-0.178727,54.305696,-26.222613,-70.8579,1.721923,1.303410,-1.356858,-1.060168,-0.055156,-1.302243
239,40.311,B,2,53.778689,-27.433958,53.211955,-27.341273,0.235167,0.239627,-71.9699,-0.172933,-71.9047,-0.169912,54.476888,-26.314934,-71.8656,1.628934,1.318975,-1.264933,-1.026338,-0.698198,-1.119024
240,40.471,B,2,53.779552,-27.519893,53.343907,-27.372994,0.226161,0.237316,-72.9239,-0.164477,-72.8552,-0.161483,54.647738,-26.411912,-72.8181,1.619770,1.407611,-1.303831,-0.961083,-0.868186,-1.107981
241,40.672,B,2,54.628287,-28.108041,53.451223,-27.414193,0.217570,0.229373,-73.8250,-0.155783,-73.7550,-0.151540,54.818682,-26.512065,-73.7200,1.638225,1.607293,-1.367459,-0.902128,-0.190395,-1.595976
242,40.827,B,2,54.283094,-27.457972,53.692093,-27.555163,0.243302,0.243417,-74.6804,-0.147524,-74.6070,-0.145160,54.989492,-26.615108,-74.5737,1.602170,1.099735,-1.297399,-0.940055,-0.706398,-0.842864
243,41.002,B,2,54.291061,-27.798910,53.828374,-27.554253,0.225021,0.245374,-75.4831,-0.139413,-75.5110,-0.137261,55.159504,-26.722068,-75.3849,1.569854,1.383395,-1.331130,-0.832186,-0.868443,-1.076842
244,41.142,B,2,54.920928,-28.390047,53.934917,-27.610982,0.224567,0.241889,-76.1007,-0.133887,-76.1882,-0.129332,55.328210,-26.834630,-76.1580,1.594988,1.607856,-1.393293,-0.776352,-0.407282,-1.555417
245,41.291,B,2,54.654024,-28.196739,54.147161,-27.771896,0.244244,0.243628,-77.0159,-0.126512,-76.9227,-0.124349,55.495757,-26.954183,-76.8941,1.577138,1.500820,-1.348596,-0.817713,-0.841733,-1.242556
246,41.463,B,2,55.546381,-29.315525,54.266255,-27.866544,0.245091,0.235588,-77.6819,-0.119748,-77.6167,-0.117199,55.662921,-27.081193,-77.5898,1.602327,2.237369,-1.396666,-0.785351,-0.116541,-2.234332
247,41.622,B,2,55.213562,-29.540870,54.519590,-28.144212,0.303463,0.252711,-78.2185,-0.115330,-78.2664,-0.110937,55.830502,-27.215100,-78.2413,1.606779,2.406205,-1.310912,-0.929112,-0.616940,-2.325770
248,41.784,B,2,56.444148,-28.581821,54.673331,-28.420343,0.341978,0.240718,-78.8498,-0.107076,-78.8718,-0.103366,55.998620,-27.354615,-78.8484,1.700638,1.305577,-1.325289,-1.065728,0.445528,-1.227206
249,41.936,B,2,56.203636,-28.922552,55.021992,-28.476703,0.336182,0.291204,-79.4184,-0.100492,-79.4375,-0.097379,56.166521,-27.498222,-79.4156,1.505780,1.424814,-1.144529,-0.978481,0.037115,-1.424331
250,42.101,B,2,55.798735,-28.738140,55.275220,-28.589010,0.328790,0.302257,-80.0570,-0.092035,-79.9703,-0.090344,56.333066,-27.644757,-79.9495,1.417974,1.216962,-1.057846,-0.944253,-0.534331,-1.093383
251,42.276,B,2,56.101435,-29.058258,55.404476,-28.642547,0.308792,0.293630,-80.5558,-0.086444,-80.4747,-0.084756,56.497533,-27.793911,-80.4550,1.383820,1.324940,-1.093058,-0.848636,-0.396098,-1.264346
252,42.418,B,2,56.847252,-28.906825,55.563897,-28.743195,0.303363,0.290699,-81.0212,-0.080409,-80.9509,-0.081161,56.660153,-27.946324,-80.9325,1.355279,0.978554,-1.096257,-0.796871,0.187099,-0.960500
253,42.575,B,2,56.254121,-28.995867,55.829625,-28.797852,0.292944,0.315400,-81.4510,-0.075619,-81.3956,-0.073931,56.821928,-28.103181,-81.3785,1.211294,1.057967,-0.992304,-0.694671,-0.567808,-0.892687
254,42.747,B,2,57.432083,-29.013629,55.934077,-28.852731,0.282544,0.307471,-81.7764,-0.071281,-81.8067,-0.066981,56.983382,-28.262688,-81.7909,1.203823,0.874783,-1.049304,-0.590042,0.448702,-0.750941
255,42.927,B,2,56.518354,-30.384948,56.244953,-28.908568,0.269330,0.334312,-82.2173,-0.063709,-82.1888,-0.062631,57.143420,-28.417646,-82.1741,1.023840,2.064216,-0.898467,-0.490923,-0.625066,-1.967302
256,43.092,B,2,56.184697,-31.312721,56.329665,-29.198986,0.308362,0.302138,-82.5795,-0.060049,-82.5443,-0.059918,57.301755,-28.569632,-82.5306,1.158035,2.961816,-0.972090,-0.629354,-1.117058,-2.743089
257,43.249,B,2,57.228712,-31.090784,56.335321,-29.609830,0.367647,0.251032,-82.9344,-0.057587,-82.8768,-0.055389,57.457867,-28.720405,-82.8639,1.432196,2.381430,-1.122546,-0.889425,-0.229155,-2.370379
258,43.410,B,2,57.005954,-30.474660,56.526062,-29.912100,0.401901,0.254418,-83.2563,-0.054451,-83.1891,-0.053048,57.611404,-28.870592,-83.1770,1.504229,1.714528,-1.085341,-1.041508,-0.605450,-1.604068
259,43.586,B,2,56.788470,-30.886310,56.642132,-30.050228,0.390596,0.246635,-83.5538,-0.051780,-83.4817,-0.051160,57.762461,-29.019518,-83.4704,1.522334,2.105605,-1.120329,-1.030710,-0.973991,-1.866792
260,43.749,B,2,57.782265,-31.387178,56.696326,-30.237297,0.389784,0.223767,-83.8405,-0.048929,-83.7538,-0.046420,57.911468,-29.165612,-83.7434,1.620210,2.225320,-1.215143,-1.071685,-0.129204,-2.221566
261,43.898,B,2,56.875886,-30.594673,56.919355,-30.481987,0.408314,0.241654,-84.0930,-0.044000,-84.0055,-0.041982,58.058798,-29.307159,-83.9958,1.636627,1.748420,-1.139443,-1.174828,-1.182912,-1.287514
262,44.044,B,2,57.420759,-30.882550,56.938518,-30.539216,0.373662,0.215903,-84.3221,-0.039839,-84.2381,-0.038530,58.204422,-29.443052,-84.2291,1.674541,1.638988,-1.265904,-1.096164,-0.783663,-1.439498
263,44.209,B,2,57.396585,-31.171290,57.050554,-30.635612,0.355219,0.213912,-84.5302,-0.036853,-84.4547,-0.034203,58.347885,-29.573364,-84.4463,1.676735,1.859661,-1.297331,-1.062248,-0.951301,-1.597926
264,44.369,B,2,58.302192,-30.561545,57.137255,-30.765384,0.345961,0.205331,-84.7302,-0.035072,-84.6582,-0.034915,58.488662,-29.699389,-84.6503,1.721233,0.882090,-1.351407,-1.065994,-0.186470,-0.862156
265,44.516,B,2,57.803090,-30.846901,57.372358,-30.759740,0.309976,0.236697,-84.9022,-0.033069,-84.8496,-0.030956,58.626622,-29.823004,-84.8421,1.565456,1.313991,-1.254264,-0.936736,-0.823532,-1.023897
266,44.681,B,2,57.864234,-31.553676,57.476148,-30.803362,0.286071,0.232038,-85.0755,-0.030950,-85.0280,-0.030913,58.762526,-29.949142,-85.0212,1.544170,1.838874,-1.286378,-0.854220,-0.898292,-1.604534
267,44.847,B,2,58.555450,-31.885746,57.571333,-30.965651,0.292701,0.222887,-85.2430,-0.029016,-85.1930,-0.027736,58.897882,-30.086206,-85.1867,1.591588,1.831830,-1.326548,-0.879445,-0.342431,-1.799540
268,45.009,B,2,58.576297,-31.700449,57.774273,-31.159738,0.308654,0.239644,-85.3921,-0.026757,-85.3466,-0.026923,59.032732,-30.231915,-85.3406,1.563513,1.537831,-1.258459,-0.927823,-0.456434,-1.468533
269,45.169,B,2,58.957374,-31.906119,57.945731,-31.286114,0.305786,0.248787,-85.5324,-0.024814,-85.4933,-0.024209,59.166442,-30.382266,-85.4875,1.518906,1.538128,-1.220711,-0.903847,-0.209068,-1.523853
270,45.324,B,2,58.830818,-32.877868,58.156180,-31.426673,0.307365,0.265848,-85.6696,-0.024965,-85.6377,-0.024620,59.298140,-30.533712,-85.6319,1.449638,2.390284,-1.141959,-0.892961,-0.467322,-2.344156
271,45.487,B,2,58.237833,-32.796940,58.306744,-31.718858,0.343086,0.263504,-85.8176,-0.025179,-85.7818,-0.026663,59.427255,-30.684518,-85.7761,1.524928,2.424263,-1.120511,-1.034341,-1.189422,-2.112422
272,45.652,B,2,58.372229,-32.012305,58.321696,-31.946414,0.356309,0.231019,-85.9749,-0.026129,-85.9251,-0.025377,59.553847,-30.835418,-85.9194,1.659068,1.667718,-1.232151,-1.110996,-1.181618,-1.176888
273,45.802,B,2,59.109181,-32.307626,58.355418,-31.991039,0.325108,0.210749,-86.1207,-0.025411,-86.0650,-0.027350,59.678520,-30.989344,-86.0595,1.659516,1.435972,-1.323103,-1.001695,-0.569339,-1.318282
274,45.953,B,2,59.687838,-32.404740,58.515093,-32.078624,0.310259,0.221847,-86.2582,-0.025171,-86.1994,-0.023654,59.801969,-31.150095,-86.1941,1.586889,1.259826,-1.286876,-0.928530,-0.114131,-1.254646
275,46.130,B,2,59.999847,-32.695948,58.753114,-32.167656,0.298616,0.249957,-86.4219,-0.038083,-86.3831,-0.081703,59.924924,-31.320281,-86.3644,1.446092,1.377706,-1.171810,-0.847375,0.074923,-1.375667
276,46.307,B,2,59.435254,-33.148972,59.005062,-32.290288,0.297091,0.278292,-87.1327,-0.118776,-87.1158,-0.078656,60.050248,-31.490649,-87.0976,1.315993,1.768686,-1.045186,-0.799639,-0.614994,-1.658323
277,46.462,B,2,59.286780,-33.112348,59.105720,-32.468005,0.313179,0.272796,-87.2149,0.001052,-87.0907,0.062265,60.169593,-31.666680,-87.1043,1.331896,1.693905,-1.063873,-0.801325,-0.882813,-1.445668
278,46.616,B,2,59.803162,-33.744709,59.171265,-32.619555,0.305739,0.247276,-87.3845,-0.094245,-87.3621,-0.144810,60.287088,-31.839082,-87.3284,1.361690,1.966112,-1.115823,-0.780472,-0.483926,-1.905626
279,46.774,B,2,59.779431,-33.157395,59.310147,-32.851892,0.326874,0.247652,-88.0781,-0.094173,-88.0617,-0.044826,60.405872,-32.005261,-88.0510,1.384701,1.311426,-1.095724,-0.846631,-0.626440,-1.152134
280,46.931,B,2,59.646532,-33.936768,59.420355,-32.938166,0.309842,0.243213,-88.2715,-0.058761,-88.2822,-0.114280,60.519226,-32.171536,-88.2560,1.339866,1.969172,-1.098871,-0.766631,-0.872693,-1.765232
281,47.100,B,2,60.366275,-33.386494,59.480676,-33.142717,0.330181,0.231786,-88.9956,-0.152796,-89.1141,-0.089965,60.636082,-32.329335,-89.0937,1.412994,1.091046,-1.155405,-0.813382,-0.269806,-1.057159
282,47.254,B,2,59.973246,-33.788326,59.669995,-33.225685,0.304645,0.242956,-89.7073,-0.122663,-89.6734,-0.179236,60.749480,-32.486720,-89.6324,1.308188,1.515492,-1.079484,-0.738965,-0.776233,-1.301606
283,47.412,B,2,59.940793,-33.789586,59.741875,-33.349030,0.306621,0.236509,-90.2567,-0.111710,-90.4133,-0.154423,60.863078,-32.641585,-90.3780,1.325735,1.472589,-1.121203,-0.707445,-0.922285,-1.148002
284,47.589,B,2,59.760758,-34.226531,59.804560,-33.464635,0.290573,0.217181,-91.2751,-0.144261,-91.2464,-0.147679,60.975709,-32.796442,-91.2125,1.348358,1.876502,-1.171148,-0.668193,-1.214950,-1.430089
285,47.738,B,2,60.519305,-33.708822,59.815614,-33.630718,0.295585,0.193534,-92.1300,-0.155557,-92.1306,-0.158438,61.086698,-32.952346,-92.0939,1.440778,0.945616,-1.271084,-0.678371,-0.567393,-0.756475
286,47.889,B,2,59.826618,-34.230206,59.960976,-33.674303,0.271074,0.205130,-93.0691,-0.166556,-93.0816,-0.170097,61.196301,-33.108695,-93.0423,1.358654,1.770260,-1.235325,-0.565608,-1.369683,-1.121511
287,48.055,B,2,61.048059,-35.301344,59.954434,-33.802630,0.268904,0.179489,-94.0821,-0.177117,-94.0947,-0.180839,61.304898,-33.264123,-94.0530,1.453872,2.053347,-1.350464,-0.538507,-0.256840,-2.037221
288,48.217,B,2,60.510164,-35.135699,60.168157,-34.102921,0.307341,0.209684,-95.1483,-0.187291,-95.1639,-0.184273,61.412938,-33.416990,-95.1217,1.421261,1.941382,-1.244781,-0.685931,-0.902774,-1.718709
289,48.388,B,2,61.218439,-35.188824,60.247307,-34.322346,0.322017,0.205094,-95.7826,-0.085425,-95.7703,-0.102205,61.517337,-33.570225,-95.7466,1.476028,1.645965,-1.270029,-0.752121,-0.298898,-1.618599
290,48.543,B,2,61.253337,-35.968379,60.440077,-34.513291,0.327059,0.228412,-96.7903,-0.204001,-96.8778,-0.272871,61.621884,-33.726717,-96.8148,1.419636,2.271755,-1.181807,-0.786574,-0.368547,-2.241661
291,48.709,B,2,61.201633,-35.100778,60.605308,-34.812582,0.356694,0.244352,-98.1608,-0.194378,-98.1846,-0.139373,61.724495,-33.886790,-98.1525,1.452472,1.321799,-1.119188,-0.925793,-0.522863,-1.213988
292,48.878,B,2,61.132737,-34.579482,60.732014,-34.902603,0.333271,0.247292,-98.7506,-0.115547,-98.7811,-0.157550,61.819543,-34.048049,-98.7449,1.383105,0.868403,-1.087528,-0.854554,-0.686806,-0.531433
293,49.037,B,2,60.291837,-34.909719,60.823426,-34.879377,0.286048,0.239713,-99.9697,-0.214420,-99.9977,-0.175100,61.918428,-34.215291,-99.9574,1.280640,1.768623,-1.095001,-0.664086,-1.626591,-0.694428
294,49.181,B,2,61.053995,-35.876658,60.744391,-34.915836,0.261941,0.193980,-100.6408,-0.108910,-100.6446,-0.142161,62.010250,-34.384846,-100.6120,1.372716,1.771983,-1.265859,-0.530989,-0.956255,-1.491812
295,49.340,B,2,61.106486,-36.448035,60.813846,-35.119209,0.276556,0.193034,-101.6147,-0.152380,-101.5953,-0.109239,62.102818,-34.560708,-101.5700,1.404767,2.134170,-1.288971,-0.558501,-0.996332,-1.887327
296,49.510,B,2,61.465786,-35.272908,60.879269,-35.391106,0.305339,0.193993,-102.3897,-0.147482,-102.3785,-0.148671,62.190107,-34.740944,-102.3446,1.463219,0.898681,-1.310839,-0.650162,-0.724321,-0.531964
297,49.685,B,2,61.494186,-35.798213,60.997867,-35.402515,0.267490,0.199722,-103.1394,-0.131456,-103.1256,-0.126392,62.273753,-34.926027,-103.0965,1.361957,1.169801,-1.275886,-0.476489,-0.779567,-0.872186
298,49.837,B,2,60.672552,-36.438759,61.100806,-35.504232,0.255417,0.204290,-103.8680,-0.125888,-103.8524,-0.123970,62.354443,-35.115495,-103.8240,1.312526,2.140043,-1.253638,-0.388737,-1.681891,-1.323263
299,49.989,B,2,61.641394,-37.024179,61.035491,-35.702852,0.273707,0.173142,-104.5709,-0.119427,-104.5411,-0.117319,62.432884,-35.308647,-104.5143,1.451931,1.889314,-1.397393,-0.394205,-0.791491,-1.715532
300,50.154,B,2,62.126919,-37.490809,61.154707,-35.973364,0.298792,0.192500,-105.2241,-0.112569,-105.1929,-0.111173,62.509552,-35.504902,-105.1675,1.433549,2.022433,-1.354845,-0.468462,-0.382633,-1.985907
301,50.323,B,2,61.863483,-37.871953,61.341412,-36.282636,0.326215,0.227863,-105.8392,-0.106849,-105.8101,-0.104750,62.584230,-35.703989,-105.7861,1.370922,2.284632,-1.242818,-0.578646,-0.720747,-2.167964
302,50.489,B,2,61.664025,-37.076534,61.448345,-36.608501,0.357341,0.242212,-106.4290,-0.101636,-106.3965,-0.099559,62.656233,-35.906028,-106.3736,1.397306,1.534458,-1.207888,-0.702473,-0.992208,-1.170506
303,50.628,B,2,62.356816,-37.449285,61.499962,-36.733435,0.340682,0.232458,-106.9845,-0.095745,-106.9545,-0.095015,62.724968,-36.111422,-106.9328,1.373877,1.387593,-1.225006,-0.622013,-0.368151,-1.337863
304,50.789,B,2,61.661813,-37.067539,61.667499,-36.901975,0.329462,0.253267,-107.5111,-0.092153,-107.4843,-0.091522,62.790343,-36.320698,-107.4637,1.264382,1.353275,-1.122844,-0.581277,-1.128530,-0.746841
305,50.970,B,2,62.467360,-37.399838,61.679963,-36.969686,0.304802,0.230434,-108.0137,-0.086351,-107.9843,-0.084319,62.852750,-36.534286,-107.9649,1.251001,0.947474,-1.172787,-0.435401,-0.385389,-0.865553
306,51.130,B,2,62.240265,-38.466390,61.835174,-37.082985,0.284855,0.245904,-108.4761,-0.080327,-108.4531,-0.078582,62.912690,-36.752251,-108.4349,1.127132,1.841311,-1.077516,-0.330734,-0.672425,-1.714139
307,51.293,B,2,62.170493,-37.857923,61.922225,-37.368578,0.310499,0.254956,-108.9175,-0.075598,-108.8917,-0.074040,62.970397,-36.974135,-108.8747,1.119933,1.192027,-1.048172,-0.394443,-0.799904,-0.883788
308,51.452,B,2,61.762072,-38.667143,61.980739,-37.494014,0.298056,0.246576,-109.3305,-0.071326,-109.3033,-0.070910,63.025711,-37.199102,-109.2873,1.085790,1.936990,-1.044972,-0.294912,-1.263639,-1.468041
309,51.623,B,2,61.196558,-39.378558,61.953382,-37.742581,0.320709,0.228213,-109.7262,-0.067036,-109.6919,-0.065488,63.078262,-37.426373,-109.6768,1.168478,2.711427,-1.124880,-0.316207,-1.881704,-1.952185
310,51.811,B,2,62.707942,-38.194402,61.825237,-38.076933,0.367072,0.195712,-110.1059,-0.063167,-110.0597,-0.061027,63.127805,-37.655660,-110.0454,1.368997,0.683028,-1.302568,-0.421273,-0.419863,-0.538742
311,51.984,B,2,62.449933,-39.179503,61.991522,-38.138176,0.325159,0.214812,-110.4363,-0.059055,-110.4067,-0.058249,63.174430,-37.887270,-110.3932,1.209225,1.481473,-1.182908,-0.250907,-0.724497,-1.292233
312,52.167,B,2,62.386864,-40.123148,62.083185,-38.364490,0.330599,0.226930,-110.7553,-0.055180,-110.7310,-0.054054,63.218441,-38.121881,-110.7185,1.160889,2.167161,-1.135255,-0.242609,-0.831577,-2.001267
313,52.352,B,2,63.026483,-39.729786,62.147224,-38.722423,0.366790,0.241657,-111.0557,-0.051333,-111.0314,-0.049017,63.260003,-38.360175,-111.0198,1.170257,1.389376,-1.112779,-0.362248,-0.233520,-1.369611
314,52.498,B,2,62.355220,-40.205410,62.316686,-38.949137,0.360449,0.268501,-111.3354,-0.047395,-111.3090,-0.045666,63.298894,-38.602485,-111.2983,1.041585,1.860078,-0.982208,-0.346652,-0.943675,-1.602925
315,52.654,B,2,61.681119,-39.868727,62.334812,-39.219998,0.376872,0.262373,-111.5944,-0.044321,-111.5670,-0.043522,63.334623,-38.848620,-111.5570,1.066557,1.942857,-0.999811,-0.371378,-1.653504,-1.020107
316,52.832,B,2,61.794873,-40.648462,62.225132,-39.379345,0.376784,0.219916,-111.8356,-0.041427,-111.8092,-0.039663,63.366818,-39.097968,-111.7998,1.175849,2.207950,-1.141686,-0.281377,-1.571945,-1.550494
317,53.014,B,2,62.948696,-40.870906,62.151912,-39.642873,0.406491,0.204191,-112.0294,-0.040450,-112.0375,-0.039862,63.395537,-39.349834,-112.0287,1.277684,1.585348,-1.243625,-0.293039,-0.446841,-1.521072
318,53.178,B,2,63.087252,-42.065951,62.300959,-39.916639,0.397617,0.231700,-112.2777,-0.036413,-112.2515,-0.035739,63.421253,-39.603806,-112.2432,1.163152,2.484696,-1.120294,-0.312833,-0.334001,-2.462145
319,53.339,B,2,62.357408,-41.745276,62.449934,-40.351968,0.434123,0.273867,-112.4676,-0.033558,-112.4497,-0.033403,63.444519,-39.859875,-112.4420,1.109664,2.176361,-0.994585,-0.492093,-1.087111,-1.885401
320,53.509,B,2,62.059145,-41.250053,62.439742,-40.643739,0.459131,0.270764,-112.6184,-0.031757,-112.6313,-0.029905,63.465563,-40.118302,-112.6243,1.152560,1.805235,-1.025821,-0.525438,-1.406418,-1.131751
321,53.691,B,2,62.767202,-41.647221,62.378354,-40.812526,0.436652,0.233816,-112.8272,-0.028551,-112.7978,-0.028072,63.484083,-40.379410,-112.7913,1.187529,1.456455,-1.105729,-0.433115,-0.716881,-1.267810
322,53.875,B,2,62.105629,-43.533188,62.453489,-41.011990,0.422067,0.240179,-112.9721,-0.024535,-112.9403,-0.001490,63.499373,-40.643394,-112.9402,1.108935,3.208338,-1.045884,-0.368596,-1.393744,-2.889794
323,54.029,B,2,62.301186,-42.213746,62.378690,-41.641312,0.520732,0.251785,-112.5623,0.079666,-112.4896,0.062890,63.510151,-40.898800,-112.5040,1.353340,1.786247,-1.131461,-0.742512,-1.208965,-1.314946
324,54.185,B,2,63.177249,-42.977488,62.381851,-41.696841,0.470706,0.227585,-112.6251,-0.047162,-112.6155,-0.100658,63.521393,-41.155725,-112.5924,1.261492,1.853984,-1.139542,-0.541115,-0.344144,-1.821763
325,54.349,B,2,62.381513,-43.135250,62.529407,-41.980458,0.463861,0.258334,-112.8053,0.013225,-112.7504,0.077256,63.531917,-41.410367,-112.7682,1.153269,2.073318,-1.002510,-0.570091,-1.150404,-1.724883
326,54.520,B,2,63.425844,-43.016730,62.508284,-42.241579,0.467913,0.246432,-112.2313,0.078597,-112.1962,0.035543,63.538716,-41.654343,-112.2043,1.186017,1.367055,-1.030432,-0.587236,-0.112873,-1.362387
327,54.685,B,2,62.638828,-43.096740,62.680429,-42.433383,0.438962,0.272117,-112.1697,0.022765,-112.1376,0.073626,63.545548,-41.905093,-112.1547,1.013667,1.497385,-0.865119,-0.528289,-0.906720,-1.191646
328,54.868,B,2,63.451994,-43.466232,62.681413,-42.603137,0.424009,0.255157,-111.5341,0.100371,-111.5166,0.060505,63.548822,-42.146798,-111.5308,0.980124,1.322982,-0.867409,-0.456339,-0.096828,-1.319434
329,55.032,B,2,62.477669,-43.800630,62.829910,-42.807268,0.405256,0.275552,-111.0767,0.094561,-111.0548,0.111567,63.550842,-42.388380,-111.0805,0.833793,1.773739,-0.720932,-0.418888,-1.073173,-1.412249
330,55.204,B,2,62.404813,-43.543798,62.776718,-43.034161,0.411838,0.251076,-110.4479,0.109339,-110.4181,0.128859,63.550777,-42.623549,-110.4476,0.876224,1.469725,-0.774059,-0.410612,-1.145964,-0.920248
331,55.356,B,2,63.046821,-43.601845,62.718013,-43.172579,0.398698,0.220216,-109.7376,0.126484,-109.7068,0.131214,63.549508,-42.852720,-109.7369,0.890895,0.902154,-0.831495,-0.319859,-0.502687,-0.749125
332,55.515,B,2,62.828179,-44.539351,62.785242,-43.293903,0.372445,0.219076,-108.9367,0.140747,-108.9104,0.144264,63.547582,-43.075979,-108.9439,0.792876,1.630643,-0.762340,-0.217923,-0.719403,-1.463372
333,55.687,B,2,62.306966,-44.361130,62.801849,-43.561467,0.386205,0.219178,-108.1634,0.116275,-108.1667,0.067910,63.544855,-43.296173,-108.1823,0.788948,1.632943,-0.743006,-0.265294,-1.237889,-1.064957
334,55.842,B,2,62.525470,-44.811323,62.720341,-43.749167,0.388990,0.190333,-107.7787,0.097844,-107.7525,0.145020,63.542628,-43.519953,-107.7859,0.853637,1.643851,-0.822287,-0.229215,-1.017158,-1.291370
335,56.011,B,2,63.163815,-45.582754,62.691425,-43.983868,0.397602,0.180015,-106.5542,0.233416,-106.5071,0.213315,63.533908,-43.746496,-106.5558,0.875284,1.873183,-0.842482,-0.237372,-0.370093,-1.836259
336,56.194,B,2,62.650377,-45.159980,62.783888,-44.316565,0.417572,0.205222,-105.8293,0.087142,-105.8550,0.024201,63.526703,-43.978732,-105.8602,0.816030,1.470814,-0.742815,-0.337833,-0.876326,-1.181248
337,56.386,B,2,62.295598,-44.991609,62.767952,-44.514219,0.413777,0.191972,-105.2224,0.146969,-105.1825,0.202622,63.516106,-44.212858,-105.2288,0.806569,1.447790,-0.748154,-0.301361,-1.220509,-0.778752
338,56.561,B,2,62.258520,-46.381404,62.689697,-44.644482,0.400055,0.160705,-104.3375,0.116326,-104.3403,0.056538,63.501305,-44.446821,-104.3532,0.835331,2.299375,-0.811608,-0.197661,-1.242784,-1.934583
339,56.732,B,2,62.826111,-45.724831,62.617192,-45.002172,0.438752,0.150504,-103.7646,0.139729,-103.7190,0.171444,63.488109,-44.682130,-103.7585,0.927860,1.235098,-0.870917,-0.320042,-0.661998,-1.042701
340,56.906,B,2,61.962129,-45.226478,62.659711,-45.178123,0.423759,0.153871,-103.1320,0.091307,-103.1107,0.116377,63.475439,-44.917877,-103.1375,0.856236,1.544454,-0.815728,-0.260246,-1.513309,-0.308602
341,57.097,B,2,63.155288,-46.101862,62.537988,-45.230122,0.393613,0.110800,-102.4698,0.107056,-102.4417,0.112311,63.462488,-45.155268,-102.4674,0.927526,0.995195,-0.924501,-0.074854,-0.307201,-0.946594
342,57.264,B,2,62.635596,-47.403300,62.653119,-45.427956,0.384729,0.136076,-101.8553,0.103886,-101.8429,0.101179,63.449225,-45.396214,-101.8664,0.796738,2.165730,-0.796106,-0.031742,-0.813629,-2.007086
343,57.439,B,2,62.213128,-47.376184,62.654690,-45.817488,0.439070,0.147607,-101.3958,0.099481,-101.2736,0.095725,63.433581,-45.641563,-101.2957,0.798511,2.120947,-0.778891,-0.175925,-1.220453,-1.734621
344,57.605,B,2,62.510577,-46.945588,62.581316,-46.152312,0.458526,0.129093,-100.7478,0.093411,-100.7367,0.091739,63.414992,-45.891699,-100.7576,0.873461,1.388758,-0.833675,-0.260613,-0.904415,-1.053889
345,57.762,B,2,62.546269,-47.627541,62.572778,-46.342459,0.448459,0.121982,-100.2367,0.087707,-100.2278,0.086981,63.394343,-46.146202,-100.2477,0.844681,1.706926,-0.821565,-0.196257,-0.848074,-1.481339
346,57.911,B,2,62.061193,-47.677784,62.572314,-46.621035,0.459641,0.121953,-99.7456,0.084806,-99.7400,0.084683,63.373318,-46.403896,-99.7591,0.829914,1.828787,-0.801005,-0.217139,-1.312125,-1.273888
347,58.083,B,2,62.371535,-47.592229,62.483674,-46.859209,0.464870,0.098786,-99.2767,0.081529,-99.2690,0.081336,63.353186,-46.663236,-99.2875,0.891323,1.351542,-0.869512,-0.195974,-0.981651,-0.928994
348,58.268,B,2,62.206128,-48.390911,62.465323,-47.028970,0.461406,0.093104,-98.9119,0.079312,-98.8154,0.075798,63.333937,-46.923029,-98.8332,0.875051,1.851115,-0.868614,-0.105940,-1.127808,-1.467882
349,58.443,B,2,62.763854,-47.961674,62.420872,-47.330945,0.468546,0.083237,-98.3779,0.073486,-98.3834,0.070873,63.314396,-47.183058,-98.4002,0.905680,0.953593,-0.893524,-0.147887,-0.550543,-0.778615
350,58.612,B,2,62.273833,-48.982574,62.484962,-47.489624,0.447548,0.095113,-97.9869,0.068668,-97.9771,0.067744,63.293197,-47.444139,-97.9929,0.809514,1.845505,-0.808235,-0.045486,-1.019364,-1.538436
351,58.779,B,2,62.254291,-49.512023,62.449514,-47.795589,0.479037,0.090673,-97.6879,0.064892,-97.5970,0.062506,63.269771,-47.707737,-97.6118,0.824948,2.070422,-0.820257,-0.087852,-1.015480,-1.804286
352,58.951,B,2,62.476505,-49.613930,62.416856,-48.151595,0.508875,0.086639,-97.3284,0.062186,-97.2386,0.061015,63.244689,-47.975385,-97.2526,0.846379,1.809678,-0.827833,-0.176210,-0.768184,-1.638544
353,59.132,B,2,62.118940,-49.340334,62.430497,-48.474672,0.512351,0.089774,-96.9119,0.059365,-96.8952,0.060175,63.219121,-48.247996,-96.9087,0.820555,1.550355,-0.788624,-0.226676,-1.100181,-1.092338
354,59.317,B,2,62.714294,-50.065181,62.376697,-48.682190,0.502047,0.073861,-96.5806,0.057786,-96.5628,0.057791,63.193858,-48.525350,-96.5759,0.832076,1.612781,-0.817161,-0.156840,-0.479564,-1.539831
355,59.483,B,2,62.469564,-51.446813,62.440062,-48.982616,0.510473,0.090193,-96.2506,0.055965,-96.2430,0.055345,63.168736,-48.806129,-96.2555,0.749742,2.731676,-0.728674,-0.176487,-0.699172,-2.640684
356,59.646,B,2,62.558761,-50.881019,62.449251,-49.481009,0.566332,0.098192,-95.9447,0.052068,-95.9404,0.049829,63.142858,-49.088560,-95.9522,0.796936,1.885226,-0.693607,-0.392449,-0.584097,-1.792459
357,59.808,B,2,62.013441,-51.270611,62.473297,-49.791115,0.571062,0.101777,-95.6606,0.047937,-95.6587,0.047868,63.115423,-49.371360,-95.6695,0.767151,2.195796,-0.642126,-0.419756,-1.101981,-1.899251
358,59.955,B,2,62.348018,-51.631500,62.394172,-50.116240,0.582081,0.080748,-95.4066,0.044684,-95.3968,0.043920,63.086438,-49.654342,-95.4069,0.832215,2.110549,-0.692265,-0.461898,-0.738419,-1.977158
359,60.105,B,2,62.367009,-51.872380,62.388543,-50.448685,0.591284,0.079221,-95.1626,0.042098,-95.1497,0.041359,63.056713,-49.938353,-95.1593,0.840768,2.053328,-0.668170,-0.510332,-0.689704,-1.934028
360,60.264,B,2,62.650271,-51.054507,62.387390,-50.765383,0.595607,0.078036,-94.9254,0.041176,-94.9112,0.041338,63.027209,-50.224814,-94.9207,0.837606,0.911303,-0.639820,-0.540568,-0.376939,-0.829693
361,60.435,B,2,62.213059,-52.876135,62.437992,-50.875667,0.549490,0.083229,-94.6871,0.040076,-94.6783,0.039486,62.998274,-50.515132,-94.6875,0.666260,2.488151,-0.560283,-0.360534,-0.785216,-2.361003
362,60.598,B,2,62.888829,-52.399370,62.400999,-51.293450,0.583643,0.074972,-94.4637,0.038959,-94.4520,0.038552,62.969398,-50.810058,-94.4609,0.746154,1.591353,-0.568399,-0.483392,-0.080569,-1.589312
363,60.741,B,2,62.692874,-51.949597,62.492953,-51.551329,0.572899,0.093663,-94.2382,0.037471,-94.2359,0.036554,62.939704,-51.109295,-94.2443,0.628475,0.875804,-0.446751,-0.442033,-0.246830,-0.840302
364,60.896,B,2,62.297810,-52.371507,62.534438,-51.679508,0.534126,0.094950,-94.0269,0.035599,-94.0315,0.033840,62.908753,-51.411615,-94.0395,0.460303,1.137824,-0.374315,-0.267894,-0.610944,-0.959892
365,61.059,B,2,61.832164,-53.208574,62.496953,-51.857487,0.513537,0.078467,-93.8373,0.033500,-93.8364,0.033863,62.877021,-51.715448,-93.8441,0.405743,1.822403,-0.380068,-0.142039,-1.044857,-1.493126
366,61.238,B,2,62.587799,-53.589215,62.380208,-52.153554,0.524921,0.047564,-93.6579,0.033143,-93.6451,0.032640,62.845642,-52.019639,-93.6528,0.484316,1.590614,-0.465434,-0.133915,-0.257843,-1.569576
367,61.425,B,2,61.846711,-53.570752,62.419609,-52.465786,0.535536,0.057217,-93.4603,0.033847,-93.4534,0.034260,62.815604,-52.323865,-93.4611,0.420659,1.579076,-0.395996,-0.141920,-0.968893,-1.246887
368,61.602,B,2,61.972276,-54.337611,62.317742,-52.718873,0.533690,0.030936,-93.2755,0.034078,-93.2601,0.032828,62.787086,-52.628620,-93.2679,0.477943,1.893294,-0.469345,-0.090253,-0.814811,-1.708990
369,61.770,B,2,62.313716,-54.597520,62.255035,-53.065229,0.553323,0.018491,-93.0843,0.034076,-93.0673,0.035649,62.759415,-52.934991,-93.0750,0.520923,1.721236,-0.504380,-0.130238,-0.445699,-1.662530
370,61.945,B,2,62.049981,-54.819733,62.264865,-53.397616,0.566026,0.024104,-92.8923,0.032702,-92.8777,0.032813,62.731698,-53.244224,-92.8852,0.491388,1.716673,-0.466833,-0.153392,-0.681718,-1.575509
371,62.109,B,2,61.771086,-54.644906,62.225471,-53.711206,0.573614,0.016808,-92.7075,0.031973,-92.6908,0.031483,62.703646,-53.557115,-92.6983,0.502390,1.432814,-0.478175,-0.154091,-0.932560,-1.087790
372,62.278,B,2,62.560737,-55.056485,62.141805,-53.936566,0.560074,-0.001733,-92.5321,0.031653,-92.5031,0.030945,62.675884,-53.873539,-92.5107,0.537785,1.188537,-0.534079,-0.063027,-0.115147,-1.182946
373,62.450,B,2,61.398140,-55.313278,62.215810,-54.194359,0.553446,0.019512,-92.3381,0.031831,-92.3096,0.033913,62.649525,-54.192465,-92.3174,0.433719,1.679936,-0.433715,-0.001894,-1.251385,-1.120813
374,62.607,B,2,61.208816,-56.436427,62.066635,-54.451534,0.550643,-0.014781,-92.1559,0.033919,-92.1083,0.034844,62.625344,-54.512454,-92.1165,0.562020,2.389189,-0.558709,0.060920,-1.416528,-1.923973
375,62.768,B,2,62.977497,-55.754901,61.907099,-54.866228,0.585472,-0.045613,-91.9609,0.035538,-91.9013,0.036361,62.603237,-54.832324,-91.9097,0.696963,0.995599,-0.696138,-0.033903,0.374260,-0.922577
376,62.937,B,2,62.051459,-56.610175,62.096320,-55.072620,0.576701,0.007076,-91.7723,0.036067,-91.6930,0.037038,62.582415,-55.151584,-91.7013,0.492468,1.552225,-0.486096,0.078965,-0.530956,-1.458591
377,63.094,B,2,62.042312,-56.758480,62.087216,-55.416255,0.577541,0.007526,-91.5142,0.036823,-91.4865,0.038807,62.562088,-55.470565,-91.4947,0.477968,1.388845,-0.474872,0.054310,-0.519777,-1.287914
378,63.268,B,2,62.255151,-57.669300,62.078660,-55.716167,0.579932,0.007467,-90.8542,0.152808,-90.7948,0.162041,62.537532,-55.783067,-90.8311,0.463723,1.907253,-0.458872,0.066900,-0.282381,-1.886233
379,63.439,B,2,61.444345,-57.650765,62.111210,-56.127565,0.608056,0.017789,-90.3676,0.046673,-90.3953,-0.006285,62.516409,-56.089961,-90.3934,0.406940,1.893523,-0.405199,-0.037604,-1.072065,-1.560804
380,63.601,B,2,62.351640,-58.204023,61.991170,-56.463508,0.616332,-0.010312,-90.3752,0.033730,-90.3687,0.092837,62.498611,-56.398265,-90.3898,0.511618,1.811729,-0.507441,-0.065243,-0.146970,-1.805758
381,63.784,B,2,61.633394,-57.763122,62.056165,-56.842281,0.631714,0.008503,-89.4640,0.149401,-89.4795,0.122542,62.475840,-56.695646,-89.5077,0.444555,1.359860,-0.419675,-0.146635,-0.842446,-1.067476
382,63.962,B,2,62.365221,-58.069923,61.980671,-57.068384,0.611488,-0.009679,-89.1273,0.052919,-89.1198,0.085305,62.458792,-56.998403,-89.1395,0.483215,1.075598,-0.478121,-0.069981,-0.093571,-1.071520
383,64.149,B,2,61.691393,-57.739673,62.051244,-57.309451,0.595596,0.008612,-88.2467,0.165507,-88.2214,0.145440,62.437646,-57.293489,-88.2549,0.386732,0.869467,-0.386402,-0.015962,-0.746252,-0.446184
384,64.317,B,2,61.647811,-58.977657,61.988313,-57.433672,0.568477,-0.007674,-87.7132,0.116206,-87.5829,0.149349,62.417097,-57.586855,-87.5481,0.455325,1.589381,-0.428784,0.153182,-0.769286,-1.390803
385,64.480,B,2,62.183271,-59.381632,61.928745,-57.777611,0.570097,-0.021417,-86.6411,0.153069,-86.6108,0.129900,62.393816,-57.872069,-86.6406,0.474566,1.524175,-0.465071,0.094458,-0.210544,-1.509563
386,64.656,B,2,62.426211,-59.768660,61.977061,-58.124375,0.584501,-0.008838,-85.6889,0.165994,-85.6563,0.180550,62.369731,-58.149594,-85.6974,0.393479,1.620050,-0.392670,0.025219,0.056480,-1.619066
387,64.818,B,2,61.694340,-60.039338,62.063165,-58.479770,0.599528,0.010159,-84.6831,0.163387,-84.6813,0.126642,62.345210,-58.419908,-84.7103,0.288328,1.745333,-0.282045,-0.059862,-0.650870,-1.619430
388,64.978,B,2,61.785602,-60.883707,62.002951,-58.821110,0.608686,-0.008618,-84.1567,0.104898,-84.1548,0.147736,62.324850,-58.690790,-84.1884,0.347278,2.258246,-0.321898,-0.130321,-0.539248,-2.192918
389,65.152,B,2,62.195297,-60.394770,61.968509,-59.241994,0.651732,-0.021172,-83.2040,0.226303,-82.8336,0.271308,62.301695,-58.964464,-82.8958,0.433631,1.434258,-0.333186,-0.277531,-0.106398,-1.430306
390,65.360,B,2,61.842804,-60.889375,62.017311,-59.523602,0.626935,-0.011666,-81.8303,0.139511,-81.8591,0.080019,62.281770,-59.241662,-81.8771,0.386560,1.705183,-0.264459,-0.281940,-0.438965,-1.647713
391,65.576,B,2,62.069129,-60.303029,61.993652,-59.832185,0.624969,-0.022002,-81.2005,0.146823,-81.1953,0.196466,62.263297,-59.523519,-81.2402,0.409857,0.803328,-0.269645,-0.308666,-0.194168,-0.779510
392,65.757,B,2,61.320027,-61.202059,62.015201,-59.977494,0.585428,-0.018300,-80.0705,0.166661,-80.1049,0.113080,62.239204,-59.808024,-80.1304,0.280886,1.669796,-0.224003,-0.169469,-0.919178,-1.394034
393,65.946,B,2,61.642425,-61.666849,61.897147,-60.256430,0.578903,-0.051411,-79.4755,0.132346,-79.4781,0.181533,62.220022,-60.093934,-79.5198,0.361460,1.675613,-0.322875,-0.162496,-0.577598,-1.572915
394,66.127,B,2,61.965531,-61.115286,61.856919,-60.568912,0.582552,-0.064071,-78.6553,0.116226,-78.6809,0.107166,62.200355,-60.379307,-78.7056,0.392299,0.772533,-0.343437,-0.189605,-0.234825,-0.735978
395,66.298,B,2,62.280836,-61.963256,61.882176,-60.724477,0.550550,-0.056196,-77.9104,0.126096,-77.9335,0.116406,62.183621,-60.664145,-77.9606,0.307423,1.302744,-0.301445,-0.060332,0.097216,-1.299111
396,66.447,B,2,61.705512,-62.639682,61.961291,-61.002742,0.552958,-0.041148,-77.2091,0.119707,-77.2326,0.117317,62.168618,-60.949743,-77.2597,0.213994,1.752245,-0.207327,-0.052999,-0.463106,-1.689939
397,66.608,B,2,61.308723,-62.517182,61.923394,-61.353580,0.567973,-0.058810,-76.5609,0.112498,-76.5774,0.109859,62.153569,-61.238107,-76.6027,0.257516,1.532905,-0.230175,-0.115472,-0.844846,-1.279075
398,66.782,B,2,61.097381,-63.079896,61.819216,-61.620199,0.558559,-0.087592,-75.9618,0.105273,-75.9693,0.100922,62.137609,-61.530913,-75.9928,0.330676,1.865858,-0.318393,-0.089287,-1.040228,-1.548984
399,66.953,B,2,61.399706,-63.531817,61.693232,-61.940456,0.561353,-0.121011,-75.4033,0.098686,-75.4034,0.098466,62.121562,-61.828684,-75.4254,0.442674,1.849794,-0.428330,-0.111772,-0.721857,-1.703133
400,67.133,B,2,61.235816,-63.777905,61.642704,-62.285488,0.572444,-0.134869,-75.1456,0.007224,-75.1943,-0.055556,62.109778,-62.127145,-75.1818,0.493185,1.867837,-0.467075,-0.158343,-0.873962,-1.650759
401,67.305,B,2,61.460771,-64.503010,61.570483,-62.613946,0.577008,-0.152087,-75.0677,0.051661,-75.0559,0.102867,62.097666,-62.417146,-75.0795,0.562719,2.180932,-0.527183,-0.196800,-0.636895,-2.085864
402,67.457,B,2,62.029400,-64.315896,61.551470,-63.015383,0.600291,-0.159344,-74.2728,0.126522,-74.2744,0.075277,62.085644,-62.706940,-74.2921,0.616830,1.609939,-0.534175,-0.308443,-0.056245,-1.608956
403,67.620,B,2,61.584753,-64.785149,61.639753,-63.311877,0.601945,-0.136315,-74.3287,-0.036538,-74.3706,-0.031972,62.078299,-62.984275,-74.3636,0.547399,1.867280,-0.438545,-0.327602,-0.493545,-1.800874
404,67.793,B,2,61.517656,-64.370992,61.633087,-63.639482,0.605499,-0.140144,-74.1009,0.069330,-74.1006,0.071187,62.067723,-63.261556,-74.1167,0.575965,1.238313,-0.434636,-0.377926,-0.550067,-1.109435
405,67.979,B,2,61.598577,-65.113564,61.615149,-63.832456,0.576843,-0.139019,-74.1983,-0.046834,-74.2315,-0.042285,62.057854,-63.533963,-74.2214,0.533934,1.645015,-0.442705,-0.298493,-0.459277,-1.579601
406,68.138,B,2,61.582041,-66.104882,61.614520,-64.122823,0.574934,-0.139846,-74.2403,-0.010668,-74.2723,-0.053164,62.048128,-63.804973,-74.2602,0.537628,2.346661,-0.433607,-0.317850,-0.466087,-2.299909
407,68.333,B,2,61.439922,-65.290037,61.610710,-64.540820,0.602315,-0.149080,-74.5229,-0.038682,-74.5961,-0.062901,62.042157,-64.071069,-74.5413,0.637818,1.359622,-0.431447,-0.469751,-0.602235,-1.218968
408,68.493,B,2,61.209520,-65.621526,61.581100,-64.736991,0.573919,-0.150066,-74.8644,-0.059328,-74.8913,-0.065769,62.039824,-64.333117,-74.8766,0.611181,1.532776,-0.458724,-0.403874,-0.830304,-1.288409
409,68.678,B,2,61.468790,-66.735414,61.513985,-64.943444,0.562930,-0.164190,-75.1901,-0.070354,-75.2996,-0.078160,62.040641,-64.589963,-75.2817,0.634284,2.220355,-0.526657,-0.353481,-0.571851,-2.145451
410,68.865,B,2,61.692153,-66.480684,61.503781,-65.334754,0.572594,-0.166970,-75.7680,-0.088009,-75.7907,-0.093395,62.042793,-64.841098,-75.7694,0.730910,1.676661,-0.539012,-0.493656,-0.350641,-1.639586
411,69.016,B,2,61.896285,-66.276387,61.535792,-65.600845,0.567570,-0.155664,-76.3422,-0.103485,-76.3678,-0.107132,62.044689,-65.086681,-76.3431,0.723423,1.198926,-0.508898,-0.514164,-0.148404,-1.189706
412,69.174,B,2,62.280652,-66.690612,61.599520,-65.780495,0.545236,-0.132994,-76.9953,-0.116943,-77.0276,-0.120849,62.046352,-65.327321,-76.9997,0.636416,1.383278,-0.446832,-0.453174,0.234299,-1.363291
413,69.325,B,2,61.537147,-67.026242,61.722630,-66.000350,0.538288,-0.101483,-77.7095,-0.128095,-77.7596,-0.131161,62.049488,-65.563841,-77.7291,0.545322,1.549552,-0.326858,-0.436509,-0.512342,-1.462401
414,69.504,B,2,61.613918,-67.108490,61.689801,-66.244328,0.527645,-0.110305,-78.5708,-0.139435,-78.5516,-0.142542,62.056216,-65.797043,-78.5189,0.578207,1.384022,-0.366415,-0.447285,-0.442297,-1.311446
415,69.666,B,2,61.290810,-67.128870,61.675476,-66.438817,0.523428,-0.114181,-79.1788,-0.146832,-79.3964,-0.153898,62.067499,-66.027521,-79.3616,0.568197,1.347671,-0.392024,-0.411296,-0.776690,-1.101349
416,69.833,B,2,61.724265,-67.819639,61.603994,-66.613383,0.498348,-0.126508,-80.0801,-0.156791,-80.2953,-0.162038,62.082467,-66.255463,-80.2582,0.597530,1.604667,-0.478473,-0.357920,-0.358202,-1.564176
417,69.993,B,2,61.850604,-68.070682,61.621675,-66.879232,0.503247,-0.120756,-81.0319,-0.167513,-81.2540,-0.172744,62.099127,-66.480503,-81.2144,0.622049,1.609482,-0.477452,-0.398729,-0.248523,-1.590179
418,70.173,B,2,61.903154,-68.145965,61.657967,-67.153218,0.497617,-0.107988,-82.2519,-0.179902,-82.2759,-0.185810,62.115919,-66.701773,-82.2338,0.643057,1.459781,-0.457953,-0.451445,-0.212765,-1.444192
419,70.341,B,2,61.632823,-68.921330,61.698817,-67.372541,0.503908,-0.097716,-83.1087,-0.187580,-83.3576,-0.192576,62.132854,-66.918314,-83.3133,0.628260,2.064486,-0.434037,-0.454227,-0.500031,-2.003016
420,70.507,B,2,61.766572,-68.678203,61.681613,-67.711086,0.511023,-0.101655,-84.4670,-0.198199,-84.4901,-0.200174,62.151410,-67.129663,-84.4440,0.747504,1.595643,-0.469797,-0.581423,-0.384837,-1.548540
421,70.682,B,2,61.806250,-68.783541,61.691309,-67.936973,0.503627,-0.095459,-85.6371,-0.204703,-85.6642,-0.208078,62.173272,-67.336228,-85.6165,0.770184,1.493124,-0.481963,-0.600745,-0.367022,-1.447312
422,70.883,B,2,61.380675,-68.790471,61.706009,-68.140054,0.492067,-0.087132,-86.8432,-0.211383,-86.8754,-0.214085,62.198966,-67.539145,-86.8262,0.777237,1.495131,-0.492957,-0.600909,-0.818291,-1.251326
423,71.091,B,2,61.059033,-68.651588,61.640281,-68.306030,0.470572,-0.096600,-88.1015,-0.218984,-88.1261,-0.221321,62.227436,-67.739723,-88.0752,0.815754,1.482114,-0.587156,-0.566306,-1.168403,-0.911865
424,71.298,B,2,61.405533,-69.099467,61.526052,-68.414131,0.437024,-0.114021,-89.4098,-0.227043,-89.4219,-0.229374,62.256850,-67.938837,-89.3691,0.871763,1.439376,-0.730799,-0.475294,-0.851317,-1.160630
425,71.483,B,2,61.605678,-69.929101,61.492834,-68.580872,0.423862,-0.111371,-90.7578,-0.233814,-90.7555,-0.216711,62.285970,-68.136655,-90.7060,0.909062,1.917201,-0.793137,-0.444216,-0.680293,-1.792446
426,71.640,B,2,61.709643,-70.381667,61.501235,-68.866915,0.441460,-0.100935,-91.6045,-0.136203,-91.5871,-0.161869,62.311773,-68.337024,-91.5502,0.968378,2.131461,-0.810538,-0.529891,-0.602130,-2.044643
427,71.799,B,2,62.205080,-70.087128,61.527179,-69.184825,0.464800,-0.086779,-92.9713,-0.272510,-93.0034,-0.328505,62.340480,-68.542311,-92.9285,1.036476,1.550739,-0.813301,-0.642514,-0.135400,-1.544817
428,71.961,B,2,62.279883,-70.111028,61.638987,-69.393464,0.460452,-0.051194,-94.4594,-0.217504,-94.4430,-0.159611,62.370063,-68.749728,-94.4067,0.974099,1.364284,-0.731076,-0.643737,-0.090180,-1.361301
429,72.141,B,2,62.155979,-70.828593,61.746767,-69.568135,0.447951,-0.019586,-95.2274,-0.155737,-95.2369,-0.200707,62.396514,-68.956436,-95.1907,0.892383,1.887546,-0.649748,-0.611699,-0.240535,-1.872157
430,72.322,B,2,62.068813,-70.389206,61.814396,-69.840395,0.459410,-0.000596,-96.6123,-0.232391,-96.6135,-0.187352,62.429495,-69.165324,-96.5705,0.913274,1.275923,-0.615099,-0.675072,-0.360682,-1.223882
431,72.481,B,2,61.497024,-69.817324,61.855078,-69.984269,0.438817,0.010671,-97.3923,-0.142800,-97.4075,-0.184962,62.456195,-69.373148,-97.3656,0.857211,1.057025,-0.601117,-0.611121,-0.959171,-0.444176
432,72.645,B,2,62.025428,-72.172567,61.785198,-69.995607,0.389923,-0.005982,-98.5110,-0.170301,-98.4965,-0.128723,62.483670,-69.584645,-98.4673,0.810403,2.628179,-0.698472,-0.410962,-0.458242,-2.587922
433,72.841,B,2,61.747113,-70.847779,61.821500,-70.428893,0.445689,0.009525,-99.6950,-0.251194,-99.7416,-0.312056,62.509565,-69.796821,-99.6704,0.934317,1.298402,-0.688065,-0.632072,-0.762452,-1.050958
434,73.018,B,2,62.014857,-72.520570,61.800959,-70.547427,0.421107,0.006655,-101.0973,-0.204493,-101.0790,-0.149697,62.535116,-70.004211,-101.0449,0.913274,2.569579,-0.734157,-0.543216,-0.520259,-2.516359
435,73.183,B,2,61.903201,-72.053596,61.831625,-70.946488,0.464585,0.022677,-101.6721,-0.105327,-101.6591,-0.148614,62.556748,-70.217266,-101.6254,1.028382,1.949162,-0.725123,-0.729222,-0.653546,-1.836331
436,73.350,B,2,62.159063,-72.862016,61.836828,-71.192215,0.467082,0.028689,-103.0077,-0.269356,-103.0408,-0.266763,62.585747,-70.427583,-102.9799,1.070300,2.471543,-0.748919,-0.764632,-0.426684,-2.434433
437,73.541,B,2,62.087318,-71.835140,61.886901,-71.540613,0.491899,0.048793,-104.0717,-0.148001,-104.0525,-0.124661,62.611301,-70.639916,-104.0237,1.155859,1.305035,-0.724400,-0.900697,-0.523982,-1.195224
438,73.738,B,2,61.440570,-72.462436,61.915940,-71.641293,0.455954,0.054504,-105.2781,-0.248856,-105.3178,-0.256245,62.637194,-70.849535,-105.2587,1.071022,2.008323,-0.721254,-0.791758,-1.196624,-1.612901
439,73.925,B,2,61.081105,-73.077802,61.822108,-71.834107,0.450449,0.034867,-106.4602,-0.197751,-106.4795,-0.233986,62.660416,-71.055780,-106.4258,1.143921,2.565697,-0.838309,-0.778327,-1.579312,-2.022022
440,74.097,B,2,61.649669,-72.941437,61.677068,-72.102514,0.465772,0.009951,-107.8091,-0.221886,-107.8129,-0.229584,62.684406,-71.256123,-107.7604,1.315716,1.977616,-1.007338,-0.846391,-1.034737,-1.685314
441,74.277,B,2,60.964279,-73.772348,61.658452,-72.297983,0.456698,0.015201,-109.1672,-0.236776,-109.1638,-0.237433,62.709339,-71.451630,-109.1092,1.349325,2.903613,-1.050887,-0.846354,-1.745060,-2.320719
442,74.460,B,2,61.943565,-72.773262,61.517838,-72.607769,0.481501,-0.001231,-110.5582,-0.242409,-110.5437,-0.243339,62.736445,-71.644035,-110.4879,1.553637,1.379787,-1.218607,-0.963735,-0.792880,-1.129227
443,74.612,B,2,61.536490,-74.293129,61.578460,-72.681283,0.437685,0.018447,-111.9714,-0.247731,-111.9566,-0.250542,62.765118,-71.835540,-111.8994,1.457201,2.747593,-1.186657,-0.845742,-1.228628,-2.457589
444,74.797,B,2,61.544832,-73.950141,61.554801,-73.015944,0.463154,0.033367,-113.4824,-0.254768,-113.4068,-0.257369,62.793430,-72.027654,-113.3480,1.584588,2.292368,-1.238629,-0.988290,-1.248598,-1.922487
445,74.989,B,2,61.515535,-73.558780,61.537889,-73.226306,0.457637,0.041408,-114.9159,-0.261634,-114.9003,-0.264751,62.819491,-72.220644,-114.8397,1.629067,1.868397,-1.281602,-1.005662,-1.303956,-1.338136
446,75.168,B,2,61.761263,-73.193531,61.521345,-73.320004,0.436312,0.041774,-116.1430,-0.267310,-116.4378,-0.271728,62.842819,-72.413712,-116.3755,1.602392,1.333372,-1.321474,-0.906292,-1.081556,-0.779819
447,75.341,B,2,62.150952,-74.502452,61.547340,-73.342223,0.377570,0.044978,-118.0249,-0.274468,-118.0130,-0.276283,62.864751,-72.605555,-117.9494,1.509387,2.026753,-1.317410,-0.736669,-0.713799,-1.896897
448,75.523,B,2,62.352057,-74.802001,61.642943,-73.587625,0.378862,0.082646,-119.1792,-0.168115,-119.1395,-0.168411,62.883372,-72.797171,-119.1005,1.470878,2.074040,-1.240429,-0.790454,-0.531316,-2.004830
449,75.729,B,2,62.159127,-75.060345,61.760106,-73.844546,0.379449,0.122687,-120.5982,-0.283483,-120.6158,-0.336651,62.902175,-72.991158,-120.5388,1.425690,2.198557,-1.142069,-0.853387,-0.743048,-2.069186
450,75.908,B,2,61.495844,-74.629705,61.824639,-74.095009,0.392052,0.150544,-122.1239,-0.311034,-122.3970,-0.225741,62.920173,-73.188274,-122.3454,1.422098,2.026434,-1.095534,-0.906735,-1.424329,-1.441430
451,76.076,B,2,61.991908,-74.263542,61.757067,-74.229512,0.381546,0.132765,-123.1828,-0.160474,-123.3791,-0.210188,62.931864,-73.381572,-123.3308,1.448844,1.288948,-1.174797,-0.847940,-0.939956,-0.881970
452,76.246,B,2,61.955988,-75.527564,61.788517,-74.278776,0.334391,0.127302,-124.9539,-0.278832,-124.9563,-0.255989,62.944704,-73.579957,-124.8979,1.350968,2.184200,-1.156187,-0.698819,-0.988716,-1.947607
453,76.422,B,2,62.015410,-75.336871,61.809236,-74.540706,0.346474,0.146376,-126.0475,-0.169019,-125.9779,-0.187232,62.949680,-73.776313,-125.9347,1.372919,1.818846,-1.140443,-0.764393,-0.934270,-1.560558
454,76.596,B,2,61.260293,-74.716896,61.838127,-74.719378,0.338978,0.156883,-127.3337,-0.228825,-127.3067,-0.186103,62.952137,-73.978895,-127.2643,1.337659,1.845800,-1.114010,-0.740482,-1.691844,-0.738000
455,76.773,B,2,61.397625,-75.628369,61.725040,-74.753623,0.318868,0.120340,-128.4104,-0.208913,-128.3801,-0.212005,62.947410,-74.184343,-128.3316,1.348432,2.118264,-1.222370,-0.569280,-1.549785,-1.444026
456,76.952,B,2,61.012753,-75.110467,61.654807,-74.943617,0.327641,0.116567,-129.4686,-0.185185,-129.4160,-0.174169,62.937858,-74.394890,-129.3765,1.395465,2.053797,-1.283052,-0.548727,-1.925105,-0.715577
457,77.143,B,2,61.594078,-75.723599,61.526310,-75.005024,0.317219,0.086096,-130.4817,-0.173617,-130.4157,-0.172181,62.924109,-74.609311,-130.3767,1.452732,1.735115,-1.397799,-0.395713,-1.330032,-1.114288
458,77.311,B,2,61.545055,-75.887650,61.524573,-75.164264,0.310699,0.097637,-131.4350,-0.164875,-131.3656,-0.163706,62.906894,-74.825482,-131.3284,1.423230,1.727080,-1.382321,-0.338783,-1.361839,-1.062168
459,77.481,B,2,61.583373,-75.376706,61.515028,-75.324421,0.305753,0.107035,-132.3436,-0.156679,-132.2719,-0.154951,62.886751,-75.041467,-132.2364,1.400602,1.345801,-1.371723,-0.282955,-1.303378,-0.335239
460,77.649,B,2,62.294088,-77.038423,61.515076,-75.362560,0.276435,0.100461,-133.2109,-0.150043,-133.1379,-0.147617,62.863930,-75.256484,-133.1040,1.353018,1.870836,-1.348853,-0.106076,-0.569842,-1.781939
461,77.811,B,2,62.159404,-77.327294,61.644796,-75.693873,0.286624,0.161586,-134.0244,-0.142485,-133.9634,-0.141438,62.838462,-75.471145,-133.9312,1.214268,1.976464,-1.193666,-0.222728,-0.679058,-1.856149
462,78.008,B,2,61.531833,-77.641817,61.729614,-76.022047,0.300248,0.207482,-134.7975,-0.134829,-134.7466,-0.131616,62.810076,-75.686993,-134.7161,1.131220,2.335646,-1.080461,-0.335055,-1.278243,-1.954824
463,78.218,B,2,61.596629,-77.314703,61.686556,-76.351395,0.330685,0.225664,-135.5368,-0.127766,-135.4860,-0.126356,62.778011,-75.905643,-135.4572,1.178970,1.838780,-1.091455,-0.445752,-1.181381,-1.409060
464,78.424,B,2,61.145088,-77.197533,61.662124,-76.564444,0.333019,0.228156,-136.2329,-0.120071,-136.1837,-0.118373,62.741179,-76.127867,-136.1565,1.164027,1.921378,-1.079055,-0.436577,-1.596091,-1.069666
465,78.617,B,2,60.611747,-77.052538,61.559498,-76.717490,0.336320,0.207684,-137.3143,-0.227255,-137.3060,-0.242573,62.705117,-76.353159,-137.2500,1.202156,2.207109,-1.145618,-0.364331,-2.093370,-0.699380
466,78.805,B,2,61.330625,-78.006734,61.376240,-76.814632,0.342350,0.167302,-138.2434,-0.122524,-138.1666,-0.067568,62.668653,-76.572022,-138.1509,1.314987,1.961815,-1.292413,-0.242610,-1.338028,-1.434712
467,79.017,B,2,61.305813,-78.348134,61.353578,-77.065671,0.348264,0.185228,-138.5858,-0.089910,-138.5491,-0.147378,62.628579,-76.787601,-138.5155,1.304971,2.045721,-1.275001,-0.278069,-1.322767,-1.560533
468,79.227,B,2,61.661334,-77.518189,61.330742,-77.334705,0.355954,0.204693,-139.8120,-0.222123,-139.7878,-0.192557,62.598025,-77.001076,-139.7441,1.310464,1.069951,-1.267283,-0.333629,-0.936691,-0.517113
469,79.415,B,2,61.206480,-78.954829,61.377243,-77.405410,0.317221,0.200737,-140.5220,-0.096312,-140.4442,-0.109783,62.562746,-77.211932,-140.4189,1.201187,2.208426,-1.185503,-0.193478,-1.356265,-1.742897
470,79.609,B,2,61.139157,-79.285241,61.334029,-77.721830,0.338597,0.224560,-141.6122,-0.222654,-141.5886,-0.209733,62.532863,-77.422019,-141.5404,1.235754,2.326802,-1.198833,-0.299811,-1.393705,-1.863222
471,79.800,B,2,61.474655,-78.421352,61.319182,-78.110706,0.363881,0.266089,-142.2884,-0.059698,-142.2254,-0.018695,62.499052,-77.627814,-142.2212,1.274863,1.295798,-1.179869,-0.482892,-1.024397,-0.793538
472,79.973,B,2,61.279914,-79.811041,61.307083,-78.152292,0.328922,0.240518,-142.7089,-0.108960,-142.6755,-0.163568,62.468281,-77.824940,-142.6381,1.206458,2.314479,-1.161198,-0.327353,-1.188367,-1.986101
473,80.158,B,2,61.829358,-79.743099,61.290033,-78.491923,0.345653,0.270494,-144.0730,-0.260413,-144.0738,-0.253672,62.441616,-78.031788,-144.0160,1.240108,1.817538,-1.151583,-0.460134,-0.612258,-1.711310
474,80.343,B,2,60.521885,-79.663866,61.375880,-78.760567,0.329925,0.300822,-144.9679,-0.117707,-144.9109,-0.053407,62.414446,-78.227630,-144.8984,1.167322,2.375828,-1.038566,-0.532937,-1.892561,-1.436236
475,80.533,B,2,60.653941,-79.526357,61.210528,-78.966647,0.351614,0.278431,-145.3019,-0.084691,-145.2678,-0.133967,62.384270,-78.412750,-145.2371,1.297872,2.057707,-1.173742,-0.553897,-1.730329,-1.113606
476,80.717,B,2,60.599105,-79.377849,61.095993,-79.109631,0.351772,0.255459,-146.4563,-0.211148,-146.4291,-0.185504,62.358876,-78.605000,-146.3865,1.359973,1.922002,-1.262883,-0.504631,-1.759771,-0.772848
477,80.911,B,2,61.282922,-80.526615,60.990566,-79.197405,0.342054,0.226828,-147.0289,-0.063735,-146.9389,-0.038019,62.331781,-78.787565,-146.9304,1.402435,2.030861,-1.341214,-0.409839,-1.048859,-1.739049
478,81.086,B,2,61.134414,-79.604858,61.027530,-79.475858,0.333864,0.258503,-147.6673,-0.153341,-147.6357,-0.190824,62.306500,-78.969584,-147.5921,1.375527,1.333176,-1.278970,-0.506273,-1.172086,-0.635274
479,81.273,B,2,61.470804,-80.164389,61.032931,-79.537499,0.301376,0.240904,-148.3082,-0.069255,-148.2218,-0.043204,62.281731,-79.149058,-148.2117,1.307818,1.299423,-1.248800,-0.388441,-0.810927,-1.015331
480,81.443,B,2,60.358786,-80.371881,61.099893,-79.686785,0.272818,0.250836,-148.9503,-0.133050,-148.8948,-0.106868,62.257229,-79.325962,-148.8703,1.212279,2.167495,-1.157337,-0.360823,-1.898443,-1.045919
481,81.614,B,2,60.404677,-81.533859,60.954505,-79.845497,0.289857,0.232730,-149.4530,-0.093014,-149.3855,-0.108503,62.231471,-79.497294,-149.3606,1.323590,2.735832,-1.276967,-0.348203,-1.826794,-2.036565
482,81.783,B,2,60.953622,-80.138923,60.840436,-80.187909,0.322715,0.257478,-150.0176,-0.086824,-149.9396,-0.109075,62.205721,-79.666122,-149.9145,1.461596,1.338391,-1.365284,-0.521787,-1.252099,-0.472801
483,81.949,B,2,60.491170,-80.569558,60.846397,-80.215699,0.286420,0.233675,-151.1038,-0.204989,-151.0346,-0.180497,62.183133,-79.836290,-150.9929,1.389538,1.844023,-1.336736,-0.379410,-1.691963,-0.733269
484,82.110,B,2,60.787441,-81.480386,60.768702,-80.311620,0.280225,0.215813,-151.6516,-0.066012,-151.5619,-0.008189,62.155429,-80.003656,-151.5597,1.420512,2.012989,-1.386727,-0.307964,-1.367988,-1.476730
485,82.291,B,2,60.970567,-81.392474,60.760638,-80.548494,0.285098,0.243124,-151.8261,-0.067084,-151.9552,-0.164756,62.125585,-80.169488,-151.9173,1.416589,1.682189,-1.364946,-0.379006,-1.155017,-1.222986
486,82.450,B,2,60.979099,-81.546200,60.782931,-80.741910,0.263554,0.251428,-153.1023,-0.165428,-153.0476,-0.130659,62.101977,-80.336883,-153.0177,1.379829,1.650243,-1.319046,-0.405026,-1.122878,-1.209317
487,82.608,B,2,61.707807,-80.693064,60.807166,-80.920069,0.248717,0.261613,-153.6058,-0.101149,-153.5846,-0.146024,62.072107,-80.500318,-153.5509,1.332766,0.412147,-1.264941,-0.419751,-0.364300,-0.192746
488,82.773,B,2,60.611466,-81.929353,60.960647,-80.912142,0.186363,0.247397,-154.6544,-0.173003,-154.6421,-0.134691,62.046324,-80.663203,-154.6109,1.113852,1.913624,-1.085677,-0.248939,-1.434858,-1.266150
489,82.937,B,2,60.806311,-82.165252,60.890578,-81.126273,0.203011,0.254508,-155.5224,-0.161746,-155.5151,-0.165142,62.017608,-80.823731,-155.4775,1.166931,1.807462,-1.127030,-0.302542,-1.211296,-1.341522
490,83.121,B,2,61.253223,-81.334647,60.867031,-81.345654,0.208082,0.267692,-156.5431,-0.177137,-156.5413,-0.186412,61.989660,-80.984583,-156.4985,1.179266,0.815404,-1.122629,-0.361071,-0.736437,-0.350064
491,83.305,B,2,60.406737,-82.354816,60.929007,-81.375314,0.173121,0.249307,-157.6016,-0.186182,-157.6002,-0.190408,61.960934,-81.145819,-157.5567,1.057138,1.969061,-1.031926,-0.229495,-1.554197,-1.208997
492,83.483,B,2,60.808014,-83.177939,60.827051,-81.581880,0.195699,0.252872,-158.7212,-0.195889,-158.7137,-0.201869,61.931460,-81.307135,-158.6681,1.138071,2.182209,-1.104410,-0.274745,-1.123446,-1.870804
493,83.675,B,2,59.888277,-82.379252,60.813988,-81.901880,0.207842,0.290148,-159.8887,-0.205218,-159.8832,-0.209270,61.901315,-81.467450,-159.8353,1.170902,2.209911,-1.087328,-0.434431,-2.013038,-0.911802
494,83.855,B,2,61.355783,-82.838951,60.635751,-82.021357,0.232796,0.264004,-161.1228,-0.215187,-161.1094,-0.217796,61.870814,-81.625857,-161.0592,1.296843,1.317898,-1.235063,-0.395500,-0.515031,-1.213094
495,84.024,B,2,60.708427,-82.175527,60.753272,-82.201690,0.196474,0.283566,-162.3939,-0.224741,-162.3889,-0.227173,61.840465,-81.782292,-162.3368,1.165283,1.198392,-1.087194,-0.419398,-1.132038,-0.393235
496,84.194,B,2,60.803979,-82.532233,60.735059,-82.228516,0.178929,0.254529,-163.7252,-0.232541,-163.7160,-0.235169,61.810839,-81.937440,-163.6621,1.114463,1.169421,-1.075780,-0.291076,-1.006860,-0.594793
497,84.361,B,2,60.195389,-82.937953,60.737524,-82.312098,0.163890,0.243353,-165.0965,-0.240235,-165.0851,-0.241625,61.782255,-82.092131,-165.0296,1.067637,1.798210,-1.044731,-0.219968,-1.586866,-0.845823
498,84.555,B,2,60.567554,-84.118667,60.629006,-82.452335,0.179632,0.236872,-166.5131,-0.246716,-166.4937,-0.249146,61.754432,-82.246688,-166.4366,1.144061,2.216525,-1.125427,-0.205647,-1.186878,-1.871979
499,84.741,B,2,61.018310,-83.467987,60.605183,-82.781712,0.189142,0.280924,-167.9600,-0.254023,-167.9424,-0.255328,61.726615,-82.400703,-167.8836,1.184389,1.280933,-1.121432,-0.381008,-0.708305,-1.067283
500,84.973,B,2,60.409250,-83.436728,60.667559,-82.936942,0.163468,0.287682,-169.4467,-0.260880,-169.4327,-0.264982,61.698166,-82.553398,-169.3723,1.099662,1.562554,-1.030607,-0.383544,-1.288915,-0.883330
501,85.150,B,2,59.303889,-82.777884,60.609552,-83.057704,0.164795,0.277336,-170.9203,-0.242512,-170.8780,-0.198617,61.668098,-82.704208,-170.8324,1.116010,2.365356,-1.058546,-0.353496,-2.364209,-0.073677
502,85.314,B,2,60.150228,-83.871196,60.360426,-83.034744,0.199782,0.223607,-171.9275,-0.191052,-171.8814,-0.234834,61.632627,-82.850530,-171.8275,1.285470,1.799796,-1.272202,-0.184213,-1.482400,-1.020666
503,85.467,B,2,60.610894,-84.811354,60.305394,-83.210656,0.198485,0.234736,-173.6981,-0.337659,-173.6766,-0.333512,61.588138,-83.000425,-173.6000,1.299858,2.057783,-1.282744,-0.210231,-0.977245,-1.810929
504,85.643,B,2,60.319904,-83.716504,60.343292,-83.526538,0.182553,0.282401,-175.0705,-0.189265,-175.0037,-0.139668,61.539668,-83.145648,-174.9718,1.255545,1.346737,-1.196376,-0.380889,-1.219764,-0.570855
505,85.820,B,2,59.471316,-83.338339,60.323577,-83.589556,0.167703,0.263070,-176.1744,-0.226208,-176.1235,-0.277650,61.488294,-83.288883,-176.0600,1.202901,2.017585,-1.164718,-0.300673,-2.016978,-0.049456
506,85.996,B,2,60.298161,-83.491063,60.153912,-83.569469,0.185684,0.220351,-177.6693,-0.223343,-177.5796,-0.167697,61.433179,-83.434886,-177.5410,1.286326,1.136407,-1.279267,-0.134583,-1.135017,-0.056177
507,86.180,B,2,59.658716,-84.379579,60.163118,-83.577066,0.161161,0.196851,-178.6793,-0.207674,-178.6229,-0.258262,61.375213,-83.574532,-178.5635,1.212098,1.895907,-1.212095,-0.002534,-1.716497,-0.805048
508,86.345,B,2,60.815392,-84.264049,60.059135,-83.737651,0.175548,0.213438,-179.6842,-0.193232,-179.7674,-0.165163,61.311722,-83.712661,-179.7292,1.252837,0.741871,-1.252587,-0.024991,-0.496331,-0.551388
509,86.529,B,2,60.379531,-84.550456,60.177234,-83.857325,0.125358,0.215393,179.0285,-0.186627,179.1125,-0.171810,61.241063,-83.847534,179.1519,1.063873,1.111907,-1.063828,-0.009791,-0.861532,-0.702921
510,86.697,B,2,59.994012,-84.941016,60.201120,-84.003958,0.107496,0.225246,177.9903,-0.180270,178.0654,-0.176911,61.161924,-83.979759,178.1061,0.961108,1.512624,-0.960804,-0.024198,-1.167912,-0.961257
511,86.862,B,2,59.612705,-84.370558,60.151724,-84.195533,0.109063,0.243208,177.0023,-0.171308,177.0765,-0.167286,61.073992,-84.110670,177.1151,0.926164,1.484217,-0.922268,-0.084863,-1.461286,-0.259888
512,87.013,B,2,59.528805,-85.259797,60.044506,-84.245371,0.124681,0.230746,176.2429,-0.164383,176.1382,-0.160549,60.978205,-84.240489,176.1748,0.933711,1.771934,-0.933698,-0.004882,-1.449400,-1.019308
513,87.192,B,2,59.447719,-85.920537,59.937713,-84.449357,0.136851,0.252519,175.3366,-0.156685,175.2442,-0.153026,60.876400,-84.368393,175.2792,0.942172,2.109568,-0.938687,-0.080964,-1.428681,-1.552143
514,87.375,B,2,59.237636,-85.313201,59.833854,-84.737783,0.146097,0.292824,174.4742,-0.150029,174.3871,-0.147371,60.770515,-84.493220,174.4207,0.968062,1.738415,-0.936660,-0.244563,-1.532878,-0.819982
515,87.551,B,2,59.087162,-85.407185,59.709524,-84.867226,0.158114,0.289978,173.6398,-0.144272,173.5621,-0.140269,60.661598,-84.614373,173.5945,0.985078,1.762781,-0.952073,-0.252853,-1.574435,-0.792812
516,87.727,B,2,59.176411,-85.259835,59.579065,-84.989610,0.169681,0.286317,172.8416,-0.138177,172.7701,-0.135496,60.549270,-84.732284,172.8011,1.003751,1.470732,-0.970205,-0.257327,-1.372859,-0.527551
517,87.890,B,2,58.894712,-86.224465,59.482981,-85.067494,0.166987,0.265694,171.9328,-0.130073,172.0159,-0.127976,60.432017,-84.848029,172.0452,0.974082,2.063464,-0.949036,-0.219465,-1.537305,-1.376437
518,88.050,B,2,58.792248,-85.817634,59.355921,-85.300661,0.173428,0.291323,171.2270,-0.122034,171.3042,-0.119895,60.307941,-84.962430,171.3318,1.010317,1.740316,-0.952019,-0.338231,-1.515693,-0.855204
519,88.207,B,2,59.325557,-86.891373,59.232301,-85.419537,0.179384,0.287307,170.5575,-0.115519,170.6350,-0.113747,60.175597,-85.075296,170.6610,1.004146,2.005169,-0.943296,-0.344241,-0.850040,-1.816077
520,88.359,B,2,58.792886,-86.292085,59.227095,-85.711805,0.152598,0.322590,169.9341,-0.109617,170.0022,-0.107839,60.034661,-85.185466,170.0269,0.963949,1.663314,-0.807566,-0.526340,-1.241776,-1.106619
521,88.545,B,2,58.749024,-85.776260,59.127880,-85.845160,0.154028,0.318420,169.3291,-0.105176,169.3978,-0.104936,59.886092,-85.291704,169.4215,0.938722,1.236009,-0.758212,-0.553456,-1.137068,-0.484556
522,88.717,B,2,58.549212,-86.489648,59.038586,-85.859747,0.155824,0.286764,168.7445,-0.100651,168.8171,-0.098935,59.731676,-85.393665,168.8398,0.835228,1.612265,-0.693090,-0.466081,-1.182464,-1.095983
523,88.882,B,2,58.141495,-86.596846,58.929100,-85.998342,0.158314,0.288925,168.1889,-0.096352,168.2612,-0.095957,59.573149,-85.492187,168.2829,0.819141,1.808288,-0.644049,-0.506155,-1.431654,-1.104659
524,89.067,B,2,58.053786,-86.348948,58.764774,-86.131126,0.173146,0.291591,167.6574,-0.091218,167.7348,-0.088974,59.411372,-85.588657,167.7552,0.844016,1.555983,-0.646598,-0.542469,-1.357586,-0.760291
525,89.248,B,2,57.720242,-85.819244,58.612864,-86.194342,0.185442,0.277597,167.1628,-0.085023,167.2410,-0.082634,59.246129,-85.683959,167.2602,0.813336,1.531872,-0.633265,-0.510383,-1.525887,-0.135285
526,89.413,B,2,57.694910,-86.416794,58.426966,-86.147735,0.208373,0.241287,166.6931,-0.080371,166.7787,-0.079007,59.076479,-85.777799,166.7966,0.747475,1.522185,-0.649513,-0.369936,-1.381569,-0.638994
527,89.593,B,2,57.644997,-86.023195,58.268656,-86.214430,0.217485,0.235125,166.2558,-0.075407,166.3416,-0.074363,58.901240,-85.868822,166.3587,0.720838,1.265692,-0.632584,-0.345608,-1.256243,-0.154373
528,89.744,B,2,57.854327,-86.185353,58.129315,-86.196357,0.224643,0.209420,165.8349,-0.072546,165.9227,-0.071497,58.719424,-85.955481,165.9392,0.637377,0.895117,-0.590109,-0.240875,-0.865097,-0.229872
529,89.920,B,2,56.408301,-85.987165,58.053326,-86.208443,0.214826,0.191159,165.4330,-0.069783,165.5187,-0.070076,58.530652,-86.037114,165.5345,0.507143,2.122940,-0.477326,-0.171329,-2.122352,0.049949
530,90.096,B,2,57.100042,-87.059269,57.728940,-86.180261,0.265835,0.178010,165.0396,-0.066345,165.1314,-0.066527,58.335409,-86.114351,165.1465,0.610040,1.555313,-0.606469,-0.065910,-1.235366,-0.944918
531,90.274,B,2,57.361780,-87.172152,57.585040,-86.350169,0.258761,0.203890,164.6802,-0.063213,164.7650,-0.063108,58.134966,-86.188579,164.7792,0.573175,1.251093,-0.549926,-0.161590,-0.773186,-0.983573
532,90.476,B,2,56.038240,-86.838945,57.514986,-86.512202,0.235427,0.221137,164.3453,-0.059574,164.4206,-0.056254,57.930931,-86.260903,164.4340,0.485965,1.978992,-0.415945,-0.251298,-1.892691,-0.578041
533,90.665,B,2,56.063795,-86.514306,57.218203,-86.585768,0.271772,0.228360,164.0218,-0.056087,164.0950,-0.055054,57.724609,-86.331379,164.1077,0.566710,1.670858,-0.506406,-0.254388,-1.660814,-0.182927
534,90.834,B,2,56.511506,-87.011134,56.976662,-86.586361,0.294942,0.215284,163.7424,-0.038876,163.8373,0.005262,57.517098,-86.398778,163.8359,0.572065,1.177368,-0.540436,-0.187583,-1.005592,-0.612356
535,90.991,B,2,55.793430,-86.995447,56.858811,-86.675750,0.281639,0.217351,164.0674,0.047664,164.1537,0.006488,57.320745,-86.461356,164.1518,0.509262,1.618006,-0.461934,-0.214394,-1.527315,-0.534091
536,91.159,B,2,55.927796,-87.777986,56.632769,-86.746496,0.295772,0.221415,163.7048,-0.100679,163.7294,-0.127503,57.120091,-86.523021,163.7586,0.536119,1.731041,-0.487322,-0.223476,-1.192295,-1.254965
537,91.353,B,2,55.154975,-87.890059,56.470886,-86.946794,0.285480,0.251101,163.5354,0.016700,163.6301,0.084117,56.924207,-86.581841,163.6107,0.581971,2.200368,-0.453320,-0.364953,-1.769232,-1.308219
538,91.544,B,2,55.396054,-86.674854,56.197853,-87.134108,0.302455,0.281213,163.9102,0.032315,163.9632,-0.015405,56.732378,-86.635884,163.9670,0.730715,1.336892,-0.534525,-0.498224,-1.336324,-0.038970
539,91.717,B,2,55.112724,-87.609355,56.016309,-87.068194,0.312121,0.244165,163.8634,0.023189,163.9490,0.085372,56.532202,-86.689167,163.9300,0.640162,1.691645,-0.515893,-0.379027,-1.419478,-0.920187
540,91.904,B,2,55.518561,-86.981754,55.816336,-87.181162,0.313614,0.253696,164.3447,0.060372,164.3925,0.017014,56.337538,-86.737502,164.3887,0.684460,0.854624,-0.521202,-0.443660,-0.818977,-0.244252
541,92.054,B,2,54.677217,-87.813513,55.726444,-87.160083,0.298217,0.224450,164.1231,-0.042438,164.1673,-0.008328,56.136771,-86.785513,164.1694,0.555582,1.785240,-0.410327,-0.374570,-1.459554,-1.028000
542,92.227,B,2,54.746403,-87.918573,55.501771,-87.292171,0.305744,0.242319,164.5403,0.106846,164.6355,0.158285,55.938283,-86.829067,164.5991,0.636402,1.614808,-0.436512,-0.463104,-1.191881,-1.089506
543,92.387,B,2,54.294189,-88.175578,55.329662,-87.421230,0.300590,0.253936,165.2992,0.104092,165.3485,0.056840,55.743208,-86.869914,165.3356,0.689180,1.950491,-0.413545,-0.551316,-1.449019,-1.305664
544,92.553,B,2,55.097042,-87.951133,55.105356,-87.575825,0.306182,0.272981,165.2457,-0.026931,165.2612,-0.027104,55.547279,-86.911935,165.2675,0.797524,1.132539,-0.441922,-0.663890,-0.450236,-1.039197
545,92.722,B,2,54.223746,-87.264715,55.070236,-87.661497,0.272784,0.262618,165.5927,0.093740,165.6439,0.120438,55.354998,-86.949439,165.6163,0.766888,1.174364,-0.284762,-0.712059,-1.131252,-0.315276
546,92.876,B,2,53.772590,-87.313905,54.891152,-87.604170,0.292230,0.235160,166.0377,0.079870,166.0730,-0.006609,55.160961,-86.985755,166.0742,0.674710,1.426623,-0.269809,-0.618415,-1.388370,-0.328150
547,93.041,B,2,53.810270,-88.272891,54.656875,-87.566001,0.315165,0.212756,166.0023,0.002359,166.1138,0.078611,54.959332,-87.023989,166.0958,0.620691,1.697085,-0.302457,-0.542012,-1.149062,-1.248901
548,93.222,B,2,52.916056,-87.669797,54.461953,-87.710067,0.306562,0.227365,166.5336,0.051345,166.5681,0.013937,54.751617,-87.056027,166.5650,0.715314,1.935458,-0.289664,-0.654041,-1.835561,-0.613770
549,93.375,B,2,53.522333,-88.083761,54.155676,-87.713901,0.349478,0.225313,166.6172,0.032416,166.7321,0.057968,54.534607,-87.087387,166.7188,0.732194,1.420373,-0.378931,-0.626514,-1.012273,-0.996374
550,93.557,B,2,52.671426,-87.609448,53.997084,-87.796737,0.331742,0.221622,166.9534,0.030286,166.9860,0.019088,54.312351,-87.113884,166.9813,0.752117,1.714123,-0.315267,-0.682853,-1.640925,-0.495563
551,93.710,B,2,53.024424,-87.332785,53.727876,-87.773870,0.364546,0.210757,167.1465,0.046501,167.2244,0.029036,54.087465,-87.138054,167.2176,0.730456,1.080729,-0.359589,-0.635816,-1.063041,-0.194731
552,93.879,B,2,52.364747,-86.735737,53.555246,-87.707431,0.356668,0.175385,167.3973,0.039258,167.4548,0.039508,53.862615,-87.161688,167.4458,0.626347,1.557254,-0.307369,-0.545743,-1.497867,0.425951
553,94.039,B,2,52.105402,-87.230905,53.301128,-87.539565,0.382282,0.130041,167.6125,0.038864,167.6776,0.038173,53.638839,-87.186125,167.6687,0.488844,1.534091,-0.337711,-0.353439,-1.533437,-0.044780
554,94.209,B,2,51.771512,-87.605031,53.044738,-87.487834,0.398861,0.116685,167.8342,0.038888,167.8971,0.037536,53.415388,-87.211313,167.8884,0.462434,1.690367,-0.370650,-0.276521,-1.643875,-0.393718
555,94.391,B,2,51.046355,-87.521772,52.772950,-87.512264,0.412884,0.123066,168.0589,0.038417,168.1117,0.038163,53.190083,-87.235928,168.1032,0.500362,2.162701,-0.417133,-0.276337,-2.143728,-0.285845
556,94.569,B,2,52.241577,-87.979913,52.417022,-87.517596,0.445766,0.128545,168.2717,0.036641,168.3181,0.035535,52.960078,-87.258217,168.3100,0.601820,1.018376,-0.543056,-0.259380,-0.718500,-0.721697
557,94.739,B,2,51.405210,-87.401143,52.340669,-87.605343,0.405879,0.137342,168.6225,0.085902,168.6933,0.143494,52.725109,-87.275815,168.6603,0.506342,1.325835,-0.384439,-0.329529,-1.319898,-0.125328
558,94.895,B,2,51.565270,-87.417381,52.129405,-87.573766,0.408259,0.124387,169.3928,0.102913,169.4309,0.055108,52.496058,-87.290689,169.4184,0.463214,0.939371,-0.366653,-0.283077,-0.930788,-0.126693
559,95.052,B,2,50.974509,-87.538687,51.985839,-87.549863,0.394297,0.111051,169.3519,-0.022031,169.3709,0.004672,52.257802,-87.306914,169.3698,0.364675,1.304055,-0.271963,-0.242949,-1.283293,-0.231773
560,95.217,B,2,50.390501,-88.033003,51.762304,-87.551588,0.399260,0.109032,169.9418,0.147819,170.0211,0.191425,52.029845,-87.320742,169.9773,0.353367,1.787391,-0.267542,-0.230846,-1.639345,-0.712261
561,95.379,B,2,50.659914,-87.577988,51.472810,-87.643388,0.414706,0.130995,170.5920,0.073436,170.6045,0.020229,51.804811,-87.335547,170.5997,0.452759,1.170285,-0.332001,-0.307841,-1.144897,-0.242441
562,95.554,B,2,49.100914,-88.011315,51.283331,-87.637621,0.409860,0.122583,171.1202,0.136556,171.1853,0.185357,51.582670,-87.350365,171.1429,0.414873,2.568262,-0.299338,-0.287256,-2.481756,-0.660950
563,95.722,B,2,50.287154,-88.386425,50.845066,-87.711991,0.459981,0.144678,171.9390,0.113894,171.9631,0.097140,51.368217,-87.361702,171.9408,0.629594,1.489549,-0.523151,-0.350289,-1.081063,-1.024723
564,95.887,B,2,48.814567,-88.639509,50.697905,-87.842855,0.434145,0.163836,172.7747,0.156226,172.8067,0.159715,51.158310,-87.370378,172.7698,0.659702,2.665299,-0.460405,-0.472477,-2.343743,-1.269130
565,96.073,B,2,48.589094,-87.181746,50.311671,-87.999148,0.466554,0.196202,173.6666,0.163874,173.6909,0.166897,50.951921,-87.376617,173.6525,0.893009,2.370850,-0.640250,-0.622531,-2.362828,0.194871
566,96.233,B,2,49.223091,-88.638408,49.950977,-87.864641,0.500974,0.154813,174.1842,0.063394,174.1857,0.062752,50.741626,-87.383222,174.1711,0.925684,1.970137,-0.790650,-0.481419,-1.518535,-1.255186
567,96.389,B,2,49.418803,-88.366266,49.769159,-88.016047,0.478747,0.177811,175.0305,0.180465,175.0783,0.239005,50.527565,-87.388056,175.0238,0.984658,1.478597,-0.758405,-0.627991,-1.108762,-0.978210
568,96.556,B,2,48.512073,-88.799925,49.658152,-88.093519,0.445551,0.177859,176.2852,0.181107,176.2821,0.125519,50.308736,-87.391466,176.2535,0.957151,2.282926,-0.650584,-0.702053,-1.796663,-1.408459
569,96.724,B,2,48.960472,-87.421959,49.405820,-88.237008,0.447772,0.197545,176.7798,0.094194,176.7724,0.134693,50.084498,-87.399088,176.7416,1.078292,1.124259,-0.678678,-0.837920,-1.124026,-0.022871
570,96.926,B,2,48.009650,-88.283381,49.280521,-88.105501,0.428059,0.145940,177.8028,0.178334,177.8093,0.137118,49.861148,-87.398469,177.7779,0.914889,2.052100,-0.580627,-0.707032,-1.851498,-0.884912
571,97.089,B,2,48.799824,-87.787258,49.007489,-88.150897,0.440673,0.145436,178.3445,0.099319,178.3516,0.140494,49.636888,-87.400326,178.3197,0.979541,0.922167,-0.629400,-0.750571,-0.837064,-0.386931
572,97.289,B,2,47.824649,-88.416203,48.926892,-88.097722,0.408743,0.116680,179.1189,0.110003,179.1110,0.086494,49.413029,-87.398683,179.0908,0.851460,1.886345,-0.486137,-0.699038,-1.588380,-1.017520
573,97.475,B,2,47.734279,-88.219387,48.686833,-88.166877,0.415785,0.123055,179.7761,0.113933,179.7769,0.113556,49.186963,-87.399025,179.7509,0.916366,1.668318,-0.500130,-0.767852,-1.452684,-0.820362
574,97.629,B,2,47.216020,-87.967197,48.471668,-88.189081,0.416714,0.116330,-179.5628,0.109316,-179.5858,0.109380,48.956448,-87.400849,-179.6108,0.925376,1.830256,-0.484780,-0.788231,-1.740427,-0.566348
575,97.794,B,2,47.048951,-88.367432,48.213225,-88.157996,0.440527,0.100612,-179.1038,0.106220,-178.9766,0.103755,48.719498,-87.403066,-179.0003,0.908972,1.928919,-0.506273,-0.754929,-1.670547,-0.964365
576,97.945,B,2,47.549786,-88.293310,47.952918,-88.208572,0.439878,0.100305,-178.4026,0.099824,-178.4025,0.097684,48.475497,-87.404086,-178.4247,0.959316,1.283612,-0.522579,-0.804486,-0.925711,-0.889224
577,98.114,B,2,47.152478,-88.402821,47.846016,-88.232851,0.423315,0.096819,-177.9657,0.094171,-177.8654,0.091016,48.225467,-87.403201,-177.8863,0.912306,1.466474,-0.379450,-0.829650,-1.072989,-0.999620
578,98.301,B,2,47.320404,-87.719178,47.673652,-88.276505,0.404485,0.093638,-177.3473,0.087838,-177.3592,0.086539,47.971617,-87.401257,-177.3790,0.924577,0.724674,-0.297965,-0.875249,-0.651213,-0.317921
579,98.487,B,2,46.501844,-87.447871,47.570830,-88.186054,0.381076,0.060816,-176.8655,0.084706,-176.8737,0.083514,47.716331,-87.400026,-176.8928,0.799382,1.215429,-0.145501,-0.786029,-1.214487,-0.047845
580,98.676,B,2,46.148690,-88.317879,47.338232,-88.060070,0.390502,0.023166,-176.3847,0.081949,-176.4022,0.081203,47.461117,-87.400808,-176.4208,0.670617,1.601088,-0.122884,-0.659262,-1.312427,-0.917071
581,98.843,B,2,45.728783,-88.098761,47.084164,-88.112088,0.404728,0.031553,-175.9244,0.079255,-175.9451,0.078266,47.205993,-87.403479,-175.9630,0.719006,1.632656,-0.121829,-0.708610,-1.477210,-0.695282
582,98.983,B,2,45.394876,-87.387740,46.808816,-88.114423,0.433250,0.027265,-175.5887,0.076938,-175.5078,0.074072,46.949466,-87.406702,-175.5249,0.721562,1.554705,-0.140649,-0.707721,-1.554590,0.018962
583,99.143,B,2,45.655606,-88.325352,46.503761,-87.989337,0.443298,-0.008955,-175.1002,0.070585,-175.0959,0.069011,46.689192,-87.409159,-175.1119,0.609090,1.381198,-0.185431,-0.580178,-1.033586,-0.916192
584,99.295,B,2,45.259107,-88.640377,46.305137,-88.053786,0.437768,0.004926,-174.6893,0.066853,-174.7082,0.065457,46.423149,-87.410801,-174.7233,0.653725,1.693178,-0.118012,-0.642985,-1.164042,-1.229576
585,99.471,B,2,45.477599,-88.002605,46.074546,-88.165191,0.442263,0.027674,-174.3237,0.064770,-174.3359,0.063167,46.150673,-87.413037,-174.3506,0.755997,0.894774,-0.076127,-0.752154,-0.673074,-0.589568
586,99.735,B,2,45.035464,-88.670086,45.923815,-88.142672,0.425039,0.016581,-173.9623,0.063394,-173.9687,0.064314,45.872761,-87.417710,-173.9834,0.726757,1.506489,0.051054,-0.724961,-0.837297,-1.252375
587,99.921,B,2,44.305567,-88.769241,45.721733,-88.244871,0.423860,0.035191,-173.5930,0.063229,-173.6022,0.060554,45.591550,-87.425675,-173.6169,0.829476,1.859817,0.130183,-0.819196,-1.285983,-1.343566
588,100.104,B,2,43.997451,-88.728736,45.423911,-88.348638,0.445662,0.049946,-173.2298,0.062130,-173.2407,0.062509,45.309290,-87.436128,-173.2549,0.919681,1.841673,0.114621,-0.912510,-1.311839,-1.292609
589,100.283,B,2,43.901568,-88.500532,45.122210,-88.428061,0.465487,0.056584,-172.8788,0.059733,-172.8918,0.057051,45.027399,-87.447268,-172.9054,0.985365,1.541707,0.094811,-0.980793,-1.125831,-1.053264
590,100.445,B,2,43.159495,-88.308220,44.856155,-88.452532,0.473511,0.049684,-172.5492,0.057318,-172.5606,0.056130,44.746011,-87.457741,-172.5735,1.000870,1.800097,0.110144,-0.994791,-1.586516,-0.850479
591,100.610,B,2,43.081694,-88.761058,44.502586,-88.437260,0.500349,0.031833,-172.2357,0.054922,-172.2455,0.053877,44.464055,-87.467729,-172.2579,0.970296,1.893046,0.038530,-0.969531,-1.382361,-1.293329
592,100.775,B,2,43.079208,-88.461181,44.196578,-88.506118,0.514725,0.036502,-171.9245,0.053730,-171.9390,0.051196,44.179804,-87.478873,-171.9512,1.027383,1.475209,0.016774,-1.027246,-1.100596,-0.982308
593,100.937,B,2,42.565143,-89.008526,43.944526,-88.508630,0.513045,0.025893,-171.6223,0.053650,-171.6328,0.053336,43.891685,-87.493024,-171.6451,1.016980,2.014066,0.052841,-1.015606,-1.326543,-1.515503
594,101.119,B,2,42.659335,-87.425179,43.644933,-88.609676,0.525404,0.038088,-171.3121,0.053395,-171.3245,0.052989,43.599012,-87.510835,-171.3368,1.099800,0.943573,0.045921,-1.098841,-0.939677,0.085656
595,101.313,B,2,42.421563,-88.333020,43.415846,-88.405296,0.511084,-0.021453,-171.0291,0.052659,-171.0191,0.052258,43.302316,-87.531286,-171.0311,0.881353,1.191009,0.113530,-0.874010,-0.880752,-0.801734
596,101.486,B,2,41.784471,-88.392041,43.185867,-88.397987,0.504215,-0.027886,-170.7369,0.051198,-170.7241,0.049315,43.003180,-87.552479,-170.7356,0.865019,1.479904,0.182688,-0.845508,-1.218708,-0.839562
597,101.651,B,2,41.406381,-88.268475,42.882296,-88.402346,0.515781,-0.033419,-170.4583,0.048329,-170.4437,0.047652,42.703625,-87.573058,-170.4546,0.848317,1.471886,0.178670,-0.829288,-1.297245,-0.695416
598,101.811,B,2,40.531884,-88.224999,42.563916,-88.383292,0.528628,-0.044678,-170.1924,0.046545,-170.1761,0.045287,42.405306,-87.593124,-170.1866,0.805930,1.977113,0.158610,-0.790168,-1.873422,-0.631875
599,101.955,B,2,40.863782,-88.076274,42.142816,-88.359226,0.563806,-0.059669,-169.9327,0.046029,-169.9159,0.045057,42.108853,-87.613961,-169.9262,0.746038,1.328132,0.033963,-0.745264,-1.245070,-0.462312
600,102.119,B,2,40.274877,-89.138423,41.855386,-88.311738,0.562513,-0.074198,-169.6790,0.044977,-169.6581,0.044396,41.813612,-87.636915,-169.6684,0.676115,2.149937,0.041774,-0.674823,-1.538735,-1.501508
601,102.285,B,2,40.676129,-88.162260,41.512962,-88.465414,0.581449,-0.042224,-169.4052,0.044775,-169.4017,0.044896,41.517899,-87.662321,-169.4118,0.803108,0.979039,-0.004937,-0.803093,-0.841771,-0.499939
602,102.457,B,2,39.969950,-89.464760,41.304740,-88.416644,0.559237,-0.056816,-169.1581,0.043568,-169.1509,0.042753,41.219740,-87.689295,-169.1607,0.732298,2.171233,0.084999,-0.727348,-1.249790,-1.775465
603,102.636,B,2,39.414670,-87.631056,41.007863,-88.612705,0.569809,-0.016082,-168.8994,0.041458,-168.9119,0.038493,40.917831,-87.716501,-168.9212,0.900715,1.505587,0.090032,-0.896204,-1.503160,0.085445
604,102.819,B,2,39.118403,-89.328791,40.663413,-88.443045,0.575849,-0.067896,-168.6948,0.038441,-168.6875,0.037197,40.612202,-87.743215,-168.6963,0.701701,2.178414,0.051211,-0.699830,-1.493799,-1.585576
605,102.975,B,2,38.459828,-88.857871,40.326462,-88.609219,0.592910,-0.035194,-168.4686,0.036686,-168.4751,0.034900,40.304212,-87.769823,-168.4835,0.839691,2.141401,0.022250,-0.839396,-1.844384,-1.088048
606,103.144,B,2,38.800422,-88.440494,39.929865,-88.662899,0.617270,-0.035515,-168.2632,0.035434,-168.2688,0.036214,39.995845,-87.797383,-168.2770,0.868027,1.357435,-0.065981,-0.865516,-1.195423,-0.643111
607,103.286,B,2,38.075531,-89.310866,39.665275,-88.631272,0.604241,-0.050402,-168.0678,0.034925,-168.0644,0.033006,39.688679,-87.826653,-168.0725,0.804960,2.192062,-0.023404,-0.804620,-1.613149,-1.484213
608,103.455,B,2,38.494417,-88.551686,39.330359,-88.760657,0.631803,-0.030056,-167.7087,0.099884,-167.4605,0.180926,39.387257,-87.852447,-167.5025,0.909990,1.134063,-0.056899,-0.908210,-0.892841,-0.699239
609,103.613,B,2,37.995265,-89.050395,39.109712,-88.734594,0.593125,-0.042567,-166.9427,0.060482,-166.9432,0.008874,39.096777,-87.877677,-166.9456,0.857015,1.608912,0.012935,-0.856917,-1.101512,-1.172718
610,103.783,B,2,37.375105,-88.157481,38.862182,-88.799084,0.597867,-0.035225,-167.0503,-0.016144,-166.9895,0.061933,38.804920,-87.904483,-167.0040,0.896432,1.452026,0.057262,-0.894601,-1.429815,-0.252999
611,103.960,B,2,37.321427,-89.106977,38.538099,-88.692191,0.598632,-0.072873,-166.4058,0.148953,-166.1565,0.134731,38.522071,-87.920449,-166.1880,0.771908,1.688014,0.016028,-0.771742,-1.200643,-1.186528
612,104.125,B,2,36.704630,-88.297684,38.262568,-88.774267,0.596950,-0.058973,-165.8636,0.057064,-165.8015,0.053398,38.233438,-87.940649,-165.8137,0.834127,1.569945,0.029130,-0.833618,-1.528808,-0.357035
613,104.306,B,2,37.080790,-87.995060,37.910980,-88.697762,0.589773,-0.086710,-165.6191,0.030532,-165.5873,0.060874,37.941583,-87.964499,-165.6012,0.733901,0.861335,-0.030603,-0.733263,-0.860793,-0.030561
614,104.464,B,2,35.799902,-89.761895,37.716723,-88.575210,0.573007,-0.118273,-165.0659,0.144163,-164.7423,0.188218,37.642624,-87.986955,-164.7851,0.592904,2.558522,0.074099,-0.588255,-1.842722,-1.774940
615,104.623,B,2,35.799821,-89.209217,37.315913,-88.794094,0.611591,-0.074817,-164.2662,0.092257,-164.2407,0.010934,37.341131,-88.014781,-164.2433,0.779721,1.949952,-0.025218,-0.779313,-1.541309,-1.194437
616,104.786,B,2,35.977405,-88.728044,36.972893,-88.880500,0.608740,-0.064014,-163.6843,0.135346,-163.6423,0.164932,37.040988,-88.041402,-163.6797,0.841856,1.265972,-0.068095,-0.839098,-1.063583,-0.686642
617,104.947,B,2,35.153489,-87.606384,36.745751,-88.861714,0.602296,-0.076013,-163.2589,0.066595,-163.2035,0.066613,36.745028,-88.067501,-163.2189,0.794214,1.656993,0.000723,-0.794214,-1.591539,0.461116
618,105.110,B,2,34.438166,-89.168405,36.401786,-88.643980,0.598003,-0.139365,-162.7623,0.101694,-162.6560,0.060537,36.452371,-88.090765,-162.6701,0.555522,2.284366,-0.050586,-0.553214,-2.014205,-1.077640
619,105.283,B,2,34.687325,-89.646530,35.983598,-88.742832,0.612972,-0.123154,-162.2243,0.079078,-162.1949,0.078709,36.160504,-88.115486,-162.2130,0.651812,2.124701,-0.176906,-0.627346,-1.473179,-1.531044
620,105.473,B,2,34.422430,-89.181319,35.685998,-88.916043,0.618817,-0.088331,-161.7568,0.077307,-161.7423,0.076991,35.864880,-88.143147,-161.7600,0.793327,1.777207,-0.178883,-0.772896,-1.442450,-1.038173
621,105.639,B,2,34.377802,-89.441715,35.407924,-88.973272,0.627805,-0.085393,-161.4003,0.076260,-161.3042,0.075805,35.561334,-88.175696,-161.3215,0.812195,1.733075,-0.153410,-0.797575,-1.183531,-1.266018
622,105.796,B,2,34.046485,-88.695382,35.151053,-89.072653,0.604328,-0.068571,-160.8778,0.073547,-160.8786,0.073382,35.248044,-88.213307,-160.8954,0.864802,1.294659,-0.096991,-0.859346,-1.201559,-0.482075
623,105.949,B,2,33.896783,-89.837654,34.904138,-89.014672,0.599285,-0.093174,-160.5558,0.071634,-160.5095,0.019340,34.926759,-88.255067,-160.5139,0.759941,1.888235,-0.022622,-0.759604,-1.029976,-1.582587
624,106.115,B,2,33.327768,-88.825120,34.654759,-89.177419,0.582665,-0.061237,-160.7121,-0.033687,-160.7292,0.002036,34.612039,-88.299948,-160.7297,0.878510,1.387501,0.042720,-0.877471,-1.284271,-0.525172
625,106.284,B,2,32.858783,-89.410711,34.357995,-89.126386,0.576664,-0.087086,-160.3606,0.094578,-160.3341,0.135447,34.304368,-88.338246,-160.3651,0.789962,1.799971,0.053627,-0.788140,-1.445585,-1.072464
626,106.458,B,2,33.044895,-89.499517,34.029804,-89.189329,0.586570,-0.086923,-160.1288,-0.007425,-160.1749,-0.073232,34.009278,-88.374553,-160.1582,0.815034,1.481749,0.020526,-0.814776,-0.964383,-1.124964
627,106.636,B,2,32.489868,-89.790188,33.794423,-89.257098,0.574763,-0.079149,-160.4509,-0.023005,-160.4671,0.023692,33.727657,-88.413588,-160.4727,0.846148,1.851256,0.066766,-0.843510,-1.237789,-1.376600
628,106.809,B,2,32.543976,-90.161996,33.502088,-89.365792,0.580231,-0.067588,-160.3809,-0.023370,-160.4347,-0.081707,33.448239,-88.451928,-160.4160,0.915450,1.934432,0.053849,-0.913864,-0.904263,-1.710068
629,106.977,B,2,32.011057,-90.413238,33.272831,-89.523383,0.574672,-0.041802,-160.7015,-0.024999,-160.7269,0.001174,33.174210,-88.493837,-160.7271,1.034258,2.244331,0.098621,-1.029545,-1.163153,-1.919401
630,107.136,B,2,31.420134,-89.957356,32.989440,-89.699946,0.583421,-0.019010,-161.0417,-0.065999,-161.0766,-0.030188,32.899731,-88.537673,-161.0699,1.165729,2.050538,0.089708,-1.162272,-1.479597,-1.419683
631,107.301,B,2,30.976008,-89.882529,32.649792,-89.763171,0.595093,-0.028598,-161.4509,-0.075777,-161.4838,-0.079905,32.624905,-88.583418,-161.4657,1.180016,2.099179,0.024886,-1.179753,-1.648897,-1.299111
632,107.458,B,2,31.447663,-89.220974,32.289516,-89.800246,0.608000,-0.044344,-161.9581,-0.089644,-161.9761,-0.094133,32.352894,-88.630798,-161.9549,1.171164,1.080625,-0.063378,-1.169448,-0.905231,-0.590176
633,107.613,B,2,30.562434,-89.398792,32.079231,-89.708376,0.575962,-0.075457,-162.5466,-0.102471,-162.5445,-0.105677,32.087737,-88.678935,-162.5203,1.029476,1.686637,-0.008507,-1.029441,-1.525303,-0.719857
634,107.778,B,2,29.829824,-90.237505,31.747668,-89.661197,0.578468,-0.101770,-163.2042,-0.114277,-163.1865,-0.118387,31.832828,-88.726959,-163.1594,0.938111,2.508739,-0.085160,-0.934238,-2.003004,-1.510545
635,107.968,B,2,30.253685,-90.820265,31.342072,-89.772358,0.609370,-0.094455,-163.9108,-0.126400,-163.9000,-0.130670,31.589086,-88.774294,-163.8702,1.028176,2.443214,-0.247014,-0.998063,-1.335401,-2.045971
636,108.159,B,2,31.120889,-89.635937,31.084777,-89.970352,0.609547,-0.056897,-164.6736,-0.137472,-164.6824,-0.141451,31.355118,-88.820850,-164.6499,1.180864,0.848074,-0.270341,-1.149503,-0.234229,-0.815087
637,108.327,B,2,29.829866,-89.513781,31.033436,-89.919261,0.545121,-0.064711,-165.5245,-0.148689,-165.5304,-0.151553,31.127949,-88.867128,-165.4952,1.056369,1.450235,-0.094514,-1.052133,-1.298084,-0.646653
638,108.511,B,2,29.810956,-89.314280,30.761926,-89.851774,0.537268,-0.090554,-166.4406,-0.159255,-166.4394,-0.164004,30.903886,-88.914206,-166.4019,0.948254,1.163854,-0.141960,-0.937568,-1.092930,-0.400074
639,108.665,B,2,29.310351,-90.046758,30.536562,-89.756820,0.518381,-0.115833,-167.4170,-0.169883,-167.4047,-0.172491,30.680077,-88.963171,-167.3650,0.806521,1.746515,-0.143516,-0.793649,-1.369727,-1.083588
640,108.823,B,2,28.759303,-89.193179,30.262046,-89.808955,0.522948,-0.107264,-168.2094,-0.107116,-168.1557,-0.048734,30.453012,-89.013948,-168.1442,0.817622,1.703166,-0.190966,-0.795008,-1.693709,-0.179231
641,108.979,B,2,28.858033,-90.362407,29.937170,-89.696290,0.528274,-0.139762,-168.8279,-0.144054,-168.8135,-0.195465,30.222140,-89.064982,-168.7685,0.692645,1.882577,-0.284969,-0.631307,-1.364106,-1.297425
642,109.142,B,2,28.920344,-89.662686,29.687964,-89.813454,0.529891,-0.110308,-170.1966,-0.232544,-170.1828,-0.189392,29.986407,-89.120699,-170.1392,0.754306,1.195926,-0.298443,-0.692755,-1.066063,-0.541986
643,109.313,B,2,28.713617,-90.013614,29.506862,-89.784306,0.519983,-0.116336,-170.7657,-0.101615,-170.7652,-0.077141,29.753117,-89.169208,-170.7476,0.662561,1.339247,-0.246255,-0.615098,-1.039500,-0.844406
644,109.486,B,2,27.790426,-90.529803,29.314215,-89.822716,0.506206,-0.103038,-171.4597,-0.164222,-171.7282,-0.232844,29.524345,-89.220848,-171.6752,0.637494,2.172518,-0.210130,-0.601867,-1.733919,-1.308954
645,109.667,B,2,28.245443,-90.597816,28.977596,-89.947534,0.518974,-0.075357,-172.5276,-0.091454,-172.4784,-0.059770,29.299631,-89.270703,-172.4650,0.749538,1.694858,-0.322036,-0.676830,-1.054189,-1.327113
646,109.818,B,2,28.203862,-91.031277,28.806122,-90.064567,0.516137,-0.047865,-173.1030,-0.151900,-173.2903,-0.158463,29.076306,-89.321696,-173.2542,0.790479,1.919329,-0.270185,-0.742871,-0.872445,-1.709581
647,109.967,B,2,27.410246,-90.739351,28.649160,-90.240692,0.500115,-0.006246,-173.8133,-0.109971,-173.9580,-0.136305,28.849507,-89.371674,-173.9269,0.891814,1.985450,-0.200346,-0.869019,-1.439260,-1.367677
648,110.114,B,2,26.265143,-89.812100,28.368637,-90.335980,0.499008,0.006420,-174.6621,-0.119075,-174.6458,-0.116861,28.614235,-89.422577,-174.6192,0.945846,2.381168,-0.245598,-0.913403,-2.349092,-0.389523
649,110.278,B,2,26.518356,-89.627719,27.938455,-90.244818,0.536541,-0.030944,-175.3223,-0.111011,-175.2931,-0.107915,28.367928,-89.473644,-175.2678,0.882699,1.855979,-0.429474,-0.771174,-1.849573,-0.154075
650,110.443,B,2,26.497775,-90.633485,27.626469,-90.132973,0.541399,-0.063234,-175.9692,-0.105375,-175.9061,-0.105335,28.111220,-89.525054,-175.8822,0.777527,1.957504,-0.484751,-0.607918,-1.613445,-1.108431
651,110.624,B,2,26.411094,-90.791204,27.370647,-90.221311,0.540736,-0.042299,-176.5185,-0.100486,-176.4845,-0.097801,27.847634,-89.576775,-176.4620,0.801837,1.881086,-0.476986,-0.644536,-1.436540,-1.214430
652,110.810,B,2,26.533551,-91.636545,27.143808,-90.323637,0.532732,-0.019027,-177.0565,-0.094118,-177.0303,-0.093084,27.581856,-89.628571,-177.0090,0.821586,2.265150,-0.438048,-0.695066,-1.048305,-2.007974
653,110.980,B,2,26.278404,-90.811938,26.981126,-90.563077,0.513942,0.035986,-177.5563,-0.089825,-177.5470,-0.088839,27.317350,-89.680063,-177.5269,0.944860,1.536408,-0.336223,-0.883014,-1.038945,-1.131875
654,111.141,B,2,25.358648,-90.705398,26.803786,-90.613602,0.495741,0.040156,-178.0510,-0.085659,-178.0381,-0.083373,27.055152,-89.730932,-178.0189,0.917764,1.956454,-0.251366,-0.882670,-1.696504,-0.974466
655,111.305,B,2,24.880719,-89.780002,26.493120,-90.635254,0.510471,0.034673,-178.5189,-0.080353,-178.5049,-0.078895,26.793751,-89.781119,-178.4867,0.905497,1.913032,-0.300631,-0.854135,-1.913032,0.001117
656,111.467,B,2,25.165637,-89.855792,26.150781,-90.483511,0.527795,-0.010880,-178.9745,-0.075938,-178.9460,-0.074290,26.529350,-89.830921,-178.9289,0.754446,1.363940,-0.378570,-0.652590,-1.363713,-0.024871
657,111.631,B,2,25.460733,-90.199365,25.920837,-90.368643,0.517601,-0.039760,-179.3992,-0.071557,-179.3582,-0.068548,26.257462,-89.880786,-179.3423,0.592723,0.858061,-0.336625,-0.487857,-0.796728,-0.318579
658,111.798,B,2,24.839338,-89.879419,25.787288,-90.334266,0.487254,-0.044406,-179.7854,-0.066260,-179.7398,-0.065340,25.975294,-89.930930,-179.7251,0.445001,1.137123,-0.188005,-0.403336,-1.135956,0.051511
659,111.984,B,2,24.148824,-91.360463,25.567928,-90.246985,0.480317,-0.061795,179.8536,-0.061318,179.9071,-0.059058,25.683102,-89.981110,179.9208,0.289749,2.063158,-0.115174,-0.265875,-1.534277,-1.379353
660,112.198,B,2,23.822064,-90.440779,25.263054,-90.443410,0.497379,-0.010375,179.5380,-0.057558,179.5767,-0.056791,25.384185,-90.030717,179.5896,0.430103,1.615046,-0.121131,-0.412693,-1.562121,-0.410062
661,112.370,B,2,23.798975,-91.320639,24.952800,-90.441165,0.511786,-0.011562,179.2245,-0.054126,179.2634,-0.053373,25.083461,-90.079188,179.2756,0.384838,1.786366,-0.130661,-0.361978,-1.284486,-1.241451
662,112.521,B,2,23.132086,-90.034191,24.693298,-90.599345,0.513410,0.026248,178.9423,-0.050895,178.9645,-0.051361,24.785115,-90.126446,178.9762,0.481731,1.655601,-0.091817,-0.472900,-1.653029,0.092255
663,112.672,B,2,23.689528,-90.072660,24.359613,-90.497590,0.531083,-0.001909,178.6492,-0.049578,178.6806,-0.047784,24.491080,-90.172920,178.6916,0.350277,0.807799,-0.131467,-0.324670,-0.801553,0.100260
664,112.830,B,2,23.799395,-90.953366,24.186558,-90.418552,0.508805,-0.020410,178.3755,-0.046493,178.4133,-0.044351,24.200617,-90.219156,178.4237,0.199890,0.836685,-0.014059,-0.199395,-0.401221,-0.734210
665,113.017,B,2,23.015258,-91.309600,24.067085,-90.512541,0.476763,0.004578,178.1359,-0.042696,178.1638,-0.042553,23.910531,-90.265300,178.1735,0.292638,1.375528,0.156554,-0.247241,-0.895273,-1.044300
666,113.190,B,2,21.911042,-90.949602,23.829485,-90.656543,0.476373,0.038648,177.9150,-0.040188,177.9308,-0.038899,23.616646,-90.310854,177.9398,0.405957,1.821286,0.212838,-0.345689,-1.705604,-0.638747
667,113.374,B,2,22.120996,-90.418643,23.434011,-90.711670,0.513441,0.048203,177.7038,-0.037053,177.7112,-0.037585,23.316105,-90.354990,177.7198,0.375662,1.196803,0.117906,-0.356679,-1.195109,-0.063652
668,113.564,B,2,21.981251,-90.184942,23.145321,-90.660663,0.521029,0.031631,177.4940,-0.035053,177.5022,-0.032946,23.008854,-90.397115,177.5104,0.296784,1.049279,0.136466,-0.263548,-1.027603,0.212173
669,113.742,B,2,21.115722,-90.694177,22.883120,-90.574583,0.521655,0.008934,177.2947,-0.033441,177.3028,-0.034226,22.697672,-90.437291,177.3106,0.230738,1.602672,0.185448,-0.137291,-1.581950,-0.256886
670,113.920,B,2,21.016206,-90.756011,22.510945,-90.594601,0.547817,0.014984,177.1105,-0.031775,177.1135,-0.031603,22.386805,-90.476208,177.1208,0.171545,1.398868,0.124140,-0.118393,-1.370599,-0.279803
671,114.083,B,2,21.124572,-90.870603,22.185862,-90.622577,0.559601,0.022288,176.9351,-0.030298,176.9347,-0.029911,22.079955,-90.514657,176.9417,0.151205,1.019536,0.105907,-0.107920,-0.955383,-0.355947
672,114.238,B,2,20.932410,-91.079519,21.938637,-90.666892,0.551363,0.032318,176.8311,-0.003991,176.8546,0.048279,21.779661,-90.552178,176.8435,0.196043,0.997959,0.158976,-0.114714,-0.847251,-0.527342
673,114.385,B,2,19.825861,-92.236199,21.702084,-90.742431,0.541235,0.048588,177.2925,0.060970,177.3053,0.019695,21.497627,-90.585849,177.3006,0.257528,2.349139,0.204457,-0.156581,-1.671766,-1.650350
674,114.557,B,2,19.685501,-91.710780,21.307939,-91.016772,0.567817,0.111561,177.0054,-0.082998,176.9695,-0.087241,21.216207,-90.621748,176.9895,0.405535,1.878577,0.091732,-0.395024,-1.530706,-1.089032
675,114.752,B,2,18.717718,-91.047523,20.957195,-91.151028,0.582153,0.133656,177.0680,0.055941,177.1009,0.120467,20.943658,-90.653621,177.0726,0.497591,2.260524,0.013537,-0.497407,-2.225940,-0.393902
676,114.930,B,2,19.317392,-91.006121,20.492502,-91.142316,0.623160,0.120466,177.5050,0.039629,177.5010,-0.007979,20.672930,-90.681189,177.5030,0.495169,1.393938,-0.180428,-0.461127,-1.355538,-0.324932
677,115.090,B,2,19.066840,-91.739579,20.218030,-91.126418,0.614303,0.105220,177.6166,0.058612,177.6596,0.119274,20.394218,-90.709456,177.6323,0.452658,1.680204,-0.176188,-0.416962,-1.327378,-1.030123
678,115.248,B,2,19.379748,-91.971728,19.961312,-91.244062,0.616186,0.126275,178.1286,0.092848,178.2022,0.056360,20.118089,-90.733588,178.1893,0.534006,1.441575,-0.156777,-0.510474,-0.738342,-1.238140
679,115.397,B,2,18.853178,-91.531017,19.798908,-91.386116,0.580779,0.147368,178.5857,0.095619,178.7358,0.116927,19.843525,-90.757696,178.7088,0.630002,1.256507,-0.044617,-0.628420,-0.990346,-0.773321
680,115.567,B,2,18.789498,-92.037425,19.562052,-91.428073,0.553037,0.138051,179.3772,0.114208,179.3681,0.140357,19.577610,-90.780539,179.3358,0.647722,1.483538,-0.015558,-0.647535,-0.788111,-1.256887
681,115.728,B,2,17.673823,-91.211100,19.369082,-91.552695,0.532820,0.152697,-179.9039,0.128856,-179.9031,0.134250,19.323597,-90.801435,-179.9337,0.752637,1.699876,0.045486,-0.751261,-1.649773,-0.409666
682,115.884,B,2,18.704145,-91.629525,19.007308,-91.505397,0.555620,0.125478,-179.1063,0.143867,-179.0968,0.148497,19.080960,-90.820077,-179.1305,0.689267,0.892858,-0.073652,-0.685320,-0.376815,-0.809447
683,116.055,B,2,18.348292,-91.849962,18.909215,-91.538667,0.525758,0.121539,-178.3978,0.155314,-178.2136,0.163199,18.846329,-90.836449,-178.2504,0.705029,1.129270,0.062886,-0.702218,-0.498038,-1.013513
684,116.235,B,2,17.127146,-91.389606,18.749497,-91.611194,0.489429,0.121447,-177.2410,0.171190,-177.2517,0.175952,18.614354,-90.851128,-177.2917,0.771988,1.581691,0.135143,-0.760067,-1.487208,-0.538478
685,116.425,B,2,16.850126,-92.359463,18.407056,-91.585365,0.512529,0.100666,-176.4983,0.093177,-176.5537,0.029661,18.377600,-90.867872,-176.5601,0.718098,2.134952,0.029456,-0.717493,-1.527474,-1.491591
686,116.593,B,2,16.590536,-91.474197,18.074704,-91.739637,0.530655,0.124127,-176.3223,0.086983,-176.3258,0.177793,18.141303,-90.887676,-176.3664,0.854560,1.657977,-0.066599,-0.851961,-1.550768,-0.586521
687,116.747,B,2,16.090811,-91.807382,17.753993,-91.707286,0.543560,0.099829,-175.0050,0.234915,-174.9862,0.200546,17.892291,-90.902173,-175.0324,0.816905,2.016119,-0.138298,-0.805114,-1.801481,-0.905209
688,116.902,B,2,17.067107,-91.736925,17.399773,-91.740360,0.563205,0.092767,-174.4459,0.053077,-174.4830,-0.014839,17.647221,-90.922303,-174.4799,0.854662,1.000070,-0.247447,-0.818057,-0.580114,-0.814621
689,117.072,B,2,15.966245,-91.791107,17.286076,-91.753986,0.523433,0.083182,-174.1895,0.082007,-174.1740,0.130501,17.408069,-90.943411,-174.2041,0.819704,1.672557,-0.121994,-0.810575,-1.441825,-0.847696
690,117.279,B,2,15.774552,-91.755329,16.996480,-91.774463,0.530112,0.074081,-173.3803,0.115708,-173.3880,0.057094,17.171723,-90.961190,-173.4011,0.831940,1.607092,-0.175243,-0.813273,-1.397171,-0.794140
691,117.474,B,2,15.284128,-91.566482,16.723994,-91.784215,0.531778,0.063071,-173.3860,0.003398,-173.3881,0.035892,16.949931,-90.984061,-173.3963,0.831441,1.764685,-0.225937,-0.800154,-1.665803,-0.582421
692,117.663,B,2,15.632640,-90.532144,16.411568,-91.756921,0.542040,0.043398,-172.9780,0.065392,-172.9743,0.015945,16.731405,-91.004232,-172.9782,0.817824,1.195889,-0.319836,-0.752689,-1.098765,0.472088
693,117.844,B,2,15.595995,-92.380566,16.218214,-91.544310,0.519392,-0.016059,-173.0722,0.002656,-173.0373,0.045835,16.519195,-91.028804,-173.0477,0.596939,1.636936,-0.300980,-0.515506,-0.923200,-1.351763
694,118.010,B,2,14.829324,-90.876955,16.055291,-91.701348,0.499333,0.019160,-173.0606,-0.029195,-173.0535,-0.019845,16.304190,-91.054249,-173.0490,0.693316,1.485483,-0.248899,-0.647098,-1.474865,0.177294
695,118.203,B,2,14.593219,-92.943835,15.784379,-91.558868,0.500813,-0.022964,-173.1701,-0.023990,-173.1468,-0.027771,16.084700,-91.081637,-173.1404,0.563863,2.385853,-0.300321,-0.477231,-1.491481,-1.862198
696,118.382,B,2,14.857366,-92.284971,15.519465,-91.814852,0.509694,0.033790,-173.3654,-0.040530,-173.3714,-0.046449,15.861321,-91.110808,-173.3606,0.782651,1.544856,-0.341856,-0.704044,-1.003954,-1.174162
697,118.537,B,2,14.611000,-91.755389,15.350578,-91.909347,0.491224,0.047876,-173.6675,-0.056470,-173.6912,-0.061861,15.637004,-91.140894,-173.6766,0.820097,1.195946,-0.286426,-0.768453,-1.026004,-0.614495
698,118.703,B,2,14.127693,-91.855878,15.169310,-91.890952,0.475129,0.033385,-174.0719,-0.072260,-174.1018,-0.077651,15.416817,-91.171460,-174.0837,0.760873,1.459544,-0.247507,-0.719491,-1.289124,-0.684418
699,118.890,B,2,13.769145,-90.847641,14.934415,-91.892275,0.474089,0.024016,-174.5673,-0.088469,-174.5978,-0.093261,15.205089,-91.202506,-174.5764,0.740976,1.479143,-0.270674,-0.689769,-1.435944,0.354864
700,119.064,B,2,13.721129,-92.066455,14.676983,-91.708211,0.473980,-0.028360,-175.1573,-0.102123,-175.1739,-0.106816,15.003433,-91.234238,-175.1493,0.575517,1.528688,-0.326450,-0.473973,-1.282304,-0.832217
701,119.230,B,2,13.099145,-92.303246,14.457165,-91.774326,0.471103,-0.014387,-175.8086,-0.116332,-175.8261,-0.121029,14.810678,-91.266740,-175.7986,0.618559,2.000923,-0.353513,-0.507587,-1.711533,-1.036506
702,119.388,B,2,13.424213,-91.570796,14.162406,-91.872380,0.486481,0.004057,-176.5657,-0.129681,-176.5518,-0.132591,14.623377,-91.299889,-176.5214,0.735010,1.229384,-0.460970,-0.572491,-1.199164,-0.270907
703,119.545,B,2,13.701399,-91.296858,13.933094,-91.727119,0.481794,-0.038370,-177.3493,-0.142353,-177.3482,-0.143969,14.436987,-91.333566,-177.3150,0.639368,0.736503,-0.503892,-0.393553,-0.735588,0.036708
704,119.700,B,2,12.827811,-92.330949,13.698606,-91.832867,0.488151,-0.009759,-178.2042,-0.152671,-178.2120,-0.153975,14.248160,-91.367809,-178.1762,0.719922,1.716109,-0.549554,-0.465057,-1.420349,-0.963139
705,119.880,B,2,13.440985,-92.467182,13.614280,-91.945721,0.453349,0.020708,-179.1178,-0.163455,-179.1394,-0.165889,14.056390,-91.402701,-179.1011,0.700237,1.229570,-0.442110,-0.543020,-0.615405,-1.064481
706,120.066,B,2,12.384584,-92.349069,13.570742,-91.948077,0.409791,0.018729,179.9030,-0.172712,179.8726,-0.176383,13.864142,-91.438228,179.9132,0.588242,1.737447,-0.293399,-0.509849,-1.479557,-0.910841
707,120.273,B,2,12.700056,-91.437681,13.315135,-92.022214,0.422537,0.031278,178.8640,-0.182909,178.8257,-0.186982,13.675706,-91.474297,178.8687,0.655916,0.976338,-0.360571,-0.547918,-0.975651,0.036616
708,120.460,B,2,12.513793,-92.381943,13.162631,-91.917382,0.407311,0.001867,177.7524,-0.193326,177.7217,-0.197044,13.494901,-91.510819,177.7669,0.525069,1.312032,-0.332270,-0.406563,-0.981107,-0.871124
709,120.616,B,2,12.306378,-91.502777,13.013293,-92.000127,0.404923,0.021247,176.8319,-0.202022,176.5627,-0.206225,13.323374,-91.547786,176.6101,0.548418,1.017992,-0.310081,-0.452341,-1.016996,0.045009
710,120.782,B,2,11.747699,-92.195875,12.847765,-91.909293,0.396386,-0.003247,175.6140,-0.212331,175.3514,-0.217543,13.160365,-91.585251,175.4008,0.450246,1.538988,-0.312599,-0.324042,-1.412665,-0.610624
711,120.965,B,2,11.582127,-92.380766,12.602167,-91.956781,0.398546,0.009505,174.0409,-0.223080,174.0910,-0.224593,13.002829,-91.623309,174.1423,0.521281,1.610011,-0.400662,-0.333472,-1.420702,-0.757457
712,121.136,B,2,11.886116,-92.966365,12.377925,-92.030245,0.404237,0.027607,172.7296,-0.230115,172.7854,-0.231250,12.846311,-91.662041,172.8385,0.595785,1.619640,-0.468386,-0.368205,-0.960195,-1.304324
713,121.295,B,2,11.526699,-91.725752,12.258615,-92.197829,0.393279,0.067506,171.7180,-0.234857,171.4391,-0.239252,12.687069,-91.701359,171.4937,0.655786,1.160627,-0.428455,-0.496469,-1.160370,-0.024393
714,121.444,B,2,10.727083,-92.387362,12.081893,-92.112018,0.380778,0.040858,170.0525,-0.242094,170.1668,-0.243004,12.523799,-91.740985,170.1107,0.577015,1.909447,-0.441906,-0.371033,-1.796715,-0.646377
715,121.638,B,2,10.911216,-92.509312,11.798772,-92.158557,0.401320,0.052705,168.6335,-0.248417,168.6322,-0.253243,12.357985,-91.780631,168.6898,0.674942,1.619913,-0.559213,-0.377926,-1.446770,-0.728681
716,121.838,B,2,11.254528,-92.006351,11.598440,-92.218823,0.399347,0.066036,167.1701,-0.256241,167.1703,-0.257826,12.193135,-91.820263,167.2296,0.715900,0.956876,-0.594695,-0.398561,-0.938607,-0.186088
717,122.004,B,2,11.352460,-92.757367,11.504915,-92.178068,0.384345,0.053332,165.9653,-0.261753,165.6680,-0.265440,12.032901,-91.860290,165.7289,0.616240,1.125943,-0.527986,-0.317779,-0.680441,-0.897077
718,122.160,B,2,10.455326,-92.811172,11.440643,-92.275802,0.350625,0.072978,164.4324,-0.268473,164.2513,-0.271715,11.879294,-91.901474,164.1890,0.576659,1.689744,-0.438651,-0.374328,-1.423968,-0.909698
719,122.324,B,2,10.682279,-92.900759,11.227535,-92.370495,0.356005,0.096118,162.8688,-0.274172,162.5497,-0.276824,11.732005,-91.944556,162.6134,0.660238,1.419947,-0.504470,-0.425939,-1.049726,-0.956203
720,122.493,B,2,10.040864,-92.195984,11.086745,-92.465177,0.334162,0.111890,160.9574,-0.278932,160.9426,-0.281808,11.588429,-91.989766,161.0074,0.691160,1.561244,-0.501684,-0.475410,-1.547565,-0.206218
721,122.644,B,2,9.908328,-93.364852,10.861912,-92.414625,0.348632,0.098905,159.3247,-0.283421,159.3108,-0.283929,11.444533,-92.036456,159.3764,0.694593,2.030902,-0.582622,-0.378169,-1.536206,-1.328396
722,122.809,B,2,10.280366,-92.203546,10.652676,-92.584034,0.345908,0.138641,157.6811,-0.288491,157.6581,-0.289541,11.296776,-92.083287,157.7246,0.815850,1.023499,-0.644100,-0.500747,-1.016410,-0.120259
723,122.997,B,2,9.622636,-92.941920,10.549280,-92.513701,0.332317,0.113499,156.0007,-0.292236,155.9851,-0.293430,11.143710,-92.128952,156.0525,0.708080,1.724698,-0.594429,-0.384749,-1.521074,-0.812969
724,123.191,B,2,8.912258,-92.616363,10.346587,-92.587646,0.333630,0.131371,154.2980,-0.297020,154.2901,-0.299974,10.986428,-92.172897,154.3583,0.762504,2.121048,-0.639841,-0.414748,-2.074170,-0.443466
725,123.369,B,2,9.135222,-92.632478,10.051138,-92.588925,0.360044,0.138605,152.5634,-0.302543,152.5702,-0.304905,10.827982,-92.215725,152.6395,0.861838,1.743307,-0.776844,-0.373199,-1.692760,-0.416752
726,123.532,B,2,9.410003,-93.096130,9.847617,-92.591620,0.362059,0.140012,150.8009,-0.307485,150.8247,-0.308405,10.671824,-92.259010,150.8950,0.888789,1.514253,-0.824207,-0.332609,-1.261821,-0.837119
727,123.691,B,2,9.296451,-92.150852,9.730777,-92.677417,0.337180,0.153537,149.0311,-0.309612,149.0553,-0.311723,10.520123,-92.304536,149.1265,0.872988,1.233285,-0.789346,-0.372882,-1.223672,0.153684
728,123.872,B,2,9.582826,-92.373957,9.616826,-92.576833,0.330680,0.124977,147.2300,-0.312575,147.2658,-0.312414,10.372972,-92.353395,147.3377,0.788468,0.790414,-0.756147,-0.223438,-0.790146,-0.020562
729,124.062,B,2,9.567310,-93.154587,9.577673,-92.532389,0.303798,0.105607,145.4253,-0.314195,145.4606,-0.314558,10.228498,-92.405288,145.5330,0.663119,0.999309,-0.650825,-0.127102,-0.661188,-0.749299
730,124.262,B,2,9.064637,-93.263173,9.545603,-92.636938,0.263391,0.119764,143.6174,-0.314691,143.6526,-0.294747,10.083675,-92.458292,143.7204,0.566953,1.298566,-0.538072,-0.178647,-1.019038,-0.804882
731,124.477,B,2,8.490831,-93.253473,9.430539,-92.744455,0.244026,0.141694,142.3187,-0.211567,142.3780,-0.237256,9.934258,-92.504547,142.4321,0.557932,1.626152,-0.503719,-0.239908,-1.443427,-0.748926
732,124.665,B,2,8.498299,-93.265888,9.232465,-92.832440,0.245216,0.166885,140.5250,-0.346592,140.5380,-0.399744,9.773872,-92.543980,140.6296,0.613458,1.465687,-0.541407,-0.288460,-1.275573,-0.721908
733,124.858,B,2,8.987193,-93.443048,9.070327,-92.907686,0.239239,0.183044,138.6103,-0.290780,138.6844,-0.231572,9.607075,-92.574653,138.7371,0.631672,1.066941,-0.536747,-0.333033,-0.619882,-0.868395
734,125.039,B,2,8.781529,-93.302079,9.025958,-93.002746,0.206902,0.186804,137.4169,-0.228511,137.4770,-0.272939,9.440894,-92.596419,137.5397,0.580753,0.965773,-0.414936,-0.406327,-0.659365,-0.705660
735,125.232,B,2,8.707604,-92.499892,8.954503,-93.056413,0.188493,0.185424,135.6438,-0.297125,135.7143,-0.250312,9.269546,-92.618814,135.7717,0.539208,0.574387,-0.315042,-0.437599,-0.561942,0.118922
736,125.490,B,2,7.710803,-92.812440,8.676500,-92.929667,0.241529,0.182981,134.4289,-0.230740,134.5244,-0.257949,9.104470,-92.637569,134.5834,0.518150,1.404595,-0.427971,-0.292098,-1.393667,-0.174871
737,125.686,B,2,7.535266,-93.143647,8.647747,-92.925097,0.218322,0.165402,132.9763,-0.227524,133.0795,-0.199728,8.938278,-92.657369,133.1251,0.395077,1.484893,-0.290530,-0.267727,-1.403012,-0.486278
738,125.883,B,2,7.879139,-92.906483,8.419408,-92.959284,0.228668,0.186973,131.2997,-0.332288,131.3568,-0.363157,8.774846,-92.679930,131.4393,0.452078,0.923915,-0.355438,-0.279354,-0.895708,-0.226553
739,126.088,B,2,7.919904,-93.095546,8.293259,-92.944329,0.225865,0.182411,129.7247,-0.234818,129.8609,-0.179613,8.616977,-92.701524,129.9015,0.404657,0.800728,-0.323718,-0.242805,-0.697073,-0.394022
740,126.245,B,2,7.806462,-93.359382,8.197892,-92.965944,0.211733,0.180504,128.8011,-0.182324,128.9239,-0.231727,8.457625,-92.714313,128.9767,0.361634,0.916584,-0.259733,-0.251630,-0.651163,-0.645069
741,126.403,B,2,8.159527,-92.234895,8.100239,-93.031957,0.191905,0.187078,127.0664,-0.321961,127.1514,-0.305190,8.293610,-92.727937,127.2219,0.360306,0.510949,-0.193371,-0.304020,-0.134083,0.493042
742,126.557,B,2,8.039757,-92.276445,8.086120,-92.882881,0.196002,0.143034,125.7482,-0.200808,125.8635,-0.188609,8.127942,-92.729615,125.9074,0.158869,0.461671,-0.041821,-0.153265,-0.088185,0.453170
743,126.733,B,2,7.261669,-92.129102,8.054309,-92.764256,0.197547,0.112770,124.1506,-0.289570,124.3476,-0.310451,7.961580,-92.729081,124.4195,0.099176,0.921873,0.092729,-0.035174,-0.699910,0.599980
744,126.895,B,2,7.568081,-93.025420,7.892344,-92.639015,0.222377,0.109245,122.7742,-0.238471,122.8497,-0.234386,7.798452,-92.728143,122.9037,0.129459,0.376091,0.093893,0.089128,-0.230371,-0.297277
745,127.091,B,2,7.662186,-94.436563,7.812878,-92.696554,0.197419,0.120159,121.1726,-0.293852,121.2229,-0.278657,7.641040,-92.731890,121.2867,0.175433,1.704804,0.171838,0.035336,0.021146,-1.704673
746,127.267,B,2,6.311031,-92.719462,7.764714,-93.002390,0.124297,0.160803,119.5920,-0.291344,119.6381,-0.286617,7.490280,-92.740702,119.7030,0.379203,1.179441,0.274434,-0.261688,-1.179250,0.021240
747,127.433,B,2,6.256328,-93.097135,7.481259,-92.946984,0.160134,0.187652,117.9390,-0.290184,118.0017,-0.292586,7.344167,-92.754640,118.0681,0.236200,1.140481,0.137092,-0.192344,-1.087839,-0.342495
748,127.598,B,2,6.484462,-93.015744,7.235309,-92.968038,0.170506,0.216175,116.2485,-0.295978,116.3254,-0.297251,7.199787,-92.770213,116.3930,0.200990,0.756291,0.035523,-0.197826,-0.715325,-0.245531
749,127.752,B,2,6.278639,-92.918253,7.072910,-92.970381,0.170716,0.223286,114.5476,-0.294120,114.6461,-0.263582,7.054299,-92.782475,114.7063,0.188826,0.787454,0.018611,-0.187906,-0.775660,-0.135778
750,127.900,B,2,6.733766,-92.390827,6.907896,-92.955529,0.178334,0.234087,113.6145,-0.189960,113.4868,-0.231673,6.907528,-92.782248,113.5404,0.173281,0.428257,0.000368,-0.173281,-0.173762,0.391421
751,128.059,B,2,6.426005,-91.782602,6.845265,-92.844533,0.182651,0.200909,111.6039,-0.342474,111.6574,-0.399016,6.753310,-92.767181,111.7490,0.120162,1.037557,0.091955,-0.077351,-0.327305,0.984579
752,128.211,B,2,6.468291,-93.867497,6.745501,-92.641598,0.213780,0.174602,109.8394,-0.261659,109.9695,-0.201832,6.599366,-92.740616,110.0157,0.176522,1.134478,0.146136,0.099018,-0.131075,-1.126881
753,128.381,B,2,5.455225,-92.599627,6.671533,-92.850564,0.152295,0.193281,108.7088,-0.228377,108.8081,-0.274550,6.450499,-92.707829,108.8708,0.263115,1.001139,0.221034,-0.142734,-0.995274,0.108202
754,128.582,B,2,5.491395,-92.804416,6.428294,-92.795915,0.170805,0.216767,107.0148,-0.273797,107.2443,-0.237415,6.298436,-92.675232,107.1918,0.177278,0.817315,0.129858,-0.120683,-0.807041,-0.129184
755,128.762,B,2,5.573106,-93.725021,6.233182,-92.787055,0.171171,0.232703,105.8728,-0.220817,105.9886,-0.263916,6.153728,-92.644294,106.0493,0.163382,1.226823,0.079454,-0.142761,-0.580622,-1.080728
756,128.921,B,2,4.945491,-92.808716,6.086562,-92.947284,0.129011,0.252614,104.5539,-0.195493,104.6785,-0.184178,6.007814,-92.614301,104.7210,0.342168,1.079966,0.078748,-0.332983,-1.062323,-0.194415
757,129.094,B,2,5.904911,-93.235452,5.852485,-92.915228,0.140657,0.271735,103.3447,-0.204973,103.4531,-0.200390,5.862427,-92.581035,103.4993,0.334341,0.655795,-0.009942,-0.334193,0.042484,-0.654417
758,129.254,B,2,5.244743,-93.151364,5.833334,-92.966178,0.113411,0.248380,102.2111,-0.195946,102.3073,-0.192729,5.716047,-92.538714,102.3518,0.443263,0.772961,0.117287,-0.427464,-0.471304,-0.612651
759,129.428,B,2,5.169545,-92.075311,5.700513,-92.993735,0.103348,0.251153,101.1316,-0.187208,101.2268,-0.184057,5.567847,-92.482471,101.2689,0.528196,0.569582,0.132666,-0.511264,-0.398303,0.407160
760,129.603,B,2,4.825959,-92.984977,5.578861,-92.821021,0.138226,0.236644,100.0956,-0.177969,100.2088,-0.174602,5.417954,-92.410916,100.2483,0.440542,0.824623,0.160907,-0.410105,-0.591995,-0.574061
761,129.795,B,2,4.557046,-92.921339,5.417083,-92.841203,0.127474,0.247117,99.1190,-0.170063,99.2500,-0.167612,5.267154,-92.326757,99.2873,0.535849,0.926165,0.149929,-0.514446,-0.710108,-0.594582
762,129.967,B,2,4.569266,-92.187966,5.235154,-92.846857,0.121762,0.260147,98.1925,-0.161246,98.3446,-0.156512,5.116576,-92.235773,98.3799,0.622483,0.549394,0.118579,-0.611085,-0.547310,0.047807
763,130.133,B,2,4.249691,-92.649556,5.087904,-92.718395,0.144764,0.256079,97.3209,-0.150472,97.4854,-0.148818,4.967259,-92.143884,97.5190,0.587042,0.877843,0.120645,-0.574511,-0.717568,-0.505671
764,130.285,B,2,5.225080,-92.568893,4.909152,-92.694645,0.141966,0.266133,96.4901,-0.149856,96.6381,-0.180510,4.819432,-92.054194,96.6799,0.646705,0.655337,0.089720,-0.640451,0.405648,-0.514699
765,130.455,B,2,4.255055,-92.495972,4.939898,-92.660984,0.130813,0.226051,95.1274,-0.239731,95.2452,-0.203293,4.669310,-91.975716,95.2924,0.736757,0.665036,0.270588,-0.685268,-0.414255,-0.520256
766,130.620,B,2,3.572709,-92.704633,4.792536,-92.619904,0.130872,0.232098,94.4310,-0.087449,94.5820,-0.026768,4.523986,-91.899811,94.5889,0.768540,1.246060,0.268550,-0.720093,-0.951277,-0.804822
767,130.771,B,2,4.256777,-91.019737,4.547158,-92.623914,0.123702,0.262471,93.7738,-0.162224,93.8223,-0.227726,4.379200,-91.824972,93.8750,0.816405,0.814488,0.167958,-0.798941,-0.122423,0.805235
768,130.925,B,2,3.593321,-92.754547,4.469138,-92.321099,0.182394,0.239021,92.4538,-0.198891,92.5336,-0.149424,4.229641,-91.747042,92.5678,0.622014,1.191625,0.239497,-0.574058,-0.636320,-1.007505
769,131.112,B,2,3.291038,-92.041046,4.285729,-92.383082,0.151437,0.256200,92.1134,-0.028098,92.2263,-0.013987,4.089883,-91.654838,92.2295,0.754119,0.887305,0.195846,-0.728244,-0.798845,-0.386208
770,131.316,B,2,3.381663,-91.531464,4.079567,-92.306677,0.156734,0.272605,91.5285,-0.142334,91.5815,-0.198295,3.948174,-91.562099,91.6265,0.756082,0.567339,0.131393,-0.744578,-0.566511,0.030635
771,131.486,B,2,3.728888,-91.238412,3.926309,-92.150524,0.178222,0.273004,89.9933,-0.285842,90.0342,-0.260981,3.797132,-91.460690,90.0940,0.701824,0.232518,0.129177,-0.689834,-0.068244,0.222278
772,131.656,B,2,4.642886,-91.377379,3.869729,-91.971111,0.205322,0.256949,89.1275,-0.164869,89.1285,-0.065927,3.656196,-91.369553,89.1436,0.638332,0.986721,0.213533,-0.601557,0.986690,-0.007826
773,131.809,B,2,2.826511,-92.030845,3.983636,-91.840164,0.205375,0.191349,88.8385,-0.048717,88.9387,-0.096211,3.527380,-91.289041,88.9608,0.715476,1.020534,0.456256,-0.551123,-0.700869,-0.741804
774,131.976,B,2,2.445733,-91.485109,3.753330,-91.852696,0.180217,0.223269,87.7149,-0.219649,87.8694,-0.247484,3.389603,-91.217418,87.9259,0.732035,0.981095,0.363727,-0.635277,-0.943870,-0.267690
775,132.137,B,2,3.453130,-92.035520,3.496111,-91.768423,0.181266,0.258367,86.8412,-0.131185,86.9469,-0.067262,3.253789,-91.156017,86.9622,0.658605,0.901811,0.242322,-0.612405,0.199341,-0.879503
776,132.332,B,2,2.830266,-90.941665,3.464374,-91.798236,0.152400,0.235686,86.5869,-0.065260,86.6849,-0.112368,3.128443,-91.098184,86.7103,0.776481,0.336760,0.335931,-0.700052,-0.298177,0.156519
777,132.575,B,2,2.519954,-91.294876,3.327649,-91.626008,0.175003,0.239980,85.6138,-0.180691,85.7018,-0.161669,2.995661,-91.033793,85.7387,0.678923,0.542643,0.331989,-0.592216,-0.475707,-0.261083
778,132.762,B,2,2.442687,-91.162678,3.158126,-91.546061,0.172391,0.251830,85.1286,-0.056097,85.2678,-0.040548,2.872336,-90.961558,85.2774,0.650630,0.474392,0.285790,-0.584502,-0.429650,-0.201120
779,132.911,B,2,1.934073,-91.588527,3.011116,-91.462098,0.175483,0.264316,84.6850,-0.120271,84.6050,-0.139627,2.751889,-90.871200,84.6377,0.645259,1.087833,0.259227,-0.590898,-0.817815,-0.717327
780,133.075,B,2,2.864736,-90.830763,2.787836,-91.462608,0.148471,0.280232,83.9747,-0.083289,84.0398,-0.076620,2.636575,-90.768290,84.0586,0.710603,0.236559,0.151261,-0.694317,0.228161,-0.062472
781,133.274,B,2,2.184129,-91.266635,2.776817,-91.330480,0.161613,0.251133,83.4382,-0.106524,83.4649,-0.136015,2.524315,-90.661864,83.4970,0.714706,0.693883,0.252501,-0.668616,-0.340186,-0.604770
782,133.457,B,2,1.878962,-90.360409,2.651524,-91.304029,0.150473,0.257892,83.0152,-0.081141,82.9460,-0.099539,2.414808,-90.558859,82.9686,0.781865,0.571414,0.236715,-0.745170,-0.535846,0.198449
783,133.624,B,2,2.653596,-90.840744,2.483966,-91.110974,0.171905,0.264458,82.3196,-0.093533,82.3874,-0.102622,2.306900,-90.460817,82.4104,0.673837,0.514337,0.177066,-0.650157,0.346696,-0.379927
784,133.778,B,2,2.654544,-90.719130,2.492992,-91.042728,0.167673,0.232595,81.7857,-0.096255,81.8520,-0.097278,2.201378,-90.366018,81.8730,0.736868,0.574498,0.291614,-0.676710,0.453166,-0.353112
785,133.982,B,2,2.561867,-90.416458,2.502735,-90.964628,0.166084,0.204518,81.2394,-0.094408,81.3365,-0.093885,2.098884,-90.268836,81.3569,0.804501,0.485948,0.403851,-0.695791,0.462983,-0.147622
786,134.189,B,2,0.818467,-90.285636,2.496715,-90.845982,0.173939,0.184641,80.7177,-0.089704,80.8365,-0.087458,2.000198,-90.161093,80.8562,0.845933,1.188275,0.496517,-0.684889,-1.181731,-0.124543
787,134.371,B,2,1.879006,-90.059619,2.176428,-90.724088,0.173460,0.241613,80.2451,-0.083521,80.3548,-0.081713,1.906058,-90.036693,80.3737,0.738656,0.035460,0.270371,-0.687395,-0.027051,-0.022926
788,134.535,B,2,1.318753,-90.365198,2.102427,-90.582564,0.183800,0.234562,79.7954,-0.078095,79.8923,-0.077842,1.816832,-89.894693,79.9104,0.744803,0.685169,0.285596,-0.687871,-0.498078,-0.470505
789,134.709,B,2,2.164811,-88.710997,1.940720,-90.521360,0.171133,0.246838,79.3735,-0.074133,79.4468,-0.073622,1.732427,-89.739328,79.4643,0.809296,1.115536,0.208294,-0.782032,0.432384,1.028331
790,134.887,B,2,1.597227,-90.452998,1.961767,-90.170984,0.233592,0.224272,78.9468,-0.073189,79.0149,-0.073551,1.652029,-89.578573,79.0320,0.668497,0.876140,0.309738,-0.592411,-0.054802,-0.874425
791,135.061,B,2,1.393865,-88.816453,1.882028,-90.200876,0.200790,0.220961,78.6210,-0.072382,78.5955,-0.071177,1.574217,-89.419806,78.6120,0.839534,0.629731,0.307811,-0.781069,-0.180352,0.603353
792,135.262,B,2,1.181324,-89.278523,1.773920,-89.921868,0.233605,0.225701,78.1308,-0.070570,78.1895,-0.070472,1.497626,-89.266145,78.2054,0.711555,0.316544,0.276294,-0.655723,-0.316302,-0.012378
793,135.477,B,2,0.749887,-88.796263,1.649517,-89.778022,0.234450,0.233863,77.7437,-0.067484,77.7993,-0.066473,1.421289,-89.116904,77.8146,0.699404,0.744038,0.228228,-0.661118,-0.671402,0.320641
794,135.667,B,2,1.546038,-89.769998,1.468665,-89.572114,0.247128,0.257034,77.3797,-0.063656,77.4287,-0.062786,1.345086,-88.968249,77.4431,0.616381,0.826550,0.123580,-0.603866,0.200952,-0.801750
795,135.847,B,2,0.753822,-89.324953,1.463879,-89.579583,0.215558,0.227508,77.0373,-0.059312,77.0798,-0.057963,1.270560,-88.813440,77.0933,0.790157,0.727093,0.193319,-0.766143,-0.516738,-0.511513
796,136.014,B,2,1.273609,-88.669086,1.317884,-89.507887,0.199949,0.237902,76.7168,-0.056342,76.7515,-0.056005,1.200226,-88.646051,76.7643,0.869830,0.076913,0.117658,-0.861836,0.073383,-0.023035
797,136.185,B,2,0.416645,-89.761743,1.292193,-89.331021,0.215989,0.223955,76.3969,-0.054735,76.4420,-0.054832,1.135763,-88.463553,76.4540,0.881460,1.484058,0.156430,-0.867468,-0.719118,-1.298190
798,136.342,B,2,1.020766,-89.183486,1.116551,-89.384119,0.169380,0.235827,76.1020,-0.053005,76.1510,-0.053855,1.077092,-88.268046,76.1623,1.116770,0.917171,0.039459,-1.116073,-0.056326,-0.915440
799,136.501,B,2,0.587937,-88.351277,1.081081,-89.326264,0.160747,0.219021,75.8106,-0.050875,75.8805,-0.049499,1.022604,-88.063509,75.8909,1.264109,0.521292,0.058477,-1.262755,-0.434666,-0.287768
800,136.680,B,2,1.644909,-88.671265,0.974780,-89.128333,0.181989,0.227832,75.5387,-0.046847,75.6317,-0.043755,0.970086,-87.853526,75.6413,1.274816,1.060228,0.004694,-1.274807,0.674823,-0.817739
801,136.876,B,2,0.813406,-87.727533,1.080196,-89.022702,0.190170,0.181977,75.2922,-0.042031,75.4022,-0.038482,0.917412,-87.643456,75.4111,1.388820,0.133739,0.162783,-1.379247,-0.104006,-0.084077
802,137.055,B,2,0.799077,-87.791698,1.019517,-88.764485,0.223929,0.188357,75.0828,-0.035465,75.1884,-0.035295,0.864000,-87.435339,75.1967,1.338213,0.362224,0.155517,-1.329146,-0.064923,-0.356359
803,137.226,B,2,1.176697,-86.638846,0.967552,-88.561698,0.241194,0.189244,74.8981,-0.032016,74.9883,-0.030052,0.810505,-87.228182,74.9961,1.342732,0.693839,0.157047,-1.333516,0.366192,0.589335
804,137.395,B,2,0.435135,-87.104029,0.994436,-88.184142,0.301040,0.181860,74.7304,-0.028038,74.8012,-0.027065,0.758948,-87.017457,74.8084,1.190214,0.335186,0.235488,-1.166685,-0.323813,-0.086572
805,137.586,B,2,0.453244,-88.180312,0.885643,-87.961920,0.318049,0.203173,74.6129,-0.026339,74.6281,-0.027377,0.711974,-86.796207,74.6347,1.178579,1.408080,0.173670,-1.165713,-0.258730,-1.384105
806,137.740,B,2,0.450795,-87.533482,0.794533,-87.962093,0.267573,0.195711,74.4403,-0.026236,74.4727,-0.025804,0.671146,-86.558843,74.4785,1.408665,0.999238,0.123387,-1.403250,-0.220351,-0.974639
807,137.913,B,2,0.050228,-86.407479,0.720753,-87.854151,0.256120,0.195894,74.2974,-0.025369,74.3391,-0.025421,0.636128,-86.304027,74.3440,1.552432,0.594963,0.084625,-1.550124,-0.585900,-0.103452
808,138.087,B,2,-0.671665,-86.249433,0.587276,-87.561709,0.284723,0.220880,74.1635,-0.023396,74.2283,-0.021916,0.605072,-86.035234,74.2323,1.526579,1.294581,-0.017796,-1.526475,-1.276737,-0.214198
809,138.299,B,2,0.495939,-85.946297,0.343617,-87.287442,0.298315,0.266765,74.0500,-0.019170,74.1351,-0.018122,0.575794,-85.759334,74.1386,1.545646,0.203303,-0.232177,-1.528108,-0.079855,-0.186963
810,138.487,B,2,-0.081245,-85.633123,0.359230,-87.018768,0.334850,0.255009,73.9767,-0.016678,74.0513,-0.014639,0.547059,-85.483035,74.0546,1.547177,0.645981,-0.187829,-1.535733,-0.628303,-0.150089
811,138.664,B,2,0.860656,-85.933146,0.261072,-86.719819,0.349620,0.260023,73.8835,-0.013014,73.9711,-0.013786,0.518808,-85.209924,73.9743,1.531735,0.799944,-0.257736,-1.509896,0.341848,-0.723222
812,138.850,B,2,0.444818,-85.590685,0.356994,-86.540455,0.356025,0.218904,73.8146,-0.011767,73.8927,-0.011320,0.491662,-84.939915,73.8958,1.606195,0.652454,-0.134668,-1.600540,-0.046844,-0.650770
813,139.004,B,2,-0.127158,-85.524168,0.362381,-86.328970,0.362128,0.205115,73.7538,-0.010465,73.8181,-0.009340,0.466638,-84.669271,73.8209,1.662970,1.040886,-0.104257,-1.659698,-0.593797,-0.854897
814,139.162,B,2,-0.281212,-84.321042,0.264157,-86.143583,0.355006,0.214980,73.7048,-0.009396,73.7524,-0.008408,0.444980,-84.391413,73.7548,1.761476,0.729594,-0.180823,-1.752170,-0.726192,0.070371
815,139.341,B,2,-0.062486,-84.801443,0.154731,-85.773298,0.390052,0.238171,73.6603,-0.007903,73.7008,-0.006966,0.427780,-84.100117,73.7026,1.695314,0.855698,-0.273049,-1.673181,-0.490265,-0.701326
816,139.506,B,2,0.580258,-84.723524,0.106160,-85.562844,0.398273,0.240517,73.6318,-0.006655,73.6638,-0.005461,0.415557,-83.792873,73.6651,1.796809,0.945112,-0.309397,-1.769971,0.164701,-0.930651
817,139.685,B,2,0.295479,-85.040192,0.179453,-85.360302,0.392859,0.203132,73.5894,-0.004665,73.6362,-0.006185,0.408041,-83.471955,73.6373,1.902132,1.572272,-0.228588,-1.888347,-0.112562,-1.568237
818,139.849,B,2,0.523292,-82.817816,0.192538,-85.260251,0.369767,0.182610,73.5616,-0.004845,73.6102,-0.003741,0.404263,-83.143419,73.6113,2.127394,0.346678,-0.211725,-2.116832,0.119029,0.325604
819,139.997,B,2,0.381008,-82.863525,0.246112,-84.776315,0.439471,0.180547,73.5251,-0.005343,73.5803,-0.005011,0.402927,-82.814066,73.5816,1.968505,0.054098,-0.156815,-1.962249,-0.021919,-0.049459
820,140.164,B,2,0.338093,-84.323557,0.266101,-84.382480,0.478186,0.180570,73.4873,-0.006646,73.5455,-0.006551,0.402911,-82.488007,73.5469,1.899407,1.836695,-0.136810,-1.894473,-0.064818,-1.835551
821,140.309,B,2,-0.525473,-81.825169,0.275647,-84.322728,0.435556,0.160943,73.4442,-0.008410,73.5081,-0.006997,0.403702,-82.165596,73.5096,2.160930,0.989574,-0.128056,-2.157132,-0.929175,0.340427
822,140.476,B,2,0.886023,-80.981973,0.126837,-83.823178,0.487593,0.208894,73.4059,-0.009211,73.4714,-0.008329,0.405680,-81.843885,73.4728,1.998838,0.986723,-0.278842,-1.979293,0.480344,0.861912
823,140.631,B,2,-0.011921,-81.995818,0.259434,-83.254908,0.567767,0.191843,73.3450,-0.008540,73.4380,-0.009529,0.410210,-81.517329,73.4392,1.744109,0.638081,-0.150776,-1.737580,-0.422132,-0.478489
824,140.787,B,2,0.110640,-81.763749,0.207979,-82.967896,0.562121,0.199982,73.3138,-0.006871,73.4078,-0.004671,0.419146,-81.180050,73.4090,1.800273,0.660212,-0.211167,-1.787846,-0.308507,-0.583698
825,140.988,B,2,0.112612,-81.471713,0.187360,-82.691236,0.556845,0.199505,73.2905,-0.005551,73.3786,-0.003969,0.433766,-80.828940,73.3798,1.878527,0.718538,-0.246406,-1.862296,-0.321154,-0.642773
826,141.169,B,2,0.154771,-81.540323,0.170753,-82.412215,0.552979,0.198369,73.3287,0.009502,73.4053,0.012168,0.453241,-80.469424,73.4032,1.963220,1.111714,-0.282488,-1.942790,-0.298470,-1.070898
827,141.341,B,2,-0.171422,-79.104275,0.164790,-82.196977,0.535789,0.190674,73.4044,0.012574,73.4585,0.012240,0.476932,-80.105174,73.4564,2.114964,1.192544,-0.312142,-2.091803,-0.648354,1.000899
828,141.509,B,2,0.601138,-79.853754,0.100622,-81.578744,0.608338,0.224312,73.4762,0.010591,73.5084,0.009772,0.503478,-79.739662,73.5066,1.882688,0.150181,-0.402856,-1.839082,0.097660,-0.114092
829,141.667,B,2,-0.110932,-79.833953,0.187807,-81.202241,0.627520,0.203256,73.5155,0.007817,73.5510,0.005826,0.531042,-79.376523,73.5494,1.857702,0.788272,-0.343235,-1.825718,-0.641974,-0.457430
830,141.835,B,2,0.277964,-79.083787,0.131697,-80.889551,0.620260,0.212922,73.5587,0.006340,73.5956,0.006602,0.558631,-79.017360,73.5935,1.920253,0.288420,-0.426934,-1.872191,-0.280667,-0.066427
831,142.002,B,2,0.376143,-78.834068,0.155576,-80.497542,0.637301,0.208598,73.5943,0.006642,73.6506,0.006217,0.586416,-78.660597,73.6483,1.886794,0.272593,-0.430840,-1.836945,-0.210273,-0.173472
832,142.174,B,2,0.385742,-78.609478,0.193587,-80.129955,0.647727,0.199838,74.1410,0.122972,74.2609,0.117189,0.617740,-78.313738,74.2329,1.865087,0.375879,-0.424152,-1.816217,-0.231998,-0.295740
833,142.388,B,2,0.230731,-78.259675,0.226900,-79.787701,0.650888,0.191274,74.3767,0.006237,74.4657,-0.046633,0.647264,-77.969298,74.4754,1.866359,0.507759,-0.420364,-1.818403,-0.416533,-0.290377
834,142.581,B,2,-0.022253,-77.138684,0.226753,-79.444014,0.651789,0.191289,74.2942,0.025406,74.4379,0.088756,0.679004,-77.620649,74.4171,1.878615,0.850913,-0.452251,-1.823366,-0.701257,0.481965
835,142.767,B,2,1.275541,-77.071312,0.180001,-78.958560,0.681854,0.211034,75.1049,0.130736,75.2350,0.097678,0.718242,-77.278415,75.2133,1.764253,0.594537,-0.538241,-1.680145,0.557300,0.207104
836,142.919,B,2,0.745681,-76.541467,0.376657,-78.545960,0.707822,0.167853,75.3819,0.052755,75.5114,0.094503,0.757217,-76.926715,75.4906,1.663363,0.385421,-0.380560,-1.619244,-0.011536,0.385249
837,143.104,B,2,0.084223,-76.447362,0.444771,-78.110763,0.727514,0.160020,76.2462,0.154672,76.3665,0.124927,0.799945,-76.583824,76.3383,1.567702,0.728615,-0.355173,-1.526939,-0.715722,0.136462
838,143.279,B,2,0.929339,-76.851182,0.380092,-77.736160,0.722702,0.178897,76.9422,0.132034,77.0371,0.153039,0.840906,-76.246344,77.0025,1.559456,0.611269,-0.460814,-1.489816,0.088433,-0.604839
839,143.456,B,2,0.346039,-75.095437,0.478518,-77.500371,0.696395,0.148826,77.8481,0.142211,77.9026,0.134896,0.880912,-75.924564,77.8716,1.626373,0.986682,-0.402394,-1.575807,-0.534874,0.829127
840,143.656,B,2,0.573169,-75.265147,0.453438,-76.996261,0.729219,0.166672,78.7688,0.164137,78.8542,0.174911,0.919795,-75.617806,78.8140,1.455206,0.494488,-0.466358,-1.378454,-0.346627,0.352660
841,143.850,B,2,0.339884,-76.092574,0.472187,-76.609107,0.732830,0.163984,79.7800,0.176810,79.8665,0.184446,0.958778,-75.323382,79.8241,1.374722,0.987262,-0.486591,-1.285726,-0.618894,-0.769193
842,144.011,B,2,0.028995,-75.082917,0.445268,-76.457282,0.696678,0.162243,80.6547,0.189786,80.9646,0.196284,0.998541,-75.035939,80.9191,1.525230,0.970684,-0.553273,-1.421343,-0.969546,-0.046979
843,144.171,B,2,0.848749,-74.709661,0.362867,-76.128537,0.670606,0.174418,82.0793,0.209312,82.1516,0.215677,1.039970,-74.749254,82.1023,1.536519,0.195277,-0.677103,-1.379283,-0.191221,0.039593
844,144.328,B,2,0.371741,-74.619776,0.443920,-75.817925,0.684030,0.153157,83.0799,0.220117,83.4173,0.225609,1.083779,-74.459372,83.3655,1.501695,0.729881,-0.639859,-1.358554,-0.712037,-0.160404
845,144.503,B,2,0.528460,-74.524315,0.421637,-75.522834,0.655392,0.148649,84.6770,0.233398,84.7451,0.237528,1.130198,-74.166049,84.6908,1.530662,0.700316,-0.708561,-1.356785,-0.601738,-0.358266
846,144.657,B,2,1.159921,-73.640688,0.431625,-75.276953,0.635585,0.137589,86.0619,0.240683,86.0999,0.204269,1.178086,-73.872212,86.0531,1.590754,0.232235,-0.746460,-1.404740,-0.018164,0.231524
847,144.821,B,2,1.216872,-73.466313,0.553881,-74.914288,0.649205,0.104938,86.9915,0.164735,86.9895,0.194187,1.224651,-73.573482,86.9446,1.499230,0.107451,-0.670770,-1.340806,-0.007778,0.107169
848,145.005,B,2,1.367699,-72.922719,0.788535,-74.314163,0.747672,0.055226,88.1113,0.303021,88.5869,0.343223,1.269579,-73.275026,88.5080,1.145080,0.365715,-0.481044,-1.039137,0.098120,0.352306
849,145.218,B,2,0.779321,-73.752438,0.783784,-74.228596,0.662333,0.048876,89.9193,0.210027,89.9766,0.151786,1.310395,-72.980087,89.9416,1.355025,0.937318,-0.526611,-1.248509,-0.531074,-0.772351
850,145.392,B,2,0.555335,-72.845877,0.777740,-74.077494,0.619238,0.046569,90.8464,0.191403,90.9190,0.237603,1.349397,-72.687182,90.8647,1.503249,0.809764,-0.571656,-1.390312,-0.794062,-0.158695
851,145.554,B,2,1.397925,-72.254247,0.730330,-73.792722,0.612044,0.056323,92.3164,0.231523,92.3517,0.182997,1.393461,-72.396521,92.3101,1.545677,0.142344,-0.663131,-1.396201,0.004465,0.142274
852,145.702,B,2,1.144464,-72.540962,0.843467,-73.452493,0.621553,0.026615,93.2306,0.181371,93.2755,0.225502,1.432899,-72.100757,93.2241,1.474659,0.526284,-0.589431,-1.351736,-0.288435,-0.440205
853,145.869,B,2,0.563927,-72.060840,0.891491,-73.226530,0.601767,0.012935,94.4211,0.179542,94.4315,0.158543,1.472450,-71.794619,94.3954,1.545278,0.946725,-0.580960,-1.431912,-0.908524,-0.266221
854,146.042,B,2,1.083883,-70.910673,0.825004,-72.956605,0.593842,0.027164,95.4964,0.186792,95.5001,0.165847,1.507520,-71.478041,95.4617,1.628490,0.708079,-0.682516,-1.478564,-0.423638,0.567369
855,146.221,B,2,0.874230,-71.457319,0.862713,-72.527041,0.625103,0.014030,96.5150,0.178245,96.5362,0.175635,1.539126,-71.153904,96.4951,1.530699,0.730853,-0.676413,-1.373137,-0.664896,-0.303414
856,146.402,B,2,0.451619,-70.241799,0.855693,-72.272634,0.611160,0.011596,97.5199,0.172771,97.5465,0.170239,1.567604,-70.825666,97.5067,1.612617,1.259494,-0.711912,-1.446967,-1.115985,0.583868
857,146.605,B,2,1.364056,-70.230450,0.771896,-71.844941,0.640500,0.025089,98.4981,0.168168,98.5265,0.164919,1.594282,-70.498169,98.4878,1.578009,0.353098,-0.822386,-1.346772,-0.230227,0.267719
858,146.793,B,2,1.040567,-69.692847,0.867138,-71.490220,0.647190,-0.006338,99.4324,0.163199,99.4775,0.161831,1.619009,-70.174326,99.4402,1.515548,0.752607,-0.751871,-1.315894,-0.578442,0.481479
859,146.963,B,2,0.552002,-69.593626,0.887907,-71.101431,0.661809,-0.018564,100.3427,0.157054,100.3879,0.155633,1.642384,-69.853842,100.3524,1.457983,1.121002,-0.754477,-1.247588,-1.090382,0.260217
860,147.135,B,2,0.743378,-69.926659,0.815981,-70.764247,0.664263,-0.008054,101.2418,0.154727,101.2696,0.151803,1.662013,-69.538992,101.2350,1.488966,0.997084,-0.846032,-1.225254,-0.918635,-0.387667
861,147.300,B,2,1.361846,-68.487580,0.790324,-70.549104,0.636699,-0.007973,102.1042,0.148256,102.1096,0.145145,1.680180,-69.227816,102.0769,1.592999,0.805783,-0.889856,-1.321288,-0.318333,0.740236
862,147.473,B,2,1.632959,-68.712543,0.881146,-70.113599,0.660792,-0.042532,102.9143,0.142661,102.9103,0.138581,1.698331,-68.915938,102.8788,1.449892,0.213642,-0.817186,-1.197662,-0.065373,0.203395
863,147.633,B,2,1.992374,-68.815569,1.006976,-69.795381,0.652679,-0.078951,103.6857,0.136048,103.6840,0.134350,1.713077,-68.599406,103.6535,1.388860,0.353176,-0.706101,-1.195974,0.279297,-0.216163
864,147.809,B,2,0.159817,-68.829806,1.178304,-69.553879,0.625168,-0.119912,104.4269,0.131702,104.4407,0.130555,1.720629,-68.278174,104.4104,1.386196,1.655425,-0.542325,-1.275705,-1.560812,-0.551632
865,148.014,B,2,0.290897,-67.893078,0.988329,-69.361317,0.603394,-0.070445,105.1896,0.128102,105.1902,0.126564,1.723031,-67.954597,105.1605,1.587025,1.433455,-0.734702,-1.406720,-1.432135,0.061519
866,148.192,B,2,0.348736,-67.625967,0.851746,-69.036442,0.613300,-0.045889,105.9221,0.124035,105.9161,0.123750,1.721176,-67.631272,105.8876,1.652396,1.372450,-0.869430,-1.405170,-1.372440,0.005306
867,148.379,B,2,0.806817,-67.221821,0.747381,-68.721959,0.618400,-0.032423,106.6174,0.118269,106.6072,0.116572,1.718135,-67.312277,106.5803,1.711597,0.915795,-0.970753,-1.409682,-0.911317,0.090455
868,148.555,B,2,0.891466,-67.742657,0.743422,-68.390970,0.621728,-0.045715,107.2670,0.112763,107.2585,0.108205,1.715872,-67.000736,107.2332,1.696587,1.109095,-0.972450,-1.390234,-0.824406,-0.741921
869,148.728,B,2,0.571444,-67.674566,0.756381,-68.214501,0.587809,-0.053941,107.8844,0.106993,107.8730,0.104317,1.714286,-66.698096,107.8490,1.793618,1.503191,-0.957905,-1.516405,-1.142843,-0.976470
870,148.880,B,2,0.682084,-66.895635,0.709871,-68.060934,0.555901,-0.046639,108.4711,0.098731,108.4394,0.069213,1.711452,-66.403678,108.4242,1.936404,1.140886,-1.001581,-1.657256,-1.029368,-0.491956
871,149.048,B,2,0.232299,-67.099487,0.691805,-67.796553,0.551512,-0.053774,108.4606,-0.012421,108.4036,0.017647,1.703633,-66.123721,108.3994,1.955035,1.765486,-1.011827,-1.672832,-1.471333,-0.975766
872,149.237,B,2,1.166807,-66.591143,0.595854,-67.617842,0.532839,-0.037447,108.9991,0.128104,108.9963,0.181388,1.695855,-65.847975,108.9544,2.083850,0.912245,-1.100001,-1.769867,-0.529048,-0.743168
873,149.419,B,2,0.359301,-64.510090,0.688299,-67.391517,0.528110,-0.071206,109.5442,0.091408,109.5172,-0.011047,1.685721,-65.576099,109.5197,2.071374,1.701695,-0.997421,-1.815418,-1.326420,1.066009
874,149.587,B,2,0.539411,-64.490603,0.618138,-66.820838,0.603667,-0.086827,109.3915,-0.022108,109.4006,0.045082,1.670430,-65.309967,109.3904,1.841209,1.396626,-1.052293,-1.510871,-1.131020,0.819364
875,149.751,B,2,0.845262,-65.291538,0.590124,-66.330395,0.631985,-0.103344,109.8088,0.050613,109.7718,-0.002805,1.656722,-65.038347,109.7729,1.675416,0.850043,-1.066598,-1.292048,-0.811460,-0.253191
876,149.929,B,2,0.863206,-63.951270,0.624960,-66.078149,0.610701,-0.117391,109.5807,-0.022283,109.5362,0.008007,1.638860,-64.773804,109.5347,1.652062,1.130576,-1.013900,-1.304345,-0.775654,0.822534
877,150.081,B,2,0.797702,-64.356905,0.660980,-65.647072,0.649810,-0.147347,109.8763,0.085736,109.9893,0.083607,1.619931,-64.510918,109.9705,1.486753,0.836529,-0.958951,-1.136154,-0.822229,0.154014
878,150.237,B,2,1.396500,-64.385846,0.676550,-65.339309,0.626309,-0.153572,109.9690,-0.041051,109.9042,-0.094399,1.599488,-64.256566,109.9261,1.422725,0.240661,-0.922939,-1.082743,-0.202988,-0.129280
879,150.393,B,2,0.922613,-63.591966,0.801220,-65.104022,0.595236,-0.181281,109.3967,-0.079702,109.3749,-0.037258,1.577922,-64.009010,109.3831,1.342503,0.776760,-0.776701,-1.095012,-0.655309,0.417045
880,150.634,B,2,1.048360,-64.362946,0.820649,-64.768954,0.598132,-0.189791,109.5397,0.042059,109.5685,0.050547,1.560521,-63.767441,109.5563,1.245166,0.785452,-0.739872,-1.001513,-0.512161,-0.595505
881,150.847,B,2,1.539560,-63.933602,0.860264,-64.646618,0.565379,-0.190338,109.5278,-0.020905,109.4899,-0.044875,1.539854,-63.528408,109.4998,1.308524,0.405194,-0.679590,-1.118209,-0.000295,-0.405194
882,151.033,B,2,0.682547,-62.972738,0.983257,-64.451023,0.519954,-0.206431,109.2086,-0.041605,109.2581,-0.040846,1.517505,-63.283819,109.2669,1.283662,0.891026,-0.534248,-1.167205,-0.834958,0.311081
883,151.192,B,2,0.785128,-63.652252,0.930794,-64.128069,0.534516,-0.195188,109.1699,0.021553,109.2521,0.044586,1.493572,-63.030561,109.2419,1.233387,0.942546,-0.562777,-1.097509,-0.708444,-0.621691
884,151.383,B,2,0.423329,-63.253804,0.819518,-63.856594,0.545245,-0.166950,109.1021,-0.034231,109.1228,-0.061555,1.465253,-62.768557,109.1376,1.265226,1.149378,-0.645734,-1.088037,-1.041924,-0.485246
885,151.562,B,2,1.159501,-62.784088,0.817613,-63.801840,0.492858,-0.150910,108.9579,-0.004020,108.9892,0.024598,1.433385,-62.500189,108.9841,1.439955,0.394475,-0.615771,-1.301651,-0.273884,-0.283899
886,151.742,B,2,1.056470,-63.070647,0.878263,-63.566886,0.482240,-0.164755,108.8818,-0.032598,108.8788,-0.046698,1.399667,-62.230364,108.8901,1.434626,0.907667,-0.521404,-1.336522,-0.343198,-0.840282
887,151.920,B,2,1.132922,-63.275951,0.910774,-63.427428,0.453666,-0.163209,108.8170,0.000288,108.8207,-0.012802,1.365913,-61.963400,108.8236,1.533143,1.333070,-0.455139,-1.464027,-0.232991,-1.312551
888,152.114,B,2,0.745341,-61.664381,0.952106,-63.353516,0.413142,-0.158739,108.6900,-0.013177,108.6993,-0.019718,1.332503,-61.701041,108.7036,1.695693,0.588306,-0.380398,-1.652475,-0.587163,0.036660
889,152.290,B,2,0.404099,-62.272243,0.916235,-63.003193,0.445414,-0.158800,108.5697,-0.020807,108.5868,-0.020354,1.300693,-61.441874,108.5910,1.607957,1.222045,-0.384457,-1.561319,-0.896593,-0.830369
890,152.467,B,2,0.459850,-60.925820,0.823777,-62.824516,0.439689,-0.132854,108.4509,-0.022495,108.4785,-0.021218,1.269539,-61.182804,108.4828,1.701154,0.849492,-0.445762,-1.641712,-0.809689,0.256984
891,152.640,B,2,1.290818,-61.496722,0.756280,-62.434347,0.480226,-0.131745,108.3373,-0.020998,108.3712,-0.021334,1.236819,-60.920052,108.3754,1.588712,0.579192,-0.480539,-1.514294,0.053999,-0.576669
892,152.798,B,2,0.054814,-61.132249,0.851290,-62.215673,0.465044,-0.154029,108.2259,-0.018079,108.2710,-0.017546,1.200318,-60.650274,108.2748,1.603837,1.242771,-0.349027,-1.565399,-1.145504,-0.481975
893,152.949,B,2,0.475093,-59.842059,0.706245,-61.971097,0.475771,-0.121631,108.1523,-0.014582,108.1805,-0.015032,1.159235,-60.372184,108.1839,1.661844,0.865496,-0.452991,-1.598913,-0.684143,0.530124
894,153.108,B,2,1.259182,-60.614253,0.661083,-61.536017,0.520507,-0.129858,108.0814,-0.012777,108.0970,-0.012021,1.114657,-60.087126,108.1002,1.518227,0.546581,-0.453574,-1.448891,0.144525,-0.527127
895,153.296,B,2,0.710782,-60.301633,0.766521,-61.316592,0.500090,-0.154571,107.9996,-0.012802,108.0154,-0.012087,1.068863,-59.798578,108.0187,1.547830,0.617484,-0.302342,-1.518014,-0.358081,-0.503055
896,153.498,B,2,0.952299,-59.488039,0.755704,-61.081336,0.494444,-0.151320,107.9246,-0.013482,107.9332,-0.014238,1.023787,-59.510538,107.9365,1.593511,0.074945,-0.268083,-1.570799,-0.071488,0.022499
897,153.683,B,2,0.300848,-58.487926,0.790815,-60.750011,0.520065,-0.169953,107.8538,-0.014006,107.8522,-0.012991,0.979800,-59.225573,107.8554,1.536107,1.002547,-0.188985,-1.524438,-0.678953,0.737647
898,153.819,B,2,0.689474,-58.662814,0.701705,-60.278995,0.561032,-0.161066,107.7741,-0.012601,107.7764,-0.010659,0.935946,-58.944121,107.7792,1.355271,0.374008,-0.234241,-1.334874,-0.246473,0.281307
899,153.970,B,2,0.207224,-58.591599,0.697846,-59.928510,0.573495,-0.166853,107.7082,-0.011308,107.7094,-0.009964,0.890780,-58.664559,107.7119,1.278591,0.687438,-0.192934,-1.263951,-0.683556,0.072960
900,154.133,B,2,0.728410,-58.849942,0.606895,-59.625195,0.579780,-0.148647,107.6611,-0.008541,107.6531,-0.008930,0.843065,-58.383405,107.6552,1.264048,0.480419,-0.236170,-1.241789,-0.114655,-0.466537
901,154.292,B,2,-0.156486,-58.054371,0.625952,-59.428843,0.554471,-0.149814,107.6137,-0.007381,107.6060,-0.008342,0.792289,-58.096733,107.6077,1.342454,0.949721,-0.166338,-1.332109,-0.948776,0.042363
902,154.454,B,2,0.122646,-58.699587,0.481067,-59.123351,0.567957,-0.121628,107.5836,-0.007369,107.5657,-0.007101,0.738674,-57.802353,107.5672,1.345881,1.088357,-0.257607,-1.320998,-0.616028,-0.897234
903,154.608,B,2,0.605608,-56.842989,0.410451,-58.990615,0.535530,-0.100854,107.5444,-0.007670,107.5318,-0.007568,0.682805,-57.500929,107.5330,1.514379,0.662453,-0.272354,-1.489687,-0.077198,0.657940
904,154.806,B,2,-0.085038,-56.938369,0.440845,-58.559333,0.581339,-0.130183,107.5093,-0.006039,107.5065,-0.006642,0.625232,-57.195720,107.5073,1.376022,0.755455,-0.184387,-1.363612,-0.710269,0.257351
905,154.995,B,2,0.262125,-57.423118,0.339410,-58.198539,0.588426,-0.114951,107.4839,-0.004189,107.4927,-0.004735,0.566255,-56.890939,107.4930,1.327131,0.612952,-0.226844,-1.307600,-0.304130,-0.532179
906,155.156,B,2,0.321941,-57.426314,0.318903,-58.000085,0.564749,-0.110922,107.4756,-0.000365,107.4909,0.001494,0.506062,-56.589581,107.4907,1.422867,0.856752,-0.187159,-1.410504,-0.184122,-0.836734
907,155.308,B,2,-0.594572,-55.778216,0.313335,-57.840628,0.534029,-0.107913,107.4882,0.002921,107.4992,0.003196,0.444937,-56.292467,107.4987,1.553745,1.159756,-0.131602,-1.548161,-1.039510,0.514251
908,155.466,B,2,-0.605908,-55.460064,0.144256,-57.424722,0.591233,-0.088996,107.5199,0.004476,107.5146,0.004543,0.383155,-55.998199,107.5138,1.446389,1.125982,-0.238899,-1.426523,-0.989063,0.538135
909,155.637,B,2,-0.023139,-55.816887,-0.002726,-57.001569,0.613863,-0.073588,107.5631,0.005490,107.5346,0.006190,0.320555,-55.703456,107.5338,1.337762,0.361928,-0.323280,-1.298113,-0.343694,-0.113431
910,155.786,B,2,-1.083084,-55.120995,-0.015346,-56.739634,0.616235,-0.082807,107.5856,0.005692,107.5603,0.004422,0.256261,-55.404451,107.5591,1.362528,1.369011,-0.271607,-1.335182,-1.339344,0.283457
911,155.991,B,2,-0.336311,-55.373055,-0.217258,-56.382283,0.622512,-0.051674,107.6367,0.005973,107.5955,0.007057,0.189062,-55.098963,107.5939,1.346108,0.592574,-0.406321,-1.283320,-0.525373,-0.274092
912,156.192,B,2,-0.287763,-54.512751,-0.252529,-56.138337,0.606202,-0.055064,107.6729,0.007451,107.6446,0.005522,0.118169,-54.787343,107.6424,1.400929,0.490084,-0.370698,-1.350994,-0.405932,0.274593
913,156.363,B,2,-0.051564,-54.172541,-0.269179,-55.795547,0.628354,-0.071113,107.7020,0.008279,107.7081,0.009384,0.043837,-54.472226,107.7053,1.359837,0.314504,-0.313016,-1.323321,-0.095401,0.299685
914,156.517,B,2,-0.469460,-54.142039,-0.240933,-55.442639,0.633004,-0.095151,107.7488,0.010330,107.7818,0.013689,-0.032567,-54.157152,107.7787,1.302265,0.437155,-0.208366,-1.285487,-0.436893,0.015113
915,156.687,B,2,-0.253409,-54.449370,-0.294086,-55.135056,0.616912,-0.091856,107.8388,0.013398,107.8597,0.013632,-0.109312,-53.844893,107.8565,1.303328,0.621414,-0.184774,-1.290163,-0.144097,-0.604477
916,156.857,B,2,-1.155468,-53.323908,-0.296408,-54.950710,0.585395,-0.093721,107.7541,-0.043443,107.7332,-0.102189,-0.186764,-53.538456,107.7571,1.416504,0.992179,-0.109645,-1.412254,-0.968704,0.214549
917,157.010,B,2,-0.869370,-54.512449,-0.461563,-54.597362,0.607520,-0.070708,107.2962,-0.045831,107.2903,0.001814,-0.261293,-53.246772,107.2903,1.365358,1.404171,-0.200270,-1.350590,-0.608077,-1.265677
918,157.168,B,2,-1.920678,-53.004369,-0.547016,-54.524050,0.558002,-0.048230,107.6393,0.071165,107.6427,0.040839,-0.332839,-52.955630,107.6342,1.582976,1.588587,-0.214177,-1.568420,-1.587839,-0.048739
919,157.318,B,2,-0.964276,-52.865756,-0.809395,-54.194216,0.584993,-0.006908,107.3332,-0.101299,107.2501,-0.131873,-0.408436,-52.673214,107.2805,1.572964,0.588243,-0.400959,-1.521002,-0.555840,-0.192542
920,157.531,B,2,-0.978160,-51.691637,-0.853511,-53.898103,0.585546,-0.017218,107.0259,-0.014453,107.0112,0.040842,-0.486004,-52.388260,107.0018,1.553926,0.852936,-0.367507,-1.509843,-0.492156,0.696622
921,157.711,B,2,-1.803612,-51.975778,-0.890968,-53.441589,0.621847,-0.039136,106.8012,-0.081840,106.7388,-0.137744,-0.566303,-52.099823,106.7702,1.380487,1.243512,-0.324665,-1.341766,-1.237309,0.124045
922,157.867,B,2,-1.239015,-52.710403,-1.070679,-53.115967,0.634361,-0.016724,106.3334,-0.048319,106.3063,-0.022785,-0.649339,-51.812447,106.3114,1.369924,1.074263,-0.421340,-1.303520,-0.589676,-0.897956
923,158.020,B,2,-1.985258,-50.924302,-1.116741,-52.982943,0.592310,-0.013369,105.7871,-0.110657,105.7454,-0.086771,-0.732045,-51.529417,105.7655,1.503572,1.391657,-0.384696,-1.453526,-1.253213,0.605115
924,158.183,B,2,-1.553356,-51.116389,-1.288872,-52.552465,0.631458,-0.002324,105.2396,-0.112050,105.1955,-0.099502,-0.812372,-51.254624,105.2185,1.382549,0.753768,-0.476500,-1.297840,-0.740984,0.138236
925,158.333,B,2,-1.547376,-51.353848,-1.352309,-52.232059,0.633493,-0.009091,104.5824,-0.117930,104.5410,-0.120936,-0.890634,-50.992000,104.5688,1.323212,0.749829,-0.461675,-1.240059,-0.656742,-0.361848
926,158.486,B,2,-1.731971,-51.176552,-1.401886,-52.012695,0.611406,-0.010889,103.8439,-0.130202,103.8110,-0.135162,-0.967570,-50.740885,103.8414,1.343923,0.879838,-0.434317,-1.271809,-0.764402,-0.435666
927,158.645,B,2,-1.528200,-50.030121,-1.474579,-51.802911,0.591325,-0.006146,103.0415,-0.141942,103.0195,-0.137048,-1.044378,-50.497702,103.0507,1.374279,0.672842,-0.430201,-1.305208,-0.483822,0.467582
928,158.822,B,2,-1.881191,-50.181873,-1.496017,-51.424260,0.608884,-0.023946,102.6625,-0.042536,102.6869,-0.058132,-1.120201,-50.252325,102.6998,1.230719,0.764245,-0.375817,-1.171935,-0.760990,0.070453
929,159.017,B,2,-1.284686,-49.270242,-1.576223,-51.140183,0.606529,-0.019603,101.8795,-0.172848,101.8460,-0.229064,-1.200021,-49.998505,101.8985,1.202063,0.733168,-0.376202,-1.141678,-0.084665,0.728263
930,159.198,B,2,-2.387297,-50.346668,-1.532195,-50.742057,0.623208,-0.050296,100.7715,-0.150720,100.7965,-0.094594,-1.281650,-49.734433,100.8185,1.038305,1.263838,-0.250545,-1.007623,-1.105647,-0.612235
931,159.349,B,2,-2.149419,-49.326920,-1.694283,-50.610067,0.588874,-0.013807,100.4515,-0.069968,100.4470,-0.111996,-1.358133,-49.463766,100.4736,1.194572,0.803032,-0.336150,-1.146301,-0.791286,0.136846
932,159.506,B,2,-1.843078,-49.651507,-1.785440,-50.320245,0.590763,-0.006264,99.4955,-0.172212,99.4661,-0.132629,-1.440679,-49.191565,99.4973,1.180160,0.611122,-0.344761,-1.128680,-0.402398,-0.459941
933,159.668,B,2,-1.394125,-48.364710,-1.804360,-50.142197,0.562712,-0.009646,99.0541,-0.070240,99.0418,-0.104852,-1.516872,-48.923236,99.0658,1.252405,0.571855,-0.287489,-1.218962,0.122747,0.558526
934,159.827,B,2,-1.183614,-48.235084,-1.736343,-49.764922,0.579899,-0.042256,98.2834,-0.117297,98.3010,-0.078256,-1.595046,-48.660089,98.3181,1.113832,0.591528,-0.141297,-1.104834,0.411432,0.425005
935,160.011,B,2,-1.201776,-48.417942,-1.638965,-49.430657,0.584083,-0.074834,97.6794,-0.116298,97.7165,-0.115780,-1.669161,-48.400629,97.7425,1.030470,0.467706,0.030196,-1.030027,0.467385,-0.017312
936,160.193,B,2,-2.627518,-47.551792,-1.559150,-49.189724,0.567296,-0.094485,97.0863,-0.102925,97.1546,-0.101767,-1.741556,-48.140762,97.1773,1.064703,1.063867,0.182406,-1.048962,-0.885962,0.588970
937,160.412,B,2,-1.965072,-47.982806,-1.751025,-48.831029,0.590646,-0.052752,96.4916,-0.097430,96.6014,-0.094847,-1.813562,-47.875456,96.6230,0.957617,0.185686,0.062537,-0.955573,-0.151510,-0.107350
938,160.570,B,2,-2.285861,-47.252477,-1.790983,-48.623985,0.572065,-0.044701,96.0115,-0.090786,96.0766,-0.087770,-1.886303,-47.600881,96.0970,1.027535,0.530124,0.095320,-1.023104,-0.399557,0.348404
939,160.745,B,2,-3.094523,-47.636027,-1.882052,-48.319035,0.578784,-0.028750,95.5313,-0.084135,95.5818,-0.081904,-1.960130,-47.316252,95.6011,1.005818,1.178602,0.078078,-1.002783,-1.134392,-0.319775
940,160.897,B,2,-2.127933,-47.878053,-2.103684,-48.150107,0.571458,0.021704,95.1835,-0.079714,95.1134,-0.077153,-2.034161,-47.024128,95.1317,1.128123,0.859058,-0.069523,-1.125979,-0.093773,-0.853925
941,161.057,B,2,-2.381622,-47.253307,-2.116042,-48.036915,0.517400,0.018648,94.6546,-0.075970,94.6647,-0.076072,-2.106839,-46.729393,94.6823,1.307554,0.591602,-0.009203,-1.307522,-0.274783,-0.523915
942,161.209,B,2,-2.017848,-46.174555,-2.170315,-47.843529,0.502987,0.023913,94.2296,-0.074376,94.2317,-0.072715,-2.177092,-46.436889,94.2488,1.406656,0.306884,0.006777,-1.406640,0.159244,0.262333
943,161.369,B,2,-2.564036,-45.426333,-2.147690,-47.489736,0.525780,0.006355,93.8048,-0.072409,93.8152,-0.072112,-2.245130,-46.148981,93.8315,1.344291,0.789886,0.097440,-1.340755,-0.318906,0.722648
944,161.530,B,2,-2.549771,-46.008191,-2.227237,-47.061750,0.566136,0.013717,93.4051,-0.069094,93.4188,-0.067677,-2.312141,-45.865077,93.4343,1.199681,0.277398,0.084903,-1.196673,-0.237631,-0.143113
945,161.717,B,2,-3.008934,-45.050028,-2.290367,-46.814921,0.558542,0.021592,93.0299,-0.064859,93.0471,-0.063077,-2.379425,-45.582255,93.0615,1.235879,0.824347,0.089058,-1.232666,-0.629509,0.532227
946,161.906,B,2,-2.543304,-45.323076,-2.426002,-46.439112,0.583821,0.043223,92.6888,-0.060143,92.7022,-0.059404,-2.447515,-45.296042,92.7155,1.143272,0.099531,0.021513,-1.143070,-0.095789,-0.027035
947,162.058,B,2,-3.364681,-44.983113,-2.452530,-46.191343,0.587999,0.040749,92.4299,-0.055887,92.3815,-0.053282,-2.515816,-45.002325,92.3940,1.190701,0.849082,0.063286,-1.189018,-0.848865,0.019212
948,162.233,B,2,-2.908468,-45.609710,-2.625795,-45.906090,0.575558,0.071230,92.0747,-0.052347,92.0806,-0.051118,-2.583200,-44.699542,92.0923,1.207299,0.966542,-0.042595,-1.206548,-0.325268,-0.910168
949,162.399,B,2,-2.031506,-44.021966,-2.686028,-45.796975,0.533919,0.075644,91.7896,-0.049927,91.7964,-0.049954,-2.648895,-44.389398,91.8074,1.408067,0.718453,-0.037133,-1.407577,0.617389,0.367432
950,162.582,B,2,-3.384394,-44.802777,-2.575125,-45.422462,0.557306,0.035150,91.4975,-0.047562,91.5299,-0.045027,-2.713070,-44.076156,91.5402,1.353354,0.989269,0.137944,-1.346306,-0.671324,-0.726620
951,162.745,B,2,-3.659358,-43.376895,-2.727287,-45.255811,0.532560,0.065093,91.2557,-0.043229,91.2838,-0.040718,-2.776755,-43.764529,91.2932,1.492103,0.963975,0.049468,-1.491283,-0.882603,0.387633
952,162.923,B,2,-3.397868,-43.707389,-2.904220,-44.862232,0.564599,0.094758,91.0383,-0.038576,91.0595,-0.036594,-2.840977,-43.457272,91.0680,1.406383,0.610480,-0.063242,-1.404960,-0.556891,-0.250117
953,163.112,B,2,-3.326498,-43.598083,-3.004077,-44.597533,0.561207,0.104611,90.8416,-0.034115,90.8559,-0.033150,-2.906046,-43.154567,90.8637,1.446293,0.611136,-0.098031,-1.442966,-0.420452,-0.443516
954,163.281,B,2,-2.545116,-43.305633,-3.073501,-44.361542,0.551018,0.106681,90.6688,-0.029636,90.6703,-0.029677,-2.971416,-42.854365,90.6775,1.510630,0.620786,-0.102084,-1.507177,0.426300,-0.451268
955,163.449,B,2,-2.882561,-42.393305,-2.987850,-44.116309,0.542832,0.071959,90.4914,-0.028372,90.4994,-0.027473,-3.036022,-42.552759,90.5060,1.564292,0.221305,0.048172,-1.563550,0.153460,0.159454
956,163.620,B,2,-3.746180,-43.607631,-2.975747,-43.750251,0.564949,0.058132,90.3307,-0.026501,90.3416,-0.024915,-3.099135,-42.245556,90.3476,1.509745,1.507950,0.123387,-1.504694,-0.647045,-1.362074
957,163.778,B,2,-3.581788,-42.585003,-3.122030,-43.669891,0.517754,0.085649,90.1972,-0.024928,90.1990,-0.024452,-3.160958,-41.931838,90.2044,1.738489,0.776996,0.038928,-1.738053,-0.420831,-0.653165
958,163.928,B,2,-4.346953,-40.459862,-3.214096,-43.422352,0.515353,0.096181,90.0688,-0.022501,90.0740,-0.021560,-3.222190,-41.621228,90.0786,1.801142,1.616745,0.008094,-1.801124,-1.124763,1.161366
959,164.078,B,2,-2.944747,-41.292236,-3.429577,-42.832923,0.594820,0.133358,89.9657,-0.018918,89.9687,-0.016392,-3.283831,-41.316990,89.9725,1.522923,0.339986,-0.145745,-1.515933,0.339084,0.024754
960,164.254,B,2,-4.174958,-40.886482,-3.353790,-42.495042,0.603901,0.098523,89.8590,-0.016037,89.8818,-0.015143,-3.346196,-41.020703,89.8849,1.474358,0.839560,-0.007594,-1.474338,-0.828762,0.134221
961,164.448,B,2,-3.374305,-40.258644,-3.512661,-42.143772,0.615871,0.123627,89.7952,-0.012013,89.8087,-0.011432,-3.408616,-40.733277,89.8114,1.414327,0.475871,-0.104045,-1.410495,0.034311,0.474633
962,164.642,B,2,-4.194656,-40.737298,-3.498938,-41.740987,0.638109,0.104945,89.7241,-0.010954,89.7443,-0.008774,-3.470048,-40.454660,89.7468,1.286652,0.777780,-0.028890,-1.286328,-0.724608,-0.282639
963,164.801,B,2,-4.005536,-40.547402,-3.635482,-41.496645,0.620418,0.124589,89.6802,-0.009010,89.6862,-0.008373,-3.529854,-40.183844,89.6884,1.317044,0.598705,-0.105628,-1.312802,-0.475681,-0.363558
964,164.964,B,2,-3.387132,-40.283266,-3.714504,-41.263974,0.601926,0.128389,89.6376,-0.007702,89.6358,-0.007173,-3.588259,-39.919084,89.6376,1.350803,0.416030,-0.126245,-1.344890,0.201127,-0.364183
965,165.131,B,2,-4.642697,-39.269418,-3.666721,-41.027309,0.586430,0.101774,89.5929,-0.005557,89.5972,-0.004362,-3.646135,-39.658614,89.5984,1.368850,1.069865,-0.020586,-1.368696,-0.996563,0.389196
966,165.292,B,2,-4.090997,-39.884598,-3.853941,-40.650480,0.606143,0.134052,89.5827,-0.003128,89.5738,-0.001244,-3.704292,-39.401489,89.5744,1.257924,0.618818,-0.149649,-1.248991,-0.386705,-0.483109
967,165.460,B,2,-4.795708,-39.009145,-3.909572,-40.452578,0.581011,0.131420,89.5745,-0.001551,89.5651,-0.000545,-3.762856,-39.147946,89.5653,1.312855,1.042137,-0.146716,-1.304631,-1.032852,0.138801
968,165.706,B,2,-4.833305,-39.050860,-4.083303,-40.133511,0.587536,0.157170,89.5846,0.000138,89.5667,0.000410,-3.821113,-38.899175,89.5665,1.261875,1.023495,-0.262190,-1.234336,-1.012193,-0.151685
969,165.911,B,2,-4.205831,-39.168662,-4.234687,-39.879656,0.577809,0.174591,89.5980,0.001239,89.5730,0.002174,-3.878027,-38.656626,89.5727,1.273973,0.607977,-0.356659,-1.223030,-0.327804,-0.512036
970,166.118,B,2,-5.430972,-38.794867,-4.242666,-39.705766,0.564312,0.159876,89.6023,0.002101,89.5812,0.000637,-3.933056,-38.421310,89.5808,1.321245,1.543793,-0.309609,-1.284457,-1.497916,-0.373557
971,166.299,B,2,-4.239248,-37.687558,-4.476678,-39.477752,0.538910,0.193636,89.6297,0.002101,89.5927,0.001787,-3.986498,-38.193406,89.5921,1.374708,0.565478,-0.490180,-1.284346,-0.252750,0.505848
972,166.460,B,2,-5.452104,-38.215660,-4.451638,-39.099847,0.564324,0.165166,89.6325,0.003675,89.6114,0.003652,-4.039178,-37.972098,89.6104,1.200809,1.433766,-0.412460,-1.127749,-1.412927,-0.243562
973,166.616,B,2,-3.756769,-37.193335,-4.649458,-38.884414,0.548033,0.192614,89.6687,0.005096,89.6405,0.006038,-4.091739,-37.755752,89.6391,1.258940,0.654612,-0.557719,-1.128663,0.334970,0.562416
974,166.799,B,2,-3.433041,-37.810362,-4.502254,-38.535238,0.580106,0.138783,89.6729,0.007046,89.6798,0.008271,-4.144104,-37.542640,89.6780,1.055236,0.759793,-0.358150,-0.992598,0.711062,-0.267722
975,166.956,B,2,-4.729506,-36.269015,-4.322182,-38.337296,0.545107,0.076196,89.7036,0.007496,89.7254,0.008461,-4.195546,-37.331742,89.7235,1.013497,1.189328,-0.126636,-1.005554,-0.533960,1.062726
976,167.127,B,2,-5.006487,-37.188967,-4.401448,-37.922137,0.594151,0.088785,89.7385,0.008459,89.7728,0.007304,-4.245233,-37.123114,89.7709,0.814150,0.764097,-0.156215,-0.799023,-0.761254,-0.065853
977,167.302,B,2,-5.007790,-37.481181,-4.521230,-37.723554,0.557433,0.105076,89.8036,0.008021,89.8197,0.008608,-4.292842,-36.917754,89.8178,0.837540,0.910275,-0.228387,-0.805800,-0.714947,-0.563427
978,167.466,B,2,-4.475727,-37.257097,-4.619712,-37.625885,0.514180,0.115910,89.8595,0.008124,89.8678,0.008485,-4.338784,-36.717036,89.8658,0.951277,0.557152,-0.280928,-0.908849,-0.136943,-0.540060
979,167.634,B,2,-5.233527,-36.500905,-4.604535,-37.509349,0.480656,0.098661,89.9072,0.009221,89.9202,0.009744,-4.383814,-36.522079,89.9180,1.011642,0.849978,-0.220721,-0.987270,-0.849714,0.021174
980,167.800,B,2,-4.501312,-35.675635,-4.728489,-37.279623,0.477754,0.116422,89.9705,0.010053,89.9789,0.009841,-4.428399,-36.333259,89.9764,0.992804,0.661654,-0.300090,-0.946364,-0.072914,0.657624
981,167.958,B,2,-4.515878,-35.818641,-4.698314,-36.941664,0.500955,0.095716,90.0208,0.010330,90.0425,0.011228,-4.472344,-36.149937,90.0399,0.823343,0.334144,-0.225970,-0.791727,-0.043534,0.331296
982,168.117,B,2,-4.895177,-35.641064,-4.672708,-36.699282,0.511466,0.080420,90.0618,0.009597,90.1075,0.010518,-4.514971,-35.970652,90.1049,0.745508,0.503175,-0.157737,-0.728630,-0.380206,0.329588
983,168.281,B,2,-4.436831,-36.048991,-4.721507,-36.453067,0.496440,0.080465,90.1378,0.010882,90.1709,0.010113,-4.555686,-35.793807,90.1685,0.679794,0.281506,-0.165821,-0.659260,0.118855,-0.255184
984,168.451,B,2,-5.364893,-36.450943,-4.677086,-36.331083,0.466350,0.060371,90.1949,0.010799,90.2323,0.011649,-4.594446,-35.618394,90.2298,0.717465,1.134340,-0.082640,-0.712689,-0.770447,-0.832549
985,168.645,B,2,-5.292000,-35.442907,-4.809151,-36.308287,0.416318,0.084420,90.2731,0.011550,90.2941,0.012412,-4.631786,-35.444364,90.2916,0.881941,0.660215,-0.177365,-0.863923,-0.660213,0.001457
986,168.828,B,2,-4.868342,-35.105062,-4.905855,-36.110024,0.413838,0.097237,90.3496,0.012366,90.3598,0.013270,-4.668424,-35.272568,90.3570,0.870463,0.260818,-0.237431,-0.837456,-0.199919,0.167506
987,168.976,B,2,-4.764742,-35.643198,-4.908639,-35.886607,0.417595,0.086230,90.4261,0.014413,90.4301,0.012464,-4.704703,-35.104321,90.4272,0.808431,0.542211,-0.203936,-0.782285,-0.060039,-0.538877
988,169.127,B,2,-5.503850,-35.248402,-4.890974,-35.802071,0.387993,0.071698,90.5002,0.013459,90.5031,0.012577,-4.740368,-34.940825,90.5002,0.874316,0.823109,-0.150606,-0.861247,-0.763482,-0.307577
989,169.289,B,2,-4.840078,-34.935380,-5.010083,-35.663850,0.374741,0.091241,90.5776,0.012060,90.5753,0.011363,-4.774823,-34.782623,90.5725,0.912090,0.166111,-0.235260,-0.881227,-0.065255,-0.152757
990,169.461,B,2,-4.542289,-35.301694,-4.988241,-35.495000,0.370200,0.074995,90.6427,0.011541,90.6440,0.010293,-4.807686,-34.628566,90.6414,0.885047,0.723558,-0.180555,-0.866434,0.265397,-0.673128
991,169.619,B,2,-5.073588,-34.424403,-4.914534,-35.424223,0.342884,0.048470,90.7000,0.010476,90.7058,0.010767,-4.839463,-34.468764,90.7034,0.958404,0.238290,-0.075071,-0.955459,-0.234125,0.044361
992,169.769,B,2,-5.459346,-33.675124,-4.948641,-35.209014,0.353192,0.050411,90.7577,0.009803,90.7635,0.010919,-4.870823,-34.300853,90.7613,0.911489,0.859009,-0.077818,-0.908161,-0.588523,0.625729
993,169.946,B,2,-4.599901,-34.133094,-5.047092,-34.895571,0.385701,0.067139,90.8194,0.010187,90.8203,0.008865,-4.902240,-34.126568,90.8181,0.782527,0.302409,-0.144852,-0.769003,0.302339,-0.006526
994,170.136,B,2,-5.280878,-33.962307,-4.972580,-34.719627,0.381423,0.041080,90.8703,0.009758,90.8778,0.008713,-4.933722,-33.951209,90.8755,0.769400,0.347333,-0.038858,-0.768418,-0.347156,-0.011098
995,170.305,B,2,-5.309839,-33.958594,-5.033314,-34.545037,0.377627,0.050137,90.9309,0.010397,90.9364,0.009761,-4.964673,-33.784654,90.9340,0.763475,0.386515,-0.068641,-0.760383,-0.345165,-0.173940
996,170.465,B,2,-4.744151,-33.406040,-5.089153,-34.401977,0.366813,0.056996,90.9918,0.009925,90.9946,0.009823,-4.994891,-33.626020,90.9923,0.781661,0.333560,-0.094262,-0.775957,0.250741,0.219980
997,170.623,B,2,-5.134667,-32.125730,-5.032390,-34.185332,0.374427,0.036103,91.0485,0.010735,91.0530,0.009920,-5.024456,-33.472082,91.0506,0.713294,1.350855,-0.007934,-0.713250,-0.110211,1.346352
998,170.778,B,2,-5.024796,-33.998844,-5.055222,-33.774075,0.427502,0.035908,91.1098,0.011032,91.1139,0.010984,-5.053662,-33.319100,91.1113,0.454978,0.680357,-0.001561,-0.454976,0.028866,-0.679745
999,170.945,B,2,-5.353221,-33.102567,-5.053935,-33.774036,0.376699,0.031277,91.1739,0.011339,91.1799,0.012545,-5.082827,-33.164447,91.1772,0.610273,0.277384,0.028892,-0.609589,-0.270394,0.061880
1000,171.100,B,2,-5.039553,-33.010139,-5.112269,-33.615535,0.369711,0.040768,91.2427,0.011096,91.2523,0.012459,-5.112100,-33.007804,91.2493,0.607731,0.072584,-0.000169,-0.607731,0.072547,-0.002335
1001,171.306,B,2,-5.573935,-32.797679,-5.103738,-33.469757,0.360296,0.033287,91.3099,0.011738,91.3300,0.010642,-5.141408,-32.851233,91.3268,0.619670,0.435831,0.037669,-0.618524,-0.432528,0.053554
1002,171.512,B,2,-5.566009,-32.624365,-5.193462,-33.312773,0.355064,0.049903,91.3832,0.011958,91.4104,0.011766,-5.170580,-32.698308,91.4072,0.614890,0.402283,-0.022882,-0.614464,-0.395429,0.073943
1003,171.699,B,2,-5.378152,-33.012196,-5.267025,-33.153329,0.350985,0.060658,91.4639,0.013493,91.4911,0.013332,-5.199530,-32.552390,91.4879,0.604717,0.493282,-0.067494,-0.600938,-0.178622,-0.459806
1004,171.852,B,2,-5.155092,-32.344716,-5.292601,-33.100623,0.330054,0.060725,91.5304,0.014254,91.5710,0.015413,-5.228355,-32.414948,91.5679,0.688679,0.101489,-0.064247,-0.685675,0.073263,0.070232
1005,172.019,B,2,-5.682703,-32.806903,-5.275138,-32.926795,0.324948,0.047005,91.6322,0.015034,91.6506,0.016268,-5.257290,-32.285173,91.6474,0.641870,0.673185,-0.017848,-0.641621,-0.425413,-0.521729
1006,172.185,B,2,-6.183664,-31.856698,-5.354796,-32.873904,0.299275,0.059932,91.7302,0.016386,91.7412,0.014520,-5.286533,-32.160481,91.7281,0.716681,0.947168,-0.068262,-0.713423,-0.897131,0.303783
1007,172.324,B,2,-5.802235,-32.429533,-5.510427,-32.666500,0.321619,0.090699,91.8103,0.016603,91.8146,0.015437,-5.316070,-32.037389,91.8113,0.658449,0.624607,-0.194357,-0.629111,-0.486166,-0.392144
1008,172.490,B,2,-6.038880,-31.474040,-5.575185,-32.586936,0.295152,0.092598,91.9230,0.015119,91.9009,0.016544,-5.345697,-31.913025,91.8974,0.711913,0.820494,-0.229488,-0.673911,-0.693183,0.438985
1009,172.672,B,2,-5.018806,-31.871356,-5.666895,-32.363568,0.322083,0.104675,91.9885,0.014693,91.9898,0.014211,-5.375255,-31.786509,91.9862,0.646568,0.366409,-0.291640,-0.577059,0.356450,-0.084847
1010,172.863,B,2,-6.630499,-32.611424,-5.561521,-32.238878,0.305557,0.063917,92.0802,0.014268,92.0809,0.016059,-5.404777,-31.659299,92.0772,0.600400,1.552075,-0.156743,-0.579579,-1.225721,-0.952125
1011,173.042,B,2,-6.129193,-30.980590,-5.763390,-32.277594,0.261492,0.104248,92.1744,0.014636,92.1734,0.013572,-5.434422,-31.534534,92.1697,0.812624,0.888572,-0.328968,-0.743060,-0.694771,0.553944
1012,173.201,B,2,-5.460276,-31.220556,-5.838599,-32.022564,0.298668,0.110503,92.2427,0.015410,92.2663,0.016603,-5.464257,-31.415446,92.2625,0.713249,0.194931,-0.374342,-0.607118,0.003981,0.194890
1013,173.356,B,2,-6.114138,-31.150109,-5.783103,-31.844073,0.298526,0.080252,92.3507,0.016286,92.3583,0.015265,-5.494135,-31.303741,92.3547,0.612749,0.638754,-0.288968,-0.540332,-0.620003,0.153631
1014,173.506,B,2,-5.374197,-31.319041,-5.850292,-31.695456,0.306309,0.087548,92.4263,0.016326,92.4489,0.017847,-5.523756,-31.199099,92.4453,0.594135,0.191713,-0.326536,-0.496357,0.149559,-0.119942
1015,173.682,B,2,-5.809757,-30.489183,-5.774729,-31.593490,0.286576,0.056408,92.5332,0.016051,92.5379,0.016021,-5.552824,-31.099400,92.5344,0.541633,0.662101,-0.221904,-0.494090,-0.256933,0.610216
1016,173.853,B,2,-5.989608,-30.969166,-5.787792,-31.365122,0.306675,0.050772,92.6195,0.015460,92.6260,0.015010,-5.581239,-31.001384,92.6224,0.418294,0.409638,-0.206553,-0.363738,-0.408369,0.032218
1017,174.032,B,2,-6.205977,-31.000797,-5.830823,-31.263733,0.294605,0.053947,92.7106,0.015520,92.7143,0.014036,-5.609189,-30.902092,92.7107,0.424153,0.604895,-0.221634,-0.361641,-0.596788,-0.098705
1018,174.216,B,2,-6.510893,-31.959485,-5.905715,-31.187809,0.278270,0.064492,92.8044,0.016305,92.8041,0.014988,-5.637011,-30.800311,92.8005,0.471547,1.451673,-0.268704,-0.387498,-0.873882,-1.159174
1019,174.383,B,2,-5.978391,-30.573653,-6.023473,-31.301972,0.219327,0.085753,92.9053,0.016526,92.8958,0.016563,-5.664906,-30.697041,92.8921,0.703215,0.336894,-0.358567,-0.604931,-0.313485,0.123388
1020,174.550,B,2,-5.939298,-30.940969,-6.024594,-31.148670,0.229580,0.074237,92.9964,0.015904,92.9876,0.016847,-5.692683,-30.594977,92.9839,0.645555,0.424888,-0.331910,-0.553693,-0.246615,-0.345992
1021,174.723,B,2,-5.894294,-31.392066,-6.017350,-31.089178,0.216318,0.063031,93.0866,0.015706,93.0769,0.014978,-5.719790,-30.497119,93.0734,0.662628,0.911802,-0.297559,-0.592059,-0.174503,-0.894948
1022,174.890,B,2,-6.118559,-31.023638,-6.002095,-31.123931,0.182227,0.052262,93.1690,0.013981,93.1619,0.011705,-5.745655,-30.405317,93.1586,0.762999,0.722065,-0.256440,-0.718613,-0.372904,-0.618320
1023,175.051,B,2,-5.492394,-30.816834,-6.029310,-31.088462,0.169282,0.052062,93.2433,0.012367,93.2421,0.012711,-5.770008,-30.319654,93.2390,0.811359,0.569436,-0.259302,-0.768808,0.277614,-0.497180
1024,175.216,B,2,-6.065487,-29.280949,-5.937413,-31.022969,0.163608,0.023320,93.3054,0.011178,93.3187,0.011212,-5.793006,-30.238429,93.3157,0.797720,0.995496,-0.144407,-0.784540,-0.272481,0.957480
1025,175.411,B,2,-6.256147,-30.109203,-5.963964,-30.689973,0.223318,0.022827,93.3658,0.010545,93.3937,0.011001,-5.815140,-30.158689,93.3907,0.551735,0.443775,-0.148823,-0.531284,-0.441007,0.049487
1026,175.607,B,2,-6.047079,-30.634896,-6.020686,-30.562877,0.227566,0.031944,93.4373,0.012145,93.4687,0.012187,-5.836887,-30.077572,93.4657,0.518944,0.595643,-0.183798,-0.485305,-0.210192,-0.557324
